datetime,count
2011-01-20 00:00:00,1050.2064
2011-01-20 01:00:00,1137.1185
2011-01-20 02:00:00,1138.6759
2011-01-20 03:00:00,1077.5963
2011-01-20 04:00:00,1078.3297
2011-01-20 05:00:00,1149.1392
2011-01-20 06:00:00,1153.2999
2011-01-20 07:00:00,1049.7311
2011-01-20 08:00:00,1034.4392
2011-01-20 09:00:00,981.1381
2011-01-20 10:00:00,887.90137
2011-01-20 11:00:00,844.7576
2011-01-20 12:00:00,833.8373
2011-01-20 13:00:00,863.8587
2011-01-20 14:00:00,852.5836
2011-01-20 15:00:00,841.68634
2011-01-20 16:00:00,936.0253
2011-01-20 17:00:00,949.0131
2011-01-20 18:00:00,1074.1749
2011-01-20 19:00:00,1057.9916
2011-01-20 20:00:00,1140.6669
2011-01-20 21:00:00,1153.424
2011-01-20 22:00:00,1251.3422
2011-01-20 23:00:00,1247.8754
2011-01-21 00:00:00,1335.5726
2011-01-21 01:00:00,1336.8383
2011-01-21 02:00:00,1453.338
2011-01-21 03:00:00,1527.8069
2011-01-21 04:00:00,1726.4304
2011-01-21 05:00:00,1172.0892
2011-01-21 06:00:00,1038.4971
2011-01-21 07:00:00,964.84576
2011-01-21 08:00:00,908.4534
2011-01-21 09:00:00,1002.60126
2011-01-21 10:00:00,1017.5889
2011-01-21 11:00:00,927.23883
2011-01-21 12:00:00,1021.2463
2011-01-21 13:00:00,2415.572
2011-01-21 14:00:00,634.5667
2011-01-21 15:00:00,533.1487
2011-01-21 16:00:00,690.7172
2011-01-21 17:00:00,712.00604
2011-01-21 18:00:00,643.0982
2011-01-21 19:00:00,730.86127
2011-01-21 20:00:00,856.28436
2011-01-21 21:00:00,855.201
2011-01-21 22:00:00,1016.6744
2011-01-21 23:00:00,920.5921
2011-01-22 00:00:00,917.33624
2011-01-22 01:00:00,1024.4811
2011-01-22 02:00:00,864.6331
2011-01-22 03:00:00,895.52045
2011-01-22 04:00:00,1009.8453
2011-01-22 06:00:00,907.4947
2011-01-22 07:00:00,937.33185
2011-01-22 08:00:00,968.2209
2011-01-22 09:00:00,879.31976
2011-01-22 10:00:00,839.909
2011-01-22 11:00:00,762.643
2011-01-22 12:00:00,751.02057
2011-01-22 13:00:00,725.3305
2011-01-22 14:00:00,653.318
2011-01-22 15:00:00,582.45416
2011-01-22 16:00:00,544.4173
2011-01-22 17:00:00,582.7333
2011-01-22 18:00:00,723.34814
2011-01-22 19:00:00,702.8504
2011-01-22 20:00:00,920.60425
2011-01-22 21:00:00,827.37006
2011-01-22 22:00:00,1016.4345
2011-01-22 23:00:00,1165.3812
2011-01-23 00:00:00,1161.9963
2011-01-23 01:00:00,1162.5978
2011-01-23 02:00:00,1264.1252
2011-01-23 03:00:00,1264.1677
2011-01-23 05:00:00,1156.3234
2011-01-23 06:00:00,1156.594
2011-01-23 07:00:00,1141.5193
2011-01-23 08:00:00,1239.9359
2011-01-23 09:00:00,1157.5153
2011-01-23 10:00:00,1000.1026
2011-01-23 11:00:00,836.0164
2011-01-23 12:00:00,876.01166
2011-01-23 13:00:00,768.77094
2011-01-23 14:00:00,672.14325
2011-01-23 15:00:00,674.986
2011-01-23 16:00:00,636.33154
2011-01-23 17:00:00,682.34174
2011-01-23 18:00:00,632.21564
2011-01-23 19:00:00,660.52893
2011-01-23 20:00:00,759.77045
2011-01-23 21:00:00,728.21075
2011-01-23 22:00:00,786.87317
2011-01-23 23:00:00,893.67816
2011-01-24 00:00:00,820.93036
2011-01-24 01:00:00,893.7029
2011-01-24 03:00:00,927.8588
2011-01-24 04:00:00,957.9372
2011-01-24 05:00:00,958.284
2011-01-24 06:00:00,973.37085
2011-01-24 07:00:00,1007.8449
2011-01-24 08:00:00,1020.8161
2011-01-24 09:00:00,837.25995
2011-01-24 10:00:00,854.20856
2011-01-24 11:00:00,901.0549
2011-01-24 12:00:00,814.3272
2011-01-24 13:00:00,836.09314
2011-01-24 14:00:00,896.57733
2011-01-24 15:00:00,774.0579
2011-01-24 16:00:00,913.78534
2011-01-24 17:00:00,1001.1003
2011-01-24 18:00:00,1160.6156
2011-01-24 19:00:00,1073.5443
2011-01-24 20:00:00,1165.2222
2011-01-24 21:00:00,1244.9465
2011-01-24 22:00:00,1249.4574
2011-01-24 23:00:00,1267.2754
2011-01-25 00:00:00,1342.8658
2011-01-25 01:00:00,1328.1024
2011-01-25 02:00:00,1324.7377
2011-01-25 04:00:00,1478.5487
2011-01-25 05:00:00,1438.0826
2011-01-25 06:00:00,1469.4126
2011-01-25 07:00:00,1430.1241
2011-01-25 08:00:00,1448.8473
2011-01-25 09:00:00,1266.2162
2011-01-25 10:00:00,1186.5839
2011-01-25 11:00:00,1174.1908
2011-01-25 12:00:00,1105.0565
2011-01-25 13:00:00,1087.2577
2011-01-25 14:00:00,905.84503
2011-01-25 15:00:00,828.8486
2011-01-25 16:00:00,829.0849
2011-01-25 17:00:00,920.25464
2011-01-25 18:00:00,955.9594
2011-01-25 19:00:00,1272.4286
2011-01-25 20:00:00,1276.2477
2011-01-25 21:00:00,1277.101
2011-01-25 22:00:00,1266.9755
2011-01-25 23:00:00,1261.1876
2011-01-26 00:00:00,1342.4108
2011-01-26 01:00:00,1268.3905
2011-01-26 02:00:00,1329.4108
2011-01-26 05:00:00,1647.7917
2011-01-26 06:00:00,1649.1068
2011-01-26 07:00:00,1664.1466
2011-01-26 08:00:00,1666.3634
2011-01-26 09:00:00,1668.5802
2011-01-26 10:00:00,1782.6559
2011-01-26 11:00:00,1793.5287
2011-01-26 12:00:00,1794.9303
2011-01-26 13:00:00,1796.5795
2011-01-26 14:00:00,1809.8134
2011-01-26 15:00:00,1875.2711
2011-01-26 16:00:00,1802.1193
2011-01-26 17:00:00,1824.7549
2011-01-27 16:00:00,1066.1979
2011-01-27 17:00:00,1095.351
2011-01-27 18:00:00,1384.6052
2011-01-27 19:00:00,1386.1276
2011-01-27 20:00:00,1482.6437
2011-01-27 21:00:00,1484.087
2011-01-27 22:00:00,1485.6093
2011-01-27 23:00:00,1587.215
2011-01-28 00:00:00,1461.2687
2011-01-28 01:00:00,1462.1827
2011-01-28 02:00:00,1455.4208
2011-01-28 03:00:00,1474.4227
2011-01-28 05:00:00,1582.7699
2011-01-28 06:00:00,1569.2123
2011-01-28 07:00:00,1730.7347
2011-01-28 08:00:00,1730.3231
2011-01-28 09:00:00,1714.6913
2011-01-28 10:00:00,1705.2487
2011-01-28 11:00:00,1858.472
2011-01-28 12:00:00,1858.0604
2011-01-28 13:00:00,1857.6497
2011-01-28 14:00:00,1619.059
2011-01-28 15:00:00,1759.4735
2011-01-28 16:00:00,1633.6569
2011-01-28 17:00:00,1492.5337
2011-01-28 18:00:00,1478.7062
2011-01-28 19:00:00,1489.6781
2011-01-28 20:00:00,1375.4437
2011-01-28 21:00:00,1489.0333
2011-01-28 22:00:00,1251.372
2011-01-28 23:00:00,1168.4069
2011-01-29 00:00:00,1230.5233
2011-01-29 01:00:00,1243.4144
2011-01-29 02:00:00,1251.2186
2011-01-29 03:00:00,1256.4833
2011-01-29 04:00:00,1367.922
2011-01-29 06:00:00,1257.2452
2011-01-29 07:00:00,1166.4979
2011-01-29 08:00:00,1077.9163
2011-01-29 09:00:00,1176.6825
2011-01-29 10:00:00,1266.2919
2011-01-29 11:00:00,1259.4161
2011-01-29 12:00:00,1149.4388
2011-01-29 13:00:00,1067.0519
2011-01-29 14:00:00,1184.3026
2011-01-29 15:00:00,1346.5829
2011-01-29 16:00:00,1180.6011
2011-01-29 17:00:00,1245.976
2011-01-29 18:00:00,1378.5917
2011-01-29 19:00:00,1344.7292
2011-01-29 20:00:00,1487.3724
2011-01-29 21:00:00,1488.8214
2011-01-29 22:00:00,1611.2137
2011-01-29 23:00:00,1612.214
2011-01-30 00:00:00,1610.9904
2011-01-30 01:00:00,1672.1602
2011-01-30 02:00:00,1663.6296
2011-01-30 03:00:00,1955.8217
2011-01-30 04:00:00,1955.6696
2011-01-30 05:00:00,1802.2175
2011-01-30 07:00:00,1801.299
2011-01-30 08:00:00,1793.2137
2011-01-30 09:00:00,1653.3287
2011-01-30 10:00:00,1644.9913
2011-01-30 11:00:00,1534.1392
2011-01-30 12:00:00,1025.4811
2011-01-30 13:00:00,1218.626
2011-01-30 14:00:00,1224.9026
2011-01-30 15:00:00,1160.4664
2011-01-30 16:00:00,1161.2762
2011-01-30 17:00:00,1076.8055
2011-01-30 18:00:00,1285.5814
2011-01-30 19:00:00,1274.9735
2011-01-30 20:00:00,1301.5399
2011-01-30 21:00:00,1387.1945
2011-01-30 22:00:00,1380.5863
2011-01-30 23:00:00,1255.0865
2011-01-31 00:00:00,1240.8636
2011-01-31 01:00:00,1220.7014
2011-01-31 02:00:00,1242.1782
2011-01-31 03:00:00,1243.0856
2011-01-31 04:00:00,1132.6644
2011-01-31 05:00:00,1244.0962
2011-01-31 06:00:00,1379.5219
2011-01-31 07:00:00,1263.4232
2011-01-31 08:00:00,1167.1045
2011-01-31 09:00:00,1173.5413
2011-01-31 10:00:00,1143.0515
2011-01-31 11:00:00,1145.4679
2011-01-31 12:00:00,1087.0966
2011-01-31 13:00:00,1199.1107
2011-01-31 14:00:00,1080.2858
2011-01-31 15:00:00,1160.7756
2011-01-31 16:00:00,1092.846
2011-01-31 17:00:00,1160.0245
2011-01-31 18:00:00,1073.8419
2011-01-31 19:00:00,1216.0365
2011-01-31 20:00:00,1163.6038
2011-01-31 21:00:00,1175.5062
2011-01-31 22:00:00,1176.5726
2011-01-31 23:00:00,1281.3759
2011-02-20 00:00:00,811.5669
2011-02-20 01:00:00,867.9277
2011-02-20 02:00:00,981.43646
2011-02-20 03:00:00,1005.8841
2011-02-20 04:00:00,1006.563
2011-02-20 06:00:00,890.3145
2011-02-20 07:00:00,973.2428
2011-02-20 08:00:00,1011.08545
2011-02-20 09:00:00,878.51447
2011-02-20 10:00:00,763.7928
2011-02-20 11:00:00,617.3969
2011-02-20 12:00:00,614.2549
2011-02-20 13:00:00,631.72156
2011-02-20 14:00:00,1830.635
2011-02-20 15:00:00,1710.586
2011-02-20 16:00:00,1168.9415
2011-02-20 17:00:00,659.91315
2011-02-20 18:00:00,673.53906
2011-02-20 19:00:00,674.36145
2011-02-20 20:00:00,818.06586
2011-02-20 21:00:00,1090.594
2011-02-20 22:00:00,1086.2878
2011-02-20 23:00:00,1189.4784
2011-02-21 00:00:00,731.35364
2011-02-21 01:00:00,732.7179
2011-02-21 02:00:00,734.06476
2011-02-21 03:00:00,746.45355
2011-02-21 04:00:00,847.4807
2011-02-21 05:00:00,667.24713
2011-02-21 06:00:00,7293.9067
2011-02-21 07:00:00,7056.9663
2011-02-21 08:00:00,1055.3188
2011-02-21 09:00:00,1060.1979
2011-02-21 10:00:00,1068.4576
2011-02-21 11:00:00,1115.4288
2011-02-21 12:00:00,1269.595
2011-02-21 13:00:00,1540.9586
2011-02-21 14:00:00,1463.548
2011-02-21 15:00:00,1324.483
2011-02-21 16:00:00,1431.4437
2011-02-21 17:00:00,1421.2809
2011-02-21 18:00:00,1697.1029
2011-02-21 19:00:00,1698.0717
2011-02-21 20:00:00,1579.0198
2011-02-21 21:00:00,1504.2704
2011-02-21 22:00:00,1517.475
2011-02-21 23:00:00,1518.0109
2011-02-22 06:00:00,1571.5028
2011-02-22 07:00:00,1573.0079
2011-02-22 08:00:00,1565.4454
2011-02-22 09:00:00,1447.6898
2011-02-22 10:00:00,1421.5714
2011-02-22 11:00:00,1304.8588
2011-02-22 12:00:00,1176.4921
2011-02-22 13:00:00,1069.9803
2011-02-22 14:00:00,1064.3993
2011-02-22 15:00:00,916.36804
2011-02-22 16:00:00,988.7459
2011-02-22 17:00:00,978.6493
2011-02-22 18:00:00,914.79126
2011-02-22 19:00:00,900.3481
2011-02-22 20:00:00,902.2818
2011-02-22 21:00:00,898.1337
2011-02-22 22:00:00,843.0289
2011-02-22 23:00:00,844.0037
2011-02-23 00:00:00,955.26605
2011-02-23 01:00:00,884.79407
2011-02-23 02:00:00,965.3795
2011-02-23 03:00:00,959.12994
2011-02-23 05:00:00,977.91327
2011-02-23 06:00:00,979.326
2011-02-23 07:00:00,1053.5365
2011-02-23 08:00:00,1048.8776
2011-02-23 09:00:00,1014.5466
2011-02-23 10:00:00,818.80426
2011-02-23 11:00:00,790.2641
2011-02-23 12:00:00,672.4432
2011-02-23 13:00:00,584.8205
2011-02-23 14:00:00,678.1518
2011-02-23 15:00:00,1928.712
2011-02-23 16:00:00,1828.2885
2011-02-23 17:00:00,1935.2599
2011-02-23 18:00:00,1254.8365
2011-02-23 19:00:00,625.10486
2011-02-23 20:00:00,1178.5453
2011-02-23 21:00:00,993.4233
2011-02-23 22:00:00,994.25336
2011-02-23 23:00:00,1105.8243
2011-02-24 00:00:00,1087.485
2011-02-24 01:00:00,1188.8944
2011-02-24 02:00:00,1262.5746
2011-02-24 03:00:00,1251.8717
2011-02-24 05:00:00,1353.4921
2011-02-24 06:00:00,1339.5437
2011-02-24 07:00:00,1401.2474
2011-02-24 08:00:00,1363.3243
2011-02-24 09:00:00,1439.935
2011-02-24 10:00:00,1335.0708
2011-02-24 11:00:00,1044.145
2011-02-24 12:00:00,953.52423
2011-02-24 13:00:00,998.671
2011-02-24 14:00:00,926.9305
2011-02-24 15:00:00,979.7884
2011-02-24 16:00:00,1153.2723
2011-02-24 17:00:00,1256.0659
2011-02-24 18:00:00,1675.3704
2011-02-24 19:00:00,1805.4628
2011-02-24 20:00:00,1793.3337
2011-02-24 21:00:00,1679.1749
2011-02-24 22:00:00,1684.1178
2011-02-24 23:00:00,1837.2667
2011-02-25 00:00:00,1873.9781
2011-02-25 01:00:00,2028.9164
2011-02-25 02:00:00,2028.9965
2011-02-25 03:00:00,1841.2933
2011-02-25 05:00:00,1844.324
2011-02-25 06:00:00,1847.4147
2011-02-25 07:00:00,1970.8907
2011-02-25 08:00:00,1840.4907
2011-02-25 09:00:00,1772.4987
2011-02-25 10:00:00,1787.3098
2011-02-25 11:00:00,1405.6704
2011-02-25 12:00:00,1116.1066
2011-02-25 13:00:00,1118.1036
2011-02-25 14:00:00,1545.3507
2011-02-25 15:00:00,4857.274
2011-02-25 16:00:00,909.39655
2011-02-25 17:00:00,1222.6887
2011-02-25 18:00:00,940.94696
2011-02-25 19:00:00,969.75946
2011-02-25 20:00:00,1161.5336
2011-02-25 21:00:00,885.9961
2011-02-25 22:00:00,966.76587
2011-02-25 23:00:00,899.74896
2011-02-26 00:00:00,989.3632
2011-02-26 01:00:00,963.07916
2011-02-26 02:00:00,1152.8888
2011-02-26 03:00:00,1078.2267
2011-02-26 04:00:00,1192.1411
2011-02-26 05:00:00,1265.0746
2011-02-26 06:00:00,1226.0443
2011-02-26 07:00:00,1202.8203
2011-02-26 08:00:00,1226.841
2011-02-26 09:00:00,1078.3201
2011-02-26 10:00:00,937.8942
2011-02-26 11:00:00,925.28815
2011-02-26 12:00:00,848.4925
2011-02-26 13:00:00,783.61383
2011-02-26 14:00:00,779.11664
2011-02-26 15:00:00,758.1735
2011-02-26 16:00:00,855.8491
2011-02-26 17:00:00,807.2669
2011-02-26 18:00:00,872.5451
2011-02-26 19:00:00,918.7575
2011-02-26 20:00:00,1090.6449
2011-02-26 21:00:00,1257.2894
2011-02-26 22:00:00,1474.9526
2011-02-26 23:00:00,1463.4249
2011-02-27 00:00:00,1662.9746
2011-02-27 01:00:00,1700.4258
2011-02-27 02:00:00,1717.4037
2011-02-27 03:00:00,1732.3344
2011-02-27 04:00:00,1716.9672
2011-02-27 06:00:00,1784.9298
2011-02-27 07:00:00,1720.8593
2011-02-27 08:00:00,1779.1691
2011-02-27 09:00:00,1742.4119
2011-02-27 10:00:00,1608.991
2011-02-27 11:00:00,1218.3595
2011-02-27 12:00:00,1065.9208
2011-02-27 13:00:00,896.9934
2011-02-27 14:00:00,875.79425
2011-02-27 15:00:00,819.16156
2011-02-27 16:00:00,848.639
2011-02-27 17:00:00,1031.1322
2011-02-27 18:00:00,1036.8209
2011-02-27 19:00:00,1056.3591
2011-02-27 20:00:00,1069.6818
2011-02-27 21:00:00,1210.0831
2011-02-27 22:00:00,1227.8501
2011-02-27 23:00:00,1203.0835
2011-02-28 00:00:00,1290.5135
2011-02-28 01:00:00,1636.4283
2011-02-28 03:00:00,1819.1771
2011-02-28 05:00:00,1882.7179
2011-02-28 06:00:00,1907.5558
2011-02-28 07:00:00,1855.2311
2011-02-28 08:00:00,1799.4745
2011-02-28 09:00:00,1562.5245
2011-02-28 10:00:00,1286.1449
2011-02-28 11:00:00,1180.9865
2011-02-28 12:00:00,1181.7815
2011-02-28 13:00:00,1823.7589
2011-02-28 14:00:00,1925.7543
2011-02-28 15:00:00,1926.4949
2011-02-28 16:00:00,1994.4927
2011-02-28 17:00:00,1931.2109
2011-02-28 18:00:00,1840.3314
2011-02-28 19:00:00,1626.6542
2011-02-28 20:00:00,1627.5226
2011-02-28 21:00:00,1648.2318
2011-02-28 22:00:00,1770.3468
2011-02-28 23:00:00,1540.2311
2011-03-20 00:00:00,866.37604
2011-03-20 01:00:00,955.93353
2011-03-20 02:00:00,959.1229
2011-03-20 03:00:00,1050.4485
2011-03-20 04:00:00,1063.5311
2011-03-20 05:00:00,1157.6975
2011-03-20 06:00:00,1149.9633
2011-03-20 07:00:00,1155.037
2011-03-20 08:00:00,1084.3507
2011-03-20 09:00:00,1009.984
2011-03-20 10:00:00,904.23413
2011-03-20 11:00:00,729.85455
2011-03-20 12:00:00,744.9362
2011-03-20 13:00:00,693.56525
2011-03-20 14:00:00,1656.1757
2011-03-20 15:00:00,1353.777
2011-03-20 16:00:00,1543.607
2011-03-20 17:00:00,1705.7516
2011-03-20 18:00:00,1011.3571
2011-03-20 19:00:00,801.6457
2011-03-20 20:00:00,859.75336
2011-03-20 21:00:00,990.4061
2011-03-20 22:00:00,981.01514
2011-03-20 23:00:00,1132.6965
2011-03-21 00:00:00,1195.8545
2011-03-21 01:00:00,1298.3868
2011-03-21 02:00:00,1312.8048
2011-03-21 03:00:00,1314.0725
2011-03-21 05:00:00,1544.3844
2011-03-21 06:00:00,1439.9913
2011-03-21 07:00:00,1638.4773
2011-03-21 08:00:00,1642.7836
2011-03-21 09:00:00,1530.0653
2011-03-21 10:00:00,1404.2018
2011-03-21 11:00:00,1315.9174
2011-03-21 12:00:00,1447.7765
2011-03-21 13:00:00,1173.102
2011-03-21 14:00:00,1186.7286
2011-03-21 15:00:00,1090.8604
2011-03-21 16:00:00,1176.912
2011-03-21 17:00:00,1183.805
2011-03-21 18:00:00,1363.0804
2011-03-21 19:00:00,1122.4807
2011-03-21 20:00:00,1201.249
2011-03-21 21:00:00,1849.2021
2011-03-21 22:00:00,1710.9515
2011-03-21 23:00:00,1768.9012
2011-03-22 00:00:00,1705.6464
2011-03-22 01:00:00,1979.8698
2011-03-22 02:00:00,1878.9554
2011-03-22 03:00:00,1570.1191
2011-03-22 04:00:00,1589.2172
2011-03-22 05:00:00,1710.3392
2011-03-22 06:00:00,1671.0023
2011-03-22 07:00:00,1491.1039
2011-03-22 08:00:00,1054.2574
2011-03-22 09:00:00,1013.0961
2011-03-22 10:00:00,981.90045
2011-03-22 11:00:00,928.44574
2011-03-22 12:00:00,856.5588
2011-03-22 13:00:00,913.04663
2011-03-22 14:00:00,1928.2456
2011-03-22 15:00:00,1418.8588
2011-03-22 16:00:00,937.00995
2011-03-22 17:00:00,937.45087
2011-03-22 18:00:00,818.09045
2011-03-22 19:00:00,994.01044
2011-03-22 20:00:00,989.6157
2011-03-22 21:00:00,995.245
2011-03-22 22:00:00,1075.4324
2011-03-22 23:00:00,1076.4254
2011-03-23 00:00:00,1328.0128
2011-03-23 01:00:00,1438.172
2011-03-23 02:00:00,1438.9961
2011-03-23 03:00:00,1438.9816
2011-03-23 05:00:00,1685.1874
2011-03-23 06:00:00,1672.7311
2011-03-23 07:00:00,1801.6232
2011-03-23 08:00:00,1694.9845
2011-03-23 09:00:00,1553.6373
2011-03-23 10:00:00,1543.1361
2011-03-23 11:00:00,1698.1407
2011-03-23 12:00:00,1687.9166
2011-03-23 13:00:00,1713.7797
2011-03-23 14:00:00,1734.1642
2011-03-23 15:00:00,1577.1342
2011-03-23 16:00:00,1446.468
2011-03-23 17:00:00,1447.3921
2011-03-23 18:00:00,1559.2355
2011-03-23 19:00:00,1560.0748
2011-03-23 20:00:00,1716.6263
2011-03-23 21:00:00,1915.0822
2011-03-23 22:00:00,1839.4109
2011-03-23 23:00:00,1821.2394
2011-03-24 00:00:00,1791.7052
2011-03-24 01:00:00,1929.9525
2011-03-24 02:00:00,1924.8053
2011-03-24 03:00:00,1938.099
2011-03-24 04:00:00,1939.3961
2011-03-24 05:00:00,1795.4606
2011-03-24 06:00:00,1796.8729
2011-03-24 07:00:00,1928.8573
2011-03-24 08:00:00,1902.73
2011-03-24 09:00:00,1799.4042
2011-03-24 10:00:00,1776.287
2011-03-24 11:00:00,1548.5138
2011-03-24 12:00:00,1309.9464
2011-03-24 13:00:00,1333.1002
2011-03-24 14:00:00,1369.0273
2011-03-24 15:00:00,1332.8026
2011-03-24 16:00:00,1235.1923
2011-03-24 17:00:00,1340.7174
2011-03-24 18:00:00,1142.1093
2011-03-24 19:00:00,1032.9062
2011-03-24 20:00:00,1155.415
2011-03-24 21:00:00,1254.4476
2011-03-24 22:00:00,1272.1414
2011-03-24 23:00:00,1269.2701
2011-03-25 00:00:00,1144.4342
2011-03-25 01:00:00,1327.9362
2011-03-25 02:00:00,1312.2123
2011-03-25 03:00:00,1346.1055
2011-03-25 04:00:00,1449.631
2011-03-25 05:00:00,1430.7766
2011-03-25 06:00:00,1412.5526
2011-03-25 07:00:00,1148.5883
2011-03-25 08:00:00,947.7695
2011-03-25 09:00:00,886.35254
2011-03-25 10:00:00,970.1586
2011-03-25 11:00:00,813.2343
2011-03-25 12:00:00,763.26276
2011-03-25 13:00:00,714.0129
2011-03-25 14:00:00,1403.4867
2011-03-25 15:00:00,684.68896
2011-03-25 16:00:00,818.253
2011-03-25 17:00:00,814.02985
2011-03-25 18:00:00,714.86444
2011-03-25 19:00:00,679.8029
2011-03-25 20:00:00,726.99896
2011-03-25 21:00:00,724.3321
2011-03-25 22:00:00,711.95514
2011-03-25 23:00:00,697.20734
2011-03-26 00:00:00,663.555
2011-03-26 01:00:00,663.0855
2011-03-26 02:00:00,810.7335
2011-03-26 03:00:00,885.3382
2011-03-26 04:00:00,813.1928
2011-03-26 05:00:00,971.7607
2011-03-26 06:00:00,1059.7806
2011-03-26 07:00:00,973.955
2011-03-26 08:00:00,836.9947
2011-03-26 09:00:00,771.1978
2011-03-26 10:00:00,762.13477
2011-03-26 11:00:00,701.5163
2011-03-26 12:00:00,658.9982
2011-03-26 13:00:00,617.8765
2011-03-26 14:00:00,1124.6334
2011-03-26 15:00:00,1143.4891
2011-03-26 16:00:00,2581.9019
2011-03-26 17:00:00,2063.6538
2011-03-26 18:00:00,2774.765
2011-03-26 19:00:00,830.2077
2011-03-26 20:00:00,831.2786
2011-03-26 21:00:00,823.4492
2011-03-26 22:00:00,759.4047
2011-03-26 23:00:00,809.5507
2011-03-27 00:00:00,748.888
2011-03-27 01:00:00,974.6519
2011-03-27 02:00:00,1034.2627
2011-03-27 03:00:00,1310.0942
2011-03-27 04:00:00,1422.8981
2011-03-27 06:00:00,1700.1383
2011-03-27 07:00:00,1687.7296
2011-03-27 08:00:00,1328.6173
2011-03-27 09:00:00,1071.6047
2011-03-27 10:00:00,1042.2588
2011-03-27 11:00:00,904.41644
2011-03-27 12:00:00,810.0451
2011-03-27 13:00:00,713.3984
2011-03-27 14:00:00,659.96783
2011-03-27 15:00:00,675.3394
2011-03-27 16:00:00,626.3072
2011-03-27 17:00:00,825.14166
2011-03-27 18:00:00,609.8017
2011-03-27 19:00:00,617.73517
2011-03-27 20:00:00,672.00824
2011-03-27 21:00:00,771.1143
2011-03-27 22:00:00,771.9309
2011-03-27 23:00:00,828.66266
2011-03-28 00:00:00,1042.0072
2011-03-28 01:00:00,813.4921
2011-03-28 02:00:00,819.9329
2011-03-28 03:00:00,820.75555
2011-03-28 05:00:00,804.2221
2011-03-28 06:00:00,655.68115
2011-03-28 07:00:00,652.3647
2011-03-28 08:00:00,611.86487
2011-03-28 09:00:00,575.6879
2011-03-28 10:00:00,545.5222
2011-03-28 11:00:00,664.12714
2011-03-28 12:00:00,471.52673
2011-03-28 13:00:00,1846.2958
2011-03-28 14:00:00,2763.5188
2011-03-28 15:00:00,2798.984
2011-03-28 16:00:00,2820.9783
2011-03-28 17:00:00,3936.942
2011-03-28 18:00:00,4791.7427
2011-03-28 19:00:00,1836.764
2011-03-28 20:00:00,2235.5503
2011-03-28 21:00:00,2608.1985
2011-03-28 22:00:00,2427.9844
2011-03-28 23:00:00,1796.7855
2011-03-29 00:00:00,654.9338
2011-03-29 01:00:00,573.65643
2011-03-29 02:00:00,573.7041
2011-03-29 03:00:00,573.9036
2011-03-29 04:00:00,826.2238
2011-03-29 05:00:00,661.2066
2011-03-29 06:00:00,751.1431
2011-03-29 07:00:00,792.66046
2011-03-29 08:00:00,680.04846
2011-03-29 09:00:00,873.4667
2011-03-29 10:00:00,1769.5385
2011-03-29 11:00:00,2804.3455
2011-03-29 12:00:00,1913.8226
2011-03-29 13:00:00,2702.5083
2011-03-29 14:00:00,2921.2424
2011-03-29 15:00:00,3844.249
2011-03-29 16:00:00,4666.5117
2011-03-29 17:00:00,5712.384
2011-03-29 18:00:00,3510.3955
2011-03-29 19:00:00,2654.638
2011-03-29 20:00:00,3495.61
2011-03-29 21:00:00,814.10834
2011-03-29 22:00:00,994.89874
2011-03-29 23:00:00,1108.1532
2011-03-30 00:00:00,1136.9652
2011-03-30 01:00:00,740.92633
2011-03-30 02:00:00,1138.703
2011-03-30 03:00:00,975.3883
2011-03-30 04:00:00,1140.3624
2011-03-30 05:00:00,1044.0825
2011-03-30 06:00:00,916.11566
2011-03-30 07:00:00,847.1291
2011-03-30 08:00:00,905.9594
2011-03-30 09:00:00,817.5679
2011-03-30 10:00:00,837.0439
2011-03-30 11:00:00,835.112
2011-03-30 12:00:00,851.33167
2011-03-30 13:00:00,841.1568
2011-03-30 14:00:00,840.6573
2011-03-30 15:00:00,1549.5475
2011-03-30 16:00:00,1688.2529
2011-03-30 17:00:00,1833.0549
2011-03-30 18:00:00,1811.6285
2011-03-30 19:00:00,1812.9386
2011-03-30 20:00:00,1794.4948
2011-03-30 21:00:00,1806.5376
2011-03-30 22:00:00,1808.3033
2011-03-30 23:00:00,1802.3463
2011-03-31 00:00:00,1776.4801
2011-03-31 01:00:00,1788.1343
2011-03-31 02:00:00,1789.0226
2011-03-31 03:00:00,1782.1088
2011-03-31 04:00:00,1771.191
2011-03-31 05:00:00,1784.9553
2011-03-31 06:00:00,1764.7328
2011-03-31 07:00:00,1776.8197
2011-03-31 08:00:00,1925.7648
2011-03-31 09:00:00,1784.6261
2011-03-31 10:00:00,1786.4579
2011-03-31 11:00:00,1804.1117
2011-03-31 12:00:00,1805.4215
2011-03-31 13:00:00,1706.4227
2011-03-31 14:00:00,1708.0043
2011-03-31 15:00:00,1672.6074
2011-03-31 16:00:00,1689.8986
2011-03-31 17:00:00,1690.8344
2011-03-31 18:00:00,1720.0037
2011-03-31 19:00:00,1721.5273
2011-03-31 20:00:00,1807.6527
2011-03-31 21:00:00,1830.1613
2011-03-31 22:00:00,1813.4701
2011-03-31 23:00:00,1963.5461
2011-04-20 00:00:00,1732.2596
2011-04-20 01:00:00,1849.9692
2011-04-20 02:00:00,1850.7668
2011-04-20 03:00:00,1897.5741
2011-04-20 04:00:00,1987.6289
2011-04-20 05:00:00,1842.6234
2011-04-20 06:00:00,1853.9559
2011-04-20 07:00:00,1907.377
2011-04-20 08:00:00,1255.0061
2011-04-20 09:00:00,1116.6766
2011-04-20 10:00:00,1290.5084
2011-04-20 11:00:00,1290.7225
2011-04-20 12:00:00,4737.1562
2011-04-20 13:00:00,4737.624
2011-04-20 14:00:00,12599.388
2011-04-20 15:00:00,13333.849
2011-04-20 16:00:00,13348.415
2011-04-20 17:00:00,13735.858
2011-04-20 18:00:00,14387.636
2011-04-20 19:00:00,11020.151
2011-04-20 20:00:00,8178.776
2011-04-20 21:00:00,8369.919
2011-04-20 22:00:00,4999.1343
2011-04-20 23:00:00,5560.31
2011-04-21 00:00:00,2753.8965
2011-04-21 01:00:00,1044.5205
2011-04-21 02:00:00,2061.7642
2011-04-21 03:00:00,974.28705
2011-04-21 04:00:00,952.21515
2011-04-21 05:00:00,1107.984
2011-04-21 06:00:00,1124.5112
2011-04-21 07:00:00,1036.6267
2011-04-21 08:00:00,1004.8781
2011-04-21 09:00:00,856.76996
2011-04-21 10:00:00,899.28485
2011-04-21 11:00:00,1079.3754
2011-04-21 12:00:00,1280.1857
2011-04-21 13:00:00,4340.3325
2011-04-21 14:00:00,5916.362
2011-04-21 15:00:00,10628.839
2011-04-21 16:00:00,10954.362
2011-04-21 17:00:00,4999.639
2011-04-21 18:00:00,9885.086
2011-04-21 19:00:00,6213.785
2011-04-21 20:00:00,3020.5325
2011-04-21 21:00:00,862.73285
2011-04-21 22:00:00,734.34906
2011-04-21 23:00:00,792.5844
2011-04-22 00:00:00,1165.1566
2011-04-22 01:00:00,961.60376
2011-04-22 02:00:00,953.1014
2011-04-22 03:00:00,954.40656
2011-04-22 04:00:00,960.6496
2011-04-22 05:00:00,976.2244
2011-04-22 06:00:00,963.08936
2011-04-22 07:00:00,960.9383
2011-04-22 08:00:00,966.9336
2011-04-22 09:00:00,1123.9442
2011-04-22 10:00:00,1162.849
2011-04-22 11:00:00,1243.5492
2011-04-22 12:00:00,1481.325
2011-04-22 13:00:00,1691.1271
2011-04-22 14:00:00,1672.8859
2011-04-22 15:00:00,1692.746
2011-04-22 16:00:00,1716.6204
2011-04-22 17:00:00,1811.1606
2011-04-22 18:00:00,1813.067
2011-04-22 19:00:00,1814.6674
2011-04-22 20:00:00,1689.3627
2011-04-22 21:00:00,1828.325
2011-04-22 22:00:00,1973.9095
2011-04-22 23:00:00,1851.6449
2011-04-23 00:00:00,1943.5361
2011-04-23 01:00:00,1944.8335
2011-04-23 02:00:00,1957.855
2011-04-23 03:00:00,1973.0516
2011-04-23 04:00:00,2014.3964
2011-04-23 05:00:00,2014.5729
2011-04-23 06:00:00,1959.978
2011-04-23 07:00:00,1955.1115
2011-04-23 08:00:00,1943.8727
2011-04-23 09:00:00,1803.3478
2011-04-23 10:00:00,1702.0634
2011-04-23 11:00:00,1697.8265
2011-04-23 12:00:00,1527.7911
2011-04-23 13:00:00,1536.9174
2011-04-23 14:00:00,1443.1312
2011-04-23 15:00:00,1342.715
2011-04-23 16:00:00,1365.1549
2011-04-23 17:00:00,1355.2714
2011-04-23 18:00:00,1515.5629
2011-04-23 19:00:00,1576.7029
2011-04-23 20:00:00,1682.2965
2011-04-23 21:00:00,1568.204
2011-04-23 22:00:00,1486.7422
2011-04-23 23:00:00,1726.7194
2011-04-24 00:00:00,1589.348
2011-04-24 01:00:00,1707.6246
2011-04-24 02:00:00,1708.4186
2011-04-24 03:00:00,1878.8812
2011-04-24 04:00:00,1879.6832
2011-04-24 05:00:00,1880.4843
2011-04-24 06:00:00,2032.5135
2011-04-24 07:00:00,2034.0325
2011-04-24 08:00:00,1826.0571
2011-04-24 09:00:00,1684.8329
2011-04-24 10:00:00,1515.2386
2011-04-24 11:00:00,1182.2308
2011-04-24 12:00:00,1177.3085
2011-04-24 13:00:00,1590.6459
2011-04-24 14:00:00,2653.1492
2011-04-24 15:00:00,1110.0867
2011-04-24 16:00:00,5475.5034
2011-04-24 17:00:00,1182.7385
2011-04-24 18:00:00,1274.41
2011-04-24 19:00:00,1561.0299
2011-04-24 20:00:00,1561.9325
2011-04-24 21:00:00,1840.838
2011-04-24 22:00:00,1968.9183
2011-04-24 23:00:00,2000.7927
2011-04-25 00:00:00,2014.3827
2011-04-25 01:00:00,1994.9147
2011-04-25 02:00:00,1995.7157
2011-04-25 03:00:00,1985.5442
2011-04-25 04:00:00,2027.2975
2011-04-25 05:00:00,2018.8363
2011-04-25 06:00:00,2027.5323
2011-04-25 07:00:00,1992.5522
2011-04-25 08:00:00,1750.0492
2011-04-25 09:00:00,1632.3226
2011-04-25 10:00:00,1367.9154
2011-04-25 11:00:00,1368.4124
2011-04-25 12:00:00,1372.1337
2011-04-25 13:00:00,1176.0225
2011-04-25 14:00:00,2644.991
2011-04-25 15:00:00,3637.7336
2011-04-25 16:00:00,2827.1995
2011-04-25 17:00:00,2613.2603
2011-04-25 18:00:00,2006.5503
2011-04-25 19:00:00,1553.9176
2011-04-25 20:00:00,1133.4387
2011-04-25 21:00:00,1267.1857
2011-04-25 22:00:00,1362.0751
2011-04-25 23:00:00,1478.0719
2011-04-26 00:00:00,1254.7509
2011-04-26 01:00:00,1348.351
2011-04-26 02:00:00,1538.8551
2011-04-26 03:00:00,1660.8022
2011-04-26 04:00:00,1572.2822
2011-04-26 05:00:00,1675.683
2011-04-26 06:00:00,1690.2631
2011-04-26 07:00:00,1555.6744
2011-04-26 08:00:00,1556.389
2011-04-26 09:00:00,1333.4414
2011-04-26 10:00:00,1253.8215
2011-04-26 11:00:00,1224.3817
2011-04-26 12:00:00,1807.0177
2011-04-26 13:00:00,4764.447
2011-04-26 14:00:00,2210.2627
2011-04-26 15:00:00,1504.4805
2011-04-26 16:00:00,2252.9368
2011-04-26 17:00:00,1318.0768
2011-04-26 18:00:00,1314.7062
2011-04-26 19:00:00,1338.9237
2011-04-26 20:00:00,1343.431
2011-04-26 21:00:00,1473.6635
2011-04-26 22:00:00,1604.1636
2011-04-26 23:00:00,1591.5999
2011-04-27 00:00:00,1584.8036
2011-04-27 01:00:00,1572.2119
2011-04-27 02:00:00,1673.0817
2011-04-27 03:00:00,1650.6815
2011-04-27 04:00:00,1813.9926
2011-04-27 05:00:00,1790.4691
2011-04-27 06:00:00,1802.027
2011-04-27 07:00:00,1653.6798
2011-04-27 08:00:00,1636.2799
2011-04-27 09:00:00,1609.8058
2011-04-27 10:00:00,1560.3002
2011-04-27 11:00:00,1453.847
2011-04-27 12:00:00,1445.8939
2011-04-27 13:00:00,1460.0009
2011-04-27 14:00:00,1353.4984
2011-04-27 15:00:00,1584.0074
2011-04-27 16:00:00,1276.0813
2011-04-27 17:00:00,1524.0688
2011-04-27 18:00:00,1524.9591
2011-04-27 19:00:00,1472.5226
2011-04-27 20:00:00,1559.1398
2011-04-27 21:00:00,1674.5109
2011-04-27 22:00:00,1647.119
2011-04-27 23:00:00,1637.3845
2011-04-28 00:00:00,1431.0787
2011-04-28 01:00:00,1510.7296
2011-04-28 02:00:00,1500.7274
2011-04-28 03:00:00,1418.5471
2011-04-28 04:00:00,1507.7787
2011-04-28 05:00:00,1514.6776
2011-04-28 06:00:00,1416.1268
2011-04-28 07:00:00,1415.9464
2011-04-28 08:00:00,1416.9208
2011-04-28 09:00:00,1627.1738
2011-04-28 10:00:00,1656.5427
2011-04-28 11:00:00,1561.2051
2011-04-28 12:00:00,1469.3231
2011-04-28 13:00:00,1556.032
2011-04-28 14:00:00,1567.176
2011-04-28 15:00:00,1254.9753
2011-04-28 16:00:00,1481.7213
2011-04-28 17:00:00,3767.3455
2011-04-28 18:00:00,3770.3342
2011-04-28 19:00:00,4640.128
2011-04-28 20:00:00,2551.5232
2011-04-28 21:00:00,1102.2931
2011-04-28 22:00:00,1120.995
2011-04-28 23:00:00,2211.5261
2011-04-29 00:00:00,2653.5767
2011-04-29 01:00:00,824.8332
2011-04-29 02:00:00,1225.3221
2011-04-29 03:00:00,1140.5524
2011-04-29 04:00:00,932.416
2011-04-29 05:00:00,849.36676
2011-04-29 06:00:00,1104.1649
2011-04-29 07:00:00,1531.1447
2011-04-29 08:00:00,3219.869
2011-04-29 09:00:00,3354.244
2011-04-29 10:00:00,3306.1638
2011-04-29 11:00:00,5851.1333
2011-04-29 12:00:00,4225.148
2011-04-29 13:00:00,4265.694
2011-04-29 14:00:00,9034.142
2011-04-29 15:00:00,3614.0042
2011-04-29 16:00:00,2905.3494
2011-04-29 17:00:00,2141.373
2011-04-29 18:00:00,1365.9354
2011-04-29 19:00:00,1009.93726
2011-04-29 20:00:00,877.2973
2011-04-29 21:00:00,936.0153
2011-04-29 22:00:00,1114.2932
2011-04-29 23:00:00,1037.7599
2011-04-30 00:00:00,979.4708
2011-04-30 01:00:00,1005.91766
2011-04-30 02:00:00,988.17365
2011-04-30 03:00:00,1000.0068
2011-04-30 04:00:00,991.86615
2011-04-30 05:00:00,957.2789
2011-04-30 06:00:00,1060.525
2011-04-30 07:00:00,957.57135
2011-04-30 08:00:00,983.47894
2011-04-30 09:00:00,930.5264
2011-04-30 10:00:00,1494.108
2011-04-30 11:00:00,2035.8068
2011-04-30 12:00:00,2562.998
2011-04-30 13:00:00,3172.9314
2011-04-30 14:00:00,2799.1409
2011-04-30 15:00:00,3531.0354
2011-04-30 16:00:00,4349.258
2011-04-30 17:00:00,1678.153
2011-04-30 18:00:00,1305.8832
2011-04-30 19:00:00,1309.1815
2011-04-30 20:00:00,1212.6876
2011-04-30 21:00:00,1213.4009
2011-04-30 22:00:00,1331.6503
2011-04-30 23:00:00,1332.3358
2011-05-20 00:00:00,1875.2848
2011-05-20 01:00:00,2018.1174
2011-05-20 02:00:00,1995.4728
2011-05-20 03:00:00,2018.0638
2011-05-20 04:00:00,1880.6913
2011-05-20 05:00:00,1875.4481
2011-05-20 06:00:00,1746.8629
2011-05-20 07:00:00,1491.5839
2011-05-20 08:00:00,1363.3221
2011-05-20 09:00:00,1284.3756
2011-05-20 10:00:00,1198.2864
2011-05-20 11:00:00,1085.5544
2011-05-20 12:00:00,1135.4913
2011-05-20 13:00:00,1331.3774
2011-05-20 14:00:00,1422.5123
2011-05-20 15:00:00,1083.9923
2011-05-20 16:00:00,1213.7441
2011-05-20 17:00:00,1132.9933
2011-05-20 18:00:00,1051.0392
2011-05-20 19:00:00,1201.7046
2011-05-20 20:00:00,1199.6068
2011-05-20 21:00:00,1219.3138
2011-05-20 22:00:00,1488.7137
2011-05-20 23:00:00,1401.5265
2011-05-21 00:00:00,1523.35
2011-05-21 01:00:00,1470.2847
2011-05-21 02:00:00,1421.0603
2011-05-21 03:00:00,1626.268
2011-05-21 04:00:00,1738.549
2011-05-21 05:00:00,1751.4103
2011-05-21 06:00:00,1616.6578
2011-05-21 07:00:00,1429.3412
2011-05-21 08:00:00,1263.2662
2011-05-21 09:00:00,1158.2687
2011-05-21 10:00:00,1112.0074
2011-05-21 11:00:00,1232.2224
2011-05-21 12:00:00,1724.1561
2011-05-21 13:00:00,3687.2283
2011-05-21 14:00:00,5273.459
2011-05-21 15:00:00,5432.198
2011-05-21 16:00:00,8368.188
2011-05-21 17:00:00,6244.552
2011-05-21 18:00:00,4717.612
2011-05-21 19:00:00,3383.305
2011-05-21 20:00:00,1121.5817
2011-05-21 21:00:00,1120.1841
2011-05-21 22:00:00,1309.1139
2011-05-21 23:00:00,1558.7621
2011-05-22 00:00:00,1721.7765
2011-05-22 01:00:00,1857.1635
2011-05-22 02:00:00,1870.8805
2011-05-22 03:00:00,1999.6407
2011-05-22 04:00:00,2035.6167
2011-05-22 05:00:00,2001.2242
2011-05-22 06:00:00,1874.3043
2011-05-22 07:00:00,1754.5962
2011-05-22 08:00:00,1423.369
2011-05-22 09:00:00,1293.4454
2011-05-22 10:00:00,1184.7609
2011-05-22 11:00:00,2023.9417
2011-05-22 12:00:00,3420.0454
2011-05-22 13:00:00,1622.0271
2011-05-22 14:00:00,1265.372
2011-05-22 15:00:00,1117.0525
2011-05-22 16:00:00,1122.6927
2011-05-22 17:00:00,1457.832
2011-05-22 18:00:00,1110.1339
2011-05-22 19:00:00,1112.1085
2011-05-22 20:00:00,1188.4696
2011-05-22 21:00:00,1400.2595
2011-05-22 22:00:00,1648.4169
2011-05-22 23:00:00,1637.2731
2011-05-23 00:00:00,1716.8842
2011-05-23 01:00:00,1743.5199
2011-05-23 02:00:00,1691.8855
2011-05-23 03:00:00,1820.384
2011-05-23 04:00:00,1902.2963
2011-05-23 05:00:00,1903.451
2011-05-23 06:00:00,2028.2035
2011-05-23 07:00:00,1861.2394
2011-05-23 08:00:00,1705.932
2011-05-23 09:00:00,1691.7605
2011-05-23 10:00:00,1359.469
2011-05-23 11:00:00,1253.6642
2011-05-23 12:00:00,1254.3407
2011-05-23 13:00:00,3060.108
2011-05-23 14:00:00,2707.2253
2011-05-23 15:00:00,2331.5713
2011-05-23 16:00:00,1542.6339
2011-05-23 17:00:00,1333.6879
2011-05-23 18:00:00,1345.6537
2011-05-23 19:00:00,1350.5447
2011-05-23 20:00:00,1600.7544
2011-05-23 21:00:00,1723.1488
2011-05-23 22:00:00,1825.6549
2011-05-23 23:00:00,1705.952
2011-05-24 00:00:00,1812.8265
2011-05-24 01:00:00,1828.1178
2011-05-24 02:00:00,1814.7065
2011-05-24 03:00:00,1857.3334
2011-05-24 04:00:00,1747.5056
2011-05-24 05:00:00,1788.5554
2011-05-24 06:00:00,1817.894
2011-05-24 07:00:00,1472.2299
2011-05-24 08:00:00,1571.2357
2011-05-24 09:00:00,1368.6393
2011-05-24 10:00:00,1355.6556
2011-05-24 11:00:00,3634.2458
2011-05-24 12:00:00,7703.1597
2011-05-24 13:00:00,6611.489
2011-05-24 14:00:00,6779.278
2011-05-24 15:00:00,3985.218
2011-05-24 16:00:00,1257.4122
2011-05-24 17:00:00,1140.2628
2011-05-24 18:00:00,1273.091
2011-05-24 19:00:00,1387.3073
2011-05-24 20:00:00,1405.5375
2011-05-24 21:00:00,1532.3562
2011-05-24 22:00:00,1681.0096
2011-05-24 23:00:00,1379.9137
2011-05-25 00:00:00,1562.9374
2011-05-25 01:00:00,1575.6576
2011-05-25 02:00:00,1901.4069
2011-05-25 03:00:00,1977.776
2011-05-25 04:00:00,1990.9569
2011-05-25 05:00:00,1754.0785
2011-05-25 06:00:00,1877.4757
2011-05-25 07:00:00,1400.402
2011-05-25 08:00:00,1256.4242
2011-05-25 09:00:00,1180.4336
2011-05-25 10:00:00,1133.7689
2011-05-25 11:00:00,3028.73
2011-05-25 12:00:00,2312.3342
2011-05-25 13:00:00,2311.5068
2011-05-25 14:00:00,2445.304
2011-05-25 15:00:00,4232.4346
2011-05-25 16:00:00,3996.9912
2011-05-25 17:00:00,3639.4778
2011-05-25 18:00:00,1660.6511
2011-05-25 19:00:00,1141.8378
2011-05-25 20:00:00,1149.2894
2011-05-25 21:00:00,1268.6442
2011-05-25 22:00:00,1258.1686
2011-05-25 23:00:00,1389.6168
2011-05-26 00:00:00,1390.4232
2011-05-26 01:00:00,1390.2294
2011-05-26 02:00:00,1639.66
2011-05-26 03:00:00,1754.0248
2011-05-26 04:00:00,1794.8502
2011-05-26 05:00:00,1743.0555
2011-05-26 06:00:00,1987.3647
2011-05-26 07:00:00,1788.8352
2011-05-26 08:00:00,1597.3159
2011-05-26 09:00:00,1274.4995
2011-05-26 10:00:00,1338.8417
2011-05-26 11:00:00,1218.8541
2011-05-26 12:00:00,3330.8357
2011-05-26 13:00:00,6539.807
2011-05-26 14:00:00,6529.595
2011-05-26 15:00:00,9109.716
2011-05-26 16:00:00,7549.4224
2011-05-26 17:00:00,7683.4077
2011-05-26 18:00:00,8044.148
2011-05-26 19:00:00,7014.444
2011-05-26 20:00:00,1425.5472
2011-05-26 21:00:00,1191.1593
2011-05-26 22:00:00,1190.7963
2011-05-26 23:00:00,1186.1708
2011-05-27 00:00:00,1238.7417
2011-05-27 01:00:00,1652.3737
2011-05-27 02:00:00,1112.175
2011-05-27 03:00:00,1176.7622
2011-05-27 04:00:00,1273.2831
2011-05-27 05:00:00,1173.0167
2011-05-27 06:00:00,1279.6891
2011-05-27 07:00:00,1386.5638
2011-05-27 08:00:00,1361.305
2011-05-27 09:00:00,1173.4755
2011-05-27 10:00:00,3296.092
2011-05-27 11:00:00,3373.581
2011-05-27 12:00:00,3695.8323
2011-05-27 13:00:00,1820.6924
2011-05-27 14:00:00,3323.8523
2011-05-27 15:00:00,5974.4126
2011-05-27 16:00:00,4089.373
2011-05-27 17:00:00,2779.4531
2011-05-27 18:00:00,1555.6886
2011-05-27 19:00:00,1466.7166
2011-05-27 20:00:00,1371.4203
2011-05-27 21:00:00,1654.6869
2011-05-27 22:00:00,1524.5568
2011-05-27 23:00:00,1746.7297
2011-05-28 00:00:00,1736.6548
2011-05-28 01:00:00,1707.7462
2011-05-28 02:00:00,1833.1686
2011-05-28 03:00:00,1695.0488
2011-05-28 04:00:00,1681.2963
2011-05-28 05:00:00,1696.4639
2011-05-28 06:00:00,1581.5929
2011-05-28 07:00:00,1583.8365
2011-05-28 08:00:00,1501.6511
2011-05-28 09:00:00,1361.8026
2011-05-28 10:00:00,1174.7808
2011-05-28 11:00:00,1175.5104
2011-05-28 12:00:00,1727.82
2011-05-28 13:00:00,1216.7744
2011-05-28 14:00:00,1931.1049
2011-05-28 15:00:00,2714.0305
2011-05-28 16:00:00,3393.1643
2011-05-28 17:00:00,3064.782
2011-05-28 18:00:00,1255.7457
2011-05-28 19:00:00,1184.1669
2011-05-28 20:00:00,1182.4115
2011-05-28 21:00:00,1371.0854
2011-05-28 22:00:00,1494.307
2011-05-28 23:00:00,1618.0304
2011-05-29 00:00:00,1593.5585
2011-05-29 01:00:00,1723.2755
2011-05-29 02:00:00,1753.2302
2011-05-29 03:00:00,1753.9154
2011-05-29 04:00:00,1761.4552
2011-05-29 05:00:00,1849.1755
2011-05-29 06:00:00,1699.8531
2011-05-29 07:00:00,1673.9968
2011-05-29 08:00:00,1687.9911
2011-05-29 09:00:00,1797.1584
2011-05-29 10:00:00,1587.0634
2011-05-29 11:00:00,1567.8407
2011-05-29 12:00:00,1344.7849
2011-05-29 13:00:00,1268.3984
2011-05-29 14:00:00,1268.6024
2011-05-29 15:00:00,1269.3925
2011-05-29 16:00:00,1269.9146
2011-05-29 17:00:00,1270.5707
2011-05-29 18:00:00,1345.1664
2011-05-29 19:00:00,1345.7207
2011-05-29 20:00:00,1492.0383
2011-05-29 21:00:00,1614.6034
2011-05-29 22:00:00,1772.7999
2011-05-29 23:00:00,1759.0543
2011-05-30 00:00:00,1828.593
2011-05-30 01:00:00,1859.16
2011-05-30 02:00:00,1830.1136
2011-05-30 03:00:00,1830.8597
2011-05-30 04:00:00,1846.1798
2011-05-30 05:00:00,1863.3896
2011-05-30 06:00:00,1872.6322
2011-05-30 07:00:00,1912.5348
2011-05-30 08:00:00,1762.6908
2011-05-30 09:00:00,1348.8588
2011-05-30 10:00:00,4634.8047
2011-05-30 11:00:00,5000.764
2011-05-30 12:00:00,8195.429
2011-05-30 13:00:00,9051.208
2011-05-30 14:00:00,11018.989
2011-05-30 15:00:00,14318.173
2011-05-30 16:00:00,15521.347
2011-05-30 17:00:00,11665.234
2011-05-30 18:00:00,10885.231
2011-05-30 19:00:00,890.4421
2011-05-30 20:00:00,1866.143
2011-05-30 21:00:00,1282.0885
2011-05-30 22:00:00,1354.3903
2011-05-30 23:00:00,1647.5135
2011-05-31 00:00:00,1504.3026
2011-05-31 01:00:00,1763.3768
2011-05-31 02:00:00,1843.7198
2011-05-31 03:00:00,1905.0557
2011-05-31 04:00:00,1634.1132
2011-05-31 05:00:00,1634.5494
2011-05-31 06:00:00,1529.4938
2011-05-31 07:00:00,1212.948
2011-05-31 08:00:00,2477.6921
2011-05-31 09:00:00,3992.4114
2011-05-31 10:00:00,4386.665
2011-05-31 11:00:00,7707.1665
2011-05-31 12:00:00,8561.713
2011-05-31 13:00:00,13906.034
2011-05-31 14:00:00,12428.278
2011-05-31 15:00:00,14781.498
2011-05-31 16:00:00,13385.543
2011-05-31 17:00:00,6698.761
2011-05-31 18:00:00,6547.0854
2011-05-31 19:00:00,1720.6458
2011-05-31 20:00:00,1720.1075
2011-05-31 21:00:00,1262.9425
2011-05-31 22:00:00,1281.4673
2011-05-31 23:00:00,1478.0294
2011-06-20 00:00:00,1603.6288
2011-06-20 01:00:00,1773.7396
2011-06-20 02:00:00,1774.4229
2011-06-20 03:00:00,1793.725
2011-06-20 04:00:00,1693.7257
2011-06-20 05:00:00,1604.0858
2011-06-20 06:00:00,1496.09
2011-06-20 07:00:00,1681.4081
2011-06-20 08:00:00,1580.0045
2011-06-20 09:00:00,1470.0164
2011-06-20 10:00:00,1470.7863
2011-06-20 11:00:00,1519.9352
2011-06-20 12:00:00,1281.7264
2011-06-20 13:00:00,1186.4838
2011-06-20 14:00:00,1116.1095
2011-06-20 15:00:00,1113.7789
2011-06-20 16:00:00,1236.0952
2011-06-20 17:00:00,1621.2411
2011-06-20 18:00:00,1188.2789
2011-06-20 19:00:00,1181.5497
2011-06-20 20:00:00,1258.3383
2011-06-20 21:00:00,1384.9268
2011-06-20 22:00:00,1363.126
2011-06-20 23:00:00,1485.6875
2011-06-21 00:00:00,1487.261
2011-06-21 01:00:00,1467.482
2011-06-21 02:00:00,1579.1769
2011-06-21 03:00:00,1579.7687
2011-06-21 04:00:00,1722.5646
2011-06-21 05:00:00,1708.3325
2011-06-21 06:00:00,1709.0931
2011-06-21 07:00:00,1892.3907
2011-06-21 08:00:00,1725.5519
2011-06-21 09:00:00,1655.6835
2011-06-21 10:00:00,1581.6654
2011-06-21 11:00:00,1596.9232
2011-06-21 12:00:00,1342.1392
2011-06-21 13:00:00,1197.535
2011-06-21 14:00:00,1471.8241
2011-06-21 15:00:00,2910.3726
2011-06-21 16:00:00,3337.5874
2011-06-21 17:00:00,1393.6063
2011-06-21 18:00:00,1270.8773
2011-06-21 19:00:00,1335.8302
2011-06-21 20:00:00,1264.9786
2011-06-21 21:00:00,1338.7726
2011-06-21 22:00:00,1492.0774
2011-06-21 23:00:00,1355.5621
2011-06-22 00:00:00,1471.8298
2011-06-22 01:00:00,1489.1405
2011-06-22 02:00:00,1538.7645
2011-06-22 03:00:00,1490.0033
2011-06-22 04:00:00,1674.8445
2011-06-22 05:00:00,1807.5923
2011-06-22 06:00:00,1666.3973
2011-06-22 07:00:00,1509.0367
2011-06-22 08:00:00,1334.8226
2011-06-22 09:00:00,1454.391
2011-06-22 10:00:00,1248.9803
2011-06-22 11:00:00,1258.8314
2011-06-22 12:00:00,3506.2698
2011-06-22 13:00:00,5238.373
2011-06-22 14:00:00,6404.621
2011-06-22 15:00:00,5388.4893
2011-06-22 16:00:00,4768.8726
2011-06-22 17:00:00,5411.7964
2011-06-22 18:00:00,3671.2942
2011-06-22 19:00:00,5577.557
2011-06-22 20:00:00,1340.2628
2011-06-22 21:00:00,1442.6656
2011-06-22 22:00:00,1443.553
2011-06-22 23:00:00,1439.3885
2011-06-23 00:00:00,1440.9886
2011-06-23 01:00:00,1320.2106
2011-06-23 02:00:00,1320.9501
2011-06-23 03:00:00,1327.6857
2011-06-23 04:00:00,1482.1101
2011-06-23 05:00:00,1330.7137
2011-06-23 06:00:00,1331.4757
2011-06-23 07:00:00,1333.163
2011-06-23 08:00:00,1255.5295
2011-06-23 09:00:00,1262.5204
2011-06-23 10:00:00,1260.3804
2011-06-23 11:00:00,1375.2684
2011-06-23 12:00:00,1365.9901
2011-06-23 13:00:00,1901.0814
2011-06-23 14:00:00,1420.3754
2011-06-23 15:00:00,4792.232
2011-06-23 16:00:00,1572.3881
2011-06-23 17:00:00,1266.5376
2011-06-23 18:00:00,1289.3883
2011-06-23 19:00:00,1260.8221
2011-06-23 20:00:00,1339.5846
2011-06-23 21:00:00,1342.9017
2011-06-23 22:00:00,1339.3462
2011-06-23 23:00:00,1337.8517
2011-06-24 00:00:00,1487.3556
2011-06-24 01:00:00,1533.1562
2011-06-24 02:00:00,1533.9108
2011-06-24 03:00:00,1593.455
2011-06-24 04:00:00,1623.2994
2011-06-24 05:00:00,1764.2606
2011-06-24 06:00:00,1605.8074
2011-06-24 07:00:00,1566.597
2011-06-24 08:00:00,1330.4532
2011-06-24 09:00:00,1196.7997
2011-06-24 10:00:00,8927.141
2011-06-24 11:00:00,12327.353
2011-06-24 12:00:00,9679.918
2011-06-24 13:00:00,11374.505
2011-06-24 14:00:00,7763.2466
2011-06-24 15:00:00,15472.6045
2011-06-24 16:00:00,15299.379
2011-06-24 17:00:00,9509.877
2011-06-24 18:00:00,10507.321
2011-06-24 19:00:00,7028.1753
2011-06-24 20:00:00,4658.0127
2011-06-24 21:00:00,3268.0408
2011-06-24 22:00:00,2967.341
2011-06-24 23:00:00,2076.7795
2011-06-25 00:00:00,3202.0088
2011-06-25 01:00:00,1977.3612
2011-06-25 02:00:00,2299.9136
2011-06-25 03:00:00,1039.0519
2011-06-25 04:00:00,1039.7847
2011-06-25 05:00:00,1092.2607
2011-06-25 06:00:00,1051.0164
2011-06-25 07:00:00,1106.0105
2011-06-25 08:00:00,3903.0251
2011-06-25 09:00:00,5144.119
2011-06-25 10:00:00,4860.0815
2011-06-25 11:00:00,5347.0977
2011-06-25 12:00:00,7673.028
2011-06-25 13:00:00,7649.8447
2011-06-25 14:00:00,5747.2417
2011-06-25 15:00:00,4513.273
2011-06-25 16:00:00,7192.7993
2011-06-25 17:00:00,6505.7427
2011-06-25 18:00:00,5067.362
2011-06-25 19:00:00,4525.364
2011-06-25 20:00:00,3506.493
2011-06-25 21:00:00,2139.5535
2011-06-25 22:00:00,3371.1848
2011-06-25 23:00:00,2789.448
2011-06-26 00:00:00,1117.4227
2011-06-26 01:00:00,1158.4956
2011-06-26 02:00:00,1026.4337
2011-06-26 03:00:00,1155.3938
2011-06-26 04:00:00,1157.4734
2011-06-26 05:00:00,1176.2388
2011-06-26 06:00:00,1176.7618
2011-06-26 07:00:00,1098.3527
2011-06-26 08:00:00,1089.498
2011-06-26 09:00:00,1143.8446
2011-06-26 10:00:00,3524.3445
2011-06-26 11:00:00,4470.5063
2011-06-26 12:00:00,6725.771
2011-06-26 13:00:00,5562.8057
2011-06-26 14:00:00,6434.0444
2011-06-26 15:00:00,5533.766
2011-06-26 16:00:00,6344.5034
2011-06-26 17:00:00,5789.9546
2011-06-26 18:00:00,5279.7603
2011-06-26 19:00:00,3906.8455
2011-06-26 20:00:00,3266.0854
2011-06-26 21:00:00,1739.9866
2011-06-26 22:00:00,2134.7903
2011-06-26 23:00:00,1557.1821
2011-06-27 00:00:00,1318.107
2011-06-27 01:00:00,1487.3256
2011-06-27 02:00:00,1476.8132
2011-06-27 03:00:00,1477.3091
2011-06-27 04:00:00,1590.5366
2011-06-27 05:00:00,1592.1387
2011-06-27 06:00:00,1480.4003
2011-06-27 07:00:00,1344.9554
2011-06-27 08:00:00,1380.6427
2011-06-27 09:00:00,1999.3358
2011-06-27 10:00:00,2234.3162
2011-06-27 11:00:00,1188.8414
2011-06-27 12:00:00,2002.604
2011-06-27 13:00:00,1663.8407
2011-06-27 14:00:00,1373.1031
2011-06-27 15:00:00,2140.4841
2011-06-27 16:00:00,2141.4363
2011-06-27 17:00:00,2202.8557
2011-06-27 18:00:00,2776.2346
2011-06-27 19:00:00,1186.4631
2011-06-27 20:00:00,1176.2324
2011-06-27 21:00:00,1176.0607
2011-06-27 22:00:00,1269.3717
2011-06-27 23:00:00,1269.9366
2011-06-28 00:00:00,1478.8112
2011-06-28 01:00:00,1410.0846
2011-06-28 02:00:00,1400.1957
2011-06-28 03:00:00,1400.4414
2011-06-28 04:00:00,1410.6315
2011-06-28 05:00:00,1540.5343
2011-06-28 06:00:00,1594.7554
2011-06-28 07:00:00,1580.0453
2011-06-28 08:00:00,1484.788
2011-06-28 09:00:00,1256.9935
2011-06-28 10:00:00,5827.8237
2011-06-28 11:00:00,6361.8677
2011-06-28 12:00:00,8098.465
2011-06-28 13:00:00,7265.8535
2011-06-28 14:00:00,9662.826
2011-06-28 15:00:00,9185.415
2011-06-28 16:00:00,9481.115
2011-06-28 17:00:00,5709.523
2011-06-28 18:00:00,5331.4917
2011-06-28 19:00:00,3224.485
2011-06-28 20:00:00,1172.9198
2011-06-28 21:00:00,1230.0514
2011-06-28 22:00:00,1258.7377
2011-06-28 23:00:00,1259.0485
2011-06-29 00:00:00,1445.7548
2011-06-29 01:00:00,1450.7062
2011-06-29 02:00:00,1573.0867
2011-06-29 03:00:00,1604.527
2011-06-29 04:00:00,1616.7247
2011-06-29 05:00:00,1589.9291
2011-06-29 06:00:00,1229.892
2011-06-29 07:00:00,2104.0608
2011-06-29 08:00:00,4113.1387
2011-06-29 09:00:00,5789.1143
2011-06-29 10:00:00,7030.6636
2011-06-29 11:00:00,10212.188
2011-06-29 12:00:00,10794.124
2011-06-29 13:00:00,14777.036
2011-06-29 14:00:00,13547.273
2011-06-29 15:00:00,14205.308
2011-06-29 16:00:00,16545.389
2011-06-29 17:00:00,17915.898
2011-06-29 18:00:00,15059.901
2011-06-29 19:00:00,13752.774
2011-06-29 20:00:00,9900.226
2011-06-29 21:00:00,7180.7534
2011-06-29 22:00:00,5179.113
2011-06-29 23:00:00,3433.341
2011-06-30 00:00:00,2036.307
2011-06-30 01:00:00,1199.7848
2011-06-30 02:00:00,1026.5916
2011-06-30 03:00:00,1073.8221
2011-06-30 04:00:00,1186.3818
2011-06-30 05:00:00,1156.9392
2011-06-30 06:00:00,1141.6655
2011-06-30 07:00:00,1087.8912
2011-06-30 08:00:00,3616.5273
2011-06-30 09:00:00,5440.3647
2011-06-30 10:00:00,5816.4575
2011-06-30 11:00:00,7360.522
2011-06-30 12:00:00,9172.466
2011-06-30 13:00:00,10919.12
2011-06-30 14:00:00,12908.579
2011-06-30 15:00:00,14938.554
2011-06-30 16:00:00,14846.049
2011-06-30 17:00:00,15865.105
2011-06-30 18:00:00,13574.983
2011-06-30 19:00:00,9855.704
2011-06-30 20:00:00,9812.278
2011-06-30 21:00:00,6717.804
2011-06-30 22:00:00,5012.262
2011-06-30 23:00:00,1695.577
2011-07-20 00:00:00,1618.3591
2011-07-20 01:00:00,1658.139
2011-07-20 02:00:00,1658.2894
2011-07-20 03:00:00,1619.5765
2011-07-20 04:00:00,1650.3232
2011-07-20 05:00:00,1606.9733
2011-07-20 06:00:00,1735.6338
2011-07-20 07:00:00,1611.1581
2011-07-20 08:00:00,1339.7052
2011-07-20 09:00:00,1255.7037
2011-07-20 10:00:00,1259.9674
2011-07-20 11:00:00,2037.8119
2011-07-20 12:00:00,3294.888
2011-07-20 13:00:00,5357.898
2011-07-20 14:00:00,7087.1665
2011-07-20 15:00:00,7593.445
2011-07-20 16:00:00,4568.3203
2011-07-20 17:00:00,4479.862
2011-07-20 18:00:00,4652.224
2011-07-20 19:00:00,2174.563
2011-07-20 20:00:00,1379.6176
2011-07-20 21:00:00,1731.7826
2011-07-20 22:00:00,1311.5638
2011-07-20 23:00:00,1353.5769
2011-07-21 00:00:00,1347.641
2011-07-21 01:00:00,1554.6809
2011-07-21 02:00:00,1554.1476
2011-07-21 03:00:00,1433.8917
2011-07-21 04:00:00,1593.1232
2011-07-21 05:00:00,1593.3536
2011-07-21 06:00:00,1593.5839
2011-07-21 07:00:00,1570.2709
2011-07-21 08:00:00,1424.3182
2011-07-21 09:00:00,1377.5306
2011-07-21 10:00:00,1831.4191
2011-07-21 11:00:00,5215.9062
2011-07-21 12:00:00,7966.834
2011-07-21 13:00:00,7781.3257
2011-07-21 14:00:00,11649.484
2011-07-21 15:00:00,9806.035
2011-07-21 16:00:00,12154.569
2011-07-21 17:00:00,13808.2705
2011-07-21 18:00:00,10779.438
2011-07-21 19:00:00,4119.7593
2011-07-21 20:00:00,2154.8635
2011-07-21 21:00:00,1504.8761
2011-07-21 22:00:00,1631.0546
2011-07-21 23:00:00,1392.7015
2011-07-22 00:00:00,2868.6096
2011-07-22 01:00:00,1938.0265
2011-07-22 02:00:00,1420.5743
2011-07-22 03:00:00,1351.1724
2011-07-22 04:00:00,1345.7562
2011-07-22 05:00:00,1444.9642
2011-07-22 06:00:00,1347.7594
2011-07-22 07:00:00,1777.9336
2011-07-22 08:00:00,3501.667
2011-07-22 09:00:00,3967.4019
2011-07-22 10:00:00,8411.019
2011-07-22 11:00:00,8840.732
2011-07-22 12:00:00,12072.918
2011-07-22 13:00:00,11300.689
2011-07-22 14:00:00,14971.274
2011-07-22 15:00:00,12667.829
2011-07-22 16:00:00,15532.219
2011-07-22 17:00:00,8760.001
2011-07-22 18:00:00,14177.171
2011-07-22 19:00:00,9941.006
2011-07-22 20:00:00,4561.189
2011-07-22 21:00:00,3422.6316
2011-07-22 22:00:00,6741.015
2011-07-22 23:00:00,2322.7034
2011-07-23 00:00:00,3824.9778
2011-07-23 01:00:00,5136.773
2011-07-23 02:00:00,4861.727
2011-07-23 03:00:00,1331.7506
2011-07-23 04:00:00,1218.0
2011-07-23 05:00:00,1340.3417
2011-07-23 06:00:00,4536.9316
2011-07-23 07:00:00,4383.8237
2011-07-23 08:00:00,7777.554
2011-07-23 09:00:00,7162.6636
2011-07-23 10:00:00,11281.415
2011-07-23 11:00:00,15031.53
2011-07-23 12:00:00,14888.906
2011-07-23 13:00:00,15983.707
2011-07-23 14:00:00,11669.335
2011-07-23 15:00:00,13313.56
2011-07-23 16:00:00,15383.9
2011-07-23 17:00:00,15341.075
2011-07-23 18:00:00,15116.33
2011-07-23 19:00:00,3661.0544
2011-07-23 20:00:00,3897.4243
2011-07-23 21:00:00,3897.8862
2011-07-23 22:00:00,3148.9944
2011-07-23 23:00:00,2782.7932
2011-07-24 00:00:00,2773.1555
2011-07-24 01:00:00,1332.4889
2011-07-24 02:00:00,1985.1964
2011-07-24 03:00:00,1984.1532
2011-07-24 04:00:00,1333.6172
2011-07-24 05:00:00,1332.0895
2011-07-24 06:00:00,2145.2268
2011-07-24 07:00:00,2824.1804
2011-07-24 08:00:00,5061.389
2011-07-24 09:00:00,5504.8154
2011-07-24 10:00:00,8822.895
2011-07-24 11:00:00,6541.6255
2011-07-24 12:00:00,10916.789
2011-07-24 13:00:00,9111.499
2011-07-24 14:00:00,8370.109
2011-07-24 15:00:00,13269.677
2011-07-24 16:00:00,13224.845
2011-07-24 17:00:00,12593.353
2011-07-24 18:00:00,10873.64
2011-07-24 19:00:00,8323.371
2011-07-24 20:00:00,7035.2393
2011-07-24 21:00:00,2062.5564
2011-07-24 22:00:00,1299.7866
2011-07-24 23:00:00,1282.212
2011-07-25 00:00:00,1252.6046
2011-07-25 01:00:00,1344.3622
2011-07-25 02:00:00,1438.9596
2011-07-25 03:00:00,1464.1598
2011-07-25 04:00:00,1602.8785
2011-07-25 05:00:00,1603.1099
2011-07-25 06:00:00,1595.2401
2011-07-25 07:00:00,1458.8234
2011-07-25 08:00:00,1352.6493
2011-07-25 09:00:00,1598.8586
2011-07-25 10:00:00,3295.4236
2011-07-25 11:00:00,4695.375
2011-07-25 12:00:00,4695.145
2011-07-25 13:00:00,1335.364
2011-07-25 14:00:00,1441.833
2011-07-25 15:00:00,1538.8251
2011-07-25 16:00:00,1592.4186
2011-07-25 17:00:00,1357.6202
2011-07-25 18:00:00,1340.564
2011-07-25 19:00:00,1264.3378
2011-07-25 20:00:00,1343.5123
2011-07-25 21:00:00,1659.4604
2011-07-25 22:00:00,1659.4688
2011-07-25 23:00:00,1636.869
2011-07-26 00:00:00,1493.0297
2011-07-26 01:00:00,1493.2599
2011-07-26 02:00:00,1746.473
2011-07-26 03:00:00,1734.3224
2011-07-26 04:00:00,1699.9559
2011-07-26 05:00:00,1764.4392
2011-07-26 06:00:00,1570.7797
2011-07-26 07:00:00,1179.3827
2011-07-26 08:00:00,2446.8984
2011-07-26 09:00:00,8260.597
2011-07-26 10:00:00,14103.061
2011-07-26 11:00:00,11644.085
2011-07-26 12:00:00,13502.985
2011-07-26 13:00:00,15211.178
2011-07-26 14:00:00,16157.926
2011-07-26 15:00:00,17750.047
2011-07-26 16:00:00,14317.514
2011-07-26 17:00:00,15277.1455
2011-07-26 18:00:00,14197.107
2011-07-26 19:00:00,9644.936
2011-07-26 20:00:00,7014.273
2011-07-26 21:00:00,5374.488
2011-07-26 22:00:00,2586.801
2011-07-26 23:00:00,1974.4711
2011-07-27 00:00:00,4219.15
2011-07-27 01:00:00,5312.69
2011-07-27 02:00:00,4341.2847
2011-07-27 03:00:00,1337.1909
2011-07-27 04:00:00,3124.1
2011-07-27 05:00:00,2389.7517
2011-07-27 06:00:00,2102.261
2011-07-27 07:00:00,4433.403
2011-07-27 08:00:00,6818.1753
2011-07-27 09:00:00,10929.304
2011-07-27 10:00:00,9149.134
2011-07-27 11:00:00,10592.913
2011-07-27 12:00:00,15190.194
2011-07-27 13:00:00,16491.467
2011-07-27 14:00:00,15868.284
2011-07-27 15:00:00,16907.805
2011-07-27 16:00:00,16563.23
2011-07-27 17:00:00,15965.183
2011-07-27 18:00:00,14219.208
2011-07-27 19:00:00,12903.5
2011-07-27 20:00:00,5834.4897
2011-07-27 21:00:00,3845.381
2011-07-27 22:00:00,3358.726
2011-07-27 23:00:00,4731.4487
2011-07-28 00:00:00,2400.0044
2011-07-28 01:00:00,2582.638
2011-07-28 02:00:00,2020.3807
2011-07-28 03:00:00,1843.3278
2011-07-28 04:00:00,1107.3622
2011-07-28 05:00:00,1164.3761
2011-07-28 06:00:00,1258.6433
2011-07-28 07:00:00,1256.5302
2011-07-28 08:00:00,1192.6418
2011-07-28 09:00:00,2572.6936
2011-07-28 10:00:00,4703.5024
2011-07-28 11:00:00,5889.5938
2011-07-28 12:00:00,6507.091
2011-07-28 13:00:00,9315.876
2011-07-28 14:00:00,7969.084
2011-07-28 15:00:00,7805.822
2011-07-28 16:00:00,8410.619
2011-07-28 17:00:00,6163.8936
2011-07-28 18:00:00,5557.3696
2011-07-28 19:00:00,3805.688
2011-07-28 20:00:00,2317.152
2011-07-28 21:00:00,1621.6381
2011-07-28 22:00:00,1264.2653
2011-07-28 23:00:00,1359.3326
2011-07-29 00:00:00,1436.212
2011-07-29 01:00:00,1440.203
2011-07-29 02:00:00,1463.6178
2011-07-29 03:00:00,1464.1598
2011-07-29 04:00:00,1596.8605
2011-07-29 05:00:00,1617.2076
2011-07-29 06:00:00,1606.2404
2011-07-29 07:00:00,1440.711
2011-07-29 08:00:00,1391.8928
2011-07-29 09:00:00,9417.237
2011-07-29 10:00:00,13979.048
2011-07-29 11:00:00,16349.463
2011-07-29 12:00:00,19282.998
2011-07-29 13:00:00,15921.628
2011-07-29 14:00:00,19249.158
2011-07-29 15:00:00,19318.543
2011-07-29 16:00:00,20829.428
2011-07-29 17:00:00,19425.668
2011-07-29 18:00:00,17429.764
2011-07-29 19:00:00,12483.162
2011-07-29 20:00:00,12907.238
2011-07-29 21:00:00,7382.6294
2011-07-29 22:00:00,6040.3027
2011-07-29 23:00:00,3713.5876
2011-07-30 00:00:00,2750.1995
2011-07-30 01:00:00,2414.999
2011-07-30 02:00:00,2436.111
2011-07-30 03:00:00,1188.1396
2011-07-30 04:00:00,1180.5157
2011-07-30 05:00:00,1247.7362
2011-07-30 06:00:00,1248.6652
2011-07-30 07:00:00,1237.6489
2011-07-30 08:00:00,2665.4817
2011-07-30 09:00:00,8559.837
2011-07-30 10:00:00,11030.438
2011-07-30 11:00:00,12618.29
2011-07-30 12:00:00,14138.118
2011-07-30 13:00:00,14372.843
2011-07-30 14:00:00,15321.495
2011-07-30 15:00:00,16641.396
2011-07-30 16:00:00,18038.145
2011-07-30 17:00:00,16789.064
2011-07-30 18:00:00,16879.248
2011-07-30 19:00:00,10547.649
2011-07-30 20:00:00,7649.8022
2011-07-30 21:00:00,5741.6235
2011-07-30 22:00:00,3652.1074
2011-07-30 23:00:00,2417.556
2011-07-31 00:00:00,2415.5286
2011-07-31 01:00:00,1169.972
2011-07-31 02:00:00,1190.1112
2011-07-31 03:00:00,1184.1027
2011-07-31 04:00:00,1260.1034
2011-07-31 05:00:00,1239.7391
2011-07-31 06:00:00,1256.4293
2011-07-31 07:00:00,1484.0209
2011-07-31 08:00:00,2931.6423
2011-07-31 09:00:00,5183.138
2011-07-31 10:00:00,12179.922
2011-07-31 11:00:00,16458.154
2011-07-31 12:00:00,17354.494
2011-07-31 13:00:00,15500.077
2011-07-31 14:00:00,15951.376
2011-07-31 15:00:00,16521.797
2011-07-31 16:00:00,15642.497
2011-07-31 17:00:00,11898.466
2011-07-31 18:00:00,12114.642
2011-07-31 19:00:00,4871.744
2011-07-31 20:00:00,4873.919
2011-07-31 21:00:00,3108.9807
2011-07-31 22:00:00,1258.1368
2011-07-31 23:00:00,1204.7814
2011-08-20 00:00:00,1783.7303
2011-08-20 01:00:00,1684.7675
2011-08-20 02:00:00,1563.6453
2011-08-20 03:00:00,1564.0575
2011-08-20 04:00:00,1776.128
2011-08-20 05:00:00,1690.821
2011-08-20 06:00:00,1612.7307
2011-08-20 07:00:00,1687.6989
2011-08-20 08:00:00,1278.1349
2011-08-20 09:00:00,1166.276
2011-08-20 10:00:00,1146.5756
2011-08-20 11:00:00,1236.6329
2011-08-20 12:00:00,1482.8715
2011-08-20 13:00:00,2506.3784
2011-08-20 14:00:00,5950.0757
2011-08-20 15:00:00,8077.4927
2011-08-20 16:00:00,6723.2354
2011-08-20 17:00:00,5922.8823
2011-08-20 18:00:00,2539.1633
2011-08-20 19:00:00,1206.078
2011-08-20 20:00:00,1218.5638
2011-08-20 21:00:00,1262.0161
2011-08-20 22:00:00,1343.9318
2011-08-20 23:00:00,1355.0685
2011-08-21 00:00:00,1335.7692
2011-08-21 01:00:00,1485.394
2011-08-21 02:00:00,1494.3907
2011-08-21 03:00:00,1579.8654
2011-08-21 04:00:00,1576.2628
2011-08-21 05:00:00,1672.8986
2011-08-21 06:00:00,1680.3456
2011-08-21 07:00:00,1552.6115
2011-08-21 08:00:00,1477.8163
2011-08-21 09:00:00,1327.5712
2011-08-21 10:00:00,1326.4457
2011-08-21 11:00:00,2733.1792
2011-08-21 12:00:00,4199.0693
2011-08-21 13:00:00,4145.2407
2011-08-21 14:00:00,1428.589
2011-08-21 15:00:00,1576.8026
2011-08-21 16:00:00,1460.2516
2011-08-21 17:00:00,1464.82
2011-08-21 18:00:00,1440.8527
2011-08-21 19:00:00,1258.0204
2011-08-21 20:00:00,1468.024
2011-08-21 21:00:00,1468.097
2011-08-21 22:00:00,1475.4149
2011-08-21 23:00:00,1350.9022
2011-08-22 00:00:00,1495.3539
2011-08-22 01:00:00,1516.8221
2011-08-22 02:00:00,1165.8031
2011-08-22 03:00:00,1168.4131
2011-08-22 04:00:00,1160.3866
2011-08-22 05:00:00,1160.8014
2011-08-22 06:00:00,1091.6846
2011-08-22 07:00:00,1121.7821
2011-08-22 08:00:00,1123.508
2011-08-22 09:00:00,1876.1023
2011-08-22 10:00:00,4110.604
2011-08-22 11:00:00,11868.075
2011-08-22 12:00:00,13290.821
2011-08-22 13:00:00,15108.374
2011-08-22 14:00:00,14284.585
2011-08-22 15:00:00,13215.884
2011-08-22 16:00:00,14320.951
2011-08-22 17:00:00,14550.72
2011-08-22 18:00:00,13570.813
2011-08-22 19:00:00,12083.153
2011-08-22 20:00:00,7551.932
2011-08-22 21:00:00,5666.692
2011-08-22 22:00:00,6450.7407
2011-08-22 23:00:00,4651.139
2011-08-23 00:00:00,3635.0898
2011-08-23 01:00:00,970.65686
2011-08-23 02:00:00,916.17303
2011-08-23 03:00:00,947.3174
2011-08-23 04:00:00,998.1176
2011-08-23 05:00:00,995.6491
2011-08-23 06:00:00,1094.0829
2011-08-23 07:00:00,1890.0543
2011-08-23 08:00:00,1513.8402
2011-08-23 09:00:00,3434.8076
2011-08-23 10:00:00,5856.6816
2011-08-23 11:00:00,7598.0435
2011-08-23 12:00:00,5702.604
2011-08-23 13:00:00,10315.151
2011-08-23 14:00:00,10039.183
2011-08-23 15:00:00,9560.953
2011-08-23 16:00:00,9426.958
2011-08-23 17:00:00,9488.804
2011-08-23 18:00:00,9002.231
2011-08-23 19:00:00,2402.703
2011-08-23 20:00:00,1669.8063
2011-08-23 21:00:00,1041.7521
2011-08-23 22:00:00,1046.3779
2011-08-23 23:00:00,1105.7609
2011-08-24 00:00:00,1024.634
2011-08-24 01:00:00,1071.407
2011-08-24 02:00:00,1285.414
2011-08-24 03:00:00,1285.8461
2011-08-24 04:00:00,1416.4852
2011-08-24 05:00:00,1416.9115
2011-08-24 06:00:00,1464.6335
2011-08-24 07:00:00,1154.9921
2011-08-24 08:00:00,1274.4005
2011-08-24 09:00:00,1243.5935
2011-08-24 10:00:00,1511.2833
2011-08-24 11:00:00,2843.3547
2011-08-24 12:00:00,3037.0024
2011-08-24 13:00:00,5816.167
2011-08-24 14:00:00,5799.9136
2011-08-24 15:00:00,6306.858
2011-08-24 16:00:00,4784.1313
2011-08-24 17:00:00,4549.233
2011-08-24 18:00:00,2976.1897
2011-08-24 19:00:00,2975.4216
2011-08-24 20:00:00,1963.9552
2011-08-24 21:00:00,1455.2748
2011-08-24 22:00:00,1226.3563
2011-08-24 23:00:00,1242.1543
2011-08-25 00:00:00,1334.4933
2011-08-25 01:00:00,1231.7645
2011-08-25 02:00:00,1232.4427
2011-08-25 03:00:00,1338.5487
2011-08-25 04:00:00,1412.0591
2011-08-25 05:00:00,1502.7772
2011-08-25 06:00:00,1536.944
2011-08-25 07:00:00,1438.904
2011-08-25 08:00:00,1323.2423
2011-08-25 09:00:00,1251.7645
2011-08-25 10:00:00,1254.0712
2011-08-25 11:00:00,1491.7318
2011-08-25 12:00:00,1491.7092
2011-08-25 13:00:00,1493.1547
2011-08-25 14:00:00,1348.421
2011-08-25 15:00:00,1262.639
2011-08-25 16:00:00,1619.0106
2011-08-25 17:00:00,1619.2668
2011-08-25 18:00:00,1590.7975
2011-08-25 19:00:00,1430.4281
2011-08-25 20:00:00,1434.1998
2011-08-25 21:00:00,1458.7374
2011-08-25 22:00:00,1685.7767
2011-08-25 23:00:00,1644.6293
2011-08-26 00:00:00,1614.1431
2011-08-26 01:00:00,1676.7408
2011-08-26 02:00:00,1719.3484
2011-08-26 03:00:00,1734.5979
2011-08-26 04:00:00,1783.8734
2011-08-26 05:00:00,1773.044
2011-08-26 06:00:00,1785.8497
2011-08-26 07:00:00,1676.1056
2011-08-26 08:00:00,1618.4828
2011-08-26 09:00:00,1370.7406
2011-08-26 10:00:00,1197.2887
2011-08-26 11:00:00,1370.161
2011-08-26 12:00:00,1254.5634
2011-08-26 13:00:00,2471.4856
2011-08-26 14:00:00,2705.057
2011-08-26 15:00:00,3354.9407
2011-08-26 16:00:00,1637.9268
2011-08-26 17:00:00,1329.8381
2011-08-26 18:00:00,1339.0917
2011-08-26 19:00:00,1464.8655
2011-08-26 20:00:00,1467.2756
2011-08-26 21:00:00,1456.0524
2011-08-26 22:00:00,1465.3544
2011-08-26 23:00:00,1636.8694
2011-08-27 00:00:00,1625.5262
2011-08-27 01:00:00,1607.3882
2011-08-27 02:00:00,1599.4279
2011-08-27 03:00:00,1582.1143
2011-08-27 04:00:00,1582.6438
2011-08-27 05:00:00,1556.11
2011-08-27 06:00:00,1556.6456
2011-08-27 07:00:00,1538.5387
2011-08-27 08:00:00,1574.851
2011-08-27 09:00:00,1524.8834
2011-08-27 10:00:00,1426.9376
2011-08-27 11:00:00,1615.7452
2011-08-27 12:00:00,1496.3633
2011-08-27 13:00:00,1511.1099
2011-08-27 14:00:00,1592.181
2011-08-27 15:00:00,1593.8085
2011-08-27 16:00:00,1604.0447
2011-08-27 17:00:00,1574.3328
2011-08-28 07:00:00,1509.7794
2011-08-28 08:00:00,1498.2891
2011-08-28 09:00:00,1334.9679
2011-08-28 10:00:00,2329.507
2011-08-28 11:00:00,2070.9514
2011-08-28 12:00:00,4232.3184
2011-08-28 13:00:00,6808.9355
2011-08-28 14:00:00,10228.614
2011-08-28 15:00:00,8735.106
2011-08-28 16:00:00,14375.987
2011-08-28 17:00:00,8936.076
2011-08-28 18:00:00,6491.114
2011-08-28 19:00:00,3536.6252
2011-08-28 20:00:00,4355.5225
2011-08-28 21:00:00,1102.4261
2011-08-28 22:00:00,1275.704
2011-08-28 23:00:00,1408.7289
2011-08-29 00:00:00,1393.1356
2011-08-29 01:00:00,1300.0953
2011-08-29 02:00:00,1280.8756
2011-08-29 03:00:00,1300.4327
2011-08-29 04:00:00,1291.734
2011-08-29 05:00:00,1405.2207
2011-08-29 06:00:00,1405.653
2011-08-29 07:00:00,1070.5306
2011-08-29 08:00:00,1062.5667
2011-08-29 09:00:00,1448.3617
2011-08-29 10:00:00,3121.52
2011-08-29 11:00:00,2855.7527
2011-08-29 12:00:00,4559.5312
2011-08-29 13:00:00,5308.387
2011-08-29 14:00:00,4590.2983
2011-08-29 15:00:00,5068.2095
2011-08-29 16:00:00,5564.2876
2011-08-29 17:00:00,4156.101
2011-08-29 18:00:00,3312.2136
2011-08-29 19:00:00,3314.1677
2011-08-29 20:00:00,1237.9618
2011-08-29 21:00:00,1338.3866
2011-08-29 22:00:00,1046.3779
2011-08-29 23:00:00,1089.3331
2011-08-30 00:00:00,1403.0586
2011-08-30 01:00:00,1298.985
2011-08-30 02:00:00,1421.5328
2011-08-30 03:00:00,1381.9823
2011-08-30 04:00:00,1477.0404
2011-08-30 05:00:00,1514.9567
2011-08-30 06:00:00,1423.7833
2011-08-30 07:00:00,1293.101
2011-08-30 08:00:00,1032.4634
2011-08-30 09:00:00,2372.038
2011-08-30 10:00:00,6724.9644
2011-08-30 11:00:00,7838.482
2011-08-30 12:00:00,6347.494
2011-08-30 13:00:00,7991.9507
2011-08-30 14:00:00,9603.075
2011-08-30 15:00:00,9321.6045
2011-08-30 16:00:00,7609.7373
2011-08-30 17:00:00,5753.051
2011-08-30 18:00:00,4218.824
2011-08-30 19:00:00,1825.7421
2011-08-30 20:00:00,1694.5858
2011-08-30 21:00:00,1179.2914
2011-08-30 22:00:00,1108.4283
2011-08-30 23:00:00,1109.2262
2011-08-31 00:00:00,1314.4398
2011-08-31 01:00:00,1314.5785
2011-08-31 02:00:00,1462.9525
2011-08-31 03:00:00,1578.0277
2011-08-31 04:00:00,1463.7928
2011-08-31 05:00:00,1638.5819
2011-08-31 06:00:00,1559.7693
2011-08-31 07:00:00,1566.265
2011-08-31 08:00:00,1296.5938
2011-08-31 09:00:00,1270.4127
2011-08-31 10:00:00,3893.9048
2011-08-31 11:00:00,5421.3706
2011-08-31 12:00:00,5575.703
2011-08-31 13:00:00,7072.82
2011-08-31 14:00:00,6443.679
2011-08-31 15:00:00,6429.3994
2011-08-31 16:00:00,5907.391
2011-08-31 17:00:00,4542.318
2011-08-31 18:00:00,2885.9963
2011-08-31 19:00:00,8164.944
2011-08-31 20:00:00,1063.794
2011-08-31 21:00:00,1105.1648
2011-08-31 22:00:00,1294.2169
2011-08-31 23:00:00,1526.2316
2011-09-20 00:00:00,1379.9689
2011-09-20 01:00:00,1691.8917
2011-09-20 02:00:00,1692.6305
2011-09-20 03:00:00,1560.5271
2011-09-20 04:00:00,1691.5226
2011-09-20 05:00:00,1680.481
2011-09-20 06:00:00,1681.1884
2011-09-20 07:00:00,1696.2894
2011-09-20 08:00:00,1773.4288
2011-09-20 09:00:00,1787.1803
2011-09-20 10:00:00,1685.809
2011-09-20 11:00:00,1686.5616
2011-09-20 12:00:00,1825.2146
2011-09-20 13:00:00,1840.0938
2011-09-20 14:00:00,1686.1748
2011-09-20 15:00:00,1503.2457
2011-09-20 16:00:00,1599.3365
2011-09-20 17:00:00,1640.5142
2011-09-20 18:00:00,1641.1974
2011-09-20 19:00:00,1794.5796
2011-09-20 20:00:00,1916.3564
2011-09-20 21:00:00,1917.2806
2011-09-20 22:00:00,1918.1791
2011-09-20 23:00:00,1919.0548
2011-09-21 00:00:00,2018.9308
2011-09-21 01:00:00,1896.4879
2011-09-21 02:00:00,1897.6427
2011-09-21 03:00:00,1849.7991
2011-09-21 04:00:00,1957.8451
2011-09-21 05:00:00,1946.3883
2011-09-21 06:00:00,1934.9722
2011-09-21 07:00:00,1935.7579
2011-09-21 08:00:00,1973.1315
2011-09-21 09:00:00,1978.6835
2011-09-21 10:00:00,1775.7216
2011-09-21 11:00:00,1595.7355
2011-09-21 12:00:00,1503.538
2011-09-21 13:00:00,1377.9862
2011-09-21 14:00:00,1371.3075
2011-09-21 15:00:00,1387.0107
2011-09-21 16:00:00,1386.8754
2011-09-21 17:00:00,1369.6434
2011-09-21 18:00:00,1586.5084
2011-09-21 19:00:00,1893.9462
2011-09-21 20:00:00,1894.817
2011-09-21 21:00:00,1989.1709
2011-09-21 22:00:00,1907.7863
2011-09-21 23:00:00,1871.8004
2011-09-22 00:00:00,1850.8698
2011-09-22 01:00:00,1847.4951
2011-09-22 02:00:00,1842.171
2011-09-22 03:00:00,1849.604
2011-09-22 04:00:00,1850.5157
2011-09-22 05:00:00,1844.9923
2011-09-22 06:00:00,1955.3093
2011-09-22 07:00:00,1968.7931
2011-09-22 08:00:00,1944.7388
2011-09-22 09:00:00,1807.0582
2011-09-22 10:00:00,1690.7902
2011-09-22 11:00:00,1704.942
2011-09-22 12:00:00,1586.9613
2011-09-22 13:00:00,1578.5022
2011-09-22 14:00:00,1570.8275
2011-09-22 15:00:00,1495.5956
2011-09-22 16:00:00,1362.4531
2011-09-22 17:00:00,1502.681
2011-09-22 18:00:00,1620.0546
2011-09-22 19:00:00,1761.1813
2011-09-22 20:00:00,1843.9772
2011-09-22 21:00:00,1762.5477
2011-09-22 22:00:00,1989.8756
2011-09-22 23:00:00,1908.6595
2011-09-23 00:00:00,1834.8647
2011-09-23 01:00:00,1996.0132
2011-09-23 02:00:00,1952.2548
2011-09-23 03:00:00,1997.7341
2011-09-23 04:00:00,1988.8524
2011-09-23 05:00:00,1878.944
2011-09-23 06:00:00,1840.6041
2011-09-23 07:00:00,1809.82
2011-09-23 08:00:00,1810.5715
2011-09-23 09:00:00,1934.7509
2011-09-23 10:00:00,1948.8741
2011-09-23 11:00:00,1949.971
2011-09-23 12:00:00,1827.9371
2011-09-23 13:00:00,1958.2501
2011-09-23 14:00:00,1959.0358
2011-09-23 15:00:00,1830.2017
2011-09-23 16:00:00,1878.3021
2011-09-23 17:00:00,2012.1293
2011-09-23 18:00:00,2023.2822
2011-09-23 19:00:00,1842.9398
2011-09-23 20:00:00,1902.8865
2011-09-23 21:00:00,1954.5752
2011-09-23 22:00:00,1830.6327
2011-09-23 23:00:00,1959.1837
2011-09-24 00:00:00,1973.1902
2011-09-24 01:00:00,1841.6456
2011-09-24 02:00:00,1842.7943
2011-09-24 03:00:00,1893.9718
2011-09-24 04:00:00,1848.274
2011-09-24 05:00:00,1838.6134
2011-09-24 06:00:00,1839.762
2011-09-24 07:00:00,1718.0156
2011-09-24 08:00:00,1767.0326
2011-09-24 09:00:00,1728.4767
2011-09-24 10:00:00,1729.3479
2011-09-24 11:00:00,1623.6525
2011-09-24 12:00:00,1624.0824
2011-09-24 13:00:00,1554.2798
2011-09-24 14:00:00,1379.4755
2011-09-24 15:00:00,1379.3268
2011-09-24 16:00:00,1501.5891
2011-09-24 17:00:00,1391.3477
2011-09-24 18:00:00,1509.2882
2011-09-24 19:00:00,1791.2706
2011-09-24 20:00:00,1682.3638
2011-09-24 21:00:00,1640.3846
2011-09-24 22:00:00,1781.9281
2011-09-24 23:00:00,1738.5785
2011-09-25 00:00:00,1758.9586
2011-09-25 01:00:00,1714.1229
2011-09-25 02:00:00,1869.5924
2011-09-25 03:00:00,1870.7523
2011-09-25 04:00:00,1813.3541
2011-09-25 05:00:00,1736.0133
2011-09-25 06:00:00,1718.8241
2011-09-25 07:00:00,1827.4242
2011-09-25 08:00:00,1768.7662
2011-09-25 09:00:00,1659.8568
2011-09-25 10:00:00,1660.2762
2011-09-25 11:00:00,1477.9044
2011-09-25 12:00:00,1528.4773
2011-09-25 13:00:00,1380.6178
2011-09-25 14:00:00,1528.6008
2011-09-25 15:00:00,1528.6616
2011-09-25 16:00:00,1274.32
2011-09-25 17:00:00,1393.2943
2011-09-25 18:00:00,1393.6769
2011-09-25 19:00:00,1616.9811
2011-09-25 20:00:00,1636.1887
2011-09-25 21:00:00,1872.0397
2011-09-25 22:00:00,1749.9414
2011-09-25 23:00:00,1855.4866
2011-09-26 00:00:00,1874.2198
2011-09-26 01:00:00,1708.4908
2011-09-26 02:00:00,1709.2129
2011-09-26 03:00:00,1877.0546
2011-09-26 04:00:00,1838.6914
2011-09-26 05:00:00,1759.3745
2011-09-26 06:00:00,1840.6041
2011-09-26 07:00:00,1880.8334
2011-09-26 08:00:00,1881.778
2011-09-26 09:00:00,1690.5751
2011-09-26 10:00:00,1691.3357
2011-09-26 11:00:00,1473.1376
2011-09-26 12:00:00,1481.041
2011-09-26 13:00:00,1328.2463
2011-09-26 14:00:00,1249.11
2011-09-26 15:00:00,1132.4742
2011-09-26 16:00:00,1152.5493
2011-09-26 17:00:00,1252.5702
2011-09-26 18:00:00,1612.4763
2011-09-26 19:00:00,1596.5721
2011-09-26 20:00:00,1740.4717
2011-09-26 21:00:00,1741.1794
2011-09-26 22:00:00,1845.0696
2011-09-26 23:00:00,1845.7798
2011-09-27 00:00:00,1826.5858
2011-09-27 01:00:00,1814.5778
2011-09-27 02:00:00,1841.4667
2011-09-27 03:00:00,1877.0544
2011-09-27 04:00:00,1827.5243
2011-09-27 05:00:00,1828.4375
2011-09-27 06:00:00,1834.0782
2011-09-27 07:00:00,1834.9773
2011-09-27 08:00:00,1733.9865
2011-09-27 09:00:00,1679.2128
2011-09-27 10:00:00,1797.2201
2011-09-27 11:00:00,1736.2147
2011-09-27 12:00:00,1722.1185
2011-09-27 13:00:00,1320.2994
2011-09-27 14:00:00,1500.4283
2011-09-27 15:00:00,1594.629
2011-09-27 16:00:00,1567.91
2011-09-27 17:00:00,1697.7244
2011-09-27 18:00:00,1683.7267
2011-09-27 19:00:00,1727.4928
2011-09-27 20:00:00,1556.2073
2011-09-27 21:00:00,1680.6874
2011-09-27 22:00:00,1743.1713
2011-09-27 23:00:00,1743.8788
2011-09-28 00:00:00,1763.9792
2011-09-28 01:00:00,1764.9337
2011-09-28 02:00:00,1648.0719
2011-09-28 03:00:00,1836.4846
2011-09-28 04:00:00,1767.7985
2011-09-28 05:00:00,1877.295
2011-09-28 06:00:00,1795.6893
2011-09-28 07:00:00,1796.4086
2011-09-28 08:00:00,1767.7921
2011-09-28 09:00:00,1768.5795
2011-09-28 10:00:00,1883.6667
2011-09-28 11:00:00,1596.6085
2011-09-28 12:00:00,1520.6498
2011-09-28 13:00:00,1319.8326
2011-09-28 14:00:00,1169.7432
2011-09-28 15:00:00,1251.2273
2011-09-28 16:00:00,1246.7687
2011-09-28 17:00:00,1243.7357
2011-09-28 18:00:00,1542.0504
2011-09-28 19:00:00,1542.8234
2011-09-28 20:00:00,1522.5067
2011-09-28 21:00:00,1641.3969
2011-09-28 22:00:00,1743.1713
2011-09-28 23:00:00,1845.4552
2011-09-29 00:00:00,1798.6002
2011-09-29 01:00:00,1915.0647
2011-09-29 02:00:00,1915.8502
2011-09-29 03:00:00,1790.7876
2011-09-29 04:00:00,1666.1229
2011-09-29 05:00:00,1710.7582
2011-09-29 06:00:00,1719.0631
2011-09-29 07:00:00,1709.9812
2011-09-29 08:00:00,1673.2286
2011-09-29 09:00:00,1454.0842
2011-09-29 10:00:00,1151.1173
2011-09-29 11:00:00,1077.849
2011-09-29 12:00:00,1075.4429
2011-09-29 13:00:00,1075.6588
2011-09-29 14:00:00,2647.569
2011-09-29 15:00:00,4618.491
2011-09-29 16:00:00,6233.5415
2011-09-29 17:00:00,3380.447
2011-09-29 18:00:00,4453.307
2011-09-29 19:00:00,1373.89
2011-09-29 20:00:00,1011.9801
2011-09-29 21:00:00,1004.41693
2011-09-29 22:00:00,1340.4823
2011-09-29 23:00:00,1508.637
2011-09-30 00:00:00,1612.8448
2011-09-30 01:00:00,1499.2601
2011-09-30 02:00:00,1614.7587
2011-09-30 03:00:00,1615.7155
2011-09-30 04:00:00,1575.5028
2011-09-30 05:00:00,1576.2098
2011-09-30 06:00:00,1562.535
2011-09-30 07:00:00,1563.2775
2011-09-30 08:00:00,1482.9336
2011-09-30 09:00:00,1373.5612
2011-09-30 10:00:00,1165.7136
2011-09-30 11:00:00,1023.33594
2011-09-30 12:00:00,1047.1951
2011-09-30 13:00:00,3732.0906
2011-09-30 14:00:00,3345.212
2011-09-30 15:00:00,2352.8499
2011-09-30 16:00:00,1235.2057
2011-09-30 17:00:00,1124.3268
2011-09-30 18:00:00,1743.0814
2011-09-30 19:00:00,927.7593
2011-09-30 20:00:00,930.1783
2011-09-30 21:00:00,981.1318
2011-09-30 22:00:00,981.89325
2011-09-30 23:00:00,982.61664
2011-10-20 00:00:00,1753.4243
2011-10-20 01:00:00,1605.9725
2011-10-20 02:00:00,1583.5167
2011-10-20 03:00:00,1467.586
2011-10-20 04:00:00,1468.5018
2011-10-20 05:00:00,1495.8754
2011-10-20 06:00:00,1492.5277
2011-10-20 07:00:00,1387.828
2011-10-20 08:00:00,1148.6693
2011-10-20 09:00:00,1156.7755
2011-10-20 10:00:00,1028.4746
2011-10-20 11:00:00,1011.3443
2011-10-20 12:00:00,1235.4413
2011-10-20 13:00:00,2025.7098
2011-10-20 14:00:00,1348.2452
2011-10-20 15:00:00,1029.4205
2011-10-20 16:00:00,1034.5013
2011-10-20 17:00:00,1082.548
2011-10-20 18:00:00,908.5097
2011-10-20 19:00:00,918.55414
2011-10-20 20:00:00,914.589
2011-10-20 21:00:00,910.989
2011-10-20 22:00:00,915.0654
2011-10-20 23:00:00,1054.5868
2011-10-21 00:00:00,1116.3324
2011-10-21 01:00:00,1126.2983
2011-10-21 02:00:00,1237.895
2011-10-21 03:00:00,1360.47
2011-10-21 04:00:00,1349.0089
2011-10-21 05:00:00,1446.1068
2011-10-21 06:00:00,1350.5751
2011-10-21 07:00:00,1351.3578
2011-10-21 08:00:00,1143.6309
2011-10-21 09:00:00,1079.0643
2011-10-21 10:00:00,909.79974
2011-10-21 11:00:00,826.461
2011-10-21 12:00:00,1068.3236
2011-10-21 13:00:00,886.1219
2011-10-21 14:00:00,1818.8771
2011-10-21 15:00:00,1020.39764
2011-10-21 16:00:00,899.6743
2011-10-21 17:00:00,903.9145
2011-10-21 18:00:00,966.3876
2011-10-21 19:00:00,965.13226
2011-10-21 20:00:00,973.6934
2011-10-21 21:00:00,1085.9246
2011-10-21 22:00:00,1006.037
2011-10-21 23:00:00,1142.7642
2011-10-22 00:00:00,1144.0184
2011-10-22 01:00:00,1144.7327
2011-10-22 02:00:00,1122.6415
2011-10-22 03:00:00,1174.6674
2011-10-22 04:00:00,1277.7562
2011-10-22 05:00:00,1318.0016
2011-10-22 06:00:00,1421.1273
2011-10-22 07:00:00,1486.6061
2011-10-22 08:00:00,1423.701
2011-10-22 09:00:00,1304.111
2011-10-22 10:00:00,1182.192
2011-10-22 11:00:00,1182.8997
2011-10-22 12:00:00,1039.1891
2011-10-22 13:00:00,799.4023
2011-10-22 14:00:00,844.0704
2011-10-22 15:00:00,902.4303
2011-10-22 16:00:00,800.2608
2011-10-22 17:00:00,1029.9696
2011-10-22 18:00:00,1026.0702
2011-10-22 19:00:00,1354.0231
2011-10-22 20:00:00,1353.3256
2011-10-22 21:00:00,1538.8555
2011-10-22 22:00:00,1539.7153
2011-10-22 23:00:00,1664.7416
2011-10-23 00:00:00,1728.6195
2011-10-23 01:00:00,1729.0697
2011-10-23 02:00:00,1699.2643
2011-10-23 03:00:00,1732.725
2011-10-23 04:00:00,1733.0455
2011-10-23 05:00:00,1736.0621
2011-10-23 06:00:00,1698.5714
2011-10-23 07:00:00,1706.8392
2011-10-23 08:00:00,1698.3121
2011-10-23 09:00:00,1526.3102
2011-10-23 10:00:00,1386.6676
2011-10-23 11:00:00,1373.5243
2011-10-23 12:00:00,1066.8312
2011-10-23 13:00:00,976.3251
2011-10-23 14:00:00,975.2574
2011-10-23 15:00:00,918.562
2011-10-23 16:00:00,978.6224
2011-10-23 17:00:00,1196.1255
2011-10-23 18:00:00,1207.0635
2011-10-23 19:00:00,1558.2428
2011-10-23 20:00:00,1416.3925
2011-10-23 21:00:00,1417.2303
2011-10-23 22:00:00,1514.7677
2011-10-23 23:00:00,1490.8392
2011-10-24 00:00:00,1533.1738
2011-10-24 01:00:00,1586.3868
2011-10-24 02:00:00,1703.9264
2011-10-24 03:00:00,1606.1857
2011-10-24 04:00:00,1633.9878
2011-10-24 05:00:00,1729.8816
2011-10-24 06:00:00,1708.4318
2011-10-24 07:00:00,1838.0936
2011-10-24 08:00:00,1695.5817
2011-10-24 09:00:00,1567.08
2011-10-24 10:00:00,1526.7106
2011-10-24 11:00:00,1354.3242
2011-10-24 12:00:00,1294.3434
2011-10-24 13:00:00,1163.097
2011-10-24 14:00:00,1174.6088
2011-10-24 15:00:00,1074.9519
2011-10-24 16:00:00,1186.9292
2011-10-24 17:00:00,1296.3942
2011-10-24 18:00:00,1105.7288
2011-10-24 19:00:00,1632.6848
2011-10-24 20:00:00,1608.8568
2011-10-24 21:00:00,1715.3386
2011-10-24 22:00:00,1436.605
2011-10-24 23:00:00,1515.274
2011-10-25 00:00:00,1475.3208
2011-10-25 01:00:00,1476.1156
2011-10-25 02:00:00,1585.0032
2011-10-25 03:00:00,1729.538
2011-10-25 04:00:00,1696.438
2011-10-25 05:00:00,1697.6173
2011-10-25 06:00:00,1604.6759
2011-10-25 07:00:00,1439.5254
2011-10-25 08:00:00,1438.9106
2011-10-25 09:00:00,985.109
2011-10-25 10:00:00,893.64374
2011-10-25 11:00:00,904.5704
2011-10-25 12:00:00,3320.4783
2011-10-25 13:00:00,5064.32
2011-10-25 14:00:00,2831.4556
2011-10-25 15:00:00,2991.951
2011-10-25 16:00:00,3321.0154
2011-10-25 17:00:00,2999.5283
2011-10-25 18:00:00,987.3842
2011-10-25 19:00:00,1255.9789
2011-10-25 20:00:00,1298.7832
2011-10-25 21:00:00,1388.5026
2011-10-25 22:00:00,1256.7579
2011-10-25 23:00:00,1389.9171
2011-10-26 00:00:00,1345.2184
2011-10-26 01:00:00,1216.3389
2011-10-26 02:00:00,1256.1154
2011-10-26 03:00:00,1229.9103
2011-10-26 04:00:00,1302.7484
2011-10-26 05:00:00,1316.5629
2011-10-26 06:00:00,1317.3043
2011-10-26 07:00:00,1344.2549
2011-10-26 08:00:00,1236.2184
2011-10-26 09:00:00,1148.1481
2011-10-26 10:00:00,1113.1049
2011-10-26 11:00:00,1045.7837
2011-10-26 12:00:00,957.68964
2011-10-26 13:00:00,1072.8484
2011-10-26 14:00:00,1539.3147
2011-10-26 15:00:00,1540.1876
2011-10-26 16:00:00,1498.3182
2011-10-26 17:00:00,1491.6085
2011-10-26 18:00:00,1475.0631
2011-10-26 19:00:00,1655.3395
2011-10-26 20:00:00,1779.0079
2011-10-26 21:00:00,1545.4293
2011-10-26 22:00:00,1731.9363
2011-10-26 23:00:00,1732.7477
2011-10-27 00:00:00,1871.5021
2011-10-27 01:00:00,1873.0592
2011-10-27 02:00:00,1864.4498
2011-10-27 03:00:00,1865.6863
2011-10-27 04:00:00,1743.8549
2011-10-27 05:00:00,1708.0403
2011-10-27 06:00:00,1620.8264
2011-10-27 07:00:00,1848.1212
2011-10-27 08:00:00,1667.6971
2011-10-27 09:00:00,1561.2166
2011-10-27 10:00:00,1666.3722
2011-10-27 11:00:00,1692.5784
2011-10-27 12:00:00,1693.3641
2011-10-27 13:00:00,1691.6986
2011-10-27 14:00:00,1660.7101
2011-10-27 15:00:00,1614.7517
2011-10-27 16:00:00,1377.5973
2011-10-27 17:00:00,1282.2108
2011-10-27 18:00:00,1189.9187
2011-10-27 19:00:00,1185.0233
2011-10-27 20:00:00,1175.5596
2011-10-27 21:00:00,1075.8724
2011-10-27 22:00:00,1203.7491
2011-10-27 23:00:00,1102.7919
2011-10-28 00:00:00,1212.9066
2011-10-28 01:00:00,1219.0343
2011-10-28 02:00:00,1213.5834
2011-10-28 03:00:00,1302.3352
2011-10-28 04:00:00,1198.9265
2011-10-28 05:00:00,1116.1393
2011-10-28 06:00:00,1211.5542
2011-10-28 07:00:00,1212.4506
2011-10-28 08:00:00,1118.7244
2011-10-28 09:00:00,1041.9178
2011-10-28 10:00:00,1038.4446
2011-10-28 11:00:00,893.3026
2011-10-28 12:00:00,696.4298
2011-10-28 13:00:00,737.5994
2011-10-28 14:00:00,819.7493
2011-10-28 15:00:00,757.12274
2011-10-28 16:00:00,828.46014
2011-10-28 17:00:00,918.8275
2011-10-28 18:00:00,969.2304
2011-10-28 19:00:00,920.41864
2011-10-28 20:00:00,1118.9718
2011-10-28 21:00:00,1328.1659
2011-10-28 22:00:00,1412.8451
2011-10-28 23:00:00,1532.1056
2011-10-29 00:00:00,1628.0697
2011-10-29 01:00:00,1636.1328
2011-10-29 02:00:00,1638.4606
2011-10-29 03:00:00,1500.9863
2011-10-29 04:00:00,1501.9578
2011-10-29 05:00:00,1755.3387
2011-10-29 06:00:00,1646.3964
2011-10-29 07:00:00,1648.461
2011-10-29 08:00:00,1640.045
2011-10-29 09:00:00,1641.1781
2011-10-29 10:00:00,1757.306
2011-10-29 11:00:00,1778.5912
2011-10-29 12:00:00,1732.7428
2011-10-29 13:00:00,1748.0953
2011-10-29 14:00:00,1712.9254
2011-10-29 15:00:00,1771.0137
2011-10-29 16:00:00,1780.1481
2011-10-29 17:00:00,1781.9429
2011-10-29 18:00:00,1783.7386
2011-10-29 19:00:00,1678.9507
2011-10-29 20:00:00,1681.0299
2011-10-29 21:00:00,1683.1097
2011-10-29 22:00:00,1678.8918
2011-10-29 23:00:00,1687.392
2011-10-30 00:00:00,1653.2858
2011-10-30 01:00:00,1646.2977
2011-10-30 02:00:00,1639.7125
2011-10-30 03:00:00,1425.8864
2011-10-30 04:00:00,1517.8634
2011-10-30 05:00:00,1412.8915
2011-10-30 06:00:00,1420.462
2011-10-30 07:00:00,1496.1101
2011-10-30 08:00:00,1332.7897
2011-10-30 09:00:00,1212.87
2011-10-30 10:00:00,1181.6111
2011-10-30 11:00:00,958.3999
2011-10-30 12:00:00,911.5298
2011-10-30 13:00:00,755.1417
2011-10-30 14:00:00,723.0566
2011-10-30 15:00:00,1029.005
2011-10-30 16:00:00,1547.6859
2011-10-30 17:00:00,663.1407
2011-10-30 18:00:00,716.8392
2011-10-30 19:00:00,1146.4171
2011-10-30 20:00:00,1146.3944
2011-10-30 21:00:00,1333.5084
2011-10-30 22:00:00,1513.593
2011-10-30 23:00:00,1749.5964
2011-10-31 00:00:00,1743.538
2011-10-31 01:00:00,1613.07
2011-10-31 02:00:00,1750.2479
2011-10-31 03:00:00,1693.0837
2011-10-31 04:00:00,1749.4359
2011-10-31 05:00:00,1887.8816
2011-10-31 06:00:00,1748.7434
2011-10-31 07:00:00,1879.5641
2011-10-31 08:00:00,1729.0385
2011-10-31 09:00:00,1454.4974
2011-10-31 10:00:00,1045.8846
2011-10-31 11:00:00,921.73615
2011-10-31 12:00:00,769.0842
2011-10-31 13:00:00,772.2274
2011-10-31 14:00:00,826.3365
2011-10-31 15:00:00,830.91974
2011-10-31 16:00:00,1000.63715
2011-10-31 17:00:00,1009.9555
2011-10-31 18:00:00,1283.6718
2011-10-31 19:00:00,1284.3812
2011-10-31 20:00:00,1285.092
2011-10-31 21:00:00,1447.2213
2011-10-31 22:00:00,1448.0101
2011-10-31 23:00:00,1448.7993
2011-11-20 00:00:00,1242.1062
2011-11-20 01:00:00,1121.8575
2011-11-20 02:00:00,1114.3015
2011-11-20 03:00:00,1192.876
2011-11-20 04:00:00,1295.1027
2011-11-20 05:00:00,1212.1693
2011-11-20 06:00:00,1219.4254
2011-11-20 07:00:00,1239.4688
2011-11-20 08:00:00,1296.045
2011-11-20 09:00:00,1372.4132
2011-11-20 10:00:00,1390.039
2011-11-20 11:00:00,1191.2659
2011-11-20 12:00:00,1182.2513
2011-11-20 13:00:00,1083.7948
2011-11-20 14:00:00,1150.2185
2011-11-20 15:00:00,1271.8334
2011-11-20 16:00:00,1181.3397
2011-11-20 17:00:00,1165.1237
2011-11-20 18:00:00,1183.6813
2011-11-20 19:00:00,1396.2843
2011-11-20 20:00:00,1304.7142
2011-11-20 21:00:00,1509.0535
2011-11-20 22:00:00,1729.2454
2011-11-20 23:00:00,1730.0814
2011-11-21 00:00:00,1866.0197
2011-11-21 01:00:00,1791.6842
2011-11-21 02:00:00,1921.4966
2011-11-21 03:00:00,1946.6215
2011-11-21 04:00:00,1947.7604
2011-11-21 05:00:00,1988.2797
2011-11-21 06:00:00,1988.4921
2011-11-21 07:00:00,1817.5735
2011-11-21 08:00:00,1878.4493
2011-11-21 09:00:00,1841.4149
2011-11-21 10:00:00,1656.9315
2011-11-21 11:00:00,1611.733
2011-11-21 12:00:00,1473.254
2011-11-21 13:00:00,1474.0084
2011-11-21 14:00:00,1553.5316
2011-11-21 15:00:00,1792.5688
2011-11-21 16:00:00,1793.3519
2011-11-21 17:00:00,1770.0277
2011-11-21 18:00:00,1682.2191
2011-11-21 19:00:00,1812.2167
2011-11-21 20:00:00,1652.8566
2011-11-21 21:00:00,1677.7528
2011-11-21 22:00:00,1690.7794
2011-11-21 23:00:00,1679.3188
2011-11-22 00:00:00,1821.3668
2011-11-22 01:00:00,1819.7767
2011-11-22 02:00:00,1940.1158
2011-11-22 03:00:00,1941.7142
2011-11-22 04:00:00,1812.9912
2011-11-22 05:00:00,1814.5043
2011-11-22 06:00:00,1836.5028
2011-11-22 07:00:00,1793.4225
2011-11-22 08:00:00,1794.2416
2011-11-22 09:00:00,1865.7031
2011-11-22 10:00:00,1866.9397
2011-11-22 11:00:00,1830.4087
2011-11-22 12:00:00,1963.8341
2011-11-22 13:00:00,1969.5109
2011-11-22 14:00:00,1971.069
2011-11-22 15:00:00,1880.2842
2011-11-22 16:00:00,1881.8412
2011-11-22 17:00:00,1976.2429
2011-11-22 18:00:00,2001.4847
2011-11-22 19:00:00,1842.427
2011-11-22 20:00:00,1930.4182
2011-11-22 21:00:00,1919.0077
2011-11-22 22:00:00,1813.2548
2011-11-22 23:00:00,1790.3766
2011-11-23 00:00:00,1773.2726
2011-11-23 01:00:00,1755.4512
2011-11-23 02:00:00,1726.3381
2011-11-23 03:00:00,1727.1613
2011-11-23 04:00:00,1602.4977
2011-11-23 05:00:00,1803.8049
2011-11-23 06:00:00,1989.3691
2011-11-23 07:00:00,1972.7906
2011-11-23 08:00:00,1840.6324
2011-11-23 09:00:00,1800.4535
2011-11-23 10:00:00,1801.2397
2011-11-23 11:00:00,1280.5249
2011-11-23 12:00:00,984.3678
2011-11-23 13:00:00,977.5311
2011-11-23 14:00:00,941.12726
2011-11-23 15:00:00,951.00946
2011-11-23 16:00:00,1078.7711
2011-11-23 17:00:00,1288.5133
2011-11-23 18:00:00,1015.2631
2011-11-23 19:00:00,1034.0887
2011-11-23 20:00:00,1115.5332
2011-11-23 21:00:00,1002.20386
2011-11-23 22:00:00,1104.2015
2011-11-23 23:00:00,1111.8433
2011-11-24 00:00:00,1035.6868
2011-11-24 01:00:00,1014.2144
2011-11-24 02:00:00,1112.8861
2011-11-24 03:00:00,1244.6115
2011-11-24 04:00:00,1176.3317
2011-11-24 05:00:00,1171.0133
2011-11-24 06:00:00,1177.8978
2011-11-24 07:00:00,1450.1115
2011-11-24 08:00:00,1264.2056
2011-11-24 09:00:00,1215.6185
2011-11-24 10:00:00,1135.8829
2011-11-24 11:00:00,821.17804
2011-11-24 12:00:00,1704.0936
2011-11-24 13:00:00,2897.2449
2011-11-24 14:00:00,5006.5825
2011-11-24 15:00:00,4017.9712
2011-11-24 16:00:00,3220.1516
2011-11-24 17:00:00,2351.065
2011-11-24 18:00:00,936.94696
2011-11-24 19:00:00,1028.2228
2011-11-24 20:00:00,1470.2377
2011-11-24 21:00:00,1365.6022
2011-11-24 22:00:00,1366.6276
2011-11-24 23:00:00,1498.553
2011-11-25 00:00:00,1453.9093
2011-11-25 01:00:00,1502.0853
2011-11-25 02:00:00,1562.2903
2011-11-25 03:00:00,1445.8798
2011-11-25 04:00:00,1452.9724
2011-11-25 05:00:00,1483.221
2011-11-25 06:00:00,1565.9103
2011-11-25 07:00:00,1612.63
2011-11-25 08:00:00,1561.4072
2011-11-25 09:00:00,1511.6278
2011-11-25 10:00:00,1353.7067
2011-11-25 11:00:00,1271.4734
2011-11-25 12:00:00,920.341
2011-11-25 13:00:00,830.0138
2011-11-25 14:00:00,2099.9202
2011-11-25 15:00:00,2853.5613
2011-11-25 16:00:00,1510.8534
2011-11-25 17:00:00,2556.1262
2011-11-25 18:00:00,776.3559
2011-11-25 19:00:00,1346.1322
2011-11-25 20:00:00,1119.0375
2011-11-25 21:00:00,1429.6993
2011-11-25 22:00:00,1395.2086
2011-11-25 23:00:00,1495.8182
2011-11-26 00:00:00,1478.6835
2011-11-26 01:00:00,1479.7965
2011-11-26 02:00:00,1571.9259
2011-11-26 03:00:00,1612.4043
2011-11-26 04:00:00,1612.7494
2011-11-26 05:00:00,1459.2964
2011-11-26 06:00:00,1458.7838
2011-11-26 07:00:00,1691.9545
2011-11-26 08:00:00,1490.9047
2011-11-26 09:00:00,1496.132
2011-11-26 10:00:00,1621.5189
2011-11-26 11:00:00,1195.0653
2011-11-26 12:00:00,966.38495
2011-11-26 13:00:00,779.2223
2011-11-26 14:00:00,847.52515
2011-11-26 15:00:00,868.62976
2011-11-26 16:00:00,831.36163
2011-11-26 17:00:00,832.03326
2011-11-26 18:00:00,1160.4874
2011-11-26 19:00:00,1383.6427
2011-11-26 20:00:00,1149.4545
2011-11-26 21:00:00,1655.642
2011-11-26 22:00:00,1529.9479
2011-11-26 23:00:00,1641.7642
2011-11-27 00:00:00,1607.3605
2011-11-27 01:00:00,1608.4495
2011-11-27 02:00:00,1608.7264
2011-11-27 03:00:00,1732.725
2011-11-27 04:00:00,1698.3751
2011-11-27 05:00:00,1679.6586
2011-11-27 06:00:00,1585.7115
2011-11-27 07:00:00,1667.9691
2011-11-27 08:00:00,1531.618
2011-11-27 09:00:00,1319.2894
2011-11-27 10:00:00,1320.038
2011-11-27 11:00:00,1122.3495
2011-11-27 12:00:00,988.8129
2011-11-27 13:00:00,1091.0435
2011-11-27 14:00:00,5914.412
2011-11-27 15:00:00,4060.578
2011-11-27 16:00:00,915.84064
2011-11-27 17:00:00,995.38763
2011-11-27 18:00:00,1188.2472
2011-11-27 19:00:00,1249.3204
2011-11-27 20:00:00,1159.1603
2011-11-27 21:00:00,1227.4548
2011-11-27 22:00:00,1340.5485
2011-11-27 23:00:00,1341.2977
2011-11-28 00:00:00,1409.3876
2011-11-28 01:00:00,1405.6984
2011-11-28 03:00:00,1674.038
2011-11-28 04:00:00,1602.4972
2011-11-28 05:00:00,1732.6525
2011-11-28 06:00:00,1606.3236
2011-11-28 07:00:00,1758.745
2011-11-28 08:00:00,1871.3202
2011-11-28 09:00:00,1669.7466
2011-11-28 10:00:00,1472.3192
2011-11-28 11:00:00,1293.911
2011-11-28 12:00:00,1084.608
2011-11-28 13:00:00,995.21906
2011-11-28 14:00:00,1003.16327
2011-11-28 15:00:00,1068.329
2011-11-28 16:00:00,1072.291
2011-11-28 17:00:00,987.1943
2011-11-28 18:00:00,1170.4689
2011-11-28 19:00:00,1367.795
2011-11-28 20:00:00,1347.6854
2011-11-28 21:00:00,1438.9025
2011-11-28 22:00:00,1619.986
2011-11-28 23:00:00,1606.1621
2011-11-29 00:00:00,1658.4713
2011-11-29 01:00:00,1620.2708
2011-11-29 02:00:00,1751.2166
2011-11-29 03:00:00,1752.077
2011-11-29 04:00:00,1511.6024
2011-11-29 05:00:00,1642.9819
2011-11-29 06:00:00,1535.9102
2011-11-29 07:00:00,1438.2318
2011-11-29 08:00:00,1413.704
2011-11-29 09:00:00,1295.0056
2011-11-29 10:00:00,1296.1083
2011-11-29 11:00:00,1622.9965
2011-11-29 12:00:00,1495.3297
2011-11-29 13:00:00,1414.0463
2011-11-29 14:00:00,1808.2555
2011-11-29 15:00:00,1619.2058
2011-11-29 16:00:00,1649.7252
2011-11-29 17:00:00,1634.114
2011-11-29 18:00:00,1529.4086
2011-11-29 19:00:00,1523.7433
2011-11-29 20:00:00,1652.912
2011-11-29 21:00:00,1653.7079
2011-11-29 22:00:00,1543.8307
2011-11-29 23:00:00,1410.8103
2011-11-30 00:00:00,1090.4857
2011-11-30 01:00:00,1197.5304
2011-11-30 02:00:00,1330.6235
2011-11-30 03:00:00,1331.4049
2011-11-30 04:00:00,1422.2616
2011-11-30 05:00:00,1543.9965
2011-11-30 06:00:00,1684.945
2011-11-30 07:00:00,1567.2076
2011-11-30 08:00:00,1548.2332
2011-11-30 09:00:00,1412.5331
2011-11-30 10:00:00,1228.17
2011-11-30 11:00:00,957.2696
2011-11-30 12:00:00,939.87335
2011-11-30 13:00:00,823.88934
2011-11-30 14:00:00,830.00714
2011-11-30 15:00:00,812.0747
2011-11-30 16:00:00,812.12244
2011-11-30 17:00:00,866.6056
2011-11-30 18:00:00,869.6318
2011-11-30 19:00:00,1037.901
2011-11-30 20:00:00,1038.744
2011-11-30 21:00:00,942.0096
2011-11-30 22:00:00,1027.105
2011-11-30 23:00:00,952.53613
2011-12-20 00:00:00,1076.2877
2011-12-20 01:00:00,1043.5569
2011-12-20 02:00:00,1195.3346
2011-12-20 03:00:00,1196.195
2011-12-20 04:00:00,983.49225
2011-12-20 05:00:00,1116.436
2011-12-20 06:00:00,1117.3064
2011-12-20 07:00:00,1219.8662
2011-12-20 08:00:00,1005.65027
2011-12-20 09:00:00,1304.5524
2011-12-20 10:00:00,1054.9741
2011-12-20 11:00:00,1148.4253
2011-12-20 12:00:00,991.7347
2011-12-20 13:00:00,992.64636
2011-12-20 14:00:00,1089.621
2011-12-20 15:00:00,1037.0521
2011-12-20 16:00:00,1048.3795
2011-12-20 17:00:00,1163.4368
2011-12-20 18:00:00,1237.1459
2011-12-20 19:00:00,1324.5936
2011-12-20 20:00:00,1324.9095
2011-12-20 21:00:00,1287.4302
2011-12-20 22:00:00,1316.0033
2011-12-20 23:00:00,1234.9889
2011-12-21 00:00:00,1387.1179
2011-12-21 01:00:00,1291.3372
2011-12-21 02:00:00,1440.7509
2011-12-21 03:00:00,1441.6116
2011-12-21 04:00:00,1442.4716
2011-12-21 05:00:00,1630.7255
2011-12-21 06:00:00,1765.7534
2011-12-21 07:00:00,1738.4205
2011-12-21 08:00:00,1882.3817
2011-12-21 09:00:00,1688.2806
2011-12-21 10:00:00,1516.932
2011-12-21 11:00:00,1518.0117
2011-12-21 12:00:00,1647.8434
2011-12-21 13:00:00,1794.3755
2011-12-21 14:00:00,1656.5782
2011-12-21 15:00:00,1652.987
2011-12-21 16:00:00,1913.9846
2011-12-21 17:00:00,1914.8656
2011-12-21 18:00:00,1935.2496
2011-12-21 19:00:00,1787.7384
2011-12-21 20:00:00,1781.162
2011-12-21 21:00:00,1690.5353
2011-12-21 22:00:00,1704.3871
2011-12-21 23:00:00,1731.3622
2011-12-22 00:00:00,1619.821
2011-12-22 01:00:00,1890.2625
2011-12-22 02:00:00,1632.422
2011-12-22 03:00:00,1294.1117
2011-12-22 04:00:00,1626.7281
2011-12-22 05:00:00,1674.7672
2011-12-22 06:00:00,1770.0873
2011-12-22 07:00:00,1890.0741
2011-12-22 08:00:00,1768.2388
2011-12-22 09:00:00,1745.8302
2011-12-22 10:00:00,1638.57
2011-12-22 11:00:00,1572.8451
2011-12-22 12:00:00,1052.7876
2011-12-22 13:00:00,1273.8065
2011-12-22 14:00:00,1274.2443
2011-12-22 15:00:00,1166.7502
2011-12-22 16:00:00,1275.0607
2011-12-22 17:00:00,1294.1376
2011-12-22 18:00:00,1222.0984
2011-12-22 19:00:00,1259.4299
2011-12-22 20:00:00,1445.1984
2011-12-22 21:00:00,1445.8944
2011-12-22 22:00:00,1869.8171
2011-12-22 23:00:00,1782.395
2011-12-23 00:00:00,1684.5226
2011-12-23 01:00:00,1685.3195
2011-12-23 02:00:00,1859.452
2011-12-23 03:00:00,1860.9291
2011-12-23 04:00:00,1802.2135
2011-12-23 05:00:00,1833.2743
2011-12-23 06:00:00,1578.4547
2011-12-23 07:00:00,1592.2172
2011-12-23 08:00:00,1448.794
2011-12-23 09:00:00,1229.2441
2011-12-23 10:00:00,1134.5524
2011-12-23 11:00:00,1022.89996
2011-12-23 12:00:00,1000.4593
2011-12-23 13:00:00,923.3835
2011-12-23 14:00:00,961.6661
2011-12-23 15:00:00,982.82837
2011-12-23 16:00:00,928.0715
2011-12-23 17:00:00,995.982
2011-12-23 18:00:00,932.32855
2011-12-23 19:00:00,1005.53925
2011-12-23 20:00:00,1149.1224
2011-12-23 21:00:00,1168.8871
2011-12-23 22:00:00,1283.9025
2011-12-23 23:00:00,1310.5099
2011-12-24 00:00:00,1360.9481
2011-12-24 01:00:00,1343.2183
2011-12-24 02:00:00,1308.108
2011-12-24 03:00:00,1393.6327
2011-12-24 04:00:00,1279.7336
2011-12-24 05:00:00,1280.5167
2011-12-24 06:00:00,1473.369
2011-12-24 07:00:00,1310.5387
2011-12-24 08:00:00,1369.4576
2011-12-24 09:00:00,818.79376
2011-12-24 10:00:00,914.95325
2011-12-24 11:00:00,703.95953
2011-12-24 12:00:00,726.81433
2011-12-24 13:00:00,719.6798
2011-12-24 14:00:00,722.259
2011-12-24 15:00:00,730.1972
2011-12-24 16:00:00,791.79114
2011-12-24 17:00:00,870.6657
2011-12-24 18:00:00,826.92303
2011-12-24 19:00:00,1037.4633
2011-12-24 20:00:00,1108.1459
2011-12-24 21:00:00,1096.7347
2011-12-24 22:00:00,1083.6068
2011-12-24 23:00:00,1168.1118
2011-12-25 00:00:00,1157.8368
2011-12-25 01:00:00,1354.6007
2011-12-25 02:00:00,1489.0721
2011-12-25 03:00:00,1468.8575
2011-12-25 05:00:00,1485.8125
2011-12-25 06:00:00,1487.058
2011-12-25 07:00:00,1589.0582
2011-12-25 08:00:00,1573.1056
2011-12-25 09:00:00,1716.3323
2011-12-25 10:00:00,1579.259
2011-12-25 11:00:00,1380.6194
2011-12-25 12:00:00,1441.7582
2011-12-25 13:00:00,1346.3048
2011-12-25 14:00:00,1157.0806
2011-12-25 15:00:00,1175.9489
2011-12-25 16:00:00,1131.7682
2011-12-25 17:00:00,1203.609
2011-12-25 18:00:00,1371.8204
2011-12-25 19:00:00,1120.8694
2011-12-25 20:00:00,975.9921
2011-12-25 21:00:00,1104.4968
2011-12-25 22:00:00,1201.3534
2011-12-25 23:00:00,1300.7391
2011-12-26 00:00:00,1461.932
2011-12-26 01:00:00,1063.6569
2011-12-26 02:00:00,845.38885
2011-12-26 04:00:00,824.1956
2011-12-26 05:00:00,740.88116
2011-12-26 06:00:00,812.8038
2011-12-26 07:00:00,838.23016
2011-12-26 08:00:00,865.5607
2011-12-26 09:00:00,831.45184
2011-12-26 10:00:00,1008.7255
2011-12-26 11:00:00,1088.5079
2011-12-26 12:00:00,902.3769
2011-12-26 13:00:00,829.6567
2011-12-26 14:00:00,875.4814
2011-12-26 15:00:00,772.0369
2011-12-26 16:00:00,795.7127
2011-12-26 17:00:00,860.1978
2011-12-26 18:00:00,971.82697
2011-12-26 19:00:00,1308.8722
2011-12-26 20:00:00,1120.0155
2011-12-26 21:00:00,1446.3727
2011-12-26 22:00:00,1447.9354
2011-12-26 23:00:00,1415.6475
2011-12-27 00:00:00,1366.3417
2011-12-27 01:00:00,1376.8153
2011-12-27 02:00:00,1378.3254
2011-12-27 03:00:00,1150.4833
2011-12-27 04:00:00,1234.7235
2011-12-27 05:00:00,1198.7699
2011-12-27 06:00:00,1136.4048
2011-12-27 07:00:00,1220.9113
2011-12-27 08:00:00,1257.8195
2011-12-27 09:00:00,1292.984
2011-12-27 10:00:00,1308.8899
2011-12-27 11:00:00,1294.3754
2011-12-27 12:00:00,1616.0973
2011-12-27 13:00:00,1720.6503
2011-12-27 14:00:00,1532.2365
2011-12-27 15:00:00,1533.5009
2011-12-27 16:00:00,1664.9792
2011-12-27 17:00:00,1722.6857
2011-12-27 18:00:00,1681.472
2011-12-27 19:00:00,1736.6344
2011-12-27 20:00:00,1877.7817
2011-12-27 21:00:00,1762.4788
2011-12-27 22:00:00,1763.9799
2011-12-27 23:00:00,1865.7504
2011-12-28 00:00:00,1709.1562
2011-12-28 01:00:00,1491.93
2011-12-28 02:00:00,1145.3263
2011-12-28 03:00:00,1146.4437
2011-12-28 05:00:00,1041.0741
2011-12-28 06:00:00,1067.7616
2011-12-28 07:00:00,1068.6499
2011-12-28 08:00:00,1045.4152
2011-12-28 09:00:00,1054.6875
2011-12-28 10:00:00,1073.6957
2011-12-28 11:00:00,818.387
2011-12-28 12:00:00,1058.4598
2011-12-28 13:00:00,932.6552
2011-12-28 14:00:00,769.98975
2011-12-28 15:00:00,864.2441
2011-12-28 16:00:00,876.4299
2011-12-28 17:00:00,705.0771
2011-12-28 18:00:00,693.1536
2011-12-28 19:00:00,764.69586
2011-12-28 20:00:00,772.6893
2011-12-28 21:00:00,853.79584
2011-12-28 22:00:00,864.7808
2011-12-28 23:00:00,837.28546
2011-12-29 00:00:00,877.89307
2011-12-29 01:00:00,876.39417
2011-12-29 02:00:00,1000.85583
2011-12-29 03:00:00,1057.7046
2011-12-29 04:00:00,1066.5902
2011-12-29 05:00:00,1087.7809
2011-12-29 06:00:00,1199.6166
2011-12-29 07:00:00,1267.4916
2011-12-29 08:00:00,1296.5385
2011-12-29 09:00:00,1254.5074
2011-12-29 10:00:00,1249.8527
2011-12-29 11:00:00,1191.3336
2011-12-29 12:00:00,1099.5187
2011-12-29 13:00:00,1011.6752
2011-12-29 14:00:00,1058.1818
2011-12-29 15:00:00,1016.3343
2011-12-29 16:00:00,995.5202
2011-12-29 17:00:00,1188.4143
2011-12-29 18:00:00,1095.7472
2011-12-29 19:00:00,1108.5532
2011-12-29 20:00:00,1303.3175
2011-12-29 21:00:00,1197.2189
2011-12-29 22:00:00,1292.5736
2011-12-29 23:00:00,1278.2621
2011-12-30 00:00:00,1378.9371
2011-12-30 01:00:00,1293.3247
2011-12-30 02:00:00,1381.8102
2011-12-30 03:00:00,1383.3253
2011-12-30 04:00:00,1388.7596
2011-12-30 05:00:00,1487.6898
2011-12-30 06:00:00,1391.7894
2011-12-30 07:00:00,1491.442
2011-12-30 08:00:00,1486.152
2011-12-30 09:00:00,1526.9425
2011-12-30 10:00:00,1239.5311
2011-12-30 11:00:00,1275.499
2011-12-30 12:00:00,1109.2135
2011-12-30 13:00:00,1015.55475
2011-12-30 14:00:00,886.10675
2011-12-30 15:00:00,822.3707
2011-12-30 16:00:00,870.5057
2011-12-30 17:00:00,1042.3163
2011-12-30 18:00:00,1216.4913
2011-12-30 19:00:00,890.48
2011-12-30 20:00:00,1308.3217
2011-12-30 21:00:00,1306.2732
2011-12-30 22:00:00,1391.0289
2011-12-30 23:00:00,1255.4386
2011-12-31 00:00:00,1132.182
2011-12-31 01:00:00,1142.776
2011-12-31 02:00:00,1143.7589
2011-12-31 03:00:00,1144.7413
2011-12-31 04:00:00,1360.473
2011-12-31 05:00:00,1463.0116
2011-12-31 06:00:00,1411.1998
2011-12-31 07:00:00,1544.4161
2011-12-31 08:00:00,1619.0923
2011-12-31 09:00:00,1565.129
2011-12-31 10:00:00,1495.7062
2011-12-31 11:00:00,1390.0013
2011-12-31 12:00:00,2838.0447
2011-12-31 13:00:00,2501.6267
2011-12-31 14:00:00,949.8023
2011-12-31 15:00:00,1233.6283
2011-12-31 16:00:00,952.5773
2011-12-31 17:00:00,1031.1322
2011-12-31 18:00:00,1051.7122
2011-12-31 19:00:00,1023.64386
2011-12-31 20:00:00,1024.3013
2011-12-31 21:00:00,1119.9164
2011-12-31 22:00:00,1225.071
2011-12-31 23:00:00,1373.6222
2012-01-20 00:00:00,875.4028
2012-01-20 01:00:00,916.9074
2012-01-20 02:00:00,917.60516
2012-01-20 03:00:00,1018.983
2012-01-20 04:00:00,1187.0809
2012-01-20 05:00:00,1188.5787
2012-01-20 06:00:00,1131.7919
2012-01-20 07:00:00,1339.4474
2012-01-20 08:00:00,1229.5599
2012-01-20 09:00:00,939.71173
2012-01-20 10:00:00,819.5757
2012-01-20 11:00:00,795.2962
2012-01-20 12:00:00,733.7067
2012-01-20 13:00:00,609.12067
2012-01-20 14:00:00,673.59564
2012-01-20 15:00:00,656.4541
2012-01-20 16:00:00,701.0168
2012-01-20 17:00:00,610.8242
2012-01-20 18:00:00,650.80023
2012-01-20 19:00:00,709.7747
2012-01-20 20:00:00,652.48505
2012-01-20 21:00:00,714.293
2012-01-20 22:00:00,697.1564
2012-01-20 23:00:00,1262.1293
2012-01-21 00:00:00,1219.3207
2012-01-21 01:00:00,1687.6047
2012-01-21 02:00:00,1788.3678
2012-01-21 03:00:00,1893.1061
2012-01-21 04:00:00,1732.2435
2012-01-21 05:00:00,1726.3439
2012-01-21 06:00:00,1850.9908
2012-01-21 07:00:00,1850.4872
2012-01-21 08:00:00,1820.0492
2012-01-21 09:00:00,1820.6088
2012-01-21 10:00:00,1813.5947
2012-01-21 11:00:00,1719.4122
2012-01-21 12:00:00,1572.3636
2012-01-21 13:00:00,1549.5228
2012-01-21 14:00:00,1561.5358
2012-01-21 15:00:00,1562.8451
2012-01-21 16:00:00,1559.1285
2012-01-21 17:00:00,1595.1805
2012-01-21 18:00:00,1494.079
2012-01-21 19:00:00,1625.2504
2012-01-21 20:00:00,1573.2559
2012-01-21 21:00:00,1483.2676
2012-01-21 22:00:00,1467.4226
2012-01-21 23:00:00,1572.9044
2012-01-22 00:00:00,1557.0581
2012-01-22 01:00:00,1429.5935
2012-01-22 02:00:00,1425.6744
2012-01-22 03:00:00,1332.0765
2012-01-22 04:00:00,1554.5087
2012-01-22 05:00:00,1422.2284
2012-01-22 06:00:00,1427.462
2012-01-22 07:00:00,1428.7423
2012-01-22 08:00:00,1430.0214
2012-01-22 09:00:00,1431.3019
2012-01-22 10:00:00,1451.807
2012-01-22 11:00:00,1553.5796
2012-01-22 12:00:00,1556.5387
2012-01-22 13:00:00,1582.6617
2012-01-22 14:00:00,1574.0497
2012-01-22 15:00:00,1567.5486
2012-01-22 16:00:00,1568.6165
2012-01-22 17:00:00,1597.0785
2012-01-22 18:00:00,1721.155
2012-01-22 19:00:00,1720.7565
2012-01-22 20:00:00,1696.3114
2012-01-22 21:00:00,1719.9579
2012-01-22 22:00:00,1885.8969
2012-01-22 23:00:00,1880.4918
2012-01-23 00:00:00,1773.1107
2012-01-23 01:00:00,1716.1036
2012-01-23 02:00:00,1715.6917
2012-01-23 03:00:00,1771.9537
2012-01-23 04:00:00,1631.9355
2012-01-23 05:00:00,1763.2711
2012-01-23 06:00:00,1762.8545
2012-01-23 07:00:00,1755.2726
2012-01-23 08:00:00,1686.6193
2012-01-23 09:00:00,1713.7491
2012-01-23 10:00:00,1914.8007
2012-01-23 11:00:00,1866.5608
2012-01-23 12:00:00,1905.9708
2012-01-23 13:00:00,1848.0493
2012-01-23 14:00:00,1816.8351
2012-01-23 15:00:00,1955.4172
2012-01-23 16:00:00,1833.4929
2012-01-23 17:00:00,1910.917
2012-01-23 18:00:00,1843.2089
2012-01-23 19:00:00,1839.1298
2012-01-23 20:00:00,1979.0526
2012-01-23 21:00:00,1950.3685
2012-01-23 22:00:00,1952.2526
2012-01-23 23:00:00,1816.0342
2012-01-24 00:00:00,1921.502
2012-01-24 01:00:00,1801.0936
2012-01-24 02:00:00,1808.507
2012-01-24 03:00:00,1833.6779
2012-01-24 04:00:00,1986.2279
2012-01-24 05:00:00,1987.1359
2012-01-24 06:00:00,1822.4797
2012-01-24 07:00:00,1840.0736
2012-01-24 08:00:00,1841.6725
2012-01-24 09:00:00,1737.8654
2012-01-24 10:00:00,1862.6239
2012-01-24 11:00:00,1737.1259
2012-01-24 12:00:00,1730.9022
2012-01-24 13:00:00,1731.7571
2012-01-24 14:00:00,1579.7074
2012-01-24 15:00:00,1376.7235
2012-01-24 16:00:00,1401.7644
2012-01-24 17:00:00,1340.7643
2012-01-24 18:00:00,1237.5234
2012-01-24 19:00:00,970.48413
2012-01-24 20:00:00,1570.9124
2012-01-24 21:00:00,1468.528
2012-01-24 22:00:00,1671.1346
2012-01-24 23:00:00,1575.5847
2012-01-25 00:00:00,1902.3344
2012-01-25 01:00:00,1344.647
2012-01-25 02:00:00,1359.4369
2012-01-25 03:00:00,1461.9233
2012-01-25 04:00:00,1334.3926
2012-01-25 05:00:00,1335.6581
2012-01-25 06:00:00,1417.0856
2012-01-25 07:00:00,1456.3865
2012-01-25 08:00:00,1352.611
2012-01-25 09:00:00,1353.8763
2012-01-25 10:00:00,1325.7135
2012-01-25 11:00:00,1142.5522
2012-01-25 12:00:00,1024.5215
2012-01-25 13:00:00,944.51294
2012-01-25 14:00:00,964.5584
2012-01-25 15:00:00,915.5449
2012-01-25 16:00:00,1014.932
2012-01-25 17:00:00,1015.7993
2012-01-25 18:00:00,1305.9159
2012-01-25 19:00:00,1080.9589
2012-01-25 20:00:00,1175.8248
2012-01-25 21:00:00,1344.7555
2012-01-25 22:00:00,1308.8375
2012-01-25 23:00:00,1338.3073
2012-01-26 00:00:00,1477.5486
2012-01-26 01:00:00,1514.326
2012-01-26 02:00:00,1464.3153
2012-01-26 03:00:00,1488.4375
2012-01-26 04:00:00,1522.7975
2012-01-26 05:00:00,1490.9769
2012-01-26 06:00:00,1639.777
2012-01-26 07:00:00,1610.5626
2012-01-26 08:00:00,1612.1622
2012-01-26 09:00:00,1644.5865
2012-01-26 10:00:00,1605.3981
2012-01-26 11:00:00,1733.4065
2012-01-26 12:00:00,1607.6838
2012-01-26 13:00:00,1450.9548
2012-01-26 14:00:00,1403.4862
2012-01-26 15:00:00,1402.9982
2012-01-26 16:00:00,1412.0792
2012-01-26 17:00:00,1454.1713
2012-01-26 18:00:00,1455.0116
2012-01-26 19:00:00,1513.2897
2012-01-26 20:00:00,1628.1017
2012-01-26 21:00:00,1514.7115
2012-01-26 22:00:00,1653.0237
2012-01-26 23:00:00,1686.1436
2012-01-27 00:00:00,1562.1742
2012-01-27 01:00:00,1682.0304
2012-01-27 02:00:00,1874.9161
2012-01-27 03:00:00,1805.0966
2012-01-27 04:00:00,1930.0841
2012-01-27 05:00:00,1789.5007
2012-01-27 06:00:00,1917.0132
2012-01-27 07:00:00,1929.745
2012-01-27 08:00:00,1661.7115
2012-01-27 09:00:00,1662.4164
2012-01-27 10:00:00,1971.6967
2012-01-27 11:00:00,1866.6149
2012-01-27 12:00:00,1726.4442
2012-01-27 13:00:00,1071.822
2012-01-27 14:00:00,1213.0457
2012-01-27 15:00:00,954.33124
2012-01-27 16:00:00,1182.729
2012-01-27 17:00:00,1198.1282
2012-01-27 18:00:00,990.60455
2012-01-27 19:00:00,895.19244
2012-01-27 20:00:00,967.908
2012-01-27 21:00:00,1014.2464
2012-01-27 22:00:00,881.4328
2012-01-27 23:00:00,890.82837
2012-01-28 00:00:00,956.2072
2012-01-28 01:00:00,990.16205
2012-01-28 02:00:00,1226.1727
2012-01-28 03:00:00,1197.2678
2012-01-28 04:00:00,1168.413
2012-01-28 05:00:00,1493.1344
2012-01-28 06:00:00,1427.4344
2012-01-28 07:00:00,1532.7609
2012-01-28 08:00:00,1597.2174
2012-01-28 09:00:00,1638.9847
2012-01-28 10:00:00,1395.2632
2012-01-28 11:00:00,1096.8463
2012-01-28 12:00:00,1153.0916
2012-01-28 13:00:00,1074.8247
2012-01-28 14:00:00,897.6156
2012-01-28 15:00:00,880.35114
2012-01-28 16:00:00,952.09674
2012-01-28 17:00:00,1025.9703
2012-01-28 18:00:00,813.80975
2012-01-28 19:00:00,1647.2933
2012-01-28 20:00:00,2193.4685
2012-01-28 21:00:00,2353.3696
2012-01-28 22:00:00,675.6705
2012-01-28 23:00:00,735.0495
2012-01-29 00:00:00,608.18286
2012-01-29 01:00:00,874.2187
2012-01-29 02:00:00,860.4564
2012-01-29 03:00:00,529.5697
2012-01-29 04:00:00,588.981
2012-01-29 05:00:00,997.6651
2012-01-29 06:00:00,775.993
2012-01-29 07:00:00,703.9176
2012-01-29 08:00:00,770.477
2012-01-29 09:00:00,834.0972
2012-01-29 10:00:00,662.4721
2012-01-29 11:00:00,691.42096
2012-01-29 12:00:00,1525.784
2012-01-29 13:00:00,1539.3057
2012-01-29 14:00:00,1823.4696
2012-01-29 15:00:00,3809.4397
2012-01-29 16:00:00,5533.3213
2012-01-29 17:00:00,5596.5454
2012-01-29 18:00:00,3856.3315
2012-01-29 19:00:00,1229.4106
2012-01-29 20:00:00,736.059
2012-01-29 21:00:00,699.07587
2012-01-29 22:00:00,2123.795
2012-01-29 23:00:00,759.3328
2012-01-30 00:00:00,2012.8812
2012-01-30 01:00:00,1118.7311
2012-01-30 02:00:00,906.00775
2012-01-30 03:00:00,905.4792
2012-01-30 04:00:00,991.6701
2012-01-30 05:00:00,992.4749
2012-01-30 06:00:00,815.5066
2012-01-30 07:00:00,815.5088
2012-01-30 08:00:00,887.0065
2012-01-30 09:00:00,888.22375
2012-01-30 10:00:00,758.2773
2012-01-30 11:00:00,776.0031
2012-01-30 12:00:00,794.71063
2012-01-30 13:00:00,595.25165
2012-01-30 14:00:00,2039.181
2012-01-30 15:00:00,2113.3677
2012-01-30 16:00:00,2248.3645
2012-01-30 17:00:00,4983.0186
2012-01-30 18:00:00,2691.318
2012-01-30 19:00:00,880.06366
2012-01-30 20:00:00,739.73517
2012-01-30 21:00:00,799.56085
2012-01-30 22:00:00,908.9159
2012-01-30 23:00:00,1168.0941
2012-01-31 00:00:00,963.3059
2012-01-31 01:00:00,740.9495
2012-01-31 02:00:00,768.7769
2012-01-31 03:00:00,827.7282
2012-01-31 04:00:00,916.8274
2012-01-31 05:00:00,917.64355
2012-01-31 06:00:00,991.295
2012-01-31 07:00:00,1154.4471
2012-01-31 08:00:00,1190.0588
2012-01-31 09:00:00,982.28265
2012-01-31 10:00:00,1076.7461
2012-01-31 11:00:00,1337.8934
2012-01-31 12:00:00,830.1568
2012-01-31 13:00:00,2128.6267
2012-01-31 14:00:00,8819.583
2012-01-31 15:00:00,11634.005
2012-01-31 16:00:00,11733.768
2012-01-31 17:00:00,12438.142
2012-01-31 18:00:00,12131.275
2012-01-31 19:00:00,7443.706
2012-01-31 20:00:00,1148.1086
2012-01-31 21:00:00,3703.238
2012-01-31 22:00:00,2541.2935
2012-01-31 23:00:00,1632.1013
2012-02-20 00:00:00,1728.8046
2012-02-20 01:00:00,1728.3937
2012-02-20 02:00:00,1727.9828
2012-02-20 03:00:00,1571.9983
2012-02-20 05:00:00,1136.4662
2012-02-20 06:00:00,1028.0885
2012-02-20 07:00:00,1043.9021
2012-02-20 08:00:00,1155.4315
2012-02-20 09:00:00,1156.1584
2012-02-20 10:00:00,1117.2004
2012-02-20 11:00:00,896.5711
2012-02-20 12:00:00,838.6258
2012-02-20 13:00:00,761.96704
2012-02-20 14:00:00,673.8129
2012-02-20 15:00:00,668.44366
2012-02-20 16:00:00,1447.2513
2012-02-20 17:00:00,3606.7756
2012-02-20 18:00:00,676.618
2012-02-20 19:00:00,679.16583
2012-02-20 20:00:00,666.659
2012-02-20 21:00:00,741.248
2012-02-20 22:00:00,892.2747
2012-02-20 23:00:00,777.0384
2012-02-21 00:00:00,1316.8209
2012-02-21 01:00:00,1141.4489
2012-02-21 02:00:00,1218.3724
2012-02-21 04:00:00,1298.702
2012-02-21 05:00:00,1402.4303
2012-02-21 06:00:00,1530.1454
2012-02-21 07:00:00,1302.0632
2012-02-21 08:00:00,1369.5021
2012-02-21 09:00:00,1486.2217
2012-02-21 10:00:00,1370.5497
2012-02-21 11:00:00,1336.3363
2012-02-21 12:00:00,1035.3365
2012-02-21 13:00:00,875.2978
2012-02-21 14:00:00,963.51483
2012-02-21 15:00:00,876.88837
2012-02-21 16:00:00,831.2592
2012-02-21 17:00:00,1163.5653
2012-02-21 18:00:00,1176.4181
2012-02-21 19:00:00,852.5849
2012-02-21 20:00:00,993.95905
2012-02-21 21:00:00,1186.6993
2012-02-21 22:00:00,1378.3082
2012-02-21 23:00:00,1275.4438
2012-02-22 00:00:00,1255.8282
2012-02-22 01:00:00,1377.2365
2012-02-22 02:00:00,1236.4108
2012-02-22 03:00:00,1352.7528
2012-02-22 04:00:00,1387.0015
2012-02-22 05:00:00,1392.6045
2012-02-22 06:00:00,1495.9171
2012-02-22 07:00:00,1527.022
2012-02-22 08:00:00,1505.6346
2012-02-22 09:00:00,1401.8375
2012-02-22 10:00:00,1421.6354
2012-02-22 11:00:00,1283.7473
2012-02-22 12:00:00,1153.9445
2012-02-22 13:00:00,1002.05646
2012-02-22 14:00:00,996.9179
2012-02-22 15:00:00,8083.9824
2012-02-22 16:00:00,9929.974
2012-02-22 17:00:00,8746.942
2012-02-22 18:00:00,2117.4556
2012-02-22 19:00:00,1096.0986
2012-02-22 20:00:00,875.2483
2012-02-22 21:00:00,4114.5327
2012-02-22 22:00:00,886.51953
2012-02-22 23:00:00,1670.3154
2012-02-23 00:00:00,863.8762
2012-02-23 01:00:00,1063.7994
2012-02-23 02:00:00,1157.5111
2012-02-23 03:00:00,1260.1116
2012-02-23 04:00:00,1459.0557
2012-02-23 05:00:00,1459.7529
2012-02-23 06:00:00,1712.0614
2012-02-23 07:00:00,1574.0928
2012-02-23 08:00:00,1715.8771
2012-02-23 09:00:00,1564.8219
2012-02-23 10:00:00,1285.5011
2012-02-23 11:00:00,915.6464
2012-02-23 12:00:00,1678.359
2012-02-23 13:00:00,2428.903
2012-02-23 14:00:00,3892.1052
2012-02-23 15:00:00,4750.1284
2012-02-23 16:00:00,4803.889
2012-02-23 17:00:00,5312.986
2012-02-23 18:00:00,3259.4756
2012-02-23 19:00:00,1562.9598
2012-02-23 20:00:00,824.7806
2012-02-23 21:00:00,954.182
2012-02-23 22:00:00,1015.2525
2012-02-23 23:00:00,1071.0906
2012-02-24 00:00:00,1122.9009
2012-02-24 01:00:00,1179.3165
2012-02-24 02:00:00,1440.3517
2012-02-24 03:00:00,1621.6285
2012-02-24 04:00:00,1730.4845
2012-02-24 05:00:00,1697.6017
2012-02-24 06:00:00,1710.7386
2012-02-24 07:00:00,1451.4761
2012-02-24 08:00:00,1425.7631
2012-02-24 09:00:00,1548.2781
2012-02-24 10:00:00,1582.8069
2012-02-24 11:00:00,1616.9417
2012-02-24 12:00:00,1494.2118
2012-02-24 13:00:00,1401.5588
2012-02-24 14:00:00,1319.0233
2012-02-24 15:00:00,1696.081
2012-02-24 16:00:00,1696.8007
2012-02-24 17:00:00,1881.0204
2012-02-24 18:00:00,1929.689
2012-02-24 19:00:00,1762.3088
2012-02-24 20:00:00,1127.6155
2012-02-24 21:00:00,5968.015
2012-02-24 22:00:00,2307.237
2012-02-24 23:00:00,3356.2483
2012-02-25 00:00:00,752.11383
2012-02-25 01:00:00,727.5926
2012-02-25 02:00:00,821.639
2012-02-25 03:00:00,811.186
2012-02-25 04:00:00,738.03864
2012-02-25 05:00:00,749.552
2012-02-25 06:00:00,750.86176
2012-02-25 07:00:00,877.9051
2012-02-25 08:00:00,887.193
2012-02-25 09:00:00,1447.091
2012-02-25 10:00:00,1128.0643
2012-02-25 11:00:00,781.7954
2012-02-25 12:00:00,3751.6638
2012-02-25 13:00:00,1055.8363
2012-02-25 14:00:00,2458.9182
2012-02-25 15:00:00,1294.0748
2012-02-25 16:00:00,4134.898
2012-02-25 17:00:00,786.991
2012-02-25 18:00:00,3067.3757
2012-02-25 19:00:00,754.5884
2012-02-25 20:00:00,621.9217
2012-02-25 21:00:00,648.21295
2012-02-25 22:00:00,870.6475
2012-02-25 23:00:00,831.46454
2012-02-26 00:00:00,772.45447
2012-02-26 01:00:00,812.3793
2012-02-26 02:00:00,813.6028
2012-02-26 03:00:00,765.54346
2012-02-26 04:00:00,766.6386
2012-02-26 05:00:00,823.43353
2012-02-26 06:00:00,832.5031
2012-02-26 07:00:00,970.03937
2012-02-26 08:00:00,963.7629
2012-02-26 09:00:00,888.62897
2012-02-26 10:00:00,774.11847
2012-02-26 11:00:00,742.6519
2012-02-26 12:00:00,745.3555
2012-02-26 13:00:00,685.8139
2012-02-26 14:00:00,606.18164
2012-02-26 15:00:00,809.3524
2012-02-26 16:00:00,1164.7404
2012-02-26 17:00:00,1161.5284
2012-02-26 18:00:00,738.3133
2012-02-26 19:00:00,647.3298
2012-02-26 20:00:00,802.9253
2012-02-26 21:00:00,873.89557
2012-02-26 22:00:00,791.9698
2012-02-26 23:00:00,1098.6382
2012-02-27 00:00:00,1129.7513
2012-02-27 01:00:00,1245.8815
2012-02-27 02:00:00,1327.9215
2012-02-27 03:00:00,1465.9677
2012-02-27 04:00:00,1571.8783
2012-02-27 05:00:00,1573.1761
2012-02-27 06:00:00,1350.0798
2012-02-27 07:00:00,1151.7344
2012-02-27 08:00:00,1220.4027
2012-02-27 09:00:00,1156.1385
2012-02-27 10:00:00,830.17413
2012-02-27 11:00:00,795.3576
2012-02-27 12:00:00,1421.3011
2012-02-27 13:00:00,818.5737
2012-02-27 14:00:00,2456.0984
2012-02-27 15:00:00,11609.681
2012-02-27 16:00:00,11733.768
2012-02-27 17:00:00,12038.685
2012-02-27 18:00:00,11483.034
2012-02-27 19:00:00,10156.893
2012-02-27 20:00:00,5482.3345
2012-02-27 21:00:00,2495.6938
2012-02-27 22:00:00,867.9259
2012-02-27 23:00:00,946.3449
2012-02-28 00:00:00,1035.5769
2012-02-28 01:00:00,1189.0085
2012-02-28 02:00:00,1049.1293
2012-02-28 03:00:00,2480.297
2012-02-28 04:00:00,735.4051
2012-02-28 05:00:00,736.3068
2012-02-28 06:00:00,798.7996
2012-02-28 07:00:00,814.57965
2012-02-28 08:00:00,887.8394
2012-02-28 09:00:00,814.6543
2012-02-28 10:00:00,753.2971
2012-02-28 11:00:00,682.2198
2012-02-28 12:00:00,640.1659
2012-02-28 13:00:00,707.20807
2012-02-28 14:00:00,2792.5305
2012-02-28 15:00:00,3927.9597
2012-02-28 16:00:00,3262.6995
2012-02-28 17:00:00,3905.6335
2012-02-28 18:00:00,3522.387
2012-02-28 19:00:00,3387.402
2012-02-28 20:00:00,2193.7222
2012-02-28 21:00:00,899.28595
2012-02-28 22:00:00,900.2183
2012-02-28 23:00:00,1006.0481
2012-02-29 00:00:00,1030.0653
2012-02-29 01:00:00,948.0356
2012-02-29 02:00:00,1052.067
2012-02-29 03:00:00,1397.256
2012-02-29 05:00:00,1493.2784
2012-02-29 06:00:00,1492.9467
2012-02-29 07:00:00,1593.9131
2012-02-29 08:00:00,1489.5841
2012-02-29 09:00:00,1588.7733
2012-02-29 10:00:00,1589.5807
2012-02-29 11:00:00,1702.5802
2012-02-29 12:00:00,1788.1692
2012-02-29 13:00:00,1780.3309
2012-02-29 14:00:00,1781.5966
2012-02-29 15:00:00,1562.8796
2012-02-29 16:00:00,1576.9453
2012-02-29 17:00:00,1719.4308
2012-02-29 18:00:00,1778.4806
2012-02-29 19:00:00,1745.443
2012-02-29 20:00:00,1731.6066
2012-02-29 21:00:00,1732.3024
2012-02-29 22:00:00,1822.2848
2012-02-29 23:00:00,1823.0182
2012-03-20 00:00:00,1543.585
2012-03-20 01:00:00,1801.451
2012-03-20 02:00:00,1763.0978
2012-03-20 03:00:00,1792.6547
2012-03-20 04:00:00,1733.8457
2012-03-20 05:00:00,1916.2982
2012-03-20 06:00:00,1846.2208
2012-03-20 07:00:00,1811.3584
2012-03-20 08:00:00,1751.3243
2012-03-20 09:00:00,1722.1862
2012-03-20 10:00:00,1720.0426
2012-03-20 11:00:00,1646.1752
2012-03-20 12:00:00,1495.0508
2012-03-20 13:00:00,1513.8971
2012-03-20 14:00:00,1401.7855
2012-03-20 15:00:00,1292.8256
2012-03-20 16:00:00,1212.8938
2012-03-20 17:00:00,1405.0292
2012-03-20 18:00:00,1288.8481
2012-03-20 19:00:00,1430.4916
2012-03-20 20:00:00,1326.9677
2012-03-20 21:00:00,1492.8663
2012-03-20 22:00:00,1592.4176
2012-03-20 23:00:00,1719.4032
2012-03-21 00:00:00,1786.3435
2012-03-21 01:00:00,1646.3923
2012-03-21 02:00:00,1728.5186
2012-03-21 03:00:00,1694.007
2012-03-21 04:00:00,1720.6635
2012-03-21 05:00:00,1721.4713
2012-03-21 06:00:00,1814.0533
2012-03-21 07:00:00,1818.0917
2012-03-21 08:00:00,1855.5238
2012-03-21 09:00:00,1711.7145
2012-03-21 10:00:00,1606.6023
2012-03-21 11:00:00,1607.3541
2012-03-21 12:00:00,1563.0518
2012-03-21 13:00:00,1687.4761
2012-03-21 14:00:00,1581.2367
2012-03-21 15:00:00,1581.673
2012-03-21 16:00:00,1472.7325
2012-03-21 17:00:00,1310.7909
2012-03-21 18:00:00,1326.1902
2012-03-21 19:00:00,1189.8029
2012-03-21 20:00:00,1557.1665
2012-03-21 21:00:00,1656.3373
2012-03-21 22:00:00,1626.9713
2012-03-21 23:00:00,1581.8842
2012-03-22 00:00:00,1645.4072
2012-03-22 01:00:00,1646.3923
2012-03-22 02:00:00,1647.3766
2012-03-22 03:00:00,1648.3612
2012-03-22 04:00:00,1994.5957
2012-03-22 05:00:00,1995.3783
2012-03-22 06:00:00,1996.1614
2012-03-22 07:00:00,1996.9448
2012-03-22 08:00:00,1868.4664
2012-03-22 09:00:00,1869.2609
2012-03-22 10:00:00,1997.1261
2012-03-22 11:00:00,1909.1359
2012-03-22 12:00:00,1697.5704
2012-03-22 13:00:00,1547.3876
2012-03-22 14:00:00,1417.195
2012-03-22 15:00:00,1271.927
2012-03-22 16:00:00,1180.3066
2012-03-22 17:00:00,1184.8011
2012-03-22 18:00:00,1185.4076
2012-03-22 19:00:00,1118.3943
2012-03-22 20:00:00,1361.0267
2012-03-22 21:00:00,1521.652
2012-03-22 22:00:00,1612.5106
2012-03-22 23:00:00,1664.3368
2012-03-23 00:00:00,1688.4415
2012-03-23 01:00:00,1788.1958
2012-03-23 02:00:00,1749.859
2012-03-23 03:00:00,1744.0311
2012-03-23 04:00:00,1859.2329
2012-03-23 05:00:00,1903.9303
2012-03-23 06:00:00,1780.8269
2012-03-23 07:00:00,1828.2195
2012-03-23 08:00:00,1850.1743
2012-03-23 09:00:00,1786.9237
2012-03-23 10:00:00,1738.9751
2012-03-23 11:00:00,1402.1527
2012-03-23 12:00:00,1114.87
2012-03-23 13:00:00,3287.8918
2012-03-23 14:00:00,5884.3706
2012-03-23 15:00:00,6060.351
2012-03-23 16:00:00,6260.4126
2012-03-23 17:00:00,6250.333
2012-03-23 18:00:00,4480.3003
2012-03-23 19:00:00,2377.561
2012-03-23 20:00:00,2879.448
2012-03-23 21:00:00,1168.5388
2012-03-23 22:00:00,1170.0575
2012-03-23 23:00:00,1280.0316
2012-03-24 00:00:00,1338.9835
2012-03-24 01:00:00,1439.2013
2012-03-24 02:00:00,1524.8197
2012-03-24 03:00:00,1525.5026
2012-03-24 04:00:00,1655.684
2012-03-24 05:00:00,1609.8219
2012-03-24 06:00:00,1610.574
2012-03-24 07:00:00,1729.3021
2012-03-24 08:00:00,1831.21
2012-03-24 09:00:00,1627.133
2012-03-24 10:00:00,1704.4664
2012-03-24 11:00:00,1833.5659
2012-03-24 12:00:00,1809.3086
2012-03-24 13:00:00,1796.9537
2012-03-24 14:00:00,1638.9976
2012-03-24 15:00:00,1754.8156
2012-03-24 16:00:00,1782.2456
2012-03-24 17:00:00,1688.1742
2012-03-24 18:00:00,1821.7307
2012-03-24 19:00:00,1859.5863
2012-03-24 20:00:00,1964.8914
2012-03-24 21:00:00,1965.6882
2012-03-24 22:00:00,1941.9655
2012-03-24 23:00:00,1811.7463
2012-03-25 00:00:00,1794.4493
2012-03-25 01:00:00,1936.2013
2012-03-25 02:00:00,1911.0575
2012-03-25 03:00:00,1784.087
2012-03-25 04:00:00,1782.4166
2012-03-25 05:00:00,1941.7489
2012-03-25 06:00:00,1942.5538
2012-03-25 07:00:00,1788.5977
2012-03-25 08:00:00,1789.4441
2012-03-25 09:00:00,1817.9391
2012-03-25 10:00:00,1644.6442
2012-03-25 11:00:00,1819.5452
2012-03-25 12:00:00,1832.2383
2012-03-25 13:00:00,1728.8591
2012-03-25 14:00:00,1727.4708
2012-03-25 15:00:00,1716.0507
2012-03-25 16:00:00,1582.2611
2012-03-25 17:00:00,1438.5963
2012-03-25 18:00:00,1439.2797
2012-03-25 19:00:00,1364.5004
2012-03-25 20:00:00,1479.1537
2012-03-25 21:00:00,1508.7565
2012-03-25 22:00:00,1629.6373
2012-03-25 23:00:00,1629.2216
2012-03-26 00:00:00,1579.4242
2012-03-26 01:00:00,1550.5377
2012-03-26 02:00:00,1694.9733
2012-03-26 03:00:00,1580.4948
2012-03-26 04:00:00,1596.0836
2012-03-26 05:00:00,1491.417
2012-03-26 06:00:00,1587.569
2012-03-26 07:00:00,1373.9059
2012-03-26 08:00:00,1159.7551
2012-03-26 09:00:00,862.0207
2012-03-26 10:00:00,5021.0854
2012-03-26 11:00:00,6376.7827
2012-03-26 12:00:00,5508.986
2012-03-26 13:00:00,6398.803
2012-03-26 14:00:00,5408.905
2012-03-26 15:00:00,6874.2812
2012-03-26 16:00:00,6723.5015
2012-03-26 17:00:00,9066.947
2012-03-26 18:00:00,7900.792
2012-03-26 19:00:00,9173.015
2012-03-26 20:00:00,6035.307
2012-03-26 21:00:00,5894.418
2012-03-26 22:00:00,4204.9507
2012-03-26 23:00:00,4433.355
2012-03-27 00:00:00,3293.0076
2012-03-27 01:00:00,2088.7778
2012-03-27 02:00:00,583.28534
2012-03-27 03:00:00,673.9528
2012-03-27 04:00:00,711.1507
2012-03-27 05:00:00,665.33105
2012-03-27 06:00:00,673.6313
2012-03-27 07:00:00,674.5069
2012-03-27 08:00:00,670.5126
2012-03-27 09:00:00,693.80865
2012-03-27 10:00:00,635.7135
2012-03-27 11:00:00,564.27765
2012-03-27 12:00:00,589.9635
2012-03-27 13:00:00,1194.1416
2012-03-27 14:00:00,4024.987
2012-03-27 15:00:00,4980.6304
2012-03-27 16:00:00,4966.401
2012-03-27 17:00:00,7204.66
2012-03-27 18:00:00,7277.3467
2012-03-27 19:00:00,6021.1343
2012-03-27 20:00:00,7204.77
2012-03-27 21:00:00,677.2984
2012-03-27 22:00:00,677.01605
2012-03-27 23:00:00,683.5677
2012-03-28 00:00:00,714.1702
2012-03-28 01:00:00,818.68756
2012-03-28 02:00:00,873.9246
2012-03-28 03:00:00,730.04254
2012-03-28 04:00:00,768.40735
2012-03-28 05:00:00,770.1314
2012-03-28 06:00:00,803.29285
2012-03-28 07:00:00,817.6921
2012-03-28 08:00:00,827.8879
2012-03-28 09:00:00,1019.61975
2012-03-28 10:00:00,1798.2386
2012-03-28 11:00:00,2306.8804
2012-03-28 12:00:00,3870.4255
2012-03-28 13:00:00,2642.576
2012-03-28 14:00:00,7769.7295
2012-03-28 15:00:00,5547.29
2012-03-28 16:00:00,3920.7253
2012-03-28 17:00:00,1091.8325
2012-03-28 18:00:00,1092.4252
2012-03-28 19:00:00,1061.0436
2012-03-28 20:00:00,1229.3644
2012-03-28 21:00:00,1092.7596
2012-03-28 22:00:00,1214.4274
2012-03-28 23:00:00,1320.403
2012-03-29 00:00:00,1288.68
2012-03-29 01:00:00,1097.7168
2012-03-29 02:00:00,11680.262
2012-03-29 03:00:00,9824.366
2012-03-29 04:00:00,3504.311
2012-03-29 05:00:00,888.6488
2012-03-29 06:00:00,1087.581
2012-03-29 07:00:00,932.9347
2012-03-29 08:00:00,1025.7601
2012-03-29 09:00:00,1093.2714
2012-03-29 10:00:00,1101.3634
2012-03-29 11:00:00,1749.4164
2012-03-29 12:00:00,2536.2463
2012-03-29 13:00:00,1102.6205
2012-03-29 14:00:00,2092.3167
2012-03-29 15:00:00,3281.799
2012-03-29 16:00:00,3965.8467
2012-03-29 17:00:00,4113.526
2012-03-29 18:00:00,2411.656
2012-03-29 19:00:00,2011.8517
2012-03-29 20:00:00,2001.6216
2012-03-29 21:00:00,875.7032
2012-03-29 22:00:00,839.3527
2012-03-29 23:00:00,871.5777
2012-03-30 00:00:00,846.0052
2012-03-30 01:00:00,901.51654
2012-03-30 02:00:00,953.1014
2012-03-30 03:00:00,1174.6885
2012-03-30 04:00:00,1027.6593
2012-03-30 05:00:00,1196.1185
2012-03-30 06:00:00,1093.3466
2012-03-30 07:00:00,1081.7101
2012-03-30 08:00:00,1274.4318
2012-03-30 09:00:00,1080.7664
2012-03-30 10:00:00,1095.8707
2012-03-30 11:00:00,1060.9471
2012-03-30 12:00:00,1078.1997
2012-03-30 13:00:00,964.08307
2012-03-30 14:00:00,1058.096
2012-03-30 15:00:00,1052.2123
2012-03-30 16:00:00,1139.1947
2012-03-30 17:00:00,1155.1765
2012-03-30 18:00:00,1014.27985
2012-03-30 19:00:00,1164.8806
2012-03-30 20:00:00,1190.4572
2012-03-30 21:00:00,1288.8802
2012-03-30 22:00:00,1387.5123
2012-03-30 23:00:00,1457.0792
2012-03-31 00:00:00,1592.6913
2012-03-31 01:00:00,1454.8468
2012-03-31 02:00:00,1448.1132
2012-03-31 03:00:00,1568.4227
2012-03-31 04:00:00,1412.0088
2012-03-31 05:00:00,1582.1913
2012-03-31 06:00:00,1708.9978
2012-03-31 07:00:00,1709.8083
2012-03-31 08:00:00,1698.5363
2012-03-31 09:00:00,1460.4303
2012-03-31 10:00:00,1486.7384
2012-03-31 11:00:00,1412.5496
2012-03-31 12:00:00,1371.2386
2012-03-31 13:00:00,1122.8827
2012-03-31 14:00:00,1170.6835
2012-03-31 15:00:00,1080.2495
2012-03-31 16:00:00,1160.6881
2012-03-31 17:00:00,1222.3245
2012-03-31 18:00:00,1305.3115
2012-03-31 19:00:00,1296.7689
2012-03-31 20:00:00,1325.8129
2012-03-31 21:00:00,1326.6528
2012-03-31 22:00:00,1343.4092
2012-03-31 23:00:00,1448.9167
2012-04-20 00:00:00,1308.5813
2012-04-20 01:00:00,1579.0986
2012-04-20 02:00:00,1709.3798
2012-04-20 03:00:00,1746.7157
2012-04-20 04:00:00,1875.076
2012-04-20 05:00:00,1900.6881
2012-04-20 06:00:00,1785.7169
2012-04-20 07:00:00,1903.8035
2012-04-20 08:00:00,1908.9337
2012-04-20 09:00:00,1755.2792
2012-04-20 10:00:00,1479.3033
2012-04-20 11:00:00,1303.4026
2012-04-20 12:00:00,965.1822
2012-04-20 13:00:00,4132.4946
2012-04-20 14:00:00,4160.975
2012-04-20 15:00:00,2965.4558
2012-04-20 16:00:00,4269.364
2012-04-20 17:00:00,3375.5623
2012-04-20 18:00:00,2413.4778
2012-04-20 19:00:00,1200.8452
2012-04-20 20:00:00,1022.51294
2012-04-20 21:00:00,1315.204
2012-04-20 22:00:00,1280.9149
2012-04-20 23:00:00,1413.2042
2012-04-21 00:00:00,1465.7074
2012-04-21 01:00:00,1466.466
2012-04-21 02:00:00,1510.2079
2012-04-21 03:00:00,1571.0785
2012-04-21 04:00:00,1557.7611
2012-04-21 05:00:00,1558.4723
2012-04-21 06:00:00,1573.1035
2012-04-21 07:00:00,1547.4003
2012-04-21 08:00:00,1539.7584
2012-04-21 09:00:00,1500.8114
2012-04-21 10:00:00,1162.363
2012-04-21 11:00:00,1118.6437
2012-04-21 12:00:00,1090.1326
2012-04-21 13:00:00,1466.8098
2012-04-21 14:00:00,5096.7485
2012-04-21 15:00:00,8027.391
2012-04-21 16:00:00,6485.7173
2012-04-21 17:00:00,14702.488
2012-04-21 18:00:00,6338.3413
2012-04-21 19:00:00,1320.5602
2012-04-21 20:00:00,1535.7843
2012-04-21 21:00:00,1517.798
2012-04-21 22:00:00,1554.0317
2012-04-21 23:00:00,1553.6088
2012-04-22 00:00:00,1574.6136
2012-04-22 01:00:00,1523.6743
2012-04-22 02:00:00,1338.7144
2012-04-22 03:00:00,1591.7882
2012-04-22 04:00:00,1486.0
2012-04-22 05:00:00,1460.5328
2012-04-22 06:00:00,1325.784
2012-04-22 07:00:00,1416.2523
2012-04-22 08:00:00,1553.1615
2012-04-22 09:00:00,1553.8724
2012-04-22 10:00:00,1538.4222
2012-04-22 11:00:00,1649.8807
2012-04-22 12:00:00,1644.6849
2012-04-22 13:00:00,1534.5812
2012-04-22 14:00:00,1646.4915
2012-04-22 15:00:00,1630.5616
2012-04-22 16:00:00,1618.8368
2012-04-22 17:00:00,1748.3815
2012-04-22 18:00:00,1749.5867
2012-04-22 19:00:00,1637.2611
2012-04-22 20:00:00,1757.8134
2012-04-22 21:00:00,1643.9508
2012-04-22 22:00:00,1662.2072
2012-04-22 23:00:00,1518.4651
2012-04-23 00:00:00,1484.8256
2012-04-23 01:00:00,1628.6039
2012-04-23 02:00:00,1648.6578
2012-04-23 03:00:00,1539.7574
2012-04-23 04:00:00,1536.6019
2012-04-23 05:00:00,1537.8676
2012-04-23 06:00:00,1542.1865
2012-04-23 07:00:00,1549.7135
2012-04-23 08:00:00,1408.6891
2012-04-23 09:00:00,1397.611
2012-04-23 10:00:00,1303.9232
2012-04-23 11:00:00,1299.6116
2012-04-23 12:00:00,1315.7412
2012-04-23 13:00:00,1212.2955
2012-04-23 14:00:00,1127.9799
2012-04-23 15:00:00,1128.3446
2012-04-23 16:00:00,1528.792
2012-04-23 17:00:00,1560.139
2012-04-23 18:00:00,1593.0126
2012-04-23 19:00:00,1460.5023
2012-04-23 20:00:00,1486.457
2012-04-23 21:00:00,1570.9594
2012-04-23 22:00:00,1485.1803
2012-04-23 23:00:00,1497.767
2012-04-24 00:00:00,1482.1774
2012-04-24 01:00:00,1583.9386
2012-04-24 02:00:00,1575.005
2012-04-24 03:00:00,1564.7307
2012-04-24 04:00:00,1347.0431
2012-04-24 05:00:00,1347.8475
2012-04-24 06:00:00,1338.1139
2012-04-24 07:00:00,1236.9631
2012-04-24 08:00:00,1135.8385
2012-04-24 09:00:00,857.13574
2012-04-24 10:00:00,856.234
2012-04-24 11:00:00,5869.3047
2012-04-24 12:00:00,8516.975
2012-04-24 13:00:00,9747.582
2012-04-24 14:00:00,11347.159
2012-04-24 15:00:00,11230.528
2012-04-24 16:00:00,8351.432
2012-04-24 17:00:00,12134.108
2012-04-24 18:00:00,8110.4478
2012-04-24 19:00:00,10922.859
2012-04-24 20:00:00,10832.954
2012-04-24 21:00:00,4449.2383
2012-04-24 22:00:00,1369.6361
2012-04-24 23:00:00,735.53516
2012-04-25 00:00:00,773.2463
2012-04-25 01:00:00,738.6472
2012-04-25 02:00:00,1252.5299
2012-04-25 03:00:00,1385.1996
2012-04-25 04:00:00,1299.069
2012-04-25 05:00:00,1337.0453
2012-04-25 06:00:00,1337.9056
2012-04-25 07:00:00,1442.8512
2012-04-25 08:00:00,1511.8895
2012-04-25 09:00:00,1076.05
2012-04-25 10:00:00,3031.1145
2012-04-25 11:00:00,4239.8306
2012-04-25 12:00:00,9534.351
2012-04-25 13:00:00,9362.719
2012-04-25 14:00:00,12263.005
2012-04-25 15:00:00,11685.621
2012-04-25 16:00:00,14138.563
2012-04-25 17:00:00,13856.659
2012-04-25 18:00:00,13743.863
2012-04-25 19:00:00,12588.548
2012-04-25 20:00:00,9296.078
2012-04-25 21:00:00,950.83685
2012-04-25 22:00:00,942.2045
2012-04-25 23:00:00,938.6418
2012-04-26 00:00:00,1250.2162
2012-04-26 01:00:00,870.54755
2012-04-26 02:00:00,1029.5018
2012-04-26 03:00:00,1031.5518
2012-04-26 04:00:00,1125.0997
2012-04-26 05:00:00,1200.9423
2012-04-26 06:00:00,1160.3011
2012-04-26 07:00:00,1516.6298
2012-04-26 08:00:00,1564.6381
2012-04-26 09:00:00,1706.936
2012-04-26 10:00:00,1843.8036
2012-04-26 11:00:00,1820.1398
2012-04-26 12:00:00,1622.3907
2012-04-26 13:00:00,1588.3224
2012-04-26 14:00:00,1473.1837
2012-04-26 15:00:00,1544.5491
2012-04-26 16:00:00,1582.6273
2012-04-26 17:00:00,1499.6881
2012-04-26 18:00:00,1476.2799
2012-04-26 19:00:00,1463.7543
2012-04-26 20:00:00,1488.5072
2012-04-26 21:00:00,1597.2938
2012-04-26 22:00:00,1626.9713
2012-04-26 23:00:00,1733.0358
2012-04-27 00:00:00,1164.7546
2012-04-27 01:00:00,1034.2124
2012-04-27 02:00:00,1043.3939
2012-04-27 03:00:00,1076.4419
2012-04-27 04:00:00,797.8201
2012-04-27 05:00:00,874.06744
2012-04-27 06:00:00,780.537
2012-04-27 07:00:00,908.378
2012-04-27 08:00:00,985.2216
2012-04-27 09:00:00,1091.524
2012-04-27 10:00:00,2084.9226
2012-04-27 11:00:00,1832.3226
2012-04-27 12:00:00,3008.6067
2012-04-27 13:00:00,4621.7856
2012-04-27 14:00:00,3826.3137
2012-04-27 15:00:00,9364.901
2012-04-27 16:00:00,6921.566
2012-04-27 17:00:00,12224.427
2012-04-27 18:00:00,11574.817
2012-04-27 19:00:00,10910.05
2012-04-27 20:00:00,4041.4358
2012-04-27 21:00:00,3074.6829
2012-04-27 22:00:00,1290.18
2012-04-27 23:00:00,823.61395
2012-04-28 00:00:00,779.97314
2012-04-28 01:00:00,894.99896
2012-04-28 02:00:00,792.527
2012-04-28 03:00:00,895.1399
2012-04-28 04:00:00,918.2918
2012-04-28 05:00:00,871.97565
2012-04-28 06:00:00,907.08527
2012-04-28 07:00:00,920.4997
2012-04-28 08:00:00,724.39716
2012-04-28 09:00:00,678.9196
2012-04-28 10:00:00,727.27106
2012-04-28 11:00:00,730.9114
2012-04-28 12:00:00,803.0352
2012-04-28 13:00:00,697.67926
2012-04-28 14:00:00,722.1842
2012-04-28 15:00:00,783.1214
2012-04-28 16:00:00,1265.5099
2012-04-28 17:00:00,754.82587
2012-04-28 18:00:00,888.2691
2012-04-28 19:00:00,1384.078
2012-04-28 20:00:00,1347.0157
2012-04-28 21:00:00,1359.5574
2012-04-28 22:00:00,1396.108
2012-04-28 23:00:00,1518.5441
2012-04-29 00:00:00,1580.9532
2012-04-29 01:00:00,1590.8422
2012-04-29 02:00:00,1721.796
2012-04-29 03:00:00,1694.4989
2012-04-29 04:00:00,1715.0133
2012-04-29 05:00:00,1759.6302
2012-04-29 06:00:00,1719.9022
2012-04-29 07:00:00,1715.7955
2012-04-29 08:00:00,1496.2882
2012-04-29 09:00:00,1391.8922
2012-04-29 10:00:00,1330.1495
2012-04-29 11:00:00,962.7656
2012-04-29 12:00:00,810.8306
2012-04-29 13:00:00,835.3605
2012-04-29 14:00:00,3464.4382
2012-04-29 15:00:00,3531.0354
2012-04-29 16:00:00,10100.504
2012-04-29 17:00:00,12496.639
2012-04-29 18:00:00,12316.163
2012-04-29 19:00:00,4177.187
2012-04-29 20:00:00,4947.668
2012-04-29 21:00:00,884.58997
2012-04-29 22:00:00,839.3298
2012-04-29 23:00:00,1176.7267
2012-04-30 00:00:00,1411.7115
2012-04-30 01:00:00,1520.996
2012-04-30 02:00:00,1378.9196
2012-04-30 03:00:00,1472.5074
2012-04-30 04:00:00,1145.7864
2012-04-30 05:00:00,1146.6024
2012-04-30 06:00:00,858.1424
2012-04-30 07:00:00,923.57635
2012-04-30 08:00:00,778.46747
2012-04-30 09:00:00,780.78326
2012-04-30 10:00:00,751.1279
2012-04-30 11:00:00,804.2789
2012-04-30 12:00:00,853.82745
2012-04-30 13:00:00,933.12665
2012-04-30 14:00:00,1007.1855
2012-04-30 15:00:00,1007.847
2012-04-30 16:00:00,1095.2461
2012-04-30 17:00:00,1098.4429
2012-04-30 18:00:00,1093.3627
2012-04-30 19:00:00,1185.9332
2012-04-30 20:00:00,1090.4137
2012-04-30 21:00:00,1090.7822
2012-04-30 22:00:00,1006.4222
2012-04-30 23:00:00,1005.90814
2012-05-20 00:00:00,959.9786
2012-05-20 01:00:00,938.4776
2012-05-20 02:00:00,939.40625
2012-05-20 03:00:00,1019.03754
2012-05-20 04:00:00,1336.9408
2012-05-20 05:00:00,1422.9298
2012-05-20 06:00:00,1214.291
2012-05-20 07:00:00,1301.988
2012-05-20 08:00:00,1013.0479
2012-05-20 09:00:00,9875.862
2012-05-20 10:00:00,10544.917
2012-05-20 11:00:00,9628.138
2012-05-20 12:00:00,10533.853
2012-05-20 13:00:00,9026.994
2012-05-20 14:00:00,10872.074
2012-05-20 15:00:00,11211.147
2012-05-20 16:00:00,7593.465
2012-05-20 17:00:00,5730.017
2012-05-20 18:00:00,3411.1213
2012-05-20 19:00:00,1379.9803
2012-05-20 20:00:00,1386.9325
2012-05-20 21:00:00,1269.6158
2012-05-20 22:00:00,1357.9093
2012-05-20 23:00:00,1443.1576
2012-05-21 00:00:00,1632.6471
2012-05-21 01:00:00,1615.1548
2012-05-21 02:00:00,1777.9443
2012-05-21 03:00:00,1644.801
2012-05-21 04:00:00,1636.4692
2012-05-21 05:00:00,1637.2174
2012-05-21 06:00:00,1637.966
2012-05-21 07:00:00,1638.7142
2012-05-21 08:00:00,1657.2454
2012-05-21 09:00:00,1669.8837
2012-05-21 10:00:00,1646.5233
2012-05-21 11:00:00,1608.6705
2012-05-21 12:00:00,1569.8058
2012-05-21 13:00:00,1560.5348
2012-05-21 14:00:00,1587.0891
2012-05-21 15:00:00,1371.0323
2012-05-21 16:00:00,1351.2308
2012-05-21 17:00:00,1253.8954
2012-05-21 18:00:00,1395.1243
2012-05-21 19:00:00,1270.5033
2012-05-21 20:00:00,1276.7552
2012-05-21 21:00:00,1292.38
2012-05-21 22:00:00,1394.0392
2012-05-21 23:00:00,1363.7678
2012-05-22 00:00:00,1570.0762
2012-05-22 01:00:00,1614.7345
2012-05-22 02:00:00,1629.67
2012-05-22 03:00:00,1630.3783
2012-05-22 04:00:00,1705.5544
2012-05-22 05:00:00,1679.9037
2012-05-22 06:00:00,1723.5175
2012-05-22 07:00:00,1724.2719
2012-05-22 08:00:00,1722.9167
2012-05-22 09:00:00,1634.602
2012-05-22 10:00:00,1524.9161
2012-05-22 11:00:00,1563.7352
2012-05-22 12:00:00,1513.3134
2012-05-22 13:00:00,1401.4037
2012-05-22 14:00:00,1387.8127
2012-05-22 15:00:00,1138.7811
2012-05-22 16:00:00,1124.222
2012-05-22 17:00:00,1941.1139
2012-05-22 18:00:00,1125.6259
2012-05-22 19:00:00,1257.4872
2012-05-22 20:00:00,1361.9668
2012-05-22 21:00:00,1520.2499
2012-05-22 22:00:00,1415.4403
2012-05-22 23:00:00,1413.1249
2012-05-23 00:00:00,1509.3367
2012-05-23 01:00:00,1612.3102
2012-05-23 02:00:00,1602.2335
2012-05-23 03:00:00,1527.2172
2012-05-23 04:00:00,1577.9801
2012-05-23 05:00:00,1654.8597
2012-05-23 06:00:00,1748.3958
2012-05-23 07:00:00,1698.4464
2012-05-23 08:00:00,1699.484
2012-05-23 09:00:00,1554.0726
2012-05-23 10:00:00,1529.7069
2012-05-23 11:00:00,1410.2544
2012-05-23 12:00:00,1261.9943
2012-05-23 13:00:00,1387.0782
2012-05-23 14:00:00,1186.8256
2012-05-23 15:00:00,1149.7164
2012-05-23 16:00:00,1181.3805
2012-05-23 17:00:00,1268.8724
2012-05-23 18:00:00,1269.3392
2012-05-23 19:00:00,1612.1146
2012-05-23 20:00:00,1641.4329
2012-05-23 21:00:00,1681.7959
2012-05-23 22:00:00,1613.8917
2012-05-23 23:00:00,1642.1539
2012-05-24 00:00:00,1648.5804
2012-05-24 01:00:00,1752.46
2012-05-24 02:00:00,1792.8951
2012-05-24 03:00:00,1734.4186
2012-05-24 04:00:00,1705.1425
2012-05-24 05:00:00,1705.9032
2012-05-24 06:00:00,1706.6638
2012-05-24 07:00:00,1645.8937
2012-05-24 08:00:00,1401.2252
2012-05-24 09:00:00,1393.46
2012-05-24 10:00:00,1183.1501
2012-05-24 11:00:00,1181.4637
2012-05-24 12:00:00,1216.9863
2012-05-24 13:00:00,2319.6086
2012-05-24 14:00:00,2768.824
2012-05-24 15:00:00,2928.0999
2012-05-24 16:00:00,3309.0676
2012-05-24 17:00:00,3063.5168
2012-05-24 18:00:00,3050.0317
2012-05-24 19:00:00,1282.8475
2012-05-24 20:00:00,1256.9862
2012-05-24 21:00:00,1487.9137
2012-05-24 22:00:00,1517.377
2012-05-24 23:00:00,1509.0573
2012-05-25 00:00:00,1625.0751
2012-05-25 01:00:00,1645.7708
2012-05-25 02:00:00,1673.5428
2012-05-25 03:00:00,1734.1058
2012-05-25 04:00:00,1785.8258
2012-05-25 05:00:00,1742.9327
2012-05-25 06:00:00,1736.2294
2012-05-25 07:00:00,1707.8119
2012-05-25 08:00:00,1758.4092
2012-05-25 09:00:00,1744.6017
2012-05-25 10:00:00,1513.7079
2012-05-25 11:00:00,1523.1212
2012-05-25 12:00:00,1209.1218
2012-05-25 13:00:00,1239.7366
2012-05-25 14:00:00,1629.3138
2012-05-25 15:00:00,1493.691
2012-05-25 16:00:00,4595.06
2012-05-25 17:00:00,1898.6937
2012-05-25 18:00:00,1498.4891
2012-05-25 19:00:00,1362.9135
2012-05-25 20:00:00,1186.4271
2012-05-25 21:00:00,1190.0664
2012-05-25 22:00:00,1403.2042
2012-05-25 23:00:00,1489.466
2012-05-26 00:00:00,1617.4995
2012-05-26 01:00:00,1630.3243
2012-05-26 02:00:00,1759.19
2012-05-26 03:00:00,1753.9148
2012-05-26 04:00:00,1739.8275
2012-05-26 05:00:00,1583.7657
2012-05-26 06:00:00,1711.9998
2012-05-26 07:00:00,1715.0375
2012-05-26 08:00:00,1516.4806
2012-05-26 09:00:00,1610.7784
2012-05-26 10:00:00,1501.0692
2012-05-26 11:00:00,1349.8358
2012-05-26 12:00:00,1215.8846
2012-05-26 13:00:00,1275.4716
2012-05-26 14:00:00,1282.0609
2012-05-26 15:00:00,1340.5316
2012-05-26 16:00:00,3856.0923
2012-05-26 17:00:00,4994.9517
2012-05-26 18:00:00,4010.7234
2012-05-26 19:00:00,1246.4996
2012-05-26 20:00:00,2732.2034
2012-05-26 21:00:00,1247.6759
2012-05-26 22:00:00,1352.4773
2012-05-26 23:00:00,1353.3048
2012-05-27 00:00:00,1246.2905
2012-05-27 01:00:00,1386.1313
2012-05-27 02:00:00,1370.4784
2012-05-27 03:00:00,1391.4816
2012-05-27 04:00:00,1609.0126
2012-05-27 05:00:00,1609.7279
2012-05-27 06:00:00,1622.8168
2012-05-27 07:00:00,1727.6747
2012-05-27 08:00:00,1610.1963
2012-05-27 09:00:00,1596.0028
2012-05-27 10:00:00,1358.8322
2012-05-27 11:00:00,1198.3661
2012-05-27 12:00:00,1224.8375
2012-05-27 13:00:00,2343.0603
2012-05-27 14:00:00,2669.9453
2012-05-27 15:00:00,4864.6924
2012-05-27 16:00:00,4866.1577
2012-05-27 17:00:00,6036.0737
2012-05-27 18:00:00,2903.5745
2012-05-27 19:00:00,2353.286
2012-05-27 20:00:00,2396.5383
2012-05-27 21:00:00,1277.0104
2012-05-27 22:00:00,1676.4241
2012-05-27 23:00:00,1621.4846
2012-05-28 00:00:00,1590.666
2012-05-28 01:00:00,1446.7958
2012-05-28 02:00:00,1590.5441
2012-05-28 03:00:00,1394.1349
2012-05-28 04:00:00,1521.3461
2012-05-28 05:00:00,1521.7799
2012-05-28 06:00:00,1395.5057
2012-05-28 07:00:00,1527.882
2012-05-28 08:00:00,1285.5608
2012-05-28 09:00:00,1125.3002
2012-05-28 10:00:00,1125.9911
2012-05-28 11:00:00,1203.7666
2012-05-28 12:00:00,1391.3955
2012-05-28 13:00:00,2875.5642
2012-05-28 14:00:00,2878.3271
2012-05-28 15:00:00,5338.069
2012-05-28 16:00:00,5462.293
2012-05-28 17:00:00,5340.993
2012-05-28 18:00:00,3782.547
2012-05-28 19:00:00,4896.5977
2012-05-28 20:00:00,2456.0415
2012-05-28 21:00:00,1354.0734
2012-05-28 22:00:00,1280.8629
2012-05-28 23:00:00,1355.1061
2012-05-29 00:00:00,1490.238
2012-05-29 01:00:00,1489.6895
2012-05-29 02:00:00,1607.4186
2012-05-29 03:00:00,1468.7533
2012-05-29 04:00:00,1477.6461
2012-05-29 05:00:00,1478.091
2012-05-29 06:00:00,1478.536
2012-05-29 07:00:00,1478.9805
2012-05-29 08:00:00,1345.8187
2012-05-29 09:00:00,1266.6395
2012-05-29 10:00:00,1264.3451
2012-05-29 11:00:00,1944.1183
2012-05-29 12:00:00,5119.6665
2012-05-29 13:00:00,7081.93
2012-05-29 14:00:00,7253.9155
2012-05-29 15:00:00,8599.319
2012-05-29 16:00:00,10589.47
2012-05-29 17:00:00,10682.292
2012-05-29 18:00:00,9331.022
2012-05-29 19:00:00,5236.477
2012-05-29 20:00:00,2639.6335
2012-05-29 21:00:00,1613.5908
2012-05-29 22:00:00,1754.6643
2012-05-29 23:00:00,1910.5729
2012-05-30 00:00:00,1740.3003
2012-05-30 01:00:00,1699.6139
2012-05-30 02:00:00,1851.8368
2012-05-30 03:00:00,1707.1885
2012-05-30 04:00:00,1720.5851
2012-05-30 05:00:00,1501.026
2012-05-30 06:00:00,1517.735
2012-05-30 07:00:00,1477.7372
2012-05-30 08:00:00,1386.3191
2012-05-30 09:00:00,1264.6549
2012-05-30 10:00:00,1256.9545
2012-05-30 11:00:00,1182.2108
2012-05-30 12:00:00,1618.4562
2012-05-30 13:00:00,2316.159
2012-05-30 14:00:00,5818.1562
2012-05-30 15:00:00,2993.467
2012-05-30 16:00:00,3149.9197
2012-05-30 17:00:00,3950.0493
2012-05-30 18:00:00,4400.041
2012-05-30 19:00:00,2329.9414
2012-05-30 20:00:00,1111.3009
2012-05-30 21:00:00,1166.3535
2012-05-30 22:00:00,1270.2113
2012-05-30 23:00:00,1191.7235
2012-05-31 00:00:00,1272.9069
2012-05-31 01:00:00,1278.6196
2012-05-31 02:00:00,1178.3746
2012-05-31 03:00:00,1289.8954
2012-05-31 04:00:00,1304.3184
2012-05-31 05:00:00,1260.7552
2012-05-31 06:00:00,1376.1456
2012-05-31 07:00:00,1159.794
2012-05-31 08:00:00,1094.3771
2012-05-31 09:00:00,3487.6199
2012-05-31 10:00:00,9956.284
2012-05-31 11:00:00,9993.718
2012-05-31 12:00:00,8297.515
2012-05-31 13:00:00,8694.567
2012-05-31 14:00:00,12615.499
2012-05-31 15:00:00,12947.323
2012-05-31 16:00:00,12766.575
2012-05-31 17:00:00,12108.373
2012-05-31 18:00:00,12296.124
2012-05-31 19:00:00,9025.133
2012-05-31 20:00:00,4620.026
2012-05-31 21:00:00,4622.7134
2012-05-31 22:00:00,2217.8596
2012-05-31 23:00:00,1579.1805
2012-06-20 00:00:00,1490.238
2012-06-20 01:00:00,1500.4648
2012-06-20 02:00:00,1604.4958
2012-06-20 03:00:00,1615.9255
2012-06-20 04:00:00,1634.1132
2012-06-20 05:00:00,1634.5494
2012-06-20 06:00:00,1764.5116
2012-06-20 07:00:00,1806.0515
2012-06-20 08:00:00,1494.8251
2012-06-20 09:00:00,1355.2906
2012-06-20 10:00:00,5707.4946
2012-06-20 11:00:00,7824.716
2012-06-20 12:00:00,8948.821
2012-06-20 13:00:00,9008.3955
2012-06-20 14:00:00,13098.067
2012-06-20 15:00:00,13277.558
2012-06-20 16:00:00,14905.269
2012-06-20 17:00:00,12338.063
2012-06-20 18:00:00,12307.995
2012-06-20 19:00:00,14763.44
2012-06-20 20:00:00,12216.702
2012-06-20 21:00:00,7860.883
2012-06-20 22:00:00,7372.687
2012-06-20 23:00:00,2422.0845
2012-06-21 00:00:00,1248.1527
2012-06-21 01:00:00,1458.6844
2012-06-21 02:00:00,1462.2294
2012-06-21 03:00:00,1349.8014
2012-06-21 04:00:00,1625.1283
2012-06-21 05:00:00,1620.4178
2012-06-21 06:00:00,1615.2504
2012-06-21 07:00:00,1615.6754
2012-06-21 08:00:00,1256.1635
2012-06-21 09:00:00,4116.366
2012-06-21 10:00:00,6734.2476
2012-06-21 11:00:00,10264.565
2012-06-21 12:00:00,15880.706
2012-06-21 13:00:00,12782.821
2012-06-21 14:00:00,13239.349
2012-06-21 15:00:00,16930.97
2012-06-21 16:00:00,14871.53
2012-06-21 17:00:00,10847.643
2012-06-21 18:00:00,10580.167
2012-06-21 19:00:00,12898.675
2012-06-21 20:00:00,9228.069
2012-06-21 21:00:00,5737.695
2012-06-21 22:00:00,2191.7922
2012-06-21 23:00:00,2814.8762
2012-06-22 00:00:00,1262.1494
2012-06-22 01:00:00,1343.8971
2012-06-22 02:00:00,1463.6178
2012-06-22 03:00:00,1464.1602
2012-06-22 04:00:00,1238.3329
2012-06-22 05:00:00,1201.3701
2012-06-22 06:00:00,1194.8744
2012-06-22 07:00:00,1593.7067
2012-06-22 08:00:00,2552.305
2012-06-22 09:00:00,2413.3474
2012-06-22 10:00:00,5813.369
2012-06-22 11:00:00,5818.7603
2012-06-22 12:00:00,6917.7266
2012-06-22 13:00:00,13191.573
2012-06-22 14:00:00,13142.753
2012-06-22 15:00:00,17134.053
2012-06-22 16:00:00,17217.781
2012-06-22 17:00:00,9994.595
2012-06-22 18:00:00,4344.406
2012-06-22 19:00:00,4969.5557
2012-06-22 20:00:00,4986.218
2012-06-22 21:00:00,1174.6777
2012-06-22 22:00:00,1252.5927
2012-06-22 23:00:00,1404.7985
2012-06-23 00:00:00,1681.0385
2012-06-23 01:00:00,1495.6434
2012-06-23 02:00:00,1583.8439
2012-06-23 03:00:00,1626.9517
2012-06-23 04:00:00,1596.5651
2012-06-23 05:00:00,1585.622
2012-06-23 06:00:00,1640.9193
2012-06-23 07:00:00,1609.8115
2012-06-23 08:00:00,1233.7455
2012-06-23 09:00:00,1172.3529
2012-06-23 10:00:00,2393.9438
2012-06-23 11:00:00,4972.31
2012-06-23 12:00:00,8107.5625
2012-06-23 13:00:00,13091.562
2012-06-23 14:00:00,12660.323
2012-06-23 15:00:00,16290.224
2012-06-23 16:00:00,16948.81
2012-06-23 17:00:00,16011.563
2012-06-23 18:00:00,16689.443
2012-06-23 19:00:00,15040.025
2012-06-23 20:00:00,12769.253
2012-06-23 21:00:00,9806.77
2012-06-23 22:00:00,6980.3774
2012-06-23 23:00:00,4344.4443
2012-06-24 00:00:00,2138.573
2012-06-24 01:00:00,1416.2233
2012-06-24 02:00:00,1914.364
2012-06-24 03:00:00,1164.1039
2012-06-24 04:00:00,1169.87
2012-06-24 05:00:00,1280.5194
2012-06-24 06:00:00,1165.9525
2012-06-24 07:00:00,1272.7484
2012-06-24 08:00:00,1121.5768
2012-06-24 09:00:00,2516.3613
2012-06-24 10:00:00,6406.025
2012-06-24 11:00:00,7031.566
2012-06-24 12:00:00,12999.921
2012-06-24 13:00:00,13748.536
2012-06-24 14:00:00,15908.9
2012-06-24 15:00:00,16545.725
2012-06-24 16:00:00,15707.0205
2012-06-24 17:00:00,15129.719
2012-06-24 18:00:00,13660.409
2012-06-24 19:00:00,11386.937
2012-06-24 20:00:00,6159.485
2012-06-24 21:00:00,2974.4026
2012-06-24 22:00:00,2072.5066
2012-06-24 23:00:00,1456.9618
2012-06-25 00:00:00,1189.8822
2012-06-25 01:00:00,1151.7289
2012-06-25 02:00:00,1245.0424
2012-06-25 03:00:00,1226.327
2012-06-25 04:00:00,1454.6464
2012-06-25 05:00:00,1387.1283
2012-06-25 06:00:00,1488.0212
2012-06-25 07:00:00,1370.934
2012-06-25 08:00:00,1239.7594
2012-06-25 09:00:00,1159.9424
2012-06-25 10:00:00,2674.3015
2012-06-25 11:00:00,9496.745
2012-06-25 12:00:00,6607.386
2012-06-25 13:00:00,3661.1707
2012-06-25 14:00:00,7512.726
2012-06-25 15:00:00,14805.894
2012-06-25 16:00:00,15527.376
2012-06-25 17:00:00,18465.936
2012-06-25 18:00:00,16221.659
2012-06-25 19:00:00,15897.733
2012-06-25 20:00:00,14831.183
2012-06-25 21:00:00,12437.232
2012-06-25 22:00:00,13350.36
2012-06-25 23:00:00,11051.313
2012-06-26 00:00:00,10947.317
2012-06-26 01:00:00,10493.925
2012-06-26 02:00:00,2224.528
2012-06-26 03:00:00,1560.4296
2012-06-26 04:00:00,1644.3444
2012-06-26 05:00:00,1274.6705
2012-06-26 06:00:00,927.6538
2012-06-26 07:00:00,965.89557
2012-06-26 08:00:00,1354.6855
2012-06-26 09:00:00,2705.0234
2012-06-26 10:00:00,5337.882
2012-06-26 11:00:00,11292.065
2012-06-26 12:00:00,13341.031
2012-06-26 13:00:00,14605.235
2012-06-26 14:00:00,14641.214
2012-06-26 15:00:00,15363.649
2012-06-26 16:00:00,16092.661
2012-06-26 17:00:00,14871.511
2012-06-26 18:00:00,14289.641
2012-06-26 19:00:00,12887.75
2012-06-26 20:00:00,12082.036
2012-06-26 21:00:00,8000.138
2012-06-26 22:00:00,8661.062
2012-06-26 23:00:00,4196.384
2012-06-27 00:00:00,4647.01
2012-06-27 01:00:00,3412.383
2012-06-27 02:00:00,890.006
2012-06-27 03:00:00,1186.034
2012-06-27 04:00:00,4925.408
2012-06-27 05:00:00,4070.292
2012-06-27 06:00:00,1962.3224
2012-06-27 07:00:00,4418.896
2012-06-27 08:00:00,4471.089
2012-06-27 09:00:00,6028.928
2012-06-27 10:00:00,8107.631
2012-06-27 11:00:00,13631.163
2012-06-27 12:00:00,14012.7705
2012-06-27 13:00:00,16048.872
2012-06-27 14:00:00,17288.012
2012-06-27 15:00:00,17647.018
2012-06-27 16:00:00,18892.387
2012-06-27 17:00:00,18259.545
2012-06-27 18:00:00,16094.345
2012-06-27 19:00:00,14923.218
2012-06-27 20:00:00,11895.459
2012-06-27 21:00:00,8053.6206
2012-06-27 22:00:00,6018.184
2012-06-27 23:00:00,3129.9602
2012-06-28 00:00:00,1869.8834
2012-06-28 01:00:00,1136.9845
2012-06-28 02:00:00,1832.3947
2012-06-28 03:00:00,1830.8854
2012-06-28 04:00:00,1090.1309
2012-06-28 05:00:00,1030.5536
2012-06-28 06:00:00,1031.5563
2012-06-28 07:00:00,1092.5894
2012-06-28 08:00:00,1920.2426
2012-06-28 09:00:00,1787.9553
2012-06-28 10:00:00,4327.6787
2012-06-28 11:00:00,13662.952
2012-06-28 12:00:00,16505.393
2012-06-28 13:00:00,16821.35
2012-06-28 14:00:00,18369.729
2012-06-28 15:00:00,18387.258
2012-06-28 16:00:00,15518.336
2012-06-28 17:00:00,14744.807
2012-06-28 18:00:00,16757.28
2012-06-28 19:00:00,15782.665
2012-06-28 20:00:00,12657.32
2012-06-28 21:00:00,2881.838
2012-06-28 22:00:00,3532.5793
2012-06-28 23:00:00,4011.5344
2012-06-29 00:00:00,3988.4084
2012-06-29 01:00:00,3165.6108
2012-06-29 02:00:00,1385.5746
2012-06-29 03:00:00,1386.0082
2012-06-29 04:00:00,1159.6757
2012-06-29 05:00:00,1108.3646
2012-06-29 06:00:00,1133.3446
2012-06-29 07:00:00,1110.3699
2012-06-29 08:00:00,2312.5781
2012-06-29 09:00:00,2671.3523
2012-06-29 10:00:00,15566.274
2012-06-29 11:00:00,14057.303
2012-06-29 12:00:00,15764.965
2012-06-29 13:00:00,16328.297
2012-06-29 14:00:00,18598.936
2012-06-29 15:00:00,15179.038
2012-06-29 16:00:00,15133.049
2012-06-29 17:00:00,19505.717
2012-06-29 18:00:00,16733.498
2012-06-29 19:00:00,10329.88
2012-06-29 20:00:00,14479.862
2012-06-29 21:00:00,7084.579
2012-06-29 22:00:00,3463.8855
2012-06-29 23:00:00,3468.6863
2012-06-30 00:00:00,1706.0416
2012-06-30 01:00:00,1679.9469
2012-06-30 02:00:00,1799.1134
2012-06-30 03:00:00,1800.109
2012-06-30 04:00:00,1897.1349
2012-06-30 05:00:00,1734.6443
2012-06-30 06:00:00,1735.3517
2012-06-30 07:00:00,1736.0598
2012-06-30 08:00:00,1736.7675
2012-06-30 09:00:00,1737.4745
2012-06-30 10:00:00,17113.742
2012-06-30 11:00:00,17087.982
2012-06-30 12:00:00,17062.213
2012-06-30 13:00:00,17036.451
2012-06-30 14:00:00,17010.688
2012-06-30 15:00:00,16984.934
2012-06-30 16:00:00,17383.922
2012-06-30 17:00:00,15124.425
2012-06-30 18:00:00,11718.436
2012-06-30 19:00:00,9235.196
2012-06-30 20:00:00,5546.9126
2012-06-30 21:00:00,5549.588
2012-06-30 22:00:00,1681.6178
2012-06-30 23:00:00,1578.8849
2012-07-20 00:00:00,1735.7362
2012-07-20 01:00:00,1739.3007
2012-07-20 02:00:00,1749.7467
2012-07-20 03:00:00,1742.9603
2012-07-20 04:00:00,1714.2745
2012-07-20 05:00:00,1729.3895
2012-07-20 06:00:00,1715.6893
2012-07-20 07:00:00,1703.3535
2012-07-20 08:00:00,1578.7836
2012-07-20 09:00:00,1481.437
2012-07-20 10:00:00,1476.7604
2012-07-20 11:00:00,1331.3632
2012-07-20 12:00:00,1570.4642
2012-07-20 13:00:00,1588.399
2012-07-20 14:00:00,1587.9215
2012-07-20 15:00:00,1554.9536
2012-07-20 16:00:00,1530.7802
2012-07-20 17:00:00,1622.3019
2012-07-20 18:00:00,1429.7487
2012-07-20 19:00:00,1555.7849
2012-07-20 20:00:00,1511.942
2012-07-20 21:00:00,1527.3883
2012-07-20 22:00:00,1591.0249
2012-07-20 23:00:00,1557.5702
2012-07-21 00:00:00,1533.3282
2012-07-21 01:00:00,1556.4806
2012-07-21 02:00:00,1633.522
2012-07-21 03:00:00,1646.921
2012-07-21 04:00:00,1635.6403
2012-07-21 05:00:00,1648.4476
2012-07-21 06:00:00,1649.2064
2012-07-21 07:00:00,1660.338
2012-07-21 08:00:00,1559.3546
2012-07-21 09:00:00,1586.4626
2012-07-21 10:00:00,1652.295
2012-07-21 11:00:00,1562.7491
2012-07-21 12:00:00,1565.9318
2012-07-21 13:00:00,1593.4078
2012-07-21 14:00:00,1665.451
2012-07-21 15:00:00,1656.0306
2012-07-21 16:00:00,1682.348
2012-07-21 17:00:00,1697.2499
2012-07-21 18:00:00,1695.7255
2012-07-21 19:00:00,1711.3142
2012-07-21 20:00:00,1699.5511
2012-07-21 21:00:00,1712.8483
2012-07-21 22:00:00,1742.849
2012-07-21 23:00:00,1793.9674
2012-07-22 00:00:00,1726.7494
2012-07-22 01:00:00,1697.5944
2012-07-22 02:00:00,1728.409
2012-07-22 03:00:00,1729.173
2012-07-22 04:00:00,1787.64
2012-07-22 05:00:00,1788.6173
2012-07-22 06:00:00,1631.9052
2012-07-22 07:00:00,1673.1809
2012-07-22 08:00:00,1545.4078
2012-07-22 09:00:00,1270.8665
2012-07-22 10:00:00,1407.4608
2012-07-22 11:00:00,1407.7057
2012-07-22 12:00:00,1262.8383
2012-07-22 13:00:00,1174.3325
2012-07-22 14:00:00,1194.21
2012-07-22 15:00:00,1195.1229
2012-07-22 16:00:00,1201.3176
2012-07-22 17:00:00,1198.8402
2012-07-22 18:00:00,1201.5104
2012-07-22 19:00:00,1264.8787
2012-07-22 20:00:00,1349.6223
2012-07-22 21:00:00,1497.7778
2012-07-22 22:00:00,1345.4169
2012-07-22 23:00:00,1515.2645
2012-07-23 00:00:00,1761.0238
2012-07-23 01:00:00,1710.1539
2012-07-23 02:00:00,1853.3258
2012-07-23 03:00:00,1854.009
2012-07-23 04:00:00,1832.7737
2012-07-23 05:00:00,1833.526
2012-07-23 06:00:00,1741.8458
2012-07-23 07:00:00,1612.27
2012-07-23 08:00:00,1462.7465
2012-07-23 09:00:00,1332.1927
2012-07-23 10:00:00,1669.4952
2012-07-23 11:00:00,5067.857
2012-07-23 12:00:00,5069.571
2012-07-23 13:00:00,4688.381
2012-07-23 14:00:00,2596.608
2012-07-23 15:00:00,4118.471
2012-07-23 16:00:00,5420.977
2012-07-23 17:00:00,5423.6567
2012-07-23 18:00:00,6944.4395
2012-07-23 19:00:00,5348.36
2012-07-23 20:00:00,1381.2238
2012-07-23 21:00:00,1409.6036
2012-07-23 22:00:00,1217.4319
2012-07-23 23:00:00,1194.9291
2012-07-24 00:00:00,1342.7258
2012-07-24 01:00:00,1495.8114
2012-07-24 02:00:00,1593.0211
2012-07-24 03:00:00,1593.455
2012-07-24 04:00:00,1623.2994
2012-07-24 05:00:00,1617.1642
2012-07-24 06:00:00,1605.8074
2012-07-24 07:00:00,1340.112
2012-07-24 08:00:00,1253.7024
2012-07-24 09:00:00,5339.739
2012-07-24 10:00:00,5166.2134
2012-07-24 11:00:00,7053.403
2012-07-24 12:00:00,5003.2725
2012-07-24 13:00:00,6895.6724
2012-07-24 14:00:00,6576.484
2012-07-24 15:00:00,7322.57
2012-07-24 16:00:00,4785.762
2012-07-24 17:00:00,5632.4795
2012-07-24 18:00:00,2056.755
2012-07-24 19:00:00,1380.7252
2012-07-24 20:00:00,1204.3856
2012-07-24 21:00:00,1204.1411
2012-07-24 22:00:00,1208.9032
2012-07-24 23:00:00,2472.0654
2012-07-25 00:00:00,1834.4506
2012-07-25 01:00:00,1192.7562
2012-07-25 02:00:00,1087.2318
2012-07-25 03:00:00,1158.3912
2012-07-25 04:00:00,1155.3395
2012-07-25 05:00:00,1163.5541
2012-07-25 06:00:00,1160.5101
2012-07-25 07:00:00,2752.3281
2012-07-25 08:00:00,5601.6587
2012-07-25 09:00:00,9863.77
2012-07-25 10:00:00,6626.676
2012-07-25 11:00:00,8572.628
2012-07-25 12:00:00,8554.773
2012-07-25 13:00:00,12524.478
2012-07-25 14:00:00,13672.597
2012-07-25 15:00:00,11125.368
2012-07-25 16:00:00,14000.7
2012-07-25 17:00:00,10404.12
2012-07-25 18:00:00,14456.534
2012-07-25 19:00:00,9795.891
2012-07-25 20:00:00,6625.9165
2012-07-25 21:00:00,4526.776
2012-07-25 22:00:00,1177.4618
2012-07-25 23:00:00,1599.8094
2012-07-26 00:00:00,1156.4803
2012-07-26 01:00:00,1156.7992
2012-07-26 02:00:00,1230.1721
2012-07-26 03:00:00,1233.3563
2012-07-26 04:00:00,1381.4105
2012-07-26 05:00:00,1381.2169
2012-07-26 06:00:00,1455.6697
2012-07-26 07:00:00,1327.3048
2012-07-26 08:00:00,1325.5624
2012-07-26 09:00:00,1261.9689
2012-07-26 10:00:00,1251.9049
2012-07-26 11:00:00,1895.7687
2012-07-26 12:00:00,5744.888
2012-07-26 13:00:00,7479.974
2012-07-26 14:00:00,11064.581
2012-07-26 15:00:00,15405.665
2012-07-26 16:00:00,18041.27
2012-07-26 17:00:00,15200.682
2012-07-26 18:00:00,16723.385
2012-07-26 19:00:00,12922.059
2012-07-26 20:00:00,8100.0166
2012-07-26 21:00:00,12601.745
2012-07-26 22:00:00,12601.419
2012-07-26 23:00:00,1268.8622
2012-07-27 00:00:00,1255.0157
2012-07-27 01:00:00,1250.9255
2012-07-27 02:00:00,1489.505
2012-07-27 03:00:00,1339.057
2012-07-27 04:00:00,1508.2623
2012-07-27 05:00:00,1658.4742
2012-07-27 06:00:00,1508.7783
2012-07-27 07:00:00,1256.2854
2012-07-27 08:00:00,1224.1757
2012-07-27 09:00:00,7317.4136
2012-07-27 10:00:00,6526.238
2012-07-27 11:00:00,8934.703
2012-07-27 12:00:00,8508.481
2012-07-27 13:00:00,8486.507
2012-07-27 14:00:00,9660.652
2012-07-27 15:00:00,11076.073
2012-07-27 16:00:00,8040.313
2012-07-27 17:00:00,12052.899
2012-07-27 18:00:00,7423.8154
2012-07-27 19:00:00,5749.6914
2012-07-27 20:00:00,2299.7976
2012-07-27 21:00:00,2299.9744
2012-07-27 22:00:00,2352.8438
2012-07-27 23:00:00,1234.5377
2012-07-28 00:00:00,1179.3097
2012-07-28 01:00:00,1253.0868
2012-07-28 02:00:00,1258.5077
2012-07-28 03:00:00,1259.3053
2012-07-28 04:00:00,1486.2911
2012-07-28 05:00:00,1503.761
2012-07-28 06:00:00,1259.4904
2012-07-28 07:00:00,1256.932
2012-07-28 08:00:00,1191.7238
2012-07-28 09:00:00,2225.9397
2012-07-28 10:00:00,5974.305
2012-07-28 11:00:00,11043.04
2012-07-28 12:00:00,10136.191
2012-07-28 13:00:00,12340.374
2012-07-28 14:00:00,12669.926
2012-07-28 15:00:00,16680.049
2012-07-28 16:00:00,11990.113
2012-07-28 17:00:00,7684.443
2012-07-28 18:00:00,9465.696
2012-07-28 19:00:00,1667.6898
2012-07-28 20:00:00,1590.1014
2012-07-28 21:00:00,1523.1263
2012-07-28 22:00:00,1523.6285
2012-07-28 23:00:00,1639.6571
2012-07-29 00:00:00,1745.7916
2012-07-29 01:00:00,1622.8085
2012-07-29 02:00:00,1396.7684
2012-07-29 03:00:00,1235.4323
2012-07-29 04:00:00,1256.122
2012-07-29 05:00:00,1487.3097
2012-07-29 06:00:00,1381.262
2012-07-29 07:00:00,1235.2495
2012-07-29 08:00:00,1158.0227
2012-07-29 09:00:00,1193.649
2012-07-29 10:00:00,1160.2181
2012-07-29 11:00:00,2941.508
2012-07-29 12:00:00,3409.1677
2012-07-29 13:00:00,6131.847
2012-07-29 14:00:00,6743.3916
2012-07-29 15:00:00,7298.631
2012-07-29 16:00:00,7290.4365
2012-07-29 17:00:00,8840.4
2012-07-29 18:00:00,9869.41
2012-07-29 19:00:00,2652.6016
2012-07-29 20:00:00,1204.8654
2012-07-29 21:00:00,1267.6886
2012-07-29 22:00:00,1271.1177
2012-07-29 23:00:00,1287.0372
2012-07-30 00:00:00,1348.5515
2012-07-30 01:00:00,1366.4216
2012-07-30 02:00:00,1390.8463
2012-07-30 03:00:00,1665.1748
2012-07-30 04:00:00,1665.6534
2012-07-30 05:00:00,1617.1642
2012-07-30 06:00:00,1594.7554
2012-07-30 07:00:00,1496.2877
2012-07-30 08:00:00,1333.8134
2012-07-30 09:00:00,1257.4755
2012-07-30 10:00:00,1212.1487
2012-07-30 11:00:00,3352.326
2012-07-30 12:00:00,2148.658
2012-07-30 13:00:00,5800.4443
2012-07-30 14:00:00,6121.9443
2012-07-30 15:00:00,6222.3013
2012-07-30 16:00:00,6344.27
2012-07-30 17:00:00,3463.0378
2012-07-30 18:00:00,3295.1267
2012-07-30 19:00:00,5609.1367
2012-07-30 20:00:00,1260.5153
2012-07-30 21:00:00,1264.2299
2012-07-30 22:00:00,1339.3462
2012-07-30 23:00:00,1344.4313
2012-07-31 00:00:00,1503.6786
2012-07-31 01:00:00,1603.6066
2012-07-31 02:00:00,1604.0469
2012-07-31 03:00:00,1622.8623
2012-07-31 04:00:00,1623.2994
2012-07-31 05:00:00,1594.3217
2012-07-31 06:00:00,1728.3816
2012-07-31 07:00:00,1571.2794
2012-07-31 08:00:00,1489.4254
2012-07-31 09:00:00,1257.4908
2012-07-31 10:00:00,1186.7081
2012-07-31 11:00:00,1834.4652
2012-07-31 12:00:00,5867.383
2012-07-31 13:00:00,4702.732
2012-07-31 14:00:00,4702.8267
2012-07-31 15:00:00,1364.7631
2012-07-31 16:00:00,2425.4329
2012-07-31 17:00:00,4370.9644
2012-07-31 18:00:00,3289.9666
2012-07-31 19:00:00,2069.0762
2012-07-31 20:00:00,1264.2737
2012-07-31 21:00:00,1502.1145
2012-07-31 22:00:00,1348.7797
2012-07-31 23:00:00,1592.5437
2012-08-20 00:00:00,1616.2571
2012-08-20 01:00:00,1600.2174
2012-08-20 02:00:00,1600.9257
2012-08-20 03:00:00,1734.5979
2012-08-20 04:00:00,1626.4581
2012-08-20 05:00:00,1670.2213
2012-08-20 06:00:00,1495.4537
2012-08-20 07:00:00,1489.7313
2012-08-20 08:00:00,1387.5612
2012-08-20 09:00:00,1279.2303
2012-08-20 10:00:00,1263.2908
2012-08-20 11:00:00,1168.644
2012-08-20 12:00:00,1102.2507
2012-08-20 13:00:00,1176.5692
2012-08-20 14:00:00,2177.3997
2012-08-20 15:00:00,2668.7046
2012-08-20 16:00:00,2672.1023
2012-08-20 17:00:00,1561.3246
2012-08-20 18:00:00,1461.2404
2012-08-20 19:00:00,1478.6665
2012-08-20 20:00:00,1554.9142
2012-08-20 21:00:00,1691.591
2012-08-20 22:00:00,1677.7909
2012-08-20 23:00:00,1678.2269
2012-08-21 00:00:00,1623.7262
2012-08-21 01:00:00,1602.2218
2012-08-21 02:00:00,1637.3738
2012-08-21 03:00:00,1777.8151
2012-08-21 04:00:00,1778.7596
2012-08-21 05:00:00,1639.5065
2012-08-21 06:00:00,1633.1001
2012-08-21 07:00:00,1518.2089
2012-08-21 08:00:00,1507.0122
2012-08-21 09:00:00,1287.3281
2012-08-21 10:00:00,1096.4698
2012-08-21 11:00:00,1538.3002
2012-08-21 12:00:00,4078.0134
2012-08-21 13:00:00,5515.387
2012-08-21 14:00:00,7562.524
2012-08-21 15:00:00,7058.1836
2012-08-21 16:00:00,7038.45
2012-08-21 17:00:00,3826.8835
2012-08-21 18:00:00,2514.2678
2012-08-21 19:00:00,1386.4696
2012-08-21 20:00:00,1405.0605
2012-08-21 21:00:00,1405.5792
2012-08-21 22:00:00,1562.9459
2012-08-21 23:00:00,1686.1969
2012-08-22 00:00:00,1627.7863
2012-08-22 01:00:00,1555.08
2012-08-22 02:00:00,1555.4924
2012-08-22 03:00:00,1555.9044
2012-08-22 04:00:00,1631.4545
2012-08-22 05:00:00,1565.4248
2012-08-22 06:00:00,1423.0704
2012-08-22 07:00:00,1557.4061
2012-08-22 08:00:00,1387.4443
2012-08-22 09:00:00,1168.4606
2012-08-22 10:00:00,1113.9004
2012-08-22 11:00:00,1296.4698
2012-08-22 12:00:00,2776.7908
2012-08-22 13:00:00,4359.4233
2012-08-22 14:00:00,5241.631
2012-08-22 15:00:00,4485.442
2012-08-22 16:00:00,2957.752
2012-08-22 17:00:00,2961.1667
2012-08-22 18:00:00,1111.0121
2012-08-22 19:00:00,1403.461
2012-08-22 20:00:00,1370.3915
2012-08-22 21:00:00,1405.5792
2012-08-22 22:00:00,1406.0975
2012-08-22 23:00:00,1684.1129
2012-08-23 00:00:00,1548.7875
2012-08-23 01:00:00,1676.7408
2012-08-23 02:00:00,1677.2374
2012-08-23 03:00:00,1636.1351
2012-08-23 04:00:00,1678.2203
2012-08-23 05:00:00,1678.6395
2012-08-23 06:00:00,1731.6708
2012-08-23 07:00:00,1625.1906
2012-08-23 08:00:00,1390.0668
2012-08-23 09:00:00,1267.0392
2012-08-23 10:00:00,1484.7987
2012-08-23 11:00:00,4286.3047
2012-08-23 12:00:00,7285.3247
2012-08-23 13:00:00,9305.675
2012-08-23 14:00:00,6056.6353
2012-08-23 15:00:00,5544.2896
2012-08-23 16:00:00,4665.246
2012-08-23 17:00:00,5861.9526
2012-08-23 18:00:00,4528.8833
2012-08-23 19:00:00,2716.9233
2012-08-23 20:00:00,1123.4021
2012-08-23 21:00:00,1123.3754
2012-08-23 22:00:00,1120.0447
2012-08-23 23:00:00,1274.2805
2012-08-24 00:00:00,1261.8163
2012-08-24 01:00:00,1389.83
2012-08-24 02:00:00,1270.329
2012-08-24 03:00:00,1401.2958
2012-08-24 04:00:00,1390.2084
2012-08-24 05:00:00,1550.8622
2012-08-24 06:00:00,1664.5632
2012-08-24 07:00:00,1537.3629
2012-08-24 08:00:00,1401.6655
2012-08-24 09:00:00,1319.9474
2012-08-24 10:00:00,4263.097
2012-08-24 11:00:00,4596.82
2012-08-24 12:00:00,5393.278
2012-08-24 13:00:00,7540.305
2012-08-24 14:00:00,6435.3706
2012-08-24 15:00:00,4781.5146
2012-08-24 16:00:00,4780.3394
2012-08-24 17:00:00,3674.773
2012-08-24 18:00:00,1218.8005
2012-08-24 19:00:00,1455.7894
2012-08-24 20:00:00,1169.3694
2012-08-24 21:00:00,1144.5281
2012-08-24 22:00:00,1129.3292
2012-08-24 23:00:00,1253.2786
2012-08-25 00:00:00,1108.4857
2012-08-25 01:00:00,1254.3998
2012-08-25 02:00:00,1394.5714
2012-08-25 03:00:00,1257.0109
2012-08-25 04:00:00,1248.9631
2012-08-25 05:00:00,1370.3978
2012-08-25 06:00:00,1484.1086
2012-08-25 07:00:00,1475.9668
2012-08-25 08:00:00,1354.9071
2012-08-25 09:00:00,1234.8586
2012-08-25 10:00:00,1163.7948
2012-08-25 11:00:00,1329.127
2012-08-25 12:00:00,3484.1812
2012-08-25 13:00:00,4108.31
2012-08-25 14:00:00,1166.275
2012-08-25 15:00:00,1328.6986
2012-08-25 16:00:00,1350.1364
2012-08-25 17:00:00,1346.5345
2012-08-25 18:00:00,1264.5359
2012-08-25 19:00:00,1447.6969
2012-08-25 20:00:00,1562.5773
2012-08-25 21:00:00,1537.4833
2012-08-25 22:00:00,1538.3186
2012-08-25 23:00:00,1575.2908
2012-08-26 00:00:00,1687.6857
2012-08-26 01:00:00,1716.8092
2012-08-26 02:00:00,1691.6481
2012-08-26 03:00:00,1679.0673
2012-08-26 04:00:00,1706.5875
2012-08-26 05:00:00,1719.7999
2012-08-26 06:00:00,1651.0759
2012-08-26 07:00:00,1721.3175
2012-08-26 08:00:00,1465.879
2012-08-26 09:00:00,1477.6307
2012-08-26 10:00:00,1354.7958
2012-08-26 11:00:00,1288.5951
2012-08-26 12:00:00,1333.9847
2012-08-26 13:00:00,1409.5358
2012-08-26 14:00:00,1770.1145
2012-08-26 15:00:00,1664.5963
2012-08-26 16:00:00,1665.3558
2012-08-26 17:00:00,1713.8762
2012-08-26 18:00:00,1767.6725
2012-08-26 19:00:00,1732.3019
2012-08-26 20:00:00,1745.2592
2012-08-26 21:00:00,1628.3221
2012-08-26 22:00:00,1762.1525
2012-08-26 23:00:00,1651.7333
2012-08-27 00:00:00,1676.2443
2012-08-27 01:00:00,1740.6324
2012-08-27 02:00:00,1719.3489
2012-08-27 03:00:00,1741.9987
2012-08-27 04:00:00,1678.2203
2012-08-27 05:00:00,1784.8617
2012-08-27 06:00:00,1785.8497
2012-08-27 07:00:00,1666.6754
2012-08-27 08:00:00,1625.048
2012-08-27 09:00:00,1618.922
2012-08-27 10:00:00,1336.35
2012-08-27 11:00:00,1194.855
2012-08-27 12:00:00,1316.3037
2012-08-27 13:00:00,2365.7954
2012-08-27 14:00:00,5413.016
2012-08-27 15:00:00,4783.9336
2012-08-27 16:00:00,4504.344
2012-08-27 17:00:00,6895.956
2012-08-27 18:00:00,4582.915
2012-08-27 19:00:00,1257.8376
2012-08-27 20:00:00,1261.7761
2012-08-27 21:00:00,1338.7726
2012-08-27 22:00:00,1605.9647
2012-08-27 23:00:00,1615.4786
2012-08-28 00:00:00,1574.6112
2012-08-28 01:00:00,1709.547
2012-08-28 02:00:00,1560.1533
2012-08-28 03:00:00,1740.6671
2012-08-28 04:00:00,1604.9266
2012-08-28 05:00:00,1610.8562
2012-08-28 06:00:00,1745.0101
2012-08-28 07:00:00,1606.2872
2012-08-28 08:00:00,1650.0431
2012-08-28 09:00:00,1476.9238
2012-08-28 10:00:00,1254.3788
2012-08-28 11:00:00,3732.5422
2012-08-28 12:00:00,6383.7876
2012-08-28 13:00:00,9793.708
2012-08-28 14:00:00,13438.776
2012-08-28 15:00:00,14150.915
2012-08-28 16:00:00,14675.026
2012-08-28 17:00:00,14438.517
2012-08-28 18:00:00,8951.938
2012-08-28 19:00:00,5065.2515
2012-08-28 20:00:00,3600.2659
2012-08-28 21:00:00,3538.7415
2012-08-28 22:00:00,1538.1041
2012-08-28 23:00:00,1091.4088
2012-08-29 00:00:00,1269.2498
2012-08-29 01:00:00,1262.9994
2012-08-29 02:00:00,1385.308
2012-08-29 03:00:00,1394.4269
2012-08-29 04:00:00,1363.5981
2012-08-29 05:00:00,1373.6821
2012-08-29 06:00:00,1374.1385
2012-08-29 07:00:00,1168.8993
2012-08-29 08:00:00,1088.3715
2012-08-29 09:00:00,2711.843
2012-08-29 10:00:00,3890.5823
2012-08-29 11:00:00,4080.0535
2012-08-29 12:00:00,6320.027
2012-08-29 13:00:00,5368.799
2012-08-29 14:00:00,6632.696
2012-08-29 15:00:00,7816.277
2012-08-29 16:00:00,7849.543
2012-08-29 17:00:00,10712.253
2012-08-29 18:00:00,6107.2964
2012-08-29 19:00:00,1961.2645
2012-08-29 20:00:00,1090.144
2012-08-29 21:00:00,1177.5729
2012-08-29 22:00:00,1143.2571
2012-08-29 23:00:00,1059.6215
2012-08-30 00:00:00,1284.3016
2012-08-30 01:00:00,1180.713
2012-08-30 02:00:00,1422.7535
2012-08-30 03:00:00,1422.8179
2012-08-30 04:00:00,1422.902
2012-08-30 05:00:00,1422.9865
2012-08-30 06:00:00,1603.7555
2012-08-30 07:00:00,1401.7333
2012-08-30 08:00:00,1172.9999
2012-08-30 09:00:00,1136.4413
2012-08-30 10:00:00,1845.7311
2012-08-30 11:00:00,6661.7466
2012-08-30 12:00:00,5411.7056
2012-08-30 13:00:00,4359.4233
2012-08-30 14:00:00,4482.687
2012-08-30 15:00:00,6525.204
2012-08-30 16:00:00,7740.658
2012-08-30 17:00:00,13162.886
2012-08-30 18:00:00,8915.929
2012-08-30 19:00:00,4496.448
2012-08-30 20:00:00,1598.0527
2012-08-30 21:00:00,1196.1982
2012-08-30 22:00:00,1281.8004
2012-08-30 23:00:00,1355.562
2012-08-31 00:00:00,1585.1986
2012-08-31 01:00:00,1585.6935
2012-08-31 02:00:00,1739.984
2012-08-31 03:00:00,1755.6044
2012-08-31 04:00:00,1741.242
2012-08-31 05:00:00,1727.6296
2012-08-31 06:00:00,1715.639
2012-08-31 07:00:00,1752.9833
2012-08-31 08:00:00,1362.6185
2012-08-31 09:00:00,1256.9935
2012-08-31 10:00:00,1346.8496
2012-08-31 11:00:00,16805.754
2012-08-31 12:00:00,16947.41
2012-08-31 13:00:00,18158.258
2012-08-31 14:00:00,17544.506
2012-08-31 15:00:00,18447.553
2012-08-31 16:00:00,17950.717
2012-08-31 17:00:00,15413.507
2012-08-31 18:00:00,13822.208
2012-08-31 19:00:00,5606.1465
2012-08-31 20:00:00,5598.3853
2012-08-31 21:00:00,2274.9185
2012-08-31 22:00:00,2276.8535
2012-08-31 23:00:00,1189.424
2012-09-20 00:00:00,1245.0713
2012-09-20 01:00:00,1400.2252
2012-09-20 02:00:00,1407.9816
2012-09-20 03:00:00,1548.9857
2012-09-20 04:00:00,1504.5073
2012-09-20 05:00:00,1505.6111
2012-09-20 06:00:00,1552.4576
2012-09-20 07:00:00,1610.0184
2012-09-20 08:00:00,1327.8048
2012-09-20 09:00:00,1096.4823
2012-09-20 10:00:00,951.3143
2012-09-20 11:00:00,3085.6443
2012-09-20 12:00:00,3491.9817
2012-09-20 13:00:00,3392.5557
2012-09-20 14:00:00,2806.9502
2012-09-20 15:00:00,3001.0867
2012-09-20 16:00:00,2664.8843
2012-09-20 17:00:00,2202.511
2012-09-20 18:00:00,1065.5673
2012-09-20 19:00:00,1079.1605
2012-09-20 20:00:00,1205.5743
2012-09-20 21:00:00,1192.869
2012-09-20 22:00:00,1430.9778
2012-09-20 23:00:00,1317.8986
2012-09-21 00:00:00,1349.8773
2012-09-21 01:00:00,1450.9364
2012-09-21 02:00:00,1451.7758
2012-09-21 03:00:00,1512.7421
2012-09-21 04:00:00,1553.0417
2012-09-21 05:00:00,1655.0287
2012-09-21 06:00:00,1515.3546
2012-09-21 07:00:00,1557.8993
2012-09-21 08:00:00,1411.2827
2012-09-21 09:00:00,1290.0677
2012-09-21 10:00:00,1089.6681
2012-09-21 11:00:00,1084.4656
2012-09-21 12:00:00,1128.6024
2012-09-21 13:00:00,1792.0123
2012-09-21 14:00:00,2487.6243
2012-09-21 15:00:00,2121.2375
2012-09-21 16:00:00,1953.6757
2012-09-21 17:00:00,1472.7485
2012-09-21 18:00:00,1093.5502
2012-09-21 19:00:00,1166.8217
2012-09-21 20:00:00,1263.3082
2012-09-21 21:00:00,1363.1348
2012-09-21 22:00:00,1385.5724
2012-09-21 23:00:00,1343.5895
2012-09-22 00:00:00,1345.281
2012-09-22 01:00:00,1545.1678
2012-09-22 02:00:00,1667.7432
2012-09-22 03:00:00,1552.3234
2012-09-22 04:00:00,1553.0385
2012-09-22 05:00:00,1534.8722
2012-09-22 06:00:00,1547.976
2012-09-22 07:00:00,1468.83
2012-09-22 08:00:00,1344.6171
2012-09-22 09:00:00,1246.6136
2012-09-22 10:00:00,1163.8185
2012-09-22 11:00:00,1474.8368
2012-09-22 12:00:00,2804.393
2012-09-22 13:00:00,4125.1987
2012-09-22 14:00:00,5255.682
2012-09-22 15:00:00,5160.0815
2012-09-22 16:00:00,4000.7844
2012-09-22 17:00:00,4002.1936
2012-09-22 18:00:00,2766.9983
2012-09-22 19:00:00,1183.6759
2012-09-22 20:00:00,2238.5442
2012-09-22 21:00:00,1091.9222
2012-09-22 22:00:00,1044.4634
2012-09-22 23:00:00,1800.0106
2012-09-23 00:00:00,5703.315
2012-09-23 01:00:00,960.18536
2012-09-23 02:00:00,839.6252
2012-09-23 03:00:00,970.0102
2012-09-23 04:00:00,990.1462
2012-09-23 05:00:00,1065.7672
2012-09-23 06:00:00,1124.105
2012-09-23 07:00:00,1080.6659
2012-09-23 08:00:00,973.00397
2012-09-23 09:00:00,906.5201
2012-09-23 10:00:00,1280.8225
2012-09-23 11:00:00,1379.8805
2012-09-23 12:00:00,1311.5759
2012-09-23 13:00:00,4667.345
2012-09-23 14:00:00,4851.1445
2012-09-23 15:00:00,7315.308
2012-09-23 16:00:00,9850.274
2012-09-23 17:00:00,4381.5825
2012-09-23 18:00:00,2942.8125
2012-09-23 19:00:00,1124.4233
2012-09-23 20:00:00,1130.7103
2012-09-23 21:00:00,856.39594
2012-09-23 22:00:00,859.5064
2012-09-23 23:00:00,1111.182
2012-09-24 00:00:00,1159.6803
2012-09-24 01:00:00,1269.6779
2012-09-24 02:00:00,1177.0634
2012-09-24 03:00:00,1175.3425
2012-09-24 04:00:00,1286.4183
2012-09-24 05:00:00,1251.4613
2012-09-24 06:00:00,1157.6771
2012-09-24 07:00:00,1274.2404
2012-09-24 08:00:00,981.07404
2012-09-24 09:00:00,910.0718
2012-09-24 10:00:00,860.3204
2012-09-24 11:00:00,3334.8357
2012-09-24 12:00:00,4355.8774
2012-09-24 13:00:00,10119.497
2012-09-24 14:00:00,6799.1743
2012-09-24 15:00:00,6067.1875
2012-09-24 16:00:00,7671.599
2012-09-24 17:00:00,4682.8096
2012-09-24 18:00:00,2826.075
2012-09-24 19:00:00,1745.2349
2012-09-24 20:00:00,925.0533
2012-09-24 21:00:00,907.5507
2012-09-24 22:00:00,900.7165
2012-09-24 23:00:00,1203.0652
2012-09-25 00:00:00,1254.0878
2012-09-25 01:00:00,1373.7872
2012-09-25 02:00:00,1479.0756
2012-09-25 03:00:00,1374.0795
2012-09-25 04:00:00,1355.3414
2012-09-25 05:00:00,1499.5793
2012-09-25 06:00:00,1442.4927
2012-09-25 07:00:00,1456.6074
2012-09-25 08:00:00,1247.6666
2012-09-25 09:00:00,983.0585
2012-09-25 10:00:00,949.9342
2012-09-25 11:00:00,2977.3718
2012-09-25 12:00:00,4066.706
2012-09-25 13:00:00,2924.4866
2012-09-25 14:00:00,6290.484
2012-09-25 15:00:00,8499.901
2012-09-25 16:00:00,5836.655
2012-09-25 17:00:00,5681.897
2012-09-25 18:00:00,4453.3057
2012-09-25 19:00:00,2040.7972
2012-09-25 20:00:00,1096.9933
2012-09-25 21:00:00,1100.1549
2012-09-25 22:00:00,1072.4052
2012-09-25 23:00:00,1223.8657
2012-09-26 00:00:00,1133.13
2012-09-26 01:00:00,1128.6085
2012-09-26 02:00:00,1131.9126
2012-09-26 03:00:00,1132.6005
2012-09-26 04:00:00,1347.1306
2012-09-26 05:00:00,1359.3466
2012-09-26 06:00:00,1371.0034
2012-09-26 07:00:00,1482.1857
2012-09-26 08:00:00,1329.9832
2012-09-26 09:00:00,1135.2651
2012-09-26 10:00:00,1332.576
2012-09-26 11:00:00,1069.1742
2012-09-26 12:00:00,1077.1125
2012-09-26 13:00:00,1185.6952
2012-09-26 14:00:00,4568.393
2012-09-26 15:00:00,4606.642
2012-09-26 16:00:00,5273.694
2012-09-26 17:00:00,4597.6885
2012-09-26 18:00:00,4272.081
2012-09-26 19:00:00,1681.2623
2012-09-26 20:00:00,1236.9716
2012-09-26 21:00:00,1155.9431
2012-09-26 22:00:00,1244.4989
2012-09-26 23:00:00,1455.3536
2012-09-27 00:00:00,1510.8209
2012-09-27 01:00:00,1511.2528
2012-09-27 02:00:00,1511.6857
2012-09-27 03:00:00,1553.7894
2012-09-27 04:00:00,1829.1615
2012-09-27 05:00:00,1668.6351
2012-09-27 06:00:00,1728.4679
2012-09-27 07:00:00,1555.4701
2012-09-27 08:00:00,1331.981
2012-09-27 09:00:00,1163.4653
2012-09-27 10:00:00,3188.1746
2012-09-27 11:00:00,3008.238
2012-09-27 12:00:00,4032.9602
2012-09-27 13:00:00,3636.2053
2012-09-27 14:00:00,4982.441
2012-09-27 15:00:00,4929.945
2012-09-27 16:00:00,2148.8289
2012-09-27 17:00:00,1225.756
2012-09-27 18:00:00,1231.2096
2012-09-27 19:00:00,1160.8177
2012-09-27 20:00:00,1238.178
2012-09-27 21:00:00,1525.9572
2012-09-27 22:00:00,1526.8528
2012-09-27 23:00:00,1580.0397
2012-09-28 00:00:00,1665.1864
2012-09-28 01:00:00,1742.6201
2012-09-28 02:00:00,1608.6913
2012-09-28 03:00:00,1591.5444
2012-09-28 04:00:00,1697.5641
2012-09-28 05:00:00,1766.6361
2012-09-28 06:00:00,1840.2194
2012-09-28 07:00:00,1880.2617
2012-09-28 08:00:00,1629.6237
2012-09-28 09:00:00,1608.5929
2012-09-28 10:00:00,1476.0988
2012-09-28 11:00:00,1257.8245
2012-09-28 12:00:00,2301.553
2012-09-28 13:00:00,3028.993
2012-09-28 14:00:00,2309.6443
2012-09-28 15:00:00,2098.8696
2012-09-28 16:00:00,2416.354
2012-09-28 17:00:00,1888.9167
2012-09-28 18:00:00,2234.2905
2012-09-28 19:00:00,2355.268
2012-09-28 20:00:00,1176.0896
2012-09-28 21:00:00,1258.2465
2012-09-28 22:00:00,948.9703
2012-09-28 23:00:00,992.8835
2012-09-29 00:00:00,1076.5621
2012-09-29 01:00:00,1076.8433
2012-09-29 02:00:00,979.2445
2012-09-29 03:00:00,1063.893
2012-09-29 04:00:00,1056.4646
2012-09-29 05:00:00,1171.5581
2012-09-29 06:00:00,1149.1207
2012-09-29 07:00:00,1214.7338
2012-09-29 08:00:00,1237.2899
2012-09-29 09:00:00,1173.9761
2012-09-29 10:00:00,985.7203
2012-09-29 11:00:00,930.1131
2012-09-29 12:00:00,4610.607
2012-09-29 13:00:00,4601.696
2012-09-29 14:00:00,4500.9316
2012-09-29 15:00:00,3700.0178
2012-09-29 16:00:00,4404.4883
2012-09-29 17:00:00,6492.583
2012-09-29 18:00:00,1097.6733
2012-09-29 19:00:00,983.3183
2012-09-29 20:00:00,981.82825
2012-09-29 21:00:00,987.1932
2012-09-29 22:00:00,1209.9198
2012-09-29 23:00:00,1121.2292
2012-09-30 00:00:00,1139.6324
2012-09-30 01:00:00,1139.7167
2012-09-30 02:00:00,1252.1844
2012-09-30 03:00:00,1300.6964
2012-09-30 04:00:00,1301.4039
2012-09-30 05:00:00,1442.14
2012-09-30 06:00:00,1404.1583
2012-09-30 07:00:00,1546.326
2012-09-30 08:00:00,1296.7981
2012-09-30 09:00:00,1195.4025
2012-09-30 10:00:00,1197.2957
2012-09-30 11:00:00,3540.636
2012-09-30 12:00:00,4610.607
2012-09-30 13:00:00,4426.7144
2012-09-30 14:00:00,4419.306
2012-09-30 15:00:00,6697.0107
2012-09-30 16:00:00,6419.0347
2012-09-30 17:00:00,7407.7876
2012-09-30 18:00:00,1066.5072
2012-09-30 19:00:00,1369.9442
2012-09-30 20:00:00,1370.7189
2012-09-30 21:00:00,1371.6766
2012-09-30 22:00:00,1460.7384
2012-09-30 23:00:00,1418.9089
2012-10-20 00:00:00,1584.3574
2012-10-20 01:00:00,1380.6361
2012-10-20 02:00:00,1494.9517
2012-10-20 03:00:00,1485.2323
2012-10-20 04:00:00,1441.2227
2012-10-20 05:00:00,1640.2826
2012-10-20 06:00:00,1422.1483
2012-10-20 07:00:00,1643.3975
2012-10-20 08:00:00,1282.201
2012-10-20 09:00:00,1102.9296
2012-10-20 10:00:00,918.309
2012-10-20 11:00:00,909.9488
2012-10-20 12:00:00,921.0929
2012-10-20 13:00:00,1554.431
2012-10-20 14:00:00,1868.17
2012-10-20 15:00:00,1205.2789
2012-10-20 16:00:00,2021.3192
2012-10-20 17:00:00,3117.9148
2012-10-20 18:00:00,2061.1067
2012-10-20 19:00:00,800.86865
2012-10-20 20:00:00,1799.2921
2012-10-20 21:00:00,829.99335
2012-10-20 22:00:00,945.31824
2012-10-20 23:00:00,1166.4305
2012-10-21 00:00:00,991.7906
2012-10-21 01:00:00,1051.8055
2012-10-21 02:00:00,1159.6302
2012-10-21 03:00:00,1276.6531
2012-10-21 04:00:00,1354.4913
2012-10-21 05:00:00,1278.8594
2012-10-21 06:00:00,1238.3783
2012-10-21 07:00:00,1239.3334
2012-10-21 08:00:00,1342.3646
2012-10-21 09:00:00,1014.5932
2012-10-21 10:00:00,875.7232
2012-10-21 11:00:00,1572.4524
2012-10-21 12:00:00,2986.3196
2012-10-21 13:00:00,3564.4075
2012-10-21 14:00:00,3794.5955
2012-10-21 15:00:00,4922.6416
2012-10-21 16:00:00,3114.2969
2012-10-21 17:00:00,2205.0823
2012-10-21 18:00:00,1968.4457
2012-10-21 19:00:00,891.0174
2012-10-21 20:00:00,780.8348
2012-10-21 21:00:00,1010.6357
2012-10-21 22:00:00,1072.8033
2012-10-21 23:00:00,1056.0183
2012-10-22 00:00:00,1226.5128
2012-10-22 01:00:00,1410.0797
2012-10-22 02:00:00,1411.4917
2012-10-22 03:00:00,1229.3776
2012-10-22 04:00:00,1310.4578
2012-10-22 05:00:00,1482.8627
2012-10-22 06:00:00,1486.4427
2012-10-22 07:00:00,1274.3186
2012-10-22 08:00:00,1337.8497
2012-10-22 09:00:00,1213.9941
2012-10-22 10:00:00,1018.5711
2012-10-22 11:00:00,3205.5793
2012-10-22 12:00:00,3660.1255
2012-10-22 13:00:00,8738.548
2012-10-22 14:00:00,9993.872
2012-10-22 15:00:00,9060.514
2012-10-22 16:00:00,6755.153
2012-10-22 17:00:00,6056.279
2012-10-22 18:00:00,1215.0251
2012-10-22 19:00:00,924.395
2012-10-22 20:00:00,1113.3237
2012-10-22 21:00:00,1305.814
2012-10-22 22:00:00,1598.1619
2012-10-22 23:00:00,1611.246
2012-10-23 00:00:00,1693.9681
2012-10-23 01:00:00,1463.038
2012-10-23 02:00:00,1709.945
2012-10-23 03:00:00,1477.7045
2012-10-23 04:00:00,1492.7518
2012-10-23 05:00:00,1498.8837
2012-10-23 06:00:00,1608.562
2012-10-23 07:00:00,1484.0544
2012-10-23 08:00:00,1388.2377
2012-10-23 09:00:00,1381.994
2012-10-23 10:00:00,1123.4982
2012-10-23 11:00:00,988.0096
2012-10-23 12:00:00,2460.514
2012-10-23 13:00:00,3051.679
2012-10-23 14:00:00,4791.8687
2012-10-23 15:00:00,5131.0786
2012-10-23 16:00:00,3759.886
2012-10-23 17:00:00,4377.868
2012-10-23 18:00:00,1062.1835
2012-10-23 19:00:00,1024.8087
2012-10-23 20:00:00,1175.7909
2012-10-23 21:00:00,1340.4938
2012-10-23 22:00:00,1301.7275
2012-10-23 23:00:00,1420.7858
2012-10-24 00:00:00,1416.2975
2012-10-24 01:00:00,1340.0126
2012-10-24 02:00:00,1340.3566
2012-10-24 03:00:00,1499.3098
2012-10-24 04:00:00,1500.2318
2012-10-24 05:00:00,1642.0231
2012-10-24 06:00:00,1597.0037
2012-10-24 07:00:00,1727.0758
2012-10-24 08:00:00,1609.0377
2012-10-24 09:00:00,1492.9974
2012-10-24 10:00:00,1447.7294
2012-10-24 11:00:00,1200.8668
2012-10-24 12:00:00,1082.7294
2012-10-24 13:00:00,1084.1785
2012-10-24 14:00:00,12242.284
2012-10-24 15:00:00,5310.102
2012-10-24 16:00:00,8704.259
2012-10-24 17:00:00,2299.5989
2012-10-24 18:00:00,3068.9006
2012-10-24 19:00:00,1195.1444
2012-10-24 20:00:00,1090.6469
2012-10-24 21:00:00,1091.6064
2012-10-24 22:00:00,1150.5182
2012-10-24 23:00:00,1290.5854
2012-10-25 00:00:00,1134.9753
2012-10-25 01:00:00,1317.9388
2012-10-25 02:00:00,1541.9899
2012-10-25 03:00:00,1693.8239
2012-10-25 04:00:00,1707.7181
2012-10-25 05:00:00,1682.7266
2012-10-25 06:00:00,1670.8558
2012-10-25 07:00:00,1671.7794
2012-10-25 08:00:00,1580.9152
2012-10-25 09:00:00,1567.3364
2012-10-25 10:00:00,1596.1866
2012-10-25 11:00:00,1611.3214
2012-10-25 12:00:00,1508.4897
2012-10-25 13:00:00,1559.1737
2012-10-25 14:00:00,1384.5287
2012-10-25 15:00:00,1163.7384
2012-10-25 16:00:00,1280.9349
2012-10-25 17:00:00,1280.8195
2012-10-25 18:00:00,1629.5209
2012-10-25 19:00:00,1585.8096
2012-10-25 20:00:00,1708.389
2012-10-25 21:00:00,1709.0638
2012-10-25 22:00:00,1627.058
2012-10-25 23:00:00,1605.9491
2012-10-26 00:00:00,1528.1904
2012-10-26 01:00:00,1711.3336
2012-10-26 02:00:00,1705.7893
2012-10-26 03:00:00,1680.9391
2012-10-26 04:00:00,1681.7281
2012-10-26 05:00:00,1708.8661
2012-10-26 06:00:00,1716.4836
2012-10-26 07:00:00,1711.1627
2012-10-26 08:00:00,1698.9071
2012-10-26 09:00:00,1699.7998
2012-10-26 10:00:00,1713.7311
2012-10-26 11:00:00,1479.1595
2012-10-26 12:00:00,1362.785
2012-10-26 13:00:00,1271.1332
2012-10-26 14:00:00,1145.1079
2012-10-26 15:00:00,1086.4263
2012-10-26 16:00:00,1373.1359
2012-10-26 17:00:00,1430.2433
2012-10-26 18:00:00,1498.535
2012-10-26 19:00:00,1588.5211
2012-10-26 20:00:00,1589.228
2012-10-26 21:00:00,1480.193
2012-10-26 22:00:00,1605.4552
2012-10-26 23:00:00,1603.4027
2012-10-27 00:00:00,1707.0736
2012-10-27 01:00:00,1699.1335
2012-10-27 02:00:00,1675.5345
2012-10-27 03:00:00,1697.318
2012-10-27 04:00:00,1689.307
2012-10-27 05:00:00,1551.165
2012-10-27 06:00:00,1551.8761
2012-10-27 07:00:00,1585.8787
2012-10-27 08:00:00,1432.3489
2012-10-27 09:00:00,1433.0988
2012-10-27 10:00:00,1342.6268
2012-10-27 11:00:00,1154.7855
2012-10-27 12:00:00,1196.1439
2012-10-27 13:00:00,3695.1038
2012-10-27 14:00:00,2739.2874
2012-10-27 15:00:00,1066.0793
2012-10-27 16:00:00,1152.2291
2012-10-27 17:00:00,1153.0746
2012-10-27 18:00:00,1153.9196
2012-10-27 19:00:00,1342.2589
2012-10-27 20:00:00,1343.0303
2012-10-27 21:00:00,1343.7577
2012-10-27 22:00:00,1332.8633
2012-10-27 23:00:00,1223.288
2012-10-28 00:00:00,1210.68
2012-10-28 01:00:00,1303.138
2012-10-28 02:00:00,1218.7811
2012-10-28 03:00:00,1116.0369
2012-10-28 04:00:00,1113.1777
2012-10-28 05:00:00,1124.933
2012-10-28 06:00:00,1042.7518
2012-10-28 07:00:00,1046.461
2012-10-28 08:00:00,1053.2985
2012-10-28 09:00:00,995.0957
2012-10-28 10:00:00,971.36523
2012-10-28 11:00:00,977.692
2012-10-28 12:00:00,1033.0834
2012-10-28 13:00:00,1051.5504
2012-10-28 14:00:00,1051.4484
2012-10-28 15:00:00,1103.745
2012-10-28 16:00:00,1189.2819
2012-10-28 17:00:00,1365.1415
2012-10-28 18:00:00,1730.3143
2012-10-28 19:00:00,1761.7992
2012-10-28 20:00:00,1738.6991
2012-10-28 21:00:00,1626.726
2012-10-28 22:00:00,1633.9994
2012-10-28 23:00:00,1765.3429
2012-10-29 00:00:00,1612.2415
2012-10-30 13:00:00,1510.9318
2012-10-30 14:00:00,1512.1368
2012-10-30 15:00:00,1662.7631
2012-10-30 16:00:00,1663.6986
2012-10-30 17:00:00,1670.2616
2012-10-30 18:00:00,1685.568
2012-10-30 19:00:00,1267.196
2012-10-30 20:00:00,1562.4194
2012-10-30 21:00:00,1706.7557
2012-10-30 22:00:00,1587.3345
2012-10-30 23:00:00,1588.8583
2012-10-31 00:00:00,1557.2346
2012-10-31 01:00:00,1562.8011
2012-10-31 02:00:00,1550.5887
2012-10-31 03:00:00,1561.8029
2012-10-31 04:00:00,1656.8903
2012-10-31 05:00:00,1554.9479
2012-10-31 06:00:00,1555.2941
2012-10-31 07:00:00,1676.0471
2012-10-31 08:00:00,1572.4327
2012-10-31 09:00:00,1473.2654
2012-10-31 10:00:00,1315.4734
2012-10-31 11:00:00,1216.422
2012-10-31 12:00:00,1064.6936
2012-10-31 13:00:00,894.0806
2012-10-31 14:00:00,889.23804
2012-10-31 15:00:00,999.72345
2012-10-31 16:00:00,970.47015
2012-10-31 17:00:00,1070.9285
2012-10-31 18:00:00,1071.6879
2012-10-31 19:00:00,901.5053
2012-10-31 20:00:00,902.5803
2012-10-31 21:00:00,903.6547
2012-10-31 22:00:00,1078.7941
2012-10-31 23:00:00,1100.2804
2012-11-20 00:00:00,1340.6656
2012-11-20 01:00:00,1266.7384
2012-11-20 02:00:00,1471.1564
2012-11-20 03:00:00,1365.243
2012-11-20 04:00:00,1224.1244
2012-11-20 05:00:00,1249.2904
2012-11-20 06:00:00,1343.7573
2012-11-20 07:00:00,1484.5736
2012-11-20 08:00:00,1366.556
2012-11-20 09:00:00,1409.7462
2012-11-20 10:00:00,1265.8256
2012-11-20 11:00:00,1286.9373
2012-11-20 12:00:00,1328.8319
2012-11-20 13:00:00,1131.4515
2012-11-20 14:00:00,1089.621
2012-11-20 15:00:00,1021.015
2012-11-20 16:00:00,1186.829
2012-11-20 17:00:00,1343.3502
2012-11-20 18:00:00,1271.8412
2012-11-20 19:00:00,1416.5372
2012-11-20 20:00:00,1522.3551
2012-11-20 21:00:00,1429.6993
2012-11-20 22:00:00,1430.5399
2012-11-20 23:00:00,1602.7909
2012-11-21 00:00:00,1601.3546
2012-11-21 01:00:00,1568.5087
2012-11-21 02:00:00,1681.2611
2012-11-21 03:00:00,1682.5587
2012-11-21 04:00:00,1683.8563
2012-11-21 05:00:00,1685.1534
2012-11-21 06:00:00,1691.6117
2012-11-21 07:00:00,1691.1981
2012-11-21 08:00:00,1570.2985
2012-11-21 09:00:00,1487.7482
2012-11-21 10:00:00,1233.9066
2012-11-21 11:00:00,901.7496
2012-11-21 12:00:00,720.4173
2012-11-21 13:00:00,1640.995
2012-11-21 14:00:00,2444.7815
2012-11-21 15:00:00,1186.149
2012-11-21 16:00:00,1713.0685
2012-11-21 17:00:00,697.5892
2012-11-21 18:00:00,681.73114
2012-11-21 19:00:00,764.5793
2012-11-21 20:00:00,1176.4689
2012-11-21 21:00:00,991.4781
2012-11-21 22:00:00,974.53864
2012-11-21 23:00:00,1224.1688
2012-11-22 00:00:00,1276.9603
2012-11-22 01:00:00,1255.7521
2012-11-22 02:00:00,1445.4469
2012-11-22 03:00:00,1442.9934
2012-11-22 04:00:00,1538.788
2012-11-22 05:00:00,1445.5886
2012-11-22 06:00:00,1350.6327
2012-11-22 07:00:00,1438.1654
2012-11-22 08:00:00,1440.9115
2012-11-22 09:00:00,1295.0173
2012-11-22 10:00:00,1087.9396
2012-11-22 11:00:00,716.16766
2012-11-22 12:00:00,913.90704
2012-11-22 13:00:00,2210.5447
2012-11-22 14:00:00,3129.6702
2012-11-22 15:00:00,3124.8562
2012-11-22 16:00:00,1686.4569
2012-11-22 17:00:00,915.64703
2012-11-22 18:00:00,781.4283
2012-11-22 19:00:00,1534.9287
2012-11-22 20:00:00,1432.901
2012-11-22 21:00:00,1187.2338
2012-11-22 22:00:00,1227.4164
2012-11-22 23:00:00,1413.9269
2012-11-23 00:00:00,1277.0226
2012-11-23 01:00:00,1566.5317
2012-11-23 02:00:00,1447.3998
2012-11-23 03:00:00,1380.3845
2012-11-23 04:00:00,1442.7836
2012-11-23 05:00:00,1618.8425
2012-11-23 06:00:00,1618.6527
2012-11-23 07:00:00,1618.4628
2012-11-23 08:00:00,1700.0563
2012-11-23 09:00:00,1455.0144
2012-11-23 10:00:00,1143.8081
2012-11-23 11:00:00,901.7496
2012-11-23 12:00:00,1257.7452
2012-11-23 13:00:00,1638.7443
2012-11-23 14:00:00,2676.2537
2012-11-23 15:00:00,1278.9039
2012-11-23 16:00:00,834.81415
2012-11-23 17:00:00,1041.7997
2012-11-23 18:00:00,780.32715
2012-11-23 19:00:00,827.9654
2012-11-23 20:00:00,739.78424
2012-11-23 21:00:00,831.6179
2012-11-23 22:00:00,4559.385
2012-11-23 23:00:00,2192.1426
2012-11-24 00:00:00,1233.909
2012-11-24 01:00:00,851.87115
2012-11-24 02:00:00,702.14435
2012-11-24 03:00:00,700.5546
2012-11-24 04:00:00,798.1258
2012-11-24 05:00:00,716.9801
2012-11-24 06:00:00,787.311
2012-11-24 07:00:00,722.6341
2012-11-24 08:00:00,888.38324
2012-11-24 09:00:00,825.51465
2012-11-24 10:00:00,781.4909
2012-11-24 11:00:00,709.73065
2012-11-24 12:00:00,533.1106
2012-11-24 13:00:00,665.48535
2012-11-24 14:00:00,855.2143
2012-11-24 15:00:00,731.57416
2012-11-24 16:00:00,788.1257
2012-11-24 17:00:00,733.8224
2012-11-24 18:00:00,689.4395
2012-11-24 19:00:00,732.11615
2012-11-24 20:00:00,798.5983
2012-11-24 21:00:00,808.9251
2012-11-24 22:00:00,802.4504
2012-11-24 23:00:00,810.5131
2012-11-25 00:00:00,844.07513
2012-11-25 01:00:00,795.9027
2012-11-25 02:00:00,823.6911
2012-11-25 03:00:00,862.4106
2012-11-25 04:00:00,863.2518
2012-11-25 05:00:00,862.5986
2012-11-25 06:00:00,878.2472
2012-11-25 07:00:00,964.0124
2012-11-25 08:00:00,943.33887
2012-11-25 09:00:00,873.1203
2012-11-25 10:00:00,874.5076
2012-11-25 11:00:00,724.89764
2012-11-25 12:00:00,725.91693
2012-11-25 13:00:00,735.91705
2012-11-25 14:00:00,741.22864
2012-11-25 15:00:00,742.0994
2012-11-25 16:00:00,689.0033
2012-11-25 17:00:00,741.5629
2012-11-25 18:00:00,806.6526
2012-11-25 19:00:00,816.7901
2012-11-25 20:00:00,1207.8533
2012-11-25 21:00:00,960.9318
2012-11-25 22:00:00,1210.9681
2012-11-25 23:00:00,1360.4904
2012-11-26 00:00:00,1365.9005
2012-11-26 01:00:00,1372.1134
2012-11-26 02:00:00,1371.9104
2012-11-26 03:00:00,1371.7078
2012-11-26 04:00:00,1365.8995
2012-11-26 05:00:00,1308.5562
2012-11-26 06:00:00,1366.0531
2012-11-26 07:00:00,1282.444
2012-11-26 08:00:00,1283.5577
2012-11-26 09:00:00,1073.757
2012-11-26 10:00:00,967.89294
2012-11-26 11:00:00,1124.8397
2012-11-26 12:00:00,800.86896
2012-11-26 13:00:00,801.5055
2012-11-26 14:00:00,748.3304
2012-11-26 15:00:00,791.0245
2012-11-26 16:00:00,2120.657
2012-11-26 17:00:00,1272.8055
2012-11-26 18:00:00,917.1285
2012-11-26 19:00:00,1057.8639
2012-11-26 20:00:00,972.8672
2012-11-26 21:00:00,973.703
2012-11-26 22:00:00,1223.354
2012-11-26 23:00:00,1277.1454
2012-11-27 00:00:00,1265.239
2012-11-27 01:00:00,1332.4601
2012-11-27 02:00:00,1321.8873
2012-11-27 03:00:00,1325.037
2012-11-27 04:00:00,1534.0853
2012-11-27 05:00:00,1537.9529
2012-11-27 06:00:00,1549.9338
2012-11-27 07:00:00,1552.3926
2012-11-27 08:00:00,1550.2484
2012-11-27 09:00:00,1568.0021
2012-11-27 10:00:00,1541.1244
2012-11-27 11:00:00,1651.3173
2012-11-27 12:00:00,1641.9344
2012-11-27 13:00:00,1658.1312
2012-11-27 14:00:00,1645.1542
2012-11-27 15:00:00,1410.3126
2012-11-27 16:00:00,1411.3071
2012-11-27 17:00:00,1393.3348
2012-11-27 18:00:00,1547.6329
2012-11-27 19:00:00,1385.6561
2012-11-27 20:00:00,1425.9316
2012-11-27 21:00:00,1557.3481
2012-11-27 22:00:00,1570.5433
2012-11-27 23:00:00,1561.6042
2012-11-28 00:00:00,1406.0612
2012-11-28 01:00:00,1410.7445
2012-11-28 02:00:00,1412.7576
2012-11-28 03:00:00,1317.6454
2012-11-28 04:00:00,1324.4537
2012-11-28 05:00:00,1334.5801
2012-11-28 06:00:00,1215.7672
2012-11-28 07:00:00,1034.5338
2012-11-28 08:00:00,1112.7628
2012-11-28 09:00:00,952.52716
2012-11-28 10:00:00,918.4367
2012-11-28 11:00:00,809.9532
2012-11-28 12:00:00,731.2566
2012-11-28 13:00:00,745.59174
2012-11-28 14:00:00,712.2519
2012-11-28 15:00:00,1435.8943
2012-11-28 16:00:00,1494.7737
2012-11-28 17:00:00,545.6535
2012-11-28 18:00:00,691.5661
2012-11-28 19:00:00,638.7248
2012-11-28 20:00:00,639.1309
2012-11-28 21:00:00,704.12714
2012-11-28 22:00:00,822.7911
2012-11-28 23:00:00,898.21674
2012-11-29 00:00:00,1068.3535
2012-11-29 01:00:00,1224.3031
2012-11-29 02:00:00,1259.8895
2012-11-29 04:00:00,1454.4905
2012-11-29 05:00:00,1371.3351
2012-11-29 06:00:00,1366.0531
2012-11-29 07:00:00,1264.062
2012-11-29 08:00:00,1325.8721
2012-11-29 09:00:00,1186.3544
2012-11-29 10:00:00,1265.2098
2012-11-29 11:00:00,643.20245
2012-11-29 12:00:00,706.16187
2012-11-29 13:00:00,897.52264
2012-11-29 14:00:00,760.5479
2012-11-29 15:00:00,756.8983
2012-11-29 16:00:00,704.47955
2012-11-29 17:00:00,690.5399
2012-11-29 18:00:00,897.17224
2012-11-29 19:00:00,956.09454
2012-11-29 20:00:00,963.8615
2012-11-29 21:00:00,1258.5963
2012-11-29 22:00:00,1380.1034
2012-11-29 23:00:00,1227.6918
2012-11-30 00:00:00,1324.6058
2012-11-30 01:00:00,1343.2974
2012-11-30 02:00:00,1489.1906
2012-11-30 03:00:00,1489.067
2012-11-30 04:00:00,1495.2836
2012-11-30 05:00:00,1611.0448
2012-11-30 06:00:00,1741.9027
2012-11-30 07:00:00,1603.107
2012-11-30 08:00:00,1546.0082
2012-11-30 09:00:00,1452.87
2012-11-30 10:00:00,1289.7482
2012-11-30 11:00:00,996.44464
2012-11-30 12:00:00,861.7288
2012-11-30 13:00:00,696.4969
2012-11-30 14:00:00,701.8709
2012-11-30 15:00:00,696.1927
2012-11-30 16:00:00,760.20184
2012-11-30 17:00:00,906.92975
2012-11-30 18:00:00,1209.0785
2012-11-30 19:00:00,1325.7941
2012-11-30 20:00:00,1326.8475
2012-11-30 21:00:00,1483.0907
2012-11-30 22:00:00,1508.8612
2012-11-30 23:00:00,1475.9773
2012-12-20 00:00:00,1149.9958
2012-12-20 01:00:00,1304.314
2012-12-20 02:00:00,1305.8712
2012-12-20 03:00:00,1352.5797
2012-12-20 04:00:00,1354.0701
2012-12-20 05:00:00,1349.9335
2012-12-20 06:00:00,1283.5958
2012-12-20 07:00:00,1382.3141
2012-12-20 08:00:00,1383.8177
2012-12-20 09:00:00,1385.3746
2012-12-20 10:00:00,1309.7748
2012-12-20 11:00:00,1033.8339
2012-12-20 12:00:00,964.6988
2012-12-20 13:00:00,1037.9957
2012-12-20 14:00:00,957.3256
2012-12-20 15:00:00,1041.9508
2012-12-20 16:00:00,940.6302
2012-12-20 17:00:00,1233.4661
2012-12-20 18:00:00,1341.3174
2012-12-20 19:00:00,1322.3857
2012-12-20 20:00:00,1452.1552
2012-12-20 21:00:00,1452.9288
2012-12-20 22:00:00,1674.5906
2012-12-20 23:00:00,1527.2694
2012-12-21 00:00:00,1661.0846
2012-12-21 01:00:00,1635.46
2012-12-21 02:00:00,1756.0038
2012-12-21 03:00:00,1757.24
2012-12-21 04:00:00,1310.3903
2012-12-21 05:00:00,1408.6896
2012-12-21 06:00:00,1177.5286
2012-12-21 07:00:00,1074.2548
2012-12-21 08:00:00,1059.721
2012-12-21 09:00:00,1102.9772
2012-12-21 10:00:00,921.5013
2012-12-21 11:00:00,869.63965
2012-12-21 12:00:00,761.07477
2012-12-21 13:00:00,939.0048
2012-12-21 14:00:00,999.40594
2012-12-21 15:00:00,808.1065
2012-12-21 16:00:00,720.872
2012-12-21 17:00:00,1055.9155
2012-12-21 18:00:00,1057.0204
2012-12-21 19:00:00,827.3531
2012-12-21 20:00:00,766.9731
2012-12-21 21:00:00,813.8452
2012-12-21 22:00:00,815.51715
2012-12-21 23:00:00,819.2116
2012-12-22 00:00:00,1028.843
2012-12-22 01:00:00,884.1295
2012-12-22 02:00:00,953.8872
2012-12-22 03:00:00,939.56604
2012-12-22 04:00:00,905.49603
2012-12-22 05:00:00,920.80585
2012-12-22 06:00:00,853.13885
2012-12-22 07:00:00,854.3663
2012-12-22 08:00:00,1089.1676
2012-12-22 09:00:00,911.8393
2012-12-22 10:00:00,888.4023
2012-12-22 11:00:00,737.07245
2012-12-22 12:00:00,547.8878
2012-12-22 13:00:00,848.6052
2012-12-22 14:00:00,848.7836
2012-12-22 15:00:00,1055.0822
2012-12-22 16:00:00,891.3781
2012-12-22 17:00:00,744.41016
2012-12-22 18:00:00,910.9642
2012-12-22 19:00:00,918.93365
2012-12-22 20:00:00,930.091
2012-12-22 21:00:00,972.49005
2012-12-22 22:00:00,973.63385
2012-12-22 23:00:00,992.1733
2012-12-23 00:00:00,866.64435
2012-12-23 01:00:00,886.7888
2012-12-23 02:00:00,984.50604
2012-12-23 03:00:00,996.0547
2012-12-23 04:00:00,912.06067
2012-12-23 05:00:00,1045.3654
2012-12-23 06:00:00,1269.3632
2012-12-23 07:00:00,1270.6595
2012-12-23 08:00:00,1374.3448
2012-12-23 09:00:00,1176.4337
2012-12-23 10:00:00,1253.1017
2012-12-23 11:00:00,999.4926
2012-12-23 12:00:00,786.51874
2012-12-23 13:00:00,728.17535
2012-12-23 14:00:00,1065.3944
2012-12-23 15:00:00,633.7516
2012-12-23 16:00:00,662.004
2012-12-23 17:00:00,929.477
2012-12-23 18:00:00,860.2984
2012-12-23 19:00:00,860.06635
2012-12-23 20:00:00,1351.3112
2012-12-23 21:00:00,1447.2634
2012-12-23 22:00:00,1208.5533
2012-12-23 23:00:00,1251.1947
2012-12-24 00:00:00,1398.421
2012-12-24 01:00:00,1398.7247
2012-12-24 02:00:00,1530.9066
2012-12-24 03:00:00,1530.7162
2012-12-24 05:00:00,1575.3569
2012-12-24 06:00:00,1530.1454
2012-12-24 07:00:00,1403.12
2012-12-24 08:00:00,1402.9498
2012-12-24 09:00:00,1289.216
2012-12-24 10:00:00,1325.4901
2012-12-24 11:00:00,1159.5029
2012-12-24 12:00:00,1102.3198
2012-12-24 13:00:00,1601.0645
2012-12-24 14:00:00,1722.3999
2012-12-24 15:00:00,1692.9216
2012-12-24 16:00:00,1694.2318
2012-12-24 17:00:00,1828.9304
2012-12-24 18:00:00,1846.9662
2012-12-24 19:00:00,1844.507
2012-12-24 20:00:00,1839.6403
2012-12-24 21:00:00,1854.4475
2012-12-24 22:00:00,1898.211
2012-12-24 23:00:00,1891.5999
2012-12-25 00:00:00,1853.0083
2012-12-25 01:00:00,1698.1378
2012-12-25 02:00:00,1699.4357
2012-12-25 04:00:00,1727.1625
2012-12-25 05:00:00,1842.343
2012-12-25 06:00:00,1841.9313
2012-12-25 07:00:00,1825.6234
2012-12-25 08:00:00,1774.039
2012-12-25 09:00:00,1779.4371
2012-12-25 10:00:00,1651.0936
2012-12-25 11:00:00,1511.3597
2012-12-25 12:00:00,1533.6747
2012-12-25 13:00:00,918.41223
2012-12-25 14:00:00,851.0151
2012-12-25 15:00:00,929.5864
2012-12-25 16:00:00,928.1634
2012-12-25 17:00:00,1075.7137
2012-12-25 18:00:00,1258.3331
2012-12-25 19:00:00,1265.7733
2012-12-25 20:00:00,1254.253
2012-12-25 21:00:00,1258.4352
2012-12-25 22:00:00,1377.3607
2012-12-25 23:00:00,1251.1769
2012-12-26 00:00:00,1223.9037
2012-12-26 01:00:00,1215.3507
2012-12-26 02:00:00,1216.6626
2012-12-26 03:00:00,1332.7858
2012-12-26 04:00:00,1334.0767
2012-12-26 05:00:00,1316.3966
2012-12-26 06:00:00,1334.914
2012-12-26 07:00:00,1664.4171
2012-12-26 08:00:00,1666.1095
2012-12-26 09:00:00,1667.8021
2012-12-26 10:00:00,1658.1562
2012-12-26 11:00:00,1749.6515
2012-12-26 12:00:00,1683.849
2012-12-26 13:00:00,1685.9481
2012-12-26 14:00:00,1795.8591
2012-12-26 15:00:00,1678.5763
2012-12-26 16:00:00,1679.6874
2012-12-26 17:00:00,1805.5912
2012-12-26 18:00:00,1813.0616
2012-12-26 19:00:00,1712.4489
2012-12-26 20:00:00,1818.8588
2012-12-26 21:00:00,1694.979
2012-12-26 22:00:00,1853.4851
2012-12-26 23:00:00,1697.5862
2012-12-27 00:00:00,1650.119
2012-12-27 01:00:00,1835.275
2012-12-27 02:00:00,1721.9296
2012-12-27 03:00:00,1679.8107
2012-12-27 04:00:00,1661.7567
2012-12-27 05:00:00,1468.6599
2012-12-27 06:00:00,1407.0883
2012-12-27 07:00:00,1362.0602
2012-12-27 08:00:00,1224.6252
2012-12-27 09:00:00,1212.2301
2012-12-27 10:00:00,1131.7826
2012-12-27 11:00:00,1101.0314
2012-12-27 12:00:00,935.05963
2012-12-27 13:00:00,934.1533
2012-12-27 14:00:00,1182.1235
2012-12-27 15:00:00,1130.5073
2012-12-27 16:00:00,975.71484
2012-12-27 17:00:00,976.9439
2012-12-27 18:00:00,1149.6
2012-12-27 19:00:00,1148.9192
2012-12-27 20:00:00,1178.5453
2012-12-27 21:00:00,1153.424
2012-12-27 22:00:00,1147.9845
2012-12-27 23:00:00,1155.9729
2012-12-28 00:00:00,1153.9694
2012-12-28 01:00:00,1154.9889
2012-12-28 02:00:00,1135.1074
2012-12-28 03:00:00,1156.3309
2012-12-28 04:00:00,1179.5819
2012-12-28 05:00:00,1186.5492
2012-12-28 06:00:00,1218.2231
2012-12-28 07:00:00,1253.7626
2012-12-28 08:00:00,1171.7958
2012-12-28 09:00:00,1130.1063
2012-12-28 10:00:00,1054.3695
2012-12-28 11:00:00,978.742
2012-12-28 12:00:00,933.0268
2012-12-28 13:00:00,933.7762
2012-12-28 14:00:00,934.5256
2012-12-28 15:00:00,996.27026
2012-12-28 16:00:00,945.39496
2012-12-28 17:00:00,1187.6683
2012-12-28 18:00:00,1188.4683
2012-12-28 19:00:00,1269.6038
2012-12-28 20:00:00,1298.0985
2012-12-28 21:00:00,1393.6368
2012-12-28 22:00:00,1409.9885
2012-12-28 23:00:00,1306.4071
2012-12-29 00:00:00,1419.6627
2012-12-29 01:00:00,1482.1527
2012-12-29 02:00:00,1419.8229
2012-12-29 03:00:00,1525.755
2012-12-29 04:00:00,1484.885
2012-12-29 05:00:00,1485.7968
2012-12-29 06:00:00,1385.5631
2012-12-29 07:00:00,1380.1354
2012-12-29 08:00:00,1651.253
2012-12-29 09:00:00,1651.0629
2012-12-29 10:00:00,1593.3881
2012-12-29 11:00:00,1863.3373
2012-12-29 12:00:00,2070.7825
2012-12-29 13:00:00,2070.3965
2012-12-29 14:00:00,1735.7667
2012-12-29 15:00:00,1783.8931
2012-12-29 16:00:00,1506.2062
2012-12-29 17:00:00,1584.5985
2012-12-29 18:00:00,1377.4193
2012-12-29 19:00:00,1167.2225
2012-12-29 20:00:00,1171.765
2012-12-29 21:00:00,1124.597
2012-12-29 22:00:00,1194.3973
2012-12-29 23:00:00,1242.465
2012-12-30 00:00:00,1156.5525
2012-12-30 01:00:00,1072.8463
2012-12-30 02:00:00,1039.9125
2012-12-30 03:00:00,1075.5402
2012-12-30 04:00:00,1056.5294
2012-12-30 05:00:00,882.192
2012-12-30 06:00:00,1038.6967
2012-12-30 07:00:00,1059.7559
2012-12-30 08:00:00,1049.7812
2012-12-30 09:00:00,1002.4803
2012-12-30 10:00:00,1036.9612
2012-12-30 11:00:00,807.2491
2012-12-30 12:00:00,664.90967
2012-12-30 13:00:00,552.6967
2012-12-30 14:00:00,839.6352
2012-12-30 15:00:00,681.7175
2012-12-30 16:00:00,805.15216
2012-12-30 17:00:00,748.27704
2012-12-30 18:00:00,824.02094
2012-12-30 19:00:00,1266.8373
2012-12-30 20:00:00,901.98505
2012-12-30 21:00:00,1000.7818
2012-12-30 22:00:00,1081.2417
2012-12-30 23:00:00,992.2623
2012-12-31 00:00:00,1056.643
2012-12-31 01:00:00,1058.069
2012-12-31 02:00:00,1137.4552
2012-12-31 03:00:00,1156.5792
2012-12-31 04:00:00,1368.5763
2012-12-31 05:00:00,1228.7623
2012-12-31 06:00:00,1244.6754
2012-12-31 07:00:00,1253.9343
2012-12-31 08:00:00,1355.3993
2012-12-31 09:00:00,1260.324
2012-12-31 10:00:00,1354.0358
2012-12-31 11:00:00,1160.761
2012-12-31 12:00:00,1075.0619
2012-12-31 13:00:00,829.19196
2012-12-31 14:00:00,837.7977
2012-12-31 15:00:00,853.5241
2012-12-31 16:00:00,908.9527
2012-12-31 17:00:00,936.84674
2012-12-31 18:00:00,919.71295
2012-12-31 19:00:00,1165.5411
2012-12-31 20:00:00,1166.3918
2012-12-31 21:00:00,1176.2572
2012-12-31 22:00:00,1103.8829
2012-12-31 23:00:00,1295.2283
