datetime,count
2011-01-20 00:00:00,91.29472
2011-01-20 01:00:00,89.6043
2011-01-20 02:00:00,90.19942
2011-01-20 03:00:00,91.63507
2011-01-20 04:00:00,92.21537
2011-01-20 05:00:00,85.19753
2011-01-20 06:00:00,82.64051
2011-01-20 07:00:00,86.07923
2011-01-20 08:00:00,85.33602
2011-01-20 09:00:00,96.556145
2011-01-20 10:00:00,106.48838
2011-01-20 11:00:00,143.61684
2011-01-20 12:00:00,174.82025
2011-01-20 13:00:00,165.7123
2011-01-20 14:00:00,174.88313
2011-01-20 15:00:00,170.27026
2011-01-20 16:00:00,162.63454
2011-01-20 17:00:00,174.0171
2011-01-20 18:00:00,136.16649
2011-01-20 19:00:00,87.67435
2011-01-20 20:00:00,98.505005
2011-01-20 21:00:00,94.1009
2011-01-20 22:00:00,80.20968
2011-01-20 23:00:00,74.131714
2011-01-21 00:00:00,79.22728
2011-01-21 01:00:00,78.863655
2011-01-21 02:00:00,79.29356
2011-01-21 03:00:00,61.43829
2011-01-21 04:00:00,69.71817
2011-01-21 05:00:00,81.4688
2011-01-21 06:00:00,85.8826
2011-01-21 07:00:00,84.77326
2011-01-21 08:00:00,87.05224
2011-01-21 09:00:00,84.08837
2011-01-21 10:00:00,80.377495
2011-01-21 11:00:00,99.68423
2011-01-21 12:00:00,88.252014
2011-01-21 13:00:00,82.854546
2011-01-21 14:00:00,86.50405
2011-01-21 15:00:00,86.91105
2011-01-21 16:00:00,149.68059
2011-01-21 17:00:00,124.07047
2011-01-21 18:00:00,96.62453
2011-01-21 19:00:00,78.64323
2011-01-21 20:00:00,54.827747
2011-01-21 21:00:00,53.27356
2011-01-21 22:00:00,48.87718
2011-01-21 23:00:00,50.28814
2011-01-22 00:00:00,46.865864
2011-01-22 01:00:00,47.00314
2011-01-22 02:00:00,47.723537
2011-01-22 03:00:00,47.63084
2011-01-22 04:00:00,46.07227
2011-01-22 06:00:00,47.319576
2011-01-22 07:00:00,46.11305
2011-01-22 08:00:00,45.75378
2011-01-22 09:00:00,46.956676
2011-01-22 10:00:00,48.95709
2011-01-22 11:00:00,50.79324
2011-01-22 12:00:00,53.184452
2011-01-22 13:00:00,98.357506
2011-01-22 14:00:00,57.845036
2011-01-22 15:00:00,146.82033
2011-01-22 16:00:00,62.995125
2011-01-22 17:00:00,194.1606
2011-01-22 18:00:00,50.80455
2011-01-22 19:00:00,53.03067
2011-01-22 20:00:00,48.900105
2011-01-22 21:00:00,52.84183
2011-01-22 22:00:00,62.409603
2011-01-22 23:00:00,48.899784
2011-01-23 00:00:00,48.318356
2011-01-23 01:00:00,48.375095
2011-01-23 02:00:00,47.05352
2011-01-23 03:00:00,47.105625
2011-01-23 05:00:00,48.767765
2011-01-23 06:00:00,48.827885
2011-01-23 07:00:00,49.15237
2011-01-23 08:00:00,47.809147
2011-01-23 09:00:00,46.261883
2011-01-23 10:00:00,48.342922
2011-01-23 11:00:00,51.279743
2011-01-23 12:00:00,52.2542
2011-01-23 13:00:00,51.974766
2011-01-23 14:00:00,78.11462
2011-01-23 15:00:00,78.3594
2011-01-23 16:00:00,94.860466
2011-01-23 17:00:00,55.407833
2011-01-23 18:00:00,54.90366
2011-01-23 19:00:00,54.425632
2011-01-23 20:00:00,50.703777
2011-01-23 21:00:00,52.03478
2011-01-23 22:00:00,50.38406
2011-01-23 23:00:00,48.14503
2011-01-24 00:00:00,57.288906
2011-01-24 01:00:00,52.732784
2011-01-24 03:00:00,50.612064
2011-01-24 04:00:00,54.32983
2011-01-24 05:00:00,54.38238
2011-01-24 06:00:00,56.74147
2011-01-24 07:00:00,78.88836
2011-01-24 08:00:00,82.48313
2011-01-24 09:00:00,99.07006
2011-01-24 10:00:00,98.724396
2011-01-24 11:00:00,82.484856
2011-01-24 12:00:00,84.41633
2011-01-24 13:00:00,82.596214
2011-01-24 14:00:00,80.01957
2011-01-24 15:00:00,129.81529
2011-01-24 16:00:00,79.55756
2011-01-24 17:00:00,57.951008
2011-01-24 18:00:00,64.24001
2011-01-24 19:00:00,80.242805
2011-01-24 20:00:00,63.589714
2011-01-24 21:00:00,71.494644
2011-01-24 22:00:00,57.925007
2011-01-24 23:00:00,58.080936
2011-01-25 00:00:00,55.6408
2011-01-25 01:00:00,57.686848
2011-01-25 02:00:00,55.745445
2011-01-25 04:00:00,55.975334
2011-01-25 05:00:00,53.461872
2011-01-25 06:00:00,59.094013
2011-01-25 07:00:00,55.350277
2011-01-25 08:00:00,61.77859
2011-01-25 09:00:00,88.093834
2011-01-25 10:00:00,99.67931
2011-01-25 11:00:00,101.96003
2011-01-25 12:00:00,126.902565
2011-01-25 13:00:00,127.80415
2011-01-25 14:00:00,164.77156
2011-01-25 15:00:00,190.71544
2011-01-25 16:00:00,194.31567
2011-01-25 17:00:00,156.46599
2011-01-25 18:00:00,177.45158
2011-01-25 19:00:00,118.79211
2011-01-25 20:00:00,94.445915
2011-01-25 21:00:00,96.42911
2011-01-25 22:00:00,108.08023
2011-01-25 23:00:00,113.15331
2011-01-26 00:00:00,81.2862
2011-01-26 01:00:00,86.38958
2011-01-26 02:00:00,79.41317
2011-01-26 05:00:00,54.96693
2011-01-26 06:00:00,55.137173
2011-01-26 07:00:00,56.746876
2011-01-26 08:00:00,57.011578
2011-01-26 09:00:00,57.341255
2011-01-26 10:00:00,55.73968
2011-01-26 11:00:00,54.657696
2011-01-26 12:00:00,54.80798
2011-01-26 13:00:00,54.95978
2011-01-26 14:00:00,54.595276
2011-01-26 15:00:00,50.530308
2011-01-26 16:00:00,55.809128
2011-01-26 17:00:00,53.22234
2011-01-27 16:00:00,106.04695
2011-01-27 17:00:00,122.281944
2011-01-27 18:00:00,87.591225
2011-01-27 19:00:00,88.62983
2011-01-27 20:00:00,82.40984
2011-01-27 21:00:00,82.970924
2011-01-27 22:00:00,83.73181
2011-01-27 23:00:00,71.00504
2011-01-28 00:00:00,63.48306
2011-01-28 01:00:00,64.43408
2011-01-28 02:00:00,63.49407
2011-01-28 03:00:00,75.62943
2011-01-28 05:00:00,61.655293
2011-01-28 06:00:00,58.559433
2011-01-28 07:00:00,56.71336
2011-01-28 08:00:00,57.167522
2011-01-28 09:00:00,65.21998
2011-01-28 10:00:00,65.1223
2011-01-28 11:00:00,59.00223
2011-01-28 12:00:00,60.321205
2011-01-28 13:00:00,62.184277
2011-01-28 14:00:00,91.29472
2011-01-28 15:00:00,85.51806
2011-01-28 16:00:00,91.29472
2011-01-28 17:00:00,83.860466
2011-01-28 18:00:00,79.44104
2011-01-28 19:00:00,85.952446
2011-01-28 20:00:00,87.75054
2011-01-28 21:00:00,85.03193
2011-01-28 22:00:00,68.36565
2011-01-28 23:00:00,99.72544
2011-01-29 00:00:00,54.568172
2011-01-29 01:00:00,55.507713
2011-01-29 02:00:00,55.458687
2011-01-29 03:00:00,54.458103
2011-01-29 04:00:00,51.73888
2011-01-29 06:00:00,53.038826
2011-01-29 07:00:00,55.236797
2011-01-29 08:00:00,57.789932
2011-01-29 09:00:00,64.6187
2011-01-29 10:00:00,61.5362
2011-01-29 11:00:00,57.4726
2011-01-29 12:00:00,55.829273
2011-01-29 13:00:00,92.51301
2011-01-29 14:00:00,86.24769
2011-01-29 15:00:00,52.366226
2011-01-29 16:00:00,83.68212
2011-01-29 17:00:00,89.89353
2011-01-29 18:00:00,64.802055
2011-01-29 19:00:00,52.704716
2011-01-29 20:00:00,57.87041
2011-01-29 21:00:00,57.9105
2011-01-29 22:00:00,53.86095
2011-01-29 23:00:00,53.951763
2011-01-30 00:00:00,49.446217
2011-01-30 01:00:00,50.90048
2011-01-30 02:00:00,51.942883
2011-01-30 03:00:00,49.52576
2011-01-30 04:00:00,49.684307
2011-01-30 05:00:00,50.832386
2011-01-30 07:00:00,51.356766
2011-01-30 08:00:00,52.360245
2011-01-30 09:00:00,55.754917
2011-01-30 10:00:00,59.478138
2011-01-30 11:00:00,83.308205
2011-01-30 12:00:00,104.78765
2011-01-30 13:00:00,91.29474
2011-01-30 14:00:00,91.33578
2011-01-30 15:00:00,92.31425
2011-01-30 16:00:00,94.28183
2011-01-30 17:00:00,123.79189
2011-01-30 18:00:00,85.01331
2011-01-30 19:00:00,80.09843
2011-01-30 20:00:00,104.90203
2011-01-30 21:00:00,75.27537
2011-01-30 22:00:00,57.984882
2011-01-30 23:00:00,52.867104
2011-01-31 00:00:00,83.08146
2011-01-31 01:00:00,80.70044
2011-01-31 02:00:00,82.01513
2011-01-31 03:00:00,81.84644
2011-01-31 04:00:00,81.21128
2011-01-31 05:00:00,63.83552
2011-01-31 06:00:00,54.601154
2011-01-31 07:00:00,57.917126
2011-01-31 08:00:00,60.886967
2011-01-31 09:00:00,58.529873
2011-01-31 10:00:00,76.09706
2011-01-31 11:00:00,76.84262
2011-01-31 12:00:00,107.6121
2011-01-31 13:00:00,93.46541
2011-01-31 14:00:00,103.910576
2011-01-31 15:00:00,89.47454
2011-01-31 16:00:00,84.61044
2011-01-31 17:00:00,76.51994
2011-01-31 18:00:00,74.93231
2011-01-31 19:00:00,134.43405
2011-01-31 20:00:00,85.729324
2011-01-31 21:00:00,118.132774
2011-01-31 22:00:00,115.53891
2011-01-31 23:00:00,112.37804
2011-02-20 00:00:00,111.499374
2011-02-20 01:00:00,83.09022
2011-02-20 02:00:00,82.36843
2011-02-20 03:00:00,77.3614
2011-02-20 04:00:00,76.22317
2011-02-20 06:00:00,56.89879
2011-02-20 07:00:00,52.565937
2011-02-20 08:00:00,89.43589
2011-02-20 09:00:00,72.00302
2011-02-20 10:00:00,136.95583
2011-02-20 11:00:00,219.53944
2011-02-20 12:00:00,231.95387
2011-02-20 13:00:00,223.92421
2011-02-20 14:00:00,310.93896
2011-02-20 15:00:00,315.82358
2011-02-20 16:00:00,311.74457
2011-02-20 17:00:00,288.79614
2011-02-20 18:00:00,279.0399
2011-02-20 19:00:00,283.7795
2011-02-20 20:00:00,204.28459
2011-02-20 21:00:00,120.22697
2011-02-20 22:00:00,135.297
2011-02-20 23:00:00,133.1055
2011-02-21 00:00:00,138.95111
2011-02-21 01:00:00,139.60507
2011-02-21 02:00:00,140.226
2011-02-21 03:00:00,138.75182
2011-02-21 04:00:00,124.448166
2011-02-21 05:00:00,198.43655
2011-02-21 06:00:00,342.21307
2011-02-21 07:00:00,352.61868
2011-02-21 08:00:00,87.66204
2011-02-21 09:00:00,92.37444
2011-02-21 10:00:00,104.80439
2011-02-21 11:00:00,101.932365
2011-02-21 12:00:00,102.10078
2011-02-21 13:00:00,51.037525
2011-02-21 14:00:00,59.23823
2011-02-21 15:00:00,50.101048
2011-02-21 16:00:00,48.258137
2011-02-21 17:00:00,48.76787
2011-02-21 18:00:00,46.96362
2011-02-21 19:00:00,46.92412
2011-02-21 20:00:00,46.96632
2011-02-21 21:00:00,46.09273
2011-02-21 22:00:00,45.77492
2011-02-21 23:00:00,45.778027
2011-02-22 06:00:00,51.16216
2011-02-22 07:00:00,51.374054
2011-02-22 08:00:00,51.977627
2011-02-22 09:00:00,54.186993
2011-02-22 10:00:00,83.4602
2011-02-22 11:00:00,91.29472
2011-02-22 12:00:00,92.58341
2011-02-22 13:00:00,107.840096
2011-02-22 14:00:00,99.55863
2011-02-22 15:00:00,136.68048
2011-02-22 16:00:00,124.940544
2011-02-22 17:00:00,112.43856
2011-02-22 18:00:00,143.90009
2011-02-22 19:00:00,87.58629
2011-02-22 20:00:00,117.1721
2011-02-22 21:00:00,104.8072
2011-02-22 22:00:00,71.58706
2011-02-22 23:00:00,67.80936
2011-02-23 00:00:00,79.15676
2011-02-23 01:00:00,84.40188
2011-02-23 02:00:00,79.8196
2011-02-23 03:00:00,76.495186
2011-02-23 05:00:00,82.129555
2011-02-23 06:00:00,82.702644
2011-02-23 07:00:00,78.28083
2011-02-23 08:00:00,78.991234
2011-02-23 09:00:00,104.964966
2011-02-23 10:00:00,140.36589
2011-02-23 11:00:00,151.24376
2011-02-23 12:00:00,201.92824
2011-02-23 13:00:00,257.00363
2011-02-23 14:00:00,266.85904
2011-02-23 15:00:00,289.7235
2011-02-23 16:00:00,254.0092
2011-02-23 17:00:00,307.52838
2011-02-23 18:00:00,309.8316
2011-02-23 19:00:00,221.63863
2011-02-23 20:00:00,117.90591
2011-02-23 21:00:00,148.3259
2011-02-23 22:00:00,152.33914
2011-02-23 23:00:00,144.74039
2011-02-24 00:00:00,91.29472
2011-02-24 01:00:00,91.29472
2011-02-24 02:00:00,84.49906
2011-02-24 03:00:00,80.63761
2011-02-24 05:00:00,76.680275
2011-02-24 06:00:00,71.139244
2011-02-24 07:00:00,68.23624
2011-02-24 08:00:00,77.56304
2011-02-24 09:00:00,67.58651
2011-02-24 10:00:00,79.60024
2011-02-24 11:00:00,110.31269
2011-02-24 12:00:00,159.7112
2011-02-24 13:00:00,158.9604
2011-02-24 14:00:00,165.83186
2011-02-24 15:00:00,170.55736
2011-02-24 16:00:00,157.18907
2011-02-24 17:00:00,149.21468
2011-02-24 18:00:00,78.87296
2011-02-24 19:00:00,76.623055
2011-02-24 20:00:00,70.86372
2011-02-24 21:00:00,80.08051
2011-02-24 22:00:00,85.36668
2011-02-24 23:00:00,80.66743
2011-02-25 00:00:00,91.29472
2011-02-25 01:00:00,89.951996
2011-02-25 02:00:00,90.140144
2011-02-25 03:00:00,84.33847
2011-02-25 05:00:00,84.803505
2011-02-25 06:00:00,90.16761
2011-02-25 07:00:00,80.57662
2011-02-25 08:00:00,87.638725
2011-02-25 09:00:00,68.777855
2011-02-25 10:00:00,87.42118
2011-02-25 11:00:00,153.34042
2011-02-25 12:00:00,185.76753
2011-02-25 13:00:00,185.90495
2011-02-25 14:00:00,198.35426
2011-02-25 15:00:00,182.87141
2011-02-25 16:00:00,152.734
2011-02-25 17:00:00,86.9476
2011-02-25 18:00:00,155.42393
2011-02-25 19:00:00,136.21892
2011-02-25 20:00:00,124.41425
2011-02-25 21:00:00,151.57982
2011-02-25 22:00:00,100.08781
2011-02-25 23:00:00,133.34953
2011-02-26 00:00:00,82.57965
2011-02-26 01:00:00,78.77316
2011-02-26 02:00:00,56.03134
2011-02-26 03:00:00,70.54747
2011-02-26 04:00:00,82.41551
2011-02-26 05:00:00,67.595055
2011-02-26 06:00:00,89.894066
2011-02-26 07:00:00,83.14174
2011-02-26 08:00:00,87.69817
2011-02-26 09:00:00,101.706276
2011-02-26 10:00:00,131.13852
2011-02-26 11:00:00,99.9871
2011-02-26 12:00:00,161.60814
2011-02-26 13:00:00,156.2932
2011-02-26 14:00:00,195.03111
2011-02-26 15:00:00,186.96516
2011-02-26 16:00:00,149.03947
2011-02-26 17:00:00,192.77747
2011-02-26 18:00:00,175.47404
2011-02-26 19:00:00,140.68666
2011-02-26 20:00:00,135.79951
2011-02-26 21:00:00,73.417076
2011-02-26 22:00:00,64.165
2011-02-26 23:00:00,54.920624
2011-02-27 00:00:00,50.551456
2011-02-27 01:00:00,50.99316
2011-02-27 02:00:00,52.06513
2011-02-27 03:00:00,53.484516
2011-02-27 04:00:00,51.31754
2011-02-27 06:00:00,57.18896
2011-02-27 07:00:00,51.989372
2011-02-27 08:00:00,70.26269
2011-02-27 09:00:00,58.59811
2011-02-27 10:00:00,63.44142
2011-02-27 11:00:00,93.125435
2011-02-27 12:00:00,109.27993
2011-02-27 13:00:00,115.29189
2011-02-27 14:00:00,184.02403
2011-02-27 15:00:00,237.23607
2011-02-27 16:00:00,259.68768
2011-02-27 17:00:00,177.79256
2011-02-27 18:00:00,176.32507
2011-02-27 19:00:00,174.31444
2011-02-27 20:00:00,163.33205
2011-02-27 21:00:00,143.10722
2011-02-27 22:00:00,138.2215
2011-02-27 23:00:00,150.03477
2011-02-28 00:00:00,106.81332
2011-02-28 01:00:00,79.25554
2011-02-28 03:00:00,79.42302
2011-02-28 05:00:00,91.29472
2011-02-28 06:00:00,85.89785
2011-02-28 07:00:00,91.2385
2011-02-28 08:00:00,70.26287
2011-02-28 09:00:00,104.873566
2011-02-28 10:00:00,171.62161
2011-02-28 11:00:00,208.66037
2011-02-28 12:00:00,207.39284
2011-02-28 13:00:00,91.29472
2011-02-28 14:00:00,85.61039
2011-02-28 15:00:00,86.03801
2011-02-28 16:00:00,91.29472
2011-02-28 17:00:00,84.44281
2011-02-28 18:00:00,99.66663
2011-02-28 19:00:00,92.04421
2011-02-28 20:00:00,91.708046
2011-02-28 21:00:00,88.181114
2011-02-28 22:00:00,69.18958
2011-02-28 23:00:00,77.89978
2011-03-20 00:00:00,121.63186
2011-03-20 01:00:00,95.161865
2011-03-20 02:00:00,92.34257
2011-03-20 03:00:00,85.693245
2011-03-20 04:00:00,83.976875
2011-03-20 05:00:00,81.0951
2011-03-20 06:00:00,80.34644
2011-03-20 07:00:00,63.171986
2011-03-20 08:00:00,93.1984
2011-03-20 09:00:00,99.950966
2011-03-20 10:00:00,112.760254
2011-03-20 11:00:00,190.20233
2011-03-20 12:00:00,195.2841
2011-03-20 13:00:00,212.24898
2011-03-20 14:00:00,246.51208
2011-03-20 15:00:00,294.27643
2011-03-20 16:00:00,251.45753
2011-03-20 17:00:00,285.48358
2011-03-20 18:00:00,222.17896
2011-03-20 19:00:00,177.0334
2011-03-20 20:00:00,163.8336
2011-03-20 21:00:00,143.28648
2011-03-20 22:00:00,132.9459
2011-03-20 23:00:00,80.942375
2011-03-21 00:00:00,91.29472
2011-03-21 01:00:00,89.96805
2011-03-21 02:00:00,88.86289
2011-03-21 03:00:00,88.66583
2011-03-21 05:00:00,80.56498
2011-03-21 06:00:00,102.71587
2011-03-21 07:00:00,66.1799
2011-03-21 08:00:00,65.72221
2011-03-21 09:00:00,82.52418
2011-03-21 10:00:00,98.38311
2011-03-21 11:00:00,149.62404
2011-03-21 12:00:00,147.54686
2011-03-21 13:00:00,211.12386
2011-03-21 14:00:00,230.65312
2011-03-21 15:00:00,255.4648
2011-03-21 16:00:00,218.20935
2011-03-21 17:00:00,231.93333
2011-03-21 18:00:00,197.3767
2011-03-21 19:00:00,228.685
2011-03-21 20:00:00,252.21513
2011-03-21 21:00:00,104.43688
2011-03-21 22:00:00,131.29051
2011-03-21 23:00:00,100.599236
2011-03-22 00:00:00,91.29472
2011-03-22 01:00:00,91.29472
2011-03-22 02:00:00,91.29472
2011-03-22 03:00:00,104.40867
2011-03-22 04:00:00,93.883125
2011-03-22 05:00:00,90.40023
2011-03-22 06:00:00,91.42489
2011-03-22 07:00:00,95.10275
2011-03-22 08:00:00,152.78264
2011-03-22 09:00:00,169.81923
2011-03-22 10:00:00,189.17143
2011-03-22 11:00:00,191.07057
2011-03-22 12:00:00,244.23111
2011-03-22 13:00:00,279.1571
2011-03-22 14:00:00,303.64117
2011-03-22 15:00:00,319.9936
2011-03-22 16:00:00,320.02527
2011-03-22 17:00:00,328.21564
2011-03-22 18:00:00,317.55035
2011-03-22 19:00:00,246.09006
2011-03-22 20:00:00,223.09438
2011-03-22 21:00:00,239.37909
2011-03-22 22:00:00,220.56383
2011-03-22 23:00:00,224.39845
2011-03-23 00:00:00,110.27808
2011-03-23 01:00:00,99.97163
2011-03-23 02:00:00,102.29873
2011-03-23 03:00:00,93.38504
2011-03-23 05:00:00,88.943115
2011-03-23 06:00:00,81.47334
2011-03-23 07:00:00,72.22707
2011-03-23 08:00:00,86.07569
2011-03-23 09:00:00,91.24378
2011-03-23 10:00:00,95.87358
2011-03-23 11:00:00,98.51983
2011-03-23 12:00:00,91.39219
2011-03-23 13:00:00,103.04637
2011-03-23 14:00:00,93.82686
2011-03-23 15:00:00,122.519554
2011-03-23 16:00:00,148.62892
2011-03-23 17:00:00,151.78035
2011-03-23 18:00:00,131.59526
2011-03-23 19:00:00,134.96681
2011-03-23 20:00:00,60.691753
2011-03-23 21:00:00,57.821644
2011-03-23 22:00:00,100.048004
2011-03-23 23:00:00,92.20612
2011-03-24 00:00:00,69.19201
2011-03-24 01:00:00,56.72524
2011-03-24 02:00:00,56.570343
2011-03-24 03:00:00,56.317173
2011-03-24 04:00:00,56.55791
2011-03-24 05:00:00,60.18767
2011-03-24 06:00:00,61.314445
2011-03-24 07:00:00,56.227016
2011-03-24 08:00:00,54.75269
2011-03-24 09:00:00,59.877346
2011-03-24 10:00:00,55.842415
2011-03-24 11:00:00,79.18718
2011-03-24 12:00:00,91.354904
2011-03-24 13:00:00,124.96988
2011-03-24 14:00:00,120.478325
2011-03-24 15:00:00,120.76765
2011-03-24 16:00:00,134.80434
2011-03-24 17:00:00,125.32632
2011-03-24 18:00:00,135.64247
2011-03-24 19:00:00,143.84961
2011-03-24 20:00:00,120.396515
2011-03-24 21:00:00,120.599625
2011-03-24 22:00:00,128.95622
2011-03-24 23:00:00,113.31453
2011-03-25 00:00:00,94.23032
2011-03-25 01:00:00,68.51671
2011-03-25 02:00:00,61.976784
2011-03-25 03:00:00,79.244156
2011-03-25 04:00:00,61.17857
2011-03-25 05:00:00,58.098866
2011-03-25 06:00:00,56.775047
2011-03-25 07:00:00,66.64144
2011-03-25 08:00:00,101.53368
2011-03-25 09:00:00,131.59831
2011-03-25 10:00:00,150.05875
2011-03-25 11:00:00,161.64046
2011-03-25 12:00:00,190.21754
2011-03-25 13:00:00,234.7557
2011-03-25 14:00:00,309.1881
2011-03-25 15:00:00,275.1242
2011-03-25 16:00:00,288.43164
2011-03-25 17:00:00,269.357
2011-03-25 18:00:00,233.99425
2011-03-25 19:00:00,265.81772
2011-03-25 20:00:00,290.26953
2011-03-25 21:00:00,286.69794
2011-03-25 22:00:00,240.07317
2011-03-25 23:00:00,225.76292
2011-03-26 00:00:00,143.76433
2011-03-26 01:00:00,135.78119
2011-03-26 02:00:00,102.34352
2011-03-26 03:00:00,71.68562
2011-03-26 04:00:00,102.08448
2011-03-26 05:00:00,56.334362
2011-03-26 06:00:00,52.899075
2011-03-26 07:00:00,55.839466
2011-03-26 08:00:00,128.45715
2011-03-26 09:00:00,151.56311
2011-03-26 10:00:00,158.81883
2011-03-26 11:00:00,203.8464
2011-03-26 12:00:00,235.15222
2011-03-26 13:00:00,267.96912
2011-03-26 14:00:00,321.4212
2011-03-26 15:00:00,343.2143
2011-03-26 16:00:00,388.99255
2011-03-26 17:00:00,344.78467
2011-03-26 18:00:00,378.09216
2011-03-26 19:00:00,162.60922
2011-03-26 20:00:00,165.95308
2011-03-26 21:00:00,170.76497
2011-03-26 22:00:00,214.56561
2011-03-26 23:00:00,132.13228
2011-03-27 00:00:00,145.27498
2011-03-27 01:00:00,116.387764
2011-03-27 02:00:00,110.08668
2011-03-27 03:00:00,52.524555
2011-03-27 04:00:00,51.824738
2011-03-27 06:00:00,49.436527
2011-03-27 07:00:00,48.726074
2011-03-27 08:00:00,50.449657
2011-03-27 09:00:00,100.18589
2011-03-27 10:00:00,56.98425
2011-03-27 11:00:00,123.74768
2011-03-27 12:00:00,135.13863
2011-03-27 13:00:00,207.997
2011-03-27 14:00:00,282.3964
2011-03-27 15:00:00,244.84431
2011-03-27 16:00:00,284.96542
2011-03-27 17:00:00,293.0598
2011-03-27 18:00:00,277.61172
2011-03-27 19:00:00,288.07208
2011-03-27 20:00:00,263.31177
2011-03-27 21:00:00,196.13802
2011-03-27 22:00:00,199.5772
2011-03-27 23:00:00,167.47429
2011-03-28 00:00:00,96.82705
2011-03-28 01:00:00,136.7019
2011-03-28 02:00:00,135.04683
2011-03-28 03:00:00,136.37527
2011-03-28 05:00:00,131.26068
2011-03-28 06:00:00,158.54683
2011-03-28 07:00:00,169.65848
2011-03-28 08:00:00,167.45717
2011-03-28 09:00:00,204.79027
2011-03-28 10:00:00,216.63385
2011-03-28 11:00:00,245.22925
2011-03-28 12:00:00,259.40692
2011-03-28 13:00:00,307.69473
2011-03-28 14:00:00,338.8908
2011-03-28 15:00:00,324.76175
2011-03-28 16:00:00,359.70856
2011-03-28 17:00:00,336.73364
2011-03-28 18:00:00,342.0182
2011-03-28 19:00:00,357.67535
2011-03-28 20:00:00,370.05905
2011-03-28 21:00:00,387.98694
2011-03-28 22:00:00,340.33908
2011-03-28 23:00:00,273.85666
2011-03-29 00:00:00,178.93413
2011-03-29 01:00:00,158.43198
2011-03-29 02:00:00,162.64748
2011-03-29 03:00:00,167.3283
2011-03-29 04:00:00,134.2548
2011-03-29 05:00:00,155.42393
2011-03-29 06:00:00,156.12538
2011-03-29 07:00:00,150.71397
2011-03-29 08:00:00,172.11891
2011-03-29 09:00:00,231.8604
2011-03-29 10:00:00,281.85507
2011-03-29 11:00:00,282.48224
2011-03-29 12:00:00,326.331
2011-03-29 13:00:00,319.01743
2011-03-29 14:00:00,359.01306
2011-03-29 15:00:00,387.21393
2011-03-29 16:00:00,387.4831
2011-03-29 17:00:00,397.81284
2011-03-29 18:00:00,382.20026
2011-03-29 19:00:00,384.5415
2011-03-29 20:00:00,392.4948
2011-03-29 21:00:00,256.456
2011-03-29 22:00:00,225.64442
2011-03-29 23:00:00,203.8187
2011-03-30 00:00:00,132.22516
2011-03-30 01:00:00,202.32692
2011-03-30 02:00:00,130.20422
2011-03-30 03:00:00,172.73401
2011-03-30 04:00:00,137.0427
2011-03-30 05:00:00,137.99829
2011-03-30 06:00:00,175.37317
2011-03-30 07:00:00,227.01964
2011-03-30 08:00:00,181.31221
2011-03-30 09:00:00,179.18971
2011-03-30 10:00:00,185.83635
2011-03-30 11:00:00,185.37059
2011-03-30 12:00:00,223.95909
2011-03-30 13:00:00,217.15666
2011-03-30 14:00:00,202.17696
2011-03-30 15:00:00,79.28826
2011-03-30 16:00:00,80.72225
2011-03-30 17:00:00,78.47186
2011-03-30 18:00:00,67.710884
2011-03-30 19:00:00,68.250374
2011-03-30 20:00:00,55.227146
2011-03-30 21:00:00,58.02503
2011-03-30 22:00:00,63.886158
2011-03-30 23:00:00,55.5746
2011-03-31 00:00:00,54.426876
2011-03-31 01:00:00,55.043507
2011-03-31 02:00:00,55.339954
2011-03-31 03:00:00,55.33851
2011-03-31 04:00:00,55.267918
2011-03-31 05:00:00,55.93281
2011-03-31 06:00:00,54.910793
2011-03-31 07:00:00,56.14616
2011-03-31 08:00:00,53.863605
2011-03-31 09:00:00,59.289463
2011-03-31 10:00:00,60.080864
2011-03-31 11:00:00,70.858116
2011-03-31 12:00:00,71.72605
2011-03-31 13:00:00,99.36678
2011-03-31 14:00:00,101.737366
2011-03-31 15:00:00,76.93778
2011-03-31 16:00:00,82.76366
2011-03-31 17:00:00,84.479836
2011-03-31 18:00:00,97.90062
2011-03-31 19:00:00,100.86353
2011-03-31 20:00:00,67.53808
2011-03-31 21:00:00,81.16246
2011-03-31 22:00:00,75.62964
2011-03-31 23:00:00,72.05398
2011-04-20 00:00:00,91.29472
2011-04-20 01:00:00,91.29472
2011-04-20 02:00:00,91.29472
2011-04-20 03:00:00,90.277145
2011-04-20 04:00:00,91.29472
2011-04-20 05:00:00,91.29472
2011-04-20 06:00:00,89.83735
2011-04-20 07:00:00,89.035255
2011-04-20 08:00:00,211.32893
2011-04-20 09:00:00,266.4605
2011-04-20 10:00:00,159.6534
2011-04-20 11:00:00,164.61388
2011-04-20 12:00:00,344.0076
2011-04-20 13:00:00,347.8489
2011-04-20 14:00:00,465.30344
2011-04-20 15:00:00,480.40747
2011-04-20 16:00:00,488.12158
2011-04-20 17:00:00,509.1869
2011-04-20 18:00:00,510.73602
2011-04-20 19:00:00,475.805
2011-04-20 20:00:00,437.51593
2011-04-20 21:00:00,468.2601
2011-04-20 22:00:00,431.36337
2011-04-20 23:00:00,472.0003
2011-04-21 00:00:00,271.64246
2011-04-21 01:00:00,237.83995
2011-04-21 02:00:00,264.54907
2011-04-21 03:00:00,193.0056
2011-04-21 04:00:00,175.14583
2011-04-21 05:00:00,170.44954
2011-04-21 06:00:00,175.06349
2011-04-21 07:00:00,198.62453
2011-04-21 08:00:00,173.14958
2011-04-21 09:00:00,216.46762
2011-04-21 10:00:00,221.75557
2011-04-21 11:00:00,259.0749
2011-04-21 12:00:00,314.9553
2011-04-21 13:00:00,379.52686
2011-04-21 14:00:00,391.40546
2011-04-21 15:00:00,438.35498
2011-04-21 16:00:00,464.04166
2011-04-21 17:00:00,400.84665
2011-04-21 18:00:00,453.14047
2011-04-21 19:00:00,436.19067
2011-04-21 20:00:00,396.51132
2011-04-21 21:00:00,308.70526
2011-04-21 22:00:00,363.97876
2011-04-21 23:00:00,344.47382
2011-04-22 00:00:00,122.01595
2011-04-22 01:00:00,136.31328
2011-04-22 02:00:00,143.4968
2011-04-22 03:00:00,146.25514
2011-04-22 04:00:00,143.90602
2011-04-22 05:00:00,140.51704
2011-04-22 06:00:00,146.83217
2011-04-22 07:00:00,152.0725
2011-04-22 08:00:00,151.79381
2011-04-22 09:00:00,147.22063
2011-04-22 10:00:00,148.67357
2011-04-22 11:00:00,143.799
2011-04-22 12:00:00,117.60601
2011-04-22 13:00:00,107.72866
2011-04-22 14:00:00,103.80613
2011-04-22 15:00:00,110.928696
2011-04-22 16:00:00,108.5711
2011-04-22 17:00:00,86.71345
2011-04-22 18:00:00,88.972984
2011-04-22 19:00:00,91.954216
2011-04-22 20:00:00,115.23603
2011-04-22 21:00:00,101.41094
2011-04-22 22:00:00,81.64205
2011-04-22 23:00:00,103.43277
2011-04-23 00:00:00,51.427387
2011-04-23 01:00:00,51.61398
2011-04-23 02:00:00,53.808075
2011-04-23 03:00:00,55.357025
2011-04-23 04:00:00,80.33015
2011-04-23 05:00:00,81.91289
2011-04-23 06:00:00,54.624348
2011-04-23 07:00:00,56.27132
2011-04-23 08:00:00,54.771526
2011-04-23 09:00:00,73.314804
2011-04-23 10:00:00,97.194664
2011-04-23 11:00:00,104.38099
2011-04-23 12:00:00,131.90755
2011-04-23 13:00:00,129.70445
2011-04-23 14:00:00,154.58572
2011-04-23 15:00:00,176.6694
2011-04-23 16:00:00,193.55797
2011-04-23 17:00:00,190.29234
2011-04-23 18:00:00,134.45482
2011-04-23 19:00:00,148.97874
2011-04-23 20:00:00,132.66518
2011-04-23 21:00:00,165.57973
2011-04-23 22:00:00,198.94861
2011-04-23 23:00:00,110.71824
2011-04-24 00:00:00,99.23554
2011-04-24 01:00:00,90.87188
2011-04-24 02:00:00,90.30825
2011-04-24 03:00:00,77.817894
2011-04-24 04:00:00,77.5124
2011-04-24 05:00:00,77.984985
2011-04-24 06:00:00,71.06817
2011-04-24 07:00:00,71.93114
2011-04-24 08:00:00,90.13966
2011-04-24 09:00:00,99.46264
2011-04-24 10:00:00,106.28107
2011-04-24 11:00:00,194.17339
2011-04-24 12:00:00,257.2584
2011-04-24 13:00:00,314.89178
2011-04-24 14:00:00,337.5028
2011-04-24 15:00:00,279.20215
2011-04-24 16:00:00,403.46112
2011-04-24 17:00:00,267.3875
2011-04-24 18:00:00,213.09776
2011-04-24 19:00:00,174.21486
2011-04-24 20:00:00,180.11559
2011-04-24 21:00:00,99.55767
2011-04-24 22:00:00,92.17895
2011-04-24 23:00:00,87.05996
2011-04-25 00:00:00,68.87473
2011-04-25 01:00:00,91.17723
2011-04-25 02:00:00,91.17581
2011-04-25 03:00:00,90.7833
2011-04-25 04:00:00,75.349014
2011-04-25 05:00:00,90.543236
2011-04-25 06:00:00,83.01225
2011-04-25 07:00:00,89.14122
2011-04-25 08:00:00,92.97067
2011-04-25 09:00:00,106.837944
2011-04-25 10:00:00,200.77339
2011-04-25 11:00:00,201.54967
2011-04-25 12:00:00,215.2394
2011-04-25 13:00:00,267.25375
2011-04-25 14:00:00,332.8191
2011-04-25 15:00:00,352.6521
2011-04-25 16:00:00,322.98804
2011-04-25 17:00:00,333.79883
2011-04-25 18:00:00,309.65967
2011-04-25 19:00:00,309.71188
2011-04-25 20:00:00,297.17664
2011-04-25 21:00:00,261.46982
2011-04-25 22:00:00,228.29088
2011-04-25 23:00:00,198.24994
2011-04-26 00:00:00,227.14854
2011-04-26 01:00:00,206.7088
2011-04-26 02:00:00,154.86305
2011-04-26 03:00:00,143.3844
2011-04-26 04:00:00,143.00374
2011-04-26 05:00:00,128.77585
2011-04-26 06:00:00,119.56495
2011-04-26 07:00:00,155.17897
2011-04-26 08:00:00,154.79701
2011-04-26 09:00:00,210.14824
2011-04-26 10:00:00,237.20215
2011-04-26 11:00:00,260.9944
2011-04-26 12:00:00,286.36926
2011-04-26 13:00:00,351.90143
2011-04-26 14:00:00,313.18747
2011-04-26 15:00:00,293.26556
2011-04-26 16:00:00,301.58047
2011-04-26 17:00:00,285.34018
2011-04-26 18:00:00,256.11838
2011-04-26 19:00:00,196.78847
2011-04-26 20:00:00,217.02776
2011-04-26 21:00:00,209.29808
2011-04-26 22:00:00,187.76007
2011-04-26 23:00:00,195.37202
2011-04-27 00:00:00,144.31299
2011-04-27 01:00:00,151.60464
2011-04-27 02:00:00,138.31891
2011-04-27 03:00:00,147.70636
2011-04-27 04:00:00,110.47249
2011-04-27 05:00:00,118.64442
2011-04-27 06:00:00,116.51621
2011-04-27 07:00:00,145.63237
2011-04-27 08:00:00,156.8356
2011-04-27 09:00:00,163.82455
2011-04-27 10:00:00,158.95934
2011-04-27 11:00:00,185.21811
2011-04-27 12:00:00,201.20296
2011-04-27 13:00:00,185.82784
2011-04-27 14:00:00,231.23276
2011-04-27 15:00:00,264.90347
2011-04-27 16:00:00,256.00665
2011-04-27 17:00:00,181.69699
2011-04-27 18:00:00,181.89342
2011-04-27 19:00:00,199.05379
2011-04-27 20:00:00,176.9245
2011-04-27 21:00:00,161.44814
2011-04-27 22:00:00,176.58763
2011-04-27 23:00:00,178.67972
2011-04-28 00:00:00,185.65016
2011-04-28 01:00:00,160.9849
2011-04-28 02:00:00,164.8676
2011-04-28 03:00:00,174.98915
2011-04-28 04:00:00,167.46324
2011-04-28 05:00:00,168.00363
2011-04-28 06:00:00,182.07729
2011-04-28 07:00:00,182.33788
2011-04-28 08:00:00,187.62431
2011-04-28 09:00:00,158.64174
2011-04-28 10:00:00,146.95152
2011-04-28 11:00:00,159.4653
2011-04-28 12:00:00,184.79013
2011-04-28 13:00:00,164.26021
2011-04-28 14:00:00,163.7841
2011-04-28 15:00:00,243.60576
2011-04-28 16:00:00,185.69347
2011-04-28 17:00:00,352.5182
2011-04-28 18:00:00,362.3604
2011-04-28 19:00:00,406.877
2011-04-28 20:00:00,387.06934
2011-04-28 21:00:00,356.3614
2011-04-28 22:00:00,378.4161
2011-04-28 23:00:00,386.09344
2011-04-29 00:00:00,258.26068
2011-04-29 01:00:00,215.01051
2011-04-29 02:00:00,114.54975
2011-04-29 03:00:00,139.65218
2011-04-29 04:00:00,202.15181
2011-04-29 05:00:00,223.96333
2011-04-29 06:00:00,236.99843
2011-04-29 07:00:00,267.40717
2011-04-29 08:00:00,293.6582
2011-04-29 09:00:00,308.31415
2011-04-29 10:00:00,307.39
2011-04-29 11:00:00,374.15317
2011-04-29 12:00:00,357.60666
2011-04-29 13:00:00,366.89407
2011-04-29 14:00:00,445.1045
2011-04-29 15:00:00,365.49414
2011-04-29 16:00:00,355.62616
2011-04-29 17:00:00,329.28784
2011-04-29 18:00:00,290.00717
2011-04-29 19:00:00,213.46672
2011-04-29 20:00:00,315.00192
2011-04-29 21:00:00,297.67746
2011-04-29 22:00:00,237.65778
2011-04-29 23:00:00,278.29648
2011-04-30 00:00:00,168.62044
2011-04-30 01:00:00,177.44551
2011-04-30 02:00:00,178.97038
2011-04-30 03:00:00,179.25107
2011-04-30 04:00:00,173.61574
2011-04-30 05:00:00,155.20921
2011-04-30 06:00:00,139.92964
2011-04-30 07:00:00,155.41748
2011-04-30 08:00:00,145.33199
2011-04-30 09:00:00,170.16959
2011-04-30 10:00:00,260.5874
2011-04-30 11:00:00,298.63858
2011-04-30 12:00:00,316.96564
2011-04-30 13:00:00,361.39746
2011-04-30 14:00:00,376.63492
2011-04-30 15:00:00,391.4837
2011-04-30 16:00:00,421.17468
2011-04-30 17:00:00,368.32272
2011-04-30 18:00:00,373.24066
2011-04-30 19:00:00,380.08813
2011-04-30 20:00:00,197.12563
2011-04-30 21:00:00,202.54823
2011-04-30 22:00:00,155.48866
2011-04-30 23:00:00,163.44499
2011-05-20 00:00:00,91.29472
2011-05-20 01:00:00,90.09826
2011-05-20 02:00:00,91.29472
2011-05-20 03:00:00,91.29472
2011-05-20 04:00:00,91.15505
2011-05-20 05:00:00,90.66779
2011-05-20 06:00:00,88.116234
2011-05-20 07:00:00,107.64733
2011-05-20 08:00:00,101.29476
2011-05-20 09:00:00,174.2661
2011-05-20 10:00:00,203.98338
2011-05-20 11:00:00,243.77936
2011-05-20 12:00:00,280.5586
2011-05-20 13:00:00,289.2061
2011-05-20 14:00:00,300.99197
2011-05-20 15:00:00,302.00357
2011-05-20 16:00:00,323.23117
2011-05-20 17:00:00,228.24202
2011-05-20 18:00:00,302.39856
2011-05-20 19:00:00,228.04314
2011-05-20 20:00:00,237.86403
2011-05-20 21:00:00,236.22029
2011-05-20 22:00:00,118.086754
2011-05-20 23:00:00,209.49544
2011-05-21 00:00:00,80.327545
2011-05-21 01:00:00,66.33851
2011-05-21 02:00:00,92.38127
2011-05-21 03:00:00,69.5507
2011-05-21 04:00:00,88.367226
2011-05-21 05:00:00,82.872215
2011-05-21 06:00:00,80.54447
2011-05-21 07:00:00,100.629616
2011-05-21 08:00:00,169.04814
2011-05-21 09:00:00,224.71306
2011-05-21 10:00:00,194.04112
2011-05-21 11:00:00,276.87982
2011-05-21 12:00:00,213.19096
2011-05-21 13:00:00,260.49234
2011-05-21 14:00:00,296.3236
2011-05-21 15:00:00,416.58453
2011-05-21 16:00:00,470.2345
2011-05-21 17:00:00,436.74026
2011-05-21 18:00:00,408.83008
2011-05-21 19:00:00,388.65625
2011-05-21 20:00:00,189.7169
2011-05-21 21:00:00,278.3558
2011-05-21 22:00:00,220.18343
2011-05-21 23:00:00,117.016846
2011-05-22 00:00:00,90.269615
2011-05-22 01:00:00,90.154625
2011-05-22 02:00:00,79.63509
2011-05-22 03:00:00,90.082954
2011-05-22 04:00:00,71.58251
2011-05-22 05:00:00,91.178474
2011-05-22 06:00:00,74.77036
2011-05-22 07:00:00,66.41506
2011-05-22 08:00:00,100.06996
2011-05-22 09:00:00,116.21359
2011-05-22 10:00:00,181.32295
2011-05-22 11:00:00,316.0797
2011-05-22 12:00:00,360.3901
2011-05-22 13:00:00,324.22327
2011-05-22 14:00:00,240.2725
2011-05-22 15:00:00,272.53513
2011-05-22 16:00:00,258.6899
2011-05-22 17:00:00,331.09247
2011-05-22 18:00:00,294.87927
2011-05-22 19:00:00,298.79114
2011-05-22 20:00:00,255.28224
2011-05-22 21:00:00,214.28099
2011-05-22 22:00:00,113.91463
2011-05-22 23:00:00,123.90936
2011-05-23 00:00:00,102.68682
2011-05-23 01:00:00,103.30071
2011-05-23 02:00:00,104.9138
2011-05-23 03:00:00,92.61813
2011-05-23 04:00:00,66.929344
2011-05-23 05:00:00,66.992226
2011-05-23 06:00:00,72.131966
2011-05-23 07:00:00,85.66982
2011-05-23 08:00:00,111.19929
2011-05-23 09:00:00,118.88352
2011-05-23 10:00:00,225.47304
2011-05-23 11:00:00,246.08333
2011-05-23 12:00:00,246.57294
2011-05-23 13:00:00,310.48907
2011-05-23 14:00:00,305.63947
2011-05-23 15:00:00,298.70593
2011-05-23 16:00:00,310.0027
2011-05-23 17:00:00,278.32037
2011-05-23 18:00:00,251.53519
2011-05-23 19:00:00,247.3441
2011-05-23 20:00:00,169.06047
2011-05-23 21:00:00,150.27652
2011-05-23 22:00:00,128.30809
2011-05-23 23:00:00,162.93822
2011-05-24 00:00:00,103.85012
2011-05-24 01:00:00,96.9385
2011-05-24 02:00:00,102.09479
2011-05-24 03:00:00,92.435356
2011-05-24 04:00:00,103.55494
2011-05-24 05:00:00,124.36623
2011-05-24 06:00:00,105.94521
2011-05-24 07:00:00,174.62257
2011-05-24 08:00:00,154.28477
2011-05-24 09:00:00,195.98064
2011-05-24 10:00:00,286.4702
2011-05-24 11:00:00,341.0573
2011-05-24 12:00:00,404.5187
2011-05-24 13:00:00,386.3185
2011-05-24 14:00:00,393.71542
2011-05-24 15:00:00,336.75403
2011-05-24 16:00:00,236.63382
2011-05-24 17:00:00,262.46295
2011-05-24 18:00:00,251.77132
2011-05-24 19:00:00,225.50679
2011-05-24 20:00:00,189.95413
2011-05-24 21:00:00,153.68239
2011-05-24 22:00:00,177.05724
2011-05-24 23:00:00,274.75284
2011-05-25 00:00:00,143.25267
2011-05-25 01:00:00,130.8017
2011-05-25 02:00:00,66.99372
2011-05-25 03:00:00,91.28031
2011-05-25 04:00:00,91.179085
2011-05-25 05:00:00,93.05635
2011-05-25 06:00:00,79.82795
2011-05-25 07:00:00,140.79762
2011-05-25 08:00:00,218.63707
2011-05-25 09:00:00,202.87239
2011-05-25 10:00:00,236.01357
2011-05-25 11:00:00,281.82153
2011-05-25 12:00:00,294.74152
2011-05-25 13:00:00,297.04156
2011-05-25 14:00:00,315.4516
2011-05-25 15:00:00,365.70795
2011-05-25 16:00:00,360.89178
2011-05-25 17:00:00,360.6128
2011-05-25 18:00:00,331.00714
2011-05-25 19:00:00,286.2107
2011-05-25 20:00:00,303.75092
2011-05-25 21:00:00,242.33441
2011-05-25 22:00:00,273.94528
2011-05-25 23:00:00,229.98409
2011-05-26 00:00:00,161.16347
2011-05-26 01:00:00,160.14906
2011-05-26 02:00:00,116.36234
2011-05-26 03:00:00,103.23463
2011-05-26 04:00:00,88.18698
2011-05-26 05:00:00,95.963295
2011-05-26 06:00:00,85.23509
2011-05-26 07:00:00,124.812004
2011-05-26 08:00:00,125.03286
2011-05-26 09:00:00,235.36247
2011-05-26 10:00:00,246.46461
2011-05-26 11:00:00,284.11664
2011-05-26 12:00:00,343.9082
2011-05-26 13:00:00,399.05823
2011-05-26 14:00:00,402.30353
2011-05-26 15:00:00,431.82938
2011-05-26 16:00:00,423.224
2011-05-26 17:00:00,423.14874
2011-05-26 18:00:00,434.66458
2011-05-26 19:00:00,425.24512
2011-05-26 20:00:00,323.61176
2011-05-26 21:00:00,271.85565
2011-05-26 22:00:00,280.69772
2011-05-26 23:00:00,302.7447
2011-05-27 00:00:00,242.5226
2011-05-27 01:00:00,282.08414
2011-05-27 02:00:00,257.80862
2011-05-27 03:00:00,197.93752
2011-05-27 04:00:00,182.95834
2011-05-27 05:00:00,240.88792
2011-05-27 06:00:00,151.23164
2011-05-27 07:00:00,172.0794
2011-05-27 08:00:00,223.47105
2011-05-27 09:00:00,271.68515
2011-05-27 10:00:00,314.06668
2011-05-27 11:00:00,322.25433
2011-05-27 12:00:00,337.96014
2011-05-27 13:00:00,314.48798
2011-05-27 14:00:00,351.0976
2011-05-27 15:00:00,389.54797
2011-05-27 16:00:00,346.95108
2011-05-27 17:00:00,326.02228
2011-05-27 18:00:00,318.67474
2011-05-27 19:00:00,217.19902
2011-05-27 20:00:00,244.49931
2011-05-27 21:00:00,123.13506
2011-05-27 22:00:00,183.94917
2011-05-27 23:00:00,119.64887
2011-05-28 00:00:00,89.58487
2011-05-28 01:00:00,98.67217
2011-05-28 02:00:00,91.07102
2011-05-28 03:00:00,97.86923
2011-05-28 04:00:00,102.69752
2011-05-28 05:00:00,96.240944
2011-05-28 06:00:00,110.83782
2011-05-28 07:00:00,113.10762
2011-05-28 08:00:00,115.38705
2011-05-28 09:00:00,190.40962
2011-05-28 10:00:00,254.18214
2011-05-28 11:00:00,256.16208
2011-05-28 12:00:00,318.94067
2011-05-28 13:00:00,294.23767
2011-05-28 14:00:00,330.6425
2011-05-28 15:00:00,355.58563
2011-05-28 16:00:00,375.33936
2011-05-28 17:00:00,366.45068
2011-05-28 18:00:00,322.60043
2011-05-28 19:00:00,278.8062
2011-05-28 20:00:00,296.26834
2011-05-28 21:00:00,235.31755
2011-05-28 22:00:00,204.55356
2011-05-28 23:00:00,143.85988
2011-05-29 00:00:00,114.244606
2011-05-29 01:00:00,100.70092
2011-05-29 02:00:00,83.69277
2011-05-29 03:00:00,79.369896
2011-05-29 04:00:00,67.75078
2011-05-29 05:00:00,84.774704
2011-05-29 06:00:00,97.3623
2011-05-29 07:00:00,107.66503
2011-05-29 08:00:00,101.24624
2011-05-29 09:00:00,96.420685
2011-05-29 10:00:00,124.86863
2011-05-29 11:00:00,153.97014
2011-05-29 12:00:00,218.71446
2011-05-29 13:00:00,265.8255
2011-05-29 14:00:00,277.69946
2011-05-29 15:00:00,282.90802
2011-05-29 16:00:00,281.27863
2011-05-29 17:00:00,283.0478
2011-05-29 18:00:00,262.2561
2011-05-29 19:00:00,258.0541
2011-05-29 20:00:00,189.47533
2011-05-29 21:00:00,139.81198
2011-05-29 22:00:00,105.19857
2011-05-29 23:00:00,112.19074
2011-05-30 00:00:00,81.0599
2011-05-30 01:00:00,63.983856
2011-05-30 02:00:00,79.83668
2011-05-30 03:00:00,79.77183
2011-05-30 04:00:00,70.520645
2011-05-30 05:00:00,62.72745
2011-05-30 06:00:00,62.688496
2011-05-30 07:00:00,62.90481
2011-05-30 08:00:00,69.55093
2011-05-30 09:00:00,117.53619
2011-05-30 10:00:00,407.6289
2011-05-30 11:00:00,266.43146
2011-05-30 12:00:00,438.0564
2011-05-30 13:00:00,433.76553
2011-05-30 14:00:00,329.49753
2011-05-30 15:00:00,559.1834
2011-05-30 16:00:00,574.92804
2011-05-30 17:00:00,544.62665
2011-05-30 18:00:00,532.58514
2011-05-30 19:00:00,390.12073
2011-05-30 20:00:00,277.26685
2011-05-30 21:00:00,277.226
2011-05-30 22:00:00,255.91402
2011-05-30 23:00:00,126.61701
2011-05-31 00:00:00,146.6469
2011-05-31 01:00:00,133.19923
2011-05-31 02:00:00,110.4758
2011-05-31 03:00:00,75.62458
2011-05-31 04:00:00,118.951
2011-05-31 05:00:00,115.98963
2011-05-31 06:00:00,121.37566
2011-05-31 07:00:00,242.51215
2011-05-31 08:00:00,297.59058
2011-05-31 09:00:00,319.74216
2011-05-31 10:00:00,328.0268
2011-05-31 11:00:00,278.0221
2011-05-31 12:00:00,390.91486
2011-05-31 13:00:00,421.9313
2011-05-31 14:00:00,280.92236
2011-05-31 15:00:00,437.04205
2011-05-31 16:00:00,423.9676
2011-05-31 17:00:00,411.83008
2011-05-31 18:00:00,405.1419
2011-05-31 19:00:00,291.59912
2011-05-31 20:00:00,294.7124
2011-05-31 21:00:00,277.17273
2011-05-31 22:00:00,277.7196
2011-05-31 23:00:00,198.75374
2011-06-20 00:00:00,134.41147
2011-06-20 01:00:00,118.17002
2011-06-20 02:00:00,115.14971
2011-06-20 03:00:00,85.256065
2011-06-20 04:00:00,108.30304
2011-06-20 05:00:00,110.82976
2011-06-20 06:00:00,142.7986
2011-06-20 07:00:00,115.964836
2011-06-20 08:00:00,136.36603
2011-06-20 09:00:00,170.38231
2011-06-20 10:00:00,171.47502
2011-06-20 11:00:00,127.005455
2011-06-20 12:00:00,202.07637
2011-06-20 13:00:00,210.00356
2011-06-20 14:00:00,240.9991
2011-06-20 15:00:00,256.1146
2011-06-20 16:00:00,302.23975
2011-06-20 17:00:00,232.14897
2011-06-20 18:00:00,307.53287
2011-06-20 19:00:00,273.74936
2011-06-20 20:00:00,258.72806
2011-06-20 21:00:00,227.4275
2011-06-20 22:00:00,259.9881
2011-06-20 23:00:00,220.54219
2011-06-21 00:00:00,135.84657
2011-06-21 01:00:00,199.19952
2011-06-21 02:00:00,173.70535
2011-06-21 03:00:00,179.41997
2011-06-21 04:00:00,106.02943
2011-06-21 05:00:00,110.056465
2011-06-21 06:00:00,112.4296
2011-06-21 07:00:00,65.371185
2011-06-21 08:00:00,115.93072
2011-06-21 09:00:00,158.77414
2011-06-21 10:00:00,199.79564
2011-06-21 11:00:00,177.8783
2011-06-21 12:00:00,253.35783
2011-06-21 13:00:00,313.46225
2011-06-21 14:00:00,353.5713
2011-06-21 15:00:00,393.66406
2011-06-21 16:00:00,396.3853
2011-06-21 17:00:00,364.02948
2011-06-21 18:00:00,352.54163
2011-06-21 19:00:00,328.22382
2011-06-21 20:00:00,371.94986
2011-06-21 21:00:00,315.32166
2011-06-21 22:00:00,264.05908
2011-06-21 23:00:00,299.31018
2011-06-22 00:00:00,161.70854
2011-06-22 01:00:00,123.96337
2011-06-22 02:00:00,96.13567
2011-06-22 03:00:00,137.62617
2011-06-22 04:00:00,87.11853
2011-06-22 05:00:00,68.29249
2011-06-22 06:00:00,94.972404
2011-06-22 07:00:00,114.03915
2011-06-22 08:00:00,220.54774
2011-06-22 09:00:00,215.06697
2011-06-22 10:00:00,286.45544
2011-06-22 11:00:00,275.9174
2011-06-22 12:00:00,388.18268
2011-06-22 13:00:00,417.01846
2011-06-22 14:00:00,451.43216
2011-06-22 15:00:00,432.6718
2011-06-22 16:00:00,432.82974
2011-06-22 17:00:00,449.38666
2011-06-22 18:00:00,430.02905
2011-06-22 19:00:00,466.51392
2011-06-22 20:00:00,300.59387
2011-06-22 21:00:00,287.3154
2011-06-22 22:00:00,313.41617
2011-06-22 23:00:00,320.72437
2011-06-23 00:00:00,209.9237
2011-06-23 01:00:00,235.8936
2011-06-23 02:00:00,237.94885
2011-06-23 03:00:00,233.81534
2011-06-23 04:00:00,190.58229
2011-06-23 05:00:00,224.98248
2011-06-23 06:00:00,229.87004
2011-06-23 07:00:00,245.10054
2011-06-23 08:00:00,284.24966
2011-06-23 09:00:00,277.89297
2011-06-23 10:00:00,318.732
2011-06-23 11:00:00,345.11053
2011-06-23 12:00:00,334.34192
2011-06-23 13:00:00,356.53564
2011-06-23 14:00:00,342.44922
2011-06-23 15:00:00,431.10077
2011-06-23 16:00:00,368.21368
2011-06-23 17:00:00,314.11993
2011-06-23 18:00:00,300.6547
2011-06-23 19:00:00,313.7294
2011-06-23 20:00:00,303.68634
2011-06-23 21:00:00,306.94257
2011-06-23 22:00:00,332.13464
2011-06-23 23:00:00,322.0476
2011-06-24 00:00:00,167.91154
2011-06-24 01:00:00,168.54927
2011-06-24 02:00:00,169.36989
2011-06-24 03:00:00,120.47155
2011-06-24 04:00:00,106.511894
2011-06-24 05:00:00,97.72228
2011-06-24 06:00:00,125.00045
2011-06-24 07:00:00,196.55309
2011-06-24 08:00:00,245.43019
2011-06-24 09:00:00,301.3464
2011-06-24 10:00:00,459.67215
2011-06-24 11:00:00,480.98517
2011-06-24 12:00:00,478.4335
2011-06-24 13:00:00,483.82587
2011-06-24 14:00:00,483.62735
2011-06-24 15:00:00,538.1322
2011-06-24 16:00:00,549.4239
2011-06-24 17:00:00,512.1982
2011-06-24 18:00:00,530.88336
2011-06-24 19:00:00,502.2666
2011-06-24 20:00:00,463.2252
2011-06-24 21:00:00,438.8874
2011-06-24 22:00:00,363.9547
2011-06-24 23:00:00,438.10086
2011-06-25 00:00:00,379.38824
2011-06-25 01:00:00,339.08978
2011-06-25 02:00:00,367.78467
2011-06-25 03:00:00,280.6936
2011-06-25 04:00:00,286.57916
2011-06-25 05:00:00,250.11499
2011-06-25 06:00:00,302.08554
2011-06-25 07:00:00,305.61194
2011-06-25 08:00:00,438.49002
2011-06-25 09:00:00,475.33368
2011-06-25 10:00:00,468.49084
2011-06-25 11:00:00,328.77148
2011-06-25 12:00:00,520.2381
2011-06-25 13:00:00,523.53577
2011-06-25 14:00:00,513.1809
2011-06-25 15:00:00,378.56616
2011-06-25 16:00:00,537.182
2011-06-25 17:00:00,526.3569
2011-06-25 18:00:00,516.293
2011-06-25 19:00:00,509.42767
2011-06-25 20:00:00,496.6978
2011-06-25 21:00:00,469.4381
2011-06-25 22:00:00,514.09186
2011-06-25 23:00:00,509.1448
2011-06-26 00:00:00,323.8639
2011-06-26 01:00:00,283.94485
2011-06-26 02:00:00,256.45422
2011-06-26 03:00:00,203.76302
2011-06-26 04:00:00,205.0287
2011-06-26 05:00:00,223.03093
2011-06-26 06:00:00,207.53735
2011-06-26 07:00:00,212.48517
2011-06-26 08:00:00,286.9479
2011-06-26 09:00:00,323.08728
2011-06-26 10:00:00,400.77213
2011-06-26 11:00:00,451.0861
2011-06-26 12:00:00,502.52524
2011-06-26 13:00:00,360.87195
2011-06-26 14:00:00,499.56482
2011-06-26 15:00:00,390.89005
2011-06-26 16:00:00,517.5571
2011-06-26 17:00:00,516.4422
2011-06-26 18:00:00,521.3563
2011-06-26 19:00:00,490.73438
2011-06-26 20:00:00,479.978
2011-06-26 21:00:00,448.37616
2011-06-26 22:00:00,370.03485
2011-06-26 23:00:00,429.35693
2011-06-27 00:00:00,227.09543
2011-06-27 01:00:00,161.98982
2011-06-27 02:00:00,195.7723
2011-06-27 03:00:00,201.01064
2011-06-27 04:00:00,156.83551
2011-06-27 05:00:00,165.38313
2011-06-27 06:00:00,200.51765
2011-06-27 07:00:00,243.26564
2011-06-27 08:00:00,229.90565
2011-06-27 09:00:00,265.02975
2011-06-27 10:00:00,345.47467
2011-06-27 11:00:00,270.0097
2011-06-27 12:00:00,283.31223
2011-06-27 13:00:00,373.62024
2011-06-27 14:00:00,334.34912
2011-06-27 15:00:00,298.88525
2011-06-27 16:00:00,350.22534
2011-06-27 17:00:00,375.05212
2011-06-27 18:00:00,312.27405
2011-06-27 19:00:00,383.37067
2011-06-27 20:00:00,329.62137
2011-06-27 21:00:00,264.15735
2011-06-27 22:00:00,251.46498
2011-06-27 23:00:00,253.98473
2011-06-28 00:00:00,157.67784
2011-06-28 01:00:00,106.80213
2011-06-28 02:00:00,140.71336
2011-06-28 03:00:00,147.3545
2011-06-28 04:00:00,115.75643
2011-06-28 05:00:00,102.05196
2011-06-28 06:00:00,140.84532
2011-06-28 07:00:00,169.69847
2011-06-28 08:00:00,197.98808
2011-06-28 09:00:00,191.16075
2011-06-28 10:00:00,404.39322
2011-06-28 11:00:00,262.17023
2011-06-28 12:00:00,467.17725
2011-06-28 13:00:00,277.67163
2011-06-28 14:00:00,501.72968
2011-06-28 15:00:00,296.45032
2011-06-28 16:00:00,507.54364
2011-06-28 17:00:00,456.84256
2011-06-28 18:00:00,463.44562
2011-06-28 19:00:00,405.6191
2011-06-28 20:00:00,279.71344
2011-06-28 21:00:00,372.49237
2011-06-28 22:00:00,331.77383
2011-06-28 23:00:00,341.89496
2011-06-29 00:00:00,209.51735
2011-06-29 01:00:00,204.69484
2011-06-29 02:00:00,156.08821
2011-06-29 03:00:00,120.45635
2011-06-29 04:00:00,108.48632
2011-06-29 05:00:00,145.60805
2011-06-29 06:00:00,246.36969
2011-06-29 07:00:00,332.05154
2011-06-29 08:00:00,383.81723
2011-06-29 09:00:00,428.58075
2011-06-29 10:00:00,446.06183
2011-06-29 11:00:00,454.17477
2011-06-29 12:00:00,467.30316
2011-06-29 13:00:00,501.53436
2011-06-29 14:00:00,481.51993
2011-06-29 15:00:00,488.5785
2011-06-29 16:00:00,538.1106
2011-06-29 17:00:00,525.21344
2011-06-29 18:00:00,542.398
2011-06-29 19:00:00,559.3336
2011-06-29 20:00:00,535.61487
2011-06-29 21:00:00,513.6923
2011-06-29 22:00:00,496.7553
2011-06-29 23:00:00,477.39722
2011-06-30 00:00:00,310.37762
2011-06-30 01:00:00,291.30832
2011-06-30 02:00:00,268.231
2011-06-30 03:00:00,258.1268
2011-06-30 04:00:00,227.23576
2011-06-30 05:00:00,238.16315
2011-06-30 06:00:00,257.81763
2011-06-30 07:00:00,277.82608
2011-06-30 08:00:00,375.9801
2011-06-30 09:00:00,421.06635
2011-06-30 10:00:00,427.47424
2011-06-30 11:00:00,433.75217
2011-06-30 12:00:00,458.5534
2011-06-30 13:00:00,467.6596
2011-06-30 14:00:00,478.82013
2011-06-30 15:00:00,491.6305
2011-06-30 16:00:00,485.5412
2011-06-30 17:00:00,528.76294
2011-06-30 18:00:00,530.0359
2011-06-30 19:00:00,518.37225
2011-06-30 20:00:00,524.1899
2011-06-30 21:00:00,494.43723
2011-06-30 22:00:00,492.14905
2011-06-30 23:00:00,352.1587
2011-07-20 00:00:00,106.14489
2011-07-20 01:00:00,91.45861
2011-07-20 02:00:00,91.739944
2011-07-20 03:00:00,106.9569
2011-07-20 04:00:00,93.949554
2011-07-20 05:00:00,113.32711
2011-07-20 06:00:00,114.25277
2011-07-20 07:00:00,157.05258
2011-07-20 08:00:00,168.60466
2011-07-20 09:00:00,246.00374
2011-07-20 10:00:00,200.67157
2011-07-20 11:00:00,290.48444
2011-07-20 12:00:00,257.27075
2011-07-20 13:00:00,398.37982
2011-07-20 14:00:00,452.95877
2011-07-20 15:00:00,461.5766
2011-07-20 16:00:00,287.9259
2011-07-20 17:00:00,405.90265
2011-07-20 18:00:00,424.93115
2011-07-20 19:00:00,368.51422
2011-07-20 20:00:00,349.7221
2011-07-20 21:00:00,385.7405
2011-07-20 22:00:00,380.2033
2011-07-20 23:00:00,341.63318
2011-07-21 00:00:00,246.96837
2011-07-21 01:00:00,209.25359
2011-07-21 02:00:00,211.60663
2011-07-21 03:00:00,200.91968
2011-07-21 04:00:00,153.83623
2011-07-21 05:00:00,161.0578
2011-07-21 06:00:00,168.71939
2011-07-21 07:00:00,191.94887
2011-07-21 08:00:00,248.58739
2011-07-21 09:00:00,309.6001
2011-07-21 10:00:00,340.87122
2011-07-21 11:00:00,414.1443
2011-07-21 12:00:00,470.61496
2011-07-21 13:00:00,467.99744
2011-07-21 14:00:00,521.327
2011-07-21 15:00:00,506.55505
2011-07-21 16:00:00,546.9121
2011-07-21 17:00:00,560.3493
2011-07-21 18:00:00,532.7498
2011-07-21 19:00:00,430.71375
2011-07-21 20:00:00,394.46136
2011-07-21 21:00:00,373.79495
2011-07-21 22:00:00,375.98175
2011-07-21 23:00:00,377.95184
2011-07-22 00:00:00,302.2125
2011-07-22 01:00:00,227.3642
2011-07-22 02:00:00,229.6516
2011-07-22 03:00:00,229.88185
2011-07-22 04:00:00,212.39517
2011-07-22 05:00:00,169.4287
2011-07-22 06:00:00,213.19836
2011-07-22 07:00:00,293.39044
2011-07-22 08:00:00,352.5229
2011-07-22 09:00:00,319.68765
2011-07-22 10:00:00,361.3165
2011-07-22 11:00:00,385.21436
2011-07-22 12:00:00,453.16754
2011-07-22 13:00:00,466.1153
2011-07-22 14:00:00,538.2016
2011-07-22 15:00:00,547.0251
2011-07-22 16:00:00,544.4099
2011-07-22 17:00:00,455.49695
2011-07-22 18:00:00,526.2044
2011-07-22 19:00:00,502.55457
2011-07-22 20:00:00,320.5626
2011-07-22 21:00:00,373.63776
2011-07-22 22:00:00,475.54846
2011-07-22 23:00:00,427.8911
2011-07-23 00:00:00,396.52448
2011-07-23 01:00:00,313.69525
2011-07-23 02:00:00,394.3285
2011-07-23 03:00:00,246.95488
2011-07-23 04:00:00,243.16624
2011-07-23 05:00:00,281.44373
2011-07-23 06:00:00,395.82648
2011-07-23 07:00:00,375.29517
2011-07-23 08:00:00,511.4384
2011-07-23 09:00:00,483.8932
2011-07-23 10:00:00,532.62
2011-07-23 11:00:00,519.1711
2011-07-23 12:00:00,454.30768
2011-07-23 13:00:00,518.86646
2011-07-23 14:00:00,393.9971
2011-07-23 15:00:00,365.38248
2011-07-23 16:00:00,528.8748
2011-07-23 17:00:00,541.4527
2011-07-23 18:00:00,617.00946
2011-07-23 19:00:00,438.07495
2011-07-23 20:00:00,467.6046
2011-07-23 21:00:00,474.03165
2011-07-23 22:00:00,464.89905
2011-07-23 23:00:00,422.19922
2011-07-24 00:00:00,281.44077
2011-07-24 01:00:00,250.40982
2011-07-24 02:00:00,271.92398
2011-07-24 03:00:00,274.36432
2011-07-24 04:00:00,256.26712
2011-07-24 05:00:00,253.54681
2011-07-24 06:00:00,296.24963
2011-07-24 07:00:00,337.81207
2011-07-24 08:00:00,446.17746
2011-07-24 09:00:00,442.9265
2011-07-24 10:00:00,531.767
2011-07-24 11:00:00,492.6731
2011-07-24 12:00:00,510.70776
2011-07-24 13:00:00,533.23236
2011-07-24 14:00:00,533.57574
2011-07-24 15:00:00,592.1471
2011-07-24 16:00:00,596.6304
2011-07-24 17:00:00,512.5969
2011-07-24 18:00:00,573.7127
2011-07-24 19:00:00,536.9473
2011-07-24 20:00:00,525.0882
2011-07-24 21:00:00,407.70557
2011-07-24 22:00:00,302.7914
2011-07-24 23:00:00,372.50452
2011-07-25 00:00:00,235.46681
2011-07-25 01:00:00,214.2166
2011-07-25 02:00:00,177.38235
2011-07-25 03:00:00,108.33093
2011-07-25 04:00:00,113.1648
2011-07-25 05:00:00,116.12035
2011-07-25 06:00:00,159.48997
2011-07-25 07:00:00,154.78267
2011-07-25 08:00:00,210.99562
2011-07-25 09:00:00,226.83571
2011-07-25 10:00:00,248.84999
2011-07-25 11:00:00,385.89038
2011-07-25 12:00:00,390.49005
2011-07-25 13:00:00,281.3994
2011-07-25 14:00:00,273.35205
2011-07-25 15:00:00,211.24364
2011-07-25 16:00:00,238.89095
2011-07-25 17:00:00,225.74828
2011-07-25 18:00:00,278.42902
2011-07-25 19:00:00,300.79388
2011-07-25 20:00:00,296.43066
2011-07-25 21:00:00,148.88301
2011-07-25 22:00:00,155.0865
2011-07-25 23:00:00,225.50018
2011-07-26 00:00:00,122.74038
2011-07-26 01:00:00,124.42946
2011-07-26 02:00:00,99.266136
2011-07-26 03:00:00,103.06461
2011-07-26 04:00:00,110.55714
2011-07-26 05:00:00,98.93124
2011-07-26 06:00:00,175.73326
2011-07-26 07:00:00,288.28082
2011-07-26 08:00:00,339.04263
2011-07-26 09:00:00,443.3532
2011-07-26 10:00:00,436.339
2011-07-26 11:00:00,293.6285
2011-07-26 12:00:00,303.26904
2011-07-26 13:00:00,497.76666
2011-07-26 14:00:00,501.6403
2011-07-26 15:00:00,523.3095
2011-07-26 16:00:00,532.5197
2011-07-26 17:00:00,552.7498
2011-07-26 18:00:00,560.89465
2011-07-26 19:00:00,533.3841
2011-07-26 20:00:00,507.8474
2011-07-26 21:00:00,475.2438
2011-07-26 22:00:00,417.62247
2011-07-26 23:00:00,397.2422
2011-07-27 00:00:00,328.1537
2011-07-27 01:00:00,349.0985
2011-07-27 02:00:00,348.7862
2011-07-27 03:00:00,293.97113
2011-07-27 04:00:00,339.6062
2011-07-27 05:00:00,315.93054
2011-07-27 06:00:00,326.73694
2011-07-27 07:00:00,383.6996
2011-07-27 08:00:00,427.99808
2011-07-27 09:00:00,439.0892
2011-07-27 10:00:00,285.8121
2011-07-27 11:00:00,293.90652
2011-07-27 12:00:00,475.19086
2011-07-27 13:00:00,515.9083
2011-07-27 14:00:00,479.71765
2011-07-27 15:00:00,496.65558
2011-07-27 16:00:00,484.5318
2011-07-27 17:00:00,512.48346
2011-07-27 18:00:00,478.65265
2011-07-27 19:00:00,475.79205
2011-07-27 20:00:00,490.59723
2011-07-27 21:00:00,428.70636
2011-07-27 22:00:00,363.4791
2011-07-27 23:00:00,460.6007
2011-07-28 00:00:00,294.9001
2011-07-28 01:00:00,201.22276
2011-07-28 02:00:00,278.72043
2011-07-28 03:00:00,170.54027
2011-07-28 04:00:00,261.04025
2011-07-28 05:00:00,244.0966
2011-07-28 06:00:00,216.8202
2011-07-28 07:00:00,251.37004
2011-07-28 08:00:00,283.19202
2011-07-28 09:00:00,340.23984
2011-07-28 10:00:00,395.68744
2011-07-28 11:00:00,416.91675
2011-07-28 12:00:00,431.4548
2011-07-28 13:00:00,488.88306
2011-07-28 14:00:00,479.35764
2011-07-28 15:00:00,473.2588
2011-07-28 16:00:00,482.89325
2011-07-28 17:00:00,442.9502
2011-07-28 18:00:00,440.10016
2011-07-28 19:00:00,414.1399
2011-07-28 20:00:00,401.87378
2011-07-28 21:00:00,397.9453
2011-07-28 22:00:00,366.9195
2011-07-28 23:00:00,336.17926
2011-07-29 00:00:00,191.78719
2011-07-29 01:00:00,177.22536
2011-07-29 02:00:00,107.11355
2011-07-29 03:00:00,108.33093
2011-07-29 04:00:00,138.68547
2011-07-29 05:00:00,98.423904
2011-07-29 06:00:00,115.19782
2011-07-29 07:00:00,205.89345
2011-07-29 08:00:00,210.42351
2011-07-29 09:00:00,458.4726
2011-07-29 10:00:00,467.0342
2011-07-29 11:00:00,478.5869
2011-07-29 12:00:00,459.7553
2011-07-29 13:00:00,303.47916
2011-07-29 14:00:00,470.4615
2011-07-29 15:00:00,493.21783
2011-07-29 16:00:00,564.4203
2011-07-29 17:00:00,544.5301
2011-07-29 18:00:00,579.7096
2011-07-29 19:00:00,561.41833
2011-07-29 20:00:00,574.02637
2011-07-29 21:00:00,501.4738
2011-07-29 22:00:00,495.55176
2011-07-29 23:00:00,423.77045
2011-07-30 00:00:00,341.63098
2011-07-30 01:00:00,277.75452
2011-07-30 02:00:00,300.65613
2011-07-30 03:00:00,268.48206
2011-07-30 04:00:00,245.4521
2011-07-30 05:00:00,261.64224
2011-07-30 06:00:00,267.33014
2011-07-30 07:00:00,285.10394
2011-07-30 08:00:00,369.15656
2011-07-30 09:00:00,524.32574
2011-07-30 10:00:00,540.07684
2011-07-30 11:00:00,524.83997
2011-07-30 12:00:00,519.7832
2011-07-30 13:00:00,344.0538
2011-07-30 14:00:00,352.75806
2011-07-30 15:00:00,521.97784
2011-07-30 16:00:00,571.5353
2011-07-30 17:00:00,505.01166
2011-07-30 18:00:00,589.82477
2011-07-30 19:00:00,563.01514
2011-07-30 20:00:00,540.8211
2011-07-30 21:00:00,514.3393
2011-07-30 22:00:00,451.26825
2011-07-30 23:00:00,427.62
2011-07-31 00:00:00,269.26578
2011-07-31 01:00:00,235.79472
2011-07-31 02:00:00,212.08513
2011-07-31 03:00:00,224.3503
2011-07-31 04:00:00,147.84982
2011-07-31 05:00:00,150.53758
2011-07-31 06:00:00,135.35243
2011-07-31 07:00:00,317.25922
2011-07-31 08:00:00,389.53735
2011-07-31 09:00:00,306.75873
2011-07-31 10:00:00,497.0763
2011-07-31 11:00:00,492.83615
2011-07-31 12:00:00,502.79306
2011-07-31 13:00:00,491.18015
2011-07-31 14:00:00,520.53217
2011-07-31 15:00:00,562.1674
2011-07-31 16:00:00,570.63043
2011-07-31 17:00:00,561.8183
2011-07-31 18:00:00,588.7643
2011-07-31 19:00:00,495.79547
2011-07-31 20:00:00,502.5394
2011-07-31 21:00:00,466.9159
2011-07-31 22:00:00,375.9486
2011-07-31 23:00:00,414.77713
2011-08-20 00:00:00,61.930035
2011-08-20 01:00:00,66.01813
2011-08-20 02:00:00,73.62576
2011-08-20 03:00:00,70.33659
2011-08-20 04:00:00,65.204025
2011-08-20 05:00:00,66.13548
2011-08-20 06:00:00,112.4196
2011-08-20 07:00:00,66.85715
2011-08-20 08:00:00,132.88237
2011-08-20 09:00:00,176.90382
2011-08-20 10:00:00,299.10815
2011-08-20 11:00:00,243.45174
2011-08-20 12:00:00,353.78558
2011-08-20 13:00:00,376.6798
2011-08-20 14:00:00,490.07388
2011-08-20 15:00:00,527.9647
2011-08-20 16:00:00,517.91675
2011-08-20 17:00:00,503.65643
2011-08-20 18:00:00,445.8746
2011-08-20 19:00:00,407.5138
2011-08-20 20:00:00,418.03876
2011-08-20 21:00:00,354.98407
2011-08-20 22:00:00,337.44562
2011-08-20 23:00:00,303.27133
2011-08-21 00:00:00,182.5722
2011-08-21 01:00:00,150.3871
2011-08-21 02:00:00,131.77654
2011-08-21 03:00:00,119.70661
2011-08-21 04:00:00,133.29759
2011-08-21 05:00:00,121.45767
2011-08-21 06:00:00,116.76525
2011-08-21 07:00:00,173.22017
2011-08-21 08:00:00,193.46437
2011-08-21 09:00:00,245.77115
2011-08-21 10:00:00,264.18292
2011-08-21 11:00:00,379.64093
2011-08-21 12:00:00,437.1655
2011-08-21 13:00:00,408.3451
2011-08-21 14:00:00,244.85042
2011-08-21 15:00:00,217.80373
2011-08-21 16:00:00,233.4495
2011-08-21 17:00:00,228.2162
2011-08-21 18:00:00,277.11703
2011-08-21 19:00:00,340.27682
2011-08-21 20:00:00,279.85706
2011-08-21 21:00:00,285.37665
2011-08-21 22:00:00,300.7732
2011-08-21 23:00:00,316.19916
2011-08-22 00:00:00,150.98099
2011-08-22 01:00:00,108.85995
2011-08-22 02:00:00,249.20094
2011-08-22 03:00:00,284.47742
2011-08-22 04:00:00,255.35426
2011-08-22 05:00:00,254.00092
2011-08-22 06:00:00,274.44794
2011-08-22 07:00:00,275.02597
2011-08-22 08:00:00,279.4763
2011-08-22 09:00:00,332.2281
2011-08-22 10:00:00,397.24902
2011-08-22 11:00:00,466.7681
2011-08-22 12:00:00,497.23837
2011-08-22 13:00:00,484.47427
2011-08-22 14:00:00,499.669
2011-08-22 15:00:00,503.91907
2011-08-22 16:00:00,518.712
2011-08-22 17:00:00,521.6136
2011-08-22 18:00:00,531.8547
2011-08-22 19:00:00,535.67035
2011-08-22 20:00:00,502.67712
2011-08-22 21:00:00,493.7678
2011-08-22 22:00:00,523.5982
2011-08-22 23:00:00,502.96445
2011-08-23 00:00:00,336.95532
2011-08-23 01:00:00,286.7017
2011-08-23 02:00:00,272.2481
2011-08-23 03:00:00,261.02853
2011-08-23 04:00:00,260.88162
2011-08-23 05:00:00,267.1411
2011-08-23 06:00:00,253.02286
2011-08-23 07:00:00,342.82385
2011-08-23 08:00:00,281.74557
2011-08-23 09:00:00,279.45172
2011-08-23 10:00:00,273.80823
2011-08-23 11:00:00,417.911
2011-08-23 12:00:00,413.51984
2011-08-23 13:00:00,440.07288
2011-08-23 14:00:00,435.05396
2011-08-23 15:00:00,488.25797
2011-08-23 16:00:00,481.41058
2011-08-23 17:00:00,506.43872
2011-08-23 18:00:00,506.32623
2011-08-23 19:00:00,431.3603
2011-08-23 20:00:00,425.8527
2011-08-23 21:00:00,304.7506
2011-08-23 22:00:00,402.90298
2011-08-23 23:00:00,385.05994
2011-08-24 00:00:00,255.53108
2011-08-24 01:00:00,237.08461
2011-08-24 02:00:00,190.66287
2011-08-24 03:00:00,196.84251
2011-08-24 04:00:00,151.1021
2011-08-24 05:00:00,158.55885
2011-08-24 06:00:00,115.080414
2011-08-24 07:00:00,246.79906
2011-08-24 08:00:00,236.16136
2011-08-24 09:00:00,255.85033
2011-08-24 10:00:00,319.71686
2011-08-24 11:00:00,360.1886
2011-08-24 12:00:00,364.85492
2011-08-24 13:00:00,450.48267
2011-08-24 14:00:00,458.6175
2011-08-24 15:00:00,472.7482
2011-08-24 16:00:00,426.74048
2011-08-24 17:00:00,437.28348
2011-08-24 18:00:00,420.40366
2011-08-24 19:00:00,430.276
2011-08-24 20:00:00,408.09906
2011-08-24 21:00:00,379.17624
2011-08-24 22:00:00,359.8626
2011-08-24 23:00:00,339.99936
2011-08-25 00:00:00,223.2675
2011-08-25 01:00:00,239.25937
2011-08-25 02:00:00,240.87761
2011-08-25 03:00:00,222.28328
2011-08-25 04:00:00,187.12808
2011-08-25 05:00:00,173.36058
2011-08-25 06:00:00,173.56587
2011-08-25 07:00:00,223.21648
2011-08-25 08:00:00,262.33884
2011-08-25 09:00:00,286.1173
2011-08-25 10:00:00,312.96472
2011-08-25 11:00:00,220.2317
2011-08-25 12:00:00,226.6567
2011-08-25 13:00:00,208.55255
2011-08-25 14:00:00,244.85686
2011-08-25 15:00:00,257.26343
2011-08-25 16:00:00,140.9774
2011-08-25 17:00:00,147.01602
2011-08-25 18:00:00,257.7414
2011-08-25 19:00:00,255.24086
2011-08-25 20:00:00,229.72862
2011-08-25 21:00:00,259.73822
2011-08-25 22:00:00,130.18495
2011-08-25 23:00:00,199.53587
2011-08-26 00:00:00,103.78703
2011-08-26 01:00:00,80.56539
2011-08-26 02:00:00,101.33833
2011-08-26 03:00:00,95.83932
2011-08-26 04:00:00,67.87021
2011-08-26 05:00:00,79.625694
2011-08-26 06:00:00,69.02027
2011-08-26 07:00:00,94.06427
2011-08-26 08:00:00,123.685005
2011-08-26 09:00:00,157.94739
2011-08-26 10:00:00,270.93567
2011-08-26 11:00:00,255.94713
2011-08-26 12:00:00,311.21396
2011-08-26 13:00:00,335.2106
2011-08-26 14:00:00,262.85736
2011-08-26 15:00:00,394.62747
2011-08-26 16:00:00,321.02393
2011-08-26 17:00:00,304.1634
2011-08-26 18:00:00,311.15768
2011-08-26 19:00:00,256.68835
2011-08-26 20:00:00,258.46997
2011-08-26 21:00:00,284.18716
2011-08-26 22:00:00,273.88614
2011-08-26 23:00:00,225.5002
2011-08-27 00:00:00,94.24564
2011-08-27 01:00:00,106.02027
2011-08-27 02:00:00,114.627525
2011-08-27 03:00:00,158.35579
2011-08-27 04:00:00,162.2311
2011-08-27 05:00:00,193.82133
2011-08-27 06:00:00,196.12497
2011-08-27 07:00:00,198.7223
2011-08-27 08:00:00,198.82442
2011-08-27 09:00:00,188.2604
2011-08-27 10:00:00,203.00073
2011-08-27 11:00:00,163.63524
2011-08-27 12:00:00,169.62236
2011-08-27 13:00:00,189.46416
2011-08-27 14:00:00,173.41006
2011-08-27 15:00:00,173.23895
2011-08-27 16:00:00,173.2564
2011-08-27 17:00:00,194.80275
2011-08-28 07:00:00,161.46428
2011-08-28 08:00:00,160.98857
2011-08-28 09:00:00,201.5514
2011-08-28 10:00:00,314.36432
2011-08-28 11:00:00,338.34253
2011-08-28 12:00:00,431.56558
2011-08-28 13:00:00,530.7439
2011-08-28 14:00:00,566.1473
2011-08-28 15:00:00,554.7805
2011-08-28 16:00:00,591.29407
2011-08-28 17:00:00,554.61566
2011-08-28 18:00:00,531.9754
2011-08-28 19:00:00,454.5648
2011-08-28 20:00:00,479.75
2011-08-28 21:00:00,396.80475
2011-08-28 22:00:00,296.87054
2011-08-28 23:00:00,254.69774
2011-08-29 00:00:00,140.3831
2011-08-29 01:00:00,180.76454
2011-08-29 02:00:00,213.10756
2011-08-29 03:00:00,192.95152
2011-08-29 04:00:00,199.00826
2011-08-29 05:00:00,174.71959
2011-08-29 06:00:00,180.3751
2011-08-29 07:00:00,279.9855
2011-08-29 08:00:00,298.07364
2011-08-29 09:00:00,323.62823
2011-08-29 10:00:00,381.54358
2011-08-29 11:00:00,373.65253
2011-08-29 12:00:00,413.00415
2011-08-29 13:00:00,328.80316
2011-08-29 14:00:00,309.43314
2011-08-29 15:00:00,446.08777
2011-08-29 16:00:00,461.32278
2011-08-29 17:00:00,442.6688
2011-08-29 18:00:00,441.10278
2011-08-29 19:00:00,449.16174
2011-08-29 20:00:00,417.92267
2011-08-29 21:00:00,431.30212
2011-08-29 22:00:00,402.90298
2011-08-29 23:00:00,366.3543
2011-08-30 00:00:00,139.18666
2011-08-30 01:00:00,170.72075
2011-08-30 02:00:00,136.0854
2011-08-30 03:00:00,175.27936
2011-08-30 04:00:00,146.11002
2011-08-30 05:00:00,119.91694
2011-08-30 06:00:00,163.78355
2011-08-30 07:00:00,218.42654
2011-08-30 08:00:00,306.9902
2011-08-30 09:00:00,359.2647
2011-08-30 10:00:00,437.86548
2011-08-30 11:00:00,448.9843
2011-08-30 12:00:00,288.85318
2011-08-30 13:00:00,435.91245
2011-08-30 14:00:00,473.23148
2011-08-30 15:00:00,490.3205
2011-08-30 16:00:00,484.25833
2011-08-30 17:00:00,473.20508
2011-08-30 18:00:00,442.79272
2011-08-30 19:00:00,391.99695
2011-08-30 20:00:00,336.66165
2011-08-30 21:00:00,323.5639
2011-08-30 22:00:00,280.42288
2011-08-30 23:00:00,282.93494
2011-08-31 00:00:00,125.39214
2011-08-31 01:00:00,125.894585
2011-08-31 02:00:00,105.28925
2011-08-31 03:00:00,94.59026
2011-08-31 04:00:00,110.726585
2011-08-31 05:00:00,105.12403
2011-08-31 06:00:00,102.12249
2011-08-31 07:00:00,107.347374
2011-08-31 08:00:00,183.57248
2011-08-31 09:00:00,229.206
2011-08-31 10:00:00,365.4239
2011-08-31 11:00:00,420.51813
2011-08-31 12:00:00,424.09955
2011-08-31 13:00:00,434.47913
2011-08-31 14:00:00,457.04614
2011-08-31 15:00:00,462.50162
2011-08-31 16:00:00,459.50818
2011-08-31 17:00:00,429.93726
2011-08-31 18:00:00,424.05444
2011-08-31 19:00:00,508.47766
2011-08-31 20:00:00,382.86475
2011-08-31 21:00:00,346.193
2011-08-31 22:00:00,249.41286
2011-08-31 23:00:00,240.79237
2011-09-20 00:00:00,183.75172
2011-09-20 01:00:00,100.88147
2011-09-20 02:00:00,102.9935
2011-09-20 03:00:00,141.51799
2011-09-20 04:00:00,101.72802
2011-09-20 05:00:00,120.60929
2011-09-20 06:00:00,125.067055
2011-09-20 07:00:00,118.6756
2011-09-20 08:00:00,133.16603
2011-09-20 09:00:00,131.59023
2011-09-20 10:00:00,162.49646
2011-09-20 11:00:00,166.78802
2011-09-20 12:00:00,111.65036
2011-09-20 13:00:00,106.53135
2011-09-20 14:00:00,171.37273
2011-09-20 15:00:00,233.92146
2011-09-20 16:00:00,216.31404
2011-09-20 17:00:00,171.19417
2011-09-20 18:00:00,176.9777
2011-09-20 19:00:00,105.10282
2011-09-20 20:00:00,89.58694
2011-09-20 21:00:00,93.40068
2011-09-20 22:00:00,96.08752
2011-09-20 23:00:00,98.472404
2011-09-21 00:00:00,61.97876
2011-09-21 01:00:00,62.139683
2011-09-21 02:00:00,62.20507
2011-09-21 03:00:00,71.39311
2011-09-21 04:00:00,83.36265
2011-09-21 05:00:00,90.28416
2011-09-21 06:00:00,93.51563
2011-09-21 07:00:00,95.75589
2011-09-21 08:00:00,76.16839
2011-09-21 09:00:00,71.000946
2011-09-21 10:00:00,93.05497
2011-09-21 11:00:00,199.78249
2011-09-21 12:00:00,208.545
2011-09-21 13:00:00,269.7348
2011-09-21 14:00:00,276.56958
2011-09-21 15:00:00,264.77573
2011-09-21 16:00:00,270.73224
2011-09-21 17:00:00,307.6435
2011-09-21 18:00:00,253.75139
2011-09-21 19:00:00,107.655235
2011-09-21 20:00:00,109.096565
2011-09-21 21:00:00,96.20045
2011-09-21 22:00:00,106.30203
2011-09-21 23:00:00,113.24723
2011-09-22 00:00:00,66.28147
2011-09-22 01:00:00,68.10265
2011-09-22 02:00:00,74.527145
2011-09-22 03:00:00,70.77761
2011-09-22 04:00:00,73.11803
2011-09-22 05:00:00,80.174446
2011-09-22 06:00:00,82.69823
2011-09-22 07:00:00,72.36106
2011-09-22 08:00:00,90.17635
2011-09-22 09:00:00,113.52892
2011-09-22 10:00:00,166.678
2011-09-22 11:00:00,166.14622
2011-09-22 12:00:00,209.07803
2011-09-22 13:00:00,226.23442
2011-09-22 14:00:00,231.03421
2011-09-22 15:00:00,259.35434
2011-09-22 16:00:00,281.67603
2011-09-22 17:00:00,242.19551
2011-09-22 18:00:00,206.43495
2011-09-22 19:00:00,159.37987
2011-09-22 20:00:00,134.43788
2011-09-22 21:00:00,170.98668
2011-09-22 22:00:00,99.40748
2011-09-22 23:00:00,107.94582
2011-09-23 00:00:00,110.46659
2011-09-23 01:00:00,62.571003
2011-09-23 02:00:00,74.074745
2011-09-23 03:00:00,63.0409
2011-09-23 04:00:00,66.82036
2011-09-23 05:00:00,92.91088
2011-09-23 06:00:00,121.7653
2011-09-23 07:00:00,174.52571
2011-09-23 08:00:00,177.43834
2011-09-23 09:00:00,115.756546
2011-09-23 10:00:00,110.65306
2011-09-23 11:00:00,112.25877
2011-09-23 12:00:00,183.423
2011-09-23 13:00:00,109.736855
2011-09-23 14:00:00,111.59048
2011-09-23 15:00:00,192.28438
2011-09-23 16:00:00,140.89227
2011-09-23 17:00:00,82.6773
2011-09-23 18:00:00,72.65281
2011-09-23 19:00:00,164.94678
2011-09-23 20:00:00,108.770004
2011-09-23 21:00:00,124.095924
2011-09-23 22:00:00,171.65419
2011-09-23 23:00:00,163.46895
2011-09-24 00:00:00,62.10476
2011-09-24 01:00:00,75.26086
2011-09-24 02:00:00,77.86616
2011-09-24 03:00:00,64.984474
2011-09-24 04:00:00,69.86083
2011-09-24 05:00:00,88.41271
2011-09-24 06:00:00,91.4333
2011-09-24 07:00:00,119.50556
2011-09-24 08:00:00,115.72142
2011-09-24 09:00:00,125.6807
2011-09-24 10:00:00,129.59631
2011-09-24 11:00:00,192.48491
2011-09-24 12:00:00,198.43773
2011-09-24 13:00:00,152.38557
2011-09-24 14:00:00,333.9182
2011-09-24 15:00:00,339.36633
2011-09-24 16:00:00,278.1947
2011-09-24 17:00:00,314.81348
2011-09-24 18:00:00,268.55356
2011-09-24 19:00:00,109.27933
2011-09-24 20:00:00,140.48709
2011-09-24 21:00:00,222.0827
2011-09-24 22:00:00,134.9496
2011-09-24 23:00:00,200.7384
2011-09-25 00:00:00,101.35874
2011-09-25 01:00:00,110.83575
2011-09-25 02:00:00,66.835815
2011-09-25 03:00:00,66.40679
2011-09-25 04:00:00,104.68207
2011-09-25 05:00:00,101.90459
2011-09-25 06:00:00,122.067894
2011-09-25 07:00:00,99.48234
2011-09-25 08:00:00,96.54493
2011-09-25 09:00:00,123.530655
2011-09-25 10:00:00,125.44573
2011-09-25 11:00:00,282.81308
2011-09-25 12:00:00,199.31184
2011-09-25 13:00:00,278.55197
2011-09-25 14:00:00,213.23222
2011-09-25 15:00:00,220.16591
2011-09-25 16:00:00,292.45206
2011-09-25 17:00:00,258.56348
2011-09-25 18:00:00,265.91
2011-09-25 19:00:00,239.56352
2011-09-25 20:00:00,212.70262
2011-09-25 21:00:00,110.73263
2011-09-25 22:00:00,168.89128
2011-09-25 23:00:00,144.69603
2011-09-26 00:00:00,74.14128
2011-09-26 01:00:00,153.40775
2011-09-26 02:00:00,159.20071
2011-09-26 03:00:00,84.68592
2011-09-26 04:00:00,118.691795
2011-09-26 05:00:00,120.4366
2011-09-26 06:00:00,121.7653
2011-09-26 07:00:00,98.03068
2011-09-26 08:00:00,100.371544
2011-09-26 09:00:00,216.8183
2011-09-26 10:00:00,220.96938
2011-09-26 11:00:00,291.9839
2011-09-26 12:00:00,314.90094
2011-09-26 13:00:00,355.23914
2011-09-26 14:00:00,358.5771
2011-09-26 15:00:00,415.30463
2011-09-26 16:00:00,409.0749
2011-09-26 17:00:00,376.42908
2011-09-26 18:00:00,262.5866
2011-09-26 19:00:00,267.91016
2011-09-26 20:00:00,229.23595
2011-09-26 21:00:00,233.53114
2011-09-26 22:00:00,180.30019
2011-09-26 23:00:00,184.4096
2011-09-27 00:00:00,99.978035
2011-09-27 01:00:00,104.2181
2011-09-27 02:00:00,99.171005
2011-09-27 03:00:00,84.68589
2011-09-27 04:00:00,147.66304
2011-09-27 05:00:00,150.89183
2011-09-27 06:00:00,126.15736
2011-09-27 07:00:00,128.82141
2011-09-27 08:00:00,191.56544
2011-09-27 09:00:00,235.64621
2011-09-27 10:00:00,198.86272
2011-09-27 11:00:00,209.46959
2011-09-27 12:00:00,228.77832
2011-09-27 13:00:00,353.55176
2011-09-27 14:00:00,316.5187
2011-09-27 15:00:00,285.86475
2011-09-27 16:00:00,307.62012
2011-09-27 17:00:00,257.31274
2011-09-27 18:00:00,247.81212
2011-09-27 19:00:00,246.52934
2011-09-27 20:00:00,256.7376
2011-09-27 21:00:00,194.45284
2011-09-27 22:00:00,213.14049
2011-09-27 23:00:00,217.95241
2011-09-28 00:00:00,88.85281
2011-09-28 01:00:00,92.507545
2011-09-28 02:00:00,154.06691
2011-09-28 03:00:00,106.44297
2011-09-28 04:00:00,100.41852
2011-09-28 05:00:00,79.000694
2011-09-28 06:00:00,160.45644
2011-09-28 07:00:00,163.68246
2011-09-28 08:00:00,181.01933
2011-09-28 09:00:00,184.8511
2011-09-28 10:00:00,104.869484
2011-09-28 11:00:00,260.73724
2011-09-28 12:00:00,267.2417
2011-09-28 13:00:00,335.49414
2011-09-28 14:00:00,422.07364
2011-09-28 15:00:00,365.46393
2011-09-28 16:00:00,369.184
2011-09-28 17:00:00,375.47784
2011-09-28 18:00:00,325.4941
2011-09-28 19:00:00,329.68265
2011-09-28 20:00:00,282.11826
2011-09-28 21:00:00,250.99509
2011-09-28 22:00:00,213.14049
2011-09-28 23:00:00,166.93443
2011-09-29 00:00:00,99.999855
2011-09-29 01:00:00,101.60084
2011-09-29 02:00:00,104.01391
2011-09-29 03:00:00,125.972755
2011-09-29 04:00:00,185.40556
2011-09-29 05:00:00,174.73167
2011-09-29 06:00:00,172.12648
2011-09-29 07:00:00,157.30673
2011-09-29 08:00:00,130.49191
2011-09-29 09:00:00,268.21225
2011-09-29 10:00:00,348.84335
2011-09-29 11:00:00,375.80792
2011-09-29 12:00:00,394.31537
2011-09-29 13:00:00,399.35336
2011-09-29 14:00:00,455.59653
2011-09-29 15:00:00,517.3381
2011-09-29 16:00:00,550.4639
2011-09-29 17:00:00,488.8717
2011-09-29 18:00:00,509.29742
2011-09-29 19:00:00,442.89972
2011-09-29 20:00:00,435.19965
2011-09-29 21:00:00,359.3235
2011-09-29 22:00:00,309.88672
2011-09-29 23:00:00,273.22717
2011-09-30 00:00:00,135.55809
2011-09-30 01:00:00,182.83646
2011-09-30 02:00:00,145.54185
2011-09-30 03:00:00,150.83942
2011-09-30 04:00:00,170.335
2011-09-30 05:00:00,173.96773
2011-09-30 06:00:00,174.4326
2011-09-30 07:00:00,178.57835
2011-09-30 08:00:00,235.65446
2011-09-30 09:00:00,276.41364
2011-09-30 10:00:00,317.98828
2011-09-30 11:00:00,374.6419
2011-09-30 12:00:00,416.52582
2011-09-30 13:00:00,471.53122
2011-09-30 14:00:00,467.63885
2011-09-30 15:00:00,453.5116
2011-09-30 16:00:00,444.36624
2011-09-30 17:00:00,445.3536
2011-09-30 18:00:00,438.0546
2011-09-30 19:00:00,415.69946
2011-09-30 20:00:00,421.49622
2011-09-30 21:00:00,416.87195
2011-09-30 22:00:00,382.85052
2011-09-30 23:00:00,387.4958
2011-10-20 00:00:00,125.004684
2011-10-20 01:00:00,153.40471
2011-10-20 02:00:00,154.95197
2011-10-20 03:00:00,159.7671
2011-10-20 04:00:00,161.53491
2011-10-20 05:00:00,164.40521
2011-10-20 06:00:00,155.20512
2011-10-20 07:00:00,165.36728
2011-10-20 08:00:00,190.10475
2011-10-20 09:00:00,199.44221
2011-10-20 10:00:00,245.95406
2011-10-20 11:00:00,306.11682
2011-10-20 12:00:00,355.5293
2011-10-20 13:00:00,367.6338
2011-10-20 14:00:00,364.18512
2011-10-20 15:00:00,357.17407
2011-10-20 16:00:00,359.62125
2011-10-20 17:00:00,373.9958
2011-10-20 18:00:00,351.39398
2011-10-20 19:00:00,336.8875
2011-10-20 20:00:00,351.1985
2011-10-20 21:00:00,342.80338
2011-10-20 22:00:00,340.08978
2011-10-20 23:00:00,316.10852
2011-10-21 00:00:00,203.36034
2011-10-21 01:00:00,217.4582
2011-10-21 02:00:00,197.80629
2011-10-21 03:00:00,146.73604
2011-10-21 04:00:00,147.60861
2011-10-21 05:00:00,139.78853
2011-10-21 06:00:00,154.24869
2011-10-21 07:00:00,157.83476
2011-10-21 08:00:00,250.9839
2011-10-21 09:00:00,311.44598
2011-10-21 10:00:00,336.0223
2011-10-21 11:00:00,380.18872
2011-10-21 12:00:00,378.05585
2011-10-21 13:00:00,350.44168
2011-10-21 14:00:00,426.26984
2011-10-21 15:00:00,399.63116
2011-10-21 16:00:00,410.8568
2011-10-21 17:00:00,360.33472
2011-10-21 18:00:00,335.64044
2011-10-21 19:00:00,317.4411
2011-10-21 20:00:00,352.08234
2011-10-21 21:00:00,334.42285
2011-10-21 22:00:00,358.53464
2011-10-21 23:00:00,279.12622
2011-10-22 00:00:00,206.9057
2011-10-22 01:00:00,211.27597
2011-10-22 02:00:00,198.1592
2011-10-22 03:00:00,227.80519
2011-10-22 04:00:00,188.8203
2011-10-22 05:00:00,162.57812
2011-10-22 06:00:00,109.652336
2011-10-22 07:00:00,123.99973
2011-10-22 08:00:00,129.63594
2011-10-22 09:00:00,222.22807
2011-10-22 10:00:00,296.56418
2011-10-22 11:00:00,298.19443
2011-10-22 12:00:00,337.4494
2011-10-22 13:00:00,374.07297
2011-10-22 14:00:00,407.02914
2011-10-22 15:00:00,383.7186
2011-10-22 16:00:00,451.32465
2011-10-22 17:00:00,370.4079
2011-10-22 18:00:00,363.4452
2011-10-22 19:00:00,235.15584
2011-10-22 20:00:00,230.24481
2011-10-22 21:00:00,135.86519
2011-10-22 22:00:00,139.6696
2011-10-22 23:00:00,91.2478
2011-10-23 00:00:00,62.4213
2011-10-23 01:00:00,62.076435
2011-10-23 02:00:00,93.8821
2011-10-23 03:00:00,62.40228
2011-10-23 04:00:00,62.55374
2011-10-23 05:00:00,63.967575
2011-10-23 06:00:00,99.159195
2011-10-23 07:00:00,103.38401
2011-10-23 08:00:00,120.0979
2011-10-23 09:00:00,100.09257
2011-10-23 10:00:00,191.5502
2011-10-23 11:00:00,221.54959
2011-10-23 12:00:00,322.74207
2011-10-23 13:00:00,383.82568
2011-10-23 14:00:00,385.54523
2011-10-23 15:00:00,416.59888
2011-10-23 16:00:00,400.49573
2011-10-23 17:00:00,337.38013
2011-10-23 18:00:00,337.17828
2011-10-23 19:00:00,145.61931
2011-10-23 20:00:00,224.95998
2011-10-23 21:00:00,227.21252
2011-10-23 22:00:00,183.22221
2011-10-23 23:00:00,188.15828
2011-10-24 00:00:00,118.32448
2011-10-24 01:00:00,120.94334
2011-10-24 02:00:00,100.17986
2011-10-24 03:00:00,111.50834
2011-10-24 04:00:00,91.57022
2011-10-24 05:00:00,66.620605
2011-10-24 06:00:00,109.87663
2011-10-24 07:00:00,112.941795
2011-10-24 08:00:00,136.22752
2011-10-24 09:00:00,172.07082
2011-10-24 10:00:00,174.94328
2011-10-24 11:00:00,276.73993
2011-10-24 12:00:00,317.0688
2011-10-24 13:00:00,344.2174
2011-10-24 14:00:00,358.159
2011-10-24 15:00:00,380.33264
2011-10-24 16:00:00,353.36432
2011-10-24 17:00:00,322.50223
2011-10-24 18:00:00,378.42105
2011-10-24 19:00:00,218.79768
2011-10-24 20:00:00,205.70836
2011-10-24 21:00:00,166.13219
2011-10-24 22:00:00,260.6565
2011-10-24 23:00:00,238.9262
2011-10-25 00:00:00,158.82657
2011-10-25 01:00:00,162.64105
2011-10-25 02:00:00,127.45641
2011-10-25 03:00:00,64.61382
2011-10-25 04:00:00,120.995605
2011-10-25 05:00:00,122.78487
2011-10-25 06:00:00,122.58834
2011-10-25 07:00:00,165.8611
2011-10-25 08:00:00,184.59258
2011-10-25 09:00:00,322.985
2011-10-25 10:00:00,344.01276
2011-10-25 11:00:00,368.54156
2011-10-25 12:00:00,435.2811
2011-10-25 13:00:00,460.35736
2011-10-25 14:00:00,452.75638
2011-10-25 15:00:00,445.62384
2011-10-25 16:00:00,469.71207
2011-10-25 17:00:00,462.5451
2011-10-25 18:00:00,431.67645
2011-10-25 19:00:00,304.20905
2011-10-25 20:00:00,304.36078
2011-10-25 21:00:00,256.2112
2011-10-25 22:00:00,294.0402
2011-10-25 23:00:00,260.94177
2011-10-26 00:00:00,181.68297
2011-10-26 01:00:00,200.01967
2011-10-26 02:00:00,223.7028
2011-10-26 03:00:00,215.94766
2011-10-26 04:00:00,177.13582
2011-10-26 05:00:00,188.69646
2011-10-26 06:00:00,191.91246
2011-10-26 07:00:00,206.93369
2011-10-26 08:00:00,258.0356
2011-10-26 09:00:00,300.6471
2011-10-26 10:00:00,320.9926
2011-10-26 11:00:00,300.36047
2011-10-26 12:00:00,399.46692
2011-10-26 13:00:00,378.9332
2011-10-26 14:00:00,222.0201
2011-10-26 15:00:00,226.27597
2011-10-26 16:00:00,267.69272
2011-10-26 17:00:00,272.05704
2011-10-26 18:00:00,258.4012
2011-10-26 19:00:00,165.69844
2011-10-26 20:00:00,126.569145
2011-10-26 21:00:00,251.37347
2011-10-26 22:00:00,187.82472
2011-10-26 23:00:00,191.28828
2011-10-27 00:00:00,62.086113
2011-10-27 01:00:00,62.178944
2011-10-27 02:00:00,75.96363
2011-10-27 03:00:00,78.82599
2011-10-27 04:00:00,129.49171
2011-10-27 05:00:00,155.92336
2011-10-27 06:00:00,178.16632
2011-10-27 07:00:00,102.5417
2011-10-27 08:00:00,166.58348
2011-10-27 09:00:00,201.96512
2011-10-27 10:00:00,181.53792
2011-10-27 11:00:00,188.37729
2011-10-27 12:00:00,190.70424
2011-10-27 13:00:00,179.43028
2011-10-27 14:00:00,177.22417
2011-10-27 15:00:00,222.39442
2011-10-27 16:00:00,324.00183
2011-10-27 17:00:00,218.82437
2011-10-27 18:00:00,244.92146
2011-10-27 19:00:00,227.15611
2011-10-27 20:00:00,202.86372
2011-10-27 21:00:00,239.64964
2011-10-27 22:00:00,118.42599
2011-10-27 23:00:00,135.61475
2011-10-28 00:00:00,144.60387
2011-10-28 01:00:00,140.18153
2011-10-28 02:00:00,143.89018
2011-10-28 03:00:00,126.189705
2011-10-28 04:00:00,134.24345
2011-10-28 05:00:00,146.11055
2011-10-28 06:00:00,121.05937
2011-10-28 07:00:00,120.430115
2011-10-28 08:00:00,134.48642
2011-10-28 09:00:00,183.09569
2011-10-28 10:00:00,202.12994
2011-10-28 11:00:00,253.21402
2011-10-28 12:00:00,348.99237
2011-10-28 13:00:00,325.23883
2011-10-28 14:00:00,298.57742
2011-10-28 15:00:00,256.47705
2011-10-28 16:00:00,314.4145
2011-10-28 17:00:00,305.25256
2011-10-28 18:00:00,283.05713
2011-10-28 19:00:00,314.21118
2011-10-28 20:00:00,206.21269
2011-10-28 21:00:00,159.75255
2011-10-28 22:00:00,96.823746
2011-10-28 23:00:00,76.72863
2011-10-29 00:00:00,52.68333
2011-10-29 01:00:00,54.248875
2011-10-29 02:00:00,54.01942
2011-10-29 03:00:00,51.80614
2011-10-29 04:00:00,51.548595
2011-10-29 05:00:00,47.922897
2011-10-29 06:00:00,48.551876
2011-10-29 07:00:00,48.44701
2011-10-29 08:00:00,49.649483
2011-10-29 09:00:00,49.571453
2011-10-29 10:00:00,47.861168
2011-10-29 11:00:00,47.008644
2011-10-29 12:00:00,45.92213
2011-10-29 13:00:00,45.730774
2011-10-29 14:00:00,46.075714
2011-10-29 15:00:00,48.020412
2011-10-29 16:00:00,46.504826
2011-10-29 17:00:00,46.494713
2011-10-29 18:00:00,46.485516
2011-10-29 19:00:00,46.367588
2011-10-29 20:00:00,46.360516
2011-10-29 21:00:00,46.34679
2011-10-29 22:00:00,48.119724
2011-10-29 23:00:00,48.798103
2011-10-30 00:00:00,48.65212
2011-10-30 01:00:00,48.22671
2011-10-30 02:00:00,47.82774
2011-10-30 03:00:00,48.67838
2011-10-30 04:00:00,47.681477
2011-10-30 05:00:00,49.295803
2011-10-30 06:00:00,50.79595
2011-10-30 07:00:00,80.56925
2011-10-30 08:00:00,55.603954
2011-10-30 09:00:00,81.66708
2011-10-30 10:00:00,183.38579
2011-10-30 11:00:00,215.45679
2011-10-30 12:00:00,286.30426
2011-10-30 13:00:00,359.99713
2011-10-30 14:00:00,412.15118
2011-10-30 15:00:00,423.18216
2011-10-30 16:00:00,432.66742
2011-10-30 17:00:00,435.13766
2011-10-30 18:00:00,367.6123
2011-10-30 19:00:00,462.30905
2011-10-30 20:00:00,269.88666
2011-10-30 21:00:00,175.77437
2011-10-30 22:00:00,90.854454
2011-10-30 23:00:00,64.44613
2011-10-31 00:00:00,100.93304
2011-10-31 01:00:00,95.924644
2011-10-31 02:00:00,104.90195
2011-10-31 03:00:00,91.60873
2011-10-31 04:00:00,106.45228
2011-10-31 05:00:00,85.37641
2011-10-31 06:00:00,106.347466
2011-10-31 07:00:00,95.93763
2011-10-31 08:00:00,101.18903
2011-10-31 09:00:00,141.34027
2011-10-31 10:00:00,253.06578
2011-10-31 11:00:00,323.59027
2011-10-31 12:00:00,348.89215
2011-10-31 13:00:00,372.2928
2011-10-31 14:00:00,361.7295
2011-10-31 15:00:00,372.9557
2011-10-31 16:00:00,334.96008
2011-10-31 17:00:00,347.0871
2011-10-31 18:00:00,267.5645
2011-10-31 19:00:00,270.64728
2011-10-31 20:00:00,273.67706
2011-10-31 21:00:00,154.70564
2011-10-31 22:00:00,155.56068
2011-10-31 23:00:00,156.69652
2011-11-20 00:00:00,177.90787
2011-11-20 01:00:00,194.40233
2011-11-20 02:00:00,190.20866
2011-11-20 03:00:00,179.33234
2011-11-20 04:00:00,161.35374
2011-11-20 05:00:00,190.77605
2011-11-20 06:00:00,202.57948
2011-11-20 07:00:00,207.73033
2011-11-20 08:00:00,177.73686
2011-11-20 09:00:00,205.05783
2011-11-20 10:00:00,220.42062
2011-11-20 11:00:00,322.39975
2011-11-20 12:00:00,331.878
2011-11-20 13:00:00,379.2455
2011-11-20 14:00:00,315.1381
2011-11-20 15:00:00,307.43658
2011-11-20 16:00:00,363.5068
2011-11-20 17:00:00,363.02356
2011-11-20 18:00:00,375.50272
2011-11-20 19:00:00,280.32
2011-11-20 20:00:00,330.25024
2011-11-20 21:00:00,234.55325
2011-11-20 22:00:00,165.17885
2011-11-20 23:00:00,167.96666
2011-11-21 00:00:00,62.92526
2011-11-21 01:00:00,127.189285
2011-11-21 02:00:00,133.44206
2011-11-21 03:00:00,110.133896
2011-11-21 04:00:00,112.38751
2011-11-21 05:00:00,61.581146
2011-11-21 06:00:00,62.217052
2011-11-21 07:00:00,127.71638
2011-11-21 08:00:00,70.04391
2011-11-21 09:00:00,110.89505
2011-11-21 10:00:00,158.9806
2011-11-21 11:00:00,208.32008
2011-11-21 12:00:00,244.309
2011-11-21 13:00:00,247.20596
2011-11-21 14:00:00,203.55582
2011-11-21 15:00:00,156.61234
2011-11-21 16:00:00,158.4494
2011-11-21 17:00:00,154.66571
2011-11-21 18:00:00,170.1049
2011-11-21 19:00:00,156.6285
2011-11-21 20:00:00,162.28728
2011-11-21 21:00:00,171.43404
2011-11-21 22:00:00,174.48198
2011-11-21 23:00:00,173.54579
2011-11-22 00:00:00,107.45298
2011-11-22 01:00:00,116.972755
2011-11-22 02:00:00,110.647804
2011-11-22 03:00:00,110.626625
2011-11-22 04:00:00,134.81902
2011-11-22 05:00:00,136.7772
2011-11-22 06:00:00,110.618706
2011-11-22 07:00:00,151.28725
2011-11-22 08:00:00,152.3587
2011-11-22 09:00:00,87.60096
2011-11-22 10:00:00,89.04296
2011-11-22 11:00:00,137.71657
2011-11-22 12:00:00,116.394264
2011-11-22 13:00:00,116.43489
2011-11-22 14:00:00,118.542946
2011-11-22 15:00:00,107.293
2011-11-22 16:00:00,110.94346
2011-11-22 17:00:00,120.70213
2011-11-22 18:00:00,91.98205
2011-11-22 19:00:00,154.3644
2011-11-22 20:00:00,153.34013
2011-11-22 21:00:00,160.31934
2011-11-22 22:00:00,172.36115
2011-11-22 23:00:00,174.02246
2011-11-23 00:00:00,125.56371
2011-11-23 01:00:00,132.51826
2011-11-23 02:00:00,144.03432
2011-11-23 03:00:00,146.94873
2011-11-23 04:00:00,168.96289
2011-11-23 05:00:00,133.51482
2011-11-23 06:00:00,61.790558
2011-11-23 07:00:00,90.70761
2011-11-23 08:00:00,109.44733
2011-11-23 09:00:00,145.49606
2011-11-23 10:00:00,148.21922
2011-11-23 11:00:00,202.30586
2011-11-23 12:00:00,301.74384
2011-11-23 13:00:00,320.56488
2011-11-23 14:00:00,293.68915
2011-11-23 15:00:00,306.05548
2011-11-23 16:00:00,234.70161
2011-11-23 17:00:00,174.56754
2011-11-23 18:00:00,288.4746
2011-11-23 19:00:00,253.79376
2011-11-23 20:00:00,159.5475
2011-11-23 21:00:00,195.15755
2011-11-23 22:00:00,130.84064
2011-11-23 23:00:00,145.9051
2011-11-24 00:00:00,131.57396
2011-11-24 01:00:00,70.45052
2011-11-24 02:00:00,58.93864
2011-11-24 03:00:00,86.673225
2011-11-24 04:00:00,152.97884
2011-11-24 05:00:00,149.27771
2011-11-24 06:00:00,153.75322
2011-11-24 07:00:00,53.313526
2011-11-24 08:00:00,124.95544
2011-11-24 09:00:00,187.41446
2011-11-24 10:00:00,232.60176
2011-11-24 11:00:00,340.39288
2011-11-24 12:00:00,409.15164
2011-11-24 13:00:00,437.65594
2011-11-24 14:00:00,434.2252
2011-11-24 15:00:00,444.47186
2011-11-24 16:00:00,457.8904
2011-11-24 17:00:00,492.41437
2011-11-24 18:00:00,373.04297
2011-11-24 19:00:00,331.05792
2011-11-24 20:00:00,87.80704
2011-11-24 21:00:00,107.634865
2011-11-24 22:00:00,107.28001
2011-11-24 23:00:00,89.547035
2011-11-25 00:00:00,130.84068
2011-11-25 01:00:00,100.56129
2011-11-25 02:00:00,116.31048
2011-11-25 03:00:00,124.82479
2011-11-25 04:00:00,128.15796
2011-11-25 05:00:00,99.17286
2011-11-25 06:00:00,127.6979
2011-11-25 07:00:00,96.57844
2011-11-25 08:00:00,138.2808
2011-11-25 09:00:00,117.70472
2011-11-25 10:00:00,167.515
2011-11-25 11:00:00,245.51512
2011-11-25 12:00:00,353.19656
2011-11-25 13:00:00,394.20068
2011-11-25 14:00:00,437.36307
2011-11-25 15:00:00,452.55252
2011-11-25 16:00:00,434.7277
2011-11-25 17:00:00,457.56223
2011-11-25 18:00:00,391.33615
2011-11-25 19:00:00,258.10995
2011-11-25 20:00:00,337.17755
2011-11-25 21:00:00,211.2415
2011-11-25 22:00:00,193.14177
2011-11-25 23:00:00,166.37166
2011-11-26 00:00:00,113.28867
2011-11-26 01:00:00,109.568085
2011-11-26 02:00:00,105.12844
2011-11-26 03:00:00,65.68458
2011-11-26 04:00:00,66.166725
2011-11-26 05:00:00,122.92602
2011-11-26 06:00:00,125.310844
2011-11-26 07:00:00,54.211063
2011-11-26 08:00:00,119.050095
2011-11-26 09:00:00,121.14013
2011-11-26 10:00:00,67.064995
2011-11-26 11:00:00,251.2871
2011-11-26 12:00:00,314.63733
2011-11-26 13:00:00,374.19122
2011-11-26 14:00:00,417.4331
2011-11-26 15:00:00,457.89978
2011-11-26 16:00:00,418.49655
2011-11-26 17:00:00,422.80518
2011-11-26 18:00:00,287.8377
2011-11-26 19:00:00,219.2
2011-11-26 20:00:00,328.97925
2011-11-26 21:00:00,109.10785
2011-11-26 22:00:00,159.3554
2011-11-26 23:00:00,86.90377
2011-11-27 00:00:00,65.55883
2011-11-27 01:00:00,64.2063
2011-11-27 02:00:00,63.42721
2011-11-27 03:00:00,62.40228
2011-11-27 04:00:00,101.757256
2011-11-27 05:00:00,123.05865
2011-11-27 06:00:00,135.18272
2011-11-27 07:00:00,144.58856
2011-11-27 08:00:00,158.18767
2011-11-27 09:00:00,192.52577
2011-11-27 10:00:00,194.63329
2011-11-27 11:00:00,250.43987
2011-11-27 12:00:00,370.81525
2011-11-27 13:00:00,372.37598
2011-11-27 14:00:00,538.71643
2011-11-27 15:00:00,537.51215
2011-11-27 16:00:00,437.6752
2011-11-27 17:00:00,414.36523
2011-11-27 18:00:00,340.2583
2011-11-27 19:00:00,274.48438
2011-11-27 20:00:00,328.4154
2011-11-27 21:00:00,271.47934
2011-11-27 22:00:00,241.11287
2011-11-27 23:00:00,245.32121
2011-11-28 00:00:00,157.79938
2011-11-28 01:00:00,160.52403
2011-11-28 03:00:00,131.197
2011-11-28 04:00:00,128.7188
2011-11-28 05:00:00,66.44398
2011-11-28 06:00:00,128.16212
2011-11-28 07:00:00,68.328
2011-11-28 08:00:00,68.40937
2011-11-28 09:00:00,150.894
2011-11-28 10:00:00,226.44392
2011-11-28 11:00:00,313.66486
2011-11-28 12:00:00,359.92786
2011-11-28 13:00:00,333.2732
2011-11-28 14:00:00,338.51752
2011-11-28 15:00:00,387.65112
2011-11-28 16:00:00,383.18152
2011-11-28 17:00:00,417.0047
2011-11-28 18:00:00,365.9445
2011-11-28 19:00:00,298.11456
2011-11-28 20:00:00,306.81656
2011-11-28 21:00:00,288.66495
2011-11-28 22:00:00,243.97092
2011-11-28 23:00:00,245.04863
2011-11-29 00:00:00,104.46091
2011-11-29 01:00:00,136.90926
2011-11-29 02:00:00,104.72039
2011-11-29 03:00:00,107.14622
2011-11-29 04:00:00,170.55424
2011-11-29 05:00:00,149.03777
2011-11-29 06:00:00,170.1877
2011-11-29 07:00:00,214.22145
2011-11-29 08:00:00,213.48686
2011-11-29 09:00:00,233.91554
2011-11-29 10:00:00,237.54376
2011-11-29 11:00:00,173.17972
2011-11-29 12:00:00,173.92665
2011-11-29 13:00:00,186.28445
2011-11-29 14:00:00,151.05699
2011-11-29 15:00:00,151.72325
2011-11-29 16:00:00,161.43459
2011-11-29 17:00:00,152.02757
2011-11-29 18:00:00,159.15123
2011-11-29 19:00:00,155.64291
2011-11-29 20:00:00,149.65869
2011-11-29 21:00:00,149.14882
2011-11-29 22:00:00,147.2969
2011-11-29 23:00:00,107.7465
2011-11-30 00:00:00,172.01836
2011-11-30 01:00:00,149.60858
2011-11-30 02:00:00,132.43134
2011-11-30 03:00:00,134.55968
2011-11-30 04:00:00,143.53926
2011-11-30 05:00:00,139.1393
2011-11-30 06:00:00,107.200554
2011-11-30 07:00:00,130.95836
2011-11-30 08:00:00,140.87808
2011-11-30 09:00:00,126.29456
2011-11-30 10:00:00,152.87523
2011-11-30 11:00:00,256.24106
2011-11-30 12:00:00,232.14906
2011-11-30 13:00:00,310.7594
2011-11-30 14:00:00,311.6721
2011-11-30 15:00:00,266.87094
2011-11-30 16:00:00,271.19476
2011-11-30 17:00:00,215.1522
2011-11-30 18:00:00,214.60326
2011-11-30 19:00:00,184.36641
2011-11-30 20:00:00,186.28503
2011-11-30 21:00:00,173.18062
2011-11-30 22:00:00,155.4287
2011-11-30 23:00:00,159.96185
2011-12-20 00:00:00,239.41295
2011-12-20 01:00:00,247.87526
2011-12-20 02:00:00,235.54187
2011-12-20 03:00:00,236.04971
2011-12-20 04:00:00,273.61926
2011-12-20 05:00:00,258.88763
2011-12-20 06:00:00,263.26822
2011-12-20 07:00:00,248.0532
2011-12-20 08:00:00,314.16083
2011-12-20 09:00:00,226.50024
2011-12-20 10:00:00,298.34357
2011-12-20 11:00:00,283.4125
2011-12-20 12:00:00,338.56854
2011-12-20 13:00:00,343.04834
2011-12-20 14:00:00,338.9881
2011-12-20 15:00:00,325.62265
2011-12-20 16:00:00,318.258
2011-12-20 17:00:00,280.21826
2011-12-20 18:00:00,229.16338
2011-12-20 19:00:00,250.78365
2011-12-20 20:00:00,247.99501
2011-12-20 21:00:00,235.31248
2011-12-20 22:00:00,275.82037
2011-12-20 23:00:00,314.18134
2011-12-21 00:00:00,91.29472
2011-12-21 01:00:00,105.73071
2011-12-21 02:00:00,91.46866
2011-12-21 03:00:00,91.69375
2011-12-21 04:00:00,92.105095
2011-12-21 05:00:00,91.29472
2011-12-21 06:00:00,91.29472
2011-12-21 07:00:00,91.29472
2011-12-21 08:00:00,91.29472
2011-12-21 09:00:00,91.29472
2011-12-21 10:00:00,118.65244
2011-12-21 11:00:00,119.032265
2011-12-21 12:00:00,95.777794
2011-12-21 13:00:00,91.29474
2011-12-21 14:00:00,106.15574
2011-12-21 15:00:00,103.008804
2011-12-21 16:00:00,88.45131
2011-12-21 17:00:00,89.37893
2011-12-21 18:00:00,90.76623
2011-12-21 19:00:00,107.95017
2011-12-21 20:00:00,105.48376
2011-12-21 21:00:00,126.85398
2011-12-21 22:00:00,126.06019
2011-12-21 23:00:00,117.8001
2011-12-22 00:00:00,134.97198
2011-12-22 01:00:00,91.29472
2011-12-22 02:00:00,129.90215
2011-12-22 03:00:00,140.80342
2011-12-22 04:00:00,91.29472
2011-12-22 05:00:00,92.124275
2011-12-22 06:00:00,91.29472
2011-12-22 07:00:00,91.29472
2011-12-22 08:00:00,91.29472
2011-12-22 09:00:00,91.29472
2011-12-22 10:00:00,91.29472
2011-12-22 11:00:00,108.89852
2011-12-22 12:00:00,139.44032
2011-12-22 13:00:00,108.48762
2011-12-22 14:00:00,109.51493
2011-12-22 15:00:00,123.83337
2011-12-22 16:00:00,112.34545
2011-12-22 17:00:00,150.32426
2011-12-22 18:00:00,160.49773
2011-12-22 19:00:00,121.72797
2011-12-22 20:00:00,114.119286
2011-12-22 21:00:00,116.08583
2011-12-22 22:00:00,91.29472
2011-12-22 23:00:00,105.77349
2011-12-23 00:00:00,91.29472
2011-12-23 01:00:00,91.29472
2011-12-23 02:00:00,91.29472
2011-12-23 03:00:00,91.29472
2011-12-23 04:00:00,83.47837
2011-12-23 05:00:00,81.614296
2011-12-23 06:00:00,91.29472
2011-12-23 07:00:00,91.29472
2011-12-23 08:00:00,114.1781
2011-12-23 09:00:00,143.41481
2011-12-23 10:00:00,151.90524
2011-12-23 11:00:00,169.54802
2011-12-23 12:00:00,175.23663
2011-12-23 13:00:00,173.18279
2011-12-23 14:00:00,172.83775
2011-12-23 15:00:00,167.47975
2011-12-23 16:00:00,160.14737
2011-12-23 17:00:00,153.388
2011-12-23 18:00:00,155.68825
2011-12-23 19:00:00,158.03133
2011-12-23 20:00:00,127.165184
2011-12-23 21:00:00,143.04323
2011-12-23 22:00:00,134.7945
2011-12-23 23:00:00,141.60959
2011-12-24 00:00:00,85.33349
2011-12-24 01:00:00,74.497025
2011-12-24 02:00:00,90.9761
2011-12-24 03:00:00,91.29472
2011-12-24 04:00:00,91.29474
2011-12-24 05:00:00,91.29474
2011-12-24 06:00:00,77.826996
2011-12-24 07:00:00,67.06254
2011-12-24 08:00:00,67.84102
2011-12-24 09:00:00,121.09142
2011-12-24 10:00:00,119.61126
2011-12-24 11:00:00,148.91417
2011-12-24 12:00:00,150.96478
2011-12-24 13:00:00,148.70738
2011-12-24 14:00:00,152.98564
2011-12-24 15:00:00,174.65056
2011-12-24 16:00:00,177.6525
2011-12-24 17:00:00,155.91881
2011-12-24 18:00:00,193.09822
2011-12-24 19:00:00,130.44365
2011-12-24 20:00:00,122.24283
2011-12-24 21:00:00,121.461525
2011-12-24 22:00:00,106.76181
2011-12-24 23:00:00,95.97382
2011-12-25 00:00:00,60.72045
2011-12-25 01:00:00,53.73655
2011-12-25 02:00:00,53.93059
2011-12-25 03:00:00,67.251015
2011-12-25 05:00:00,52.82769
2011-12-25 06:00:00,53.1641
2011-12-25 07:00:00,53.468994
2011-12-25 08:00:00,51.67136
2011-12-25 09:00:00,52.139797
2011-12-25 10:00:00,53.03017
2011-12-25 11:00:00,85.36712
2011-12-25 12:00:00,59.40077
2011-12-25 13:00:00,82.9293
2011-12-25 14:00:00,108.49355
2011-12-25 15:00:00,114.63772
2011-12-25 16:00:00,108.82258
2011-12-25 17:00:00,101.24673
2011-12-25 18:00:00,97.75277
2011-12-25 19:00:00,132.11662
2011-12-25 20:00:00,161.48195
2011-12-25 21:00:00,134.49146
2011-12-25 22:00:00,118.98784
2011-12-25 23:00:00,106.533875
2011-12-26 00:00:00,49.78308
2011-12-26 01:00:00,79.29447
2011-12-26 02:00:00,126.861694
2011-12-26 04:00:00,130.82088
2011-12-26 05:00:00,144.64546
2011-12-26 06:00:00,130.17216
2011-12-26 07:00:00,132.162
2011-12-26 08:00:00,149.50984
2011-12-26 09:00:00,127.58268
2011-12-26 10:00:00,125.7659
2011-12-26 11:00:00,98.388084
2011-12-26 12:00:00,146.78972
2011-12-26 13:00:00,208.53807
2011-12-26 14:00:00,213.05522
2011-12-26 15:00:00,238.09155
2011-12-26 16:00:00,171.38832
2011-12-26 17:00:00,160.70918
2011-12-26 18:00:00,153.11162
2011-12-26 19:00:00,94.7411
2011-12-26 20:00:00,105.8468
2011-12-26 21:00:00,91.20342
2011-12-26 22:00:00,90.79252
2011-12-26 23:00:00,75.62958
2011-12-27 00:00:00,84.01545
2011-12-27 01:00:00,86.48083
2011-12-27 02:00:00,86.30663
2011-12-27 03:00:00,93.63251
2011-12-27 04:00:00,91.29472
2011-12-27 05:00:00,90.30819
2011-12-27 06:00:00,91.29472
2011-12-27 07:00:00,90.5464
2011-12-27 08:00:00,101.87438
2011-12-27 09:00:00,110.45605
2011-12-27 10:00:00,99.614006
2011-12-27 11:00:00,116.738976
2011-12-27 12:00:00,91.29472
2011-12-27 13:00:00,84.72555
2011-12-27 14:00:00,95.061714
2011-12-27 15:00:00,95.56104
2011-12-27 16:00:00,98.41039
2011-12-27 17:00:00,97.125114
2011-12-27 18:00:00,91.29472
2011-12-27 19:00:00,90.68662
2011-12-27 20:00:00,89.69433
2011-12-27 21:00:00,91.29472
2011-12-27 22:00:00,91.29472
2011-12-27 23:00:00,83.82382
2011-12-28 00:00:00,82.43556
2011-12-28 01:00:00,89.099525
2011-12-28 02:00:00,99.21485
2011-12-28 03:00:00,98.76426
2011-12-28 05:00:00,99.060524
2011-12-28 06:00:00,107.294
2011-12-28 07:00:00,108.04078
2011-12-28 08:00:00,100.50414
2011-12-28 09:00:00,106.020195
2011-12-28 10:00:00,133.92087
2011-12-28 11:00:00,161.2181
2011-12-28 12:00:00,146.01051
2011-12-28 13:00:00,164.49706
2011-12-28 14:00:00,162.78468
2011-12-28 15:00:00,169.55055
2011-12-28 16:00:00,171.10141
2011-12-28 17:00:00,166.57556
2011-12-28 18:00:00,159.50755
2011-12-28 19:00:00,150.94785
2011-12-28 20:00:00,149.19418
2011-12-28 21:00:00,148.36363
2011-12-28 22:00:00,160.11131
2011-12-28 23:00:00,134.87224
2011-12-29 00:00:00,92.91004
2011-12-29 01:00:00,91.29472
2011-12-29 02:00:00,91.73405
2011-12-29 03:00:00,84.63016
2011-12-29 04:00:00,86.30487
2011-12-29 05:00:00,91.98087
2011-12-29 06:00:00,91.29472
2011-12-29 07:00:00,82.69525
2011-12-29 08:00:00,91.29472
2011-12-29 09:00:00,84.06608
2011-12-29 10:00:00,86.19403
2011-12-29 11:00:00,105.864136
2011-12-29 12:00:00,124.16943
2011-12-29 13:00:00,139.16202
2011-12-29 14:00:00,131.74481
2011-12-29 15:00:00,151.83766
2011-12-29 16:00:00,147.8878
2011-12-29 17:00:00,128.21162
2011-12-29 18:00:00,144.40868
2011-12-29 19:00:00,144.71361
2011-12-29 20:00:00,113.12533
2011-12-29 21:00:00,144.58554
2011-12-29 22:00:00,123.03923
2011-12-29 23:00:00,134.8335
2011-12-30 00:00:00,89.783
2011-12-30 01:00:00,91.29472
2011-12-30 02:00:00,85.18461
2011-12-30 03:00:00,85.45135
2011-12-30 04:00:00,87.164635
2011-12-30 05:00:00,81.88157
2011-12-30 06:00:00,87.59202
2011-12-30 07:00:00,84.25037
2011-12-30 08:00:00,85.25768
2011-12-30 09:00:00,91.29472
2011-12-30 10:00:00,91.29472
2011-12-30 11:00:00,102.171364
2011-12-30 12:00:00,132.12173
2011-12-30 13:00:00,157.49698
2011-12-30 14:00:00,209.21025
2011-12-30 15:00:00,178.52626
2011-12-30 16:00:00,216.05476
2011-12-30 17:00:00,175.7359
2011-12-30 18:00:00,138.68706
2011-12-30 19:00:00,173.47612
2011-12-30 20:00:00,137.93102
2011-12-30 21:00:00,141.13039
2011-12-30 22:00:00,130.06448
2011-12-30 23:00:00,151.87932
2011-12-31 00:00:00,120.04232
2011-12-31 01:00:00,142.65428
2011-12-31 02:00:00,142.81853
2011-12-31 03:00:00,143.22508
2011-12-31 04:00:00,92.47558
2011-12-31 05:00:00,85.188705
2011-12-31 06:00:00,88.595665
2011-12-31 07:00:00,83.76509
2011-12-31 08:00:00,82.42067
2011-12-31 09:00:00,90.60542
2011-12-31 10:00:00,91.29472
2011-12-31 11:00:00,97.30709
2011-12-31 12:00:00,285.38327
2011-12-31 13:00:00,232.77972
2011-12-31 14:00:00,177.99605
2011-12-31 15:00:00,188.55016
2011-12-31 16:00:00,166.705
2011-12-31 17:00:00,177.79256
2011-12-31 18:00:00,177.05106
2011-12-31 19:00:00,181.46046
2011-12-31 20:00:00,186.57472
2011-12-31 21:00:00,170.65535
2011-12-31 22:00:00,133.92647
2011-12-31 23:00:00,99.73984
2012-01-20 00:00:00,95.99883
2012-01-20 01:00:00,121.72173
2012-01-20 02:00:00,123.12682
2012-01-20 03:00:00,99.40557
2012-01-20 04:00:00,90.50315
2012-01-20 05:00:00,91.21158
2012-01-20 06:00:00,83.18215
2012-01-20 07:00:00,73.50666
2012-01-20 08:00:00,78.981606
2012-01-20 09:00:00,87.26877
2012-01-20 10:00:00,128.49664
2012-01-20 11:00:00,164.59276
2012-01-20 12:00:00,162.98717
2012-01-20 13:00:00,160.77364
2012-01-20 14:00:00,166.15208
2012-01-20 15:00:00,175.03174
2012-01-20 16:00:00,156.56578
2012-01-20 17:00:00,235.25728
2012-01-20 18:00:00,202.7502
2012-01-20 19:00:00,183.00203
2012-01-20 20:00:00,208.65602
2012-01-20 21:00:00,191.45255
2012-01-20 22:00:00,147.33995
2012-01-20 23:00:00,63.59425
2012-01-21 00:00:00,50.913273
2012-01-21 01:00:00,48.318634
2012-01-21 02:00:00,51.063446
2012-01-21 03:00:00,48.7149
2012-01-21 04:00:00,50.328053
2012-01-21 05:00:00,50.05619
2012-01-21 06:00:00,48.79033
2012-01-21 07:00:00,48.921795
2012-01-21 08:00:00,47.715496
2012-01-21 09:00:00,47.715263
2012-01-21 10:00:00,47.903004
2012-01-21 11:00:00,52.129345
2012-01-21 12:00:00,53.231728
2012-01-21 13:00:00,50.45383
2012-01-21 14:00:00,52.735462
2012-01-21 15:00:00,52.661102
2012-01-21 16:00:00,48.931217
2012-01-21 17:00:00,47.481842
2012-01-21 18:00:00,47.70186
2012-01-21 19:00:00,46.598785
2012-01-21 20:00:00,48.14123
2012-01-21 21:00:00,47.543858
2012-01-21 22:00:00,48.531597
2012-01-21 23:00:00,48.25962
2012-01-22 00:00:00,47.63238
2012-01-22 01:00:00,49.578312
2012-01-22 02:00:00,49.505505
2012-01-22 03:00:00,50.113823
2012-01-22 04:00:00,48.001965
2012-01-22 05:00:00,49.86272
2012-01-22 06:00:00,49.654827
2012-01-22 07:00:00,49.649837
2012-01-22 08:00:00,49.63679
2012-01-22 09:00:00,49.59334
2012-01-22 10:00:00,48.191586
2012-01-22 11:00:00,48.765347
2012-01-22 12:00:00,49.039402
2012-01-22 13:00:00,51.94783
2012-01-22 14:00:00,50.487614
2012-01-22 15:00:00,49.403645
2012-01-22 16:00:00,49.37318
2012-01-22 17:00:00,53.159893
2012-01-22 18:00:00,53.140614
2012-01-22 19:00:00,53.10256
2012-01-22 20:00:00,50.270077
2012-01-22 21:00:00,53.144928
2012-01-22 22:00:00,52.52737
2012-01-22 23:00:00,51.070663
2012-01-23 00:00:00,65.46615
2012-01-23 01:00:00,55.727024
2012-01-23 02:00:00,56.16674
2012-01-23 03:00:00,71.44837
2012-01-23 04:00:00,85.02357
2012-01-23 05:00:00,80.53376
2012-01-23 06:00:00,80.95568
2012-01-23 07:00:00,82.59094
2012-01-23 08:00:00,61.87676
2012-01-23 09:00:00,67.165184
2012-01-23 10:00:00,78.05265
2012-01-23 11:00:00,62.0479
2012-01-23 12:00:00,82.0762
2012-01-23 13:00:00,71.03458
2012-01-23 14:00:00,61.74571
2012-01-23 15:00:00,55.136604
2012-01-23 16:00:00,65.633
2012-01-23 17:00:00,70.475914
2012-01-23 18:00:00,69.13979
2012-01-23 19:00:00,70.56178
2012-01-23 20:00:00,66.04374
2012-01-23 21:00:00,59.408035
2012-01-23 22:00:00,60.383873
2012-01-23 23:00:00,64.84498
2012-01-24 00:00:00,58.47481
2012-01-24 01:00:00,71.18726
2012-01-24 02:00:00,71.8939
2012-01-24 03:00:00,81.74025
2012-01-24 04:00:00,76.764656
2012-01-24 05:00:00,77.34229
2012-01-24 06:00:00,75.993675
2012-01-24 07:00:00,82.59902
2012-01-24 08:00:00,82.810265
2012-01-24 09:00:00,91.16068
2012-01-24 10:00:00,86.546165
2012-01-24 11:00:00,88.86919
2012-01-24 12:00:00,86.78957
2012-01-24 13:00:00,87.17331
2012-01-24 14:00:00,91.29472
2012-01-24 15:00:00,136.76453
2012-01-24 16:00:00,117.37852
2012-01-24 17:00:00,118.14466
2012-01-24 18:00:00,134.42537
2012-01-24 19:00:00,205.20045
2012-01-24 20:00:00,99.73446
2012-01-24 21:00:00,116.40682
2012-01-24 22:00:00,92.88777
2012-01-24 23:00:00,103.67861
2012-01-25 00:00:00,82.57244
2012-01-25 01:00:00,88.19313
2012-01-25 02:00:00,85.283516
2012-01-25 03:00:00,79.31533
2012-01-25 04:00:00,80.392586
2012-01-25 05:00:00,79.97833
2012-01-25 06:00:00,73.59936
2012-01-25 07:00:00,71.27735
2012-01-25 08:00:00,76.23225
2012-01-25 09:00:00,76.3382
2012-01-25 10:00:00,75.96239
2012-01-25 11:00:00,91.89571
2012-01-25 12:00:00,138.51921
2012-01-25 13:00:00,157.50919
2012-01-25 14:00:00,166.87614
2012-01-25 15:00:00,157.26854
2012-01-25 16:00:00,152.96976
2012-01-25 17:00:00,163.24669
2012-01-25 18:00:00,124.09598
2012-01-25 19:00:00,150.5744
2012-01-25 20:00:00,147.82948
2012-01-25 21:00:00,113.581245
2012-01-25 22:00:00,126.49256
2012-01-25 23:00:00,118.7131
2012-01-26 00:00:00,89.34457
2012-01-26 01:00:00,91.29472
2012-01-26 02:00:00,83.63839
2012-01-26 03:00:00,91.29472
2012-01-26 04:00:00,91.29472
2012-01-26 05:00:00,91.29472
2012-01-26 06:00:00,91.29472
2012-01-26 07:00:00,88.38329
2012-01-26 08:00:00,88.684746
2012-01-26 09:00:00,91.29472
2012-01-26 10:00:00,87.18615
2012-01-26 11:00:00,86.95329
2012-01-26 12:00:00,91.29472
2012-01-26 13:00:00,105.63981
2012-01-26 14:00:00,115.145966
2012-01-26 15:00:00,117.506836
2012-01-26 16:00:00,116.78454
2012-01-26 17:00:00,112.93915
2012-01-26 18:00:00,113.80128
2012-01-26 19:00:00,117.05846
2012-01-26 20:00:00,107.09785
2012-01-26 21:00:00,121.384705
2012-01-26 22:00:00,101.06875
2012-01-26 23:00:00,112.27276
2012-01-27 00:00:00,92.66776
2012-01-27 01:00:00,91.29472
2012-01-27 02:00:00,91.29472
2012-01-27 03:00:00,87.59132
2012-01-27 04:00:00,81.94572
2012-01-27 05:00:00,86.89454
2012-01-27 06:00:00,83.16577
2012-01-27 07:00:00,83.55809
2012-01-27 08:00:00,133.16704
2012-01-27 09:00:00,133.65013
2012-01-27 10:00:00,91.29472
2012-01-27 11:00:00,91.29472
2012-01-27 12:00:00,105.28913
2012-01-27 13:00:00,183.76892
2012-01-27 14:00:00,185.30511
2012-01-27 15:00:00,195.3668
2012-01-27 16:00:00,180.75322
2012-01-27 17:00:00,180.91853
2012-01-27 18:00:00,176.35307
2012-01-27 19:00:00,167.13995
2012-01-27 20:00:00,161.94661
2012-01-27 21:00:00,140.60555
2012-01-27 22:00:00,166.27338
2012-01-27 23:00:00,166.30154
2012-01-28 00:00:00,93.002235
2012-01-28 01:00:00,104.52444
2012-01-28 02:00:00,81.61689
2012-01-28 03:00:00,91.205635
2012-01-28 04:00:00,80.87445
2012-01-28 05:00:00,55.885406
2012-01-28 06:00:00,87.313774
2012-01-28 07:00:00,73.751976
2012-01-28 08:00:00,53.110073
2012-01-28 09:00:00,67.863716
2012-01-28 10:00:00,76.471535
2012-01-28 11:00:00,99.18426
2012-01-28 12:00:00,85.68597
2012-01-28 13:00:00,110.1976
2012-01-28 14:00:00,162.35414
2012-01-28 15:00:00,159.59373
2012-01-28 16:00:00,195.73561
2012-01-28 17:00:00,200.00703
2012-01-28 18:00:00,267.12714
2012-01-28 19:00:00,196.87212
2012-01-28 20:00:00,297.30994
2012-01-28 21:00:00,302.38483
2012-01-28 22:00:00,296.6899
2012-01-28 23:00:00,313.56567
2012-01-29 00:00:00,152.2626
2012-01-29 01:00:00,146.59851
2012-01-29 02:00:00,151.17598
2012-01-29 03:00:00,157.28175
2012-01-29 04:00:00,146.24136
2012-01-29 05:00:00,76.87077
2012-01-29 06:00:00,116.723564
2012-01-29 07:00:00,126.43774
2012-01-29 08:00:00,115.69644
2012-01-29 09:00:00,102.31868
2012-01-29 10:00:00,153.92648
2012-01-29 11:00:00,213.41597
2012-01-29 12:00:00,270.4386
2012-01-29 13:00:00,277.48996
2012-01-29 14:00:00,281.6006
2012-01-29 15:00:00,332.4873
2012-01-29 16:00:00,243.14012
2012-01-29 17:00:00,250.86447
2012-01-29 18:00:00,299.84525
2012-01-29 19:00:00,282.43622
2012-01-29 20:00:00,190.37828
2012-01-29 21:00:00,234.75365
2012-01-29 22:00:00,274.9374
2012-01-29 23:00:00,234.31111
2012-01-30 00:00:00,146.8222
2012-01-30 01:00:00,89.46644
2012-01-30 02:00:00,92.28754
2012-01-30 03:00:00,95.11704
2012-01-30 04:00:00,92.00267
2012-01-30 05:00:00,93.64392
2012-01-30 06:00:00,98.33338
2012-01-30 07:00:00,102.84162
2012-01-30 08:00:00,90.66712
2012-01-30 09:00:00,92.74375
2012-01-30 10:00:00,133.60631
2012-01-30 11:00:00,149.38445
2012-01-30 12:00:00,158.75624
2012-01-30 13:00:00,211.17245
2012-01-30 14:00:00,291.90448
2012-01-30 15:00:00,310.4447
2012-01-30 16:00:00,320.79858
2012-01-30 17:00:00,347.02698
2012-01-30 18:00:00,333.64398
2012-01-30 19:00:00,191.76285
2012-01-30 20:00:00,215.90819
2012-01-30 21:00:00,199.05676
2012-01-30 22:00:00,154.21477
2012-01-30 23:00:00,126.934166
2012-01-31 00:00:00,100.34722
2012-01-31 01:00:00,136.33142
2012-01-31 02:00:00,132.13565
2012-01-31 03:00:00,132.23952
2012-01-31 04:00:00,129.69081
2012-01-31 05:00:00,131.52745
2012-01-31 06:00:00,121.41281
2012-01-31 07:00:00,91.29472
2012-01-31 08:00:00,92.08341
2012-01-31 09:00:00,132.16031
2012-01-31 10:00:00,137.26686
2012-01-31 11:00:00,223.51134
2012-01-31 12:00:00,188.86528
2012-01-31 13:00:00,262.78152
2012-01-31 14:00:00,361.16998
2012-01-31 15:00:00,362.69672
2012-01-31 16:00:00,370.69702
2012-01-31 17:00:00,407.30048
2012-01-31 18:00:00,434.86768
2012-01-31 19:00:00,379.6178
2012-01-31 20:00:00,168.76591
2012-01-31 21:00:00,358.1543
2012-01-31 22:00:00,340.70264
2012-01-31 23:00:00,328.65784
2012-02-20 00:00:00,49.75111
2012-02-20 01:00:00,49.933697
2012-02-20 02:00:00,50.12572
2012-02-20 03:00:00,49.96872
2012-02-20 05:00:00,50.910664
2012-02-20 06:00:00,51.216812
2012-02-20 07:00:00,50.186634
2012-02-20 08:00:00,48.024654
2012-02-20 09:00:00,47.830757
2012-02-20 10:00:00,48.970264
2012-02-20 11:00:00,54.06199
2012-02-20 12:00:00,121.28926
2012-02-20 13:00:00,136.6117
2012-02-20 14:00:00,225.162
2012-02-20 15:00:00,244.60966
2012-02-20 16:00:00,361.78638
2012-02-20 17:00:00,379.79138
2012-02-20 18:00:00,265.30087
2012-02-20 19:00:00,272.60724
2012-02-20 20:00:00,294.83557
2012-02-20 21:00:00,222.8952
2012-02-20 22:00:00,195.6776
2012-02-20 23:00:00,239.13814
2012-02-21 00:00:00,91.29472
2012-02-21 01:00:00,91.482956
2012-02-21 02:00:00,91.29472
2012-02-21 04:00:00,91.29472
2012-02-21 05:00:00,91.29472
2012-02-21 06:00:00,88.90098
2012-02-21 07:00:00,91.29472
2012-02-21 08:00:00,82.55596
2012-02-21 09:00:00,76.76554
2012-02-21 10:00:00,79.883995
2012-02-21 11:00:00,79.78535
2012-02-21 12:00:00,108.57059
2012-02-21 13:00:00,160.12895
2012-02-21 14:00:00,144.95729
2012-02-21 15:00:00,164.77193
2012-02-21 16:00:00,167.97926
2012-02-21 17:00:00,196.1351
2012-02-21 18:00:00,201.04163
2012-02-21 19:00:00,161.99023
2012-02-21 20:00:00,157.12482
2012-02-21 21:00:00,151.18672
2012-02-21 22:00:00,130.74672
2012-02-21 23:00:00,128.67767
2012-02-22 00:00:00,91.29472
2012-02-22 01:00:00,91.29472
2012-02-22 02:00:00,96.244576
2012-02-22 03:00:00,91.29472
2012-02-22 04:00:00,91.29472
2012-02-22 05:00:00,91.29472
2012-02-22 06:00:00,90.23519
2012-02-22 07:00:00,91.29472
2012-02-22 08:00:00,91.29472
2012-02-22 09:00:00,91.29472
2012-02-22 10:00:00,91.29472
2012-02-22 11:00:00,111.86413
2012-02-22 12:00:00,157.32855
2012-02-22 13:00:00,162.12602
2012-02-22 14:00:00,166.56395
2012-02-22 15:00:00,335.71768
2012-02-22 16:00:00,340.14218
2012-02-22 17:00:00,363.13684
2012-02-22 18:00:00,281.64346
2012-02-22 19:00:00,259.26666
2012-02-22 20:00:00,251.22916
2012-02-22 21:00:00,379.58783
2012-02-22 22:00:00,253.64047
2012-02-22 23:00:00,321.1214
2012-02-23 00:00:00,195.04982
2012-02-23 01:00:00,151.63293
2012-02-23 02:00:00,149.57942
2012-02-23 03:00:00,138.91841
2012-02-23 04:00:00,110.979744
2012-02-23 05:00:00,111.15144
2012-02-23 06:00:00,85.7635
2012-02-23 07:00:00,88.50359
2012-02-23 08:00:00,83.43469
2012-02-23 09:00:00,85.92989
2012-02-23 10:00:00,146.19337
2012-02-23 11:00:00,221.34993
2012-02-23 12:00:00,253.327
2012-02-23 13:00:00,284.75278
2012-02-23 14:00:00,304.04193
2012-02-23 15:00:00,314.61115
2012-02-23 16:00:00,254.20326
2012-02-23 17:00:00,331.50333
2012-02-23 18:00:00,308.3928
2012-02-23 19:00:00,277.38052
2012-02-23 20:00:00,267.1307
2012-02-23 21:00:00,220.77934
2012-02-23 22:00:00,201.03954
2012-02-23 23:00:00,167.43254
2012-02-24 00:00:00,137.15486
2012-02-24 01:00:00,157.58131
2012-02-24 02:00:00,119.129585
2012-02-24 03:00:00,99.38468
2012-02-24 04:00:00,91.29472
2012-02-24 05:00:00,91.29472
2012-02-24 06:00:00,91.29472
2012-02-24 07:00:00,118.32219
2012-02-24 08:00:00,96.34229
2012-02-24 09:00:00,88.46134
2012-02-24 10:00:00,91.29474
2012-02-24 11:00:00,91.29472
2012-02-24 12:00:00,102.95988
2012-02-24 13:00:00,113.070305
2012-02-24 14:00:00,129.67542
2012-02-24 15:00:00,98.75074
2012-02-24 16:00:00,101.95826
2012-02-24 17:00:00,91.29472
2012-02-24 18:00:00,91.29472
2012-02-24 19:00:00,100.63942
2012-02-24 20:00:00,177.78984
2012-02-24 21:00:00,155.2189
2012-02-24 22:00:00,185.11159
2012-02-24 23:00:00,185.96562
2012-02-25 00:00:00,147.66833
2012-02-25 01:00:00,144.29968
2012-02-25 02:00:00,139.00041
2012-02-25 03:00:00,119.172874
2012-02-25 04:00:00,135.79625
2012-02-25 05:00:00,137.8254
2012-02-25 06:00:00,138.69783
2012-02-25 07:00:00,90.884094
2012-02-25 08:00:00,83.821724
2012-02-25 09:00:00,50.123455
2012-02-25 10:00:00,56.746944
2012-02-25 11:00:00,101.56226
2012-02-25 12:00:00,91.29472
2012-02-25 13:00:00,159.4388
2012-02-25 14:00:00,151.9973
2012-02-25 15:00:00,190.60565
2012-02-25 16:00:00,134.61938
2012-02-25 17:00:00,185.62282
2012-02-25 18:00:00,124.830574
2012-02-25 19:00:00,151.34222
2012-02-25 20:00:00,107.267
2012-02-25 21:00:00,129.65506
2012-02-25 22:00:00,77.74309
2012-02-25 23:00:00,56.480198
2012-02-26 00:00:00,85.732765
2012-02-26 01:00:00,85.631096
2012-02-26 02:00:00,85.437065
2012-02-26 03:00:00,100.38787
2012-02-26 04:00:00,102.28071
2012-02-26 05:00:00,85.95791
2012-02-26 06:00:00,76.05076
2012-02-26 07:00:00,54.447018
2012-02-26 08:00:00,56.110363
2012-02-26 09:00:00,79.671295
2012-02-26 10:00:00,136.63852
2012-02-26 11:00:00,129.52756
2012-02-26 12:00:00,177.67192
2012-02-26 13:00:00,176.24864
2012-02-26 14:00:00,222.17958
2012-02-26 15:00:00,239.78264
2012-02-26 16:00:00,260.18768
2012-02-26 17:00:00,285.50345
2012-02-26 18:00:00,212.34746
2012-02-26 19:00:00,287.7508
2012-02-26 20:00:00,202.24046
2012-02-26 21:00:00,176.43153
2012-02-26 22:00:00,174.52437
2012-02-26 23:00:00,121.85799
2012-02-27 00:00:00,90.32659
2012-02-27 01:00:00,86.71412
2012-02-27 02:00:00,79.443245
2012-02-27 03:00:00,76.40645
2012-02-27 04:00:00,64.329895
2012-02-27 05:00:00,65.50681
2012-02-27 06:00:00,76.39343
2012-02-27 07:00:00,85.06637
2012-02-27 08:00:00,91.29472
2012-02-27 09:00:00,91.30841
2012-02-27 10:00:00,149.55942
2012-02-27 11:00:00,152.54216
2012-02-27 12:00:00,225.64479
2012-02-27 13:00:00,190.74931
2012-02-27 14:00:00,265.44797
2012-02-27 15:00:00,375.3393
2012-02-27 16:00:00,370.69702
2012-02-27 17:00:00,379.23895
2012-02-27 18:00:00,396.16882
2012-02-27 19:00:00,387.8236
2012-02-27 20:00:00,364.91272
2012-02-27 21:00:00,330.19397
2012-02-27 22:00:00,268.9219
2012-02-27 23:00:00,243.6318
2012-02-28 00:00:00,164.33598
2012-02-28 01:00:00,135.31902
2012-02-28 02:00:00,146.56425
2012-02-28 03:00:00,232.24142
2012-02-28 04:00:00,150.39755
2012-02-28 05:00:00,151.98296
2012-02-28 06:00:00,141.91006
2012-02-28 07:00:00,133.74709
2012-02-28 08:00:00,105.73091
2012-02-28 09:00:00,139.14307
2012-02-28 10:00:00,152.51765
2012-02-28 11:00:00,180.85057
2012-02-28 12:00:00,226.8705
2012-02-28 13:00:00,252.21187
2012-02-28 14:00:00,281.13568
2012-02-28 15:00:00,297.2818
2012-02-28 16:00:00,294.24753
2012-02-28 17:00:00,313.85352
2012-02-28 18:00:00,330.54895
2012-02-28 19:00:00,271.7532
2012-02-28 20:00:00,331.65115
2012-02-28 21:00:00,213.09502
2012-02-28 22:00:00,217.13817
2012-02-28 23:00:00,158.89156
2012-02-29 00:00:00,117.354614
2012-02-29 01:00:00,128.64862
2012-02-29 02:00:00,104.24143
2012-02-29 03:00:00,91.29472
2012-02-29 05:00:00,88.76806
2012-02-29 06:00:00,91.29472
2012-02-29 07:00:00,80.707825
2012-02-29 08:00:00,90.51364
2012-02-29 09:00:00,85.50575
2012-02-29 10:00:00,85.9775
2012-02-29 11:00:00,79.831184
2012-02-29 12:00:00,68.19902
2012-02-29 13:00:00,74.00244
2012-02-29 14:00:00,74.180046
2012-02-29 15:00:00,100.12966
2012-02-29 16:00:00,117.458015
2012-02-29 17:00:00,92.29757
2012-02-29 18:00:00,97.245735
2012-02-29 19:00:00,95.59408
2012-02-29 20:00:00,108.70007
2012-02-29 21:00:00,110.47535
2012-02-29 22:00:00,104.76658
2012-02-29 23:00:00,107.89199
2012-03-20 00:00:00,149.67403
2012-03-20 01:00:00,142.35863
2012-03-20 02:00:00,145.16188
2012-03-20 03:00:00,130.1403
2012-03-20 04:00:00,121.31749
2012-03-20 05:00:00,113.54398
2012-03-20 06:00:00,105.57647
2012-03-20 07:00:00,111.10582
2012-03-20 08:00:00,110.07348
2012-03-20 09:00:00,120.26032
2012-03-20 10:00:00,127.13781
2012-03-20 11:00:00,134.60233
2012-03-20 12:00:00,192.59895
2012-03-20 13:00:00,177.43433
2012-03-20 14:00:00,186.39774
2012-03-20 15:00:00,184.33714
2012-03-20 16:00:00,246.29826
2012-03-20 17:00:00,201.23668
2012-03-20 18:00:00,232.04848
2012-03-20 19:00:00,147.5041
2012-03-20 20:00:00,154.00682
2012-03-20 21:00:00,125.37881
2012-03-20 22:00:00,126.99532
2012-03-20 23:00:00,130.50389
2012-03-21 00:00:00,70.47723
2012-03-21 01:00:00,96.38729
2012-03-21 02:00:00,91.03207
2012-03-21 03:00:00,101.17712
2012-03-21 04:00:00,89.85325
2012-03-21 05:00:00,89.593
2012-03-21 06:00:00,94.08207
2012-03-21 07:00:00,96.01249
2012-03-21 08:00:00,88.70401
2012-03-21 09:00:00,95.77659
2012-03-21 10:00:00,113.162544
2012-03-21 11:00:00,116.00975
2012-03-21 12:00:00,101.3085
2012-03-21 13:00:00,93.22265
2012-03-21 14:00:00,103.76577
2012-03-21 15:00:00,104.823006
2012-03-21 16:00:00,108.398186
2012-03-21 17:00:00,196.71057
2012-03-21 18:00:00,150.53389
2012-03-21 19:00:00,201.70898
2012-03-21 20:00:00,130.85893
2012-03-21 21:00:00,116.49743
2012-03-21 22:00:00,144.52277
2012-03-21 23:00:00,112.146996
2012-03-22 00:00:00,98.26417
2012-03-22 01:00:00,96.38729
2012-03-22 02:00:00,94.55799
2012-03-22 03:00:00,93.000694
2012-03-22 04:00:00,90.57459
2012-03-22 05:00:00,90.447876
2012-03-22 06:00:00,90.29459
2012-03-22 07:00:00,90.14176
2012-03-22 08:00:00,85.15069
2012-03-22 09:00:00,85.73913
2012-03-22 10:00:00,89.37914
2012-03-22 11:00:00,68.03377
2012-03-22 12:00:00,115.28376
2012-03-22 13:00:00,110.75071
2012-03-22 14:00:00,155.60347
2012-03-22 15:00:00,226.29205
2012-03-22 16:00:00,249.45703
2012-03-22 17:00:00,253.37184
2012-03-22 18:00:00,258.66638
2012-03-22 19:00:00,206.33498
2012-03-22 20:00:00,229.10362
2012-03-22 21:00:00,180.1204
2012-03-22 22:00:00,158.35936
2012-03-22 23:00:00,120.17034
2012-03-23 00:00:00,104.08741
2012-03-23 01:00:00,74.49496
2012-03-23 02:00:00,93.46461
2012-03-23 03:00:00,89.4681
2012-03-23 04:00:00,88.32937
2012-03-23 05:00:00,68.20811
2012-03-23 06:00:00,66.08967
2012-03-23 07:00:00,88.40727
2012-03-23 08:00:00,88.11697
2012-03-23 09:00:00,85.492256
2012-03-23 10:00:00,96.609245
2012-03-23 11:00:00,164.48352
2012-03-23 12:00:00,274.56512
2012-03-23 13:00:00,245.67572
2012-03-23 14:00:00,351.7946
2012-03-23 15:00:00,367.47742
2012-03-23 16:00:00,385.75623
2012-03-23 17:00:00,392.22583
2012-03-23 18:00:00,359.95392
2012-03-23 19:00:00,355.70886
2012-03-23 20:00:00,354.1128
2012-03-23 21:00:00,320.58627
2012-03-23 22:00:00,279.69104
2012-03-23 23:00:00,265.61478
2012-03-24 00:00:00,75.44084
2012-03-24 01:00:00,94.69604
2012-03-24 02:00:00,86.916756
2012-03-24 03:00:00,86.624504
2012-03-24 04:00:00,66.18763
2012-03-24 05:00:00,89.11449
2012-03-24 06:00:00,89.326546
2012-03-24 07:00:00,83.24258
2012-03-24 08:00:00,88.82046
2012-03-24 09:00:00,85.21718
2012-03-24 10:00:00,89.85355
2012-03-24 11:00:00,90.009285
2012-03-24 12:00:00,103.91662
2012-03-24 13:00:00,114.91232
2012-03-24 14:00:00,118.21233
2012-03-24 15:00:00,96.69966
2012-03-24 16:00:00,124.94224
2012-03-24 17:00:00,122.04621
2012-03-24 18:00:00,117.06989
2012-03-24 19:00:00,91.71804
2012-03-24 20:00:00,96.81986
2012-03-24 21:00:00,98.778755
2012-03-24 22:00:00,115.71107
2012-03-24 23:00:00,129.09352
2012-03-25 00:00:00,83.81158
2012-03-25 01:00:00,70.80889
2012-03-25 02:00:00,73.70081
2012-03-25 03:00:00,82.27973
2012-03-25 04:00:00,80.14265
2012-03-25 05:00:00,62.71374
2012-03-25 06:00:00,63.331722
2012-03-25 07:00:00,77.15138
2012-03-25 08:00:00,77.686226
2012-03-25 09:00:00,82.0722
2012-03-25 10:00:00,86.36602
2012-03-25 11:00:00,83.728455
2012-03-25 12:00:00,85.93069
2012-03-25 13:00:00,92.714226
2012-03-25 14:00:00,93.0046
2012-03-25 15:00:00,102.959724
2012-03-25 16:00:00,69.269775
2012-03-25 17:00:00,110.1126
2012-03-25 18:00:00,112.27903
2012-03-25 19:00:00,172.37994
2012-03-25 20:00:00,147.1782
2012-03-25 21:00:00,121.09036
2012-03-25 22:00:00,99.45681
2012-03-25 23:00:00,103.83139
2012-03-26 00:00:00,102.69207
2012-03-26 01:00:00,132.70299
2012-03-26 02:00:00,92.775696
2012-03-26 03:00:00,102.58727
2012-03-26 04:00:00,92.37235
2012-03-26 05:00:00,101.57729
2012-03-26 06:00:00,96.1919
2012-03-26 07:00:00,128.37082
2012-03-26 08:00:00,159.91098
2012-03-26 09:00:00,225.73146
2012-03-26 10:00:00,245.47144
2012-03-26 11:00:00,236.2509
2012-03-26 12:00:00,288.15463
2012-03-26 13:00:00,188.00035
2012-03-26 14:00:00,361.73816
2012-03-26 15:00:00,230.64653
2012-03-26 16:00:00,212.66481
2012-03-26 17:00:00,386.8819
2012-03-26 18:00:00,376.3631
2012-03-26 19:00:00,428.61597
2012-03-26 20:00:00,286.28802
2012-03-26 21:00:00,304.8578
2012-03-26 22:00:00,356.78418
2012-03-26 23:00:00,248.95296
2012-03-27 00:00:00,153.92195
2012-03-27 01:00:00,157.05965
2012-03-27 02:00:00,183.12386
2012-03-27 03:00:00,183.67976
2012-03-27 04:00:00,166.42024
2012-03-27 05:00:00,158.57326
2012-03-27 06:00:00,161.44656
2012-03-27 07:00:00,165.0167
2012-03-27 08:00:00,164.83922
2012-03-27 09:00:00,170.32204
2012-03-27 10:00:00,203.17848
2012-03-27 11:00:00,271.8751
2012-03-27 12:00:00,289.30554
2012-03-27 13:00:00,280.49728
2012-03-27 14:00:00,364.20288
2012-03-27 15:00:00,325.486
2012-03-27 16:00:00,337.474
2012-03-27 17:00:00,341.22964
2012-03-27 18:00:00,413.6122
2012-03-27 19:00:00,369.23508
2012-03-27 20:00:00,426.08356
2012-03-27 21:00:00,344.28888
2012-03-27 22:00:00,352.94366
2012-03-27 23:00:00,343.66846
2012-03-28 00:00:00,173.21077
2012-03-28 01:00:00,144.23997
2012-03-28 02:00:00,145.12672
2012-03-28 03:00:00,151.75664
2012-03-28 04:00:00,163.21597
2012-03-28 05:00:00,166.2183
2012-03-28 06:00:00,157.25584
2012-03-28 07:00:00,157.44786
2012-03-28 08:00:00,183.00414
2012-03-28 09:00:00,208.83073
2012-03-28 10:00:00,264.77222
2012-03-28 11:00:00,287.01694
2012-03-28 12:00:00,350.08423
2012-03-28 13:00:00,306.89532
2012-03-28 14:00:00,431.95013
2012-03-28 15:00:00,404.2945
2012-03-28 16:00:00,355.2546
2012-03-28 17:00:00,278.79538
2012-03-28 18:00:00,283.20493
2012-03-28 19:00:00,315.16833
2012-03-28 20:00:00,314.5496
2012-03-28 21:00:00,277.65094
2012-03-28 22:00:00,253.90381
2012-03-28 23:00:00,231.98103
2012-03-29 00:00:00,159.53375
2012-03-29 01:00:00,184.09483
2012-03-29 02:00:00,329.29706
2012-03-29 03:00:00,321.32056
2012-03-29 04:00:00,288.19666
2012-03-29 05:00:00,237.94879
2012-03-29 06:00:00,168.645
2012-03-29 07:00:00,191.0561
2012-03-29 08:00:00,222.33505
2012-03-29 09:00:00,227.78984
2012-03-29 10:00:00,226.984
2012-03-29 11:00:00,261.6903
2012-03-29 12:00:00,272.9579
2012-03-29 13:00:00,256.01114
2012-03-29 14:00:00,309.3415
2012-03-29 15:00:00,354.16058
2012-03-29 16:00:00,387.7531
2012-03-29 17:00:00,387.4474
2012-03-29 18:00:00,368.2201
2012-03-29 19:00:00,370.2113
2012-03-29 20:00:00,381.82544
2012-03-29 21:00:00,322.88336
2012-03-29 22:00:00,318.79376
2012-03-29 23:00:00,293.9074
2012-03-30 00:00:00,174.17096
2012-03-30 01:00:00,153.36354
2012-03-30 02:00:00,143.4968
2012-03-30 03:00:00,116.31284
2012-03-30 04:00:00,160.72319
2012-03-30 05:00:00,107.49893
2012-03-30 06:00:00,137.41745
2012-03-30 07:00:00,138.04645
2012-03-30 08:00:00,118.21195
2012-03-30 09:00:00,148.14252
2012-03-30 10:00:00,184.63257
2012-03-30 11:00:00,188.64873
2012-03-30 12:00:00,191.84918
2012-03-30 13:00:00,250.62578
2012-03-30 14:00:00,225.92548
2012-03-30 15:00:00,235.47523
2012-03-30 16:00:00,171.93953
2012-03-30 17:00:00,185.9681
2012-03-30 18:00:00,237.34566
2012-03-30 19:00:00,187.49269
2012-03-30 20:00:00,199.16687
2012-03-30 21:00:00,172.21913
2012-03-30 22:00:00,150.72304
2012-03-30 23:00:00,113.24531
2012-03-31 00:00:00,88.59022
2012-03-31 01:00:00,93.43151
2012-03-31 02:00:00,103.96718
2012-03-31 03:00:00,91.29472
2012-03-31 04:00:00,89.359184
2012-03-31 05:00:00,91.29472
2012-03-31 06:00:00,79.01728
2012-03-31 07:00:00,80.75388
2012-03-31 08:00:00,79.759544
2012-03-31 09:00:00,115.33298
2012-03-31 10:00:00,97.165474
2012-03-31 11:00:00,98.74612
2012-03-31 12:00:00,85.49741
2012-03-31 13:00:00,200.29955
2012-03-31 14:00:00,196.58034
2012-03-31 15:00:00,222.73497
2012-03-31 16:00:00,192.50706
2012-03-31 17:00:00,159.5883
2012-03-31 18:00:00,138.73848
2012-03-31 19:00:00,124.53748
2012-03-31 20:00:00,147.29124
2012-03-31 21:00:00,147.00699
2012-03-31 22:00:00,147.20284
2012-03-31 23:00:00,108.69569
2012-04-20 00:00:00,105.96502
2012-04-20 01:00:00,104.18551
2012-04-20 02:00:00,91.29472
2012-04-20 03:00:00,90.03838
2012-04-20 04:00:00,91.06245
2012-04-20 05:00:00,90.94381
2012-04-20 06:00:00,80.5403
2012-04-20 07:00:00,91.29472
2012-04-20 08:00:00,89.24204
2012-04-20 09:00:00,87.14004
2012-04-20 10:00:00,126.78541
2012-04-20 11:00:00,175.38896
2012-04-20 12:00:00,268.2992
2012-04-20 13:00:00,340.46124
2012-04-20 14:00:00,348.7618
2012-04-20 15:00:00,338.22714
2012-04-20 16:00:00,355.81058
2012-04-20 17:00:00,359.10834
2012-04-20 18:00:00,342.73834
2012-04-20 19:00:00,339.8717
2012-04-20 20:00:00,291.82352
2012-04-20 21:00:00,226.5638
2012-04-20 22:00:00,226.6636
2012-04-20 23:00:00,201.04034
2012-04-21 00:00:00,105.71415
2012-04-21 01:00:00,105.09375
2012-04-21 02:00:00,89.002235
2012-04-21 03:00:00,94.503395
2012-04-21 04:00:00,100.007484
2012-04-21 05:00:00,99.853386
2012-04-21 06:00:00,94.33369
2012-04-21 07:00:00,106.45095
2012-04-21 08:00:00,106.74714
2012-04-21 09:00:00,98.70338
2012-04-21 10:00:00,237.5043
2012-04-21 11:00:00,255.35094
2012-04-21 12:00:00,280.70282
2012-04-21 13:00:00,311.49295
2012-04-21 14:00:00,403.84286
2012-04-21 15:00:00,455.43158
2012-04-21 16:00:00,451.08527
2012-04-21 17:00:00,561.70667
2012-04-21 18:00:00,425.39417
2012-04-21 19:00:00,172.481
2012-04-21 20:00:00,163.7696
2012-04-21 21:00:00,166.39088
2012-04-21 22:00:00,154.52013
2012-04-21 23:00:00,156.8355
2012-04-22 00:00:00,89.79075
2012-04-22 01:00:00,103.77882
2012-04-22 02:00:00,129.22356
2012-04-22 03:00:00,88.63117
2012-04-22 04:00:00,89.41603
2012-04-22 05:00:00,104.48382
2012-04-22 06:00:00,126.29852
2012-04-22 07:00:00,96.186554
2012-04-22 08:00:00,116.95948
2012-04-22 09:00:00,120.880684
2012-04-22 10:00:00,95.54282
2012-04-22 11:00:00,99.63654
2012-04-22 12:00:00,91.335945
2012-04-22 13:00:00,97.99658
2012-04-22 14:00:00,100.91046
2012-04-22 15:00:00,81.28832
2012-04-22 16:00:00,73.347145
2012-04-22 17:00:00,51.204453
2012-04-22 18:00:00,51.084747
2012-04-22 19:00:00,50.774593
2012-04-22 20:00:00,52.67899
2012-04-22 21:00:00,55.445026
2012-04-22 22:00:00,48.70448
2012-04-22 23:00:00,53.11987
2012-04-23 00:00:00,85.66946
2012-04-23 01:00:00,75.846306
2012-04-23 02:00:00,73.925285
2012-04-23 03:00:00,81.44521
2012-04-23 04:00:00,79.799355
2012-04-23 05:00:00,80.02169
2012-04-23 06:00:00,76.45568
2012-04-23 07:00:00,89.31031
2012-04-23 08:00:00,81.171585
2012-04-23 09:00:00,79.66728
2012-04-23 10:00:00,91.89519
2012-04-23 11:00:00,89.08468
2012-04-23 12:00:00,99.43878
2012-04-23 13:00:00,127.538734
2012-04-23 14:00:00,163.78969
2012-04-23 15:00:00,162.95256
2012-04-23 16:00:00,76.120476
2012-04-23 17:00:00,79.23781
2012-04-23 18:00:00,122.096275
2012-04-23 19:00:00,129.23747
2012-04-23 20:00:00,128.2401
2012-04-23 21:00:00,128.06557
2012-04-23 22:00:00,132.06882
2012-04-23 23:00:00,129.8072
2012-04-24 00:00:00,92.50936
2012-04-24 01:00:00,89.983826
2012-04-24 02:00:00,84.96482
2012-04-24 03:00:00,82.27917
2012-04-24 04:00:00,99.52285
2012-04-24 05:00:00,102.12072
2012-04-24 06:00:00,100.01772
2012-04-24 07:00:00,94.24522
2012-04-24 08:00:00,132.17322
2012-04-24 09:00:00,188.52437
2012-04-24 10:00:00,203.51173
2012-04-24 11:00:00,365.4593
2012-04-24 12:00:00,401.76465
2012-04-24 13:00:00,420.55865
2012-04-24 14:00:00,432.1794
2012-04-24 15:00:00,427.96185
2012-04-24 16:00:00,425.52753
2012-04-24 17:00:00,447.8142
2012-04-24 18:00:00,344.45703
2012-04-24 19:00:00,452.94815
2012-04-24 20:00:00,458.9078
2012-04-24 21:00:00,428.44476
2012-04-24 22:00:00,386.78177
2012-04-24 23:00:00,369.1654
2012-04-25 00:00:00,189.45059
2012-04-25 01:00:00,192.90279
2012-04-25 02:00:00,91.645195
2012-04-25 03:00:00,89.96139
2012-04-25 04:00:00,93.07514
2012-04-25 05:00:00,76.03326
2012-04-25 06:00:00,78.38202
2012-04-25 07:00:00,68.28684
2012-04-25 08:00:00,89.42671
2012-04-25 09:00:00,165.58252
2012-04-25 10:00:00,237.68974
2012-04-25 11:00:00,348.84515
2012-04-25 12:00:00,412.20074
2012-04-25 13:00:00,411.7506
2012-04-25 14:00:00,432.23172
2012-04-25 15:00:00,421.9408
2012-04-25 16:00:00,460.12073
2012-04-25 17:00:00,474.564
2012-04-25 18:00:00,481.01733
2012-04-25 19:00:00,477.04187
2012-04-25 20:00:00,445.8216
2012-04-25 21:00:00,310.4024
2012-04-25 22:00:00,232.52397
2012-04-25 23:00:00,324.16113
2012-04-26 00:00:00,101.457344
2012-04-26 01:00:00,215.4658
2012-04-26 02:00:00,189.66508
2012-04-26 03:00:00,190.74715
2012-04-26 04:00:00,175.38777
2012-04-26 05:00:00,173.41144
2012-04-26 06:00:00,169.23302
2012-04-26 07:00:00,122.618614
2012-04-26 08:00:00,125.28016
2012-04-26 09:00:00,101.392204
2012-04-26 10:00:00,92.08396
2012-04-26 11:00:00,102.944466
2012-04-26 12:00:00,110.782906
2012-04-26 13:00:00,126.38094
2012-04-26 14:00:00,163.99391
2012-04-26 15:00:00,158.10919
2012-04-26 16:00:00,151.25427
2012-04-26 17:00:00,153.20686
2012-04-26 18:00:00,181.32413
2012-04-26 19:00:00,184.59624
2012-04-26 20:00:00,175.88313
2012-04-26 21:00:00,158.60136
2012-04-26 22:00:00,144.52277
2012-04-26 23:00:00,125.07945
2012-04-27 00:00:00,171.37083
2012-04-27 01:00:00,173.54631
2012-04-27 02:00:00,164.1526
2012-04-27 03:00:00,191.10397
2012-04-27 04:00:00,207.8709
2012-04-27 05:00:00,208.88966
2012-04-27 06:00:00,211.48372
2012-04-27 07:00:00,162.5288
2012-04-27 08:00:00,188.20699
2012-04-27 09:00:00,207.05441
2012-04-27 10:00:00,274.90222
2012-04-27 11:00:00,292.00128
2012-04-27 12:00:00,332.79706
2012-04-27 13:00:00,364.13687
2012-04-27 14:00:00,373.35687
2012-04-27 15:00:00,385.01904
2012-04-27 16:00:00,424.29022
2012-04-27 17:00:00,462.92392
2012-04-27 18:00:00,473.6127
2012-04-27 19:00:00,468.75165
2012-04-27 20:00:00,432.35645
2012-04-27 21:00:00,414.44604
2012-04-27 22:00:00,381.9846
2012-04-27 23:00:00,358.8912
2012-04-28 00:00:00,195.50594
2012-04-28 01:00:00,137.61748
2012-04-28 02:00:00,188.08052
2012-04-28 03:00:00,134.58849
2012-04-28 04:00:00,151.2046
2012-04-28 05:00:00,177.15068
2012-04-28 06:00:00,155.12492
2012-04-28 07:00:00,166.01483
2012-04-28 08:00:00,260.5776
2012-04-28 09:00:00,278.5893
2012-04-28 10:00:00,289.78568
2012-04-28 11:00:00,305.61935
2012-04-28 12:00:00,251.68842
2012-04-28 13:00:00,294.61664
2012-04-28 14:00:00,349.38287
2012-04-28 15:00:00,316.99985
2012-04-28 16:00:00,373.63538
2012-04-28 17:00:00,363.05817
2012-04-28 18:00:00,278.22754
2012-04-28 19:00:00,136.80238
2012-04-28 20:00:00,108.00985
2012-04-28 21:00:00,143.63536
2012-04-28 22:00:00,135.40613
2012-04-28 23:00:00,105.78431
2012-04-29 00:00:00,87.34944
2012-04-29 01:00:00,83.64251
2012-04-29 02:00:00,83.009224
2012-04-29 03:00:00,65.23768
2012-04-29 04:00:00,78.87128
2012-04-29 05:00:00,84.35846
2012-04-29 06:00:00,64.2302
2012-04-29 07:00:00,75.17016
2012-04-29 08:00:00,89.638794
2012-04-29 09:00:00,93.516846
2012-04-29 10:00:00,96.17909
2012-04-29 11:00:00,163.0043
2012-04-29 12:00:00,297.58923
2012-04-29 13:00:00,304.578
2012-04-29 14:00:00,323.61517
2012-04-29 15:00:00,391.4837
2012-04-29 16:00:00,482.54718
2012-04-29 17:00:00,523.02124
2012-04-29 18:00:00,525.695
2012-04-29 19:00:00,439.35126
2012-04-29 20:00:00,445.75555
2012-04-29 21:00:00,365.46234
2012-04-29 22:00:00,284.80487
2012-04-29 23:00:00,171.00531
2012-04-30 00:00:00,97.908646
2012-04-30 01:00:00,87.9269
2012-04-30 02:00:00,99.70754
2012-04-30 03:00:00,95.58602
2012-04-30 04:00:00,139.80269
2012-04-30 05:00:00,141.24156
2012-04-30 06:00:00,209.31523
2012-04-30 07:00:00,200.65034
2012-04-30 08:00:00,231.5179
2012-04-30 09:00:00,251.73454
2012-04-30 10:00:00,274.96667
2012-04-30 11:00:00,284.02066
2012-04-30 12:00:00,272.66003
2012-04-30 13:00:00,266.0216
2012-04-30 14:00:00,257.40182
2012-04-30 15:00:00,265.39352
2012-04-30 16:00:00,247.40953
2012-04-30 17:00:00,249.3868
2012-04-30 18:00:00,268.90033
2012-04-30 19:00:00,242.1772
2012-04-30 20:00:00,278.31198
2012-04-30 21:00:00,284.72958
2012-04-30 22:00:00,314.79922
2012-04-30 23:00:00,319.2423
2012-05-20 00:00:00,195.2959
2012-05-20 01:00:00,187.10857
2012-05-20 02:00:00,174.90514
2012-05-20 03:00:00,140.81485
2012-05-20 04:00:00,94.72018
2012-05-20 05:00:00,90.54892
2012-05-20 06:00:00,115.54873
2012-05-20 07:00:00,126.409584
2012-05-20 08:00:00,213.55522
2012-05-20 09:00:00,451.50766
2012-05-20 10:00:00,461.785
2012-05-20 11:00:00,467.0478
2012-05-20 12:00:00,477.41742
2012-05-20 13:00:00,460.97717
2012-05-20 14:00:00,488.85065
2012-05-20 15:00:00,500.5208
2012-05-20 16:00:00,463.73297
2012-05-20 17:00:00,431.5323
2012-05-20 18:00:00,374.49564
2012-05-20 19:00:00,279.48337
2012-05-20 20:00:00,286.3841
2012-05-20 21:00:00,228.35532
2012-05-20 22:00:00,216.89543
2012-05-20 23:00:00,201.56038
2012-05-21 00:00:00,145.0255
2012-05-21 01:00:00,152.45512
2012-05-21 02:00:00,127.31616
2012-05-21 03:00:00,148.57188
2012-05-21 04:00:00,147.22534
2012-05-21 05:00:00,147.50365
2012-05-21 06:00:00,147.1739
2012-05-21 07:00:00,146.84738
2012-05-21 08:00:00,137.29884
2012-05-21 09:00:00,134.06439
2012-05-21 10:00:00,147.00887
2012-05-21 11:00:00,124.367294
2012-05-21 12:00:00,151.45744
2012-05-21 13:00:00,163.48174
2012-05-21 14:00:00,170.68184
2012-05-21 15:00:00,223.93553
2012-05-21 16:00:00,234.61406
2012-05-21 17:00:00,261.61334
2012-05-21 18:00:00,184.86522
2012-05-21 19:00:00,217.77013
2012-05-21 20:00:00,233.541
2012-05-21 21:00:00,226.51845
2012-05-21 22:00:00,250.5013
2012-05-21 23:00:00,241.39986
2012-05-22 00:00:00,147.70007
2012-05-22 01:00:00,107.613335
2012-05-22 02:00:00,104.141914
2012-05-22 03:00:00,103.214745
2012-05-22 04:00:00,104.00432
2012-05-22 05:00:00,112.10067
2012-05-22 06:00:00,97.1722
2012-05-22 07:00:00,98.32096
2012-05-22 08:00:00,98.941216
2012-05-22 09:00:00,104.92723
2012-05-22 10:00:00,114.150505
2012-05-22 11:00:00,102.82181
2012-05-22 12:00:00,135.85426
2012-05-22 13:00:00,123.889015
2012-05-22 14:00:00,186.05025
2012-05-22 15:00:00,248.07748
2012-05-22 16:00:00,256.5942
2012-05-22 17:00:00,235.89151
2012-05-22 18:00:00,277.30997
2012-05-22 19:00:00,253.75175
2012-05-22 20:00:00,240.39171
2012-05-22 21:00:00,183.80711
2012-05-22 22:00:00,197.20634
2012-05-22 23:00:00,209.69261
2012-05-23 00:00:00,129.42339
2012-05-23 01:00:00,118.7329
2012-05-23 02:00:00,114.125755
2012-05-23 03:00:00,114.99699
2012-05-23 04:00:00,130.4223
2012-05-23 05:00:00,136.4962
2012-05-23 06:00:00,94.332924
2012-05-23 07:00:00,80.26829
2012-05-23 08:00:00,81.556465
2012-05-23 09:00:00,99.69964
2012-05-23 10:00:00,108.3196
2012-05-23 11:00:00,104.07748
2012-05-23 12:00:00,201.16876
2012-05-23 13:00:00,203.0878
2012-05-23 14:00:00,234.17546
2012-05-23 15:00:00,213.34755
2012-05-23 16:00:00,282.94275
2012-05-23 17:00:00,249.23341
2012-05-23 18:00:00,254.93266
2012-05-23 19:00:00,173.97368
2012-05-23 20:00:00,136.82753
2012-05-23 21:00:00,109.4844
2012-05-23 22:00:00,186.18172
2012-05-23 23:00:00,148.95436
2012-05-24 00:00:00,117.3212
2012-05-24 01:00:00,108.848404
2012-05-24 02:00:00,98.10284
2012-05-24 03:00:00,100.66601
2012-05-24 04:00:00,106.85525
2012-05-24 05:00:00,106.39194
2012-05-24 06:00:00,105.9909
2012-05-24 07:00:00,104.61346
2012-05-24 08:00:00,141.54573
2012-05-24 09:00:00,161.62312
2012-05-24 10:00:00,206.99155
2012-05-24 11:00:00,216.94908
2012-05-24 12:00:00,259.56152
2012-05-24 13:00:00,310.1472
2012-05-24 14:00:00,337.13055
2012-05-24 15:00:00,343.4137
2012-05-24 16:00:00,339.18408
2012-05-24 17:00:00,350.22852
2012-05-24 18:00:00,346.04492
2012-05-24 19:00:00,306.8225
2012-05-24 20:00:00,272.77466
2012-05-24 21:00:00,240.29787
2012-05-24 22:00:00,194.4522
2012-05-24 23:00:00,213.96529
2012-05-25 00:00:00,122.64984
2012-05-25 01:00:00,118.84081
2012-05-25 02:00:00,103.250755
2012-05-25 03:00:00,103.943504
2012-05-25 04:00:00,82.08152
2012-05-25 05:00:00,99.606575
2012-05-25 06:00:00,101.18984
2012-05-25 07:00:00,107.068756
2012-05-25 08:00:00,101.712395
2012-05-25 09:00:00,104.46401
2012-05-25 10:00:00,156.05641
2012-05-25 11:00:00,132.70534
2012-05-25 12:00:00,231.88606
2012-05-25 13:00:00,272.03827
2012-05-25 14:00:00,289.474
2012-05-25 15:00:00,314.9624
2012-05-25 16:00:00,372.7539
2012-05-25 17:00:00,333.95767
2012-05-25 18:00:00,324.984
2012-05-25 19:00:00,324.5088
2012-05-25 20:00:00,280.09937
2012-05-25 21:00:00,275.22174
2012-05-25 22:00:00,209.91032
2012-05-25 23:00:00,232.57758
2012-05-26 00:00:00,110.41397
2012-05-26 01:00:00,105.813934
2012-05-26 02:00:00,98.204704
2012-05-26 03:00:00,79.36995
2012-05-26 04:00:00,88.562454
2012-05-26 05:00:00,115.76166
2012-05-26 06:00:00,98.51159
2012-05-26 07:00:00,93.15318
2012-05-26 08:00:00,102.90539
2012-05-26 09:00:00,104.28266
2012-05-26 10:00:00,158.17857
2012-05-26 11:00:00,187.90538
2012-05-26 12:00:00,277.0149
2012-05-26 13:00:00,281.60242
2012-05-26 14:00:00,296.76273
2012-05-26 15:00:00,317.59262
2012-05-26 16:00:00,391.48004
2012-05-26 17:00:00,412.6236
2012-05-26 18:00:00,394.2081
2012-05-26 19:00:00,314.0456
2012-05-26 20:00:00,393.1001
2012-05-26 21:00:00,351.8037
2012-05-26 22:00:00,260.33722
2012-05-26 23:00:00,266.23343
2012-05-27 00:00:00,192.21516
2012-05-27 01:00:00,179.91435
2012-05-27 02:00:00,173.86168
2012-05-27 03:00:00,127.06254
2012-05-27 04:00:00,105.82978
2012-05-27 05:00:00,105.1024
2012-05-27 06:00:00,102.26075
2012-05-27 07:00:00,92.928406
2012-05-27 08:00:00,104.42985
2012-05-27 09:00:00,116.30459
2012-05-27 10:00:00,202.33833
2012-05-27 11:00:00,265.6086
2012-05-27 12:00:00,288.3559
2012-05-27 13:00:00,331.60486
2012-05-27 14:00:00,354.78467
2012-05-27 15:00:00,402.24768
2012-05-27 16:00:00,406.6665
2012-05-27 17:00:00,435.13947
2012-05-27 18:00:00,370.8194
2012-05-27 19:00:00,366.96582
2012-05-27 20:00:00,366.68677
2012-05-27 21:00:00,254.86296
2012-05-27 22:00:00,105.48719
2012-05-27 23:00:00,168.4237
2012-05-28 00:00:00,101.058174
2012-05-28 01:00:00,146.44728
2012-05-28 02:00:00,97.85844
2012-05-28 03:00:00,108.94671
2012-05-28 04:00:00,94.258835
2012-05-28 05:00:00,95.31485
2012-05-28 06:00:00,114.1585
2012-05-28 07:00:00,92.76935
2012-05-28 08:00:00,91.56385
2012-05-28 09:00:00,139.86108
2012-05-28 10:00:00,146.22539
2012-05-28 11:00:00,222.12187
2012-05-28 12:00:00,279.70612
2012-05-28 13:00:00,365.79782
2012-05-28 14:00:00,369.95468
2012-05-28 15:00:00,439.03497
2012-05-28 16:00:00,439.68103
2012-05-28 17:00:00,447.3047
2012-05-28 18:00:00,413.38617
2012-05-28 19:00:00,444.9677
2012-05-28 20:00:00,392.38824
2012-05-28 21:00:00,365.6748
2012-05-28 22:00:00,298.08493
2012-05-28 23:00:00,265.74268
2012-05-29 00:00:00,201.03004
2012-05-29 01:00:00,202.11351
2012-05-29 02:00:00,134.25923
2012-05-29 03:00:00,214.83055
2012-05-29 04:00:00,183.25748
2012-05-29 05:00:00,182.472
2012-05-29 06:00:00,181.57408
2012-05-29 07:00:00,180.4919
2012-05-29 08:00:00,221.79604
2012-05-29 09:00:00,263.48718
2012-05-29 10:00:00,280.75732
2012-05-29 11:00:00,319.85913
2012-05-29 12:00:00,371.29993
2012-05-29 13:00:00,400.8423
2012-05-29 14:00:00,407.98865
2012-05-29 15:00:00,436.8884
2012-05-29 16:00:00,460.80634
2012-05-29 17:00:00,474.7214
2012-05-29 18:00:00,454.79425
2012-05-29 19:00:00,390.6372
2012-05-29 20:00:00,319.2154
2012-05-29 21:00:00,175.96541
2012-05-29 22:00:00,119.06985
2012-05-29 23:00:00,105.5232
2012-05-30 00:00:00,106.17979
2012-05-30 01:00:00,118.57824
2012-05-30 02:00:00,89.76957
2012-05-30 03:00:00,104.63268
2012-05-30 04:00:00,105.37353
2012-05-30 05:00:00,120.8345
2012-05-30 06:00:00,108.72553
2012-05-30 07:00:00,171.26996
2012-05-30 08:00:00,174.73952
2012-05-30 09:00:00,214.51884
2012-05-30 10:00:00,226.62723
2012-05-30 11:00:00,246.29948
2012-05-30 12:00:00,221.9958
2012-05-30 13:00:00,231.22221
2012-05-30 14:00:00,359.73032
2012-05-30 15:00:00,314.29886
2012-05-30 16:00:00,334.3376
2012-05-30 17:00:00,316.2586
2012-05-30 18:00:00,357.76794
2012-05-30 19:00:00,337.79248
2012-05-30 20:00:00,274.70282
2012-05-30 21:00:00,292.25775
2012-05-30 22:00:00,239.67442
2012-05-30 23:00:00,267.6602
2012-05-31 00:00:00,189.66579
2012-05-31 01:00:00,155.4669
2012-05-31 02:00:00,187.30501
2012-05-31 03:00:00,152.07632
2012-05-31 04:00:00,116.97596
2012-05-31 05:00:00,221.64174
2012-05-31 06:00:00,190.91621
2012-05-31 07:00:00,233.62979
2012-05-31 08:00:00,268.8341
2012-05-31 09:00:00,316.54504
2012-05-31 10:00:00,415.8855
2012-05-31 11:00:00,407.89313
2012-05-31 12:00:00,402.13776
2012-05-31 13:00:00,397.09186
2012-05-31 14:00:00,434.40295
2012-05-31 15:00:00,461.65128
2012-05-31 16:00:00,467.2254
2012-05-31 17:00:00,461.5492
2012-05-31 18:00:00,474.18564
2012-05-31 19:00:00,447.96576
2012-05-31 20:00:00,380.10468
2012-05-31 21:00:00,387.63626
2012-05-31 22:00:00,367.57
2012-05-31 23:00:00,378.05618
2012-06-20 00:00:00,201.03004
2012-06-20 01:00:00,183.61569
2012-06-20 02:00:00,131.08551
2012-06-20 03:00:00,124.04709
2012-06-20 04:00:00,118.951
2012-06-20 05:00:00,115.98963
2012-06-20 06:00:00,100.724174
2012-06-20 07:00:00,87.16338
2012-06-20 08:00:00,139.10583
2012-06-20 09:00:00,131.17403
2012-06-20 10:00:00,341.8371
2012-06-20 11:00:00,401.10153
2012-06-20 12:00:00,413.2497
2012-06-20 13:00:00,373.59586
2012-06-20 14:00:00,446.53497
2012-06-20 15:00:00,281.6748
2012-06-20 16:00:00,384.9052
2012-06-20 17:00:00,290.47406
2012-06-20 18:00:00,292.73395
2012-06-20 19:00:00,507.1192
2012-06-20 20:00:00,488.6947
2012-06-20 21:00:00,398.50415
2012-06-20 22:00:00,398.32315
2012-06-20 23:00:00,323.99084
2012-06-21 00:00:00,207.25044
2012-06-21 01:00:00,167.795
2012-06-21 02:00:00,145.98009
2012-06-21 03:00:00,125.990944
2012-06-21 04:00:00,107.09925
2012-06-21 05:00:00,113.221825
2012-06-21 06:00:00,141.14822
2012-06-21 07:00:00,148.0293
2012-06-21 08:00:00,185.37512
2012-06-21 09:00:00,365.9428
2012-06-21 10:00:00,362.11182
2012-06-21 11:00:00,419.18414
2012-06-21 12:00:00,451.74185
2012-06-21 13:00:00,304.385
2012-06-21 14:00:00,476.54166
2012-06-21 15:00:00,479.66425
2012-06-21 16:00:00,475.67627
2012-06-21 17:00:00,309.62415
2012-06-21 18:00:00,533.7349
2012-06-21 19:00:00,560.44946
2012-06-21 20:00:00,526.47687
2012-06-21 21:00:00,465.2741
2012-06-21 22:00:00,406.6955
2012-06-21 23:00:00,388.3147
2012-06-22 00:00:00,234.28694
2012-06-22 01:00:00,230.1045
2012-06-22 02:00:00,107.11357
2012-06-22 03:00:00,108.33094
2012-06-22 04:00:00,221.72755
2012-06-22 05:00:00,268.06897
2012-06-22 06:00:00,225.70717
2012-06-22 07:00:00,316.1059
2012-06-22 08:00:00,318.8784
2012-06-22 09:00:00,345.22357
2012-06-22 10:00:00,416.79803
2012-06-22 11:00:00,408.06445
2012-06-22 12:00:00,416.4876
2012-06-22 13:00:00,488.62115
2012-06-22 14:00:00,503.96902
2012-06-22 15:00:00,549.8415
2012-06-22 16:00:00,511.33167
2012-06-22 17:00:00,516.12994
2012-06-22 18:00:00,430.57816
2012-06-22 19:00:00,453.6277
2012-06-22 20:00:00,462.5126
2012-06-22 21:00:00,378.80768
2012-06-22 22:00:00,326.15854
2012-06-22 23:00:00,257.70337
2012-06-23 00:00:00,65.89795
2012-06-23 01:00:00,105.9846
2012-06-23 02:00:00,113.29365
2012-06-23 03:00:00,96.84243
2012-06-23 04:00:00,113.59409
2012-06-23 05:00:00,126.14109
2012-06-23 06:00:00,91.87248
2012-06-23 07:00:00,110.55299
2012-06-23 08:00:00,252.35112
2012-06-23 09:00:00,311.56137
2012-06-23 10:00:00,389.9845
2012-06-23 11:00:00,469.34186
2012-06-23 12:00:00,519.79803
2012-06-23 13:00:00,541.9524
2012-06-23 14:00:00,546.3432
2012-06-23 15:00:00,581.4537
2012-06-23 16:00:00,581.5621
2012-06-23 17:00:00,578.7133
2012-06-23 18:00:00,598.1632
2012-06-23 19:00:00,586.46027
2012-06-23 20:00:00,580.89056
2012-06-23 21:00:00,571.77325
2012-06-23 22:00:00,546.3819
2012-06-23 23:00:00,435.03424
2012-06-24 00:00:00,343.33435
2012-06-24 01:00:00,295.3107
2012-06-24 02:00:00,363.23883
2012-06-24 03:00:00,227.13124
2012-06-24 04:00:00,275.55872
2012-06-24 05:00:00,190.89258
2012-06-24 06:00:00,239.43219
2012-06-24 07:00:00,187.18483
2012-06-24 08:00:00,217.00552
2012-06-24 09:00:00,278.44638
2012-06-24 10:00:00,323.95804
2012-06-24 11:00:00,494.24454
2012-06-24 12:00:00,527.66046
2012-06-24 13:00:00,546.6932
2012-06-24 14:00:00,567.8986
2012-06-24 15:00:00,560.07635
2012-06-24 16:00:00,576.61664
2012-06-24 17:00:00,586.0041
2012-06-24 18:00:00,588.711
2012-06-24 19:00:00,584.97614
2012-06-24 20:00:00,541.69977
2012-06-24 21:00:00,476.8335
2012-06-24 22:00:00,427.21033
2012-06-24 23:00:00,417.615
2012-06-25 00:00:00,287.07544
2012-06-25 01:00:00,256.72116
2012-06-25 02:00:00,238.22212
2012-06-25 03:00:00,243.4798
2012-06-25 04:00:00,193.27745
2012-06-25 05:00:00,200.38528
2012-06-25 06:00:00,172.05205
2012-06-25 07:00:00,227.15114
2012-06-25 08:00:00,251.9658
2012-06-25 09:00:00,283.81708
2012-06-25 10:00:00,341.01868
2012-06-25 11:00:00,474.92896
2012-06-25 12:00:00,462.10443
2012-06-25 13:00:00,399.6903
2012-06-25 14:00:00,478.00623
2012-06-25 15:00:00,548.6789
2012-06-25 16:00:00,542.67596
2012-06-25 17:00:00,499.8222
2012-06-25 18:00:00,519.5485
2012-06-25 19:00:00,522.48584
2012-06-25 20:00:00,546.28876
2012-06-25 21:00:00,557.7057
2012-06-25 22:00:00,554.4475
2012-06-25 23:00:00,556.19196
2012-06-26 00:00:00,354.39767
2012-06-26 01:00:00,372.06857
2012-06-26 02:00:00,306.00806
2012-06-26 03:00:00,287.5333
2012-06-26 04:00:00,292.70032
2012-06-26 05:00:00,272.7791
2012-06-26 06:00:00,263.25494
2012-06-26 07:00:00,251.53233
2012-06-26 08:00:00,299.26486
2012-06-26 09:00:00,346.7702
2012-06-26 10:00:00,434.07507
2012-06-26 11:00:00,477.3536
2012-06-26 12:00:00,483.2354
2012-06-26 13:00:00,477.5611
2012-06-26 14:00:00,486.21948
2012-06-26 15:00:00,490.01242
2012-06-26 16:00:00,484.96075
2012-06-26 17:00:00,510.43344
2012-06-26 18:00:00,529.3339
2012-06-26 19:00:00,530.8683
2012-06-26 20:00:00,545.0252
2012-06-26 21:00:00,514.5398
2012-06-26 22:00:00,528.97394
2012-06-26 23:00:00,484.47656
2012-06-27 00:00:00,343.24707
2012-06-27 01:00:00,331.12936
2012-06-27 02:00:00,289.30154
2012-06-27 03:00:00,297.88495
2012-06-27 04:00:00,371.41345
2012-06-27 05:00:00,371.36725
2012-06-27 06:00:00,318.0628
2012-06-27 07:00:00,387.91254
2012-06-27 08:00:00,397.35577
2012-06-27 09:00:00,433.36102
2012-06-27 10:00:00,438.47845
2012-06-27 11:00:00,472.9821
2012-06-27 12:00:00,476.16724
2012-06-27 13:00:00,496.9422
2012-06-27 14:00:00,484.8816
2012-06-27 15:00:00,497.38342
2012-06-27 16:00:00,497.39545
2012-06-27 17:00:00,514.85046
2012-06-27 18:00:00,546.94763
2012-06-27 19:00:00,552.5859
2012-06-27 20:00:00,536.5744
2012-06-27 21:00:00,514.77045
2012-06-27 22:00:00,486.47913
2012-06-27 23:00:00,460.11972
2012-06-28 00:00:00,273.18024
2012-06-28 01:00:00,183.39018
2012-06-28 02:00:00,274.8358
2012-06-28 03:00:00,283.59644
2012-06-28 04:00:00,250.17899
2012-06-28 05:00:00,280.40067
2012-06-28 06:00:00,286.1531
2012-06-28 07:00:00,268.34808
2012-06-28 08:00:00,327.88153
2012-06-28 09:00:00,332.15015
2012-06-28 10:00:00,387.3629
2012-06-28 11:00:00,442.30496
2012-06-28 12:00:00,466.21326
2012-06-28 13:00:00,459.67987
2012-06-28 14:00:00,505.33032
2012-06-28 15:00:00,517.38635
2012-06-28 16:00:00,491.10034
2012-06-28 17:00:00,500.45404
2012-06-28 18:00:00,523.0705
2012-06-28 19:00:00,557.9241
2012-06-28 20:00:00,549.32477
2012-06-28 21:00:00,431.65024
2012-06-28 22:00:00,441.47775
2012-06-28 23:00:00,457.6013
2012-06-29 00:00:00,299.37567
2012-06-29 01:00:00,319.3142
2012-06-29 02:00:00,295.39987
2012-06-29 03:00:00,297.51465
2012-06-29 04:00:00,254.20366
2012-06-29 05:00:00,267.5866
2012-06-29 06:00:00,304.10046
2012-06-29 07:00:00,280.1019
2012-06-29 08:00:00,319.58417
2012-06-29 09:00:00,335.28235
2012-06-29 10:00:00,463.976
2012-06-29 11:00:00,489.7635
2012-06-29 12:00:00,486.74945
2012-06-29 13:00:00,470.62543
2012-06-29 14:00:00,486.07715
2012-06-29 15:00:00,320.3057
2012-06-29 16:00:00,325.0768
2012-06-29 17:00:00,516.21545
2012-06-29 18:00:00,330.4902
2012-06-29 19:00:00,535.88586
2012-06-29 20:00:00,588.4494
2012-06-29 21:00:00,496.98883
2012-06-29 22:00:00,455.42822
2012-06-29 23:00:00,463.3435
2012-06-30 00:00:00,101.01902
2012-06-30 01:00:00,108.29277
2012-06-30 02:00:00,65.45098
2012-06-30 03:00:00,65.739174
2012-06-30 04:00:00,61.604816
2012-06-30 05:00:00,91.01295
2012-06-30 06:00:00,93.12116
2012-06-30 07:00:00,95.304924
2012-06-30 08:00:00,97.49757
2012-06-30 09:00:00,99.6883
2012-06-30 10:00:00,508.1084
2012-06-30 11:00:00,523.8034
2012-06-30 12:00:00,537.15515
2012-06-30 13:00:00,549.429
2012-06-30 14:00:00,561.7095
2012-06-30 15:00:00,574.01624
2012-06-30 16:00:00,560.103
2012-06-30 17:00:00,552.4302
2012-06-30 18:00:00,378.37042
2012-06-30 19:00:00,565.1496
2012-06-30 20:00:00,491.7332
2012-06-30 21:00:00,497.9543
2012-06-30 22:00:00,433.74786
2012-06-30 23:00:00,393.2193
2012-07-20 00:00:00,104.970924
2012-07-20 01:00:00,99.83097
2012-07-20 02:00:00,100.88951
2012-07-20 03:00:00,104.44123
2012-07-20 04:00:00,120.278336
2012-07-20 05:00:00,114.01603
2012-07-20 06:00:00,132.41039
2012-07-20 07:00:00,150.03377
2012-07-20 08:00:00,190.63872
2012-07-20 09:00:00,221.63472
2012-07-20 10:00:00,237.87212
2012-07-20 11:00:00,296.70236
2012-07-20 12:00:00,243.17023
2012-07-20 13:00:00,228.45364
2012-07-20 14:00:00,255.47923
2012-07-20 15:00:00,251.23454
2012-07-20 16:00:00,234.23062
2012-07-20 17:00:00,179.48494
2012-07-20 18:00:00,250.32079
2012-07-20 19:00:00,231.2986
2012-07-20 20:00:00,212.0259
2012-07-20 21:00:00,231.89159
2012-07-20 22:00:00,249.06065
2012-07-20 23:00:00,246.98143
2012-07-21 00:00:00,145.7098
2012-07-21 01:00:00,132.90997
2012-07-21 02:00:00,118.14726
2012-07-21 03:00:00,116.12623
2012-07-21 04:00:00,127.078224
2012-07-21 05:00:00,125.42358
2012-07-21 06:00:00,130.2546
2012-07-21 07:00:00,117.069
2012-07-21 08:00:00,147.15211
2012-07-21 09:00:00,135.79059
2012-07-21 10:00:00,149.16505
2012-07-21 11:00:00,169.79549
2012-07-21 12:00:00,194.34071
2012-07-21 13:00:00,191.26915
2012-07-21 14:00:00,151.66917
2012-07-21 15:00:00,171.01059
2012-07-21 16:00:00,165.9374
2012-07-21 17:00:00,155.84947
2012-07-21 18:00:00,147.40398
2012-07-21 19:00:00,135.7057
2012-07-21 20:00:00,172.71571
2012-07-21 21:00:00,148.63121
2012-07-21 22:00:00,121.03327
2012-07-21 23:00:00,102.21516
2012-07-22 00:00:00,71.068474
2012-07-22 01:00:00,87.85009
2012-07-22 02:00:00,73.7696
2012-07-22 03:00:00,75.32975
2012-07-22 04:00:00,62.25319
2012-07-22 05:00:00,62.63108
2012-07-22 06:00:00,104.790565
2012-07-22 07:00:00,73.49699
2012-07-22 08:00:00,102.8802
2012-07-22 09:00:00,181.91982
2012-07-22 10:00:00,134.76823
2012-07-22 11:00:00,139.28946
2012-07-22 12:00:00,265.96362
2012-07-22 13:00:00,306.80927
2012-07-22 14:00:00,297.28442
2012-07-22 15:00:00,306.9452
2012-07-22 16:00:00,324.01266
2012-07-22 17:00:00,360.6804
2012-07-22 18:00:00,359.34326
2012-07-22 19:00:00,322.74194
2012-07-22 20:00:00,289.73367
2012-07-22 21:00:00,229.42357
2012-07-22 22:00:00,316.7777
2012-07-22 23:00:00,258.3977
2012-07-23 00:00:00,92.03416
2012-07-23 01:00:00,108.01115
2012-07-23 02:00:00,91.941154
2012-07-23 03:00:00,93.65202
2012-07-23 04:00:00,103.56011
2012-07-23 05:00:00,104.750885
2012-07-23 06:00:00,110.60348
2012-07-23 07:00:00,137.37341
2012-07-23 08:00:00,183.3668
2012-07-23 09:00:00,259.12686
2012-07-23 10:00:00,249.61476
2012-07-23 11:00:00,395.1542
2012-07-23 12:00:00,400.46948
2012-07-23 13:00:00,378.11447
2012-07-23 14:00:00,372.64258
2012-07-23 15:00:00,396.31622
2012-07-23 16:00:00,408.11493
2012-07-23 17:00:00,415.4491
2012-07-23 18:00:00,459.5023
2012-07-23 19:00:00,454.3722
2012-07-23 20:00:00,383.10962
2012-07-23 21:00:00,402.7433
2012-07-23 22:00:00,405.11664
2012-07-23 23:00:00,381.74377
2012-07-24 00:00:00,184.94017
2012-07-24 01:00:00,153.55861
2012-07-24 02:00:00,116.44807
2012-07-24 03:00:00,120.47155
2012-07-24 04:00:00,106.511894
2012-07-24 05:00:00,111.253944
2012-07-24 06:00:00,125.00045
2012-07-24 07:00:00,226.79675
2012-07-24 08:00:00,269.7591
2012-07-24 09:00:00,251.0359
2012-07-24 10:00:00,405.76312
2012-07-24 11:00:00,453.71844
2012-07-24 12:00:00,406.29236
2012-07-24 13:00:00,453.10126
2012-07-24 14:00:00,443.5673
2012-07-24 15:00:00,477.26764
2012-07-24 16:00:00,429.7032
2012-07-24 17:00:00,457.88818
2012-07-24 18:00:00,377.0193
2012-07-24 19:00:00,376.05933
2012-07-24 20:00:00,362.50543
2012-07-24 21:00:00,376.01703
2012-07-24 22:00:00,384.6845
2012-07-24 23:00:00,443.943
2012-07-25 00:00:00,296.7823
2012-07-25 01:00:00,284.547
2012-07-25 02:00:00,269.587
2012-07-25 03:00:00,249.36345
2012-07-25 04:00:00,248.05261
2012-07-25 05:00:00,248.03593
2012-07-25 06:00:00,255.02507
2012-07-25 07:00:00,330.6088
2012-07-25 08:00:00,418.29245
2012-07-25 09:00:00,439.94806
2012-07-25 10:00:00,267.57672
2012-07-25 11:00:00,287.47806
2012-07-25 12:00:00,290.11185
2012-07-25 13:00:00,465.00433
2012-07-25 14:00:00,464.68933
2012-07-25 15:00:00,435.83826
2012-07-25 16:00:00,496.06253
2012-07-25 17:00:00,321.936
2012-07-25 18:00:00,505.7214
2012-07-25 19:00:00,512.59454
2012-07-25 20:00:00,498.62323
2012-07-25 21:00:00,460.6256
2012-07-25 22:00:00,397.495
2012-07-25 23:00:00,430.09845
2012-07-26 00:00:00,237.00334
2012-07-26 01:00:00,244.19931
2012-07-26 02:00:00,234.54285
2012-07-26 03:00:00,232.49324
2012-07-26 04:00:00,205.4753
2012-07-26 05:00:00,211.23564
2012-07-26 06:00:00,199.9708
2012-07-26 07:00:00,243.84674
2012-07-26 08:00:00,262.14755
2012-07-26 09:00:00,274.21667
2012-07-26 10:00:00,283.1211
2012-07-26 11:00:00,340.44757
2012-07-26 12:00:00,413.21307
2012-07-26 13:00:00,463.78207
2012-07-26 14:00:00,520.09827
2012-07-26 15:00:00,542.4424
2012-07-26 16:00:00,576.54596
2012-07-26 17:00:00,569.2061
2012-07-26 18:00:00,584.19727
2012-07-26 19:00:00,567.43536
2012-07-26 20:00:00,510.0852
2012-07-26 21:00:00,555.9005
2012-07-26 22:00:00,565.07874
2012-07-26 23:00:00,340.8537
2012-07-27 00:00:00,126.6169
2012-07-27 01:00:00,209.22964
2012-07-27 02:00:00,150.24431
2012-07-27 03:00:00,206.70836
2012-07-27 04:00:00,104.91204
2012-07-27 05:00:00,95.87566
2012-07-27 06:00:00,111.19514
2012-07-27 07:00:00,260.31665
2012-07-27 08:00:00,264.13257
2012-07-27 09:00:00,444.1406
2012-07-27 10:00:00,259.47147
2012-07-27 11:00:00,472.65826
2012-07-27 12:00:00,483.3473
2012-07-27 13:00:00,481.83847
2012-07-27 14:00:00,500.98962
2012-07-27 15:00:00,518.71857
2012-07-27 16:00:00,485.18933
2012-07-27 17:00:00,540.59076
2012-07-27 18:00:00,483.63812
2012-07-27 19:00:00,452.17856
2012-07-27 20:00:00,367.86288
2012-07-27 21:00:00,376.8837
2012-07-27 22:00:00,405.1601
2012-07-27 23:00:00,283.52756
2012-07-28 00:00:00,250.4011
2012-07-28 01:00:00,155.6434
2012-07-28 02:00:00,176.08742
2012-07-28 03:00:00,160.37546
2012-07-28 04:00:00,155.28563
2012-07-28 05:00:00,122.952286
2012-07-28 06:00:00,185.55232
2012-07-28 07:00:00,221.8785
2012-07-28 08:00:00,272.3463
2012-07-28 09:00:00,316.08072
2012-07-28 10:00:00,476.71204
2012-07-28 11:00:00,540.55133
2012-07-28 12:00:00,545.9397
2012-07-28 13:00:00,565.4337
2012-07-28 14:00:00,570.183
2012-07-28 15:00:00,583.78467
2012-07-28 16:00:00,575.08636
2012-07-28 17:00:00,529.76697
2012-07-28 18:00:00,565.53876
2012-07-28 19:00:00,109.45402
2012-07-28 20:00:00,223.49857
2012-07-28 21:00:00,197.36678
2012-07-28 22:00:00,204.67941
2012-07-28 23:00:00,163.79538
2012-07-29 00:00:00,76.80552
2012-07-29 01:00:00,90.167625
2012-07-29 02:00:00,123.44576
2012-07-29 03:00:00,223.51016
2012-07-29 04:00:00,207.5843
2012-07-29 05:00:00,137.46317
2012-07-29 06:00:00,177.04773
2012-07-29 07:00:00,243.84058
2012-07-29 08:00:00,278.4939
2012-07-29 09:00:00,318.05444
2012-07-29 10:00:00,202.99449
2012-07-29 11:00:00,413.07236
2012-07-29 12:00:00,408.32086
2012-07-29 13:00:00,494.80084
2012-07-29 14:00:00,509.89236
2012-07-29 15:00:00,509.33096
2012-07-29 16:00:00,513.5299
2012-07-29 17:00:00,546.76764
2012-07-29 18:00:00,568.2275
2012-07-29 19:00:00,442.68164
2012-07-29 20:00:00,354.3587
2012-07-29 21:00:00,333.87643
2012-07-29 22:00:00,316.85284
2012-07-29 23:00:00,234.71184
2012-07-30 00:00:00,159.36751
2012-07-30 01:00:00,111.047485
2012-07-30 02:00:00,111.31999
2012-07-30 03:00:00,89.36365
2012-07-30 04:00:00,91.52446
2012-07-30 05:00:00,111.253944
2012-07-30 06:00:00,140.84532
2012-07-30 07:00:00,153.82967
2012-07-30 08:00:00,242.83614
2012-07-30 09:00:00,228.77739
2012-07-30 10:00:00,316.79565
2012-07-30 11:00:00,357.67386
2012-07-30 12:00:00,330.99628
2012-07-30 13:00:00,417.8285
2012-07-30 14:00:00,440.149
2012-07-30 15:00:00,453.36487
2012-07-30 16:00:00,466.70502
2012-07-30 17:00:00,413.92105
2012-07-30 18:00:00,392.96313
2012-07-30 19:00:00,440.2058
2012-07-30 20:00:00,331.09097
2012-07-30 21:00:00,334.63123
2012-07-30 22:00:00,332.13464
2012-07-30 23:00:00,318.53894
2012-07-31 00:00:00,128.1489
2012-07-31 01:00:00,106.532326
2012-07-31 02:00:00,108.525764
2012-07-31 03:00:00,104.907104
2012-07-31 04:00:00,106.511894
2012-07-31 05:00:00,133.8115
2012-07-31 06:00:00,110.77759
2012-07-31 07:00:00,181.17711
2012-07-31 08:00:00,185.97444
2012-07-31 09:00:00,245.41895
2012-07-31 10:00:00,217.09123
2012-07-31 11:00:00,246.32143
2012-07-31 12:00:00,263.42456
2012-07-31 13:00:00,407.93176
2012-07-31 14:00:00,412.83972
2012-07-31 15:00:00,331.59784
2012-07-31 16:00:00,393.94055
2012-07-31 17:00:00,424.03772
2012-07-31 18:00:00,426.60648
2012-07-31 19:00:00,396.76514
2012-07-31 20:00:00,353.77997
2012-07-31 21:00:00,278.47244
2012-07-31 22:00:00,309.6079
2012-07-31 23:00:00,268.2149
2012-08-20 00:00:00,108.15225
2012-08-20 01:00:00,111.03282
2012-08-20 02:00:00,114.24572
2012-08-20 03:00:00,95.83932
2012-08-20 04:00:00,115.2073
2012-08-20 05:00:00,101.751
2012-08-20 06:00:00,187.17859
2012-08-20 07:00:00,195.24532
2012-08-20 08:00:00,224.46889
2012-08-20 09:00:00,233.41531
2012-08-20 10:00:00,258.25323
2012-08-20 11:00:00,271.43237
2012-08-20 12:00:00,327.83112
2012-08-20 13:00:00,333.76553
2012-08-20 14:00:00,368.32074
2012-08-20 15:00:00,398.93607
2012-08-20 16:00:00,405.16217
2012-08-20 17:00:00,375.79785
2012-08-20 18:00:00,263.48834
2012-08-20 19:00:00,276.0228
2012-08-20 20:00:00,232.00783
2012-08-20 21:00:00,121.59043
2012-08-20 22:00:00,154.42912
2012-08-20 23:00:00,161.44826
2012-08-21 00:00:00,105.79386
2012-08-21 01:00:00,120.80959
2012-08-21 02:00:00,134.82722
2012-08-21 03:00:00,66.43145
2012-08-21 04:00:00,66.81635
2012-08-21 05:00:00,105.944664
2012-08-21 06:00:00,110.111946
2012-08-21 07:00:00,146.52888
2012-08-21 08:00:00,171.39561
2012-08-21 09:00:00,189.68971
2012-08-21 10:00:00,290.88412
2012-08-21 11:00:00,258.80298
2012-08-21 12:00:00,275.159
2012-08-21 13:00:00,291.4051
2012-08-21 14:00:00,431.47363
2012-08-21 15:00:00,315.75812
2012-08-21 16:00:00,328.44275
2012-08-21 17:00:00,429.05298
2012-08-21 18:00:00,415.1895
2012-08-21 19:00:00,303.62656
2012-08-21 20:00:00,222.64186
2012-08-21 21:00:00,227.38899
2012-08-21 22:00:00,177.57524
2012-08-21 23:00:00,135.7361
2012-08-22 00:00:00,101.238815
2012-08-22 01:00:00,94.93867
2012-08-22 02:00:00,96.08695
2012-08-22 03:00:00,97.61663
2012-08-22 04:00:00,106.52361
2012-08-22 05:00:00,101.94499
2012-08-22 06:00:00,124.08958
2012-08-22 07:00:00,108.13474
2012-08-22 08:00:00,193.90862
2012-08-22 09:00:00,216.6081
2012-08-22 10:00:00,285.43652
2012-08-22 11:00:00,297.19272
2012-08-22 12:00:00,266.7466
2012-08-22 13:00:00,372.71332
2012-08-22 14:00:00,412.32706
2012-08-22 15:00:00,400.9602
2012-08-22 16:00:00,426.15472
2012-08-22 17:00:00,432.46826
2012-08-22 18:00:00,384.85446
2012-08-22 19:00:00,244.86713
2012-08-22 20:00:00,290.77277
2012-08-22 21:00:00,227.38899
2012-08-22 22:00:00,232.23106
2012-08-22 23:00:00,134.31264
2012-08-23 00:00:00,93.013985
2012-08-23 01:00:00,80.56539
2012-08-23 02:00:00,83.3646
2012-08-23 03:00:00,104.16982
2012-08-23 04:00:00,88.178734
2012-08-23 05:00:00,90.494835
2012-08-23 06:00:00,107.72469
2012-08-23 07:00:00,133.32047
2012-08-23 08:00:00,220.50319
2012-08-23 09:00:00,231.65692
2012-08-23 10:00:00,291.11383
2012-08-23 11:00:00,351.74268
2012-08-23 12:00:00,278.93457
2012-08-23 13:00:00,407.48853
2012-08-23 14:00:00,447.34335
2012-08-23 15:00:00,427.6928
2012-08-23 16:00:00,419.7746
2012-08-23 17:00:00,469.78268
2012-08-23 18:00:00,442.72705
2012-08-23 19:00:00,387.16583
2012-08-23 20:00:00,349.64172
2012-08-23 21:00:00,374.28244
2012-08-23 22:00:00,385.2978
2012-08-23 23:00:00,273.1127
2012-08-24 00:00:00,203.5129
2012-08-24 01:00:00,147.2068
2012-08-24 02:00:00,136.2033
2012-08-24 03:00:00,114.86062
2012-08-24 04:00:00,160.31297
2012-08-24 05:00:00,101.15943
2012-08-24 06:00:00,104.75832
2012-08-24 07:00:00,124.418236
2012-08-24 08:00:00,184.29712
2012-08-24 09:00:00,257.23538
2012-08-24 10:00:00,263.60593
2012-08-24 11:00:00,381.3333
2012-08-24 12:00:00,402.50433
2012-08-24 13:00:00,435.52594
2012-08-24 14:00:00,432.9416
2012-08-24 15:00:00,415.95325
2012-08-24 16:00:00,422.59753
2012-08-24 17:00:00,428.9094
2012-08-24 18:00:00,393.63815
2012-08-24 19:00:00,406.45016
2012-08-24 20:00:00,372.33038
2012-08-24 21:00:00,404.97498
2012-08-24 22:00:00,306.73737
2012-08-24 23:00:00,337.05023
2012-08-25 00:00:00,326.7299
2012-08-25 01:00:00,264.1954
2012-08-25 02:00:00,130.09732
2012-08-25 03:00:00,146.41377
2012-08-25 04:00:00,207.12035
2012-08-25 05:00:00,203.68954
2012-08-25 06:00:00,161.88405
2012-08-25 07:00:00,189.60088
2012-08-25 08:00:00,242.26367
2012-08-25 09:00:00,275.62592
2012-08-25 10:00:00,305.19806
2012-08-25 11:00:00,350.20844
2012-08-25 12:00:00,422.74225
2012-08-25 13:00:00,450.44092
2012-08-25 14:00:00,341.82275
2012-08-25 15:00:00,253.05083
2012-08-25 16:00:00,273.94257
2012-08-25 17:00:00,267.41486
2012-08-25 18:00:00,273.74896
2012-08-25 19:00:00,249.79051
2012-08-25 20:00:00,236.72737
2012-08-25 21:00:00,203.86539
2012-08-25 22:00:00,208.9221
2012-08-25 23:00:00,237.30861
2012-08-26 00:00:00,99.36674
2012-08-26 01:00:00,92.89692
2012-08-26 02:00:00,101.97779
2012-08-26 03:00:00,107.77741
2012-08-26 04:00:00,101.64374
2012-08-26 05:00:00,96.862495
2012-08-26 06:00:00,115.89117
2012-08-26 07:00:00,99.79984
2012-08-26 08:00:00,201.48988
2012-08-26 09:00:00,202.89867
2012-08-26 10:00:00,304.35004
2012-08-26 11:00:00,309.66772
2012-08-26 12:00:00,289.00333
2012-08-26 13:00:00,201.69037
2012-08-26 14:00:00,100.23053
2012-08-26 15:00:00,180.12082
2012-08-26 16:00:00,184.90068
2012-08-26 17:00:00,136.85722
2012-08-26 18:00:00,113.58726
2012-08-26 19:00:00,143.96925
2012-08-26 20:00:00,121.416504
2012-08-26 21:00:00,169.8504
2012-08-26 22:00:00,112.65163
2012-08-26 23:00:00,150.02635
2012-08-27 00:00:00,77.63233
2012-08-27 01:00:00,91.22428
2012-08-27 02:00:00,101.338326
2012-08-27 03:00:00,94.63632
2012-08-27 04:00:00,88.178734
2012-08-27 05:00:00,68.31751
2012-08-27 06:00:00,69.02027
2012-08-27 07:00:00,96.53194
2012-08-27 08:00:00,118.293
2012-08-27 09:00:00,129.99892
2012-08-27 10:00:00,240.36426
2012-08-27 11:00:00,304.86932
2012-08-27 12:00:00,240.24889
2012-08-27 13:00:00,352.90735
2012-08-27 14:00:00,384.60083
2012-08-27 15:00:00,423.02493
2012-08-27 16:00:00,419.52612
2012-08-27 17:00:00,481.5253
2012-08-27 18:00:00,436.95422
2012-08-27 19:00:00,330.74756
2012-08-27 20:00:00,334.23346
2012-08-27 21:00:00,315.32166
2012-08-27 22:00:00,267.18686
2012-08-27 23:00:00,263.3819
2012-08-28 00:00:00,180.76363
2012-08-28 01:00:00,114.132576
2012-08-28 02:00:00,178.88315
2012-08-28 03:00:00,102.22055
2012-08-28 04:00:00,114.3784
2012-08-28 05:00:00,125.69829
2012-08-28 06:00:00,109.424126
2012-08-28 07:00:00,147.43297
2012-08-28 08:00:00,145.58086
2012-08-28 09:00:00,232.31012
2012-08-28 10:00:00,321.277
2012-08-28 11:00:00,383.53094
2012-08-28 12:00:00,441.15045
2012-08-28 13:00:00,489.90814
2012-08-28 14:00:00,516.2303
2012-08-28 15:00:00,517.5711
2012-08-28 16:00:00,529.72614
2012-08-28 17:00:00,548.09955
2012-08-28 18:00:00,516.3212
2012-08-28 19:00:00,462.0546
2012-08-28 20:00:00,422.29898
2012-08-28 21:00:00,422.1114
2012-08-28 22:00:00,329.08194
2012-08-28 23:00:00,312.70428
2012-08-29 00:00:00,117.94311
2012-08-29 01:00:00,195.16096
2012-08-29 02:00:00,169.09682
2012-08-29 03:00:00,161.78477
2012-08-29 04:00:00,205.5458
2012-08-29 05:00:00,208.31212
2012-08-29 06:00:00,214.07668
2012-08-29 07:00:00,241.27655
2012-08-29 08:00:00,287.00296
2012-08-29 09:00:00,358.8378
2012-08-29 10:00:00,375.95074
2012-08-29 11:00:00,263.3969
2012-08-29 12:00:00,278.85257
2012-08-29 13:00:00,286.9815
2012-08-29 14:00:00,428.80988
2012-08-29 15:00:00,482.97653
2012-08-29 16:00:00,483.53998
2012-08-29 17:00:00,516.8671
2012-08-29 18:00:00,482.9306
2012-08-29 19:00:00,415.96768
2012-08-29 20:00:00,298.5075
2012-08-29 21:00:00,394.5498
2012-08-29 22:00:00,322.81213
2012-08-29 23:00:00,309.50455
2012-08-30 00:00:00,116.93978
2012-08-30 01:00:00,157.85368
2012-08-30 02:00:00,110.85857
2012-08-30 03:00:00,113.776726
2012-08-30 04:00:00,116.77697
2012-08-30 05:00:00,119.76519
2012-08-30 06:00:00,135.65819
2012-08-30 07:00:00,133.77853
2012-08-30 08:00:00,214.87364
2012-08-30 09:00:00,237.97664
2012-08-30 10:00:00,251.58803
2012-08-30 11:00:00,392.49927
2012-08-30 12:00:00,411.3853
2012-08-30 13:00:00,372.71332
2012-08-30 14:00:00,393.6159
2012-08-30 15:00:00,453.17258
2012-08-30 16:00:00,483.25638
2012-08-30 17:00:00,523.06494
2012-08-30 18:00:00,504.85004
2012-08-30 19:00:00,427.37573
2012-08-30 20:00:00,397.536
2012-08-30 21:00:00,353.10785
2012-08-30 22:00:00,248.22255
2012-08-30 23:00:00,299.31018
2012-08-31 00:00:00,120.682915
2012-08-31 01:00:00,123.05551
2012-08-31 02:00:00,100.56231
2012-08-31 03:00:00,98.36026
2012-08-31 04:00:00,103.70415
2012-08-31 05:00:00,108.6065
2012-08-31 06:00:00,126.074844
2012-08-31 07:00:00,108.73782
2012-08-31 08:00:00,201.58488
2012-08-31 09:00:00,191.16075
2012-08-31 10:00:00,280.80542
2012-08-31 11:00:00,463.18585
2012-08-31 12:00:00,457.67474
2012-08-31 13:00:00,496.88898
2012-08-31 14:00:00,465.97723
2012-08-31 15:00:00,512.90106
2012-08-31 16:00:00,513.0254
2012-08-31 17:00:00,513.908
2012-08-31 18:00:00,545.03925
2012-08-31 19:00:00,444.03833
2012-08-31 20:00:00,450.5395
2012-08-31 21:00:00,422.00006
2012-08-31 22:00:00,429.8919
2012-08-31 23:00:00,368.56403
2012-09-20 00:00:00,144.93965
2012-09-20 01:00:00,127.41203
2012-09-20 02:00:00,128.74544
2012-09-20 03:00:00,77.17989
2012-09-20 04:00:00,105.13007
2012-09-20 05:00:00,107.44163
2012-09-20 06:00:00,86.95031
2012-09-20 07:00:00,98.56629
2012-09-20 08:00:00,196.4502
2012-09-20 09:00:00,265.56192
2012-09-20 10:00:00,313.66516
2012-09-20 11:00:00,287.56158
2012-09-20 12:00:00,393.98608
2012-09-20 13:00:00,397.31873
2012-09-20 14:00:00,398.838
2012-09-20 15:00:00,406.28305
2012-09-20 16:00:00,409.4809
2012-09-20 17:00:00,416.28973
2012-09-20 18:00:00,374.69907
2012-09-20 19:00:00,331.92346
2012-09-20 20:00:00,305.6948
2012-09-20 21:00:00,321.22455
2012-09-20 22:00:00,246.59447
2012-09-20 23:00:00,278.32916
2012-09-21 00:00:00,113.926575
2012-09-21 01:00:00,104.92414
2012-09-21 02:00:00,107.38824
2012-09-21 03:00:00,111.94836
2012-09-21 04:00:00,93.17031
2012-09-21 05:00:00,71.75209
2012-09-21 06:00:00,122.89936
2012-09-21 07:00:00,101.64583
2012-09-21 08:00:00,190.84138
2012-09-21 09:00:00,234.35677
2012-09-21 10:00:00,293.43335
2012-09-21 11:00:00,326.91415
2012-09-21 12:00:00,340.6902
2012-09-21 13:00:00,360.03955
2012-09-21 14:00:00,375.36493
2012-09-21 15:00:00,392.03168
2012-09-21 16:00:00,393.42435
2012-09-21 17:00:00,374.54602
2012-09-21 18:00:00,349.98572
2012-09-21 19:00:00,322.48428
2012-09-21 20:00:00,309.39197
2012-09-21 21:00:00,284.9736
2012-09-21 22:00:00,297.08905
2012-09-21 23:00:00,271.4619
2012-09-22 00:00:00,186.8745
2012-09-22 01:00:00,122.67427
2012-09-22 02:00:00,95.890495
2012-09-22 03:00:00,114.87651
2012-09-22 04:00:00,116.37005
2012-09-22 05:00:00,134.48311
2012-09-22 06:00:00,125.278114
2012-09-22 07:00:00,153.37576
2012-09-22 08:00:00,208.0981
2012-09-22 09:00:00,249.6386
2012-09-22 10:00:00,272.53397
2012-09-22 11:00:00,352.30408
2012-09-22 12:00:00,398.07574
2012-09-22 13:00:00,438.40366
2012-09-22 14:00:00,494.91333
2012-09-22 15:00:00,491.3247
2012-09-22 16:00:00,462.53906
2012-09-22 17:00:00,469.9341
2012-09-22 18:00:00,448.7942
2012-09-22 19:00:00,428.00662
2012-09-22 20:00:00,461.78622
2012-09-22 21:00:00,425.84473
2012-09-22 22:00:00,442.03918
2012-09-22 23:00:00,495.63593
2012-09-23 00:00:00,445.36426
2012-09-23 01:00:00,307.48126
2012-09-23 02:00:00,344.55225
2012-09-23 03:00:00,274.49408
2012-09-23 04:00:00,289.8675
2012-09-23 05:00:00,262.91092
2012-09-23 06:00:00,235.34743
2012-09-23 07:00:00,281.09473
2012-09-23 08:00:00,285.23132
2012-09-23 09:00:00,344.92944
2012-09-23 10:00:00,438.19836
2012-09-23 11:00:00,450.31003
2012-09-23 12:00:00,459.30618
2012-09-23 13:00:00,518.47845
2012-09-23 14:00:00,526.4032
2012-09-23 15:00:00,541.3398
2012-09-23 16:00:00,536.5279
2012-09-23 17:00:00,511.47153
2012-09-23 18:00:00,510.4565
2012-09-23 19:00:00,484.2841
2012-09-23 20:00:00,486.2437
2012-09-23 21:00:00,456.6002
2012-09-23 22:00:00,404.14243
2012-09-23 23:00:00,411.4344
2012-09-24 00:00:00,251.52446
2012-09-24 01:00:00,234.64125
2012-09-24 02:00:00,283.70502
2012-09-24 03:00:00,270.01202
2012-09-24 04:00:00,239.69676
2012-09-24 05:00:00,249.84564
2012-09-24 06:00:00,276.6283
2012-09-24 07:00:00,260.10068
2012-09-24 08:00:00,330.35443
2012-09-24 09:00:00,347.86017
2012-09-24 10:00:00,372.96448
2012-09-24 11:00:00,435.18268
2012-09-24 12:00:00,442.95404
2012-09-24 13:00:00,452.47644
2012-09-24 14:00:00,391.81592
2012-09-24 15:00:00,405.96985
2012-09-24 16:00:00,478.5283
2012-09-24 17:00:00,437.10822
2012-09-24 18:00:00,472.589
2012-09-24 19:00:00,458.19836
2012-09-24 20:00:00,409.80948
2012-09-24 21:00:00,417.49005
2012-09-24 22:00:00,421.98758
2012-09-24 23:00:00,343.7618
2012-09-25 00:00:00,227.25174
2012-09-25 01:00:00,191.42886
2012-09-25 02:00:00,158.46664
2012-09-25 03:00:00,194.9795
2012-09-25 04:00:00,198.86613
2012-09-25 05:00:00,161.50185
2012-09-25 06:00:00,172.54994
2012-09-25 07:00:00,178.9824
2012-09-25 08:00:00,269.3063
2012-09-25 09:00:00,339.81396
2012-09-25 10:00:00,365.7293
2012-09-25 11:00:00,437.1128
2012-09-25 12:00:00,467.78253
2012-09-25 13:00:00,449.75055
2012-09-25 14:00:00,521.01373
2012-09-25 15:00:00,513.69904
2012-09-25 16:00:00,534.877
2012-09-25 17:00:00,536.5532
2012-09-25 18:00:00,509.29758
2012-09-25 19:00:00,478.82028
2012-09-25 20:00:00,448.2481
2012-09-25 21:00:00,456.59033
2012-09-25 22:00:00,467.18448
2012-09-25 23:00:00,469.3097
2012-09-26 00:00:00,267.3042
2012-09-26 01:00:00,260.55322
2012-09-26 02:00:00,296.1386
2012-09-26 03:00:00,300.96274
2012-09-26 04:00:00,241.17058
2012-09-26 05:00:00,252.41476
2012-09-26 06:00:00,251.81479
2012-09-26 07:00:00,229.96089
2012-09-26 08:00:00,239.38853
2012-09-26 09:00:00,347.27863
2012-09-26 10:00:00,287.52838
2012-09-26 11:00:00,371.44702
2012-09-26 12:00:00,397.23026
2012-09-26 13:00:00,434.88016
2012-09-26 14:00:00,487.78934
2012-09-26 15:00:00,496.8652
2012-09-26 16:00:00,518.1635
2012-09-26 17:00:00,509.46167
2012-09-26 18:00:00,501.6934
2012-09-26 19:00:00,465.765
2012-09-26 20:00:00,393.68674
2012-09-26 21:00:00,438.60754
2012-09-26 22:00:00,430.85672
2012-09-26 23:00:00,330.34412
2012-09-27 00:00:00,187.98311
2012-09-27 01:00:00,195.05528
2012-09-27 02:00:00,200.72987
2012-09-27 03:00:00,153.73393
2012-09-27 04:00:00,104.27003
2012-09-27 05:00:00,121.35777
2012-09-27 06:00:00,131.70277
2012-09-27 07:00:00,177.65807
2012-09-27 08:00:00,297.00778
2012-09-27 09:00:00,302.7557
2012-09-27 10:00:00,452.14673
2012-09-27 11:00:00,441.76062
2012-09-27 12:00:00,459.51685
2012-09-27 13:00:00,366.5949
2012-09-27 14:00:00,471.8506
2012-09-27 15:00:00,391.17825
2012-09-27 16:00:00,456.51846
2012-09-27 17:00:00,373.4969
2012-09-27 18:00:00,392.98694
2012-09-27 19:00:00,418.7704
2012-09-27 20:00:00,400.2756
2012-09-27 21:00:00,299.1607
2012-09-27 22:00:00,302.3454
2012-09-27 23:00:00,323.26904
2012-09-28 00:00:00,190.40508
2012-09-28 01:00:00,133.46898
2012-09-28 02:00:00,183.01405
2012-09-28 03:00:00,211.61647
2012-09-28 04:00:00,190.97714
2012-09-28 05:00:00,101.1274
2012-09-28 06:00:00,117.92354
2012-09-28 07:00:00,98.22311
2012-09-28 08:00:00,191.47539
2012-09-28 09:00:00,237.66241
2012-09-28 10:00:00,292.0778
2012-09-28 11:00:00,320.5232
2012-09-28 12:00:00,446.1341
2012-09-28 13:00:00,459.5505
2012-09-28 14:00:00,456.68665
2012-09-28 15:00:00,453.22388
2012-09-28 16:00:00,462.4512
2012-09-28 17:00:00,455.4996
2012-09-28 18:00:00,470.60013
2012-09-28 19:00:00,481.38782
2012-09-28 20:00:00,459.4397
2012-09-28 21:00:00,471.9136
2012-09-28 22:00:00,463.08588
2012-09-28 23:00:00,448.67322
2012-09-29 00:00:00,285.51797
2012-09-29 01:00:00,290.2373
2012-09-29 02:00:00,320.21313
2012-09-29 03:00:00,318.18695
2012-09-29 04:00:00,291.2636
2012-09-29 05:00:00,279.26645
2012-09-29 06:00:00,266.0214
2012-09-29 07:00:00,225.65352
2012-09-29 08:00:00,235.10358
2012-09-29 09:00:00,296.43716
2012-09-29 10:00:00,366.80426
2012-09-29 11:00:00,406.3253
2012-09-29 12:00:00,540.4306
2012-09-29 13:00:00,544.4362
2012-09-29 14:00:00,534.5703
2012-09-29 15:00:00,524.07587
2012-09-29 16:00:00,542.48517
2012-09-29 17:00:00,558.01917
2012-09-29 18:00:00,489.82916
2012-09-29 19:00:00,418.3544
2012-09-29 20:00:00,420.52783
2012-09-29 21:00:00,430.63348
2012-09-29 22:00:00,357.17902
2012-09-29 23:00:00,400.58075
2012-09-30 00:00:00,281.2713
2012-09-30 01:00:00,280.6126
2012-09-30 02:00:00,257.95148
2012-09-30 03:00:00,216.81508
2012-09-30 04:00:00,222.14894
2012-09-30 05:00:00,120.75786
2012-09-30 06:00:00,169.62456
2012-09-30 07:00:00,100.712425
2012-09-30 08:00:00,253.872
2012-09-30 09:00:00,303.47992
2012-09-30 10:00:00,456.7754
2012-09-30 11:00:00,502.35843
2012-09-30 12:00:00,540.4306
2012-09-30 13:00:00,530.2875
2012-09-30 14:00:00,534.4625
2012-09-30 15:00:00,556.66394
2012-09-30 16:00:00,555.9685
2012-09-30 17:00:00,561.99164
2012-09-30 18:00:00,316.20233
2012-09-30 19:00:00,292.83768
2012-09-30 20:00:00,294.65997
2012-09-30 21:00:00,260.18317
2012-09-30 22:00:00,219.32878
2012-09-30 23:00:00,257.3949
2012-10-20 00:00:00,102.33446
2012-10-20 01:00:00,166.19443
2012-10-20 02:00:00,114.48736
2012-10-20 03:00:00,121.38625
2012-10-20 04:00:00,125.32026
2012-10-20 05:00:00,65.22051
2012-10-20 06:00:00,126.09484
2012-10-20 07:00:00,66.08492
2012-10-20 08:00:00,246.09122
2012-10-20 09:00:00,326.88657
2012-10-20 10:00:00,382.5486
2012-10-20 11:00:00,398.25867
2012-10-20 12:00:00,443.1672
2012-10-20 13:00:00,477.06104
2012-10-20 14:00:00,439.91162
2012-10-20 15:00:00,424.47394
2012-10-20 16:00:00,489.3764
2012-10-20 17:00:00,508.5915
2012-10-20 18:00:00,497.0114
2012-10-20 19:00:00,456.13657
2012-10-20 20:00:00,491.1139
2012-10-20 21:00:00,420.65192
2012-10-20 22:00:00,402.58698
2012-10-20 23:00:00,327.11804
2012-10-21 00:00:00,283.6247
2012-10-21 01:00:00,241.71907
2012-10-21 02:00:00,219.6744
2012-10-21 03:00:00,184.21709
2012-10-21 04:00:00,144.71388
2012-10-21 05:00:00,193.40782
2012-10-21 06:00:00,212.99013
2012-10-21 07:00:00,209.03355
2012-10-21 08:00:00,167.2264
2012-10-21 09:00:00,330.44916
2012-10-21 10:00:00,379.46494
2012-10-21 11:00:00,431.1519
2012-10-21 12:00:00,466.45673
2012-10-21 13:00:00,501.39832
2012-10-21 14:00:00,511.42413
2012-10-21 15:00:00,496.5473
2012-10-21 16:00:00,504.757
2012-10-21 17:00:00,492.8184
2012-10-21 18:00:00,493.54916
2012-10-21 19:00:00,473.5979
2012-10-21 20:00:00,461.5826
2012-10-21 21:00:00,352.5791
2012-10-21 22:00:00,344.09164
2012-10-21 23:00:00,356.55603
2012-10-22 00:00:00,227.45126
2012-10-22 01:00:00,154.55252
2012-10-22 02:00:00,154.77733
2012-10-22 03:00:00,226.80481
2012-10-22 04:00:00,196.23994
2012-10-22 05:00:00,150.00851
2012-10-22 06:00:00,136.9479
2012-10-22 07:00:00,222.29019
2012-10-22 08:00:00,223.76483
2012-10-22 09:00:00,295.39963
2012-10-22 10:00:00,306.2484
2012-10-22 11:00:00,429.19632
2012-10-22 12:00:00,368.27548
2012-10-22 13:00:00,471.2347
2012-10-22 14:00:00,466.48517
2012-10-22 15:00:00,495.11932
2012-10-22 16:00:00,510.03116
2012-10-22 17:00:00,508.39978
2012-10-22 18:00:00,354.76837
2012-10-22 19:00:00,405.5511
2012-10-22 20:00:00,380.71024
2012-10-22 21:00:00,317.08264
2012-10-22 22:00:00,203.98709
2012-10-22 23:00:00,207.38121
2012-10-23 00:00:00,108.746376
2012-10-23 01:00:00,170.42113
2012-10-23 02:00:00,108.446144
2012-10-23 03:00:00,170.47075
2012-10-23 04:00:00,160.8727
2012-10-23 05:00:00,170.4955
2012-10-23 06:00:00,121.36345
2012-10-23 07:00:00,197.03267
2012-10-23 08:00:00,245.50468
2012-10-23 09:00:00,272.2386
2012-10-23 10:00:00,309.51807
2012-10-23 11:00:00,324.29346
2012-10-23 12:00:00,417.29688
2012-10-23 13:00:00,374.56714
2012-10-23 14:00:00,484.0348
2012-10-23 15:00:00,502.41006
2012-10-23 16:00:00,460.44485
2012-10-23 17:00:00,417.4985
2012-10-23 18:00:00,421.71127
2012-10-23 19:00:00,421.2813
2012-10-23 20:00:00,387.07025
2012-10-23 21:00:00,308.01056
2012-10-23 22:00:00,350.21667
2012-10-23 23:00:00,310.9508
2012-10-24 00:00:00,203.49623
2012-10-24 01:00:00,219.87422
2012-10-24 02:00:00,225.81383
2012-10-24 03:00:00,188.26996
2012-10-24 04:00:00,192.03899
2012-10-24 05:00:00,117.98835
2012-10-24 06:00:00,158.18309
2012-10-24 07:00:00,114.97442
2012-10-24 08:00:00,198.00348
2012-10-24 09:00:00,241.2202
2012-10-24 10:00:00,246.22173
2012-10-24 11:00:00,304.69598
2012-10-24 12:00:00,374.16995
2012-10-24 13:00:00,338.2768
2012-10-24 14:00:00,499.43304
2012-10-24 15:00:00,491.4602
2012-10-24 16:00:00,514.74884
2012-10-24 17:00:00,386.62427
2012-10-24 18:00:00,414.29208
2012-10-24 19:00:00,438.70145
2012-10-24 20:00:00,421.42816
2012-10-24 21:00:00,433.89426
2012-10-24 22:00:00,441.4257
2012-10-24 23:00:00,375.8109
2012-10-25 00:00:00,318.1094
2012-10-25 01:00:00,231.90826
2012-10-25 02:00:00,140.58131
2012-10-25 03:00:00,153.12376
2012-10-25 04:00:00,148.29666
2012-10-25 05:00:00,165.45094
2012-10-25 06:00:00,166.27272
2012-10-25 07:00:00,169.79326
2012-10-25 08:00:00,204.18927
2012-10-25 09:00:00,204.202
2012-10-25 10:00:00,220.82751
2012-10-25 11:00:00,217.54099
2012-10-25 12:00:00,265.52374
2012-10-25 13:00:00,224.38525
2012-10-25 14:00:00,324.11646
2012-10-25 15:00:00,377.94016
2012-10-25 16:00:00,355.6037
2012-10-25 17:00:00,361.1032
2012-10-25 18:00:00,229.22098
2012-10-25 19:00:00,229.26514
2012-10-25 20:00:00,207.28795
2012-10-25 21:00:00,209.99799
2012-10-25 22:00:00,252.76823
2012-10-25 23:00:00,256.6504
2012-10-26 00:00:00,191.01176
2012-10-26 01:00:00,132.98236
2012-10-26 02:00:00,140.5911
2012-10-26 03:00:00,157.33665
2012-10-26 04:00:00,161.41072
2012-10-26 05:00:00,152.03099
2012-10-26 06:00:00,150.40111
2012-10-26 07:00:00,160.22755
2012-10-26 08:00:00,178.96231
2012-10-26 09:00:00,182.17119
2012-10-26 10:00:00,179.02617
2012-10-26 11:00:00,268.52722
2012-10-26 12:00:00,317.41245
2012-10-26 13:00:00,349.73767
2012-10-26 14:00:00,390.1128
2012-10-26 15:00:00,401.87167
2012-10-26 16:00:00,334.12177
2012-10-26 17:00:00,302.9862
2012-10-26 18:00:00,292.23087
2012-10-26 19:00:00,245.10548
2012-10-26 20:00:00,247.81023
2012-10-26 21:00:00,296.56247
2012-10-26 22:00:00,242.44041
2012-10-26 23:00:00,230.61615
2012-10-27 00:00:00,86.47691
2012-10-27 01:00:00,103.38835
2012-10-27 02:00:00,119.83805
2012-10-27 03:00:00,107.63122
2012-10-27 04:00:00,117.72596
2012-10-27 05:00:00,166.69508
2012-10-27 06:00:00,171.63452
2012-10-27 07:00:00,143.19492
2012-10-27 08:00:00,194.23503
2012-10-27 09:00:00,199.59227
2012-10-27 10:00:00,235.80936
2012-10-27 11:00:00,309.3612
2012-10-27 12:00:00,450.2088
2012-10-27 13:00:00,515.76715
2012-10-27 14:00:00,509.31497
2012-10-27 15:00:00,382.4712
2012-10-27 16:00:00,352.85385
2012-10-27 17:00:00,358.59232
2012-10-27 18:00:00,364.41388
2012-10-27 19:00:00,277.6043
2012-10-27 20:00:00,281.4103
2012-10-27 21:00:00,285.23022
2012-10-27 22:00:00,283.80267
2012-10-27 23:00:00,297.36038
2012-10-28 00:00:00,235.73134
2012-10-28 01:00:00,196.3748
2012-10-28 02:00:00,219.24547
2012-10-28 03:00:00,240.71666
2012-10-28 04:00:00,234.1234
2012-10-28 05:00:00,259.10287
2012-10-28 06:00:00,279.38007
2012-10-28 07:00:00,295.1203
2012-10-28 08:00:00,271.19275
2012-10-28 09:00:00,313.15338
2012-10-28 10:00:00,334.10596
2012-10-28 11:00:00,352.01508
2012-10-28 12:00:00,278.82544
2012-10-28 13:00:00,278.98438
2012-10-28 14:00:00,296.84122
2012-10-28 15:00:00,265.91623
2012-10-28 16:00:00,238.04228
2012-10-28 17:00:00,159.35547
2012-10-28 18:00:00,66.56236
2012-10-28 19:00:00,113.057045
2012-10-28 20:00:00,70.385666
2012-10-28 21:00:00,113.19175
2012-10-28 22:00:00,131.20897
2012-10-28 23:00:00,99.944115
2012-10-29 00:00:00,139.37149
2012-10-30 13:00:00,84.579155
2012-10-30 14:00:00,84.09527
2012-10-30 15:00:00,110.57227
2012-10-30 16:00:00,108.03788
2012-10-30 17:00:00,114.98669
2012-10-30 18:00:00,142.99057
2012-10-30 19:00:00,324.29663
2012-10-30 20:00:00,124.09943
2012-10-30 21:00:00,147.00305
2012-10-30 22:00:00,143.79185
2012-10-30 23:00:00,142.99889
2012-10-31 00:00:00,114.56809
2012-10-31 01:00:00,111.60634
2012-10-31 02:00:00,125.17424
2012-10-31 03:00:00,120.56923
2012-10-31 04:00:00,134.4932
2012-10-31 05:00:00,131.92517
2012-10-31 06:00:00,144.62207
2012-10-31 07:00:00,134.55067
2012-10-31 08:00:00,141.07721
2012-10-31 09:00:00,138.31502
2012-10-31 10:00:00,144.61731
2012-10-31 11:00:00,187.02357
2012-10-31 12:00:00,285.4204
2012-10-31 13:00:00,322.4784
2012-10-31 14:00:00,332.30435
2012-10-31 15:00:00,331.4979
2012-10-31 16:00:00,321.52838
2012-10-31 17:00:00,308.146
2012-10-31 18:00:00,311.64233
2012-10-31 19:00:00,345.69116
2012-10-31 20:00:00,349.31927
2012-10-31 21:00:00,352.99817
2012-10-31 22:00:00,279.69952
2012-10-31 23:00:00,306.78082
2012-11-20 00:00:00,132.8312
2012-11-20 01:00:00,171.31874
2012-11-20 02:00:00,122.85265
2012-11-20 03:00:00,157.68687
2012-11-20 04:00:00,172.66713
2012-11-20 05:00:00,185.72635
2012-11-20 06:00:00,155.21236
2012-11-20 07:00:00,130.52199
2012-11-20 08:00:00,150.12175
2012-11-20 09:00:00,189.53807
2012-11-20 10:00:00,259.82977
2012-11-20 11:00:00,268.11942
2012-11-20 12:00:00,252.53047
2012-11-20 13:00:00,315.36096
2012-11-20 14:00:00,338.9881
2012-11-20 15:00:00,359.18243
2012-11-20 16:00:00,325.47363
2012-11-20 17:00:00,235.37656
2012-11-20 18:00:00,284.46774
2012-11-20 19:00:00,243.59221
2012-11-20 20:00:00,200.79768
2012-11-20 21:00:00,211.2415
2012-11-20 22:00:00,214.7655
2012-11-20 23:00:00,146.25027
2012-11-21 00:00:00,77.03359
2012-11-21 01:00:00,113.81507
2012-11-21 02:00:00,106.1487
2012-11-21 03:00:00,108.318794
2012-11-21 04:00:00,110.06405
2012-11-21 05:00:00,112.25219
2012-11-21 06:00:00,111.44974
2012-11-21 07:00:00,112.31644
2012-11-21 08:00:00,127.14952
2012-11-21 09:00:00,133.872
2012-11-21 10:00:00,237.95299
2012-11-21 11:00:00,309.6078
2012-11-21 12:00:00,381.63165
2012-11-21 13:00:00,392.08356
2012-11-21 14:00:00,415.59036
2012-11-21 15:00:00,412.10553
2012-11-21 16:00:00,422.72223
2012-11-21 17:00:00,389.27292
2012-11-21 18:00:00,399.11493
2012-11-21 19:00:00,361.87268
2012-11-21 20:00:00,248.08868
2012-11-21 21:00:00,328.9368
2012-11-21 22:00:00,327.07147
2012-11-21 23:00:00,269.62457
2012-11-22 00:00:00,131.68878
2012-11-22 01:00:00,106.35013
2012-11-22 02:00:00,52.561222
2012-11-22 03:00:00,52.16759
2012-11-22 04:00:00,49.40156
2012-11-22 05:00:00,51.903843
2012-11-22 06:00:00,57.74406
2012-11-22 07:00:00,49.836567
2012-11-22 08:00:00,50.519173
2012-11-22 09:00:00,126.23447
2012-11-22 10:00:00,218.09785
2012-11-22 11:00:00,416.80783
2012-11-22 12:00:00,439.39102
2012-11-22 13:00:00,470.2268
2012-11-22 14:00:00,481.17755
2012-11-22 15:00:00,485.06247
2012-11-22 16:00:00,467.93924
2012-11-22 17:00:00,452.61456
2012-11-22 18:00:00,380.5505
2012-11-22 19:00:00,84.26228
2012-11-22 20:00:00,124.73059
2012-11-22 21:00:00,214.50447
2012-11-22 22:00:00,212.36626
2012-11-22 23:00:00,98.073204
2012-11-23 00:00:00,140.90443
2012-11-23 01:00:00,110.61231
2012-11-23 02:00:00,117.905396
2012-11-23 03:00:00,111.87305
2012-11-23 04:00:00,124.60165
2012-11-23 05:00:00,101.00594
2012-11-23 06:00:00,100.92454
2012-11-23 07:00:00,100.7754
2012-11-23 08:00:00,102.9049
2012-11-23 09:00:00,137.44035
2012-11-23 10:00:00,208.6393
2012-11-23 11:00:00,309.6078
2012-11-23 12:00:00,375.7117
2012-11-23 13:00:00,393.3268
2012-11-23 14:00:00,437.49756
2012-11-23 15:00:00,420.73798
2012-11-23 16:00:00,406.385
2012-11-23 17:00:00,417.13245
2012-11-23 18:00:00,358.3268
2012-11-23 19:00:00,404.51788
2012-11-23 20:00:00,411.42102
2012-11-23 21:00:00,397.63736
2012-11-23 22:00:00,392.04474
2012-11-23 23:00:00,383.51166
2012-11-24 00:00:00,306.89417
2012-11-24 01:00:00,212.17426
2012-11-24 02:00:00,185.92024
2012-11-24 03:00:00,177.81693
2012-11-24 04:00:00,148.86484
2012-11-24 05:00:00,125.15617
2012-11-24 06:00:00,68.12575
2012-11-24 07:00:00,107.70168
2012-11-24 08:00:00,107.76646
2012-11-24 09:00:00,103.65507
2012-11-24 10:00:00,93.38521
2012-11-24 11:00:00,128.27452
2012-11-24 12:00:00,179.13954
2012-11-24 13:00:00,213.28407
2012-11-24 14:00:00,204.02664
2012-11-24 15:00:00,178.76
2012-11-24 16:00:00,124.77963
2012-11-24 17:00:00,94.72205
2012-11-24 18:00:00,102.69837
2012-11-24 19:00:00,137.97484
2012-11-24 20:00:00,78.391
2012-11-24 21:00:00,129.47374
2012-11-24 22:00:00,108.10099
2012-11-24 23:00:00,131.76837
2012-11-25 00:00:00,68.156715
2012-11-25 01:00:00,78.985405
2012-11-25 02:00:00,83.70884
2012-11-25 03:00:00,147.52818
2012-11-25 04:00:00,160.11159
2012-11-25 05:00:00,82.266685
2012-11-25 06:00:00,115.437775
2012-11-25 07:00:00,105.64631
2012-11-25 08:00:00,62.673836
2012-11-25 09:00:00,80.25875
2012-11-25 10:00:00,62.47997
2012-11-25 11:00:00,134.75609
2012-11-25 12:00:00,138.52727
2012-11-25 13:00:00,164.23952
2012-11-25 14:00:00,177.82648
2012-11-25 15:00:00,189.32277
2012-11-25 16:00:00,203.97725
2012-11-25 17:00:00,211.32457
2012-11-25 18:00:00,180.98842
2012-11-25 19:00:00,280.24042
2012-11-25 20:00:00,152.53242
2012-11-25 21:00:00,262.86288
2012-11-25 22:00:00,156.71275
2012-11-25 23:00:00,57.336903
2012-11-26 00:00:00,95.59469
2012-11-26 01:00:00,98.158844
2012-11-26 02:00:00,98.03021
2012-11-26 03:00:00,97.840294
2012-11-26 04:00:00,103.77885
2012-11-26 05:00:00,118.287796
2012-11-26 06:00:00,108.51525
2012-11-26 07:00:00,140.29736
2012-11-26 08:00:00,143.68825
2012-11-26 09:00:00,223.13057
2012-11-26 10:00:00,277.0485
2012-11-26 11:00:00,337.73453
2012-11-26 12:00:00,382.10437
2012-11-26 13:00:00,389.15668
2012-11-26 14:00:00,360.01776
2012-11-26 15:00:00,396.0661
2012-11-26 16:00:00,414.73297
2012-11-26 17:00:00,398.4644
2012-11-26 18:00:00,294.7947
2012-11-26 19:00:00,307.4756
2012-11-26 20:00:00,319.28345
2012-11-26 21:00:00,323.14548
2012-11-26 22:00:00,267.8305
2012-11-26 23:00:00,212.32631
2012-11-27 00:00:00,167.38737
2012-11-27 01:00:00,144.07545
2012-11-27 02:00:00,137.93472
2012-11-27 03:00:00,161.98073
2012-11-27 04:00:00,134.10338
2012-11-27 05:00:00,144.53383
2012-11-27 06:00:00,140.56264
2012-11-27 07:00:00,130.36893
2012-11-27 08:00:00,138.99207
2012-11-27 09:00:00,138.40196
2012-11-27 10:00:00,139.96455
2012-11-27 11:00:00,94.87987
2012-11-27 12:00:00,57.240635
2012-11-27 13:00:00,99.984566
2012-11-27 14:00:00,62.580757
2012-11-27 15:00:00,99.63641
2012-11-27 16:00:00,98.01983
2012-11-27 17:00:00,78.96424
2012-11-27 18:00:00,53.79446
2012-11-27 19:00:00,74.99232
2012-11-27 20:00:00,56.44601
2012-11-27 21:00:00,53.56438
2012-11-27 22:00:00,83.418816
2012-11-27 23:00:00,65.97605
2012-11-28 00:00:00,117.91516
2012-11-28 01:00:00,125.923805
2012-11-28 02:00:00,124.73862
2012-11-28 03:00:00,117.16823
2012-11-28 04:00:00,119.869736
2012-11-28 05:00:00,127.96023
2012-11-28 06:00:00,113.63178
2012-11-28 07:00:00,144.2115
2012-11-28 08:00:00,88.47307
2012-11-28 09:00:00,172.4399
2012-11-28 10:00:00,252.48466
2012-11-28 11:00:00,257.2237
2012-11-28 12:00:00,256.90967
2012-11-28 13:00:00,289.28854
2012-11-28 14:00:00,276.874
2012-11-28 15:00:00,290.86996
2012-11-28 16:00:00,292.06824
2012-11-28 17:00:00,320.5328
2012-11-28 18:00:00,226.23822
2012-11-28 19:00:00,304.18768
2012-11-28 20:00:00,344.08603
2012-11-28 21:00:00,285.30182
2012-11-28 22:00:00,228.98857
2012-11-28 23:00:00,215.47603
2012-11-29 00:00:00,158.9193
2012-11-29 01:00:00,115.27271
2012-11-29 02:00:00,120.28957
2012-11-29 04:00:00,116.398705
2012-11-29 05:00:00,101.732445
2012-11-29 06:00:00,108.51525
2012-11-29 07:00:00,127.30503
2012-11-29 08:00:00,116.985146
2012-11-29 09:00:00,184.4916
2012-11-29 10:00:00,169.86452
2012-11-29 11:00:00,292.71838
2012-11-29 12:00:00,321.87622
2012-11-29 13:00:00,358.72217
2012-11-29 14:00:00,295.09534
2012-11-29 15:00:00,276.0476
2012-11-29 16:00:00,301.47858
2012-11-29 17:00:00,303.64697
2012-11-29 18:00:00,259.5502
2012-11-29 19:00:00,198.92809
2012-11-29 20:00:00,225.84744
2012-11-29 21:00:00,135.57375
2012-11-29 22:00:00,143.83537
2012-11-29 23:00:00,236.81158
2012-11-30 00:00:00,125.403984
2012-11-30 01:00:00,115.47517
2012-11-30 02:00:00,95.99343
2012-11-30 03:00:00,96.0904
2012-11-30 04:00:00,100.14786
2012-11-30 05:00:00,107.0838
2012-11-30 06:00:00,100.00872
2012-11-30 07:00:00,104.3816
2012-11-30 08:00:00,124.089645
2012-11-30 09:00:00,130.09904
2012-11-30 10:00:00,205.67325
2012-11-30 11:00:00,284.64072
2012-11-30 12:00:00,308.95303
2012-11-30 13:00:00,370.10956
2012-11-30 14:00:00,368.42514
2012-11-30 15:00:00,385.53717
2012-11-30 16:00:00,369.016
2012-11-30 17:00:00,281.7466
2012-11-30 18:00:00,288.3051
2012-11-30 19:00:00,221.55168
2012-11-30 20:00:00,223.59769
2012-11-30 21:00:00,148.52095
2012-11-30 22:00:00,158.40761
2012-11-30 23:00:00,155.73631
2012-12-20 00:00:00,186.03328
2012-12-20 01:00:00,160.98459
2012-12-20 02:00:00,163.9629
2012-12-20 03:00:00,139.9811
2012-12-20 04:00:00,143.17892
2012-12-20 05:00:00,145.93759
2012-12-20 06:00:00,187.64317
2012-12-20 07:00:00,154.16995
2012-12-20 08:00:00,158.0918
2012-12-20 09:00:00,162.01363
2012-12-20 10:00:00,199.46162
2012-12-20 11:00:00,208.1079
2012-12-20 12:00:00,265.29013
2012-12-20 13:00:00,245.4265
2012-12-20 14:00:00,259.14194
2012-12-20 15:00:00,228.68324
2012-12-20 16:00:00,195.57474
2012-12-20 17:00:00,181.73773
2012-12-20 18:00:00,156.87743
2012-12-20 19:00:00,135.26328
2012-12-20 20:00:00,152.05647
2012-12-20 21:00:00,152.148
2012-12-20 22:00:00,144.74039
2012-12-20 23:00:00,156.92787
2012-12-21 00:00:00,91.29472
2012-12-21 01:00:00,93.82962
2012-12-21 02:00:00,91.29472
2012-12-21 03:00:00,91.29472
2012-12-21 04:00:00,91.29472
2012-12-21 05:00:00,86.01791
2012-12-21 06:00:00,94.1771
2012-12-21 07:00:00,130.70317
2012-12-21 08:00:00,109.61715
2012-12-21 09:00:00,142.2075
2012-12-21 10:00:00,159.90694
2012-12-21 11:00:00,161.9864
2012-12-21 12:00:00,164.56053
2012-12-21 13:00:00,168.05127
2012-12-21 14:00:00,170.92857
2012-12-21 15:00:00,168.26591
2012-12-21 16:00:00,172.83882
2012-12-21 17:00:00,91.92501
2012-12-21 18:00:00,98.93348
2012-12-21 19:00:00,156.41193
2012-12-21 20:00:00,163.04533
2012-12-21 21:00:00,160.7458
2012-12-21 22:00:00,146.9648
2012-12-21 23:00:00,148.90787
2012-12-22 00:00:00,81.98708
2012-12-22 01:00:00,82.7873
2012-12-22 02:00:00,82.58683
2012-12-22 03:00:00,79.66457
2012-12-22 04:00:00,97.44417
2012-12-22 05:00:00,81.96299
2012-12-22 06:00:00,85.655304
2012-12-22 07:00:00,85.30209
2012-12-22 08:00:00,81.181496
2012-12-22 09:00:00,80.58048
2012-12-22 10:00:00,81.57467
2012-12-22 11:00:00,129.15416
2012-12-22 12:00:00,88.9244
2012-12-22 13:00:00,156.5269
2012-12-22 14:00:00,158.16481
2012-12-22 15:00:00,138.26036
2012-12-22 16:00:00,153.48705
2012-12-22 17:00:00,137.63618
2012-12-22 18:00:00,65.596436
2012-12-22 19:00:00,54.31029
2012-12-22 20:00:00,121.50582
2012-12-22 21:00:00,54.395626
2012-12-22 22:00:00,54.363735
2012-12-22 23:00:00,79.16203
2012-12-23 00:00:00,82.3708
2012-12-23 01:00:00,85.93493
2012-12-23 02:00:00,70.253784
2012-12-23 03:00:00,71.26774
2012-12-23 04:00:00,85.99001
2012-12-23 05:00:00,82.990654
2012-12-23 06:00:00,54.081924
2012-12-23 07:00:00,54.541035
2012-12-23 08:00:00,51.910168
2012-12-23 09:00:00,73.811806
2012-12-23 10:00:00,58.926907
2012-12-23 11:00:00,87.46897
2012-12-23 12:00:00,144.21674
2012-12-23 13:00:00,162.87889
2012-12-23 14:00:00,228.75209
2012-12-23 15:00:00,261.67453
2012-12-23 16:00:00,255.3657
2012-12-23 17:00:00,149.67592
2012-12-23 18:00:00,162.42068
2012-12-23 19:00:00,160.48976
2012-12-23 20:00:00,91.29472
2012-12-23 21:00:00,91.29472
2012-12-23 22:00:00,106.72733
2012-12-23 23:00:00,94.96208
2012-12-24 00:00:00,91.29474
2012-12-24 01:00:00,91.29472
2012-12-24 02:00:00,87.43332
2012-12-24 03:00:00,87.83829
2012-12-24 05:00:00,56.969704
2012-12-24 06:00:00,88.90098
2012-12-24 07:00:00,91.29472
2012-12-24 08:00:00,91.29472
2012-12-24 09:00:00,91.31774
2012-12-24 10:00:00,91.29472
2012-12-24 11:00:00,108.50661
2012-12-24 12:00:00,129.39049
2012-12-24 13:00:00,82.501625
2012-12-24 14:00:00,79.18253
2012-12-24 15:00:00,66.11121
2012-12-24 16:00:00,66.58147
2012-12-24 17:00:00,67.510826
2012-12-24 18:00:00,76.869576
2012-12-24 19:00:00,69.95734
2012-12-24 20:00:00,72.21759
2012-12-24 21:00:00,79.67315
2012-12-24 22:00:00,90.1285
2012-12-24 23:00:00,90.49564
2012-12-25 00:00:00,49.377712
2012-12-25 01:00:00,49.721806
2012-12-25 02:00:00,49.89722
2012-12-25 04:00:00,50.573627
2012-12-25 05:00:00,48.82341
2012-12-25 06:00:00,48.957165
2012-12-25 07:00:00,48.939945
2012-12-25 08:00:00,55.23424
2012-12-25 09:00:00,54.542202
2012-12-25 10:00:00,76.2138
2012-12-25 11:00:00,76.99561
2012-12-25 12:00:00,84.99617
2012-12-25 13:00:00,149.96808
2012-12-25 14:00:00,168.33618
2012-12-25 15:00:00,142.37115
2012-12-25 16:00:00,145.37206
2012-12-25 17:00:00,114.01403
2012-12-25 18:00:00,75.82166
2012-12-25 19:00:00,91.683174
2012-12-25 20:00:00,61.253815
2012-12-25 21:00:00,90.82062
2012-12-25 22:00:00,101.29299
2012-12-25 23:00:00,54.99358
2012-12-26 00:00:00,89.98745
2012-12-26 01:00:00,84.08744
2012-12-26 02:00:00,83.777596
2012-12-26 03:00:00,72.790855
2012-12-26 04:00:00,68.52369
2012-12-26 05:00:00,72.31301
2012-12-26 06:00:00,75.43391
2012-12-26 07:00:00,54.65724
2012-12-26 08:00:00,54.773563
2012-12-26 09:00:00,54.913624
2012-12-26 10:00:00,55.582394
2012-12-26 11:00:00,50.784863
2012-12-26 12:00:00,56.256977
2012-12-26 13:00:00,56.456844
2012-12-26 14:00:00,57.029064
2012-12-26 15:00:00,62.44694
2012-12-26 16:00:00,62.606144
2012-12-26 17:00:00,58.949734
2012-12-26 18:00:00,65.358604
2012-12-26 19:00:00,83.14441
2012-12-26 20:00:00,78.674446
2012-12-26 21:00:00,74.77718
2012-12-26 22:00:00,51.559517
2012-12-26 23:00:00,66.388695
2012-12-27 00:00:00,60.436832
2012-12-27 01:00:00,53.737827
2012-12-27 02:00:00,55.07972
2012-12-27 03:00:00,57.772972
2012-12-27 04:00:00,56.488853
2012-12-27 05:00:00,76.72567
2012-12-27 06:00:00,67.47189
2012-12-27 07:00:00,77.33611
2012-12-27 08:00:00,80.98663
2012-12-27 09:00:00,80.33854
2012-12-27 10:00:00,82.71037
2012-12-27 11:00:00,87.283455
2012-12-27 12:00:00,125.28804
2012-12-27 13:00:00,126.91559
2012-12-27 14:00:00,80.89069
2012-12-27 15:00:00,82.38752
2012-12-27 16:00:00,133.54713
2012-12-27 17:00:00,136.75804
2012-12-27 18:00:00,91.99369
2012-12-27 19:00:00,83.45755
2012-12-27 20:00:00,117.90591
2012-12-27 21:00:00,94.1009
2012-12-27 22:00:00,83.20849
2012-12-27 23:00:00,94.87813
2012-12-28 00:00:00,89.338455
2012-12-28 01:00:00,86.430954
2012-12-28 02:00:00,86.29302
2012-12-28 03:00:00,89.68455
2012-12-28 04:00:00,93.56881
2012-12-28 05:00:00,93.42597
2012-12-28 06:00:00,78.57961
2012-12-28 07:00:00,83.049416
2012-12-28 08:00:00,96.27732
2012-12-28 09:00:00,83.00921
2012-12-28 10:00:00,92.88938
2012-12-28 11:00:00,134.24644
2012-12-28 12:00:00,149.981
2012-12-28 13:00:00,153.72426
2012-12-28 14:00:00,157.10506
2012-12-28 15:00:00,144.54692
2012-12-28 16:00:00,154.07837
2012-12-28 17:00:00,114.26873
2012-12-28 18:00:00,115.62092
2012-12-28 19:00:00,95.419014
2012-12-28 20:00:00,116.047844
2012-12-28 21:00:00,102.19472
2012-12-28 22:00:00,107.57678
2012-12-28 23:00:00,121.37496
2012-12-29 00:00:00,68.40931
2012-12-29 01:00:00,54.885723
2012-12-29 02:00:00,73.89126
2012-12-29 03:00:00,63.575573
2012-12-29 04:00:00,55.973713
2012-12-29 05:00:00,56.471935
2012-12-29 06:00:00,66.872856
2012-12-29 07:00:00,64.4107
2012-12-29 08:00:00,72.662605
2012-12-29 09:00:00,76.04534
2012-12-29 10:00:00,58.384464
2012-12-29 11:00:00,53.32366
2012-12-29 12:00:00,54.54775
2012-12-29 13:00:00,55.06262
2012-12-29 14:00:00,57.35207
2012-12-29 15:00:00,74.821754
2012-12-29 16:00:00,80.96964
2012-12-29 17:00:00,67.06994
2012-12-29 18:00:00,76.25669
2012-12-29 19:00:00,78.807014
2012-12-29 20:00:00,57.057957
2012-12-29 21:00:00,54.681896
2012-12-29 22:00:00,51.399666
2012-12-29 23:00:00,93.371574
2012-12-30 00:00:00,81.25291
2012-12-30 01:00:00,75.34783
2012-12-30 02:00:00,81.12354
2012-12-30 03:00:00,75.00355
2012-12-30 04:00:00,84.70331
2012-12-30 05:00:00,85.26626
2012-12-30 06:00:00,57.743282
2012-12-30 07:00:00,57.76359
2012-12-30 08:00:00,55.23983
2012-12-30 09:00:00,57.39533
2012-12-30 10:00:00,83.49113
2012-12-30 11:00:00,96.553276
2012-12-30 12:00:00,92.37589
2012-12-30 13:00:00,89.57766
2012-12-30 14:00:00,156.20245
2012-12-30 15:00:00,145.48808
2012-12-30 16:00:00,143.525
2012-12-30 17:00:00,100.82988
2012-12-30 18:00:00,63.06515
2012-12-30 19:00:00,97.93571
2012-12-30 20:00:00,53.511913
2012-12-30 21:00:00,78.26552
2012-12-30 22:00:00,55.6953
2012-12-30 23:00:00,55.0189
2012-12-31 00:00:00,82.67358
2012-12-31 01:00:00,82.412895
2012-12-31 02:00:00,72.88429
2012-12-31 03:00:00,79.83561
2012-12-31 04:00:00,57.98638
2012-12-31 05:00:00,60.923798
2012-12-31 06:00:00,67.41465
2012-12-31 07:00:00,73.975555
2012-12-31 08:00:00,58.443943
2012-12-31 09:00:00,84.05816
2012-12-31 10:00:00,80.71844
2012-12-31 11:00:00,89.855965
2012-12-31 12:00:00,100.35984
2012-12-31 13:00:00,147.62558
2012-12-31 14:00:00,151.7322
2012-12-31 15:00:00,167.5103
2012-12-31 16:00:00,148.91716
2012-12-31 17:00:00,162.09378
2012-12-31 18:00:00,153.48611
2012-12-31 19:00:00,124.86854
2012-12-31 20:00:00,128.24432
2012-12-31 21:00:00,124.95397
2012-12-31 22:00:00,148.87253
2012-12-31 23:00:00,121.027534
