datetime,count
2011-01-20 00:00:00,115.5525
2011-01-20 01:00:00,73.57902
2011-01-20 02:00:00,73.32617
2011-01-20 03:00:00,129.91127
2011-01-20 04:00:00,138.84412
2011-01-20 05:00:00,112.12436
2011-01-20 06:00:00,100.899185
2011-01-20 07:00:00,131.84373
2011-01-20 08:00:00,120.47789
2011-01-20 09:00:00,146.95134
2011-01-20 10:00:00,189.75153
2011-01-20 11:00:00,184.92702
2011-01-20 12:00:00,174.31325
2011-01-20 13:00:00,200.73827
2011-01-20 14:00:00,216.04759
2011-01-20 15:00:00,242.11864
2011-01-20 16:00:00,212.44676
2011-01-20 17:00:00,231.69705
2011-01-20 18:00:00,202.76341
2011-01-20 19:00:00,231.00229
2011-01-20 20:00:00,221.5082
2011-01-20 21:00:00,211.7488
2011-01-20 22:00:00,223.94456
2011-01-20 23:00:00,234.01967
2011-01-21 00:00:00,62.573814
2011-01-21 01:00:00,65.51567
2011-01-21 02:00:00,61.38694
2011-01-21 03:00:00,54.223152
2011-01-21 04:00:00,62.794514
2011-01-21 05:00:00,88.06202
2011-01-21 06:00:00,123.94417
2011-01-21 07:00:00,124.07505
2011-01-21 08:00:00,130.9171
2011-01-21 09:00:00,104.50295
2011-01-21 10:00:00,106.47824
2011-01-21 11:00:00,148.12468
2011-01-21 12:00:00,74.21953
2011-01-21 13:00:00,82.65391
2011-01-21 14:00:00,74.518745
2011-01-21 15:00:00,73.14965
2011-01-21 16:00:00,94.30848
2011-01-21 17:00:00,109.0162
2011-01-21 18:00:00,211.20667
2011-01-21 19:00:00,166.98616
2011-01-21 20:00:00,99.029335
2011-01-21 21:00:00,202.97612
2011-01-21 22:00:00,164.58257
2011-01-21 23:00:00,153.88528
2011-01-22 00:00:00,46.53598
2011-01-22 01:00:00,44.465584
2011-01-22 02:00:00,46.669594
2011-01-22 03:00:00,45.614883
2011-01-22 04:00:00,44.213562
2011-01-22 06:00:00,47.250782
2011-01-22 07:00:00,45.140762
2011-01-22 08:00:00,43.00106
2011-01-22 09:00:00,51.503456
2011-01-22 10:00:00,53.991264
2011-01-22 11:00:00,80.96788
2011-01-22 12:00:00,80.50215
2011-01-22 13:00:00,80.474396
2011-01-22 14:00:00,96.448616
2011-01-22 15:00:00,89.2191
2011-01-22 16:00:00,167.80322
2011-01-22 17:00:00,82.02046
2011-01-22 18:00:00,200.69751
2011-01-22 19:00:00,96.259026
2011-01-22 20:00:00,86.982574
2011-01-22 21:00:00,76.52046
2011-01-22 22:00:00,73.541855
2011-01-22 23:00:00,60.164948
2011-01-23 00:00:00,52.221153
2011-01-23 01:00:00,52.309372
2011-01-23 02:00:00,50.362488
2011-01-23 03:00:00,50.485134
2011-01-23 05:00:00,57.37428
2011-01-23 06:00:00,57.224693
2011-01-23 07:00:00,56.581886
2011-01-23 08:00:00,54.094536
2011-01-23 09:00:00,51.657314
2011-01-23 10:00:00,56.928856
2011-01-23 11:00:00,97.62582
2011-01-23 12:00:00,84.979004
2011-01-23 13:00:00,103.905334
2011-01-23 14:00:00,87.10936
2011-01-23 15:00:00,87.10936
2011-01-23 16:00:00,87.10936
2011-01-23 17:00:00,82.60054
2011-01-23 18:00:00,124.41435
2011-01-23 19:00:00,94.30948
2011-01-23 20:00:00,116.287704
2011-01-23 21:00:00,153.55644
2011-01-23 22:00:00,121.91272
2011-01-23 23:00:00,118.3506
2011-01-24 00:00:00,51.2117
2011-01-24 01:00:00,56.3027
2011-01-24 03:00:00,51.528767
2011-01-24 04:00:00,59.754135
2011-01-24 05:00:00,59.64978
2011-01-24 06:00:00,59.720444
2011-01-24 07:00:00,62.593185
2011-01-24 08:00:00,70.00957
2011-01-24 09:00:00,83.29787
2011-01-24 10:00:00,97.61527
2011-01-24 11:00:00,130.4185
2011-01-24 12:00:00,144.36143
2011-01-24 13:00:00,167.00078
2011-01-24 14:00:00,168.90294
2011-01-24 15:00:00,188.74825
2011-01-24 16:00:00,190.55983
2011-01-24 17:00:00,164.33453
2011-01-24 18:00:00,86.9426
2011-01-24 19:00:00,150.32895
2011-01-24 20:00:00,111.88497
2011-01-24 21:00:00,68.361465
2011-01-24 22:00:00,146.7853
2011-01-24 23:00:00,175.73465
2011-01-25 00:00:00,54.006958
2011-01-25 01:00:00,60.00431
2011-01-25 02:00:00,60.022785
2011-01-25 04:00:00,64.35996
2011-01-25 05:00:00,61.323807
2011-01-25 06:00:00,62.428658
2011-01-25 07:00:00,61.00473
2011-01-25 08:00:00,60.548702
2011-01-25 09:00:00,118.73061
2011-01-25 10:00:00,142.69572
2011-01-25 11:00:00,158.66475
2011-01-25 12:00:00,149.78342
2011-01-25 13:00:00,165.82854
2011-01-25 14:00:00,169.03477
2011-01-25 15:00:00,230.74995
2011-01-25 16:00:00,247.48463
2011-01-25 17:00:00,153.06322
2011-01-25 18:00:00,253.19446
2011-01-25 19:00:00,185.1243
2011-01-25 20:00:00,188.53535
2011-01-25 21:00:00,192.43399
2011-01-25 22:00:00,168.37364
2011-01-25 23:00:00,187.2371
2011-01-26 00:00:00,79.98537
2011-01-26 01:00:00,99.20705
2011-01-26 02:00:00,55.670105
2011-01-26 05:00:00,56.2646
2011-01-26 06:00:00,56.57608
2011-01-26 07:00:00,55.853817
2011-01-26 08:00:00,56.359066
2011-01-26 09:00:00,56.914795
2011-01-26 10:00:00,59.094162
2011-01-26 11:00:00,58.91465
2011-01-26 12:00:00,59.50171
2011-01-26 13:00:00,60.032227
2011-01-26 14:00:00,59.893433
2011-01-26 15:00:00,58.604538
2011-01-26 16:00:00,57.501797
2011-01-26 17:00:00,62.00895
2011-01-27 16:00:00,177.43196
2011-01-27 17:00:00,157.19672
2011-01-27 18:00:00,63.085037
2011-01-27 19:00:00,63.239563
2011-01-27 20:00:00,59.584473
2011-01-27 21:00:00,59.568478
2011-01-27 22:00:00,59.56229
2011-01-27 23:00:00,62.168083
2011-01-28 00:00:00,60.530167
2011-01-28 01:00:00,60.405518
2011-01-28 02:00:00,59.90767
2011-01-28 03:00:00,60.32187
2011-01-28 05:00:00,61.920273
2011-01-28 06:00:00,61.303795
2011-01-28 07:00:00,64.62073
2011-01-28 08:00:00,64.13581
2011-01-28 09:00:00,61.7188
2011-01-28 10:00:00,61.466
2011-01-28 11:00:00,63.303207
2011-01-28 12:00:00,63.279312
2011-01-28 13:00:00,63.271027
2011-01-28 14:00:00,142.15971
2011-01-28 15:00:00,57.88284
2011-01-28 16:00:00,54.342068
2011-01-28 17:00:00,64.92061
2011-01-28 18:00:00,69.6355
2011-01-28 19:00:00,150.39
2011-01-28 20:00:00,191.44691
2011-01-28 21:00:00,138.15286
2011-01-28 22:00:00,216.60823
2011-01-28 23:00:00,209.84602
2011-01-29 00:00:00,57.06737
2011-01-29 01:00:00,59.62822
2011-01-29 02:00:00,59.8117
2011-01-29 03:00:00,60.29052
2011-01-29 04:00:00,59.46751
2011-01-29 06:00:00,61.016357
2011-01-29 07:00:00,59.35472
2011-01-29 08:00:00,59.685722
2011-01-29 09:00:00,56.9383
2011-01-29 10:00:00,59.70246
2011-01-29 11:00:00,59.675762
2011-01-29 12:00:00,83.64463
2011-01-29 13:00:00,155.80766
2011-01-29 14:00:00,114.90074
2011-01-29 15:00:00,62.39895
2011-01-29 16:00:00,82.16802
2011-01-29 17:00:00,70.656815
2011-01-29 18:00:00,59.767788
2011-01-29 19:00:00,93.146385
2011-01-29 20:00:00,55.29638
2011-01-29 21:00:00,55.994785
2011-01-29 22:00:00,54.425648
2011-01-29 23:00:00,54.934246
2011-01-30 00:00:00,57.066628
2011-01-30 01:00:00,49.464966
2011-01-30 02:00:00,50.427326
2011-01-30 03:00:00,46.76837
2011-01-30 04:00:00,46.70433
2011-01-30 05:00:00,47.912746
2011-01-30 07:00:00,48.120907
2011-01-30 08:00:00,57.002384
2011-01-30 09:00:00,56.195263
2011-01-30 10:00:00,54.34343
2011-01-30 11:00:00,50.09388
2011-01-30 12:00:00,114.98377
2011-01-30 13:00:00,75.11904
2011-01-30 14:00:00,72.30871
2011-01-30 15:00:00,74.91789
2011-01-30 16:00:00,75.589264
2011-01-30 17:00:00,197.11081
2011-01-30 18:00:00,79.47908
2011-01-30 19:00:00,91.68041
2011-01-30 20:00:00,132.31136
2011-01-30 21:00:00,98.65677
2011-01-30 22:00:00,119.86994
2011-01-30 23:00:00,205.15724
2011-01-31 00:00:00,61.422188
2011-01-31 01:00:00,101.53923
2011-01-31 02:00:00,99.9998
2011-01-31 03:00:00,99.59531
2011-01-31 04:00:00,106.618225
2011-01-31 05:00:00,59.73366
2011-01-31 06:00:00,59.56016
2011-01-31 07:00:00,57.395668
2011-01-31 08:00:00,69.32576
2011-01-31 09:00:00,69.05342
2011-01-31 10:00:00,89.87772
2011-01-31 11:00:00,93.78842
2011-01-31 12:00:00,135.82004
2011-01-31 13:00:00,119.173904
2011-01-31 14:00:00,160.08517
2011-01-31 15:00:00,159.99025
2011-01-31 16:00:00,171.66435
2011-01-31 17:00:00,157.16638
2011-01-31 18:00:00,186.77905
2011-01-31 19:00:00,176.26773
2011-01-31 20:00:00,187.04288
2011-01-31 21:00:00,189.16501
2011-01-31 22:00:00,186.67036
2011-01-31 23:00:00,167.62367
2011-02-20 00:00:00,103.84767
2011-02-20 01:00:00,100.223145
2011-02-20 02:00:00,67.43388
2011-02-20 03:00:00,59.778625
2011-02-20 04:00:00,59.434784
2011-02-20 06:00:00,77.03932
2011-02-20 07:00:00,60.069168
2011-02-20 08:00:00,64.925156
2011-02-20 09:00:00,139.93053
2011-02-20 10:00:00,189.36859
2011-02-20 11:00:00,333.15045
2011-02-20 12:00:00,322.4687
2011-02-20 13:00:00,303.6617
2011-02-20 14:00:00,470.36093
2011-02-20 15:00:00,392.49588
2011-02-20 16:00:00,405.35443
2011-02-20 17:00:00,431.26526
2011-02-20 18:00:00,393.79132
2011-02-20 19:00:00,391.37012
2011-02-20 20:00:00,262.07104
2011-02-20 21:00:00,127.142944
2011-02-20 22:00:00,276.52988
2011-02-20 23:00:00,232.78392
2011-02-21 00:00:00,118.42574
2011-02-21 01:00:00,122.68103
2011-02-21 02:00:00,126.98577
2011-02-21 03:00:00,144.66232
2011-02-21 04:00:00,170.32881
2011-02-21 05:00:00,185.08112
2011-02-21 06:00:00,315.41714
2011-02-21 07:00:00,348.3794
2011-02-21 08:00:00,120.367256
2011-02-21 09:00:00,144.84941
2011-02-21 10:00:00,168.41318
2011-02-21 11:00:00,142.27505
2011-02-21 12:00:00,145.60638
2011-02-21 13:00:00,60.647537
2011-02-21 14:00:00,77.40419
2011-02-21 15:00:00,60.84274
2011-02-21 16:00:00,57.986477
2011-02-21 17:00:00,64.78575
2011-02-21 18:00:00,65.721466
2011-02-21 19:00:00,65.785866
2011-02-21 20:00:00,62.286003
2011-02-21 21:00:00,58.751858
2011-02-21 22:00:00,60.789787
2011-02-21 23:00:00,61.4433
2011-02-22 06:00:00,55.578003
2011-02-22 07:00:00,56.341923
2011-02-22 08:00:00,59.954346
2011-02-22 09:00:00,60.101654
2011-02-22 10:00:00,54.04649
2011-02-22 11:00:00,59.985527
2011-02-22 12:00:00,97.4225
2011-02-22 13:00:00,162.365
2011-02-22 14:00:00,171.91783
2011-02-22 15:00:00,194.24254
2011-02-22 16:00:00,175.02573
2011-02-22 17:00:00,194.04126
2011-02-22 18:00:00,194.71487
2011-02-22 19:00:00,221.8608
2011-02-22 20:00:00,212.25748
2011-02-22 21:00:00,226.76747
2011-02-22 22:00:00,235.23567
2011-02-22 23:00:00,239.15608
2011-02-23 00:00:00,64.94487
2011-02-23 01:00:00,73.863625
2011-02-23 02:00:00,88.220764
2011-02-23 03:00:00,79.99686
2011-02-23 05:00:00,104.75618
2011-02-23 06:00:00,111.16111
2011-02-23 07:00:00,68.20151
2011-02-23 08:00:00,80.329956
2011-02-23 09:00:00,116.1744
2011-02-23 10:00:00,133.16884
2011-02-23 11:00:00,166.75389
2011-02-23 12:00:00,246.28783
2011-02-23 13:00:00,356.655
2011-02-23 14:00:00,383.959
2011-02-23 15:00:00,354.98666
2011-02-23 16:00:00,233.85854
2011-02-23 17:00:00,322.74042
2011-02-23 18:00:00,330.38583
2011-02-23 19:00:00,250.95201
2011-02-23 20:00:00,183.64052
2011-02-23 21:00:00,99.90422
2011-02-23 22:00:00,102.016655
2011-02-23 23:00:00,213.70804
2011-02-24 00:00:00,93.9521
2011-02-24 01:00:00,74.18709
2011-02-24 02:00:00,59.653996
2011-02-24 03:00:00,69.73372
2011-02-24 05:00:00,59.89586
2011-02-24 06:00:00,59.737114
2011-02-24 07:00:00,59.926826
2011-02-24 08:00:00,66.23376
2011-02-24 09:00:00,59.767815
2011-02-24 10:00:00,75.69696
2011-02-24 11:00:00,175.54195
2011-02-24 12:00:00,209.4574
2011-02-24 13:00:00,207.35661
2011-02-24 14:00:00,241.9179
2011-02-24 15:00:00,247.92053
2011-02-24 16:00:00,206.45766
2011-02-24 17:00:00,193.0471
2011-02-24 18:00:00,149.19472
2011-02-24 19:00:00,138.30379
2011-02-24 20:00:00,107.94118
2011-02-24 21:00:00,195.38948
2011-02-24 22:00:00,232.20601
2011-02-24 23:00:00,126.32884
2011-02-25 00:00:00,85.70662
2011-02-25 01:00:00,57.194595
2011-02-25 02:00:00,56.77768
2011-02-25 03:00:00,60.946503
2011-02-25 05:00:00,60.490795
2011-02-25 06:00:00,86.71924
2011-02-25 07:00:00,62.32364
2011-02-25 08:00:00,90.7935
2011-02-25 09:00:00,58.518215
2011-02-25 10:00:00,107.51256
2011-02-25 11:00:00,257.2763
2011-02-25 12:00:00,262.54437
2011-02-25 13:00:00,272.50262
2011-02-25 14:00:00,291.5088
2011-02-25 15:00:00,76.74664
2011-02-25 16:00:00,261.7739
2011-02-25 17:00:00,92.80664
2011-02-25 18:00:00,288.4148
2011-02-25 19:00:00,274.67346
2011-02-25 20:00:00,188.45076
2011-02-25 21:00:00,284.9068
2011-02-25 22:00:00,295.75198
2011-02-25 23:00:00,280.4931
2011-02-26 00:00:00,80.33236
2011-02-26 01:00:00,72.97374
2011-02-26 02:00:00,56.684467
2011-02-26 03:00:00,63.293896
2011-02-26 04:00:00,83.54216
2011-02-26 05:00:00,61.51912
2011-02-26 06:00:00,65.05458
2011-02-26 07:00:00,59.568455
2011-02-26 08:00:00,80.86402
2011-02-26 09:00:00,142.58603
2011-02-26 10:00:00,174.38542
2011-02-26 11:00:00,107.74451
2011-02-26 12:00:00,223.61598
2011-02-26 13:00:00,291.85245
2011-02-26 14:00:00,320.73096
2011-02-26 15:00:00,349.41846
2011-02-26 16:00:00,310.0957
2011-02-26 17:00:00,375.5146
2011-02-26 18:00:00,338.1859
2011-02-26 19:00:00,297.74664
2011-02-26 20:00:00,215.03337
2011-02-26 21:00:00,183.86981
2011-02-26 22:00:00,68.618416
2011-02-26 23:00:00,83.21789
2011-02-27 00:00:00,60.45858
2011-02-27 01:00:00,61.879696
2011-02-27 02:00:00,57.549255
2011-02-27 03:00:00,52.27749
2011-02-27 04:00:00,58.113266
2011-02-27 06:00:00,44.223194
2011-02-27 07:00:00,57.52964
2011-02-27 08:00:00,46.261787
2011-02-27 09:00:00,50.134087
2011-02-27 10:00:00,57.252884
2011-02-27 11:00:00,113.96036
2011-02-27 12:00:00,158.4297
2011-02-27 13:00:00,294.33472
2011-02-27 14:00:00,357.19388
2011-02-27 15:00:00,425.09097
2011-02-27 16:00:00,463.40247
2011-02-27 17:00:00,298.26236
2011-02-27 18:00:00,301.07416
2011-02-27 19:00:00,325.20096
2011-02-27 20:00:00,294.32602
2011-02-27 21:00:00,242.68723
2011-02-27 22:00:00,282.62042
2011-02-27 23:00:00,276.5376
2011-02-28 00:00:00,123.919014
2011-02-28 01:00:00,62.823807
2011-02-28 03:00:00,59.900948
2011-02-28 05:00:00,69.14104
2011-02-28 06:00:00,60.214497
2011-02-28 07:00:00,74.87898
2011-02-28 08:00:00,62.04652
2011-02-28 09:00:00,184.66269
2011-02-28 10:00:00,220.0971
2011-02-28 11:00:00,245.66072
2011-02-28 12:00:00,253.3571
2011-02-28 13:00:00,245.71425
2011-02-28 14:00:00,107.766464
2011-02-28 15:00:00,128.04132
2011-02-28 16:00:00,236.89922
2011-02-28 17:00:00,137.21529
2011-02-28 18:00:00,273.5251
2011-02-28 19:00:00,141.73811
2011-02-28 20:00:00,164.20445
2011-02-28 21:00:00,230.84506
2011-02-28 22:00:00,127.29378
2011-02-28 23:00:00,222.07715
2011-03-20 00:00:00,116.61288
2011-03-20 01:00:00,94.06458
2011-03-20 02:00:00,108.546326
2011-03-20 03:00:00,90.80263
2011-03-20 04:00:00,85.80015
2011-03-20 05:00:00,70.45851
2011-03-20 06:00:00,69.89859
2011-03-20 07:00:00,61.7004
2011-03-20 08:00:00,96.7965
2011-03-20 09:00:00,136.42685
2011-03-20 10:00:00,159.75723
2011-03-20 11:00:00,291.10098
2011-03-20 12:00:00,315.91992
2011-03-20 13:00:00,347.00595
2011-03-20 14:00:00,312.76825
2011-03-20 15:00:00,447.37018
2011-03-20 16:00:00,336.799
2011-03-20 17:00:00,384.01352
2011-03-20 18:00:00,324.83484
2011-03-20 19:00:00,378.8832
2011-03-20 20:00:00,372.49237
2011-03-20 21:00:00,324.1644
2011-03-20 22:00:00,336.42743
2011-03-20 23:00:00,289.511
2011-03-21 00:00:00,76.84417
2011-03-21 01:00:00,94.48021
2011-03-21 02:00:00,112.33957
2011-03-21 03:00:00,125.967476
2011-03-21 05:00:00,74.83737
2011-03-21 06:00:00,93.99838
2011-03-21 07:00:00,59.834507
2011-03-21 08:00:00,58.728073
2011-03-21 09:00:00,86.120926
2011-03-21 10:00:00,150.92235
2011-03-21 11:00:00,193.32022
2011-03-21 12:00:00,198.99394
2011-03-21 13:00:00,227.13992
2011-03-21 14:00:00,247.32153
2011-03-21 15:00:00,309.3562
2011-03-21 16:00:00,273.69165
2011-03-21 17:00:00,284.86002
2011-03-21 18:00:00,241.59676
2011-03-21 19:00:00,398.90253
2011-03-21 20:00:00,345.06683
2011-03-21 21:00:00,89.06588
2011-03-21 22:00:00,129.83295
2011-03-21 23:00:00,73.27815
2011-03-22 00:00:00,69.64479
2011-03-22 01:00:00,56.232265
2011-03-22 02:00:00,70.002205
2011-03-22 03:00:00,115.92008
2011-03-22 04:00:00,136.58731
2011-03-22 05:00:00,80.52835
2011-03-22 06:00:00,86.783104
2011-03-22 07:00:00,99.15128
2011-03-22 08:00:00,191.52753
2011-03-22 09:00:00,190.30927
2011-03-22 10:00:00,221.99796
2011-03-22 11:00:00,241.72859
2011-03-22 12:00:00,302.93616
2011-03-22 13:00:00,396.28058
2011-03-22 14:00:00,456.8522
2011-03-22 15:00:00,485.22934
2011-03-22 16:00:00,463.5584
2011-03-22 17:00:00,469.82184
2011-03-22 18:00:00,451.289
2011-03-22 19:00:00,391.95575
2011-03-22 20:00:00,400.7736
2011-03-22 21:00:00,422.87625
2011-03-22 22:00:00,368.39777
2011-03-22 23:00:00,392.73895
2011-03-23 00:00:00,111.208405
2011-03-23 01:00:00,78.84149
2011-03-23 02:00:00,85.38982
2011-03-23 03:00:00,122.87753
2011-03-23 05:00:00,101.987564
2011-03-23 06:00:00,78.03874
2011-03-23 07:00:00,59.65297
2011-03-23 08:00:00,71.98742
2011-03-23 09:00:00,90.88693
2011-03-23 10:00:00,98.4074
2011-03-23 11:00:00,75.8853
2011-03-23 12:00:00,79.601425
2011-03-23 13:00:00,103.03277
2011-03-23 14:00:00,71.98796
2011-03-23 15:00:00,161.67796
2011-03-23 16:00:00,180.29439
2011-03-23 17:00:00,182.62581
2011-03-23 18:00:00,190.22295
2011-03-23 19:00:00,194.35652
2011-03-23 20:00:00,85.1334
2011-03-23 21:00:00,64.27838
2011-03-23 22:00:00,68.81769
2011-03-23 23:00:00,85.43323
2011-03-24 00:00:00,59.55992
2011-03-24 01:00:00,61.53357
2011-03-24 02:00:00,60.755653
2011-03-24 03:00:00,62.533882
2011-03-24 04:00:00,62.30372
2011-03-24 05:00:00,60.09661
2011-03-24 06:00:00,60.10381
2011-03-24 07:00:00,60.522274
2011-03-24 08:00:00,60.204956
2011-03-24 09:00:00,60.411026
2011-03-24 10:00:00,60.257725
2011-03-24 11:00:00,74.045204
2011-03-24 12:00:00,127.44413
2011-03-24 13:00:00,154.16687
2011-03-24 14:00:00,118.1031
2011-03-24 15:00:00,167.77296
2011-03-24 16:00:00,179.51378
2011-03-24 17:00:00,170.29585
2011-03-24 18:00:00,220.15425
2011-03-24 19:00:00,249.75899
2011-03-24 20:00:00,204.84761
2011-03-24 21:00:00,180.02109
2011-03-24 22:00:00,182.69475
2011-03-24 23:00:00,181.51677
2011-03-25 00:00:00,129.96698
2011-03-25 01:00:00,94.542694
2011-03-25 02:00:00,64.36937
2011-03-25 03:00:00,80.19074
2011-03-25 04:00:00,60.184937
2011-03-25 05:00:00,60.102978
2011-03-25 06:00:00,59.951874
2011-03-25 07:00:00,83.91558
2011-03-25 08:00:00,147.42656
2011-03-25 09:00:00,162.21689
2011-03-25 10:00:00,138.05672
2011-03-25 11:00:00,203.22957
2011-03-25 12:00:00,243.90529
2011-03-25 13:00:00,311.58725
2011-03-25 14:00:00,435.87265
2011-03-25 15:00:00,407.3853
2011-03-25 16:00:00,448.83386
2011-03-25 17:00:00,394.96674
2011-03-25 18:00:00,387.6952
2011-03-25 19:00:00,420.88562
2011-03-25 20:00:00,299.7518
2011-03-25 21:00:00,311.23224
2011-03-25 22:00:00,399.01404
2011-03-25 23:00:00,402.5239
2011-03-26 00:00:00,135.55833
2011-03-26 01:00:00,117.72052
2011-03-26 02:00:00,151.77563
2011-03-26 03:00:00,163.51254
2011-03-26 04:00:00,151.88322
2011-03-26 05:00:00,134.97531
2011-03-26 06:00:00,62.789196
2011-03-26 07:00:00,124.76833
2011-03-26 08:00:00,147.27502
2011-03-26 09:00:00,163.8766
2011-03-26 10:00:00,204.88142
2011-03-26 11:00:00,257.16562
2011-03-26 12:00:00,325.15524
2011-03-26 13:00:00,394.39575
2011-03-26 14:00:00,429.50342
2011-03-26 15:00:00,397.09772
2011-03-26 16:00:00,347.96667
2011-03-26 17:00:00,371.64587
2011-03-26 18:00:00,217.11719
2011-03-26 19:00:00,351.4502
2011-03-26 20:00:00,357.62424
2011-03-26 21:00:00,241.66718
2011-03-26 22:00:00,292.49426
2011-03-26 23:00:00,365.8954
2011-03-27 00:00:00,147.59048
2011-03-27 01:00:00,114.95623
2011-03-27 02:00:00,69.84618
2011-03-27 03:00:00,54.03164
2011-03-27 04:00:00,58.757782
2011-03-27 06:00:00,59.59447
2011-03-27 07:00:00,58.329803
2011-03-27 08:00:00,60.249615
2011-03-27 09:00:00,74.35511
2011-03-27 10:00:00,138.2672
2011-03-27 11:00:00,187.79832
2011-03-27 12:00:00,267.54807
2011-03-27 13:00:00,322.70236
2011-03-27 14:00:00,323.6786
2011-03-27 15:00:00,417.88885
2011-03-27 16:00:00,285.2116
2011-03-27 17:00:00,417.66748
2011-03-27 18:00:00,348.23724
2011-03-27 19:00:00,372.159
2011-03-27 20:00:00,287.36377
2011-03-27 21:00:00,222.48274
2011-03-27 22:00:00,223.88931
2011-03-27 23:00:00,238.92049
2011-03-28 00:00:00,104.92363
2011-03-28 01:00:00,124.7443
2011-03-28 02:00:00,126.4288
2011-03-28 03:00:00,133.28
2011-03-28 05:00:00,144.24893
2011-03-28 06:00:00,181.73358
2011-03-28 07:00:00,182.91634
2011-03-28 08:00:00,210.79106
2011-03-28 09:00:00,286.5032
2011-03-28 10:00:00,278.36874
2011-03-28 11:00:00,361.87976
2011-03-28 12:00:00,209.1512
2011-03-28 13:00:00,337.3532
2011-03-28 14:00:00,371.20084
2011-03-28 15:00:00,427.50546
2011-03-28 16:00:00,394.08945
2011-03-28 17:00:00,472.076
2011-03-28 18:00:00,384.45
2011-03-28 19:00:00,224.05582
2011-03-28 20:00:00,148.9576
2011-03-28 21:00:00,111.06675
2011-03-28 22:00:00,267.1956
2011-03-28 23:00:00,335.86795
2011-03-29 00:00:00,157.19432
2011-03-29 01:00:00,175.80708
2011-03-29 02:00:00,182.51152
2011-03-29 03:00:00,187.18475
2011-03-29 04:00:00,135.42921
2011-03-29 05:00:00,180.25804
2011-03-29 06:00:00,177.19707
2011-03-29 07:00:00,146.41669
2011-03-29 08:00:00,192.43465
2011-03-29 09:00:00,250.20598
2011-03-29 10:00:00,386.2312
2011-03-29 11:00:00,280.89154
2011-03-29 12:00:00,368.00897
2011-03-29 13:00:00,439.34155
2011-03-29 14:00:00,452.10492
2011-03-29 15:00:00,387.1386
2011-03-29 16:00:00,252.67221
2011-03-29 17:00:00,159.04898
2011-03-29 18:00:00,174.09277
2011-03-29 19:00:00,309.42044
2011-03-29 20:00:00,133.67131
2011-03-29 21:00:00,278.6526
2011-03-29 22:00:00,209.21025
2011-03-29 23:00:00,196.15343
2011-03-30 00:00:00,133.03743
2011-03-30 01:00:00,220.19563
2011-03-30 02:00:00,131.44466
2011-03-30 03:00:00,205.06567
2011-03-30 04:00:00,144.96138
2011-03-30 05:00:00,129.92902
2011-03-30 06:00:00,176.97641
2011-03-30 07:00:00,232.07951
2011-03-30 08:00:00,193.57756
2011-03-30 09:00:00,205.6266
2011-03-30 10:00:00,215.32018
2011-03-30 11:00:00,227.81226
2011-03-30 12:00:00,269.56357
2011-03-30 13:00:00,290.42493
2011-03-30 14:00:00,291.84018
2011-03-30 15:00:00,93.38805
2011-03-30 16:00:00,92.290085
2011-03-30 17:00:00,70.58531
2011-03-30 18:00:00,60.437717
2011-03-30 19:00:00,60.391685
2011-03-30 20:00:00,62.3955
2011-03-30 21:00:00,61.84806
2011-03-30 22:00:00,65.53975
2011-03-30 23:00:00,66.64131
2011-03-31 00:00:00,60.662365
2011-03-31 01:00:00,60.97374
2011-03-31 02:00:00,60.83
2011-03-31 03:00:00,60.3754
2011-03-31 04:00:00,59.9409
2011-03-31 05:00:00,60.168373
2011-03-31 06:00:00,59.754414
2011-03-31 07:00:00,59.84983
2011-03-31 08:00:00,62.188126
2011-03-31 09:00:00,59.737236
2011-03-31 10:00:00,59.738777
2011-03-31 11:00:00,59.626823
2011-03-31 12:00:00,59.89469
2011-03-31 13:00:00,101.999306
2011-03-31 14:00:00,101.0559
2011-03-31 15:00:00,78.92369
2011-03-31 16:00:00,78.75571
2011-03-31 17:00:00,86.016975
2011-03-31 18:00:00,65.49352
2011-03-31 19:00:00,66.6763
2011-03-31 20:00:00,78.23267
2011-03-31 21:00:00,59.536343
2011-03-31 22:00:00,107.11778
2011-03-31 23:00:00,62.046402
2011-04-20 00:00:00,71.21463
2011-04-20 01:00:00,57.95364
2011-04-20 02:00:00,59.53779
2011-04-20 03:00:00,67.13667
2011-04-20 04:00:00,57.558937
2011-04-20 05:00:00,61.86429
2011-04-20 06:00:00,66.39476
2011-04-20 07:00:00,67.33392
2011-04-20 08:00:00,275.93265
2011-04-20 09:00:00,288.69547
2011-04-20 10:00:00,151.10153
2011-04-20 11:00:00,171.42604
2011-04-20 12:00:00,495.5798
2011-04-20 13:00:00,522.3539
2011-04-20 14:00:00,595.8306
2011-04-20 15:00:00,537.1597
2011-04-20 16:00:00,526.39746
2011-04-20 17:00:00,557.276
2011-04-20 18:00:00,336.2281
2011-04-20 19:00:00,382.6433
2011-04-20 20:00:00,448.6333
2011-04-20 21:00:00,486.01593
2011-04-20 22:00:00,596.6331
2011-04-20 23:00:00,542.43256
2011-04-21 00:00:00,267.688
2011-04-21 01:00:00,230.04839
2011-04-21 02:00:00,262.93127
2011-04-21 03:00:00,213.97887
2011-04-21 04:00:00,201.7875
2011-04-21 05:00:00,172.6632
2011-04-21 06:00:00,139.98207
2011-04-21 07:00:00,243.0188
2011-04-21 08:00:00,228.18013
2011-04-21 09:00:00,240.58255
2011-04-21 10:00:00,272.31863
2011-04-21 11:00:00,345.58063
2011-04-21 12:00:00,422.49005
2011-04-21 13:00:00,500.86475
2011-04-21 14:00:00,467.23343
2011-04-21 15:00:00,407.1605
2011-04-21 16:00:00,381.7226
2011-04-21 17:00:00,468.04916
2011-04-21 18:00:00,304.32208
2011-04-21 19:00:00,466.1145
2011-04-21 20:00:00,412.25018
2011-04-21 21:00:00,445.11856
2011-04-21 22:00:00,374.87146
2011-04-21 23:00:00,398.13782
2011-04-22 00:00:00,129.37712
2011-04-22 01:00:00,139.14816
2011-04-22 02:00:00,154.05872
2011-04-22 03:00:00,160.24648
2011-04-22 04:00:00,161.40697
2011-04-22 05:00:00,155.18922
2011-04-22 06:00:00,167.7269
2011-04-22 07:00:00,169.81075
2011-04-22 08:00:00,172.41808
2011-04-22 09:00:00,150.87624
2011-04-22 10:00:00,156.87062
2011-04-22 11:00:00,157.65236
2011-04-22 12:00:00,134.08452
2011-04-22 13:00:00,120.456665
2011-04-22 14:00:00,111.18768
2011-04-22 15:00:00,130.41643
2011-04-22 16:00:00,112.25213
2011-04-22 17:00:00,104.507774
2011-04-22 18:00:00,109.506485
2011-04-22 19:00:00,114.30537
2011-04-22 20:00:00,156.62465
2011-04-22 21:00:00,109.41103
2011-04-22 22:00:00,70.10513
2011-04-22 23:00:00,92.823616
2011-04-23 00:00:00,62.764233
2011-04-23 01:00:00,62.55802
2011-04-23 02:00:00,61.992954
2011-04-23 03:00:00,61.71553
2011-04-23 04:00:00,52.805786
2011-04-23 05:00:00,52.296604
2011-04-23 06:00:00,59.17484
2011-04-23 07:00:00,60.74036
2011-04-23 08:00:00,60.91098
2011-04-23 09:00:00,60.150124
2011-04-23 10:00:00,74.838615
2011-04-23 11:00:00,89.24904
2011-04-23 12:00:00,185.18816
2011-04-23 13:00:00,178.51631
2011-04-23 14:00:00,238.39049
2011-04-23 15:00:00,267.25415
2011-04-23 16:00:00,250.27638
2011-04-23 17:00:00,276.20972
2011-04-23 18:00:00,154.54881
2011-04-23 19:00:00,186.16011
2011-04-23 20:00:00,198.66966
2011-04-23 21:00:00,257.3546
2011-04-23 22:00:00,305.98422
2011-04-23 23:00:00,144.60481
2011-04-24 00:00:00,85.58895
2011-04-24 01:00:00,73.43608
2011-04-24 02:00:00,73.33839
2011-04-24 03:00:00,66.262245
2011-04-24 04:00:00,66.28485
2011-04-24 05:00:00,66.30782
2011-04-24 06:00:00,66.9507
2011-04-24 07:00:00,66.83362
2011-04-24 08:00:00,81.399376
2011-04-24 09:00:00,102.90401
2011-04-24 10:00:00,98.04616
2011-04-24 11:00:00,315.73105
2011-04-24 12:00:00,346.09305
2011-04-24 13:00:00,477.91376
2011-04-24 14:00:00,556.0567
2011-04-24 15:00:00,442.5681
2011-04-24 16:00:00,742.2087
2011-04-24 17:00:00,426.12845
2011-04-24 18:00:00,395.65594
2011-04-24 19:00:00,268.1172
2011-04-24 20:00:00,274.2787
2011-04-24 21:00:00,164.56178
2011-04-24 22:00:00,128.44606
2011-04-24 23:00:00,81.64371
2011-04-25 00:00:00,105.00345
2011-04-25 01:00:00,70.06244
2011-04-25 02:00:00,70.73924
2011-04-25 03:00:00,77.37262
2011-04-25 04:00:00,61.601036
2011-04-25 05:00:00,70.054
2011-04-25 06:00:00,65.0513
2011-04-25 07:00:00,80.25148
2011-04-25 08:00:00,85.775024
2011-04-25 09:00:00,98.95625
2011-04-25 10:00:00,231.93358
2011-04-25 11:00:00,238.97893
2011-04-25 12:00:00,264.38977
2011-04-25 13:00:00,329.57745
2011-04-25 14:00:00,522.1437
2011-04-25 15:00:00,579.86005
2011-04-25 16:00:00,517.6232
2011-04-25 17:00:00,556.7806
2011-04-25 18:00:00,504.73224
2011-04-25 19:00:00,515.77203
2011-04-25 20:00:00,484.61914
2011-04-25 21:00:00,366.3909
2011-04-25 22:00:00,321.94098
2011-04-25 23:00:00,289.5202
2011-04-26 00:00:00,232.12134
2011-04-26 01:00:00,229.62535
2011-04-26 02:00:00,208.38455
2011-04-26 03:00:00,148.86
2011-04-26 04:00:00,167.15321
2011-04-26 05:00:00,149.16661
2011-04-26 06:00:00,129.47734
2011-04-26 07:00:00,223.57248
2011-04-26 08:00:00,228.68573
2011-04-26 09:00:00,268.34473
2011-04-26 10:00:00,288.92072
2011-04-26 11:00:00,314.83636
2011-04-26 12:00:00,353.83368
2011-04-26 13:00:00,506.00146
2011-04-26 14:00:00,441.11707
2011-04-26 15:00:00,409.17224
2011-04-26 16:00:00,460.58026
2011-04-26 17:00:00,430.48077
2011-04-26 18:00:00,410.23138
2011-04-26 19:00:00,325.01108
2011-04-26 20:00:00,325.75494
2011-04-26 21:00:00,292.68933
2011-04-26 22:00:00,268.1859
2011-04-26 23:00:00,277.58813
2011-04-27 00:00:00,133.67627
2011-04-27 01:00:00,165.26733
2011-04-27 02:00:00,154.73857
2011-04-27 03:00:00,190.87752
2011-04-27 04:00:00,107.93746
2011-04-27 05:00:00,164.19467
2011-04-27 06:00:00,134.16846
2011-04-27 07:00:00,223.06435
2011-04-27 08:00:00,235.27592
2011-04-27 09:00:00,238.51778
2011-04-27 10:00:00,237.26082
2011-04-27 11:00:00,249.01962
2011-04-27 12:00:00,268.4922
2011-04-27 13:00:00,254.14984
2011-04-27 14:00:00,293.45523
2011-04-27 15:00:00,369.65765
2011-04-27 16:00:00,341.02133
2011-04-27 17:00:00,281.65384
2011-04-27 18:00:00,289.4799
2011-04-27 19:00:00,281.29547
2011-04-27 20:00:00,293.38336
2011-04-27 21:00:00,263.5551
2011-04-27 22:00:00,285.7151
2011-04-27 23:00:00,293.86224
2011-04-28 00:00:00,218.90965
2011-04-28 01:00:00,160.87175
2011-04-28 02:00:00,169.25635
2011-04-28 03:00:00,205.93864
2011-04-28 04:00:00,194.25093
2011-04-28 05:00:00,213.45412
2011-04-28 06:00:00,224.58072
2011-04-28 07:00:00,237.55063
2011-04-28 08:00:00,254.72765
2011-04-28 09:00:00,229.76535
2011-04-28 10:00:00,246.10646
2011-04-28 11:00:00,239.82399
2011-04-28 12:00:00,237.20506
2011-04-28 13:00:00,250.6393
2011-04-28 14:00:00,245.17229
2011-04-28 15:00:00,306.87546
2011-04-28 16:00:00,248.5359
2011-04-28 17:00:00,591.3768
2011-04-28 18:00:00,606.2006
2011-04-28 19:00:00,634.3145
2011-04-28 20:00:00,623.5708
2011-04-28 21:00:00,564.6475
2011-04-28 22:00:00,583.44745
2011-04-28 23:00:00,498.97452
2011-04-29 00:00:00,253.61604
2011-04-29 01:00:00,222.00063
2011-04-29 02:00:00,113.69731
2011-04-29 03:00:00,134.46686
2011-04-29 04:00:00,201.22588
2011-04-29 05:00:00,209.47958
2011-04-29 06:00:00,252.47627
2011-04-29 07:00:00,318.18884
2011-04-29 08:00:00,384.6415
2011-04-29 09:00:00,396.60486
2011-04-29 10:00:00,443.43918
2011-04-29 11:00:00,528.6481
2011-04-29 12:00:00,552.7525
2011-04-29 13:00:00,564.2003
2011-04-29 14:00:00,476.31976
2011-04-29 15:00:00,587.0423
2011-04-29 16:00:00,537.50244
2011-04-29 17:00:00,494.4986
2011-04-29 18:00:00,478.1331
2011-04-29 19:00:00,350.60272
2011-04-29 20:00:00,485.2812
2011-04-29 21:00:00,439.02628
2011-04-29 22:00:00,336.67032
2011-04-29 23:00:00,365.48224
2011-04-30 00:00:00,160.32867
2011-04-30 01:00:00,183.4783
2011-04-30 02:00:00,181.65976
2011-04-30 03:00:00,180.08223
2011-04-30 04:00:00,185.28073
2011-04-30 05:00:00,184.57224
2011-04-30 06:00:00,159.55147
2011-04-30 07:00:00,188.62915
2011-04-30 08:00:00,188.74269
2011-04-30 09:00:00,237.79927
2011-04-30 10:00:00,359.21796
2011-04-30 11:00:00,438.38525
2011-04-30 12:00:00,483.32605
2011-04-30 13:00:00,581.2743
2011-04-30 14:00:00,574.10175
2011-04-30 15:00:00,558.1163
2011-04-30 16:00:00,626.81683
2011-04-30 17:00:00,570.50385
2011-04-30 18:00:00,551.679
2011-04-30 19:00:00,558.2963
2011-04-30 20:00:00,264.91177
2011-04-30 21:00:00,265.2364
2011-04-30 22:00:00,180.83429
2011-04-30 23:00:00,184.37677
2011-05-20 00:00:00,70.34369
2011-05-20 01:00:00,66.56837
2011-05-20 02:00:00,67.97963
2011-05-20 03:00:00,66.21329
2011-05-20 04:00:00,70.31436
2011-05-20 05:00:00,70.88665
2011-05-20 06:00:00,74.00163
2011-05-20 07:00:00,112.70611
2011-05-20 08:00:00,98.89639
2011-05-20 09:00:00,192.78891
2011-05-20 10:00:00,222.1841
2011-05-20 11:00:00,255.77113
2011-05-20 12:00:00,348.2948
2011-05-20 13:00:00,396.66785
2011-05-20 14:00:00,433.34894
2011-05-20 15:00:00,433.37042
2011-05-20 16:00:00,476.24826
2011-05-20 17:00:00,441.16614
2011-05-20 18:00:00,479.59933
2011-05-20 19:00:00,368.3921
2011-05-20 20:00:00,386.60474
2011-05-20 21:00:00,386.69714
2011-05-20 22:00:00,210.07278
2011-05-20 23:00:00,276.50513
2011-05-21 00:00:00,78.86313
2011-05-21 01:00:00,83.02902
2011-05-21 02:00:00,90.11341
2011-05-21 03:00:00,70.6499
2011-05-21 04:00:00,68.369446
2011-05-21 05:00:00,67.24066
2011-05-21 06:00:00,72.71295
2011-05-21 07:00:00,81.59505
2011-05-21 08:00:00,215.23576
2011-05-21 09:00:00,241.71889
2011-05-21 10:00:00,334.84406
2011-05-21 11:00:00,513.9183
2011-05-21 12:00:00,497.1062
2011-05-21 13:00:00,526.0636
2011-05-21 14:00:00,526.97516
2011-05-21 15:00:00,705.776
2011-05-21 16:00:00,739.79095
2011-05-21 17:00:00,674.96173
2011-05-21 18:00:00,677.082
2011-05-21 19:00:00,662.2162
2011-05-21 20:00:00,520.98334
2011-05-21 21:00:00,521.5549
2011-05-21 22:00:00,440.09744
2011-05-21 23:00:00,246.45392
2011-05-22 00:00:00,73.460594
2011-05-22 01:00:00,68.81871
2011-05-22 02:00:00,67.96067
2011-05-22 03:00:00,64.01117
2011-05-22 04:00:00,61.447968
2011-05-22 05:00:00,63.977486
2011-05-22 06:00:00,67.190445
2011-05-22 07:00:00,70.40108
2011-05-22 08:00:00,87.10936
2011-05-22 09:00:00,115.88327
2011-05-22 10:00:00,245.12611
2011-05-22 11:00:00,529.1566
2011-05-22 12:00:00,619.8262
2011-05-22 13:00:00,526.0413
2011-05-22 14:00:00,308.03076
2011-05-22 15:00:00,484.144
2011-05-22 16:00:00,537.5933
2011-05-22 17:00:00,604.6746
2011-05-22 18:00:00,534.6951
2011-05-22 19:00:00,550.9318
2011-05-22 20:00:00,500.32343
2011-05-22 21:00:00,378.96524
2011-05-22 22:00:00,150.99072
2011-05-22 23:00:00,214.1038
2011-05-23 00:00:00,122.97067
2011-05-23 01:00:00,84.69397
2011-05-23 02:00:00,145.27695
2011-05-23 03:00:00,166.01506
2011-05-23 04:00:00,67.51359
2011-05-23 05:00:00,72.803505
2011-05-23 06:00:00,66.732605
2011-05-23 07:00:00,95.27913
2011-05-23 08:00:00,120.19242
2011-05-23 09:00:00,149.27385
2011-05-23 10:00:00,264.99844
2011-05-23 11:00:00,307.24115
2011-05-23 12:00:00,311.84366
2011-05-23 13:00:00,444.30084
2011-05-23 14:00:00,402.94116
2011-05-23 15:00:00,427.0596
2011-05-23 16:00:00,443.31848
2011-05-23 17:00:00,380.6776
2011-05-23 18:00:00,328.7965
2011-05-23 19:00:00,343.59912
2011-05-23 20:00:00,265.71124
2011-05-23 21:00:00,239.36891
2011-05-23 22:00:00,198.55583
2011-05-23 23:00:00,264.54773
2011-05-24 00:00:00,119.27803
2011-05-24 01:00:00,103.2675
2011-05-24 02:00:00,120.031525
2011-05-24 03:00:00,95.78328
2011-05-24 04:00:00,93.3914
2011-05-24 05:00:00,173.41377
2011-05-24 06:00:00,130.95067
2011-05-24 07:00:00,211.03331
2011-05-24 08:00:00,203.1908
2011-05-24 09:00:00,238.58665
2011-05-24 10:00:00,321.40683
2011-05-24 11:00:00,483.6739
2011-05-24 12:00:00,564.9828
2011-05-24 13:00:00,571.4113
2011-05-24 14:00:00,604.4757
2011-05-24 15:00:00,535.3321
2011-05-24 16:00:00,306.05783
2011-05-24 17:00:00,523.2219
2011-05-24 18:00:00,369.95566
2011-05-24 19:00:00,311.59015
2011-05-24 20:00:00,336.16064
2011-05-24 21:00:00,246.70868
2011-05-24 22:00:00,268.04712
2011-05-24 23:00:00,412.88635
2011-05-25 00:00:00,121.208496
2011-05-25 01:00:00,125.30366
2011-05-25 02:00:00,71.010956
2011-05-25 03:00:00,73.265755
2011-05-25 04:00:00,72.22184
2011-05-25 05:00:00,92.91538
2011-05-25 06:00:00,76.820625
2011-05-25 07:00:00,126.68905
2011-05-25 08:00:00,251.5059
2011-05-25 09:00:00,266.27097
2011-05-25 10:00:00,320.78992
2011-05-25 11:00:00,425.51447
2011-05-25 12:00:00,459.29535
2011-05-25 13:00:00,494.98563
2011-05-25 14:00:00,523.1368
2011-05-25 15:00:00,583.1015
2011-05-25 16:00:00,616.30475
2011-05-25 17:00:00,627.574
2011-05-25 18:00:00,569.20996
2011-05-25 19:00:00,547.98517
2011-05-25 20:00:00,563.8563
2011-05-25 21:00:00,418.74304
2011-05-25 22:00:00,422.0381
2011-05-25 23:00:00,386.05737
2011-05-26 00:00:00,171.07678
2011-05-26 01:00:00,165.89674
2011-05-26 02:00:00,101.6949
2011-05-26 03:00:00,93.83658
2011-05-26 04:00:00,79.338356
2011-05-26 05:00:00,100.671394
2011-05-26 06:00:00,75.9273
2011-05-26 07:00:00,195.14218
2011-05-26 08:00:00,159.34895
2011-05-26 09:00:00,279.31097
2011-05-26 10:00:00,281.5477
2011-05-26 11:00:00,320.3165
2011-05-26 12:00:00,450.75705
2011-05-26 13:00:00,550.8074
2011-05-26 14:00:00,574.6507
2011-05-26 15:00:00,657.71295
2011-05-26 16:00:00,670.35443
2011-05-26 17:00:00,684.78705
2011-05-26 18:00:00,675.2075
2011-05-26 19:00:00,704.8688
2011-05-26 20:00:00,605.7366
2011-05-26 21:00:00,572.3665
2011-05-26 22:00:00,544.5523
2011-05-26 23:00:00,563.7653
2011-05-27 00:00:00,253.72629
2011-05-27 01:00:00,284.79913
2011-05-27 02:00:00,269.9364
2011-05-27 03:00:00,237.55559
2011-05-27 04:00:00,196.68416
2011-05-27 05:00:00,258.95584
2011-05-27 06:00:00,151.29924
2011-05-27 07:00:00,167.1732
2011-05-27 08:00:00,256.01038
2011-05-27 09:00:00,297.90503
2011-05-27 10:00:00,405.39252
2011-05-27 11:00:00,437.7033
2011-05-27 12:00:00,484.26154
2011-05-27 13:00:00,462.43484
2011-05-27 14:00:00,541.4367
2011-05-27 15:00:00,611.88824
2011-05-27 16:00:00,572.8547
2011-05-27 17:00:00,520.49927
2011-05-27 18:00:00,490.62094
2011-05-27 19:00:00,270.77274
2011-05-27 20:00:00,305.78043
2011-05-27 21:00:00,150.91663
2011-05-27 22:00:00,242.58421
2011-05-27 23:00:00,143.53731
2011-05-28 00:00:00,74.72702
2011-05-28 01:00:00,81.75449
2011-05-28 02:00:00,73.421776
2011-05-28 03:00:00,86.65457
2011-05-28 04:00:00,99.195244
2011-05-28 05:00:00,89.66185
2011-05-28 06:00:00,124.78707
2011-05-28 07:00:00,134.33055
2011-05-28 08:00:00,119.019226
2011-05-28 09:00:00,214.9959
2011-05-28 10:00:00,326.05682
2011-05-28 11:00:00,346.76526
2011-05-28 12:00:00,483.39706
2011-05-28 13:00:00,458.7606
2011-05-28 14:00:00,580.57385
2011-05-28 15:00:00,647.8254
2011-05-28 16:00:00,685.97565
2011-05-28 17:00:00,679.77045
2011-05-28 18:00:00,587.3834
2011-05-28 19:00:00,555.5208
2011-05-28 20:00:00,568.0643
2011-05-28 21:00:00,396.4303
2011-05-28 22:00:00,367.99457
2011-05-28 23:00:00,247.16847
2011-05-29 00:00:00,113.45804
2011-05-29 01:00:00,83.83754
2011-05-29 02:00:00,78.12225
2011-05-29 03:00:00,79.09387
2011-05-29 04:00:00,73.7207
2011-05-29 05:00:00,70.679474
2011-05-29 06:00:00,115.74989
2011-05-29 07:00:00,160.03035
2011-05-29 08:00:00,146.22414
2011-05-29 09:00:00,136.80753
2011-05-29 10:00:00,202.1324
2011-05-29 11:00:00,244.74002
2011-05-29 12:00:00,286.2743
2011-05-29 13:00:00,345.58035
2011-05-29 14:00:00,385.65073
2011-05-29 15:00:00,405.57257
2011-05-29 16:00:00,426.65912
2011-05-29 17:00:00,447.63367
2011-05-29 18:00:00,400.67914
2011-05-29 19:00:00,424.73483
2011-05-29 20:00:00,357.37537
2011-05-29 21:00:00,245.38838
2011-05-29 22:00:00,118.22682
2011-05-29 23:00:00,156.02168
2011-05-30 00:00:00,83.02204
2011-05-30 01:00:00,77.9345
2011-05-30 02:00:00,79.27698
2011-05-30 03:00:00,80.42895
2011-05-30 04:00:00,72.23124
2011-05-30 05:00:00,81.49591
2011-05-30 06:00:00,85.41559
2011-05-30 07:00:00,75.00947
2011-05-30 08:00:00,88.47642
2011-05-30 09:00:00,156.06567
2011-05-30 10:00:00,561.79144
2011-05-30 11:00:00,475.34836
2011-05-30 12:00:00,522.4205
2011-05-30 13:00:00,530.0579
2011-05-30 14:00:00,558.22345
2011-05-30 15:00:00,580.72876
2011-05-30 16:00:00,563.0566
2011-05-30 17:00:00,646.9388
2011-05-30 18:00:00,613.0325
2011-05-30 19:00:00,424.62012
2011-05-30 20:00:00,581.1767
2011-05-30 21:00:00,574.71796
2011-05-30 22:00:00,531.9505
2011-05-30 23:00:00,317.88684
2011-05-31 00:00:00,168.41498
2011-05-31 01:00:00,111.425514
2011-05-31 02:00:00,116.61216
2011-05-31 03:00:00,103.46035
2011-05-31 04:00:00,97.502014
2011-05-31 05:00:00,96.05078
2011-05-31 06:00:00,106.454926
2011-05-31 07:00:00,291.32
2011-05-31 08:00:00,354.88843
2011-05-31 09:00:00,372.28232
2011-05-31 10:00:00,388.55286
2011-05-31 11:00:00,429.31277
2011-05-31 12:00:00,456.99194
2011-05-31 13:00:00,470.0475
2011-05-31 14:00:00,443.2435
2011-05-31 15:00:00,451.03937
2011-05-31 16:00:00,463.37463
2011-05-31 17:00:00,630.03406
2011-05-31 18:00:00,627.4897
2011-05-31 19:00:00,596.0147
2011-05-31 20:00:00,605.0259
2011-05-31 21:00:00,588.4176
2011-05-31 22:00:00,519.1139
2011-05-31 23:00:00,409.3144
2011-06-20 00:00:00,128.18034
2011-06-20 01:00:00,103.2374
2011-06-20 02:00:00,96.42184
2011-06-20 03:00:00,164.79765
2011-06-20 04:00:00,148.03856
2011-06-20 05:00:00,150.81555
2011-06-20 06:00:00,183.38103
2011-06-20 07:00:00,172.6263
2011-06-20 08:00:00,183.0499
2011-06-20 09:00:00,213.68149
2011-06-20 10:00:00,216.00037
2011-06-20 11:00:00,137.77663
2011-06-20 12:00:00,238.7393
2011-06-20 13:00:00,278.41553
2011-06-20 14:00:00,381.83017
2011-06-20 15:00:00,395.65024
2011-06-20 16:00:00,511.97168
2011-06-20 17:00:00,493.69727
2011-06-20 18:00:00,480.0876
2011-06-20 19:00:00,411.33344
2011-06-20 20:00:00,382.36456
2011-06-20 21:00:00,339.15778
2011-06-20 22:00:00,365.96072
2011-06-20 23:00:00,309.26978
2011-06-21 00:00:00,112.2462
2011-06-21 01:00:00,199.59377
2011-06-21 02:00:00,186.97202
2011-06-21 03:00:00,190.7674
2011-06-21 04:00:00,105.2502
2011-06-21 05:00:00,103.69592
2011-06-21 06:00:00,102.03787
2011-06-21 07:00:00,77.24242
2011-06-21 08:00:00,100.024
2011-06-21 09:00:00,148.57281
2011-06-21 10:00:00,132.85657
2011-06-21 11:00:00,100.92544
2011-06-21 12:00:00,212.50151
2011-06-21 13:00:00,439.6698
2011-06-21 14:00:00,525.8267
2011-06-21 15:00:00,625.66437
2011-06-21 16:00:00,643.5335
2011-06-21 17:00:00,581.9592
2011-06-21 18:00:00,502.0017
2011-06-21 19:00:00,452.44034
2011-06-21 20:00:00,527.9578
2011-06-21 21:00:00,484.19528
2011-06-21 22:00:00,433.9192
2011-06-21 23:00:00,480.55493
2011-06-22 00:00:00,119.48808
2011-06-22 01:00:00,103.435295
2011-06-22 02:00:00,90.13655
2011-06-22 03:00:00,104.8095
2011-06-22 04:00:00,87.2427
2011-06-22 05:00:00,76.37999
2011-06-22 06:00:00,94.1826
2011-06-22 07:00:00,128.03244
2011-06-22 08:00:00,258.00815
2011-06-22 09:00:00,150.6968
2011-06-22 10:00:00,286.7085
2011-06-22 11:00:00,319.9722
2011-06-22 12:00:00,589.8921
2011-06-22 13:00:00,640.7461
2011-06-22 14:00:00,687.2039
2011-06-22 15:00:00,680.6615
2011-06-22 16:00:00,692.148
2011-06-22 17:00:00,741.9839
2011-06-22 18:00:00,675.2857
2011-06-22 19:00:00,723.65137
2011-06-22 20:00:00,500.3109
2011-06-22 21:00:00,433.52374
2011-06-22 22:00:00,435.46713
2011-06-22 23:00:00,449.2961
2011-06-23 00:00:00,194.43916
2011-06-23 01:00:00,234.88777
2011-06-23 02:00:00,233.21225
2011-06-23 03:00:00,245.70485
2011-06-23 04:00:00,171.97816
2011-06-23 05:00:00,198.44098
2011-06-23 06:00:00,202.37216
2011-06-23 07:00:00,244.03363
2011-06-23 08:00:00,266.44852
2011-06-23 09:00:00,297.36508
2011-06-23 10:00:00,403.5006
2011-06-23 11:00:00,410.29514
2011-06-23 12:00:00,407.385
2011-06-23 13:00:00,482.53793
2011-06-23 14:00:00,450.64996
2011-06-23 15:00:00,689.0853
2011-06-23 16:00:00,527.8075
2011-06-23 17:00:00,412.36572
2011-06-23 18:00:00,415.36478
2011-06-23 19:00:00,437.60574
2011-06-23 20:00:00,407.8736
2011-06-23 21:00:00,450.91492
2011-06-23 22:00:00,483.9071
2011-06-23 23:00:00,463.05023
2011-06-24 00:00:00,128.6663
2011-06-24 01:00:00,171.97777
2011-06-24 02:00:00,176.12318
2011-06-24 03:00:00,100.37271
2011-06-24 04:00:00,102.1703
2011-06-24 05:00:00,97.08887
2011-06-24 06:00:00,99.07788
2011-06-24 07:00:00,150.90459
2011-06-24 08:00:00,210.597
2011-06-24 09:00:00,414.6792
2011-06-24 10:00:00,595.7233
2011-06-24 11:00:00,612.92584
2011-06-24 12:00:00,645.5787
2011-06-24 13:00:00,591.1426
2011-06-24 14:00:00,676.7105
2011-06-24 15:00:00,556.67926
2011-06-24 16:00:00,569.08575
2011-06-24 17:00:00,637.9964
2011-06-24 18:00:00,658.1433
2011-06-24 19:00:00,669.3495
2011-06-24 20:00:00,638.92426
2011-06-24 21:00:00,608.67426
2011-06-24 22:00:00,449.45587
2011-06-24 23:00:00,593.0976
2011-06-25 00:00:00,373.47247
2011-06-25 01:00:00,344.02304
2011-06-25 02:00:00,372.3168
2011-06-25 03:00:00,297.81964
2011-06-25 04:00:00,331.08698
2011-06-25 05:00:00,315.08063
2011-06-25 06:00:00,367.47943
2011-06-25 07:00:00,365.02884
2011-06-25 08:00:00,600.9908
2011-06-25 09:00:00,661.72925
2011-06-25 10:00:00,653.4034
2011-06-25 11:00:00,540.2438
2011-06-25 12:00:00,708.0483
2011-06-25 13:00:00,715.5872
2011-06-25 14:00:00,741.5457
2011-06-25 15:00:00,565.045
2011-06-25 16:00:00,761.73114
2011-06-25 17:00:00,719.3708
2011-06-25 18:00:00,744.61523
2011-06-25 19:00:00,763.1982
2011-06-25 20:00:00,673.7725
2011-06-25 21:00:00,635.01056
2011-06-25 22:00:00,654.87604
2011-06-25 23:00:00,719.0451
2011-06-26 00:00:00,382.4242
2011-06-26 01:00:00,311.52563
2011-06-26 02:00:00,299.0078
2011-06-26 03:00:00,299.90836
2011-06-26 04:00:00,327.3228
2011-06-26 05:00:00,365.99982
2011-06-26 06:00:00,371.1996
2011-06-26 07:00:00,394.9649
2011-06-26 08:00:00,362.14133
2011-06-26 09:00:00,505.46353
2011-06-26 10:00:00,588.6087
2011-06-26 11:00:00,626.458
2011-06-26 12:00:00,649.0908
2011-06-26 13:00:00,534.8206
2011-06-26 14:00:00,640.0623
2011-06-26 15:00:00,526.0253
2011-06-26 16:00:00,687.4542
2011-06-26 17:00:00,622.008
2011-06-26 18:00:00,746.00916
2011-06-26 19:00:00,590.08185
2011-06-26 20:00:00,528.08344
2011-06-26 21:00:00,599.98596
2011-06-26 22:00:00,485.29565
2011-06-26 23:00:00,591.9039
2011-06-27 00:00:00,202.84912
2011-06-27 01:00:00,188.51772
2011-06-27 02:00:00,210.84654
2011-06-27 03:00:00,221.92883
2011-06-27 04:00:00,117.41378
2011-06-27 05:00:00,114.106476
2011-06-27 06:00:00,163.86598
2011-06-27 07:00:00,220.21875
2011-06-27 08:00:00,148.46997
2011-06-27 09:00:00,411.97247
2011-06-27 10:00:00,508.30328
2011-06-27 11:00:00,431.49445
2011-06-27 12:00:00,450.9915
2011-06-27 13:00:00,529.51025
2011-06-27 14:00:00,527.3069
2011-06-27 15:00:00,499.2384
2011-06-27 16:00:00,571.62384
2011-06-27 17:00:00,598.6071
2011-06-27 18:00:00,534.94806
2011-06-27 19:00:00,576.7398
2011-06-27 20:00:00,529.4485
2011-06-27 21:00:00,578.6565
2011-06-27 22:00:00,520.2893
2011-06-27 23:00:00,534.3436
2011-06-28 00:00:00,156.80736
2011-06-28 01:00:00,102.22125
2011-06-28 02:00:00,180.27686
2011-06-28 03:00:00,193.72246
2011-06-28 04:00:00,122.10786
2011-06-28 05:00:00,98.87931
2011-06-28 06:00:00,99.0891
2011-06-28 07:00:00,113.079056
2011-06-28 08:00:00,127.731476
2011-06-28 09:00:00,358.8775
2011-06-28 10:00:00,540.49817
2011-06-28 11:00:00,442.9072
2011-06-28 12:00:00,632.95355
2011-06-28 13:00:00,487.9693
2011-06-28 14:00:00,651.9388
2011-06-28 15:00:00,515.3624
2011-06-28 16:00:00,714.6346
2011-06-28 17:00:00,709.3195
2011-06-28 18:00:00,723.96246
2011-06-28 19:00:00,647.51337
2011-06-28 20:00:00,551.5026
2011-06-28 21:00:00,598.89154
2011-06-28 22:00:00,493.62097
2011-06-28 23:00:00,526.19867
2011-06-29 00:00:00,217.23155
2011-06-29 01:00:00,193.04097
2011-06-29 02:00:00,116.33124
2011-06-29 03:00:00,115.02393
2011-06-29 04:00:00,103.16975
2011-06-29 05:00:00,101.65394
2011-06-29 06:00:00,240.18155
2011-06-29 07:00:00,401.08542
2011-06-29 08:00:00,503.6926
2011-06-29 09:00:00,523.24316
2011-06-29 10:00:00,602.82294
2011-06-29 11:00:00,575.7924
2011-06-29 12:00:00,589.7574
2011-06-29 13:00:00,534.8536
2011-06-29 14:00:00,546.9913
2011-06-29 15:00:00,500.69788
2011-06-29 16:00:00,433.58795
2011-06-29 17:00:00,315.8998
2011-06-29 18:00:00,424.72372
2011-06-29 19:00:00,645.9837
2011-06-29 20:00:00,668.4311
2011-06-29 21:00:00,656.837
2011-06-29 22:00:00,660.03705
2011-06-29 23:00:00,659.19696
2011-06-30 00:00:00,275.24133
2011-06-30 01:00:00,260.94626
2011-06-30 02:00:00,259.2826
2011-06-30 03:00:00,255.16017
2011-06-30 04:00:00,259.88892
2011-06-30 05:00:00,203.86581
2011-06-30 06:00:00,230.75438
2011-06-30 07:00:00,255.23204
2011-06-30 08:00:00,530.3441
2011-06-30 09:00:00,570.5833
2011-06-30 10:00:00,581.1009
2011-06-30 11:00:00,558.0856
2011-06-30 12:00:00,562.11145
2011-06-30 13:00:00,558.8381
2011-06-30 14:00:00,542.4193
2011-06-30 15:00:00,413.3074
2011-06-30 16:00:00,416.563
2011-06-30 17:00:00,387.83713
2011-06-30 18:00:00,467.98508
2011-06-30 19:00:00,590.4495
2011-06-30 20:00:00,588.4578
2011-06-30 21:00:00,554.1552
2011-06-30 22:00:00,628.3712
2011-06-30 23:00:00,421.84033
2011-07-20 00:00:00,104.49605
2011-07-20 01:00:00,89.76479
2011-07-20 02:00:00,87.10936
2011-07-20 03:00:00,99.0282
2011-07-20 04:00:00,87.10936
2011-07-20 05:00:00,104.38317
2011-07-20 06:00:00,108.05682
2011-07-20 07:00:00,142.65585
2011-07-20 08:00:00,254.27531
2011-07-20 09:00:00,314.24246
2011-07-20 10:00:00,399.25903
2011-07-20 11:00:00,524.1688
2011-07-20 12:00:00,437.2431
2011-07-20 13:00:00,629.1858
2011-07-20 14:00:00,664.1247
2011-07-20 15:00:00,633.9843
2011-07-20 16:00:00,499.08325
2011-07-20 17:00:00,649.5118
2011-07-20 18:00:00,679.37427
2011-07-20 19:00:00,620.70123
2011-07-20 20:00:00,557.57587
2011-07-20 21:00:00,639.4472
2011-07-20 22:00:00,612.63495
2011-07-20 23:00:00,543.3265
2011-07-21 00:00:00,258.28247
2011-07-21 01:00:00,234.94078
2011-07-21 02:00:00,240.52293
2011-07-21 03:00:00,223.98134
2011-07-21 04:00:00,150.44112
2011-07-21 05:00:00,156.05922
2011-07-21 06:00:00,167.44331
2011-07-21 07:00:00,182.2592
2011-07-21 08:00:00,252.41367
2011-07-21 09:00:00,309.81085
2011-07-21 10:00:00,409.03577
2011-07-21 11:00:00,590.93304
2011-07-21 12:00:00,657.6547
2011-07-21 13:00:00,666.81866
2011-07-21 14:00:00,682.72455
2011-07-21 15:00:00,684.96814
2011-07-21 16:00:00,633.0881
2011-07-21 17:00:00,589.625
2011-07-21 18:00:00,707.8681
2011-07-21 19:00:00,698.20245
2011-07-21 20:00:00,634.42596
2011-07-21 21:00:00,588.29376
2011-07-21 22:00:00,629.8836
2011-07-21 23:00:00,625.4657
2011-07-22 00:00:00,322.07825
2011-07-22 01:00:00,243.98718
2011-07-22 02:00:00,263.70612
2011-07-22 03:00:00,269.8606
2011-07-22 04:00:00,215.54442
2011-07-22 05:00:00,131.10423
2011-07-22 06:00:00,207.86833
2011-07-22 07:00:00,355.3869
2011-07-22 08:00:00,462.7483
2011-07-22 09:00:00,422.27692
2011-07-22 10:00:00,390.608
2011-07-22 11:00:00,426.97137
2011-07-22 12:00:00,460.2202
2011-07-22 13:00:00,480.43497
2011-07-22 14:00:00,503.38785
2011-07-22 15:00:00,607.0865
2011-07-22 16:00:00,622.15594
2011-07-22 17:00:00,586.24677
2011-07-22 18:00:00,531.3741
2011-07-22 19:00:00,630.40216
2011-07-22 20:00:00,538.2592
2011-07-22 21:00:00,605.5202
2011-07-22 22:00:00,634.1786
2011-07-22 23:00:00,689.0433
2011-07-23 00:00:00,493.6236
2011-07-23 01:00:00,372.78308
2011-07-23 02:00:00,517.7625
2011-07-23 03:00:00,257.39435
2011-07-23 04:00:00,258.82935
2011-07-23 05:00:00,368.19617
2011-07-23 06:00:00,568.53015
2011-07-23 07:00:00,573.2576
2011-07-23 08:00:00,692.1412
2011-07-23 09:00:00,633.4079
2011-07-23 10:00:00,676.4168
2011-07-23 11:00:00,593.50104
2011-07-23 12:00:00,561.39026
2011-07-23 13:00:00,542.97424
2011-07-23 14:00:00,503.04114
2011-07-23 15:00:00,461.81018
2011-07-23 16:00:00,540.56305
2011-07-23 17:00:00,541.1834
2011-07-23 18:00:00,625.27155
2011-07-23 19:00:00,691.2795
2011-07-23 20:00:00,755.6525
2011-07-23 21:00:00,761.71313
2011-07-23 22:00:00,743.28516
2011-07-23 23:00:00,681.5778
2011-07-24 00:00:00,289.94238
2011-07-24 01:00:00,283.08517
2011-07-24 02:00:00,294.34384
2011-07-24 03:00:00,321.9583
2011-07-24 04:00:00,286.0151
2011-07-24 05:00:00,328.79346
2011-07-24 06:00:00,442.77988
2011-07-24 07:00:00,539.34503
2011-07-24 08:00:00,614.31866
2011-07-24 09:00:00,594.7071
2011-07-24 10:00:00,764.69763
2011-07-24 11:00:00,731.9215
2011-07-24 12:00:00,628.8153
2011-07-24 13:00:00,729.5167
2011-07-24 14:00:00,775.4992
2011-07-24 15:00:00,706.14215
2011-07-24 16:00:00,711.9365
2011-07-24 17:00:00,632.17065
2011-07-24 18:00:00,702.63934
2011-07-24 19:00:00,713.8917
2011-07-24 20:00:00,718.5849
2011-07-24 21:00:00,701.73975
2011-07-24 22:00:00,658.40643
2011-07-24 23:00:00,651.325
2011-07-25 00:00:00,274.98395
2011-07-25 01:00:00,259.64645
2011-07-25 02:00:00,232.25104
2011-07-25 03:00:00,103.00095
2011-07-25 04:00:00,103.47853
2011-07-25 05:00:00,102.250046
2011-07-25 06:00:00,164.7815
2011-07-25 07:00:00,252.2394
2011-07-25 08:00:00,319.4267
2011-07-25 09:00:00,391.3152
2011-07-25 10:00:00,359.47028
2011-07-25 11:00:00,577.98627
2011-07-25 12:00:00,595.41437
2011-07-25 13:00:00,334.85132
2011-07-25 14:00:00,264.6574
2011-07-25 15:00:00,249.95647
2011-07-25 16:00:00,180.77965
2011-07-25 17:00:00,429.75348
2011-07-25 18:00:00,473.76416
2011-07-25 19:00:00,517.0875
2011-07-25 20:00:00,476.64655
2011-07-25 21:00:00,244.75343
2011-07-25 22:00:00,250.82758
2011-07-25 23:00:00,358.6143
2011-07-26 00:00:00,122.0745
2011-07-26 01:00:00,115.04883
2011-07-26 02:00:00,97.691185
2011-07-26 03:00:00,98.54888
2011-07-26 04:00:00,97.92311
2011-07-26 05:00:00,96.90558
2011-07-26 06:00:00,126.6021
2011-07-26 07:00:00,279.86447
2011-07-26 08:00:00,472.54312
2011-07-26 09:00:00,582.2767
2011-07-26 10:00:00,497.76315
2011-07-26 11:00:00,452.64932
2011-07-26 12:00:00,407.31567
2011-07-26 13:00:00,525.4945
2011-07-26 14:00:00,428.83893
2011-07-26 15:00:00,359.24704
2011-07-26 16:00:00,584.0793
2011-07-26 17:00:00,560.783
2011-07-26 18:00:00,665.4429
2011-07-26 19:00:00,712.47833
2011-07-26 20:00:00,730.1328
2011-07-26 21:00:00,711.99567
2011-07-26 22:00:00,644.43
2011-07-26 23:00:00,625.362
2011-07-27 00:00:00,319.20905
2011-07-27 01:00:00,340.45123
2011-07-27 02:00:00,353.32574
2011-07-27 03:00:00,279.39914
2011-07-27 04:00:00,380.4967
2011-07-27 05:00:00,347.53595
2011-07-27 06:00:00,379.063
2011-07-27 07:00:00,515.8645
2011-07-27 08:00:00,562.79944
2011-07-27 09:00:00,557.85345
2011-07-27 10:00:00,472.42386
2011-07-27 11:00:00,468.53125
2011-07-27 12:00:00,491.5983
2011-07-27 13:00:00,446.4404
2011-07-27 14:00:00,420.56982
2011-07-27 15:00:00,372.49197
2011-07-27 16:00:00,411.50955
2011-07-27 17:00:00,386.5136
2011-07-27 18:00:00,448.29996
2011-07-27 19:00:00,459.3861
2011-07-27 20:00:00,700.4029
2011-07-27 21:00:00,609.1419
2011-07-27 22:00:00,468.3516
2011-07-27 23:00:00,574.3482
2011-07-28 00:00:00,283.75854
2011-07-28 01:00:00,215.36769
2011-07-28 02:00:00,283.03467
2011-07-28 03:00:00,210.4869
2011-07-28 04:00:00,244.96056
2011-07-28 05:00:00,237.69572
2011-07-28 06:00:00,213.3205
2011-07-28 07:00:00,234.65349
2011-07-28 08:00:00,314.3222
2011-07-28 09:00:00,481.8327
2011-07-28 10:00:00,560.31915
2011-07-28 11:00:00,600.57794
2011-07-28 12:00:00,627.51447
2011-07-28 13:00:00,654.53973
2011-07-28 14:00:00,699.92126
2011-07-28 15:00:00,657.3268
2011-07-28 16:00:00,647.5399
2011-07-28 17:00:00,662.887
2011-07-28 18:00:00,688.0427
2011-07-28 19:00:00,660.9638
2011-07-28 20:00:00,653.73444
2011-07-28 21:00:00,643.8731
2011-07-28 22:00:00,597.614
2011-07-28 23:00:00,551.8303
2011-07-29 00:00:00,180.85997
2011-07-29 01:00:00,154.85512
2011-07-29 02:00:00,104.18082
2011-07-29 03:00:00,103.00095
2011-07-29 04:00:00,113.865814
2011-07-29 05:00:00,96.73732
2011-07-29 06:00:00,160.95654
2011-07-29 07:00:00,208.58878
2011-07-29 08:00:00,327.02438
2011-07-29 09:00:00,543.8637
2011-07-29 10:00:00,512.37445
2011-07-29 11:00:00,485.9858
2011-07-29 12:00:00,376.14194
2011-07-29 13:00:00,426.18103
2011-07-29 14:00:00,372.60617
2011-07-29 15:00:00,342.3308
2011-07-29 16:00:00,284.39038
2011-07-29 17:00:00,301.95428
2011-07-29 18:00:00,363.2252
2011-07-29 19:00:00,605.0197
2011-07-29 20:00:00,644.64996
2011-07-29 21:00:00,670.2437
2011-07-29 22:00:00,721.7313
2011-07-29 23:00:00,636.68524
2011-07-30 00:00:00,322.47595
2011-07-30 01:00:00,309.33514
2011-07-30 02:00:00,362.27454
2011-07-30 03:00:00,280.41858
2011-07-30 04:00:00,237.72847
2011-07-30 05:00:00,247.55048
2011-07-30 06:00:00,257.56744
2011-07-30 07:00:00,375.56238
2011-07-30 08:00:00,536.5733
2011-07-30 09:00:00,736.5597
2011-07-30 10:00:00,707.3925
2011-07-30 11:00:00,641.5072
2011-07-30 12:00:00,607.445
2011-07-30 13:00:00,413.20593
2011-07-30 14:00:00,370.59598
2011-07-30 15:00:00,500.28937
2011-07-30 16:00:00,412.3099
2011-07-30 17:00:00,463.18744
2011-07-30 18:00:00,469.9256
2011-07-30 19:00:00,630.1568
2011-07-30 20:00:00,671.6043
2011-07-30 21:00:00,709.7613
2011-07-30 22:00:00,657.32074
2011-07-30 23:00:00,639.6684
2011-07-31 00:00:00,274.4995
2011-07-31 01:00:00,241.29523
2011-07-31 02:00:00,222.3672
2011-07-31 03:00:00,161.7594
2011-07-31 04:00:00,128.55136
2011-07-31 05:00:00,161.68237
2011-07-31 06:00:00,171.48045
2011-07-31 07:00:00,503.57837
2011-07-31 08:00:00,587.4324
2011-07-31 09:00:00,530.7886
2011-07-31 10:00:00,613.7305
2011-07-31 11:00:00,504.1816
2011-07-31 12:00:00,376.56018
2011-07-31 13:00:00,380.624
2011-07-31 14:00:00,363.19824
2011-07-31 15:00:00,171.09721
2011-07-31 16:00:00,113.81055
2011-07-31 17:00:00,87.10936
2011-07-31 18:00:00,738.46625
2011-07-31 19:00:00,795.6545
2011-07-31 20:00:00,808.67255
2011-07-31 21:00:00,757.87354
2011-07-31 22:00:00,619.9976
2011-07-31 23:00:00,663.97095
2011-08-20 00:00:00,67.707634
2011-08-20 01:00:00,70.84921
2011-08-20 02:00:00,87.10936
2011-08-20 03:00:00,87.10936
2011-08-20 04:00:00,72.430984
2011-08-20 05:00:00,75.2843
2011-08-20 06:00:00,97.96167
2011-08-20 07:00:00,90.19319
2011-08-20 08:00:00,307.25262
2011-08-20 09:00:00,440.50912
2011-08-20 10:00:00,522.082
2011-08-20 11:00:00,568.71185
2011-08-20 12:00:00,600.29785
2011-08-20 13:00:00,655.9579
2011-08-20 14:00:00,704.7143
2011-08-20 15:00:00,695.6613
2011-08-20 16:00:00,709.3055
2011-08-20 17:00:00,712.6575
2011-08-20 18:00:00,700.4178
2011-08-20 19:00:00,652.47156
2011-08-20 20:00:00,666.25836
2011-08-20 21:00:00,583.737
2011-08-20 22:00:00,518.27905
2011-08-20 23:00:00,517.6324
2011-08-21 00:00:00,140.16502
2011-08-21 01:00:00,108.84314
2011-08-21 02:00:00,101.20915
2011-08-21 03:00:00,96.11885
2011-08-21 04:00:00,100.66442
2011-08-21 05:00:00,104.54292
2011-08-21 06:00:00,100.51419
2011-08-21 07:00:00,150.51048
2011-08-21 08:00:00,125.84672
2011-08-21 09:00:00,193.04607
2011-08-21 10:00:00,258.519
2011-08-21 11:00:00,558.2605
2011-08-21 12:00:00,687.43427
2011-08-21 13:00:00,616.44037
2011-08-21 14:00:00,299.4652
2011-08-21 15:00:00,156.27444
2011-08-21 16:00:00,333.35266
2011-08-21 17:00:00,399.91254
2011-08-21 18:00:00,365.47723
2011-08-21 19:00:00,559.0621
2011-08-21 20:00:00,394.28458
2011-08-21 21:00:00,424.47574
2011-08-21 22:00:00,477.20844
2011-08-21 23:00:00,535.12195
2011-08-22 00:00:00,119.4258
2011-08-22 01:00:00,102.56825
2011-08-22 02:00:00,240.26643
2011-08-22 03:00:00,239.92163
2011-08-22 04:00:00,214.65596
2011-08-22 05:00:00,268.8349
2011-08-22 06:00:00,266.44293
2011-08-22 07:00:00,275.13318
2011-08-22 08:00:00,283.6024
2011-08-22 09:00:00,414.69537
2011-08-22 10:00:00,562.39355
2011-08-22 11:00:00,576.43097
2011-08-22 12:00:00,619.89655
2011-08-22 13:00:00,532.3895
2011-08-22 14:00:00,564.7466
2011-08-22 15:00:00,561.2154
2011-08-22 16:00:00,540.0708
2011-08-22 17:00:00,424.727
2011-08-22 18:00:00,433.95667
2011-08-22 19:00:00,497.2787
2011-08-22 20:00:00,520.12396
2011-08-22 21:00:00,560.6087
2011-08-22 22:00:00,621.02075
2011-08-22 23:00:00,605.63965
2011-08-23 00:00:00,343.52563
2011-08-23 01:00:00,255.91847
2011-08-23 02:00:00,240.67538
2011-08-23 03:00:00,238.73094
2011-08-23 04:00:00,247.56244
2011-08-23 05:00:00,229.0277
2011-08-23 06:00:00,217.90749
2011-08-23 07:00:00,404.36743
2011-08-23 08:00:00,320.89008
2011-08-23 09:00:00,376.86835
2011-08-23 10:00:00,427.14935
2011-08-23 11:00:00,503.51788
2011-08-23 12:00:00,508.72034
2011-08-23 13:00:00,472.98743
2011-08-23 14:00:00,474.11432
2011-08-23 15:00:00,567.1592
2011-08-23 16:00:00,524.8224
2011-08-23 17:00:00,580.4881
2011-08-23 18:00:00,578.71735
2011-08-23 19:00:00,636.0823
2011-08-23 20:00:00,611.16345
2011-08-23 21:00:00,464.3299
2011-08-23 22:00:00,543.30536
2011-08-23 23:00:00,512.3339
2011-08-24 00:00:00,237.16118
2011-08-24 01:00:00,259.212
2011-08-24 02:00:00,200.8462
2011-08-24 03:00:00,212.8521
2011-08-24 04:00:00,156.40533
2011-08-24 05:00:00,156.79314
2011-08-24 06:00:00,135.31645
2011-08-24 07:00:00,342.0874
2011-08-24 08:00:00,265.72415
2011-08-24 09:00:00,224.79103
2011-08-24 10:00:00,386.24426
2011-08-24 11:00:00,493.15143
2011-08-24 12:00:00,510.62582
2011-08-24 13:00:00,622.1904
2011-08-24 14:00:00,653.6955
2011-08-24 15:00:00,673.3369
2011-08-24 16:00:00,664.1153
2011-08-24 17:00:00,721.6343
2011-08-24 18:00:00,669.7209
2011-08-24 19:00:00,686.34216
2011-08-24 20:00:00,649.3781
2011-08-24 21:00:00,610.4753
2011-08-24 22:00:00,567.06396
2011-08-24 23:00:00,516.42615
2011-08-25 00:00:00,221.69388
2011-08-25 01:00:00,261.25354
2011-08-25 02:00:00,264.54263
2011-08-25 03:00:00,224.97961
2011-08-25 04:00:00,210.55708
2011-08-25 05:00:00,213.76497
2011-08-25 06:00:00,193.50264
2011-08-25 07:00:00,233.14565
2011-08-25 08:00:00,256.0235
2011-08-25 09:00:00,276.60895
2011-08-25 10:00:00,337.30487
2011-08-25 11:00:00,346.49838
2011-08-25 12:00:00,344.2901
2011-08-25 13:00:00,201.36742
2011-08-25 14:00:00,388.81332
2011-08-25 15:00:00,471.72406
2011-08-25 16:00:00,315.99353
2011-08-25 17:00:00,317.9596
2011-08-25 18:00:00,278.0954
2011-08-25 19:00:00,296.04578
2011-08-25 20:00:00,286.5257
2011-08-25 21:00:00,303.58597
2011-08-25 22:00:00,142.58629
2011-08-25 23:00:00,238.90428
2011-08-26 00:00:00,106.612335
2011-08-26 01:00:00,91.64282
2011-08-26 02:00:00,101.29755
2011-08-26 03:00:00,98.3698
2011-08-26 04:00:00,75.48909
2011-08-26 05:00:00,94.34567
2011-08-26 06:00:00,81.58668
2011-08-26 07:00:00,98.699196
2011-08-26 08:00:00,101.09122
2011-08-26 09:00:00,292.12033
2011-08-26 10:00:00,408.35428
2011-08-26 11:00:00,447.09595
2011-08-26 12:00:00,472.6757
2011-08-26 13:00:00,540.14484
2011-08-26 14:00:00,477.35464
2011-08-26 15:00:00,610.29144
2011-08-26 16:00:00,575.7918
2011-08-26 17:00:00,375.4063
2011-08-26 18:00:00,458.20593
2011-08-26 19:00:00,393.18365
2011-08-26 20:00:00,432.3466
2011-08-26 21:00:00,410.53534
2011-08-26 22:00:00,453.31894
2011-08-26 23:00:00,358.61426
2011-08-27 00:00:00,89.40719
2011-08-27 01:00:00,95.63681
2011-08-27 02:00:00,98.077286
2011-08-27 03:00:00,127.33447
2011-08-27 04:00:00,128.74568
2011-08-27 05:00:00,179.90533
2011-08-27 06:00:00,181.66858
2011-08-27 07:00:00,211.82436
2011-08-27 08:00:00,154.21556
2011-08-27 09:00:00,240.68913
2011-08-27 10:00:00,276.76883
2011-08-27 11:00:00,230.38925
2011-08-27 12:00:00,246.81737
2011-08-27 13:00:00,254.32509
2011-08-27 14:00:00,232.99986
2011-08-27 15:00:00,242.83185
2011-08-27 16:00:00,261.6783
2011-08-27 17:00:00,148.36897
2011-08-28 07:00:00,180.11357
2011-08-28 08:00:00,189.18575
2011-08-28 09:00:00,240.90608
2011-08-28 10:00:00,403.97144
2011-08-28 11:00:00,465.84406
2011-08-28 12:00:00,651.76825
2011-08-28 13:00:00,740.80896
2011-08-28 14:00:00,754.33954
2011-08-28 15:00:00,760.89325
2011-08-28 16:00:00,730.9122
2011-08-28 17:00:00,734.80817
2011-08-28 18:00:00,723.7682
2011-08-28 19:00:00,602.75494
2011-08-28 20:00:00,580.19965
2011-08-28 21:00:00,584.2205
2011-08-28 22:00:00,453.04926
2011-08-28 23:00:00,360.37726
2011-08-29 00:00:00,128.17462
2011-08-29 01:00:00,219.42635
2011-08-29 02:00:00,214.7635
2011-08-29 03:00:00,249.92616
2011-08-29 04:00:00,206.30898
2011-08-29 05:00:00,133.21501
2011-08-29 06:00:00,130.34375
2011-08-29 07:00:00,260.07516
2011-08-29 08:00:00,323.4823
2011-08-29 09:00:00,398.4663
2011-08-29 10:00:00,530.0295
2011-08-29 11:00:00,517.1735
2011-08-29 12:00:00,556.16614
2011-08-29 13:00:00,435.16785
2011-08-29 14:00:00,469.16855
2011-08-29 15:00:00,587.4651
2011-08-29 16:00:00,603.55365
2011-08-29 17:00:00,649.06665
2011-08-29 18:00:00,648.9971
2011-08-29 19:00:00,660.46906
2011-08-29 20:00:00,590.50726
2011-08-29 21:00:00,613.9095
2011-08-29 22:00:00,543.30536
2011-08-29 23:00:00,490.99237
2011-08-30 00:00:00,139.22427
2011-08-30 01:00:00,204.18817
2011-08-30 02:00:00,157.4994
2011-08-30 03:00:00,119.49463
2011-08-30 04:00:00,110.83887
2011-08-30 05:00:00,133.51137
2011-08-30 06:00:00,158.88438
2011-08-30 07:00:00,200.11104
2011-08-30 08:00:00,372.83505
2011-08-30 09:00:00,485.81265
2011-08-30 10:00:00,577.5677
2011-08-30 11:00:00,565.4339
2011-08-30 12:00:00,451.78387
2011-08-30 13:00:00,543.3409
2011-08-30 14:00:00,552.7564
2011-08-30 15:00:00,595.9628
2011-08-30 16:00:00,603.24194
2011-08-30 17:00:00,635.45135
2011-08-30 18:00:00,614.2239
2011-08-30 19:00:00,540.2931
2011-08-30 20:00:00,457.10046
2011-08-30 21:00:00,461.34845
2011-08-30 22:00:00,524.1423
2011-08-30 23:00:00,507.79388
2011-08-31 00:00:00,143.92198
2011-08-31 01:00:00,155.72807
2011-08-31 02:00:00,99.9307
2011-08-31 03:00:00,99.275085
2011-08-31 04:00:00,104.16914
2011-08-31 05:00:00,104.11841
2011-08-31 06:00:00,112.48381
2011-08-31 07:00:00,122.7257
2011-08-31 08:00:00,358.424
2011-08-31 09:00:00,311.23514
2011-08-31 10:00:00,507.51465
2011-08-31 11:00:00,545.7415
2011-08-31 12:00:00,564.55804
2011-08-31 13:00:00,544.7695
2011-08-31 14:00:00,577.4773
2011-08-31 15:00:00,585.05853
2011-08-31 16:00:00,587.88605
2011-08-31 17:00:00,589.4891
2011-08-31 18:00:00,637.3381
2011-08-31 19:00:00,729.50934
2011-08-31 20:00:00,564.3232
2011-08-31 21:00:00,552.3868
2011-08-31 22:00:00,454.98145
2011-08-31 23:00:00,298.51117
2011-09-20 00:00:00,194.80402
2011-09-20 01:00:00,123.98915
2011-09-20 02:00:00,116.858505
2011-09-20 03:00:00,137.26411
2011-09-20 04:00:00,81.09361
2011-09-20 05:00:00,100.12753
2011-09-20 06:00:00,101.05075
2011-09-20 07:00:00,94.971924
2011-09-20 08:00:00,160.76015
2011-09-20 09:00:00,143.34737
2011-09-20 10:00:00,125.178604
2011-09-20 11:00:00,124.01103
2011-09-20 12:00:00,89.04797
2011-09-20 13:00:00,79.50779
2011-09-20 14:00:00,123.85184
2011-09-20 15:00:00,253.81422
2011-09-20 16:00:00,136.07973
2011-09-20 17:00:00,101.64277
2011-09-20 18:00:00,110.35408
2011-09-20 19:00:00,96.72584
2011-09-20 20:00:00,81.19025
2011-09-20 21:00:00,80.50258
2011-09-20 22:00:00,79.87282
2011-09-20 23:00:00,78.48824
2011-09-21 00:00:00,64.04279
2011-09-21 01:00:00,70.58274
2011-09-21 02:00:00,70.830765
2011-09-21 03:00:00,73.216194
2011-09-21 04:00:00,74.70804
2011-09-21 05:00:00,77.51929
2011-09-21 06:00:00,79.96577
2011-09-21 07:00:00,79.66684
2011-09-21 08:00:00,73.81377
2011-09-21 09:00:00,74.77494
2011-09-21 10:00:00,109.58482
2011-09-21 11:00:00,118.78536
2011-09-21 12:00:00,234.34717
2011-09-21 13:00:00,249.21507
2011-09-21 14:00:00,261.3546
2011-09-21 15:00:00,297.59375
2011-09-21 16:00:00,325.68243
2011-09-21 17:00:00,351.80725
2011-09-21 18:00:00,244.73503
2011-09-21 19:00:00,156.58923
2011-09-21 20:00:00,174.644
2011-09-21 21:00:00,76.61659
2011-09-21 22:00:00,114.10014
2011-09-21 23:00:00,79.452576
2011-09-22 00:00:00,69.74485
2011-09-22 01:00:00,73.6683
2011-09-22 02:00:00,75.13951
2011-09-22 03:00:00,82.1627
2011-09-22 04:00:00,83.283035
2011-09-22 05:00:00,83.28737
2011-09-22 06:00:00,74.668015
2011-09-22 07:00:00,73.50394
2011-09-22 08:00:00,78.08679
2011-09-22 09:00:00,102.53065
2011-09-22 10:00:00,132.98875
2011-09-22 11:00:00,122.042145
2011-09-22 12:00:00,137.47003
2011-09-22 13:00:00,157.0487
2011-09-22 14:00:00,189.49416
2011-09-22 15:00:00,235.6866
2011-09-22 16:00:00,330.29218
2011-09-22 17:00:00,297.93417
2011-09-22 18:00:00,186.63727
2011-09-22 19:00:00,125.423615
2011-09-22 20:00:00,105.12723
2011-09-22 21:00:00,156.66188
2011-09-22 22:00:00,82.93958
2011-09-22 23:00:00,114.08225
2011-09-23 00:00:00,129.91357
2011-09-23 01:00:00,67.629944
2011-09-23 02:00:00,66.031075
2011-09-23 03:00:00,72.73008
2011-09-23 04:00:00,78.359184
2011-09-23 05:00:00,99.445816
2011-09-23 06:00:00,131.08472
2011-09-23 07:00:00,171.41103
2011-09-23 08:00:00,175.5449
2011-09-23 09:00:00,106.96482
2011-09-23 10:00:00,108.562584
2011-09-23 11:00:00,108.23188
2011-09-23 12:00:00,198.89671
2011-09-23 13:00:00,110.48593
2011-09-23 14:00:00,113.87546
2011-09-23 15:00:00,251.13387
2011-09-23 16:00:00,242.16762
2011-09-23 17:00:00,111.689575
2011-09-23 18:00:00,89.7162
2011-09-23 19:00:00,89.861145
2011-09-23 20:00:00,91.86151
2011-09-23 21:00:00,72.89914
2011-09-23 22:00:00,90.351746
2011-09-23 23:00:00,126.58447
2011-09-24 00:00:00,65.0789
2011-09-24 01:00:00,93.14541
2011-09-24 02:00:00,95.498764
2011-09-24 03:00:00,78.92586
2011-09-24 04:00:00,67.428955
2011-09-24 05:00:00,96.08311
2011-09-24 06:00:00,99.21875
2011-09-24 07:00:00,185.59451
2011-09-24 08:00:00,156.31465
2011-09-24 09:00:00,172.24072
2011-09-24 10:00:00,185.02237
2011-09-24 11:00:00,293.70422
2011-09-24 12:00:00,298.27496
2011-09-24 13:00:00,264.16327
2011-09-24 14:00:00,381.3519
2011-09-24 15:00:00,392.5174
2011-09-24 16:00:00,334.44058
2011-09-24 17:00:00,411.27985
2011-09-24 18:00:00,300.02402
2011-09-24 19:00:00,124.97155
2011-09-24 20:00:00,212.12225
2011-09-24 21:00:00,165.70862
2011-09-24 22:00:00,231.59834
2011-09-24 23:00:00,129.16551
2011-09-25 00:00:00,93.42016
2011-09-25 01:00:00,142.37086
2011-09-25 02:00:00,94.51406
2011-09-25 03:00:00,114.01403
2011-09-25 04:00:00,110.91722
2011-09-25 05:00:00,122.33257
2011-09-25 06:00:00,144.79375
2011-09-25 07:00:00,76.13217
2011-09-25 08:00:00,151.11101
2011-09-25 09:00:00,243.7563
2011-09-25 10:00:00,253.65855
2011-09-25 11:00:00,357.89288
2011-09-25 12:00:00,375.60736
2011-09-25 13:00:00,424.53098
2011-09-25 14:00:00,390.05914
2011-09-25 15:00:00,397.07117
2011-09-25 16:00:00,550.5268
2011-09-25 17:00:00,472.06848
2011-09-25 18:00:00,492.0059
2011-09-25 19:00:00,198.0255
2011-09-25 20:00:00,178.68881
2011-09-25 21:00:00,94.049126
2011-09-25 22:00:00,118.32974
2011-09-25 23:00:00,110.779236
2011-09-26 00:00:00,102.820335
2011-09-26 01:00:00,172.53876
2011-09-26 02:00:00,166.67876
2011-09-26 03:00:00,101.1788
2011-09-26 04:00:00,131.37361
2011-09-26 05:00:00,127.81441
2011-09-26 06:00:00,131.08472
2011-09-26 07:00:00,102.03211
2011-09-26 08:00:00,104.53869
2011-09-26 09:00:00,132.2003
2011-09-26 10:00:00,130.15709
2011-09-26 11:00:00,206.99823
2011-09-26 12:00:00,308.27625
2011-09-26 13:00:00,371.96555
2011-09-26 14:00:00,435.1109
2011-09-26 15:00:00,531.55896
2011-09-26 16:00:00,496.10736
2011-09-26 17:00:00,462.27728
2011-09-26 18:00:00,332.3907
2011-09-26 19:00:00,323.02756
2011-09-26 20:00:00,181.40334
2011-09-26 21:00:00,204.84354
2011-09-26 22:00:00,109.23851
2011-09-26 23:00:00,119.110245
2011-09-27 00:00:00,83.249626
2011-09-27 01:00:00,88.464935
2011-09-27 02:00:00,94.1299
2011-09-27 03:00:00,101.1788
2011-09-27 04:00:00,167.76587
2011-09-27 05:00:00,159.16537
2011-09-27 06:00:00,130.36116
2011-09-27 07:00:00,131.6086
2011-09-27 08:00:00,171.73282
2011-09-27 09:00:00,205.86394
2011-09-27 10:00:00,156.35085
2011-09-27 11:00:00,220.86632
2011-09-27 12:00:00,202.69945
2011-09-27 13:00:00,351.37918
2011-09-27 14:00:00,342.8827
2011-09-27 15:00:00,339.032
2011-09-27 16:00:00,269.79712
2011-09-27 17:00:00,163.4329
2011-09-27 18:00:00,151.8407
2011-09-27 19:00:00,291.43338
2011-09-27 20:00:00,307.7934
2011-09-27 21:00:00,216.21268
2011-09-27 22:00:00,139.11443
2011-09-27 23:00:00,133.0178
2011-09-28 00:00:00,85.11543
2011-09-28 01:00:00,82.416885
2011-09-28 02:00:00,111.04324
2011-09-28 03:00:00,108.23445
2011-09-28 04:00:00,90.36597
2011-09-28 05:00:00,99.54411
2011-09-28 06:00:00,152.55351
2011-09-28 07:00:00,153.1013
2011-09-28 08:00:00,146.91333
2011-09-28 09:00:00,141.88873
2011-09-28 10:00:00,115.732895
2011-09-28 11:00:00,325.65793
2011-09-28 12:00:00,367.3722
2011-09-28 13:00:00,321.7941
2011-09-28 14:00:00,518.7545
2011-09-28 15:00:00,441.79544
2011-09-28 16:00:00,453.67798
2011-09-28 17:00:00,464.45392
2011-09-28 18:00:00,303.6328
2011-09-28 19:00:00,321.25766
2011-09-28 20:00:00,304.95776
2011-09-28 21:00:00,264.71136
2011-09-28 22:00:00,139.11443
2011-09-28 23:00:00,104.52393
2011-09-29 00:00:00,76.599335
2011-09-29 01:00:00,74.90837
2011-09-29 02:00:00,75.88977
2011-09-29 03:00:00,110.27274
2011-09-29 04:00:00,179.68713
2011-09-29 05:00:00,162.98335
2011-09-29 06:00:00,158.22136
2011-09-29 07:00:00,136.4597
2011-09-29 08:00:00,172.35303
2011-09-29 09:00:00,178.21078
2011-09-29 10:00:00,373.3902
2011-09-29 11:00:00,381.55667
2011-09-29 12:00:00,437.9779
2011-09-29 13:00:00,425.22644
2011-09-29 14:00:00,585.70355
2011-09-29 15:00:00,639.4537
2011-09-29 16:00:00,611.20667
2011-09-29 17:00:00,655.5909
2011-09-29 18:00:00,525.0369
2011-09-29 19:00:00,403.4512
2011-09-29 20:00:00,407.3736
2011-09-29 21:00:00,457.96603
2011-09-29 22:00:00,381.52005
2011-09-29 23:00:00,178.88652
2011-09-30 00:00:00,156.97122
2011-09-30 01:00:00,201.25288
2011-09-30 02:00:00,167.9185
2011-09-30 03:00:00,175.53856
2011-09-30 04:00:00,167.2836
2011-09-30 05:00:00,170.16098
2011-09-30 06:00:00,165.72844
2011-09-30 07:00:00,166.47221
2011-09-30 08:00:00,267.12265
2011-09-30 09:00:00,259.7881
2011-09-30 10:00:00,392.60663
2011-09-30 11:00:00,447.81604
2011-09-30 12:00:00,444.88354
2011-09-30 13:00:00,602.1611
2011-09-30 14:00:00,590.5668
2011-09-30 15:00:00,572.27423
2011-09-30 16:00:00,531.517
2011-09-30 17:00:00,534.0456
2011-09-30 18:00:00,587.9376
2011-09-30 19:00:00,513.5549
2011-09-30 20:00:00,520.46295
2011-09-30 21:00:00,427.12964
2011-09-30 22:00:00,527.66986
2011-09-30 23:00:00,536.95135
2011-10-20 00:00:00,118.04545
2011-10-20 01:00:00,138.57736
2011-10-20 02:00:00,121.466324
2011-10-20 03:00:00,143.12413
2011-10-20 04:00:00,135.9926
2011-10-20 05:00:00,161.70744
2011-10-20 06:00:00,170.16269
2011-10-20 07:00:00,191.23192
2011-10-20 08:00:00,198.62079
2011-10-20 09:00:00,186.47072
2011-10-20 10:00:00,281.23492
2011-10-20 11:00:00,348.508
2011-10-20 12:00:00,454.08054
2011-10-20 13:00:00,494.55804
2011-10-20 14:00:00,526.32574
2011-10-20 15:00:00,488.1522
2011-10-20 16:00:00,499.10425
2011-10-20 17:00:00,504.04916
2011-10-20 18:00:00,420.6906
2011-10-20 19:00:00,474.09308
2011-10-20 20:00:00,439.69156
2011-10-20 21:00:00,430.29962
2011-10-20 22:00:00,452.10492
2011-10-20 23:00:00,348.76175
2011-10-21 00:00:00,224.27351
2011-10-21 01:00:00,232.7613
2011-10-21 02:00:00,197.473
2011-10-21 03:00:00,159.3954
2011-10-21 04:00:00,165.9601
2011-10-21 05:00:00,184.24837
2011-10-21 06:00:00,161.2664
2011-10-21 07:00:00,160.30705
2011-10-21 08:00:00,235.55035
2011-10-21 09:00:00,258.08627
2011-10-21 10:00:00,307.98047
2011-10-21 11:00:00,412.81873
2011-10-21 12:00:00,438.55743
2011-10-21 13:00:00,412.0417
2011-10-21 14:00:00,503.18005
2011-10-21 15:00:00,469.44867
2011-10-21 16:00:00,458.1249
2011-10-21 17:00:00,388.98767
2011-10-21 18:00:00,366.79663
2011-10-21 19:00:00,455.7353
2011-10-21 20:00:00,350.60934
2011-10-21 21:00:00,282.6388
2011-10-21 22:00:00,316.00967
2011-10-21 23:00:00,271.6966
2011-10-22 00:00:00,189.3115
2011-10-22 01:00:00,189.26317
2011-10-22 02:00:00,202.03903
2011-10-22 03:00:00,206.8998
2011-10-22 04:00:00,184.92491
2011-10-22 05:00:00,186.59456
2011-10-22 06:00:00,101.028336
2011-10-22 07:00:00,74.03233
2011-10-22 08:00:00,131.14081
2011-10-22 09:00:00,220.42088
2011-10-22 10:00:00,262.90564
2011-10-22 11:00:00,268.0476
2011-10-22 12:00:00,325.7356
2011-10-22 13:00:00,411.38135
2011-10-22 14:00:00,378.08667
2011-10-22 15:00:00,403.90366
2011-10-22 16:00:00,397.0232
2011-10-22 17:00:00,301.34308
2011-10-22 18:00:00,280.8115
2011-10-22 19:00:00,147.79143
2011-10-22 20:00:00,121.887665
2011-10-22 21:00:00,87.59889
2011-10-22 22:00:00,87.719284
2011-10-22 23:00:00,76.44251
2011-10-23 00:00:00,93.24724
2011-10-23 01:00:00,80.31358
2011-10-23 02:00:00,97.20442
2011-10-23 03:00:00,75.29262
2011-10-23 04:00:00,72.935524
2011-10-23 05:00:00,72.63969
2011-10-23 06:00:00,73.222595
2011-10-23 07:00:00,73.046875
2011-10-23 08:00:00,77.63828
2011-10-23 09:00:00,98.73738
2011-10-23 10:00:00,186.2106
2011-10-23 11:00:00,214.14975
2011-10-23 12:00:00,333.67285
2011-10-23 13:00:00,412.09027
2011-10-23 14:00:00,425.6869
2011-10-23 15:00:00,426.81464
2011-10-23 16:00:00,425.102
2011-10-23 17:00:00,325.08258
2011-10-23 18:00:00,302.91953
2011-10-23 19:00:00,123.135056
2011-10-23 20:00:00,110.479324
2011-10-23 21:00:00,107.5405
2011-10-23 22:00:00,89.174286
2011-10-23 23:00:00,91.94573
2011-10-24 00:00:00,169.15201
2011-10-24 01:00:00,107.70755
2011-10-24 02:00:00,98.33841
2011-10-24 03:00:00,118.67215
2011-10-24 04:00:00,158.56996
2011-10-24 05:00:00,98.39038
2011-10-24 06:00:00,115.97145
2011-10-24 07:00:00,123.0447
2011-10-24 08:00:00,157.99104
2011-10-24 09:00:00,190.9579
2011-10-24 10:00:00,175.48022
2011-10-24 11:00:00,248.42885
2011-10-24 12:00:00,269.4414
2011-10-24 13:00:00,309.9593
2011-10-24 14:00:00,316.80814
2011-10-24 15:00:00,380.21414
2011-10-24 16:00:00,329.27353
2011-10-24 17:00:00,275.2184
2011-10-24 18:00:00,405.4685
2011-10-24 19:00:00,214.96556
2011-10-24 20:00:00,116.087616
2011-10-24 21:00:00,94.33297
2011-10-24 22:00:00,179.51591
2011-10-24 23:00:00,134.6713
2011-10-25 00:00:00,160.13776
2011-10-25 01:00:00,168.47572
2011-10-25 02:00:00,122.41264
2011-10-25 03:00:00,110.36682
2011-10-25 04:00:00,112.95375
2011-10-25 05:00:00,125.34062
2011-10-25 06:00:00,138.0638
2011-10-25 07:00:00,181.95772
2011-10-25 08:00:00,232.4085
2011-10-25 09:00:00,280.8034
2011-10-25 10:00:00,345.60663
2011-10-25 11:00:00,405.21796
2011-10-25 12:00:00,508.8447
2011-10-25 13:00:00,504.71927
2011-10-25 14:00:00,522.7953
2011-10-25 15:00:00,370.21484
2011-10-25 16:00:00,450.59695
2011-10-25 17:00:00,369.57642
2011-10-25 18:00:00,374.21902
2011-10-25 19:00:00,263.31818
2011-10-25 20:00:00,235.10422
2011-10-25 21:00:00,184.97098
2011-10-25 22:00:00,263.924
2011-10-25 23:00:00,177.89828
2011-10-26 00:00:00,196.81635
2011-10-26 01:00:00,203.76193
2011-10-26 02:00:00,239.48373
2011-10-26 03:00:00,229.24095
2011-10-26 04:00:00,193.58006
2011-10-26 05:00:00,205.81638
2011-10-26 06:00:00,206.40218
2011-10-26 07:00:00,204.13744
2011-10-26 08:00:00,260.1612
2011-10-26 09:00:00,282.15735
2011-10-26 10:00:00,300.63
2011-10-26 11:00:00,316.3834
2011-10-26 12:00:00,437.30347
2011-10-26 13:00:00,359.31216
2011-10-26 14:00:00,256.51526
2011-10-26 15:00:00,255.64241
2011-10-26 16:00:00,239.54926
2011-10-26 17:00:00,235.64522
2011-10-26 18:00:00,232.74065
2011-10-26 19:00:00,132.2664
2011-10-26 20:00:00,99.727325
2011-10-26 21:00:00,277.75684
2011-10-26 22:00:00,115.06547
2011-10-26 23:00:00,113.62815
2011-10-27 00:00:00,91.90346
2011-10-27 01:00:00,85.177124
2011-10-27 02:00:00,112.11045
2011-10-27 03:00:00,113.07151
2011-10-27 04:00:00,148.20491
2011-10-27 05:00:00,160.45323
2011-10-27 06:00:00,230.70767
2011-10-27 07:00:00,119.27042
2011-10-27 08:00:00,175.16454
2011-10-27 09:00:00,206.44748
2011-10-27 10:00:00,183.42712
2011-10-27 11:00:00,208.8158
2011-10-27 12:00:00,211.19595
2011-10-27 13:00:00,189.0353
2011-10-27 14:00:00,226.08774
2011-10-27 15:00:00,222.86116
2011-10-27 16:00:00,274.2957
2011-10-27 17:00:00,290.61612
2011-10-27 18:00:00,363.17902
2011-10-27 19:00:00,361.19336
2011-10-27 20:00:00,307.0504
2011-10-27 21:00:00,386.28815
2011-10-27 22:00:00,287.4652
2011-10-27 23:00:00,355.2836
2011-10-28 00:00:00,154.27794
2011-10-28 01:00:00,160.64772
2011-10-28 02:00:00,175.90054
2011-10-28 03:00:00,188.03406
2011-10-28 04:00:00,193.21255
2011-10-28 05:00:00,200.63277
2011-10-28 06:00:00,163.5512
2011-10-28 07:00:00,163.9927
2011-10-28 08:00:00,209.51276
2011-10-28 09:00:00,197.32721
2011-10-28 10:00:00,209.02032
2011-10-28 11:00:00,251.94984
2011-10-28 12:00:00,277.17203
2011-10-28 13:00:00,305.7884
2011-10-28 14:00:00,279.2445
2011-10-28 15:00:00,315.69373
2011-10-28 16:00:00,264.83112
2011-10-28 17:00:00,255.82027
2011-10-28 18:00:00,257.83133
2011-10-28 19:00:00,274.35004
2011-10-28 20:00:00,240.25224
2011-10-28 21:00:00,160.05614
2011-10-28 22:00:00,208.51599
2011-10-28 23:00:00,254.70775
2011-10-29 00:00:00,44.147667
2011-10-29 01:00:00,45.593056
2011-10-29 02:00:00,45.947945
2011-10-29 03:00:00,45.298187
2011-10-29 04:00:00,45.12735
2011-10-29 05:00:00,54.646797
2011-10-29 06:00:00,41.94774
2011-10-29 07:00:00,42.579132
2011-10-29 08:00:00,42.11373
2011-10-29 09:00:00,43.158146
2011-10-29 10:00:00,71.01474
2011-10-29 11:00:00,74.92322
2011-10-29 12:00:00,48.106167
2011-10-29 13:00:00,45.541645
2011-10-29 14:00:00,52.825638
2011-10-29 15:00:00,65.91961
2011-10-29 16:00:00,76.57117
2011-10-29 17:00:00,75.239525
2011-10-29 18:00:00,73.54462
2011-10-29 19:00:00,53.108932
2011-10-29 20:00:00,53.494804
2011-10-29 21:00:00,54.02594
2011-10-29 22:00:00,53.227474
2011-10-29 23:00:00,54.598423
2011-10-30 00:00:00,65.732
2011-10-30 01:00:00,73.29127
2011-10-30 02:00:00,77.297714
2011-10-30 03:00:00,57.735134
2011-10-30 04:00:00,74.14336
2011-10-30 05:00:00,57.4778
2011-10-30 06:00:00,53.226505
2011-10-30 07:00:00,65.2675
2011-10-30 08:00:00,53.701958
2011-10-30 09:00:00,74.09042
2011-10-30 10:00:00,139.20601
2011-10-30 11:00:00,238.24359
2011-10-30 12:00:00,283.11786
2011-10-30 13:00:00,327.21008
2011-10-30 14:00:00,336.9193
2011-10-30 15:00:00,355.40814
2011-10-30 16:00:00,360.0609
2011-10-30 17:00:00,342.2198
2011-10-30 18:00:00,324.34415
2011-10-30 19:00:00,546.426
2011-10-30 20:00:00,115.934105
2011-10-30 21:00:00,98.13983
2011-10-30 22:00:00,76.6115
2011-10-30 23:00:00,62.85932
2011-10-31 00:00:00,82.44913
2011-10-31 01:00:00,80.577194
2011-10-31 02:00:00,76.93436
2011-10-31 03:00:00,117.025696
2011-10-31 04:00:00,70.11454
2011-10-31 05:00:00,55.112442
2011-10-31 06:00:00,63.97462
2011-10-31 07:00:00,59.436256
2011-10-31 08:00:00,91.13077
2011-10-31 09:00:00,156.18964
2011-10-31 10:00:00,242.14815
2011-10-31 11:00:00,287.33826
2011-10-31 12:00:00,357.8907
2011-10-31 13:00:00,367.10834
2011-10-31 14:00:00,364.2019
2011-10-31 15:00:00,330.30374
2011-10-31 16:00:00,313.05536
2011-10-31 17:00:00,286.92776
2011-10-31 18:00:00,191.68849
2011-10-31 19:00:00,177.33093
2011-10-31 20:00:00,161.39616
2011-10-31 21:00:00,144.18044
2011-10-31 22:00:00,136.11884
2011-10-31 23:00:00,130.36674
2011-11-20 00:00:00,172.70782
2011-11-20 01:00:00,202.65636
2011-11-20 02:00:00,214.22374
2011-11-20 03:00:00,222.708
2011-11-20 04:00:00,209.21532
2011-11-20 05:00:00,229.8752
2011-11-20 06:00:00,218.4833
2011-11-20 07:00:00,187.6983
2011-11-20 08:00:00,216.307
2011-11-20 09:00:00,190.67795
2011-11-20 10:00:00,206.60939
2011-11-20 11:00:00,291.297
2011-11-20 12:00:00,294.83905
2011-11-20 13:00:00,382.7612
2011-11-20 14:00:00,339.23495
2011-11-20 15:00:00,295.5467
2011-11-20 16:00:00,359.16077
2011-11-20 17:00:00,379.80615
2011-11-20 18:00:00,399.7489
2011-11-20 19:00:00,239.56227
2011-11-20 20:00:00,308.29523
2011-11-20 21:00:00,162.10391
2011-11-20 22:00:00,109.35913
2011-11-20 23:00:00,109.15141
2011-11-21 00:00:00,94.220116
2011-11-21 01:00:00,101.33512
2011-11-21 02:00:00,118.787384
2011-11-21 03:00:00,95.69803
2011-11-21 04:00:00,98.874794
2011-11-21 05:00:00,93.88847
2011-11-21 06:00:00,92.40283
2011-11-21 07:00:00,132.37552
2011-11-21 08:00:00,119.64281
2011-11-21 09:00:00,135.45894
2011-11-21 10:00:00,229.33034
2011-11-21 11:00:00,234.8537
2011-11-21 12:00:00,226.67078
2011-11-21 13:00:00,223.79112
2011-11-21 14:00:00,206.8748
2011-11-21 15:00:00,162.92805
2011-11-21 16:00:00,166.97394
2011-11-21 17:00:00,165.9553
2011-11-21 18:00:00,193.5003
2011-11-21 19:00:00,170.62022
2011-11-21 20:00:00,197.60959
2011-11-21 21:00:00,165.86414
2011-11-21 22:00:00,137.58434
2011-11-21 23:00:00,147.50075
2011-11-22 00:00:00,94.951866
2011-11-22 01:00:00,100.71124
2011-11-22 02:00:00,95.253395
2011-11-22 03:00:00,97.482925
2011-11-22 04:00:00,118.67427
2011-11-22 05:00:00,125.57924
2011-11-22 06:00:00,109.050606
2011-11-22 07:00:00,156.55473
2011-11-22 08:00:00,166.29237
2011-11-22 09:00:00,114.77829
2011-11-22 10:00:00,118.817726
2011-11-22 11:00:00,155.47679
2011-11-22 12:00:00,149.45033
2011-11-22 13:00:00,134.99269
2011-11-22 14:00:00,135.98552
2011-11-22 15:00:00,126.568695
2011-11-22 16:00:00,118.59985
2011-11-22 17:00:00,154.2855
2011-11-22 18:00:00,94.22884
2011-11-22 19:00:00,141.76263
2011-11-22 20:00:00,80.93405
2011-11-22 21:00:00,85.398994
2011-11-22 22:00:00,164.57855
2011-11-22 23:00:00,155.88477
2011-11-23 00:00:00,129.31227
2011-11-23 01:00:00,161.37038
2011-11-23 02:00:00,135.26897
2011-11-23 03:00:00,138.32205
2011-11-23 04:00:00,157.08325
2011-11-23 05:00:00,144.44933
2011-11-23 06:00:00,82.93317
2011-11-23 07:00:00,87.96448
2011-11-23 08:00:00,128.6826
2011-11-23 09:00:00,139.72408
2011-11-23 10:00:00,142.84634
2011-11-23 11:00:00,229.99649
2011-11-23 12:00:00,369.69727
2011-11-23 13:00:00,410.71353
2011-11-23 14:00:00,388.13232
2011-11-23 15:00:00,441.978
2011-11-23 16:00:00,337.52414
2011-11-23 17:00:00,319.43796
2011-11-23 18:00:00,422.16553
2011-11-23 19:00:00,379.86465
2011-11-23 20:00:00,305.3612
2011-11-23 21:00:00,391.16824
2011-11-23 22:00:00,334.1678
2011-11-23 23:00:00,334.03305
2011-11-24 00:00:00,137.4825
2011-11-24 01:00:00,179.1562
2011-11-24 02:00:00,79.90721
2011-11-24 03:00:00,63.48159
2011-11-24 04:00:00,100.454254
2011-11-24 05:00:00,98.90269
2011-11-24 06:00:00,99.27874
2011-11-24 07:00:00,57.06637
2011-11-24 08:00:00,78.13571
2011-11-24 09:00:00,136.48286
2011-11-24 10:00:00,178.63783
2011-11-24 11:00:00,380.2291
2011-11-24 12:00:00,368.62122
2011-11-24 13:00:00,374.06262
2011-11-24 14:00:00,371.06836
2011-11-24 15:00:00,365.5438
2011-11-24 16:00:00,400.73218
2011-11-24 17:00:00,348.0602
2011-11-24 18:00:00,257.575
2011-11-24 19:00:00,202.80559
2011-11-24 20:00:00,68.55274
2011-11-24 21:00:00,84.53786
2011-11-24 22:00:00,85.70961
2011-11-24 23:00:00,73.4116
2011-11-25 00:00:00,118.80995
2011-11-25 01:00:00,139.9707
2011-11-25 02:00:00,108.39446
2011-11-25 03:00:00,116.81604
2011-11-25 04:00:00,134.72699
2011-11-25 05:00:00,91.171814
2011-11-25 06:00:00,135.42705
2011-11-25 07:00:00,70.1885
2011-11-25 08:00:00,141.96964
2011-11-25 09:00:00,100.18286
2011-11-25 10:00:00,159.66951
2011-11-25 11:00:00,212.273
2011-11-25 12:00:00,341.7566
2011-11-25 13:00:00,435.64392
2011-11-25 14:00:00,461.92114
2011-11-25 15:00:00,417.88245
2011-11-25 16:00:00,400.43237
2011-11-25 17:00:00,327.419
2011-11-25 18:00:00,351.82993
2011-11-25 19:00:00,186.30948
2011-11-25 20:00:00,216.74135
2011-11-25 21:00:00,98.39387
2011-11-25 22:00:00,94.70569
2011-11-25 23:00:00,88.74322
2011-11-26 00:00:00,132.89879
2011-11-26 01:00:00,95.09454
2011-11-26 02:00:00,74.7877
2011-11-26 03:00:00,73.279144
2011-11-26 04:00:00,71.71338
2011-11-26 05:00:00,64.975365
2011-11-26 06:00:00,80.06192
2011-11-26 07:00:00,55.418743
2011-11-26 08:00:00,63.688053
2011-11-26 09:00:00,65.17135
2011-11-26 10:00:00,76.12371
2011-11-26 11:00:00,231.21779
2011-11-26 12:00:00,342.24115
2011-11-26 13:00:00,378.93155
2011-11-26 14:00:00,341.61514
2011-11-26 15:00:00,378.7561
2011-11-26 16:00:00,336.2632
2011-11-26 17:00:00,346.0207
2011-11-26 18:00:00,240.91103
2011-11-26 19:00:00,122.80171
2011-11-26 20:00:00,229.05818
2011-11-26 21:00:00,88.79913
2011-11-26 22:00:00,95.5855
2011-11-26 23:00:00,74.785065
2011-11-27 00:00:00,93.813614
2011-11-27 01:00:00,84.217804
2011-11-27 02:00:00,79.2523
2011-11-27 03:00:00,75.29262
2011-11-27 04:00:00,89.08734
2011-11-27 05:00:00,93.26641
2011-11-27 06:00:00,144.0925
2011-11-27 07:00:00,190.9289
2011-11-27 08:00:00,173.10196
2011-11-27 09:00:00,184.40599
2011-11-27 10:00:00,187.30281
2011-11-27 11:00:00,284.7577
2011-11-27 12:00:00,409.94177
2011-11-27 13:00:00,377.72092
2011-11-27 14:00:00,603.50836
2011-11-27 15:00:00,603.7762
2011-11-27 16:00:00,502.40894
2011-11-27 17:00:00,445.737
2011-11-27 18:00:00,330.58093
2011-11-27 19:00:00,285.82416
2011-11-27 20:00:00,384.8322
2011-11-27 21:00:00,341.59686
2011-11-27 22:00:00,254.87328
2011-11-27 23:00:00,264.81372
2011-11-28 00:00:00,154.80423
2011-11-28 01:00:00,160.11806
2011-11-28 03:00:00,162.47935
2011-11-28 04:00:00,154.85754
2011-11-28 05:00:00,103.34665
2011-11-28 06:00:00,157.03044
2011-11-28 07:00:00,115.112495
2011-11-28 08:00:00,114.608215
2011-11-28 09:00:00,158.69917
2011-11-28 10:00:00,225.76035
2011-11-28 11:00:00,266.21216
2011-11-28 12:00:00,345.3224
2011-11-28 13:00:00,476.7631
2011-11-28 14:00:00,432.752
2011-11-28 15:00:00,401.53085
2011-11-28 16:00:00,393.34494
2011-11-28 17:00:00,466.94995
2011-11-28 18:00:00,380.9048
2011-11-28 19:00:00,290.07516
2011-11-28 20:00:00,320.2476
2011-11-28 21:00:00,283.37073
2011-11-28 22:00:00,174.85709
2011-11-28 23:00:00,172.38898
2011-11-29 00:00:00,117.89498
2011-11-29 01:00:00,154.24957
2011-11-29 02:00:00,137.94162
2011-11-29 03:00:00,136.39592
2011-11-29 04:00:00,165.01613
2011-11-29 05:00:00,146.41075
2011-11-29 06:00:00,153.60786
2011-11-29 07:00:00,192.26028
2011-11-29 08:00:00,161.0501
2011-11-29 09:00:00,245.79962
2011-11-29 10:00:00,248.80814
2011-11-29 11:00:00,173.49133
2011-11-29 12:00:00,210.2382
2011-11-29 13:00:00,255.86426
2011-11-29 14:00:00,167.1402
2011-11-29 15:00:00,195.53697
2011-11-29 16:00:00,202.494
2011-11-29 17:00:00,175.13971
2011-11-29 18:00:00,199.00528
2011-11-29 19:00:00,211.94177
2011-11-29 20:00:00,192.05937
2011-11-29 21:00:00,191.25395
2011-11-29 22:00:00,206.83833
2011-11-29 23:00:00,219.3537
2011-11-30 00:00:00,187.34015
2011-11-30 01:00:00,167.91397
2011-11-30 02:00:00,152.49727
2011-11-30 03:00:00,158.48936
2011-11-30 04:00:00,214.94087
2011-11-30 05:00:00,226.61752
2011-11-30 06:00:00,130.73563
2011-11-30 07:00:00,127.52589
2011-11-30 08:00:00,212.15541
2011-11-30 09:00:00,219.39272
2011-11-30 10:00:00,181.039
2011-11-30 11:00:00,275.8045
2011-11-30 12:00:00,278.34045
2011-11-30 13:00:00,382.5498
2011-11-30 14:00:00,386.72928
2011-11-30 15:00:00,359.27393
2011-11-30 16:00:00,350.51392
2011-11-30 17:00:00,358.1612
2011-11-30 18:00:00,357.46182
2011-11-30 19:00:00,276.21643
2011-11-30 20:00:00,271.38174
2011-11-30 21:00:00,377.8
2011-11-30 22:00:00,260.33575
2011-11-30 23:00:00,243.71437
2011-12-20 00:00:00,240.52876
2011-12-20 01:00:00,300.11652
2011-12-20 02:00:00,232.2884
2011-12-20 03:00:00,235.65239
2011-12-20 04:00:00,250.978
2011-12-20 05:00:00,276.29456
2011-12-20 06:00:00,276.49066
2011-12-20 07:00:00,251.99974
2011-12-20 08:00:00,272.72113
2011-12-20 09:00:00,222.28221
2011-12-20 10:00:00,258.31995
2011-12-20 11:00:00,245.40031
2011-12-20 12:00:00,305.17877
2011-12-20 13:00:00,319.09262
2011-12-20 14:00:00,294.93024
2011-12-20 15:00:00,300.20898
2011-12-20 16:00:00,289.39038
2011-12-20 17:00:00,236.86745
2011-12-20 18:00:00,204.64018
2011-12-20 19:00:00,137.06898
2011-12-20 20:00:00,112.51665
2011-12-20 21:00:00,116.15906
2011-12-20 22:00:00,128.57903
2011-12-20 23:00:00,167.68689
2011-12-21 00:00:00,115.07889
2011-12-21 01:00:00,129.79001
2011-12-21 02:00:00,119.032715
2011-12-21 03:00:00,113.439125
2011-12-21 04:00:00,103.79445
2011-12-21 05:00:00,133.37218
2011-12-21 06:00:00,84.8888
2011-12-21 07:00:00,115.30243
2011-12-21 08:00:00,116.96547
2011-12-21 09:00:00,157.74992
2011-12-21 10:00:00,204.93939
2011-12-21 11:00:00,213.93678
2011-12-21 12:00:00,182.23833
2011-12-21 13:00:00,169.59334
2011-12-21 14:00:00,252.1373
2011-12-21 15:00:00,251.7683
2011-12-21 16:00:00,163.85094
2011-12-21 17:00:00,183.75298
2011-12-21 18:00:00,196.12682
2011-12-21 19:00:00,308.01785
2011-12-21 20:00:00,311.56955
2011-12-21 21:00:00,281.61182
2011-12-21 22:00:00,262.83826
2011-12-21 23:00:00,224.39772
2011-12-22 00:00:00,163.50082
2011-12-22 01:00:00,74.564674
2011-12-22 02:00:00,102.20375
2011-12-22 03:00:00,180.40633
2011-12-22 04:00:00,91.67355
2011-12-22 05:00:00,67.35949
2011-12-22 06:00:00,69.922516
2011-12-22 07:00:00,60.101437
2011-12-22 08:00:00,85.61676
2011-12-22 09:00:00,122.722946
2011-12-22 10:00:00,153.15752
2011-12-22 11:00:00,95.60939
2011-12-22 12:00:00,223.67122
2011-12-22 13:00:00,184.19144
2011-12-22 14:00:00,196.90863
2011-12-22 15:00:00,231.81676
2011-12-22 16:00:00,211.12047
2011-12-22 17:00:00,220.08803
2011-12-22 18:00:00,228.11475
2011-12-22 19:00:00,239.73703
2011-12-22 20:00:00,206.11577
2011-12-22 21:00:00,218.38683
2011-12-22 22:00:00,207.14899
2011-12-22 23:00:00,122.48038
2011-12-23 00:00:00,105.97542
2011-12-23 01:00:00,105.22474
2011-12-23 02:00:00,104.351
2011-12-23 03:00:00,106.0805
2011-12-23 04:00:00,79.4081
2011-12-23 05:00:00,59.86949
2011-12-23 06:00:00,118.60828
2011-12-23 07:00:00,124.806595
2011-12-23 08:00:00,190.16614
2011-12-23 09:00:00,219.78305
2011-12-23 10:00:00,220.7148
2011-12-23 11:00:00,219.90474
2011-12-23 12:00:00,234.03781
2011-12-23 13:00:00,261.51468
2011-12-23 14:00:00,245.13176
2011-12-23 15:00:00,246.11899
2011-12-23 16:00:00,258.81543
2011-12-23 17:00:00,236.81311
2011-12-23 18:00:00,258.53088
2011-12-23 19:00:00,234.27351
2011-12-23 20:00:00,238.7616
2011-12-23 21:00:00,220.19194
2011-12-23 22:00:00,209.94432
2011-12-23 23:00:00,197.83176
2011-12-24 00:00:00,75.835014
2011-12-24 01:00:00,125.16151
2011-12-24 02:00:00,104.165596
2011-12-24 03:00:00,96.67862
2011-12-24 04:00:00,95.366104
2011-12-24 05:00:00,99.85445
2011-12-24 06:00:00,63.587517
2011-12-24 07:00:00,63.38897
2011-12-24 08:00:00,59.876125
2011-12-24 09:00:00,155.97444
2011-12-24 10:00:00,141.44016
2011-12-24 11:00:00,257.3042
2011-12-24 12:00:00,297.13437
2011-12-24 13:00:00,315.27887
2011-12-24 14:00:00,335.4386
2011-12-24 15:00:00,343.3648
2011-12-24 16:00:00,329.14343
2011-12-24 17:00:00,271.78232
2011-12-24 18:00:00,258.95636
2011-12-24 19:00:00,244.15065
2011-12-24 20:00:00,178.07011
2011-12-24 21:00:00,198.04039
2011-12-24 22:00:00,84.31076
2011-12-24 23:00:00,79.34211
2011-12-25 00:00:00,64.2155
2011-12-25 01:00:00,60.71108
2011-12-25 02:00:00,56.656837
2011-12-25 03:00:00,48.960854
2011-12-25 05:00:00,58.064198
2011-12-25 06:00:00,57.86146
2011-12-25 07:00:00,56.09132
2011-12-25 08:00:00,61.45202
2011-12-25 09:00:00,59.173737
2011-12-25 10:00:00,62.971123
2011-12-25 11:00:00,63.439354
2011-12-25 12:00:00,64.63205
2011-12-25 13:00:00,98.91226
2011-12-25 14:00:00,200.56648
2011-12-25 15:00:00,178.85521
2011-12-25 16:00:00,158.03438
2011-12-25 17:00:00,142.14723
2011-12-25 18:00:00,115.26489
2011-12-25 19:00:00,197.86128
2011-12-25 20:00:00,241.5594
2011-12-25 21:00:00,233.15288
2011-12-25 22:00:00,184.7399
2011-12-25 23:00:00,88.79903
2011-12-26 00:00:00,59.50854
2011-12-26 01:00:00,78.68617
2011-12-26 02:00:00,165.23471
2011-12-26 04:00:00,166.98149
2011-12-26 05:00:00,162.35695
2011-12-26 06:00:00,178.36028
2011-12-26 07:00:00,188.21335
2011-12-26 08:00:00,163.28737
2011-12-26 09:00:00,207.56459
2011-12-26 10:00:00,125.49132
2011-12-26 11:00:00,101.45535
2011-12-26 12:00:00,207.85902
2011-12-26 13:00:00,334.81073
2011-12-26 14:00:00,324.7506
2011-12-26 15:00:00,371.6631
2011-12-26 16:00:00,343.25467
2011-12-26 17:00:00,309.57864
2011-12-26 18:00:00,160.04573
2011-12-26 19:00:00,68.30098
2011-12-26 20:00:00,156.1178
2011-12-26 21:00:00,63.321327
2011-12-26 22:00:00,64.835846
2011-12-26 23:00:00,60.608276
2011-12-27 00:00:00,87.51558
2011-12-27 01:00:00,74.04887
2011-12-27 02:00:00,74.739685
2011-12-27 03:00:00,96.114
2011-12-27 04:00:00,110.648636
2011-12-27 05:00:00,133.16924
2011-12-27 06:00:00,138.71483
2011-12-27 07:00:00,147.13342
2011-12-27 08:00:00,158.2163
2011-12-27 09:00:00,108.5213
2011-12-27 10:00:00,164.33089
2011-12-27 11:00:00,126.001335
2011-12-27 12:00:00,169.90266
2011-12-27 13:00:00,122.537895
2011-12-27 14:00:00,190.79274
2011-12-27 15:00:00,202.78864
2011-12-27 16:00:00,234.21486
2011-12-27 17:00:00,232.78404
2011-12-27 18:00:00,173.77016
2011-12-27 19:00:00,89.55644
2011-12-27 20:00:00,59.898087
2011-12-27 21:00:00,63.025555
2011-12-27 22:00:00,62.156868
2011-12-27 23:00:00,59.911987
2011-12-28 00:00:00,60.596626
2011-12-28 01:00:00,69.60918
2011-12-28 02:00:00,135.75099
2011-12-28 03:00:00,147.65688
2011-12-28 05:00:00,166.48413
2011-12-28 06:00:00,170.42502
2011-12-28 07:00:00,178.48952
2011-12-28 08:00:00,175.45853
2011-12-28 09:00:00,187.5656
2011-12-28 10:00:00,207.7686
2011-12-28 11:00:00,230.3124
2011-12-28 12:00:00,183.83214
2011-12-28 13:00:00,238.04431
2011-12-28 14:00:00,277.3941
2011-12-28 15:00:00,258.54373
2011-12-28 16:00:00,251.47449
2011-12-28 17:00:00,292.60547
2011-12-28 18:00:00,279.2425
2011-12-28 19:00:00,266.7616
2011-12-28 20:00:00,284.6514
2011-12-28 21:00:00,265.5611
2011-12-28 22:00:00,240.24437
2011-12-28 23:00:00,277.2755
2011-12-29 00:00:00,97.16687
2011-12-29 01:00:00,107.21066
2011-12-29 02:00:00,100.553116
2011-12-29 03:00:00,132.08516
2011-12-29 04:00:00,129.09123
2011-12-29 05:00:00,98.94533
2011-12-29 06:00:00,75.17125
2011-12-29 07:00:00,59.75585
2011-12-29 08:00:00,90.045044
2011-12-29 09:00:00,118.68599
2011-12-29 10:00:00,124.564896
2011-12-29 11:00:00,146.40451
2011-12-29 12:00:00,154.71724
2011-12-29 13:00:00,171.79955
2011-12-29 14:00:00,160.05373
2011-12-29 15:00:00,191.53476
2011-12-29 16:00:00,201.53836
2011-12-29 17:00:00,190.95096
2011-12-29 18:00:00,198.17412
2011-12-29 19:00:00,197.29256
2011-12-29 20:00:00,143.22389
2011-12-29 21:00:00,196.59126
2011-12-29 22:00:00,179.88899
2011-12-29 23:00:00,204.79407
2011-12-30 00:00:00,68.140396
2011-12-30 01:00:00,68.103966
2011-12-30 02:00:00,59.813854
2011-12-30 03:00:00,59.790203
2011-12-30 04:00:00,59.70496
2011-12-30 05:00:00,60.572884
2011-12-30 06:00:00,59.837082
2011-12-30 07:00:00,58.8325
2011-12-30 08:00:00,66.29567
2011-12-30 09:00:00,69.29861
2011-12-30 10:00:00,157.26566
2011-12-30 11:00:00,180.39178
2011-12-30 12:00:00,181.112
2011-12-30 13:00:00,200.76457
2011-12-30 14:00:00,271.83044
2011-12-30 15:00:00,333.4942
2011-12-30 16:00:00,310.5483
2011-12-30 17:00:00,227.11267
2011-12-30 18:00:00,208.1438
2011-12-30 19:00:00,292.91443
2011-12-30 20:00:00,196.59354
2011-12-30 21:00:00,206.5571
2011-12-30 22:00:00,207.37859
2011-12-30 23:00:00,239.94124
2011-12-31 00:00:00,112.84612
2011-12-31 01:00:00,132.28378
2011-12-31 02:00:00,141.5172
2011-12-31 03:00:00,151.84877
2011-12-31 04:00:00,107.17036
2011-12-31 05:00:00,76.87148
2011-12-31 06:00:00,104.513725
2011-12-31 07:00:00,145.29002
2011-12-31 08:00:00,57.38034
2011-12-31 09:00:00,68.36325
2011-12-31 10:00:00,96.45502
2011-12-31 11:00:00,120.185745
2011-12-31 12:00:00,460.24646
2011-12-31 13:00:00,330.16418
2011-12-31 14:00:00,310.98438
2011-12-31 15:00:00,334.4621
2011-12-31 16:00:00,333.9651
2011-12-31 17:00:00,298.26236
2011-12-31 18:00:00,321.94476
2011-12-31 19:00:00,338.74316
2011-12-31 20:00:00,358.2541
2011-12-31 21:00:00,312.95084
2011-12-31 22:00:00,258.51697
2011-12-31 23:00:00,84.896835
2012-01-20 00:00:00,111.08574
2012-01-20 01:00:00,109.07977
2012-01-20 02:00:00,114.596634
2012-01-20 03:00:00,122.188416
2012-01-20 04:00:00,83.16666
2012-01-20 05:00:00,85.963486
2012-01-20 06:00:00,94.60857
2012-01-20 07:00:00,62.289833
2012-01-20 08:00:00,73.323906
2012-01-20 09:00:00,128.75078
2012-01-20 10:00:00,153.19963
2012-01-20 11:00:00,184.83554
2012-01-20 12:00:00,227.12596
2012-01-20 13:00:00,237.19751
2012-01-20 14:00:00,237.6312
2012-01-20 15:00:00,291.1958
2012-01-20 16:00:00,288.55658
2012-01-20 17:00:00,217.87816
2012-01-20 18:00:00,222.66118
2012-01-20 19:00:00,234.90555
2012-01-20 20:00:00,218.41328
2012-01-20 21:00:00,217.22197
2012-01-20 22:00:00,273.015
2012-01-20 23:00:00,202.06285
2012-01-21 00:00:00,50.1111
2012-01-21 01:00:00,51.42758
2012-01-21 02:00:00,66.18464
2012-01-21 03:00:00,61.75029
2012-01-21 04:00:00,63.739426
2012-01-21 05:00:00,63.05175
2012-01-21 06:00:00,61.36082
2012-01-21 07:00:00,61.478565
2012-01-21 08:00:00,56.691105
2012-01-21 09:00:00,57.43659
2012-01-21 10:00:00,58.46065
2012-01-21 11:00:00,61.98226
2012-01-21 12:00:00,61.788044
2012-01-21 13:00:00,62.56369
2012-01-21 14:00:00,60.519844
2012-01-21 15:00:00,60.714973
2012-01-21 16:00:00,63.39478
2012-01-21 17:00:00,63.780746
2012-01-21 18:00:00,63.565548
2012-01-21 19:00:00,65.03181
2012-01-21 20:00:00,63.96463
2012-01-21 21:00:00,65.811325
2012-01-21 22:00:00,64.134575
2012-01-21 23:00:00,63.775043
2012-01-22 00:00:00,51.064903
2012-01-22 01:00:00,50.47739
2012-01-22 02:00:00,52.352066
2012-01-22 03:00:00,55.075184
2012-01-22 04:00:00,46.132412
2012-01-22 05:00:00,54.138416
2012-01-22 06:00:00,58.449425
2012-01-22 07:00:00,58.894543
2012-01-22 08:00:00,59.567036
2012-01-22 09:00:00,60.30037
2012-01-22 10:00:00,60.80091
2012-01-22 11:00:00,58.50456
2012-01-22 12:00:00,62.322044
2012-01-22 13:00:00,62.951157
2012-01-22 14:00:00,63.016563
2012-01-22 15:00:00,63.166313
2012-01-22 16:00:00,63.106426
2012-01-22 17:00:00,61.767372
2012-01-22 18:00:00,62.47311
2012-01-22 19:00:00,62.23001
2012-01-22 20:00:00,62.2349
2012-01-22 21:00:00,61.69932
2012-01-22 22:00:00,59.425808
2012-01-22 23:00:00,60.519333
2012-01-23 00:00:00,62.850174
2012-01-23 01:00:00,65.55705
2012-01-23 02:00:00,65.3044
2012-01-23 03:00:00,63.096664
2012-01-23 04:00:00,60.584904
2012-01-23 05:00:00,61.80816
2012-01-23 06:00:00,61.355347
2012-01-23 07:00:00,61.124954
2012-01-23 08:00:00,61.101955
2012-01-23 09:00:00,62.295277
2012-01-23 10:00:00,58.600338
2012-01-23 11:00:00,63.958717
2012-01-23 12:00:00,56.10994
2012-01-23 13:00:00,62.964783
2012-01-23 14:00:00,61.04923
2012-01-23 15:00:00,64.68823
2012-01-23 16:00:00,62.426548
2012-01-23 17:00:00,62.05824
2012-01-23 18:00:00,62.24662
2012-01-23 19:00:00,63.508545
2012-01-23 20:00:00,63.08746
2012-01-23 21:00:00,68.59265
2012-01-23 22:00:00,68.651924
2012-01-23 23:00:00,81.95605
2012-01-24 00:00:00,60.377632
2012-01-24 01:00:00,59.738068
2012-01-24 02:00:00,59.89109
2012-01-24 03:00:00,61.56584
2012-01-24 04:00:00,63.19385
2012-01-24 05:00:00,62.588543
2012-01-24 06:00:00,60.644356
2012-01-24 07:00:00,61.4411
2012-01-24 08:00:00,61.39434
2012-01-24 09:00:00,79.07377
2012-01-24 10:00:00,53.459496
2012-01-24 11:00:00,61.711143
2012-01-24 12:00:00,66.25672
2012-01-24 13:00:00,67.05805
2012-01-24 14:00:00,144.83981
2012-01-24 15:00:00,207.209
2012-01-24 16:00:00,193.25276
2012-01-24 17:00:00,182.87326
2012-01-24 18:00:00,202.78348
2012-01-24 19:00:00,344.87082
2012-01-24 20:00:00,73.22899
2012-01-24 21:00:00,79.48674
2012-01-24 22:00:00,71.54141
2012-01-24 23:00:00,72.67866
2012-01-25 00:00:00,54.88323
2012-01-25 01:00:00,103.41952
2012-01-25 02:00:00,95.48255
2012-01-25 03:00:00,62.24617
2012-01-25 04:00:00,69.50699
2012-01-25 05:00:00,67.8331
2012-01-25 06:00:00,60.394993
2012-01-25 07:00:00,60.49771
2012-01-25 08:00:00,65.31555
2012-01-25 09:00:00,65.996544
2012-01-25 10:00:00,63.38907
2012-01-25 11:00:00,174.17516
2012-01-25 12:00:00,184.72281
2012-01-25 13:00:00,201.28415
2012-01-25 14:00:00,197.83229
2012-01-25 15:00:00,212.90224
2012-01-25 16:00:00,212.19127
2012-01-25 17:00:00,225.5667
2012-01-25 18:00:00,175.66234
2012-01-25 19:00:00,175.22888
2012-01-25 20:00:00,209.49063
2012-01-25 21:00:00,88.97034
2012-01-25 22:00:00,165.18456
2012-01-25 23:00:00,100.34114
2012-01-26 00:00:00,89.49109
2012-01-26 01:00:00,90.597
2012-01-26 02:00:00,111.1914
2012-01-26 03:00:00,88.4588
2012-01-26 04:00:00,73.10433
2012-01-26 05:00:00,106.12939
2012-01-26 06:00:00,79.13601
2012-01-26 07:00:00,70.27822
2012-01-26 08:00:00,73.88047
2012-01-26 09:00:00,88.38045
2012-01-26 10:00:00,94.04628
2012-01-26 11:00:00,66.16019
2012-01-26 12:00:00,162.79077
2012-01-26 13:00:00,92.486145
2012-01-26 14:00:00,196.45085
2012-01-26 15:00:00,201.02103
2012-01-26 16:00:00,194.25063
2012-01-26 17:00:00,119.878456
2012-01-26 18:00:00,134.33769
2012-01-26 19:00:00,200.34634
2012-01-26 20:00:00,209.39896
2012-01-26 21:00:00,202.70032
2012-01-26 22:00:00,94.24399
2012-01-26 23:00:00,96.887474
2012-01-27 00:00:00,104.52861
2012-01-27 01:00:00,105.41836
2012-01-27 02:00:00,72.15326
2012-01-27 03:00:00,70.08242
2012-01-27 04:00:00,62.400276
2012-01-27 05:00:00,68.15264
2012-01-27 06:00:00,63.10462
2012-01-27 07:00:00,65.655045
2012-01-27 08:00:00,188.87573
2012-01-27 09:00:00,202.80754
2012-01-27 10:00:00,216.37659
2012-01-27 11:00:00,189.42743
2012-01-27 12:00:00,260.50702
2012-01-27 13:00:00,269.50586
2012-01-27 14:00:00,309.3587
2012-01-27 15:00:00,301.11005
2012-01-27 16:00:00,304.81665
2012-01-27 17:00:00,239.87383
2012-01-27 18:00:00,298.81647
2012-01-27 19:00:00,295.6242
2012-01-27 20:00:00,280.04358
2012-01-27 21:00:00,318.0769
2012-01-27 22:00:00,318.65594
2012-01-27 23:00:00,306.17395
2012-01-28 00:00:00,107.44279
2012-01-28 01:00:00,116.972336
2012-01-28 02:00:00,71.254074
2012-01-28 03:00:00,68.07062
2012-01-28 04:00:00,69.82428
2012-01-28 05:00:00,54.917797
2012-01-28 06:00:00,54.7317
2012-01-28 07:00:00,48.68187
2012-01-28 08:00:00,55.182228
2012-01-28 09:00:00,46.619186
2012-01-28 10:00:00,57.235565
2012-01-28 11:00:00,116.96445
2012-01-28 12:00:00,149.8105
2012-01-28 13:00:00,215.72365
2012-01-28 14:00:00,265.5621
2012-01-28 15:00:00,323.42383
2012-01-28 16:00:00,346.23444
2012-01-28 17:00:00,342.3106
2012-01-28 18:00:00,432.95978
2012-01-28 19:00:00,80.039925
2012-01-28 20:00:00,256.1173
2012-01-28 21:00:00,234.97401
2012-01-28 22:00:00,427.0832
2012-01-28 23:00:00,340.27283
2012-01-29 00:00:00,154.1386
2012-01-29 01:00:00,138.7116
2012-01-29 02:00:00,147.61021
2012-01-29 03:00:00,179.38405
2012-01-29 04:00:00,182.54793
2012-01-29 05:00:00,64.843414
2012-01-29 06:00:00,113.232605
2012-01-29 07:00:00,141.29195
2012-01-29 08:00:00,128.07498
2012-01-29 09:00:00,117.08468
2012-01-29 10:00:00,216.86595
2012-01-29 11:00:00,319.67017
2012-01-29 12:00:00,371.5699
2012-01-29 13:00:00,376.8353
2012-01-29 14:00:00,360.47736
2012-01-29 15:00:00,373.08307
2012-01-29 16:00:00,79.84837
2012-01-29 17:00:00,82.995544
2012-01-29 18:00:00,94.20598
2012-01-29 19:00:00,380.12082
2012-01-29 20:00:00,362.60608
2012-01-29 21:00:00,316.11987
2012-01-29 22:00:00,87.10936
2012-01-29 23:00:00,258.43057
2012-01-30 00:00:00,123.7912
2012-01-30 01:00:00,117.772766
2012-01-30 02:00:00,115.17903
2012-01-30 03:00:00,113.4339
2012-01-30 04:00:00,121.66104
2012-01-30 05:00:00,130.24915
2012-01-30 06:00:00,154.81458
2012-01-30 07:00:00,159.56142
2012-01-30 08:00:00,154.76756
2012-01-30 09:00:00,159.61745
2012-01-30 10:00:00,182.02843
2012-01-30 11:00:00,152.11934
2012-01-30 12:00:00,224.77489
2012-01-30 13:00:00,336.5673
2012-01-30 14:00:00,375.81982
2012-01-30 15:00:00,367.97803
2012-01-30 16:00:00,380.12686
2012-01-30 17:00:00,216.09293
2012-01-30 18:00:00,300.1638
2012-01-30 19:00:00,286.6679
2012-01-30 20:00:00,367.2448
2012-01-30 21:00:00,352.7122
2012-01-30 22:00:00,281.0974
2012-01-30 23:00:00,206.57942
2012-01-31 00:00:00,105.79366
2012-01-31 01:00:00,128.91978
2012-01-31 02:00:00,123.26123
2012-01-31 03:00:00,128.60573
2012-01-31 04:00:00,145.851
2012-01-31 05:00:00,160.19073
2012-01-31 06:00:00,165.42987
2012-01-31 07:00:00,136.24648
2012-01-31 08:00:00,113.87142
2012-01-31 09:00:00,190.16222
2012-01-31 10:00:00,169.62038
2012-01-31 11:00:00,307.64655
2012-01-31 12:00:00,261.4851
2012-01-31 13:00:00,414.81042
2012-01-31 14:00:00,331.9137
2012-01-31 15:00:00,87.10936
2012-01-31 16:00:00,87.10936
2012-01-31 17:00:00,87.10936
2012-01-31 18:00:00,88.330414
2012-01-31 19:00:00,284.06018
2012-01-31 20:00:00,243.32613
2012-01-31 21:00:00,402.2057
2012-01-31 22:00:00,416.22015
2012-01-31 23:00:00,446.91064
2012-02-20 00:00:00,61.198883
2012-02-20 01:00:00,60.809433
2012-02-20 02:00:00,60.455925
2012-02-20 03:00:00,60.037067
2012-02-20 05:00:00,56.643295
2012-02-20 06:00:00,57.120117
2012-02-20 07:00:00,57.022255
2012-02-20 08:00:00,58.00918
2012-02-20 09:00:00,58.71972
2012-02-20 10:00:00,56.380203
2012-02-20 11:00:00,151.67235
2012-02-20 12:00:00,192.46927
2012-02-20 13:00:00,250.37805
2012-02-20 14:00:00,360.51
2012-02-20 15:00:00,399.01923
2012-02-20 16:00:00,348.50327
2012-02-20 17:00:00,380.22568
2012-02-20 18:00:00,412.7343
2012-02-20 19:00:00,418.32727
2012-02-20 20:00:00,426.7087
2012-02-20 21:00:00,352.319
2012-02-20 22:00:00,178.43422
2012-02-20 23:00:00,139.8534
2012-02-21 00:00:00,76.754425
2012-02-21 01:00:00,84.49599
2012-02-21 02:00:00,73.32132
2012-02-21 04:00:00,74.851395
2012-02-21 05:00:00,59.559452
2012-02-21 06:00:00,54.743214
2012-02-21 07:00:00,76.68654
2012-02-21 08:00:00,59.82739
2012-02-21 09:00:00,60.509605
2012-02-21 10:00:00,66.87959
2012-02-21 11:00:00,83.98233
2012-02-21 12:00:00,174.50099
2012-02-21 13:00:00,236.37596
2012-02-21 14:00:00,212.51321
2012-02-21 15:00:00,263.3442
2012-02-21 16:00:00,287.05328
2012-02-21 17:00:00,272.97028
2012-02-21 18:00:00,270.5211
2012-02-21 19:00:00,321.74298
2012-02-21 20:00:00,253.74684
2012-02-21 21:00:00,219.36995
2012-02-21 22:00:00,214.5168
2012-02-21 23:00:00,221.98401
2012-02-22 00:00:00,118.760864
2012-02-22 01:00:00,83.468254
2012-02-22 02:00:00,142.74373
2012-02-22 03:00:00,117.20546
2012-02-22 04:00:00,110.587036
2012-02-22 05:00:00,95.29845
2012-02-22 06:00:00,88.610405
2012-02-22 07:00:00,89.498726
2012-02-22 08:00:00,83.4624
2012-02-22 09:00:00,97.59155
2012-02-22 10:00:00,99.95368
2012-02-22 11:00:00,206.76323
2012-02-22 12:00:00,225.93745
2012-02-22 13:00:00,238.24103
2012-02-22 14:00:00,255.70007
2012-02-22 15:00:00,280.70718
2012-02-22 16:00:00,97.27366
2012-02-22 17:00:00,371.10333
2012-02-22 18:00:00,388.94376
2012-02-22 19:00:00,394.64032
2012-02-22 20:00:00,432.17358
2012-02-22 21:00:00,416.5608
2012-02-22 22:00:00,402.4947
2012-02-22 23:00:00,426.3471
2012-02-23 00:00:00,175.68217
2012-02-23 01:00:00,122.8506
2012-02-23 02:00:00,125.86397
2012-02-23 03:00:00,104.306206
2012-02-23 04:00:00,164.25261
2012-02-23 05:00:00,171.15752
2012-02-23 06:00:00,73.95661
2012-02-23 07:00:00,97.34955
2012-02-23 08:00:00,66.35548
2012-02-23 09:00:00,101.49263
2012-02-23 10:00:00,221.5619
2012-02-23 11:00:00,265.01944
2012-02-23 12:00:00,355.857
2012-02-23 13:00:00,443.38113
2012-02-23 14:00:00,474.79413
2012-02-23 15:00:00,425.29764
2012-02-23 16:00:00,364.4651
2012-02-23 17:00:00,402.15393
2012-02-23 18:00:00,482.38397
2012-02-23 19:00:00,494.87787
2012-02-23 20:00:00,478.22446
2012-02-23 21:00:00,386.6853
2012-02-23 22:00:00,367.76785
2012-02-23 23:00:00,305.79553
2012-02-24 00:00:00,107.23333
2012-02-24 01:00:00,166.06668
2012-02-24 02:00:00,106.92888
2012-02-24 03:00:00,95.7533
2012-02-24 04:00:00,89.60099
2012-02-24 05:00:00,123.07332
2012-02-24 06:00:00,135.97566
2012-02-24 07:00:00,179.0463
2012-02-24 08:00:00,164.19487
2012-02-24 09:00:00,140.65862
2012-02-24 10:00:00,161.4147
2012-02-24 11:00:00,158.7071
2012-02-24 12:00:00,211.37642
2012-02-24 13:00:00,198.28862
2012-02-24 14:00:00,206.36087
2012-02-24 15:00:00,238.40027
2012-02-24 16:00:00,240.4116
2012-02-24 17:00:00,244.76851
2012-02-24 18:00:00,88.13438
2012-02-24 19:00:00,184.80017
2012-02-24 20:00:00,299.04776
2012-02-24 21:00:00,86.727615
2012-02-24 22:00:00,97.31169
2012-02-24 23:00:00,82.82506
2012-02-25 00:00:00,154.99767
2012-02-25 01:00:00,158.82544
2012-02-25 02:00:00,157.19846
2012-02-25 03:00:00,142.90065
2012-02-25 04:00:00,155.7677
2012-02-25 05:00:00,145.71877
2012-02-25 06:00:00,155.69072
2012-02-25 07:00:00,98.96115
2012-02-25 08:00:00,153.08656
2012-02-25 09:00:00,55.396725
2012-02-25 10:00:00,68.53601
2012-02-25 11:00:00,64.00944
2012-02-25 12:00:00,82.63486
2012-02-25 13:00:00,87.88551
2012-02-25 14:00:00,81.084366
2012-02-25 15:00:00,95.572395
2012-02-25 16:00:00,88.95006
2012-02-25 17:00:00,307.84015
2012-02-25 18:00:00,90.961075
2012-02-25 19:00:00,89.611984
2012-02-25 20:00:00,90.47937
2012-02-25 21:00:00,262.1992
2012-02-25 22:00:00,96.696594
2012-02-25 23:00:00,256.80573
2012-02-26 00:00:00,97.51285
2012-02-26 01:00:00,86.525345
2012-02-26 02:00:00,86.38287
2012-02-26 03:00:00,130.33296
2012-02-26 04:00:00,137.17085
2012-02-26 05:00:00,123.029655
2012-02-26 06:00:00,90.29209
2012-02-26 07:00:00,63.92498
2012-02-26 08:00:00,72.88017
2012-02-26 09:00:00,144.84947
2012-02-26 10:00:00,185.66086
2012-02-26 11:00:00,222.90623
2012-02-26 12:00:00,264.937
2012-02-26 13:00:00,275.25067
2012-02-26 14:00:00,300.10352
2012-02-26 15:00:00,301.9392
2012-02-26 16:00:00,395.18573
2012-02-26 17:00:00,411.32697
2012-02-26 18:00:00,360.6114
2012-02-26 19:00:00,447.872
2012-02-26 20:00:00,381.20132
2012-02-26 21:00:00,317.0028
2012-02-26 22:00:00,371.1286
2012-02-26 23:00:00,234.66524
2012-02-27 00:00:00,120.99
2012-02-27 01:00:00,115.12398
2012-02-27 02:00:00,67.38263
2012-02-27 03:00:00,60.118587
2012-02-27 04:00:00,62.035084
2012-02-27 05:00:00,61.752052
2012-02-27 06:00:00,64.7926
2012-02-27 07:00:00,115.5171
2012-02-27 08:00:00,78.38041
2012-02-27 09:00:00,140.35933
2012-02-27 10:00:00,202.15092
2012-02-27 11:00:00,229.33421
2012-02-27 12:00:00,321.90033
2012-02-27 13:00:00,279.87796
2012-02-27 14:00:00,398.32532
2012-02-27 15:00:00,87.10936
2012-02-27 16:00:00,87.10936
2012-02-27 17:00:00,87.10936
2012-02-27 18:00:00,89.10424
2012-02-27 19:00:00,193.06479
2012-02-27 20:00:00,363.19745
2012-02-27 21:00:00,445.61755
2012-02-27 22:00:00,419.5916
2012-02-27 23:00:00,422.0526
2012-02-28 00:00:00,146.07623
2012-02-28 01:00:00,144.68806
2012-02-28 02:00:00,154.6285
2012-02-28 03:00:00,246.36852
2012-02-28 04:00:00,179.1728
2012-02-28 05:00:00,185.0192
2012-02-28 06:00:00,178.55806
2012-02-28 07:00:00,178.2815
2012-02-28 08:00:00,175.9854
2012-02-28 09:00:00,185.10017
2012-02-28 10:00:00,206.0197
2012-02-28 11:00:00,261.29248
2012-02-28 12:00:00,336.12976
2012-02-28 13:00:00,381.0116
2012-02-28 14:00:00,386.06354
2012-02-28 15:00:00,330.43277
2012-02-28 16:00:00,358.03702
2012-02-28 17:00:00,294.42947
2012-02-28 18:00:00,364.6287
2012-02-28 19:00:00,152.01474
2012-02-28 20:00:00,379.24927
2012-02-28 21:00:00,330.124
2012-02-28 22:00:00,339.93942
2012-02-28 23:00:00,278.83264
2012-02-29 00:00:00,125.81701
2012-02-29 01:00:00,125.51854
2012-02-29 02:00:00,121.14818
2012-02-29 03:00:00,66.3382
2012-02-29 05:00:00,59.08298
2012-02-29 06:00:00,102.44411
2012-02-29 07:00:00,62.614548
2012-02-29 08:00:00,107.38571
2012-02-29 09:00:00,102.78251
2012-02-29 10:00:00,108.58162
2012-02-29 11:00:00,74.255394
2012-02-29 12:00:00,61.52842
2012-02-29 13:00:00,68.33977
2012-02-29 14:00:00,72.0526
2012-02-29 15:00:00,230.02559
2012-02-29 16:00:00,227.30325
2012-02-29 17:00:00,231.4758
2012-02-29 18:00:00,141.8882
2012-02-29 19:00:00,166.06963
2012-02-29 20:00:00,239.19307
2012-02-29 21:00:00,237.12694
2012-02-29 22:00:00,263.619
2012-02-29 23:00:00,261.77127
2012-03-20 00:00:00,142.73607
2012-03-20 01:00:00,165.81874
2012-03-20 02:00:00,117.26088
2012-03-20 03:00:00,232.7504
2012-03-20 04:00:00,164.45822
2012-03-20 05:00:00,113.89897
2012-03-20 06:00:00,180.17485
2012-03-20 07:00:00,216.57341
2012-03-20 08:00:00,155.1775
2012-03-20 09:00:00,258.9436
2012-03-20 10:00:00,231.0104
2012-03-20 11:00:00,164.52339
2012-03-20 12:00:00,272.25458
2012-03-20 13:00:00,259.83112
2012-03-20 14:00:00,249.65125
2012-03-20 15:00:00,268.0524
2012-03-20 16:00:00,302.73
2012-03-20 17:00:00,274.40405
2012-03-20 18:00:00,300.11694
2012-03-20 19:00:00,276.5681
2012-03-20 20:00:00,301.97467
2012-03-20 21:00:00,208.27168
2012-03-20 22:00:00,149.0133
2012-03-20 23:00:00,97.99325
2012-03-21 00:00:00,64.41097
2012-03-21 01:00:00,86.6836
2012-03-21 02:00:00,76.8636
2012-03-21 03:00:00,151.87814
2012-03-21 04:00:00,105.55678
2012-03-21 05:00:00,103.264046
2012-03-21 06:00:00,124.91702
2012-03-21 07:00:00,153.72859
2012-03-21 08:00:00,125.9025
2012-03-21 09:00:00,117.23729
2012-03-21 10:00:00,136.53117
2012-03-21 11:00:00,142.82262
2012-03-21 12:00:00,100.41489
2012-03-21 13:00:00,88.74834
2012-03-21 14:00:00,101.94228
2012-03-21 15:00:00,109.88423
2012-03-21 16:00:00,155.72475
2012-03-21 17:00:00,268.72974
2012-03-21 18:00:00,326.3556
2012-03-21 19:00:00,366.85522
2012-03-21 20:00:00,146.1658
2012-03-21 21:00:00,114.154816
2012-03-21 22:00:00,151.2632
2012-03-21 23:00:00,176.03362
2012-03-22 00:00:00,79.29226
2012-03-22 01:00:00,86.6836
2012-03-22 02:00:00,88.587074
2012-03-22 03:00:00,90.4745
2012-03-22 04:00:00,75.18604
2012-03-22 05:00:00,76.64083
2012-03-22 06:00:00,77.94439
2012-03-22 07:00:00,78.944786
2012-03-22 08:00:00,87.00476
2012-03-22 09:00:00,85.91222
2012-03-22 10:00:00,82.00267
2012-03-22 11:00:00,75.80922
2012-03-22 12:00:00,166.28821
2012-03-22 13:00:00,95.84933
2012-03-22 14:00:00,163.93356
2012-03-22 15:00:00,265.25986
2012-03-22 16:00:00,330.865
2012-03-22 17:00:00,373.42514
2012-03-22 18:00:00,396.67178
2012-03-22 19:00:00,503.40527
2012-03-22 20:00:00,306.16357
2012-03-22 21:00:00,228.11
2012-03-22 22:00:00,197.87672
2012-03-22 23:00:00,140.3875
2012-03-23 00:00:00,121.02433
2012-03-23 01:00:00,70.100296
2012-03-23 02:00:00,80.77497
2012-03-23 03:00:00,76.974945
2012-03-23 04:00:00,82.86971
2012-03-23 05:00:00,68.409485
2012-03-23 06:00:00,82.286255
2012-03-23 07:00:00,94.816734
2012-03-23 08:00:00,94.33139
2012-03-23 09:00:00,90.24784
2012-03-23 10:00:00,99.48921
2012-03-23 11:00:00,213.73012
2012-03-23 12:00:00,323.97232
2012-03-23 13:00:00,430.2607
2012-03-23 14:00:00,551.37213
2012-03-23 15:00:00,588.98096
2012-03-23 16:00:00,619.97864
2012-03-23 17:00:00,627.0997
2012-03-23 18:00:00,617.42914
2012-03-23 19:00:00,608.12665
2012-03-23 20:00:00,589.98706
2012-03-23 21:00:00,546.723
2012-03-23 22:00:00,436.73865
2012-03-23 23:00:00,389.07935
2012-03-24 00:00:00,89.67644
2012-03-24 01:00:00,91.31883
2012-03-24 02:00:00,86.44389
2012-03-24 03:00:00,86.51393
2012-03-24 04:00:00,71.52146
2012-03-24 05:00:00,95.2395
2012-03-24 06:00:00,96.333374
2012-03-24 07:00:00,78.020096
2012-03-24 08:00:00,84.22157
2012-03-24 09:00:00,89.984665
2012-03-24 10:00:00,98.99367
2012-03-24 11:00:00,84.44089
2012-03-24 12:00:00,151.4422
2012-03-24 13:00:00,173.81902
2012-03-24 14:00:00,216.45403
2012-03-24 15:00:00,173.40865
2012-03-24 16:00:00,196.03624
2012-03-24 17:00:00,201.86693
2012-03-24 18:00:00,156.31398
2012-03-24 19:00:00,90.85428
2012-03-24 20:00:00,90.12196
2012-03-24 21:00:00,93.57708
2012-03-24 22:00:00,138.1209
2012-03-24 23:00:00,132.76065
2012-03-25 00:00:00,66.21611
2012-03-25 01:00:00,59.697147
2012-03-25 02:00:00,73.44414
2012-03-25 03:00:00,76.58711
2012-03-25 04:00:00,63.078373
2012-03-25 05:00:00,59.766712
2012-03-25 06:00:00,59.79089
2012-03-25 07:00:00,62.530922
2012-03-25 08:00:00,63.35587
2012-03-25 09:00:00,62.248337
2012-03-25 10:00:00,85.0556
2012-03-25 11:00:00,61.679733
2012-03-25 12:00:00,60.912914
2012-03-25 13:00:00,72.50968
2012-03-25 14:00:00,76.04036
2012-03-25 15:00:00,85.98707
2012-03-25 16:00:00,77.363365
2012-03-25 17:00:00,104.23965
2012-03-25 18:00:00,117.79646
2012-03-25 19:00:00,190.54405
2012-03-25 20:00:00,129.72496
2012-03-25 21:00:00,118.48621
2012-03-25 22:00:00,79.0087
2012-03-25 23:00:00,93.25725
2012-03-26 00:00:00,141.49884
2012-03-26 01:00:00,144.5943
2012-03-26 02:00:00,82.200066
2012-03-26 03:00:00,99.94835
2012-03-26 04:00:00,86.146255
2012-03-26 05:00:00,96.93105
2012-03-26 06:00:00,95.077065
2012-03-26 07:00:00,138.53801
2012-03-26 08:00:00,169.03581
2012-03-26 09:00:00,245.79701
2012-03-26 10:00:00,203.0698
2012-03-26 11:00:00,91.19029
2012-03-26 12:00:00,197.19801
2012-03-26 13:00:00,67.50949
2012-03-26 14:00:00,379.55453
2012-03-26 15:00:00,74.05963
2012-03-26 16:00:00,77.27905
2012-03-26 17:00:00,95.631485
2012-03-26 18:00:00,106.70889
2012-03-26 19:00:00,259.15485
2012-03-26 20:00:00,87.10936
2012-03-26 21:00:00,87.10936
2012-03-26 22:00:00,364.51868
2012-03-26 23:00:00,79.1944
2012-03-27 00:00:00,95.094215
2012-03-27 01:00:00,149.8514
2012-03-27 02:00:00,184.75252
2012-03-27 03:00:00,180.67563
2012-03-27 04:00:00,172.41608
2012-03-27 05:00:00,185.48363
2012-03-27 06:00:00,203.39691
2012-03-27 07:00:00,210.15077
2012-03-27 08:00:00,186.82489
2012-03-27 09:00:00,206.94345
2012-03-27 10:00:00,260.33173
2012-03-27 11:00:00,326.14075
2012-03-27 12:00:00,356.22107
2012-03-27 13:00:00,231.12971
2012-03-27 14:00:00,316.6938
2012-03-27 15:00:00,186.7799
2012-03-27 16:00:00,154.897
2012-03-27 17:00:00,74.582664
2012-03-27 18:00:00,87.10936
2012-03-27 19:00:00,62.448143
2012-03-27 20:00:00,61.6827
2012-03-27 21:00:00,423.27695
2012-03-27 22:00:00,414.5639
2012-03-27 23:00:00,456.96014
2012-03-28 00:00:00,174.30751
2012-03-28 01:00:00,157.88931
2012-03-28 02:00:00,156.42943
2012-03-28 03:00:00,178.59888
2012-03-28 04:00:00,191.5783
2012-03-28 05:00:00,198.22534
2012-03-28 06:00:00,197.36879
2012-03-28 07:00:00,199.11017
2012-03-28 08:00:00,228.58298
2012-03-28 09:00:00,263.8001
2012-03-28 10:00:00,330.02505
2012-03-28 11:00:00,365.5351
2012-03-28 12:00:00,501.32397
2012-03-28 13:00:00,464.9615
2012-03-28 14:00:00,524.5489
2012-03-28 15:00:00,611.88416
2012-03-28 16:00:00,488.07123
2012-03-28 17:00:00,380.04755
2012-03-28 18:00:00,403.89734
2012-03-28 19:00:00,504.2874
2012-03-28 20:00:00,524.2644
2012-03-28 21:00:00,441.0468
2012-03-28 22:00:00,402.25372
2012-03-28 23:00:00,345.34766
2012-03-29 00:00:00,163.64124
2012-03-29 01:00:00,209.27715
2012-03-29 02:00:00,347.93503
2012-03-29 03:00:00,336.15878
2012-03-29 04:00:00,337.75803
2012-03-29 05:00:00,238.82347
2012-03-29 06:00:00,193.87097
2012-03-29 07:00:00,238.44989
2012-03-29 08:00:00,260.03125
2012-03-29 09:00:00,270.68893
2012-03-29 10:00:00,276.6761
2012-03-29 11:00:00,337.53418
2012-03-29 12:00:00,369.41812
2012-03-29 13:00:00,361.92407
2012-03-29 14:00:00,450.64264
2012-03-29 15:00:00,511.4088
2012-03-29 16:00:00,550.21014
2012-03-29 17:00:00,492.97748
2012-03-29 18:00:00,574.5979
2012-03-29 19:00:00,568.71136
2012-03-29 20:00:00,544.4942
2012-03-29 21:00:00,516.6578
2012-03-29 22:00:00,506.28003
2012-03-29 23:00:00,489.3384
2012-03-30 00:00:00,181.1339
2012-03-30 01:00:00,166.63197
2012-03-30 02:00:00,154.05872
2012-03-30 03:00:00,108.53302
2012-03-30 04:00:00,167.31583
2012-03-30 05:00:00,115.24987
2012-03-30 06:00:00,132.64711
2012-03-30 07:00:00,129.24327
2012-03-30 08:00:00,92.06529
2012-03-30 09:00:00,129.72603
2012-03-30 10:00:00,177.41661
2012-03-30 11:00:00,189.7021
2012-03-30 12:00:00,191.559
2012-03-30 13:00:00,235.84938
2012-03-30 14:00:00,232.89243
2012-03-30 15:00:00,253.65201
2012-03-30 16:00:00,242.07748
2012-03-30 17:00:00,218.4692
2012-03-30 18:00:00,316.2687
2012-03-30 19:00:00,218.48419
2012-03-30 20:00:00,230.1256
2012-03-30 21:00:00,195.3814
2012-03-30 22:00:00,152.89075
2012-03-30 23:00:00,77.5925
2012-03-31 00:00:00,59.102646
2012-03-31 01:00:00,87.59077
2012-03-31 02:00:00,100.23861
2012-03-31 03:00:00,62.96294
2012-03-31 04:00:00,104.723785
2012-03-31 05:00:00,64.10584
2012-03-31 06:00:00,59.367134
2012-03-31 07:00:00,59.381973
2012-03-31 08:00:00,60.123325
2012-03-31 09:00:00,94.604935
2012-03-31 10:00:00,76.347145
2012-03-31 11:00:00,74.75001
2012-03-31 12:00:00,103.351456
2012-03-31 13:00:00,298.8333
2012-03-31 14:00:00,247.17677
2012-03-31 15:00:00,333.7891
2012-03-31 16:00:00,286.41626
2012-03-31 17:00:00,257.44916
2012-03-31 18:00:00,237.19817
2012-03-31 19:00:00,239.21014
2012-03-31 20:00:00,230.1241
2012-03-31 21:00:00,235.10222
2012-03-31 22:00:00,233.66167
2012-03-31 23:00:00,211.54819
2012-04-20 00:00:00,120.096725
2012-04-20 01:00:00,96.42673
2012-04-20 02:00:00,66.84121
2012-04-20 03:00:00,72.39539
2012-04-20 04:00:00,70.14762
2012-04-20 05:00:00,66.90746
2012-04-20 06:00:00,68.7354
2012-04-20 07:00:00,66.83065
2012-04-20 08:00:00,67.35597
2012-04-20 09:00:00,73.01633
2012-04-20 10:00:00,146.13171
2012-04-20 11:00:00,170.68755
2012-04-20 12:00:00,334.0346
2012-04-20 13:00:00,536.7464
2012-04-20 14:00:00,574.3599
2012-04-20 15:00:00,557.02875
2012-04-20 16:00:00,600.4012
2012-04-20 17:00:00,629.345
2012-04-20 18:00:00,595.3
2012-04-20 19:00:00,535.7252
2012-04-20 20:00:00,481.72684
2012-04-20 21:00:00,321.80695
2012-04-20 22:00:00,321.13416
2012-04-20 23:00:00,269.51672
2012-04-21 00:00:00,100.429726
2012-04-21 01:00:00,101.75795
2012-04-21 02:00:00,80.59415
2012-04-21 03:00:00,87.37145
2012-04-21 04:00:00,98.85904
2012-04-21 05:00:00,99.55507
2012-04-21 06:00:00,92.596924
2012-04-21 07:00:00,116.05976
2012-04-21 08:00:00,112.42364
2012-04-21 09:00:00,84.63097
2012-04-21 10:00:00,263.63763
2012-04-21 11:00:00,317.28824
2012-04-21 12:00:00,420.61267
2012-04-21 13:00:00,520.2113
2012-04-21 14:00:00,687.81195
2012-04-21 15:00:00,712.4577
2012-04-21 16:00:00,743.2
2012-04-21 17:00:00,468.91852
2012-04-21 18:00:00,571.7376
2012-04-21 19:00:00,301.0408
2012-04-21 20:00:00,240.8757
2012-04-21 21:00:00,264.142
2012-04-21 22:00:00,168.52235
2012-04-21 23:00:00,221.18779
2012-04-22 00:00:00,92.24219
2012-04-22 01:00:00,99.21425
2012-04-22 02:00:00,134.17218
2012-04-22 03:00:00,82.66913
2012-04-22 04:00:00,90.37302
2012-04-22 05:00:00,120.88509
2012-04-22 06:00:00,144.1106
2012-04-22 07:00:00,90.79706
2012-04-22 08:00:00,101.54878
2012-04-22 09:00:00,109.56615
2012-04-22 10:00:00,89.347916
2012-04-22 11:00:00,80.729774
2012-04-22 12:00:00,83.73481
2012-04-22 13:00:00,101.94377
2012-04-22 14:00:00,105.67009
2012-04-22 15:00:00,96.709915
2012-04-22 16:00:00,86.96315
2012-04-22 17:00:00,61.911446
2012-04-22 18:00:00,63.9215
2012-04-22 19:00:00,78.16167
2012-04-22 20:00:00,89.38691
2012-04-22 21:00:00,166.9429
2012-04-22 22:00:00,80.25656
2012-04-22 23:00:00,212.27785
2012-04-23 00:00:00,59.067696
2012-04-23 01:00:00,59.100323
2012-04-23 02:00:00,85.5403
2012-04-23 03:00:00,102.320366
2012-04-23 04:00:00,62.84904
2012-04-23 05:00:00,66.61932
2012-04-23 06:00:00,83.084755
2012-04-23 07:00:00,111.51693
2012-04-23 08:00:00,82.929375
2012-04-23 09:00:00,82.32599
2012-04-23 10:00:00,132.99985
2012-04-23 11:00:00,117.31388
2012-04-23 12:00:00,141.34921
2012-04-23 13:00:00,158.78047
2012-04-23 14:00:00,174.75266
2012-04-23 15:00:00,214.4303
2012-04-23 16:00:00,97.902245
2012-04-23 17:00:00,117.62569
2012-04-23 18:00:00,142.78621
2012-04-23 19:00:00,185.19385
2012-04-23 20:00:00,150.1097
2012-04-23 21:00:00,165.54536
2012-04-23 22:00:00,112.6698
2012-04-23 23:00:00,97.075134
2012-04-24 00:00:00,93.07541
2012-04-24 01:00:00,65.7265
2012-04-24 02:00:00,59.507286
2012-04-24 03:00:00,61.56178
2012-04-24 04:00:00,72.35417
2012-04-24 05:00:00,76.689476
2012-04-24 06:00:00,98.66344
2012-04-24 07:00:00,136.89333
2012-04-24 08:00:00,151.61455
2012-04-24 09:00:00,235.53078
2012-04-24 10:00:00,238.72688
2012-04-24 11:00:00,425.52817
2012-04-24 12:00:00,436.81543
2012-04-24 13:00:00,452.5651
2012-04-24 14:00:00,317.62302
2012-04-24 15:00:00,113.26892
2012-04-24 16:00:00,300.4815
2012-04-24 17:00:00,110.846985
2012-04-24 18:00:00,87.10936
2012-04-24 19:00:00,87.10936
2012-04-24 20:00:00,102.47008
2012-04-24 21:00:00,378.18756
2012-04-24 22:00:00,397.0141
2012-04-24 23:00:00,374.08215
2012-04-25 00:00:00,214.31712
2012-04-25 01:00:00,248.47401
2012-04-25 02:00:00,124.29789
2012-04-25 03:00:00,72.66275
2012-04-25 04:00:00,85.13182
2012-04-25 05:00:00,102.91956
2012-04-25 06:00:00,103.72275
2012-04-25 07:00:00,78.03383
2012-04-25 08:00:00,73.55926
2012-04-25 09:00:00,253.7796
2012-04-25 10:00:00,341.5027
2012-04-25 11:00:00,462.1751
2012-04-25 12:00:00,477.06046
2012-04-25 13:00:00,402.65018
2012-04-25 14:00:00,205.72694
2012-04-25 15:00:00,119.84438
2012-04-25 16:00:00,87.10936
2012-04-25 17:00:00,87.10936
2012-04-25 18:00:00,87.10936
2012-04-25 19:00:00,79.11569
2012-04-25 20:00:00,89.9244
2012-04-25 21:00:00,471.9992
2012-04-25 22:00:00,399.47345
2012-04-25 23:00:00,467.8729
2012-04-26 00:00:00,162.39346
2012-04-26 01:00:00,190.13612
2012-04-26 02:00:00,185.74892
2012-04-26 03:00:00,192.33842
2012-04-26 04:00:00,197.29933
2012-04-26 05:00:00,179.0218
2012-04-26 06:00:00,189.5454
2012-04-26 07:00:00,141.91438
2012-04-26 08:00:00,155.98636
2012-04-26 09:00:00,159.67644
2012-04-26 10:00:00,97.459305
2012-04-26 11:00:00,127.1667
2012-04-26 12:00:00,124.18481
2012-04-26 13:00:00,154.68733
2012-04-26 14:00:00,197.49022
2012-04-26 15:00:00,237.9057
2012-04-26 16:00:00,207.47704
2012-04-26 17:00:00,167.57864
2012-04-26 18:00:00,228.27794
2012-04-26 19:00:00,244.16566
2012-04-26 20:00:00,215.45718
2012-04-26 21:00:00,192.26427
2012-04-26 22:00:00,151.2632
2012-04-26 23:00:00,114.07966
2012-04-27 00:00:00,198.88274
2012-04-27 01:00:00,193.91278
2012-04-27 02:00:00,188.59683
2012-04-27 03:00:00,226.18086
2012-04-27 04:00:00,209.61375
2012-04-27 05:00:00,233.62071
2012-04-27 06:00:00,215.87102
2012-04-27 07:00:00,202.46593
2012-04-27 08:00:00,245.31609
2012-04-27 09:00:00,273.47922
2012-04-27 10:00:00,347.41476
2012-04-27 11:00:00,385.39343
2012-04-27 12:00:00,443.46448
2012-04-27 13:00:00,433.22083
2012-04-27 14:00:00,490.36914
2012-04-27 15:00:00,174.11331
2012-04-27 16:00:00,494.05887
2012-04-27 17:00:00,189.03984
2012-04-27 18:00:00,255.0708
2012-04-27 19:00:00,328.16183
2012-04-27 20:00:00,524.618
2012-04-27 21:00:00,530.7142
2012-04-27 22:00:00,530.0313
2012-04-27 23:00:00,505.437
2012-04-28 00:00:00,191.70596
2012-04-28 01:00:00,129.28093
2012-04-28 02:00:00,174.56982
2012-04-28 03:00:00,122.81918
2012-04-28 04:00:00,121.20478
2012-04-28 05:00:00,148.22691
2012-04-28 06:00:00,126.59483
2012-04-28 07:00:00,115.984344
2012-04-28 08:00:00,298.48853
2012-04-28 09:00:00,336.10236
2012-04-28 10:00:00,337.6384
2012-04-28 11:00:00,327.64957
2012-04-28 12:00:00,319.54163
2012-04-28 13:00:00,319.4043
2012-04-28 14:00:00,386.83917
2012-04-28 15:00:00,449.30597
2012-04-28 16:00:00,462.5371
2012-04-28 17:00:00,373.39948
2012-04-28 18:00:00,317.00592
2012-04-28 19:00:00,193.61891
2012-04-28 20:00:00,97.528305
2012-04-28 21:00:00,220.75993
2012-04-28 22:00:00,190.20653
2012-04-28 23:00:00,95.111946
2012-04-29 00:00:00,63.41011
2012-04-29 01:00:00,61.634865
2012-04-29 02:00:00,55.70517
2012-04-29 03:00:00,59.93737
2012-04-29 04:00:00,57.302868
2012-04-29 05:00:00,57.806934
2012-04-29 06:00:00,51.28949
2012-04-29 07:00:00,57.013573
2012-04-29 08:00:00,69.24838
2012-04-29 09:00:00,74.03497
2012-04-29 10:00:00,74.83178
2012-04-29 11:00:00,301.17877
2012-04-29 12:00:00,420.6816
2012-04-29 13:00:00,445.82172
2012-04-29 14:00:00,386.7037
2012-04-29 15:00:00,558.1163
2012-04-29 16:00:00,381.5006
2012-04-29 17:00:00,282.8714
2012-04-29 18:00:00,173.83356
2012-04-29 19:00:00,540.5009
2012-04-29 20:00:00,446.8762
2012-04-29 21:00:00,506.4906
2012-04-29 22:00:00,373.29987
2012-04-29 23:00:00,306.5024
2012-04-30 00:00:00,97.54326
2012-04-30 01:00:00,73.61288
2012-04-30 02:00:00,93.658066
2012-04-30 03:00:00,88.852036
2012-04-30 04:00:00,161.00993
2012-04-30 05:00:00,163.31767
2012-04-30 06:00:00,195.32759
2012-04-30 07:00:00,192.00198
2012-04-30 08:00:00,233.57532
2012-04-30 09:00:00,285.80292
2012-04-30 10:00:00,332.11002
2012-04-30 11:00:00,313.66364
2012-04-30 12:00:00,312.62802
2012-04-30 13:00:00,311.21448
2012-04-30 14:00:00,311.6583
2012-04-30 15:00:00,346.63626
2012-04-30 16:00:00,311.11365
2012-04-30 17:00:00,333.6836
2012-04-30 18:00:00,372.23593
2012-04-30 19:00:00,324.21323
2012-04-30 20:00:00,412.41013
2012-04-30 21:00:00,427.10144
2012-04-30 22:00:00,473.57846
2012-04-30 23:00:00,505.30933
2012-05-20 00:00:00,229.83809
2012-05-20 01:00:00,177.89467
2012-05-20 02:00:00,154.98898
2012-05-20 03:00:00,136.29497
2012-05-20 04:00:00,88.098625
2012-05-20 05:00:00,81.536545
2012-05-20 06:00:00,97.30463
2012-05-20 07:00:00,124.682175
2012-05-20 08:00:00,252.45436
2012-05-20 09:00:00,556.0502
2012-05-20 10:00:00,622.5711
2012-05-20 11:00:00,644.3303
2012-05-20 12:00:00,649.42206
2012-05-20 13:00:00,686.7732
2012-05-20 14:00:00,694.54645
2012-05-20 15:00:00,655.1983
2012-05-20 16:00:00,751.204
2012-05-20 17:00:00,763.03723
2012-05-20 18:00:00,700.24396
2012-05-20 19:00:00,518.17773
2012-05-20 20:00:00,545.5413
2012-05-20 21:00:00,435.4638
2012-05-20 22:00:00,389.5088
2012-05-20 23:00:00,352.0819
2012-05-21 00:00:00,118.60223
2012-05-21 01:00:00,113.158485
2012-05-21 02:00:00,135.88158
2012-05-21 03:00:00,184.79588
2012-05-21 04:00:00,138.96706
2012-05-21 05:00:00,148.42435
2012-05-21 06:00:00,161.91037
2012-05-21 07:00:00,176.13634
2012-05-21 08:00:00,202.65067
2012-05-21 09:00:00,201.65556
2012-05-21 10:00:00,221.84303
2012-05-21 11:00:00,168.16951
2012-05-21 12:00:00,227.28465
2012-05-21 13:00:00,224.44142
2012-05-21 14:00:00,225.0889
2012-05-21 15:00:00,268.70563
2012-05-21 16:00:00,282.28052
2012-05-21 17:00:00,334.25504
2012-05-21 18:00:00,274.27527
2012-05-21 19:00:00,387.23834
2012-05-21 20:00:00,372.50812
2012-05-21 21:00:00,395.04016
2012-05-21 22:00:00,347.00653
2012-05-21 23:00:00,357.11334
2012-05-22 00:00:00,162.58405
2012-05-22 01:00:00,138.53334
2012-05-22 02:00:00,127.189156
2012-05-22 03:00:00,118.50354
2012-05-22 04:00:00,118.39178
2012-05-22 05:00:00,160.45625
2012-05-22 06:00:00,121.06468
2012-05-22 07:00:00,116.2604
2012-05-22 08:00:00,108.07263
2012-05-22 09:00:00,108.60835
2012-05-22 10:00:00,119.11557
2012-05-22 11:00:00,106.168
2012-05-22 12:00:00,169.72005
2012-05-22 13:00:00,239.51822
2012-05-22 14:00:00,250.92421
2012-05-22 15:00:00,474.94064
2012-05-22 16:00:00,465.49335
2012-05-22 17:00:00,501.1139
2012-05-22 18:00:00,505.27576
2012-05-22 19:00:00,361.59485
2012-05-22 20:00:00,320.18878
2012-05-22 21:00:00,246.68658
2012-05-22 22:00:00,355.12592
2012-05-22 23:00:00,373.68726
2012-05-23 00:00:00,131.20209
2012-05-23 01:00:00,111.34634
2012-05-23 02:00:00,133.75757
2012-05-23 03:00:00,101.11052
2012-05-23 04:00:00,155.60854
2012-05-23 05:00:00,164.33606
2012-05-23 06:00:00,89.71561
2012-05-23 07:00:00,80.14924
2012-05-23 08:00:00,79.06314
2012-05-23 09:00:00,98.58599
2012-05-23 10:00:00,96.170395
2012-05-23 11:00:00,115.699104
2012-05-23 12:00:00,258.48505
2012-05-23 13:00:00,261.37012
2012-05-23 14:00:00,334.4485
2012-05-23 15:00:00,474.70184
2012-05-23 16:00:00,491.52896
2012-05-23 17:00:00,334.9143
2012-05-23 18:00:00,360.20395
2012-05-23 19:00:00,249.91704
2012-05-23 20:00:00,211.92842
2012-05-23 21:00:00,208.08966
2012-05-23 22:00:00,270.98236
2012-05-23 23:00:00,191.1461
2012-05-24 00:00:00,113.827576
2012-05-24 01:00:00,95.552536
2012-05-24 02:00:00,86.63696
2012-05-24 03:00:00,110.75397
2012-05-24 04:00:00,117.56969
2012-05-24 05:00:00,118.880684
2012-05-24 06:00:00,121.64513
2012-05-24 07:00:00,93.81108
2012-05-24 08:00:00,131.441
2012-05-24 09:00:00,169.72824
2012-05-24 10:00:00,249.49835
2012-05-24 11:00:00,266.20514
2012-05-24 12:00:00,426.91144
2012-05-24 13:00:00,499.4218
2012-05-24 14:00:00,529.27625
2012-05-24 15:00:00,545.3134
2012-05-24 16:00:00,544.5175
2012-05-24 17:00:00,592.03174
2012-05-24 18:00:00,602.77637
2012-05-24 19:00:00,496.90057
2012-05-24 20:00:00,393.0936
2012-05-24 21:00:00,293.90454
2012-05-24 22:00:00,309.6446
2012-05-24 23:00:00,327.43286
2012-05-25 00:00:00,117.909225
2012-05-25 01:00:00,106.26793
2012-05-25 02:00:00,145.84973
2012-05-25 03:00:00,112.24419
2012-05-25 04:00:00,108.24679
2012-05-25 05:00:00,101.44159
2012-05-25 06:00:00,100.61383
2012-05-25 07:00:00,127.75415
2012-05-25 08:00:00,98.97197
2012-05-25 09:00:00,118.30907
2012-05-25 10:00:00,166.4698
2012-05-25 11:00:00,152.07573
2012-05-25 12:00:00,329.08762
2012-05-25 13:00:00,422.17197
2012-05-25 14:00:00,506.31946
2012-05-25 15:00:00,478.10147
2012-05-25 16:00:00,607.258
2012-05-25 17:00:00,502.88092
2012-05-25 18:00:00,564.5705
2012-05-25 19:00:00,537.51227
2012-05-25 20:00:00,498.1107
2012-05-25 21:00:00,531.8126
2012-05-25 22:00:00,380.3828
2012-05-25 23:00:00,338.94946
2012-05-26 00:00:00,100.8332
2012-05-26 01:00:00,94.12169
2012-05-26 02:00:00,84.32748
2012-05-26 03:00:00,79.0939
2012-05-26 04:00:00,81.72917
2012-05-26 05:00:00,139.6999
2012-05-26 06:00:00,90.00357
2012-05-26 07:00:00,102.87338
2012-05-26 08:00:00,90.65389
2012-05-26 09:00:00,104.41628
2012-05-26 10:00:00,178.07681
2012-05-26 11:00:00,233.66891
2012-05-26 12:00:00,397.2018
2012-05-26 13:00:00,455.4342
2012-05-26 14:00:00,470.07944
2012-05-26 15:00:00,480.48453
2012-05-26 16:00:00,704.32916
2012-05-26 17:00:00,739.1931
2012-05-26 18:00:00,712.10443
2012-05-26 19:00:00,591.3997
2012-05-26 20:00:00,703.9375
2012-05-26 21:00:00,630.7185
2012-05-26 22:00:00,465.36575
2012-05-26 23:00:00,488.81973
2012-05-27 00:00:00,229.34935
2012-05-27 01:00:00,175.82167
2012-05-27 02:00:00,163.99121
2012-05-27 03:00:00,129.37387
2012-05-27 04:00:00,99.65704
2012-05-27 05:00:00,100.288635
2012-05-27 06:00:00,91.37837
2012-05-27 07:00:00,83.853134
2012-05-27 08:00:00,102.84974
2012-05-27 09:00:00,135.28227
2012-05-27 10:00:00,247.8681
2012-05-27 11:00:00,356.4922
2012-05-27 12:00:00,395.53372
2012-05-27 13:00:00,598.59125
2012-05-27 14:00:00,594.60046
2012-05-27 15:00:00,720.4504
2012-05-27 16:00:00,732.8645
2012-05-27 17:00:00,768.6442
2012-05-27 18:00:00,687.091
2012-05-27 19:00:00,690.72327
2012-05-27 20:00:00,698.5269
2012-05-27 21:00:00,479.54504
2012-05-27 22:00:00,312.09973
2012-05-27 23:00:00,316.33508
2012-05-28 00:00:00,116.52602
2012-05-28 01:00:00,208.47047
2012-05-28 02:00:00,102.116936
2012-05-28 03:00:00,131.75165
2012-05-28 04:00:00,91.70925
2012-05-28 05:00:00,89.012085
2012-05-28 06:00:00,119.05612
2012-05-28 07:00:00,87.10936
2012-05-28 08:00:00,93.85037
2012-05-28 09:00:00,316.0017
2012-05-28 10:00:00,377.47934
2012-05-28 11:00:00,356.26147
2012-05-28 12:00:00,492.65002
2012-05-28 13:00:00,536.48584
2012-05-28 14:00:00,564.3385
2012-05-28 15:00:00,732.3722
2012-05-28 16:00:00,746.9303
2012-05-28 17:00:00,756.8476
2012-05-28 18:00:00,722.1373
2012-05-28 19:00:00,776.56165
2012-05-28 20:00:00,699.23315
2012-05-28 21:00:00,648.7275
2012-05-28 22:00:00,586.52954
2012-05-28 23:00:00,539.4398
2012-05-29 00:00:00,224.9717
2012-05-29 01:00:00,219.93321
2012-05-29 02:00:00,121.372894
2012-05-29 03:00:00,234.34401
2012-05-29 04:00:00,181.81996
2012-05-29 05:00:00,186.56915
2012-05-29 06:00:00,192.59793
2012-05-29 07:00:00,199.44456
2012-05-29 08:00:00,250.93665
2012-05-29 09:00:00,292.28955
2012-05-29 10:00:00,310.13715
2012-05-29 11:00:00,377.46698
2012-05-29 12:00:00,520.38995
2012-05-29 13:00:00,589.0771
2012-05-29 14:00:00,610.8305
2012-05-29 15:00:00,625.45575
2012-05-29 16:00:00,626.72363
2012-05-29 17:00:00,617.2332
2012-05-29 18:00:00,645.6281
2012-05-29 19:00:00,720.13245
2012-05-29 20:00:00,520.0063
2012-05-29 21:00:00,285.84253
2012-05-29 22:00:00,186.44112
2012-05-29 23:00:00,140.22226
2012-05-30 00:00:00,143.81844
2012-05-30 01:00:00,141.93674
2012-05-30 02:00:00,139.8636
2012-05-30 03:00:00,145.25795
2012-05-30 04:00:00,109.15427
2012-05-30 05:00:00,139.80717
2012-05-30 06:00:00,119.21804
2012-05-30 07:00:00,193.54335
2012-05-30 08:00:00,206.3897
2012-05-30 09:00:00,231.99635
2012-05-30 10:00:00,247.44942
2012-05-30 11:00:00,276.9715
2012-05-30 12:00:00,384.61896
2012-05-30 13:00:00,398.85898
2012-05-30 14:00:00,535.2669
2012-05-30 15:00:00,556.1867
2012-05-30 16:00:00,585.1726
2012-05-30 17:00:00,570.8737
2012-05-30 18:00:00,627.0539
2012-05-30 19:00:00,608.9382
2012-05-30 20:00:00,394.74097
2012-05-30 21:00:00,571.62286
2012-05-30 22:00:00,458.99713
2012-05-30 23:00:00,509.75525
2012-05-31 00:00:00,209.57037
2012-05-31 01:00:00,184.0611
2012-05-31 02:00:00,218.8965
2012-05-31 03:00:00,161.08849
2012-05-31 04:00:00,113.95512
2012-05-31 05:00:00,243.60124
2012-05-31 06:00:00,204.74573
2012-05-31 07:00:00,252.59502
2012-05-31 08:00:00,274.2787
2012-05-31 09:00:00,422.95682
2012-05-31 10:00:00,522.0479
2012-05-31 11:00:00,524.8266
2012-05-31 12:00:00,526.8996
2012-05-31 13:00:00,497.8319
2012-05-31 14:00:00,423.4414
2012-05-31 15:00:00,463.97964
2012-05-31 16:00:00,450.8988
2012-05-31 17:00:00,413.18057
2012-05-31 18:00:00,371.48395
2012-05-31 19:00:00,468.77563
2012-05-31 20:00:00,624.3291
2012-05-31 21:00:00,632.4851
2012-05-31 22:00:00,631.8833
2012-05-31 23:00:00,651.031
2012-06-20 00:00:00,224.9717
2012-06-20 01:00:00,186.47197
2012-06-20 02:00:00,126.25328
2012-06-20 03:00:00,107.113464
2012-06-20 04:00:00,97.502014
2012-06-20 05:00:00,96.05078
2012-06-20 06:00:00,99.40676
2012-06-20 07:00:00,92.074615
2012-06-20 08:00:00,199.92369
2012-06-20 09:00:00,241.97876
2012-06-20 10:00:00,411.53284
2012-06-20 11:00:00,464.9998
2012-06-20 12:00:00,462.55963
2012-06-20 13:00:00,473.0864
2012-06-20 14:00:00,471.1477
2012-06-20 15:00:00,423.61423
2012-06-20 16:00:00,435.77267
2012-06-20 17:00:00,456.92825
2012-06-20 18:00:00,456.5287
2012-06-20 19:00:00,406.13422
2012-06-20 20:00:00,464.44922
2012-06-20 21:00:00,575.5193
2012-06-20 22:00:00,590.21497
2012-06-20 23:00:00,622.64355
2012-06-21 00:00:00,232.51164
2012-06-21 01:00:00,139.69006
2012-06-21 02:00:00,128.83467
2012-06-21 03:00:00,135.0769
2012-06-21 04:00:00,97.759636
2012-06-21 05:00:00,101.428665
2012-06-21 06:00:00,131.041
2012-06-21 07:00:00,142.98528
2012-06-21 08:00:00,319.1242
2012-06-21 09:00:00,516.0178
2012-06-21 10:00:00,446.76312
2012-06-21 11:00:00,484.68448
2012-06-21 12:00:00,432.00644
2012-06-21 13:00:00,480.5082
2012-06-21 14:00:00,532.94904
2012-06-21 15:00:00,403.9686
2012-06-21 16:00:00,471.08917
2012-06-21 17:00:00,536.07245
2012-06-21 18:00:00,647.50616
2012-06-21 19:00:00,595.14716
2012-06-21 20:00:00,689.1948
2012-06-21 21:00:00,693.1577
2012-06-21 22:00:00,656.455
2012-06-21 23:00:00,618.1751
2012-06-22 00:00:00,259.02057
2012-06-22 01:00:00,246.13486
2012-06-22 02:00:00,104.18082
2012-06-22 03:00:00,103.00093
2012-06-22 04:00:00,243.6242
2012-06-22 05:00:00,256.91553
2012-06-22 06:00:00,275.0323
2012-06-22 07:00:00,392.36023
2012-06-22 08:00:00,482.71475
2012-06-22 09:00:00,457.37555
2012-06-22 10:00:00,569.43005
2012-06-22 11:00:00,573.0446
2012-06-22 12:00:00,529.0546
2012-06-22 13:00:00,568.2911
2012-06-22 14:00:00,596.4024
2012-06-22 15:00:00,430.38855
2012-06-22 16:00:00,380.09695
2012-06-22 17:00:00,641.9987
2012-06-22 18:00:00,666.8001
2012-06-22 19:00:00,693.085
2012-06-22 20:00:00,705.8679
2012-06-22 21:00:00,552.1945
2012-06-22 22:00:00,497.6427
2012-06-22 23:00:00,427.49976
2012-06-23 00:00:00,72.442345
2012-06-23 01:00:00,93.85832
2012-06-23 02:00:00,100.56687
2012-06-23 03:00:00,97.04785
2012-06-23 04:00:00,99.62952
2012-06-23 05:00:00,101.41112
2012-06-23 06:00:00,87.33114
2012-06-23 07:00:00,81.29414
2012-06-23 08:00:00,189.45728
2012-06-23 09:00:00,459.4641
2012-06-23 10:00:00,608.3668
2012-06-23 11:00:00,696.2547
2012-06-23 12:00:00,685.7079
2012-06-23 13:00:00,631.21686
2012-06-23 14:00:00,647.6634
2012-06-23 15:00:00,580.016
2012-06-23 16:00:00,468.52765
2012-06-23 17:00:00,458.3459
2012-06-23 18:00:00,443.49182
2012-06-23 19:00:00,457.54303
2012-06-23 20:00:00,582.9353
2012-06-23 21:00:00,564.48975
2012-06-23 22:00:00,578.6619
2012-06-23 23:00:00,464.98746
2012-06-24 00:00:00,495.39453
2012-06-24 01:00:00,295.8188
2012-06-24 02:00:00,432.12518
2012-06-24 03:00:00,248.11992
2012-06-24 04:00:00,356.41824
2012-06-24 05:00:00,239.6207
2012-06-24 06:00:00,230.05737
2012-06-24 07:00:00,242.5215
2012-06-24 08:00:00,499.6633
2012-06-24 09:00:00,506.89307
2012-06-24 10:00:00,537.70374
2012-06-24 11:00:00,619.0556
2012-06-24 12:00:00,632.7884
2012-06-24 13:00:00,653.4887
2012-06-24 14:00:00,611.06616
2012-06-24 15:00:00,514.18304
2012-06-24 16:00:00,584.0341
2012-06-24 17:00:00,651.07806
2012-06-24 18:00:00,675.4212
2012-06-24 19:00:00,738.88165
2012-06-24 20:00:00,783.468
2012-06-24 21:00:00,753.7842
2012-06-24 22:00:00,649.06537
2012-06-24 23:00:00,683.582
2012-06-25 00:00:00,281.17416
2012-06-25 01:00:00,256.4332
2012-06-25 02:00:00,219.06493
2012-06-25 03:00:00,225.1259
2012-06-25 04:00:00,150.34715
2012-06-25 05:00:00,138.49553
2012-06-25 06:00:00,103.59364
2012-06-25 07:00:00,166.36235
2012-06-25 08:00:00,198.22276
2012-06-25 09:00:00,287.478
2012-06-25 10:00:00,562.00116
2012-06-25 11:00:00,613.7494
2012-06-25 12:00:00,667.54663
2012-06-25 13:00:00,608.12335
2012-06-25 14:00:00,671.372
2012-06-25 15:00:00,676.4235
2012-06-25 16:00:00,501.7251
2012-06-25 17:00:00,253.69843
2012-06-25 18:00:00,358.67618
2012-06-25 19:00:00,354.96405
2012-06-25 20:00:00,423.7605
2012-06-25 21:00:00,471.34753
2012-06-25 22:00:00,379.87677
2012-06-25 23:00:00,495.0034
2012-06-26 00:00:00,443.58292
2012-06-26 01:00:00,453.1033
2012-06-26 02:00:00,315.00284
2012-06-26 03:00:00,290.81506
2012-06-26 04:00:00,306.88605
2012-06-26 05:00:00,272.0867
2012-06-26 06:00:00,246.3072
2012-06-26 07:00:00,259.43964
2012-06-26 08:00:00,339.46313
2012-06-26 09:00:00,402.22046
2012-06-26 10:00:00,543.8389
2012-06-26 11:00:00,583.25507
2012-06-26 12:00:00,603.6109
2012-06-26 13:00:00,544.0009
2012-06-26 14:00:00,540.1569
2012-06-26 15:00:00,433.64206
2012-06-26 16:00:00,302.9785
2012-06-26 17:00:00,425.39697
2012-06-26 18:00:00,418.78857
2012-06-26 19:00:00,432.90894
2012-06-26 20:00:00,476.9247
2012-06-26 21:00:00,518.8605
2012-06-26 22:00:00,542.2093
2012-06-26 23:00:00,487.77002
2012-06-27 00:00:00,375.54724
2012-06-27 01:00:00,374.0025
2012-06-27 02:00:00,271.18506
2012-06-27 03:00:00,351.1889
2012-06-27 04:00:00,450.69824
2012-06-27 05:00:00,451.50067
2012-06-27 06:00:00,361.9405
2012-06-27 07:00:00,485.17236
2012-06-27 08:00:00,509.33386
2012-06-27 09:00:00,559.08246
2012-06-27 10:00:00,567.34766
2012-06-27 11:00:00,553.946
2012-06-27 12:00:00,527.7675
2012-06-27 13:00:00,410.3678
2012-06-27 14:00:00,371.02155
2012-06-27 15:00:00,311.4853
2012-06-27 16:00:00,299.68036
2012-06-27 17:00:00,306.5366
2012-06-27 18:00:00,367.41782
2012-06-27 19:00:00,421.52826
2012-06-27 20:00:00,526.44214
2012-06-27 21:00:00,576.80676
2012-06-27 22:00:00,542.82367
2012-06-27 23:00:00,570.8136
2012-06-28 00:00:00,253.1186
2012-06-28 01:00:00,230.1763
2012-06-28 02:00:00,311.32996
2012-06-28 03:00:00,347.31006
2012-06-28 04:00:00,281.87854
2012-06-28 05:00:00,313.96094
2012-06-28 06:00:00,343.58966
2012-06-28 07:00:00,327.63275
2012-06-28 08:00:00,473.64026
2012-06-28 09:00:00,499.80536
2012-06-28 10:00:00,583.1374
2012-06-28 11:00:00,503.1855
2012-06-28 12:00:00,408.25394
2012-06-28 13:00:00,402.23987
2012-06-28 14:00:00,357.0401
2012-06-28 15:00:00,346.7212
2012-06-28 16:00:00,392.99335
2012-06-28 17:00:00,310.55508
2012-06-28 18:00:00,372.34576
2012-06-28 19:00:00,409.5338
2012-06-28 20:00:00,543.4479
2012-06-28 21:00:00,678.9157
2012-06-28 22:00:00,667.0522
2012-06-28 23:00:00,648.47626
2012-06-29 00:00:00,301.68286
2012-06-29 01:00:00,314.56683
2012-06-29 02:00:00,280.1458
2012-06-29 03:00:00,281.53214
2012-06-29 04:00:00,225.05548
2012-06-29 05:00:00,279.38937
2012-06-29 06:00:00,291.1289
2012-06-29 07:00:00,335.4014
2012-06-29 08:00:00,480.70715
2012-06-29 09:00:00,529.2785
2012-06-29 10:00:00,496.37845
2012-06-29 11:00:00,610.4045
2012-06-29 12:00:00,524.9198
2012-06-29 13:00:00,432.50043
2012-06-29 14:00:00,353.313
2012-06-29 15:00:00,426.07608
2012-06-29 16:00:00,421.31708
2012-06-29 17:00:00,317.49323
2012-06-29 18:00:00,373.4289
2012-06-29 19:00:00,664.389
2012-06-29 20:00:00,472.44882
2012-06-29 21:00:00,706.5489
2012-06-29 22:00:00,685.5984
2012-06-29 23:00:00,693.1774
2012-06-30 00:00:00,111.11539
2012-06-30 01:00:00,114.169334
2012-06-30 02:00:00,74.55395
2012-06-30 03:00:00,73.64124
2012-06-30 04:00:00,70.71682
2012-06-30 05:00:00,76.378265
2012-06-30 06:00:00,77.50957
2012-06-30 07:00:00,78.220184
2012-06-30 08:00:00,77.20467
2012-06-30 09:00:00,76.087364
2012-06-30 10:00:00,510.67035
2012-06-30 11:00:00,518.69556
2012-06-30 12:00:00,528.0442
2012-06-30 13:00:00,534.37994
2012-06-30 14:00:00,517.0756
2012-06-30 15:00:00,507.57788
2012-06-30 16:00:00,460.32544
2012-06-30 17:00:00,593.7896
2012-06-30 18:00:00,472.0007
2012-06-30 19:00:00,776.7045
2012-06-30 20:00:00,714.57056
2012-06-30 21:00:00,723.2147
2012-06-30 22:00:00,719.11456
2012-06-30 23:00:00,696.175
2012-07-20 00:00:00,164.02652
2012-07-20 01:00:00,99.026634
2012-07-20 02:00:00,106.18391
2012-07-20 03:00:00,104.82097
2012-07-20 04:00:00,103.91374
2012-07-20 05:00:00,103.04995
2012-07-20 06:00:00,102.60491
2012-07-20 07:00:00,115.949875
2012-07-20 08:00:00,130.97173
2012-07-20 09:00:00,195.28459
2012-07-20 10:00:00,193.13408
2012-07-20 11:00:00,283.7353
2012-07-20 12:00:00,225.28648
2012-07-20 13:00:00,238.37521
2012-07-20 14:00:00,239.0565
2012-07-20 15:00:00,249.0212
2012-07-20 16:00:00,259.4584
2012-07-20 17:00:00,265.27283
2012-07-20 18:00:00,284.03564
2012-07-20 19:00:00,254.06178
2012-07-20 20:00:00,291.29556
2012-07-20 21:00:00,277.57126
2012-07-20 22:00:00,259.4873
2012-07-20 23:00:00,282.17764
2012-07-21 00:00:00,159.2093
2012-07-21 01:00:00,119.45417
2012-07-21 02:00:00,144.01543
2012-07-21 03:00:00,131.51884
2012-07-21 04:00:00,146.10623
2012-07-21 05:00:00,137.64235
2012-07-21 06:00:00,138.14677
2012-07-21 07:00:00,104.51995
2012-07-21 08:00:00,123.90962
2012-07-21 09:00:00,94.66979
2012-07-21 10:00:00,140.70633
2012-07-21 11:00:00,136.1745
2012-07-21 12:00:00,145.09743
2012-07-21 13:00:00,133.24112
2012-07-21 14:00:00,129.10684
2012-07-21 15:00:00,163.41629
2012-07-21 16:00:00,132.30641
2012-07-21 17:00:00,129.52296
2012-07-21 18:00:00,107.61117
2012-07-21 19:00:00,107.18052
2012-07-21 20:00:00,173.51942
2012-07-21 21:00:00,126.57918
2012-07-21 22:00:00,152.64694
2012-07-21 23:00:00,109.73738
2012-07-22 00:00:00,79.730286
2012-07-22 01:00:00,84.23936
2012-07-22 02:00:00,84.92157
2012-07-22 03:00:00,85.18897
2012-07-22 04:00:00,66.37048
2012-07-22 05:00:00,66.70787
2012-07-22 06:00:00,103.65923
2012-07-22 07:00:00,104.450615
2012-07-22 08:00:00,189.03853
2012-07-22 09:00:00,374.47867
2012-07-22 10:00:00,364.39337
2012-07-22 11:00:00,370.00882
2012-07-22 12:00:00,438.03973
2012-07-22 13:00:00,487.36407
2012-07-22 14:00:00,526.3477
2012-07-22 15:00:00,535.6431
2012-07-22 16:00:00,568.86444
2012-07-22 17:00:00,597.2567
2012-07-22 18:00:00,599.95746
2012-07-22 19:00:00,554.2934
2012-07-22 20:00:00,505.62506
2012-07-22 21:00:00,425.87292
2012-07-22 22:00:00,531.13434
2012-07-22 23:00:00,455.86133
2012-07-23 00:00:00,97.79982
2012-07-23 01:00:00,100.30849
2012-07-23 02:00:00,102.89092
2012-07-23 03:00:00,100.436646
2012-07-23 04:00:00,102.85452
2012-07-23 05:00:00,101.20444
2012-07-23 06:00:00,109.80886
2012-07-23 07:00:00,105.18292
2012-07-23 08:00:00,161.38484
2012-07-23 09:00:00,264.3598
2012-07-23 10:00:00,433.48093
2012-07-23 11:00:00,585.3936
2012-07-23 12:00:00,597.54193
2012-07-23 13:00:00,565.9533
2012-07-23 14:00:00,578.7562
2012-07-23 15:00:00,634.61475
2012-07-23 16:00:00,611.31085
2012-07-23 17:00:00,616.811
2012-07-23 18:00:00,600.2836
2012-07-23 19:00:00,723.5074
2012-07-23 20:00:00,631.2657
2012-07-23 21:00:00,645.7391
2012-07-23 22:00:00,637.515
2012-07-23 23:00:00,588.0347
2012-07-24 00:00:00,164.72363
2012-07-24 01:00:00,116.81888
2012-07-24 02:00:00,101.214386
2012-07-24 03:00:00,100.37271
2012-07-24 04:00:00,102.1703
2012-07-24 05:00:00,108.19743
2012-07-24 06:00:00,99.07788
2012-07-24 07:00:00,179.3011
2012-07-24 08:00:00,245.0736
2012-07-24 09:00:00,359.78342
2012-07-24 10:00:00,568.39716
2012-07-24 11:00:00,657.0826
2012-07-24 12:00:00,617.466
2012-07-24 13:00:00,690.5177
2012-07-24 14:00:00,660.99225
2012-07-24 15:00:00,710.03937
2012-07-24 16:00:00,693.64044
2012-07-24 17:00:00,737.0478
2012-07-24 18:00:00,585.491
2012-07-24 19:00:00,618.5817
2012-07-24 20:00:00,574.122
2012-07-24 21:00:00,595.4008
2012-07-24 22:00:00,611.6207
2012-07-24 23:00:00,726.6912
2012-07-25 00:00:00,289.28738
2012-07-25 01:00:00,272.539
2012-07-25 02:00:00,254.56596
2012-07-25 03:00:00,216.1163
2012-07-25 04:00:00,213.88892
2012-07-25 05:00:00,238.07256
2012-07-25 06:00:00,222.61812
2012-07-25 07:00:00,398.80475
2012-07-25 08:00:00,568.3414
2012-07-25 09:00:00,564.5898
2012-07-25 10:00:00,457.58344
2012-07-25 11:00:00,478.26486
2012-07-25 12:00:00,484.14532
2012-07-25 13:00:00,528.47296
2012-07-25 14:00:00,490.44308
2012-07-25 15:00:00,521.4408
2012-07-25 16:00:00,484.47546
2012-07-25 17:00:00,486.4672
2012-07-25 18:00:00,419.17126
2012-07-25 19:00:00,565.8027
2012-07-25 20:00:00,650.0799
2012-07-25 21:00:00,620.88104
2012-07-25 22:00:00,612.5185
2012-07-25 23:00:00,664.6512
2012-07-26 00:00:00,214.15236
2012-07-26 01:00:00,220.09138
2012-07-26 02:00:00,212.27144
2012-07-26 03:00:00,196.38408
2012-07-26 04:00:00,142.30403
2012-07-26 05:00:00,142.60547
2012-07-26 06:00:00,158.29326
2012-07-26 07:00:00,233.07849
2012-07-26 08:00:00,250.16075
2012-07-26 09:00:00,286.13263
2012-07-26 10:00:00,281.35242
2012-07-26 11:00:00,458.42535
2012-07-26 12:00:00,618.4831
2012-07-26 13:00:00,664.2725
2012-07-26 14:00:00,634.54254
2012-07-26 15:00:00,539.2892
2012-07-26 16:00:00,391.37714
2012-07-26 17:00:00,651.028
2012-07-26 18:00:00,439.98175
2012-07-26 19:00:00,642.70844
2012-07-26 20:00:00,743.5159
2012-07-26 21:00:00,671.18036
2012-07-26 22:00:00,669.191
2012-07-26 23:00:00,546.3918
2012-07-27 00:00:00,159.617
2012-07-27 01:00:00,208.23059
2012-07-27 02:00:00,119.42113
2012-07-27 03:00:00,160.9428
2012-07-27 04:00:00,98.529076
2012-07-27 05:00:00,88.98009
2012-07-27 06:00:00,111.25895
2012-07-27 07:00:00,223.88994
2012-07-27 08:00:00,347.91815
2012-07-27 09:00:00,577.34784
2012-07-27 10:00:00,427.95435
2012-07-27 11:00:00,608.8658
2012-07-27 12:00:00,635.2386
2012-07-27 13:00:00,673.1287
2012-07-27 14:00:00,688.7693
2012-07-27 15:00:00,641.2421
2012-07-27 16:00:00,696.3906
2012-07-27 17:00:00,653.14386
2012-07-27 18:00:00,647.1417
2012-07-27 19:00:00,679.57666
2012-07-27 20:00:00,606.14716
2012-07-27 21:00:00,613.04974
2012-07-27 22:00:00,639.2044
2012-07-27 23:00:00,557.9861
2012-07-28 00:00:00,256.4745
2012-07-28 01:00:00,145.67097
2012-07-28 02:00:00,107.938416
2012-07-28 03:00:00,115.6912
2012-07-28 04:00:00,106.08936
2012-07-28 05:00:00,95.79759
2012-07-28 06:00:00,152.26933
2012-07-28 07:00:00,237.98988
2012-07-28 08:00:00,402.7647
2012-07-28 09:00:00,579.9759
2012-07-28 10:00:00,704.2552
2012-07-28 11:00:00,688.929
2012-07-28 12:00:00,700.1235
2012-07-28 13:00:00,708.6011
2012-07-28 14:00:00,696.8107
2012-07-28 15:00:00,587.9974
2012-07-28 16:00:00,698.9727
2012-07-28 17:00:00,714.43756
2012-07-28 18:00:00,764.6131
2012-07-28 19:00:00,156.25926
2012-07-28 20:00:00,201.77205
2012-07-28 21:00:00,322.2624
2012-07-28 22:00:00,321.31448
2012-07-28 23:00:00,239.2675
2012-07-29 00:00:00,76.40516
2012-07-29 01:00:00,90.02165
2012-07-29 02:00:00,99.16334
2012-07-29 03:00:00,152.10579
2012-07-29 04:00:00,135.08054
2012-07-29 05:00:00,94.45636
2012-07-29 06:00:00,110.28809
2012-07-29 07:00:00,181.30226
2012-07-29 08:00:00,332.25128
2012-07-29 09:00:00,422.7038
2012-07-29 10:00:00,533.48944
2012-07-29 11:00:00,645.59686
2012-07-29 12:00:00,637.1633
2012-07-29 13:00:00,720.83405
2012-07-29 14:00:00,702.706
2012-07-29 15:00:00,655.58636
2012-07-29 16:00:00,660.6303
2012-07-29 17:00:00,691.9944
2012-07-29 18:00:00,758.31946
2012-07-29 19:00:00,708.6895
2012-07-29 20:00:00,623.1932
2012-07-29 21:00:00,567.3079
2012-07-29 22:00:00,548.69196
2012-07-29 23:00:00,612.6845
2012-07-30 00:00:00,153.96783
2012-07-30 01:00:00,114.420616
2012-07-30 02:00:00,103.09852
2012-07-30 03:00:00,87.10936
2012-07-30 04:00:00,87.10936
2012-07-30 05:00:00,108.19743
2012-07-30 06:00:00,99.0891
2012-07-30 07:00:00,136.6092
2012-07-30 08:00:00,264.07202
2012-07-30 09:00:00,354.08456
2012-07-30 10:00:00,349.11038
2012-07-30 11:00:00,547.64276
2012-07-30 12:00:00,524.33295
2012-07-30 13:00:00,611.26086
2012-07-30 14:00:00,656.1927
2012-07-30 15:00:00,685.2997
2012-07-30 16:00:00,714.26666
2012-07-30 17:00:00,681.65314
2012-07-30 18:00:00,631.38794
2012-07-30 19:00:00,653.9978
2012-07-30 20:00:00,501.86633
2012-07-30 21:00:00,530.75977
2012-07-30 22:00:00,483.9071
2012-07-30 23:00:00,496.5758
2012-07-31 00:00:00,110.943794
2012-07-31 01:00:00,102.35579
2012-07-31 02:00:00,101.16124
2012-07-31 03:00:00,99.91266
2012-07-31 04:00:00,102.1703
2012-07-31 05:00:00,99.19351
2012-07-31 06:00:00,94.02557
2012-07-31 07:00:00,128.76826
2012-07-31 08:00:00,135.11452
2012-07-31 09:00:00,305.62915
2012-07-31 10:00:00,428.912
2012-07-31 11:00:00,462.87775
2012-07-31 12:00:00,461.18115
2012-07-31 13:00:00,640.6037
2012-07-31 14:00:00,664.5105
2012-07-31 15:00:00,567.3067
2012-07-31 16:00:00,621.8247
2012-07-31 17:00:00,668.7119
2012-07-31 18:00:00,686.6868
2012-07-31 19:00:00,637.0701
2012-07-31 20:00:00,484.64258
2012-07-31 21:00:00,333.76587
2012-07-31 22:00:00,418.62512
2012-07-31 23:00:00,317.72235
2012-08-20 00:00:00,129.04689
2012-08-20 01:00:00,105.13039
2012-08-20 02:00:00,103.09233
2012-08-20 03:00:00,98.3698
2012-08-20 04:00:00,129.42984
2012-08-20 05:00:00,114.14767
2012-08-20 06:00:00,181.8296
2012-08-20 07:00:00,175.26146
2012-08-20 08:00:00,255.14026
2012-08-20 09:00:00,352.73724
2012-08-20 10:00:00,303.62274
2012-08-20 11:00:00,359.12933
2012-08-20 12:00:00,408.3178
2012-08-20 13:00:00,509.7196
2012-08-20 14:00:00,571.0744
2012-08-20 15:00:00,605.9437
2012-08-20 16:00:00,618.1663
2012-08-20 17:00:00,577.79297
2012-08-20 18:00:00,255.24382
2012-08-20 19:00:00,264.6053
2012-08-20 20:00:00,247.16678
2012-08-20 21:00:00,122.10462
2012-08-20 22:00:00,194.80798
2012-08-20 23:00:00,194.82158
2012-08-21 00:00:00,125.82852
2012-08-21 01:00:00,141.48068
2012-08-21 02:00:00,163.30284
2012-08-21 03:00:00,74.7148
2012-08-21 04:00:00,76.55853
2012-08-21 05:00:00,105.02631
2012-08-21 06:00:00,102.214
2012-08-21 07:00:00,131.05614
2012-08-21 08:00:00,113.4536
2012-08-21 09:00:00,370.06378
2012-08-21 10:00:00,407.01422
2012-08-21 11:00:00,446.48193
2012-08-21 12:00:00,457.44342
2012-08-21 13:00:00,477.5147
2012-08-21 14:00:00,547.7368
2012-08-21 15:00:00,496.99283
2012-08-21 16:00:00,500.53473
2012-08-21 17:00:00,683.23663
2012-08-21 18:00:00,635.73553
2012-08-21 19:00:00,339.30908
2012-08-21 20:00:00,332.24905
2012-08-21 21:00:00,353.39612
2012-08-21 22:00:00,244.29839
2012-08-21 23:00:00,147.61902
2012-08-22 00:00:00,103.509964
2012-08-22 01:00:00,95.22602
2012-08-22 02:00:00,95.00063
2012-08-22 03:00:00,99.79517
2012-08-22 04:00:00,108.150055
2012-08-22 05:00:00,102.50343
2012-08-22 06:00:00,164.91429
2012-08-22 07:00:00,120.9877
2012-08-22 08:00:00,238.05904
2012-08-22 09:00:00,406.4173
2012-08-22 10:00:00,459.93497
2012-08-22 11:00:00,512.81714
2012-08-22 12:00:00,470.82874
2012-08-22 13:00:00,564.82947
2012-08-22 14:00:00,568.1999
2012-08-22 15:00:00,597.4395
2012-08-22 16:00:00,615.4521
2012-08-22 17:00:00,633.0566
2012-08-22 18:00:00,508.98157
2012-08-22 19:00:00,383.07446
2012-08-22 20:00:00,363.6659
2012-08-22 21:00:00,353.39612
2012-08-22 22:00:00,374.6984
2012-08-22 23:00:00,177.90413
2012-08-23 00:00:00,95.45707
2012-08-23 01:00:00,91.64282
2012-08-23 02:00:00,89.577286
2012-08-23 03:00:00,104.95657
2012-08-23 04:00:00,88.058334
2012-08-23 05:00:00,91.8784
2012-08-23 06:00:00,102.85722
2012-08-23 07:00:00,126.264626
2012-08-23 08:00:00,279.42117
2012-08-23 09:00:00,365.94128
2012-08-23 10:00:00,514.758
2012-08-23 11:00:00,540.077
2012-08-23 12:00:00,490.8952
2012-08-23 13:00:00,514.552
2012-08-23 14:00:00,660.08295
2012-08-23 15:00:00,605.1889
2012-08-23 16:00:00,622.8581
2012-08-23 17:00:00,678.20605
2012-08-23 18:00:00,677.13947
2012-08-23 19:00:00,571.57446
2012-08-23 20:00:00,576.3887
2012-08-23 21:00:00,585.19214
2012-08-23 22:00:00,561.3284
2012-08-23 23:00:00,507.35318
2012-08-24 00:00:00,224.6147
2012-08-24 01:00:00,190.2302
2012-08-24 02:00:00,148.87366
2012-08-24 03:00:00,122.424835
2012-08-24 04:00:00,249.62787
2012-08-24 05:00:00,95.449776
2012-08-24 06:00:00,117.52588
2012-08-24 07:00:00,163.04243
2012-08-24 08:00:00,339.5454
2012-08-24 09:00:00,413.56683
2012-08-24 10:00:00,456.85242
2012-08-24 11:00:00,545.1933
2012-08-24 12:00:00,543.64056
2012-08-24 13:00:00,569.1159
2012-08-24 14:00:00,573.67755
2012-08-24 15:00:00,598.9731
2012-08-24 16:00:00,607.44763
2012-08-24 17:00:00,653.83563
2012-08-24 18:00:00,551.09265
2012-08-24 19:00:00,599.3399
2012-08-24 20:00:00,534.93744
2012-08-24 21:00:00,578.6839
2012-08-24 22:00:00,572.5083
2012-08-24 23:00:00,502.16116
2012-08-25 00:00:00,251.46692
2012-08-25 01:00:00,170.5098
2012-08-25 02:00:00,131.56317
2012-08-25 03:00:00,124.41108
2012-08-25 04:00:00,226.31378
2012-08-25 05:00:00,164.08768
2012-08-25 06:00:00,106.72633
2012-08-25 07:00:00,116.81883
2012-08-25 08:00:00,189.55717
2012-08-25 09:00:00,283.90613
2012-08-25 10:00:00,372.08704
2012-08-25 11:00:00,474.8465
2012-08-25 12:00:00,628.68915
2012-08-25 13:00:00,660.6683
2012-08-25 14:00:00,463.3794
2012-08-25 15:00:00,308.9226
2012-08-25 16:00:00,337.7447
2012-08-25 17:00:00,355.90857
2012-08-25 18:00:00,443.2966
2012-08-25 19:00:00,324.2049
2012-08-25 20:00:00,286.5003
2012-08-25 21:00:00,237.76157
2012-08-25 22:00:00,262.06097
2012-08-25 23:00:00,327.04828
2012-08-26 00:00:00,79.24249
2012-08-26 01:00:00,76.046776
2012-08-26 02:00:00,95.56208
2012-08-26 03:00:00,110.88466
2012-08-26 04:00:00,89.56609
2012-08-26 05:00:00,77.24724
2012-08-26 06:00:00,97.66611
2012-08-26 07:00:00,76.70749
2012-08-26 08:00:00,152.54347
2012-08-26 09:00:00,130.31607
2012-08-26 10:00:00,380.26447
2012-08-26 11:00:00,403.70154
2012-08-26 12:00:00,337.5574
2012-08-26 13:00:00,277.54877
2012-08-26 14:00:00,79.37743
2012-08-26 15:00:00,197.76877
2012-08-26 16:00:00,204.3744
2012-08-26 17:00:00,94.35728
2012-08-26 18:00:00,106.47119
2012-08-26 19:00:00,119.762985
2012-08-26 20:00:00,98.33374
2012-08-26 21:00:00,193.92308
2012-08-26 22:00:00,125.06973
2012-08-26 23:00:00,180.80898
2012-08-27 00:00:00,94.517624
2012-08-27 01:00:00,94.758194
2012-08-27 02:00:00,101.297554
2012-08-27 03:00:00,98.98584
2012-08-27 04:00:00,88.058334
2012-08-27 05:00:00,77.75072
2012-08-27 06:00:00,81.58668
2012-08-27 07:00:00,99.50813
2012-08-27 08:00:00,102.79323
2012-08-27 09:00:00,99.04626
2012-08-27 10:00:00,266.3361
2012-08-27 11:00:00,365.9271
2012-08-27 12:00:00,485.24805
2012-08-27 13:00:00,580.86725
2012-08-27 14:00:00,560.37933
2012-08-27 15:00:00,680.9505
2012-08-27 16:00:00,668.6252
2012-08-27 17:00:00,690.3831
2012-08-27 18:00:00,697.93964
2012-08-27 19:00:00,496.89395
2012-08-27 20:00:00,544.06396
2012-08-27 21:00:00,484.19528
2012-08-27 22:00:00,292.05658
2012-08-27 23:00:00,329.7102
2012-08-28 00:00:00,140.67241
2012-08-28 01:00:00,102.41881
2012-08-28 02:00:00,136.2046
2012-08-28 03:00:00,97.785095
2012-08-28 04:00:00,102.14177
2012-08-28 05:00:00,121.42738
2012-08-28 06:00:00,102.69412
2012-08-28 07:00:00,118.77254
2012-08-28 08:00:00,119.45498
2012-08-28 09:00:00,188.52216
2012-08-28 10:00:00,375.5357
2012-08-28 11:00:00,576.531
2012-08-28 12:00:00,642.1855
2012-08-28 13:00:00,669.9357
2012-08-28 14:00:00,651.28125
2012-08-28 15:00:00,565.341
2012-08-28 16:00:00,552.37555
2012-08-28 17:00:00,626.70166
2012-08-28 18:00:00,664.7594
2012-08-28 19:00:00,637.433
2012-08-28 20:00:00,587.6425
2012-08-28 21:00:00,575.6208
2012-08-28 22:00:00,506.4569
2012-08-28 23:00:00,503.65546
2012-08-29 00:00:00,129.53314
2012-08-29 01:00:00,153.7853
2012-08-29 02:00:00,136.29521
2012-08-29 03:00:00,150.7155
2012-08-29 04:00:00,157.21089
2012-08-29 05:00:00,151.62433
2012-08-29 06:00:00,150.11687
2012-08-29 07:00:00,320.4813
2012-08-29 08:00:00,301.8122
2012-08-29 09:00:00,529.247
2012-08-29 10:00:00,547.74744
2012-08-29 11:00:00,445.07944
2012-08-29 12:00:00,470.40112
2012-08-29 13:00:00,468.3216
2012-08-29 14:00:00,544.23834
2012-08-29 15:00:00,625.465
2012-08-29 16:00:00,597.69037
2012-08-29 17:00:00,612.8735
2012-08-29 18:00:00,628.20593
2012-08-29 19:00:00,622.2707
2012-08-29 20:00:00,524.6661
2012-08-29 21:00:00,556.3718
2012-08-29 22:00:00,461.06464
2012-08-29 23:00:00,493.61755
2012-08-30 00:00:00,124.901375
2012-08-30 01:00:00,205.93153
2012-08-30 02:00:00,112.97092
2012-08-30 03:00:00,118.90329
2012-08-30 04:00:00,124.778595
2012-08-30 05:00:00,140.25708
2012-08-30 06:00:00,96.5584
2012-08-30 07:00:00,184.16698
2012-08-30 08:00:00,403.14612
2012-08-30 09:00:00,434.52985
2012-08-30 10:00:00,442.20874
2012-08-30 11:00:00,507.8349
2012-08-30 12:00:00,576.82086
2012-08-30 13:00:00,564.82947
2012-08-30 14:00:00,592.28766
2012-08-30 15:00:00,626.9278
2012-08-30 16:00:00,629.5613
2012-08-30 17:00:00,568.7534
2012-08-30 18:00:00,614.61725
2012-08-30 19:00:00,622.1482
2012-08-30 20:00:00,630.3049
2012-08-30 21:00:00,559.12823
2012-08-30 22:00:00,534.96857
2012-08-30 23:00:00,480.55496
2012-08-31 00:00:00,106.82831
2012-08-31 01:00:00,104.4005
2012-08-31 02:00:00,99.01556
2012-08-31 03:00:00,97.61988
2012-08-31 04:00:00,95.0652
2012-08-31 05:00:00,94.60744
2012-08-31 06:00:00,102.17201
2012-08-31 07:00:00,102.26752
2012-08-31 08:00:00,338.4768
2012-08-31 09:00:00,358.8775
2012-08-31 10:00:00,493.89722
2012-08-31 11:00:00,401.95935
2012-08-31 12:00:00,396.86356
2012-08-31 13:00:00,370.5094
2012-08-31 14:00:00,384.74124
2012-08-31 15:00:00,334.1115
2012-08-31 16:00:00,347.91614
2012-08-31 17:00:00,454.93286
2012-08-31 18:00:00,578.53937
2012-08-31 19:00:00,626.4172
2012-08-31 20:00:00,634.9961
2012-08-31 21:00:00,662.47955
2012-08-31 22:00:00,677.0544
2012-08-31 23:00:00,633.75604
2012-09-20 00:00:00,149.67552
2012-09-20 01:00:00,161.8658
2012-09-20 02:00:00,161.85085
2012-09-20 03:00:00,116.11627
2012-09-20 04:00:00,131.04424
2012-09-20 05:00:00,129.47551
2012-09-20 06:00:00,117.76479
2012-09-20 07:00:00,95.04738
2012-09-20 08:00:00,241.75548
2012-09-20 09:00:00,325.37506
2012-09-20 10:00:00,386.98572
2012-09-20 11:00:00,376.3009
2012-09-20 12:00:00,492.8995
2012-09-20 13:00:00,512.85156
2012-09-20 14:00:00,552.8702
2012-09-20 15:00:00,577.36957
2012-09-20 16:00:00,564.1068
2012-09-20 17:00:00,587.74817
2012-09-20 18:00:00,507.5791
2012-09-20 19:00:00,448.57083
2012-09-20 20:00:00,377.6857
2012-09-20 21:00:00,403.98724
2012-09-20 22:00:00,243.2296
2012-09-20 23:00:00,304.98877
2012-09-21 00:00:00,121.84541
2012-09-21 01:00:00,107.66066
2012-09-21 02:00:00,106.73883
2012-09-21 03:00:00,131.70503
2012-09-21 04:00:00,107.80022
2012-09-21 05:00:00,105.28369
2012-09-21 06:00:00,133.45262
2012-09-21 07:00:00,117.593994
2012-09-21 08:00:00,126.59749
2012-09-21 09:00:00,203.87563
2012-09-21 10:00:00,298.27942
2012-09-21 11:00:00,409.67664
2012-09-21 12:00:00,488.73062
2012-09-21 13:00:00,544.9776
2012-09-21 14:00:00,556.98846
2012-09-21 15:00:00,578.22723
2012-09-21 16:00:00,586.9145
2012-09-21 17:00:00,567.6225
2012-09-21 18:00:00,518.78687
2012-09-21 19:00:00,453.56454
2012-09-21 20:00:00,415.30743
2012-09-21 21:00:00,339.64923
2012-09-21 22:00:00,383.59204
2012-09-21 23:00:00,381.07254
2012-09-22 00:00:00,139.17455
2012-09-22 01:00:00,105.00154
2012-09-22 02:00:00,75.04372
2012-09-22 03:00:00,92.0753
2012-09-22 04:00:00,92.563095
2012-09-22 05:00:00,116.905266
2012-09-22 06:00:00,100.514984
2012-09-22 07:00:00,105.29141
2012-09-22 08:00:00,155.52007
2012-09-22 09:00:00,166.60017
2012-09-22 10:00:00,315.69067
2012-09-22 11:00:00,501.36774
2012-09-22 12:00:00,621.5358
2012-09-22 13:00:00,689.4405
2012-09-22 14:00:00,741.22504
2012-09-22 15:00:00,741.6236
2012-09-22 16:00:00,722.654
2012-09-22 17:00:00,737.1779
2012-09-22 18:00:00,694.4407
2012-09-22 19:00:00,640.21954
2012-09-22 20:00:00,694.0498
2012-09-22 21:00:00,618.782
2012-09-22 22:00:00,581.9527
2012-09-22 23:00:00,586.55554
2012-09-23 00:00:00,493.5263
2012-09-23 01:00:00,285.7264
2012-09-23 02:00:00,345.71094
2012-09-23 03:00:00,264.9753
2012-09-23 04:00:00,272.15604
2012-09-23 05:00:00,253.91434
2012-09-23 06:00:00,224.52141
2012-09-23 07:00:00,259.8376
2012-09-23 08:00:00,337.42133
2012-09-23 09:00:00,382.53864
2012-09-23 10:00:00,486.02713
2012-09-23 11:00:00,510.79474
2012-09-23 12:00:00,490.4118
2012-09-23 13:00:00,457.2981
2012-09-23 14:00:00,481.226
2012-09-23 15:00:00,386.51862
2012-09-23 16:00:00,405.98724
2012-09-23 17:00:00,477.96643
2012-09-23 18:00:00,466.53125
2012-09-23 19:00:00,442.97644
2012-09-23 20:00:00,448.43353
2012-09-23 21:00:00,420.55682
2012-09-23 22:00:00,385.57916
2012-09-23 23:00:00,343.748
2012-09-24 00:00:00,258.80856
2012-09-24 01:00:00,260.6799
2012-09-24 02:00:00,278.08203
2012-09-24 03:00:00,283.168
2012-09-24 04:00:00,260.57043
2012-09-24 05:00:00,318.0909
2012-09-24 06:00:00,328.90436
2012-09-24 07:00:00,248.90723
2012-09-24 08:00:00,281.72266
2012-09-24 09:00:00,337.41766
2012-09-24 10:00:00,395.42453
2012-09-24 11:00:00,503.1573
2012-09-24 12:00:00,464.0886
2012-09-24 13:00:00,333.49338
2012-09-24 14:00:00,298.2437
2012-09-24 15:00:00,298.69775
2012-09-24 16:00:00,354.27875
2012-09-24 17:00:00,294.43872
2012-09-24 18:00:00,402.9383
2012-09-24 19:00:00,374.8838
2012-09-24 20:00:00,394.9687
2012-09-24 21:00:00,394.10062
2012-09-24 22:00:00,432.3941
2012-09-24 23:00:00,270.6171
2012-09-25 00:00:00,240.15312
2012-09-25 01:00:00,202.646
2012-09-25 02:00:00,165.96658
2012-09-25 03:00:00,219.33147
2012-09-25 04:00:00,209.7588
2012-09-25 05:00:00,189.2924
2012-09-25 06:00:00,176.70479
2012-09-25 07:00:00,191.08058
2012-09-25 08:00:00,267.67337
2012-09-25 09:00:00,325.02115
2012-09-25 10:00:00,392.92462
2012-09-25 11:00:00,523.43866
2012-09-25 12:00:00,562.47577
2012-09-25 13:00:00,569.4526
2012-09-25 14:00:00,561.4314
2012-09-25 15:00:00,501.8532
2012-09-25 16:00:00,533.5144
2012-09-25 17:00:00,519.8764
2012-09-25 18:00:00,525.037
2012-09-25 19:00:00,574.90906
2012-09-25 20:00:00,556.5631
2012-09-25 21:00:00,563.82605
2012-09-25 22:00:00,563.1154
2012-09-25 23:00:00,594.1538
2012-09-26 00:00:00,220.55417
2012-09-26 01:00:00,219.10005
2012-09-26 02:00:00,238.2682
2012-09-26 03:00:00,241.39897
2012-09-26 04:00:00,208.59944
2012-09-26 05:00:00,229.19263
2012-09-26 06:00:00,255.75793
2012-09-26 07:00:00,259.413
2012-09-26 08:00:00,193.77245
2012-09-26 09:00:00,318.37354
2012-09-26 10:00:00,244.3664
2012-09-26 11:00:00,405.48087
2012-09-26 12:00:00,460.64142
2012-09-26 13:00:00,518.5046
2012-09-26 14:00:00,664.98615
2012-09-26 15:00:00,687.2618
2012-09-26 16:00:00,682.48303
2012-09-26 17:00:00,711.03326
2012-09-26 18:00:00,676.09705
2012-09-26 19:00:00,608.12866
2012-09-26 20:00:00,462.63885
2012-09-26 21:00:00,520.20166
2012-09-26 22:00:00,452.79395
2012-09-26 23:00:00,363.39978
2012-09-27 00:00:00,206.78891
2012-09-27 01:00:00,232.14058
2012-09-27 02:00:00,253.10924
2012-09-27 03:00:00,183.28157
2012-09-27 04:00:00,98.81613
2012-09-27 05:00:00,142.03877
2012-09-27 06:00:00,137.05186
2012-09-27 07:00:00,278.41278
2012-09-27 08:00:00,352.44757
2012-09-27 09:00:00,420.0026
2012-09-27 10:00:00,537.4173
2012-09-27 11:00:00,564.9239
2012-09-27 12:00:00,583.54156
2012-09-27 13:00:00,495.5747
2012-09-27 14:00:00,561.2768
2012-09-27 15:00:00,487.94598
2012-09-27 16:00:00,593.75397
2012-09-27 17:00:00,437.9115
2012-09-27 18:00:00,435.73657
2012-09-27 19:00:00,493.37128
2012-09-27 20:00:00,447.42203
2012-09-27 21:00:00,336.12656
2012-09-27 22:00:00,360.42365
2012-09-27 23:00:00,294.70636
2012-09-28 00:00:00,153.04259
2012-09-28 01:00:00,155.6682
2012-09-28 02:00:00,160.27956
2012-09-28 03:00:00,237.93134
2012-09-28 04:00:00,182.43132
2012-09-28 05:00:00,109.86423
2012-09-28 06:00:00,148.43507
2012-09-28 07:00:00,118.149376
2012-09-28 08:00:00,219.76912
2012-09-28 09:00:00,284.37695
2012-09-28 10:00:00,318.67322
2012-09-28 11:00:00,384.83313
2012-09-28 12:00:00,534.9678
2012-09-28 13:00:00,583.49243
2012-09-28 14:00:00,565.00916
2012-09-28 15:00:00,569.0224
2012-09-28 16:00:00,594.3337
2012-09-28 17:00:00,589.04846
2012-09-28 18:00:00,540.7492
2012-09-28 19:00:00,496.74
2012-09-28 20:00:00,422.82556
2012-09-28 21:00:00,429.74677
2012-09-28 22:00:00,476.49225
2012-09-28 23:00:00,448.9572
2012-09-29 00:00:00,301.48337
2012-09-29 01:00:00,305.5144
2012-09-29 02:00:00,297.09528
2012-09-29 03:00:00,285.79584
2012-09-29 04:00:00,289.84363
2012-09-29 05:00:00,283.47598
2012-09-29 06:00:00,261.45078
2012-09-29 07:00:00,208.63371
2012-09-29 08:00:00,213.214
2012-09-29 09:00:00,278.8457
2012-09-29 10:00:00,384.38525
2012-09-29 11:00:00,454.3748
2012-09-29 12:00:00,582.6791
2012-09-29 13:00:00,579.26666
2012-09-29 14:00:00,537.7094
2012-09-29 15:00:00,563.6667
2012-09-29 16:00:00,566.46387
2012-09-29 17:00:00,499.57477
2012-09-29 18:00:00,482.2027
2012-09-29 19:00:00,396.0727
2012-09-29 20:00:00,399.15
2012-09-29 21:00:00,388.57892
2012-09-29 22:00:00,308.05328
2012-09-29 23:00:00,333.3781
2012-09-30 00:00:00,354.34344
2012-09-30 01:00:00,356.09314
2012-09-30 02:00:00,309.31195
2012-09-30 03:00:00,257.86554
2012-09-30 04:00:00,259.27142
2012-09-30 05:00:00,167.01976
2012-09-30 06:00:00,200.85133
2012-09-30 07:00:00,115.1347
2012-09-30 08:00:00,258.20682
2012-09-30 09:00:00,303.7644
2012-09-30 10:00:00,520.0617
2012-09-30 11:00:00,546.0341
2012-09-30 12:00:00,582.6791
2012-09-30 13:00:00,587.6972
2012-09-30 14:00:00,581.23755
2012-09-30 15:00:00,499.97147
2012-09-30 16:00:00,494.46106
2012-09-30 17:00:00,449.92828
2012-09-30 18:00:00,509.859
2012-09-30 19:00:00,268.36798
2012-09-30 20:00:00,275.32602
2012-09-30 21:00:00,243.98566
2012-09-30 22:00:00,141.14973
2012-09-30 23:00:00,145.22636
2012-10-20 00:00:00,134.9624
2012-10-20 01:00:00,200.6332
2012-10-20 02:00:00,162.79863
2012-10-20 03:00:00,146.64336
2012-10-20 04:00:00,166.94037
2012-10-20 05:00:00,85.39239
2012-10-20 06:00:00,155.90195
2012-10-20 07:00:00,86.333984
2012-10-20 08:00:00,237.98633
2012-10-20 09:00:00,299.69098
2012-10-20 10:00:00,408.43
2012-10-20 11:00:00,433.93475
2012-10-20 12:00:00,508.7955
2012-10-20 13:00:00,476.87936
2012-10-20 14:00:00,354.8882
2012-10-20 15:00:00,385.98627
2012-10-20 16:00:00,520.662
2012-10-20 17:00:00,474.39996
2012-10-20 18:00:00,461.49976
2012-10-20 19:00:00,414.80978
2012-10-20 20:00:00,454.42334
2012-10-20 21:00:00,399.3387
2012-10-20 22:00:00,317.23187
2012-10-20 23:00:00,210.11726
2012-10-21 00:00:00,265.31946
2012-10-21 01:00:00,221.43834
2012-10-21 02:00:00,196.66371
2012-10-21 03:00:00,185.67488
2012-10-21 04:00:00,149.94888
2012-10-21 05:00:00,185.1012
2012-10-21 06:00:00,259.48413
2012-10-21 07:00:00,261.28607
2012-10-21 08:00:00,207.52202
2012-10-21 09:00:00,296.68982
2012-10-21 10:00:00,418.4665
2012-10-21 11:00:00,491.6824
2012-10-21 12:00:00,523.1627
2012-10-21 13:00:00,516.9271
2012-10-21 14:00:00,456.97516
2012-10-21 15:00:00,482.3028
2012-10-21 16:00:00,472.44568
2012-10-21 17:00:00,466.25134
2012-10-21 18:00:00,451.34128
2012-10-21 19:00:00,427.7953
2012-10-21 20:00:00,416.82352
2012-10-21 21:00:00,273.1118
2012-10-21 22:00:00,245.00896
2012-10-21 23:00:00,263.43173
2012-10-22 00:00:00,293.21548
2012-10-22 01:00:00,197.29501
2012-10-22 02:00:00,206.3091
2012-10-22 03:00:00,290.303
2012-10-22 04:00:00,249.03918
2012-10-22 05:00:00,158.97372
2012-10-22 06:00:00,143.54303
2012-10-22 07:00:00,215.66681
2012-10-22 08:00:00,277.49884
2012-10-22 09:00:00,259.35754
2012-10-22 10:00:00,375.97046
2012-10-22 11:00:00,472.5264
2012-10-22 12:00:00,317.82605
2012-10-22 13:00:00,299.16382
2012-10-22 14:00:00,287.46063
2012-10-22 15:00:00,310.41162
2012-10-22 16:00:00,351.02313
2012-10-22 17:00:00,345.41748
2012-10-22 18:00:00,345.48285
2012-10-22 19:00:00,385.80182
2012-10-22 20:00:00,334.07495
2012-10-22 21:00:00,249.70314
2012-10-22 22:00:00,105.61688
2012-10-22 23:00:00,105.20029
2012-10-23 00:00:00,100.67146
2012-10-23 01:00:00,180.35681
2012-10-23 02:00:00,103.591446
2012-10-23 03:00:00,183.97255
2012-10-23 04:00:00,177.82924
2012-10-23 05:00:00,203.29692
2012-10-23 06:00:00,143.98746
2012-10-23 07:00:00,211.59442
2012-10-23 08:00:00,231.09291
2012-10-23 09:00:00,248.70248
2012-10-23 10:00:00,367.20523
2012-10-23 11:00:00,415.54822
2012-10-23 12:00:00,446.70392
2012-10-23 13:00:00,365.0214
2012-10-23 14:00:00,559.87445
2012-10-23 15:00:00,589.5142
2012-10-23 16:00:00,480.32104
2012-10-23 17:00:00,375.90045
2012-10-23 18:00:00,445.13867
2012-10-23 19:00:00,479.8819
2012-10-23 20:00:00,415.87808
2012-10-23 21:00:00,388.7974
2012-10-23 22:00:00,349.5257
2012-10-23 23:00:00,260.17743
2012-10-24 00:00:00,246.4182
2012-10-24 01:00:00,273.94922
2012-10-24 02:00:00,299.40543
2012-10-24 03:00:00,209.75908
2012-10-24 04:00:00,217.40797
2012-10-24 05:00:00,132.71
2012-10-24 06:00:00,200.64908
2012-10-24 07:00:00,151.15431
2012-10-24 08:00:00,229.27237
2012-10-24 09:00:00,255.29182
2012-10-24 10:00:00,297.5573
2012-10-24 11:00:00,369.0064
2012-10-24 12:00:00,401.7861
2012-10-24 13:00:00,482.4344
2012-10-24 14:00:00,439.2793
2012-10-24 15:00:00,504.98148
2012-10-24 16:00:00,442.5417
2012-10-24 17:00:00,392.45834
2012-10-24 18:00:00,363.64758
2012-10-24 19:00:00,451.8308
2012-10-24 20:00:00,459.60474
2012-10-24 21:00:00,455.8084
2012-10-24 22:00:00,425.5511
2012-10-24 23:00:00,400.1524
2012-10-25 00:00:00,330.0141
2012-10-25 01:00:00,305.1317
2012-10-25 02:00:00,148.81438
2012-10-25 03:00:00,150.43831
2012-10-25 04:00:00,162.51192
2012-10-25 05:00:00,163.86652
2012-10-25 06:00:00,164.32774
2012-10-25 07:00:00,165.04073
2012-10-25 08:00:00,206.30765
2012-10-25 09:00:00,191.27202
2012-10-25 10:00:00,235.15953
2012-10-25 11:00:00,247.48271
2012-10-25 12:00:00,270.2791
2012-10-25 13:00:00,279.6641
2012-10-25 14:00:00,311.99493
2012-10-25 15:00:00,395.9833
2012-10-25 16:00:00,343.88275
2012-10-25 17:00:00,356.24097
2012-10-25 18:00:00,200.65959
2012-10-25 19:00:00,201.243
2012-10-25 20:00:00,158.47247
2012-10-25 21:00:00,147.58827
2012-10-25 22:00:00,189.76237
2012-10-25 23:00:00,183.54662
2012-10-26 00:00:00,171.82404
2012-10-26 01:00:00,145.58122
2012-10-26 02:00:00,144.00047
2012-10-26 03:00:00,149.62193
2012-10-26 04:00:00,157.50952
2012-10-26 05:00:00,169.97902
2012-10-26 06:00:00,181.50876
2012-10-26 07:00:00,185.22145
2012-10-26 08:00:00,195.25539
2012-10-26 09:00:00,200.6251
2012-10-26 10:00:00,217.73717
2012-10-26 11:00:00,264.46375
2012-10-26 12:00:00,284.30023
2012-10-26 13:00:00,299.75323
2012-10-26 14:00:00,371.1772
2012-10-26 15:00:00,435.55515
2012-10-26 16:00:00,286.50427
2012-10-26 17:00:00,270.5316
2012-10-26 18:00:00,255.26305
2012-10-26 19:00:00,228.94972
2012-10-26 20:00:00,220.20871
2012-10-26 21:00:00,235.44038
2012-10-26 22:00:00,175.5591
2012-10-26 23:00:00,133.10277
2012-10-27 00:00:00,90.7292
2012-10-27 01:00:00,120.28342
2012-10-27 02:00:00,139.36047
2012-10-27 03:00:00,101.42357
2012-10-27 04:00:00,133.2313
2012-10-27 05:00:00,177.10194
2012-10-27 06:00:00,180.81723
2012-10-27 07:00:00,158.13927
2012-10-27 08:00:00,163.55302
2012-10-27 09:00:00,159.45164
2012-10-27 10:00:00,152.56902
2012-10-27 11:00:00,345.2762
2012-10-27 12:00:00,500.9604
2012-10-27 13:00:00,561.30676
2012-10-27 14:00:00,550.1705
2012-10-27 15:00:00,436.60284
2012-10-27 16:00:00,410.5102
2012-10-27 17:00:00,424.27863
2012-10-27 18:00:00,438.12885
2012-10-27 19:00:00,296.17786
2012-10-27 20:00:00,303.18182
2012-10-27 21:00:00,308.99
2012-10-27 22:00:00,334.32498
2012-10-27 23:00:00,467.06677
2012-10-28 00:00:00,238.7888
2012-10-28 01:00:00,193.09125
2012-10-28 02:00:00,221.37526
2012-10-28 03:00:00,242.37503
2012-10-28 04:00:00,238.3991
2012-10-28 05:00:00,261.9886
2012-10-28 06:00:00,289.69232
2012-10-28 07:00:00,314.19766
2012-10-28 08:00:00,334.20322
2012-10-28 09:00:00,402.50122
2012-10-28 10:00:00,429.24774
2012-10-28 11:00:00,435.96307
2012-10-28 12:00:00,393.5323
2012-10-28 13:00:00,423.00668
2012-10-28 14:00:00,454.7925
2012-10-28 15:00:00,413.40045
2012-10-28 16:00:00,415.82208
2012-10-28 17:00:00,245.06854
2012-10-28 18:00:00,113.5013
2012-10-28 19:00:00,200.46684
2012-10-28 20:00:00,148.40997
2012-10-28 21:00:00,235.56985
2012-10-28 22:00:00,246.32149
2012-10-28 23:00:00,228.41785
2012-10-29 00:00:00,142.81044
2012-10-30 13:00:00,193.03267
2012-10-30 14:00:00,199.35555
2012-10-30 15:00:00,198.30789
2012-10-30 16:00:00,187.72363
2012-10-30 17:00:00,158.60883
2012-10-30 18:00:00,134.25194
2012-10-30 19:00:00,301.6297
2012-10-30 20:00:00,115.116066
2012-10-30 21:00:00,71.613556
2012-10-30 22:00:00,65.93228
2012-10-30 23:00:00,66.82527
2012-10-31 00:00:00,98.55426
2012-10-31 01:00:00,94.70427
2012-10-31 02:00:00,133.07765
2012-10-31 03:00:00,106.98352
2012-10-31 04:00:00,232.9028
2012-10-31 05:00:00,152.25105
2012-10-31 06:00:00,210.87292
2012-10-31 07:00:00,200.14418
2012-10-31 08:00:00,156.72766
2012-10-31 09:00:00,144.12244
2012-10-31 10:00:00,182.15604
2012-10-31 11:00:00,216.98766
2012-10-31 12:00:00,246.53938
2012-10-31 13:00:00,329.5749
2012-10-31 14:00:00,347.87903
2012-10-31 15:00:00,313.4791
2012-10-31 16:00:00,337.80994
2012-10-31 17:00:00,281.67035
2012-10-31 18:00:00,279.31924
2012-10-31 19:00:00,303.0462
2012-10-31 20:00:00,307.2973
2012-10-31 21:00:00,315.9778
2012-10-31 22:00:00,195.99654
2012-10-31 23:00:00,189.98692
2012-11-20 00:00:00,137.91835
2012-11-20 01:00:00,173.08333
2012-11-20 02:00:00,116.70744
2012-11-20 03:00:00,170.36234
2012-11-20 04:00:00,191.31577
2012-11-20 05:00:00,185.16263
2012-11-20 06:00:00,175.09442
2012-11-20 07:00:00,132.82146
2012-11-20 08:00:00,152.24226
2012-11-20 09:00:00,190.89218
2012-11-20 10:00:00,222.88179
2012-11-20 11:00:00,225.16486
2012-11-20 12:00:00,248.15266
2012-11-20 13:00:00,318.42224
2012-11-20 14:00:00,294.93024
2012-11-20 15:00:00,315.43198
2012-11-20 16:00:00,255.24109
2012-11-20 17:00:00,207.80188
2012-11-20 18:00:00,211.63
2012-11-20 19:00:00,173.415
2012-11-20 20:00:00,115.5214
2012-11-20 21:00:00,98.39387
2012-11-20 22:00:00,98.54609
2012-11-20 23:00:00,68.1557
2012-11-21 00:00:00,102.42535
2012-11-21 01:00:00,95.12529
2012-11-21 02:00:00,122.16581
2012-11-21 03:00:00,124.04066
2012-11-21 04:00:00,127.472244
2012-11-21 05:00:00,133.05122
2012-11-21 06:00:00,123.492226
2012-11-21 07:00:00,112.14607
2012-11-21 08:00:00,150.4477
2012-11-21 09:00:00,125.59097
2012-11-21 10:00:00,233.42282
2012-11-21 11:00:00,287.92166
2012-11-21 12:00:00,364.26712
2012-11-21 13:00:00,370.69934
2012-11-21 14:00:00,358.725
2012-11-21 15:00:00,310.7514
2012-11-21 16:00:00,323.90918
2012-11-21 17:00:00,319.2307
2012-11-21 18:00:00,341.27325
2012-11-21 19:00:00,312.49802
2012-11-21 20:00:00,133.93205
2012-11-21 21:00:00,231.38483
2012-11-21 22:00:00,225.24312
2012-11-21 23:00:00,109.13348
2012-11-22 00:00:00,106.649
2012-11-22 01:00:00,73.57324
2012-11-22 02:00:00,56.701843
2012-11-22 03:00:00,57.80329
2012-11-22 04:00:00,56.534515
2012-11-22 05:00:00,57.791405
2012-11-22 06:00:00,58.438225
2012-11-22 07:00:00,56.407745
2012-11-22 08:00:00,55.719856
2012-11-22 09:00:00,93.524155
2012-11-22 10:00:00,180.99875
2012-11-22 11:00:00,291.98096
2012-11-22 12:00:00,293.79523
2012-11-22 13:00:00,263.22723
2012-11-22 14:00:00,260.4746
2012-11-22 15:00:00,256.70917
2012-11-22 16:00:00,281.1038
2012-11-22 17:00:00,299.4025
2012-11-22 18:00:00,264.35526
2012-11-22 19:00:00,83.45915
2012-11-22 20:00:00,93.39842
2012-11-22 21:00:00,101.27523
2012-11-22 22:00:00,101.58136
2012-11-22 23:00:00,90.83244
2012-11-23 00:00:00,115.15191
2012-11-23 01:00:00,99.73233
2012-11-23 02:00:00,105.80489
2012-11-23 03:00:00,91.91661
2012-11-23 04:00:00,139.63979
2012-11-23 05:00:00,73.52631
2012-11-23 06:00:00,68.67059
2012-11-23 07:00:00,66.745575
2012-11-23 08:00:00,81.39096
2012-11-23 09:00:00,120.65262
2012-11-23 10:00:00,188.40005
2012-11-23 11:00:00,287.92166
2012-11-23 12:00:00,403.43945
2012-11-23 13:00:00,425.08188
2012-11-23 14:00:00,426.07715
2012-11-23 15:00:00,439.1479
2012-11-23 16:00:00,360.8848
2012-11-23 17:00:00,346.66132
2012-11-23 18:00:00,320.1245
2012-11-23 19:00:00,354.32166
2012-11-23 20:00:00,363.3261
2012-11-23 21:00:00,417.80182
2012-11-23 22:00:00,434.59302
2012-11-23 23:00:00,429.5473
2012-11-24 00:00:00,322.66214
2012-11-24 01:00:00,244.63625
2012-11-24 02:00:00,186.70204
2012-11-24 03:00:00,174.75984
2012-11-24 04:00:00,184.79051
2012-11-24 05:00:00,159.70033
2012-11-24 06:00:00,141.24678
2012-11-24 07:00:00,176.34389
2012-11-24 08:00:00,174.61995
2012-11-24 09:00:00,189.10045
2012-11-24 10:00:00,185.44424
2012-11-24 11:00:00,240.7607
2012-11-24 12:00:00,252.19273
2012-11-24 13:00:00,350.4065
2012-11-24 14:00:00,363.3614
2012-11-24 15:00:00,364.721
2012-11-24 16:00:00,348.71313
2012-11-24 17:00:00,291.01816
2012-11-24 18:00:00,340.12183
2012-11-24 19:00:00,232.98505
2012-11-24 20:00:00,202.20343
2012-11-24 21:00:00,162.2917
2012-11-24 22:00:00,188.62608
2012-11-24 23:00:00,168.49123
2012-11-25 00:00:00,104.64058
2012-11-25 01:00:00,138.11784
2012-11-25 02:00:00,96.48819
2012-11-25 03:00:00,127.16934
2012-11-25 04:00:00,131.46634
2012-11-25 05:00:00,148.28609
2012-11-25 06:00:00,139.87617
2012-11-25 07:00:00,134.67468
2012-11-25 08:00:00,128.28764
2012-11-25 09:00:00,146.70787
2012-11-25 10:00:00,113.13301
2012-11-25 11:00:00,217.19722
2012-11-25 12:00:00,219.19496
2012-11-25 13:00:00,206.58707
2012-11-25 14:00:00,263.65594
2012-11-25 15:00:00,272.99496
2012-11-25 16:00:00,272.43628
2012-11-25 17:00:00,226.16661
2012-11-25 18:00:00,169.42921
2012-11-25 19:00:00,162.95766
2012-11-25 20:00:00,106.35438
2012-11-25 21:00:00,123.68778
2012-11-25 22:00:00,106.57321
2012-11-25 23:00:00,80.98567
2012-11-26 00:00:00,81.92134
2012-11-26 01:00:00,77.35736
2012-11-26 02:00:00,80.673676
2012-11-26 03:00:00,86.33324
2012-11-26 04:00:00,91.02807
2012-11-26 05:00:00,113.8791
2012-11-26 06:00:00,89.52425
2012-11-26 07:00:00,97.78946
2012-11-26 08:00:00,100.03422
2012-11-26 09:00:00,182.18102
2012-11-26 10:00:00,217.15274
2012-11-26 11:00:00,376.28195
2012-11-26 12:00:00,305.8249
2012-11-26 13:00:00,311.86304
2012-11-26 14:00:00,241.47696
2012-11-26 15:00:00,307.39423
2012-11-26 16:00:00,224.97617
2012-11-26 17:00:00,228.25421
2012-11-26 18:00:00,265.07782
2012-11-26 19:00:00,168.50432
2012-11-26 20:00:00,213.29085
2012-11-26 21:00:00,219.26706
2012-11-26 22:00:00,110.73718
2012-11-26 23:00:00,121.49974
2012-11-27 00:00:00,161.86069
2012-11-27 01:00:00,153.47813
2012-11-27 02:00:00,148.35176
2012-11-27 03:00:00,174.25139
2012-11-27 04:00:00,126.2307
2012-11-27 05:00:00,201.62044
2012-11-27 06:00:00,175.12206
2012-11-27 07:00:00,127.89875
2012-11-27 08:00:00,142.29204
2012-11-27 09:00:00,154.01714
2012-11-27 10:00:00,161.82378
2012-11-27 11:00:00,186.54507
2012-11-27 12:00:00,86.87674
2012-11-27 13:00:00,193.00014
2012-11-27 14:00:00,123.56108
2012-11-27 15:00:00,209.67618
2012-11-27 16:00:00,208.90726
2012-11-27 17:00:00,237.9847
2012-11-27 18:00:00,82.71827
2012-11-27 19:00:00,137.62914
2012-11-27 20:00:00,180.43326
2012-11-27 21:00:00,67.14789
2012-11-27 22:00:00,65.177986
2012-11-27 23:00:00,89.663506
2012-11-28 00:00:00,107.81951
2012-11-28 01:00:00,108.91893
2012-11-28 02:00:00,115.05168
2012-11-28 03:00:00,115.15164
2012-11-28 04:00:00,121.48534
2012-11-28 05:00:00,125.40621
2012-11-28 06:00:00,138.61574
2012-11-28 07:00:00,164.1757
2012-11-28 08:00:00,136.34886
2012-11-28 09:00:00,193.24483
2012-11-28 10:00:00,211.40868
2012-11-28 11:00:00,243.3644
2012-11-28 12:00:00,362.80658
2012-11-28 13:00:00,275.76413
2012-11-28 14:00:00,365.8734
2012-11-28 15:00:00,338.82983
2012-11-28 16:00:00,297.71936
2012-11-28 17:00:00,320.38483
2012-11-28 18:00:00,321.19745
2012-11-28 19:00:00,304.77853
2012-11-28 20:00:00,305.54926
2012-11-28 21:00:00,295.6915
2012-11-28 22:00:00,246.98553
2012-11-28 23:00:00,186.18825
2012-11-29 00:00:00,129.64964
2012-11-29 01:00:00,132.54707
2012-11-29 02:00:00,95.96555
2012-11-29 04:00:00,106.674774
2012-11-29 05:00:00,86.742065
2012-11-29 06:00:00,89.52425
2012-11-29 07:00:00,92.48687
2012-11-29 08:00:00,64.40526
2012-11-29 09:00:00,118.500465
2012-11-29 10:00:00,145.77379
2012-11-29 11:00:00,315.2955
2012-11-29 12:00:00,274.37225
2012-11-29 13:00:00,300.20844
2012-11-29 14:00:00,316.3629
2012-11-29 15:00:00,354.44504
2012-11-29 16:00:00,315.79388
2012-11-29 17:00:00,292.42657
2012-11-29 18:00:00,230.6422
2012-11-29 19:00:00,208.84077
2012-11-29 20:00:00,191.84558
2012-11-29 21:00:00,100.76317
2012-11-29 22:00:00,93.81586
2012-11-29 23:00:00,106.937355
2012-11-30 00:00:00,140.15373
2012-11-30 01:00:00,131.52063
2012-11-30 02:00:00,77.971855
2012-11-30 03:00:00,79.35391
2012-11-30 04:00:00,75.24024
2012-11-30 05:00:00,67.48228
2012-11-30 06:00:00,58.237747
2012-11-30 07:00:00,65.43805
2012-11-30 08:00:00,150.28711
2012-11-30 09:00:00,67.75893
2012-11-30 10:00:00,170.08565
2012-11-30 11:00:00,234.06073
2012-11-30 12:00:00,247.34932
2012-11-30 13:00:00,288.64166
2012-11-30 14:00:00,286.39038
2012-11-30 15:00:00,317.9811
2012-11-30 16:00:00,292.5293
2012-11-30 17:00:00,286.12024
2012-11-30 18:00:00,158.6317
2012-11-30 19:00:00,104.19494
2012-11-30 20:00:00,104.375854
2012-11-30 21:00:00,81.69171
2012-11-30 22:00:00,85.90486
2012-11-30 23:00:00,105.12611
2012-12-20 00:00:00,185.15659
2012-12-20 01:00:00,161.66069
2012-12-20 02:00:00,167.25813
2012-12-20 03:00:00,150.89767
2012-12-20 04:00:00,160.1992
2012-12-20 05:00:00,165.39232
2012-12-20 06:00:00,172.97577
2012-12-20 07:00:00,137.75931
2012-12-20 08:00:00,144.44643
2012-12-20 09:00:00,151.56587
2012-12-20 10:00:00,178.10246
2012-12-20 11:00:00,244.39964
2012-12-20 12:00:00,261.49677
2012-12-20 13:00:00,249.34761
2012-12-20 14:00:00,276.1942
2012-12-20 15:00:00,248.5107
2012-12-20 16:00:00,318.8869
2012-12-20 17:00:00,199.80702
2012-12-20 18:00:00,179.94307
2012-12-20 19:00:00,235.17946
2012-12-20 20:00:00,178.60098
2012-12-20 21:00:00,167.88655
2012-12-20 22:00:00,148.06358
2012-12-20 23:00:00,268.56683
2012-12-21 00:00:00,84.80409
2012-12-21 01:00:00,103.066086
2012-12-21 02:00:00,111.05885
2012-12-21 03:00:00,122.15599
2012-12-21 04:00:00,128.03217
2012-12-21 05:00:00,103.59346
2012-12-21 06:00:00,134.66403
2012-12-21 07:00:00,136.47429
2012-12-21 08:00:00,156.54286
2012-12-21 09:00:00,154.22118
2012-12-21 10:00:00,197.90746
2012-12-21 11:00:00,230.3293
2012-12-21 12:00:00,247.70508
2012-12-21 13:00:00,244.54878
2012-12-21 14:00:00,222.7731
2012-12-21 15:00:00,261.52307
2012-12-21 16:00:00,277.33328
2012-12-21 17:00:00,218.11519
2012-12-21 18:00:00,223.80457
2012-12-21 19:00:00,263.80893
2012-12-21 20:00:00,301.4075
2012-12-21 21:00:00,270.98798
2012-12-21 22:00:00,295.9674
2012-12-21 23:00:00,299.35892
2012-12-22 00:00:00,69.51305
2012-12-22 01:00:00,91.2312
2012-12-22 02:00:00,78.24062
2012-12-22 03:00:00,72.71318
2012-12-22 04:00:00,127.44664
2012-12-22 05:00:00,78.78372
2012-12-22 06:00:00,93.68948
2012-12-22 07:00:00,98.95687
2012-12-22 08:00:00,61.012917
2012-12-22 09:00:00,108.76895
2012-12-22 10:00:00,167.31963
2012-12-22 11:00:00,216.48286
2012-12-22 12:00:00,72.84615
2012-12-22 13:00:00,209.85693
2012-12-22 14:00:00,183.68492
2012-12-22 15:00:00,78.35522
2012-12-22 16:00:00,235.74178
2012-12-22 17:00:00,307.53378
2012-12-22 18:00:00,236.1702
2012-12-22 19:00:00,251.49336
2012-12-22 20:00:00,254.90672
2012-12-22 21:00:00,228.60484
2012-12-22 22:00:00,241.47495
2012-12-22 23:00:00,257.13943
2012-12-23 00:00:00,77.01541
2012-12-23 01:00:00,91.31947
2012-12-23 02:00:00,71.300186
2012-12-23 03:00:00,65.666466
2012-12-23 04:00:00,80.22601
2012-12-23 05:00:00,73.55614
2012-12-23 06:00:00,58.88627
2012-12-23 07:00:00,58.585926
2012-12-23 08:00:00,59.2864
2012-12-23 09:00:00,57.69034
2012-12-23 10:00:00,60.159813
2012-12-23 11:00:00,137.28746
2012-12-23 12:00:00,226.16762
2012-12-23 13:00:00,300.7904
2012-12-23 14:00:00,353.3545
2012-12-23 15:00:00,403.58563
2012-12-23 16:00:00,401.5575
2012-12-23 17:00:00,264.12848
2012-12-23 18:00:00,312.90353
2012-12-23 19:00:00,166.57176
2012-12-23 20:00:00,70.546875
2012-12-23 21:00:00,62.28427
2012-12-23 22:00:00,102.85509
2012-12-23 23:00:00,73.768555
2012-12-24 00:00:00,67.66087
2012-12-24 01:00:00,66.122696
2012-12-24 02:00:00,57.489395
2012-12-24 03:00:00,57.04075
2012-12-24 05:00:00,63.369057
2012-12-24 06:00:00,54.743214
2012-12-24 07:00:00,59.94599
2012-12-24 08:00:00,67.20723
2012-12-24 09:00:00,122.098564
2012-12-24 10:00:00,92.31422
2012-12-24 11:00:00,170.2149
2012-12-24 12:00:00,153.77402
2012-12-24 13:00:00,93.2097
2012-12-24 14:00:00,65.594925
2012-12-24 15:00:00,62.849586
2012-12-24 16:00:00,63.704967
2012-12-24 17:00:00,64.325775
2012-12-24 18:00:00,67.470825
2012-12-24 19:00:00,62.396965
2012-12-24 20:00:00,70.83685
2012-12-24 21:00:00,86.39174
2012-12-24 22:00:00,59.494457
2012-12-24 23:00:00,96.36197
2012-12-25 00:00:00,63.444794
2012-12-25 01:00:00,60.966217
2012-12-25 02:00:00,60.92375
2012-12-25 04:00:00,60.296104
2012-12-25 05:00:00,61.05931
2012-12-25 06:00:00,61.21833
2012-12-25 07:00:00,61.812386
2012-12-25 08:00:00,51.092224
2012-12-25 09:00:00,50.507607
2012-12-25 10:00:00,51.686844
2012-12-25 11:00:00,55.307644
2012-12-25 12:00:00,59.882942
2012-12-25 13:00:00,252.90317
2012-12-25 14:00:00,302.41962
2012-12-25 15:00:00,247.19817
2012-12-25 16:00:00,278.2369
2012-12-25 17:00:00,214.19498
2012-12-25 18:00:00,197.93883
2012-12-25 19:00:00,186.04195
2012-12-25 20:00:00,202.82738
2012-12-25 21:00:00,187.72995
2012-12-25 22:00:00,137.06
2012-12-25 23:00:00,206.1971
2012-12-26 00:00:00,64.98894
2012-12-26 01:00:00,72.633514
2012-12-26 02:00:00,85.41138
2012-12-26 03:00:00,64.174805
2012-12-26 04:00:00,57.615208
2012-12-26 05:00:00,73.60674
2012-12-26 06:00:00,80.64461
2012-12-26 07:00:00,54.460953
2012-12-26 08:00:00,55.20111
2012-12-26 09:00:00,55.87073
2012-12-26 10:00:00,57.530693
2012-12-26 11:00:00,50.30833
2012-12-26 12:00:00,58.021378
2012-12-26 13:00:00,58.52735
2012-12-26 14:00:00,61.00061
2012-12-26 15:00:00,59.955326
2012-12-26 16:00:00,60.70934
2012-12-26 17:00:00,62.959328
2012-12-26 18:00:00,64.78612
2012-12-26 19:00:00,165.73071
2012-12-26 20:00:00,139.99771
2012-12-26 21:00:00,128.31053
2012-12-26 22:00:00,63.603443
2012-12-26 23:00:00,113.63014
2012-12-27 00:00:00,52.751076
2012-12-27 01:00:00,44.26806
2012-12-27 02:00:00,50.024246
2012-12-27 03:00:00,60.27002
2012-12-27 04:00:00,58.428833
2012-12-27 05:00:00,60.127068
2012-12-27 06:00:00,57.373577
2012-12-27 07:00:00,65.30627
2012-12-27 08:00:00,68.71457
2012-12-27 09:00:00,85.94577
2012-12-27 10:00:00,105.25165
2012-12-27 11:00:00,133.05008
2012-12-27 12:00:00,196.2071
2012-12-27 13:00:00,209.9059
2012-12-27 14:00:00,134.98557
2012-12-27 15:00:00,170.59108
2012-12-27 16:00:00,212.35164
2012-12-27 17:00:00,219.95576
2012-12-27 18:00:00,205.76913
2012-12-27 19:00:00,203.6374
2012-12-27 20:00:00,183.64052
2012-12-27 21:00:00,211.7488
2012-12-27 22:00:00,222.85948
2012-12-27 23:00:00,218.25629
2012-12-28 00:00:00,75.47958
2012-12-28 01:00:00,113.63124
2012-12-28 02:00:00,121.4854
2012-12-28 03:00:00,93.31238
2012-12-28 04:00:00,95.81914
2012-12-28 05:00:00,105.66281
2012-12-28 06:00:00,64.10264
2012-12-28 07:00:00,94.00935
2012-12-28 08:00:00,141.10704
2012-12-28 09:00:00,133.0628
2012-12-28 10:00:00,159.89731
2012-12-28 11:00:00,170.75319
2012-12-28 12:00:00,185.51651
2012-12-28 13:00:00,193.20744
2012-12-28 14:00:00,200.42079
2012-12-28 15:00:00,157.97745
2012-12-28 16:00:00,200.40489
2012-12-28 17:00:00,164.96407
2012-12-28 18:00:00,168.82018
2012-12-28 19:00:00,193.03998
2012-12-28 20:00:00,165.99472
2012-12-28 21:00:00,175.64098
2012-12-28 22:00:00,155.48015
2012-12-28 23:00:00,186.57355
2012-12-29 00:00:00,56.59887
2012-12-29 01:00:00,61.54796
2012-12-29 02:00:00,55.67316
2012-12-29 03:00:00,54.582764
2012-12-29 04:00:00,60.793583
2012-12-29 05:00:00,60.670578
2012-12-29 06:00:00,59.736603
2012-12-29 07:00:00,59.863472
2012-12-29 08:00:00,51.38243
2012-12-29 09:00:00,51.711224
2012-12-29 10:00:00,61.23465
2012-12-29 11:00:00,63.752228
2012-12-29 12:00:00,59.325233
2012-12-29 13:00:00,59.378136
2012-12-29 14:00:00,58.26765
2012-12-29 15:00:00,52.431934
2012-12-29 16:00:00,62.969658
2012-12-29 17:00:00,54.765915
2012-12-29 18:00:00,78.37774
2012-12-29 19:00:00,220.98979
2012-12-29 20:00:00,241.26622
2012-12-29 21:00:00,258.50037
2012-12-29 22:00:00,234.2666
2012-12-29 23:00:00,98.34444
2012-12-30 00:00:00,88.05262
2012-12-30 01:00:00,68.90225
2012-12-30 02:00:00,75.73227
2012-12-30 03:00:00,65.76896
2012-12-30 04:00:00,83.25195
2012-12-30 05:00:00,103.81659
2012-12-30 06:00:00,61.55977
2012-12-30 07:00:00,60.89844
2012-12-30 08:00:00,58.941936
2012-12-30 09:00:00,74.73076
2012-12-30 10:00:00,65.00931
2012-12-30 11:00:00,177.15102
2012-12-30 12:00:00,62.276398
2012-12-30 13:00:00,74.97232
2012-12-30 14:00:00,162.39836
2012-12-30 15:00:00,291.5727
2012-12-30 16:00:00,255.30263
2012-12-30 17:00:00,291.1263
2012-12-30 18:00:00,271.87634
2012-12-30 19:00:00,79.95612
2012-12-30 20:00:00,252.99815
2012-12-30 21:00:00,202.89888
2012-12-30 22:00:00,184.82594
2012-12-30 23:00:00,238.72519
2012-12-31 00:00:00,91.32008
2012-12-31 01:00:00,104.73225
2012-12-31 02:00:00,62.321423
2012-12-31 03:00:00,61.152195
2012-12-31 04:00:00,62.57591
2012-12-31 05:00:00,59.78394
2012-12-31 06:00:00,59.797123
2012-12-31 07:00:00,59.810997
2012-12-31 08:00:00,61.133102
2012-12-31 09:00:00,113.84877
2012-12-31 10:00:00,70.15453
2012-12-31 11:00:00,151.39839
2012-12-31 12:00:00,169.96594
2012-12-31 13:00:00,197.7402
2012-12-31 14:00:00,212.5679
2012-12-31 15:00:00,223.15907
2012-12-31 16:00:00,208.3513
2012-12-31 17:00:00,231.84723
2012-12-31 18:00:00,230.09721
2012-12-31 19:00:00,188.903
2012-12-31 20:00:00,192.87155
2012-12-31 21:00:00,193.6931
2012-12-31 22:00:00,205.32552
2012-12-31 23:00:00,177.69455
