datetime,count
2011-01-20 00:00:00,16275.444
2011-01-20 01:00:00,16240.852
2011-01-20 02:00:00,16233.023
2011-01-20 03:00:00,16220.582
2011-01-20 04:00:00,16212.943
2011-01-20 05:00:00,16499.379
2011-01-20 06:00:00,16562.336
2011-01-20 07:00:00,16303.438
2011-01-20 08:00:00,16286.373
2011-01-20 09:00:00,16030.467
2011-01-20 10:00:00,15835.488
2011-01-20 11:00:00,15538.523
2011-01-20 12:00:00,15222.684
2011-01-20 13:00:00,15490.328
2011-01-20 14:00:00,15414.764
2011-01-20 15:00:00,15339.479
2011-01-20 16:00:00,15582.779
2011-01-20 17:00:00,15536.299
2011-01-20 18:00:00,16082.876
2011-01-20 19:00:00,16122.162
2011-01-20 20:00:00,16280.7705
2011-01-20 21:00:00,16350.823
2011-01-20 22:00:00,16590.07
2011-01-20 23:00:00,16568.453
2011-01-21 00:00:00,16849.773
2011-01-21 01:00:00,16843.965
2011-01-21 02:00:00,16983.076
2011-01-21 03:00:00,17155.805
2011-01-21 04:00:00,17405.375
2011-01-21 05:00:00,16523.314
2011-01-21 06:00:00,16306.492
2011-01-21 07:00:00,16193.429
2011-01-21 08:00:00,16010.424
2011-01-21 09:00:00,16190.742
2011-01-21 10:00:00,16029.8125
2011-01-21 11:00:00,15672.777
2011-01-21 12:00:00,15043.432
2011-01-21 13:00:00,14894.533
2011-01-21 14:00:00,15039.023
2011-01-21 15:00:00,15192.211
2011-01-21 16:00:00,15148.74
2011-01-21 17:00:00,15292.547
2011-01-21 18:00:00,15413.211
2011-01-21 19:00:00,15439.076
2011-01-21 20:00:00,15674.39
2011-01-21 21:00:00,15935.579
2011-01-21 22:00:00,16203.445
2011-01-21 23:00:00,16022.258
2011-01-22 00:00:00,16603.062
2011-01-22 01:00:00,16459.285
2011-01-22 02:00:00,16385.258
2011-01-22 03:00:00,16378.308
2011-01-22 04:00:00,16760.59
2011-01-22 06:00:00,16528.55
2011-01-22 07:00:00,16571.852
2011-01-22 08:00:00,16596.998
2011-01-22 09:00:00,16346.836
2011-01-22 10:00:00,16259.799
2011-01-22 11:00:00,16042.443
2011-01-22 12:00:00,15970.2295
2011-01-22 13:00:00,15669.274
2011-01-22 14:00:00,15597.598
2011-01-22 15:00:00,15285.376
2011-01-22 16:00:00,15313.401
2011-01-22 17:00:00,15174.098
2011-01-22 18:00:00,15795.97
2011-01-22 19:00:00,15755.241
2011-01-22 20:00:00,16313.475
2011-01-22 21:00:00,16047.529
2011-01-22 22:00:00,16383.169
2011-01-22 23:00:00,16953.314
2011-01-23 00:00:00,17110.277
2011-01-23 01:00:00,17104.434
2011-01-23 02:00:00,17290.428
2011-01-23 03:00:00,17284.62
2011-01-23 05:00:00,17062.422
2011-01-23 06:00:00,17056.637
2011-01-23 07:00:00,16965.816
2011-01-23 08:00:00,17157.828
2011-01-23 09:00:00,16744.297
2011-01-23 10:00:00,16232.008
2011-01-23 11:00:00,16017.028
2011-01-23 12:00:00,15728.249
2011-01-23 13:00:00,15600.615
2011-01-23 14:00:00,15258.029
2011-01-23 15:00:00,15250.705
2011-01-23 16:00:00,15158.444
2011-01-23 17:00:00,15248.164
2011-01-23 18:00:00,15425.185
2011-01-23 19:00:00,15418.27
2011-01-23 20:00:00,15760.039
2011-01-23 21:00:00,15751.537
2011-01-23 22:00:00,15906.551
2011-01-23 23:00:00,16140.898
2011-01-24 00:00:00,16300.191
2011-01-24 01:00:00,16562.906
2011-01-24 03:00:00,16570.686
2011-01-24 04:00:00,16706.336
2011-01-24 05:00:00,16698.64
2011-01-24 06:00:00,16667.566
2011-01-24 07:00:00,16580.547
2011-01-24 08:00:00,16551.885
2011-01-24 09:00:00,16028.141
2011-01-24 10:00:00,16032.648
2011-01-24 11:00:00,16256.506
2011-01-24 12:00:00,15972.971
2011-01-24 13:00:00,15976.229
2011-01-24 14:00:00,16109.229
2011-01-24 15:00:00,15732.818
2011-01-24 16:00:00,16086.846
2011-01-24 17:00:00,16318.006
2011-01-24 18:00:00,16741.818
2011-01-24 19:00:00,16459.344
2011-01-24 20:00:00,16726.43
2011-01-24 21:00:00,16852.787
2011-01-24 22:00:00,16832.342
2011-01-24 23:00:00,16789.29
2011-01-25 00:00:00,17084.312
2011-01-25 01:00:00,17075.357
2011-01-25 02:00:00,17089.945
2011-01-25 04:00:00,17285.867
2011-01-25 05:00:00,17281.328
2011-01-25 06:00:00,17218.172
2011-01-25 07:00:00,17213.621
2011-01-25 08:00:00,17174.531
2011-01-25 09:00:00,16744.076
2011-01-25 10:00:00,16472.379
2011-01-25 11:00:00,16420.625
2011-01-25 12:00:00,16080.929
2011-01-25 13:00:00,16098.549
2011-01-25 14:00:00,15339.979
2011-01-25 15:00:00,15131.297
2011-01-25 16:00:00,15123.814
2011-01-25 17:00:00,15328.689
2011-01-25 18:00:00,15524.67
2011-01-25 19:00:00,16530.338
2011-01-25 20:00:00,16626.594
2011-01-25 21:00:00,16620.785
2011-01-25 22:00:00,16617.879
2011-01-25 23:00:00,16591.035
2011-01-26 00:00:00,16899.635
2011-01-26 01:00:00,16715.549
2011-01-26 02:00:00,16843.576
2011-01-26 05:00:00,17426.973
2011-01-26 06:00:00,17420.498
2011-01-26 07:00:00,17355.21
2011-01-26 08:00:00,17348.725
2011-01-26 09:00:00,17342.25
2011-01-26 10:00:00,17543.205
2011-01-26 11:00:00,17544.455
2011-01-26 12:00:00,17538.195
2011-01-26 13:00:00,17531.941
2011-01-26 14:00:00,17512.688
2011-01-26 15:00:00,17487.25
2011-01-26 16:00:00,17493.383
2011-01-26 17:00:00,17552.266
2011-01-27 16:00:00,16206.838
2011-01-27 17:00:00,16183.452
2011-01-27 18:00:00,16864.209
2011-01-27 19:00:00,16858.41
2011-01-27 20:00:00,17061.564
2011-01-27 21:00:00,17055.75
2011-01-27 22:00:00,17049.953
2011-01-27 23:00:00,17221.734
2011-01-28 00:00:00,17139.115
2011-01-28 01:00:00,17133.316
2011-01-28 02:00:00,17115.102
2011-01-28 03:00:00,17108.596
2011-01-28 05:00:00,17305.85
2011-01-28 06:00:00,17313.125
2011-01-28 07:00:00,17559.125
2011-01-28 08:00:00,17552.684
2011-01-28 09:00:00,17466.07
2011-01-28 10:00:00,17453.312
2011-01-28 11:00:00,17671.078
2011-01-28 12:00:00,17664.814
2011-01-28 13:00:00,17658.545
2011-01-28 14:00:00,17110.219
2011-01-28 15:00:00,17370.316
2011-01-28 16:00:00,17136.436
2011-01-28 17:00:00,16947.809
2011-01-28 18:00:00,16942.549
2011-01-28 19:00:00,16916.521
2011-01-28 20:00:00,16758.568
2011-01-28 21:00:00,16961.025
2011-01-28 22:00:00,16582.41
2011-01-28 23:00:00,16361.023
2011-01-29 00:00:00,16746.602
2011-01-29 01:00:00,16748.139
2011-01-29 02:00:00,16752.83
2011-01-29 03:00:00,16814.742
2011-01-29 04:00:00,17086.355
2011-01-29 06:00:00,16909.7
2011-01-29 07:00:00,16719.682
2011-01-29 08:00:00,16429.875
2011-01-29 09:00:00,16604.041
2011-01-29 10:00:00,16797.602
2011-01-29 11:00:00,16804.71
2011-01-29 12:00:00,16534.48
2011-01-29 13:00:00,16226.459
2011-01-29 14:00:00,16478.195
2011-01-29 15:00:00,16817.473
2011-01-29 16:00:00,16405.059
2011-01-29 17:00:00,16340.094
2011-01-29 18:00:00,16824.148
2011-01-29 19:00:00,16774.633
2011-01-29 20:00:00,17070.828
2011-01-29 21:00:00,17065.02
2011-01-29 22:00:00,17296.799
2011-01-29 23:00:00,17291.01
2011-01-30 00:00:00,17446.562
2011-01-30 01:00:00,17463.203
2011-01-30 02:00:00,17396.1
2011-01-30 03:00:00,17873.91
2011-01-30 04:00:00,17867.648
2011-01-30 05:00:00,17645.496
2011-01-30 07:00:00,17632.582
2011-01-30 08:00:00,17606.188
2011-01-30 09:00:00,17335.664
2011-01-30 10:00:00,17273.762
2011-01-30 11:00:00,17025.602
2011-01-30 12:00:00,15719.506
2011-01-30 13:00:00,16316.987
2011-01-30 14:00:00,16280.26
2011-01-30 15:00:00,15931.756
2011-01-30 16:00:00,15924.125
2011-01-30 17:00:00,15963.738
2011-01-30 18:00:00,16568.2
2011-01-30 19:00:00,16553.488
2011-01-30 20:00:00,16516.594
2011-01-30 21:00:00,16749.1
2011-01-30 22:00:00,16756.246
2011-01-30 23:00:00,16593.402
2011-01-31 00:00:00,16714.105
2011-01-31 01:00:00,16743.262
2011-01-31 02:00:00,16733.145
2011-01-31 03:00:00,16727.312
2011-01-31 04:00:00,16598.469
2011-01-31 05:00:00,16846.377
2011-01-31 06:00:00,17052.035
2011-01-31 07:00:00,16897.248
2011-01-31 08:00:00,16743.266
2011-01-31 09:00:00,16732.338
2011-01-31 10:00:00,16713.793
2011-01-31 11:00:00,16706.09
2011-01-31 12:00:00,16349.695
2011-01-31 13:00:00,16571.367
2011-01-31 14:00:00,16360.7705
2011-01-31 15:00:00,16622.355
2011-01-31 16:00:00,16452.707
2011-01-31 17:00:00,16659.934
2011-01-31 18:00:00,16447.055
2011-01-31 19:00:00,16153.509
2011-01-31 20:00:00,16591.117
2011-01-31 21:00:00,16533.682
2011-01-31 22:00:00,16574.951
2011-01-31 23:00:00,16775.201
2011-02-20 00:00:00,15348.112
2011-02-20 01:00:00,15690.643
2011-02-20 02:00:00,15684.582
2011-02-20 03:00:00,15886.541
2011-02-20 04:00:00,15879.074
2011-02-20 06:00:00,16036.84
2011-02-20 07:00:00,16278.746
2011-02-20 08:00:00,16135.314
2011-02-20 09:00:00,15913.336
2011-02-20 10:00:00,15439.844
2011-02-20 11:00:00,14901.588
2011-02-20 12:00:00,14873.225
2011-02-20 13:00:00,14598.797
2011-02-20 14:00:00,14464.028
2011-02-20 15:00:00,14423.996
2011-02-20 16:00:00,14496.492
2011-02-20 17:00:00,14716.971
2011-02-20 18:00:00,14848.613
2011-02-20 19:00:00,14841.534
2011-02-20 20:00:00,15037.145
2011-02-20 21:00:00,15603.454
2011-02-20 22:00:00,15867.025
2011-02-20 23:00:00,16132.447
2011-02-21 00:00:00,15325.893
2011-02-21 01:00:00,15318.408
2011-02-21 02:00:00,15310.932
2011-02-21 03:00:00,15302.98
2011-02-21 04:00:00,15452.213
2011-02-21 05:00:00,14876.501
2011-02-21 06:00:00,14321.768
2011-02-21 07:00:00,14312.031
2011-02-21 08:00:00,15981.0
2011-02-21 09:00:00,15969.249
2011-02-21 10:00:00,15966.004
2011-02-21 11:00:00,15941.322
2011-02-21 12:00:00,16398.266
2011-02-21 13:00:00,16905.742
2011-02-21 14:00:00,16716.36
2011-02-21 15:00:00,16540.219
2011-02-21 16:00:00,16753.324
2011-02-21 17:00:00,16751.361
2011-02-21 18:00:00,17261.023
2011-02-21 19:00:00,17255.297
2011-02-21 20:00:00,17034.312
2011-02-21 21:00:00,16881.402
2011-02-21 22:00:00,16967.436
2011-02-21 23:00:00,16961.592
2011-02-22 06:00:00,17470.3
2011-02-22 07:00:00,17464.557
2011-02-22 08:00:00,17471.107
2011-02-22 09:00:00,17251.543
2011-02-22 10:00:00,17085.646
2011-02-22 11:00:00,16850.926
2011-02-22 12:00:00,16496.877
2011-02-22 13:00:00,16235.071
2011-02-22 14:00:00,16222.1875
2011-02-22 15:00:00,15833.072
2011-02-22 16:00:00,15987.289
2011-02-22 17:00:00,16009.581
2011-02-22 18:00:00,15789.284
2011-02-22 19:00:00,15927.488
2011-02-22 20:00:00,15886.766
2011-02-22 21:00:00,15879.8125
2011-02-22 22:00:00,15854.76
2011-02-22 23:00:00,15847.29
2011-02-23 00:00:00,16431.988
2011-02-23 01:00:00,16170.013
2011-02-23 02:00:00,16434.936
2011-02-23 03:00:00,16453.918
2011-02-23 05:00:00,16418.08
2011-02-23 06:00:00,16410.176
2011-02-23 07:00:00,16595.688
2011-02-23 08:00:00,16543.928
2011-02-23 09:00:00,16192.034
2011-02-23 10:00:00,15501.402
2011-02-23 11:00:00,15469.319
2011-02-23 12:00:00,15079.495
2011-02-23 13:00:00,14650.176
2011-02-23 14:00:00,14622.771
2011-02-23 15:00:00,14395.959
2011-02-23 16:00:00,14354.33
2011-02-23 17:00:00,14382.175
2011-02-23 18:00:00,14477.54
2011-02-23 19:00:00,14774.365
2011-02-23 20:00:00,16364.145
2011-02-23 21:00:00,15628.33
2011-02-23 22:00:00,15619.528
2011-02-23 23:00:00,16105.333
2011-02-24 00:00:00,16287.127
2011-02-24 01:00:00,16530.908
2011-02-24 02:00:00,16804.348
2011-02-24 03:00:00,16805.477
2011-02-24 05:00:00,16946.562
2011-02-24 06:00:00,16941.303
2011-02-24 07:00:00,17027.105
2011-02-24 08:00:00,16835.46
2011-02-24 09:00:00,16957.207
2011-02-24 10:00:00,16724.7
2011-02-24 11:00:00,15998.854
2011-02-24 12:00:00,15634.044
2011-02-24 13:00:00,15507.268
2011-02-24 14:00:00,15243.572
2011-02-24 15:00:00,15411.18
2011-02-24 16:00:00,15817.619
2011-02-24 17:00:00,16183.975
2011-02-24 18:00:00,16952.719
2011-02-24 19:00:00,17128.602
2011-02-24 20:00:00,17115.293
2011-02-24 21:00:00,16935.324
2011-02-24 22:00:00,16902.957
2011-02-24 23:00:00,17185.996
2011-02-25 00:00:00,17319.955
2011-02-25 01:00:00,17540.52
2011-02-25 02:00:00,17534.426
2011-02-25 03:00:00,17305.588
2011-02-25 05:00:00,17293.057
2011-02-25 06:00:00,17215.23
2011-02-25 07:00:00,17430.316
2011-02-25 08:00:00,17153.082
2011-02-25 09:00:00,17165.79
2011-02-25 10:00:00,16866.979
2011-02-25 11:00:00,16055.116
2011-02-25 12:00:00,15226.529
2011-02-25 13:00:00,15219.031
2011-02-25 14:00:00,14949.165
2011-02-25 15:00:00,14612.398
2011-02-25 16:00:00,15602.016
2011-02-25 17:00:00,15623.057
2011-02-25 18:00:00,15587.587
2011-02-25 19:00:00,15788.637
2011-02-25 20:00:00,15675.633
2011-02-25 21:00:00,15654.02
2011-02-25 22:00:00,15780.6455
2011-02-25 23:00:00,15738.91
2011-02-26 00:00:00,16145.547
2011-02-26 01:00:00,16159.763
2011-02-26 02:00:00,16607.123
2011-02-26 03:00:00,16331.205
2011-02-26 04:00:00,16498.914
2011-02-26 05:00:00,16714.43
2011-02-26 06:00:00,16494.434
2011-02-26 07:00:00,16494.918
2011-02-26 08:00:00,16388.465
2011-02-26 09:00:00,16166.611
2011-02-26 10:00:00,15634.862
2011-02-26 11:00:00,15380.824
2011-02-26 12:00:00,15373.373
2011-02-26 13:00:00,15189.93
2011-02-26 14:00:00,14948.642
2011-02-26 15:00:00,15013.7295
2011-02-26 16:00:00,15300.811
2011-02-26 17:00:00,15119.328
2011-02-26 18:00:00,15321.109
2011-02-26 19:00:00,15555.985
2011-02-26 20:00:00,15911.621
2011-02-26 21:00:00,16454.566
2011-02-26 22:00:00,16778.525
2011-02-26 23:00:00,16773.266
2011-02-27 00:00:00,17338.49
2011-02-27 01:00:00,17344.281
2011-02-27 02:00:00,17335.957
2011-02-27 03:00:00,17321.133
2011-02-27 04:00:00,17410.412
2011-02-27 06:00:00,17372.664
2011-02-27 07:00:00,17390.984
2011-02-27 08:00:00,17299.506
2011-02-27 09:00:00,17222.045
2011-02-27 10:00:00,16974.637
2011-02-27 11:00:00,16085.972
2011-02-27 12:00:00,15428.0
2011-02-27 13:00:00,15056.672
2011-02-27 14:00:00,14987.691
2011-02-27 15:00:00,14778.953
2011-02-27 16:00:00,14708.791
2011-02-27 17:00:00,15359.935
2011-02-27 18:00:00,15417.318
2011-02-27 19:00:00,15392.046
2011-02-27 20:00:00,15371.318
2011-02-27 21:00:00,15867.347
2011-02-27 22:00:00,15852.41
2011-02-27 23:00:00,15967.786
2011-02-28 00:00:00,16323.996
2011-02-28 01:00:00,17019.316
2011-02-28 03:00:00,17289.46
2011-02-28 05:00:00,17249.297
2011-02-28 06:00:00,17319.45
2011-02-28 07:00:00,17163.809
2011-02-28 08:00:00,17218.758
2011-02-28 09:00:00,16564.207
2011-02-28 10:00:00,15862.674
2011-02-28 11:00:00,15351.298
2011-02-28 12:00:00,15344.207
2011-02-28 13:00:00,16775.93
2011-02-28 14:00:00,17036.74
2011-02-28 15:00:00,17030.486
2011-02-28 16:00:00,17088.244
2011-02-28 17:00:00,17076.209
2011-02-28 18:00:00,16758.0
2011-02-28 19:00:00,16457.98
2011-02-28 20:00:00,16452.145
2011-02-28 21:00:00,16696.598
2011-02-28 22:00:00,17055.764
2011-02-28 23:00:00,16771.816
2011-03-20 00:00:00,15664.1045
2011-03-20 01:00:00,15911.518
2011-03-20 02:00:00,15892.856
2011-03-20 03:00:00,16144.118
2011-03-20 04:00:00,16213.445
2011-03-20 05:00:00,16412.61
2011-03-20 06:00:00,16398.523
2011-03-20 07:00:00,16494.191
2011-03-20 08:00:00,16123.111
2011-03-20 09:00:00,15771.376
2011-03-20 10:00:00,15313.23
2011-03-20 11:00:00,15011.408
2011-03-20 12:00:00,14982.107
2011-03-20 13:00:00,14619.178
2011-03-20 14:00:00,14390.71
2011-03-20 15:00:00,14467.897
2011-03-20 16:00:00,14393.857
2011-03-20 17:00:00,14583.62
2011-03-20 18:00:00,14853.467
2011-03-20 19:00:00,15137.59
2011-03-20 20:00:00,15270.887
2011-03-20 21:00:00,15646.143
2011-03-20 22:00:00,15671.662
2011-03-20 23:00:00,16008.168
2011-03-21 00:00:00,16405.648
2011-03-21 01:00:00,16564.012
2011-03-21 02:00:00,16579.2
2011-03-21 03:00:00,16573.367
2011-03-21 05:00:00,16925.824
2011-03-21 06:00:00,16746.572
2011-03-21 07:00:00,17090.11
2011-03-21 08:00:00,17103.998
2011-03-21 09:00:00,16839.746
2011-03-21 10:00:00,16444.309
2011-03-21 11:00:00,16212.869
2011-03-21 12:00:00,16348.613
2011-03-21 13:00:00,15495.123
2011-03-21 14:00:00,15398.044
2011-03-21 15:00:00,15170.824
2011-03-21 16:00:00,15402.088
2011-03-21 17:00:00,15385.883
2011-03-21 18:00:00,15875.786
2011-03-21 19:00:00,15091.621
2011-03-21 20:00:00,15291.929
2011-03-21 21:00:00,16796.291
2011-03-21 22:00:00,16600.756
2011-03-21 23:00:00,16644.242
2011-03-22 00:00:00,16739.361
2011-03-22 01:00:00,17239.326
2011-03-22 02:00:00,17009.95
2011-03-22 03:00:00,16585.555
2011-03-22 04:00:00,16641.184
2011-03-22 05:00:00,16852.227
2011-03-22 06:00:00,16820.938
2011-03-22 07:00:00,16521.367
2011-03-22 08:00:00,15682.278
2011-03-22 09:00:00,15688.243
2011-03-22 10:00:00,15353.211
2011-03-22 11:00:00,15219.661
2011-03-22 12:00:00,14952.822
2011-03-22 13:00:00,14728.01
2011-03-22 14:00:00,14596.691
2011-03-22 15:00:00,14586.641
2011-03-22 16:00:00,14576.168
2011-03-22 17:00:00,14569.073
2011-03-22 18:00:00,14709.009
2011-03-22 19:00:00,15285.223
2011-03-22 20:00:00,15279.564
2011-03-22 21:00:00,15339.634
2011-03-22 22:00:00,15569.441
2011-03-22 23:00:00,15562.353
2011-03-23 00:00:00,16503.176
2011-03-23 01:00:00,16731.676
2011-03-23 02:00:00,16725.879
2011-03-23 03:00:00,16727.377
2011-03-23 05:00:00,17086.803
2011-03-23 06:00:00,17045.938
2011-03-23 07:00:00,17305.508
2011-03-23 08:00:00,17088.244
2011-03-23 09:00:00,16901.523
2011-03-23 10:00:00,16827.062
2011-03-23 11:00:00,17014.754
2011-03-23 12:00:00,17023.252
2011-03-23 13:00:00,17006.3
2011-03-23 14:00:00,16948.883
2011-03-23 15:00:00,16664.879
2011-03-23 16:00:00,16419.596
2011-03-23 17:00:00,16413.799
2011-03-23 18:00:00,16615.436
2011-03-23 19:00:00,16609.645
2011-03-23 20:00:00,16781.133
2011-03-23 21:00:00,17361.893
2011-03-23 22:00:00,17208.535
2011-03-23 23:00:00,17122.105
2011-03-24 00:00:00,17349.395
2011-03-24 01:00:00,17613.904
2011-03-24 02:00:00,17596.031
2011-03-24 03:00:00,17671.459
2011-03-24 04:00:00,17665.195
2011-03-24 05:00:00,17434.738
2011-03-24 06:00:00,17428.473
2011-03-24 07:00:00,17674.066
2011-03-24 08:00:00,17691.031
2011-03-24 09:00:00,17467.934
2011-03-24 10:00:00,17473.236
2011-03-24 11:00:00,16952.92
2011-03-24 12:00:00,16603.57
2011-03-24 13:00:00,16554.768
2011-03-24 14:00:00,16616.934
2011-03-24 15:00:00,16587.03
2011-03-24 16:00:00,16424.455
2011-03-24 17:00:00,16587.652
2011-03-24 18:00:00,16224.684
2011-03-24 19:00:00,16004.869
2011-03-24 20:00:00,16303.57
2011-03-24 21:00:00,16546.684
2011-03-24 22:00:00,16551.91
2011-03-24 23:00:00,16627.46
2011-03-25 00:00:00,16569.291
2011-03-25 01:00:00,16975.393
2011-03-25 02:00:00,16970.125
2011-03-25 03:00:00,16963.074
2011-03-25 04:00:00,17166.223
2011-03-25 05:00:00,17160.979
2011-03-25 06:00:00,17155.873
2011-03-25 07:00:00,16604.393
2011-03-25 08:00:00,16117.774
2011-03-25 09:00:00,15941.633
2011-03-25 10:00:00,15784.653
2011-03-25 11:00:00,15515.445
2011-03-25 12:00:00,15298.096
2011-03-25 13:00:00,15116.699
2011-03-25 14:00:00,14718.307
2011-03-25 15:00:00,14926.039
2011-03-25 16:00:00,14867.154
2011-03-25 17:00:00,15011.088
2011-03-25 18:00:00,15181.221
2011-03-25 19:00:00,15025.518
2011-03-25 20:00:00,15118.367
2011-03-25 21:00:00,15111.416
2011-03-25 22:00:00,15192.934
2011-03-25 23:00:00,15253.434
2011-03-26 00:00:00,15437.426
2011-03-26 01:00:00,15476.135
2011-03-26 02:00:00,15853.956
2011-03-26 03:00:00,16044.393
2011-03-26 04:00:00,15839.0205
2011-03-26 05:00:00,16228.723
2011-03-26 06:00:00,16496.72
2011-03-26 07:00:00,16211.127
2011-03-26 08:00:00,15775.448
2011-03-26 09:00:00,15558.83
2011-03-26 10:00:00,15483.047
2011-03-26 11:00:00,15266.134
2011-03-26 12:00:00,15096.719
2011-03-26 13:00:00,14901.221
2011-03-26 14:00:00,14667.277
2011-03-26 15:00:00,14629.674
2011-03-26 16:00:00,14435.943
2011-03-26 17:00:00,14509.871
2011-03-26 18:00:00,14432.613
2011-03-26 19:00:00,15522.158
2011-03-26 20:00:00,15514.68
2011-03-26 21:00:00,15527.99
2011-03-26 22:00:00,15311.67
2011-03-26 23:00:00,15546.828
2011-03-27 00:00:00,15543.867
2011-03-27 01:00:00,16141.996
2011-03-27 02:00:00,16313.535
2011-03-27 03:00:00,16934.256
2011-03-27 04:00:00,17136.678
2011-03-27 06:00:00,17583.004
2011-03-27 07:00:00,17590.977
2011-03-27 08:00:00,16944.59
2011-03-27 09:00:00,16308.752
2011-03-27 10:00:00,16297.803
2011-03-27 11:00:00,15848.254
2011-03-27 12:00:00,15595.732
2011-03-27 13:00:00,15230.093
2011-03-27 14:00:00,14984.365
2011-03-27 15:00:00,15016.016
2011-03-27 16:00:00,14812.062
2011-03-27 17:00:00,14790.189
2011-03-27 18:00:00,14926.168
2011-03-27 19:00:00,14838.517
2011-03-27 20:00:00,15105.279
2011-03-27 21:00:00,15400.83
2011-03-27 22:00:00,15393.352
2011-03-27 23:00:00,15526.91
2011-03-28 00:00:00,16355.967
2011-03-28 01:00:00,15816.719
2011-03-28 02:00:00,15808.727
2011-03-28 03:00:00,15801.247
2011-03-28 05:00:00,15909.695
2011-03-28 06:00:00,15514.126
2011-03-28 07:00:00,15345.198
2011-03-28 08:00:00,15397.225
2011-03-28 09:00:00,15213.814
2011-03-28 10:00:00,15064.189
2011-03-28 11:00:00,14988.448
2011-03-28 12:00:00,14699.394
2011-03-28 13:00:00,14577.425
2011-03-28 14:00:00,14502.741
2011-03-28 15:00:00,14535.115
2011-03-28 16:00:00,14459.582
2011-03-28 17:00:00,14489.637
2011-03-28 18:00:00,14487.348
2011-03-28 19:00:00,14469.754
2011-03-28 20:00:00,14402.812
2011-03-28 21:00:00,14389.815
2011-03-28 22:00:00,14501.418
2011-03-28 23:00:00,14616.179
2011-03-29 00:00:00,15028.527
2011-03-29 01:00:00,15252.09
2011-03-29 02:00:00,15244.644
2011-03-29 03:00:00,15237.182
2011-03-29 04:00:00,15862.611
2011-03-29 05:00:00,15492.181
2011-03-29 06:00:00,15672.929
2011-03-29 07:00:00,15698.49
2011-03-29 08:00:00,15341.109
2011-03-29 09:00:00,14876.409
2011-03-29 10:00:00,14643.043
2011-03-29 11:00:00,14564.105
2011-03-29 12:00:00,14478.787
2011-03-29 13:00:00,14538.167
2011-03-29 14:00:00,14458.578
2011-03-29 15:00:00,14340.51
2011-03-29 16:00:00,14291.4375
2011-03-29 17:00:00,14223.074
2011-03-29 18:00:00,14309.542
2011-03-29 19:00:00,14415.697
2011-03-29 20:00:00,14299.501
2011-03-29 21:00:00,15061.411
2011-03-29 22:00:00,15345.877
2011-03-29 23:00:00,15847.148
2011-03-30 00:00:00,16021.273
2011-03-30 01:00:00,15139.012
2011-03-30 02:00:00,16006.053
2011-03-30 03:00:00,15534.763
2011-03-30 04:00:00,15990.807
2011-03-30 05:00:00,16063.963
2011-03-30 06:00:00,15679.82
2011-03-30 07:00:00,15395.521
2011-03-30 08:00:00,15608.676
2011-03-30 09:00:00,15446.881
2011-03-30 10:00:00,15417.396
2011-03-30 11:00:00,15410.441
2011-03-30 12:00:00,15369.421
2011-03-30 13:00:00,15294.029
2011-03-30 14:00:00,15320.004
2011-03-30 15:00:00,16966.125
2011-03-30 16:00:00,17136.83
2011-03-30 17:00:00,17419.344
2011-03-30 18:00:00,17411.523
2011-03-30 19:00:00,17405.26
2011-03-30 20:00:00,17461.832
2011-03-30 21:00:00,17465.61
2011-03-30 22:00:00,17452.037
2011-03-30 23:00:00,17448.764
2011-03-31 00:00:00,17589.904
2011-03-31 01:00:00,17595.293
2011-03-31 02:00:00,17589.023
2011-03-31 03:00:00,17571.105
2011-03-31 04:00:00,17553.215
2011-03-31 05:00:00,17558.57
2011-03-31 06:00:00,17549.562
2011-03-31 07:00:00,17534.42
2011-03-31 08:00:00,17759.611
2011-03-31 09:00:00,17463.629
2011-03-31 10:00:00,17457.357
2011-03-31 11:00:00,17389.863
2011-03-31 12:00:00,17383.607
2011-03-31 13:00:00,17118.674
2011-03-31 14:00:00,17112.883
2011-03-31 15:00:00,17093.252
2011-03-31 16:00:00,17100.283
2011-03-31 17:00:00,17094.475
2011-03-31 18:00:00,17108.594
2011-03-31 19:00:00,17102.799
2011-03-31 20:00:00,17324.627
2011-03-31 21:00:00,17357.756
2011-03-31 22:00:00,17297.66
2011-03-31 23:00:00,17597.07
2011-04-20 00:00:00,16817.523
2011-04-20 01:00:00,17045.459
2011-04-20 02:00:00,17039.191
2011-04-20 03:00:00,17096.004
2011-04-20 04:00:00,17290.4
2011-04-20 05:00:00,17067.041
2011-04-20 06:00:00,17013.387
2011-04-20 07:00:00,17011.473
2011-04-20 08:00:00,15391.8125
2011-04-20 09:00:00,14903.447
2011-04-20 10:00:00,15411.51
2011-04-20 11:00:00,15402.74
2011-04-20 12:00:00,14129.324
2011-04-20 13:00:00,14121.948
2011-04-20 14:00:00,13812.162
2011-04-20 15:00:00,13698.02
2011-04-20 16:00:00,13692.945
2011-04-20 17:00:00,13760.461
2011-04-20 18:00:00,13690.83
2011-04-20 19:00:00,13729.001
2011-04-20 20:00:00,13715.605
2011-04-20 21:00:00,13817.453
2011-04-20 22:00:00,13970.427
2011-04-20 23:00:00,13947.386
2011-04-21 00:00:00,14530.95
2011-04-21 01:00:00,14748.496
2011-04-21 02:00:00,14683.665
2011-04-21 03:00:00,15189.715
2011-04-21 04:00:00,15397.878
2011-04-21 05:00:00,15457.112
2011-04-21 06:00:00,15711.053
2011-04-21 07:00:00,15109.5
2011-04-21 08:00:00,15315.83
2011-04-21 09:00:00,15101.251
2011-04-21 10:00:00,14968.994
2011-04-21 11:00:00,14767.931
2011-04-21 12:00:00,14565.801
2011-04-21 13:00:00,14260.476
2011-04-21 14:00:00,14228.943
2011-04-21 15:00:00,14141.927
2011-04-21 16:00:00,14104.558
2011-04-21 17:00:00,14101.306
2011-04-21 18:00:00,14097.727
2011-04-21 19:00:00,14193.631
2011-04-21 20:00:00,14237.962
2011-04-21 21:00:00,15023.791
2011-04-21 22:00:00,14620.339
2011-04-21 23:00:00,14888.523
2011-04-22 00:00:00,16174.018
2011-04-22 01:00:00,15753.581
2011-04-22 02:00:00,15751.3955
2011-04-22 03:00:00,15743.931
2011-04-22 04:00:00,15805.124
2011-04-22 05:00:00,15780.64
2011-04-22 06:00:00,15790.17
2011-04-22 07:00:00,15768.56
2011-04-22 08:00:00,15758.773
2011-04-22 09:00:00,16137.337
2011-04-22 10:00:00,16078.187
2011-04-22 11:00:00,16326.027
2011-04-22 12:00:00,16679.73
2011-04-22 13:00:00,16984.309
2011-04-22 14:00:00,16979.805
2011-04-22 15:00:00,16972.719
2011-04-22 16:00:00,16988.91
2011-04-22 17:00:00,17223.916
2011-04-22 18:00:00,17217.656
2011-04-22 19:00:00,17211.379
2011-04-22 20:00:00,17013.727
2011-04-22 21:00:00,17254.309
2011-04-22 22:00:00,17472.242
2011-04-22 23:00:00,17180.557
2011-04-23 00:00:00,17557.064
2011-04-23 01:00:00,17550.812
2011-04-23 02:00:00,17522.812
2011-04-23 03:00:00,17533.965
2011-04-23 04:00:00,17474.064
2011-04-23 05:00:00,17467.988
2011-04-23 06:00:00,17472.836
2011-04-23 07:00:00,17447.648
2011-04-23 08:00:00,17393.227
2011-04-23 09:00:00,17047.89
2011-04-23 10:00:00,16772.889
2011-04-23 11:00:00,16654.71
2011-04-23 12:00:00,16267.917
2011-04-23 13:00:00,16274.488
2011-04-23 14:00:00,15955.447
2011-04-23 15:00:00,15583.232
2011-04-23 16:00:00,15612.498
2011-04-23 17:00:00,15589.504
2011-04-23 18:00:00,16000.7
2011-04-23 19:00:00,16170.713
2011-04-23 20:00:00,16366.5
2011-04-23 21:00:00,16139.43
2011-04-23 22:00:00,15932.318
2011-04-23 23:00:00,16381.648
2011-04-24 00:00:00,16418.047
2011-04-24 01:00:00,16630.252
2011-04-24 02:00:00,16624.459
2011-04-24 03:00:00,16835.328
2011-04-24 04:00:00,16829.523
2011-04-24 05:00:00,16823.703
2011-04-24 06:00:00,17012.926
2011-04-24 07:00:00,17006.758
2011-04-24 08:00:00,16701.04
2011-04-24 09:00:00,16393.277
2011-04-24 10:00:00,15976.184
2011-04-24 11:00:00,15028.471
2011-04-24 12:00:00,14988.771
2011-04-24 13:00:00,14615.74
2011-04-24 14:00:00,14427.796
2011-04-24 15:00:00,14870.145
2011-04-24 16:00:00,13999.226
2011-04-24 17:00:00,15033.053
2011-04-24 18:00:00,15274.675
2011-04-24 19:00:00,16018.986
2011-04-24 20:00:00,16013.1875
2011-04-24 21:00:00,16553.004
2011-04-24 22:00:00,16716.418
2011-04-24 23:00:00,16735.873
2011-04-25 00:00:00,16964.484
2011-04-25 01:00:00,16903.453
2011-04-25 02:00:00,16897.105
2011-04-25 03:00:00,16984.96
2011-04-25 04:00:00,16957.662
2011-04-25 05:00:00,17127.164
2011-04-25 06:00:00,17004.068
2011-04-25 07:00:00,16905.904
2011-04-25 08:00:00,16444.148
2011-04-25 09:00:00,16165.996
2011-04-25 10:00:00,15554.398
2011-04-25 11:00:00,15546.734
2011-04-25 12:00:00,15511.342
2011-04-25 13:00:00,14897.403
2011-04-25 14:00:00,14353.574
2011-04-25 15:00:00,14158.631
2011-04-25 16:00:00,14398.395
2011-04-25 17:00:00,14398.418
2011-04-25 18:00:00,14593.503
2011-04-25 19:00:00,14650.298
2011-04-25 20:00:00,14820.6
2011-04-25 21:00:00,15242.864
2011-04-25 22:00:00,15546.901
2011-04-25 23:00:00,15924.039
2011-04-26 00:00:00,15416.794
2011-04-26 01:00:00,15680.209
2011-04-26 02:00:00,16241.461
2011-04-26 03:00:00,16463.082
2011-04-26 04:00:00,16260.859
2011-04-26 05:00:00,16463.48
2011-04-26 06:00:00,16412.537
2011-04-26 07:00:00,16168.59
2011-04-26 08:00:00,16162.779
2011-04-26 09:00:00,15513.1875
2011-04-26 10:00:00,15249.116
2011-04-26 11:00:00,15005.017
2011-04-26 12:00:00,14743.404
2011-04-26 13:00:00,14146.711
2011-04-26 14:00:00,14534.118
2011-04-26 15:00:00,14720.566
2011-04-26 16:00:00,14586.483
2011-04-26 17:00:00,14770.979
2011-04-26 18:00:00,14949.929
2011-04-26 19:00:00,15426.303
2011-04-26 20:00:00,15416.521
2011-04-26 21:00:00,15773.043
2011-04-26 22:00:00,16048.422
2011-04-26 23:00:00,16030.446
2011-04-27 00:00:00,16184.054
2011-04-27 01:00:00,16165.927
2011-04-27 02:00:00,16368.533
2011-04-27 03:00:00,16331.0
2011-04-27 04:00:00,16602.748
2011-04-27 05:00:00,16567.082
2011-04-27 06:00:00,16580.197
2011-04-27 07:00:00,16307.792
2011-04-27 08:00:00,16283.387
2011-04-27 09:00:00,16209.649
2011-04-27 10:00:00,16025.377
2011-04-27 11:00:00,15793.072
2011-04-27 12:00:00,15724.7705
2011-04-27 13:00:00,15793.491
2011-04-27 14:00:00,15398.746
2011-04-27 15:00:00,14899.637
2011-04-27 16:00:00,15121.038
2011-04-27 17:00:00,15805.029
2011-04-27 18:00:00,15799.037
2011-04-27 19:00:00,15788.7705
2011-04-27 20:00:00,15936.394
2011-04-27 21:00:00,16159.0625
2011-04-27 22:00:00,16115.328
2011-04-27 23:00:00,16097.145
2011-04-28 00:00:00,15856.182
2011-04-28 01:00:00,16034.265
2011-04-28 02:00:00,16003.907
2011-04-28 03:00:00,15811.539
2011-04-28 04:00:00,16004.658
2011-04-28 05:00:00,16011.143
2011-04-28 06:00:00,15771.967
2011-04-28 07:00:00,15770.639
2011-04-28 08:00:00,15711.373
2011-04-28 09:00:00,16171.041
2011-04-28 10:00:00,16203.532
2011-04-28 11:00:00,16019.583
2011-04-28 12:00:00,15832.388
2011-04-28 13:00:00,16001.865
2011-04-28 14:00:00,16015.727
2011-04-28 15:00:00,15206.139
2011-04-28 16:00:00,15820.811
2011-04-28 17:00:00,14236.559
2011-04-28 18:00:00,14229.24
2011-04-28 19:00:00,14079.656
2011-04-28 20:00:00,14327.184
2011-04-28 21:00:00,14517.347
2011-04-28 22:00:00,14533.113
2011-04-28 23:00:00,14270.816
2011-04-29 00:00:00,14493.18
2011-04-29 01:00:00,14808.16
2011-04-29 02:00:00,15809.885
2011-04-29 03:00:00,15570.539
2011-04-29 04:00:00,15200.011
2011-04-29 05:00:00,15004.877
2011-04-29 06:00:00,14779.375
2011-04-29 07:00:00,14577.89
2011-04-29 08:00:00,14361.193
2011-04-29 09:00:00,14350.972
2011-04-29 10:00:00,14322.633
2011-04-29 11:00:00,13959.07
2011-04-29 12:00:00,14169.402
2011-04-29 13:00:00,14160.577
2011-04-29 14:00:00,13925.754
2011-04-29 15:00:00,14272.041
2011-04-29 16:00:00,14424.338
2011-04-29 17:00:00,14626.771
2011-04-29 18:00:00,14758.844
2011-04-29 19:00:00,15278.568
2011-04-29 20:00:00,14870.964
2011-04-29 21:00:00,15073.826
2011-04-29 22:00:00,15487.602
2011-04-29 23:00:00,15227.486
2011-04-30 00:00:00,15439.135
2011-04-30 01:00:00,15415.705
2011-04-30 02:00:00,15423.8125
2011-04-30 03:00:00,15475.333
2011-04-30 04:00:00,15477.46
2011-04-30 05:00:00,15486.809
2011-04-30 06:00:00,15711.484
2011-04-30 07:00:00,15540.467
2011-04-30 08:00:00,15531.466
2011-04-30 09:00:00,15245.314
2011-04-30 10:00:00,14787.442
2011-04-30 11:00:00,14630.246
2011-04-30 12:00:00,14549.667
2011-04-30 13:00:00,14336.297
2011-04-30 14:00:00,14336.957
2011-04-30 15:00:00,14174.353
2011-04-30 16:00:00,14088.568
2011-04-30 17:00:00,14429.943
2011-04-30 18:00:00,14487.287
2011-04-30 19:00:00,14480.196
2011-04-30 20:00:00,15680.898
2011-04-30 21:00:00,15672.109
2011-04-30 22:00:00,15937.474
2011-04-30 23:00:00,15929.644
2011-05-20 00:00:00,16963.188
2011-05-20 01:00:00,17169.17
2011-05-20 02:00:00,17192.102
2011-05-20 03:00:00,17215.184
2011-05-20 04:00:00,16997.426
2011-05-20 05:00:00,16984.742
2011-05-20 06:00:00,16737.695
2011-05-20 07:00:00,16265.988
2011-05-20 08:00:00,15754.543
2011-05-20 09:00:00,15698.253
2011-05-20 10:00:00,15372.721
2011-05-20 11:00:00,15125.361
2011-05-20 12:00:00,14746.061
2011-05-20 13:00:00,14726.799
2011-05-20 14:00:00,14581.862
2011-05-20 15:00:00,14723.018
2011-05-20 16:00:00,14587.115
2011-05-20 17:00:00,14542.486
2011-05-20 18:00:00,14713.216
2011-05-20 19:00:00,15255.83
2011-05-20 20:00:00,15240.372
2011-05-20 21:00:00,15313.283
2011-05-20 22:00:00,15908.033
2011-05-20 23:00:00,15874.266
2011-05-21 00:00:00,16284.352
2011-05-21 01:00:00,16103.474
2011-05-21 02:00:00,16066.0625
2011-05-21 03:00:00,16529.197
2011-05-21 04:00:00,16747.32
2011-05-21 05:00:00,16752.541
2011-05-21 06:00:00,16444.686
2011-05-21 07:00:00,15997.957
2011-05-21 08:00:00,15613.484
2011-05-21 09:00:00,15168.463
2011-05-21 10:00:00,14969.736
2011-05-21 11:00:00,14576.406
2011-05-21 12:00:00,14402.35
2011-05-21 13:00:00,14064.279
2011-05-21 14:00:00,13842.29
2011-05-21 15:00:00,13952.578
2011-05-21 16:00:00,13763.065
2011-05-21 17:00:00,13793.795
2011-05-21 18:00:00,13998.113
2011-05-21 19:00:00,14140.537
2011-05-21 20:00:00,14869.169
2011-05-21 21:00:00,14890.752
2011-05-21 22:00:00,15378.142
2011-05-21 23:00:00,16002.359
2011-05-22 00:00:00,16534.395
2011-05-22 01:00:00,16774.37
2011-05-22 02:00:00,16779.3
2011-05-22 03:00:00,17012.805
2011-05-22 04:00:00,17042.725
2011-05-22 05:00:00,17000.104
2011-05-22 06:00:00,16756.0
2011-05-22 07:00:00,16515.197
2011-05-22 08:00:00,15715.756
2011-05-22 09:00:00,15423.995
2011-05-22 10:00:00,15105.368
2011-05-22 11:00:00,14456.866
2011-05-22 12:00:00,14221.068
2011-05-22 13:00:00,14560.902
2011-05-22 14:00:00,15294.633
2011-05-22 15:00:00,14840.353
2011-05-22 16:00:00,14766.715
2011-05-22 17:00:00,14585.996
2011-05-22 18:00:00,14845.305
2011-05-22 19:00:00,14829.488
2011-05-22 20:00:00,15038.2295
2011-05-22 21:00:00,15556.35
2011-05-22 22:00:00,16099.234
2011-05-22 23:00:00,16130.939
2011-05-23 00:00:00,16461.184
2011-05-23 01:00:00,16484.91
2011-05-23 02:00:00,16419.928
2011-05-23 03:00:00,16648.906
2011-05-23 04:00:00,16721.266
2011-05-23 05:00:00,16715.45
2011-05-23 06:00:00,16885.895
2011-05-23 07:00:00,16609.68
2011-05-23 08:00:00,16324.349
2011-05-23 09:00:00,16307.731
2011-05-23 10:00:00,15509.014
2011-05-23 11:00:00,15182.971
2011-05-23 12:00:00,15175.873
2011-05-23 13:00:00,14445.646
2011-05-23 14:00:00,14661.342
2011-05-23 15:00:00,14657.455
2011-05-23 16:00:00,14645.721
2011-05-23 17:00:00,14996.661
2011-05-23 18:00:00,15242.738
2011-05-23 19:00:00,15261.93
2011-05-23 20:00:00,15980.014
2011-05-23 21:00:00,16154.785
2011-05-23 22:00:00,16379.562
2011-05-23 23:00:00,16161.896
2011-05-24 00:00:00,16581.584
2011-05-24 01:00:00,16586.516
2011-05-24 02:00:00,16569.94
2011-05-24 03:00:00,16576.504
2011-05-24 04:00:00,16380.016
2011-05-24 05:00:00,16510.81
2011-05-24 06:00:00,16526.656
2011-05-24 07:00:00,15829.281
2011-05-24 08:00:00,16041.851
2011-05-24 09:00:00,15549.576
2011-05-24 10:00:00,14755.378
2011-05-24 11:00:00,14188.246
2011-05-24 12:00:00,13804.531
2011-05-24 13:00:00,13784.18
2011-05-24 14:00:00,13774.502
2011-05-24 15:00:00,14269.321
2011-05-24 16:00:00,15187.113
2011-05-24 17:00:00,14675.249
2011-05-24 18:00:00,15069.784
2011-05-24 19:00:00,15471.306
2011-05-24 20:00:00,15486.176
2011-05-24 21:00:00,15788.844
2011-05-24 22:00:00,16138.193
2011-05-24 23:00:00,15409.108
2011-05-25 00:00:00,16144.741
2011-05-25 01:00:00,16207.446
2011-05-25 02:00:00,16676.617
2011-05-25 03:00:00,16874.44
2011-05-25 04:00:00,16878.973
2011-05-25 05:00:00,16467.0
2011-05-25 06:00:00,16639.686
2011-05-25 07:00:00,15666.6045
2011-05-25 08:00:00,15326.241
2011-05-25 09:00:00,14960.711
2011-05-25 10:00:00,14721.537
2011-05-25 11:00:00,14202.859
2011-05-25 12:00:00,14348.836
2011-05-25 13:00:00,14341.723
2011-05-25 14:00:00,14334.527
2011-05-25 15:00:00,14095.02
2011-05-25 16:00:00,14144.733
2011-05-25 17:00:00,14143.824
2011-05-25 18:00:00,14501.345
2011-05-25 19:00:00,14669.275
2011-05-25 20:00:00,14670.525
2011-05-25 21:00:00,15169.902
2011-05-25 22:00:00,15134.709
2011-05-25 23:00:00,15474.162
2011-05-26 00:00:00,15650.287
2011-05-26 01:00:00,15642.633
2011-05-26 02:00:00,16161.057
2011-05-26 03:00:00,16391.234
2011-05-26 04:00:00,16417.824
2011-05-26 05:00:00,16360.79
2011-05-26 06:00:00,16782.014
2011-05-26 07:00:00,16437.383
2011-05-26 08:00:00,15972.78
2011-05-26 09:00:00,15041.798
2011-05-26 10:00:00,15313.262
2011-05-26 11:00:00,14785.418
2011-05-26 12:00:00,14308.406
2011-05-26 13:00:00,13813.319
2011-05-26 14:00:00,13806.166
2011-05-26 15:00:00,13595.922
2011-05-26 16:00:00,13739.71
2011-05-26 17:00:00,13654.025
2011-05-26 18:00:00,13658.629
2011-05-26 19:00:00,13734.379
2011-05-26 20:00:00,14484.779
2011-05-26 21:00:00,14583.276
2011-05-26 22:00:00,14807.645
2011-05-26 23:00:00,14816.831
2011-05-27 00:00:00,15225.686
2011-05-27 01:00:00,14690.815
2011-05-27 02:00:00,14884.888
2011-05-27 03:00:00,15095.409
2011-05-27 04:00:00,15400.688
2011-05-27 05:00:00,15172.604
2011-05-27 06:00:00,15403.118
2011-05-27 07:00:00,15590.232
2011-05-27 08:00:00,15533.159
2011-05-27 09:00:00,14943.214
2011-05-27 10:00:00,14363.949
2011-05-27 11:00:00,14324.544
2011-05-27 12:00:00,14245.24
2011-05-27 13:00:00,14471.037
2011-05-27 14:00:00,14249.413
2011-05-27 15:00:00,13872.801
2011-05-27 16:00:00,14205.805
2011-05-27 17:00:00,14434.604
2011-05-27 18:00:00,14631.406
2011-05-27 19:00:00,15830.457
2011-05-27 20:00:00,15528.822
2011-05-27 21:00:00,16106.8955
2011-05-27 22:00:00,15880.334
2011-05-27 23:00:00,16289.532
2011-05-28 00:00:00,16432.41
2011-05-28 01:00:00,16404.992
2011-05-28 02:00:00,16634.16
2011-05-28 03:00:00,16438.97
2011-05-28 04:00:00,16422.254
2011-05-28 05:00:00,16427.352
2011-05-28 06:00:00,16202.289
2011-05-28 07:00:00,16140.267
2011-05-28 08:00:00,15910.764
2011-05-28 09:00:00,15565.481
2011-05-28 10:00:00,14927.494
2011-05-28 11:00:00,14920.292
2011-05-28 12:00:00,14556.597
2011-05-28 13:00:00,14688.68
2011-05-28 14:00:00,14476.327
2011-05-28 15:00:00,14330.855
2011-05-28 16:00:00,14241.866
2011-05-28 17:00:00,14307.918
2011-05-28 18:00:00,14653.696
2011-05-28 19:00:00,14854.193
2011-05-28 20:00:00,14855.4375
2011-05-28 21:00:00,15422.595
2011-05-28 22:00:00,15680.478
2011-05-28 23:00:00,15983.729
2011-05-29 00:00:00,16105.779
2011-05-29 01:00:00,16328.508
2011-05-29 02:00:00,16344.283
2011-05-29 03:00:00,16338.465
2011-05-29 04:00:00,16394.334
2011-05-29 05:00:00,16590.938
2011-05-29 06:00:00,16269.821
2011-05-29 07:00:00,16242.387
2011-05-29 08:00:00,16247.395
2011-05-29 09:00:00,16434.648
2011-05-29 10:00:00,15944.767
2011-05-29 11:00:00,15913.69
2011-05-29 12:00:00,15311.018
2011-05-29 13:00:00,15023.107
2011-05-29 14:00:00,14948.486
2011-05-29 15:00:00,14945.519
2011-05-29 16:00:00,14934.092
2011-05-29 17:00:00,14926.891
2011-05-29 18:00:00,15128.533
2011-05-29 19:00:00,15135.311
2011-05-29 20:00:00,15546.706
2011-05-29 21:00:00,15837.21
2011-05-29 22:00:00,16134.002
2011-05-29 23:00:00,16117.356
2011-05-30 00:00:00,16476.467
2011-05-30 01:00:00,16492.234
2011-05-30 02:00:00,16464.809
2011-05-30 03:00:00,16458.996
2011-05-30 04:00:00,16520.264
2011-05-30 05:00:00,16517.24
2011-05-30 06:00:00,16460.508
2011-05-30 07:00:00,16487.096
2011-05-30 08:00:00,16212.865
2011-05-30 09:00:00,15305.801
2011-05-30 10:00:00,14077.84
2011-05-30 11:00:00,13876.081
2011-05-30 12:00:00,13489.936
2011-05-30 13:00:00,13463.385
2011-05-30 14:00:00,13327.266
2011-05-30 15:00:00,13404.988
2011-05-30 16:00:00,13414.637
2011-05-30 17:00:00,13439.085
2011-05-30 18:00:00,13414.043
2011-05-30 19:00:00,14747.703
2011-05-30 20:00:00,14309.493
2011-05-30 21:00:00,14882.141
2011-05-30 22:00:00,15158.23
2011-05-30 23:00:00,15799.467
2011-05-31 00:00:00,15719.267
2011-05-31 01:00:00,16156.148
2011-05-31 02:00:00,16371.519
2011-05-31 03:00:00,16496.123
2011-05-31 04:00:00,16042.148
2011-05-31 05:00:00,16036.35
2011-05-31 06:00:00,15779.181
2011-05-31 07:00:00,14783.338
2011-05-31 08:00:00,14356.41
2011-05-31 09:00:00,14080.691
2011-05-31 10:00:00,14012.924
2011-05-31 11:00:00,13473.827
2011-05-31 12:00:00,13485.732
2011-05-31 13:00:00,13315.336
2011-05-31 14:00:00,13261.957
2011-05-31 15:00:00,13309.986
2011-05-31 16:00:00,13290.061
2011-05-31 17:00:00,13729.673
2011-05-31 18:00:00,13725.268
2011-05-31 19:00:00,14386.934
2011-05-31 20:00:00,14380.129
2011-05-31 21:00:00,14583.687
2011-05-31 22:00:00,14853.445
2011-05-31 23:00:00,15434.045
2011-06-20 00:00:00,16038.551
2011-06-20 01:00:00,16319.839
2011-06-20 02:00:00,16314.018
2011-06-20 03:00:00,16303.043
2011-06-20 04:00:00,16264.539
2011-06-20 05:00:00,16095.33
2011-06-20 06:00:00,15965.184
2011-06-20 07:00:00,16379.969
2011-06-20 08:00:00,16223.107
2011-06-20 09:00:00,15916.316
2011-06-20 10:00:00,15910.348
2011-06-20 11:00:00,15955.127
2011-06-20 12:00:00,15364.456
2011-06-20 13:00:00,15082.327
2011-06-20 14:00:00,14831.708
2011-06-20 15:00:00,14833.012
2011-06-20 16:00:00,14578.592
2011-06-20 17:00:00,14390.04
2011-06-20 18:00:00,14695.387
2011-06-20 19:00:00,14988.826
2011-06-20 20:00:00,15138.891
2011-06-20 21:00:00,15483.031
2011-06-20 22:00:00,15432.285
2011-06-20 23:00:00,15765.87
2011-06-21 00:00:00,15961.36
2011-06-21 01:00:00,15915.723
2011-06-21 02:00:00,16093.066
2011-06-21 03:00:00,16087.2295
2011-06-21 04:00:00,16353.158
2011-06-21 05:00:00,16336.559
2011-06-21 06:00:00,16330.728
2011-06-21 07:00:00,16602.914
2011-06-21 08:00:00,16273.567
2011-06-21 09:00:00,16213.604
2011-06-21 10:00:00,16022.943
2011-06-21 11:00:00,15965.701
2011-06-21 12:00:00,15340.988
2011-06-21 13:00:00,14747.683
2011-06-21 14:00:00,14531.521
2011-06-21 15:00:00,14285.475
2011-06-21 16:00:00,14171.941
2011-06-21 17:00:00,14544.495
2011-06-21 18:00:00,14788.1045
2011-06-21 19:00:00,15025.539
2011-06-21 20:00:00,14854.366
2011-06-21 21:00:00,15129.176
2011-06-21 22:00:00,15534.105
2011-06-21 23:00:00,15271.068
2011-06-22 00:00:00,15842.802
2011-06-22 01:00:00,15851.806
2011-06-22 02:00:00,15879.25
2011-06-22 03:00:00,15836.119
2011-06-22 04:00:00,16148.211
2011-06-22 05:00:00,16320.898
2011-06-22 06:00:00,16054.765
2011-06-22 07:00:00,15678.891
2011-06-22 08:00:00,15283.262
2011-06-22 09:00:00,15516.832
2011-06-22 10:00:00,14953.904
2011-06-22 11:00:00,14930.468
2011-06-22 12:00:00,14187.455
2011-06-22 13:00:00,13954.747
2011-06-22 14:00:00,13784.184
2011-06-22 15:00:00,13936.676
2011-06-22 16:00:00,14037.09
2011-06-22 17:00:00,13970.873
2011-06-22 18:00:00,14139.788
2011-06-22 19:00:00,13858.195
2011-06-22 20:00:00,15083.075
2011-06-22 21:00:00,15355.244
2011-06-22 22:00:00,15391.945
2011-06-22 23:00:00,15377.84
2011-06-23 00:00:00,15572.887
2011-06-23 01:00:00,15291.253
2011-06-23 02:00:00,15282.45
2011-06-23 03:00:00,15277.645
2011-06-23 04:00:00,15646.9795
2011-06-23 05:00:00,15282.904
2011-06-23 06:00:00,15274.113
2011-06-23 07:00:00,15255.883
2011-06-23 08:00:00,14942.43
2011-06-23 09:00:00,14941.279
2011-06-23 10:00:00,14652.506
2011-06-23 11:00:00,14669.692
2011-06-23 12:00:00,14675.281
2011-06-23 13:00:00,14528.175
2011-06-23 14:00:00,14661.406
2011-06-23 15:00:00,14060.723
2011-06-23 16:00:00,14602.796
2011-06-23 17:00:00,14991.172
2011-06-23 18:00:00,15008.576
2011-06-23 19:00:00,14986.229
2011-06-23 20:00:00,15243.998
2011-06-23 21:00:00,15248.578
2011-06-23 22:00:00,15203.619
2011-06-23 23:00:00,15189.909
2011-06-24 00:00:00,15788.473
2011-06-24 01:00:00,15957.531
2011-06-24 02:00:00,15951.535
2011-06-24 03:00:00,16013.059
2011-06-24 04:00:00,16034.072
2011-06-24 05:00:00,16288.482
2011-06-24 06:00:00,16006.305
2011-06-24 07:00:00,15945.803
2011-06-24 08:00:00,15349.42
2011-06-24 09:00:00,14640.033
2011-06-24 10:00:00,13651.438
2011-06-24 11:00:00,13627.554
2011-06-24 12:00:00,13635.042
2011-06-24 13:00:00,13569.133
2011-06-24 14:00:00,13694.029
2011-06-24 15:00:00,13558.707
2011-06-24 16:00:00,13614.576
2011-06-24 17:00:00,13665.133
2011-06-24 18:00:00,13674.865
2011-06-24 19:00:00,13723.904
2011-06-24 20:00:00,13905.132
2011-06-24 21:00:00,14083.741
2011-06-24 22:00:00,14090.953
2011-06-24 23:00:00,14287.197
2011-06-25 00:00:00,14272.373
2011-06-25 01:00:00,14479.079
2011-06-25 02:00:00,14460.757
2011-06-25 03:00:00,14800.551
2011-06-25 04:00:00,14792.973
2011-06-25 05:00:00,15009.079
2011-06-25 06:00:00,14777.453
2011-06-25 07:00:00,14772.137
2011-06-25 08:00:00,14177.625
2011-06-25 09:00:00,13986.811
2011-06-25 10:00:00,13984.5625
2011-06-25 11:00:00,13781.814
2011-06-25 12:00:00,13780.816
2011-06-25 13:00:00,13775.019
2011-06-25 14:00:00,13874.254
2011-06-25 15:00:00,13891.963
2011-06-25 16:00:00,13733.58
2011-06-25 17:00:00,13743.003
2011-06-25 18:00:00,13922.238
2011-06-25 19:00:00,14017.791
2011-06-25 20:00:00,14095.18
2011-06-25 21:00:00,14313.141
2011-06-25 22:00:00,14106.221
2011-06-25 23:00:00,14294.854
2011-06-26 00:00:00,14627.822
2011-06-26 01:00:00,14638.486
2011-06-26 02:00:00,14832.916
2011-06-26 03:00:00,15195.311
2011-06-26 04:00:00,15193.197
2011-06-26 05:00:00,15224.514
2011-06-26 06:00:00,15215.723
2011-06-26 07:00:00,14973.928
2011-06-26 08:00:00,14938.453
2011-06-26 09:00:00,14588.637
2011-06-26 10:00:00,14103.883
2011-06-26 11:00:00,13982.417
2011-06-26 12:00:00,13753.716
2011-06-26 13:00:00,13709.237
2011-06-26 14:00:00,13735.328
2011-06-26 15:00:00,13697.476
2011-06-26 16:00:00,13742.018
2011-06-26 17:00:00,13784.945
2011-06-26 18:00:00,13909.033
2011-06-26 19:00:00,14019.883
2011-06-26 20:00:00,14090.809
2011-06-26 21:00:00,14361.039
2011-06-26 22:00:00,14235.355
2011-06-26 23:00:00,14358.85
2011-06-27 00:00:00,15568.643
2011-06-27 01:00:00,15944.604
2011-06-27 02:00:00,15916.516
2011-06-27 03:00:00,15908.485
2011-06-27 04:00:00,16157.407
2011-06-27 05:00:00,16095.093
2011-06-27 06:00:00,15896.424
2011-06-27 07:00:00,15550.163
2011-06-27 08:00:00,15547.229
2011-06-27 09:00:00,14366.577
2011-06-27 10:00:00,14364.506
2011-06-27 11:00:00,14553.434
2011-06-27 12:00:00,14345.057
2011-06-27 13:00:00,14516.077
2011-06-27 14:00:00,14503.059
2011-06-27 15:00:00,14300.997
2011-06-27 16:00:00,14310.768
2011-06-27 17:00:00,14305.113
2011-06-27 18:00:00,14152.211
2011-06-27 19:00:00,14623.18
2011-06-27 20:00:00,14809.334
2011-06-27 21:00:00,14805.111
2011-06-27 22:00:00,15130.395
2011-06-27 23:00:00,15121.617
2011-06-28 00:00:00,15839.684
2011-06-28 01:00:00,15645.282
2011-06-28 02:00:00,15617.447
2011-06-28 03:00:00,15609.574
2011-06-28 04:00:00,15621.746
2011-06-28 05:00:00,15855.848
2011-06-28 06:00:00,15995.489
2011-06-28 07:00:00,15892.585
2011-06-28 08:00:00,15627.031
2011-06-28 09:00:00,15025.059
2011-06-28 10:00:00,13803.588
2011-06-28 11:00:00,13597.926
2011-06-28 12:00:00,13566.865
2011-06-28 13:00:00,13491.366
2011-06-28 14:00:00,13471.687
2011-06-28 15:00:00,13375.875
2011-06-28 16:00:00,13491.351
2011-06-28 17:00:00,13907.766
2011-06-28 18:00:00,13959.112
2011-06-28 19:00:00,14386.799
2011-06-28 20:00:00,14528.752
2011-06-28 21:00:00,14724.034
2011-06-28 22:00:00,15046.286
2011-06-28 23:00:00,15034.857
2011-06-29 00:00:00,15746.376
2011-06-29 01:00:00,15754.494
2011-06-29 02:00:00,15995.122
2011-06-29 03:00:00,16015.707
2011-06-29 04:00:00,16028.707
2011-06-29 05:00:00,16071.68
2011-06-29 06:00:00,15255.976
2011-06-29 07:00:00,14467.125
2011-06-29 08:00:00,14163.425
2011-06-29 09:00:00,13962.623
2011-06-29 10:00:00,13794.5205
2011-06-29 11:00:00,13672.513
2011-06-29 12:00:00,13677.283
2011-06-29 13:00:00,13588.205
2011-06-29 14:00:00,13538.7
2011-06-29 15:00:00,13476.303
2011-06-29 16:00:00,13554.338
2011-06-29 17:00:00,13405.975
2011-06-29 18:00:00,13539.186
2011-06-29 19:00:00,13684.201
2011-06-29 20:00:00,13705.223
2011-06-29 21:00:00,13723.695
2011-06-29 22:00:00,13822.311
2011-06-29 23:00:00,14088.287
2011-06-30 00:00:00,14475.012
2011-06-30 01:00:00,14628.369
2011-06-30 02:00:00,14832.913
2011-06-30 03:00:00,15020.641
2011-06-30 04:00:00,15358.801
2011-06-30 05:00:00,15344.814
2011-06-30 06:00:00,15182.535
2011-06-30 07:00:00,15012.685
2011-06-30 08:00:00,14196.182
2011-06-30 09:00:00,13913.045
2011-06-30 10:00:00,13835.57
2011-06-30 11:00:00,13711.583
2011-06-30 12:00:00,13647.648
2011-06-30 13:00:00,13638.806
2011-06-30 14:00:00,13579.469
2011-06-30 15:00:00,13555.4795
2011-06-30 16:00:00,13474.801
2011-06-30 17:00:00,13575.049
2011-06-30 18:00:00,13605.814
2011-06-30 19:00:00,13648.779
2011-06-30 20:00:00,13643.648
2011-06-30 21:00:00,13671.016
2011-06-30 22:00:00,13824.797
2011-06-30 23:00:00,14304.396
2011-07-20 00:00:00,15915.668
2011-07-20 01:00:00,15948.828
2011-07-20 02:00:00,15942.789
2011-07-20 03:00:00,15897.589
2011-07-20 04:00:00,15984.096
2011-07-20 05:00:00,15938.876
2011-07-20 06:00:00,16094.803
2011-07-20 07:00:00,15854.746
2011-07-20 08:00:00,15244.715
2011-07-20 09:00:00,14985.039
2011-07-20 10:00:00,14896.674
2011-07-20 11:00:00,14345.857
2011-07-20 12:00:00,14102.882
2011-07-20 13:00:00,13865.9795
2011-07-20 14:00:00,13636.174
2011-07-20 15:00:00,13528.542
2011-07-20 16:00:00,13864.713
2011-07-20 17:00:00,13949.0625
2011-07-20 18:00:00,13938.404
2011-07-20 19:00:00,14308.408
2011-07-20 20:00:00,14688.152
2011-07-20 21:00:00,14378.537
2011-07-20 22:00:00,14630.299
2011-07-20 23:00:00,14938.333
2011-07-21 00:00:00,15149.635
2011-07-21 01:00:00,15673.914
2011-07-21 02:00:00,15667.892
2011-07-21 03:00:00,15480.625
2011-07-21 04:00:00,15761.483
2011-07-21 05:00:00,15755.476
2011-07-21 06:00:00,15749.479
2011-07-21 07:00:00,15671.85
2011-07-21 08:00:00,15300.84
2011-07-21 09:00:00,14793.494
2011-07-21 10:00:00,14491.225
2011-07-21 11:00:00,13985.826
2011-07-21 12:00:00,13607.498
2011-07-21 13:00:00,13602.83
2011-07-21 14:00:00,13385.138
2011-07-21 15:00:00,13352.006
2011-07-21 16:00:00,13265.152
2011-07-21 17:00:00,13260.23
2011-07-21 18:00:00,13345.028
2011-07-21 19:00:00,14069.494
2011-07-21 20:00:00,14342.134
2011-07-21 21:00:00,14518.619
2011-07-21 22:00:00,14401.055
2011-07-21 23:00:00,14520.404
2011-07-22 00:00:00,14312.901
2011-07-22 01:00:00,14388.001
2011-07-22 02:00:00,15237.459
2011-07-22 03:00:00,15029.953
2011-07-22 04:00:00,15180.535
2011-07-22 05:00:00,15490.648
2011-07-22 06:00:00,15169.633
2011-07-22 07:00:00,14444.6
2011-07-22 08:00:00,14166.296
2011-07-22 09:00:00,14033.418
2011-07-22 10:00:00,13396.634
2011-07-22 11:00:00,13344.673
2011-07-22 12:00:00,13195.582
2011-07-22 13:00:00,13186.674
2011-07-22 14:00:00,13140.402
2011-07-22 15:00:00,13205.462
2011-07-22 16:00:00,13336.166
2011-07-22 17:00:00,13358.348
2011-07-22 18:00:00,13289.869
2011-07-22 19:00:00,13372.758
2011-07-22 20:00:00,13835.105
2011-07-22 21:00:00,14040.158
2011-07-22 22:00:00,13531.408
2011-07-22 23:00:00,14285.066
2011-07-23 00:00:00,14103.335
2011-07-23 01:00:00,13922.997
2011-07-23 02:00:00,13926.799
2011-07-23 03:00:00,14612.673
2011-07-23 04:00:00,14707.849
2011-07-23 05:00:00,14584.268
2011-07-23 06:00:00,13992.09
2011-07-23 07:00:00,13987.935
2011-07-23 08:00:00,13641.474
2011-07-23 09:00:00,13641.811
2011-07-23 10:00:00,13461.798
2011-07-23 11:00:00,13338.291
2011-07-23 12:00:00,13226.286
2011-07-23 13:00:00,13206.48
2011-07-23 14:00:00,13180.158
2011-07-23 15:00:00,13145.363
2011-07-23 16:00:00,13181.394
2011-07-23 17:00:00,13176.252
2011-07-23 18:00:00,13236.279
2011-07-23 19:00:00,14046.535
2011-07-23 20:00:00,14043.482
2011-07-23 21:00:00,14036.079
2011-07-23 22:00:00,14141.301
2011-07-23 23:00:00,14143.633
2011-07-24 00:00:00,14313.945
2011-07-24 01:00:00,14630.012
2011-07-24 02:00:00,14415.901
2011-07-24 03:00:00,14409.084
2011-07-24 04:00:00,14608.498
2011-07-24 05:00:00,14598.344
2011-07-24 06:00:00,14380.021
2011-07-24 07:00:00,14258.859
2011-07-24 08:00:00,14013.1455
2011-07-24 09:00:00,13994.366
2011-07-24 10:00:00,13559.67
2011-07-24 11:00:00,13772.281
2011-07-24 12:00:00,13332.963
2011-07-24 13:00:00,13497.935
2011-07-24 14:00:00,13535.73
2011-07-24 15:00:00,13334.326
2011-07-24 16:00:00,13329.188
2011-07-24 17:00:00,13273.219
2011-07-24 18:00:00,13348.541
2011-07-24 19:00:00,13449.582
2011-07-24 20:00:00,13562.971
2011-07-24 21:00:00,14301.914
2011-07-24 22:00:00,14458.404
2011-07-24 23:00:00,14726.557
2011-07-25 00:00:00,14961.716
2011-07-25 01:00:00,15190.73
2011-07-25 02:00:00,15497.9375
2011-07-25 03:00:00,15531.298
2011-07-25 04:00:00,15785.816
2011-07-25 05:00:00,15779.822
2011-07-25 06:00:00,15755.15
2011-07-25 07:00:00,15481.051
2011-07-25 08:00:00,15169.342
2011-07-25 09:00:00,14413.654
2011-07-25 10:00:00,14117.015
2011-07-25 11:00:00,13979.385
2011-07-25 12:00:00,13971.9795
2011-07-25 13:00:00,15121.744
2011-07-25 14:00:00,15453.204
2011-07-25 15:00:00,15710.826
2011-07-25 16:00:00,15773.152
2011-07-25 17:00:00,15245.49
2011-07-25 18:00:00,15120.644
2011-07-25 19:00:00,14897.222
2011-07-25 20:00:00,15164.505
2011-07-25 21:00:00,15827.366
2011-07-25 22:00:00,15819.652
2011-07-25 23:00:00,15783.021
2011-07-26 00:00:00,15706.777
2011-07-26 01:00:00,15698.925
2011-07-26 02:00:00,16136.877
2011-07-26 03:00:00,16120.271
2011-07-26 04:00:00,16073.883
2011-07-26 05:00:00,16232.185
2011-07-26 06:00:00,15886.002
2011-07-26 07:00:00,14892.261
2011-07-26 08:00:00,14366.558
2011-07-26 09:00:00,13716.156
2011-07-26 10:00:00,13569.103
2011-07-26 11:00:00,13443.381
2011-07-26 12:00:00,13384.059
2011-07-26 13:00:00,13503.709
2011-07-26 14:00:00,13439.455
2011-07-26 15:00:00,13303.157
2011-07-26 16:00:00,13451.285
2011-07-26 17:00:00,13470.791
2011-07-26 18:00:00,13536.67
2011-07-26 19:00:00,13557.613
2011-07-26 20:00:00,13624.65
2011-07-26 21:00:00,13825.973
2011-07-26 22:00:00,14194.295
2011-07-26 23:00:00,14292.673
2011-07-27 00:00:00,14117.999
2011-07-27 01:00:00,13974.466
2011-07-27 02:00:00,14177.588
2011-07-27 03:00:00,14598.17
2011-07-27 04:00:00,14275.018
2011-07-27 05:00:00,14479.887
2011-07-27 06:00:00,14474.256
2011-07-27 07:00:00,14099.402
2011-07-27 08:00:00,13799.398
2011-07-27 09:00:00,13692.689
2011-07-27 10:00:00,13549.988
2011-07-27 11:00:00,13490.68
2011-07-27 12:00:00,13531.141
2011-07-27 13:00:00,13509.979
2011-07-27 14:00:00,13445.735
2011-07-27 15:00:00,13300.603
2011-07-27 16:00:00,13292.215
2011-07-27 17:00:00,13383.127
2011-07-27 18:00:00,13427.625
2011-07-27 19:00:00,13464.988
2011-07-27 20:00:00,13754.382
2011-07-27 21:00:00,13971.343
2011-07-27 22:00:00,14015.883
2011-07-27 23:00:00,13816.917
2011-07-28 00:00:00,14386.295
2011-07-28 01:00:00,14308.936
2011-07-28 02:00:00,14433.032
2011-07-28 03:00:00,14417.502
2011-07-28 04:00:00,14762.616
2011-07-28 05:00:00,14916.446
2011-07-28 06:00:00,15212.592
2011-07-28 07:00:00,15050.5625
2011-07-28 08:00:00,14783.744
2011-07-28 09:00:00,14336.3955
2011-07-28 10:00:00,14048.174
2011-07-28 11:00:00,13871.029
2011-07-28 12:00:00,13754.353
2011-07-28 13:00:00,13502.0
2011-07-28 14:00:00,13574.887
2011-07-28 15:00:00,13526.043
2011-07-28 16:00:00,13464.318
2011-07-28 17:00:00,13723.803
2011-07-28 18:00:00,13825.699
2011-07-28 19:00:00,14043.613
2011-07-28 20:00:00,14307.349
2011-07-28 21:00:00,14527.957
2011-07-28 22:00:00,14768.828
2011-07-28 23:00:00,14969.766
2011-07-29 00:00:00,15516.048
2011-07-29 01:00:00,15514.84
2011-07-29 02:00:00,15539.09
2011-07-29 03:00:00,15531.298
2011-07-29 04:00:00,15769.092
2011-07-29 05:00:00,15812.117
2011-07-29 06:00:00,15785.053
2011-07-29 07:00:00,15459.642
2011-07-29 08:00:00,15205.598
2011-07-29 09:00:00,13525.223
2011-07-29 10:00:00,13367.1875
2011-07-29 11:00:00,13294.178
2011-07-29 12:00:00,13084.202
2011-07-29 13:00:00,13160.847
2011-07-29 14:00:00,13039.525
2011-07-29 15:00:00,13031.129
2011-07-29 16:00:00,13017.568
2011-07-29 17:00:00,13015.105
2011-07-29 18:00:00,13266.395
2011-07-29 19:00:00,13301.299
2011-07-29 20:00:00,13442.383
2011-07-29 21:00:00,13533.232
2011-07-29 22:00:00,13712.556
2011-07-29 23:00:00,13968.297
2011-07-30 00:00:00,14361.225
2011-07-30 01:00:00,14363.691
2011-07-30 02:00:00,14356.409
2011-07-30 03:00:00,14700.273
2011-07-30 04:00:00,14888.471
2011-07-30 05:00:00,15074.307
2011-07-30 06:00:00,15071.344
2011-07-30 07:00:00,14709.079
2011-07-30 08:00:00,14351.066
2011-07-30 09:00:00,13635.976
2011-07-30 10:00:00,13586.742
2011-07-30 11:00:00,13490.77
2011-07-30 12:00:00,13467.159
2011-07-30 13:00:00,13307.161
2011-07-30 14:00:00,13242.925
2011-07-30 15:00:00,13275.975
2011-07-30 16:00:00,13173.976
2011-07-30 17:00:00,13244.105
2011-07-30 18:00:00,13291.506
2011-07-30 19:00:00,13661.322
2011-07-30 20:00:00,13517.328
2011-07-30 21:00:00,13735.014
2011-07-30 22:00:00,13986.227
2011-07-30 23:00:00,14202.326
2011-07-31 00:00:00,14370.794
2011-07-31 01:00:00,14693.587
2011-07-31 02:00:00,14818.379
2011-07-31 03:00:00,14835.533
2011-07-31 04:00:00,15161.021
2011-07-31 05:00:00,15089.089
2011-07-31 06:00:00,15061.788
2011-07-31 07:00:00,14514.689
2011-07-31 08:00:00,14298.734
2011-07-31 09:00:00,13837.38
2011-07-31 10:00:00,13486.056
2011-07-31 11:00:00,13404.8955
2011-07-31 12:00:00,13164.068
2011-07-31 13:00:00,13126.535
2011-07-31 14:00:00,13117.839
2011-07-31 15:00:00,12855.424
2011-07-31 16:00:00,12814.01
2011-07-31 17:00:00,12786.159
2011-07-31 18:00:00,13440.519
2011-07-31 19:00:00,13987.195
2011-07-31 20:00:00,13979.782
2011-07-31 21:00:00,14246.69
2011-07-31 22:00:00,14888.722
2011-07-31 23:00:00,14700.949
2011-08-20 00:00:00,16441.994
2011-08-20 01:00:00,16205.562
2011-08-20 02:00:00,16000.807
2011-08-20 03:00:00,15993.006
2011-08-20 04:00:00,16399.895
2011-08-20 05:00:00,16238.736
2011-08-20 06:00:00,16165.555
2011-08-20 07:00:00,16170.624
2011-08-20 08:00:00,15345.447
2011-08-20 09:00:00,14920.89
2011-08-20 10:00:00,14668.908
2011-08-20 11:00:00,14509.479
2011-08-20 12:00:00,14478.887
2011-08-20 13:00:00,14271.469
2011-08-20 14:00:00,13782.6875
2011-08-20 15:00:00,13604.822
2011-08-20 16:00:00,13662.869
2011-08-20 17:00:00,13761.184
2011-08-20 18:00:00,14334.153
2011-08-20 19:00:00,14599.384
2011-08-20 20:00:00,14595.349
2011-08-20 21:00:00,14942.705
2011-08-20 22:00:00,15227.346
2011-08-20 23:00:00,15268.098
2011-08-21 00:00:00,15443.432
2011-08-21 01:00:00,15782.284
2011-08-21 02:00:00,15782.883
2011-08-21 03:00:00,15998.316
2011-08-21 04:00:00,15907.13
2011-08-21 05:00:00,16165.068
2011-08-21 06:00:00,16165.137
2011-08-21 07:00:00,15857.912
2011-08-21 08:00:00,15623.826
2011-08-21 09:00:00,15230.374
2011-08-21 10:00:00,15121.643
2011-08-21 11:00:00,14374.456
2011-08-21 12:00:00,14096.207
2011-08-21 13:00:00,14183.575
2011-08-21 14:00:00,15503.786
2011-08-21 15:00:00,15763.372
2011-08-21 16:00:00,15473.064
2011-08-21 17:00:00,15471.865
2011-08-21 18:00:00,15438.451
2011-08-21 19:00:00,14965.006
2011-08-21 20:00:00,15525.494
2011-08-21 21:00:00,15517.854
2011-08-21 22:00:00,15504.156
2011-08-21 23:00:00,15254.709
2011-08-22 00:00:00,15796.891
2011-08-22 01:00:00,15810.16
2011-08-22 02:00:00,14927.014
2011-08-22 03:00:00,14918.613
2011-08-22 04:00:00,15014.537
2011-08-22 05:00:00,15114.1875
2011-08-22 06:00:00,14917.156
2011-08-22 07:00:00,14908.344
2011-08-22 08:00:00,14900.84
2011-08-22 09:00:00,14518.82
2011-08-22 10:00:00,14148.728
2011-08-22 11:00:00,13761.507
2011-08-22 12:00:00,13759.998
2011-08-22 13:00:00,13743.947
2011-08-22 14:00:00,13715.619
2011-08-22 15:00:00,13682.644
2011-08-22 16:00:00,13705.4795
2011-08-22 17:00:00,13661.243
2011-08-22 18:00:00,13675.602
2011-08-22 19:00:00,13719.744
2011-08-22 20:00:00,13776.205
2011-08-22 21:00:00,13842.67
2011-08-22 22:00:00,13858.599
2011-08-22 23:00:00,13954.368
2011-08-23 00:00:00,14257.863
2011-08-23 01:00:00,14715.074
2011-08-23 02:00:00,14907.281
2011-08-23 03:00:00,14895.882
2011-08-23 04:00:00,15142.606
2011-08-23 05:00:00,15144.316
2011-08-23 06:00:00,15293.136
2011-08-23 07:00:00,14487.172
2011-08-23 08:00:00,14467.761
2011-08-23 09:00:00,14127.039
2011-08-23 10:00:00,13755.972
2011-08-23 11:00:00,13735.545
2011-08-23 12:00:00,13790.367
2011-08-23 13:00:00,13651.834
2011-08-23 14:00:00,13641.781
2011-08-23 15:00:00,13708.202
2011-08-23 16:00:00,13659.852
2011-08-23 17:00:00,13697.936
2011-08-23 18:00:00,13682.873
2011-08-23 19:00:00,14336.8125
2011-08-23 20:00:00,14497.458
2011-08-23 21:00:00,14654.037
2011-08-23 22:00:00,14685.748
2011-08-23 23:00:00,14870.641
2011-08-24 00:00:00,14847.322
2011-08-24 01:00:00,15014.721
2011-08-24 02:00:00,15623.174
2011-08-24 03:00:00,15615.549
2011-08-24 04:00:00,15938.668
2011-08-24 05:00:00,15930.811
2011-08-24 06:00:00,15952.467
2011-08-24 07:00:00,15156.482
2011-08-24 08:00:00,15399.941
2011-08-24 09:00:00,15296.908
2011-08-24 10:00:00,14617.715
2011-08-24 11:00:00,14358.906
2011-08-24 12:00:00,14322.389
2011-08-24 13:00:00,13925.59
2011-08-24 14:00:00,13918.482
2011-08-24 15:00:00,13907.968
2011-08-24 16:00:00,14060.18
2011-08-24 17:00:00,14060.0625
2011-08-24 18:00:00,14281.136
2011-08-24 19:00:00,14273.724
2011-08-24 20:00:00,14481.784
2011-08-24 21:00:00,14669.462
2011-08-24 22:00:00,14844.581
2011-08-24 23:00:00,15066.539
2011-08-25 00:00:00,15506.861
2011-08-25 01:00:00,15247.424
2011-08-25 02:00:00,15240.329
2011-08-25 03:00:00,15549.729
2011-08-25 04:00:00,15761.415
2011-08-25 05:00:00,15895.358
2011-08-25 06:00:00,15927.471
2011-08-25 07:00:00,15682.587
2011-08-25 08:00:00,15292.85
2011-08-25 09:00:00,15031.723
2011-08-25 10:00:00,14794.939
2011-08-25 11:00:00,15609.397
2011-08-25 12:00:00,15601.62
2011-08-25 13:00:00,15604.745
2011-08-25 14:00:00,15249.551
2011-08-25 15:00:00,14949.533
2011-08-25 16:00:00,15725.818
2011-08-25 17:00:00,15718.018
2011-08-25 18:00:00,15658.385
2011-08-25 19:00:00,15643.943
2011-08-25 20:00:00,15718.252
2011-08-25 21:00:00,15727.137
2011-08-25 22:00:00,16074.336
2011-08-25 23:00:00,16036.134
2011-08-26 00:00:00,16153.863
2011-08-26 01:00:00,16196.623
2011-08-26 02:00:00,16316.5
2011-08-26 03:00:00,16377.782
2011-08-26 04:00:00,16353.453
2011-08-26 05:00:00,16328.838
2011-08-26 06:00:00,16341.798
2011-08-26 07:00:00,16130.742
2011-08-26 08:00:00,16005.43
2011-08-26 09:00:00,15409.133
2011-08-26 10:00:00,14752.46
2011-08-26 11:00:00,14483.16
2011-08-26 12:00:00,14630.943
2011-08-26 13:00:00,14298.528
2011-08-26 14:00:00,14186.135
2011-08-26 15:00:00,14168.496
2011-08-26 16:00:00,14400.711
2011-08-26 17:00:00,15050.465
2011-08-26 18:00:00,15077.837
2011-08-26 19:00:00,15453.1455
2011-08-26 20:00:00,15448.6875
2011-08-26 21:00:00,15424.949
2011-08-26 22:00:00,15430.168
2011-08-26 23:00:00,15783.02
2011-08-27 00:00:00,15924.521
2011-08-27 01:00:00,15896.172
2011-08-27 02:00:00,15879.047
2011-08-27 03:00:00,15841.021
2011-08-27 04:00:00,15835.0
2011-08-27 05:00:00,15797.8955
2011-08-27 06:00:00,15791.871
2011-08-27 07:00:00,15761.023
2011-08-27 08:00:00,15798.482
2011-08-27 09:00:00,15724.089
2011-08-27 10:00:00,15525.777
2011-08-27 11:00:00,16041.611
2011-08-27 12:00:00,15793.887
2011-08-27 13:00:00,15830.113
2011-08-27 14:00:00,16024.578
2011-08-27 15:00:00,16018.775
2011-08-27 16:00:00,16025.309
2011-08-27 17:00:00,15927.893
2011-08-28 07:00:00,15993.381
2011-08-28 08:00:00,15963.097
2011-08-28 09:00:00,15473.121
2011-08-28 10:00:00,14754.815
2011-08-28 11:00:00,14625.05
2011-08-28 12:00:00,14163.766
2011-08-28 13:00:00,13802.793
2011-08-28 14:00:00,13726.298
2011-08-28 15:00:00,13707.885
2011-08-28 16:00:00,13610.59
2011-08-28 17:00:00,13689.324
2011-08-28 18:00:00,13737.191
2011-08-28 19:00:00,14037.236
2011-08-28 20:00:00,13920.406
2011-08-28 21:00:00,14791.775
2011-08-28 22:00:00,15257.126
2011-08-28 23:00:00,15552.02
2011-08-29 00:00:00,15718.295
2011-08-29 01:00:00,15551.504
2011-08-29 02:00:00,15507.674
2011-08-29 03:00:00,15536.181
2011-08-29 04:00:00,15677.697
2011-08-29 05:00:00,15922.426
2011-08-29 06:00:00,15914.576
2011-08-29 07:00:00,15008.452
2011-08-29 08:00:00,14787.57
2011-08-29 09:00:00,14609.865
2011-08-29 10:00:00,14256.232
2011-08-29 11:00:00,14255.491
2011-08-29 12:00:00,14015.254
2011-08-29 13:00:00,13759.271
2011-08-29 14:00:00,13895.943
2011-08-29 15:00:00,13874.977
2011-08-29 16:00:00,13795.055
2011-08-29 17:00:00,14074.842
2011-08-29 18:00:00,14193.688
2011-08-29 19:00:00,14186.344
2011-08-29 20:00:00,14493.904
2011-08-29 21:00:00,14487.957
2011-08-29 22:00:00,14685.748
2011-08-29 23:00:00,14851.694
2011-08-30 00:00:00,15961.62
2011-08-30 01:00:00,15707.192
2011-08-30 02:00:00,16027.278
2011-08-30 03:00:00,15993.482
2011-08-30 04:00:00,16219.009
2011-08-30 05:00:00,16244.12
2011-08-30 06:00:00,15995.902
2011-08-30 07:00:00,15654.794
2011-08-30 08:00:00,14789.846
2011-08-30 09:00:00,14410.96
2011-08-30 10:00:00,13832.54
2011-08-30 11:00:00,13749.3545
2011-08-30 12:00:00,13699.479
2011-08-30 13:00:00,13667.576
2011-08-30 14:00:00,13664.59
2011-08-30 15:00:00,13692.778
2011-08-30 16:00:00,13689.322
2011-08-30 17:00:00,13784.962
2011-08-30 18:00:00,13992.205
2011-08-30 19:00:00,14336.479
2011-08-30 20:00:00,14325.806
2011-08-30 21:00:00,15009.584
2011-08-30 22:00:00,14839.185
2011-08-30 23:00:00,14832.074
2011-08-31 00:00:00,15581.702
2011-08-31 01:00:00,15574.031
2011-08-31 02:00:00,15983.87
2011-08-31 03:00:00,16205.486
2011-08-31 04:00:00,15968.182
2011-08-31 05:00:00,16366.496
2011-08-31 06:00:00,16214.578
2011-08-31 07:00:00,16024.525
2011-08-31 08:00:00,15450.518
2011-08-31 09:00:00,15367.633
2011-08-31 10:00:00,14055.723
2011-08-31 11:00:00,13833.403
2011-08-31 12:00:00,13799.512
2011-08-31 13:00:00,13693.241
2011-08-31 14:00:00,13732.64
2011-08-31 15:00:00,13726.836
2011-08-31 16:00:00,13725.198
2011-08-31 17:00:00,13929.131
2011-08-31 18:00:00,14243.193
2011-08-31 19:00:00,13532.977
2011-08-31 20:00:00,14628.119
2011-08-31 21:00:00,14769.833
2011-08-31 22:00:00,15293.53
2011-08-31 23:00:00,15872.691
2011-09-20 00:00:00,15932.831
2011-09-20 01:00:00,16492.686
2011-09-20 02:00:00,16486.88
2011-09-20 03:00:00,16307.322
2011-09-20 04:00:00,16483.18
2011-09-20 05:00:00,16458.46
2011-09-20 06:00:00,16452.672
2011-09-20 07:00:00,16457.832
2011-09-20 08:00:00,16578.762
2011-09-20 09:00:00,16583.984
2011-09-20 10:00:00,16365.295
2011-09-20 11:00:00,16359.461
2011-09-20 12:00:00,16550.906
2011-09-20 13:00:00,16555.896
2011-09-20 14:00:00,16293.5
2011-09-20 15:00:00,15842.576
2011-09-20 16:00:00,16087.491
2011-09-20 17:00:00,16122.108
2011-09-20 18:00:00,16116.303
2011-09-20 19:00:00,16353.344
2011-09-20 20:00:00,16582.508
2011-09-20 21:00:00,16576.676
2011-09-20 22:00:00,16570.861
2011-09-20 23:00:00,16565.047
2011-09-21 00:00:00,16933.87
2011-09-21 01:00:00,16749.46
2011-09-21 02:00:00,16743.633
2011-09-21 03:00:00,16686.613
2011-09-21 04:00:00,16841.424
2011-09-21 05:00:00,16824.207
2011-09-21 06:00:00,16807.016
2011-09-21 07:00:00,16800.68
2011-09-21 08:00:00,16826.91
2011-09-21 09:00:00,16767.084
2011-09-21 10:00:00,16356.024
2011-09-21 11:00:00,16060.145
2011-09-21 12:00:00,15831.269
2011-09-21 13:00:00,15496.457
2011-09-21 14:00:00,15482.369
2011-09-21 15:00:00,15494.018
2011-09-21 16:00:00,15486.36
2011-09-21 17:00:00,15446.914
2011-09-21 18:00:00,15969.044
2011-09-21 19:00:00,16432.402
2011-09-21 20:00:00,16426.58
2011-09-21 21:00:00,16682.855
2011-09-21 22:00:00,16433.727
2011-09-21 23:00:00,16490.717
2011-09-22 00:00:00,16624.666
2011-09-22 01:00:00,16605.426
2011-09-22 02:00:00,16594.219
2011-09-22 03:00:00,16593.785
2011-09-22 04:00:00,16587.967
2011-09-22 05:00:00,16576.748
2011-09-22 06:00:00,16757.559
2011-09-22 07:00:00,16762.098
2011-09-22 08:00:00,16733.807
2011-09-22 09:00:00,16439.234
2011-09-22 10:00:00,16192.004
2011-09-22 11:00:00,16196.99
2011-09-22 12:00:00,15940.743
2011-09-22 13:00:00,15922.119
2011-09-22 14:00:00,15903.4795
2011-09-22 15:00:00,15659.201
2011-09-22 16:00:00,15410.023
2011-09-22 17:00:00,15718.912
2011-09-22 18:00:00,16010.166
2011-09-22 19:00:00,16188.164
2011-09-22 20:00:00,16396.777
2011-09-22 21:00:00,16176.522
2011-09-22 22:00:00,16622.361
2011-09-22 23:00:00,16427.889
2011-09-23 00:00:00,16525.275
2011-09-23 01:00:00,16833.918
2011-09-23 02:00:00,16789.422
2011-09-23 03:00:00,16821.225
2011-09-23 04:00:00,16796.322
2011-09-23 05:00:00,16528.574
2011-09-23 06:00:00,16490.32
2011-09-23 07:00:00,16449.55
2011-09-23 08:00:00,16443.725
2011-09-23 09:00:00,16659.174
2011-09-23 10:00:00,16663.332
2011-09-23 11:00:00,16657.727
2011-09-23 12:00:00,16431.209
2011-09-23 13:00:00,16706.367
2011-09-23 14:00:00,16700.387
2011-09-23 15:00:00,16413.746
2011-09-23 16:00:00,16445.723
2011-09-23 17:00:00,16732.137
2011-09-23 18:00:00,16744.363
2011-09-23 19:00:00,16417.246
2011-09-23 20:00:00,16541.852
2011-09-23 21:00:00,16671.863
2011-09-23 22:00:00,16470.797
2011-09-23 23:00:00,16608.795
2011-09-24 00:00:00,16788.588
2011-09-24 01:00:00,16590.258
2011-09-24 02:00:00,16584.438
2011-09-24 03:00:00,16629.82
2011-09-24 04:00:00,16642.672
2011-09-24 05:00:00,16618.059
2011-09-24 06:00:00,16612.242
2011-09-24 07:00:00,16427.889
2011-09-24 08:00:00,16430.502
2011-09-24 09:00:00,16334.223
2011-09-24 10:00:00,16328.398
2011-09-24 11:00:00,16091.98
2011-09-24 12:00:00,16086.15
2011-09-24 13:00:00,15871.056
2011-09-24 14:00:00,15500.992
2011-09-24 15:00:00,15493.334
2011-09-24 16:00:00,15804.571
2011-09-24 17:00:00,15503.356
2011-09-24 18:00:00,15804.647
2011-09-24 19:00:00,16270.887
2011-09-24 20:00:00,16090.775
2011-09-24 21:00:00,16052.553
2011-09-24 22:00:00,16234.634
2011-09-24 23:00:00,16252.718
2011-09-25 00:00:00,16419.059
2011-09-25 01:00:00,16375.432
2011-09-25 02:00:00,16618.035
2011-09-25 03:00:00,16612.203
2011-09-25 04:00:00,16557.791
2011-09-25 05:00:00,16376.305
2011-09-25 06:00:00,16346.308
2011-09-25 07:00:00,16559.113
2011-09-25 08:00:00,16316.166
2011-09-25 09:00:00,16105.107
2011-09-25 10:00:00,16099.277
2011-09-25 11:00:00,15758.049
2011-09-25 12:00:00,15786.85
2011-09-25 13:00:00,15467.71
2011-09-25 14:00:00,15771.278
2011-09-25 15:00:00,15763.479
2011-09-25 16:00:00,15167.963
2011-09-25 17:00:00,15455.997
2011-09-25 18:00:00,15448.329
2011-09-25 19:00:00,16017.241
2011-09-25 20:00:00,16027.545
2011-09-25 21:00:00,16430.705
2011-09-25 22:00:00,16221.008
2011-09-25 23:00:00,16394.885
2011-09-26 00:00:00,16557.695
2011-09-26 01:00:00,16310.189
2011-09-26 02:00:00,16304.359
2011-09-26 03:00:00,16540.213
2011-09-26 04:00:00,16501.984
2011-09-26 05:00:00,16324.689
2011-09-26 06:00:00,16490.32
2011-09-26 07:00:00,16516.926
2011-09-26 08:00:00,16511.105
2011-09-26 09:00:00,16204.492
2011-09-26 10:00:00,16198.669
2011-09-26 11:00:00,15689.246
2011-09-26 12:00:00,15677.326
2011-09-26 13:00:00,15302.159
2011-09-26 14:00:00,15101.787
2011-09-26 15:00:00,14631.357
2011-09-26 16:00:00,14851.033
2011-09-26 17:00:00,15088.726
2011-09-26 18:00:00,15941.463
2011-09-26 19:00:00,15909.176
2011-09-26 20:00:00,16180.827
2011-09-26 21:00:00,16174.991
2011-09-26 22:00:00,16399.773
2011-09-26 23:00:00,16393.945
2011-09-27 00:00:00,16527.895
2011-09-27 01:00:00,16511.25
2011-09-27 02:00:00,16527.027
2011-09-27 03:00:00,16540.219
2011-09-27 04:00:00,16483.195
2011-09-27 05:00:00,16477.377
2011-09-27 06:00:00,16484.959
2011-09-27 07:00:00,16479.13
2011-09-27 08:00:00,16242.705
2011-09-27 09:00:00,16185.697
2011-09-27 10:00:00,16364.951
2011-09-27 11:00:00,16168.92
2011-09-27 12:00:00,16152.3125
2011-09-27 13:00:00,15275.514
2011-09-27 14:00:00,15678.496
2011-09-27 15:00:00,15861.211
2011-09-27 16:00:00,15899.307
2011-09-27 17:00:00,16101.592
2011-09-27 18:00:00,16141.28
2011-09-27 19:00:00,16167.8545
2011-09-27 20:00:00,15845.531
2011-09-27 21:00:00,16132.494
2011-09-27 22:00:00,16268.385
2011-09-27 23:00:00,16262.571
2011-09-28 00:00:00,16428.91
2011-09-28 01:00:00,16423.086
2011-09-28 02:00:00,16325.33
2011-09-28 03:00:00,16589.646
2011-09-28 04:00:00,16405.61
2011-09-28 05:00:00,16610.414
2011-09-28 06:00:00,16526.42
2011-09-28 07:00:00,16520.588
2011-09-28 08:00:00,16411.352
2011-09-28 09:00:00,16405.52
2011-09-28 10:00:00,16499.457
2011-09-28 11:00:00,15964.791
2011-09-28 12:00:00,15721.984
2011-09-28 13:00:00,15284.901
2011-09-28 14:00:00,14660.271
2011-09-28 15:00:00,15106.302
2011-09-28 16:00:00,15070.646
2011-09-28 17:00:00,15059.745
2011-09-28 18:00:00,15842.792
2011-09-28 19:00:00,15836.784
2011-09-28 20:00:00,15985.027
2011-09-28 21:00:00,16175.798
2011-09-28 22:00:00,16268.385
2011-09-28 23:00:00,16475.793
2011-09-29 00:00:00,16588.168
2011-09-29 01:00:00,16763.193
2011-09-29 02:00:00,16756.838
2011-09-29 03:00:00,16551.908
2011-09-29 04:00:00,16316.684
2011-09-29 05:00:00,16343.197
2011-09-29 06:00:00,16342.762
2011-09-29 07:00:00,16339.557
2011-09-29 08:00:00,16208.197
2011-09-29 09:00:00,15862.733
2011-09-29 10:00:00,15103.967
2011-09-29 11:00:00,14974.326
2011-09-29 12:00:00,14855.213
2011-09-29 13:00:00,14892.497
2011-09-29 14:00:00,14332.729
2011-09-29 15:00:00,14025.819
2011-09-29 16:00:00,13874.658
2011-09-29 17:00:00,14188.891
2011-09-29 18:00:00,13948.066
2011-09-29 19:00:00,14403.029
2011-09-29 20:00:00,14557.481
2011-09-29 21:00:00,14837.268
2011-09-29 22:00:00,15564.791
2011-09-29 23:00:00,16128.662
2011-09-30 00:00:00,16442.555
2011-09-30 01:00:00,16262.847
2011-09-30 02:00:00,16430.918
2011-09-30 03:00:00,16425.107
2011-09-30 04:00:00,16385.299
2011-09-30 05:00:00,16379.504
2011-09-30 06:00:00,16361.246
2011-09-30 07:00:00,16355.441
2011-09-30 08:00:00,16147.43
2011-09-30 09:00:00,15868.314
2011-09-30 10:00:00,15162.99
2011-09-30 11:00:00,14717.816
2011-09-30 12:00:00,14707.029
2011-09-30 13:00:00,14199.9375
2011-09-30 14:00:00,14236.736
2011-09-30 15:00:00,14392.971
2011-09-30 16:00:00,14556.768
2011-09-30 17:00:00,14548.563
2011-09-30 18:00:00,14596.459
2011-09-30 19:00:00,14843.797
2011-09-30 20:00:00,14836.705
2011-09-30 21:00:00,15043.107
2011-09-30 22:00:00,15033.244
2011-09-30 23:00:00,15025.74
2011-10-20 00:00:00,16586.041
2011-10-20 01:00:00,16374.852
2011-10-20 02:00:00,16331.865
2011-10-20 03:00:00,16305.238
2011-10-20 04:00:00,16299.444
2011-10-20 05:00:00,16393.133
2011-10-20 06:00:00,16474.926
2011-10-20 07:00:00,16364.529
2011-10-20 08:00:00,15973.731
2011-10-20 09:00:00,15976.275
2011-10-20 10:00:00,15523.25
2011-10-20 11:00:00,15249.564
2011-10-20 12:00:00,14924.253
2011-10-20 13:00:00,14712.745
2011-10-20 14:00:00,14898.072
2011-10-20 15:00:00,15016.551
2011-10-20 16:00:00,15008.988
2011-10-20 17:00:00,14872.133
2011-10-20 18:00:00,15071.739
2011-10-20 19:00:00,15075.429
2011-10-20 20:00:00,15055.307
2011-10-20 21:00:00,15132.48
2011-10-20 22:00:00,15125.207
2011-10-20 23:00:00,15500.156
2011-10-21 00:00:00,15944.448
2011-10-21 01:00:00,15945.365
2011-10-21 02:00:00,16218.49
2011-10-21 03:00:00,16549.621
2011-10-21 04:00:00,16531.418
2011-10-21 05:00:00,16722.191
2011-10-21 06:00:00,16519.816
2011-10-21 07:00:00,16514.004
2011-10-21 08:00:00,15896.412
2011-10-21 09:00:00,15561.648
2011-10-21 10:00:00,15143.838
2011-10-21 11:00:00,14731.252
2011-10-21 12:00:00,14726.26
2011-10-21 13:00:00,14911.666
2011-10-21 14:00:00,14520.359
2011-10-21 15:00:00,14704.555
2011-10-21 16:00:00,14696.604
2011-10-21 17:00:00,15079.037
2011-10-21 18:00:00,15280.909
2011-10-21 19:00:00,15275.461
2011-10-21 20:00:00,15265.453
2011-10-21 21:00:00,15487.035
2011-10-21 22:00:00,15324.342
2011-10-21 23:00:00,15754.072
2011-10-22 00:00:00,15967.746
2011-10-22 01:00:00,15960.076
2011-10-22 02:00:00,15937.409
2011-10-22 03:00:00,15954.233
2011-10-22 04:00:00,16234.801
2011-10-22 05:00:00,16252.865
2011-10-22 06:00:00,16546.455
2011-10-22 07:00:00,16675.43
2011-10-22 08:00:00,16413.094
2011-10-22 09:00:00,16102.602
2011-10-22 10:00:00,15742.679
2011-10-22 11:00:00,15733.892
2011-10-22 12:00:00,15291.727
2011-10-22 13:00:00,14717.953
2011-10-22 14:00:00,14900.657
2011-10-22 15:00:00,15050.585
2011-10-22 16:00:00,14706.352
2011-10-22 17:00:00,15269.935
2011-10-22 18:00:00,15274.831
2011-10-22 19:00:00,15977.383
2011-10-22 20:00:00,16042.629
2011-10-22 21:00:00,16497.11
2011-10-22 22:00:00,16491.295
2011-10-22 23:00:00,16720.45
2011-10-23 00:00:00,17058.84
2011-10-23 01:00:00,17053.064
2011-10-23 02:00:00,17095.68
2011-10-23 03:00:00,17097.512
2011-10-23 04:00:00,17091.795
2011-10-23 05:00:00,17143.156
2011-10-23 06:00:00,17123.207
2011-10-23 07:00:00,17066.703
2011-10-23 08:00:00,17013.566
2011-10-23 09:00:00,16566.775
2011-10-23 10:00:00,16302.1
2011-10-23 11:00:00,16183.17
2011-10-23 12:00:00,15368.143
2011-10-23 13:00:00,15114.967
2011-10-23 14:00:00,15108.09
2011-10-23 15:00:00,14958.874
2011-10-23 16:00:00,15092.511
2011-10-23 17:00:00,15510.49
2011-10-23 18:00:00,15514.971
2011-10-23 19:00:00,16369.396
2011-10-23 20:00:00,16206.063
2011-10-23 21:00:00,16198.463
2011-10-23 22:00:00,16425.023
2011-10-23 23:00:00,16394.422
2011-10-24 00:00:00,16583.541
2011-10-24 01:00:00,16733.143
2011-10-24 02:00:00,16887.193
2011-10-24 03:00:00,16738.012
2011-10-24 04:00:00,16765.36
2011-10-24 05:00:00,16964.72
2011-10-24 06:00:00,16864.002
2011-10-24 07:00:00,17115.947
2011-10-24 08:00:00,16785.113
2011-10-24 09:00:00,16543.14
2011-10-24 10:00:00,16444.084
2011-10-24 11:00:00,16007.124
2011-10-24 12:00:00,15739.22
2011-10-24 13:00:00,15397.467
2011-10-24 14:00:00,15380.913
2011-10-24 15:00:00,15155.021
2011-10-24 16:00:00,15384.687
2011-10-24 17:00:00,15713.425
2011-10-24 18:00:00,15175.06
2011-10-24 19:00:00,16415.168
2011-10-24 20:00:00,16409.148
2011-10-24 21:00:00,16608.547
2011-10-24 22:00:00,16161.472
2011-10-24 23:00:00,16303.856
2011-10-25 00:00:00,16474.738
2011-10-25 01:00:00,16468.934
2011-10-25 02:00:00,16671.236
2011-10-25 03:00:00,16920.062
2011-10-25 04:00:00,16920.86
2011-10-25 05:00:00,16915.059
2011-10-25 06:00:00,16771.395
2011-10-25 07:00:00,16491.174
2011-10-25 08:00:00,16312.406
2011-10-25 09:00:00,15270.831
2011-10-25 10:00:00,15005.392
2011-10-25 11:00:00,14795.443
2011-10-25 12:00:00,14311.823
2011-10-25 13:00:00,14135.033
2011-10-25 14:00:00,14282.604
2011-10-25 15:00:00,14152.108
2011-10-25 16:00:00,14135.668
2011-10-25 17:00:00,14137.896
2011-10-25 18:00:00,14486.335
2011-10-25 19:00:00,15774.33
2011-10-25 20:00:00,15856.644
2011-10-25 21:00:00,16175.684
2011-10-25 22:00:00,15821.016
2011-10-25 23:00:00,16160.319
2011-10-26 00:00:00,16297.375
2011-10-26 01:00:00,16041.443
2011-10-26 02:00:00,16052.482
2011-10-26 03:00:00,16030.797
2011-10-26 04:00:00,16275.695
2011-10-26 05:00:00,16281.884
2011-10-26 06:00:00,16276.171
2011-10-26 07:00:00,16294.275
2011-10-26 08:00:00,15979.225
2011-10-26 09:00:00,15593.306
2011-10-26 10:00:00,15414.717
2011-10-26 11:00:00,15307.598
2011-10-26 12:00:00,14779.437
2011-10-26 13:00:00,15131.127
2011-10-26 14:00:00,16201.534
2011-10-26 15:00:00,16195.713
2011-10-26 16:00:00,16155.857
2011-10-26 17:00:00,16143.975
2011-10-26 18:00:00,16133.309
2011-10-26 19:00:00,16396.45
2011-10-26 20:00:00,16569.125
2011-10-26 21:00:00,16160.895
2011-10-26 22:00:00,16562.604
2011-10-26 23:00:00,16556.78
2011-10-27 00:00:00,16984.451
2011-10-27 01:00:00,16978.107
2011-10-27 02:00:00,16933.531
2011-10-27 03:00:00,16926.969
2011-10-27 04:00:00,16681.031
2011-10-27 05:00:00,16642.574
2011-10-27 06:00:00,16434.578
2011-10-27 07:00:00,16884.65
2011-10-27 08:00:00,16586.59
2011-10-27 09:00:00,16374.703
2011-10-27 10:00:00,16518.887
2011-10-27 11:00:00,16535.162
2011-10-27 12:00:00,16529.355
2011-10-27 13:00:00,16531.393
2011-10-27 14:00:00,16380.03
2011-10-27 15:00:00,16336.438
2011-10-27 16:00:00,15802.107
2011-10-27 17:00:00,15899.055
2011-10-27 18:00:00,15745.513
2011-10-27 19:00:00,15867.656
2011-10-27 20:00:00,15944.328
2011-10-27 21:00:00,15788.99
2011-10-27 22:00:00,16200.654
2011-10-27 23:00:00,16046.129
2011-10-28 00:00:00,16453.396
2011-10-28 01:00:00,16502.914
2011-10-28 02:00:00,16486.55
2011-10-28 03:00:00,16653.06
2011-10-28 04:00:00,16501.707
2011-10-28 05:00:00,16289.678
2011-10-28 06:00:00,16556.445
2011-10-28 07:00:00,16550.625
2011-10-28 08:00:00,16277.998
2011-10-28 09:00:00,16004.023
2011-10-28 10:00:00,15914.127
2011-10-28 11:00:00,15498.411
2011-10-28 12:00:00,14882.095
2011-10-28 13:00:00,14962.424
2011-10-28 14:00:00,15274.254
2011-10-28 15:00:00,15159.221
2011-10-28 16:00:00,15258.835
2011-10-28 17:00:00,15438.5
2011-10-28 18:00:00,15557.941
2011-10-28 19:00:00,15423.568
2011-10-28 20:00:00,16020.449
2011-10-28 21:00:00,16475.258
2011-10-28 22:00:00,16654.166
2011-10-28 23:00:00,16838.484
2011-10-29 00:00:00,17234.908
2011-10-29 01:00:00,17170.904
2011-10-29 02:00:00,17165.168
2011-10-29 03:00:00,16926.637
2011-10-29 04:00:00,16920.846
2011-10-29 05:00:00,17468.514
2011-10-29 06:00:00,17255.516
2011-10-29 07:00:00,17249.203
2011-10-29 08:00:00,17161.723
2011-10-29 09:00:00,17155.926
2011-10-29 10:00:00,17450.203
2011-10-29 11:00:00,17417.885
2011-10-29 12:00:00,17245.93
2011-10-29 13:00:00,17227.736
2011-10-29 14:00:00,17252.855
2011-10-29 15:00:00,17539.496
2011-10-29 16:00:00,17529.162
2011-10-29 17:00:00,17522.912
2011-10-29 18:00:00,17516.63
2011-10-29 19:00:00,17274.902
2011-10-29 20:00:00,17269.186
2011-10-29 21:00:00,17263.445
2011-10-29 22:00:00,17348.979
2011-10-29 23:00:00,17327.799
2011-10-30 00:00:00,17491.469
2011-10-30 01:00:00,17471.703
2011-10-30 02:00:00,17451.213
2011-10-30 03:00:00,17001.467
2011-10-30 04:00:00,17216.828
2011-10-30 05:00:00,17014.65
2011-10-30 06:00:00,17001.96
2011-10-30 07:00:00,16998.049
2011-10-30 08:00:00,16768.46
2011-10-30 09:00:00,16488.625
2011-10-30 10:00:00,16176.51
2011-10-30 11:00:00,15645.308
2011-10-30 12:00:00,15369.558
2011-10-30 13:00:00,14965.936
2011-10-30 14:00:00,14682.05
2011-10-30 15:00:00,14546.967
2011-10-30 16:00:00,14419.588
2011-10-30 17:00:00,14595.602
2011-10-30 18:00:00,14987.924
2011-10-30 19:00:00,14663.762
2011-10-30 20:00:00,15815.428
2011-10-30 21:00:00,16342.292
2011-10-30 22:00:00,16742.61
2011-10-30 23:00:00,17207.531
2011-10-31 00:00:00,17346.836
2011-10-31 01:00:00,17146.344
2011-10-31 02:00:00,17394.078
2011-10-31 03:00:00,17397.764
2011-10-31 04:00:00,17381.13
2011-10-31 05:00:00,17624.54
2011-10-31 06:00:00,17368.16
2011-10-31 07:00:00,17553.582
2011-10-31 08:00:00,17214.691
2011-10-31 09:00:00,16747.78
2011-10-31 10:00:00,15797.199
2011-10-31 11:00:00,15295.172
2011-10-31 12:00:00,14939.772
2011-10-31 13:00:00,14855.482
2011-10-31 14:00:00,14982.08
2011-10-31 15:00:00,14987.453
2011-10-31 16:00:00,15366.856
2011-10-31 17:00:00,15350.646
2011-10-31 18:00:00,16041.986
2011-10-31 19:00:00,16034.162
2011-10-31 20:00:00,16026.328
2011-10-31 21:00:00,16553.432
2011-10-31 22:00:00,16547.635
2011-10-31 23:00:00,16541.834
2011-11-20 00:00:00,16244.467
2011-11-20 01:00:00,15946.214
2011-11-20 02:00:00,15925.454
2011-11-20 03:00:00,16103.921
2011-11-20 04:00:00,16311.559
2011-11-20 05:00:00,16067.291
2011-11-20 06:00:00,16064.319
2011-11-20 07:00:00,16081.24
2011-11-20 08:00:00,16232.546
2011-11-20 09:00:00,16267.443
2011-11-20 10:00:00,16257.951
2011-11-20 11:00:00,15553.099
2011-11-20 12:00:00,15532.43
2011-11-20 13:00:00,15242.371
2011-11-20 14:00:00,15444.863
2011-11-20 15:00:00,15706.265
2011-11-20 16:00:00,15416.186
2011-11-20 17:00:00,15395.443
2011-11-20 18:00:00,15362.477
2011-11-20 19:00:00,15972.166
2011-11-20 20:00:00,15688.162
2011-11-20 21:00:00,16248.634
2011-11-20 22:00:00,16609.23
2011-11-20 23:00:00,16603.406
2011-11-21 00:00:00,16965.916
2011-11-21 01:00:00,16862.006
2011-11-21 02:00:00,17100.553
2011-11-21 03:00:00,17117.566
2011-11-21 04:00:00,17111.285
2011-11-21 05:00:00,17173.625
2011-11-21 06:00:00,17226.049
2011-11-21 07:00:00,16857.21
2011-11-21 08:00:00,16913.615
2011-11-21 09:00:00,16811.41
2011-11-21 10:00:00,16403.338
2011-11-21 11:00:00,16359.737
2011-11-21 12:00:00,16216.992
2011-11-21 13:00:00,16211.194
2011-11-21 14:00:00,16389.396
2011-11-21 15:00:00,16825.965
2011-11-21 16:00:00,16820.156
2011-11-21 17:00:00,16843.113
2011-11-21 18:00:00,16697.248
2011-11-21 19:00:00,16926.107
2011-11-21 20:00:00,16699.957
2011-11-21 21:00:00,16717.164
2011-11-21 22:00:00,16722.414
2011-11-21 23:00:00,16705.57
2011-11-22 00:00:00,17140.893
2011-11-22 01:00:00,17064.57
2011-11-22 02:00:00,17310.55
2011-11-22 03:00:00,17304.285
2011-11-22 04:00:00,17092.553
2011-11-22 05:00:00,17086.281
2011-11-22 06:00:00,17122.217
2011-11-22 07:00:00,17048.863
2011-11-22 08:00:00,17042.385
2011-11-22 09:00:00,17066.898
2011-11-22 10:00:00,17060.621
2011-11-22 11:00:00,17000.355
2011-11-22 12:00:00,17195.27
2011-11-22 13:00:00,17130.803
2011-11-22 14:00:00,17124.547
2011-11-22 15:00:00,16908.89
2011-11-22 16:00:00,16902.51
2011-11-22 17:00:00,17047.281
2011-11-22 18:00:00,17073.676
2011-11-22 19:00:00,16790.822
2011-11-22 20:00:00,16936.736
2011-11-22 21:00:00,16918.844
2011-11-22 22:00:00,16646.896
2011-11-22 23:00:00,16675.092
2011-11-23 00:00:00,16808.445
2011-11-23 01:00:00,16786.094
2011-11-23 02:00:00,16681.537
2011-11-23 03:00:00,16675.746
2011-11-23 04:00:00,16430.455
2011-11-23 05:00:00,16857.797
2011-11-23 06:00:00,17167.465
2011-11-23 07:00:00,17070.486
2011-11-23 08:00:00,16817.22
2011-11-23 09:00:00,16665.988
2011-11-23 10:00:00,16660.2
2011-11-23 11:00:00,15952.238
2011-11-23 12:00:00,15246.514
2011-11-23 13:00:00,15315.91
2011-11-23 14:00:00,15394.725
2011-11-23 15:00:00,15374.032
2011-11-23 16:00:00,15811.453
2011-11-23 17:00:00,16227.146
2011-11-23 18:00:00,15610.428
2011-11-23 19:00:00,15683.178
2011-11-23 20:00:00,16002.398
2011-11-23 21:00:00,15819.818
2011-11-23 22:00:00,16062.34
2011-11-23 23:00:00,16032.101
2011-11-24 00:00:00,16099.107
2011-11-24 01:00:00,16123.318
2011-11-24 02:00:00,16340.88
2011-11-24 03:00:00,16603.934
2011-11-24 04:00:00,16301.647
2011-11-24 05:00:00,16290.356
2011-11-24 06:00:00,16285.806
2011-11-24 07:00:00,16956.477
2011-11-24 08:00:00,16474.264
2011-11-24 09:00:00,16142.55
2011-11-24 10:00:00,15826.748
2011-11-24 11:00:00,14838.814
2011-11-24 12:00:00,14491.086
2011-11-24 13:00:00,14275.811
2011-11-24 14:00:00,14177.723
2011-11-24 15:00:00,14162.747
2011-11-24 16:00:00,14221.854
2011-11-24 17:00:00,14259.883
2011-11-24 18:00:00,15189.34
2011-11-24 19:00:00,15406.627
2011-11-24 20:00:00,16605.84
2011-11-24 21:00:00,16447.328
2011-11-24 22:00:00,16441.533
2011-11-24 23:00:00,16643.99
2011-11-25 00:00:00,16763.564
2011-11-25 01:00:00,16772.703
2011-11-25 02:00:00,17096.38
2011-11-25 03:00:00,16908.852
2011-11-25 04:00:00,16821.477
2011-11-25 05:00:00,16888.215
2011-11-25 06:00:00,17129.46
2011-11-25 07:00:00,17111.557
2011-11-25 08:00:00,17106.9
2011-11-25 09:00:00,16782.412
2011-11-25 10:00:00,16496.61
2011-11-25 11:00:00,16092.391
2011-11-25 12:00:00,15128.066
2011-11-25 13:00:00,14717.059
2011-11-25 14:00:00,14384.046
2011-11-25 15:00:00,14241.127
2011-11-25 16:00:00,14439.709
2011-11-25 17:00:00,14216.047
2011-11-25 18:00:00,14761.5205
2011-11-25 19:00:00,16040.254
2011-11-25 20:00:00,15585.692
2011-11-25 21:00:00,16445.068
2011-11-25 22:00:00,16488.72
2011-11-25 23:00:00,16629.443
2011-11-26 00:00:00,16772.137
2011-11-26 01:00:00,16828.79
2011-11-26 02:00:00,17023.887
2011-11-26 03:00:00,17031.438
2011-11-26 04:00:00,17025.652
2011-11-26 05:00:00,16824.943
2011-11-26 06:00:00,16805.652
2011-11-26 07:00:00,17321.584
2011-11-26 08:00:00,16788.178
2011-11-26 09:00:00,16726.111
2011-11-26 10:00:00,16822.213
2011-11-26 11:00:00,15897.893
2011-11-26 12:00:00,15173.3545
2011-11-26 13:00:00,14739.238
2011-11-26 14:00:00,14901.842
2011-11-26 15:00:00,14570.889
2011-11-26 16:00:00,14908.875
2011-11-26 17:00:00,14901.399
2011-11-26 18:00:00,15729.571
2011-11-26 19:00:00,16283.723
2011-11-26 20:00:00,15531.256
2011-11-26 21:00:00,16713.232
2011-11-26 22:00:00,16528.77
2011-11-26 23:00:00,16746.871
2011-11-27 00:00:00,16880.182
2011-11-27 01:00:00,16874.39
2011-11-27 02:00:00,16924.863
2011-11-27 03:00:00,17097.512
2011-11-27 04:00:00,17078.598
2011-11-27 05:00:00,17008.879
2011-11-27 06:00:00,16758.188
2011-11-27 07:00:00,16879.48
2011-11-27 08:00:00,16634.5
2011-11-27 09:00:00,16161.779
2011-11-27 10:00:00,16155.715
2011-11-27 11:00:00,15562.691
2011-11-27 12:00:00,15098.411
2011-11-27 13:00:00,15252.328
2011-11-27 14:00:00,14093.2295
2011-11-27 15:00:00,14105.516
2011-11-27 16:00:00,14811.178
2011-11-27 17:00:00,15063.097
2011-11-27 18:00:00,15489.746
2011-11-27 19:00:00,15779.485
2011-11-27 20:00:00,15467.087
2011-11-27 21:00:00,15744.936
2011-11-27 22:00:00,15998.102
2011-11-27 23:00:00,15990.277
2011-11-28 00:00:00,16356.682
2011-11-28 01:00:00,16344.686
2011-11-28 03:00:00,16754.682
2011-11-28 04:00:00,16619.85
2011-11-28 05:00:00,16908.47
2011-11-28 06:00:00,16664.512
2011-11-28 07:00:00,16870.43
2011-11-28 08:00:00,17033.215
2011-11-28 09:00:00,16701.074
2011-11-28 10:00:00,16284.686
2011-11-28 11:00:00,15746.846
2011-11-28 12:00:00,15157.803
2011-11-28 13:00:00,14885.272
2011-11-28 14:00:00,14699.9375
2011-11-28 15:00:00,15090.3545
2011-11-28 16:00:00,15156.967
2011-11-28 17:00:00,14911.437
2011-11-28 18:00:00,15307.508
2011-11-28 19:00:00,15854.066
2011-11-28 20:00:00,15820.321
2011-11-28 21:00:00,16013.398
2011-11-28 22:00:00,16295.662
2011-11-28 23:00:00,16279.144
2011-11-29 00:00:00,16480.357
2011-11-29 01:00:00,16442.152
2011-11-29 02:00:00,16655.162
2011-11-29 03:00:00,16649.324
2011-11-29 04:00:00,16309.811
2011-11-29 05:00:00,16551.244
2011-11-29 06:00:00,16336.471
2011-11-29 07:00:00,16172.223
2011-11-29 08:00:00,16085.528
2011-11-29 09:00:00,15789.592
2011-11-29 10:00:00,15781.92
2011-11-29 11:00:00,16470.88
2011-11-29 12:00:00,16457.027
2011-11-29 13:00:00,16354.256
2011-11-29 14:00:00,16955.533
2011-11-29 15:00:00,16685.55
2011-11-29 16:00:00,16723.162
2011-11-29 17:00:00,16706.023
2011-11-29 18:00:00,16547.531
2011-11-29 19:00:00,16529.328
2011-11-29 20:00:00,16763.484
2011-11-29 21:00:00,16757.688
2011-11-29 22:00:00,16600.28
2011-11-29 23:00:00,16506.61
2011-11-30 00:00:00,16153.83
2011-11-30 01:00:00,16445.93
2011-11-30 02:00:00,16624.85
2011-11-30 03:00:00,16619.043
2011-11-30 04:00:00,16822.723
2011-11-30 05:00:00,17068.82
2011-11-30 06:00:00,17318.146
2011-11-30 07:00:00,17123.65
2011-11-30 08:00:00,17051.422
2011-11-30 09:00:00,16768.941
2011-11-30 10:00:00,16385.184
2011-11-30 11:00:00,15554.098
2011-11-30 12:00:00,15650.791
2011-11-30 13:00:00,15010.669
2011-11-30 14:00:00,15003.566
2011-11-30 15:00:00,15315.055
2011-11-30 16:00:00,15306.865
2011-11-30 17:00:00,15527.803
2011-11-30 18:00:00,15534.193
2011-11-30 19:00:00,15902.371
2011-11-30 20:00:00,15895.297
2011-11-30 21:00:00,15768.701
2011-11-30 22:00:00,15951.526
2011-11-30 23:00:00,15842.619
2011-12-20 00:00:00,15893.419
2011-12-20 01:00:00,15640.043
2011-12-20 02:00:00,16128.172
2011-12-20 03:00:00,16120.352
2011-12-20 04:00:00,15608.821
2011-12-20 05:00:00,15831.322
2011-12-20 06:00:00,15822.574
2011-12-20 07:00:00,16068.828
2011-12-20 08:00:00,15390.814
2011-12-20 09:00:00,16262.447
2011-12-20 10:00:00,15564.086
2011-12-20 11:00:00,15860.156
2011-12-20 12:00:00,15311.392
2011-12-20 13:00:00,15304.303
2011-12-20 14:00:00,15448.18
2011-12-20 15:00:00,15249.213
2011-12-20 16:00:00,15251.922
2011-12-20 17:00:00,15830.699
2011-12-20 18:00:00,16085.154
2011-12-20 19:00:00,16133.148
2011-12-20 20:00:00,16198.18
2011-12-20 21:00:00,16198.281
2011-12-20 22:00:00,16162.434
2011-12-20 23:00:00,15870.952
2011-12-21 00:00:00,16598.309
2011-12-21 01:00:00,16316.387
2011-12-21 02:00:00,16535.385
2011-12-21 03:00:00,16529.578
2011-12-21 04:00:00,16523.777
2011-12-21 05:00:00,16752.756
2011-12-21 06:00:00,16990.586
2011-12-21 07:00:00,16971.61
2011-12-21 08:00:00,17153.127
2011-12-21 09:00:00,16778.07
2011-12-21 10:00:00,16314.367
2011-12-21 11:00:00,16308.577
2011-12-21 12:00:00,16534.95
2011-12-21 13:00:00,16804.484
2011-12-21 14:00:00,16499.17
2011-12-21 15:00:00,16480.945
2011-12-21 16:00:00,16954.121
2011-12-21 17:00:00,16947.85
2011-12-21 18:00:00,16972.18
2011-12-21 19:00:00,16609.127
2011-12-21 20:00:00,16591.574
2011-12-21 21:00:00,16453.125
2011-12-21 22:00:00,16459.562
2011-12-21 23:00:00,16475.793
2011-12-22 00:00:00,16444.637
2011-12-22 01:00:00,16996.92
2011-12-22 02:00:00,16508.043
2011-12-22 03:00:00,16033.887
2011-12-22 04:00:00,16766.473
2011-12-22 05:00:00,16810.29
2011-12-22 06:00:00,17009.492
2011-12-22 07:00:00,17255.69
2011-12-22 08:00:00,16978.979
2011-12-22 09:00:00,16883.969
2011-12-22 10:00:00,16672.994
2011-12-22 11:00:00,16439.074
2011-12-22 12:00:00,15161.668
2011-12-22 13:00:00,15706.047
2011-12-22 14:00:00,15698.422
2011-12-22 15:00:00,15373.935
2011-12-22 16:00:00,15683.189
2011-12-22 17:00:00,15904.212
2011-12-22 18:00:00,15657.83
2011-12-22 19:00:00,15680.553
2011-12-22 20:00:00,16189.487
2011-12-22 21:00:00,16181.862
2011-12-22 22:00:00,17049.234
2011-12-22 23:00:00,16760.74
2011-12-23 00:00:00,16822.473
2011-12-23 01:00:00,16816.678
2011-12-23 02:00:00,17110.469
2011-12-23 03:00:00,17104.195
2011-12-23 04:00:00,17037.676
2011-12-23 05:00:00,17186.447
2011-12-23 06:00:00,16706.375
2011-12-23 07:00:00,16712.951
2011-12-23 08:00:00,16455.285
2011-12-23 09:00:00,16050.211
2011-12-23 10:00:00,15825.644
2011-12-23 11:00:00,15657.064
2011-12-23 12:00:00,15460.656
2011-12-23 13:00:00,15263.502
2011-12-23 14:00:00,15446.861
2011-12-23 15:00:00,15507.203
2011-12-23 16:00:00,15311.432
2011-12-23 17:00:00,15574.902
2011-12-23 18:00:00,15460.814
2011-12-23 19:00:00,15616.034
2011-12-23 20:00:00,16095.756
2011-12-23 21:00:00,16104.654
2011-12-23 22:00:00,16325.273
2011-12-23 23:00:00,16301.522
2011-12-24 00:00:00,16620.715
2011-12-24 01:00:00,16463.84
2011-12-24 02:00:00,16464.17
2011-12-24 03:00:00,16608.969
2011-12-24 04:00:00,16461.059
2011-12-24 05:00:00,16453.389
2011-12-24 06:00:00,16794.879
2011-12-24 07:00:00,16631.654
2011-12-24 08:00:00,16719.469
2011-12-24 09:00:00,15547.068
2011-12-24 10:00:00,15432.109
2011-12-24 11:00:00,15181.005
2011-12-24 12:00:00,15071.362
2011-12-24 13:00:00,15096.369
2011-12-24 14:00:00,15088.9
2011-12-24 15:00:00,15116.675
2011-12-24 16:00:00,15217.098
2011-12-24 17:00:00,15486.822
2011-12-24 18:00:00,15237.141
2011-12-24 19:00:00,15663.885
2011-12-24 20:00:00,16072.748
2011-12-24 21:00:00,16092.512
2011-12-24 22:00:00,15878.537
2011-12-24 23:00:00,16151.726
2011-12-25 00:00:00,16554.52
2011-12-25 01:00:00,16922.773
2011-12-25 02:00:00,17067.945
2011-12-25 03:00:00,16982.479
2011-12-25 05:00:00,17125.938
2011-12-25 06:00:00,17120.143
2011-12-25 07:00:00,17209.816
2011-12-25 08:00:00,17261.943
2011-12-25 09:00:00,17365.41
2011-12-25 10:00:00,17100.578
2011-12-25 11:00:00,16632.85
2011-12-25 12:00:00,16774.793
2011-12-25 13:00:00,16553.305
2011-12-25 14:00:00,16094.273
2011-12-25 15:00:00,16063.903
2011-12-25 16:00:00,15752.043
2011-12-25 17:00:00,16059.871
2011-12-25 18:00:00,16523.594
2011-12-25 19:00:00,15875.728
2011-12-25 20:00:00,15465.564
2011-12-25 21:00:00,15914.785
2011-12-25 22:00:00,16266.486
2011-12-25 23:00:00,16505.559
2011-12-26 00:00:00,17104.678
2011-12-26 01:00:00,16177.25
2011-12-26 02:00:00,15478.398
2011-12-26 04:00:00,15496.966
2011-12-26 05:00:00,15303.421
2011-12-26 06:00:00,15471.567
2011-12-26 07:00:00,15430.326
2011-12-26 08:00:00,15389.81
2011-12-26 09:00:00,15459.625
2011-12-26 10:00:00,15294.549
2011-12-26 11:00:00,15476.678
2011-12-26 12:00:00,15225.971
2011-12-26 13:00:00,14892.593
2011-12-26 14:00:00,14886.344
2011-12-26 15:00:00,14877.229
2011-12-26 16:00:00,15165.285
2011-12-26 17:00:00,15366.369
2011-12-26 18:00:00,15484.816
2011-12-26 19:00:00,16379.549
2011-12-26 20:00:00,15908.917
2011-12-26 21:00:00,16709.84
2011-12-26 22:00:00,16704.031
2011-12-26 23:00:00,16705.656
2011-12-27 00:00:00,16825.07
2011-12-27 01:00:00,16806.36
2011-12-27 02:00:00,16800.562
2011-12-27 03:00:00,16300.544
2011-12-27 04:00:00,16492.113
2011-12-27 05:00:00,16454.545
2011-12-27 06:00:00,16293.859
2011-12-27 07:00:00,16456.424
2011-12-27 08:00:00,16441.09
2011-12-27 09:00:00,16376.246
2011-12-27 10:00:00,16392.9
2011-12-27 11:00:00,16361.009
2011-12-27 12:00:00,16919.09
2011-12-27 13:00:00,17100.818
2011-12-27 14:00:00,16452.484
2011-12-27 15:00:00,16446.684
2011-12-27 16:00:00,16592.613
2011-12-27 17:00:00,16745.88
2011-12-27 18:00:00,16777.047
2011-12-27 19:00:00,16980.41
2011-12-27 20:00:00,17223.783
2011-12-27 21:00:00,17027.213
2011-12-27 22:00:00,17021.418
2011-12-27 23:00:00,17272.057
2011-12-28 00:00:00,17146.424
2011-12-28 01:00:00,16808.555
2011-12-28 02:00:00,16247.755
2011-12-28 03:00:00,16239.845
2011-12-28 05:00:00,16045.775
2011-12-28 06:00:00,16007.307
2011-12-28 07:00:00,15998.514
2011-12-28 08:00:00,16024.524
2011-12-28 09:00:00,15978.285
2011-12-28 10:00:00,15902.903
2011-12-28 11:00:00,15327.414
2011-12-28 12:00:00,15453.542
2011-12-28 13:00:00,15118.26
2011-12-28 14:00:00,15147.221
2011-12-28 15:00:00,15009.961
2011-12-28 16:00:00,15067.561
2011-12-28 17:00:00,15180.918
2011-12-28 18:00:00,15307.553
2011-12-28 19:00:00,15476.349
2011-12-28 20:00:00,15468.394
2011-12-28 21:00:00,15636.449
2011-12-28 22:00:00,15596.458
2011-12-28 23:00:00,15655.793
2011-12-29 00:00:00,15920.976
2011-12-29 01:00:00,15960.057
2011-12-29 02:00:00,16174.014
2011-12-29 03:00:00,16414.01
2011-12-29 04:00:00,16379.488
2011-12-29 05:00:00,16351.269
2011-12-29 06:00:00,16503.871
2011-12-29 07:00:00,16831.604
2011-12-29 08:00:00,16722.062
2011-12-29 09:00:00,16750.918
2011-12-29 10:00:00,16678.367
2011-12-29 11:00:00,16397.25
2011-12-29 12:00:00,16110.926
2011-12-29 13:00:00,15796.887
2011-12-29 14:00:00,15673.458
2011-12-29 15:00:00,15666.0625
2011-12-29 16:00:00,15718.539
2011-12-29 17:00:00,16188.809
2011-12-29 18:00:00,15930.611
2011-12-29 19:00:00,15895.842
2011-12-29 20:00:00,16455.816
2011-12-29 21:00:00,16217.93
2011-12-29 22:00:00,16432.287
2011-12-29 23:00:00,16345.955
2011-12-30 00:00:00,16755.898
2011-12-30 01:00:00,16643.02
2011-12-30 02:00:00,16869.03
2011-12-30 03:00:00,16863.225
2011-12-30 04:00:00,16863.61
2011-12-30 05:00:00,17041.285
2011-12-30 06:00:00,16852.012
2011-12-30 07:00:00,16998.893
2011-12-30 08:00:00,16973.418
2011-12-30 09:00:00,16915.773
2011-12-30 10:00:00,16458.336
2011-12-30 11:00:00,16409.709
2011-12-30 12:00:00,15926.735
2011-12-30 13:00:00,15565.667
2011-12-30 14:00:00,15099.483
2011-12-30 15:00:00,14894.957
2011-12-30 16:00:00,15031.32
2011-12-30 17:00:00,15470.414
2011-12-30 18:00:00,16020.734
2011-12-30 19:00:00,15496.35
2011-12-30 20:00:00,16242.067
2011-12-30 21:00:00,16163.071
2011-12-30 22:00:00,16458.27
2011-12-30 23:00:00,16176.025
2011-12-31 00:00:00,15973.018
2011-12-31 01:00:00,15901.018
2011-12-31 02:00:00,15892.219
2011-12-31 03:00:00,15883.425
2011-12-31 04:00:00,16403.768
2011-12-31 05:00:00,16637.81
2011-12-31 06:00:00,16371.969
2011-12-31 07:00:00,16591.3
2011-12-31 08:00:00,16885.738
2011-12-31 09:00:00,16617.5
2011-12-31 10:00:00,16490.1
2011-12-31 11:00:00,16262.831
2011-12-31 12:00:00,14388.859
2011-12-31 13:00:00,14575.56
2011-12-31 14:00:00,15108.143
2011-12-31 15:00:00,14917.021
2011-12-31 16:00:00,15161.484
2011-12-31 17:00:00,15359.935
2011-12-31 18:00:00,15334.606
2011-12-31 19:00:00,15349.564
2011-12-31 20:00:00,15342.094
2011-12-31 21:00:00,15551.688
2011-12-31 22:00:00,15864.65
2011-12-31 23:00:00,16174.162
2012-01-20 00:00:00,15903.611
2012-01-20 01:00:00,15796.704
2012-01-20 02:00:00,15789.635
2012-01-20 03:00:00,16075.872
2012-01-20 04:00:00,16544.906
2012-01-20 05:00:00,16537.223
2012-01-20 06:00:00,16519.074
2012-01-20 07:00:00,16874.752
2012-01-20 08:00:00,16710.242
2012-01-20 09:00:00,15942.414
2012-01-20 10:00:00,15746.836
2012-01-20 11:00:00,15279.541
2012-01-20 12:00:00,15364.975
2012-01-20 13:00:00,15176.631
2012-01-20 14:00:00,15295.481
2012-01-20 15:00:00,15253.944
2012-01-20 16:00:00,15408.67
2012-01-20 17:00:00,15032.822
2012-01-20 18:00:00,15219.539
2012-01-20 19:00:00,15353.002
2012-01-20 20:00:00,15204.631
2012-01-20 21:00:00,15337.809
2012-01-20 22:00:00,15396.774
2012-01-20 23:00:00,16788.969
2012-01-21 00:00:00,16932.402
2012-01-21 01:00:00,17671.738
2012-01-21 02:00:00,17632.58
2012-01-21 03:00:00,17861.254
2012-01-21 04:00:00,17576.176
2012-01-21 05:00:00,17590.578
2012-01-21 06:00:00,17807.248
2012-01-21 07:00:00,17800.98
2012-01-21 08:00:00,17804.988
2012-01-21 09:00:00,17798.723
2012-01-21 10:00:00,17773.527
2012-01-21 11:00:00,17484.297
2012-01-21 12:00:00,17226.812
2012-01-21 13:00:00,17209.182
2012-01-21 14:00:00,17208.479
2012-01-21 15:00:00,17202.672
2012-01-21 16:00:00,17198.666
2012-01-21 17:00:00,17155.684
2012-01-21 18:00:00,16997.232
2012-01-21 19:00:00,17225.656
2012-01-21 20:00:00,17231.559
2012-01-21 21:00:00,17075.28
2012-01-21 22:00:00,17036.723
2012-01-21 23:00:00,17289.004
2012-01-22 00:00:00,17448.732
2012-01-22 01:00:00,17158.562
2012-01-22 02:00:00,17158.94
2012-01-22 03:00:00,17002.48
2012-01-22 04:00:00,17392.46
2012-01-22 05:00:00,17202.898
2012-01-22 06:00:00,17216.783
2012-01-22 07:00:00,17210.98
2012-01-22 08:00:00,17205.174
2012-01-22 09:00:00,17199.365
2012-01-22 10:00:00,17194.11
2012-01-22 11:00:00,17338.947
2012-01-22 12:00:00,17365.184
2012-01-22 13:00:00,17345.818
2012-01-22 14:00:00,17352.89
2012-01-22 15:00:00,17360.184
2012-01-22 16:00:00,17354.4
2012-01-22 17:00:00,17334.705
2012-01-22 18:00:00,17506.426
2012-01-22 19:00:00,17499.957
2012-01-22 20:00:00,17495.363
2012-01-22 21:00:00,17487.0
2012-01-22 22:00:00,17702.678
2012-01-22 23:00:00,17716.838
2012-01-23 00:00:00,17535.465
2012-01-23 01:00:00,17539.176
2012-01-23 02:00:00,17532.682
2012-01-23 03:00:00,17516.043
2012-01-23 04:00:00,17251.01
2012-01-23 05:00:00,17442.697
2012-01-23 06:00:00,17436.223
2012-01-23 07:00:00,17409.812
2012-01-23 08:00:00,17428.129
2012-01-23 09:00:00,17433.229
2012-01-23 10:00:00,17634.059
2012-01-23 11:00:00,17645.18
2012-01-23 12:00:00,17563.277
2012-01-23 13:00:00,17529.227
2012-01-23 14:00:00,17534.574
2012-01-23 15:00:00,17774.344
2012-01-23 16:00:00,17494.32
2012-01-23 17:00:00,17576.17
2012-01-23 18:00:00,17493.45
2012-01-23 19:00:00,17417.094
2012-01-23 20:00:00,17623.352
2012-01-23 21:00:00,17596.793
2012-01-23 22:00:00,17590.531
2012-01-23 23:00:00,17295.684
2012-01-24 00:00:00,17585.45
2012-01-24 01:00:00,17320.055
2012-01-24 02:00:00,17325.402
2012-01-24 03:00:00,17301.756
2012-01-24 04:00:00,17583.707
2012-01-24 05:00:00,17577.443
2012-01-24 06:00:00,17285.764
2012-01-24 07:00:00,17276.69
2012-01-24 08:00:00,17270.414
2012-01-24 09:00:00,17085.676
2012-01-24 10:00:00,17294.24
2012-01-24 11:00:00,17045.635
2012-01-24 12:00:00,17028.781
2012-01-24 13:00:00,17022.996
2012-01-24 14:00:00,16756.453
2012-01-24 15:00:00,16279.615
2012-01-24 16:00:00,16300.32
2012-01-24 17:00:00,16026.194
2012-01-24 18:00:00,15832.986
2012-01-24 19:00:00,15130.419
2012-01-24 20:00:00,16720.9
2012-01-24 21:00:00,16441.06
2012-01-24 22:00:00,16858.213
2012-01-24 23:00:00,16703.518
2012-01-25 00:00:00,17540.719
2012-01-25 01:00:00,16689.893
2012-01-25 02:00:00,16752.768
2012-01-25 03:00:00,16955.75
2012-01-25 04:00:00,16786.197
2012-01-25 05:00:00,16780.357
2012-01-25 06:00:00,16946.441
2012-01-25 07:00:00,17001.727
2012-01-25 08:00:00,16830.86
2012-01-25 09:00:00,16825.06
2012-01-25 10:00:00,16741.781
2012-01-25 11:00:00,16261.355
2012-01-25 12:00:00,15688.863
2012-01-25 13:00:00,15492.429
2012-01-25 14:00:00,15441.148
2012-01-25 15:00:00,15195.232
2012-01-25 16:00:00,15635.617
2012-01-25 17:00:00,15563.821
2012-01-25 18:00:00,16346.854
2012-01-25 19:00:00,15536.623
2012-01-25 20:00:00,16092.314
2012-01-25 21:00:00,16348.287
2012-01-25 22:00:00,16348.531
2012-01-25 23:00:00,16383.283
2012-01-26 00:00:00,16909.045
2012-01-26 01:00:00,16894.799
2012-01-26 02:00:00,16898.148
2012-01-26 03:00:00,16872.51
2012-01-26 04:00:00,16896.277
2012-01-26 05:00:00,16798.465
2012-01-26 06:00:00,17044.438
2012-01-26 07:00:00,17030.984
2012-01-26 08:00:00,17025.18
2012-01-26 09:00:00,16970.943
2012-01-26 10:00:00,16965.89
2012-01-26 11:00:00,17124.67
2012-01-26 12:00:00,16841.93
2012-01-26 13:00:00,16411.445
2012-01-26 14:00:00,16303.747
2012-01-26 15:00:00,16225.734
2012-01-26 16:00:00,16292.662
2012-01-26 17:00:00,16239.783
2012-01-26 18:00:00,16232.162
2012-01-26 19:00:00,16441.479
2012-01-26 20:00:00,16606.367
2012-01-26 21:00:00,16429.861
2012-01-26 22:00:00,16680.883
2012-01-26 23:00:00,16638.547
2012-01-27 00:00:00,16673.008
2012-01-27 01:00:00,16832.238
2012-01-27 02:00:00,17039.414
2012-01-27 03:00:00,16951.023
2012-01-27 04:00:00,17184.395
2012-01-27 05:00:00,16922.805
2012-01-27 06:00:00,17101.941
2012-01-27 07:00:00,17107.346
2012-01-27 08:00:00,16496.924
2012-01-27 09:00:00,16491.113
2012-01-27 10:00:00,16946.883
2012-01-27 11:00:00,16791.098
2012-01-27 12:00:00,16539.463
2012-01-27 13:00:00,15348.177
2012-01-27 14:00:00,15144.773
2012-01-27 15:00:00,15025.478
2012-01-27 16:00:00,15150.473
2012-01-27 17:00:00,15164.775
2012-01-27 18:00:00,15232.011
2012-01-27 19:00:00,15462.952
2012-01-27 20:00:00,15696.264
2012-01-27 21:00:00,15723.641
2012-01-27 22:00:00,15494.57
2012-01-27 23:00:00,15556.242
2012-01-28 00:00:00,15914.996
2012-01-28 01:00:00,15841.49
2012-01-28 02:00:00,16391.205
2012-01-28 03:00:00,16391.924
2012-01-28 04:00:00,16433.973
2012-01-28 05:00:00,17027.531
2012-01-28 06:00:00,16855.42
2012-01-28 07:00:00,17056.584
2012-01-28 08:00:00,17273.389
2012-01-28 09:00:00,17193.887
2012-01-28 10:00:00,16771.184
2012-01-28 11:00:00,16009.74
2012-01-28 12:00:00,16252.084
2012-01-28 13:00:00,15881.668
2012-01-28 14:00:00,15347.14
2012-01-28 15:00:00,15128.75
2012-01-28 16:00:00,14915.409
2012-01-28 17:00:00,14909.171
2012-01-28 18:00:00,14770.248
2012-01-28 19:00:00,14759.602
2012-01-28 20:00:00,14576.215
2012-01-28 21:00:00,14540.805
2012-01-28 22:00:00,14762.186
2012-01-28 23:00:00,14694.824
2012-01-29 00:00:00,15033.505
2012-01-29 01:00:00,14856.756
2012-01-29 02:00:00,14831.405
2012-01-29 03:00:00,14928.219
2012-01-29 04:00:00,15023.951
2012-01-29 05:00:00,16194.68
2012-01-29 06:00:00,15616.579
2012-01-29 07:00:00,15501.405
2012-01-29 08:00:00,15703.004
2012-01-29 09:00:00,15835.985
2012-01-29 10:00:00,15247.44
2012-01-29 11:00:00,14813.984
2012-01-29 12:00:00,14603.002
2012-01-29 13:00:00,14596.133
2012-01-29 14:00:00,14590.837
2012-01-29 15:00:00,14448.541
2012-01-29 16:00:00,14450.645
2012-01-29 17:00:00,14445.574
2012-01-29 18:00:00,14494.141
2012-01-29 19:00:00,14675.506
2012-01-29 20:00:00,15155.219
2012-01-29 21:00:00,14889.46
2012-01-29 22:00:00,14568.478
2012-01-29 23:00:00,14906.961
2012-01-30 00:00:00,14697.675
2012-01-30 01:00:00,16470.762
2012-01-30 02:00:00,15972.396
2012-01-30 03:00:00,15925.685
2012-01-30 04:00:00,16192.918
2012-01-30 05:00:00,16184.128
2012-01-30 06:00:00,15790.047
2012-01-30 07:00:00,15783.093
2012-01-30 08:00:00,15983.69
2012-01-30 09:00:00,15976.229
2012-01-30 10:00:00,15620.23
2012-01-30 11:00:00,15297.694
2012-01-30 12:00:00,15220.506
2012-01-30 13:00:00,14844.3
2012-01-30 14:00:00,14440.404
2012-01-30 15:00:00,14474.355
2012-01-30 16:00:00,14439.986
2012-01-30 17:00:00,14354.383
2012-01-30 18:00:00,14401.793
2012-01-30 19:00:00,15365.819
2012-01-30 20:00:00,15110.166
2012-01-30 21:00:00,15243.436
2012-01-30 22:00:00,15619.0
2012-01-30 23:00:00,16269.832
2012-01-31 00:00:00,15961.383
2012-01-31 01:00:00,15459.545
2012-01-31 02:00:00,15418.612
2012-01-31 03:00:00,15551.617
2012-01-31 04:00:00,15731.126
2012-01-31 05:00:00,15723.595
2012-01-31 06:00:00,15901.504
2012-01-31 07:00:00,16394.322
2012-01-31 08:00:00,16373.149
2012-01-31 09:00:00,15814.707
2012-01-31 10:00:00,15943.081
2012-01-31 11:00:00,14705.084
2012-01-31 12:00:00,14952.792
2012-01-31 13:00:00,14456.269
2012-01-31 14:00:00,14148.134
2012-01-31 15:00:00,14079.182
2012-01-31 16:00:00,14074.115
2012-01-31 17:00:00,14059.711
2012-01-31 18:00:00,14022.325
2012-01-31 19:00:00,14108.807
2012-01-31 20:00:00,15575.551
2012-01-31 21:00:00,14260.283
2012-01-31 22:00:00,14418.84
2012-01-31 23:00:00,14532.334
2012-02-20 00:00:00,17421.219
2012-02-20 01:00:00,17414.734
2012-02-20 02:00:00,17408.277
2012-02-20 03:00:00,17215.438
2012-02-20 05:00:00,16506.867
2012-02-20 06:00:00,16180.056
2012-02-20 07:00:00,16323.507
2012-02-20 08:00:00,16594.33
2012-02-20 09:00:00,16586.64
2012-02-20 10:00:00,16327.773
2012-02-20 11:00:00,15853.57
2012-02-20 12:00:00,15570.475
2012-02-20 13:00:00,15354.486
2012-02-20 14:00:00,14969.337
2012-02-20 15:00:00,14848.43
2012-02-20 16:00:00,14480.799
2012-02-20 17:00:00,14359.172
2012-02-20 18:00:00,14827.189
2012-02-20 19:00:00,14820.109
2012-02-20 20:00:00,14781.341
2012-02-20 21:00:00,15119.947
2012-02-20 22:00:00,15360.38
2012-02-20 23:00:00,15038.01
2012-02-21 00:00:00,16649.68
2012-02-21 01:00:00,16180.301
2012-02-21 02:00:00,16451.242
2012-02-21 04:00:00,16709.53
2012-02-21 05:00:00,16933.777
2012-02-21 06:00:00,17109.434
2012-02-21 07:00:00,16686.637
2012-02-21 08:00:00,16929.988
2012-02-21 09:00:00,17101.234
2012-02-21 10:00:00,16844.03
2012-02-21 11:00:00,16726.656
2012-02-21 12:00:00,16020.588
2012-02-21 13:00:00,15562.294
2012-02-21 14:00:00,15796.365
2012-02-21 15:00:00,15547.371
2012-02-21 16:00:00,15298.367
2012-02-21 17:00:00,14859.002
2012-02-21 18:00:00,14851.91
2012-02-21 19:00:00,15273.889
2012-02-21 20:00:00,15662.468
2012-02-21 21:00:00,16019.949
2012-02-21 22:00:00,16453.652
2012-02-21 23:00:00,16351.256
2012-02-22 00:00:00,16521.041
2012-02-22 01:00:00,16620.203
2012-02-22 02:00:00,16429.887
2012-02-22 03:00:00,16576.797
2012-02-22 04:00:00,16590.133
2012-02-22 05:00:00,16609.354
2012-02-22 06:00:00,16787.312
2012-02-22 07:00:00,16787.174
2012-02-22 08:00:00,16806.902
2012-02-22 09:00:00,16592.332
2012-02-22 10:00:00,16560.791
2012-02-22 11:00:00,16283.871
2012-02-22 12:00:00,15822.746
2012-02-22 13:00:00,15390.945
2012-02-22 14:00:00,15315.144
2012-02-22 15:00:00,14184.654
2012-02-22 16:00:00,14139.574
2012-02-22 17:00:00,14131.784
2012-02-22 18:00:00,14555.133
2012-02-22 19:00:00,14738.628
2012-02-22 20:00:00,14925.85
2012-02-22 21:00:00,14180.448
2012-02-22 22:00:00,14911.934
2012-02-22 23:00:00,14583.064
2012-02-23 00:00:00,15076.606
2012-02-23 01:00:00,15579.285
2012-02-23 02:00:00,15750.557
2012-02-23 03:00:00,15993.707
2012-02-23 04:00:00,16498.625
2012-02-23 05:00:00,16492.822
2012-02-23 06:00:00,16996.291
2012-02-23 07:00:00,16797.06
2012-02-23 08:00:00,17040.96
2012-02-23 09:00:00,16798.578
2012-02-23 10:00:00,16050.565
2012-02-23 11:00:00,14913.231
2012-02-23 12:00:00,14586.346
2012-02-23 13:00:00,14386.006
2012-02-23 14:00:00,14210.994
2012-02-23 15:00:00,14055.583
2012-02-23 16:00:00,13964.418
2012-02-23 17:00:00,14037.387
2012-02-23 18:00:00,14195.016
2012-02-23 19:00:00,14404.8545
2012-02-23 20:00:00,14738.829
2012-02-23 21:00:00,15120.433
2012-02-23 22:00:00,15254.117
2012-02-23 23:00:00,15191.373
2012-02-24 00:00:00,15573.395
2012-02-24 01:00:00,15793.344
2012-02-24 02:00:00,16420.547
2012-02-24 03:00:00,16667.691
2012-02-24 04:00:00,16866.857
2012-02-24 05:00:00,16820.105
2012-02-24 06:00:00,16825.305
2012-02-24 07:00:00,16461.545
2012-02-24 08:00:00,16468.64
2012-02-24 09:00:00,16759.23
2012-02-24 10:00:00,16765.084
2012-02-24 11:00:00,16777.572
2012-02-24 12:00:00,16469.717
2012-02-24 13:00:00,16240.96
2012-02-24 14:00:00,15879.586
2012-02-24 15:00:00,16743.297
2012-02-24 16:00:00,16737.492
2012-02-24 17:00:00,16916.797
2012-02-24 18:00:00,16971.336
2012-02-24 19:00:00,16689.418
2012-02-24 20:00:00,15646.441
2012-02-24 21:00:00,14463.436
2012-02-24 22:00:00,14626.026
2012-02-24 23:00:00,14679.869
2012-02-25 00:00:00,15288.041
2012-02-25 01:00:00,15334.805
2012-02-25 02:00:00,15502.961
2012-02-25 03:00:00,15597.121
2012-02-25 04:00:00,15449.555
2012-02-25 05:00:00,15427.702
2012-02-25 06:00:00,15420.227
2012-02-25 07:00:00,15670.659
2012-02-25 08:00:00,15869.7
2012-02-25 09:00:00,16998.238
2012-02-25 10:00:00,16411.914
2012-02-25 11:00:00,15284.5205
2012-02-25 12:00:00,14782.979
2012-02-25 13:00:00,14838.024
2012-02-25 14:00:00,14780.672
2012-02-25 15:00:00,14740.878
2012-02-25 16:00:00,14653.172
2012-02-25 17:00:00,14950.315
2012-02-25 18:00:00,14774.418
2012-02-25 19:00:00,15128.263
2012-02-25 20:00:00,14999.587
2012-02-25 21:00:00,15233.043
2012-02-25 22:00:00,15400.151
2012-02-25 23:00:00,15532.609
2012-02-26 00:00:00,15671.578
2012-02-26 01:00:00,15804.051
2012-02-26 02:00:00,15796.59
2012-02-26 03:00:00,15614.128
2012-02-26 04:00:00,15606.652
2012-02-26 05:00:00,15808.99
2012-02-26 06:00:00,15835.335
2012-02-26 07:00:00,16215.006
2012-02-26 08:00:00,16163.778
2012-02-26 09:00:00,15919.57
2012-02-26 10:00:00,15460.486
2012-02-26 11:00:00,15418.277
2012-02-26 12:00:00,15181.514
2012-02-26 13:00:00,14930.509
2012-02-26 14:00:00,14649.936
2012-02-26 15:00:00,14531.426
2012-02-26 16:00:00,14690.004
2012-02-26 17:00:00,14652.217
2012-02-26 18:00:00,14908.955
2012-02-26 19:00:00,14781.031
2012-02-26 20:00:00,15193.966
2012-02-26 21:00:00,15395.6045
2012-02-26 22:00:00,15280.955
2012-02-26 23:00:00,16084.436
2012-02-27 00:00:00,16468.205
2012-02-27 01:00:00,16653.541
2012-02-27 02:00:00,16817.81
2012-02-27 03:00:00,17024.393
2012-02-27 04:00:00,17239.879
2012-02-27 05:00:00,17234.074
2012-02-27 06:00:00,16842.459
2012-02-27 07:00:00,16491.242
2012-02-27 08:00:00,16504.379
2012-02-27 09:00:00,16378.98
2012-02-27 10:00:00,15431.223
2012-02-27 11:00:00,15192.263
2012-02-27 12:00:00,14698.397
2012-02-27 13:00:00,14945.35
2012-02-27 14:00:00,14451.426
2012-02-27 15:00:00,14103.295
2012-02-27 16:00:00,14074.115
2012-02-27 17:00:00,14055.348
2012-02-27 18:00:00,14101.763
2012-02-27 19:00:00,14141.384
2012-02-27 20:00:00,14206.648
2012-02-27 21:00:00,14401.518
2012-02-27 22:00:00,14793.811
2012-02-27 23:00:00,15126.547
2012-02-28 00:00:00,15459.901
2012-02-28 01:00:00,16018.171
2012-02-28 02:00:00,15501.181
2012-02-28 03:00:00,14553.11
2012-02-28 04:00:00,15369.09
2012-02-28 05:00:00,15361.614
2012-02-28 06:00:00,15563.229
2012-02-28 07:00:00,15623.868
2012-02-28 08:00:00,15825.442
2012-02-28 09:00:00,15609.961
2012-02-28 10:00:00,15392.192
2012-02-28 11:00:00,14944.831
2012-02-28 12:00:00,14753.434
2012-02-28 13:00:00,14631.764
2012-02-28 14:00:00,14313.355
2012-02-28 15:00:00,14223.199
2012-02-28 16:00:00,14243.246
2012-02-28 17:00:00,14211.719
2012-02-28 18:00:00,14247.173
2012-02-28 19:00:00,14181.766
2012-02-28 20:00:00,14352.934
2012-02-28 21:00:00,15260.24
2012-02-28 22:00:00,15252.77
2012-02-28 23:00:00,15699.03
2012-02-29 00:00:00,15802.756
2012-02-29 01:00:00,15602.496
2012-02-29 02:00:00,16080.162
2012-02-29 03:00:00,16739.494
2012-02-29 05:00:00,16936.676
2012-02-29 06:00:00,16855.117
2012-02-29 07:00:00,17095.65
2012-02-29 08:00:00,16862.625
2012-02-29 09:00:00,16939.518
2012-02-29 10:00:00,16933.697
2012-02-29 11:00:00,17123.508
2012-02-29 12:00:00,17201.016
2012-02-29 13:00:00,17080.705
2012-02-29 14:00:00,17074.164
2012-02-29 15:00:00,16573.58
2012-02-29 16:00:00,16572.879
2012-02-29 17:00:00,16761.53
2012-02-29 18:00:00,16797.559
2012-02-29 19:00:00,16771.996
2012-02-29 20:00:00,16698.906
2012-02-29 21:00:00,16693.102
2012-02-29 22:00:00,16832.9
2012-02-29 23:00:00,16827.092
2012-03-20 00:00:00,16169.399
2012-03-20 01:00:00,16569.129
2012-03-20 02:00:00,16530.893
2012-03-20 03:00:00,16538.69
2012-03-20 04:00:00,16540.65
2012-03-20 05:00:00,16762.027
2012-03-20 06:00:00,16696.678
2012-03-20 07:00:00,16649.875
2012-03-20 08:00:00,16528.281
2012-03-20 09:00:00,16444.314
2012-03-20 10:00:00,16446.414
2012-03-20 11:00:00,16200.773
2012-03-20 12:00:00,15907.71
2012-03-20 13:00:00,15916.984
2012-03-20 14:00:00,15607.56
2012-03-20 15:00:00,15318.705
2012-03-20 16:00:00,15133.582
2012-03-20 17:00:00,15597.076
2012-03-20 18:00:00,15331.343
2012-03-20 19:00:00,15730.359
2012-03-20 20:00:00,15480.289
2012-03-20 21:00:00,15825.798
2012-03-20 22:00:00,16098.771
2012-03-20 23:00:00,16348.74
2012-03-21 00:00:00,16649.11
2012-03-21 01:00:00,16462.148
2012-03-21 02:00:00,16645.281
2012-03-21 03:00:00,16598.473
2012-03-21 04:00:00,16614.771
2012-03-21 05:00:00,16608.988
2012-03-21 06:00:00,16804.809
2012-03-21 07:00:00,16791.16
2012-03-21 08:00:00,16818.441
2012-03-21 09:00:00,16574.729
2012-03-21 10:00:00,16363.701
2012-03-21 11:00:00,16357.91
2012-03-21 12:00:00,16177.336
2012-03-21 13:00:00,16349.379
2012-03-21 14:00:00,16138.998
2012-03-21 15:00:00,16133.361
2012-03-21 16:00:00,15816.263
2012-03-21 17:00:00,15438.6875
2012-03-21 18:00:00,15459.432
2012-03-21 19:00:00,15107.278
2012-03-21 20:00:00,16090.03
2012-03-21 21:00:00,16283.779
2012-03-21 22:00:00,16312.963
2012-03-21 23:00:00,16115.161
2012-03-22 00:00:00,16467.979
2012-03-22 01:00:00,16462.148
2012-03-22 02:00:00,16456.322
2012-03-22 03:00:00,16450.502
2012-03-22 04:00:00,17050.803
2012-03-22 05:00:00,17044.453
2012-03-22 06:00:00,17038.094
2012-03-22 07:00:00,17031.744
2012-03-22 08:00:00,16786.307
2012-03-22 09:00:00,16780.496
2012-03-22 10:00:00,16953.744
2012-03-22 11:00:00,16744.78
2012-03-22 12:00:00,16433.762
2012-03-22 13:00:00,16073.626
2012-03-22 14:00:00,15663.93
2012-03-22 15:00:00,15327.861
2012-03-22 16:00:00,15075.351
2012-03-22 17:00:00,14992.918
2012-03-22 18:00:00,14985.744
2012-03-22 19:00:00,14773.963
2012-03-22 20:00:00,15534.65
2012-03-22 21:00:00,15993.806
2012-03-22 22:00:00,16188.623
2012-03-22 23:00:00,16221.22
2012-03-23 00:00:00,16387.564
2012-03-23 01:00:00,16586.81
2012-03-23 02:00:00,16548.57
2012-03-23 03:00:00,16593.855
2012-03-23 04:00:00,16804.236
2012-03-23 05:00:00,16836.174
2012-03-23 06:00:00,16651.867
2012-03-23 07:00:00,16746.227
2012-03-23 08:00:00,16770.18
2012-03-23 09:00:00,16605.002
2012-03-23 10:00:00,16421.492
2012-03-23 11:00:00,15630.743
2012-03-23 12:00:00,14876.517
2012-03-23 13:00:00,14159.738
2012-03-23 14:00:00,13817.412
2012-03-23 15:00:00,13807.736
2012-03-23 16:00:00,13798.045
2012-03-23 17:00:00,13790.84
2012-03-23 18:00:00,14008.432
2012-03-23 19:00:00,14356.23
2012-03-23 20:00:00,14208.296
2012-03-23 21:00:00,14534.531
2012-03-23 22:00:00,15090.488
2012-03-23 23:00:00,15314.278
2012-03-24 00:00:00,15692.852
2012-03-24 01:00:00,15991.906
2012-03-24 02:00:00,16223.96
2012-03-24 03:00:00,16218.134
2012-03-24 04:00:00,16453.574
2012-03-24 05:00:00,16401.871
2012-03-24 06:00:00,16396.066
2012-03-24 07:00:00,16606.398
2012-03-24 08:00:00,16757.258
2012-03-24 09:00:00,16389.543
2012-03-24 10:00:00,16510.715
2012-03-24 11:00:00,16739.857
2012-03-24 12:00:00,16647.842
2012-03-24 13:00:00,16630.99
2012-03-24 14:00:00,16402.195
2012-03-24 15:00:00,16611.09
2012-03-24 16:00:00,16653.32
2012-03-24 17:00:00,16496.504
2012-03-24 18:00:00,16781.662
2012-03-24 19:00:00,16808.99
2012-03-24 20:00:00,17018.24
2012-03-24 21:00:00,17011.98
2012-03-24 22:00:00,16982.414
2012-03-24 23:00:00,16805.605
2012-03-25 00:00:00,16939.05
2012-03-25 01:00:00,17191.38
2012-03-25 02:00:00,17148.727
2012-03-25 03:00:00,16953.707
2012-03-25 04:00:00,16955.3
2012-03-25 05:00:00,17224.574
2012-03-25 06:00:00,17218.316
2012-03-25 07:00:00,16995.277
2012-03-25 08:00:00,16988.84
2012-03-25 09:00:00,17013.998
2012-03-25 10:00:00,16763.982
2012-03-25 11:00:00,17000.934
2012-03-25 12:00:00,17007.113
2012-03-25 13:00:00,16785.322
2012-03-25 14:00:00,16723.268
2012-03-25 15:00:00,16706.447
2012-03-25 16:00:00,16350.395
2012-03-25 17:00:00,16032.898
2012-03-25 18:00:00,16025.045
2012-03-25 19:00:00,15969.825
2012-03-25 20:00:00,16238.906
2012-03-25 21:00:00,16257.924
2012-03-25 22:00:00,16472.074
2012-03-25 23:00:00,16409.844
2012-03-26 00:00:00,16503.531
2012-03-26 01:00:00,16480.203
2012-03-26 02:00:00,16724.502
2012-03-26 03:00:00,16549.645
2012-03-26 04:00:00,16612.342
2012-03-26 05:00:00,16453.805
2012-03-26 06:00:00,16644.602
2012-03-26 07:00:00,16277.371
2012-03-26 08:00:00,15747.09
2012-03-26 09:00:00,14981.2705
2012-03-26 10:00:00,14327.96
2012-03-26 11:00:00,14315.037
2012-03-26 12:00:00,14307.335
2012-03-26 13:00:00,14323.785
2012-03-26 14:00:00,14280.55
2012-03-26 15:00:00,14290.348
2012-03-26 16:00:00,14267.205
2012-03-26 17:00:00,14235.078
2012-03-26 18:00:00,14283.867
2012-03-26 19:00:00,14277.449
2012-03-26 20:00:00,14377.436
2012-03-26 21:00:00,14396.473
2012-03-26 22:00:00,14444.717
2012-03-26 23:00:00,14567.686
2012-03-27 00:00:00,14725.818
2012-03-27 01:00:00,14799.192
2012-03-27 02:00:00,15102.766
2012-03-27 03:00:00,15098.061
2012-03-27 04:00:00,15238.893
2012-03-27 05:00:00,15499.937
2012-03-27 06:00:00,15458.771
2012-03-27 07:00:00,15451.281
2012-03-27 08:00:00,15477.727
2012-03-27 09:00:00,15446.58
2012-03-27 10:00:00,15198.102
2012-03-27 11:00:00,14856.468
2012-03-27 12:00:00,14786.535
2012-03-27 13:00:00,14484.777
2012-03-27 14:00:00,14277.771
2012-03-27 15:00:00,14158.668
2012-03-27 16:00:00,14153.598
2012-03-27 17:00:00,14080.85
2012-03-27 18:00:00,14150.84
2012-03-27 19:00:00,14117.836
2012-03-27 20:00:00,14140.699
2012-03-27 21:00:00,14846.068
2012-03-27 22:00:00,14836.703
2012-03-27 23:00:00,14834.182
2012-03-28 00:00:00,15164.161
2012-03-28 01:00:00,15438.423
2012-03-28 02:00:00,15672.258
2012-03-28 03:00:00,15337.235
2012-03-28 04:00:00,15275.193
2012-03-28 05:00:00,15267.73
2012-03-28 06:00:00,15401.976
2012-03-28 07:00:00,15394.02
2012-03-28 08:00:00,15221.658
2012-03-28 09:00:00,15008.021
2012-03-28 10:00:00,14721.672
2012-03-28 11:00:00,14627.281
2012-03-28 12:00:00,14320.417
2012-03-28 13:00:00,14446.82
2012-03-28 14:00:00,13953.366
2012-03-28 15:00:00,14009.053
2012-03-28 16:00:00,14101.554
2012-03-28 17:00:00,14951.168
2012-03-28 18:00:00,14943.903
2012-03-28 19:00:00,14714.442
2012-03-28 20:00:00,14710.457
2012-03-28 21:00:00,15090.224
2012-03-28 22:00:00,15298.189
2012-03-28 23:00:00,15617.568
2012-03-29 00:00:00,15779.468
2012-03-29 01:00:00,15260.154
2012-03-29 02:00:00,13955.334
2012-03-29 03:00:00,14031.504
2012-03-29 04:00:00,14335.135
2012-03-29 05:00:00,14792.09
2012-03-29 06:00:00,15545.317
2012-03-29 07:00:00,15185.352
2012-03-29 08:00:00,14990.242
2012-03-29 09:00:00,14960.866
2012-03-29 10:00:00,14976.888
2012-03-29 11:00:00,14755.013
2012-03-29 12:00:00,14607.068
2012-03-29 13:00:00,14825.037
2012-03-29 14:00:00,14604.876
2012-03-29 15:00:00,14385.078
2012-03-29 16:00:00,14241.765
2012-03-29 17:00:00,14321.397
2012-03-29 18:00:00,14442.422
2012-03-29 19:00:00,14504.536
2012-03-29 20:00:00,14520.511
2012-03-29 21:00:00,14831.479
2012-03-29 22:00:00,14889.073
2012-03-29 23:00:00,15017.693
2012-03-30 00:00:00,15258.58
2012-03-30 01:00:00,15460.346
2012-03-30 02:00:00,15758.666
2012-03-30 03:00:00,16192.522
2012-03-30 04:00:00,15719.677
2012-03-30 05:00:00,16226.33
2012-03-30 06:00:00,16010.634
2012-03-30 07:00:00,16030.405
2012-03-30 08:00:00,16472.088
2012-03-30 09:00:00,15932.213
2012-03-30 10:00:00,15806.5
2012-03-30 11:00:00,15553.14
2012-03-30 12:00:00,15525.582
2012-03-30 13:00:00,15242.077
2012-03-30 14:00:00,15404.848
2012-03-30 15:00:00,15318.584
2012-03-30 16:00:00,15773.644
2012-03-30 17:00:00,15807.885
2012-03-30 18:00:00,15376.843
2012-03-30 19:00:00,15812.331
2012-03-30 20:00:00,15827.398
2012-03-30 21:00:00,16099.387
2012-03-30 22:00:00,16447.467
2012-03-30 23:00:00,16450.47
2012-03-31 00:00:00,16801.047
2012-03-31 01:00:00,16536.059
2012-03-31 02:00:00,16479.924
2012-03-31 03:00:00,16702.572
2012-03-31 04:00:00,16421.658
2012-03-31 05:00:00,16703.352
2012-03-31 06:00:00,17015.326
2012-03-31 07:00:00,17009.53
2012-03-31 08:00:00,16992.715
2012-03-31 09:00:00,16489.648
2012-03-31 10:00:00,16508.613
2012-03-31 11:00:00,16212.633
2012-03-31 12:00:00,15907.057
2012-03-31 13:00:00,15249.28
2012-03-31 14:00:00,15514.673
2012-03-31 15:00:00,15294.297
2012-03-31 16:00:00,15514.174
2012-03-31 17:00:00,15773.575
2012-03-31 18:00:00,16101.111
2012-03-31 19:00:00,16146.043
2012-03-31 20:00:00,16222.592
2012-03-31 21:00:00,16216.775
2012-03-31 22:00:00,16293.35
2012-03-31 23:00:00,16559.887
2012-04-20 00:00:00,15960.828
2012-04-20 01:00:00,16561.246
2012-04-20 02:00:00,16791.652
2012-04-20 03:00:00,16818.945
2012-04-20 04:00:00,17057.75
2012-04-20 05:00:00,17091.096
2012-04-20 06:00:00,16896.248
2012-04-20 07:00:00,17078.395
2012-04-20 08:00:00,17012.93
2012-04-20 09:00:00,16733.549
2012-04-20 10:00:00,16243.976
2012-04-20 11:00:00,15702.576
2012-04-20 12:00:00,14824.581
2012-04-20 13:00:00,14140.604
2012-04-20 14:00:00,14137.527
2012-04-20 15:00:00,14279.489
2012-04-20 16:00:00,14086.555
2012-04-20 17:00:00,14253.639
2012-04-20 18:00:00,14434.069
2012-04-20 19:00:00,14586.898
2012-04-20 20:00:00,14909.676
2012-04-20 21:00:00,15559.6
2012-04-20 22:00:00,15579.622
2012-04-20 23:00:00,15889.967
2012-04-21 00:00:00,16242.576
2012-04-21 01:00:00,16236.767
2012-04-21 02:00:00,16268.197
2012-04-21 03:00:00,16434.129
2012-04-21 04:00:00,16415.959
2012-04-21 05:00:00,16410.168
2012-04-21 06:00:00,16416.725
2012-04-21 07:00:00,16386.146
2012-04-21 08:00:00,16305.956
2012-04-21 09:00:00,16159.002
2012-04-21 10:00:00,15184.665
2012-04-21 11:00:00,15013.876
2012-04-21 12:00:00,14750.227
2012-04-21 13:00:00,14580.87
2012-04-21 14:00:00,14037.35
2012-04-21 15:00:00,13780.521
2012-04-21 16:00:00,13878.111
2012-04-21 17:00:00,13713.703
2012-04-21 18:00:00,14105.389
2012-04-21 19:00:00,15737.223
2012-04-21 20:00:00,16265.197
2012-04-21 21:00:00,16222.205
2012-04-21 22:00:00,16349.037
2012-04-21 23:00:00,16386.018
2012-04-22 00:00:00,16556.633
2012-04-22 01:00:00,16495.057
2012-04-22 02:00:00,16223.293
2012-04-22 03:00:00,16607.781
2012-04-22 04:00:00,16449.195
2012-04-22 05:00:00,16418.629
2012-04-22 06:00:00,16221.534
2012-04-22 07:00:00,16377.4375
2012-04-22 08:00:00,16634.219
2012-04-22 09:00:00,16628.424
2012-04-22 10:00:00,16647.885
2012-04-22 11:00:00,16807.18
2012-04-22 12:00:00,16788.96
2012-04-22 13:00:00,16618.113
2012-04-22 14:00:00,16777.371
2012-04-22 15:00:00,16746.781
2012-04-22 16:00:00,16716.215
2012-04-22 17:00:00,17051.215
2012-04-22 18:00:00,17045.465
2012-04-22 19:00:00,16825.53
2012-04-22 20:00:00,17021.018
2012-04-22 21:00:00,16844.344
2012-04-22 22:00:00,16889.715
2012-04-22 23:00:00,16643.832
2012-04-23 00:00:00,16761.326
2012-04-23 01:00:00,17045.105
2012-04-23 02:00:00,17102.13
2012-04-23 03:00:00,16931.7
2012-04-23 04:00:00,16962.3
2012-04-23 05:00:00,16956.504
2012-04-23 06:00:00,16989.68
2012-04-23 07:00:00,16957.312
2012-04-23 08:00:00,16782.443
2012-04-23 09:00:00,16753.78
2012-04-23 10:00:00,16541.9
2012-04-23 11:00:00,16550.719
2012-04-23 12:00:00,16499.574
2012-04-23 13:00:00,16338.224
2012-04-23 14:00:00,16088.336
2012-04-23 15:00:00,16042.867
2012-04-23 16:00:00,16887.217
2012-04-23 17:00:00,16924.32
2012-04-23 18:00:00,16836.188
2012-04-23 19:00:00,16654.691
2012-04-23 20:00:00,16704.45
2012-04-23 21:00:00,16852.031
2012-04-23 22:00:00,16700.168
2012-04-23 23:00:00,16706.72
2012-04-24 00:00:00,16807.568
2012-04-24 01:00:00,16954.54
2012-04-24 02:00:00,16968.873
2012-04-24 03:00:00,16976.139
2012-04-24 04:00:00,16702.926
2012-04-24 05:00:00,16697.137
2012-04-24 06:00:00,16678.922
2012-04-24 07:00:00,16477.416
2012-04-24 08:00:00,16162.984
2012-04-24 09:00:00,15191.194
2012-04-24 10:00:00,15115.093
2012-04-24 11:00:00,14304.217
2012-04-24 12:00:00,14235.775
2012-04-24 13:00:00,14190.551
2012-04-24 14:00:00,14158.082
2012-04-24 15:00:00,14148.612
2012-04-24 16:00:00,14073.737
2012-04-24 17:00:00,14082.051
2012-04-24 18:00:00,13968.877
2012-04-24 19:00:00,14042.894
2012-04-24 20:00:00,14121.814
2012-04-24 21:00:00,14157.432
2012-04-24 22:00:00,14439.828
2012-04-24 23:00:00,14620.591
2012-04-25 00:00:00,14713.621
2012-04-25 01:00:00,14896.08
2012-04-25 02:00:00,16149.002
2012-04-25 03:00:00,16645.172
2012-04-25 04:00:00,16419.953
2012-04-25 05:00:00,16404.508
2012-04-25 06:00:00,16396.883
2012-04-25 07:00:00,16608.148
2012-04-25 08:00:00,16687.049
2012-04-25 09:00:00,15412.022
2012-04-25 10:00:00,14226.598
2012-04-25 11:00:00,14131.205
2012-04-25 12:00:00,14075.627
2012-04-25 13:00:00,13998.084
2012-04-25 14:00:00,14007.492
2012-04-25 15:00:00,13881.107
2012-04-25 16:00:00,13832.473
2012-04-25 17:00:00,13828.199
2012-04-25 18:00:00,13822.566
2012-04-25 19:00:00,13800.137
2012-04-25 20:00:00,13893.326
2012-04-25 21:00:00,14920.494
2012-04-25 22:00:00,14912.443
2012-04-25 23:00:00,14912.963
2012-04-26 00:00:00,15767.597
2012-04-26 01:00:00,15005.478
2012-04-26 02:00:00,15297.888
2012-04-26 03:00:00,15286.272
2012-04-26 04:00:00,15465.609
2012-04-26 05:00:00,15687.404
2012-04-26 06:00:00,15630.533
2012-04-26 07:00:00,16418.934
2012-04-26 08:00:00,16481.281
2012-04-26 09:00:00,16668.176
2012-04-26 10:00:00,16859.953
2012-04-26 11:00:00,16832.082
2012-04-26 12:00:00,16363.155
2012-04-26 13:00:00,16372.027
2012-04-26 14:00:00,16088.566
2012-04-26 15:00:00,16266.475
2012-04-26 16:00:00,16304.049
2012-04-26 17:00:00,16102.811
2012-04-26 18:00:00,16064.732
2012-04-26 19:00:00,16045.962
2012-04-26 20:00:00,16072.253
2012-04-26 21:00:00,16294.746
2012-04-26 22:00:00,16312.963
2012-04-26 23:00:00,16512.287
2012-04-27 00:00:00,15761.311
2012-04-27 01:00:00,15468.621
2012-04-27 02:00:00,15532.924
2012-04-27 03:00:00,15092.3
2012-04-27 04:00:00,15018.081
2012-04-27 05:00:00,15011.795
2012-04-27 06:00:00,15025.451
2012-04-27 07:00:00,15415.527
2012-04-27 08:00:00,15297.427
2012-04-27 09:00:00,14987.215
2012-04-27 10:00:00,14658.484
2012-04-27 11:00:00,14649.338
2012-04-27 12:00:00,14484.545
2012-04-27 13:00:00,14334.303
2012-04-27 14:00:00,14333.909
2012-04-27 15:00:00,14172.678
2012-04-27 16:00:00,14093.142
2012-04-27 17:00:00,14055.451
2012-04-27 18:00:00,14088.187
2012-04-27 19:00:00,14146.418
2012-04-27 20:00:00,14230.987
2012-04-27 21:00:00,14359.92
2012-04-27 22:00:00,14633.852
2012-04-27 23:00:00,14776.014
2012-04-28 00:00:00,15149.68
2012-04-28 01:00:00,15637.679
2012-04-28 02:00:00,15267.7705
2012-04-28 03:00:00,15643.252
2012-04-28 04:00:00,15601.133
2012-04-28 05:00:00,15454.305
2012-04-28 06:00:00,15588.332
2012-04-28 07:00:00,15579.85
2012-04-28 08:00:00,14950.586
2012-04-28 09:00:00,14796.04
2012-04-28 10:00:00,14925.889
2012-04-28 11:00:00,14914.253
2012-04-28 12:00:00,15043.405
2012-04-28 13:00:00,14704.856
2012-04-28 14:00:00,14697.502
2012-04-28 15:00:00,14821.277
2012-04-28 16:00:00,14608.652
2012-04-28 17:00:00,14790.012
2012-04-28 18:00:00,15099.552
2012-04-28 19:00:00,16447.191
2012-04-28 20:00:00,16136.437
2012-04-28 21:00:00,16410.9
2012-04-28 22:00:00,16449.455
2012-04-28 23:00:00,16508.012
2012-04-29 00:00:00,16862.877
2012-04-29 01:00:00,16876.686
2012-04-29 02:00:00,17035.312
2012-04-29 03:00:00,17021.707
2012-04-29 04:00:00,17037.977
2012-04-29 05:00:00,17106.078
2012-04-29 06:00:00,17101.555
2012-04-29 07:00:00,17076.855
2012-04-29 08:00:00,16596.164
2012-04-29 09:00:00,16381.586
2012-04-29 10:00:00,16115.736
2012-04-29 11:00:00,15131.074
2012-04-29 12:00:00,14772.03
2012-04-29 13:00:00,14743.465
2012-04-29 14:00:00,14135.422
2012-04-29 15:00:00,14181.715
2012-04-29 16:00:00,13854.729
2012-04-29 17:00:00,13853.486
2012-04-29 18:00:00,13858.821
2012-04-29 19:00:00,14060.683
2012-04-29 20:00:00,13984.415
2012-04-29 21:00:00,14750.101
2012-04-29 22:00:00,14671.399
2012-04-29 23:00:00,15370.27
2012-04-30 00:00:00,16354.925
2012-04-30 01:00:00,16564.332
2012-04-30 02:00:00,16357.141
2012-04-30 03:00:00,16547.234
2012-04-30 04:00:00,16006.223
2012-04-30 05:00:00,15998.546
2012-04-30 06:00:00,15212.033
2012-04-30 07:00:00,15345.153
2012-04-30 08:00:00,15009.357
2012-04-30 09:00:00,14988.02
2012-04-30 10:00:00,14829.934
2012-04-30 11:00:00,14880.816
2012-04-30 12:00:00,15014.637
2012-04-30 13:00:00,15056.604
2012-04-30 14:00:00,15157.443
2012-04-30 15:00:00,15076.617
2012-04-30 16:00:00,15172.053
2012-04-30 17:00:00,15155.973
2012-04-30 18:00:00,15156.988
2012-04-30 19:00:00,15379.125
2012-04-30 20:00:00,15224.031
2012-04-30 21:00:00,15216.955
2012-04-30 22:00:00,15040.386
2012-04-30 23:00:00,15033.846
2012-05-20 00:00:00,14929.785
2012-05-20 01:00:00,14914.867
2012-05-20 02:00:00,14907.669
2012-05-20 03:00:00,15150.904
2012-05-20 04:00:00,15852.43
2012-05-20 05:00:00,16122.755
2012-05-20 06:00:00,15630.313
2012-05-20 07:00:00,15805.839
2012-05-20 08:00:00,15073.695
2012-05-20 09:00:00,13896.064
2012-05-20 10:00:00,13874.877
2012-05-20 11:00:00,13893.592
2012-05-20 12:00:00,13847.45
2012-05-20 13:00:00,13817.558
2012-05-20 14:00:00,13814.568
2012-05-20 15:00:00,13856.666
2012-05-20 16:00:00,13835.737
2012-05-20 17:00:00,13939.223
2012-05-20 18:00:00,14258.572
2012-05-20 19:00:00,14841.775
2012-05-20 20:00:00,14834.694
2012-05-20 21:00:00,15261.421
2012-05-20 22:00:00,15509.35
2012-05-20 23:00:00,15788.927
2012-05-21 00:00:00,16330.287
2012-05-21 01:00:00,16299.715
2012-05-21 02:00:00,16573.332
2012-05-21 03:00:00,16388.844
2012-05-21 04:00:00,16363.355
2012-05-21 05:00:00,16357.553
2012-05-21 06:00:00,16351.748
2012-05-21 07:00:00,16345.952
2012-05-21 08:00:00,16358.772
2012-05-21 09:00:00,16365.189
2012-05-21 10:00:00,16278.465
2012-05-21 11:00:00,16132.465
2012-05-21 12:00:00,16090.172
2012-05-21 13:00:00,16064.717
2012-05-21 14:00:00,16083.264
2012-05-21 15:00:00,15510.893
2012-05-21 16:00:00,15478.689
2012-05-21 17:00:00,15168.587
2012-05-21 18:00:00,15526.133
2012-05-21 19:00:00,15214.473
2012-05-21 20:00:00,15267.122
2012-05-21 21:00:00,15321.867
2012-05-21 22:00:00,15533.625
2012-05-21 23:00:00,15508.346
2012-05-22 00:00:00,16235.554
2012-05-22 01:00:00,16257.94
2012-05-22 02:00:00,16262.856
2012-05-22 03:00:00,16257.029
2012-05-22 04:00:00,16434.867
2012-05-22 05:00:00,16399.37
2012-05-22 06:00:00,16426.012
2012-05-22 07:00:00,16420.18
2012-05-22 08:00:00,16422.373
2012-05-22 09:00:00,16165.789
2012-05-22 10:00:00,15974.449
2012-05-22 11:00:00,15989.492
2012-05-22 12:00:00,15881.526
2012-05-22 13:00:00,15568.039
2012-05-22 14:00:00,15537.852
2012-05-22 15:00:00,14692.9
2012-05-22 16:00:00,14757.234
2012-05-22 17:00:00,14336.82
2012-05-22 18:00:00,14751.215
2012-05-22 19:00:00,15154.117
2012-05-22 20:00:00,15466.342
2012-05-22 21:00:00,15822.473
2012-05-22 22:00:00,15568.637
2012-05-22 23:00:00,15557.769
2012-05-23 00:00:00,15987.816
2012-05-23 01:00:00,16209.648
2012-05-23 02:00:00,16184.91
2012-05-23 03:00:00,16042.734
2012-05-23 04:00:00,16197.809
2012-05-23 05:00:00,16376.186
2012-05-23 06:00:00,16463.578
2012-05-23 07:00:00,16290.328
2012-05-23 08:00:00,16284.5
2012-05-23 09:00:00,15932.52
2012-05-23 10:00:00,15921.52
2012-05-23 11:00:00,15602.398
2012-05-23 12:00:00,15253.146
2012-05-23 13:00:00,15512.031
2012-05-23 14:00:00,14939.396
2012-05-23 15:00:00,14660.041
2012-05-23 16:00:00,14666.572
2012-05-23 17:00:00,15261.17
2012-05-23 18:00:00,15252.36
2012-05-23 19:00:00,16029.412
2012-05-23 20:00:00,16050.652
2012-05-23 21:00:00,16077.23
2012-05-23 22:00:00,16012.0
2012-05-23 23:00:00,16092.259
2012-05-24 00:00:00,16242.371
2012-05-24 01:00:00,16410.676
2012-05-24 02:00:00,16437.26
2012-05-24 03:00:00,16374.846
2012-05-24 04:00:00,16347.417
2012-05-24 05:00:00,16341.602
2012-05-24 06:00:00,16335.776
2012-05-24 07:00:00,16196.217
2012-05-24 08:00:00,15666.196
2012-05-24 09:00:00,15652.096
2012-05-24 10:00:00,15101.835
2012-05-24 11:00:00,15026.559
2012-05-24 12:00:00,14605.423
2012-05-24 13:00:00,14372.778
2012-05-24 14:00:00,14335.095
2012-05-24 15:00:00,14324.443
2012-05-24 16:00:00,14305.754
2012-05-24 17:00:00,14306.393
2012-05-24 18:00:00,14320.055
2012-05-24 19:00:00,14697.244
2012-05-24 20:00:00,15155.803
2012-05-24 21:00:00,15735.015
2012-05-24 22:00:00,15764.008
2012-05-24 23:00:00,15747.736
2012-05-25 00:00:00,16169.722
2012-05-25 01:00:00,16180.073
2012-05-25 02:00:00,16187.885
2012-05-25 03:00:00,16318.535
2012-05-25 04:00:00,16350.516
2012-05-25 05:00:00,16312.275
2012-05-25 06:00:00,16301.07
2012-05-25 07:00:00,16273.654
2012-05-25 08:00:00,16262.694
2012-05-25 09:00:00,16246.087
2012-05-25 10:00:00,15733.818
2012-05-25 11:00:00,15734.41
2012-05-25 12:00:00,14822.773
2012-05-25 13:00:00,14624.932
2012-05-25 14:00:00,14468.965
2012-05-25 15:00:00,14538.986
2012-05-25 16:00:00,14023.366
2012-05-25 17:00:00,14527.892
2012-05-25 18:00:00,14517.455
2012-05-25 19:00:00,14607.998
2012-05-25 20:00:00,14837.451
2012-05-25 21:00:00,14822.18
2012-05-25 22:00:00,15474.902
2012-05-25 23:00:00,15670.301
2012-05-26 00:00:00,16136.941
2012-05-26 01:00:00,16141.888
2012-05-26 02:00:00,16314.57
2012-05-26 03:00:00,16346.256
2012-05-26 04:00:00,16329.656
2012-05-26 05:00:00,16103.211
2012-05-26 06:00:00,16296.403
2012-05-26 07:00:00,16282.578
2012-05-26 08:00:00,15895.518
2012-05-26 09:00:00,16073.364
2012-05-26 10:00:00,15726.959
2012-05-26 11:00:00,15362.92
2012-05-26 12:00:00,14794.135
2012-05-26 13:00:00,14679.648
2012-05-26 14:00:00,14680.899
2012-05-26 15:00:00,14691.371
2012-05-26 16:00:00,14143.128
2012-05-26 17:00:00,14009.134
2012-05-26 18:00:00,14083.086
2012-05-26 19:00:00,14734.087
2012-05-26 20:00:00,14290.34
2012-05-26 21:00:00,14623.814
2012-05-26 22:00:00,15239.467
2012-05-26 23:00:00,15230.672
2012-05-27 00:00:00,15253.855
2012-05-27 01:00:00,15619.797
2012-05-27 02:00:00,15632.754
2012-05-27 03:00:00,15637.959
2012-05-27 04:00:00,16133.38
2012-05-27 05:00:00,16127.564
2012-05-27 06:00:00,16132.945
2012-05-27 07:00:00,16301.371
2012-05-27 08:00:00,16079.192
2012-05-27 09:00:00,15978.051
2012-05-27 10:00:00,15464.571
2012-05-27 11:00:00,14868.857
2012-05-27 12:00:00,14802.559
2012-05-27 13:00:00,14394.09
2012-05-27 14:00:00,14380.001
2012-05-27 15:00:00,14034.807
2012-05-27 16:00:00,14027.396
2012-05-27 17:00:00,13874.877
2012-05-27 18:00:00,14345.504
2012-05-27 19:00:00,14349.725
2012-05-27 20:00:00,14307.762
2012-05-27 21:00:00,15182.579
2012-05-27 22:00:00,16061.549
2012-05-27 23:00:00,16007.328
2012-05-28 00:00:00,16149.715
2012-05-28 01:00:00,15909.072
2012-05-28 02:00:00,16194.56
2012-05-28 03:00:00,15712.868
2012-05-28 04:00:00,16038.049
2012-05-28 05:00:00,16032.258
2012-05-28 06:00:00,15689.901
2012-05-28 07:00:00,15955.875
2012-05-28 08:00:00,15366.743
2012-05-28 09:00:00,14727.987
2012-05-28 10:00:00,14720.836
2012-05-28 11:00:00,14849.753
2012-05-28 12:00:00,14555.735
2012-05-28 13:00:00,14382.908
2012-05-28 14:00:00,14375.502
2012-05-28 15:00:00,13982.941
2012-05-28 16:00:00,13972.28
2012-05-28 17:00:00,13968.123
2012-05-28 18:00:00,14182.788
2012-05-28 19:00:00,14013.683
2012-05-28 20:00:00,14424.399
2012-05-28 21:00:00,14655.49
2012-05-28 22:00:00,14874.686
2012-05-28 23:00:00,15156.447
2012-05-29 00:00:00,15697.185
2012-05-29 01:00:00,15689.51
2012-05-29 02:00:00,15961.592
2012-05-29 03:00:00,15757.401
2012-05-29 04:00:00,15818.375
2012-05-29 05:00:00,15810.531
2012-05-29 06:00:00,15802.685
2012-05-29 07:00:00,15794.839
2012-05-29 08:00:00,15378.909
2012-05-29 09:00:00,15042.333
2012-05-29 10:00:00,14980.455
2012-05-29 11:00:00,14571.395
2012-05-29 12:00:00,14044.725
2012-05-29 13:00:00,13812.016
2012-05-29 14:00:00,13802.353
2012-05-29 15:00:00,13657.983
2012-05-29 16:00:00,13666.592
2012-05-29 17:00:00,13626.42
2012-05-29 18:00:00,13732.66
2012-05-29 19:00:00,13986.551
2012-05-29 20:00:00,14669.949
2012-05-29 21:00:00,16115.724
2012-05-29 22:00:00,16213.279
2012-05-29 23:00:00,16424.973
2012-05-30 00:00:00,16290.494
2012-05-30 01:00:00,16252.299
2012-05-30 02:00:00,16514.838
2012-05-30 03:00:00,16288.97
2012-05-30 04:00:00,16301.934
2012-05-30 05:00:00,15928.059
2012-05-30 06:00:00,16002.218
2012-05-30 07:00:00,15941.866
2012-05-30 08:00:00,15678.094
2012-05-30 09:00:00,15357.723
2012-05-30 10:00:00,15327.77
2012-05-30 11:00:00,15035.971
2012-05-30 12:00:00,14431.441
2012-05-30 13:00:00,14303.944
2012-05-30 14:00:00,13828.118
2012-05-30 15:00:00,14216.297
2012-05-30 16:00:00,14205.646
2012-05-30 17:00:00,14018.8125
2012-05-30 18:00:00,14003.284
2012-05-30 19:00:00,14329.981
2012-05-30 20:00:00,15180.145
2012-05-30 21:00:00,14570.412
2012-05-30 22:00:00,15181.443
2012-05-30 23:00:00,14933.347
2012-05-31 00:00:00,15442.811
2012-05-31 01:00:00,15454.027
2012-05-31 02:00:00,15192.622
2012-05-31 03:00:00,15480.007
2012-05-31 04:00:00,15496.727
2012-05-31 05:00:00,15391.842
2012-05-31 06:00:00,15699.472
2012-05-31 07:00:00,15196.931
2012-05-31 08:00:00,14803.051
2012-05-31 09:00:00,14276.031
2012-05-31 10:00:00,13879.037
2012-05-31 11:00:00,13781.39
2012-05-31 12:00:00,13756.034
2012-05-31 13:00:00,13686.617
2012-05-31 14:00:00,13632.315
2012-05-31 15:00:00,13675.206
2012-05-31 16:00:00,13665.289
2012-05-31 17:00:00,13607.076
2012-05-31 18:00:00,13645.78
2012-05-31 19:00:00,13680.091
2012-05-31 20:00:00,13987.338
2012-05-31 21:00:00,13980.171
2012-05-31 22:00:00,14333.732
2012-05-31 23:00:00,14498.314
2012-06-20 00:00:00,15697.185
2012-06-20 01:00:00,15796.024
2012-06-20 02:00:00,16034.734
2012-06-20 03:00:00,16039.634
2012-06-20 04:00:00,16049.941
2012-06-20 05:00:00,16044.148
2012-06-20 06:00:00,16279.736
2012-06-20 07:00:00,16250.021
2012-06-20 08:00:00,15639.4
2012-06-20 09:00:00,15303.418
2012-06-20 10:00:00,13858.809
2012-06-20 11:00:00,13630.92
2012-06-20 12:00:00,13500.04
2012-06-20 13:00:00,13462.959
2012-06-20 14:00:00,13386.789
2012-06-20 15:00:00,13250.756
2012-06-20 16:00:00,13279.248
2012-06-20 17:00:00,13253.998
2012-06-20 18:00:00,13248.88
2012-06-20 19:00:00,13385.758
2012-06-20 20:00:00,13425.107
2012-06-20 21:00:00,13478.951
2012-06-20 22:00:00,13526.648
2012-06-20 23:00:00,14255.518
2012-06-21 00:00:00,15071.071
2012-06-21 01:00:00,15591.78
2012-06-21 02:00:00,15591.164
2012-06-21 03:00:00,15359.952
2012-06-21 04:00:00,15904.902
2012-06-21 05:00:00,15893.293
2012-06-21 06:00:00,15874.1
2012-06-21 07:00:00,15868.085
2012-06-21 08:00:00,15040.834
2012-06-21 09:00:00,14072.686
2012-06-21 10:00:00,13636.7705
2012-06-21 11:00:00,13437.838
2012-06-21 12:00:00,13324.44
2012-06-21 13:00:00,13256.35
2012-06-21 14:00:00,13377.146
2012-06-21 15:00:00,13244.998
2012-06-21 16:00:00,13284.176
2012-06-21 17:00:00,13308.502
2012-06-21 18:00:00,13415.746
2012-06-21 19:00:00,13366.277
2012-06-21 20:00:00,13437.566
2012-06-21 21:00:00,13762.079
2012-06-21 22:00:00,14300.652
2012-06-21 23:00:00,14142.094
2012-06-22 00:00:00,14919.453
2012-06-22 01:00:00,15186.395
2012-06-22 02:00:00,15546.313
2012-06-22 03:00:00,15538.535
2012-06-22 04:00:00,14680.2705
2012-06-22 05:00:00,14784.795
2012-06-22 06:00:00,14782.965
2012-06-22 07:00:00,14511.877
2012-06-22 08:00:00,14305.328
2012-06-22 09:00:00,14400.942
2012-06-22 10:00:00,13934.957
2012-06-22 11:00:00,13803.797
2012-06-22 12:00:00,13619.932
2012-06-22 13:00:00,13397.074
2012-06-22 14:00:00,13391.941
2012-06-22 15:00:00,13363.281
2012-06-22 16:00:00,13290.363
2012-06-22 17:00:00,13507.463
2012-06-22 18:00:00,13991.936
2012-06-22 19:00:00,14164.65
2012-06-22 20:00:00,14157.305
2012-06-22 21:00:00,14905.633
2012-06-22 22:00:00,15077.305
2012-06-22 23:00:00,15462.561
2012-06-23 00:00:00,16188.2295
2012-06-23 01:00:00,15869.094
2012-06-23 02:00:00,16086.434
2012-06-23 03:00:00,16119.561
2012-06-23 04:00:00,16086.8
2012-06-23 05:00:00,16068.964
2012-06-23 06:00:00,16120.871
2012-06-23 07:00:00,16088.134
2012-06-23 08:00:00,15170.425
2012-06-23 09:00:00,14708.876
2012-06-23 10:00:00,14369.625
2012-06-23 11:00:00,13975.375
2012-06-23 12:00:00,13629.716
2012-06-23 13:00:00,13515.084
2012-06-23 14:00:00,13622.906
2012-06-23 15:00:00,13499.934
2012-06-23 16:00:00,13397.494
2012-06-23 17:00:00,13427.461
2012-06-23 18:00:00,13418.281
2012-06-23 19:00:00,13496.074
2012-06-23 20:00:00,13558.834
2012-06-23 21:00:00,13588.1875
2012-06-23 22:00:00,13651.152
2012-06-23 23:00:00,13868.824
2012-06-24 00:00:00,14399.594
2012-06-24 01:00:00,14575.316
2012-06-24 02:00:00,14437.451
2012-06-24 03:00:00,15080.806
2012-06-24 04:00:00,15112.1
2012-06-24 05:00:00,15443.656
2012-06-24 06:00:00,15139.579
2012-06-24 07:00:00,15395.884
2012-06-24 08:00:00,14600.514
2012-06-24 09:00:00,14270.417
2012-06-24 10:00:00,13669.04
2012-06-24 11:00:00,13694.422
2012-06-24 12:00:00,13582.5625
2012-06-24 13:00:00,13597.157
2012-06-24 14:00:00,13495.186
2012-06-24 15:00:00,13384.122
2012-06-24 16:00:00,13470.115
2012-06-24 17:00:00,13478.553
2012-06-24 18:00:00,13509.152
2012-06-24 19:00:00,13586.701
2012-06-24 20:00:00,13742.821
2012-06-24 21:00:00,14209.845
2012-06-24 22:00:00,14286.568
2012-06-24 23:00:00,14406.493
2012-06-25 00:00:00,14772.053
2012-06-25 01:00:00,14984.835
2012-06-25 02:00:00,15194.218
2012-06-25 03:00:00,15205.417
2012-06-25 04:00:00,15801.666
2012-06-25 05:00:00,15583.885
2012-06-25 06:00:00,15884.459
2012-06-25 07:00:00,15555.695
2012-06-25 08:00:00,15255.251
2012-06-25 09:00:00,14918.738
2012-06-25 10:00:00,14287.268
2012-06-25 11:00:00,13663.283
2012-06-25 12:00:00,13799.393
2012-06-25 13:00:00,14204.486
2012-06-25 14:00:00,13694.737
2012-06-25 15:00:00,13715.625
2012-06-25 16:00:00,13599.103
2012-06-25 17:00:00,13431.831
2012-06-25 18:00:00,13631.75
2012-06-25 19:00:00,13687.608
2012-06-25 20:00:00,13733.164
2012-06-25 21:00:00,13771.313
2012-06-25 22:00:00,13799.902
2012-06-25 23:00:00,13825.504
2012-06-26 00:00:00,13964.051
2012-06-26 01:00:00,14014.08
2012-06-26 02:00:00,14524.432
2012-06-26 03:00:00,14670.301
2012-06-26 04:00:00,14663.639
2012-06-26 05:00:00,14850.926
2012-06-26 06:00:00,15022.14
2012-06-26 07:00:00,15012.094
2012-06-26 08:00:00,14741.194
2012-06-26 09:00:00,14528.2295
2012-06-26 10:00:00,14042.692
2012-06-26 11:00:00,13934.814
2012-06-26 12:00:00,13903.471
2012-06-26 13:00:00,13813.484
2012-06-26 14:00:00,13808.412
2012-06-26 15:00:00,13749.494
2012-06-26 16:00:00,13733.879
2012-06-26 17:00:00,13725.375
2012-06-26 18:00:00,13701.693
2012-06-26 19:00:00,13654.496
2012-06-26 20:00:00,13722.164
2012-06-26 21:00:00,13737.827
2012-06-26 22:00:00,13792.269
2012-06-26 23:00:00,13972.715
2012-06-27 00:00:00,14131.279
2012-06-27 01:00:00,14261.8125
2012-06-27 02:00:00,14778.43
2012-06-27 03:00:00,14578.128
2012-06-27 04:00:00,14089.516
2012-06-27 05:00:00,14218.239
2012-06-27 06:00:00,14562.273
2012-06-27 07:00:00,14196.27
2012-06-27 08:00:00,14153.089
2012-06-27 09:00:00,13970.342
2012-06-27 10:00:00,13820.467
2012-06-27 11:00:00,13719.702
2012-06-27 12:00:00,13658.247
2012-06-27 13:00:00,13549.117
2012-06-27 14:00:00,13461.862
2012-06-27 15:00:00,13487.443
2012-06-27 16:00:00,13375.974
2012-06-27 17:00:00,13374.35
2012-06-27 18:00:00,13514.293
2012-06-27 19:00:00,13591.923
2012-06-27 20:00:00,13596.818
2012-06-27 21:00:00,13639.854
2012-06-27 22:00:00,13694.975
2012-06-27 23:00:00,14102.1455
2012-06-28 00:00:00,14479.921
2012-06-28 01:00:00,14621.77
2012-06-28 02:00:00,14465.07
2012-06-28 03:00:00,14457.941
2012-06-28 04:00:00,15004.509
2012-06-28 05:00:00,14806.115
2012-06-28 06:00:00,14798.899
2012-06-28 07:00:00,14982.969
2012-06-28 08:00:00,14424.06
2012-06-28 09:00:00,14457.78
2012-06-28 10:00:00,14050.403
2012-06-28 11:00:00,13561.587
2012-06-28 12:00:00,13423.304
2012-06-28 13:00:00,13323.828
2012-06-28 14:00:00,13306.332
2012-06-28 15:00:00,13299.268
2012-06-28 16:00:00,13165.171
2012-06-28 17:00:00,13124.209
2012-06-28 18:00:00,13282.951
2012-06-28 19:00:00,13466.859
2012-06-28 20:00:00,13476.486
2012-06-28 21:00:00,14202.568
2012-06-28 22:00:00,14051.414
2012-06-28 23:00:00,13960.648
2012-06-29 00:00:00,14130.952
2012-06-29 01:00:00,14267.293
2012-06-29 02:00:00,14613.758
2012-06-29 03:00:00,14606.604
2012-06-29 04:00:00,14946.267
2012-06-29 05:00:00,14762.828
2012-06-29 06:00:00,14762.959
2012-06-29 07:00:00,14748.391
2012-06-29 08:00:00,14362.491
2012-06-29 09:00:00,14294.659
2012-06-29 10:00:00,13377.863
2012-06-29 11:00:00,13367.836
2012-06-29 12:00:00,13280.041
2012-06-29 13:00:00,13221.163
2012-06-29 14:00:00,13153.094
2012-06-29 15:00:00,13078.96
2012-06-29 16:00:00,13073.941
2012-06-29 17:00:00,13013.967
2012-06-29 18:00:00,13070.529
2012-06-29 19:00:00,13308.666
2012-06-29 20:00:00,13235.783
2012-06-29 21:00:00,13582.686
2012-06-29 22:00:00,14127.74
2012-06-29 23:00:00,14120.326
2012-06-30 00:00:00,16269.756
2012-06-30 01:00:00,16242.375
2012-06-30 02:00:00,16336.312
2012-06-30 03:00:00,16330.486
2012-06-30 04:00:00,16555.268
2012-06-30 05:00:00,16278.217
2012-06-30 06:00:00,16272.393
2012-06-30 07:00:00,16266.576
2012-06-30 08:00:00,16260.751
2012-06-30 09:00:00,16254.925
2012-06-30 10:00:00,13394.076
2012-06-30 11:00:00,13387.002
2012-06-30 12:00:00,13379.922
2012-06-30 13:00:00,13372.869
2012-06-30 14:00:00,13365.814
2012-06-30 15:00:00,13358.748
2012-06-30 16:00:00,13255.135
2012-06-30 17:00:00,13339.213
2012-06-30 18:00:00,13292.504
2012-06-30 19:00:00,13525.377
2012-06-30 20:00:00,13783.156
2012-06-30 21:00:00,13775.736
2012-06-30 22:00:00,14395.404
2012-06-30 23:00:00,14364.033
2012-07-20 00:00:00,16231.512
2012-07-20 01:00:00,16247.087
2012-07-20 02:00:00,16238.65
2012-07-20 03:00:00,16227.445
2012-07-20 04:00:00,16200.008
2012-07-20 05:00:00,16205.025
2012-07-20 06:00:00,16188.376
2012-07-20 07:00:00,16171.765
2012-07-20 08:00:00,15887.266
2012-07-20 09:00:00,15614.857
2012-07-20 10:00:00,15599.867
2012-07-20 11:00:00,15178.322
2012-07-20 12:00:00,15843.598
2012-07-20 13:00:00,15860.938
2012-07-20 14:00:00,15778.982
2012-07-20 15:00:00,15736.364
2012-07-20 16:00:00,15770.521
2012-07-20 17:00:00,16024.988
2012-07-20 18:00:00,15658.83
2012-07-20 19:00:00,15941.376
2012-07-20 20:00:00,15871.446
2012-07-20 21:00:00,15922.96
2012-07-20 22:00:00,15991.788
2012-07-20 23:00:00,15949.389
2012-07-21 00:00:00,16072.593
2012-07-21 01:00:00,16098.867
2012-07-21 02:00:00,16295.241
2012-07-21 03:00:00,16301.953
2012-07-21 04:00:00,16314.426
2012-07-21 05:00:00,16321.112
2012-07-21 06:00:00,16315.316
2012-07-21 07:00:00,16329.205
2012-07-21 08:00:00,16170.654
2012-07-21 09:00:00,16189.361
2012-07-21 10:00:00,16292.113
2012-07-21 11:00:00,16097.093
2012-07-21 12:00:00,16083.844
2012-07-21 13:00:00,16102.338
2012-07-21 14:00:00,16257.622
2012-07-21 15:00:00,16232.254
2012-07-21 16:00:00,16248.833
2012-07-21 17:00:00,16253.788
2012-07-21 18:00:00,16255.9795
2012-07-21 19:00:00,16260.938
2012-07-21 20:00:00,16236.324
2012-07-21 21:00:00,16249.302
2012-07-21 22:00:00,16265.068
2012-07-21 23:00:00,16297.041
2012-07-22 00:00:00,16393.191
2012-07-22 01:00:00,16365.768
2012-07-22 02:00:00,16381.531
2012-07-22 03:00:00,16375.714
2012-07-22 04:00:00,16426.484
2012-07-22 05:00:00,16420.662
2012-07-22 06:00:00,16133.031
2012-07-22 07:00:00,16159.633
2012-07-22 08:00:00,15903.078
2012-07-22 09:00:00,15320.821
2012-07-22 10:00:00,15571.959
2012-07-22 11:00:00,15564.217
2012-07-22 12:00:00,15147.744
2012-07-22 13:00:00,14861.365
2012-07-22 14:00:00,14810.696
2012-07-22 15:00:00,14803.537
2012-07-22 16:00:00,14728.543
2012-07-22 17:00:00,14751.646
2012-07-22 18:00:00,14727.539
2012-07-22 19:00:00,14961.286
2012-07-22 20:00:00,15288.052
2012-07-22 21:00:00,15559.256
2012-07-22 22:00:00,15257.158
2012-07-22 23:00:00,15633.688
2012-07-23 00:00:00,16269.082
2012-07-23 01:00:00,16225.493
2012-07-23 02:00:00,16387.41
2012-07-23 03:00:00,16381.585
2012-07-23 04:00:00,16359.596
2012-07-23 05:00:00,16353.764
2012-07-23 06:00:00,16107.988
2012-07-23 07:00:00,15870.123
2012-07-23 08:00:00,15544.522
2012-07-23 09:00:00,15163.879
2012-07-23 10:00:00,14406.881
2012-07-23 11:00:00,13934.549
2012-07-23 12:00:00,13927.145
2012-07-23 13:00:00,13926.225
2012-07-23 14:00:00,14295.878
2012-07-23 15:00:00,14028.27
2012-07-23 16:00:00,13805.52
2012-07-23 17:00:00,13798.109
2012-07-23 18:00:00,13546.191
2012-07-23 19:00:00,13879.678
2012-07-23 20:00:00,14491.369
2012-07-23 21:00:00,14487.643
2012-07-23 22:00:00,14576.322
2012-07-23 23:00:00,14750.486
2012-07-24 00:00:00,15456.336
2012-07-24 01:00:00,15796.231
2012-07-24 02:00:00,16026.666
2012-07-24 03:00:00,16020.854
2012-07-24 04:00:00,16041.875
2012-07-24 05:00:00,16030.703
2012-07-24 06:00:00,16014.087
2012-07-24 07:00:00,15391.903
2012-07-24 08:00:00,14960.701
2012-07-24 09:00:00,13811.418
2012-07-24 10:00:00,13993.551
2012-07-24 11:00:00,13749.31
2012-07-24 12:00:00,13972.745
2012-07-24 13:00:00,13737.481
2012-07-24 14:00:00,13736.5
2012-07-24 15:00:00,13657.613
2012-07-24 16:00:00,14009.496
2012-07-24 17:00:00,13886.299
2012-07-24 18:00:00,14514.109
2012-07-24 19:00:00,14498.142
2012-07-24 20:00:00,14704.623
2012-07-24 21:00:00,14714.297
2012-07-24 22:00:00,14715.527
2012-07-24 23:00:00,14395.206
2012-07-25 00:00:00,14631.965
2012-07-25 01:00:00,14686.095
2012-07-25 02:00:00,14885.741
2012-07-25 03:00:00,15105.214
2012-07-25 04:00:00,15165.014
2012-07-25 05:00:00,15137.639
2012-07-25 06:00:00,15140.541
2012-07-25 07:00:00,14419.151
2012-07-25 08:00:00,13924.658
2012-07-25 09:00:00,13790.783
2012-07-25 10:00:00,13694.248
2012-07-25 11:00:00,13592.672
2012-07-25 12:00:00,13587.597
2012-07-25 13:00:00,13582.242
2012-07-25 14:00:00,13512.906
2012-07-25 15:00:00,13547.341
2012-07-25 16:00:00,13512.525
2012-07-25 17:00:00,13467.348
2012-07-25 18:00:00,13478.82
2012-07-25 19:00:00,13595.789
2012-07-25 20:00:00,13712.064
2012-07-25 21:00:00,13907.848
2012-07-25 22:00:00,14533.571
2012-07-25 23:00:00,14555.134
2012-07-26 00:00:00,15118.23
2012-07-26 01:00:00,15119.629
2012-07-26 02:00:00,15284.547
2012-07-26 03:00:00,15286.991
2012-07-26 04:00:00,15585.119
2012-07-26 05:00:00,15577.448
2012-07-26 06:00:00,15785.977
2012-07-26 07:00:00,15352.008
2012-07-26 08:00:00,15320.41
2012-07-26 09:00:00,15030.941
2012-07-26 10:00:00,14952.809
2012-07-26 11:00:00,14474.836
2012-07-26 12:00:00,13874.242
2012-07-26 13:00:00,13644.463
2012-07-26 14:00:00,13351.214
2012-07-26 15:00:00,13276.237
2012-07-26 16:00:00,13269.881
2012-07-26 17:00:00,13384.993
2012-07-26 18:00:00,13285.477
2012-07-26 19:00:00,13345.17
2012-07-26 20:00:00,13491.89
2012-07-26 21:00:00,13722.367
2012-07-26 22:00:00,13716.625
2012-07-26 23:00:00,14930.832
2012-07-27 00:00:00,15192.8125
2012-07-27 01:00:00,15137.26
2012-07-27 02:00:00,15689.838
2012-07-27 03:00:00,15426.911
2012-07-27 04:00:00,15709.516
2012-07-27 05:00:00,15932.434
2012-07-27 06:00:00,15693.908
2012-07-27 07:00:00,15041.796
2012-07-27 08:00:00,14674.904
2012-07-27 09:00:00,13701.873
2012-07-27 10:00:00,13585.872
2012-07-27 11:00:00,13603.82
2012-07-27 12:00:00,13609.381
2012-07-27 13:00:00,13582.059
2012-07-27 14:00:00,13513.816
2012-07-27 15:00:00,13441.018
2012-07-27 16:00:00,13551.121
2012-07-27 17:00:00,13450.471
2012-07-27 18:00:00,13558.134
2012-07-27 19:00:00,13776.732
2012-07-27 20:00:00,14268.617
2012-07-27 21:00:00,14261.511
2012-07-27 22:00:00,14254.306
2012-07-27 23:00:00,14549.457
2012-07-28 00:00:00,14720.879
2012-07-28 01:00:00,15154.284
2012-07-28 02:00:00,15185.605
2012-07-28 03:00:00,15176.8125
2012-07-28 04:00:00,15668.084
2012-07-28 05:00:00,15774.932
2012-07-28 06:00:00,15223.271
2012-07-28 07:00:00,15081.781
2012-07-28 08:00:00,14799.676
2012-07-28 09:00:00,14358.354
2012-07-28 10:00:00,13850.717
2012-07-28 11:00:00,13528.486
2012-07-28 12:00:00,13520.735
2012-07-28 13:00:00,13473.659
2012-07-28 14:00:00,13463.689
2012-07-28 15:00:00,13398.811
2012-07-28 16:00:00,13443.573
2012-07-28 17:00:00,13573.366
2012-07-28 18:00:00,13570.209
2012-07-28 19:00:00,15910.793
2012-07-28 20:00:00,15903.573
2012-07-28 21:00:00,15724.785
2012-07-28 22:00:00,15716.928
2012-07-28 23:00:00,15937.77
2012-07-29 00:00:00,16261.843
2012-07-29 01:00:00,16062.842
2012-07-29 02:00:00,15623.151
2012-07-29 03:00:00,15297.227
2012-07-29 04:00:00,15382.195
2012-07-29 05:00:00,15933.633
2012-07-29 06:00:00,15606.67
2012-07-29 07:00:00,15251.84
2012-07-29 08:00:00,14942.93
2012-07-29 09:00:00,14717.149
2012-07-29 10:00:00,14616.45
2012-07-29 11:00:00,14283.885
2012-07-29 12:00:00,14265.113
2012-07-29 13:00:00,13794.72
2012-07-29 14:00:00,13684.602
2012-07-29 15:00:00,13598.785
2012-07-29 16:00:00,13592.973
2012-07-29 17:00:00,13523.344
2012-07-29 18:00:00,13613.57
2012-07-29 19:00:00,14231.15
2012-07-29 20:00:00,14699.85
2012-07-29 21:00:00,14958.751
2012-07-29 22:00:00,15082.718
2012-07-29 23:00:00,15120.693
2012-07-30 00:00:00,15465.982
2012-07-30 01:00:00,15477.652
2012-07-30 02:00:00,15572.301
2012-07-30 03:00:00,16080.011
2012-07-30 04:00:00,16074.178
2012-07-30 05:00:00,16030.703
2012-07-30 06:00:00,16003.274
2012-07-30 07:00:00,15663.249
2012-07-30 08:00:00,15267.426
2012-07-30 09:00:00,15009.231
2012-07-30 10:00:00,14784.094
2012-07-30 11:00:00,14159.635
2012-07-30 12:00:00,14365.787
2012-07-30 13:00:00,13789.455
2012-07-30 14:00:00,13777.288
2012-07-30 15:00:00,13767.621
2012-07-30 16:00:00,13757.938
2012-07-30 17:00:00,14217.573
2012-07-30 18:00:00,14313.139
2012-07-30 19:00:00,13780.038
2012-07-30 20:00:00,14948.566
2012-07-30 21:00:00,14935.428
2012-07-30 22:00:00,15210.605
2012-07-30 23:00:00,15237.997
2012-07-31 00:00:00,15812.51
2012-07-31 01:00:00,16043.165
2012-07-31 02:00:00,16037.368
2012-07-31 03:00:00,16047.666
2012-07-31 04:00:00,16041.875
2012-07-31 05:00:00,16009.16
2012-07-31 06:00:00,16263.476
2012-07-31 07:00:00,15887.701
2012-07-31 08:00:00,15642.748
2012-07-31 09:00:00,15066.972
2012-07-31 10:00:00,14852.32
2012-07-31 11:00:00,14357.77
2012-07-31 12:00:00,13704.514
2012-07-31 13:00:00,14033.331
2012-07-31 14:00:00,14025.923
2012-07-31 15:00:00,14514.887
2012-07-31 16:00:00,14349.041
2012-07-31 17:00:00,14007.092
2012-07-31 18:00:00,14215.035
2012-07-31 19:00:00,14578.177
2012-07-31 20:00:00,15019.545
2012-07-31 21:00:00,15630.765
2012-07-31 22:00:00,15339.654
2012-07-31 23:00:00,15882.034
2012-08-20 00:00:00,16210.14
2012-08-20 01:00:00,16201.578
2012-08-20 02:00:00,16195.758
2012-08-20 03:00:00,16385.572
2012-08-20 04:00:00,16192.217
2012-08-20 05:00:00,16218.821
2012-08-20 06:00:00,15984.293
2012-08-20 07:00:00,15904.125
2012-08-20 08:00:00,15645.399
2012-08-20 09:00:00,15391.899
2012-08-20 10:00:00,15343.018
2012-08-20 11:00:00,15015.92
2012-08-20 12:00:00,14837.42
2012-08-20 13:00:00,14598.03
2012-08-20 14:00:00,14357.451
2012-08-20 15:00:00,14341.441
2012-08-20 16:00:00,14334.034
2012-08-20 17:00:00,14574.926
2012-08-20 18:00:00,15784.117
2012-08-20 19:00:00,15793.105
2012-08-20 20:00:00,15967.051
2012-08-20 21:00:00,16144.426
2012-08-20 22:00:00,16119.822
2012-08-20 23:00:00,16114.0
2012-08-21 00:00:00,16215.526
2012-08-21 01:00:00,16193.552
2012-08-21 02:00:00,16336.443
2012-08-21 03:00:00,16510.797
2012-08-21 04:00:00,16504.967
2012-08-21 05:00:00,16317.971
2012-08-21 06:00:00,16306.764
2012-08-21 07:00:00,16006.152
2012-08-21 08:00:00,15989.8
2012-08-21 09:00:00,15412.875
2012-08-21 10:00:00,14861.342
2012-08-21 11:00:00,14431.586
2012-08-21 12:00:00,13984.799
2012-08-21 13:00:00,13714.402
2012-08-21 14:00:00,13646.452
2012-08-21 15:00:00,13620.059
2012-08-21 16:00:00,13614.258
2012-08-21 17:00:00,14135.839
2012-08-21 18:00:00,14322.461
2012-08-21 19:00:00,15542.248
2012-08-21 20:00:00,15525.021
2012-08-21 21:00:00,15517.367
2012-08-21 22:00:00,15803.303
2012-08-21 23:00:00,16076.315
2012-08-22 00:00:00,16172.441
2012-08-22 01:00:00,16005.953
2012-08-22 02:00:00,15998.152
2012-08-22 03:00:00,15990.355
2012-08-22 04:00:00,16261.928
2012-08-22 05:00:00,16047.385
2012-08-22 06:00:00,15706.619
2012-08-22 07:00:00,15959.18
2012-08-22 08:00:00,15597.605
2012-08-22 09:00:00,14998.963
2012-08-22 10:00:00,14722.548
2012-08-22 11:00:00,14539.266
2012-08-22 12:00:00,14203.459
2012-08-22 13:00:00,13963.082
2012-08-22 14:00:00,13814.787
2012-08-22 15:00:00,13945.02
2012-08-22 16:00:00,14283.207
2012-08-22 17:00:00,14275.796
2012-08-22 18:00:00,14809.189
2012-08-22 19:00:00,15493.181
2012-08-22 20:00:00,15483.1875
2012-08-22 21:00:00,15517.367
2012-08-22 22:00:00,15509.711
2012-08-22 23:00:00,16045.416
2012-08-23 00:00:00,15974.823
2012-08-23 01:00:00,16204.424
2012-08-23 02:00:00,16198.6
2012-08-23 03:00:00,16160.357
2012-08-23 04:00:00,16186.956
2012-08-23 05:00:00,16181.127
2012-08-23 06:00:00,16354.695
2012-08-23 07:00:00,16118.268
2012-08-23 08:00:00,15558.094
2012-08-23 09:00:00,15210.496
2012-08-23 10:00:00,14485.348
2012-08-23 11:00:00,13979.516
2012-08-23 12:00:00,13605.249
2012-08-23 13:00:00,13509.229
2012-08-23 14:00:00,13778.044
2012-08-23 15:00:00,13778.403
2012-08-23 16:00:00,13934.309
2012-08-23 17:00:00,13783.274
2012-08-23 18:00:00,13987.846
2012-08-23 19:00:00,14182.684
2012-08-23 20:00:00,14654.645
2012-08-23 21:00:00,14655.859
2012-08-23 22:00:00,14697.996
2012-08-23 23:00:00,15187.478
2012-08-24 00:00:00,15389.542
2012-08-24 01:00:00,15652.705
2012-08-24 02:00:00,15394.785
2012-08-24 03:00:00,15657.031
2012-08-24 04:00:00,15629.1045
2012-08-24 05:00:00,15935.853
2012-08-24 06:00:00,16156.529
2012-08-24 07:00:00,15901.002
2012-08-24 08:00:00,15577.5
2012-08-24 09:00:00,14513.2705
2012-08-24 10:00:00,13982.551
2012-08-24 11:00:00,13963.787
2012-08-24 12:00:00,13817.17
2012-08-24 13:00:00,13591.996
2012-08-24 14:00:00,13660.6
2012-08-24 15:00:00,13930.857
2012-08-24 16:00:00,13923.515
2012-08-24 17:00:00,14128.208
2012-08-24 18:00:00,14626.825
2012-08-24 19:00:00,14478.259
2012-08-24 20:00:00,14838.402
2012-08-24 21:00:00,14654.823
2012-08-24 22:00:00,14603.318
2012-08-24 23:00:00,15065.691
2012-08-25 00:00:00,14769.941
2012-08-25 01:00:00,15309.425
2012-08-25 02:00:00,15613.885
2012-08-25 03:00:00,15356.263
2012-08-25 04:00:00,15317.986
2012-08-25 05:00:00,15595.418
2012-08-25 06:00:00,15874.576
2012-08-25 07:00:00,15858.315
2012-08-25 08:00:00,15531.907
2012-08-25 09:00:00,15169.594
2012-08-25 10:00:00,14940.548
2012-08-25 11:00:00,14691.221
2012-08-25 12:00:00,14329.689
2012-08-25 13:00:00,14193.506
2012-08-25 14:00:00,15023.9
2012-08-25 15:00:00,15458.511
2012-08-25 16:00:00,15442.183
2012-08-25 17:00:00,15422.144
2012-08-25 18:00:00,15208.965
2012-08-25 19:00:00,15737.469
2012-08-25 20:00:00,15968.764
2012-08-25 21:00:00,15958.788
2012-08-25 22:00:00,15952.809
2012-08-25 23:00:00,15970.74
2012-08-26 00:00:00,16274.995
2012-08-26 01:00:00,16290.74
2012-08-26 02:00:00,16255.305
2012-08-26 03:00:00,16238.807
2012-08-26 04:00:00,16254.475
2012-08-26 05:00:00,16267.442
2012-08-26 06:00:00,16249.154
2012-08-26 07:00:00,16255.801
2012-08-26 08:00:00,15720.58
2012-08-26 09:00:00,15719.327
2012-08-26 10:00:00,14824.496
2012-08-26 11:00:00,14817.667
2012-08-26 12:00:00,15161.211
2012-08-26 13:00:00,15672.738
2012-08-26 14:00:00,16247.41
2012-08-26 15:00:00,16137.745
2012-08-26 16:00:00,16131.9
2012-08-26 17:00:00,16186.734
2012-08-26 18:00:00,16210.715
2012-08-26 19:00:00,16177.908
2012-08-26 20:00:00,16190.871
2012-08-26 21:00:00,16017.53
2012-08-26 22:00:00,16232.934
2012-08-26 23:00:00,16052.863
2012-08-27 00:00:00,16210.238
2012-08-27 01:00:00,16346.283
2012-08-27 02:00:00,16324.306
2012-08-27 03:00:00,16334.659
2012-08-27 04:00:00,16186.956
2012-08-27 05:00:00,16355.426
2012-08-27 06:00:00,16349.594
2012-08-27 07:00:00,16056.764
2012-08-27 08:00:00,16018.63
2012-08-27 09:00:00,16007.353
2012-08-27 10:00:00,15259.326
2012-08-27 11:00:00,14777.959
2012-08-27 12:00:00,14493.98
2012-08-27 13:00:00,14328.943
2012-08-27 14:00:00,13788.54
2012-08-27 15:00:00,14016.893
2012-08-27 16:00:00,14014.369
2012-08-27 17:00:00,13649.885
2012-08-27 18:00:00,13996.447
2012-08-27 19:00:00,14888.036
2012-08-27 20:00:00,14874.792
2012-08-27 21:00:00,15136.16
2012-08-27 22:00:00,15757.313
2012-08-27 23:00:00,15762.691
2012-08-28 00:00:00,15864.795
2012-08-28 01:00:00,16118.108
2012-08-28 02:00:00,15905.339
2012-08-28 03:00:00,16235.443
2012-08-28 04:00:00,16025.754
2012-08-28 05:00:00,16017.284
2012-08-28 06:00:00,16209.966
2012-08-28 07:00:00,16000.278
2012-08-28 08:00:00,16028.416
2012-08-28 09:00:00,15607.516
2012-08-28 10:00:00,14664.127
2012-08-28 11:00:00,14160.752
2012-08-28 12:00:00,13786.617
2012-08-28 13:00:00,13599.939
2012-08-28 14:00:00,13538.169
2012-08-28 15:00:00,13536.676
2012-08-28 16:00:00,13553.288
2012-08-28 17:00:00,13621.457
2012-08-28 18:00:00,13633.041
2012-08-28 19:00:00,13846.701
2012-08-28 20:00:00,14026.675
2012-08-28 21:00:00,14020.889
2012-08-28 22:00:00,14357.186
2012-08-28 23:00:00,14514.207
2012-08-29 00:00:00,15412.086
2012-08-29 01:00:00,15424.899
2012-08-29 02:00:00,15703.821
2012-08-29 03:00:00,15702.596
2012-08-29 04:00:00,15706.401
2012-08-29 05:00:00,15705.269
2012-08-29 06:00:00,15697.6
2012-08-29 07:00:00,15139.559
2012-08-29 08:00:00,14892.922
2012-08-29 09:00:00,14320.45
2012-08-29 10:00:00,14094.225
2012-08-29 11:00:00,13992.208
2012-08-29 12:00:00,13654.841
2012-08-29 13:00:00,13764.607
2012-08-29 14:00:00,13664.205
2012-08-29 15:00:00,13682.033
2012-08-29 16:00:00,13644.953
2012-08-29 17:00:00,13608.563
2012-08-29 18:00:00,13728.477
2012-08-29 19:00:00,14387.648
2012-08-29 20:00:00,14534.631
2012-08-29 21:00:00,14499.5625
2012-08-29 22:00:00,14478.666
2012-08-29 23:00:00,14577.235
2012-08-30 00:00:00,15481.797
2012-08-30 01:00:00,15232.366
2012-08-30 02:00:00,15738.008
2012-08-30 03:00:00,15730.17
2012-08-30 04:00:00,15722.322
2012-08-30 05:00:00,15714.473
2012-08-30 06:00:00,16172.473
2012-08-30 07:00:00,15625.582
2012-08-30 08:00:00,15089.434
2012-08-30 09:00:00,14584.818
2012-08-30 10:00:00,14377.6875
2012-08-30 11:00:00,13681.617
2012-08-30 12:00:00,13826.633
2012-08-30 13:00:00,13963.082
2012-08-30 14:00:00,13952.443
2012-08-30 15:00:00,13669.652
2012-08-30 16:00:00,13597.0625
2012-08-30 17:00:00,13501.766
2012-08-30 18:00:00,13535.248
2012-08-30 19:00:00,13915.359
2012-08-30 20:00:00,14418.982
2012-08-30 21:00:00,14757.91
2012-08-30 22:00:00,15119.117
2012-08-30 23:00:00,15278.054
2012-08-31 00:00:00,15954.508
2012-08-31 01:00:00,15948.472
2012-08-31 02:00:00,16241.268
2012-08-31 03:00:00,16246.228
2012-08-31 04:00:00,16285.93
2012-08-31 05:00:00,16269.287
2012-08-31 06:00:00,16244.671
2012-08-31 07:00:00,16265.836
2012-08-31 08:00:00,15405.13
2012-08-31 09:00:00,15032.056
2012-08-31 10:00:00,14533.47
2012-08-31 11:00:00,13405.677
2012-08-31 12:00:00,13329.475
2012-08-31 13:00:00,13289.352
2012-08-31 14:00:00,13153.291
2012-08-31 15:00:00,13181.598
2012-08-31 16:00:00,13176.877
2012-08-31 17:00:00,13346.431
2012-08-31 18:00:00,13438.629
2012-08-31 19:00:00,13748.969
2012-08-31 20:00:00,13741.797
2012-08-31 21:00:00,14315.471
2012-08-31 22:00:00,14308.032
2012-08-31 23:00:00,14539.633
2012-09-20 00:00:00,15708.691
2012-09-20 01:00:00,16278.826
2012-09-20 02:00:00,16275.142
2012-09-20 03:00:00,16521.885
2012-09-20 04:00:00,16476.287
2012-09-20 05:00:00,16470.488
2012-09-20 06:00:00,16504.434
2012-09-20 07:00:00,16552.87
2012-09-20 08:00:00,15874.342
2012-09-20 09:00:00,15182.301
2012-09-20 10:00:00,14833.646
2012-09-20 11:00:00,14165.883
2012-09-20 12:00:00,14144.033
2012-09-20 13:00:00,14144.867
2012-09-20 14:00:00,14278.031
2012-09-20 15:00:00,14230.035
2012-09-20 16:00:00,14266.388
2012-09-20 17:00:00,14398.287
2012-09-20 18:00:00,14715.232
2012-09-20 19:00:00,15088.455
2012-09-20 20:00:00,15306.633
2012-09-20 21:00:00,15285.518
2012-09-20 22:00:00,15877.495
2012-09-20 23:00:00,15615.643
2012-09-21 00:00:00,15816.373
2012-09-21 01:00:00,16092.361
2012-09-21 02:00:00,16084.503
2012-09-21 03:00:00,16319.926
2012-09-21 04:00:00,16346.971
2012-09-21 05:00:00,16489.9
2012-09-21 06:00:00,16302.496
2012-09-21 07:00:00,16273.018
2012-09-21 08:00:00,15978.9375
2012-09-21 09:00:00,15574.224
2012-09-21 10:00:00,14998.7
2012-09-21 11:00:00,14703.24
2012-09-21 12:00:00,14628.641
2012-09-21 13:00:00,14429.256
2012-09-21 14:00:00,14419.086
2012-09-21 15:00:00,14417.566
2012-09-21 16:00:00,14409.041
2012-09-21 17:00:00,14597.347
2012-09-21 18:00:00,14835.727
2012-09-21 19:00:00,15065.707
2012-09-21 20:00:00,15274.799
2012-09-21 21:00:00,15569.871
2012-09-21 22:00:00,15575.023
2012-09-21 23:00:00,15523.879
2012-09-22 00:00:00,15733.564
2012-09-22 01:00:00,16212.321
2012-09-22 02:00:00,16433.523
2012-09-22 03:00:00,16263.149
2012-09-22 04:00:00,16257.353
2012-09-22 05:00:00,16232.966
2012-09-22 06:00:00,16239.57
2012-09-22 07:00:00,16041.48
2012-09-22 08:00:00,15669.891
2012-09-22 09:00:00,15314.194
2012-09-22 10:00:00,15091.967
2012-09-22 11:00:00,14629.102
2012-09-22 12:00:00,14369.354
2012-09-22 13:00:00,14167.697
2012-09-22 14:00:00,13948.773
2012-09-22 15:00:00,14004.744
2012-09-22 16:00:00,14148.963
2012-09-22 17:00:00,14141.562
2012-09-22 18:00:00,14326.508
2012-09-22 19:00:00,14568.498
2012-09-22 20:00:00,14390.055
2012-09-22 21:00:00,14678.628
2012-09-22 22:00:00,14703.83
2012-09-22 23:00:00,14399.706
2012-09-23 00:00:00,14009.209
2012-09-23 01:00:00,14992.769
2012-09-23 02:00:00,14877.202
2012-09-23 03:00:00,15336.307
2012-09-23 04:00:00,15396.472
2012-09-23 05:00:00,15554.367
2012-09-23 06:00:00,15747.259
2012-09-23 07:00:00,15531.112
2012-09-23 08:00:00,15297.662
2012-09-23 09:00:00,15028.284
2012-09-23 10:00:00,14628.582
2012-09-23 11:00:00,14599.41
2012-09-23 12:00:00,14460.945
2012-09-23 13:00:00,13946.787
2012-09-23 14:00:00,13939.77
2012-09-23 15:00:00,13880.584
2012-09-23 16:00:00,13908.082
2012-09-23 17:00:00,14077.334
2012-09-23 18:00:00,14211.678
2012-09-23 19:00:00,14499.685
2012-09-23 20:00:00,14492.581
2012-09-23 21:00:00,14725.346
2012-09-23 22:00:00,14722.396
2012-09-23 23:00:00,15242.276
2012-09-24 00:00:00,15794.577
2012-09-24 01:00:00,16003.487
2012-09-24 02:00:00,15778.824
2012-09-24 03:00:00,15780.104
2012-09-24 04:00:00,16061.396
2012-09-24 05:00:00,15805.561
2012-09-24 06:00:00,15573.904
2012-09-24 07:00:00,15956.47
2012-09-24 08:00:00,15216.504
2012-09-24 09:00:00,14999.49
2012-09-24 10:00:00,14785.897
2012-09-24 11:00:00,14178.547
2012-09-24 12:00:00,14103.008
2012-09-24 13:00:00,13897.309
2012-09-24 14:00:00,13795.219
2012-09-24 15:00:00,13799.022
2012-09-24 16:00:00,13974.766
2012-09-24 17:00:00,13902.727
2012-09-24 18:00:00,14204.161
2012-09-24 19:00:00,14360.189
2012-09-24 20:00:00,14915.701
2012-09-24 21:00:00,14930.672
2012-09-24 22:00:00,14924.053
2012-09-24 23:00:00,15616.099
2012-09-25 00:00:00,16002.676
2012-09-25 01:00:00,16324.0205
2012-09-25 02:00:00,16527.164
2012-09-25 03:00:00,16352.966
2012-09-25 04:00:00,16332.316
2012-09-25 05:00:00,16528.379
2012-09-25 06:00:00,16410.518
2012-09-25 07:00:00,16417.115
2012-09-25 08:00:00,15865.988
2012-09-25 09:00:00,15118.358
2012-09-25 10:00:00,14850.941
2012-09-25 11:00:00,14311.92
2012-09-25 12:00:00,14123.57
2012-09-25 13:00:00,14271.688
2012-09-25 14:00:00,13906.248
2012-09-25 15:00:00,13865.024
2012-09-25 16:00:00,13888.592
2012-09-25 17:00:00,13879.785
2012-09-25 18:00:00,13955.434
2012-09-25 19:00:00,14415.474
2012-09-25 20:00:00,14699.436
2012-09-25 21:00:00,14692.327
2012-09-25 22:00:00,14684.831
2012-09-25 23:00:00,14678.863
2012-09-26 00:00:00,15400.559
2012-09-26 01:00:00,15402.244
2012-09-26 02:00:00,15371.809
2012-09-26 03:00:00,15364.728
2012-09-26 04:00:00,15899.16
2012-09-26 05:00:00,15898.273
2012-09-26 06:00:00,15971.703
2012-09-26 07:00:00,16160.982
2012-09-26 08:00:00,15859.529
2012-09-26 09:00:00,15149.481
2012-09-26 10:00:00,15643.417
2012-09-26 11:00:00,14922.338
2012-09-26 12:00:00,14805.985
2012-09-26 13:00:00,14598.792
2012-09-26 14:00:00,14005.736
2012-09-26 15:00:00,13997.379
2012-09-26 16:00:00,13852.73
2012-09-26 17:00:00,13983.043
2012-09-26 18:00:00,13982.012
2012-09-26 19:00:00,14383.963
2012-09-26 20:00:00,15142.598
2012-09-26 21:00:00,14965.619
2012-09-26 22:00:00,15204.831
2012-09-26 23:00:00,15812.38
2012-09-27 00:00:00,16054.133
2012-09-27 01:00:00,16048.308
2012-09-27 02:00:00,16042.295
2012-09-27 03:00:00,16057.961
2012-09-27 04:00:00,16630.75
2012-09-27 05:00:00,16289.785
2012-09-27 06:00:00,16456.75
2012-09-27 07:00:00,16026.676
2012-09-27 08:00:00,15532.558
2012-09-27 09:00:00,15073.418
2012-09-27 10:00:00,14282.68
2012-09-27 11:00:00,14213.74
2012-09-27 12:00:00,14022.025
2012-09-27 13:00:00,14029.239
2012-09-27 14:00:00,13797.28
2012-09-27 15:00:00,13797.633
2012-09-27 16:00:00,14502.045
2012-09-27 17:00:00,15173.458
2012-09-27 18:00:00,15144.245
2012-09-27 19:00:00,14961.482
2012-09-27 20:00:00,15194.937
2012-09-27 21:00:00,15930.862
2012-09-27 22:00:00,15924.964
2012-09-27 23:00:00,15974.009
2012-09-28 00:00:00,16339.767
2012-09-28 01:00:00,16393.3
2012-09-28 02:00:00,16275.179
2012-09-28 03:00:00,16177.801
2012-09-28 04:00:00,16425.457
2012-09-28 05:00:00,16495.0
2012-09-28 06:00:00,16616.473
2012-09-28 07:00:00,16643.082
2012-09-28 08:00:00,16183.574
2012-09-28 09:00:00,16097.105
2012-09-28 10:00:00,15836.12
2012-09-28 11:00:00,15285.666
2012-09-28 12:00:00,14418.744
2012-09-28 13:00:00,14264.346
2012-09-28 14:00:00,14403.937
2012-09-28 15:00:00,14467.815
2012-09-28 16:00:00,14346.133
2012-09-28 17:00:00,14519.934
2012-09-28 18:00:00,14371.822
2012-09-28 19:00:00,14386.298
2012-09-28 20:00:00,14542.51
2012-09-28 21:00:00,14536.436
2012-09-28 22:00:00,14728.431
2012-09-28 23:00:00,14930.83
2012-09-29 00:00:00,15360.948
2012-09-29 01:00:00,15353.862
2012-09-29 02:00:00,15169.16
2012-09-29 03:00:00,15346.43
2012-09-29 04:00:00,15367.506
2012-09-29 05:00:00,15599.187
2012-09-29 06:00:00,15573.585
2012-09-29 07:00:00,15869.352
2012-09-29 08:00:00,15840.385
2012-09-29 09:00:00,15564.004
2012-09-29 10:00:00,15122.066
2012-09-29 11:00:00,14854.867
2012-09-29 12:00:00,14039.928
2012-09-29 13:00:00,14032.807
2012-09-29 14:00:00,14023.326
2012-09-29 15:00:00,14155.186
2012-09-29 16:00:00,14016.2705
2012-09-29 17:00:00,13957.091
2012-09-29 18:00:00,14548.043
2012-09-29 19:00:00,15077.193
2012-09-29 20:00:00,15069.876
2012-09-29 21:00:00,15055.089
2012-09-29 22:00:00,15487.015
2012-09-29 23:00:00,15247.656
2012-09-30 00:00:00,15474.596
2012-09-30 01:00:00,15465.816
2012-09-30 02:00:00,15768.801
2012-09-30 03:00:00,16011.096
2012-09-30 04:00:00,16003.277
2012-09-30 05:00:00,16352.838
2012-09-30 06:00:00,16320.559
2012-09-30 07:00:00,16503.422
2012-09-30 08:00:00,15895.81
2012-09-30 09:00:00,15519.239
2012-09-30 10:00:00,14539.305
2012-09-30 11:00:00,14186.709
2012-09-30 12:00:00,14039.928
2012-09-30 13:00:00,14037.5625
2012-09-30 14:00:00,14030.461
2012-09-30 15:00:00,13873.367
2012-09-30 16:00:00,13861.518
2012-09-30 17:00:00,13880.711
2012-09-30 18:00:00,15268.994
2012-09-30 19:00:00,15950.591
2012-09-30 20:00:00,15942.782
2012-09-30 21:00:00,15802.546
2012-09-30 22:00:00,16078.255
2012-09-30 23:00:00,16045.098
2012-10-20 00:00:00,16587.3
2012-10-20 01:00:00,16275.753
2012-10-20 02:00:00,16492.55
2012-10-20 03:00:00,16530.625
2012-10-20 04:00:00,16360.505
2012-10-20 05:00:00,16776.443
2012-10-20 06:00:00,16365.066
2012-10-20 07:00:00,16764.836
2012-10-20 08:00:00,15958.895
2012-10-20 09:00:00,15360.398
2012-10-20 10:00:00,15002.964
2012-10-20 11:00:00,14923.525
2012-10-20 12:00:00,14588.129
2012-10-20 13:00:00,14455.499
2012-10-20 14:00:00,14315.828
2012-10-20 15:00:00,14435.753
2012-10-20 16:00:00,14451.555
2012-10-20 17:00:00,14215.657
2012-10-20 18:00:00,14373.646
2012-10-20 19:00:00,14690.68
2012-10-20 20:00:00,14431.828
2012-10-20 21:00:00,14892.911
2012-10-20 22:00:00,15141.35
2012-10-20 23:00:00,15535.212
2012-10-21 00:00:00,15432.501
2012-10-21 01:00:00,15663.954
2012-10-21 02:00:00,15964.426
2012-10-21 03:00:00,16249.808
2012-10-21 04:00:00,16548.441
2012-10-21 05:00:00,16234.147
2012-10-21 06:00:00,15968.559
2012-10-21 07:00:00,15960.727
2012-10-21 08:00:00,16143.687
2012-10-21 09:00:00,15343.134
2012-10-21 10:00:00,14886.375
2012-10-21 11:00:00,14645.869
2012-10-21 12:00:00,14332.928
2012-10-21 13:00:00,14168.754
2012-10-21 14:00:00,14074.286
2012-10-21 15:00:00,14094.994
2012-10-21 16:00:00,14222.769
2012-10-21 17:00:00,14377.646
2012-10-21 18:00:00,14376.759
2012-10-21 19:00:00,14564.346
2012-10-21 20:00:00,14707.355
2012-10-21 21:00:00,15348.444
2012-10-21 22:00:00,15291.895
2012-10-21 23:00:00,15219.635
2012-10-22 00:00:00,16005.239
2012-10-22 01:00:00,16462.15
2012-10-22 02:00:00,16512.043
2012-10-22 03:00:00,15981.793
2012-10-22 04:00:00,16257.496
2012-10-22 05:00:00,16610.133
2012-10-22 06:00:00,16685.906
2012-10-22 07:00:00,16208.219
2012-10-22 08:00:00,16060.545
2012-10-22 09:00:00,15754.605
2012-10-22 10:00:00,15146.913
2012-10-22 11:00:00,14181.654
2012-10-22 12:00:00,14025.578
2012-10-22 13:00:00,13819.893
2012-10-22 14:00:00,13828.646
2012-10-22 15:00:00,13787.9
2012-10-22 16:00:00,13831.91
2012-10-22 17:00:00,13812.545
2012-10-22 18:00:00,15411.774
2012-10-22 19:00:00,14923.186
2012-10-22 20:00:00,15263.828
2012-10-22 21:00:00,15790.244
2012-10-22 22:00:00,16450.734
2012-10-22 23:00:00,16455.873
2012-10-23 00:00:00,16745.826
2012-10-23 01:00:00,16408.193
2012-10-23 02:00:00,16801.379
2012-10-23 03:00:00,16465.098
2012-10-23 04:00:00,16527.926
2012-10-23 05:00:00,16472.098
2012-10-23 06:00:00,16728.4
2012-10-23 07:00:00,16434.578
2012-10-23 08:00:00,16203.899
2012-10-23 09:00:00,16047.315
2012-10-23 10:00:00,15276.094
2012-10-23 11:00:00,14616.782
2012-10-23 12:00:00,14275.795
2012-10-23 13:00:00,14139.385
2012-10-23 14:00:00,13877.241
2012-10-23 15:00:00,13864.102
2012-10-23 16:00:00,14007.877
2012-10-23 17:00:00,13869.505
2012-10-23 18:00:00,14544.56
2012-10-23 19:00:00,14703.615
2012-10-23 20:00:00,15217.652
2012-10-23 21:00:00,15579.705
2012-10-23 22:00:00,15547.752
2012-10-23 23:00:00,15864.237
2012-10-24 00:00:00,16048.943
2012-10-24 01:00:00,15803.02
2012-10-24 02:00:00,15795.169
2012-10-24 03:00:00,16315.293
2012-10-24 04:00:00,16309.496
2012-10-24 05:00:00,16485.76
2012-10-24 06:00:00,16498.188
2012-10-24 07:00:00,16620.234
2012-10-24 08:00:00,16385.006
2012-10-24 09:00:00,16204.401
2012-10-24 10:00:00,15975.766
2012-10-24 11:00:00,15356.828
2012-10-24 12:00:00,14941.551
2012-10-24 13:00:00,14540.245
2012-10-24 14:00:00,13681.598
2012-10-24 15:00:00,13783.284
2012-10-24 16:00:00,13652.478
2012-10-24 17:00:00,14224.997
2012-10-24 18:00:00,14075.895
2012-10-24 19:00:00,14490.246
2012-10-24 20:00:00,14874.596
2012-10-24 21:00:00,14872.398
2012-10-24 22:00:00,15026.473
2012-10-24 23:00:00,15441.123
2012-10-25 00:00:00,15188.801
2012-10-25 01:00:00,15662.934
2012-10-25 02:00:00,16241.525
2012-10-25 03:00:00,16551.97
2012-10-25 04:00:00,16557.062
2012-10-25 05:00:00,16529.299
2012-10-25 06:00:00,16512.469
2012-10-25 07:00:00,16506.674
2012-10-25 08:00:00,16362.624
2012-10-25 09:00:00,16344.342
2012-10-25 10:00:00,16306.158
2012-10-25 11:00:00,16311.037
2012-10-25 12:00:00,16098.716
2012-10-25 13:00:00,16132.508
2012-10-25 14:00:00,15645.091
2012-10-25 15:00:00,15090.527
2012-10-25 16:00:00,15397.748
2012-10-25 17:00:00,15388.965
2012-10-25 18:00:00,16232.734
2012-10-25 19:00:00,16249.779
2012-10-25 20:00:00,16453.1
2012-10-25 21:00:00,16447.262
2012-10-25 22:00:00,16252.355
2012-10-25 23:00:00,16230.432
2012-10-26 00:00:00,16234.373
2012-10-26 01:00:00,16579.918
2012-10-26 02:00:00,16568.709
2012-10-26 03:00:00,16540.895
2012-10-26 04:00:00,16535.102
2012-10-26 05:00:00,16551.225
2012-10-26 06:00:00,16550.79
2012-10-26 07:00:00,16539.582
2012-10-26 08:00:00,16466.5
2012-10-26 09:00:00,16460.68
2012-10-26 10:00:00,16465.61
2012-10-26 11:00:00,16080.203
2012-10-26 12:00:00,15763.217
2012-10-26 13:00:00,15509.0625
2012-10-26 14:00:00,15083.916
2012-10-26 15:00:00,14915.501
2012-10-26 16:00:00,15739.303
2012-10-26 17:00:00,15950.972
2012-10-26 18:00:00,16051.042
2012-10-26 19:00:00,16242.447
2012-10-26 20:00:00,16236.624
2012-10-26 21:00:00,16059.689
2012-10-26 22:00:00,16292.773
2012-10-26 23:00:00,16294.918
2012-10-27 00:00:00,16653.604
2012-10-27 01:00:00,16628.895
2012-10-27 02:00:00,16600.992
2012-10-27 03:00:00,16625.145
2012-10-27 04:00:00,16600.426
2012-10-27 05:00:00,16402.53
2012-10-27 06:00:00,16396.744
2012-10-27 07:00:00,16497.314
2012-10-27 08:00:00,16227.34
2012-10-27 09:00:00,16221.552
2012-10-27 10:00:00,15925.996
2012-10-27 11:00:00,15392.314
2012-10-27 12:00:00,14639.047
2012-10-27 13:00:00,14169.382
2012-10-27 14:00:00,14306.658
2012-10-27 15:00:00,15190.607
2012-10-27 16:00:00,15346.9375
2012-10-27 17:00:00,15339.855
2012-10-27 18:00:00,15332.77
2012-10-27 19:00:00,15872.406
2012-10-27 20:00:00,15864.808
2012-10-27 21:00:00,15857.215
2012-10-27 22:00:00,15842.822
2012-10-27 23:00:00,15614.059
2012-10-28 00:00:00,15786.756
2012-10-28 01:00:00,16070.311
2012-10-28 02:00:00,15866.068
2012-10-28 03:00:00,15607.73
2012-10-28 04:00:00,15609.733
2012-10-28 05:00:00,15584.443
2012-10-28 06:00:00,15419.152
2012-10-28 07:00:00,15411.208
2012-10-28 08:00:00,15396.776
2012-10-28 09:00:00,15202.802
2012-10-28 10:00:00,15073.977
2012-10-28 11:00:00,14996.721
2012-10-28 12:00:00,15440.071
2012-10-28 13:00:00,15435.761
2012-10-28 14:00:00,15356.118
2012-10-28 15:00:00,15538.579
2012-10-28 16:00:00,15766.733
2012-10-28 17:00:00,16147.82
2012-10-28 18:00:00,16774.74
2012-10-28 19:00:00,16824.676
2012-10-28 20:00:00,16775.502
2012-10-28 21:00:00,16548.8
2012-10-28 22:00:00,16567.77
2012-10-28 23:00:00,16801.48
2012-10-29 00:00:00,16686.148
2012-10-30 13:00:00,16891.889
2012-10-30 14:00:00,16886.096
2012-10-30 15:00:00,17081.406
2012-10-30 16:00:00,17075.611
2012-10-30 17:00:00,17082.225
2012-10-30 18:00:00,17085.13
2012-10-30 19:00:00,15742.311
2012-10-30 20:00:00,16913.625
2012-10-30 21:00:00,17072.215
2012-10-30 22:00:00,16921.11
2012-10-30 23:00:00,16915.318
2012-10-31 00:00:00,17015.383
2012-10-31 01:00:00,17015.035
2012-10-31 02:00:00,17017.6
2012-10-31 03:00:00,16997.984
2012-10-31 04:00:00,17188.207
2012-10-31 05:00:00,17000.207
2012-10-31 06:00:00,17001.602
2012-10-31 07:00:00,17167.594
2012-10-31 08:00:00,16920.748
2012-10-31 09:00:00,16731.533
2012-10-31 10:00:00,16481.436
2012-10-31 11:00:00,16262.243
2012-10-31 12:00:00,15631.789
2012-10-31 13:00:00,15220.367
2012-10-31 14:00:00,15198.986
2012-10-31 15:00:00,15381.334
2012-10-31 16:00:00,15371.452
2012-10-31 17:00:00,15577.331
2012-10-31 18:00:00,15570.264
2012-10-31 19:00:00,15229.849
2012-10-31 20:00:00,15222.355
2012-10-31 21:00:00,15214.878
2012-10-31 22:00:00,15732.661
2012-10-31 23:00:00,15704.082
2012-11-20 00:00:00,16631.3
2012-11-20 01:00:00,16424.994
2012-11-20 02:00:00,16801.803
2012-11-20 03:00:00,16580.865
2012-11-20 04:00:00,16393.096
2012-11-20 05:00:00,16399.105
2012-11-20 06:00:00,16564.158
2012-11-20 07:00:00,16792.469
2012-11-20 08:00:00,16584.64
2012-11-20 09:00:00,16507.846
2012-11-20 10:00:00,16091.633
2012-11-20 11:00:00,16063.791
2012-11-20 12:00:00,16082.04
2012-11-20 13:00:00,15507.421
2012-11-20 14:00:00,15455.131
2012-11-20 15:00:00,15262.852
2012-11-20 16:00:00,15771.955
2012-11-20 17:00:00,16275.445
2012-11-20 18:00:00,16029.053
2012-11-20 19:00:00,16305.827
2012-11-20 20:00:00,16539.066
2012-11-20 21:00:00,16452.225
2012-11-20 22:00:00,16444.402
2012-11-20 23:00:00,16844.77
2012-11-21 00:00:00,16935.188
2012-11-21 01:00:00,16972.312
2012-11-21 02:00:00,17291.27
2012-11-21 03:00:00,17284.807
2012-11-21 04:00:00,17278.324
2012-11-21 05:00:00,17271.85
2012-11-21 06:00:00,17244.629
2012-11-21 07:00:00,17298.344
2012-11-21 08:00:00,17030.719
2012-11-21 09:00:00,16780.857
2012-11-21 10:00:00,16072.66
2012-11-21 11:00:00,15303.482
2012-11-21 12:00:00,14754.675
2012-11-21 13:00:00,14497.57
2012-11-21 14:00:00,14333.755
2012-11-21 15:00:00,14453.917
2012-11-21 16:00:00,14392.841
2012-11-21 17:00:00,14804.07
2012-11-21 18:00:00,14646.854
2012-11-21 19:00:00,14984.256
2012-11-21 20:00:00,16018.186
2012-11-21 21:00:00,15326.919
2012-11-21 22:00:00,15345.634
2012-11-21 23:00:00,16063.906
2012-11-22 00:00:00,16522.729
2012-11-22 01:00:00,16605.457
2012-11-22 02:00:00,17055.527
2012-11-22 03:00:00,17043.547
2012-11-22 04:00:00,17259.734
2012-11-22 05:00:00,17031.922
2012-11-22 06:00:00,16817.352
2012-11-22 07:00:00,17089.547
2012-11-22 08:00:00,17027.658
2012-11-22 09:00:00,16466.033
2012-11-22 10:00:00,15828.389
2012-11-22 11:00:00,14836.5625
2012-11-22 12:00:00,14511.129
2012-11-22 13:00:00,14281.126
2012-11-22 14:00:00,14142.074
2012-11-22 15:00:00,14136.365
2012-11-22 16:00:00,14339.807
2012-11-22 17:00:00,14475.724
2012-11-22 18:00:00,14936.898
2012-11-22 19:00:00,16634.316
2012-11-22 20:00:00,16534.559
2012-11-22 21:00:00,16029.729
2012-11-22 22:00:00,16086.99
2012-11-22 23:00:00,16598.941
2012-11-23 00:00:00,16589.828
2012-11-23 01:00:00,17090.2
2012-11-23 02:00:00,16959.402
2012-11-23 03:00:00,16812.773
2012-11-23 04:00:00,17023.19
2012-11-23 05:00:00,17187.05
2012-11-23 06:00:00,17181.25
2012-11-23 07:00:00,17175.45
2012-11-23 08:00:00,17379.28
2012-11-23 09:00:00,16881.818
2012-11-23 10:00:00,16117.619
2012-11-23 11:00:00,15303.482
2012-11-23 12:00:00,14629.178
2012-11-23 13:00:00,14558.442
2012-11-23 14:00:00,14321.809
2012-11-23 15:00:00,14605.928
2012-11-23 16:00:00,14581.781
2012-11-23 17:00:00,14489.465
2012-11-23 18:00:00,14749.191
2012-11-23 19:00:00,14882.196
2012-11-23 20:00:00,14630.36
2012-11-23 21:00:00,14882.393
2012-11-23 22:00:00,14332.932
2012-11-23 23:00:00,14619.795
2012-11-24 00:00:00,14817.139
2012-11-24 01:00:00,15382.365
2012-11-24 02:00:00,15302.723
2012-11-24 03:00:00,15497.352
2012-11-24 04:00:00,15624.558
2012-11-24 05:00:00,15582.934
2012-11-24 06:00:00,15784.002
2012-11-24 07:00:00,15554.076
2012-11-24 08:00:00,15721.672
2012-11-24 09:00:00,15573.273
2012-11-24 10:00:00,15671.693
2012-11-24 11:00:00,15422.678
2012-11-24 12:00:00,15156.228
2012-11-24 13:00:00,15029.078
2012-11-24 14:00:00,14928.664
2012-11-24 15:00:00,15113.429
2012-11-24 16:00:00,15293.142
2012-11-24 17:00:00,15494.086
2012-11-24 18:00:00,15345.92
2012-11-24 19:00:00,15444.94
2012-11-24 20:00:00,15679.435
2012-11-24 21:00:00,15638.201
2012-11-24 22:00:00,15631.75
2012-11-24 23:00:00,15623.262
2012-11-25 00:00:00,16005.364
2012-11-25 01:00:00,15824.195
2012-11-25 02:00:00,15883.795
2012-11-25 03:00:00,15683.031
2012-11-25 04:00:00,15675.951
2012-11-25 05:00:00,15916.176
2012-11-25 06:00:00,15860.762
2012-11-25 07:00:00,16059.42
2012-11-25 08:00:00,16059.498
2012-11-25 09:00:00,15901.753
2012-11-25 10:00:00,15908.671
2012-11-25 11:00:00,15458.163
2012-11-25 12:00:00,15450.666
2012-11-25 13:00:00,15442.254
2012-11-25 14:00:00,15345.445
2012-11-25 15:00:00,15351.85
2012-11-25 16:00:00,15203.114
2012-11-25 17:00:00,15357.494
2012-11-25 18:00:00,15559.238
2012-11-25 19:00:00,15312.244
2012-11-25 20:00:00,16335.413
2012-11-25 21:00:00,15581.706
2012-11-25 22:00:00,16320.139
2012-11-25 23:00:00,16775.977
2012-11-26 00:00:00,16912.006
2012-11-26 01:00:00,16962.285
2012-11-26 02:00:00,16956.484
2012-11-26 03:00:00,16950.69
2012-11-26 04:00:00,16888.79
2012-11-26 05:00:00,16890.951
2012-11-26 06:00:00,16877.188
2012-11-26 07:00:00,16677.566
2012-11-26 08:00:00,16669.934
2012-11-26 09:00:00,16073.426
2012-11-26 10:00:00,15495.174
2012-11-26 11:00:00,14724.293
2012-11-26 12:00:00,14562.449
2012-11-26 13:00:00,14555.354
2012-11-26 14:00:00,14542.682
2012-11-26 15:00:00,14540.766
2012-11-26 16:00:00,14266.623
2012-11-26 17:00:00,14401.714
2012-11-26 18:00:00,15452.385
2012-11-26 19:00:00,15569.857
2012-11-26 20:00:00,15359.816
2012-11-26 21:00:00,15352.719
2012-11-26 22:00:00,16071.733
2012-11-26 23:00:00,16307.796
2012-11-27 00:00:00,16487.232
2012-11-27 01:00:00,16605.822
2012-11-27 02:00:00,16612.924
2012-11-27 03:00:00,16574.537
2012-11-27 04:00:00,16986.773
2012-11-27 05:00:00,16988.238
2012-11-27 06:00:00,16981.902
2012-11-27 07:00:00,16968.844
2012-11-27 08:00:00,16894.357
2012-11-27 09:00:00,16895.422
2012-11-27 10:00:00,16870.38
2012-11-27 11:00:00,17111.502
2012-11-27 12:00:00,17124.61
2012-11-27 13:00:00,17149.268
2012-11-27 14:00:00,17125.42
2012-11-27 15:00:00,16741.508
2012-11-27 16:00:00,16735.703
2012-11-27 17:00:00,16694.875
2012-11-27 18:00:00,17039.932
2012-11-27 19:00:00,16763.8
2012-11-27 20:00:00,16857.457
2012-11-27 21:00:00,17109.73
2012-11-27 22:00:00,17102.71
2012-11-27 23:00:00,17009.285
2012-11-28 00:00:00,16959.486
2012-11-28 01:00:00,16940.578
2012-11-28 02:00:00,16934.78
2012-11-28 03:00:00,16776.285
2012-11-28 04:00:00,16782.895
2012-11-28 05:00:00,16776.547
2012-11-28 06:00:00,16611.97
2012-11-28 07:00:00,16187.922
2012-11-28 08:00:00,16515.52
2012-11-28 09:00:00,15898.0
2012-11-28 10:00:00,15621.824
2012-11-28 11:00:00,15408.056
2012-11-28 12:00:00,15259.186
2012-11-28 13:00:00,15184.147
2012-11-28 14:00:00,15049.563
2012-11-28 15:00:00,14708.309
2012-11-28 16:00:00,14578.472
2012-11-28 17:00:00,14676.758
2012-11-28 18:00:00,14853.717
2012-11-28 19:00:00,14933.977
2012-11-28 20:00:00,14895.254
2012-11-28 21:00:00,15120.764
2012-11-28 22:00:00,15495.566
2012-11-28 23:00:00,15659.443
2012-11-29 00:00:00,16318.852
2012-11-29 01:00:00,16741.69
2012-11-29 02:00:00,16735.645
2012-11-29 04:00:00,17141.725
2012-11-29 05:00:00,16939.09
2012-11-29 06:00:00,16877.188
2012-11-29 07:00:00,16768.164
2012-11-29 08:00:00,16929.113
2012-11-29 09:00:00,16408.777
2012-11-29 10:00:00,16521.48
2012-11-29 11:00:00,14911.2
2012-11-29 12:00:00,15028.514
2012-11-29 13:00:00,14561.359
2012-11-29 14:00:00,15155.119
2012-11-29 15:00:00,15180.857
2012-11-29 16:00:00,14999.975
2012-11-29 17:00:00,15013.803
2012-11-29 18:00:00,15543.037
2012-11-29 19:00:00,15762.43
2012-11-29 20:00:00,15716.184
2012-11-29 21:00:00,16528.625
2012-11-29 22:00:00,16690.68
2012-11-29 23:00:00,16209.569
2012-11-30 00:00:00,16838.145
2012-11-30 01:00:00,16894.078
2012-11-30 02:00:00,17025.76
2012-11-30 03:00:00,17019.973
2012-11-30 04:00:00,17070.443
2012-11-30 05:00:00,17269.637
2012-11-30 06:00:00,17461.596
2012-11-30 07:00:00,17201.95
2012-11-30 08:00:00,17169.5
2012-11-30 09:00:00,17000.371
2012-11-30 10:00:00,16422.875
2012-11-30 11:00:00,15626.495
2012-11-30 12:00:00,15160.467
2012-11-30 13:00:00,14819.5625
2012-11-30 14:00:00,14807.836
2012-11-30 15:00:00,14655.273
2012-11-30 16:00:00,14936.791
2012-11-30 17:00:00,15460.375
2012-11-30 18:00:00,16010.227
2012-11-30 19:00:00,16354.455
2012-11-30 20:00:00,16346.834
2012-11-30 21:00:00,16736.797
2012-11-30 22:00:00,16741.328
2012-11-30 23:00:00,16705.527
2012-12-20 00:00:00,16242.002
2012-12-20 01:00:00,16491.799
2012-12-20 02:00:00,16484.174
2012-12-20 03:00:00,16668.86
2012-12-20 04:00:00,16663.066
2012-12-20 05:00:00,16651.08
2012-12-20 06:00:00,16453.371
2012-12-20 07:00:00,16657.535
2012-12-20 08:00:00,16651.734
2012-12-20 09:00:00,16645.932
2012-12-20 10:00:00,16436.004
2012-12-20 11:00:00,15890.206
2012-12-20 12:00:00,15607.852
2012-12-20 13:00:00,15765.721
2012-12-20 14:00:00,15602.766
2012-12-20 15:00:00,15829.432
2012-12-20 16:00:00,15729.83
2012-12-20 17:00:00,16293.184
2012-12-20 18:00:00,16482.16
2012-12-20 19:00:00,16458.055
2012-12-20 20:00:00,16615.957
2012-12-20 21:00:00,16610.156
2012-12-20 22:00:00,16927.61
2012-12-20 23:00:00,16506.629
2012-12-21 00:00:00,16761.879
2012-12-21 01:00:00,16662.633
2012-12-21 02:00:00,16783.953
2012-12-21 03:00:00,16778.145
2012-12-21 04:00:00,16443.182
2012-12-21 05:00:00,16665.484
2012-12-21 06:00:00,16010.127
2012-12-21 07:00:00,15969.465
2012-12-21 08:00:00,15969.01
2012-12-21 09:00:00,15492.61
2012-12-21 10:00:00,15325.492
2012-12-21 11:00:00,15303.81
2012-12-21 12:00:00,15154.955
2012-12-21 13:00:00,15147.25
2012-12-21 14:00:00,15139.529
2012-12-21 15:00:00,15342.307
2012-12-21 16:00:00,15193.322
2012-12-21 17:00:00,16134.264
2012-12-21 18:00:00,16125.021
2012-12-21 19:00:00,15534.245
2012-12-21 20:00:00,15306.423
2012-12-21 21:00:00,15434.578
2012-12-21 22:00:00,15565.861
2012-12-21 23:00:00,15526.139
2012-12-22 00:00:00,15779.294
2012-12-22 01:00:00,15769.506
2012-12-22 02:00:00,15763.311
2012-12-22 03:00:00,15941.849
2012-12-22 04:00:00,15833.444
2012-12-22 05:00:00,15894.16
2012-12-22 06:00:00,15699.419
2012-12-22 07:00:00,15691.945
2012-12-22 08:00:00,15720.124
2012-12-22 09:00:00,15863.774
2012-12-22 10:00:00,15855.269
2012-12-22 11:00:00,15419.449
2012-12-22 12:00:00,15151.547
2012-12-22 13:00:00,15043.748
2012-12-22 14:00:00,15037.064
2012-12-22 15:00:00,14937.74
2012-12-22 16:00:00,15219.683
2012-12-22 17:00:00,15373.617
2012-12-22 18:00:00,15642.776
2012-12-22 19:00:00,15857.412
2012-12-22 20:00:00,15775.647
2012-12-22 21:00:00,16016.757
2012-12-22 22:00:00,16009.696
2012-12-22 23:00:00,15944.707
2012-12-23 00:00:00,15987.826
2012-12-23 01:00:00,15945.246
2012-12-23 02:00:00,16209.117
2012-12-23 03:00:00,16211.228
2012-12-23 04:00:00,15970.203
2012-12-23 05:00:00,16120.243
2012-12-23 06:00:00,16910.537
2012-12-23 07:00:00,16904.742
2012-12-23 08:00:00,17127.012
2012-12-23 09:00:00,16537.4
2012-12-23 10:00:00,16703.44
2012-12-23 11:00:00,16055.815
2012-12-23 12:00:00,15355.293
2012-12-23 13:00:00,15138.861
2012-12-23 14:00:00,14758.236
2012-12-23 15:00:00,14807.047
2012-12-23 16:00:00,14804.635
2012-12-23 17:00:00,15544.948
2012-12-23 18:00:00,15418.533
2012-12-23 19:00:00,15203.474
2012-12-23 20:00:00,16507.344
2012-12-23 21:00:00,16768.406
2012-12-23 22:00:00,16346.102
2012-12-23 23:00:00,16301.621
2012-12-24 00:00:00,16906.684
2012-12-24 01:00:00,16900.889
2012-12-24 02:00:00,17132.62
2012-12-24 03:00:00,17126.824
2012-12-24 05:00:00,17346.438
2012-12-24 06:00:00,17109.434
2012-12-24 07:00:00,16922.178
2012-12-24 08:00:00,16860.273
2012-12-24 09:00:00,16664.361
2012-12-24 10:00:00,16553.17
2012-12-24 11:00:00,16350.9
2012-12-24 12:00:00,16019.07
2012-12-24 13:00:00,17109.469
2012-12-24 14:00:00,17288.826
2012-12-24 15:00:00,17285.508
2012-12-24 16:00:00,17278.967
2012-12-24 17:00:00,17469.129
2012-12-24 18:00:00,17459.893
2012-12-24 19:00:00,17487.172
2012-12-24 20:00:00,17461.988
2012-12-24 21:00:00,17446.89
2012-12-24 22:00:00,17442.178
2012-12-24 23:00:00,17416.988
2012-12-25 00:00:00,17594.37
2012-12-25 01:00:00,17350.11
2012-12-25 02:00:00,17343.64
2012-12-25 04:00:00,17395.312
2012-12-25 05:00:00,17649.031
2012-12-25 06:00:00,17642.766
2012-12-25 07:00:00,17624.836
2012-12-25 08:00:00,17352.95
2012-12-25 09:00:00,17400.703
2012-12-25 10:00:00,17054.602
2012-12-25 11:00:00,16804.066
2012-12-25 12:00:00,16772.727
2012-12-25 13:00:00,15289.932
2012-12-25 14:00:00,15163.217
2012-12-25 15:00:00,15507.732
2012-12-25 16:00:00,15486.404
2012-12-25 17:00:00,15911.248
2012-12-25 18:00:00,16379.514
2012-12-25 19:00:00,16378.261
2012-12-25 20:00:00,16357.668
2012-12-25 21:00:00,16390.086
2012-12-25 22:00:00,16562.414
2012-12-25 23:00:00,16432.45
2012-12-26 00:00:00,16574.441
2012-12-26 01:00:00,16659.133
2012-12-26 02:00:00,16653.309
2012-12-26 03:00:00,16828.178
2012-12-26 04:00:00,16867.686
2012-12-26 05:00:00,16844.457
2012-12-26 06:00:00,16860.873
2012-12-26 07:00:00,17400.734
2012-12-26 08:00:00,17394.266
2012-12-26 09:00:00,17387.805
2012-12-26 10:00:00,17395.271
2012-12-26 11:00:00,17339.209
2012-12-26 12:00:00,17343.523
2012-12-26 13:00:00,17337.053
2012-12-26 14:00:00,17537.541
2012-12-26 15:00:00,17195.88
2012-12-26 16:00:00,17190.082
2012-12-26 17:00:00,17385.088
2012-12-26 18:00:00,17319.984
2012-12-26 19:00:00,17077.125
2012-12-26 20:00:00,17181.7
2012-12-26 21:00:00,17067.863
2012-12-26 22:00:00,17399.268
2012-12-26 23:00:00,17174.252
2012-12-27 00:00:00,17314.67
2012-12-27 01:00:00,17530.799
2012-12-27 02:00:00,17340.164
2012-12-27 03:00:00,17383.86
2012-12-27 04:00:00,17355.852
2012-12-27 05:00:00,17012.771
2012-12-27 06:00:00,16806.947
2012-12-27 07:00:00,16849.031
2012-12-27 08:00:00,16615.875
2012-12-27 09:00:00,16418.865
2012-12-27 10:00:00,16184.576
2012-12-27 11:00:00,16129.939
2012-12-27 12:00:00,15708.003
2012-12-27 13:00:00,15700.529
2012-12-27 14:00:00,16209.668
2012-12-27 15:00:00,16200.926
2012-12-27 16:00:00,15939.282
2012-12-27 17:00:00,15931.761
2012-12-27 18:00:00,16381.094
2012-12-27 19:00:00,16419.094
2012-12-27 20:00:00,16371.398
2012-12-27 21:00:00,16358.093
2012-12-27 22:00:00,16376.926
2012-12-27 23:00:00,16342.751
2012-12-28 00:00:00,16506.04
2012-12-28 01:00:00,16543.861
2012-12-28 02:00:00,16523.266
2012-12-28 03:00:00,16482.953
2012-12-28 04:00:00,16455.133
2012-12-28 05:00:00,16450.656
2012-12-28 06:00:00,16711.367
2012-12-28 07:00:00,16722.281
2012-12-28 08:00:00,16450.951
2012-12-28 09:00:00,16476.852
2012-12-28 10:00:00,16174.452
2012-12-28 11:00:00,15864.416
2012-12-28 12:00:00,15618.488
2012-12-28 13:00:00,15611.422
2012-12-28 14:00:00,15604.33
2012-12-28 15:00:00,15525.492
2012-12-28 16:00:00,15600.111
2012-12-28 17:00:00,16400.863
2012-12-28 18:00:00,16393.186
2012-12-28 19:00:00,16621.625
2012-12-28 20:00:00,16583.906
2012-12-28 21:00:00,16759.998
2012-12-28 22:00:00,16747.27
2012-12-28 23:00:00,16565.195
2012-12-29 00:00:00,16946.836
2012-12-29 01:00:00,17056.543
2012-12-29 02:00:00,16935.227
2012-12-29 03:00:00,17080.805
2012-12-29 04:00:00,17039.133
2012-12-29 05:00:00,17033.334
2012-12-29 06:00:00,16837.879
2012-12-29 07:00:00,16819.707
2012-12-29 08:00:00,17199.645
2012-12-29 09:00:00,17193.844
2012-12-29 10:00:00,17118.594
2012-12-29 11:00:00,17609.918
2012-12-29 12:00:00,17845.852
2012-12-29 13:00:00,17839.773
2012-12-29 14:00:00,17352.164
2012-12-29 15:00:00,17383.46
2012-12-29 16:00:00,16890.648
2012-12-29 17:00:00,17068.27
2012-12-29 18:00:00,16689.23
2012-12-29 19:00:00,16286.601
2012-12-29 20:00:00,16039.896
2012-12-29 21:00:00,16068.014
2012-12-29 22:00:00,16274.933
2012-12-29 23:00:00,16342.735
2012-12-30 00:00:00,16445.582
2012-12-30 01:00:00,16284.61
2012-12-30 02:00:00,16241.004
2012-12-30 03:00:00,16270.011
2012-12-30 04:00:00,16202.754
2012-12-30 05:00:00,15878.256
2012-12-30 06:00:00,16160.965
2012-12-30 07:00:00,16310.302
2012-12-30 08:00:00,16160.65
2012-12-30 09:00:00,16119.886
2012-12-30 10:00:00,15563.024
2012-12-30 11:00:00,15521.4
2012-12-30 12:00:00,15244.234
2012-12-30 13:00:00,15144.445
2012-12-30 14:00:00,15101.74
2012-12-30 15:00:00,15248.433
2012-12-30 16:00:00,15274.812
2012-12-30 17:00:00,15475.084
2012-12-30 18:00:00,15662.711
2012-12-30 19:00:00,16021.965
2012-12-30 20:00:00,15871.231
2012-12-30 21:00:00,16042.001
2012-12-30 22:00:00,16281.48
2012-12-30 23:00:00,16048.605
2012-12-31 00:00:00,16514.88
2012-12-31 01:00:00,16507.184
2012-12-31 02:00:00,16775.117
2012-12-31 03:00:00,16747.496
2012-12-31 04:00:00,17140.957
2012-12-31 05:00:00,16942.012
2012-12-31 06:00:00,16921.322
2012-12-31 07:00:00,16902.395
2012-12-31 08:00:00,17130.86
2012-12-31 09:00:00,16801.908
2012-12-31 10:00:00,16905.629
2012-12-31 11:00:00,16485.406
2012-12-31 12:00:00,16237.638
2012-12-31 13:00:00,15552.682
2012-12-31 14:00:00,15524.437
2012-12-31 15:00:00,15483.196
2012-12-31 16:00:00,15718.072
2012-12-31 17:00:00,15629.489
2012-12-31 18:00:00,15666.393
2012-12-31 19:00:00,16289.091
2012-12-31 20:00:00,16281.275
2012-12-31 21:00:00,16292.502
2012-12-31 22:00:00,16054.759
2012-12-31 23:00:00,16502.477
