datetime,count
2011-01-20 00:00:00,5063.407
2011-01-20 01:00:00,5067.3228
2011-01-20 02:00:00,5064.1543
2011-01-20 03:00:00,5055.4473
2011-01-20 04:00:00,5052.2783
2011-01-20 05:00:00,5112.857
2011-01-20 06:00:00,5133.833
2011-01-20 07:00:00,5086.0713
2011-01-20 08:00:00,5077.4956
2011-01-20 09:00:00,5019.7715
2011-01-20 10:00:00,4968.4883
2011-01-20 11:00:00,4898.849
2011-01-20 12:00:00,4831.587
2011-01-20 13:00:00,4888.523
2011-01-20 14:00:00,4858.5713
2011-01-20 15:00:00,4825.849
2011-01-20 16:00:00,4887.907
2011-01-20 17:00:00,4878.039
2011-01-20 18:00:00,4996.1553
2011-01-20 19:00:00,5008.6104
2011-01-20 20:00:00,5026.7754
2011-01-20 21:00:00,5050.3975
2011-01-20 22:00:00,5098.5093
2011-01-20 23:00:00,5091.2866
2011-01-21 00:00:00,5200.667
2011-01-21 01:00:00,5197.823
2011-01-21 02:00:00,5224.6367
2011-01-21 03:00:00,5272.5854
2011-01-21 04:00:00,5307.2993
2011-01-21 05:00:00,5114.019
2011-01-21 06:00:00,5086.54
2011-01-21 07:00:00,5078.47
2011-01-21 08:00:00,5035.568
2011-01-21 09:00:00,5065.375
2011-01-21 10:00:00,5026.376
2011-01-21 11:00:00,4946.426
2011-01-21 12:00:00,4803.4497
2011-01-21 13:00:00,4818.3564
2011-01-21 14:00:00,4818.572
2011-01-21 15:00:00,4881.8584
2011-01-21 16:00:00,4880.3535
2011-01-21 17:00:00,4919.375
2011-01-21 18:00:00,4957.543
2011-01-21 19:00:00,4957.197
2011-01-21 20:00:00,5006.165
2011-01-21 21:00:00,5073.1797
2011-01-21 22:00:00,5130.126
2011-01-21 23:00:00,5096.461
2011-01-22 00:00:00,5275.4917
2011-01-22 01:00:00,5235.1763
2011-01-22 02:00:00,5225.0312
2011-01-22 03:00:00,5219.2334
2011-01-22 04:00:00,5300.1445
2011-01-22 06:00:00,5255.975
2011-01-22 07:00:00,5265.945
2011-01-22 08:00:00,5268.264
2011-01-22 09:00:00,5211.7334
2011-01-22 10:00:00,5188.59
2011-01-22 11:00:00,5137.512
2011-01-22 12:00:00,5118.169
2011-01-22 13:00:00,5054.5127
2011-01-22 14:00:00,5028.6353
2011-01-22 15:00:00,4966.6206
2011-01-22 16:00:00,4955.839
2011-01-22 17:00:00,4932.0747
2011-01-22 18:00:00,5068.5737
2011-01-22 19:00:00,5061.1895
2011-01-22 20:00:00,5176.925
2011-01-22 21:00:00,5126.105
2011-01-22 22:00:00,5174.339
2011-01-22 23:00:00,5294.3145
2011-01-23 00:00:00,5359.667
2011-01-23 01:00:00,5356.8174
2011-01-23 02:00:00,5412.4453
2011-01-23 03:00:00,5409.5938
2011-01-23 05:00:00,5336.5273
2011-01-23 06:00:00,5333.6772
2011-01-23 07:00:00,5297.4004
2011-01-23 08:00:00,5356.4907
2011-01-23 09:00:00,5245.2285
2011-01-23 10:00:00,5119.6265
2011-01-23 11:00:00,5085.757
2011-01-23 12:00:00,5003.909
2011-01-23 13:00:00,4996.338
2011-01-23 14:00:00,4917.752
2011-01-23 15:00:00,4914.7334
2011-01-23 16:00:00,4896.6143
2011-01-23 17:00:00,4919.254
2011-01-23 18:00:00,4971.187
2011-01-23 19:00:00,4965.39
2011-01-23 20:00:00,5041.532
2011-01-23 21:00:00,5043.563
2011-01-23 22:00:00,5082.1147
2011-01-23 23:00:00,5136.159
2011-01-24 00:00:00,5198.4155
2011-01-24 01:00:00,5254.4165
2011-01-24 03:00:00,5252.254
2011-01-24 04:00:00,5282.648
2011-01-24 05:00:00,5279.4395
2011-01-24 06:00:00,5270.797
2011-01-24 07:00:00,5247.6094
2011-01-24 08:00:00,5229.2104
2011-01-24 09:00:00,5130.592
2011-01-24 10:00:00,5116.202
2011-01-24 11:00:00,5145.935
2011-01-24 12:00:00,5068.55
2011-01-24 13:00:00,5056.76
2011-01-24 14:00:00,5080.356
2011-01-24 15:00:00,5004.7227
2011-01-24 16:00:00,5065.2163
2011-01-24 17:00:00,5122.283
2011-01-24 18:00:00,5195.4434
2011-01-24 19:00:00,5140.995
2011-01-24 20:00:00,5189.074
2011-01-24 21:00:00,5215.08
2011-01-24 22:00:00,5206.6606
2011-01-24 23:00:00,5185.843
2011-01-25 00:00:00,5296.762
2011-01-25 01:00:00,5287.5938
2011-01-25 02:00:00,5296.8276
2011-01-25 04:00:00,5345.8804
2011-01-25 05:00:00,5349.6772
2011-01-25 06:00:00,5318.1377
2011-01-25 07:00:00,5321.5186
2011-01-25 08:00:00,5300.8193
2011-01-25 09:00:00,5168.587
2011-01-25 10:00:00,5104.176
2011-01-25 11:00:00,5083.562
2011-01-25 12:00:00,5005.8877
2011-01-25 13:00:00,5008.0713
2011-01-25 14:00:00,4852.004
2011-01-25 15:00:00,4797.9355
2011-01-25 16:00:00,4794.7715
2011-01-25 17:00:00,4851.5625
2011-01-25 18:00:00,4876.2197
2011-01-25 19:00:00,5075.952
2011-01-25 20:00:00,5112.628
2011-01-25 21:00:00,5109.46
2011-01-25 22:00:00,5114.818
2011-01-25 23:00:00,5102.586
2011-01-26 00:00:00,5217.5312
2011-01-26 01:00:00,5160.086
2011-01-26 02:00:00,5197.511
2011-01-26 05:00:00,5328.94
2011-01-26 06:00:00,5326.307
2011-01-26 07:00:00,5297.9453
2011-01-26 08:00:00,5295.3096
2011-01-26 09:00:00,5292.6777
2011-01-26 10:00:00,5322.102
2011-01-26 11:00:00,5323.723
2011-01-26 12:00:00,5321.092
2011-01-26 13:00:00,5318.458
2011-01-26 14:00:00,5313.281
2011-01-26 15:00:00,5309.8594
2011-01-26 16:00:00,5302.593
2011-01-26 17:00:00,5326.882
2011-01-27 16:00:00,5050.8657
2011-01-27 17:00:00,5046.4653
2011-01-27 18:00:00,5193.178
2011-01-27 19:00:00,5190.2437
2011-01-27 20:00:00,5248.5776
2011-01-27 21:00:00,5245.712
2011-01-27 22:00:00,5242.8506
2011-01-27 23:00:00,5281.0054
2011-01-28 00:00:00,5286.4814
2011-01-28 01:00:00,5283.6973
2011-01-28 02:00:00,5278.3335
2011-01-28 03:00:00,5272.018
2011-01-28 05:00:00,5317.2754
2011-01-28 06:00:00,5320.9106
2011-01-28 07:00:00,5366.801
2011-01-28 08:00:00,5364.1675
2011-01-28 09:00:00,5332.1387
2011-01-28 10:00:00,5328.222
2011-01-28 11:00:00,5361.502
2011-01-28 12:00:00,5358.8696
2011-01-28 13:00:00,5356.2393
2011-01-28 14:00:00,5231.1436
2011-01-28 15:00:00,5293.033
2011-01-28 16:00:00,5242.1743
2011-01-28 17:00:00,5202.416
2011-01-28 18:00:00,5202.576
2011-01-28 19:00:00,5187.7344
2011-01-28 20:00:00,5148.411
2011-01-28 21:00:00,5204.3613
2011-01-28 22:00:00,5100.8154
2011-01-28 23:00:00,5055.8193
2011-01-29 00:00:00,5198.609
2011-01-29 01:00:00,5192.491
2011-01-29 02:00:00,5192.0195
2011-01-29 03:00:00,5215.415
2011-01-29 04:00:00,5298.7524
2011-01-29 06:00:00,5251.6416
2011-01-29 07:00:00,5209.152
2011-01-29 08:00:00,5140.715
2011-01-29 09:00:00,5170.6416
2011-01-29 10:00:00,5201.907
2011-01-29 11:00:00,5205.371
2011-01-29 12:00:00,5137.204
2011-01-29 13:00:00,5067.58
2011-01-29 14:00:00,5111.7144
2011-01-29 15:00:00,5195.646
2011-01-29 16:00:00,5087.6465
2011-01-29 17:00:00,5071.219
2011-01-29 18:00:00,5188.598
2011-01-29 19:00:00,5174.8735
2011-01-29 20:00:00,5262.4785
2011-01-29 21:00:00,5259.621
2011-01-29 22:00:00,5316.5557
2011-01-29 23:00:00,5313.843
2011-01-30 00:00:00,5383.5444
2011-01-30 01:00:00,5384.832
2011-01-30 02:00:00,5360.173
2011-01-30 03:00:00,5448.4727
2011-01-30 04:00:00,5445.842
2011-01-30 05:00:00,5407.336
2011-01-30 07:00:00,5402.083
2011-01-30 08:00:00,5391.525
2011-01-30 09:00:00,5332.968
2011-01-30 10:00:00,5308.3623
2011-01-30 11:00:00,5241.59
2011-01-30 12:00:00,4943.2744
2011-01-30 13:00:00,5053.853
2011-01-30 14:00:00,5042.698
2011-01-30 15:00:00,4969.571
2011-01-30 16:00:00,4966.4043
2011-01-30 17:00:00,4973.7334
2011-01-30 18:00:00,5101.757
2011-01-30 19:00:00,5095.8906
2011-01-30 20:00:00,5082.4287
2011-01-30 21:00:00,5152.061
2011-01-30 22:00:00,5155.5903
2011-01-30 23:00:00,5108.9175
2011-01-31 00:00:00,5164.37
2011-01-31 01:00:00,5182.577
2011-01-31 02:00:00,5175.746
2011-01-31 03:00:00,5172.5786
2011-01-31 04:00:00,5155.3364
2011-01-31 05:00:00,5221.72
2011-01-31 06:00:00,5284.485
2011-01-31 07:00:00,5238.017
2011-01-31 08:00:00,5195.409
2011-01-31 09:00:00,5190.8745
2011-01-31 10:00:00,5187.703
2011-01-31 11:00:00,5184.5034
2011-01-31 12:00:00,5101.4756
2011-01-31 13:00:00,5148.7993
2011-01-31 14:00:00,5101.777
2011-01-31 15:00:00,5158.423
2011-01-31 16:00:00,5123.092
2011-01-31 17:00:00,5165.419
2011-01-31 18:00:00,5123.8647
2011-01-31 19:00:00,4987.785
2011-01-31 20:00:00,5140.1465
2011-01-31 21:00:00,5125.003
2011-01-31 22:00:00,5138.945
2011-01-31 23:00:00,5172.3647
2011-02-20 00:00:00,4895.6133
2011-02-20 01:00:00,4967.716
2011-02-20 02:00:00,4956.8555
2011-02-20 03:00:00,5004.0405
2011-02-20 04:00:00,5000.8477
2011-02-20 06:00:00,5058.189
2011-02-20 07:00:00,5118.837
2011-02-20 08:00:00,5076.9683
2011-02-20 09:00:00,5016.5537
2011-02-20 10:00:00,4901.2725
2011-02-20 11:00:00,4772.772
2011-02-20 12:00:00,4774.4004
2011-02-20 13:00:00,4706.349
2011-02-20 14:00:00,4646.7646
2011-02-20 15:00:00,4641.6997
2011-02-20 16:00:00,4655.33
2011-02-20 17:00:00,4704.8887
2011-02-20 18:00:00,4730.988
2011-02-20 19:00:00,4727.8086
2011-02-20 20:00:00,4771.5874
2011-02-20 21:00:00,4890.5986
2011-02-20 22:00:00,4930.9556
2011-02-20 23:00:00,4983.6157
2011-02-21 00:00:00,4843.669
2011-02-21 01:00:00,4840.4814
2011-02-21 02:00:00,4837.2964
2011-02-21 03:00:00,4836.7466
2011-02-21 04:00:00,4886.905
2011-02-21 05:00:00,4766.4424
2011-02-21 06:00:00,4606.959
2011-02-21 07:00:00,4604.7534
2011-02-21 08:00:00,4969.426
2011-02-21 09:00:00,4967.6074
2011-02-21 10:00:00,4967.1455
2011-02-21 11:00:00,4958.7544
2011-02-21 12:00:00,5037.085
2011-02-21 13:00:00,5178.787
2011-02-21 14:00:00,5124.087
2011-02-21 15:00:00,5083.1543
2011-02-21 16:00:00,5149.0654
2011-02-21 17:00:00,5149.2705
2011-02-21 18:00:00,5274.1343
2011-02-21 19:00:00,5271.499
2011-02-21 20:00:00,5227.798
2011-02-21 21:00:00,5198.753
2011-02-21 22:00:00,5229.592
2011-02-21 23:00:00,5226.8
2011-02-22 06:00:00,5389.4224
2011-02-22 07:00:00,5386.787
2011-02-22 08:00:00,5386.6943
2011-02-22 09:00:00,5335.165
2011-02-22 10:00:00,5277.2344
2011-02-22 11:00:00,5209.045
2011-02-22 12:00:00,5122.067
2011-02-22 13:00:00,5063.0693
2011-02-22 14:00:00,5057.2017
2011-02-22 15:00:00,4976.859
2011-02-22 16:00:00,5017.8916
2011-02-22 17:00:00,5018.712
2011-02-22 18:00:00,4978.587
2011-02-22 19:00:00,5004.775
2011-02-22 20:00:00,4997.615
2011-02-22 21:00:00,4991.7456
2011-02-22 22:00:00,5010.508
2011-02-22 23:00:00,5007.3433
2011-02-23 00:00:00,5172.161
2011-02-23 01:00:00,5126.6816
2011-02-23 02:00:00,5176.6465
2011-02-23 03:00:00,5180.104
2011-02-23 05:00:00,5169.839
2011-02-23 06:00:00,5166.6714
2011-02-23 07:00:00,5196.4746
2011-02-23 08:00:00,5175.8506
2011-02-23 09:00:00,5085.7217
2011-02-23 10:00:00,4949.6924
2011-02-23 11:00:00,4916.4756
2011-02-23 12:00:00,4827.9346
2011-02-23 13:00:00,4715.0693
2011-02-23 14:00:00,4695.191
2011-02-23 15:00:00,4645.9097
2011-02-23 16:00:00,4640.5713
2011-02-23 17:00:00,4642.2817
2011-02-23 18:00:00,4660.562
2011-02-23 19:00:00,4738.226
2011-02-23 20:00:00,5061.3984
2011-02-23 21:00:00,4937.951
2011-02-23 22:00:00,4934.783
2011-02-23 23:00:00,5019.405
2011-02-24 00:00:00,5092.286
2011-02-24 01:00:00,5133.709
2011-02-24 02:00:00,5199.713
2011-02-24 03:00:00,5201.6074
2011-02-24 05:00:00,5234.5527
2011-02-24 06:00:00,5234.838
2011-02-24 07:00:00,5255.2734
2011-02-24 08:00:00,5189.5586
2011-02-24 09:00:00,5218.4033
2011-02-24 10:00:00,5147.329
2011-02-24 11:00:00,4946.704
2011-02-24 12:00:00,4853.007
2011-02-24 13:00:00,4811.9487
2011-02-24 14:00:00,4748.961
2011-02-24 15:00:00,4764.2954
2011-02-24 16:00:00,4866.081
2011-02-24 17:00:00,4949.5137
2011-02-24 18:00:00,5145.5107
2011-02-24 19:00:00,5168.196
2011-02-24 20:00:00,5168.4263
2011-02-24 21:00:00,5137.5996
2011-02-24 22:00:00,5122.71
2011-02-24 23:00:00,5185.2153
2011-02-25 00:00:00,5232.7896
2011-02-25 01:00:00,5272.903
2011-02-25 02:00:00,5270.2456
2011-02-25 03:00:00,5232.0454
2011-02-25 05:00:00,5226.753
2011-02-25 06:00:00,5195.8823
2011-02-25 07:00:00,5232.4956
2011-02-25 08:00:00,5173.3906
2011-02-25 09:00:00,5189.546
2011-02-25 10:00:00,5075.8115
2011-02-25 11:00:00,4850.171
2011-02-25 12:00:00,4651.7554
2011-02-25 13:00:00,4648.586
2011-02-25 14:00:00,4572.17
2011-02-25 15:00:00,4580.3467
2011-02-25 16:00:00,4861.819
2011-02-25 17:00:00,4842.3696
2011-02-25 18:00:00,4852.7837
2011-02-25 19:00:00,4904.5605
2011-02-25 20:00:00,4869.1123
2011-02-25 21:00:00,4892.037
2011-02-25 22:00:00,4926.34
2011-02-25 23:00:00,4924.5894
2011-02-26 00:00:00,5073.6357
2011-02-26 01:00:00,5070.3984
2011-02-26 02:00:00,5157.2617
2011-02-26 03:00:00,5111.039
2011-02-26 04:00:00,5128.716
2011-02-26 05:00:00,5169.3184
2011-02-26 06:00:00,5130.2207
2011-02-26 07:00:00,5128.2734
2011-02-26 08:00:00,5090.676
2011-02-26 09:00:00,5040.948
2011-02-26 10:00:00,4920.493
2011-02-26 11:00:00,4884.1465
2011-02-26 12:00:00,4851.629
2011-02-26 13:00:00,4798.849
2011-02-26 14:00:00,4745.5576
2011-02-26 15:00:00,4747.8564
2011-02-26 16:00:00,4807.291
2011-02-26 17:00:00,4773.3774
2011-02-26 18:00:00,4823.8164
2011-02-26 19:00:00,4875.4746
2011-02-26 20:00:00,4957.5913
2011-02-26 21:00:00,5060.0635
2011-02-26 22:00:00,5148.9136
2011-02-26 23:00:00,5149.4565
2011-02-27 00:00:00,5304.9355
2011-02-27 01:00:00,5301.8105
2011-02-27 02:00:00,5296.193
2011-02-27 03:00:00,5289.287
2011-02-27 04:00:00,5320.508
2011-02-27 06:00:00,5301.959
2011-02-27 07:00:00,5312.6055
2011-02-27 08:00:00,5274.5957
2011-02-27 09:00:00,5252.0527
2011-02-27 10:00:00,5196.4985
2011-02-27 11:00:00,4969.957
2011-02-27 12:00:00,4832.5264
2011-02-27 13:00:00,4750.9688
2011-02-27 14:00:00,4715.5337
2011-02-27 15:00:00,4657.4814
2011-02-27 16:00:00,4627.461
2011-02-27 17:00:00,4783.1445
2011-02-27 18:00:00,4804.06
2011-02-27 19:00:00,4806.298
2011-02-27 20:00:00,4807.1787
2011-02-27 21:00:00,4892.748
2011-02-27 22:00:00,4885.922
2011-02-27 23:00:00,4920.1616
2011-02-28 00:00:00,5011.211
2011-02-28 01:00:00,5179.7935
2011-02-28 03:00:00,5227.1226
2011-02-28 05:00:00,5205.991
2011-02-28 06:00:00,5217.478
2011-02-28 07:00:00,5178.3623
2011-02-28 08:00:00,5205.217
2011-02-28 09:00:00,5032.483
2011-02-28 10:00:00,4795.6357
2011-02-28 11:00:00,4690.4375
2011-02-28 12:00:00,4687.27
2011-02-28 13:00:00,5033.495
2011-02-28 14:00:00,5097.5957
2011-02-28 15:00:00,5094.943
2011-02-28 16:00:00,5106.1016
2011-02-28 17:00:00,5111.1616
2011-02-28 18:00:00,5022.784
2011-02-28 19:00:00,4975.7373
2011-02-28 20:00:00,4972.837
2011-02-28 21:00:00,5057.2124
2011-02-28 22:00:00,5150.1523
2011-02-28 23:00:00,5118.131
2011-03-20 00:00:00,4906.067
2011-03-20 01:00:00,4968.061
2011-03-20 02:00:00,4977.4756
2011-03-20 03:00:00,5036.8296
2011-03-20 04:00:00,5060.446
2011-03-20 05:00:00,5095.6577
2011-03-20 06:00:00,5089.782
2011-03-20 07:00:00,5120.093
2011-03-20 08:00:00,5029.094
2011-03-20 09:00:00,4959.4824
2011-03-20 10:00:00,4854.1104
2011-03-20 11:00:00,4782.2764
2011-03-20 12:00:00,4763.9443
2011-03-20 13:00:00,4683.243
2011-03-20 14:00:00,4620.504
2011-03-20 15:00:00,4627.072
2011-03-20 16:00:00,4607.6724
2011-03-20 17:00:00,4630.044
2011-03-20 18:00:00,4688.4473
2011-03-20 19:00:00,4771.031
2011-03-20 20:00:00,4794.6167
2011-03-20 21:00:00,4868.8984
2011-03-20 22:00:00,4871.0723
2011-03-20 23:00:00,4924.7905
2011-03-21 00:00:00,5039.8135
2011-03-21 01:00:00,5090.421
2011-03-21 02:00:00,5092.6196
2011-03-21 03:00:00,5089.4263
2011-03-21 05:00:00,5182.746
2011-03-21 06:00:00,5134.7236
2011-03-21 07:00:00,5211.6826
2011-03-21 08:00:00,5217.014
2011-03-21 09:00:00,5148.342
2011-03-21 10:00:00,5020.6914
2011-03-21 11:00:00,4932.814
2011-03-21 12:00:00,4963.0737
2011-03-21 13:00:00,4765.4272
2011-03-21 14:00:00,4722.889
2011-03-21 15:00:00,4659.966
2011-03-21 16:00:00,4711.1523
2011-03-21 17:00:00,4710.6875
2011-03-21 18:00:00,4805.7134
2011-03-21 19:00:00,4614.6606
2011-03-21 20:00:00,4691.5664
2011-03-21 21:00:00,5040.324
2011-03-21 22:00:00,5000.84
2011-03-21 23:00:00,5006.615
2011-03-22 00:00:00,5065.9033
2011-03-22 01:00:00,5171.461
2011-03-22 02:00:00,5121.076
2011-03-22 03:00:00,5040.8945
2011-03-22 04:00:00,5057.2207
2011-03-22 05:00:00,5107.966
2011-03-22 06:00:00,5104.4927
2011-03-22 07:00:00,5031.9146
2011-03-22 08:00:00,4850.453
2011-03-22 09:00:00,4832.424
2011-03-22 10:00:00,4760.215
2011-03-22 11:00:00,4736.646
2011-03-22 12:00:00,4680.484
2011-03-22 13:00:00,4613.95
2011-03-22 14:00:00,4574.5635
2011-03-22 15:00:00,4580.858
2011-03-22 16:00:00,4588.508
2011-03-22 17:00:00,4585.34
2011-03-22 18:00:00,4625.4365
2011-03-22 19:00:00,4735.754
2011-03-22 20:00:00,4723.1255
2011-03-22 21:00:00,4750.853
2011-03-22 22:00:00,4810.148
2011-03-22 23:00:00,4806.9795
2011-03-23 00:00:00,5056.398
2011-03-23 01:00:00,5129.4116
2011-03-23 02:00:00,5126.587
2011-03-23 03:00:00,5129.916
2011-03-23 05:00:00,5198.347
2011-03-23 06:00:00,5185.2017
2011-03-23 07:00:00,5237.3677
2011-03-23 08:00:00,5198.413
2011-03-23 09:00:00,5167.3203
2011-03-23 10:00:00,5140.6953
2011-03-23 11:00:00,5169.1226
2011-03-23 12:00:00,5171.9565
2011-03-23 13:00:00,5160.451
2011-03-23 14:00:00,5137.666
2011-03-23 15:00:00,5067.3
2011-03-23 16:00:00,4992.4004
2011-03-23 17:00:00,4989.2314
2011-03-23 18:00:00,5047.7764
2011-03-23 19:00:00,5044.7104
2011-03-23 20:00:00,5102.03
2011-03-23 21:00:00,5218.9717
2011-03-23 22:00:00,5194.443
2011-03-23 23:00:00,5172.95
2011-03-24 00:00:00,5255.8594
2011-03-24 01:00:00,5309.7373
2011-03-24 02:00:00,5304.5737
2011-03-24 03:00:00,5328.529
2011-03-24 04:00:00,5325.8755
2011-03-24 05:00:00,5285.6523
2011-03-24 06:00:00,5283.015
2011-03-24 07:00:00,5329.0215
2011-03-24 08:00:00,5336.3623
2011-03-24 09:00:00,5296.5684
2011-03-24 10:00:00,5301.2324
2011-03-24 11:00:00,5188.57
2011-03-24 12:00:00,5100.184
2011-03-24 13:00:00,5072.971
2011-03-24 14:00:00,5092.663
2011-03-24 15:00:00,5088.0176
2011-03-24 16:00:00,5042.954
2011-03-24 17:00:00,5084.381
2011-03-24 18:00:00,5003.5845
2011-03-24 19:00:00,4956.772
2011-03-24 20:00:00,5031.74
2011-03-24 21:00:00,5084.4023
2011-03-24 22:00:00,5086.6377
2011-03-24 23:00:00,5114.2505
2011-03-25 00:00:00,5142.5366
2011-03-25 01:00:00,5254.455
2011-03-25 02:00:00,5254.74
2011-03-25 03:00:00,5245.5684
2011-03-25 04:00:00,5303.885
2011-03-25 05:00:00,5304.4756
2011-03-25 06:00:00,5304.702
2011-03-25 07:00:00,5154.1924
2011-03-25 08:00:00,5052.952
2011-03-25 09:00:00,5006.9287
2011-03-25 10:00:00,4987.926
2011-03-25 11:00:00,4884.083
2011-03-25 12:00:00,4832.7837
2011-03-25 13:00:00,4798.8486
2011-03-25 14:00:00,4683.4194
2011-03-25 15:00:00,4736.9326
2011-03-25 16:00:00,4721.7334
2011-03-25 17:00:00,4755.009
2011-03-25 18:00:00,4811.078
2011-03-25 19:00:00,4769.952
2011-03-25 20:00:00,4797.1753
2011-03-25 21:00:00,4791.2944
2011-03-25 22:00:00,4807.567
2011-03-25 23:00:00,4832.498
2011-03-26 00:00:00,4919.4277
2011-03-26 01:00:00,4933.304
2011-03-26 02:00:00,5028.5034
2011-03-26 03:00:00,5078.8936
2011-03-26 04:00:00,5022.1704
2011-03-26 05:00:00,5108.2314
2011-03-26 06:00:00,5164.88
2011-03-26 07:00:00,5101.8936
2011-03-26 08:00:00,5008.223
2011-03-26 09:00:00,4954.2065
2011-03-26 10:00:00,4924.184
2011-03-26 11:00:00,4870.232
2011-03-26 12:00:00,4822.7266
2011-03-26 13:00:00,4766.4995
2011-03-26 14:00:00,4704.0547
2011-03-26 15:00:00,4694.131
2011-03-26 16:00:00,4665.5474
2011-03-26 17:00:00,4682.777
2011-03-26 18:00:00,4677.962
2011-03-26 19:00:00,4890.0986
2011-03-26 20:00:00,4886.93
2011-03-26 21:00:00,4904.334
2011-03-26 22:00:00,4847.6084
2011-03-26 23:00:00,4899.2764
2011-03-27 00:00:00,4946.791
2011-03-27 01:00:00,5072.534
2011-03-27 02:00:00,5101.804
2011-03-27 03:00:00,5248.049
2011-03-27 04:00:00,5303.327
2011-03-27 06:00:00,5389.9297
2011-03-27 07:00:00,5392.823
2011-03-27 08:00:00,5251.593
2011-03-27 09:00:00,5103.157
2011-03-27 10:00:00,5092.209
2011-03-27 11:00:00,4998.5356
2011-03-27 12:00:00,4930.1416
2011-03-27 13:00:00,4843.2163
2011-03-27 14:00:00,4785.3696
2011-03-27 15:00:00,4781.1963
2011-03-27 16:00:00,4751.8174
2011-03-27 17:00:00,4733.634
2011-03-27 18:00:00,4777.333
2011-03-27 19:00:00,4754.0137
2011-03-27 20:00:00,4824.041
2011-03-27 21:00:00,4889.3394
2011-03-27 22:00:00,4886.171
2011-03-27 23:00:00,4907.0557
2011-03-28 00:00:00,5112.692
2011-03-28 01:00:00,5011.419
2011-03-28 02:00:00,5010.954
2011-03-28 03:00:00,5007.784
2011-03-28 05:00:00,5047.4336
2011-03-28 06:00:00,4966.724
2011-03-28 07:00:00,4917.9536
2011-03-28 08:00:00,4932.0024
2011-03-28 09:00:00,4878.1284
2011-03-28 10:00:00,4844.83
2011-03-28 11:00:00,4800.6533
2011-03-28 12:00:00,4759.646
2011-03-28 13:00:00,4693.7285
2011-03-28 14:00:00,4683.9375
2011-03-28 15:00:00,4679.732
2011-03-28 16:00:00,4662.924
2011-03-28 17:00:00,4669.1367
2011-03-28 18:00:00,4681.1494
2011-03-28 19:00:00,4681.844
2011-03-28 20:00:00,4658.488
2011-03-28 21:00:00,4659.0645
2011-03-28 22:00:00,4685.6777
2011-03-28 23:00:00,4702.0923
2011-03-29 00:00:00,4832.6714
2011-03-29 01:00:00,4891.3115
2011-03-29 02:00:00,4888.125
2011-03-29 03:00:00,4884.9404
2011-03-29 04:00:00,5028.7627
2011-03-29 05:00:00,4941.086
2011-03-29 06:00:00,4969.0176
2011-03-29 07:00:00,4969.982
2011-03-29 08:00:00,4890.081
2011-03-29 09:00:00,4765.2007
2011-03-29 10:00:00,4710.4673
2011-03-29 11:00:00,4675.003
2011-03-29 12:00:00,4659.4307
2011-03-29 13:00:00,4670.919
2011-03-29 14:00:00,4647.4985
2011-03-29 15:00:00,4612.96
2011-03-29 16:00:00,4613.61
2011-03-29 17:00:00,4595.535
2011-03-29 18:00:00,4629.7544
2011-03-29 19:00:00,4651.409
2011-03-29 20:00:00,4625.756
2011-03-29 21:00:00,4775.037
2011-03-29 22:00:00,4834.2944
2011-03-29 23:00:00,4917.423
2011-03-30 00:00:00,4990.369
2011-03-30 01:00:00,4835.7354
2011-03-30 02:00:00,4984.0303
2011-03-30 03:00:00,4909.5176
2011-03-30 04:00:00,4977.6934
2011-03-30 05:00:00,5000.2495
2011-03-30 06:00:00,4930.7236
2011-03-30 07:00:00,4861.0986
2011-03-30 08:00:00,4897.532
2011-03-30 09:00:00,4862.6816
2011-03-30 10:00:00,4844.2847
2011-03-30 11:00:00,4838.4175
2011-03-30 12:00:00,4834.0195
2011-03-30 13:00:00,4801.302
2011-03-30 14:00:00,4800.7734
2011-03-30 15:00:00,5191.529
2011-03-30 16:00:00,5215.352
2011-03-30 17:00:00,5269.5303
2011-03-30 18:00:00,5272.803
2011-03-30 19:00:00,5270.157
2011-03-30 20:00:00,5290.983
2011-03-30 21:00:00,5291.9736
2011-03-30 22:00:00,5283.921
2011-03-30 23:00:00,5284.3438
2011-03-31 00:00:00,5341.871
2011-03-31 01:00:00,5341.794
2011-03-31 02:00:00,5339.161
2011-03-31 03:00:00,5333.9756
2011-03-31 04:00:00,5328.799
2011-03-31 05:00:00,5328.712
2011-03-31 06:00:00,5327.84
2011-03-31 07:00:00,5320.904
2011-03-31 08:00:00,5361.461
2011-03-31 09:00:00,5294.195
2011-03-31 10:00:00,5291.563
2011-03-31 11:00:00,5264.413
2011-03-31 12:00:00,5261.771
2011-03-31 13:00:00,5203.958
2011-03-31 14:00:00,5201.3066
2011-03-31 15:00:00,5200.794
2011-03-31 16:00:00,5201.8174
2011-03-31 17:00:00,5199.1836
2011-03-31 18:00:00,5198.717
2011-03-31 19:00:00,5196.0576
2011-03-31 20:00:00,5241.121
2011-03-31 21:00:00,5248.3867
2011-03-31 22:00:00,5230.264
2011-03-31 23:00:00,5291.5596
2011-04-20 00:00:00,5091.7236
2011-04-20 01:00:00,5139.0356
2011-04-20 02:00:00,5136.378
2011-04-20 03:00:00,5147.6304
2011-04-20 04:00:00,5187.535
2011-04-20 05:00:00,5147.4414
2011-04-20 06:00:00,5125.7534
2011-04-20 07:00:00,5115.055
2011-04-20 08:00:00,4658.783
2011-04-20 09:00:00,4561.6367
2011-04-20 10:00:00,4686.2026
2011-04-20 11:00:00,4683.0347
2011-04-20 12:00:00,4378.4863
2011-04-20 13:00:00,4375.7627
2011-04-20 14:00:00,4322.1304
2011-04-20 15:00:00,4301.634
2011-04-20 16:00:00,4299.7197
2011-04-20 17:00:00,4315.382
2011-04-20 18:00:00,4317.285
2011-04-20 19:00:00,4338.0664
2011-04-20 20:00:00,4348.2124
2011-04-20 21:00:00,4360.883
2011-04-20 22:00:00,4389.0303
2011-04-20 23:00:00,4395.584
2011-04-21 00:00:00,4552.7783
2011-04-21 01:00:00,4627.8267
2011-04-21 02:00:00,4607.1836
2011-04-21 03:00:00,4716.6973
2011-04-21 04:00:00,4765.7134
2011-04-21 05:00:00,4777.241
2011-04-21 06:00:00,4831.1235
2011-04-21 07:00:00,4716.571
2011-04-21 08:00:00,4761.5425
2011-04-21 09:00:00,4726.444
2011-04-21 10:00:00,4698.8286
2011-04-21 11:00:00,4651.5117
2011-04-21 12:00:00,4608.3213
2011-04-21 13:00:00,4535.319
2011-04-21 14:00:00,4518.417
2011-04-21 15:00:00,4502.4873
2011-04-21 16:00:00,4500.9907
2011-04-21 17:00:00,4505.41
2011-04-21 18:00:00,4512.205
2011-04-21 19:00:00,4539.8574
2011-04-21 20:00:00,4543.2915
2011-04-21 21:00:00,4705.5957
2011-04-21 22:00:00,4631.6245
2011-04-21 23:00:00,4695.776
2011-04-22 00:00:00,4996.9604
2011-04-22 01:00:00,4917.5146
2011-04-22 02:00:00,4910.291
2011-04-22 03:00:00,4907.12
2011-04-22 04:00:00,4929.383
2011-04-22 05:00:00,4931.621
2011-04-22 06:00:00,4923.0474
2011-04-22 07:00:00,4910.817
2011-04-22 08:00:00,4910.355
2011-04-22 09:00:00,4974.815
2011-04-22 10:00:00,4956.213
2011-04-22 11:00:00,5003.798
2011-04-22 12:00:00,5095.5654
2011-04-22 13:00:00,5155.9336
2011-04-22 14:00:00,5156.1777
2011-04-22 15:00:00,5150.6587
2011-04-22 16:00:00,5152.302
2011-04-22 17:00:00,5202.953
2011-04-22 18:00:00,5200.302
2011-04-22 19:00:00,5197.645
2011-04-22 20:00:00,5164.455
2011-04-22 21:00:00,5210.7896
2011-04-22 22:00:00,5245.5073
2011-04-22 23:00:00,5180.7964
2011-04-23 00:00:00,5299.4795
2011-04-23 01:00:00,5296.8247
2011-04-23 02:00:00,5283.181
2011-04-23 03:00:00,5284.289
2011-04-23 04:00:00,5259.4854
2011-04-23 05:00:00,5256.83
2011-04-23 06:00:00,5264.527
2011-04-23 07:00:00,5253.964
2011-04-23 08:00:00,5238.2607
2011-04-23 09:00:00,5155.983
2011-04-23 10:00:00,5086.5425
2011-04-23 11:00:00,5039.959
2011-04-23 12:00:00,4927.137
2011-04-23 13:00:00,4926.0103
2011-04-23 14:00:00,4810.029
2011-04-23 15:00:00,4716.746
2011-04-23 16:00:00,4723.0303
2011-04-23 17:00:00,4715.8076
2011-04-23 18:00:00,4812.209
2011-04-23 19:00:00,4867.2334
2011-04-23 20:00:00,4915.6123
2011-04-23 21:00:00,4852.88
2011-04-23 22:00:00,4785.0693
2011-04-23 23:00:00,4912.399
2011-04-24 00:00:00,4975.963
2011-04-24 01:00:00,5033.2837
2011-04-24 02:00:00,5030.304
2011-04-24 03:00:00,5068.12
2011-04-24 04:00:00,5065.449
2011-04-24 05:00:00,5062.776
2011-04-24 06:00:00,5089.6406
2011-04-24 07:00:00,5086.9873
2011-04-24 08:00:00,5021.992
2011-04-24 09:00:00,4933.7183
2011-04-24 10:00:00,4806.791
2011-04-24 11:00:00,4618.0615
2011-04-24 12:00:00,4579.9473
2011-04-24 13:00:00,4487.569
2011-04-24 14:00:00,4444.6777
2011-04-24 15:00:00,4558.908
2011-04-24 16:00:00,4348.9897
2011-04-24 17:00:00,4584.1943
2011-04-24 18:00:00,4652.932
2011-04-24 19:00:00,4803.0845
2011-04-24 20:00:00,4800.004
2011-04-24 21:00:00,4950.3594
2011-04-24 22:00:00,4982.342
2011-04-24 23:00:00,4986.073
2011-04-25 00:00:00,5061.824
2011-04-25 01:00:00,5045.8335
2011-04-25 02:00:00,5043.175
2011-04-25 03:00:00,5074.525
2011-04-25 04:00:00,5059.117
2011-04-25 05:00:00,5121.1284
2011-04-25 06:00:00,5075.373
2011-04-25 07:00:00,5043.578
2011-04-25 08:00:00,4932.6855
2011-04-25 09:00:00,4845.9126
2011-04-25 10:00:00,4694.9785
2011-04-25 11:00:00,4691.81
2011-04-25 12:00:00,4670.7886
2011-04-25 13:00:00,4541.8223
2011-04-25 14:00:00,4416.421
2011-04-25 15:00:00,4371.76
2011-04-25 16:00:00,4422.0713
2011-04-25 17:00:00,4424.3027
2011-04-25 18:00:00,4466.5645
2011-04-25 19:00:00,4490.2305
2011-04-25 20:00:00,4526.787
2011-04-25 21:00:00,4636.497
2011-04-25 22:00:00,4689.0938
2011-04-25 23:00:00,4774.684
2011-04-26 00:00:00,4700.3315
2011-04-26 01:00:00,4742.2354
2011-04-26 02:00:00,4901.737
2011-04-26 03:00:00,4959.8423
2011-04-26 04:00:00,4900.567
2011-04-26 05:00:00,4955.662
2011-04-26 06:00:00,4930.882
2011-04-26 07:00:00,4864.856
2011-04-26 08:00:00,4861.832
2011-04-26 09:00:00,4685.9995
2011-04-26 10:00:00,4623.0737
2011-04-26 11:00:00,4557.385
2011-04-26 12:00:00,4491.7715
2011-04-26 13:00:00,4357.4946
2011-04-26 14:00:00,4442.6357
2011-04-26 15:00:00,4487.6636
2011-04-26 16:00:00,4455.039
2011-04-26 17:00:00,4505.4053
2011-04-26 18:00:00,4529.811
2011-04-26 19:00:00,4648.914
2011-04-26 20:00:00,4651.145
2011-04-26 21:00:00,4723.4644
2011-04-26 22:00:00,4794.2573
2011-04-26 23:00:00,4789.3594
2011-04-27 00:00:00,4867.2954
2011-04-27 01:00:00,4862.303
2011-04-27 02:00:00,4917.353
2011-04-27 03:00:00,4904.002
2011-04-27 04:00:00,4975.34
2011-04-27 05:00:00,4962.116
2011-04-27 06:00:00,4967.296
2011-04-27 07:00:00,4891.8433
2011-04-27 08:00:00,4885.8936
2011-04-27 09:00:00,4862.1743
2011-04-27 10:00:00,4801.1426
2011-04-27 11:00:00,4731.342
2011-04-27 12:00:00,4709.0425
2011-04-27 13:00:00,4732.719
2011-04-27 14:00:00,4637.6016
2011-04-27 15:00:00,4511.1963
2011-04-27 16:00:00,4562.061
2011-04-27 17:00:00,4714.413
2011-04-27 18:00:00,4711.2275
2011-04-27 19:00:00,4729.8003
2011-04-27 20:00:00,4761.593
2011-04-27 21:00:00,4819.302
2011-04-27 22:00:00,4804.984
2011-04-27 23:00:00,4799.9775
2011-04-28 00:00:00,4768.5117
2011-04-28 01:00:00,4821.6123
2011-04-28 02:00:00,4813.925
2011-04-28 03:00:00,4747.241
2011-04-28 04:00:00,4810.159
2011-04-28 05:00:00,4809.371
2011-04-28 06:00:00,4730.9893
2011-04-28 07:00:00,4729.169
2011-04-28 08:00:00,4701.8564
2011-04-28 09:00:00,4836.166
2011-04-28 10:00:00,4844.422
2011-04-28 11:00:00,4798.129
2011-04-28 12:00:00,4745.623
2011-04-28 13:00:00,4791.147
2011-04-28 14:00:00,4796.4673
2011-04-28 15:00:00,4609.9263
2011-04-28 16:00:00,4742.011
2011-04-28 17:00:00,4418.9814
2011-04-28 18:00:00,4415.7114
2011-04-28 19:00:00,4403.2314
2011-04-28 20:00:00,4477.4326
2011-04-28 21:00:00,4533.275
2011-04-28 22:00:00,4542.5586
2011-04-28 23:00:00,4492.65
2011-04-29 00:00:00,4572.0786
2011-04-29 01:00:00,4664.139
2011-04-29 02:00:00,4868.3784
2011-04-29 03:00:00,4830.885
2011-04-29 04:00:00,4752.3164
2011-04-29 05:00:00,4713.4736
2011-04-29 06:00:00,4630.7236
2011-04-29 07:00:00,4584.7666
2011-04-29 08:00:00,4521.0566
2011-04-29 09:00:00,4514.758
2011-04-29 10:00:00,4500.8945
2011-04-29 11:00:00,4415.578
2011-04-29 12:00:00,4475.1123
2011-04-29 13:00:00,4473.1465
2011-04-29 14:00:00,4405.6514
2011-04-29 15:00:00,4474.2256
2011-04-29 16:00:00,4508.051
2011-04-29 17:00:00,4553.21
2011-04-29 18:00:00,4588.5645
2011-04-29 19:00:00,4722.8926
2011-04-29 20:00:00,4642.607
2011-04-29 21:00:00,4693.044
2011-04-29 22:00:00,4803.2314
2011-04-29 23:00:00,4737.9375
2011-04-30 00:00:00,4809.532
2011-04-30 01:00:00,4814.465
2011-04-30 02:00:00,4805.892
2011-04-30 03:00:00,4829.575
2011-04-30 04:00:00,4823.6987
2011-04-30 05:00:00,4814.7295
2011-04-30 06:00:00,4880.7764
2011-04-30 07:00:00,4832.4727
2011-04-30 08:00:00,4837.4155
2011-04-30 09:00:00,4753.8594
2011-04-30 10:00:00,4637.328
2011-04-30 11:00:00,4594.947
2011-04-30 12:00:00,4564.9326
2011-04-30 13:00:00,4518.6753
2011-04-30 14:00:00,4522.5522
2011-04-30 15:00:00,4485.1875
2011-04-30 16:00:00,4456.471
2011-04-30 17:00:00,4532.7705
2011-04-30 18:00:00,4553.6797
2011-04-30 19:00:00,4550.512
2011-04-30 20:00:00,4837.383
2011-04-30 21:00:00,4834.2134
2011-04-30 22:00:00,4878.338
2011-04-30 23:00:00,4875.169
2011-05-20 00:00:00,5104.87
2011-05-20 01:00:00,5139.655
2011-05-20 02:00:00,5150.9844
2011-05-20 03:00:00,5155.876
2011-05-20 04:00:00,5115.772
2011-05-20 05:00:00,5111.8516
2011-05-20 06:00:00,5055.6387
2011-05-20 07:00:00,4923.856
2011-05-20 08:00:00,4806.914
2011-05-20 09:00:00,4783.473
2011-05-20 10:00:00,4723.252
2011-05-20 11:00:00,4651.202
2011-05-20 12:00:00,4545.4136
2011-05-20 13:00:00,4530.476
2011-05-20 14:00:00,4509.337
2011-05-20 15:00:00,4541.3115
2011-05-20 16:00:00,4514.09
2011-05-20 17:00:00,4520.124
2011-05-20 18:00:00,4543.5693
2011-05-20 19:00:00,4680.048
2011-05-20 20:00:00,4675.53
2011-05-20 21:00:00,4696.5034
2011-05-20 22:00:00,4807.149
2011-05-20 23:00:00,4804.3345
2011-05-21 00:00:00,4941.0557
2011-05-21 01:00:00,4902.4834
2011-05-21 02:00:00,4889.8545
2011-05-21 03:00:00,5015.1978
2011-05-21 04:00:00,5073.37
2011-05-21 05:00:00,5072.661
2011-05-21 06:00:00,4980.488
2011-05-21 07:00:00,4856.0903
2011-05-21 08:00:00,4770.7354
2011-05-21 09:00:00,4660.9385
2011-05-21 10:00:00,4627.0806
2011-05-21 11:00:00,4525.788
2011-05-21 12:00:00,4493.303
2011-05-21 13:00:00,4406.6816
2011-05-21 14:00:00,4352.461
2011-05-21 15:00:00,4357.385
2011-05-21 16:00:00,4331.326
2011-05-21 17:00:00,4335.4014
2011-05-21 18:00:00,4366.089
2011-05-21 19:00:00,4405.3584
2011-05-21 20:00:00,4604.8716
2011-05-21 21:00:00,4592.2295
2011-05-21 22:00:00,4681.8516
2011-05-21 23:00:00,4805.8613
2011-05-22 00:00:00,4990.665
2011-05-22 01:00:00,5048.0806
2011-05-22 02:00:00,5047.9297
2011-05-22 03:00:00,5096.698
2011-05-22 04:00:00,5102.8477
2011-05-22 05:00:00,5091.3887
2011-05-22 06:00:00,5037.252
2011-05-22 07:00:00,4973.3096
2011-05-22 08:00:00,4765.9326
2011-05-22 09:00:00,4701.5967
2011-05-22 10:00:00,4645.31
2011-05-22 11:00:00,4466.341
2011-05-22 12:00:00,4403.2236
2011-05-22 13:00:00,4496.449
2011-05-22 14:00:00,4659.529
2011-05-22 15:00:00,4557.9453
2011-05-22 16:00:00,4542.4106
2011-05-22 17:00:00,4477.604
2011-05-22 18:00:00,4552.101
2011-05-22 19:00:00,4551.6377
2011-05-22 20:00:00,4610.92
2011-05-22 21:00:00,4700.548
2011-05-22 22:00:00,4820.463
2011-05-22 23:00:00,4832.6846
2011-05-23 00:00:00,4946.664
2011-05-23 01:00:00,4953.953
2011-05-23 02:00:00,4930.249
2011-05-23 03:00:00,4988.731
2011-05-23 04:00:00,5005.3164
2011-05-23 05:00:00,5002.632
2011-05-23 06:00:00,5032.2827
2011-05-23 07:00:00,4967.753
2011-05-23 08:00:00,4888.415
2011-05-23 09:00:00,4883.3994
2011-05-23 10:00:00,4673.07
2011-05-23 11:00:00,4593.0605
2011-05-23 12:00:00,4589.893
2011-05-23 13:00:00,4404.5723
2011-05-23 14:00:00,4442.374
2011-05-23 15:00:00,4445.948
2011-05-23 16:00:00,4456.2803
2011-05-23 17:00:00,4507.296
2011-05-23 18:00:00,4591.4546
2011-05-23 19:00:00,4593.6865
2011-05-23 20:00:00,4768.456
2011-05-23 21:00:00,4806.186
2011-05-23 22:00:00,4869.424
2011-05-23 23:00:00,4810.8184
2011-05-24 00:00:00,4961.882
2011-05-24 01:00:00,4961.4883
2011-05-24 02:00:00,4956.315
2011-05-24 03:00:00,4956.235
2011-05-24 04:00:00,4906.477
2011-05-24 05:00:00,4939.1406
2011-05-24 06:00:00,4941.1016
2011-05-24 07:00:00,4743.0576
2011-05-24 08:00:00,4802.6143
2011-05-24 09:00:00,4691.7905
2011-05-24 10:00:00,4506.198
2011-05-24 11:00:00,4384.4316
2011-05-24 12:00:00,4318.3057
2011-05-24 13:00:00,4299.433
2011-05-24 14:00:00,4297.376
2011-05-24 15:00:00,4362.408
2011-05-24 16:00:00,4618.9175
2011-05-24 17:00:00,4504.2896
2011-05-24 18:00:00,4573.2793
2011-05-24 19:00:00,4654.008
2011-05-24 20:00:00,4660.289
2011-05-24 21:00:00,4726.291
2011-05-24 22:00:00,4803.5576
2011-05-24 23:00:00,4625.9053
2011-05-25 00:00:00,4850.509
2011-05-25 01:00:00,4873.0884
2011-05-25 02:00:00,4988.916
2011-05-25 03:00:00,5036.7573
2011-05-25 04:00:00,5036.611
2011-05-25 05:00:00,4942.7837
2011-05-25 06:00:00,4979.952
2011-05-25 07:00:00,4736.733
2011-05-25 08:00:00,4665.638
2011-05-25 09:00:00,4590.7324
2011-05-25 10:00:00,4527.8145
2011-05-25 11:00:00,4396.5996
2011-05-25 12:00:00,4415.716
2011-05-25 13:00:00,4412.546
2011-05-25 14:00:00,4406.6704
2011-05-25 15:00:00,4344.499
2011-05-25 16:00:00,4363.17
2011-05-25 17:00:00,4365.425
2011-05-25 18:00:00,4439.422
2011-05-25 19:00:00,4495.2544
2011-05-25 20:00:00,4489.38
2011-05-25 21:00:00,4608.4775
2011-05-25 22:00:00,4594.5054
2011-05-25 23:00:00,4661.8965
2011-05-26 00:00:00,4734.77
2011-05-26 01:00:00,4731.6025
2011-05-26 02:00:00,4845.386
2011-05-26 03:00:00,4910.5015
2011-05-26 04:00:00,4913.3804
2011-05-26 05:00:00,4896.077
2011-05-26 06:00:00,4992.5444
2011-05-26 07:00:00,4904.253
2011-05-26 08:00:00,4767.5215
2011-05-26 09:00:00,4571.0156
2011-05-26 10:00:00,4616.8
2011-05-26 11:00:00,4499.466
2011-05-26 12:00:00,4366.872
2011-05-26 13:00:00,4262.4956
2011-05-26 14:00:00,4260.2334
2011-05-26 15:00:00,4237.3403
2011-05-26 16:00:00,4265.249
2011-05-26 17:00:00,4264.646
2011-05-26 18:00:00,4262.709
2011-05-26 19:00:00,4286.0156
2011-05-26 20:00:00,4438.4927
2011-05-26 21:00:00,4468.417
2011-05-26 22:00:00,4521.422
2011-05-26 23:00:00,4512.85
2011-05-27 00:00:00,4640.0684
2011-05-27 01:00:00,4510.6577
2011-05-27 02:00:00,4565.076
2011-05-27 03:00:00,4633.8813
2011-05-27 04:00:00,4686.419
2011-05-27 05:00:00,4634.0635
2011-05-27 06:00:00,4684.1313
2011-05-27 07:00:00,4709.8857
2011-05-27 08:00:00,4680.7524
2011-05-27 09:00:00,4549.0933
2011-05-27 10:00:00,4414.237
2011-05-27 11:00:00,4392.249
2011-05-27 12:00:00,4367.647
2011-05-27 13:00:00,4433.8906
2011-05-27 14:00:00,4374.4307
2011-05-27 15:00:00,4298.5596
2011-05-27 16:00:00,4346.854
2011-05-27 17:00:00,4403.6597
2011-05-27 18:00:00,4449.9463
2011-05-27 19:00:00,4738.4604
2011-05-27 20:00:00,4678.3706
2011-05-27 21:00:00,4811.501
2011-05-27 22:00:00,4757.8877
2011-05-27 23:00:00,4861.392
2011-05-28 00:00:00,4945.226
2011-05-28 01:00:00,4938.2446
2011-05-28 02:00:00,4997.507
2011-05-28 03:00:00,4953.921
2011-05-28 04:00:00,4948.929
2011-05-28 05:00:00,4947.84
2011-05-28 06:00:00,4884.754
2011-05-28 07:00:00,4858.09
2011-05-28 08:00:00,4786.339
2011-05-28 09:00:00,4709.026
2011-05-28 10:00:00,4564.9
2011-05-28 11:00:00,4561.736
2011-05-28 12:00:00,4469.304
2011-05-28 13:00:00,4495.1675
2011-05-28 14:00:00,4441.5913
2011-05-28 15:00:00,4411.673
2011-05-28 16:00:00,4378.961
2011-05-28 17:00:00,4398.5845
2011-05-28 18:00:00,4476.636
2011-05-28 19:00:00,4539.0977
2011-05-28 20:00:00,4533.2246
2011-05-28 21:00:00,4651.7925
2011-05-28 22:00:00,4700.3833
2011-05-28 23:00:00,4775.287
2011-05-29 00:00:00,4842.914
2011-05-29 01:00:00,4901.9106
2011-05-29 02:00:00,4902.813
2011-05-29 03:00:00,4899.7744
2011-05-29 04:00:00,4921.3823
2011-05-29 05:00:00,4971.9253
2011-05-29 06:00:00,4876.4116
2011-05-29 07:00:00,4869.4346
2011-05-29 08:00:00,4868.3604
2011-05-29 09:00:00,4912.207
2011-05-29 10:00:00,4771.6357
2011-05-29 11:00:00,4764.763
2011-05-29 12:00:00,4620.3765
2011-05-29 13:00:00,4561.1167
2011-05-29 14:00:00,4533.8115
2011-05-29 15:00:00,4529.2935
2011-05-29 16:00:00,4527.4746
2011-05-29 17:00:00,4524.308
2011-05-29 18:00:00,4571.5547
2011-05-29 19:00:00,4571.093
2011-05-29 20:00:00,4651.3955
2011-05-29 21:00:00,4717.907
2011-05-29 22:00:00,4799.3057
2011-05-29 23:00:00,4794.2886
2011-05-30 00:00:00,4929.761
2011-05-30 01:00:00,4930.597
2011-05-30 02:00:00,4923.6904
2011-05-30 03:00:00,4920.653
2011-05-30 04:00:00,4943.2637
2011-05-30 05:00:00,4935.7314
2011-05-30 06:00:00,4909.998
2011-05-30 07:00:00,4912.8804
2011-05-30 08:00:00,4836.757
2011-05-30 09:00:00,4618.489
2011-05-30 10:00:00,4334.5957
2011-05-30 11:00:00,4303.605
2011-05-30 12:00:00,4219.207
2011-05-30 13:00:00,4209.6685
2011-05-30 14:00:00,4190.8096
2011-05-30 15:00:00,4196.065
2011-05-30 16:00:00,4201.3584
2011-05-30 17:00:00,4207.0938
2011-05-30 18:00:00,4203.4907
2011-05-30 19:00:00,4613.744
2011-05-30 20:00:00,4410.277
2011-05-30 21:00:00,4526.008
2011-05-30 22:00:00,4570.55
2011-05-30 23:00:00,4690.951
2011-05-31 00:00:00,4710.9194
2011-05-31 01:00:00,4810.4
2011-05-31 02:00:00,4871.3438
2011-05-31 03:00:00,4909.9355
2011-05-31 04:00:00,4792.947
2011-05-31 05:00:00,4789.9146
2011-05-31 06:00:00,4725.38
2011-05-31 07:00:00,4522.9453
2011-05-31 08:00:00,4397.1143
2011-05-31 09:00:00,4334.1445
2011-05-31 10:00:00,4306.421
2011-05-31 11:00:00,4207.4917
2011-05-31 12:00:00,4207.8394
2011-05-31 13:00:00,4164.768
2011-05-31 14:00:00,4164.5894
2011-05-31 15:00:00,4167.3047
2011-05-31 16:00:00,4158.176
2011-05-31 17:00:00,4230.294
2011-05-31 18:00:00,4227.4795
2011-05-31 19:00:00,4391.7275
2011-05-31 20:00:00,4388.5615
2011-05-31 21:00:00,4445.135
2011-05-31 22:00:00,4505.6953
2011-05-31 23:00:00,4604.294
2011-06-20 00:00:00,4800.159
2011-06-20 01:00:00,4875.902
2011-06-20 02:00:00,4872.8623
2011-06-20 03:00:00,4859.0977
2011-06-20 04:00:00,4862.175
2011-06-20 05:00:00,4817.5327
2011-06-20 06:00:00,4790.478
2011-06-20 07:00:00,4913.1094
2011-06-20 08:00:00,4875.5796
2011-06-20 09:00:00,4779.21
2011-06-20 10:00:00,4776.0366
2011-06-20 11:00:00,4786.4375
2011-06-20 12:00:00,4669.4536
2011-06-20 13:00:00,4624.927
2011-06-20 14:00:00,4562.0083
2011-06-20 15:00:00,4556.1416
2011-06-20 16:00:00,4475.299
2011-06-20 17:00:00,4451.3467
2011-06-20 18:00:00,4487.613
2011-06-20 19:00:00,4571.03
2011-06-20 20:00:00,4603.538
2011-06-20 21:00:00,4665.5283
2011-06-20 22:00:00,4647.8955
2011-06-20 23:00:00,4719.829
2011-06-21 00:00:00,4803.766
2011-06-21 01:00:00,4782.3945
2011-06-21 02:00:00,4827.51
2011-06-21 03:00:00,4824.4805
2011-06-21 04:00:00,4900.964
2011-06-21 05:00:00,4895.959
2011-06-21 06:00:00,4892.921
2011-06-21 07:00:00,4957.2534
2011-06-21 08:00:00,4865.1504
2011-06-21 09:00:00,4852.2646
2011-06-21 10:00:00,4795.0874
2011-06-21 11:00:00,4769.674
2011-06-21 12:00:00,4624.1377
2011-06-21 13:00:00,4501.4062
2011-06-21 14:00:00,4433.091
2011-06-21 15:00:00,4367.004
2011-06-21 16:00:00,4333.0576
2011-06-21 17:00:00,4416.3965
2011-06-21 18:00:00,4470.6084
2011-06-21 19:00:00,4529.944
2011-06-21 20:00:00,4491.375
2011-06-21 21:00:00,4559.4546
2011-06-21 22:00:00,4642.465
2011-06-21 23:00:00,4594.6943
2011-06-22 00:00:00,4762.107
2011-06-22 01:00:00,4764.4194
2011-06-22 02:00:00,4773.2993
2011-06-22 03:00:00,4758.0586
2011-06-22 04:00:00,4834.444
2011-06-22 05:00:00,4872.4824
2011-06-22 06:00:00,4795.6475
2011-06-22 07:00:00,4699.4966
2011-06-22 08:00:00,4608.74
2011-06-22 09:00:00,4644.7705
2011-06-22 10:00:00,4538.483
2011-06-22 11:00:00,4543.412
2011-06-22 12:00:00,4336.669
2011-06-22 13:00:00,4279.8276
2011-06-22 14:00:00,4257.6367
2011-06-22 15:00:00,4270.421
2011-06-22 16:00:00,4281.026
2011-06-22 17:00:00,4280.77
2011-06-22 18:00:00,4314.951
2011-06-22 19:00:00,4270.5977
2011-06-22 20:00:00,4543.951
2011-06-22 21:00:00,4582.668
2011-06-22 22:00:00,4591.8164
2011-06-22 23:00:00,4585.942
2011-06-23 00:00:00,4667.881
2011-06-23 01:00:00,4620.111
2011-06-23 02:00:00,4616.9443
2011-06-23 03:00:00,4610.1167
2011-06-23 04:00:00,4687.7744
2011-06-23 05:00:00,4612.8384
2011-06-23 06:00:00,4609.672
2011-06-23 07:00:00,4600.1475
2011-06-23 08:00:00,4541.157
2011-06-23 09:00:00,4543.3936
2011-06-23 10:00:00,4471.082
2011-06-23 11:00:00,4448.0454
2011-06-23 12:00:00,4451.2373
2011-06-23 13:00:00,4421.793
2011-06-23 14:00:00,4443.5537
2011-06-23 15:00:00,4328.0967
2011-06-23 16:00:00,4444.41
2011-06-23 17:00:00,4521.9336
2011-06-23 18:00:00,4522.43
2011-06-23 19:00:00,4524.6577
2011-06-23 20:00:00,4593.3857
2011-06-23 21:00:00,4592.928
2011-06-23 22:00:00,4577.9893
2011-06-23 23:00:00,4578.4834
2011-06-24 00:00:00,4737.6255
2011-06-24 01:00:00,4789.376
2011-06-24 02:00:00,4786.3633
2011-06-24 03:00:00,4793.917
2011-06-24 04:00:00,4795.801
2011-06-24 05:00:00,4866.5527
2011-06-24 06:00:00,4786.793
2011-06-24 07:00:00,4769.542
2011-06-24 08:00:00,4631.408
2011-06-24 09:00:00,4490.509
2011-06-24 10:00:00,4273.5234
2011-06-24 11:00:00,4276.693
2011-06-24 12:00:00,4272.4365
2011-06-24 13:00:00,4270.4336
2011-06-24 14:00:00,4289.9424
2011-06-24 15:00:00,4255.5205
2011-06-24 16:00:00,4276.816
2011-06-24 17:00:00,4301.705
2011-06-24 18:00:00,4301.067
2011-06-24 19:00:00,4312.124
2011-06-24 20:00:00,4337.2197
2011-06-24 21:00:00,4375.873
2011-06-24 22:00:00,4384.895
2011-06-24 23:00:00,4420.367
2011-06-25 00:00:00,4468.41
2011-06-25 01:00:00,4516.135
2011-06-25 02:00:00,4501.2026
2011-06-25 03:00:00,4584.2695
2011-06-25 04:00:00,4581.103
2011-06-25 05:00:00,4643.092
2011-06-25 06:00:00,4572.059
2011-06-25 07:00:00,4563.4854
2011-06-25 08:00:00,4419.809
2011-06-25 09:00:00,4375.479
2011-06-25 10:00:00,4376.6025
2011-06-25 11:00:00,4340.6177
2011-06-25 12:00:00,4338.7534
2011-06-25 13:00:00,4336.3438
2011-06-25 14:00:00,4345.6226
2011-06-25 15:00:00,4355.0264
2011-06-25 16:00:00,4314.957
2011-06-25 17:00:00,4327.0103
2011-06-25 18:00:00,4354.087
2011-06-25 19:00:00,4357.4805
2011-06-25 20:00:00,4387.1973
2011-06-25 21:00:00,4437.568
2011-06-25 22:00:00,4396.001
2011-06-25 23:00:00,4425.2246
2011-06-26 00:00:00,4575.6846
2011-06-26 01:00:00,4563.0405
2011-06-26 02:00:00,4610.288
2011-06-26 03:00:00,4693.6294
2011-06-26 04:00:00,4691.809
2011-06-26 05:00:00,4696.7617
2011-06-26 06:00:00,4693.594
2011-06-26 07:00:00,4648.9272
2011-06-26 08:00:00,4604.1045
2011-06-26 09:00:00,4533.2227
2011-06-26 10:00:00,4402.858
2011-06-26 11:00:00,4379.4263
2011-06-26 12:00:00,4337.803
2011-06-26 13:00:00,4332.3467
2011-06-26 14:00:00,4332.452
2011-06-26 15:00:00,4327.017
2011-06-26 16:00:00,4329.092
2011-06-26 17:00:00,4338.743
2011-06-26 18:00:00,4347.9663
2011-06-26 19:00:00,4362.5615
2011-06-26 20:00:00,4386.2583
2011-06-26 21:00:00,4436.5903
2011-06-26 22:00:00,4425.2207
2011-06-26 23:00:00,4440.67
2011-06-27 00:00:00,4706.009
2011-06-27 01:00:00,4794.234
2011-06-27 02:00:00,4781.948
2011-06-27 03:00:00,4778.775
2011-06-27 04:00:00,4853.555
2011-06-27 05:00:00,4826.813
2011-06-27 06:00:00,4775.613
2011-06-27 07:00:00,4698.2905
2011-06-27 08:00:00,4691.729
2011-06-27 09:00:00,4446.3604
2011-06-27 10:00:00,4431.015
2011-06-27 11:00:00,4499.827
2011-06-27 12:00:00,4436.8594
2011-06-27 13:00:00,4449.07
2011-06-27 14:00:00,4458.0635
2011-06-27 15:00:00,4412.201
2011-06-27 16:00:00,4408.6235
2011-06-27 17:00:00,4402.7544
2011-06-27 18:00:00,4385.4355
2011-06-27 19:00:00,4468.172
2011-06-27 20:00:00,4533.3306
2011-06-27 21:00:00,4539.6357
2011-06-27 22:00:00,4596.214
2011-06-27 23:00:00,4593.048
2011-06-28 00:00:00,4758.483
2011-06-28 01:00:00,4731.4746
2011-06-28 02:00:00,4719.241
2011-06-28 03:00:00,4716.073
2011-06-28 04:00:00,4721.9697
2011-06-28 05:00:00,4763.966
2011-06-28 06:00:00,4784.8228
2011-06-28 07:00:00,4747.132
2011-06-28 08:00:00,4681.428
2011-06-28 09:00:00,4564.626
2011-06-28 10:00:00,4287.15
2011-06-28 11:00:00,4253.064
2011-06-28 12:00:00,4238.4717
2011-06-28 13:00:00,4225.875
2011-06-28 14:00:00,4205.3896
2011-06-28 15:00:00,4198.3394
2011-06-28 16:00:00,4203.903
2011-06-28 17:00:00,4254.604
2011-06-28 18:00:00,4274.6543
2011-06-28 19:00:00,4384.3853
2011-06-28 20:00:00,4467.844
2011-06-28 21:00:00,4465.261
2011-06-28 22:00:00,4554.026
2011-06-28 23:00:00,4552.205
2011-06-29 00:00:00,4720.369
2011-06-29 01:00:00,4724.9155
2011-06-29 02:00:00,4793.0303
2011-06-29 03:00:00,4789.45
2011-06-29 04:00:00,4794.8174
2011-06-29 05:00:00,4818.627
2011-06-29 06:00:00,4644.0166
2011-06-29 07:00:00,4465.6016
2011-06-29 08:00:00,4403.4854
2011-06-29 09:00:00,4366.3013
2011-06-29 10:00:00,4333.226
2011-06-29 11:00:00,4312.9014
2011-06-29 12:00:00,4311.838
2011-06-29 13:00:00,4280.56
2011-06-29 14:00:00,4274.902
2011-06-29 15:00:00,4256.407
2011-06-29 16:00:00,4261.5327
2011-06-29 17:00:00,4263.1206
2011-06-29 18:00:00,4270.874
2011-06-29 19:00:00,4302.2607
2011-06-29 20:00:00,4313.5566
2011-06-29 21:00:00,4319.4277
2011-06-29 22:00:00,4341.545
2011-06-29 23:00:00,4379.1157
2011-06-30 00:00:00,4505.7246
2011-06-30 01:00:00,4546.7637
2011-06-30 02:00:00,4594.0137
2011-06-30 03:00:00,4638.972
2011-06-30 04:00:00,4726.3945
2011-06-30 05:00:00,4712.419
2011-06-30 06:00:00,4657.041
2011-06-30 07:00:00,4615.0693
2011-06-30 08:00:00,4424.086
2011-06-30 09:00:00,4372.309
2011-06-30 10:00:00,4351.0435
2011-06-30 11:00:00,4326.125
2011-06-30 12:00:00,4309.2886
2011-06-30 13:00:00,4308.7905
2011-06-30 14:00:00,4291.19
2011-06-30 15:00:00,4299.5117
2011-06-30 16:00:00,4267.9976
2011-06-30 17:00:00,4293.4355
2011-06-30 18:00:00,4302.02
2011-06-30 19:00:00,4313.612
2011-06-30 20:00:00,4311.698
2011-06-30 21:00:00,4316.575
2011-06-30 22:00:00,4341.277
2011-06-30 23:00:00,4447.7666
2011-07-20 00:00:00,4748.389
2011-07-20 01:00:00,4752.2495
2011-07-20 02:00:00,4749.218
2011-07-20 03:00:00,4739.296
2011-07-20 04:00:00,4768.977
2011-07-20 05:00:00,4759.0537
2011-07-20 06:00:00,4788.71
2011-07-20 07:00:00,4718.7686
2011-07-20 08:00:00,4594.134
2011-07-20 09:00:00,4556.507
2011-07-20 10:00:00,4527.988
2011-07-20 11:00:00,4387.348
2011-07-20 12:00:00,4332.5664
2011-07-20 13:00:00,4260.8413
2011-07-20 14:00:00,4215.67
2011-07-20 15:00:00,4208.927
2011-07-20 16:00:00,4268.991
2011-07-20 17:00:00,4265.6226
2011-07-20 18:00:00,4259.7314
2011-07-20 19:00:00,4338.716
2011-07-20 20:00:00,4425.625
2011-07-20 21:00:00,4366.33
2011-07-20 22:00:00,4426.8965
2011-07-20 23:00:00,4499.091
2011-07-21 00:00:00,4568.29
2011-07-21 01:00:00,4663.7197
2011-07-21 02:00:00,4660.7056
2011-07-21 03:00:00,4633.351
2011-07-21 04:00:00,4686.1084
2011-07-21 05:00:00,4683.08
2011-07-21 06:00:00,4680.0483
2011-07-21 07:00:00,4651.3594
2011-07-21 08:00:00,4571.92
2011-07-21 09:00:00,4458.0405
2011-07-21 10:00:00,4379.0967
2011-07-21 11:00:00,4249.5664
2011-07-21 12:00:00,4192.746
2011-07-21 13:00:00,4190.068
2011-07-21 14:00:00,4154.8604
2011-07-21 15:00:00,4148.2764
2011-07-21 16:00:00,4118.465
2011-07-21 17:00:00,4123.828
2011-07-21 18:00:00,4144.415
2011-07-21 19:00:00,4251.553
2011-07-21 20:00:00,4322.998
2011-07-21 21:00:00,4370.258
2011-07-21 22:00:00,4355.554
2011-07-21 23:00:00,4395.191
2011-07-22 00:00:00,4375.3364
2011-07-22 01:00:00,4427.1406
2011-07-22 02:00:00,4559.892
2011-07-22 03:00:00,4533.083
2011-07-22 04:00:00,4572.7812
2011-07-22 05:00:00,4638.8203
2011-07-22 06:00:00,4567.794
2011-07-22 07:00:00,4407.0195
2011-07-22 08:00:00,4314.083
2011-07-22 09:00:00,4283.933
2011-07-22 10:00:00,4158.5225
2011-07-22 11:00:00,4159.231
2011-07-22 12:00:00,4100.7534
2011-07-22 13:00:00,4090.422
2011-07-22 14:00:00,4072.8704
2011-07-22 15:00:00,4088.0374
2011-07-22 16:00:00,4160.644
2011-07-22 17:00:00,4162.9185
2011-07-22 18:00:00,4165.7876
2011-07-22 19:00:00,4190.43
2011-07-22 20:00:00,4256.306
2011-07-22 21:00:00,4295.912
2011-07-22 22:00:00,4207.42
2011-07-22 23:00:00,4339.867
2011-07-23 00:00:00,4366.7314
2011-07-23 01:00:00,4327.8125
2011-07-23 02:00:00,4334.128
2011-07-23 03:00:00,4486.477
2011-07-23 04:00:00,4515.4297
2011-07-23 05:00:00,4483.2827
2011-07-23 06:00:00,4342.7397
2011-07-23 07:00:00,4342.275
2011-07-23 08:00:00,4259.247
2011-07-23 09:00:00,4255.781
2011-07-23 10:00:00,4223.5728
2011-07-23 11:00:00,4189.3613
2011-07-23 12:00:00,4157.022
2011-07-23 13:00:00,4140.1816
2011-07-23 14:00:00,4137.1763
2011-07-23 15:00:00,4131.7593
2011-07-23 16:00:00,4133.592
2011-07-23 17:00:00,4131.678
2011-07-23 18:00:00,4142.18
2011-07-23 19:00:00,4302.707
2011-07-23 20:00:00,4300.466
2011-07-23 21:00:00,4297.2944
2011-07-23 22:00:00,4330.3286
2011-07-23 23:00:00,4335.2803
2011-07-24 00:00:00,4408.1357
2011-07-24 01:00:00,4491.4614
2011-07-24 02:00:00,4429.426
2011-07-24 03:00:00,4426.2593
2011-07-24 04:00:00,4481.96
2011-07-24 05:00:00,4480.141
2011-07-24 06:00:00,4407.6943
2011-07-24 07:00:00,4383.267
2011-07-24 08:00:00,4315.673
2011-07-24 09:00:00,4302.588
2011-07-24 10:00:00,4233.167
2011-07-24 11:00:00,4259.1094
2011-07-24 12:00:00,4166.7847
2011-07-24 13:00:00,4221.3545
2011-07-24 14:00:00,4223.2476
2011-07-24 15:00:00,4170.3184
2011-07-24 16:00:00,4168.4014
2011-07-24 17:00:00,4168.9683
2011-07-24 18:00:00,4184.153
2011-07-24 19:00:00,4205.4883
2011-07-24 20:00:00,4230.09
2011-07-24 21:00:00,4365.1963
2011-07-24 22:00:00,4434.43
2011-07-24 23:00:00,4483.2065
2011-07-25 00:00:00,4550.6006
2011-07-25 01:00:00,4574.571
2011-07-25 02:00:00,4640.618
2011-07-25 03:00:00,4654.8076
2011-07-25 04:00:00,4695.494
2011-07-25 05:00:00,4692.4644
2011-07-25 06:00:00,4681.028
2011-07-25 07:00:00,4633.0654
2011-07-25 08:00:00,4560.5127
2011-07-25 09:00:00,4419.2227
2011-07-25 10:00:00,4338.9033
2011-07-25 11:00:00,4275.587
2011-07-25 12:00:00,4272.417
2011-07-25 13:00:00,4557.061
2011-07-25 14:00:00,4617.162
2011-07-25 15:00:00,4683.842
2011-07-25 16:00:00,4692.1216
2011-07-25 17:00:00,4589.6973
2011-07-25 18:00:00,4554.3335
2011-07-25 19:00:00,4524.831
2011-07-25 20:00:00,4568.0254
2011-07-25 21:00:00,4691.6436
2011-07-25 22:00:00,4688.615
2011-07-25 23:00:00,4679.674
2011-07-26 00:00:00,4712.417
2011-07-26 01:00:00,4709.237
2011-07-26 02:00:00,4809.1904
2011-07-26 03:00:00,4804.1777
2011-07-26 04:00:00,4792.4766
2011-07-26 05:00:00,4842.887
2011-07-26 06:00:00,4748.2363
2011-07-26 07:00:00,4533.745
2011-07-26 08:00:00,4425.848
2011-07-26 09:00:00,4309.1865
2011-07-26 10:00:00,4283.392
2011-07-26 11:00:00,4259.478
2011-07-26 12:00:00,4239.439
2011-07-26 13:00:00,4246.912
2011-07-26 14:00:00,4229.161
2011-07-26 15:00:00,4211.3003
2011-07-26 16:00:00,4217.4893
2011-07-26 17:00:00,4217.6836
2011-07-26 18:00:00,4232.074
2011-07-26 19:00:00,4236.79
2011-07-26 20:00:00,4260.714
2011-07-26 21:00:00,4287.12
2011-07-26 22:00:00,4362.7803
2011-07-26 23:00:00,4379.7354
2011-07-27 00:00:00,4369.8604
2011-07-27 01:00:00,4346.2188
2011-07-27 02:00:00,4384.5044
2011-07-27 03:00:00,4495.211
2011-07-27 04:00:00,4426.9224
2011-07-27 05:00:00,4466.533
2011-07-27 06:00:00,4468.769
2011-07-27 07:00:00,4385.175
2011-07-27 08:00:00,4337.6436
2011-07-27 09:00:00,4317.5796
2011-07-27 10:00:00,4292.755
2011-07-27 11:00:00,4275.1987
2011-07-27 12:00:00,4265.286
2011-07-27 13:00:00,4249.1245
2011-07-27 14:00:00,4243.748
2011-07-27 15:00:00,4223.226
2011-07-27 16:00:00,4222.253
2011-07-27 17:00:00,4240.963
2011-07-27 18:00:00,4247.827
2011-07-27 19:00:00,4263.006
2011-07-27 20:00:00,4301.1826
2011-07-27 21:00:00,4339.6367
2011-07-27 22:00:00,4360.7593
2011-07-27 23:00:00,4310.756
2011-07-28 00:00:00,4469.1377
2011-07-28 01:00:00,4454.012
2011-07-28 02:00:00,4468.12
2011-07-28 03:00:00,4474.4287
2011-07-28 04:00:00,4548.3423
2011-07-28 05:00:00,4580.8486
2011-07-28 06:00:00,4623.6206
2011-07-28 07:00:00,4580.225
2011-07-28 08:00:00,4517.245
2011-07-28 09:00:00,4391.4126
2011-07-28 10:00:00,4320.3125
2011-07-28 11:00:00,4258.442
2011-07-28 12:00:00,4245.8
2011-07-28 13:00:00,4210.808
2011-07-28 14:00:00,4227.8457
2011-07-28 15:00:00,4209.196
2011-07-28 16:00:00,4202.094
2011-07-28 17:00:00,4233.28
2011-07-28 18:00:00,4241.695
2011-07-28 19:00:00,4292.7734
2011-07-28 20:00:00,4349.3755
2011-07-28 21:00:00,4398.3203
2011-07-28 22:00:00,4467.002
2011-07-28 23:00:00,4504.492
2011-07-29 00:00:00,4649.2188
2011-07-29 01:00:00,4648.784
2011-07-29 02:00:00,4657.9497
2011-07-29 03:00:00,4654.8076
2011-07-29 04:00:00,4692.55
2011-07-29 05:00:00,4698.377
2011-07-29 06:00:00,4686.9395
2011-07-29 07:00:00,4624.7397
2011-07-29 08:00:00,4559.62
2011-07-29 09:00:00,4220.1724
2011-07-29 10:00:00,4171.4346
2011-07-29 11:00:00,4148.392
2011-07-29 12:00:00,4132.4556
2011-07-29 13:00:00,4142.3013
2011-07-29 14:00:00,4124.389
2011-07-29 15:00:00,4123.3867
2011-07-29 16:00:00,4126.6084
2011-07-29 17:00:00,4120.7925
2011-07-29 18:00:00,4142.501
2011-07-29 19:00:00,4152.488
2011-07-29 20:00:00,4198.0327
2011-07-29 21:00:00,4231.168
2011-07-29 22:00:00,4259.4927
2011-07-29 23:00:00,4311.4756
2011-07-30 00:00:00,4440.6274
2011-07-30 01:00:00,4446.917
2011-07-30 02:00:00,4442.4004
2011-07-30 03:00:00,4520.383
2011-07-30 04:00:00,4567.63
2011-07-30 05:00:00,4589.3335
2011-07-30 06:00:00,4584.8174
2011-07-30 07:00:00,4497.8184
2011-07-30 08:00:00,4405.4517
2011-07-30 09:00:00,4272.168
2011-07-30 10:00:00,4264.141
2011-07-30 11:00:00,4250.161
2011-07-30 12:00:00,4254.367
2011-07-30 13:00:00,4212.877
2011-07-30 14:00:00,4187.289
2011-07-30 15:00:00,4186.865
2011-07-30 16:00:00,4189.3794
2011-07-30 17:00:00,4184.894
2011-07-30 18:00:00,4208.438
2011-07-30 19:00:00,4323.779
2011-07-30 20:00:00,4239.176
2011-07-30 21:00:00,4271.5034
2011-07-30 22:00:00,4328.2246
2011-07-30 23:00:00,4377.243
2011-07-31 00:00:00,4450.085
2011-07-31 01:00:00,4533.477
2011-07-31 02:00:00,4556.5825
2011-07-31 03:00:00,4561.5396
2011-07-31 04:00:00,4618.1816
2011-07-31 05:00:00,4606.0947
2011-07-31 06:00:00,4587.7075
2011-07-31 07:00:00,4474.7505
2011-07-31 08:00:00,4412.5825
2011-07-31 09:00:00,4318.674
2011-07-31 10:00:00,4251.2324
2011-07-31 11:00:00,4239.9307
2011-07-31 12:00:00,4200.6436
2011-07-31 13:00:00,4194.952
2011-07-31 14:00:00,4194.0347
2011-07-31 15:00:00,4185.5654
2011-07-31 16:00:00,4182.125
2011-07-31 17:00:00,4172.887
2011-07-31 18:00:00,4209.92
2011-07-31 19:00:00,4300.9043
2011-07-31 20:00:00,4297.6313
2011-07-31 21:00:00,4357.5054
2011-07-31 22:00:00,4509.9917
2011-07-31 23:00:00,4477.9053
2011-08-20 00:00:00,4942.2866
2011-08-20 01:00:00,4872.11
2011-08-20 02:00:00,4825.661
2011-08-20 03:00:00,4822.5693
2011-08-20 04:00:00,4921.793
2011-08-20 05:00:00,4883.694
2011-08-20 06:00:00,4863.408
2011-08-20 07:00:00,4853.9214
2011-08-20 08:00:00,4678.2803
2011-08-20 09:00:00,4591.226
2011-08-20 10:00:00,4518.3594
2011-08-20 11:00:00,4498.3315
2011-08-20 12:00:00,4458.915
2011-08-20 13:00:00,4404.863
2011-08-20 14:00:00,4288.128
2011-08-20 15:00:00,4271.297
2011-08-20 16:00:00,4280.3247
2011-08-20 17:00:00,4281.2324
2011-08-20 18:00:00,4395.6294
2011-08-20 19:00:00,4467.006
2011-08-20 20:00:00,4461.131
2011-08-20 21:00:00,4544.045
2011-08-20 22:00:00,4594.2715
2011-08-20 23:00:00,4605.5703
2011-08-21 00:00:00,4673.0366
2011-08-21 01:00:00,4745.255
2011-08-21 02:00:00,4744.8164
2011-08-21 03:00:00,4803.964
2011-08-21 04:00:00,4768.2563
2011-08-21 05:00:00,4842.9917
2011-08-21 06:00:00,4840.934
2011-08-21 07:00:00,4754.4424
2011-08-21 08:00:00,4689.583
2011-08-21 09:00:00,4608.341
2011-08-21 10:00:00,4578.3994
2011-08-21 11:00:00,4383.35
2011-08-21 12:00:00,4320.4204
2011-08-21 13:00:00,4338.5713
2011-08-21 14:00:00,4637.5967
2011-08-21 15:00:00,4705.364
2011-08-21 16:00:00,4636.16
2011-08-21 17:00:00,4635.7
2011-08-21 18:00:00,4621.7266
2011-08-21 19:00:00,4547.686
2011-08-21 20:00:00,4648.863
2011-08-21 21:00:00,4645.696
2011-08-21 22:00:00,4638.866
2011-08-21 23:00:00,4602.8623
2011-08-22 00:00:00,4740.4077
2011-08-22 01:00:00,4744.059
2011-08-22 02:00:00,4581.29
2011-08-22 03:00:00,4566.36
2011-08-22 04:00:00,4599.9907
2011-08-22 05:00:00,4606.1084
2011-08-22 06:00:00,4572.664
2011-08-22 07:00:00,4566.79
2011-08-22 08:00:00,4563.6216
2011-08-22 09:00:00,4480.6455
2011-08-22 10:00:00,4397.1006
2011-08-22 11:00:00,4342.9536
2011-08-22 12:00:00,4332.0435
2011-08-22 13:00:00,4335.827
2011-08-22 14:00:00,4330.566
2011-08-22 15:00:00,4324.996
2011-08-22 16:00:00,4326.568
2011-08-22 17:00:00,4325.16
2011-08-22 18:00:00,4331.4727
2011-08-22 19:00:00,4343.658
2011-08-22 20:00:00,4364.916
2011-08-22 21:00:00,4371.82
2011-08-22 22:00:00,4371.5063
2011-08-22 23:00:00,4390.109
2011-08-23 00:00:00,4484.8306
2011-08-23 01:00:00,4596.715
2011-08-23 02:00:00,4644.444
2011-08-23 03:00:00,4633.164
2011-08-23 04:00:00,4700.5605
2011-08-23 05:00:00,4694.6963
2011-08-23 06:00:00,4727.2
2011-08-23 07:00:00,4516.163
2011-08-23 08:00:00,4515.6914
2011-08-23 09:00:00,4429.542
2011-08-23 10:00:00,4350.479
2011-08-23 11:00:00,4352.8057
2011-08-23 12:00:00,4352.889
2011-08-23 13:00:00,4333.8643
2011-08-23 14:00:00,4331.532
2011-08-23 15:00:00,4332.301
2011-08-23 16:00:00,4328.4053
2011-08-23 17:00:00,4328.4746
2011-08-23 18:00:00,4325.712
2011-08-23 19:00:00,4440.1357
2011-08-23 20:00:00,4475.7637
2011-08-23 21:00:00,4545.9956
2011-08-23 22:00:00,4530.6543
2011-08-23 23:00:00,4572.49
2011-08-24 00:00:00,4600.351
2011-08-24 01:00:00,4650.715
2011-08-24 02:00:00,4768.408
2011-08-24 03:00:00,4765.2393
2011-08-24 04:00:00,4833.507
2011-08-24 05:00:00,4830.3364
2011-08-24 06:00:00,4836.6313
2011-08-24 07:00:00,4668.728
2011-08-24 08:00:00,4691.3623
2011-08-24 09:00:00,4662.6436
2011-08-24 10:00:00,4486.366
2011-08-24 11:00:00,4422.046
2011-08-24 12:00:00,4401.0127
2011-08-24 13:00:00,4330.5703
2011-08-24 14:00:00,4328.2075
2011-08-24 15:00:00,4326.151
2011-08-24 16:00:00,4330.4004
2011-08-24 17:00:00,4330.75
2011-08-24 18:00:00,4384.7144
2011-08-24 19:00:00,4381.546
2011-08-24 20:00:00,4429.21
2011-08-24 21:00:00,4471.531
2011-08-24 22:00:00,4504.035
2011-08-24 23:00:00,4566.0156
2011-08-25 00:00:00,4683.4844
2011-08-25 01:00:00,4627.615
2011-08-25 02:00:00,4624.4463
2011-08-25 03:00:00,4695.416
2011-08-25 04:00:00,4731.8604
2011-08-25 05:00:00,4770.807
2011-08-25 06:00:00,4774.288
2011-08-25 07:00:00,4694.1353
2011-08-25 08:00:00,4615.5967
2011-08-25 09:00:00,4552.674
2011-08-25 10:00:00,4489.694
2011-08-25 11:00:00,4668.8774
2011-08-25 12:00:00,4665.691
2011-08-25 13:00:00,4671.0317
2011-08-25 14:00:00,4590.1387
2011-08-25 15:00:00,4536.556
2011-08-25 16:00:00,4665.045
2011-08-25 17:00:00,4662.0127
2011-08-25 18:00:00,4641.7812
2011-08-25 19:00:00,4680.67
2011-08-25 20:00:00,4708.01
2011-08-25 21:00:00,4711.586
2011-08-25 22:00:00,4794.508
2011-08-25 23:00:00,4785.57
2011-08-26 00:00:00,4852.3374
2011-08-26 01:00:00,4858.159
2011-08-26 02:00:00,4889.755
2011-08-26 03:00:00,4912.345
2011-08-26 04:00:00,4892.548
2011-08-26 05:00:00,4881.171
2011-08-26 06:00:00,4886.4736
2011-08-26 07:00:00,4825.3467
2011-08-26 08:00:00,4782.6953
2011-08-26 09:00:00,4648.5137
2011-08-26 10:00:00,4517.667
2011-08-26 11:00:00,4453.8164
2011-08-26 12:00:00,4467.448
2011-08-26 13:00:00,4377.7915
2011-08-26 14:00:00,4359.703
2011-08-26 15:00:00,4329.872
2011-08-26 16:00:00,4404.1064
2011-08-26 17:00:00,4542.646
2011-08-26 18:00:00,4541.2227
2011-08-26 19:00:00,4618.491
2011-08-26 20:00:00,4616.676
2011-08-26 21:00:00,4606.7446
2011-08-26 22:00:00,4608.984
2011-08-26 23:00:00,4679.6743
2011-08-27 00:00:00,4762.3394
2011-08-27 01:00:00,4755.377
2011-08-27 02:00:00,4750.385
2011-08-27 03:00:00,4737.0127
2011-08-27 04:00:00,4733.989
2011-08-27 05:00:00,4726.254
2011-08-27 06:00:00,4723.2363
2011-08-27 07:00:00,4716.087
2011-08-27 08:00:00,4720.0244
2011-08-27 09:00:00,4704.7075
2011-08-27 10:00:00,4652.5874
2011-08-27 11:00:00,4800.316
2011-08-27 12:00:00,4737.138
2011-08-27 13:00:00,4743.5596
2011-08-27 14:00:00,4804.206
2011-08-27 15:00:00,4801.236
2011-08-27 16:00:00,4800.7847
2011-08-27 17:00:00,4770.5713
2011-08-28 07:00:00,4813.42
2011-08-28 08:00:00,4805.023
2011-08-28 09:00:00,4681.887
2011-08-28 10:00:00,4497.0166
2011-08-28 11:00:00,4487.3237
2011-08-28 12:00:00,4382.6367
2011-08-28 13:00:00,4329.897
2011-08-28 14:00:00,4302.0547
2011-08-28 15:00:00,4299.1025
2011-08-28 16:00:00,4278.666
2011-08-28 17:00:00,4305.3193
2011-08-28 18:00:00,4324.669
2011-08-28 19:00:00,4374.3535
2011-08-28 20:00:00,4353.1357
2011-08-28 21:00:00,4553.5825
2011-08-28 22:00:00,4648.537
2011-08-28 23:00:00,4705.183
2011-08-29 00:00:00,4764.481
2011-08-29 01:00:00,4740.3813
2011-08-29 02:00:00,4729.114
2011-08-29 03:00:00,4734.0454
2011-08-29 04:00:00,4786.213
2011-08-29 05:00:00,4827.6406
2011-08-29 06:00:00,4824.4727
2011-08-29 07:00:00,4620.8945
2011-08-29 08:00:00,4564.1914
2011-08-29 09:00:00,4525.352
2011-08-29 10:00:00,4441.8887
2011-08-29 11:00:00,4444.1313
2011-08-29 12:00:00,4380.1895
2011-08-29 13:00:00,4342.302
2011-08-29 14:00:00,4365.846
2011-08-29 15:00:00,4357.4575
2011-08-29 16:00:00,4336.677
2011-08-29 17:00:00,4371.1904
2011-08-29 18:00:00,4413.821
2011-08-29 19:00:00,4410.6377
2011-08-29 20:00:00,4483.8687
2011-08-29 21:00:00,4478.001
2011-08-29 22:00:00,4530.6543
2011-08-29 23:00:00,4582.3667
2011-08-30 00:00:00,4843.482
2011-08-30 01:00:00,4798.4185
2011-08-30 02:00:00,4863.924
2011-08-30 03:00:00,4852.6562
2011-08-30 04:00:00,4912.085
2011-08-30 05:00:00,4915.858
2011-08-30 06:00:00,4851.25
2011-08-30 07:00:00,4776.708
2011-08-30 08:00:00,4575.004
2011-08-30 09:00:00,4471.809
2011-08-30 10:00:00,4358.9355
2011-08-30 11:00:00,4338.4287
2011-08-30 12:00:00,4330.775
2011-08-30 13:00:00,4321.973
2011-08-30 14:00:00,4322.329
2011-08-30 15:00:00,4321.548
2011-08-30 16:00:00,4317.377
2011-08-30 17:00:00,4334.6157
2011-08-30 18:00:00,4364.4272
2011-08-30 19:00:00,4452.305
2011-08-30 20:00:00,4457.2676
2011-08-30 21:00:00,4603.803
2011-08-30 22:00:00,4587.8315
2011-08-30 23:00:00,4584.663
2011-08-31 00:00:00,4753.013
2011-08-31 01:00:00,4749.8438
2011-08-31 02:00:00,4849.3066
2011-08-31 03:00:00,4888.909
2011-08-31 04:00:00,4842.967
2011-08-31 05:00:00,4934.8457
2011-08-31 06:00:00,4896.3623
2011-08-31 07:00:00,4820.2485
2011-08-31 08:00:00,4703.529
2011-08-31 09:00:00,4677.4985
2011-08-31 10:00:00,4395.9946
2011-08-31 11:00:00,4347.8145
2011-08-31 12:00:00,4330.419
2011-08-31 13:00:00,4321.4175
2011-08-31 14:00:00,4321.2393
2011-08-31 15:00:00,4318.743
2011-08-31 16:00:00,4317.756
2011-08-31 17:00:00,4346.33
2011-08-31 18:00:00,4404.01
2011-08-31 19:00:00,4222.3525
2011-08-31 20:00:00,4507.504
2011-08-31 21:00:00,4544.055
2011-08-31 22:00:00,4644.429
2011-08-31 23:00:00,4760.3
2011-09-20 00:00:00,4831.7144
2011-09-20 01:00:00,4968.1963
2011-09-20 02:00:00,4965.1426
2011-09-20 03:00:00,4923.6646
2011-09-20 04:00:00,4965.4385
2011-09-20 05:00:00,4954.045
2011-09-20 06:00:00,4951.006
2011-09-20 07:00:00,4949.932
2011-09-20 08:00:00,4970.3364
2011-09-20 09:00:00,4970.2314
2011-09-20 10:00:00,4908.8057
2011-09-20 11:00:00,4905.767
2011-09-20 12:00:00,4951.534
2011-09-20 13:00:00,4950.3735
2011-09-20 14:00:00,4879.309
2011-09-20 15:00:00,4752.504
2011-09-20 16:00:00,4817.1855
2011-09-20 17:00:00,4826.479
2011-09-20 18:00:00,4823.447
2011-09-20 19:00:00,4885.257
2011-09-20 20:00:00,4946.067
2011-09-20 21:00:00,4943.0195
2011-09-20 22:00:00,4939.978
2011-09-20 23:00:00,4936.9316
2011-09-21 00:00:00,5058.4243
2011-09-21 01:00:00,5023.9443
2011-09-21 02:00:00,5021.233
2011-09-21 03:00:00,5004.495
2011-09-21 04:00:00,5028.57
2011-09-21 05:00:00,5023.3994
2011-09-21 06:00:00,5018.238
2011-09-21 07:00:00,5015.583
2011-09-21 08:00:00,5020.461
2011-09-21 09:00:00,4997.5366
2011-09-21 10:00:00,4889.6416
2011-09-21 11:00:00,4808.63
2011-09-21 12:00:00,4748.6396
2011-09-21 13:00:00,4669.5225
2011-09-21 14:00:00,4663.6562
2011-09-21 15:00:00,4668.59
2011-09-21 16:00:00,4665.422
2011-09-21 17:00:00,4647.7847
2011-09-21 18:00:00,4764.458
2011-09-21 19:00:00,4879.445
2011-09-21 20:00:00,4876.4043
2011-09-21 21:00:00,4955.385
2011-09-21 22:00:00,4878.6426
2011-09-21 23:00:00,4909.76
2011-09-22 00:00:00,4979.032
2011-09-22 01:00:00,4969.01
2011-09-22 02:00:00,4965.2163
2011-09-22 03:00:00,4963.307
2011-09-22 04:00:00,4960.3774
2011-09-22 05:00:00,4956.4297
2011-09-22 06:00:00,4991.1523
2011-09-22 07:00:00,4991.01
2011-09-22 08:00:00,4983.324
2011-09-22 09:00:00,4905.46
2011-09-22 10:00:00,4834.1587
2011-09-22 11:00:00,4833.0903
2011-09-22 12:00:00,4758.267
2011-09-22 13:00:00,4753.3306
2011-09-22 14:00:00,4748.4346
2011-09-22 15:00:00,4683.645
2011-09-22 16:00:00,4638.583
2011-09-22 17:00:00,4708.622
2011-09-22 18:00:00,4776.714
2011-09-22 19:00:00,4815.6543
2011-09-22 20:00:00,4875.8403
2011-09-22 21:00:00,4809.572
2011-09-22 22:00:00,4930.8315
2011-09-22 23:00:00,4875.6035
2011-09-23 00:00:00,4922.9834
2011-09-23 01:00:00,4999.732
2011-09-23 02:00:00,4988.165
2011-09-23 03:00:00,4994.4155
2011-09-23 04:00:00,4983.7603
2011-09-23 05:00:00,4913.563
2011-09-23 06:00:00,4904.591
2011-09-23 07:00:00,4890.2725
2011-09-23 08:00:00,4887.2266
2011-09-23 09:00:00,4937.6445
2011-09-23 10:00:00,4937.5737
2011-09-23 11:00:00,4934.961
2011-09-23 12:00:00,4877.025
2011-09-23 13:00:00,4952.398
2011-09-23 14:00:00,4949.7705
2011-09-23 15:00:00,4867.9014
2011-09-23 16:00:00,4871.77
2011-09-23 17:00:00,4956.753
2011-09-23 18:00:00,4962.2183
2011-09-23 19:00:00,4870.4097
2011-09-23 20:00:00,4909.0
2011-09-23 21:00:00,4940.8447
2011-09-23 22:00:00,4892.0825
2011-09-23 23:00:00,4918.549
2011-09-24 00:00:00,5005.9004
2011-09-24 01:00:00,4963.234
2011-09-24 02:00:00,4960.1997
2011-09-24 03:00:00,4971.3867
2011-09-24 04:00:00,4984.961
2011-09-24 05:00:00,4973.754
2011-09-24 06:00:00,4970.775
2011-09-24 07:00:00,4927.2983
2011-09-24 08:00:00,4914.9536
2011-09-24 09:00:00,4883.8545
2011-09-24 10:00:00,4880.818
2011-09-24 11:00:00,4810.618
2011-09-24 12:00:00,4807.588
2011-09-24 13:00:00,4757.0654
2011-09-24 14:00:00,4663.4697
2011-09-24 15:00:00,4660.3027
2011-09-24 16:00:00,4730.3325
2011-09-24 17:00:00,4665.728
2011-09-24 18:00:00,4731.709
2011-09-24 19:00:00,4844.065
2011-09-24 20:00:00,4797.621
2011-09-24 21:00:00,4788.743
2011-09-24 22:00:00,4826.617
2011-09-24 23:00:00,4841.3174
2011-09-25 00:00:00,4917.092
2011-09-25 01:00:00,4907.1587
2011-09-25 02:00:00,4961.2554
2011-09-25 03:00:00,4958.221
2011-09-25 04:00:00,4946.3276
2011-09-25 05:00:00,4904.354
2011-09-25 06:00:00,4891.981
2011-09-25 07:00:00,4945.449
2011-09-25 08:00:00,4869.1504
2011-09-25 09:00:00,4807.939
2011-09-25 10:00:00,4804.909
2011-09-25 11:00:00,4717.9873
2011-09-25 12:00:00,4726.991
2011-09-25 13:00:00,4654.662
2011-09-25 14:00:00,4720.65
2011-09-25 15:00:00,4717.478
2011-09-25 16:00:00,4594.4736
2011-09-25 17:00:00,4651.0537
2011-09-25 18:00:00,4647.884
2011-09-25 19:00:00,4777.327
2011-09-25 20:00:00,4777.1484
2011-09-25 21:00:00,4881.1953
2011-09-25 22:00:00,4829.0156
2011-09-25 23:00:00,4865.8066
2011-09-26 00:00:00,4928.9
2011-09-26 01:00:00,4869.572
2011-09-26 02:00:00,4866.538
2011-09-26 03:00:00,4919.68
2011-09-26 04:00:00,4910.698
2011-09-26 05:00:00,4864.3257
2011-09-26 06:00:00,4904.591
2011-09-26 07:00:00,4907.466
2011-09-26 08:00:00,4904.4233
2011-09-26 09:00:00,4822.3877
2011-09-26 10:00:00,4819.345
2011-09-26 11:00:00,4680.811
2011-09-26 12:00:00,4673.978
2011-09-26 13:00:00,4592.741
2011-09-26 14:00:00,4572.3555
2011-09-26 15:00:00,4467.0806
2011-09-26 16:00:00,4521.428
2011-09-26 17:00:00,4565.558
2011-09-26 18:00:00,4735.5835
2011-09-26 19:00:00,4726.819
2011-09-26 20:00:00,4801.1865
2011-09-26 21:00:00,4798.1426
2011-09-26 22:00:00,4861.2856
2011-09-26 23:00:00,4858.2446
2011-09-27 00:00:00,4928.4414
2011-09-27 01:00:00,4923.4253
2011-09-27 02:00:00,4924.1924
2011-09-27 03:00:00,4919.678
2011-09-27 04:00:00,4902.368
2011-09-27 05:00:00,4899.3164
2011-09-27 06:00:00,4903.6055
2011-09-27 07:00:00,4900.558
2011-09-27 08:00:00,4831.3374
2011-09-27 09:00:00,4814.065
2011-09-27 10:00:00,4855.4966
2011-09-27 11:00:00,4798.55
2011-09-27 12:00:00,4793.5405
2011-09-27 13:00:00,4587.34
2011-09-27 14:00:00,4673.0483
2011-09-27 15:00:00,4704.6016
2011-09-27 16:00:00,4727.4473
2011-09-27 17:00:00,4774.388
2011-09-27 18:00:00,4793.0386
2011-09-27 19:00:00,4795.918
2011-09-27 20:00:00,4736.0293
2011-09-27 21:00:00,4804.35
2011-09-27 22:00:00,4838.7695
2011-09-27 23:00:00,4835.7285
2011-09-28 00:00:00,4911.5264
2011-09-28 01:00:00,4908.4897
2011-09-28 02:00:00,4888.717
2011-09-28 03:00:00,4946.673
2011-09-28 04:00:00,4899.3823
2011-09-28 05:00:00,4946.544
2011-09-28 06:00:00,4924.378
2011-09-28 07:00:00,4921.2964
2011-09-28 08:00:00,4881.4106
2011-09-28 09:00:00,4878.3716
2011-09-28 10:00:00,4898.337
2011-09-28 11:00:00,4748.377
2011-09-28 12:00:00,4688.9565
2011-09-28 13:00:00,4593.709
2011-09-28 14:00:00,4459.4385
2011-09-28 15:00:00,4571.8955
2011-09-28 16:00:00,4563.3247
2011-09-28 17:00:00,4557.4487
2011-09-28 18:00:00,4707.2144
2011-09-28 19:00:00,4704.0293
2011-09-28 20:00:00,4769.1777
2011-09-28 21:00:00,4814.302
2011-09-28 22:00:00,4838.7695
2011-09-28 23:00:00,4890.998
2011-09-29 00:00:00,4956.048
2011-09-29 01:00:00,4983.2856
2011-09-29 02:00:00,4980.629
2011-09-29 03:00:00,4939.595
2011-09-29 04:00:00,4878.22
2011-09-29 05:00:00,4881.0864
2011-09-29 06:00:00,4879.0312
2011-09-29 07:00:00,4881.4033
2011-09-29 08:00:00,4843.757
2011-09-29 09:00:00,4747.8965
2011-09-29 10:00:00,4610.0347
2011-09-29 11:00:00,4585.9365
2011-09-29 12:00:00,4546.641
2011-09-29 13:00:00,4555.5225
2011-09-29 14:00:00,4414.836
2011-09-29 15:00:00,4369.8
2011-09-29 16:00:00,4352.4697
2011-09-29 17:00:00,4392.977
2011-09-29 18:00:00,4377.0376
2011-09-29 19:00:00,4462.623
2011-09-29 20:00:00,4500.9463
2011-09-29 21:00:00,4594.194
2011-09-29 22:00:00,4722.1797
2011-09-29 23:00:00,4838.038
2011-09-30 00:00:00,4955.84
2011-09-30 01:00:00,4909.175
2011-09-30 02:00:00,4949.775
2011-09-30 03:00:00,4946.745
2011-09-30 04:00:00,4937.8203
2011-09-30 05:00:00,4934.7837
2011-09-30 06:00:00,4929.7944
2011-09-30 07:00:00,4926.7646
2011-09-30 08:00:00,4858.728
2011-09-30 09:00:00,4790.3984
2011-09-30 10:00:00,4648.1777
2011-09-30 11:00:00,4535.6406
2011-09-30 12:00:00,4513.952
2011-09-30 13:00:00,4394.2334
2011-09-30 14:00:00,4408.382
2011-09-30 15:00:00,4442.9795
2011-09-30 16:00:00,4486.711
2011-09-30 17:00:00,4486.251
2011-09-30 18:00:00,4508.829
2011-09-30 19:00:00,4587.385
2011-09-30 20:00:00,4584.217
2011-09-30 21:00:00,4640.0576
2011-09-30 22:00:00,4624.723
2011-09-30 23:00:00,4621.5547
2011-10-20 00:00:00,4965.918
2011-10-20 01:00:00,4922.8438
2011-10-20 02:00:00,4912.232
2011-10-20 03:00:00,4937.9365
2011-10-20 04:00:00,4934.7866
2011-10-20 05:00:00,4964.638
2011-10-20 06:00:00,5004.588
2011-10-20 07:00:00,4978.266
2011-10-20 08:00:00,4855.0083
2011-10-20 09:00:00,4846.4375
2011-10-20 10:00:00,4759.986
2011-10-20 11:00:00,4690.2485
2011-10-20 12:00:00,4624.6455
2011-10-20 13:00:00,4565.1973
2011-10-20 14:00:00,4606.552
2011-10-20 15:00:00,4639.5835
2011-10-20 16:00:00,4636.4165
2011-10-20 17:00:00,4611.8906
2011-10-20 18:00:00,4667.7295
2011-10-20 19:00:00,4668.223
2011-10-20 20:00:00,4658.6895
2011-10-20 21:00:00,4691.371
2011-10-20 22:00:00,4685.4956
2011-10-20 23:00:00,4775.665
2011-10-21 00:00:00,4908.301
2011-10-21 01:00:00,4907.83
2011-10-21 02:00:00,4969.886
2011-10-21 03:00:00,5056.834
2011-10-21 04:00:00,5050.956
2011-10-21 05:00:00,5113.674
2011-10-21 06:00:00,5044.619
2011-10-21 07:00:00,5041.4517
2011-10-21 08:00:00,4888.3545
2011-10-21 09:00:00,4821.7725
2011-10-21 10:00:00,4714.3027
2011-10-21 11:00:00,4603.99
2011-10-21 12:00:00,4594.0693
2011-10-21 13:00:00,4639.032
2011-10-21 14:00:00,4536.8325
2011-10-21 15:00:00,4585.9106
2011-10-21 16:00:00,4585.451
2011-10-21 17:00:00,4674.957
2011-10-21 18:00:00,4722.6255
2011-10-21 19:00:00,4707.292
2011-10-21 20:00:00,4718.9863
2011-10-21 21:00:00,4790.106
2011-10-21 22:00:00,4751.2603
2011-10-21 23:00:00,4838.12
2011-10-22 00:00:00,4927.28
2011-10-22 01:00:00,4924.111
2011-10-22 02:00:00,4915.5366
2011-10-22 03:00:00,4923.1797
2011-10-22 04:00:00,4983.8774
2011-10-22 05:00:00,4988.8223
2011-10-22 06:00:00,5054.329
2011-10-22 07:00:00,5095.84
2011-10-22 08:00:00,4999.765
2011-10-22 09:00:00,4928.7256
2011-10-22 10:00:00,4846.408
2011-10-22 11:00:00,4843.2407
2011-10-22 12:00:00,4763.9697
2011-10-22 13:00:00,4631.5234
2011-10-22 14:00:00,4649.835
2011-10-22 15:00:00,4682.484
2011-10-22 16:00:00,4604.4346
2011-10-22 17:00:00,4744.081
2011-10-22 18:00:00,4760.124
2011-10-22 19:00:00,4881.0117
2011-10-22 20:00:00,4901.9854
2011-10-22 21:00:00,5003.2207
2011-10-22 22:00:00,5000.041
2011-10-22 23:00:00,5065.8657
2011-10-23 00:00:00,5182.8496
2011-10-23 01:00:00,5180.1406
2011-10-23 02:00:00,5201.7725
2011-10-23 03:00:00,5196.658
2011-10-23 04:00:00,5193.948
2011-10-23 05:00:00,5213.123
2011-10-23 06:00:00,5211.715
2011-10-23 07:00:00,5188.2324
2011-10-23 08:00:00,5168.884
2011-10-23 09:00:00,5041.421
2011-10-23 10:00:00,4961.231
2011-10-23 11:00:00,4912.0024
2011-10-23 12:00:00,4736.5625
2011-10-23 13:00:00,4678.979
2011-10-23 14:00:00,4673.106
2011-10-23 15:00:00,4648.5854
2011-10-23 16:00:00,4669.4785
2011-10-23 17:00:00,4767.2036
2011-10-23 18:00:00,4766.7344
2011-10-23 19:00:00,4946.2656
2011-10-23 20:00:00,4914.3228
2011-10-23 21:00:00,4911.155
2011-10-23 22:00:00,4975.3833
2011-10-23 23:00:00,4966.8022
2011-10-24 00:00:00,5040.0737
2011-10-24 01:00:00,5084.5884
2011-10-24 02:00:00,5112.378
2011-10-24 03:00:00,5082.161
2011-10-24 04:00:00,5085.3594
2011-10-24 05:00:00,5133.0986
2011-10-24 06:00:00,5101.5264
2011-10-24 07:00:00,5149.609
2011-10-24 08:00:00,5067.8623
2011-10-24 09:00:00,5004.0674
2011-10-24 10:00:00,4971.6865
2011-10-24 11:00:00,4841.1416
2011-10-24 12:00:00,4783.5586
2011-10-24 13:00:00,4709.764
2011-10-24 14:00:00,4709.3022
2011-10-24 15:00:00,4658.138
2011-10-24 16:00:00,4712.0264
2011-10-24 17:00:00,4774.081
2011-10-24 18:00:00,4679.467
2011-10-24 19:00:00,4928.798
2011-10-24 20:00:00,4935.6846
2011-10-24 21:00:00,4990.886
2011-10-24 22:00:00,4866.1885
2011-10-24 23:00:00,4911.761
2011-10-25 00:00:00,5004.8325
2011-10-25 01:00:00,5001.6455
2011-10-25 02:00:00,5059.5117
2011-10-25 03:00:00,5116.5806
2011-10-25 04:00:00,5127.0063
2011-10-25 05:00:00,5124.288
2011-10-25 06:00:00,5094.9316
2011-10-25 07:00:00,5016.389
2011-10-25 08:00:00,4946.884
2011-10-25 09:00:00,4723.5986
2011-10-25 10:00:00,4657.973
2011-10-25 11:00:00,4601.201
2011-10-25 12:00:00,4492.28
2011-10-25 13:00:00,4464.8643
2011-10-25 14:00:00,4474.049
2011-10-25 15:00:00,4457.968
2011-10-25 16:00:00,4455.492
2011-10-25 17:00:00,4452.3477
2011-10-25 18:00:00,4541.7354
2011-10-25 19:00:00,4801.6445
2011-10-25 20:00:00,4830.7217
2011-10-25 21:00:00,4893.5312
2011-10-25 22:00:00,4816.283
2011-10-25 23:00:00,4887.1963
2011-10-26 00:00:00,4954.672
2011-10-26 01:00:00,4901.502
2011-10-26 02:00:00,4906.4326
2011-10-26 03:00:00,4897.8613
2011-10-26 04:00:00,4951.8154
2011-10-26 05:00:00,4951.3438
2011-10-26 06:00:00,4948.1763
2011-10-26 07:00:00,4950.4106
2011-10-26 08:00:00,4875.664
2011-10-26 09:00:00,4785.8853
2011-10-26 10:00:00,4722.876
2011-10-26 11:00:00,4695.2554
2011-10-26 12:00:00,4557.538
2011-10-26 13:00:00,4651.755
2011-10-26 14:00:00,4867.014
2011-10-26 15:00:00,4863.8374
2011-10-26 16:00:00,4852.5054
2011-10-26 17:00:00,4847.989
2011-10-26 18:00:00,4848.4766
2011-10-26 19:00:00,4921.943
2011-10-26 20:00:00,4960.2427
2011-10-26 21:00:00,4844.791
2011-10-26 22:00:00,4963.563
2011-10-26 23:00:00,4960.5244
2011-10-27 00:00:00,5098.3647
2011-10-27 01:00:00,5095.644
2011-10-27 02:00:00,5076.5396
2011-10-27 03:00:00,5073.806
2011-10-27 04:00:00,5015.605
2011-10-27 05:00:00,5006.8135
2011-10-27 06:00:00,4944.5566
2011-10-27 07:00:00,5064.717
2011-10-27 08:00:00,4991.051
2011-10-27 09:00:00,4933.093
2011-10-27 10:00:00,4961.1147
2011-10-27 11:00:00,4961.999
2011-10-27 12:00:00,4958.953
2011-10-27 13:00:00,4962.3203
2011-10-27 14:00:00,4911.8887
2011-10-27 15:00:00,4901.969
2011-10-27 16:00:00,4761.853
2011-10-27 17:00:00,4795.125
2011-10-27 18:00:00,4771.4385
2011-10-27 19:00:00,4816.493
2011-10-27 20:00:00,4843.832
2011-10-27 21:00:00,4817.443
2011-10-27 22:00:00,4938.3438
2011-10-27 23:00:00,4921.4736
2011-10-28 00:00:00,5044.411
2011-10-28 01:00:00,5065.388
2011-10-28 02:00:00,5059.512
2011-10-28 03:00:00,5116.335
2011-10-28 04:00:00,5068.34
2011-10-28 05:00:00,5023.1406
2011-10-28 06:00:00,5088.8506
2011-10-28 07:00:00,5085.685
2011-10-28 08:00:00,5019.9893
2011-10-28 09:00:00,4962.4683
2011-10-28 10:00:00,4935.1562
2011-10-28 11:00:00,4836.0776
2011-10-28 12:00:00,4697.2515
2011-10-28 13:00:00,4706.511
2011-10-28 14:00:00,4784.5415
2011-10-28 15:00:00,4758.609
2011-10-28 16:00:00,4780.9033
2011-10-28 17:00:00,4816.1187
2011-10-28 18:00:00,4836.9946
2011-10-28 19:00:00,4809.7803
2011-10-28 20:00:00,4921.0176
2011-10-28 21:00:00,5018.2744
2011-10-28 22:00:00,5082.5244
2011-10-28 23:00:00,5132.6177
2011-10-29 00:00:00,5262.2656
2011-10-29 01:00:00,5238.1797
2011-10-29 02:00:00,5235.544
2011-10-29 03:00:00,5192.1772
2011-10-29 04:00:00,5189.512
2011-10-29 05:00:00,5304.3833
2011-10-29 06:00:00,5270.9507
2011-10-29 07:00:00,5268.3164
2011-10-29 08:00:00,5236.0977
2011-10-29 09:00:00,5233.465
2011-10-29 10:00:00,5293.7695
2011-10-29 11:00:00,5286.0405
2011-10-29 12:00:00,5273.2773
2011-10-29 13:00:00,5268.092
2011-10-29 14:00:00,5271.82
2011-10-29 15:00:00,5321.8486
2011-10-29 16:00:00,5320.9146
2011-10-29 17:00:00,5318.283
2011-10-29 18:00:00,5315.6494
2011-10-29 19:00:00,5274.138
2011-10-29 20:00:00,5271.5054
2011-10-29 21:00:00,5268.87
2011-10-29 22:00:00,5291.054
2011-10-29 23:00:00,5282.824
2011-10-30 00:00:00,5349.0156
2011-10-30 01:00:00,5343.841
2011-10-30 02:00:00,5338.6533
2011-10-30 03:00:00,5247.6987
2011-10-30 04:00:00,5301.731
2011-10-30 05:00:00,5247.7695
2011-10-30 06:00:00,5240.301
2011-10-30 07:00:00,5226.288
2011-10-30 08:00:00,5167.5054
2011-10-30 09:00:00,5068.778
2011-10-30 10:00:00,5001.9785
2011-10-30 11:00:00,4876.407
2011-10-30 12:00:00,4806.3745
2011-10-30 13:00:00,4713.922
2011-10-30 14:00:00,4644.788
2011-10-30 15:00:00,4617.5396
2011-10-30 16:00:00,4590.369
2011-10-30 17:00:00,4640.7144
2011-10-30 18:00:00,4746.402
2011-10-30 19:00:00,4548.777
2011-10-30 20:00:00,4909.2554
2011-10-30 21:00:00,5010.4336
2011-10-30 22:00:00,5111.7354
2011-10-30 23:00:00,5230.095
2011-10-31 00:00:00,5278.2236
2011-10-31 01:00:00,5240.9717
2011-10-31 02:00:00,5294.5986
2011-10-31 03:00:00,5299.2773
2011-10-31 04:00:00,5289.2354
2011-10-31 05:00:00,5339.0137
2011-10-31 06:00:00,5283.8457
2011-10-31 07:00:00,5312.1924
2011-10-31 08:00:00,5226.2783
2011-10-31 09:00:00,5118.492
2011-10-31 10:00:00,4898.0234
2011-10-31 11:00:00,4777.231
2011-10-31 12:00:00,4688.3555
2011-10-31 13:00:00,4651.9795
2011-10-31 14:00:00,4675.565
2011-10-31 15:00:00,4686.867
2011-10-31 16:00:00,4770.2725
2011-10-31 17:00:00,4769.8125
2011-10-31 18:00:00,4901.795
2011-10-31 19:00:00,4898.629
2011-10-31 20:00:00,4895.4595
2011-10-31 21:00:00,5029.926
2011-10-31 22:00:00,5026.756
2011-10-31 23:00:00,5023.5884
2011-11-20 00:00:00,4989.797
2011-11-20 01:00:00,4918.7075
2011-11-20 02:00:00,4912.831
2011-11-20 03:00:00,4936.277
2011-11-20 04:00:00,4977.704
2011-11-20 05:00:00,4914.7773
2011-11-20 06:00:00,4914.3154
2011-11-20 07:00:00,4922.906
2011-11-20 08:00:00,4940.9478
2011-11-20 09:00:00,4942.4224
2011-11-20 10:00:00,4935.595
2011-11-20 11:00:00,4779.851
2011-11-20 12:00:00,4773.984
2011-11-20 13:00:00,4690.371
2011-11-20 14:00:00,4741.7593
2011-11-20 15:00:00,4779.5273
2011-11-20 16:00:00,4737.167
2011-11-20 17:00:00,4728.594
2011-11-20 18:00:00,4710.2017
2011-11-20 19:00:00,4834.7734
2011-11-20 20:00:00,4771.786
2011-11-20 21:00:00,4898.461
2011-11-20 22:00:00,4992.864
2011-11-20 23:00:00,4989.8223
2011-11-21 00:00:00,5090.195
2011-11-21 01:00:00,5063.8623
2011-11-21 02:00:00,5112.6445
2011-11-21 03:00:00,5115.0127
2011-11-21 04:00:00,5112.357
2011-11-21 05:00:00,5128.9155
2011-11-21 06:00:00,5147.8447
2011-11-21 07:00:00,5058.3364
2011-11-21 08:00:00,5068.341
2011-11-21 09:00:00,5036.5254
2011-11-21 10:00:00,4924.015
2011-11-21 11:00:00,4914.0933
2011-11-21 12:00:00,4885.2744
2011-11-21 13:00:00,4882.1094
2011-11-21 14:00:00,4939.7197
2011-11-21 15:00:00,5045.6943
2011-11-21 16:00:00,5043.037
2011-11-21 17:00:00,5055.698
2011-11-21 18:00:00,5030.7344
2011-11-21 19:00:00,5080.707
2011-11-21 20:00:00,5039.5005
2011-11-21 21:00:00,5040.6694
2011-11-21 22:00:00,5039.869
2011-11-21 23:00:00,5035.058
2011-11-22 00:00:00,5160.3096
2011-11-22 01:00:00,5133.5522
2011-11-22 02:00:00,5184.876
2011-11-22 03:00:00,5182.217
2011-11-22 04:00:00,5144.661
2011-11-22 05:00:00,5142.004
2011-11-22 06:00:00,5152.2646
2011-11-22 07:00:00,5131.671
2011-11-22 08:00:00,5129.0137
2011-11-22 09:00:00,5123.365
2011-11-22 10:00:00,5120.649
2011-11-22 11:00:00,5106.982
2011-11-22 12:00:00,5137.9937
2011-11-22 13:00:00,5113.808
2011-11-22 14:00:00,5111.153
2011-11-22 15:00:00,5063.016
2011-11-22 16:00:00,5060.287
2011-11-22 17:00:00,5081.606
2011-11-22 18:00:00,5086.507
2011-11-22 19:00:00,5023.321
2011-11-22 20:00:00,5048.715
2011-11-22 21:00:00,5043.5527
2011-11-22 22:00:00,4972.8965
2011-11-22 23:00:00,4986.986
2011-11-23 00:00:00,5047.8105
2011-11-23 01:00:00,5041.3896
2011-11-23 02:00:00,5004.2773
2011-11-23 03:00:00,5001.6196
2011-11-23 04:00:00,4944.336
2011-11-23 05:00:00,5061.139
2011-11-23 06:00:00,5126.2607
2011-11-23 07:00:00,5094.532
2011-11-23 08:00:00,5039.199
2011-11-23 09:00:00,4986.0366
2011-11-23 10:00:00,4983.4316
2011-11-23 11:00:00,4818.1895
2011-11-23 12:00:00,4696.534
2011-11-23 13:00:00,4716.8574
2011-11-23 14:00:00,4749.591
2011-11-23 15:00:00,4738.7056
2011-11-23 16:00:00,4829.626
2011-11-23 17:00:00,4928.559
2011-11-23 18:00:00,4782.206
2011-11-23 19:00:00,4824.3984
2011-11-23 20:00:00,4909.116
2011-11-23 21:00:00,4863.9375
2011-11-23 22:00:00,4921.935
2011-11-23 23:00:00,4926.877
2011-11-24 00:00:00,5005.425
2011-11-24 01:00:00,4994.0254
2011-11-24 02:00:00,5053.4385
2011-11-24 03:00:00,5114.212
2011-11-24 04:00:00,5045.9365
2011-11-24 05:00:00,5041.4194
2011-11-24 06:00:00,5039.6006
2011-11-24 07:00:00,5212.6074
2011-11-24 08:00:00,5068.9375
2011-11-24 09:00:00,4989.982
2011-11-24 10:00:00,4917.6597
2011-11-24 11:00:00,4672.45
2011-11-24 12:00:00,4583.1826
2011-11-24 13:00:00,4535.097
2011-11-24 14:00:00,4517.2515
2011-11-24 15:00:00,4514.115
2011-11-24 16:00:00,4513.8423
2011-11-24 17:00:00,4526.323
2011-11-24 18:00:00,4749.457
2011-11-24 19:00:00,4804.6953
2011-11-24 20:00:00,5059.293
2011-11-24 21:00:00,5011.5303
2011-11-24 22:00:00,5008.3584
2011-11-24 23:00:00,5069.942
2011-11-25 00:00:00,5130.825
2011-11-25 01:00:00,5124.8467
2011-11-25 02:00:00,5225.9473
2011-11-25 03:00:00,5186.8037
2011-11-25 04:00:00,5153.066
2011-11-25 05:00:00,5173.505
2011-11-25 06:00:00,5237.045
2011-11-25 07:00:00,5224.7017
2011-11-25 08:00:00,5229.652
2011-11-25 09:00:00,5124.271
2011-11-25 10:00:00,5031.944
2011-11-25 11:00:00,4922.6265
2011-11-25 12:00:00,4713.372
2011-11-25 13:00:00,4597.6553
2011-11-25 14:00:00,4516.7236
2011-11-25 15:00:00,4491.2764
2011-11-25 16:00:00,4540.046
2011-11-25 17:00:00,4497.6274
2011-11-25 18:00:00,4633.284
2011-11-25 19:00:00,4891.5806
2011-11-25 20:00:00,4824.1104
2011-11-25 21:00:00,4993.2236
2011-11-25 22:00:00,5015.4233
2011-11-25 23:00:00,5055.513
2011-11-26 00:00:00,5141.6997
2011-11-26 01:00:00,5162.5366
2011-11-26 02:00:00,5210.0596
2011-11-26 03:00:00,5206.032
2011-11-26 04:00:00,5203.321
2011-11-26 05:00:00,5164.1934
2011-11-26 06:00:00,5153.802
2011-11-26 07:00:00,5281.61
2011-11-26 08:00:00,5142.351
2011-11-26 09:00:00,5115.111
2011-11-26 10:00:00,5121.509
2011-11-26 11:00:00,4900.529
2011-11-26 12:00:00,4760.5
2011-11-26 13:00:00,4646.685
2011-11-26 14:00:00,4657.948
2011-11-26 15:00:00,4579.8916
2011-11-26 16:00:00,4666.839
2011-11-26 17:00:00,4663.6694
2011-11-26 18:00:00,4839.797
2011-11-26 19:00:00,4947.736
2011-11-26 20:00:00,4812.6587
2011-11-26 21:00:00,5063.552
2011-11-26 22:00:00,5015.1113
2011-11-26 23:00:00,5082.6484
2011-11-27 00:00:00,5148.416
2011-11-27 01:00:00,5145.7144
2011-11-27 02:00:00,5164.917
2011-11-27 03:00:00,5196.658
2011-11-27 04:00:00,5195.3315
2011-11-27 05:00:00,5171.8477
2011-11-27 06:00:00,5105.319
2011-11-27 07:00:00,5126.415
2011-11-27 08:00:00,5068.3467
2011-11-27 09:00:00,4907.536
2011-11-27 10:00:00,4904.369
2011-11-27 11:00:00,4765.952
2011-11-27 12:00:00,4658.813
2011-11-27 13:00:00,4699.4316
2011-11-27 14:00:00,4418.798
2011-11-27 15:00:00,4413.9023
2011-11-27 16:00:00,4589.091
2011-11-27 17:00:00,4651.0806
2011-11-27 18:00:00,4761.329
2011-11-27 19:00:00,4812.5137
2011-11-27 20:00:00,4746.8926
2011-11-27 21:00:00,4800.775
2011-11-27 22:00:00,4844.9087
2011-11-27 23:00:00,4841.7393
2011-11-28 00:00:00,4967.075
2011-11-28 01:00:00,4962.559
2011-11-28 03:00:00,5063.3677
2011-11-28 04:00:00,5032.6133
2011-11-28 05:00:00,5111.163
2011-11-28 06:00:00,5050.395
2011-11-28 07:00:00,5089.6147
2011-11-28 08:00:00,5112.327
2011-11-28 09:00:00,5039.3955
2011-11-28 10:00:00,4915.6973
2011-11-28 11:00:00,4786.727
2011-11-28 12:00:00,4673.0493
2011-11-28 13:00:00,4610.4736
2011-11-28 14:00:00,4554.8286
2011-11-28 15:00:00,4633.997
2011-11-28 16:00:00,4652.269
2011-11-28 17:00:00,4589.287
2011-11-28 18:00:00,4678.9033
2011-11-28 19:00:00,4780.0884
2011-11-28 20:00:00,4765.16
2011-11-28 21:00:00,4800.3667
2011-11-28 22:00:00,4880.757
2011-11-28 23:00:00,4875.7837
2011-11-29 00:00:00,4962.7285
2011-11-29 01:00:00,4953.79
2011-11-29 02:00:00,5006.749
2011-11-29 03:00:00,5003.737
2011-11-29 04:00:00,4920.8154
2011-11-29 05:00:00,4987.2803
2011-11-29 06:00:00,4925.9287
2011-11-29 07:00:00,4877.9316
2011-11-29 08:00:00,4845.2197
2011-11-29 09:00:00,4752.0205
2011-11-29 10:00:00,4748.8506
2011-11-29 11:00:00,4951.293
2011-11-29 12:00:00,4991.961
2011-11-29 13:00:00,4955.9844
2011-11-29 14:00:00,5093.9897
2011-11-29 15:00:00,5044.7583
2011-11-29 16:00:00,5050.263
2011-11-29 17:00:00,5050.1006
2011-11-29 18:00:00,5015.59
2011-11-29 19:00:00,5010.454
2011-11-29 20:00:00,5067.378
2011-11-29 21:00:00,5064.7437
2011-11-29 22:00:00,5035.578
2011-11-29 23:00:00,5024.4785
2011-11-30 00:00:00,4969.791
2011-11-30 01:00:00,5043.8794
2011-11-30 02:00:00,5096.622
2011-11-30 03:00:00,5093.4453
2011-11-30 04:00:00,5159.1523
2011-11-30 05:00:00,5220.2925
2011-11-30 06:00:00,5269.936
2011-11-30 07:00:00,5234.332
2011-11-30 08:00:00,5212.1436
2011-11-30 09:00:00,5139.61
2011-11-30 10:00:00,5015.4243
2011-11-30 11:00:00,4822.182
2011-11-30 12:00:00,4854.5938
2011-11-30 13:00:00,4703.2705
2011-11-30 14:00:00,4700.102
2011-11-30 15:00:00,4787.661
2011-11-30 16:00:00,4788.551
2011-11-30 17:00:00,4832.5
2011-11-30 18:00:00,4838.393
2011-11-30 19:00:00,4916.316
2011-11-30 20:00:00,4913.146
2011-11-30 21:00:00,4883.2393
2011-11-30 22:00:00,4939.084
2011-11-30 23:00:00,4925.673
2011-12-20 00:00:00,4934.84
2011-12-20 01:00:00,4896.067
2011-12-20 02:00:00,4979.326
2011-12-20 03:00:00,4976.1562
2011-12-20 04:00:00,4877.4297
2011-12-20 05:00:00,4910.0015
2011-12-20 06:00:00,4906.8335
2011-12-20 07:00:00,4948.2563
2011-12-20 08:00:00,4793.315
2011-12-20 09:00:00,4977.593
2011-12-20 10:00:00,4813.1978
2011-12-20 11:00:00,4872.485
2011-12-20 12:00:00,4752.4473
2011-12-20 13:00:00,4749.2812
2011-12-20 14:00:00,4784.483
2011-12-20 15:00:00,4755.109
2011-12-20 16:00:00,4761.007
2011-12-20 17:00:00,4862.536
2011-12-20 18:00:00,4916.4893
2011-12-20 19:00:00,4930.8887
2011-12-20 20:00:00,4951.7993
2011-12-20 21:00:00,4949.9136
2011-12-20 22:00:00,4936.401
2011-12-20 23:00:00,4873.4785
2011-12-21 00:00:00,5086.6123
2011-12-21 01:00:00,5008.041
2011-12-21 02:00:00,5049.5327
2011-12-21 03:00:00,5046.3643
2011-12-21 04:00:00,5043.196
2011-12-21 05:00:00,5093.154
2011-12-21 06:00:00,5147.8154
2011-12-21 07:00:00,5146.517
2011-12-21 08:00:00,5168.3193
2011-12-21 09:00:00,5081.0957
2011-12-21 10:00:00,4940.115
2011-12-21 11:00:00,4936.9395
2011-12-21 12:00:00,4992.066
2011-12-21 13:00:00,5048.758
2011-12-21 14:00:00,4973.63
2011-12-21 15:00:00,4968.057
2011-12-21 16:00:00,5068.1855
2011-12-21 17:00:00,5065.5312
2011-12-21 18:00:00,5073.298
2011-12-21 19:00:00,4973.815
2011-12-21 20:00:00,4968.635
2011-12-21 21:00:00,4942.581
2011-12-21 22:00:00,4941.4834
2011-12-21 23:00:00,4942.3784
2011-12-22 00:00:00,4968.2764
2011-12-22 01:00:00,5114.0283
2011-12-22 02:00:00,4994.2627
2011-12-22 03:00:00,4908.4316
2011-12-22 04:00:00,5102.054
2011-12-22 05:00:00,5108.3047
2011-12-22 06:00:00,5156.0464
2011-12-22 07:00:00,5208.5693
2011-12-22 08:00:00,5142.3945
2011-12-22 09:00:00,5111.8535
2011-12-22 10:00:00,5057.577
2011-12-22 11:00:00,4978.194
2011-12-22 12:00:00,4730.477
2011-12-22 13:00:00,4822.797
2011-12-22 14:00:00,4819.63
2011-12-22 15:00:00,4756.643
2011-12-22 16:00:00,4813.292
2011-12-22 17:00:00,4855.01
2011-12-22 18:00:00,4813.9985
2011-12-22 19:00:00,4818.9487
2011-12-22 20:00:00,4911.124
2011-12-22 21:00:00,4907.9575
2011-12-22 22:00:00,5130.686
2011-12-22 23:00:00,5049.8003
2011-12-23 00:00:00,5099.2607
2011-12-23 01:00:00,5096.5537
2011-12-23 02:00:00,5156.5156
2011-12-23 03:00:00,5153.8574
2011-12-23 04:00:00,5138.638
2011-12-23 05:00:00,5192.1426
2011-12-23 06:00:00,5088.7876
2011-12-23 07:00:00,5088.082
2011-12-23 08:00:00,5012.9834
2011-12-23 09:00:00,4916.572
2011-12-23 10:00:00,4872.3193
2011-12-23 11:00:00,4825.368
2011-12-23 12:00:00,4779.7725
2011-12-23 13:00:00,4746.3306
2011-12-23 14:00:00,4782.8936
2011-12-23 15:00:00,4809.272
2011-12-23 16:00:00,4775.83
2011-12-23 17:00:00,4848.9873
2011-12-23 18:00:00,4825.7637
2011-12-23 19:00:00,4869.504
2011-12-23 20:00:00,4958.993
2011-12-23 21:00:00,4965.2876
2011-12-23 22:00:00,5000.0215
2011-12-23 23:00:00,4992.923
2011-12-24 00:00:00,5112.6533
2011-12-24 01:00:00,5069.9106
2011-12-24 02:00:00,5068.0244
2011-12-24 03:00:00,5100.532
2011-12-24 04:00:00,5064.2686
2011-12-24 05:00:00,5061.0996
2011-12-24 06:00:00,5160.477
2011-12-24 07:00:00,5124.972
2011-12-24 08:00:00,5151.4897
2011-12-24 09:00:00,4890.0728
2011-12-24 10:00:00,4863.2725
2011-12-24 11:00:00,4811.9614
2011-12-24 12:00:00,4781.696
2011-12-24 13:00:00,4786.618
2011-12-24 14:00:00,4783.4326
2011-12-24 15:00:00,4801.6396
2011-12-24 16:00:00,4818.5635
2011-12-24 17:00:00,4895.7837
2011-12-24 18:00:00,4836.4287
2011-12-24 19:00:00,4922.4434
2011-12-24 20:00:00,5008.5254
2011-12-24 21:00:00,5011.9854
2011-12-24 22:00:00,4984.0312
2011-12-24 23:00:00,5035.269
2011-12-25 00:00:00,5144.985
2011-12-25 01:00:00,5237.5195
2011-12-25 02:00:00,5268.088
2011-12-25 03:00:00,5241.5933
2011-12-25 05:00:00,5289.1465
2011-12-25 06:00:00,5286.36
2011-12-25 07:00:00,5290.524
2011-12-25 08:00:00,5314.1465
2011-12-25 09:00:00,5304.785
2011-12-25 10:00:00,5250.3916
2011-12-25 11:00:00,5110.97
2011-12-25 12:00:00,5157.248
2011-12-25 13:00:00,5081.78
2011-12-25 14:00:00,4974.1997
2011-12-25 15:00:00,4967.1006
2011-12-25 16:00:00,4902.8823
2011-12-25 17:00:00,4966.17
2011-12-25 18:00:00,5061.9473
2011-12-25 19:00:00,4938.9043
2011-12-25 20:00:00,4868.4385
2011-12-25 21:00:00,4957.128
2011-12-25 22:00:00,5029.325
2011-12-25 23:00:00,5079.285
2011-12-26 00:00:00,5285.4756
2011-12-26 01:00:00,5049.44
2011-12-26 02:00:00,4882.007
2011-12-26 04:00:00,4878.3115
2011-12-26 05:00:00,4831.5474
2011-12-26 06:00:00,4879.1514
2011-12-26 07:00:00,4874.6997
2011-12-26 08:00:00,4867.6016
2011-12-26 09:00:00,4862.4663
2011-12-26 10:00:00,4813.271
2011-12-26 11:00:00,4839.8906
2011-12-26 12:00:00,4787.2773
2011-12-26 13:00:00,4710.559
2011-12-26 14:00:00,4704.702
2011-12-26 15:00:00,4708.291
2011-12-26 16:00:00,4781.3994
2011-12-26 17:00:00,4834.4746
2011-12-26 18:00:00,4875.6396
2011-12-26 19:00:00,5039.25
2011-12-26 20:00:00,4955.814
2011-12-26 21:00:00,5124.51
2011-12-26 22:00:00,5121.342
2011-12-26 23:00:00,5127.443
2011-12-27 00:00:00,5186.8364
2011-12-27 01:00:00,5178.27
2011-12-27 02:00:00,5175.458
2011-12-27 03:00:00,5037.343
2011-12-27 04:00:00,5069.8477
2011-12-27 05:00:00,5061.752
2011-12-27 06:00:00,5030.4795
2011-12-27 07:00:00,5054.936
2011-12-27 08:00:00,5053.243
2011-12-27 09:00:00,5021.859
2011-12-27 10:00:00,5029.1025
2011-12-27 11:00:00,5015.5195
2011-12-27 12:00:00,5156.948
2011-12-27 13:00:00,5194.0205
2011-12-27 14:00:00,4993.3237
2011-12-27 15:00:00,4990.186
2011-12-27 16:00:00,5008.3574
2011-12-27 17:00:00,5057.2
2011-12-27 18:00:00,5081.9966
2011-12-27 19:00:00,5148.49
2011-12-27 20:00:00,5196.116
2011-12-27 21:00:00,5161.6016
2011-12-27 22:00:00,5158.885
2011-12-27 23:00:00,5214.0864
2011-12-28 00:00:00,5220.1523
2011-12-28 01:00:00,5155.172
2011-12-28 02:00:00,5022.7935
2011-12-28 03:00:00,5019.625
2011-12-28 05:00:00,4977.4844
2011-12-28 06:00:00,4974.4424
2011-12-28 07:00:00,4971.275
2011-12-28 08:00:00,4967.9785
2011-12-28 09:00:00,4958.1743
2011-12-28 10:00:00,4940.322
2011-12-28 11:00:00,4802.8047
2011-12-28 12:00:00,4824.86
2011-12-28 13:00:00,4768.0254
2011-12-28 14:00:00,4786.1465
2011-12-28 15:00:00,4754.08
2011-12-28 16:00:00,4775.1094
2011-12-28 17:00:00,4818.5586
2011-12-28 18:00:00,4851.7886
2011-12-28 19:00:00,4896.3164
2011-12-28 20:00:00,4895.857
2011-12-28 21:00:00,4942.328
2011-12-28 22:00:00,4932.5195
2011-12-28 23:00:00,4934.5713
2011-12-29 00:00:00,5021.1543
2011-12-29 01:00:00,5033.7363
2011-12-29 02:00:00,5082.4062
2011-12-29 03:00:00,5125.5376
2011-12-29 04:00:00,5115.7314
2011-12-29 05:00:00,5108.572
2011-12-29 06:00:00,5131.812
2011-12-29 07:00:00,5207.9277
2011-12-29 08:00:00,5161.0303
2011-12-29 09:00:00,5174.0327
2011-12-29 10:00:00,5143.8057
2011-12-29 11:00:00,5078.2124
2011-12-29 12:00:00,5013.938
2011-12-29 13:00:00,4950.952
2011-12-29 14:00:00,4914.4316
2011-12-29 15:00:00,4912.481
2011-12-29 16:00:00,4921.016
2011-12-29 17:00:00,4998.1143
2011-12-29 18:00:00,4953.0615
2011-12-29 19:00:00,4943.1953
2011-12-29 20:00:00,5053.772
2011-12-29 21:00:00,5003.168
2011-12-29 22:00:00,5044.7363
2011-12-29 23:00:00,5014.7764
2011-12-30 00:00:00,5158.7305
2011-12-30 01:00:00,5130.076
2011-12-30 02:00:00,5200.3
2011-12-30 03:00:00,5197.4736
2011-12-30 04:00:00,5196.015
2011-12-30 05:00:00,5245.6177
2011-12-30 06:00:00,5190.3984
2011-12-30 07:00:00,5226.3354
2011-12-30 08:00:00,5214.721
2011-12-30 09:00:00,5188.855
2011-12-30 10:00:00,5057.201
2011-12-30 11:00:00,5034.876
2011-12-30 12:00:00,4947.51
2011-12-30 13:00:00,4860.714
2011-12-30 14:00:00,4741.1226
2011-12-30 15:00:00,4704.3027
2011-12-30 16:00:00,4710.309
2011-12-30 17:00:00,4820.498
2011-12-30 18:00:00,4934.2007
2011-12-30 19:00:00,4823.225
2011-12-30 20:00:00,4971.919
2011-12-30 21:00:00,4944.671
2011-12-30 22:00:00,5014.17
2011-12-30 23:00:00,4943.558
2011-12-31 00:00:00,4935.3594
2011-12-31 01:00:00,4912.105
2011-12-31 02:00:00,4908.934
2011-12-31 03:00:00,4905.766
2011-12-31 04:00:00,5021.4805
2011-12-31 05:00:00,5096.8857
2011-12-31 06:00:00,4994.093
2011-12-31 07:00:00,5058.992
2011-12-31 08:00:00,5160.0815
2011-12-31 09:00:00,5070.6733
2011-12-31 10:00:00,5028.3306
2011-12-31 11:00:00,4956.4766
2011-12-31 12:00:00,4534.74
2011-12-31 13:00:00,4565.005
2011-12-31 14:00:00,4705.507
2011-12-31 15:00:00,4651.8105
2011-12-31 16:00:00,4717.8438
2011-12-31 17:00:00,4783.1445
2011-12-31 18:00:00,4785.383
2011-12-31 19:00:00,4774.1025
2011-12-31 20:00:00,4770.9326
2011-12-31 21:00:00,4830.229
2011-12-31 22:00:00,4892.283
2011-12-31 23:00:00,4961.0366
2012-01-20 00:00:00,4993.5796
2012-01-20 01:00:00,4986.2793
2012-01-20 02:00:00,4983.1113
2012-01-20 03:00:00,5042.398
2012-01-20 04:00:00,5134.7207
2012-01-20 05:00:00,5131.5513
2012-01-20 06:00:00,5116.1475
2012-01-20 07:00:00,5209.461
2012-01-20 08:00:00,5163.1157
2012-01-20 09:00:00,5005.316
2012-01-20 10:00:00,4966.4434
2012-01-20 11:00:00,4884.9644
2012-01-20 12:00:00,4901.904
2012-01-20 13:00:00,4859.2573
2012-01-20 14:00:00,4873.341
2012-01-20 15:00:00,4869.8657
2012-01-20 16:00:00,4911.0166
2012-01-20 17:00:00,4827.5674
2012-01-20 18:00:00,4875.4683
2012-01-20 19:00:00,4897.236
2012-01-20 20:00:00,4869.0957
2012-01-20 21:00:00,4892.166
2012-01-20 22:00:00,4896.041
2012-01-20 23:00:00,5181.953
2012-01-21 00:00:00,5262.367
2012-01-21 01:00:00,5420.4673
2012-01-21 02:00:00,5401.9414
2012-01-21 03:00:00,5443.677
2012-01-21 04:00:00,5383.6377
2012-01-21 05:00:00,5387.8633
2012-01-21 06:00:00,5424.115
2012-01-21 07:00:00,5421.4844
2012-01-21 08:00:00,5427.3086
2012-01-21 09:00:00,5424.6753
2012-01-21 10:00:00,5414.0757
2012-01-21 11:00:00,5350.4453
2012-01-21 12:00:00,5297.6143
2012-01-21 13:00:00,5296.396
2012-01-21 14:00:00,5290.2744
2012-01-21 15:00:00,5287.5547
2012-01-21 16:00:00,5292.754
2012-01-21 17:00:00,5282.7104
2012-01-21 18:00:00,5245.6133
2012-01-21 19:00:00,5306.9785
2012-01-21 20:00:00,5303.663
2012-01-21 21:00:00,5274.7725
2012-01-21 22:00:00,5257.045
2012-01-21 23:00:00,5321.092
2012-01-22 00:00:00,5393.933
2012-01-22 01:00:00,5316.9766
2012-01-22 02:00:00,5315.4766
2012-01-22 03:00:00,5273.713
2012-01-22 04:00:00,5368.7446
2012-01-22 05:00:00,5325.7627
2012-01-22 06:00:00,5331.831
2012-01-22 07:00:00,5328.975
2012-01-22 08:00:00,5326.1196
2012-01-22 09:00:00,5323.266
2012-01-22 10:00:00,5323.6265
2012-01-22 11:00:00,5344.7476
2012-01-22 12:00:00,5352.616
2012-01-22 13:00:00,5340.746
2012-01-22 14:00:00,5344.2256
2012-01-22 15:00:00,5347.328
2012-01-22 16:00:00,5344.6934
2012-01-22 17:00:00,5331.792
2012-01-22 18:00:00,5353.632
2012-01-22 19:00:00,5350.9995
2012-01-22 20:00:00,5351.339
2012-01-22 21:00:00,5345.7354
2012-01-22 22:00:00,5380.128
2012-01-22 23:00:00,5384.3564
2012-01-23 00:00:00,5357.9136
2012-01-23 01:00:00,5362.4707
2012-01-23 02:00:00,5359.836
2012-01-23 03:00:00,5349.955
2012-01-23 04:00:00,5290.945
2012-01-23 05:00:00,5322.7812
2012-01-23 06:00:00,5320.073
2012-01-23 07:00:00,5309.096
2012-01-23 08:00:00,5320.155
2012-01-23 09:00:00,5321.2017
2012-01-23 10:00:00,5345.9023
2012-01-23 11:00:00,5351.835
2012-01-23 12:00:00,5319.1577
2012-01-23 13:00:00,5309.0244
2012-01-23 14:00:00,5313.6865
2012-01-23 15:00:00,5359.8486
2012-01-23 16:00:00,5297.4785
2012-01-23 17:00:00,5306.8213
2012-01-23 18:00:00,5294.745
2012-01-23 19:00:00,5268.0327
2012-01-23 20:00:00,5300.3066
2012-01-23 21:00:00,5295.761
2012-01-23 22:00:00,5293.106
2012-01-23 23:00:00,5230.135
2012-01-24 00:00:00,5300.256
2012-01-24 01:00:00,5243.454
2012-01-24 02:00:00,5243.3594
2012-01-24 03:00:00,5232.1104
2012-01-24 04:00:00,5289.6836
2012-01-24 05:00:00,5287.0273
2012-01-24 06:00:00,5227.2095
2012-01-24 07:00:00,5221.532
2012-01-24 08:00:00,5218.885
2012-01-24 09:00:00,5188.5225
2012-01-24 10:00:00,5225.2705
2012-01-24 11:00:00,5174.717
2012-01-24 12:00:00,5169.7363
2012-01-24 13:00:00,5167.088
2012-01-24 14:00:00,5104.4053
2012-01-24 15:00:00,4947.716
2012-01-24 16:00:00,4956.3184
2012-01-24 17:00:00,4897.4395
2012-01-24 18:00:00,4873.76
2012-01-24 19:00:00,4724.2617
2012-01-24 20:00:00,5097.0107
2012-01-24 21:00:00,5000.862
2012-01-24 22:00:00,5124.86
2012-01-24 23:00:00,5087.593
2012-01-25 00:00:00,5315.7837
2012-01-25 01:00:00,5135.7236
2012-01-25 02:00:00,5158.75
2012-01-25 03:00:00,5216.9736
2012-01-25 04:00:00,5175.741
2012-01-25 05:00:00,5172.9336
2012-01-25 06:00:00,5220.9663
2012-01-25 07:00:00,5233.7393
2012-01-25 08:00:00,5189.338
2012-01-25 09:00:00,5186.5234
2012-01-25 10:00:00,5154.3867
2012-01-25 11:00:00,5017.106
2012-01-25 12:00:00,4914.3066
2012-01-25 13:00:00,4860.7188
2012-01-25 14:00:00,4852.1997
2012-01-25 15:00:00,4796.916
2012-01-25 16:00:00,4884.1787
2012-01-25 17:00:00,4856.8643
2012-01-25 18:00:00,5011.2363
2012-01-25 19:00:00,4861.751
2012-01-25 20:00:00,4964.2363
2012-01-25 21:00:00,5019.722
2012-01-25 22:00:00,5017.7725
2012-01-25 23:00:00,5028.4067
2012-01-26 00:00:00,5193.9575
2012-01-26 01:00:00,5182.902
2012-01-26 02:00:00,5191.299
2012-01-26 03:00:00,5178.189
2012-01-26 04:00:00,5183.0903
2012-01-26 05:00:00,5148.817
2012-01-26 06:00:00,5203.5947
2012-01-26 07:00:00,5203.245
2012-01-26 08:00:00,5200.5303
2012-01-26 09:00:00,5173.572
2012-01-26 10:00:00,5178.507
2012-01-26 11:00:00,5204.0137
2012-01-26 12:00:00,5129.2783
2012-01-26 13:00:00,4993.0664
2012-01-26 14:00:00,4956.292
2012-01-26 15:00:00,4929.039
2012-01-26 16:00:00,4951.302
2012-01-26 17:00:00,4932.1626
2012-01-26 18:00:00,4928.9966
2012-01-26 19:00:00,4985.048
2012-01-26 20:00:00,5026.6064
2012-01-26 21:00:00,4978.7095
2012-01-26 22:00:00,5054.672
2012-01-26 23:00:00,5026.3545
2012-01-27 00:00:00,5077.4546
2012-01-27 01:00:00,5105.0205
2012-01-27 02:00:00,5131.7793
2012-01-27 03:00:00,5108.676
2012-01-27 04:00:00,5156.1772
2012-01-27 05:00:00,5099.5957
2012-01-27 06:00:00,5126.823
2012-01-27 07:00:00,5126.6836
2012-01-27 08:00:00,4968.0137
2012-01-27 09:00:00,4964.9355
2012-01-27 10:00:00,5057.412
2012-01-27 11:00:00,5035.3633
2012-01-27 12:00:00,4971.953
2012-01-27 13:00:00,4708.546
2012-01-27 14:00:00,4661.6055
2012-01-27 15:00:00,4667.088
2012-01-27 16:00:00,4691.891
2012-01-27 17:00:00,4701.242
2012-01-27 18:00:00,4730.2607
2012-01-27 19:00:00,4812.8955
2012-01-27 20:00:00,4872.6704
2012-01-27 21:00:00,4863.973
2012-01-27 22:00:00,4827.95
2012-01-27 23:00:00,4846.1665
2012-01-28 00:00:00,4986.2817
2012-01-28 01:00:00,4984.59
2012-01-28 02:00:00,5097.136
2012-01-28 03:00:00,5095.1885
2012-01-28 04:00:00,5103.997
2012-01-28 05:00:00,5248.5195
2012-01-28 06:00:00,5197.6694
2012-01-28 07:00:00,5255.05
2012-01-28 08:00:00,5313.258
2012-01-28 09:00:00,5278.037
2012-01-28 10:00:00,5167.798
2012-01-28 11:00:00,4991.288
2012-01-28 12:00:00,5028.5254
2012-01-28 13:00:00,4944.1655
2012-01-28 14:00:00,4790.101
2012-01-28 15:00:00,4741.4385
2012-01-28 16:00:00,4684.7344
2012-01-28 17:00:00,4678.8594
2012-01-28 18:00:00,4663.799
2012-01-28 19:00:00,4621.9893
2012-01-28 20:00:00,4613.1016
2012-01-28 21:00:00,4647.076
2012-01-28 22:00:00,4707.0015
2012-01-28 23:00:00,4701.6904
2012-01-29 00:00:00,4823.443
2012-01-29 01:00:00,4774.228
2012-01-29 02:00:00,4780.3086
2012-01-29 03:00:00,4821.0576
2012-01-29 04:00:00,4867.142
2012-01-29 05:00:00,5095.643
2012-01-29 06:00:00,4987.6543
2012-01-29 07:00:00,4964.958
2012-01-29 08:00:00,5012.184
2012-01-29 09:00:00,5035.7036
2012-01-29 10:00:00,4889.512
2012-01-29 11:00:00,4768.807
2012-01-29 12:00:00,4698.3867
2012-01-29 13:00:00,4695.1694
2012-01-29 14:00:00,4690.3477
2012-01-29 15:00:00,4659.9824
2012-01-29 16:00:00,4671.0176
2012-01-29 17:00:00,4669.2896
2012-01-29 18:00:00,4682.38
2012-01-29 19:00:00,4701.056
2012-01-29 20:00:00,4812.3496
2012-01-29 21:00:00,4751.326
2012-01-29 22:00:00,4685.3765
2012-01-29 23:00:00,4750.454
2012-01-30 00:00:00,4715.921
2012-01-30 01:00:00,5101.092
2012-01-30 02:00:00,5015.0435
2012-01-30 03:00:00,5017.3525
2012-01-30 04:00:00,5085.2397
2012-01-30 05:00:00,5082.0693
2012-01-30 06:00:00,4990.899
2012-01-30 07:00:00,4985.0093
2012-01-30 08:00:00,5038.1084
2012-01-30 09:00:00,5034.941
2012-01-30 10:00:00,4948.936
2012-01-30 11:00:00,4886.915
2012-01-30 12:00:00,4841.885
2012-01-30 13:00:00,4753.4707
2012-01-30 14:00:00,4669.075
2012-01-30 15:00:00,4675.3
2012-01-30 16:00:00,4656.05
2012-01-30 17:00:00,4645.908
2012-01-30 18:00:00,4656.098
2012-01-30 19:00:00,4847.561
2012-01-30 20:00:00,4794.866
2012-01-30 21:00:00,4818.458
2012-01-30 22:00:00,4896.873
2012-01-30 23:00:00,5027.5186
2012-01-31 00:00:00,4999.5586
2012-01-31 01:00:00,4888.384
2012-01-31 02:00:00,4882.581
2012-01-31 03:00:00,4906.1777
2012-01-31 04:00:00,4941.3916
2012-01-31 05:00:00,4938.2227
2012-01-31 06:00:00,4988.6543
2012-01-31 07:00:00,5078.2163
2012-01-31 08:00:00,5073.82
2012-01-31 09:00:00,4952.306
2012-01-31 10:00:00,4951.1855
2012-01-31 11:00:00,4655.495
2012-01-31 12:00:00,4704.3994
2012-01-31 13:00:00,4573.1484
2012-01-31 14:00:00,4520.7397
2012-01-31 15:00:00,4494.7607
2012-01-31 16:00:00,4492.7617
2012-01-31 17:00:00,4489.473
2012-01-31 18:00:00,4486.85
2012-01-31 19:00:00,4510.1763
2012-01-31 20:00:00,4830.3984
2012-01-31 21:00:00,4532.6045
2012-01-31 22:00:00,4555.319
2012-01-31 23:00:00,4580.78
2012-02-20 00:00:00,5322.721
2012-02-20 01:00:00,5320.0903
2012-02-20 02:00:00,5317.462
2012-02-20 03:00:00,5291.337
2012-02-20 05:00:00,5117.9365
2012-02-20 06:00:00,5056.4116
2012-02-20 07:00:00,5093.786
2012-02-20 08:00:00,5156.802
2012-02-20 09:00:00,5153.6323
2012-02-20 10:00:00,5082.532
2012-02-20 11:00:00,4976.8203
2012-02-20 12:00:00,4916.2446
2012-02-20 13:00:00,4856.7393
2012-02-20 14:00:00,4775.134
2012-02-20 15:00:00,4737.0195
2012-02-20 16:00:00,4647.834
2012-02-20 17:00:00,4620.9893
2012-02-20 18:00:00,4727.461
2012-02-20 19:00:00,4724.2734
2012-02-20 20:00:00,4714.3477
2012-02-20 21:00:00,4806.1167
2012-02-20 22:00:00,4853.845
2012-02-20 23:00:00,4795.953
2012-02-21 00:00:00,5134.4937
2012-02-21 01:00:00,5051.0576
2012-02-21 02:00:00,5107.6465
2012-02-21 04:00:00,5161.1436
2012-02-21 05:00:00,5223.5166
2012-02-21 06:00:00,5265.2695
2012-02-21 07:00:00,5151.6255
2012-02-21 08:00:00,5223.9727
2012-02-21 09:00:00,5266.415
2012-02-21 10:00:00,5189.1494
2012-02-21 11:00:00,5146.862
2012-02-21 12:00:00,4961.231
2012-02-21 13:00:00,4853.7705
2012-02-21 14:00:00,4903.993
2012-02-21 15:00:00,4847.4326
2012-02-21 16:00:00,4784.0283
2012-02-21 17:00:00,4672.5503
2012-02-21 18:00:00,4669.3643
2012-02-21 19:00:00,4785.333
2012-02-21 20:00:00,4872.7334
2012-02-21 21:00:00,4939.6836
2012-02-21 22:00:00,5013.9424
2012-02-21 23:00:00,5006.0146
2012-02-22 00:00:00,5078.8926
2012-02-22 01:00:00,5100.7925
2012-02-22 02:00:00,5043.0054
2012-02-22 03:00:00,5080.792
2012-02-22 04:00:00,5082.742
2012-02-22 05:00:00,5090.8027
2012-02-22 06:00:00,5143.556
2012-02-22 07:00:00,5138.9077
2012-02-22 08:00:00,5150.66
2012-02-22 09:00:00,5079.477
2012-02-22 10:00:00,5061.0815
2012-02-22 11:00:00,4991.818
2012-02-22 12:00:00,4875.207
2012-02-22 13:00:00,4775.2573
2012-02-22 14:00:00,4745.239
2012-02-22 15:00:00,4517.5728
2012-02-22 16:00:00,4506.097
2012-02-22 17:00:00,4495.5776
2012-02-22 18:00:00,4559.323
2012-02-22 19:00:00,4611.1187
2012-02-22 20:00:00,4666.9014
2012-02-22 21:00:00,4510.652
2012-02-22 22:00:00,4655.156
2012-02-22 23:00:00,4571.6904
2012-02-23 00:00:00,4724.8647
2012-02-23 01:00:00,4817.099
2012-02-23 02:00:00,4855.01
2012-02-23 03:00:00,4890.082
2012-02-23 04:00:00,5030.829
2012-02-23 05:00:00,5027.6597
2012-02-23 06:00:00,5161.495
2012-02-23 07:00:00,5123.1724
2012-02-23 08:00:00,5177.697
2012-02-23 09:00:00,5124.0957
2012-02-23 10:00:00,4910.1685
2012-02-23 11:00:00,4657.06
2012-02-23 12:00:00,4579.0044
2012-02-23 13:00:00,4530.332
2012-02-23 14:00:00,4487.4043
2012-02-23 15:00:00,4474.3545
2012-02-23 16:00:00,4454.119
2012-02-23 17:00:00,4473.0156
2012-02-23 18:00:00,4477.5947
2012-02-23 19:00:00,4544.945
2012-02-23 20:00:00,4630.534
2012-02-23 21:00:00,4705.7603
2012-02-23 22:00:00,4726.6533
2012-02-23 23:00:00,4746.4644
2012-02-24 00:00:00,4837.831
2012-02-24 01:00:00,4869.9473
2012-02-24 02:00:00,4998.4756
2012-02-24 03:00:00,5063.0693
2012-02-24 04:00:00,5111.3374
2012-02-24 05:00:00,5096.514
2012-02-24 06:00:00,5095.7144
2012-02-24 07:00:00,5012.26
2012-02-24 08:00:00,5023.7754
2012-02-24 09:00:00,5107.6797
2012-02-24 10:00:00,5102.6455
2012-02-24 11:00:00,5103.978
2012-02-24 12:00:00,5004.5337
2012-02-24 13:00:00,4935.376
2012-02-24 14:00:00,4848.3076
2012-02-24 15:00:00,5061.1675
2012-02-24 16:00:00,5058.4863
2012-02-24 17:00:00,5078.735
2012-02-24 18:00:00,5091.4277
2012-02-24 19:00:00,5025.865
2012-02-24 20:00:00,4789.481
2012-02-24 21:00:00,4585.9697
2012-02-24 22:00:00,4605.482
2012-02-24 23:00:00,4623.999
2012-02-25 00:00:00,4824.2246
2012-02-25 01:00:00,4848.399
2012-02-25 02:00:00,4896.1396
2012-02-25 03:00:00,4922.3936
2012-02-25 04:00:00,4889.8105
2012-02-25 05:00:00,4880.2417
2012-02-25 06:00:00,4877.0645
2012-02-25 07:00:00,4929.692
2012-02-25 08:00:00,4990.871
2012-02-25 09:00:00,5245.6035
2012-02-25 10:00:00,5086.149
2012-02-25 11:00:00,4825.9766
2012-02-25 12:00:00,4722.714
2012-02-25 13:00:00,4725.6533
2012-02-25 14:00:00,4718.4785
2012-02-25 15:00:00,4708.493
2012-02-25 16:00:00,4708.6943
2012-02-25 17:00:00,4766.969
2012-02-25 18:00:00,4724.0835
2012-02-25 19:00:00,4819.9053
2012-02-25 20:00:00,4779.0786
2012-02-25 21:00:00,4856.2803
2012-02-25 22:00:00,4877.0034
2012-02-25 23:00:00,4904.008
2012-02-26 00:00:00,4973.1504
2012-02-26 01:00:00,4998.834
2012-02-26 02:00:00,4995.653
2012-02-26 03:00:00,4968.51
2012-02-26 04:00:00,4965.3296
2012-02-26 05:00:00,5010.339
2012-02-26 06:00:00,5007.0635
2012-02-26 07:00:00,5093.1655
2012-02-26 08:00:00,5084.6562
2012-02-26 09:00:00,5024.4316
2012-02-26 10:00:00,4915.521
2012-02-26 11:00:00,4886.8213
2012-02-26 12:00:00,4836.4893
2012-02-26 13:00:00,4785.2646
2012-02-26 14:00:00,4713.743
2012-02-26 15:00:00,4678.2363
2012-02-26 16:00:00,4688.587
2012-02-26 17:00:00,4678.5874
2012-02-26 18:00:00,4738.798
2012-02-26 19:00:00,4719.1606
2012-02-26 20:00:00,4811.0566
2012-02-26 21:00:00,4861.496
2012-02-26 22:00:00,4832.7935
2012-02-26 23:00:00,5008.118
2012-02-27 00:00:00,5104.3867
2012-02-27 01:00:00,5139.1846
2012-02-27 02:00:00,5188.5513
2012-02-27 03:00:00,5242.1846
2012-02-27 04:00:00,5293.244
2012-02-27 05:00:00,5290.5264
2012-02-27 06:00:00,5194.9946
2012-02-27 07:00:00,5108.9907
2012-02-27 08:00:00,5116.7686
2012-02-27 09:00:00,5071.8813
2012-02-27 10:00:00,4857.218
2012-02-27 11:00:00,4787.9824
2012-02-27 12:00:00,4651.009
2012-02-27 13:00:00,4702.5806
2012-02-27 14:00:00,4563.948
2012-02-27 15:00:00,4511.0303
2012-02-27 16:00:00,4492.7617
2012-02-27 17:00:00,4492.6885
2012-02-27 18:00:00,4503.2466
2012-02-27 19:00:00,4514.0225
2012-02-27 20:00:00,4518.104
2012-02-27 21:00:00,4542.6855
2012-02-27 22:00:00,4637.4634
2012-02-27 23:00:00,4720.054
2012-02-28 00:00:00,4831.3145
2012-02-28 01:00:00,4945.0127
2012-02-28 02:00:00,4851.7593
2012-02-28 03:00:00,4630.81
2012-02-28 04:00:00,4849.3633
2012-02-28 05:00:00,4846.1865
2012-02-28 06:00:00,4896.6055
2012-02-28 07:00:00,4920.227
2012-02-28 08:00:00,4969.31
2012-02-28 09:00:00,4908.4785
2012-02-28 10:00:00,4859.8574
2012-02-28 11:00:00,4750.0625
2012-02-28 12:00:00,4706.203
2012-02-28 13:00:00,4678.7637
2012-02-28 14:00:00,4591.914
2012-02-28 15:00:00,4579.049
2012-02-28 16:00:00,4573.429
2012-02-28 17:00:00,4575.1294
2012-02-28 18:00:00,4572.602
2012-02-28 19:00:00,4567.1567
2012-02-28 20:00:00,4579.0625
2012-02-28 21:00:00,4801.917
2012-02-28 22:00:00,4798.747
2012-02-28 23:00:00,4890.072
2012-02-29 00:00:00,4955.03
2012-02-29 01:00:00,4916.1875
2012-02-29 02:00:00,5007.451
2012-02-29 03:00:00,5146.974
2012-02-29 05:00:00,5203.6963
2012-02-29 06:00:00,5169.632
2012-02-29 07:00:00,5230.4766
2012-02-29 08:00:00,5171.0957
2012-02-29 09:00:00,5171.009
2012-02-29 10:00:00,5168.295
2012-02-29 11:00:00,5204.8926
2012-02-29 12:00:00,5200.1387
2012-02-29 13:00:00,5159.9023
2012-02-29 14:00:00,5157.256
2012-02-29 15:00:00,5032.1206
2012-02-29 16:00:00,5024.5225
2012-02-29 17:00:00,5065.9985
2012-02-29 18:00:00,5066.0195
2012-02-29 19:00:00,5064.62
2012-02-29 20:00:00,5033.576
2012-02-29 21:00:00,5030.7803
2012-02-29 22:00:00,5052.8013
2012-02-29 23:00:00,5050.1465
2012-03-20 00:00:00,4871.807
2012-03-20 01:00:00,4977.105
2012-03-20 02:00:00,4968.1523
2012-03-20 03:00:00,4962.63
2012-03-20 04:00:00,4974.5312
2012-03-20 05:00:00,5017.0283
2012-03-20 06:00:00,5003.0537
2012-03-20 07:00:00,4987.4375
2012-03-20 08:00:00,4964.2915
2012-03-20 09:00:00,4933.5967
2012-03-20 10:00:00,4936.967
2012-03-20 11:00:00,4856.015
2012-03-20 12:00:00,4770.106
2012-03-20 13:00:00,4772.341
2012-03-20 14:00:00,4708.873
2012-03-20 15:00:00,4651.29
2012-03-20 16:00:00,4619.62
2012-03-20 17:00:00,4705.7344
2012-03-20 18:00:00,4661.4873
2012-03-20 19:00:00,4747.609
2012-03-20 20:00:00,4703.8936
2012-03-20 21:00:00,4777.578
2012-03-20 22:00:00,4834.241
2012-03-20 23:00:00,4899.5625
2012-03-21 00:00:00,5014.039
2012-03-21 01:00:00,4970.3716
2012-03-21 02:00:00,5022.7583
2012-03-21 03:00:00,5007.5166
2012-03-21 04:00:00,5008.41
2012-03-21 05:00:00,5005.3574
2012-03-21 06:00:00,5050.7144
2012-03-21 07:00:00,5042.676
2012-03-21 08:00:00,5047.5625
2012-03-21 09:00:00,4991.0986
2012-03-21 10:00:00,4929.7734
2012-03-21 11:00:00,4926.743
2012-03-21 12:00:00,4868.1934
2012-03-21 13:00:00,4907.7925
2012-03-21 14:00:00,4846.511
2012-03-21 15:00:00,4843.391
2012-03-21 16:00:00,4780.4053
2012-03-21 17:00:00,4690.6387
2012-03-21 18:00:00,4695.586
2012-03-21 19:00:00,4638.4307
2012-03-21 20:00:00,4828.5176
2012-03-21 21:00:00,4885.05
2012-03-21 22:00:00,4901.795
2012-03-21 23:00:00,4842.3105
2012-03-22 00:00:00,4973.4043
2012-03-22 01:00:00,4970.3716
2012-03-22 02:00:00,4967.338
2012-03-22 03:00:00,4964.3076
2012-03-22 04:00:00,5097.2515
2012-03-22 05:00:00,5094.594
2012-03-22 06:00:00,5091.9404
2012-03-22 07:00:00,5089.286
2012-03-22 08:00:00,5034.923
2012-03-22 09:00:00,5032.211
2012-03-22 10:00:00,5059.7896
2012-03-22 11:00:00,5010.8604
2012-03-22 12:00:00,4932.4893
2012-03-22 13:00:00,4826.62
2012-03-22 14:00:00,4734.469
2012-03-22 15:00:00,4663.381
2012-03-22 16:00:00,4609.7915
2012-03-22 17:00:00,4585.24
2012-03-22 18:00:00,4582.072
2012-03-22 19:00:00,4558.112
2012-03-22 20:00:00,4684.505
2012-03-22 21:00:00,4794.3
2012-03-22 22:00:00,4852.4824
2012-03-22 23:00:00,4856.3193
2012-03-23 00:00:00,4931.949
2012-03-23 01:00:00,4987.08
2012-03-23 02:00:00,4978.1187
2012-03-23 03:00:00,4997.9224
2012-03-23 04:00:00,5044.61
2012-03-23 05:00:00,5048.9707
2012-03-23 06:00:00,5011.141
2012-03-23 07:00:00,5029.078
2012-03-23 08:00:00,5031.528
2012-03-23 09:00:00,4985.793
2012-03-23 10:00:00,4920.8105
2012-03-23 11:00:00,4720.165
2012-03-23 12:00:00,4550.942
2012-03-23 13:00:00,4403.926
2012-03-23 14:00:00,4333.3896
2012-03-23 15:00:00,4331.471
2012-03-23 16:00:00,4329.4175
2012-03-23 17:00:00,4327.0723
2012-03-23 18:00:00,4364.0435
2012-03-23 19:00:00,4442.442
2012-03-23 20:00:00,4417.9326
2012-03-23 21:00:00,4500.4497
2012-03-23 22:00:00,4603.244
2012-03-23 23:00:00,4656.7725
2012-03-24 00:00:00,4800.0825
2012-03-24 01:00:00,4857.536
2012-03-24 02:00:00,4912.9556
2012-03-24 03:00:00,4909.7695
2012-03-24 04:00:00,4975.2256
2012-03-24 05:00:00,4958.879
2012-03-24 06:00:00,4955.847
2012-03-24 07:00:00,5013.1
2012-03-24 08:00:00,5040.686
2012-03-24 09:00:00,4948.724
2012-03-24 10:00:00,4976.212
2012-03-24 11:00:00,5032.7817
2012-03-24 12:00:00,4998.3203
2012-03-24 13:00:00,4993.075
2012-03-24 14:00:00,4944.9116
2012-03-24 15:00:00,4995.54
2012-03-24 16:00:00,5002.9624
2012-03-24 17:00:00,4968.3467
2012-03-24 18:00:00,5046.8105
2012-03-24 19:00:00,5051.782
2012-03-24 20:00:00,5095.4565
2012-03-24 21:00:00,5092.8027
2012-03-24 22:00:00,5085.125
2012-03-24 23:00:00,5057.9414
2012-03-25 00:00:00,5119.0225
2012-03-25 01:00:00,5170.369
2012-03-25 02:00:00,5156.038
2012-03-25 03:00:00,5123.4907
2012-03-25 04:00:00,5126.2207
2012-03-25 05:00:00,5181.28
2012-03-25 06:00:00,5178.6235
2012-03-25 07:00:00,5139.7876
2012-03-25 08:00:00,5137.1294
2012-03-25 09:00:00,5140.753
2012-03-25 10:00:00,5096.484
2012-03-25 11:00:00,5135.437
2012-03-25 12:00:00,5135.286
2012-03-25 13:00:00,5085.1367
2012-03-25 14:00:00,5060.4863
2012-03-25 15:00:00,5055.722
2012-03-25 16:00:00,4950.4326
2012-03-25 17:00:00,4870.289
2012-03-25 18:00:00,4867.119
2012-03-25 19:00:00,4849.099
2012-03-25 20:00:00,4917.303
2012-03-25 21:00:00,4919.543
2012-03-25 22:00:00,4981.8833
2012-03-25 23:00:00,4955.145
2012-03-26 00:00:00,5000.5586
2012-03-26 01:00:00,5000.027
2012-03-26 02:00:00,5060.9316
2012-03-26 03:00:00,5021.62
2012-03-26 04:00:00,5044.291
2012-03-26 05:00:00,5005.142
2012-03-26 06:00:00,5060.1123
2012-03-26 07:00:00,4951.2563
2012-03-26 08:00:00,4856.1914
2012-03-26 09:00:00,4689.754
2012-03-26 10:00:00,4540.5312
2012-03-26 11:00:00,4543.341
2012-03-26 12:00:00,4543.6533
2012-03-26 13:00:00,4548.01
2012-03-26 14:00:00,4537.4893
2012-03-26 15:00:00,4542.0522
2012-03-26 16:00:00,4549.9165
2012-03-26 17:00:00,4558.109
2012-03-26 18:00:00,4568.9355
2012-03-26 19:00:00,4583.4233
2012-03-26 20:00:00,4598.745
2012-03-26 21:00:00,4613.651
2012-03-26 22:00:00,4639.7373
2012-03-26 23:00:00,4669.8936
2012-03-27 00:00:00,4725.9985
2012-03-27 01:00:00,4742.5967
2012-03-27 02:00:00,4848.862
2012-03-27 03:00:00,4843.065
2012-03-27 04:00:00,4879.0166
2012-03-27 05:00:00,4940.9497
2012-03-27 06:00:00,4936.176
2012-03-27 07:00:00,4932.99
2012-03-27 08:00:00,4930.0923
2012-03-27 09:00:00,4920.564
2012-03-27 10:00:00,4854.931
2012-03-27 11:00:00,4764.1973
2012-03-27 12:00:00,4736.795
2012-03-27 13:00:00,4664.295
2012-03-27 14:00:00,4600.3164
2012-03-27 15:00:00,4579.697
2012-03-27 16:00:00,4577.714
2012-03-27 17:00:00,4562.7344
2012-03-27 18:00:00,4580.7056
2012-03-27 19:00:00,4574.9897
2012-03-27 20:00:00,4576.794
2012-03-27 21:00:00,4712.6133
2012-03-27 22:00:00,4712.1636
2012-03-27 23:00:00,4703.568
2012-03-28 00:00:00,4804.4995
2012-03-28 01:00:00,4853.498
2012-03-28 02:00:00,4910.5664
2012-03-28 03:00:00,4842.2305
2012-03-28 04:00:00,4817.236
2012-03-28 05:00:00,4814.0674
2012-03-28 06:00:00,4832.2505
2012-03-28 07:00:00,4831.778
2012-03-28 08:00:00,4773.6997
2012-03-28 09:00:00,4711.505
2012-03-28 10:00:00,4620.9004
2012-03-28 11:00:00,4581.1377
2012-03-28 12:00:00,4497.744
2012-03-28 13:00:00,4516.7593
2012-03-28 14:00:00,4400.336
2012-03-28 15:00:00,4402.117
2012-03-28 16:00:00,4410.2573
2012-03-28 17:00:00,4588.81
2012-03-28 18:00:00,4585.642
2012-03-28 19:00:00,4540.174
2012-03-28 20:00:00,4527.5503
2012-03-28 21:00:00,4625.6494
2012-03-28 22:00:00,4693.1064
2012-03-28 23:00:00,4749.6953
2012-03-29 00:00:00,4817.1675
2012-03-29 01:00:00,4723.9688
2012-03-29 02:00:00,4443.714
2012-03-29 03:00:00,4474.12
2012-03-29 04:00:00,4537.335
2012-03-29 05:00:00,4641.7695
2012-03-29 06:00:00,4808.9917
2012-03-29 07:00:00,4725.0146
2012-03-29 08:00:00,4680.7637
2012-03-29 09:00:00,4662.372
2012-03-29 10:00:00,4671.7227
2012-03-29 11:00:00,4605.1973
2012-03-29 12:00:00,4568.4907
2012-03-29 13:00:00,4646.2666
2012-03-29 14:00:00,4574.3394
2012-03-29 15:00:00,4519.4517
2012-03-29 16:00:00,4502.6133
2012-03-29 17:00:00,4507.722
2012-03-29 18:00:00,4540.2617
2012-03-29 19:00:00,4562.575
2012-03-29 20:00:00,4573.27
2012-03-29 21:00:00,4649.053
2012-03-29 22:00:00,4670.0283
2012-03-29 23:00:00,4692.267
2012-03-30 00:00:00,4789.2275
2012-03-30 01:00:00,4838.309
2012-03-30 02:00:00,4912.7617
2012-03-30 03:00:00,5010.5566
2012-03-30 04:00:00,4930.691
2012-03-30 05:00:00,5023.0137
2012-03-30 06:00:00,4980.121
2012-03-30 07:00:00,4983.585
2012-03-30 08:00:00,5060.6807
2012-03-30 09:00:00,4953.1636
2012-03-30 10:00:00,4912.8584
2012-03-30 11:00:00,4874.0835
2012-03-30 12:00:00,4855.75
2012-03-30 13:00:00,4783.7036
2012-03-30 14:00:00,4816.2075
2012-03-30 15:00:00,4788.9585
2012-03-30 16:00:00,4855.5366
2012-03-30 17:00:00,4866.835
2012-03-30 18:00:00,4780.006
2012-03-30 19:00:00,4869.5605
2012-03-30 20:00:00,4871.7974
2012-03-30 21:00:00,4931.1543
2012-03-30 22:00:00,5012.6885
2012-03-30 23:00:00,5005.655
2012-03-31 00:00:00,5135.88
2012-03-31 01:00:00,5058.7065
2012-03-31 02:00:00,5034.9727
2012-03-31 03:00:00,5102.0566
2012-03-31 04:00:00,5022.8154
2012-03-31 05:00:00,5098.4355
2012-03-31 06:00:00,5180.2627
2012-03-31 07:00:00,5177.6147
2012-03-31 08:00:00,5172.447
2012-03-31 09:00:00,5033.337
2012-03-31 10:00:00,5035.604
2012-03-31 11:00:00,4933.479
2012-03-31 12:00:00,4873.732
2012-03-31 13:00:00,4723.603
2012-03-31 14:00:00,4775.6074
2012-03-31 15:00:00,4709.913
2012-03-31 16:00:00,4765.2163
2012-03-31 17:00:00,4820.0664
2012-03-31 18:00:00,4896.6006
2012-03-31 19:00:00,4919.0645
2012-03-31 20:00:00,4941.718
2012-03-31 21:00:00,4938.5513
2012-03-31 22:00:00,4966.285
2012-03-31 23:00:00,5057.216
2012-04-20 00:00:00,4888.719
2012-04-20 01:00:00,5027.706
2012-04-20 02:00:00,5084.83
2012-04-20 03:00:00,5088.0635
2012-04-20 04:00:00,5138.6826
2012-04-20 05:00:00,5144.877
2012-04-20 06:00:00,5108.7944
2012-04-20 07:00:00,5139.511
2012-04-20 08:00:00,5114.9097
2012-04-20 09:00:00,5051.076
2012-04-20 10:00:00,4914.0557
2012-04-20 11:00:00,4785.009
2012-04-20 12:00:00,4597.136
2012-04-20 13:00:00,4428.24
2012-04-20 14:00:00,4416.3687
2012-04-20 15:00:00,4443.103
2012-04-20 16:00:00,4397.801
2012-04-20 17:00:00,4428.6406
2012-04-20 18:00:00,4466.9805
2012-04-20 19:00:00,4513.422
2012-04-20 20:00:00,4601.2437
2012-04-20 21:00:00,4731.95
2012-04-20 22:00:00,4742.0557
2012-04-20 23:00:00,4809.5127
2012-04-21 00:00:00,4932.4653
2012-04-21 01:00:00,4929.295
2012-04-21 02:00:00,4934.3643
2012-04-21 03:00:00,4986.2236
2012-04-21 04:00:00,4981.239
2012-04-21 05:00:00,4978.211
2012-04-21 06:00:00,4977.1323
2012-04-21 07:00:00,4970.2295
2012-04-21 08:00:00,4938.7637
2012-04-21 09:00:00,4885.203
2012-04-21 10:00:00,4654.8394
2012-04-21 11:00:00,4606.116
2012-04-21 12:00:00,4552.649
2012-04-21 13:00:00,4507.9844
2012-04-21 14:00:00,4381.3755
2012-04-21 15:00:00,4339.096
2012-04-21 16:00:00,4366.85
2012-04-21 17:00:00,4329.79
2012-04-21 18:00:00,4387.3477
2012-04-21 19:00:00,4745.9297
2012-04-21 20:00:00,4912.9604
2012-04-21 21:00:00,4901.8604
2012-04-21 22:00:00,4947.6343
2012-04-21 23:00:00,4960.9004
2012-04-22 00:00:00,5036.2783
2012-04-22 01:00:00,5024.469
2012-04-22 02:00:00,4948.4824
2012-04-22 03:00:00,5052.8525
2012-04-22 04:00:00,5012.7134
2012-04-22 05:00:00,5004.0186
2012-04-22 06:00:00,4946.7754
2012-04-22 07:00:00,4997.879
2012-04-22 08:00:00,5070.947
2012-04-22 09:00:00,5067.9077
2012-04-22 10:00:00,5083.548
2012-04-22 11:00:00,5109.9453
2012-04-22 12:00:00,5104.7417
2012-04-22 13:00:00,5072.935
2012-04-22 14:00:00,5099.4834
2012-04-22 15:00:00,5091.756
2012-04-22 16:00:00,5084.0396
2012-04-22 17:00:00,5165.946
2012-04-22 18:00:00,5163.2944
2012-04-22 19:00:00,5123.6113
2012-04-22 20:00:00,5152.409
2012-04-22 21:00:00,5121.7256
2012-04-22 22:00:00,5145.288
2012-04-22 23:00:00,5085.0947
2012-04-23 00:00:00,5129.617
2012-04-23 01:00:00,5192.213
2012-04-23 02:00:00,5213.456
2012-04-23 03:00:00,5183.909
2012-04-23 04:00:00,5194.795
2012-04-23 05:00:00,5192.142
2012-04-23 06:00:00,5204.3154
2012-04-23 07:00:00,5188.982
2012-04-23 08:00:00,5156.6655
2012-04-23 09:00:00,5148.4507
2012-04-23 10:00:00,5075.4873
2012-04-23 11:00:00,5078.957
2012-04-23 12:00:00,5051.562
2012-04-23 13:00:00,5001.094
2012-04-23 14:00:00,4932.701
2012-04-23 15:00:00,4934.6636
2012-04-23 16:00:00,5165.007
2012-04-23 17:00:00,5169.9414
2012-04-23 18:00:00,5128.6187
2012-04-23 19:00:00,5085.8535
2012-04-23 20:00:00,5102.96
2012-04-23 21:00:00,5139.2666
2012-04-23 22:00:00,5102.9175
2012-04-23 23:00:00,5102.479
2012-04-24 00:00:00,5156.859
2012-04-24 01:00:00,5182.839
2012-04-24 02:00:00,5192.6865
2012-04-24 03:00:00,5196.3735
2012-04-24 04:00:00,5140.0176
2012-04-24 05:00:00,5136.8096
2012-04-24 06:00:00,5130.8945
2012-04-24 07:00:00,5062.437
2012-04-24 08:00:00,4993.2363
2012-04-24 09:00:00,4755.3076
2012-04-24 10:00:00,4733.46
2012-04-24 11:00:00,4555.5684
2012-04-24 12:00:00,4540.0215
2012-04-24 13:00:00,4522.8735
2012-04-24 14:00:00,4527.2617
2012-04-24 15:00:00,4528.3833
2012-04-24 16:00:00,4516.7744
2012-04-24 17:00:00,4507.491
2012-04-24 18:00:00,4508.667
2012-04-24 19:00:00,4518.5347
2012-04-24 20:00:00,4533.1006
2012-04-24 21:00:00,4531.115
2012-04-24 22:00:00,4581.8486
2012-04-24 23:00:00,4630.927
2012-04-25 00:00:00,4687.778
2012-04-25 01:00:00,4735.506
2012-04-25 02:00:00,4991.9287
2012-04-25 03:00:00,5109.6216
2012-04-25 04:00:00,5046.633
2012-04-25 05:00:00,5042.2427
2012-04-25 06:00:00,5039.073
2012-04-25 07:00:00,5080.496
2012-04-25 08:00:00,5099.2715
2012-04-25 09:00:00,4826.094
2012-04-25 10:00:00,4524.0127
2012-04-25 11:00:00,4497.251
2012-04-25 12:00:00,4490.698
2012-04-25 13:00:00,4471.3457
2012-04-25 14:00:00,4479.0024
2012-04-25 15:00:00,4454.6025
2012-04-25 16:00:00,4431.0957
2012-04-25 17:00:00,4427.671
2012-04-25 18:00:00,4424.84
2012-04-25 19:00:00,4417.8726
2012-04-25 20:00:00,4455.8677
2012-04-25 21:00:00,4637.475
2012-04-25 22:00:00,4661.7046
2012-04-25 23:00:00,4641.3477
2012-04-26 00:00:00,4853.443
2012-04-26 01:00:00,4708.381
2012-04-26 02:00:00,4766.292
2012-04-26 03:00:00,4764.4746
2012-04-26 04:00:00,4796.9775
2012-04-26 05:00:00,4825.4365
2012-04-26 06:00:00,4811.461
2012-04-26 07:00:00,4982.15
2012-04-26 08:00:00,4989.6543
2012-04-26 09:00:00,5029.6733
2012-04-26 10:00:00,5066.7104
2012-04-26 11:00:00,5059.0215
2012-04-26 12:00:00,4925.6787
2012-04-26 13:00:00,4937.4956
2012-04-26 14:00:00,4844.0176
2012-04-26 15:00:00,4903.964
2012-04-26 16:00:00,4907.6606
2012-04-26 17:00:00,4846.2744
2012-04-26 18:00:00,4831.345
2012-04-26 19:00:00,4825.468
2012-04-26 20:00:00,4834.0674
2012-04-26 21:00:00,4900.9023
2012-04-26 22:00:00,4901.795
2012-04-26 23:00:00,4956.8115
2012-04-27 00:00:00,4784.7607
2012-04-27 01:00:00,4759.046
2012-04-27 02:00:00,4782.663
2012-04-27 03:00:00,4713.9385
2012-04-27 04:00:00,4729.77
2012-04-27 05:00:00,4717.141
2012-04-27 06:00:00,4738.5986
2012-04-27 07:00:00,4819.299
2012-04-27 08:00:00,4817.6724
2012-04-27 09:00:00,4692.304
2012-04-27 10:00:00,4618.4688
2012-04-27 11:00:00,4623.1494
2012-04-27 12:00:00,4575.0127
2012-04-27 13:00:00,4557.828
2012-04-27 14:00:00,4554.0703
2012-04-27 15:00:00,4507.3096
2012-04-27 16:00:00,4497.139
2012-04-27 17:00:00,4488.95
2012-04-27 18:00:00,4501.3105
2012-04-27 19:00:00,4515.4883
2012-04-27 20:00:00,4533.7305
2012-04-27 21:00:00,4555.2324
2012-04-27 22:00:00,4619.222
2012-04-27 23:00:00,4657.9766
2012-04-28 00:00:00,4803.433
2012-04-28 01:00:00,4902.7466
2012-04-28 02:00:00,4839.915
2012-04-28 03:00:00,4918.33
2012-04-28 04:00:00,4911.2314
2012-04-28 05:00:00,4884.0166
2012-04-28 06:00:00,4902.196
2012-04-28 07:00:00,4901.7256
2012-04-28 08:00:00,4754.039
2012-04-28 09:00:00,4727.2266
2012-04-28 10:00:00,4735.9287
2012-04-28 11:00:00,4738.171
2012-04-28 12:00:00,4771.2275
2012-04-28 13:00:00,4690.4097
2012-04-28 14:00:00,4671.6665
2012-04-28 15:00:00,4684.4336
2012-04-28 16:00:00,4624.0117
2012-04-28 17:00:00,4677.15
2012-04-28 18:00:00,4754.6807
2012-04-28 19:00:00,5020.352
2012-04-28 20:00:00,4950.997
2012-04-28 21:00:00,5008.61
2012-04-28 22:00:00,5019.9077
2012-04-28 23:00:00,5022.592
2012-04-29 00:00:00,5156.068
2012-04-29 01:00:00,5161.5835
2012-04-29 02:00:00,5187.1616
2012-04-29 03:00:00,5185.572
2012-04-29 04:00:00,5187.9375
2012-04-29 05:00:00,5207.717
2012-04-29 06:00:00,5212.2812
2012-04-29 07:00:00,5201.633
2012-04-29 08:00:00,5075.2725
2012-04-29 09:00:00,5003.201
2012-04-29 10:00:00,4944.3247
2012-04-29 11:00:00,4758.352
2012-04-29 12:00:00,4659.1436
2012-04-29 13:00:00,4640.8125
2012-04-29 14:00:00,4500.9424
2012-04-29 15:00:00,4487.661
2012-04-29 16:00:00,4420.987
2012-04-29 17:00:00,4413.7437
2012-04-29 18:00:00,4422.799
2012-04-29 19:00:00,4462.8057
2012-04-29 20:00:00,4457.3223
2012-04-29 21:00:00,4615.377
2012-04-29 22:00:00,4621.7744
2012-04-29 23:00:00,4767.5356
2012-04-30 00:00:00,4981.5356
2012-04-30 01:00:00,5047.706
2012-04-30 02:00:00,4987.7266
2012-04-30 03:00:00,5050.677
2012-04-30 04:00:00,4938.5356
2012-04-30 05:00:00,4935.366
2012-04-30 06:00:00,4779.678
2012-04-30 07:00:00,4803.2637
2012-04-30 08:00:00,4737.666
2012-04-30 09:00:00,4725.4355
2012-04-30 10:00:00,4683.046
2012-04-30 11:00:00,4687.8984
2012-04-30 12:00:00,4708.786
2012-04-30 13:00:00,4697.1147
2012-04-30 14:00:00,4701.488
2012-04-30 15:00:00,4676.8774
2012-04-30 16:00:00,4671.0376
2012-04-30 17:00:00,4670.565
2012-04-30 18:00:00,4652.9297
2012-04-30 19:00:00,4706.8223
2012-04-30 20:00:00,4688.6035
2012-04-30 21:00:00,4685.4365
2012-04-30 22:00:00,4649.2896
2012-04-30 23:00:00,4640.7183
2012-05-20 00:00:00,4656.84
2012-05-20 01:00:00,4678.365
2012-05-20 02:00:00,4675.1963
2012-05-20 03:00:00,4723.6626
2012-05-20 04:00:00,4851.659
2012-05-20 05:00:00,4906.961
2012-05-20 06:00:00,4820.8257
2012-05-20 07:00:00,4832.704
2012-05-20 08:00:00,4676.985
2012-05-20 09:00:00,4417.1025
2012-05-20 10:00:00,4394.7017
2012-05-20 11:00:00,4391.1543
2012-05-20 12:00:00,4374.589
2012-05-20 13:00:00,4360.639
2012-05-20 14:00:00,4343.1665
2012-05-20 15:00:00,4353.72
2012-05-20 16:00:00,4348.441
2012-05-20 17:00:00,4356.6323
2012-05-20 18:00:00,4407.7236
2012-05-20 19:00:00,4533.8555
2012-05-20 20:00:00,4530.6895
2012-05-20 21:00:00,4625.6416
2012-05-20 22:00:00,4687.691
2012-05-20 23:00:00,4732.381
2012-05-21 00:00:00,4906.321
2012-05-21 01:00:00,4899.4355
2012-05-21 02:00:00,4964.9536
2012-05-21 03:00:00,4929.345
2012-05-21 04:00:00,4917.9043
2012-05-21 05:00:00,4914.8623
2012-05-21 06:00:00,4911.823
2012-05-21 07:00:00,4908.7827
2012-05-21 08:00:00,4908.684
2012-05-21 09:00:00,4907.614
2012-05-21 10:00:00,4876.9214
2012-05-21 11:00:00,4832.025
2012-05-21 12:00:00,4823.1978
2012-05-21 13:00:00,4811.8677
2012-05-21 14:00:00,4812.623
2012-05-21 15:00:00,4675.249
2012-05-21 16:00:00,4666.678
2012-05-21 17:00:00,4603.755
2012-05-21 18:00:00,4682.9062
2012-05-21 19:00:00,4621.3335
2012-05-21 20:00:00,4638.1963
2012-05-21 21:00:00,4653.8237
2012-05-21 22:00:00,4679.907
2012-05-21 23:00:00,4675.0
2012-05-22 00:00:00,4891.5234
2012-05-22 01:00:00,4887.9565
2012-05-22 02:00:00,4886.8877
2012-05-22 03:00:00,4883.8564
2012-05-22 04:00:00,4935.091
2012-05-22 05:00:00,4921.7236
2012-05-22 06:00:00,4924.5894
2012-05-22 07:00:00,4921.5557
2012-05-22 08:00:00,4924.916
2012-05-22 09:00:00,4842.018
2012-05-22 10:00:00,4793.4634
2012-05-22 11:00:00,4798.5737
2012-05-22 12:00:00,4761.622
2012-05-22 13:00:00,4699.1523
2012-05-22 14:00:00,4686.5156
2012-05-22 15:00:00,4514.446
2012-05-22 16:00:00,4534.0044
2012-05-22 17:00:00,4429.6836
2012-05-22 18:00:00,4524.969
2012-05-22 19:00:00,4609.1772
2012-05-22 20:00:00,4663.0674
2012-05-22 21:00:00,4739.4453
2012-05-22 22:00:00,4695.7246
2012-05-22 23:00:00,4691.2075
2012-05-23 00:00:00,4806.1465
2012-05-23 01:00:00,4870.7344
2012-05-23 02:00:00,4859.3076
2012-05-23 03:00:00,4823.508
2012-05-23 04:00:00,4866.5356
2012-05-23 05:00:00,4917.788
2012-05-23 06:00:00,4941.3086
2012-05-23 07:00:00,4887.0186
2012-05-23 08:00:00,4883.9883
2012-05-23 09:00:00,4780.8413
2012-05-23 10:00:00,4778.4736
2012-05-23 11:00:00,4714.55
2012-05-23 12:00:00,4634.4478
2012-05-23 13:00:00,4669.1206
2012-05-23 14:00:00,4573.3135
2012-05-23 15:00:00,4513.5044
2012-05-23 16:00:00,4493.151
2012-05-23 17:00:00,4632.275
2012-05-23 18:00:00,4629.105
2012-05-23 19:00:00,4784.102
2012-05-23 20:00:00,4785.9463
2012-05-23 21:00:00,4788.821
2012-05-23 22:00:00,4775.033
2012-05-23 23:00:00,4806.02
2012-05-24 00:00:00,4878.68
2012-05-24 01:00:00,4919.123
2012-05-24 02:00:00,4922.004
2012-05-24 03:00:00,4903.7095
2012-05-24 04:00:00,4896.737
2012-05-24 05:00:00,4893.7
2012-05-24 06:00:00,4890.662
2012-05-24 07:00:00,4856.4785
2012-05-24 08:00:00,4736.037
2012-05-24 09:00:00,4730.162
2012-05-24 10:00:00,4634.206
2012-05-24 11:00:00,4606.959
2012-05-24 12:00:00,4495.845
2012-05-24 13:00:00,4427.466
2012-05-24 14:00:00,4403.7354
2012-05-24 15:00:00,4397.87
2012-05-24 16:00:00,4385.246
2012-05-24 17:00:00,4388.8276
2012-05-24 18:00:00,4396.763
2012-05-24 19:00:00,4482.864
2012-05-24 20:00:00,4591.5444
2012-05-24 21:00:00,4703.865
2012-05-24 22:00:00,4715.1636
2012-05-24 23:00:00,4709.297
2012-05-25 00:00:00,4852.0244
2012-05-25 01:00:00,4851.9365
2012-05-25 02:00:00,4846.42
2012-05-25 03:00:00,4880.054
2012-05-25 04:00:00,4883.917
2012-05-25 05:00:00,4874.962
2012-05-25 06:00:00,4870.9424
2012-05-25 07:00:00,4863.9634
2012-05-25 08:00:00,4847.8613
2012-05-25 09:00:00,4842.85
2012-05-25 10:00:00,4708.1836
2012-05-25 11:00:00,4707.763
2012-05-25 12:00:00,4533.717
2012-05-25 13:00:00,4477.437
2012-05-25 14:00:00,4438.6016
2012-05-25 15:00:00,4432.2266
2012-05-25 16:00:00,4322.3833
2012-05-25 17:00:00,4417.7837
2012-05-25 18:00:00,4422.725
2012-05-25 19:00:00,4447.623
2012-05-25 20:00:00,4527.5225
2012-05-25 21:00:00,4527.061
2012-05-25 22:00:00,4655.072
2012-05-25 23:00:00,4686.1094
2012-05-26 00:00:00,4849.378
2012-05-26 01:00:00,4848.3154
2012-05-26 02:00:00,4886.367
2012-05-26 03:00:00,4902.3213
2012-05-26 04:00:00,4897.3164
2012-05-26 05:00:00,4842.994
2012-05-26 06:00:00,4887.293
2012-05-26 07:00:00,4877.8857
2012-05-26 08:00:00,4779.4917
2012-05-26 09:00:00,4820.1465
2012-05-26 10:00:00,4716.322
2012-05-26 11:00:00,4637.784
2012-05-26 12:00:00,4512.3438
2012-05-26 13:00:00,4478.413
2012-05-26 14:00:00,4472.539
2012-05-26 15:00:00,4463.9688
2012-05-26 16:00:00,4350.666
2012-05-26 17:00:00,4320.8213
2012-05-26 18:00:00,4347.394
2012-05-26 19:00:00,4481.108
2012-05-26 20:00:00,4391.95
2012-05-26 21:00:00,4465.9463
2012-05-26 22:00:00,4597.532
2012-05-26 23:00:00,4594.3647
2012-05-27 00:00:00,4655.1504
2012-05-27 01:00:00,4724.3804
2012-05-27 02:00:00,4736.374
2012-05-27 03:00:00,4738.6045
2012-05-27 04:00:00,4849.918
2012-05-27 05:00:00,4846.8916
2012-05-27 06:00:00,4845.8184
2012-05-27 07:00:00,4886.2217
2012-05-27 08:00:00,4823.177
2012-05-27 09:00:00,4785.5195
2012-05-27 10:00:00,4669.0273
2012-05-27 11:00:00,4539.649
2012-05-27 12:00:00,4509.6494
2012-05-27 13:00:00,4416.468
2012-05-27 14:00:00,4407.8984
2012-05-27 15:00:00,4333.6133
2012-05-27 16:00:00,4330.386
2012-05-27 17:00:00,4307.3267
2012-05-27 18:00:00,4391.171
2012-05-27 19:00:00,4397.4644
2012-05-27 20:00:00,4403.716
2012-05-27 21:00:00,4580.7466
2012-05-27 22:00:00,4791.34
2012-05-27 23:00:00,4779.561
2012-05-28 00:00:00,4861.239
2012-05-28 01:00:00,4793.3354
2012-05-28 02:00:00,4878.8823
2012-05-28 03:00:00,4763.609
2012-05-28 04:00:00,4831.9067
2012-05-28 05:00:00,4828.7246
2012-05-28 06:00:00,4754.1055
2012-05-28 07:00:00,4801.005
2012-05-28 08:00:00,4678.741
2012-05-28 09:00:00,4556.013
2012-05-28 10:00:00,4552.8457
2012-05-28 11:00:00,4548.6226
2012-05-28 12:00:00,4461.5728
2012-05-28 13:00:00,4377.475
2012-05-28 14:00:00,4374.3066
2012-05-28 15:00:00,4292.534
2012-05-28 16:00:00,4286.39
2012-05-28 17:00:00,4286.115
2012-05-28 18:00:00,4333.998
2012-05-28 19:00:00,4304.3877
2012-05-28 20:00:00,4387.901
2012-05-28 21:00:00,4445.829
2012-05-28 22:00:00,4522.6064
2012-05-28 23:00:00,4569.8506
2012-05-29 00:00:00,4703.6953
2012-05-29 01:00:00,4700.518
2012-05-29 02:00:00,4765.8726
2012-05-29 03:00:00,4719.5273
2012-05-29 04:00:00,4746.3145
2012-05-29 05:00:00,4743.1465
2012-05-29 06:00:00,4739.9756
2012-05-29 07:00:00,4736.8076
2012-05-29 08:00:00,4633.7144
2012-05-29 09:00:00,4565.388
2012-05-29 10:00:00,4534.0283
2012-05-29 11:00:00,4435.4404
2012-05-29 12:00:00,4309.417
2012-05-29 13:00:00,4266.6597
2012-05-29 14:00:00,4264.601
2012-05-29 15:00:00,4251.0264
2012-05-29 16:00:00,4249.716
2012-05-29 17:00:00,4242.7
2012-05-29 18:00:00,4270.722
2012-05-29 19:00:00,4302.827
2012-05-29 20:00:00,4441.329
2012-05-29 21:00:00,4818.143
2012-05-29 22:00:00,4823.3057
2012-05-29 23:00:00,4867.007
2012-05-30 00:00:00,4863.861
2012-05-30 01:00:00,4854.914
2012-05-30 02:00:00,4925.01
2012-05-30 03:00:00,4869.724
2012-05-30 04:00:00,4875.0503
2012-05-30 05:00:00,4781.116
2012-05-30 06:00:00,4804.811
2012-05-30 07:00:00,4784.3555
2012-05-30 08:00:00,4739.0117
2012-05-30 09:00:00,4673.3296
2012-05-30 10:00:00,4662.052
2012-05-30 11:00:00,4592.49
2012-05-30 12:00:00,4469.654
2012-05-30 13:00:00,4439.737
2012-05-30 14:00:00,4340.0605
2012-05-30 15:00:00,4397.0903
2012-05-30 16:00:00,4391.2144
2012-05-30 17:00:00,4353.317
2012-05-30 18:00:00,4343.1465
2012-05-30 19:00:00,4408.4634
2012-05-30 20:00:00,4678.785
2012-05-30 21:00:00,4482.497
2012-05-30 22:00:00,4610.4814
2012-05-30 23:00:00,4571.6406
2012-05-31 00:00:00,4701.5635
2012-05-31 01:00:00,4702.444
2012-05-31 02:00:00,4663.6016
2012-05-31 03:00:00,4710.8525
2012-05-31 04:00:00,4715.7993
2012-05-31 05:00:00,4689.663
2012-05-31 06:00:00,4749.0093
2012-05-31 07:00:00,4650.771
2012-05-31 08:00:00,4563.794
2012-05-31 09:00:00,4441.957
2012-05-31 10:00:00,4359.4297
2012-05-31 11:00:00,4339.26
2012-05-31 12:00:00,4334.6504
2012-05-31 13:00:00,4321.0654
2012-05-31 14:00:00,4305.6885
2012-05-31 15:00:00,4306.1846
2012-05-31 16:00:00,4303.8486
2012-05-31 17:00:00,4299.1094
2012-05-31 18:00:00,4314.6084
2012-05-31 19:00:00,4321.1943
2012-05-31 20:00:00,4364.1426
2012-05-31 21:00:00,4361.375
2012-05-31 22:00:00,4435.637
2012-05-31 23:00:00,4462.7334
2012-06-20 00:00:00,4703.6953
2012-06-20 01:00:00,4734.0366
2012-06-20 02:00:00,4796.637
2012-06-20 03:00:00,4795.5737
2012-06-20 04:00:00,4795.487
2012-06-20 05:00:00,4792.453
2012-06-20 06:00:00,4854.928
2012-06-20 07:00:00,4834.146
2012-06-20 08:00:00,4677.4062
2012-06-20 09:00:00,4605.5747
2012-06-20 10:00:00,4282.507
2012-06-20 11:00:00,4239.77
2012-06-20 12:00:00,4210.8774
2012-06-20 13:00:00,4201.964
2012-06-20 14:00:00,4188.2896
2012-06-20 15:00:00,4165.8364
2012-06-20 16:00:00,4166.808
2012-06-20 17:00:00,4161.336
2012-06-20 18:00:00,4159.422
2012-06-20 19:00:00,4186.76
2012-06-20 20:00:00,4199.742
2012-06-20 21:00:00,4208.357
2012-06-20 22:00:00,4225.318
2012-06-20 23:00:00,4354.776
2012-06-21 00:00:00,4587.4883
2012-06-21 01:00:00,4675.3574
2012-06-21 02:00:00,4674.948
2012-06-21 03:00:00,4636.5215
2012-06-21 04:00:00,4739.788
2012-06-21 05:00:00,4735.7734
2012-06-21 06:00:00,4725.3213
2012-06-21 07:00:00,4722.291
2012-06-21 08:00:00,4570.264
2012-06-21 09:00:00,4334.0767
2012-06-21 10:00:00,4244.2
2012-06-21 11:00:00,4212.2866
2012-06-21 12:00:00,4181.1934
2012-06-21 13:00:00,4173.9043
2012-06-21 14:00:00,4198.0483
2012-06-21 15:00:00,4159.23
2012-06-21 16:00:00,4171.89
2012-06-21 17:00:00,4187.6665
2012-06-21 18:00:00,4200.5605
2012-06-21 19:00:00,4183.7793
2012-06-21 20:00:00,4195.83
2012-06-21 21:00:00,4248.382
2012-06-21 22:00:00,4348.209
2012-06-21 23:00:00,4325.525
2012-06-22 00:00:00,4543.6035
2012-06-22 01:00:00,4579.3525
2012-06-22 02:00:00,4660.4355
2012-06-22 03:00:00,4657.289
2012-06-22 04:00:00,4504.7324
2012-06-22 05:00:00,4526.912
2012-06-22 06:00:00,4531.867
2012-06-22 07:00:00,4460.9375
2012-06-22 08:00:00,4409.5923
2012-06-22 09:00:00,4415.728
2012-06-22 10:00:00,4301.788
2012-06-22 11:00:00,4286.9385
2012-06-22 12:00:00,4240.167
2012-06-22 13:00:00,4195.284
2012-06-22 14:00:00,4193.3667
2012-06-22 15:00:00,4180.068
2012-06-22 16:00:00,4181.361
2012-06-22 17:00:00,4243.4985
2012-06-22 18:00:00,4296.484
2012-06-22 19:00:00,4331.4336
2012-06-22 20:00:00,4328.8994
2012-06-22 21:00:00,4522.3706
2012-06-22 22:00:00,4586.515
2012-06-22 23:00:00,4655.1807
2012-06-23 00:00:00,4863.0557
2012-06-23 01:00:00,4780.4297
2012-06-23 02:00:00,4835.813
2012-06-23 03:00:00,4839.6533
2012-06-23 04:00:00,4831.711
2012-06-23 05:00:00,4826.7256
2012-06-23 06:00:00,4838.9614
2012-06-23 07:00:00,4831.0146
2012-06-23 08:00:00,4636.3364
2012-06-23 09:00:00,4515.8926
2012-06-23 10:00:00,4435.559
2012-06-23 11:00:00,4351.8647
2012-06-23 12:00:00,4281.378
2012-06-23 13:00:00,4265.6567
2012-06-23 14:00:00,4304.119
2012-06-23 15:00:00,4256.3994
2012-06-23 16:00:00,4259.124
2012-06-23 17:00:00,4265.707
2012-06-23 18:00:00,4266.057
2012-06-23 19:00:00,4276.5825
2012-06-23 20:00:00,4291.5586
2012-06-23 21:00:00,4303.5967
2012-06-23 22:00:00,4315.9985
2012-06-23 23:00:00,4347.4204
2012-06-24 00:00:00,4497.364
2012-06-24 01:00:00,4527.832
2012-06-24 02:00:00,4506.0366
2012-06-24 03:00:00,4643.7373
2012-06-24 04:00:00,4648.687
2012-06-24 05:00:00,4716.914
2012-06-24 06:00:00,4660.618
2012-06-24 07:00:00,4698.5283
2012-06-24 08:00:00,4534.4424
2012-06-24 09:00:00,4444.7246
2012-06-24 10:00:00,4315.466
2012-06-24 11:00:00,4315.909
2012-06-24 12:00:00,4290.7993
2012-06-24 13:00:00,4290.5806
2012-06-24 14:00:00,4257.5195
2012-06-24 15:00:00,4236.036
2012-06-24 16:00:00,4252.5786
2012-06-24 17:00:00,4249.828
2012-06-24 18:00:00,4257.773
2012-06-24 19:00:00,4272.297
2012-06-24 20:00:00,4299.62
2012-06-24 21:00:00,4373.874
2012-06-24 22:00:00,4405.667
2012-06-24 23:00:00,4429.2505
2012-06-25 00:00:00,4525.4224
2012-06-25 01:00:00,4585.1807
2012-06-25 02:00:00,4626.6074
2012-06-25 03:00:00,4635.9033
2012-06-25 04:00:00,4746.488
2012-06-25 05:00:00,4706.4043
2012-06-25 06:00:00,4772.415
2012-06-25 07:00:00,4694.664
2012-06-25 08:00:00,4649.6045
2012-06-25 09:00:00,4562.544
2012-06-25 10:00:00,4400.5503
2012-06-25 11:00:00,4273.9067
2012-06-25 12:00:00,4316.9126
2012-06-25 13:00:00,4391.4272
2012-06-25 14:00:00,4292.166
2012-06-25 15:00:00,4297.628
2012-06-25 16:00:00,4278.929
2012-06-25 17:00:00,4291.242
2012-06-25 18:00:00,4314.1426
2012-06-25 19:00:00,4329.34
2012-06-25 20:00:00,4334.466
2012-06-25 21:00:00,4360.435
2012-06-25 22:00:00,4372.8125
2012-06-25 23:00:00,4376.188
2012-06-26 00:00:00,4428.5312
2012-06-26 01:00:00,4435.5977
2012-06-26 02:00:00,4558.534
2012-06-26 03:00:00,4597.2827
2012-06-26 04:00:00,4592.7646
2012-06-26 05:00:00,4632.389
2012-06-26 06:00:00,4673.006
2012-06-26 07:00:00,4664.4336
2012-06-26 08:00:00,4588.9805
2012-06-26 09:00:00,4526.8193
2012-06-26 10:00:00,4424.347
2012-06-26 11:00:00,4396.9023
2012-06-26 12:00:00,4389.8184
2012-06-26 13:00:00,4365.621
2012-06-26 14:00:00,4363.6304
2012-06-26 15:00:00,4347.01
2012-06-26 16:00:00,4354.1016
2012-06-26 17:00:00,4341.116
2012-06-26 18:00:00,4336.5737
2012-06-26 19:00:00,4328.961
2012-06-26 20:00:00,4344.2197
2012-06-26 21:00:00,4349.1914
2012-06-26 22:00:00,4365.283
2012-06-26 23:00:00,4390.5645
2012-06-27 00:00:00,4454.3857
2012-06-27 01:00:00,4486.8354
2012-06-27 02:00:00,4625.5645
2012-06-27 03:00:00,4575.5537
2012-06-27 04:00:00,4444.7695
2012-06-27 05:00:00,4463.0635
2012-06-27 06:00:00,4548.474
2012-06-27 07:00:00,4450.365
2012-06-27 08:00:00,4435.614
2012-06-27 09:00:00,4403.1855
2012-06-27 10:00:00,4359.93
2012-06-27 11:00:00,4336.4365
2012-06-27 12:00:00,4317.5527
2012-06-27 13:00:00,4286.01
2012-06-27 14:00:00,4292.1724
2012-06-27 15:00:00,4288.769
2012-06-27 16:00:00,4275.0205
2012-06-27 17:00:00,4269.317
2012-06-27 18:00:00,4275.827
2012-06-27 19:00:00,4288.5825
2012-06-27 20:00:00,4298.466
2012-06-27 21:00:00,4310.008
2012-06-27 22:00:00,4316.001
2012-06-27 23:00:00,4387.162
2012-06-28 00:00:00,4513.6045
2012-06-28 01:00:00,4555.585
2012-06-28 02:00:00,4508.622
2012-06-28 03:00:00,4505.4526
2012-06-28 04:00:00,4637.8555
2012-06-28 05:00:00,4591.0283
2012-06-28 06:00:00,4587.8623
2012-06-28 07:00:00,4628.3496
2012-06-28 08:00:00,4485.5645
2012-06-28 09:00:00,4467.146
2012-06-28 10:00:00,4368.832
2012-06-28 11:00:00,4283.1206
2012-06-28 12:00:00,4258.046
2012-06-28 13:00:00,4228.787
2012-06-28 14:00:00,4237.918
2012-06-28 15:00:00,4235.6377
2012-06-28 16:00:00,4207.4956
2012-06-28 17:00:00,4204.96
2012-06-28 18:00:00,4222.9717
2012-06-28 19:00:00,4238.7783
2012-06-28 20:00:00,4242.9375
2012-06-28 21:00:00,4363.005
2012-06-28 22:00:00,4335.7803
2012-06-28 23:00:00,4332.719
2012-06-29 00:00:00,4405.9795
2012-06-29 01:00:00,4426.8535
2012-06-29 02:00:00,4498.152
2012-06-29 03:00:00,4494.985
2012-06-29 04:00:00,4581.0806
2012-06-29 05:00:00,4547.6465
2012-06-29 06:00:00,4530.0063
2012-06-29 07:00:00,4541.3105
2012-06-29 08:00:00,4427.3647
2012-06-29 09:00:00,4403.7173
2012-06-29 10:00:00,4181.033
2012-06-29 11:00:00,4168.807
2012-06-29 12:00:00,4144.502
2012-06-29 13:00:00,4134.1904
2012-06-29 14:00:00,4111.678
2012-06-29 15:00:00,4103.6665
2012-06-29 16:00:00,4101.7065
2012-06-29 17:00:00,4088.466
2012-06-29 18:00:00,4110.4727
2012-06-29 19:00:00,4140.843
2012-06-29 20:00:00,4125.9854
2012-06-29 21:00:00,4194.9814
2012-06-29 22:00:00,4284.5566
2012-06-29 23:00:00,4281.384
2012-06-30 00:00:00,4876.6587
2012-06-30 01:00:00,4869.676
2012-06-30 02:00:00,4889.752
2012-06-30 03:00:00,4886.7114
2012-06-30 04:00:00,4949.8843
2012-06-30 05:00:00,4878.0825
2012-06-30 06:00:00,4875.0415
2012-06-30 07:00:00,4871.998
2012-06-30 08:00:00,4868.956
2012-06-30 09:00:00,4865.913
2012-06-30 10:00:00,4225.7256
2012-06-30 11:00:00,4223.794
2012-06-30 12:00:00,4221.844
2012-06-30 13:00:00,4219.8755
2012-06-30 14:00:00,4217.878
2012-06-30 15:00:00,4215.859
2012-06-30 16:00:00,4191.9663
2012-06-30 17:00:00,4208.3613
2012-06-30 18:00:00,4195.783
2012-06-30 19:00:00,4230.6978
2012-06-30 20:00:00,4263.871
2012-06-30 21:00:00,4260.837
2012-06-30 22:00:00,4395.738
2012-06-30 23:00:00,4399.333
2012-07-20 00:00:00,4844.007
2012-07-20 01:00:00,4854.6484
2012-07-20 02:00:00,4846.248
2012-07-20 03:00:00,4842.221
2012-07-20 04:00:00,4835.236
2012-07-20 05:00:00,4834.169
2012-07-20 06:00:00,4829.1523
2012-07-20 07:00:00,4824.1406
2012-07-20 08:00:00,4740.214
2012-07-20 09:00:00,4674.371
2012-07-20 10:00:00,4668.4824
2012-07-20 11:00:00,4575.478
2012-07-20 12:00:00,4719.801
2012-07-20 13:00:00,4720.5825
2012-07-20 14:00:00,4687.8135
2012-07-20 15:00:00,4684.544
2012-07-20 16:00:00,4704.0625
2012-07-20 17:00:00,4778.992
2012-07-20 18:00:00,4686.311
2012-07-20 19:00:00,4764.6846
2012-07-20 20:00:00,4743.7593
2012-07-20 21:00:00,4760.848
2012-07-20 22:00:00,4775.994
2012-07-20 23:00:00,4767.0938
2012-07-21 00:00:00,4842.366
2012-07-21 01:00:00,4849.578
2012-07-21 02:00:00,4903.3467
2012-07-21 03:00:00,4902.281
2012-07-21 04:00:00,4911.9087
2012-07-21 05:00:00,4910.8413
2012-07-21 06:00:00,4907.8027
2012-07-21 07:00:00,4913.112
2012-07-21 08:00:00,4875.7246
2012-07-21 09:00:00,4876.5796
2012-07-21 10:00:00,4895.6533
2012-07-21 11:00:00,4843.0576
2012-07-21 12:00:00,4833.5947
2012-07-21 13:00:00,4834.3887
2012-07-21 14:00:00,4877.1934
2012-07-21 15:00:00,4865.823
2012-07-21 16:00:00,4866.7236
2012-07-21 17:00:00,4865.651
2012-07-21 18:00:00,4868.9727
2012-07-21 19:00:00,4867.899
2012-07-21 20:00:00,4856.5356
2012-07-21 21:00:00,4861.818
2012-07-21 22:00:00,4862.7227
2012-07-21 23:00:00,4866.594
2012-07-22 00:00:00,4929.587
2012-07-22 01:00:00,4922.6074
2012-07-22 02:00:00,4923.511
2012-07-22 03:00:00,4920.4736
2012-07-22 04:00:00,4932.6777
2012-07-22 05:00:00,4929.6387
2012-07-22 06:00:00,4845.1826
2012-07-22 07:00:00,4848.0615
2012-07-22 08:00:00,4785.709
2012-07-22 09:00:00,4668.5195
2012-07-22 10:00:00,4709.9434
2012-07-22 11:00:00,4706.7754
2012-07-22 12:00:00,4610.246
2012-07-22 13:00:00,4563.838
2012-07-22 14:00:00,4543.83
2012-07-22 15:00:00,4540.662
2012-07-22 16:00:00,4513.3584
2012-07-22 17:00:00,4499.381
2012-07-22 18:00:00,4501.616
2012-07-22 19:00:00,4558.257
2012-07-22 20:00:00,4614.837
2012-07-22 21:00:00,4661.677
2012-07-22 22:00:00,4605.8076
2012-07-22 23:00:00,4683.4023
2012-07-23 00:00:00,4860.6465
2012-07-23 01:00:00,4850.7026
2012-07-23 02:00:00,4879.666
2012-07-23 03:00:00,4876.625
2012-07-23 04:00:00,4870.6294
2012-07-23 05:00:00,4867.589
2012-07-23 06:00:00,4792.2446
2012-07-23 07:00:00,4727.751
2012-07-23 08:00:00,4655.8613
2012-07-23 09:00:00,4572.2026
2012-07-23 10:00:00,4425.9863
2012-07-23 11:00:00,4303.941
2012-07-23 12:00:00,4300.738
2012-07-23 13:00:00,4303.091
2012-07-23 14:00:00,4371.685
2012-07-23 15:00:00,4315.0615
2012-07-23 16:00:00,4265.8154
2012-07-23 17:00:00,4262.5522
2012-07-23 18:00:00,4240.3057
2012-07-23 19:00:00,4279.9624
2012-07-23 20:00:00,4421.963
2012-07-23 21:00:00,4416.0986
2012-07-23 22:00:00,4446.3965
2012-07-23 23:00:00,4496.3403
2012-07-24 00:00:00,4667.336
2012-07-24 01:00:00,4739.682
2012-07-24 02:00:00,4799.4897
2012-07-24 03:00:00,4796.457
2012-07-24 04:00:00,4798.34
2012-07-24 05:00:00,4794.3276
2012-07-24 06:00:00,4789.332
2012-07-24 07:00:00,4642.449
2012-07-24 08:00:00,4552.69
2012-07-24 09:00:00,4276.288
2012-07-24 10:00:00,4296.828
2012-07-24 11:00:00,4245.7266
2012-07-24 12:00:00,4288.227
2012-07-24 13:00:00,4240.668
2012-07-24 14:00:00,4237.0156
2012-07-24 15:00:00,4253.548
2012-07-24 16:00:00,4302.2695
2012-07-24 17:00:00,4285.177
2012-07-24 18:00:00,4413.437
2012-07-24 19:00:00,4425.131
2012-07-24 20:00:00,4481.705
2012-07-24 21:00:00,4473.1353
2012-07-24 22:00:00,4467.271
2012-07-24 23:00:00,4395.393
2012-07-25 00:00:00,4495.0273
2012-07-25 01:00:00,4525.4556
2012-07-25 02:00:00,4570.4165
2012-07-25 03:00:00,4627.064
2012-07-25 04:00:00,4647.9736
2012-07-25 05:00:00,4650.2095
2012-07-25 06:00:00,4644.343
2012-07-25 07:00:00,4471.158
2012-07-25 08:00:00,4377.5317
2012-07-25 09:00:00,4347.3657
2012-07-25 10:00:00,4326.634
2012-07-25 11:00:00,4309.587
2012-07-25 12:00:00,4307.676
2012-07-25 13:00:00,4294.746
2012-07-25 14:00:00,4276.5684
2012-07-25 15:00:00,4288.8276
2012-07-25 16:00:00,4273.6025
2012-07-25 17:00:00,4266.3843
2012-07-25 18:00:00,4267.503
2012-07-25 19:00:00,4298.105
2012-07-25 20:00:00,4310.9727
2012-07-25 21:00:00,4337.427
2012-07-25 22:00:00,4464.348
2012-07-25 23:00:00,4461.4707
2012-07-26 00:00:00,4639.2773
2012-07-26 01:00:00,4633.4004
2012-07-26 02:00:00,4663.2134
2012-07-26 03:00:00,4662.743
2012-07-26 04:00:00,4706.875
2012-07-26 05:00:00,4703.7075
2012-07-26 06:00:00,4740.15
2012-07-26 07:00:00,4634.3525
2012-07-26 08:00:00,4622.121
2012-07-26 09:00:00,4570.004
2012-07-26 10:00:00,4543.65
2012-07-26 11:00:00,4395.0723
2012-07-26 12:00:00,4260.7314
2012-07-26 13:00:00,4221.3447
2012-07-26 14:00:00,4151.8867
2012-07-26 15:00:00,4136.8394
2012-07-26 16:00:00,4133.9043
2012-07-26 17:00:00,4157.676
2012-07-26 18:00:00,4139.1357
2012-07-26 19:00:00,4151.2783
2012-07-26 20:00:00,4200.4785
2012-07-26 21:00:00,4268.2505
2012-07-26 22:00:00,4265.879
2012-07-26 23:00:00,4534.718
2012-07-27 00:00:00,4619.746
2012-07-27 01:00:00,4607.11
2012-07-27 02:00:00,4705.7256
2012-07-27 03:00:00,4655.1235
2012-07-27 04:00:00,4711.295
2012-07-27 05:00:00,4742.669
2012-07-27 06:00:00,4705.1035
2012-07-27 07:00:00,4579.9976
2012-07-27 08:00:00,4493.002
2012-07-27 09:00:00,4267.593
2012-07-27 10:00:00,4242.8
2012-07-27 11:00:00,4244.2783
2012-07-27 12:00:00,4242.4688
2012-07-27 13:00:00,4239.135
2012-07-27 14:00:00,4211.3145
2012-07-27 15:00:00,4207.157
2012-07-27 16:00:00,4231.6074
2012-07-27 17:00:00,4205.0083
2012-07-27 18:00:00,4241.272
2012-07-27 19:00:00,4253.1836
2012-07-27 20:00:00,4367.156
2012-07-27 21:00:00,4363.986
2012-07-27 22:00:00,4358.118
2012-07-27 23:00:00,4453.6177
2012-07-28 00:00:00,4535.0635
2012-07-28 01:00:00,4622.037
2012-07-28 02:00:00,4626.987
2012-07-28 03:00:00,4623.821
2012-07-28 04:00:00,4707.4365
2012-07-28 05:00:00,4740.491
2012-07-28 06:00:00,4638.319
2012-07-28 07:00:00,4598.9795
2012-07-28 08:00:00,4533.2925
2012-07-28 09:00:00,4415.5703
2012-07-28 10:00:00,4290.14
2012-07-28 11:00:00,4252.6465
2012-07-28 12:00:00,4244.346
2012-07-28 13:00:00,4221.9995
2012-07-28 14:00:00,4225.6357
2012-07-28 15:00:00,4216.24
2012-07-28 16:00:00,4220.959
2012-07-28 17:00:00,4254.8916
2012-07-28 18:00:00,4249.941
2012-07-28 19:00:00,4740.007
2012-07-28 20:00:00,4755.207
2012-07-28 21:00:00,4721.0547
2012-07-28 22:00:00,4717.8833
2012-07-28 23:00:00,4754.715
2012-07-29 00:00:00,4871.5986
2012-07-29 01:00:00,4820.4004
2012-07-29 02:00:00,4732.1904
2012-07-29 03:00:00,4676.3164
2012-07-29 04:00:00,4699.933
2012-07-29 05:00:00,4801.1875
2012-07-29 06:00:00,4731.9717
2012-07-29 07:00:00,4660.9463
2012-07-29 08:00:00,4576.58
2012-07-29 09:00:00,4510.4893
2012-07-29 10:00:00,4515.562
2012-07-29 11:00:00,4405.5474
2012-07-29 12:00:00,4392.925
2012-07-29 13:00:00,4293.434
2012-07-29 14:00:00,4287.493
2012-07-29 15:00:00,4272.709
2012-07-29 16:00:00,4269.9854
2012-07-29 17:00:00,4249.3633
2012-07-29 18:00:00,4273.4277
2012-07-29 19:00:00,4385.62
2012-07-29 20:00:00,4500.6885
2012-07-29 21:00:00,4554.628
2012-07-29 22:00:00,4587.632
2012-07-29 23:00:00,4593.935
2012-07-30 00:00:00,4671.382
2012-07-30 01:00:00,4676.3296
2012-07-30 02:00:00,4706.635
2012-07-30 03:00:00,4807.282
2012-07-30 04:00:00,4804.25
2012-07-30 05:00:00,4794.3276
2012-07-30 06:00:00,4787.366
2012-07-30 07:00:00,4693.983
2012-07-30 08:00:00,4602.149
2012-07-30 09:00:00,4558.033
2012-07-30 10:00:00,4498.913
2012-07-30 11:00:00,4357.5586
2012-07-30 12:00:00,4407.9795
2012-07-30 13:00:00,4281.8755
2012-07-30 14:00:00,4280.6533
2012-07-30 15:00:00,4278.785
2012-07-30 16:00:00,4276.7563
2012-07-30 17:00:00,4363.501
2012-07-30 18:00:00,4369.658
2012-07-30 19:00:00,4253.956
2012-07-30 20:00:00,4536.1113
2012-07-30 21:00:00,4535.647
2012-07-30 22:00:00,4580.46
2012-07-30 23:00:00,4589.062
2012-07-31 00:00:00,4745.6626
2012-07-31 01:00:00,4804.489
2012-07-31 02:00:00,4801.457
2012-07-31 03:00:00,4801.371
2012-07-31 04:00:00,4798.34
2012-07-31 05:00:00,4790.3955
2012-07-31 06:00:00,4861.1323
2012-07-31 07:00:00,4747.7637
2012-07-31 08:00:00,4686.64
2012-07-31 09:00:00,4581.766
2012-07-31 10:00:00,4552.3975
2012-07-31 11:00:00,4429.687
2012-07-31 12:00:00,4280.493
2012-07-31 13:00:00,4313.261
2012-07-31 14:00:00,4310.078
2012-07-31 15:00:00,4440.5083
2012-07-31 16:00:00,4393.5596
2012-07-31 17:00:00,4322.0405
2012-07-31 18:00:00,4364.3916
2012-07-31 19:00:00,4422.917
2012-07-31 20:00:00,4554.1606
2012-07-31 21:00:00,4673.466
2012-07-31 22:00:00,4620.3013
2012-07-31 23:00:00,4727.6025
2012-08-20 00:00:00,4872.1533
2012-08-20 01:00:00,4873.5864
2012-08-20 02:00:00,4870.5566
2012-08-20 03:00:00,4914.8945
2012-08-20 04:00:00,4861.01
2012-08-20 05:00:00,4863.8853
2012-08-20 06:00:00,4804.9165
2012-08-20 07:00:00,4777.6357
2012-08-20 08:00:00,4732.54
2012-08-20 09:00:00,4679.0225
2012-08-20 10:00:00,4667.737
2012-08-20 11:00:00,4612.528
2012-08-20 12:00:00,4564.6235
2012-08-20 13:00:00,4492.853
2012-08-20 14:00:00,4427.173
2012-08-20 15:00:00,4415.8994
2012-08-20 16:00:00,4412.7324
2012-08-20 17:00:00,4466.664
2012-08-20 18:00:00,4731.952
2012-08-20 19:00:00,4734.1816
2012-08-20 20:00:00,4776.278
2012-08-20 21:00:00,4823.787
2012-08-20 22:00:00,4812.354
2012-08-20 23:00:00,4809.322
2012-08-21 00:00:00,4873.1357
2012-08-21 01:00:00,4867.159
2012-08-21 02:00:00,4912.424
2012-08-21 03:00:00,4960.157
2012-08-21 04:00:00,4957.119
2012-08-21 05:00:00,4913.7354
2012-08-21 06:00:00,4909.7236
2012-08-21 07:00:00,4813.6445
2012-08-21 08:00:00,4807.675
2012-08-21 09:00:00,4688.0854
2012-08-21 10:00:00,4580.0225
2012-08-21 11:00:00,4475.6963
2012-08-21 12:00:00,4377.5454
2012-08-21 13:00:00,4323.4575
2012-08-21 14:00:00,4305.2627
2012-08-21 15:00:00,4300.802
2012-08-21 16:00:00,4298.8906
2012-08-21 17:00:00,4365.3257
2012-08-21 18:00:00,4409.0957
2012-08-21 19:00:00,4688.6245
2012-08-21 20:00:00,4688.9077
2012-08-21 21:00:00,4685.7407
2012-08-21 22:00:00,4736.7505
2012-08-21 23:00:00,4794.0176
2012-08-22 00:00:00,4856.842
2012-08-22 01:00:00,4817.4175
2012-08-22 02:00:00,4814.3564
2012-08-22 03:00:00,4811.2812
2012-08-22 04:00:00,4892.075
2012-08-22 05:00:00,4828.9146
2012-08-22 06:00:00,4757.4053
2012-08-22 07:00:00,4798.9097
2012-08-22 08:00:00,4718.8115
2012-08-22 09:00:00,4604.1973
2012-08-22 10:00:00,4533.157
2012-08-22 11:00:00,4479.1016
2012-08-22 12:00:00,4406.905
2012-08-22 13:00:00,4343.403
2012-08-22 14:00:00,4315.8057
2012-08-22 15:00:00,4334.1113
2012-08-22 16:00:00,4382.1465
2012-08-22 17:00:00,4378.98
2012-08-22 18:00:00,4525.742
2012-08-22 19:00:00,4667.8545
2012-08-22 20:00:00,4671.34
2012-08-22 21:00:00,4685.7407
2012-08-22 22:00:00,4682.5728
2012-08-22 23:00:00,4779.3936
2012-08-23 00:00:00,4805.8286
2012-08-23 01:00:00,4860.7
2012-08-23 02:00:00,4857.6704
2012-08-23 03:00:00,4848.73
2012-08-23 04:00:00,4851.6074
2012-08-23 05:00:00,4848.5757
2012-08-23 06:00:00,4898.419
2012-08-23 07:00:00,4828.204
2012-08-23 08:00:00,4694.588
2012-08-23 09:00:00,4615.6455
2012-08-23 10:00:00,4458.1934
2012-08-23 11:00:00,4351.116
2012-08-23 12:00:00,4289.998
2012-08-23 13:00:00,4252.241
2012-08-23 14:00:00,4302.656
2012-08-23 15:00:00,4298.8945
2012-08-23 16:00:00,4327.7764
2012-08-23 17:00:00,4310.717
2012-08-23 18:00:00,4340.048
2012-08-23 19:00:00,4391.35
2012-08-23 20:00:00,4500.134
2012-08-23 21:00:00,4494.264
2012-08-23 22:00:00,4508.807
2012-08-23 23:00:00,4610.5938
2012-08-24 00:00:00,4683.4565
2012-08-24 01:00:00,4740.0425
2012-08-24 02:00:00,4686.184
2012-08-24 03:00:00,4742.7686
2012-08-24 04:00:00,4730.5366
2012-08-24 05:00:00,4790.4307
2012-08-24 06:00:00,4837.1426
2012-08-24 07:00:00,4775.2925
2012-08-24 08:00:00,4702.703
2012-08-24 09:00:00,4484.4976
2012-08-24 10:00:00,4353.3564
2012-08-24 11:00:00,4340.646
2012-08-24 12:00:00,4314.0264
2012-08-24 13:00:00,4264.8594
2012-08-24 14:00:00,4290.628
2012-08-24 15:00:00,4324.7197
2012-08-24 16:00:00,4321.458
2012-08-24 17:00:00,4361.698
2012-08-24 18:00:00,4464.746
2012-08-24 19:00:00,4437.94
2012-08-24 20:00:00,4515.9263
2012-08-24 21:00:00,4482.493
2012-08-24 22:00:00,4494.207
2012-08-24 23:00:00,4578.332
2012-08-25 00:00:00,4577.4697
2012-08-25 01:00:00,4669.727
2012-08-25 02:00:00,4727.175
2012-08-25 03:00:00,4688.4707
2012-08-25 04:00:00,4674.8955
2012-08-25 05:00:00,4726.0737
2012-08-25 06:00:00,4776.9062
2012-08-25 07:00:00,4771.036
2012-08-25 08:00:00,4693.3125
2012-08-25 09:00:00,4618.7036
2012-08-25 10:00:00,4554.432
2012-08-25 11:00:00,4492.3843
2012-08-25 12:00:00,4408.691
2012-08-25 13:00:00,4390.4673
2012-08-25 14:00:00,4584.968
2012-08-25 15:00:00,4679.537
2012-08-25 16:00:00,4663.913
2012-08-25 17:00:00,4658.041
2012-08-25 18:00:00,4598.131
2012-08-25 19:00:00,4723.5615
2012-08-25 20:00:00,4783.7373
2012-08-25 21:00:00,4789.8413
2012-08-25 22:00:00,4786.6914
2012-08-25 23:00:00,4783.096
2012-08-26 00:00:00,4887.382
2012-08-26 01:00:00,4888.2827
2012-08-26 02:00:00,4874.953
2012-08-26 03:00:00,4869.9424
2012-08-26 04:00:00,4870.842
2012-08-26 05:00:00,4876.115
2012-08-26 06:00:00,4883.222
2012-08-26 07:00:00,4870.0293
2012-08-26 08:00:00,4720.1274
2012-08-26 09:00:00,4719.663
2012-08-26 10:00:00,4506.699
2012-08-26 11:00:00,4506.2354
2012-08-26 12:00:00,4571.035
2012-08-26 13:00:00,4698.5723
2012-08-26 14:00:00,4854.6494
2012-08-26 15:00:00,4823.153
2012-08-26 16:00:00,4820.111
2012-08-26 17:00:00,4837.631
2012-08-26 18:00:00,4835.1543
2012-08-26 19:00:00,4827.1807
2012-08-26 20:00:00,4832.451
2012-08-26 21:00:00,4790.5635
2012-08-26 22:00:00,4848.356
2012-08-26 23:00:00,4802.058
2012-08-27 00:00:00,4863.7314
2012-08-27 01:00:00,4898.291
2012-08-27 02:00:00,4892.302
2012-08-27 03:00:00,4892.213
2012-08-27 04:00:00,4851.6074
2012-08-27 05:00:00,4892.0586
2012-08-27 06:00:00,4889.02
2012-08-27 07:00:00,4795.156
2012-08-27 08:00:00,4786.216
2012-08-27 09:00:00,4782.202
2012-08-27 10:00:00,4602.1753
2012-08-27 11:00:00,4507.5146
2012-08-27 12:00:00,4462.1836
2012-08-27 13:00:00,4399.548
2012-08-27 14:00:00,4282.7695
2012-08-27 15:00:00,4305.4854
2012-08-27 16:00:00,4306.465
2012-08-27 17:00:00,4269.9277
2012-08-27 18:00:00,4315.853
2012-08-27 19:00:00,4515.1396
2012-08-27 20:00:00,4514.679
2012-08-27 21:00:00,4561.925
2012-08-27 22:00:00,4678.462
2012-08-27 23:00:00,4677.343
2012-08-28 00:00:00,4741.115
2012-08-28 01:00:00,4808.868
2012-08-28 02:00:00,4760.9624
2012-08-28 03:00:00,4848.5664
2012-08-28 04:00:00,4795.3945
2012-08-28 05:00:00,4786.909
2012-08-28 06:00:00,4833.0967
2012-08-28 07:00:00,4779.8643
2012-08-28 08:00:00,4781.634
2012-08-28 09:00:00,4671.6523
2012-08-28 10:00:00,4479.002
2012-08-28 11:00:00,4355.803
2012-08-28 12:00:00,4286.1943
2012-08-28 13:00:00,4250.7236
2012-08-28 14:00:00,4240.825
2012-08-28 15:00:00,4255.4707
2012-08-28 16:00:00,4260.5205
2012-08-28 17:00:00,4276.0
2012-08-28 18:00:00,4279.3916
2012-08-28 19:00:00,4323.6875
2012-08-28 20:00:00,4360.0728
2012-08-28 21:00:00,4358.2593
2012-08-28 22:00:00,4440.8594
2012-08-28 23:00:00,4488.5146
2012-08-29 00:00:00,4692.5215
2012-08-29 01:00:00,4701.2676
2012-08-29 02:00:00,4757.9185
2012-08-29 03:00:00,4757.4453
2012-08-29 04:00:00,4758.218
2012-08-29 05:00:00,4757.755
2012-08-29 06:00:00,4754.586
2012-08-29 07:00:00,4650.631
2012-08-29 08:00:00,4580.9507
2012-08-29 09:00:00,4437.693
2012-08-29 10:00:00,4386.342
2012-08-29 11:00:00,4380.715
2012-08-29 12:00:00,4299.689
2012-08-29 13:00:00,4325.1924
2012-08-29 14:00:00,4298.161
2012-08-29 15:00:00,4299.4336
2012-08-29 16:00:00,4302.709
2012-08-29 17:00:00,4287.6445
2012-08-29 18:00:00,4315.7334
2012-08-29 19:00:00,4432.7725
2012-08-29 20:00:00,4498.0156
2012-08-29 21:00:00,4482.758
2012-08-29 22:00:00,4489.069
2012-08-29 23:00:00,4512.6504
2012-08-30 00:00:00,4716.6016
2012-08-30 01:00:00,4677.7593
2012-08-30 02:00:00,4770.078
2012-08-30 03:00:00,4766.907
2012-08-30 04:00:00,4763.741
2012-08-30 05:00:00,4760.5737
2012-08-30 06:00:00,4858.43
2012-08-30 07:00:00,4730.095
2012-08-30 08:00:00,4631.5054
2012-08-30 09:00:00,4517.6973
2012-08-30 10:00:00,4454.728
2012-08-30 11:00:00,4304.352
2012-08-30 12:00:00,4320.827
2012-08-30 13:00:00,4343.403
2012-08-30 14:00:00,4337.3525
2012-08-30 15:00:00,4274.068
2012-08-30 16:00:00,4259.2295
2012-08-30 17:00:00,4249.527
2012-08-30 18:00:00,4260.2393
2012-08-30 19:00:00,4321.0464
2012-08-30 20:00:00,4419.7637
2012-08-30 21:00:00,4505.382
2012-08-30 22:00:00,4583.5264
2012-08-30 23:00:00,4597.165
2012-08-31 00:00:00,4772.8174
2012-08-31 01:00:00,4769.788
2012-08-31 02:00:00,4851.608
2012-08-31 03:00:00,4850.5366
2012-08-31 04:00:00,4869.193
2012-08-31 05:00:00,4864.173
2012-08-31 06:00:00,4852.8184
2012-08-31 07:00:00,4854.707
2012-08-31 08:00:00,4645.089
2012-08-31 09:00:00,4567.099
2012-08-31 10:00:00,4460.3945
2012-08-31 11:00:00,4238.0913
2012-08-31 12:00:00,4232.4736
2012-08-31 13:00:00,4217.2646
2012-08-31 14:00:00,4190.9473
2012-08-31 15:00:00,4187.8867
2012-08-31 16:00:00,4184.0225
2012-08-31 17:00:00,4199.8955
2012-08-31 18:00:00,4215.302
2012-08-31 19:00:00,4267.3755
2012-08-31 20:00:00,4265.082
2012-08-31 21:00:00,4380.4272
2012-08-31 22:00:00,4377.2593
2012-08-31 23:00:00,4451.3413
2012-09-20 00:00:00,4841.295
2012-09-20 01:00:00,4957.155
2012-09-20 02:00:00,4955.3354
2012-09-20 03:00:00,5026.579
2012-09-20 04:00:00,5016.3994
2012-09-20 05:00:00,5013.288
2012-09-20 06:00:00,5017.538
2012-09-20 07:00:00,5018.2295
2012-09-20 08:00:00,4852.4233
2012-09-20 09:00:00,4705.5396
2012-09-20 10:00:00,4615.8027
2012-09-20 11:00:00,4455.31
2012-09-20 12:00:00,4439.949
2012-09-20 13:00:00,4430.9663
2012-09-20 14:00:00,4449.141
2012-09-20 15:00:00,4431.2344
2012-09-20 16:00:00,4445.5083
2012-09-20 17:00:00,4463.6826
2012-09-20 18:00:00,4540.809
2012-09-20 19:00:00,4637.5537
2012-09-20 20:00:00,4702.3115
2012-09-20 21:00:00,4693.7393
2012-09-20 22:00:00,4803.0225
2012-09-20 23:00:00,4755.2607
2012-09-21 00:00:00,4837.5996
2012-09-21 01:00:00,4894.2505
2012-09-21 02:00:00,4891.079
2012-09-21 03:00:00,4948.8076
2012-09-21 04:00:00,4952.649
2012-09-21 05:00:00,4983.8184
2012-09-21 06:00:00,4939.316
2012-09-21 07:00:00,4919.6787
2012-09-21 08:00:00,4844.687
2012-09-21 09:00:00,4748.699
2012-09-21 10:00:00,4608.035
2012-09-21 11:00:00,4530.3696
2012-09-21 12:00:00,4508.4673
2012-09-21 13:00:00,4454.4756
2012-09-21 14:00:00,4439.1494
2012-09-21 15:00:00,4442.736
2012-09-21 16:00:00,4442.276
2012-09-21 17:00:00,4481.8213
2012-09-21 18:00:00,4541.171
2012-09-21 19:00:00,4597.755
2012-09-21 20:00:00,4650.409
2012-09-21 21:00:00,4701.6577
2012-09-21 22:00:00,4703.8877
2012-09-21 23:00:00,4688.56
2012-09-22 00:00:00,4779.066
2012-09-22 01:00:00,4902.367
2012-09-22 02:00:00,4960.3936
2012-09-22 03:00:00,4920.9785
2012-09-22 04:00:00,4917.952
2012-09-22 05:00:00,4912.0327
2012-09-22 06:00:00,4910.9297
2012-09-22 07:00:00,4847.002
2012-09-22 08:00:00,4752.371
2012-09-22 09:00:00,4678.69
2012-09-22 10:00:00,4609.0063
2012-09-22 11:00:00,4499.246
2012-09-22 12:00:00,4434.9214
2012-09-22 13:00:00,4384.7773
2012-09-22 14:00:00,4339.369
2012-09-22 15:00:00,4357.2217
2012-09-22 16:00:00,4377.99
2012-09-22 17:00:00,4374.79
2012-09-22 18:00:00,4417.267
2012-09-22 19:00:00,4482.016
2012-09-22 20:00:00,4437.774
2012-09-22 21:00:00,4524.314
2012-09-22 22:00:00,4541.292
2012-09-22 23:00:00,4475.7065
2012-09-23 00:00:00,4434.0127
2012-09-23 01:00:00,4653.7124
2012-09-23 02:00:00,4648.4688
2012-09-23 03:00:00,4751.903
2012-09-23 04:00:00,4779.629
2012-09-23 05:00:00,4809.4404
2012-09-23 06:00:00,4857.109
2012-09-23 07:00:00,4805.8
2012-09-23 08:00:00,4730.657
2012-09-23 09:00:00,4670.4277
2012-09-23 10:00:00,4572.222
2012-09-23 11:00:00,4553.8936
2012-09-23 12:00:00,4537.487
2012-09-23 13:00:00,4414.0586
2012-09-23 14:00:00,4411.9233
2012-09-23 15:00:00,4409.9185
2012-09-23 16:00:00,4411.042
2012-09-23 17:00:00,4460.091
2012-09-23 18:00:00,4482.3955
2012-09-23 19:00:00,4549.2036
2012-09-23 20:00:00,4546.0337
2012-09-23 21:00:00,4592.7197
2012-09-23 22:00:00,4608.093
2012-09-23 23:00:00,4708.6265
2012-09-24 00:00:00,4852.786
2012-09-24 01:00:00,4890.6987
2012-09-24 02:00:00,4842.791
2012-09-24 03:00:00,4845.978
2012-09-24 04:00:00,4907.971
2012-09-24 05:00:00,4854.5107
2012-09-24 06:00:00,4815.6685
2012-09-24 07:00:00,4871.6875
2012-09-24 08:00:00,4707.8613
2012-09-24 09:00:00,4653.7935
2012-09-24 10:00:00,4597.0195
2012-09-24 11:00:00,4469.3037
2012-09-24 12:00:00,4460.936
2012-09-24 13:00:00,4407.622
2012-09-24 14:00:00,4403.1875
2012-09-24 15:00:00,4394.6636
2012-09-24 16:00:00,4440.7837
2012-09-24 17:00:00,4430.605
2012-09-24 18:00:00,4471.3086
2012-09-24 19:00:00,4511.578
2012-09-24 20:00:00,4627.048
2012-09-24 21:00:00,4636.4043
2012-09-24 22:00:00,4625.12
2012-09-24 23:00:00,4785.3135
2012-09-25 00:00:00,4891.161
2012-09-25 01:00:00,4959.3726
2012-09-25 02:00:00,5025.119
2012-09-25 03:00:00,4972.3066
2012-09-25 04:00:00,4965.0938
2012-09-25 05:00:00,5019.742
2012-09-25 06:00:00,4980.0215
2012-09-25 07:00:00,4979.5625
2012-09-25 08:00:00,4838.9697
2012-09-25 09:00:00,4659.922
2012-09-25 10:00:00,4592.9434
2012-09-25 11:00:00,4450.5127
2012-09-25 12:00:00,4412.6616
2012-09-25 13:00:00,4427.717
2012-09-25 14:00:00,4370.4688
2012-09-25 15:00:00,4371.315
2012-09-25 16:00:00,4365.7163
2012-09-25 17:00:00,4363.4717
2012-09-25 18:00:00,4379.507
2012-09-25 19:00:00,4450.2285
2012-09-25 20:00:00,4511.2563
2012-09-25 21:00:00,4508.0874
2012-09-25 22:00:00,4506.2686
2012-09-25 23:00:00,4499.0474
2012-09-26 00:00:00,4707.5156
2012-09-26 01:00:00,4701.6426
2012-09-26 02:00:00,4693.463
2012-09-26 03:00:00,4690.296
2012-09-26 04:00:00,4803.3115
2012-09-26 05:00:00,4802.8374
2012-09-26 06:00:00,4826.456
2012-09-26 07:00:00,4864.3677
2012-09-26 08:00:00,4786.5864
2012-09-26 09:00:00,4636.246
2012-09-26 10:00:00,4714.6436
2012-09-26 11:00:00,4558.9277
2012-09-26 12:00:00,4519.57
2012-09-26 13:00:00,4465.574
2012-09-26 14:00:00,4334.5864
2012-09-26 15:00:00,4332.6606
2012-09-26 16:00:00,4319.5854
2012-09-26 17:00:00,4328.084
2012-09-26 18:00:00,4324.3174
2012-09-26 19:00:00,4416.3076
2012-09-26 20:00:00,4592.4185
2012-09-26 21:00:00,4553.578
2012-09-26 22:00:00,4606.78
2012-09-26 23:00:00,4721.0225
2012-09-27 00:00:00,4817.8955
2012-09-27 01:00:00,4814.7144
2012-09-27 02:00:00,4811.536
2012-09-27 03:00:00,4816.6963
2012-09-27 04:00:00,4971.425
2012-09-27 05:00:00,4879.041
2012-09-27 06:00:00,4928.2905
2012-09-27 07:00:00,4803.974
2012-09-27 08:00:00,4696.5522
2012-09-27 09:00:00,4609.168
2012-09-27 10:00:00,4398.1875
2012-09-27 11:00:00,4381.6943
2012-09-27 12:00:00,4339.3184
2012-09-27 13:00:00,4348.7627
2012-09-27 14:00:00,4297.2017
2012-09-27 15:00:00,4293.523
2012-09-27 16:00:00,4413.417
2012-09-27 17:00:00,4583.408
2012-09-27 18:00:00,4586.9883
2012-09-27 19:00:00,4565.32
2012-09-27 20:00:00,4604.7314
2012-09-27 21:00:00,4744.2607
2012-09-27 22:00:00,4741.0747
2012-09-27 23:00:00,4749.662
2012-09-28 00:00:00,4886.49
2012-09-28 01:00:00,4894.2793
2012-09-28 02:00:00,4871.578
2012-09-28 03:00:00,4844.209
2012-09-28 04:00:00,4916.631
2012-09-28 05:00:00,4937.2427
2012-09-28 06:00:00,4960.3057
2012-09-28 07:00:00,4963.252
2012-09-28 08:00:00,4840.3916
2012-09-28 09:00:00,4804.2837
2012-09-28 10:00:00,4734.1914
2012-09-28 11:00:00,4629.4414
2012-09-28 12:00:00,4421.3115
2012-09-28 13:00:00,4391.39
2012-09-28 14:00:00,4414.9766
2012-09-28 15:00:00,4433.1787
2012-09-28 16:00:00,4423.882
2012-09-28 17:00:00,4449.6343
2012-09-28 18:00:00,4432.289
2012-09-28 19:00:00,4432.1025
2012-09-28 20:00:00,4478.532
2012-09-28 21:00:00,4472.6665
2012-09-28 22:00:00,4537.3906
2012-09-28 23:00:00,4587.827
2012-09-29 00:00:00,4740.3867
2012-09-29 01:00:00,4737.2197
2012-09-29 02:00:00,4689.3125
2012-09-29 03:00:00,4739.7495
2012-09-29 04:00:00,4740.24
2012-09-29 05:00:00,4802.294
2012-09-29 06:00:00,4793.7236
2012-09-29 07:00:00,4847.6064
2012-09-29 08:00:00,4829.275
2012-09-29 09:00:00,4789.619
2012-09-29 10:00:00,4670.33
2012-09-29 11:00:00,4604.6978
2012-09-29 12:00:00,4417.0195
2012-09-29 13:00:00,4414.662
2012-09-29 14:00:00,4419.968
2012-09-29 15:00:00,4428.6567
2012-09-29 16:00:00,4407.102
2012-09-29 17:00:00,4406.1514
2012-09-29 18:00:00,4537.122
2012-09-29 19:00:00,4665.1387
2012-09-29 20:00:00,4659.2715
2012-09-29 21:00:00,4661.51
2012-09-29 22:00:00,4756.5312
2012-09-29 23:00:00,4719.039
2012-09-30 00:00:00,4800.0317
2012-09-30 01:00:00,4796.8633
2012-09-30 02:00:00,4853.4478
2012-09-30 03:00:00,4901.9824
2012-09-30 04:00:00,4898.813
2012-09-30 05:00:00,4972.435
2012-09-30 06:00:00,4961.153
2012-09-30 07:00:00,5010.9175
2012-09-30 08:00:00,4860.6475
2012-09-30 09:00:00,4773.5786
2012-09-30 10:00:00,4541.0244
2012-09-30 11:00:00,4443.583
2012-09-30 12:00:00,4417.0195
2012-09-30 13:00:00,4414.117
2012-09-30 14:00:00,4411.786
2012-09-30 15:00:00,4388.738
2012-09-30 16:00:00,4386.237
2012-09-30 17:00:00,4396.795
2012-09-30 18:00:00,4678.3203
2012-09-30 19:00:00,4825.485
2012-09-30 20:00:00,4822.3145
2012-09-30 21:00:00,4813.7607
2012-09-30 22:00:00,4870.3438
2012-09-30 23:00:00,4859.0625
2012-10-20 00:00:00,5034.57
2012-10-20 01:00:00,4948.867
2012-10-20 02:00:00,5017.2397
2012-10-20 03:00:00,5035.466
2012-10-20 04:00:00,4975.6025
2012-10-20 05:00:00,5099.278
2012-10-20 06:00:00,4984.4907
2012-10-20 07:00:00,5093.411
2012-10-20 08:00:00,4882.0913
2012-10-20 09:00:00,4759.3486
2012-10-20 10:00:00,4669.6064
2012-10-20 11:00:00,4634.1807
2012-10-20 12:00:00,4564.2427
2012-10-20 13:00:00,4528.9087
2012-10-20 14:00:00,4513.88
2012-10-20 15:00:00,4537.4644
2012-10-20 16:00:00,4523.748
2012-10-20 17:00:00,4484.9697
2012-10-20 18:00:00,4520.07
2012-10-20 19:00:00,4602.8066
2012-10-20 20:00:00,4537.994
2012-10-20 21:00:00,4654.4116
2012-10-20 22:00:00,4721.8145
2012-10-20 23:00:00,4814.6865
2012-10-21 00:00:00,4812.871
2012-10-21 01:00:00,4864.118
2012-10-21 02:00:00,4926.1104
2012-10-21 03:00:00,4989.5146
2012-10-21 04:00:00,5067.0015
2012-10-21 05:00:00,4983.1772
2012-10-21 06:00:00,4928.3057
2012-10-21 07:00:00,4925.1377
2012-10-21 08:00:00,4942.4805
2012-10-21 09:00:00,4769.1914
2012-10-21 10:00:00,4643.206
2012-10-21 11:00:00,4577.515
2012-10-21 12:00:00,4505.7666
2012-10-21 13:00:00,4476.573
2012-10-21 14:00:00,4466.1235
2012-10-21 15:00:00,4464.958
2012-10-21 16:00:00,4487.3066
2012-10-21 17:00:00,4520.3496
2012-10-21 18:00:00,4522.8867
2012-10-21 19:00:00,4573.3423
2012-10-21 20:00:00,4609.394
2012-10-21 21:00:00,4770.4756
2012-10-21 22:00:00,4782.1836
2012-10-21 23:00:00,4754.873
2012-10-22 00:00:00,4933.741
2012-10-22 01:00:00,5010.841
2012-10-22 02:00:00,5031.8164
2012-10-22 03:00:00,4924.2363
2012-10-22 04:00:00,4980.8857
2012-10-22 05:00:00,5058.9116
2012-10-22 06:00:00,5089.409
2012-10-22 07:00:00,4963.2676
2012-10-22 08:00:00,4904.76
2012-10-22 09:00:00,4833.7217
2012-10-22 10:00:00,4719.1016
2012-10-22 11:00:00,4469.186
2012-10-22 12:00:00,4438.839
2012-10-22 13:00:00,4393.2334
2012-10-22 14:00:00,4400.249
2012-10-22 15:00:00,4378.8545
2012-10-22 16:00:00,4386.404
2012-10-22 17:00:00,4382.7817
2012-10-22 18:00:00,4716.264
2012-10-22 19:00:00,4630.216
2012-10-22 20:00:00,4713.619
2012-10-22 21:00:00,4807.2324
2012-10-22 22:00:00,4953.928
2012-10-22 23:00:00,4952.842
2012-10-23 00:00:00,5056.5405
2012-10-23 01:00:00,4977.2207
2012-10-23 02:00:00,5074.9297
2012-10-23 03:00:00,4997.74
2012-10-23 04:00:00,5021.537
2012-10-23 05:00:00,4995.549
2012-10-23 06:00:00,5076.3496
2012-10-23 07:00:00,4978.658
2012-10-23 08:00:00,4908.0947
2012-10-23 09:00:00,4855.354
2012-10-23 10:00:00,4715.4062
2012-10-23 11:00:00,4540.053
2012-10-23 12:00:00,4442.533
2012-10-23 13:00:00,4414.921
2012-10-23 14:00:00,4357.865
2012-10-23 15:00:00,4356.056
2012-10-23 16:00:00,4366.675
2012-10-23 17:00:00,4348.2783
2012-10-23 18:00:00,4495.0093
2012-10-23 19:00:00,4527.512
2012-10-23 20:00:00,4659.0044
2012-10-23 21:00:00,4727.818
2012-10-23 22:00:00,4715.1846
2012-10-23 23:00:00,4780.691
2012-10-24 00:00:00,4854.916
2012-10-24 01:00:00,4815.2666
2012-10-24 02:00:00,4812.0996
2012-10-24 03:00:00,4929.4614
2012-10-24 04:00:00,4926.2793
2012-10-24 05:00:00,4966.9243
2012-10-24 06:00:00,4980.6567
2012-10-24 07:00:00,4996.5146
2012-10-24 08:00:00,4925.731
2012-10-24 09:00:00,4877.16
2012-10-24 10:00:00,4822.283
2012-10-24 11:00:00,4699.688
2012-10-24 12:00:00,4594.6934
2012-10-24 13:00:00,4498.407
2012-10-24 14:00:00,4319.132
2012-10-24 15:00:00,4336.8604
2012-10-24 16:00:00,4311.1235
2012-10-24 17:00:00,4423.324
2012-10-24 18:00:00,4393.414
2012-10-24 19:00:00,4468.038
2012-10-24 20:00:00,4560.2837
2012-10-24 21:00:00,4555.768
2012-10-24 22:00:00,4591.3984
2012-10-24 23:00:00,4680.16
2012-10-25 00:00:00,4663.799
2012-10-25 01:00:00,4767.0435
2012-10-25 02:00:00,4892.6274
2012-10-25 03:00:00,4973.5425
2012-10-25 04:00:00,4972.4434
2012-10-25 05:00:00,4965.454
2012-10-25 06:00:00,4960.4424
2012-10-25 07:00:00,4957.3945
2012-10-25 08:00:00,4921.8013
2012-10-25 09:00:00,4916.8203
2012-10-25 10:00:00,4893.996
2012-10-25 11:00:00,4892.9253
2012-10-25 12:00:00,4827.0093
2012-10-25 13:00:00,4833.483
2012-10-25 14:00:00,4715.475
2012-10-25 15:00:00,4616.8145
2012-10-25 16:00:00,4670.7554
2012-10-25 17:00:00,4667.587
2012-10-25 18:00:00,4856.4556
2012-10-25 19:00:00,4871.258
2012-10-25 20:00:00,4921.851
2012-10-25 21:00:00,4918.8154
2012-10-25 22:00:00,4860.5713
2012-10-25 23:00:00,4854.6416
2012-10-26 00:00:00,4889.8584
2012-10-26 01:00:00,4982.629
2012-10-26 02:00:00,4978.576
2012-10-26 03:00:00,4971.575
2012-10-26 04:00:00,4968.511
2012-10-26 05:00:00,4969.3887
2012-10-26 06:00:00,4967.3213
2012-10-26 07:00:00,4963.2935
2012-10-26 08:00:00,4934.565
2012-10-26 09:00:00,4931.5312
2012-10-26 10:00:00,4930.461
2012-10-26 11:00:00,4824.7617
2012-10-26 12:00:00,4750.158
2012-10-26 13:00:00,4707.7983
2012-10-26 14:00:00,4616.746
2012-10-26 15:00:00,4574.7754
2012-10-26 16:00:00,4740.1826
2012-10-26 17:00:00,4785.2163
2012-10-26 18:00:00,4805.2896
2012-10-26 19:00:00,4864.815
2012-10-26 20:00:00,4861.7944
2012-10-26 21:00:00,4810.9463
2012-10-26 22:00:00,4881.3525
2012-10-26 23:00:00,4884.76
2012-10-27 00:00:00,5028.7046
2012-10-27 01:00:00,5017.4106
2012-10-27 02:00:00,5010.4756
2012-10-27 03:00:00,5017.7656
2012-10-27 04:00:00,5006.3223
2012-10-27 05:00:00,4959.802
2012-10-27 06:00:00,4956.7847
2012-10-27 07:00:00,4992.5723
2012-10-27 08:00:00,4912.2573
2012-10-27 09:00:00,4909.0874
2012-10-27 10:00:00,4819.251
2012-10-27 11:00:00,4711.726
2012-10-27 12:00:00,4527.473
2012-10-27 13:00:00,4434.4697
2012-10-27 14:00:00,4458.7104
2012-10-27 15:00:00,4654.3145
2012-10-27 16:00:00,4686.823
2012-10-27 17:00:00,4683.6553
2012-10-27 18:00:00,4680.4863
2012-10-27 19:00:00,4802.2954
2012-10-27 20:00:00,4799.1265
2012-10-27 21:00:00,4795.957
2012-10-27 22:00:00,4790.0933
2012-10-27 23:00:00,4739.0894
2012-10-28 00:00:00,4811.009
2012-10-28 01:00:00,4878.071
2012-10-28 02:00:00,4837.878
2012-10-28 03:00:00,4787.4053
2012-10-28 04:00:00,4781.5425
2012-10-28 05:00:00,4783.7744
2012-10-28 06:00:00,4742.2256
2012-10-28 07:00:00,4741.7603
2012-10-28 08:00:00,4715.639
2012-10-28 09:00:00,4688.945
2012-10-28 10:00:00,4674.1777
2012-10-28 11:00:00,4649.624
2012-10-28 12:00:00,4732.4463
2012-10-28 13:00:00,4736.028
2012-10-28 14:00:00,4706.074
2012-10-28 15:00:00,4734.538
2012-10-28 16:00:00,4784.7607
2012-10-28 17:00:00,4889.5273
2012-10-28 18:00:00,5053.5957
2012-10-28 19:00:00,5062.224
2012-10-28 20:00:00,5050.784
2012-10-28 21:00:00,4998.538
2012-10-28 22:00:00,5000.636
2012-10-28 23:00:00,5051.5996
2012-10-29 00:00:00,5046.3765
2012-10-30 13:00:00,5159.254
2012-10-30 14:00:00,5156.6157
2012-10-30 15:00:00,5185.2725
2012-10-30 16:00:00,5182.6367
2012-10-30 17:00:00,5182.551
2012-10-30 18:00:00,5179.327
2012-10-30 19:00:00,4779.8936
2012-10-30 20:00:00,5151.917
2012-10-30 21:00:00,5173.1074
2012-10-30 22:00:00,5150.424
2012-10-30 23:00:00,5147.7217
2012-10-31 00:00:00,5195.509
2012-10-31 01:00:00,5193.786
2012-10-31 02:00:00,5196.4185
2012-10-31 03:00:00,5187.3726
2012-10-31 04:00:00,5227.303
2012-10-31 05:00:00,5188.2827
2012-10-31 06:00:00,5191.82
2012-10-31 07:00:00,5216.491
2012-10-31 08:00:00,5158.175
2012-10-31 09:00:00,5109.3877
2012-10-31 10:00:00,5033.0024
2012-10-31 11:00:00,4972.1846
2012-10-31 12:00:00,4842.4746
2012-10-31 13:00:00,4741.1665
2012-10-31 14:00:00,4728.9365
2012-10-31 15:00:00,4775.9116
2012-10-31 16:00:00,4758.2764
2012-10-31 17:00:00,4820.2695
2012-10-31 18:00:00,4817.1006
2012-10-31 19:00:00,4739.885
2012-10-31 20:00:00,4736.716
2012-10-31 21:00:00,4733.547
2012-10-31 22:00:00,4874.2383
2012-10-31 23:00:00,4865.7817
2012-11-20 00:00:00,5098.7974
2012-11-20 01:00:00,5038.49
2012-11-20 02:00:00,5139.3584
2012-11-20 03:00:00,5067.6865
2012-11-20 04:00:00,5021.216
2012-11-20 05:00:00,5023.455
2012-11-20 06:00:00,5062.172
2012-11-20 07:00:00,5134.034
2012-11-20 08:00:00,5067.6055
2012-11-20 09:00:00,5024.657
2012-11-20 10:00:00,4920.553
2012-11-20 11:00:00,4902.221
2012-11-20 12:00:00,4907.166
2012-11-20 13:00:00,4799.5913
2012-11-20 14:00:00,4786.956
2012-11-20 15:00:00,4732.948
2012-11-20 16:00:00,4841.7847
2012-11-20 17:00:00,4936.2153
2012-11-20 18:00:00,4895.207
2012-11-20 19:00:00,4944.744
2012-11-20 20:00:00,5010.381
2012-11-20 21:00:00,4995.696
2012-11-20 22:00:00,4992.527
2012-11-20 23:00:00,5119.7344
2012-11-21 00:00:00,5158.5894
2012-11-21 01:00:00,5179.1353
2012-11-21 02:00:00,5261.5664
2012-11-21 03:00:00,5258.938
2012-11-21 04:00:00,5256.31
2012-11-21 05:00:00,5253.6826
2012-11-21 06:00:00,5244.2925
2012-11-21 07:00:00,5263.073
2012-11-21 08:00:00,5196.747
2012-11-21 09:00:00,5128.086
2012-11-21 10:00:00,4950.2817
2012-11-21 11:00:00,4774.296
2012-11-21 12:00:00,4642.633
2012-11-21 13:00:00,4583.1553
2012-11-21 14:00:00,4541.698
2012-11-21 15:00:00,4573.918
2012-11-21 16:00:00,4563.657
2012-11-21 17:00:00,4668.7974
2012-11-21 18:00:00,4629.122
2012-11-21 19:00:00,4710.66
2012-11-21 20:00:00,4933.6934
2012-11-21 21:00:00,4808.413
2012-11-21 22:00:00,4820.469
2012-11-21 23:00:00,4948.402
2012-11-22 00:00:00,5081.5903
2012-11-22 01:00:00,5117.7324
2012-11-22 02:00:00,5253.179
2012-11-22 03:00:00,5248.9263
2012-11-22 04:00:00,5305.0615
2012-11-22 05:00:00,5243.1963
2012-11-22 06:00:00,5178.7764
2012-11-22 07:00:00,5265.6914
2012-11-22 08:00:00,5240.4614
2012-11-22 09:00:00,5067.02
2012-11-22 10:00:00,4920.0625
2012-11-22 11:00:00,4693.8438
2012-11-22 12:00:00,4621.152
2012-11-22 13:00:00,4557.689
2012-11-22 14:00:00,4528.5303
2012-11-22 15:00:00,4526.6836
2012-11-22 16:00:00,4566.569
2012-11-22 17:00:00,4605.313
2012-11-22 18:00:00,4721.709
2012-11-22 19:00:00,5061.1875
2012-11-22 20:00:00,5037.447
2012-11-22 21:00:00,4946.314
2012-11-22 22:00:00,4966.0083
2012-11-22 23:00:00,5067.248
2012-11-23 00:00:00,5105.1826
2012-11-23 01:00:00,5223.9565
2012-11-23 02:00:00,5207.311
2012-11-23 03:00:00,5164.6123
2012-11-23 04:00:00,5231.209
2012-11-23 05:00:00,5254.579
2012-11-23 06:00:00,5251.871
2012-11-23 07:00:00,5249.1567
2012-11-23 08:00:00,5289.98
2012-11-23 09:00:00,5172.162
2012-11-23 10:00:00,4969.37
2012-11-23 11:00:00,4774.296
2012-11-23 12:00:00,4610.4697
2012-11-23 13:00:00,4580.509
2012-11-23 14:00:00,4515.4907
2012-11-23 15:00:00,4579.4956
2012-11-23 16:00:00,4580.7812
2012-11-23 17:00:00,4561.1304
2012-11-23 18:00:00,4634.8184
2012-11-23 19:00:00,4643.5176
2012-11-23 20:00:00,4602.666
2012-11-23 21:00:00,4638.1406
2012-11-23 22:00:00,4547.279
2012-11-23 23:00:00,4581.429
2012-11-24 00:00:00,4687.169
2012-11-24 01:00:00,4840.721
2012-11-24 02:00:00,4825.0977
2012-11-24 03:00:00,4900.4688
2012-11-24 04:00:00,4932.453
2012-11-24 05:00:00,4930.256
2012-11-24 06:00:00,4981.8545
2012-11-24 07:00:00,4914.873
2012-11-24 08:00:00,4935.652
2012-11-24 09:00:00,4907.5103
2012-11-24 10:00:00,4934.626
2012-11-24 11:00:00,4871.2124
2012-11-24 12:00:00,4781.623
2012-11-24 13:00:00,4769.706
2012-11-24 14:00:00,4737.8643
2012-11-24 15:00:00,4785.1763
2012-11-24 16:00:00,4834.375
2012-11-24 17:00:00,4886.8105
2012-11-24 18:00:00,4857.3677
2012-11-24 19:00:00,4883.1265
2012-11-24 20:00:00,4937.499
2012-11-24 21:00:00,4933.051
2012-11-24 22:00:00,4924.4746
2012-11-24 23:00:00,4926.7124
2012-11-25 00:00:00,5045.085
2012-11-25 01:00:00,5011.172
2012-11-25 02:00:00,5011.8735
2012-11-25 03:00:00,4994.3394
2012-11-25 04:00:00,4991.172
2012-11-25 05:00:00,5018.8877
2012-11-25 06:00:00,5011.791
2012-11-25 07:00:00,5044.2974
2012-11-25 08:00:00,5042.3564
2012-11-25 09:00:00,4994.9766
2012-11-25 10:00:00,4998.1724
2012-11-25 11:00:00,4892.708
2012-11-25 12:00:00,4889.539
2012-11-25 13:00:00,4891.799
2012-11-25 14:00:00,4841.213
2012-11-25 15:00:00,4847.107
2012-11-25 16:00:00,4819.855
2012-11-25 17:00:00,4864.106
2012-11-25 18:00:00,4911.774
2012-11-25 19:00:00,4868.661
2012-11-25 20:00:00,5059.019
2012-11-25 21:00:00,4924.7505
2012-11-25 22:00:00,5052.6807
2012-11-25 23:00:00,5155.1562
2012-11-26 00:00:00,5210.546
2012-11-26 01:00:00,5229.931
2012-11-26 02:00:00,5227.0938
2012-11-26 03:00:00,5224.2583
2012-11-26 04:00:00,5199.3022
2012-11-26 05:00:00,5207.053
2012-11-26 06:00:00,5193.604
2012-11-26 07:00:00,5131.2285
2012-11-26 08:00:00,5128.0615
2012-11-26 09:00:00,4997.6787
2012-11-26 10:00:00,4882.573
2012-11-26 11:00:00,4648.8926
2012-11-26 12:00:00,4621.3735
2012-11-26 13:00:00,4618.209
2012-11-26 14:00:00,4624.5195
2012-11-26 15:00:00,4613.2246
2012-11-26 16:00:00,4550.1763
2012-11-26 17:00:00,4588.256
2012-11-26 18:00:00,4821.773
2012-11-26 19:00:00,4865.6455
2012-11-26 20:00:00,4826.807
2012-11-26 21:00:00,4823.6377
2012-11-26 22:00:00,4951.569
2012-11-26 23:00:00,4983.8643
2012-11-27 00:00:00,5058.093
2012-11-27 01:00:00,5086.5557
2012-11-27 02:00:00,5090.0234
2012-11-27 03:00:00,5071.1514
2012-11-27 04:00:00,5187.085
2012-11-27 05:00:00,5190.697
2012-11-27 06:00:00,5183.5874
2012-11-27 07:00:00,5174.632
2012-11-27 08:00:00,5147.995
2012-11-27 09:00:00,5147.2354
2012-11-27 10:00:00,5140.607
2012-11-27 11:00:00,5200.1187
2012-11-27 12:00:00,5211.292
2012-11-27 13:00:00,5212.0435
2012-11-27 14:00:00,5208.573
2012-11-27 15:00:00,5123.4785
2012-11-27 16:00:00,5120.585
2012-11-27 17:00:00,5109.5103
2012-11-27 18:00:00,5212.8086
2012-11-27 19:00:00,5141.3726
2012-11-27 20:00:00,5168.4453
2012-11-27 21:00:00,5232.6973
2012-11-27 22:00:00,5222.4756
2012-11-27 23:00:00,5192.094
2012-11-28 00:00:00,5214.7314
2012-11-28 01:00:00,5205.973
2012-11-28 02:00:00,5203.124
2012-11-28 03:00:00,5161.6875
2012-11-28 04:00:00,5161.584
2012-11-28 05:00:00,5155.451
2012-11-28 06:00:00,5109.0454
2012-11-28 07:00:00,5028.315
2012-11-28 08:00:00,5104.6445
2012-11-28 09:00:00,4971.282
2012-11-28 10:00:00,4906.5884
2012-11-28 11:00:00,4847.5913
2012-11-28 12:00:00,4792.019
2012-11-28 13:00:00,4787.716
2012-11-28 14:00:00,4742.4893
2012-11-28 15:00:00,4666.19
2012-11-28 16:00:00,4642.509
2012-11-28 17:00:00,4682.8936
2012-11-28 18:00:00,4717.761
2012-11-28 19:00:00,4741.947
2012-11-28 20:00:00,4732.158
2012-11-28 21:00:00,4786.54
2012-11-28 22:00:00,4870.3604
2012-11-28 23:00:00,4911.4014
2012-11-29 00:00:00,5083.7603
2012-11-29 01:00:00,5166.8125
2012-11-29 02:00:00,5162.3296
2012-11-29 04:00:00,5277.119
2012-11-29 05:00:00,5218.6055
2012-11-29 06:00:00,5193.604
2012-11-29 07:00:00,5170.578
2012-11-29 08:00:00,5217.6934
2012-11-29 09:00:00,5080.301
2012-11-29 10:00:00,5074.7773
2012-11-29 11:00:00,4722.5815
2012-11-29 12:00:00,4751.6006
2012-11-29 13:00:00,4637.259
2012-11-29 14:00:00,4766.6123
2012-11-29 15:00:00,4767.434
2012-11-29 16:00:00,4733.52
2012-11-29 17:00:00,4748.282
2012-11-29 18:00:00,4861.082
2012-11-29 19:00:00,4915.4526
2012-11-29 20:00:00,4905.6455
2012-11-29 21:00:00,5069.353
2012-11-29 22:00:00,5105.429
2012-11-29 23:00:00,4996.629
2012-11-30 00:00:00,5184.4277
2012-11-30 01:00:00,5202.067
2012-11-30 02:00:00,5228.5146
2012-11-30 03:00:00,5225.768
2012-11-30 04:00:00,5245.0586
2012-11-30 05:00:00,5292.6753
2012-11-30 06:00:00,5324.4375
2012-11-30 07:00:00,5265.3613
2012-11-30 08:00:00,5256.7266
2012-11-30 09:00:00,5218.295
2012-11-30 10:00:00,5040.349
2012-11-30 11:00:00,4883.1514
2012-11-30 12:00:00,4768.113
2012-11-30 13:00:00,4672.4077
2012-11-30 14:00:00,4674.649
2012-11-30 15:00:00,4629.563
2012-11-30 16:00:00,4701.4287
2012-11-30 17:00:00,4822.245
2012-11-30 18:00:00,4931.097
2012-11-30 19:00:00,5005.668
2012-11-30 20:00:00,5002.4985
2012-11-30 21:00:00,5105.0234
2012-11-30 22:00:00,5100.6567
2012-11-30 23:00:00,5089.581
2012-12-20 00:00:00,5018.5127
2012-12-20 01:00:00,5062.704
2012-12-20 02:00:00,5059.5356
2012-12-20 03:00:00,5108.3843
2012-12-20 04:00:00,5105.2
2012-12-20 05:00:00,5100.6714
2012-12-20 06:00:00,5053.024
2012-12-20 07:00:00,5094.448
2012-12-20 08:00:00,5091.2793
2012-12-20 09:00:00,5088.1094
2012-12-20 10:00:00,5034.5195
2012-12-20 11:00:00,4925.3975
2012-12-20 12:00:00,4858.4795
2012-12-20 13:00:00,4888.2876
2012-12-20 14:00:00,4849.4434
2012-12-20 15:00:00,4906.092
2012-12-20 16:00:00,4873.8154
2012-12-20 17:00:00,4980.0234
2012-12-20 18:00:00,5021.4517
2012-12-20 19:00:00,5013.1504
2012-12-20 20:00:00,5053.349
2012-12-20 21:00:00,5050.176
2012-12-20 22:00:00,5120.7124
2012-12-20 23:00:00,4994.173
2012-12-21 00:00:00,5076.9355
2012-12-21 01:00:00,5045.1543
2012-12-21 02:00:00,5051.5195
2012-12-21 03:00:00,5048.8613
2012-12-21 04:00:00,5038.5464
2012-12-21 05:00:00,5109.1284
2012-12-21 06:00:00,4932.7085
2012-12-21 07:00:00,4960.6904
2012-12-21 08:00:00,4958.8066
2012-12-21 09:00:00,4843.1704
2012-12-21 10:00:00,4821.125
2012-12-21 11:00:00,4812.824
2012-12-21 12:00:00,4788.5923
2012-12-21 13:00:00,4780.199
2012-12-21 14:00:00,4774.403
2012-12-21 15:00:00,4826.9014
2012-12-21 16:00:00,4802.6562
2012-12-21 17:00:00,5008.357
2012-12-21 18:00:00,5007.8945
2012-12-21 19:00:00,4882.205
2012-12-21 20:00:00,4838.0723
2012-12-21 21:00:00,4863.163
2012-12-21 22:00:00,4897.2593
2012-12-21 23:00:00,4886.1025
2012-12-22 00:00:00,4965.1187
2012-12-22 01:00:00,4973.6147
2012-12-22 02:00:00,4963.9233
2012-12-22 03:00:00,5002.576
2012-12-22 04:00:00,4994.2764
2012-12-22 05:00:00,4989.5586
2012-12-22 06:00:00,4950.8633
2012-12-22 07:00:00,4947.674
2012-12-22 08:00:00,4937.0093
2012-12-22 09:00:00,4979.5874
2012-12-22 10:00:00,4981.8257
2012-12-22 11:00:00,4880.309
2012-12-22 12:00:00,4790.499
2012-12-22 13:00:00,4773.962
2012-12-22 14:00:00,4769.4766
2012-12-22 15:00:00,4738.442
2012-12-22 16:00:00,4814.9004
2012-12-22 17:00:00,4866.4307
2012-12-22 18:00:00,4918.1304
2012-12-22 19:00:00,4974.753
2012-12-22 20:00:00,4970.423
2012-12-22 21:00:00,5016.6743
2012-12-22 22:00:00,5013.507
2012-12-22 23:00:00,5009.055
2012-12-23 00:00:00,5047.541
2012-12-23 01:00:00,5043.092
2012-12-23 02:00:00,5102.4395
2012-12-23 03:00:00,5101.9795
2012-12-23 04:00:00,5063.1387
2012-12-23 05:00:00,5079.679
2012-12-23 06:00:00,5249.6836
2012-12-23 07:00:00,5246.8677
2012-12-23 08:00:00,5312.1714
2012-12-23 09:00:00,5147.619
2012-12-23 10:00:00,5166.206
2012-12-23 11:00:00,5041.2495
2012-12-23 12:00:00,4867.188
2012-12-23 13:00:00,4810.4585
2012-12-23 14:00:00,4715.8496
2012-12-23 15:00:00,4734.5107
2012-12-23 16:00:00,4726.12
2012-12-23 17:00:00,4880.293
2012-12-23 18:00:00,4868.2954
2012-12-23 19:00:00,4834.5166
2012-12-23 20:00:00,5084.6943
2012-12-23 21:00:00,5150.2046
2012-12-23 22:00:00,5067.1143
2012-12-23 23:00:00,5054.6777
2012-12-24 00:00:00,5215.456
2012-12-24 01:00:00,5212.6387
2012-12-24 02:00:00,5276.047
2012-12-24 03:00:00,5273.3525
2012-12-24 05:00:00,5334.4004
2012-12-24 06:00:00,5265.2695
2012-12-24 07:00:00,5217.8857
2012-12-24 08:00:00,5192.7656
2012-12-24 09:00:00,5130.2666
2012-12-24 10:00:00,5093.7427
2012-12-24 11:00:00,5059.1787
2012-12-24 12:00:00,4984.2773
2012-12-24 13:00:00,5229.8457
2012-12-24 14:00:00,5261.036
2012-12-24 15:00:00,5264.3184
2012-12-24 16:00:00,5261.6836
2012-12-24 17:00:00,5286.8823
2012-12-24 18:00:00,5281.189
2012-12-24 19:00:00,5292.1045
2012-12-24 20:00:00,5281.5166
2012-12-24 21:00:00,5274.5293
2012-12-24 22:00:00,5271.139
2012-12-24 23:00:00,5260.5996
2012-12-25 00:00:00,5345.5444
2012-12-25 01:00:00,5300.334
2012-12-25 02:00:00,5297.701
2012-12-25 04:00:00,5312.206
2012-12-25 05:00:00,5366.1104
2012-12-25 06:00:00,5363.4805
2012-12-25 07:00:00,5358.292
2012-12-25 08:00:00,5292.0977
2012-12-25 09:00:00,5305.991
2012-12-25 10:00:00,5216.5625
2012-12-25 11:00:00,5156.4688
2012-12-25 12:00:00,5138.4355
2012-12-25 13:00:00,4775.3955
2012-12-25 14:00:00,4763.4014
2012-12-25 15:00:00,4852.1787
2012-12-25 16:00:00,4839.9473
2012-12-25 17:00:00,4947.4346
2012-12-25 18:00:00,5024.535
2012-12-25 19:00:00,5024.063
2012-12-25 20:00:00,5015.49
2012-12-25 21:00:00,5035.5977
2012-12-25 22:00:00,5070.3867
2012-12-25 23:00:00,5048.0005
2012-12-26 00:00:00,5106.4453
2012-12-26 01:00:00,5142.2627
2012-12-26 02:00:00,5139.0547
2012-12-26 03:00:00,5193.7324
2012-12-26 04:00:00,5214.328
2012-12-26 05:00:00,5200.819
2012-12-26 06:00:00,5203.413
2012-12-26 07:00:00,5322.4404
2012-12-26 08:00:00,5319.8037
2012-12-26 09:00:00,5317.1714
2012-12-26 10:00:00,5317.088
2012-12-26 11:00:00,5308.525
2012-12-26 12:00:00,5292.89
2012-12-26 13:00:00,5290.2573
2012-12-26 14:00:00,5316.7188
2012-12-26 15:00:00,5239.489
2012-12-26 16:00:00,5236.8584
2012-12-26 17:00:00,5265.038
2012-12-26 18:00:00,5237.92
2012-12-26 19:00:00,5183.868
2012-12-26 20:00:00,5185.3345
2012-12-26 21:00:00,5185.6987
2012-12-26 22:00:00,5273.798
2012-12-26 23:00:00,5223.51
2012-12-27 00:00:00,5284.0977
2012-12-27 01:00:00,5329.089
2012-12-27 02:00:00,5303.6436
2012-12-27 03:00:00,5303.8916
2012-12-27 04:00:00,5300.4766
2012-12-27 05:00:00,5236.47
2012-12-27 06:00:00,5190.5303
2012-12-27 07:00:00,5194.879
2012-12-27 08:00:00,5123.5347
2012-12-27 09:00:00,5072.9795
2012-12-27 10:00:00,5007.284
2012-12-27 11:00:00,4992.474
2012-12-27 12:00:00,4901.1094
2012-12-27 13:00:00,4897.939
2012-12-27 14:00:00,5009.6924
2012-12-27 15:00:00,5013.278
2012-12-27 16:00:00,4970.5713
2012-12-27 17:00:00,4967.4033
2012-12-27 18:00:00,5062.375
2012-12-27 19:00:00,5074.957
2012-12-27 20:00:00,5063.8696
2012-12-27 21:00:00,5052.8687
2012-12-27 22:00:00,5056.3896
2012-12-27 23:00:00,5046.529
2012-12-28 00:00:00,5118.1777
2012-12-28 01:00:00,5130.708
2012-12-28 02:00:00,5122.133
2012-12-28 03:00:00,5108.673
2012-12-28 04:00:00,5101.515
2012-12-28 05:00:00,5099.6953
2012-12-28 06:00:00,5166.8174
2012-12-28 07:00:00,5164.93
2012-12-28 08:00:00,5095.537
2012-12-28 09:00:00,5097.581
2012-12-28 10:00:00,5027.967
2012-12-28 11:00:00,4958.343
2012-12-28 12:00:00,4903.0527
2012-12-28 13:00:00,4899.8823
2012-12-28 14:00:00,4896.714
2012-12-28 15:00:00,4896.316
2012-12-28 16:00:00,4899.4404
2012-12-28 17:00:00,5076.084
2012-12-28 18:00:00,5072.913
2012-12-28 19:00:00,5109.205
2012-12-28 20:00:00,5095.4116
2012-12-28 21:00:00,5143.7075
2012-12-28 22:00:00,5135.0693
2012-12-28 23:00:00,5087.2524
2012-12-29 00:00:00,5231.6533
2012-12-29 01:00:00,5259.5894
2012-12-29 02:00:00,5225.9795
2012-12-29 03:00:00,5260.6
2012-12-29 04:00:00,5251.146
2012-12-29 05:00:00,5248.3145
2012-12-29 06:00:00,5191.5386
2012-12-29 07:00:00,5185.978
2012-12-29 08:00:00,5267.5684
2012-12-29 09:00:00,5264.8594
2012-12-29 10:00:00,5244.999
2012-12-29 11:00:00,5350.1025
2012-12-29 12:00:00,5390.169
2012-12-29 13:00:00,5387.5146
2012-12-29 14:00:00,5292.684
2012-12-29 15:00:00,5296.7373
2012-12-29 16:00:00,5183.36
2012-12-29 17:00:00,5232.9717
2012-12-29 18:00:00,5126.038
2012-12-29 19:00:00,5028.122
2012-12-29 20:00:00,4953.3335
2012-12-29 21:00:00,4970.314
2012-12-29 22:00:00,5020.267
2012-12-29 23:00:00,5059.003
2012-12-30 00:00:00,5107.6094
2012-12-30 01:00:00,5064.5225
2012-12-30 02:00:00,5064.1826
2012-12-30 03:00:00,5058.183
2012-12-30 04:00:00,5053.8535
2012-12-30 05:00:00,4991.313
2012-12-30 06:00:00,5046.485
2012-12-30 07:00:00,5084.123
2012-12-30 08:00:00,5045.1523
2012-12-30 09:00:00,5039.4053
2012-12-30 10:00:00,4906.976
2012-12-30 11:00:00,4908.6787
2012-12-30 12:00:00,4832.39
2012-12-30 13:00:00,4787.4946
2012-12-30 14:00:00,4793.6875
2012-12-30 15:00:00,4843.9004
2012-12-30 16:00:00,4842.3115
2012-12-30 17:00:00,4897.3447
2012-12-30 18:00:00,4938.582
2012-12-30 19:00:00,4955.7334
2012-12-30 20:00:00,4989.4473
2012-12-30 21:00:00,5042.2383
2012-12-30 22:00:00,5081.379
2012-12-30 23:00:00,5039.829
2012-12-31 00:00:00,5161.6597
2012-12-31 01:00:00,5158.491
2012-12-31 02:00:00,5218.0093
2012-12-31 03:00:00,5210.8916
2012-12-31 04:00:00,5309.624
2012-12-31 05:00:00,5254.6934
2012-12-31 06:00:00,5245.957
2012-12-31 07:00:00,5237.3433
2012-12-31 08:00:00,5304.142
2012-12-31 09:00:00,5193.945
2012-12-31 10:00:00,5213.938
2012-12-31 11:00:00,5104.7075
2012-12-31 12:00:00,5051.117
2012-12-31 13:00:00,4910.1475
2012-12-31 14:00:00,4886.4053
2012-12-31 15:00:00,4881.955
2012-12-31 16:00:00,4933.615
2012-12-31 17:00:00,4921.172
2012-12-31 18:00:00,4923.35
2012-12-31 19:00:00,5033.831
2012-12-31 20:00:00,5030.6626
2012-12-31 21:00:00,5036.5566
2012-12-31 22:00:00,4991.084
2012-12-31 23:00:00,5068.184
