time,pyfile,data_shape,random_num,model,model_structure,loss,optimizer,epochs,batch_size,train_second,first loss,last loss,test_loss,r2_score,train_ration
2026-09-04 12:30:18,multi_repeat_random_states.py,"(1021, 9)",0,sequential,Dense 64 -> 16 -> 32 -> 64 -> 64 -> 32 -> 1,mse,adam,50,256,2.2406,88976.6171875,5663.142578125,5322.8984375,0.19628342113386354,0.7
2026-09-04 12:30:18,multi_repeat_random_states.py,"(1021, 9)",168,sequential,Dense 64 -> 16 -> 32 -> 64 -> 64 -> 32 -> 1,mse,adam,50,256,2.2341,41874.96875,5012.1669921875,4873.83642578125,0.2979421396598172,0.7
2026-09-04 12:30:18,multi_repeat_random_states.py,"(1021, 9)",84,sequential,Dense 64 -> 16 -> 32 -> 64 -> 64 -> 32 -> 1,mse,adam,50,256,2.2667,63202.90625,5086.28271484375,4807.2744140625,0.2712058272471628,0.7
2026-09-04 12:30:20,multi_repeat_random_states.py,"(1021, 9)",0,sequential,Dense 64 -> 16 -> 32 -> 64 -> 64 -> 32 -> 1,mse,adam,50,256,1.4557,5626.21826171875,3332.951416015625,3197.448974609375,0.517209918678144,0.7
2026-09-04 12:30:20,multi_repeat_random_states.py,"(1021, 9)",168,sequential,Dense 64 -> 16 -> 32 -> 64 -> 64 -> 32 -> 1,mse,adam,50,256,1.4529,4936.7177734375,3130.32275390625,3611.944580078125,0.4797128703889223,0.7
2026-09-04 12:30:20,multi_repeat_random_states.py,"(1021, 9)",84,sequential,Dense 64 -> 16 -> 32 -> 64 -> 64 -> 32 -> 1,mse,adam,50,256,1.454,5000.048828125,3086.30126953125,2981.019775390625,0.5480703257159933,0.7
2026-09-04 12:30:21,multi_repeat_random_states.py,"(1021, 9)",0,sequential,Dense 64 -> 16 -> 32 -> 64 -> 64 -> 32 -> 1,mse,adam,50,256,1.4316,3211.412353515625,3192.235107421875,2774.368896484375,0.5810916883344985,0.7
2026-09-04 12:30:21,multi_repeat_random_states.py,"(1021, 9)",168,sequential,Dense 64 -> 16 -> 32 -> 64 -> 64 -> 32 -> 1,mse,adam,50,256,1.4412,3199.892333984375,3268.942626953125,2904.346435546875,0.5816397633988809,0.7
2026-09-04 12:30:21,multi_repeat_random_states.py,"(1021, 9)",84,sequential,Dense 64 -> 16 -> 32 -> 64 -> 64 -> 32 -> 1,mse,adam,50,256,1.4276,3011.1142578125,3207.6279296875,2797.05615234375,0.5759596951563875,0.7
2026-09-04 12:30:24,multi_repeat_random_states.py,"(1021, 9)",1,sequential_1,Dense 64 -> 16 -> 32 -> 64 -> 64 -> 32 -> 1,mse,adam_1,50,256,2.2578,87783.03125,5779.42236328125,4895.17529296875,0.2025166235508179,0.7
2026-09-04 12:30:24,multi_repeat_random_states.py,"(1021, 9)",169,sequential_1,Dense 64 -> 16 -> 32 -> 64 -> 64 -> 32 -> 1,mse,adam_1,50,256,2.2766,32670.611328125,3754.935302734375,4073.37890625,0.3613011504964637,0.7
2026-09-04 12:30:24,multi_repeat_random_states.py,"(1021, 9)",85,sequential_1,Dense 64 -> 16 -> 32 -> 64 -> 64 -> 32 -> 1,mse,adam_1,50,256,2.2736,21243.796875,3069.463134765625,3380.973388671875,0.5364065250669967,0.7
2026-09-04 12:30:25,multi_repeat_random_states.py,"(1021, 9)",1,sequential_1,Dense 64 -> 16 -> 32 -> 64 -> 64 -> 32 -> 1,mse,adam_1,50,256,1.4343,5696.08154296875,2971.50146484375,2727.6171875,0.5556381077353907,0.7
2026-09-04 12:30:25,multi_repeat_random_states.py,"(1021, 9)",169,sequential_1,Dense 64 -> 16 -> 32 -> 64 -> 64 -> 32 -> 1,mse,adam_1,50,256,1.4601,3721.572265625,2972.571533203125,2686.16015625,0.5788146549877131,0.7
2026-09-04 12:30:25,multi_repeat_random_states.py,"(1021, 9)",85,sequential_1,Dense 64 -> 16 -> 32 -> 64 -> 64 -> 32 -> 1,mse,adam_1,50,256,1.4489,3039.798095703125,2849.55615234375,3119.596923828125,0.5722460195305303,0.7
2026-09-04 12:30:27,multi_repeat_random_states.py,"(1021, 9)",1,sequential_1,Dense 64 -> 16 -> 32 -> 64 -> 64 -> 32 -> 1,mse,adam_1,50,256,1.4742,3035.716796875,2950.14404296875,3072.25390625,0.49949258505672656,0.7
2026-09-04 12:30:27,multi_repeat_random_states.py,"(1021, 9)",169,sequential_1,Dense 64 -> 16 -> 32 -> 64 -> 64 -> 32 -> 1,mse,adam_1,50,256,1.4194,2935.27783203125,2920.325439453125,3088.474609375,0.5157324702752117,0.7
2026-09-04 12:30:27,multi_repeat_random_states.py,"(1021, 9)",85,sequential_1,Dense 64 -> 16 -> 32 -> 64 -> 64 -> 32 -> 1,mse,adam_1,50,256,1.4261,2806.2939453125,2946.638427734375,3016.531005859375,0.5863782836403391,0.7
2026-09-04 12:30:29,multi_repeat_random_states.py,"(1021, 9)",170,sequential_2,Dense 64 -> 16 -> 32 -> 64 -> 64 -> 32 -> 1,mse,adam_2,50,256,2.1596,12313.9921875,3036.689208984375,3110.713134765625,0.5742793550277709,0.7
2026-09-04 12:30:29,multi_repeat_random_states.py,"(1021, 9)",86,sequential_2,Dense 64 -> 16 -> 32 -> 64 -> 64 -> 32 -> 1,mse,adam_2,50,256,2.1755,29500.91796875,3912.80615234375,3831.444091796875,0.4223281559088162,0.7
2026-09-04 12:30:29,multi_repeat_random_states.py,"(1021, 9)",2,sequential_2,Dense 64 -> 16 -> 32 -> 64 -> 64 -> 32 -> 1,mse,adam_2,50,256,2.2118,38876.4140625,3804.959716796875,3064.949462890625,0.543600949790837,0.7
2026-09-04 12:30:31,multi_repeat_random_states.py,"(1021, 9)",86,sequential_2,Dense 64 -> 16 -> 32 -> 64 -> 64 -> 32 -> 1,mse,adam_2,50,256,1.4392,3825.936767578125,3007.872314453125,2922.46240234375,0.5593765150776744,0.7
2026-09-04 12:30:31,multi_repeat_random_states.py,"(1021, 9)",2,sequential_2,Dense 64 -> 16 -> 32 -> 64 -> 64 -> 32 -> 1,mse,adam_2,50,256,1.4362,3406.412353515625,3316.342041015625,2732.212158203125,0.5931486384036415,0.7
2026-09-04 12:30:31,multi_repeat_random_states.py,"(1021, 9)",170,sequential_2,Dense 64 -> 16 -> 32 -> 64 -> 64 -> 32 -> 1,mse,adam_2,50,256,1.4695,3016.25,2932.276611328125,2958.703369140625,0.5950828797934375,0.7
2026-09-04 12:30:32,multi_repeat_random_states.py,"(1021, 9)",2,sequential_2,Dense 64 -> 16 -> 32 -> 64 -> 64 -> 32 -> 1,mse,adam_2,50,256,1.422,3113.584228515625,2937.18408203125,2721.170166015625,0.5947928404342833,0.7
2026-09-04 12:30:32,multi_repeat_random_states.py,"(1021, 9)",86,sequential_2,Dense 64 -> 16 -> 32 -> 64 -> 64 -> 32 -> 1,mse,adam_2,50,256,1.4227,3291.808349609375,3599.50390625,3813.981201171875,0.4249610928977048,0.7
2026-09-04 12:30:32,multi_repeat_random_states.py,"(1021, 9)",170,sequential_2,Dense 64 -> 16 -> 32 -> 64 -> 64 -> 32 -> 1,mse,adam_2,50,256,1.4124,2900.792236328125,3105.484130859375,3200.067138671875,0.5620507707797365,0.7
2026-09-04 12:30:35,multi_repeat_random_states.py,"(1021, 9)",3,sequential_3,Dense 64 -> 16 -> 32 -> 64 -> 64 -> 32 -> 1,mse,adam_3,50,256,2.1723,13154.576171875,3076.39453125,2787.614990234375,0.6040992177895348,0.7
2026-09-04 12:30:35,multi_repeat_random_states.py,"(1021, 9)",87,sequential_3,Dense 64 -> 16 -> 32 -> 64 -> 64 -> 32 -> 1,mse,adam_3,50,256,2.1699,26694.669921875,3058.90234375,3318.730224609375,0.48218445199702187,0.7
2026-09-04 12:30:35,multi_repeat_random_states.py,"(1021, 9)",171,sequential_3,Dense 64 -> 16 -> 32 -> 64 -> 64 -> 32 -> 1,mse,adam_3,50,256,2.1847,114749.296875,5746.31640625,5586.77294921875,0.21691858723699442,0.7
2026-09-04 12:30:36,multi_repeat_random_states.py,"(1021, 9)",87,sequential_3,Dense 64 -> 16 -> 32 -> 64 -> 64 -> 32 -> 1,mse,adam_3,50,256,1.4093,3249.441650390625,2902.68701171875,2881.643310546875,0.5503823099778957,0.7
2026-09-04 12:30:36,multi_repeat_random_states.py,"(1021, 9)",3,sequential_3,Dense 64 -> 16 -> 32 -> 64 -> 64 -> 32 -> 1,mse,adam_3,50,256,1.4142,3064.58935546875,3304.65673828125,2890.8408203125,0.589438922395147,0.7
2026-09-04 12:30:36,multi_repeat_random_states.py,"(1021, 9)",171,sequential_3,Dense 64 -> 16 -> 32 -> 64 -> 64 -> 32 -> 1,mse,adam_3,50,256,1.4234,5714.67431640625,2995.714599609375,2971.954345703125,0.5834299325158578,0.7
2026-09-04 12:30:38,multi_repeat_random_states.py,"(1021, 9)",3,sequential_3,Dense 64 -> 16 -> 32 -> 64 -> 64 -> 32 -> 1,mse,adam_3,50,256,1.4921,3082.7509765625,2919.4306640625,2762.22021484375,0.607705813221368,0.7
2026-09-04 12:30:38,multi_repeat_random_states.py,"(1021, 9)",87,sequential_3,Dense 64 -> 16 -> 32 -> 64 -> 64 -> 32 -> 1,mse,adam_3,50,256,1.4908,2840.670654296875,2986.533935546875,3001.499755859375,0.5316813226753585,0.7
2026-09-04 12:30:38,multi_repeat_random_states.py,"(1021, 9)",171,sequential_3,Dense 64 -> 16 -> 32 -> 64 -> 64 -> 32 -> 1,mse,adam_3,50,256,1.4974,3127.740966796875,2826.225830078125,2975.576171875,0.5829222938087809,0.7
2026-09-04 12:30:40,multi_repeat_random_states.py,"(1021, 9)",4,sequential_4,Dense 64 -> 16 -> 32 -> 64 -> 64 -> 32 -> 1,mse,adam_4,50,256,2.2612,43186.8515625,3637.89697265625,3170.883056640625,0.49002090187902947,0.7
2026-09-04 12:30:40,multi_repeat_random_states.py,"(1021, 9)",172,sequential_4,Dense 64 -> 16 -> 32 -> 64 -> 64 -> 32 -> 1,mse,adam_4,50,256,2.2808,38295.828125,3829.609619140625,3272.915283203125,0.4935134344813624,0.7
2026-09-04 12:30:40,multi_repeat_random_states.py,"(1021, 9)",88,sequential_4,Dense 64 -> 16 -> 32 -> 64 -> 64 -> 32 -> 1,mse,adam_4,50,256,2.3027,16411.720703125,2900.373779296875,3240.748779296875,0.5348220923796012,0.7
2026-09-04 12:30:42,multi_repeat_random_states.py,"(1021, 9)",4,sequential_4,Dense 64 -> 16 -> 32 -> 64 -> 64 -> 32 -> 1,mse,adam_4,50,256,1.4169,3620.448486328125,3114.022705078125,2764.887451171875,0.5553178901014724,0.7
2026-09-04 12:30:42,multi_repeat_random_states.py,"(1021, 9)",172,sequential_4,Dense 64 -> 16 -> 32 -> 64 -> 64 -> 32 -> 1,mse,adam_4,50,256,1.3878,3843.07373046875,3003.633544921875,2924.84130859375,0.5473781501763606,0.7
2026-09-04 12:30:42,multi_repeat_random_states.py,"(1021, 9)",88,sequential_4,Dense 64 -> 16 -> 32 -> 64 -> 64 -> 32 -> 1,mse,adam_4,50,256,1.4441,2715.495361328125,2991.17138671875,3373.54931640625,0.5157598969916557,0.7
2026-09-04 12:30:43,multi_repeat_random_states.py,"(1021, 9)",4,sequential_4,Dense 64 -> 16 -> 32 -> 64 -> 64 -> 32 -> 1,mse,adam_4,50,256,1.4274,3207.31103515625,3007.57275390625,3183.3115234375,0.48802192786414667,0.7
2026-09-04 12:30:43,multi_repeat_random_states.py,"(1021, 9)",172,sequential_4,Dense 64 -> 16 -> 32 -> 64 -> 64 -> 32 -> 1,mse,adam_4,50,256,1.456,3103.389404296875,2952.057861328125,2591.099609375,0.5990249822690953,0.7
2026-09-04 12:30:43,multi_repeat_random_states.py,"(1021, 9)",88,sequential_4,Dense 64 -> 16 -> 32 -> 64 -> 64 -> 32 -> 1,mse,adam_4,50,256,1.4072,2947.1884765625,2755.587646484375,3413.856201171875,0.509974259917733,0.7
2026-09-04 12:30:46,multi_repeat_random_states.py,"(1021, 9)",5,sequential_5,Dense 64 -> 16 -> 32 -> 64 -> 64 -> 32 -> 1,mse,adam_5,50,256,2.4288,230104.53125,6388.7236328125,5880.0595703125,0.08094594367672192,0.7
2026-09-04 12:30:46,multi_repeat_random_states.py,"(1021, 9)",89,sequential_5,Dense 64 -> 16 -> 32 -> 64 -> 64 -> 32 -> 1,mse,adam_5,50,256,2.4539,49578.7421875,4547.80224609375,4620.07958984375,0.3177276412323873,0.7
2026-09-04 12:30:46,multi_repeat_random_states.py,"(1021, 9)",173,sequential_5,Dense 64 -> 16 -> 32 -> 64 -> 64 -> 32 -> 1,mse,adam_5,50,256,2.4804,39153.80078125,4703.015625,4258.7119140625,0.33562461098998264,0.7
2026-09-04 12:30:48,multi_repeat_random_states.py,"(1021, 9)",5,sequential_5,Dense 64 -> 16 -> 32 -> 64 -> 64 -> 32 -> 1,mse,adam_5,50,256,1.497,6339.2802734375,4749.3115234375,4339.15283203125,0.3217899009239572,0.7
2026-09-04 12:30:48,multi_repeat_random_states.py,"(1021, 9)",89,sequential_5,Dense 64 -> 16 -> 32 -> 64 -> 64 -> 32 -> 1,mse,adam_5,50,256,1.5135,4442.826171875,2870.9873046875,3041.799560546875,0.5508009366585176,0.7
2026-09-04 12:30:48,multi_repeat_random_states.py,"(1021, 9)",173,sequential_5,Dense 64 -> 16 -> 32 -> 64 -> 64 -> 32 -> 1,mse,adam_5,50,256,1.548,4654.50146484375,3308.9912109375,2993.18896484375,0.533051168473391,0.7
2026-09-04 12:30:49,multi_repeat_random_states.py,"(1021, 9)",5,sequential_5,Dense 64 -> 16 -> 32 -> 64 -> 64 -> 32 -> 1,mse,adam_5,50,256,1.5027,4718.49462890625,2955.918701171875,2893.843017578125,0.5476919723466269,0.7
2026-09-04 12:30:49,multi_repeat_random_states.py,"(1021, 9)",89,sequential_5,Dense 64 -> 16 -> 32 -> 64 -> 64 -> 32 -> 1,mse,adam_5,50,256,1.4959,2777.699951171875,2872.215576171875,3468.603515625,0.48777242957816236,0.7
2026-09-04 12:30:49,multi_repeat_random_states.py,"(1021, 9)",173,sequential_5,Dense 64 -> 16 -> 32 -> 64 -> 64 -> 32 -> 1,mse,adam_5,50,256,1.5265,3202.257568359375,2962.51123046875,2603.0205078125,0.5939188217008331,0.7
2026-09-04 12:30:52,multi_repeat_random_states.py,"(1021, 9)",6,sequential_6,Dense 64 -> 16 -> 32 -> 64 -> 64 -> 32 -> 1,mse,adam_6,50,256,2.2975,34251.59765625,3283.4189453125,3592.564697265625,0.5050335420464861,0.7
2026-09-04 12:30:52,multi_repeat_random_states.py,"(1021, 9)",90,sequential_6,Dense 64 -> 16 -> 32 -> 64 -> 64 -> 32 -> 1,mse,adam_6,50,256,2.273,153410.15625,6035.2509765625,5605.41357421875,0.13401834354044317,0.7
2026-09-04 12:30:52,multi_repeat_random_states.py,"(1021, 9)",174,sequential_6,Dense 64 -> 16 -> 32 -> 64 -> 64 -> 32 -> 1,mse,adam_6,50,256,2.2354,65896.09375,4410.25390625,5186.88818359375,0.3121452933744835,0.7
2026-09-04 12:30:53,multi_repeat_random_states.py,"(1021, 9)",6,sequential_6,Dense 64 -> 16 -> 32 -> 64 -> 64 -> 32 -> 1,mse,adam_6,50,256,1.4325,3343.03466796875,3009.1669921875,2916.3427734375,0.5982002110282412,0.7
2026-09-04 12:30:53,multi_repeat_random_states.py,"(1021, 9)",90,sequential_6,Dense 64 -> 16 -> 32 -> 64 -> 64 -> 32 -> 1,mse,adam_6,50,256,1.4128,5982.95166015625,3326.591552734375,2839.78076171875,0.5612816454046798,0.7
2026-09-04 12:30:54,multi_repeat_random_states.py,"(1021, 9)",174,sequential_6,Dense 64 -> 16 -> 32 -> 64 -> 64 -> 32 -> 1,mse,adam_6,50,256,1.4215,4279.41943359375,2754.221923828125,3220.230224609375,0.5729518722772801,0.7
2026-09-04 12:30:55,multi_repeat_random_states.py,"(1021, 9)",6,sequential_6,Dense 64 -> 16 -> 32 -> 64 -> 64 -> 32 -> 1,mse,adam_6,50,256,1.4435,2901.9755859375,2928.082763671875,3093.277099609375,0.5738230934420672,0.7
2026-09-04 12:30:55,multi_repeat_random_states.py,"(1021, 9)",90,sequential_6,Dense 64 -> 16 -> 32 -> 64 -> 64 -> 32 -> 1,mse,adam_6,50,256,1.4495,3092.923583984375,2964.947509765625,2730.66552734375,0.578138840646444,0.7
2026-09-04 12:30:55,multi_repeat_random_states.py,"(1021, 9)",174,sequential_6,Dense 64 -> 16 -> 32 -> 64 -> 64 -> 32 -> 1,mse,adam_6,50,256,1.4644,2768.99609375,2770.900634765625,3306.044921875,0.5615716799661858,0.7
2026-09-04 12:30:57,multi_repeat_random_states.py,"(1021, 9)",7,sequential_7,Dense 64 -> 16 -> 32 -> 64 -> 64 -> 32 -> 1,mse,adam_7,50,256,2.259,87817.796875,5003.08935546875,5122.9638671875,0.27694664595261553,0.7
2026-09-04 12:30:58,multi_repeat_random_states.py,"(1021, 9)",91,sequential_7,Dense 64 -> 16 -> 32 -> 64 -> 64 -> 32 -> 1,mse,adam_7,50,256,2.2988,73557.28125,4775.28125,4459.4755859375,0.3236925415807925,0.7
2026-09-04 12:30:58,multi_repeat_random_states.py,"(1021, 9)",175,sequential_7,Dense 64 -> 16 -> 32 -> 64 -> 64 -> 32 -> 1,mse,adam_7,50,256,2.2928,25622.84375,3754.385986328125,3935.452392578125,0.46028559421934057,0.7
2026-09-04 12:30:59,multi_repeat_random_states.py,"(1021, 9)",7,sequential_7,Dense 64 -> 16 -> 32 -> 64 -> 64 -> 32 -> 1,mse,adam_7,50,256,1.5076,4923.798828125,2995.207275390625,2916.404052734375,0.5883797259073086,0.7
2026-09-04 12:30:59,multi_repeat_random_states.py,"(1021, 9)",91,sequential_7,Dense 64 -> 16 -> 32 -> 64 -> 64 -> 32 -> 1,mse,adam_7,50,256,1.4557,4633.099609375,3202.386962890625,3497.521240234375,0.4695790013391423,0.7
2026-09-04 12:30:59,multi_repeat_random_states.py,"(1021, 9)",175,sequential_7,Dense 64 -> 16 -> 32 -> 64 -> 64 -> 32 -> 1,mse,adam_7,50,256,1.475,3449.532958984375,3222.45751953125,3139.158203125,0.5694907220184966,0.7
2026-09-04 12:31:01,multi_repeat_random_states.py,"(1021, 9)",7,sequential_7,Dense 64 -> 16 -> 32 -> 64 -> 64 -> 32 -> 1,mse,adam_7,50,256,1.5375,2981.87060546875,3097.11865234375,2961.8671875,0.5819630154717147,0.7
2026-09-04 12:31:01,multi_repeat_random_states.py,"(1021, 9)",91,sequential_7,Dense 64 -> 16 -> 32 -> 64 -> 64 -> 32 -> 1,mse,adam_7,50,256,1.5629,3160.550537109375,2868.899169921875,2912.814697265625,0.558253333221975,0.7
2026-09-04 12:31:01,multi_repeat_random_states.py,"(1021, 9)",175,sequential_7,Dense 64 -> 16 -> 32 -> 64 -> 64 -> 32 -> 1,mse,adam_7,50,256,1.5261,4009.64990234375,2892.1787109375,3005.40185546875,0.5878342411028934,0.7
2026-09-04 12:31:03,multi_repeat_random_states.py,"(1021, 9)",8,sequential_8,Dense 64 -> 16 -> 32 -> 64 -> 64 -> 32 -> 1,mse,adam_8,50,256,2.3074,25497.189453125,3714.579833984375,3879.133056640625,0.4455710271744632,0.7
2026-09-04 12:31:03,multi_repeat_random_states.py,"(1021, 9)",92,sequential_8,Dense 64 -> 16 -> 32 -> 64 -> 64 -> 32 -> 1,mse,adam_8,50,256,2.3413,43093.96484375,5390.68603515625,4530.90625,0.32544742351430034,0.7
2026-09-04 12:31:03,multi_repeat_random_states.py,"(1021, 9)",176,sequential_8,Dense 64 -> 16 -> 32 -> 64 -> 64 -> 32 -> 1,mse,adam_8,50,256,2.2652,28815.4140625,3842.880859375,2937.497314453125,0.5253022526485671,0.7
2026-09-04 12:31:05,multi_repeat_random_states.py,"(1021, 9)",8,sequential_8,Dense 64 -> 16 -> 32 -> 64 -> 64 -> 32 -> 1,mse,adam_8,50,256,1.5141,3958.979248046875,3307.7978515625,3295.595947265625,0.5289736726815508,0.7
2026-09-04 12:31:05,multi_repeat_random_states.py,"(1021, 9)",176,sequential_8,Dense 64 -> 16 -> 32 -> 64 -> 64 -> 32 -> 1,mse,adam_8,50,256,1.5057,3375.240478515625,3007.291259765625,3250.375,0.4747414723760309,0.7
2026-09-04 12:31:05,multi_repeat_random_states.py,"(1021, 9)",92,sequential_8,Dense 64 -> 16 -> 32 -> 64 -> 64 -> 32 -> 1,mse,adam_8,50,256,1.5581,4977.12841796875,3176.716064453125,3394.075439453125,0.49469660088214096,0.7
2026-09-04 12:31:07,multi_repeat_random_states.py,"(1021, 9)",8,sequential_8,Dense 64 -> 16 -> 32 -> 64 -> 64 -> 32 -> 1,mse,adam_8,50,256,1.6034,3234.0,2970.102783203125,2568.685546875,0.6328680340710069,0.7
2026-09-04 12:31:07,multi_repeat_random_states.py,"(1021, 9)",176,sequential_8,Dense 64 -> 16 -> 32 -> 64 -> 64 -> 32 -> 1,mse,adam_8,50,256,1.6241,3102.196044921875,2918.067626953125,2618.2333984375,0.5768951681304064,0.7
2026-09-04 12:31:07,multi_repeat_random_states.py,"(1021, 9)",92,sequential_8,Dense 64 -> 16 -> 32 -> 64 -> 64 -> 32 -> 1,mse,adam_8,50,256,1.6181,3348.27001953125,3190.6591796875,2841.03564453125,0.5770321073637394,0.7
2026-09-04 12:31:09,multi_repeat_random_states.py,"(1021, 9)",9,sequential_9,Dense 64 -> 16 -> 32 -> 64 -> 64 -> 32 -> 1,mse,adam_9,50,256,2.4643,34500.40234375,5508.86474609375,4256.8271484375,0.2864657799670579,0.7
2026-09-04 12:31:09,multi_repeat_random_states.py,"(1021, 9)",177,sequential_9,Dense 64 -> 16 -> 32 -> 64 -> 64 -> 32 -> 1,mse,adam_9,50,256,2.4045,21243.560546875,3041.7177734375,2803.916259765625,0.5823086845961836,0.7
2026-09-04 12:31:09,multi_repeat_random_states.py,"(1021, 9)",93,sequential_9,Dense 64 -> 16 -> 32 -> 64 -> 64 -> 32 -> 1,mse,adam_9,50,256,2.4459,26152.97265625,4181.72119140625,3429.880126953125,0.48350807517119043,0.7
2026-09-04 12:31:11,multi_repeat_random_states.py,"(1021, 9)",9,sequential_9,Dense 64 -> 16 -> 32 -> 64 -> 64 -> 32 -> 1,mse,adam_9,50,256,1.4937,5412.3154296875,3312.974609375,2615.898193359375,0.5615201476486174,0.7
2026-09-04 12:31:11,multi_repeat_random_states.py,"(1021, 9)",177,sequential_9,Dense 64 -> 16 -> 32 -> 64 -> 64 -> 32 -> 1,mse,adam_9,50,256,1.5436,3126.400146484375,3026.982421875,2719.30419921875,0.5949130871187234,0.7
2026-09-04 12:31:11,multi_repeat_random_states.py,"(1021, 9)",93,sequential_9,Dense 64 -> 16 -> 32 -> 64 -> 64 -> 32 -> 1,mse,adam_9,50,256,1.5128,4055.042724609375,3296.46142578125,2854.667236328125,0.5701270745688742,0.7
2026-09-04 12:31:13,multi_repeat_random_states.py,"(1021, 9)",9,sequential_9,Dense 64 -> 16 -> 32 -> 64 -> 64 -> 32 -> 1,mse,adam_9,50,256,1.5237,3096.41162109375,3231.5283203125,3123.5576171875,0.4764257076428521,0.7
2026-09-04 12:31:13,multi_repeat_random_states.py,"(1021, 9)",177,sequential_9,Dense 64 -> 16 -> 32 -> 64 -> 64 -> 32 -> 1,mse,adam_9,50,256,1.4692,3034.54248046875,2890.749267578125,2737.6640625,0.5921780729225132,0.7
2026-09-04 12:31:13,multi_repeat_random_states.py,"(1021, 9)",93,sequential_9,Dense 64 -> 16 -> 32 -> 64 -> 64 -> 32 -> 1,mse,adam_9,50,256,1.4788,3214.415771484375,3013.18505859375,2698.846923828125,0.593591446449106,0.7
2026-09-04 12:31:15,multi_repeat_random_states.py,"(1021, 9)",10,sequential_10,Dense 64 -> 16 -> 32 -> 64 -> 64 -> 32 -> 1,mse,adam_10,50,256,2.1761,24878.0078125,3986.252685546875,4062.784423828125,0.35764160079130036,0.7
2026-09-04 12:31:15,multi_repeat_random_states.py,"(1021, 9)",178,sequential_10,Dense 64 -> 16 -> 32 -> 64 -> 64 -> 32 -> 1,mse,adam_10,50,256,2.1691,79157.546875,4472.08544921875,4499.828125,0.3353958520592374,0.7
2026-09-04 12:31:15,multi_repeat_random_states.py,"(1021, 9)",94,sequential_10,Dense 64 -> 16 -> 32 -> 64 -> 64 -> 32 -> 1,mse,adam_10,50,256,2.2257,52039.71875,4974.8408203125,4972.82763671875,0.3297184091159796,0.7
2026-09-04 12:31:17,multi_repeat_random_states.py,"(1021, 9)",10,sequential_10,Dense 64 -> 16 -> 32 -> 64 -> 64 -> 32 -> 1,mse,adam_10,50,256,1.4581,3843.882080078125,3057.98876953125,2901.50634765625,0.5412488354576362,0.7
2026-09-04 12:31:17,multi_repeat_random_states.py,"(1021, 9)",178,sequential_10,Dense 64 -> 16 -> 32 -> 64 -> 64 -> 32 -> 1,mse,adam_10,50,256,1.4204,4339.326171875,2865.7802734375,3351.080810546875,0.5050606720811315,0.7
2026-09-04 12:31:17,multi_repeat_random_states.py,"(1021, 9)",94,sequential_10,Dense 64 -> 16 -> 32 -> 64 -> 64 -> 32 -> 1,mse,adam_10,50,256,1.4707,4890.8115234375,3600.479736328125,2791.98291015625,0.6236718688099874,0.7
2026-09-04 12:31:18,multi_repeat_random_states.py,"(1021, 9)",10,sequential_10,Dense 64 -> 16 -> 32 -> 64 -> 64 -> 32 -> 1,mse,adam_10,50,256,1.4324,3223.425048828125,2782.51806640625,2848.128173828125,0.5496883953861963,0.7
2026-09-04 12:31:18,multi_repeat_random_states.py,"(1021, 9)",178,sequential_10,Dense 64 -> 16 -> 32 -> 64 -> 64 -> 32 -> 1,mse,adam_10,50,256,1.446,2890.83447265625,2741.4453125,3092.591552734375,0.543238295770408,0.7
2026-09-04 12:31:18,multi_repeat_random_states.py,"(1021, 9)",94,sequential_10,Dense 64 -> 16 -> 32 -> 64 -> 64 -> 32 -> 1,mse,adam_10,50,256,1.4071,3375.48876953125,3113.99755859375,2782.218017578125,0.6249880766039406,0.7
2026-09-04 12:31:21,multi_repeat_random_states.py,"(1021, 9)",11,sequential_11,Dense 64 -> 16 -> 32 -> 64 -> 64 -> 32 -> 1,mse,adam_11,50,256,2.2356,68535.7734375,5597.8271484375,5715.36767578125,0.16043665727433332,0.7
2026-09-04 12:31:21,multi_repeat_random_states.py,"(1021, 9)",95,sequential_11,Dense 64 -> 16 -> 32 -> 64 -> 64 -> 32 -> 1,mse,adam_11,50,256,2.1722,38555.97265625,4141.08740234375,3562.87548828125,0.46204798040632356,0.7
2026-09-04 12:31:22,multi_repeat_random_states.py,"(1021, 9)",179,sequential_11,Dense 64 -> 16 -> 32 -> 64 -> 64 -> 32 -> 1,mse,adam_11,50,256,1.4012,4047.21728515625,3085.39599609375,3069.107421875,0.5203987122971929,0.7
2026-09-04 12:31:22,multi_repeat_random_states.py,"(1021, 9)",11,sequential_11,Dense 64 -> 16 -> 32 -> 64 -> 64 -> 32 -> 1,mse,adam_11,50,256,1.4169,5469.2822265625,3234.7158203125,3196.905517578125,0.5303880919051767,0.7
2026-09-04 12:31:22,multi_repeat_random_states.py,"(1021, 9)",95,sequential_11,Dense 64 -> 16 -> 32 -> 64 -> 64 -> 32 -> 1,mse,adam_11,50,256,1.4385,3899.250244140625,3075.43798828125,2621.562744140625,0.604175059403059,0.7
2026-09-04 12:31:24,multi_repeat_random_states.py,"(1021, 9)",179,sequential_11,Dense 64 -> 16 -> 32 -> 64 -> 64 -> 32 -> 1,mse,adam_11,50,256,1.4014,3033.253662109375,2819.4609375,2939.595947265625,0.5406372303031657,0.7
2026-09-04 12:31:24,multi_repeat_random_states.py,"(1021, 9)",11,sequential_11,Dense 64 -> 16 -> 32 -> 64 -> 64 -> 32 -> 1,mse,adam_11,50,256,1.4099,3303.967041015625,2973.169921875,2965.402099609375,0.5643949378920516,0.7
2026-09-04 12:31:24,multi_repeat_random_states.py,"(1021, 9)",95,sequential_11,Dense 64 -> 16 -> 32 -> 64 -> 64 -> 32 -> 1,mse,adam_11,50,256,1.4101,3000.093505859375,3001.83984375,2513.549072265625,0.6204838528693402,0.7
2026-09-04 12:31:26,multi_repeat_random_states.py,"(1021, 9)",180,sequential_12,Dense 64 -> 16 -> 32 -> 64 -> 64 -> 32 -> 1,mse,adam_12,50,256,2.1674,15655.7275390625,2985.80517578125,3158.096923828125,0.5734612379908163,0.7
2026-09-04 12:31:26,multi_repeat_random_states.py,"(1021, 9)",12,sequential_12,Dense 64 -> 16 -> 32 -> 64 -> 64 -> 32 -> 1,mse,adam_12,50,256,2.1495,86822.7734375,5139.67578125,4777.71337890625,0.2831590628324896,0.7
2026-09-04 12:31:26,multi_repeat_random_states.py,"(1021, 9)",96,sequential_12,Dense 64 -> 16 -> 32 -> 64 -> 64 -> 32 -> 1,mse,adam_12,50,256,2.1472,187917.359375,5834.27490234375,5941.72509765625,0.13929767905566948,0.7
2026-09-04 12:31:28,multi_repeat_random_states.py,"(1021, 9)",180,sequential_12,Dense 64 -> 16 -> 32 -> 64 -> 64 -> 32 -> 1,mse,adam_12,50,256,1.3885,3423.212158203125,2878.18505859375,2960.501220703125,0.6001489574150012,0.7
2026-09-04 12:31:28,multi_repeat_random_states.py,"(1021, 9)",12,sequential_12,Dense 64 -> 16 -> 32 -> 64 -> 64 -> 32 -> 1,mse,adam_12,50,256,1.3894,5088.7958984375,3143.572265625,2874.15087890625,0.568766706836602,0.7
2026-09-04 12:31:28,multi_repeat_random_states.py,"(1021, 9)",96,sequential_12,Dense 64 -> 16 -> 32 -> 64 -> 64 -> 32 -> 1,mse,adam_12,50,256,1.4123,5798.728515625,3342.75048828125,3072.204345703125,0.5549686609815403,0.7
2026-09-04 12:31:29,multi_repeat_random_states.py,"(1021, 9)",180,sequential_12,Dense 64 -> 16 -> 32 -> 64 -> 64 -> 32 -> 1,mse,adam_12,50,256,1.4188,2850.573974609375,2813.452880859375,3076.458251953125,0.5844874879068198,0.7
2026-09-04 12:31:29,multi_repeat_random_states.py,"(1021, 9)",12,sequential_12,Dense 64 -> 16 -> 32 -> 64 -> 64 -> 32 -> 1,mse,adam_12,50,256,1.4466,3227.711181640625,3114.537109375,3046.7822265625,0.5428653470133704,0.7
2026-09-04 12:31:29,multi_repeat_random_states.py,"(1021, 9)",96,sequential_12,Dense 64 -> 16 -> 32 -> 64 -> 64 -> 32 -> 1,mse,adam_12,50,256,1.4047,3176.8671875,3039.939697265625,3211.780029296875,0.534750167543723,0.7
2026-09-04 12:31:31,multi_repeat_random_states.py,"(1021, 9)",181,sequential_13,Dense 64 -> 16 -> 32 -> 64 -> 64 -> 32 -> 1,mse,adam_13,50,256,2.1737,307351.0,5558.8740234375,5984.49072265625,0.18925236201940965,0.7
2026-09-04 12:31:32,multi_repeat_random_states.py,"(1021, 9)",13,sequential_13,Dense 64 -> 16 -> 32 -> 64 -> 64 -> 32 -> 1,mse,adam_13,50,256,2.1846,178704.0625,5406.91064453125,6131.45166015625,0.19455041656120953,0.7
2026-09-04 12:31:32,multi_repeat_random_states.py,"(1021, 9)",97,sequential_13,Dense 64 -> 16 -> 32 -> 64 -> 64 -> 32 -> 1,mse,adam_13,50,256,2.1691,26924.740234375,4153.8037109375,4559.1796875,0.31455463404521045,0.7
2026-09-04 12:31:33,multi_repeat_random_states.py,"(1021, 9)",181,sequential_13,Dense 64 -> 16 -> 32 -> 64 -> 64 -> 32 -> 1,mse,adam_13,50,256,1.3954,5538.33984375,3407.61083984375,3331.327880859375,0.5486890547002344,0.7
2026-09-04 12:31:33,multi_repeat_random_states.py,"(1021, 9)",13,sequential_13,Dense 64 -> 16 -> 32 -> 64 -> 64 -> 32 -> 1,mse,adam_13,50,256,1.4063,5369.69140625,2976.158203125,3521.858154296875,0.5373559887930173,0.7
2026-09-04 12:31:33,multi_repeat_random_states.py,"(1021, 9)",97,sequential_13,Dense 64 -> 16 -> 32 -> 64 -> 64 -> 32 -> 1,mse,adam_13,50,256,1.4145,4465.00341796875,3170.99462890625,3443.917236328125,0.48222762056818536,0.7
2026-09-04 12:31:35,multi_repeat_random_states.py,"(1021, 9)",181,sequential_13,Dense 64 -> 16 -> 32 -> 64 -> 64 -> 32 -> 1,mse,adam_13,50,256,1.4012,3309.54296875,2848.698486328125,2997.319091796875,0.5939388182614255,0.7
2026-09-04 12:31:35,multi_repeat_random_states.py,"(1021, 9)",13,sequential_13,Dense 64 -> 16 -> 32 -> 64 -> 64 -> 32 -> 1,mse,adam_13,50,256,1.3934,2788.103759765625,2726.62646484375,3386.44580078125,0.5551442303222394,0.7
2026-09-04 12:31:35,multi_repeat_random_states.py,"(1021, 9)",97,sequential_13,Dense 64 -> 16 -> 32 -> 64 -> 64 -> 32 -> 1,mse,adam_13,50,256,1.4163,3120.58251953125,2954.79541015625,3720.917724609375,0.44058223162738486,0.7
2026-09-04 12:31:37,multi_repeat_random_states.py,"(1021, 9)",182,sequential_14,Dense 64 -> 16 -> 32 -> 64 -> 64 -> 32 -> 1,mse,adam_14,50,256,2.1611,132068.890625,5449.81640625,5453.65185546875,0.1943219240900358,0.7
2026-09-04 12:31:37,multi_repeat_random_states.py,"(1021, 9)",14,sequential_14,Dense 64 -> 16 -> 32 -> 64 -> 64 -> 32 -> 1,mse,adam_14,50,256,2.1708,148162.078125,5679.0263671875,6101.5615234375,0.14941296363534873,0.7
2026-09-04 12:31:37,multi_repeat_random_states.py,"(1021, 9)",98,sequential_14,Dense 64 -> 16 -> 32 -> 64 -> 64 -> 32 -> 1,mse,adam_14,50,256,2.1668,82204.609375,4813.16943359375,5227.54248046875,0.25642229917201476,0.7
2026-09-04 12:31:38,multi_repeat_random_states.py,"(1021, 9)",182,sequential_14,Dense 64 -> 16 -> 32 -> 64 -> 64 -> 32 -> 1,mse,adam_14,50,256,1.3974,5393.65087890625,2950.252197265625,3203.53173828125,0.5267363495192467,0.7
2026-09-04 12:31:39,multi_repeat_random_states.py,"(1021, 9)",14,sequential_14,Dense 64 -> 16 -> 32 -> 64 -> 64 -> 32 -> 1,mse,adam_14,50,256,1.3995,5624.90966796875,3648.6025390625,3885.472412109375,0.45834642909940837,0.7
2026-09-04 12:31:39,multi_repeat_random_states.py,"(1021, 9)",98,sequential_14,Dense 64 -> 16 -> 32 -> 64 -> 64 -> 32 -> 1,mse,adam_14,50,256,1.4525,4782.392578125,2951.17919921875,3133.251708984375,0.5543190456045746,0.7
2026-09-04 12:31:40,multi_repeat_random_states.py,"(1021, 9)",182,sequential_14,Dense 64 -> 16 -> 32 -> 64 -> 64 -> 32 -> 1,mse,adam_14,50,256,1.3969,2951.12744140625,3294.600830078125,3023.886474609375,0.5532756409397382,0.7
2026-09-04 12:31:40,multi_repeat_random_states.py,"(1021, 9)",14,sequential_14,Dense 64 -> 16 -> 32 -> 64 -> 64 -> 32 -> 1,mse,adam_14,50,256,1.4547,3585.03076171875,2918.70947265625,3004.070556640625,0.5812181226583593,0.7
2026-09-04 12:31:40,multi_repeat_random_states.py,"(1021, 9)",98,sequential_14,Dense 64 -> 16 -> 32 -> 64 -> 64 -> 32 -> 1,mse,adam_14,50,256,1.4774,2978.261962890625,2960.63720703125,3061.93212890625,0.5644637657338143,0.7
2026-09-04 12:31:43,multi_repeat_random_states.py,"(1021, 9)",183,sequential_15,Dense 64 -> 16 -> 32 -> 64 -> 64 -> 32 -> 1,mse,adam_15,50,256,2.3983,33961.76953125,3605.08447265625,3172.935791015625,0.49709719104994365,0.7
2026-09-04 12:31:43,multi_repeat_random_states.py,"(1021, 9)",15,sequential_15,Dense 64 -> 16 -> 32 -> 64 -> 64 -> 32 -> 1,mse,adam_15,50,256,2.411,56558.50390625,5112.80517578125,4826.7255859375,0.28539594059049067,0.7
2026-09-04 12:31:43,multi_repeat_random_states.py,"(1021, 9)",99,sequential_15,Dense 64 -> 16 -> 32 -> 64 -> 64 -> 32 -> 1,mse,adam_15,50,256,2.4683,38015.734375,4414.69580078125,4509.57080078125,0.35769974459095744,0.7
2026-09-04 12:31:44,multi_repeat_random_states.py,"(1021, 9)",183,sequential_15,Dense 64 -> 16 -> 32 -> 64 -> 64 -> 32 -> 1,mse,adam_15,50,256,1.4813,3542.552978515625,3143.98095703125,2716.15576171875,0.5694957543553939,0.7
2026-09-04 12:31:44,multi_repeat_random_states.py,"(1021, 9)",15,sequential_15,Dense 64 -> 16 -> 32 -> 64 -> 64 -> 32 -> 1,mse,adam_15,50,256,1.4458,5047.7666015625,3358.7939453125,3946.808837890625,0.41566887540018016,0.7
2026-09-04 12:31:44,multi_repeat_random_states.py,"(1021, 9)",99,sequential_15,Dense 64 -> 16 -> 32 -> 64 -> 64 -> 32 -> 1,mse,adam_15,50,256,1.4033,4285.62353515625,3264.597412109375,3834.449462890625,0.45385755367399483,0.7
2026-09-04 12:31:46,multi_repeat_random_states.py,"(1021, 9)",183,sequential_15,Dense 64 -> 16 -> 32 -> 64 -> 64 -> 32 -> 1,mse,adam_15,50,256,1.3935,3281.321533203125,3124.750244140625,2548.6953125,0.5960378392447208,0.7
2026-09-04 12:31:46,multi_repeat_random_states.py,"(1021, 9)",15,sequential_15,Dense 64 -> 16 -> 32 -> 64 -> 64 -> 32 -> 1,mse,adam_15,50,256,1.3896,3531.635986328125,2985.035400390625,2844.495361328125,0.578868095663101,0.7
2026-09-04 12:31:46,multi_repeat_random_states.py,"(1021, 9)",99,sequential_15,Dense 64 -> 16 -> 32 -> 64 -> 64 -> 32 -> 1,mse,adam_15,50,256,1.4223,3432.54833984375,2928.951904296875,3098.230224609375,0.5587175972158697,0.7
2026-09-04 12:31:48,multi_repeat_random_states.py,"(1021, 9)",184,sequential_16,Dense 64 -> 16 -> 32 -> 64 -> 64 -> 32 -> 1,mse,adam_16,50,256,2.1946,12732.533203125,3055.748046875,3429.493896484375,0.4936212922986183,0.7
2026-09-04 12:31:48,multi_repeat_random_states.py,"(1021, 9)",16,sequential_16,Dense 64 -> 16 -> 32 -> 64 -> 64 -> 32 -> 1,mse,adam_16,50,256,2.1932,78620.2890625,6126.38427734375,5639.205078125,0.13889637380444408,0.7
2026-09-04 12:31:48,multi_repeat_random_states.py,"(1021, 9)",100,sequential_16,Dense 64 -> 16 -> 32 -> 64 -> 64 -> 32 -> 1,mse,adam_16,50,256,2.2708,25596.263671875,3272.128173828125,3593.79736328125,0.5252858863459019,0.7
2026-09-04 12:31:50,multi_repeat_random_states.py,"(1021, 9)",184,sequential_16,Dense 64 -> 16 -> 32 -> 64 -> 64 -> 32 -> 1,mse,adam_16,50,256,1.4083,3097.7080078125,2976.288818359375,3058.5546875,0.5483919742728476,0.7
2026-09-04 12:31:50,multi_repeat_random_states.py,"(1021, 9)",16,sequential_16,Dense 64 -> 16 -> 32 -> 64 -> 64 -> 32 -> 1,mse,adam_16,50,256,1.4041,6097.251953125,3152.29638671875,2795.269287109375,0.5731638363820724,0.7
2026-09-04 12:31:50,multi_repeat_random_states.py,"(1021, 9)",100,sequential_16,Dense 64 -> 16 -> 32 -> 64 -> 64 -> 32 -> 1,mse,adam_16,50,256,1.45,2989.181884765625,2986.61474609375,3652.72998046875,0.5175012944870115,0.7
2026-09-04 12:31:51,multi_repeat_random_states.py,"(1021, 9)",184,sequential_16,Dense 64 -> 16 -> 32 -> 64 -> 64 -> 32 -> 1,mse,adam_16,50,256,1.4339,3065.4541015625,3087.517822265625,2966.140869140625,0.5620372511893326,0.7
2026-09-04 12:31:51,multi_repeat_random_states.py,"(1021, 9)",16,sequential_16,Dense 64 -> 16 -> 32 -> 64 -> 64 -> 32 -> 1,mse,adam_16,50,256,1.4,3130.623291015625,2952.2626953125,2547.09814453125,0.6110594740403607,0.7
2026-09-04 12:31:52,multi_repeat_random_states.py,"(1021, 9)",100,sequential_16,Dense 64 -> 16 -> 32 -> 64 -> 64 -> 32 -> 1,mse,adam_16,50,256,1.4081,2941.4345703125,2782.945068359375,3152.064453125,0.5836355660235302,0.7
2026-09-04 12:31:54,multi_repeat_random_states.py,"(1021, 9)",185,sequential_17,Dense 64 -> 16 -> 32 -> 64 -> 64 -> 32 -> 1,mse,adam_17,50,256,2.1878,45598.56640625,4187.439453125,3914.337646484375,0.3983871570747265,0.7
2026-09-04 12:31:54,multi_repeat_random_states.py,"(1021, 9)",17,sequential_17,Dense 64 -> 16 -> 32 -> 64 -> 64 -> 32 -> 1,mse,adam_17,50,256,2.1932,43633.6640625,4408.646484375,4951.08203125,0.30328398133909984,0.7
2026-09-04 12:31:54,multi_repeat_random_states.py,"(1021, 9)",101,sequential_17,Dense 64 -> 16 -> 32 -> 64 -> 64 -> 32 -> 1,mse,adam_17,50,256,2.2215,90832.0625,5712.9482421875,5091.5205078125,0.22275509638090596,0.7
2026-09-04 12:31:55,multi_repeat_random_states.py,"(1021, 9)",185,sequential_17,Dense 64 -> 16 -> 32 -> 64 -> 64 -> 32 -> 1,mse,adam_17,50,256,1.394,3965.457275390625,3158.808837890625,3774.196533203125,0.41992607576647434,0.7
2026-09-04 12:31:55,multi_repeat_random_states.py,"(1021, 9)",17,sequential_17,Dense 64 -> 16 -> 32 -> 64 -> 64 -> 32 -> 1,mse,adam_17,50,256,1.4032,4314.46630859375,2767.091796875,3301.21435546875,0.5354533123697409,0.7
2026-09-04 12:31:56,multi_repeat_random_states.py,"(1021, 9)",101,sequential_17,Dense 64 -> 16 -> 32 -> 64 -> 64 -> 32 -> 1,mse,adam_17,50,256,1.3982,5736.76416015625,3444.9130859375,2886.431884765625,0.559372419746317,0.7
2026-09-04 12:31:57,multi_repeat_random_states.py,"(1021, 9)",185,sequential_17,Dense 64 -> 16 -> 32 -> 64 -> 64 -> 32 -> 1,mse,adam_17,50,256,1.4498,3351.216796875,2932.061767578125,2865.63330078125,0.5595674332790517,0.7
2026-09-04 12:31:57,multi_repeat_random_states.py,"(1021, 9)",17,sequential_17,Dense 64 -> 16 -> 32 -> 64 -> 64 -> 32 -> 1,mse,adam_17,50,256,1.4513,2940.629150390625,2866.36279296875,3013.319580078125,0.5759658125852509,0.7
2026-09-04 12:31:57,multi_repeat_random_states.py,"(1021, 9)",101,sequential_17,Dense 64 -> 16 -> 32 -> 64 -> 64 -> 32 -> 1,mse,adam_17,50,256,1.4292,2954.998046875,2961.65185546875,2871.319580078125,0.5616794037149799,0.7
2026-09-04 12:31:59,multi_repeat_random_states.py,"(1021, 9)",186,sequential_18,Dense 64 -> 16 -> 32 -> 64 -> 64 -> 32 -> 1,mse,adam_18,50,256,2.176,35146.70703125,4201.564453125,4711.02099609375,0.3738328352492871,0.7
2026-09-04 12:31:59,multi_repeat_random_states.py,"(1021, 9)",18,sequential_18,Dense 64 -> 16 -> 32 -> 64 -> 64 -> 32 -> 1,mse,adam_18,50,256,2.1734,81266.9453125,5348.67041015625,4269.19970703125,0.27565922338364435,0.7
2026-09-04 12:32:00,multi_repeat_random_states.py,"(1021, 9)",102,sequential_18,Dense 64 -> 16 -> 32 -> 64 -> 64 -> 32 -> 1,mse,adam_18,50,256,2.2001,53624.85546875,4083.3740234375,3640.98974609375,0.49999819161601955,0.7
2026-09-04 12:32:01,multi_repeat_random_states.py,"(1021, 9)",186,sequential_18,Dense 64 -> 16 -> 32 -> 64 -> 64 -> 32 -> 1,mse,adam_18,50,256,1.4073,4230.109375,2896.442138671875,3143.163330078125,0.5822252389574119,0.7
2026-09-04 12:32:01,multi_repeat_random_states.py,"(1021, 9)",18,sequential_18,Dense 64 -> 16 -> 32 -> 64 -> 64 -> 32 -> 1,mse,adam_18,50,256,1.4203,5355.564453125,3216.9296875,2525.920166015625,0.5714356151470275,0.7
2026-09-04 12:32:01,multi_repeat_random_states.py,"(1021, 9)",102,sequential_18,Dense 64 -> 16 -> 32 -> 64 -> 64 -> 32 -> 1,mse,adam_18,50,256,1.495,3782.726318359375,2887.746337890625,3084.363037109375,0.5764374029623145,0.7
2026-09-04 12:32:02,multi_repeat_random_states.py,"(1021, 9)",186,sequential_18,Dense 64 -> 16 -> 32 -> 64 -> 64 -> 32 -> 1,mse,adam_18,50,256,1.4453,2691.606689453125,2828.6552734375,3148.77880859375,0.5814788338783226,0.7
2026-09-04 12:32:02,multi_repeat_random_states.py,"(1021, 9)",18,sequential_18,Dense 64 -> 16 -> 32 -> 64 -> 64 -> 32 -> 1,mse,adam_18,50,256,1.4579,3304.90478515625,3094.77783203125,2364.55078125,0.5988145972438843,0.7
2026-09-04 12:32:03,multi_repeat_random_states.py,"(1021, 9)",102,sequential_18,Dense 64 -> 16 -> 32 -> 64 -> 64 -> 32 -> 1,mse,adam_18,50,256,1.4309,2889.686767578125,2796.51904296875,2931.184326171875,0.5974727504844325,0.7
2026-09-04 12:32:05,multi_repeat_random_states.py,"(1021, 9)",187,sequential_19,Dense 64 -> 16 -> 32 -> 64 -> 64 -> 32 -> 1,mse,adam_19,50,256,2.1782,58309.26953125,4240.93310546875,4263.16064453125,0.38725137401929366,0.7
2026-09-04 12:32:05,multi_repeat_random_states.py,"(1021, 9)",19,sequential_19,Dense 64 -> 16 -> 32 -> 64 -> 64 -> 32 -> 1,mse,adam_19,50,256,2.1824,69939.984375,5200.89013671875,5361.14404296875,0.22546356317170724,0.7
2026-09-04 12:32:05,multi_repeat_random_states.py,"(1021, 9)",103,sequential_19,Dense 64 -> 16 -> 32 -> 64 -> 64 -> 32 -> 1,mse,adam_19,50,256,2.2566,418322.09375,6167.306640625,6435.123046875,0.057945605082311724,0.7
2026-09-04 12:32:06,multi_repeat_random_states.py,"(1021, 9)",187,sequential_19,Dense 64 -> 16 -> 32 -> 64 -> 64 -> 32 -> 1,mse,adam_19,50,256,1.4039,4063.112548828125,2898.635498046875,2977.37890625,0.5720581139422805,0.7
2026-09-04 12:32:06,multi_repeat_random_states.py,"(1021, 9)",19,sequential_19,Dense 64 -> 16 -> 32 -> 64 -> 64 -> 32 -> 1,mse,adam_19,50,256,1.4052,5138.07080078125,3343.97412109375,2899.563720703125,0.5810935627128617,0.7
2026-09-04 12:32:07,multi_repeat_random_states.py,"(1021, 9)",103,sequential_19,Dense 64 -> 16 -> 32 -> 64 -> 64 -> 32 -> 1,mse,adam_19,50,256,1.4122,6152.21337890625,5348.03955078125,5616.25341796875,0.1778220422056903,0.7
2026-09-04 12:32:08,multi_repeat_random_states.py,"(1021, 9)",187,sequential_19,Dense 64 -> 16 -> 32 -> 64 -> 64 -> 32 -> 1,mse,adam_19,50,256,1.4728,2825.71875,2776.399169921875,3067.73193359375,0.5590715725593125,0.7
2026-09-04 12:32:08,multi_repeat_random_states.py,"(1021, 9)",19,sequential_19,Dense 64 -> 16 -> 32 -> 64 -> 64 -> 32 -> 1,mse,adam_19,50,256,1.4136,3455.063720703125,2913.243408203125,2867.771728515625,0.5856866005222543,0.7
2026-09-04 12:32:08,multi_repeat_random_states.py,"(1021, 9)",103,sequential_19,Dense 64 -> 16 -> 32 -> 64 -> 64 -> 32 -> 1,mse,adam_19,50,256,1.4535,5295.6416015625,3043.017578125,3625.037353515625,0.4693213758579162,0.7
2026-09-04 12:32:10,multi_repeat_random_states.py,"(1021, 9)",188,sequential_20,Dense 64 -> 16 -> 32 -> 64 -> 64 -> 32 -> 1,mse,adam_20,50,256,2.1701,34980.875,3692.462890625,3618.5107421875,0.47242696302780096,0.7
2026-09-04 12:32:10,multi_repeat_random_states.py,"(1021, 9)",20,sequential_20,Dense 64 -> 16 -> 32 -> 64 -> 64 -> 32 -> 1,mse,adam_20,50,256,2.1801,63070.5390625,4662.744140625,4664.40087890625,0.31530263819339366,0.7
2026-09-04 12:32:11,multi_repeat_random_states.py,"(1021, 9)",104,sequential_20,Dense 64 -> 16 -> 32 -> 64 -> 64 -> 32 -> 1,mse,adam_20,50,256,2.2238,155134.90625,5765.56005859375,5801.60888671875,0.14937484729002215,0.7
2026-09-04 12:32:12,multi_repeat_random_states.py,"(1021, 9)",20,sequential_20,Dense 64 -> 16 -> 32 -> 64 -> 64 -> 32 -> 1,mse,adam_20,50,256,1.3918,4526.35302734375,2947.114501953125,2857.4775390625,0.5805447762931523,0.7
2026-09-04 12:32:12,multi_repeat_random_states.py,"(1021, 9)",188,sequential_20,Dense 64 -> 16 -> 32 -> 64 -> 64 -> 32 -> 1,mse,adam_20,50,256,1.4477,3577.873291015625,3058.595458984375,3300.6728515625,0.5187672910419265,0.7
2026-09-04 12:32:12,multi_repeat_random_states.py,"(1021, 9)",104,sequential_20,Dense 64 -> 16 -> 32 -> 64 -> 64 -> 32 -> 1,mse,adam_20,50,256,1.5571,5746.22509765625,3432.2890625,3051.60498046875,0.552577244141389,0.7
2026-09-04 12:32:13,multi_repeat_random_states.py,"(1021, 9)",20,sequential_20,Dense 64 -> 16 -> 32 -> 64 -> 64 -> 32 -> 1,mse,adam_20,50,256,1.4023,2891.705322265625,2964.65185546875,2841.690673828125,0.5828621986648845,0.7
2026-09-04 12:32:13,multi_repeat_random_states.py,"(1021, 9)",188,sequential_20,Dense 64 -> 16 -> 32 -> 64 -> 64 -> 32 -> 1,mse,adam_20,50,256,1.3897,3115.530029296875,2899.269287109375,2713.05078125,0.6044415772596134,0.7
2026-09-04 12:32:14,multi_repeat_random_states.py,"(1021, 9)",104,sequential_20,Dense 64 -> 16 -> 32 -> 64 -> 64 -> 32 -> 1,mse,adam_20,50,256,1.4296,3425.433349609375,2962.5380859375,2685.451416015625,0.6062622863929958,0.7
2026-09-04 12:32:16,multi_repeat_random_states.py,"(1021, 9)",21,sequential_21,Dense 64 -> 16 -> 32 -> 64 -> 64 -> 32 -> 1,mse,adam_21,50,256,2.4629,25167.048828125,3506.8955078125,4137.7265625,0.3893273973129052,0.7
2026-09-04 12:32:16,multi_repeat_random_states.py,"(1021, 9)",189,sequential_21,Dense 64 -> 16 -> 32 -> 64 -> 64 -> 32 -> 1,mse,adam_21,50,256,2.4696,80918.078125,5409.58642578125,5207.64111328125,0.22577991980782086,0.7
2026-09-04 12:32:17,multi_repeat_random_states.py,"(1021, 9)",105,sequential_21,Dense 64 -> 16 -> 32 -> 64 -> 64 -> 32 -> 1,mse,adam_21,50,256,2.4814,81300.0625,5295.755859375,5484.11181640625,0.21414984101395407,0.7
2026-09-04 12:32:18,multi_repeat_random_states.py,"(1021, 9)",21,sequential_21,Dense 64 -> 16 -> 32 -> 64 -> 64 -> 32 -> 1,mse,adam_21,50,256,1.4707,3233.844482421875,2870.372314453125,2990.96484375,0.5585739474348865,0.7
2026-09-04 12:32:18,multi_repeat_random_states.py,"(1021, 9)",189,sequential_21,Dense 64 -> 16 -> 32 -> 64 -> 64 -> 32 -> 1,mse,adam_21,50,256,1.4637,5368.13037109375,3143.295166015625,3055.185791015625,0.5457855034169001,0.7
2026-09-04 12:32:18,multi_repeat_random_states.py,"(1021, 9)",105,sequential_21,Dense 64 -> 16 -> 32 -> 64 -> 64 -> 32 -> 1,mse,adam_21,50,256,1.4262,5230.771484375,2928.18359375,2883.419189453125,0.5868181723489917,0.7
2026-09-04 12:32:19,multi_repeat_random_states.py,"(1021, 9)",21,sequential_21,Dense 64 -> 16 -> 32 -> 64 -> 64 -> 32 -> 1,mse,adam_21,50,256,1.4075,2972.840576171875,2943.549560546875,3085.20263671875,0.544665713507823,0.7
2026-09-04 12:32:19,multi_repeat_random_states.py,"(1021, 9)",189,sequential_21,Dense 64 -> 16 -> 32 -> 64 -> 64 -> 32 -> 1,mse,adam_21,50,256,1.4003,3216.48291015625,2924.908935546875,3029.9267578125,0.5495407787835491,0.7
2026-09-04 12:32:20,multi_repeat_random_states.py,"(1021, 9)",105,sequential_21,Dense 64 -> 16 -> 32 -> 64 -> 64 -> 32 -> 1,mse,adam_21,50,256,1.3946,2945.776611328125,2960.1650390625,3081.28759765625,0.5584644891473237,0.7
2026-09-04 12:32:21,multi_repeat_random_states.py,"(1021, 9)",22,sequential_22,Dense 64 -> 16 -> 32 -> 64 -> 64 -> 32 -> 1,mse,adam_22,50,256,2.1895,82402.8125,5621.02783203125,5210.05810546875,0.1932804353738179,0.7
2026-09-04 12:32:22,multi_repeat_random_states.py,"(1021, 9)",190,sequential_22,Dense 64 -> 16 -> 32 -> 64 -> 64 -> 32 -> 1,mse,adam_22,50,256,2.2237,42762.3125,5499.9638671875,4994.36767578125,0.25725075182601964,0.7
2026-09-04 12:32:22,multi_repeat_random_states.py,"(1021, 9)",106,sequential_22,Dense 64 -> 16 -> 32 -> 64 -> 64 -> 32 -> 1,mse,adam_22,50,256,2.2886,125324.96875,5054.17138671875,5399.82568359375,0.22757408207012997,0.7
2026-09-04 12:32:23,multi_repeat_random_states.py,"(1021, 9)",22,sequential_22,Dense 64 -> 16 -> 32 -> 64 -> 64 -> 32 -> 1,mse,adam_22,50,256,1.4346,5559.71484375,3217.847412109375,3029.975341796875,0.5308420624765297,0.7
2026-09-04 12:32:23,multi_repeat_random_states.py,"(1021, 9)",190,sequential_22,Dense 64 -> 16 -> 32 -> 64 -> 64 -> 32 -> 1,mse,adam_22,50,256,1.4318,5452.00732421875,3055.768310546875,2946.864501953125,0.5617500793043577,0.7
2026-09-04 12:32:24,multi_repeat_random_states.py,"(1021, 9)",106,sequential_22,Dense 64 -> 16 -> 32 -> 64 -> 64 -> 32 -> 1,mse,adam_22,50,256,1.4014,5002.42822265625,3458.489990234375,3188.214111328125,0.5439373364551026,0.7
2026-09-04 12:32:25,multi_repeat_random_states.py,"(1021, 9)",22,sequential_22,Dense 64 -> 16 -> 32 -> 64 -> 64 -> 32 -> 1,mse,adam_22,50,256,1.4913,3092.542724609375,2873.579345703125,2733.384765625,0.5767657754090425,0.7
2026-09-04 12:32:25,multi_repeat_random_states.py,"(1021, 9)",190,sequential_22,Dense 64 -> 16 -> 32 -> 64 -> 64 -> 32 -> 1,mse,adam_22,50,256,1.4346,3072.603515625,3065.938232421875,2776.480224609375,0.587089154273561,0.7
2026-09-04 12:32:25,multi_repeat_random_states.py,"(1021, 9)",106,sequential_22,Dense 64 -> 16 -> 32 -> 64 -> 64 -> 32 -> 1,mse,adam_22,50,256,1.4021,2986.121826171875,2790.080322265625,3039.4345703125,0.5652196288323692,0.7
2026-09-04 12:32:27,multi_repeat_random_states.py,"(1021, 9)",23,sequential_23,Dense 64 -> 16 -> 32 -> 64 -> 64 -> 32 -> 1,mse,adam_23,50,256,2.1759,62948.58203125,4764.43408203125,4262.85546875,0.3299781729476873,0.7
2026-09-04 12:32:27,multi_repeat_random_states.py,"(1021, 9)",191,sequential_23,Dense 64 -> 16 -> 32 -> 64 -> 64 -> 32 -> 1,mse,adam_23,50,256,2.1747,27153.529296875,3780.470947265625,3883.8525390625,0.4340939415422509,0.7
2026-09-04 12:32:28,multi_repeat_random_states.py,"(1021, 9)",107,sequential_23,Dense 64 -> 16 -> 32 -> 64 -> 64 -> 32 -> 1,mse,adam_23,50,256,2.2743,36047.8671875,4042.546630859375,3711.56396484375,0.43288293550545853,0.7
2026-09-04 12:32:29,multi_repeat_random_states.py,"(1021, 9)",191,sequential_23,Dense 64 -> 16 -> 32 -> 64 -> 64 -> 32 -> 1,mse,adam_23,50,256,1.3822,3798.730224609375,2912.84375,3204.887939453125,0.5330241005535721,0.7
2026-09-04 12:32:29,multi_repeat_random_states.py,"(1021, 9)",23,sequential_23,Dense 64 -> 16 -> 32 -> 64 -> 64 -> 32 -> 1,mse,adam_23,50,256,1.4347,4628.048828125,2910.98583984375,3027.03662109375,0.524220278985607,0.7
2026-09-04 12:32:29,multi_repeat_random_states.py,"(1021, 9)",107,sequential_23,Dense 64 -> 16 -> 32 -> 64 -> 64 -> 32 -> 1,mse,adam_23,50,256,1.4161,4076.050537109375,2886.33984375,2946.73193359375,0.549747207895398,0.7
2026-09-04 12:32:30,multi_repeat_random_states.py,"(1021, 9)",191,sequential_23,Dense 64 -> 16 -> 32 -> 64 -> 64 -> 32 -> 1,mse,adam_23,50,256,1.3833,2912.92822265625,2872.65869140625,3277.650634765625,0.522422113064426,0.7
2026-09-04 12:32:30,multi_repeat_random_states.py,"(1021, 9)",23,sequential_23,Dense 64 -> 16 -> 32 -> 64 -> 64 -> 32 -> 1,mse,adam_23,50,256,1.5178,2895.0673828125,2877.19482421875,2918.7412109375,0.5412417808768435,0.7
2026-09-04 12:32:31,multi_repeat_random_states.py,"(1021, 9)",107,sequential_23,Dense 64 -> 16 -> 32 -> 64 -> 64 -> 32 -> 1,mse,adam_23,50,256,1.3879,2922.677490234375,2941.62890625,2913.287353515625,0.5548574606504348,0.7
2026-09-04 12:32:33,multi_repeat_random_states.py,"(1021, 9)",192,sequential_24,Dense 64 -> 16 -> 32 -> 64 -> 64 -> 32 -> 1,mse,adam_24,50,256,2.2057,24245.05078125,3432.44384765625,3786.156982421875,0.5077186538982901,0.7
2026-09-04 12:32:33,multi_repeat_random_states.py,"(1021, 9)",24,sequential_24,Dense 64 -> 16 -> 32 -> 64 -> 64 -> 32 -> 1,mse,adam_24,50,256,2.2045,25805.904296875,2976.940673828125,3051.762939453125,0.5425348680138351,0.7
2026-09-04 12:32:33,multi_repeat_random_states.py,"(1021, 9)",108,sequential_24,Dense 64 -> 16 -> 32 -> 64 -> 64 -> 32 -> 1,mse,adam_24,50,256,2.2926,22631.009765625,3159.888427734375,3182.508056640625,0.517857478842682,0.7
2026-09-04 12:32:34,multi_repeat_random_states.py,"(1021, 9)",192,sequential_24,Dense 64 -> 16 -> 32 -> 64 -> 64 -> 32 -> 1,mse,adam_24,50,256,1.3991,3264.469482421875,2758.852294921875,3326.937744140625,0.5674269634457183,0.7
2026-09-04 12:32:34,multi_repeat_random_states.py,"(1021, 9)",24,sequential_24,Dense 64 -> 16 -> 32 -> 64 -> 64 -> 32 -> 1,mse,adam_24,50,256,1.3954,2964.39599609375,3186.68896484375,3024.543701171875,0.5466150907298091,0.7
2026-09-04 12:32:35,multi_repeat_random_states.py,"(1021, 9)",108,sequential_24,Dense 64 -> 16 -> 32 -> 64 -> 64 -> 32 -> 1,mse,adam_24,50,256,1.3988,3030.32275390625,2962.263427734375,3094.1875,0.5312377835657849,0.7
2026-09-04 12:32:36,multi_repeat_random_states.py,"(1021, 9)",192,sequential_24,Dense 64 -> 16 -> 32 -> 64 -> 64 -> 32 -> 1,mse,adam_24,50,256,1.4417,2760.563232421875,2695.36865234375,3163.107421875,0.5887284957415674,0.7
2026-09-04 12:32:36,multi_repeat_random_states.py,"(1021, 9)",24,sequential_24,Dense 64 -> 16 -> 32 -> 64 -> 64 -> 32 -> 1,mse,adam_24,50,256,1.4142,3083.395751953125,3188.788330078125,3057.846435546875,0.5416229783959048,0.7
2026-09-04 12:32:36,multi_repeat_random_states.py,"(1021, 9)",108,sequential_24,Dense 64 -> 16 -> 32 -> 64 -> 64 -> 32 -> 1,mse,adam_24,50,256,1.3931,2767.3583984375,2963.34375,3168.759521484375,0.5199403764166867,0.7
2026-09-04 12:32:38,multi_repeat_random_states.py,"(1021, 9)",193,sequential_25,Dense 64 -> 16 -> 32 -> 64 -> 64 -> 32 -> 1,mse,adam_25,50,256,2.1911,31863.46484375,3617.99951171875,4167.5869140625,0.4179101466049838,0.7
2026-09-04 12:32:38,multi_repeat_random_states.py,"(1021, 9)",25,sequential_25,Dense 64 -> 16 -> 32 -> 64 -> 64 -> 32 -> 1,mse,adam_25,50,256,2.2949,22850.38671875,3129.53076171875,3199.944580078125,0.488902232695669,0.7
2026-09-04 12:32:39,multi_repeat_random_states.py,"(1021, 9)",109,sequential_25,Dense 64 -> 16 -> 32 -> 64 -> 64 -> 32 -> 1,mse,adam_25,50,256,2.277,54668.828125,4525.0009765625,4386.1533203125,0.3155012382191713,0.7
2026-09-04 12:32:40,multi_repeat_random_states.py,"(1021, 9)",193,sequential_25,Dense 64 -> 16 -> 32 -> 64 -> 64 -> 32 -> 1,mse,adam_25,50,256,1.3931,3399.6572265625,3020.401123046875,3756.47412109375,0.47533052593861236,0.7
2026-09-04 12:32:40,multi_repeat_random_states.py,"(1021, 9)",25,sequential_25,Dense 64 -> 16 -> 32 -> 64 -> 64 -> 32 -> 1,mse,adam_25,50,256,1.4074,3120.447021484375,2906.4599609375,2909.292724609375,0.5353254468048532,0.7
2026-09-04 12:32:40,multi_repeat_random_states.py,"(1021, 9)",109,sequential_25,Dense 64 -> 16 -> 32 -> 64 -> 64 -> 32 -> 1,mse,adam_25,50,256,1.4142,4569.53466796875,3066.53076171875,3511.8486328125,0.45194439232674444,0.7
2026-09-04 12:32:41,multi_repeat_random_states.py,"(1021, 9)",193,sequential_25,Dense 64 -> 16 -> 32 -> 64 -> 64 -> 32 -> 1,mse,adam_25,50,256,1.4056,3355.022705078125,3049.0205078125,3981.148681640625,0.44395005789969977,0.7
2026-09-04 12:32:41,multi_repeat_random_states.py,"(1021, 9)",25,sequential_25,Dense 64 -> 16 -> 32 -> 64 -> 64 -> 32 -> 1,mse,adam_25,50,256,1.392,3048.97998046875,2904.4638671875,2892.862548828125,0.5379497037927042,0.7
2026-09-04 12:32:42,multi_repeat_random_states.py,"(1021, 9)",109,sequential_25,Dense 64 -> 16 -> 32 -> 64 -> 64 -> 32 -> 1,mse,adam_25,50,256,1.3929,3140.059326171875,3085.556884765625,3307.261474609375,0.48387212713837957,0.7
2026-09-04 12:32:44,multi_repeat_random_states.py,"(1021, 9)",194,sequential_26,Dense 64 -> 16 -> 32 -> 64 -> 64 -> 32 -> 1,mse,adam_26,50,256,2.2003,47794.5703125,3884.79541015625,3373.475341796875,0.4919106750378439,0.7
2026-09-04 12:32:44,multi_repeat_random_states.py,"(1021, 9)",26,sequential_26,Dense 64 -> 16 -> 32 -> 64 -> 64 -> 32 -> 1,mse,adam_26,50,256,2.2507,41988.609375,5452.19775390625,5305.55810546875,0.21479491670582063,0.7
2026-09-04 12:32:44,multi_repeat_random_states.py,"(1021, 9)",110,sequential_26,Dense 64 -> 16 -> 32 -> 64 -> 64 -> 32 -> 1,mse,adam_26,50,256,2.2751,72530.0703125,4426.13330078125,4048.7685546875,0.38521618615208164,0.7
2026-09-04 12:32:45,multi_repeat_random_states.py,"(1021, 9)",194,sequential_26,Dense 64 -> 16 -> 32 -> 64 -> 64 -> 32 -> 1,mse,adam_26,50,256,1.4091,3597.577392578125,3038.795166015625,2843.3701171875,0.5717514215669337,0.7
2026-09-04 12:32:45,multi_repeat_random_states.py,"(1021, 9)",26,sequential_26,Dense 64 -> 16 -> 32 -> 64 -> 64 -> 32 -> 1,mse,adam_26,50,256,1.4072,5382.79052734375,3155.581787109375,2893.247314453125,0.5718089327183142,0.7
2026-09-04 12:32:46,multi_repeat_random_states.py,"(1021, 9)",110,sequential_26,Dense 64 -> 16 -> 32 -> 64 -> 64 -> 32 -> 1,mse,adam_26,50,256,1.3886,4337.6396484375,2999.822998046875,2555.018310546875,0.6120341589934658,0.7
2026-09-04 12:32:47,multi_repeat_random_states.py,"(1021, 9)",194,sequential_26,Dense 64 -> 16 -> 32 -> 64 -> 64 -> 32 -> 1,mse,adam_26,50,256,1.3885,2924.96923828125,3318.1064453125,3129.560791015625,0.5286473877186342,0.7
2026-09-04 12:32:47,multi_repeat_random_states.py,"(1021, 9)",26,sequential_26,Dense 64 -> 16 -> 32 -> 64 -> 64 -> 32 -> 1,mse,adam_26,50,256,1.3958,3058.932861328125,3839.7353515625,3181.77294921875,0.5291080430264121,0.7
2026-09-04 12:32:47,multi_repeat_random_states.py,"(1021, 9)",110,sequential_26,Dense 64 -> 16 -> 32 -> 64 -> 64 -> 32 -> 1,mse,adam_26,50,256,1.3763,3011.333740234375,2956.3603515625,2554.5068359375,0.612111801075835,0.7
2026-09-04 12:32:49,multi_repeat_random_states.py,"(1021, 9)",195,sequential_27,Dense 64 -> 16 -> 32 -> 64 -> 64 -> 32 -> 1,mse,adam_27,50,256,2.2117,82052.71875,4807.88427734375,4696.90966796875,0.3383904062523204,0.7
2026-09-04 12:32:49,multi_repeat_random_states.py,"(1021, 9)",27,sequential_27,Dense 64 -> 16 -> 32 -> 64 -> 64 -> 32 -> 1,mse,adam_27,50,256,2.2158,29909.609375,4928.34423828125,4634.64794921875,0.30466457675069336,0.7
2026-09-04 12:32:50,multi_repeat_random_states.py,"(1021, 9)",111,sequential_27,Dense 64 -> 16 -> 32 -> 64 -> 64 -> 32 -> 1,mse,adam_27,50,256,2.3188,16039.009765625,2998.857177734375,2795.478759765625,0.5899792779834123,0.7
2026-09-04 12:32:51,multi_repeat_random_states.py,"(1021, 9)",195,sequential_27,Dense 64 -> 16 -> 32 -> 64 -> 64 -> 32 -> 1,mse,adam_27,50,256,1.3991,4688.19921875,3019.0126953125,2751.751220703125,0.6123866841851742,0.7
2026-09-04 12:32:51,multi_repeat_random_states.py,"(1021, 9)",27,sequential_27,Dense 64 -> 16 -> 32 -> 64 -> 64 -> 32 -> 1,mse,adam_27,50,256,1.3935,4818.76416015625,2906.815185546875,2976.940185546875,0.553370188338677,0.7
2026-09-04 12:32:52,multi_repeat_random_states.py,"(1021, 9)",111,sequential_27,Dense 64 -> 16 -> 32 -> 64 -> 64 -> 32 -> 1,mse,adam_27,50,256,1.4573,3128.908203125,3162.221923828125,2775.599609375,0.592895081249543,0.7
2026-09-04 12:32:52,multi_repeat_random_states.py,"(1021, 9)",195,sequential_27,Dense 64 -> 16 -> 32 -> 64 -> 64 -> 32 -> 1,mse,adam_27,50,256,1.4248,3085.591796875,2916.65869140625,2698.7314453125,0.6198550596531851,0.7
2026-09-04 12:32:52,multi_repeat_random_states.py,"(1021, 9)",27,sequential_27,Dense 64 -> 16 -> 32 -> 64 -> 64 -> 32 -> 1,mse,adam_27,50,256,1.3893,2952.97705078125,3066.551513671875,3077.192138671875,0.5383294122509824,0.7
2026-09-04 12:32:53,multi_repeat_random_states.py,"(1021, 9)",111,sequential_27,Dense 64 -> 16 -> 32 -> 64 -> 64 -> 32 -> 1,mse,adam_27,50,256,1.3779,3002.272216796875,3237.45703125,3223.372802734375,0.5272189515456533,0.7
2026-09-04 12:32:55,multi_repeat_random_states.py,"(1021, 9)",196,sequential_28,Dense 64 -> 16 -> 32 -> 64 -> 64 -> 32 -> 1,mse,adam_28,50,256,2.2113,163018.953125,6325.77294921875,5827.00537109375,0.0731390705864261,0.7
2026-09-04 12:32:55,multi_repeat_random_states.py,"(1021, 9)",28,sequential_28,Dense 64 -> 16 -> 32 -> 64 -> 64 -> 32 -> 1,mse,adam_28,50,256,2.2189,107695.59375,4591.14697265625,4726.984375,0.3161455321104104,0.7
2026-09-04 12:32:56,multi_repeat_random_states.py,"(1021, 9)",112,sequential_28,Dense 64 -> 16 -> 32 -> 64 -> 64 -> 32 -> 1,mse,adam_28,50,256,2.2682,31645.43359375,3444.13818359375,3127.872802734375,0.5434543219933241,0.7
2026-09-04 12:32:56,multi_repeat_random_states.py,"(1021, 9)",196,sequential_28,Dense 64 -> 16 -> 32 -> 64 -> 64 -> 32 -> 1,mse,adam_28,50,256,1.3987,6312.12255859375,3521.03515625,3115.51220703125,0.5044372241452415,0.7
2026-09-04 12:32:56,multi_repeat_random_states.py,"(1021, 9)",28,sequential_28,Dense 64 -> 16 -> 32 -> 64 -> 64 -> 32 -> 1,mse,adam_28,50,256,1.3947,4571.7568359375,3522.885009765625,3375.123291015625,0.5117197607471956,0.7
2026-09-04 12:32:57,multi_repeat_random_states.py,"(1021, 9)",112,sequential_28,Dense 64 -> 16 -> 32 -> 64 -> 64 -> 32 -> 1,mse,adam_28,50,256,1.4103,3273.697265625,3029.906494140625,3149.943603515625,0.5402328781940884,0.7
2026-09-04 12:32:58,multi_repeat_random_states.py,"(1021, 9)",196,sequential_28,Dense 64 -> 16 -> 32 -> 64 -> 64 -> 32 -> 1,mse,adam_28,50,256,1.4001,3311.62451171875,3021.619873046875,2670.15771484375,0.5752766753650468,0.7
2026-09-04 12:32:58,multi_repeat_random_states.py,"(1021, 9)",28,sequential_28,Dense 64 -> 16 -> 32 -> 64 -> 64 -> 32 -> 1,mse,adam_28,50,256,1.3951,3318.040283203125,2760.209228515625,3202.4140625,0.5367056413010922,0.7
2026-09-04 12:32:59,multi_repeat_random_states.py,"(1021, 9)",112,sequential_28,Dense 64 -> 16 -> 32 -> 64 -> 64 -> 32 -> 1,mse,adam_28,50,256,1.4328,3281.04833984375,2873.15185546875,2700.7802734375,0.6057929469002985,0.7
2026-09-04 12:33:00,multi_repeat_random_states.py,"(1021, 9)",197,sequential_29,Dense 64 -> 16 -> 32 -> 64 -> 64 -> 32 -> 1,mse,adam_29,50,256,2.6387,80293.3046875,4684.3779296875,5462.00048828125,0.26250248793627573,0.7
2026-09-04 12:33:01,multi_repeat_random_states.py,"(1021, 9)",29,sequential_29,Dense 64 -> 16 -> 32 -> 64 -> 64 -> 32 -> 1,mse,adam_29,50,256,2.5446,45819.1953125,4734.5849609375,4384.13525390625,0.32995621170910794,0.7
2026-09-04 12:33:01,multi_repeat_random_states.py,"(1021, 9)",113,sequential_29,Dense 64 -> 16 -> 32 -> 64 -> 64 -> 32 -> 1,mse,adam_29,50,256,2.5481,28720.3203125,3054.8154296875,3743.8681640625,0.4935582781977387,0.7
2026-09-04 12:33:02,multi_repeat_random_states.py,"(1021, 9)",197,sequential_29,Dense 64 -> 16 -> 32 -> 64 -> 64 -> 32 -> 1,mse,adam_29,50,256,1.4172,4590.49755859375,3130.892822265625,3182.887451171875,0.5702360069056658,0.7
2026-09-04 12:33:02,multi_repeat_random_states.py,"(1021, 9)",29,sequential_29,Dense 64 -> 16 -> 32 -> 64 -> 64 -> 32 -> 1,mse,adam_29,50,256,1.403,4716.6083984375,3073.574462890625,2877.222412109375,0.5602634167854466,0.7
2026-09-04 12:33:03,multi_repeat_random_states.py,"(1021, 9)",113,sequential_29,Dense 64 -> 16 -> 32 -> 64 -> 64 -> 32 -> 1,mse,adam_29,50,256,1.4143,2950.5244140625,2726.121826171875,3492.686279296875,0.5275362691333703,0.7
2026-09-04 12:33:03,multi_repeat_random_states.py,"(1021, 9)",197,sequential_29,Dense 64 -> 16 -> 32 -> 64 -> 64 -> 32 -> 1,mse,adam_29,50,256,1.4128,2858.62353515625,2854.390869140625,3556.560546875,0.5197814900197426,0.7
2026-09-04 12:33:04,multi_repeat_random_states.py,"(1021, 9)",29,sequential_29,Dense 64 -> 16 -> 32 -> 64 -> 64 -> 32 -> 1,mse,adam_29,50,256,1.4303,3152.634521484375,3073.97021484375,2814.508544921875,0.5698481305171338,0.7
2026-09-04 12:33:05,multi_repeat_random_states.py,"(1021, 9)",113,sequential_29,Dense 64 -> 16 -> 32 -> 64 -> 64 -> 32 -> 1,mse,adam_29,50,256,1.4217,2812.595947265625,2987.47607421875,4089.0615234375,0.4468631609040902,0.7
2026-09-04 12:33:06,multi_repeat_random_states.py,"(1021, 9)",198,sequential_30,Dense 64 -> 16 -> 32 -> 64 -> 64 -> 32 -> 1,mse,adam_30,50,256,2.2193,54389.609375,3912.308349609375,3884.326171875,0.450917621050579,0.7
2026-09-04 12:33:06,multi_repeat_random_states.py,"(1021, 9)",30,sequential_30,Dense 64 -> 16 -> 32 -> 64 -> 64 -> 32 -> 1,mse,adam_30,50,256,2.2208,41629.171875,4972.9462890625,5600.2783203125,0.2460436192476695,0.7
2026-09-04 12:33:07,multi_repeat_random_states.py,"(1021, 9)",114,sequential_30,Dense 64 -> 16 -> 32 -> 64 -> 64 -> 32 -> 1,mse,adam_30,50,256,2.2762,42133.3671875,4299.291015625,3378.13037109375,0.4617588654471432,0.7
2026-09-04 12:33:07,multi_repeat_random_states.py,"(1021, 9)",198,sequential_30,Dense 64 -> 16 -> 32 -> 64 -> 64 -> 32 -> 1,mse,adam_30,50,256,1.4065,3926.771728515625,3266.395263671875,2802.96435546875,0.6037772623159565,0.7
2026-09-04 12:33:08,multi_repeat_random_states.py,"(1021, 9)",30,sequential_30,Dense 64 -> 16 -> 32 -> 64 -> 64 -> 32 -> 1,mse,adam_30,50,256,1.4409,4879.69091796875,3038.49755859375,2996.455810546875,0.5965919474147321,0.7
2026-09-04 12:33:09,multi_repeat_random_states.py,"(1021, 9)",114,sequential_30,Dense 64 -> 16 -> 32 -> 64 -> 64 -> 32 -> 1,mse,adam_30,50,256,1.4506,3986.2646484375,3889.474609375,3374.28515625,0.46237164300790223,0.7
2026-09-04 12:33:09,multi_repeat_random_states.py,"(1021, 9)",198,sequential_30,Dense 64 -> 16 -> 32 -> 64 -> 64 -> 32 -> 1,mse,adam_30,50,256,1.4394,3058.01953125,3270.822509765625,3065.81103515625,0.5666217019410069,0.7
2026-09-04 12:33:09,multi_repeat_random_states.py,"(1021, 9)",30,sequential_30,Dense 64 -> 16 -> 32 -> 64 -> 64 -> 32 -> 1,mse,adam_30,50,256,1.4145,3041.390625,3126.712890625,3001.550537109375,0.5959061110261097,0.7
2026-09-04 12:33:10,multi_repeat_random_states.py,"(1021, 9)",114,sequential_30,Dense 64 -> 16 -> 32 -> 64 -> 64 -> 32 -> 1,mse,adam_30,50,256,1.4278,3347.82080078125,2898.654296875,2704.913330078125,0.5690232940558575,0.7
2026-09-04 12:33:11,multi_repeat_random_states.py,"(1021, 9)",199,sequential_31,Dense 64 -> 16 -> 32 -> 64 -> 64 -> 32 -> 1,mse,adam_31,50,256,2.1901,21041.587890625,3782.266357421875,4975.9365234375,0.3188641456350031,0.7
2026-09-04 12:33:12,multi_repeat_random_states.py,"(1021, 9)",31,sequential_31,Dense 64 -> 16 -> 32 -> 64 -> 64 -> 32 -> 1,mse,adam_31,50,256,2.2273,16154.1845703125,3038.21533203125,3395.354248046875,0.5132977849337675,0.7
2026-09-04 12:33:13,multi_repeat_random_states.py,"(1021, 9)",115,sequential_31,Dense 64 -> 16 -> 32 -> 64 -> 64 -> 32 -> 1,mse,adam_31,50,256,2.2762,69541.2421875,4219.25732421875,4459.78759765625,0.3939164172517394,0.7
2026-09-04 12:33:13,multi_repeat_random_states.py,"(1021, 9)",199,sequential_31,Dense 64 -> 16 -> 32 -> 64 -> 64 -> 32 -> 1,mse,adam_31,50,256,1.4216,3949.262451171875,2794.151611328125,3127.466064453125,0.5718937958878239,0.7
2026-09-04 12:33:13,multi_repeat_random_states.py,"(1021, 9)",31,sequential_31,Dense 64 -> 16 -> 32 -> 64 -> 64 -> 32 -> 1,mse,adam_31,50,256,1.3923,2863.70654296875,2777.437744140625,3313.132080078125,0.5250837209766765,0.7
2026-09-04 12:33:14,multi_repeat_random_states.py,"(1021, 9)",115,sequential_31,Dense 64 -> 16 -> 32 -> 64 -> 64 -> 32 -> 1,mse,adam_31,50,256,1.4141,4170.14794921875,2911.4755859375,2983.32373046875,0.5945674746160681,0.7
2026-09-04 12:33:15,multi_repeat_random_states.py,"(1021, 9)",199,sequential_31,Dense 64 -> 16 -> 32 -> 64 -> 64 -> 32 -> 1,mse,adam_31,50,256,1.3975,2778.739501953125,2733.6201171875,3150.888427734375,0.5686876444018674,0.7
2026-09-04 12:33:15,multi_repeat_random_states.py,"(1021, 9)",31,sequential_31,Dense 64 -> 16 -> 32 -> 64 -> 64 -> 32 -> 1,mse,adam_31,50,256,1.4421,2773.87646484375,2759.17578125,3265.36083984375,0.5319313951484521,0.7
2026-09-04 12:33:16,multi_repeat_random_states.py,"(1021, 9)",115,sequential_31,Dense 64 -> 16 -> 32 -> 64 -> 64 -> 32 -> 1,mse,adam_31,50,256,1.3854,3003.24853515625,3654.8427734375,3517.921875,0.521915763414958,0.7
2026-09-04 12:33:17,multi_repeat_random_states.py,"(1021, 9)",200,sequential_32,Dense 64 -> 16 -> 32 -> 64 -> 64 -> 32 -> 1,mse,adam_32,50,256,2.201,72161.109375,5393.197265625,4397.68212890625,0.27813766928006367,0.7
2026-09-04 12:33:17,multi_repeat_random_states.py,"(1021, 9)",32,sequential_32,Dense 64 -> 16 -> 32 -> 64 -> 64 -> 32 -> 1,mse,adam_32,50,256,2.2538,28766.212890625,3371.764404296875,3335.11865234375,0.4982080908836334,0.7
2026-09-04 12:33:18,multi_repeat_random_states.py,"(1021, 9)",116,sequential_32,Dense 64 -> 16 -> 32 -> 64 -> 64 -> 32 -> 1,mse,adam_32,50,256,2.2888,105352.3046875,5844.294921875,5376.47021484375,0.13778078517345993,0.7
2026-09-04 12:33:19,multi_repeat_random_states.py,"(1021, 9)",200,sequential_32,Dense 64 -> 16 -> 32 -> 64 -> 64 -> 32 -> 1,mse,adam_32,50,256,1.4079,5265.95361328125,3290.513427734375,2710.38916015625,0.5551001410166594,0.7
2026-09-04 12:33:19,multi_repeat_random_states.py,"(1021, 9)",32,sequential_32,Dense 64 -> 16 -> 32 -> 64 -> 64 -> 32 -> 1,mse,adam_32,50,256,1.4282,3346.69677734375,3181.937744140625,3493.23095703125,0.4744190078068713,0.7
2026-09-04 12:33:20,multi_repeat_random_states.py,"(1021, 9)",116,sequential_32,Dense 64 -> 16 -> 32 -> 64 -> 64 -> 32 -> 1,mse,adam_32,50,256,1.3952,5818.68994140625,3557.339111328125,3544.374755859375,0.43159214753729014,0.7
2026-09-04 12:33:20,multi_repeat_random_states.py,"(1021, 9)",200,sequential_32,Dense 64 -> 16 -> 32 -> 64 -> 64 -> 32 -> 1,mse,adam_32,50,256,1.4371,3097.7861328125,3094.12353515625,2463.92626953125,0.595556072477123,0.7
2026-09-04 12:33:20,multi_repeat_random_states.py,"(1021, 9)",32,sequential_32,Dense 64 -> 16 -> 32 -> 64 -> 64 -> 32 -> 1,mse,adam_32,50,256,1.4096,3087.947509765625,2975.255126953125,2922.2568359375,0.5603260329805155,0.7
2026-09-04 12:33:21,multi_repeat_random_states.py,"(1021, 9)",116,sequential_32,Dense 64 -> 16 -> 32 -> 64 -> 64 -> 32 -> 1,mse,adam_32,50,256,1.4561,3457.955810546875,2957.2353515625,2515.0732421875,0.5966601611221842,0.7
2026-09-04 12:33:23,multi_repeat_random_states.py,"(1021, 9)",201,sequential_33,Dense 64 -> 16 -> 32 -> 64 -> 64 -> 32 -> 1,mse,adam_33,50,256,2.2296,33991.984375,3386.00927734375,2792.077392578125,0.575029778362999,0.7
2026-09-04 12:33:23,multi_repeat_random_states.py,"(1021, 9)",33,sequential_33,Dense 64 -> 16 -> 32 -> 64 -> 64 -> 32 -> 1,mse,adam_33,50,256,2.2062,20921.748046875,3588.29296875,4027.797119140625,0.44512841927572555,0.7
2026-09-04 12:33:24,multi_repeat_random_states.py,"(1021, 9)",117,sequential_33,Dense 64 -> 16 -> 32 -> 64 -> 64 -> 32 -> 1,mse,adam_33,50,256,2.2574,67276.015625,5428.1923828125,5289.85009765625,0.20622197156216238,0.7
2026-09-04 12:33:24,multi_repeat_random_states.py,"(1021, 9)",201,sequential_33,Dense 64 -> 16 -> 32 -> 64 -> 64 -> 32 -> 1,mse,adam_33,50,256,1.4125,3103.092529296875,3058.650390625,2649.374755859375,0.596749935489177,0.7
2026-09-04 12:33:24,multi_repeat_random_states.py,"(1021, 9)",33,sequential_33,Dense 64 -> 16 -> 32 -> 64 -> 64 -> 32 -> 1,mse,adam_33,50,256,1.3958,3363.138671875,2676.583251953125,3462.79248046875,0.5229637733474514,0.7
2026-09-04 12:33:25,multi_repeat_random_states.py,"(1021, 9)",117,sequential_33,Dense 64 -> 16 -> 32 -> 64 -> 64 -> 32 -> 1,mse,adam_33,50,256,1.4531,5362.6455078125,3219.83447265625,3189.608642578125,0.5213775141036401,0.7
2026-09-04 12:33:26,multi_repeat_random_states.py,"(1021, 9)",201,sequential_33,Dense 64 -> 16 -> 32 -> 64 -> 64 -> 32 -> 1,mse,adam_33,50,256,1.3921,3000.4208984375,3582.380126953125,4021.738525390625,0.38786825796474944,0.7
2026-09-04 12:33:26,multi_repeat_random_states.py,"(1021, 9)",33,sequential_33,Dense 64 -> 16 -> 32 -> 64 -> 64 -> 32 -> 1,mse,adam_33,50,256,1.3909,2653.11767578125,2578.48046875,3385.331298828125,0.5336349248073204,0.7
2026-09-04 12:33:27,multi_repeat_random_states.py,"(1021, 9)",117,sequential_33,Dense 64 -> 16 -> 32 -> 64 -> 64 -> 32 -> 1,mse,adam_33,50,256,1.3935,2927.14208984375,2964.77880859375,3225.852783203125,0.515938869574722,0.7
2026-09-04 12:33:28,multi_repeat_random_states.py,"(1021, 9)",202,sequential_34,Dense 64 -> 16 -> 32 -> 64 -> 64 -> 32 -> 1,mse,adam_34,50,256,2.2135,22079.27734375,3346.4208984375,3144.86279296875,0.5140258167847969,0.7
2026-09-04 12:33:28,multi_repeat_random_states.py,"(1021, 9)",34,sequential_34,Dense 64 -> 16 -> 32 -> 64 -> 64 -> 32 -> 1,mse,adam_34,50,256,2.2127,23693.921875,3056.8251953125,2934.67578125,0.5575313121627508,0.7
2026-09-04 12:33:29,multi_repeat_random_states.py,"(1021, 9)",118,sequential_34,Dense 64 -> 16 -> 32 -> 64 -> 64 -> 32 -> 1,mse,adam_34,50,256,2.2606,25021.912109375,3856.142333984375,3365.01220703125,0.4644944913297956,0.7
2026-09-04 12:33:30,multi_repeat_random_states.py,"(1021, 9)",202,sequential_34,Dense 64 -> 16 -> 32 -> 64 -> 64 -> 32 -> 1,mse,adam_34,50,256,1.4118,3196.4697265625,2880.43310546875,2799.479248046875,0.5673978008394107,0.7
2026-09-04 12:33:30,multi_repeat_random_states.py,"(1021, 9)",34,sequential_34,Dense 64 -> 16 -> 32 -> 64 -> 64 -> 32 -> 1,mse,adam_34,50,256,1.4406,3073.537353515625,2902.05615234375,2791.120361328125,0.5791755632766185,0.7
2026-09-04 12:33:31,multi_repeat_random_states.py,"(1021, 9)",118,sequential_34,Dense 64 -> 16 -> 32 -> 64 -> 64 -> 32 -> 1,mse,adam_34,50,256,1.407,3325.422119140625,3928.7060546875,3373.5029296875,0.46314334885144093,0.7
2026-09-04 12:33:31,multi_repeat_random_states.py,"(1021, 9)",202,sequential_34,Dense 64 -> 16 -> 32 -> 64 -> 64 -> 32 -> 1,mse,adam_34,50,256,1.4395,2928.31201171875,2880.371826171875,2805.18603515625,0.5665159576100888,0.7
2026-09-04 12:33:31,multi_repeat_random_states.py,"(1021, 9)",34,sequential_34,Dense 64 -> 16 -> 32 -> 64 -> 64 -> 32 -> 1,mse,adam_34,50,256,1.3841,2886.9736328125,3077.773681640625,2942.802734375,0.5563060218970861,0.7
2026-09-04 12:33:32,multi_repeat_random_states.py,"(1021, 9)",118,sequential_34,Dense 64 -> 16 -> 32 -> 64 -> 64 -> 32 -> 1,mse,adam_34,50,256,1.3674,3654.778564453125,3057.774658203125,3328.209716796875,0.4703512381828453,0.7
2026-09-04 12:33:34,multi_repeat_random_states.py,"(1021, 9)",203,sequential_35,Dense 64 -> 16 -> 32 -> 64 -> 64 -> 32 -> 1,mse,adam_35,50,256,2.2217,22715.130859375,3027.6259765625,3257.17724609375,0.5473793230468582,0.7
2026-09-04 12:33:34,multi_repeat_random_states.py,"(1021, 9)",35,sequential_35,Dense 64 -> 16 -> 32 -> 64 -> 64 -> 32 -> 1,mse,adam_35,50,256,2.2323,41732.28125,3706.20263671875,4398.73828125,0.4351846902225728,0.7
2026-09-04 12:33:35,multi_repeat_random_states.py,"(1021, 9)",119,sequential_35,Dense 64 -> 16 -> 32 -> 64 -> 64 -> 32 -> 1,mse,adam_35,50,256,2.2623,50177.01171875,3296.4326171875,4012.353271484375,0.47143613187240674,0.7
2026-09-04 12:33:35,multi_repeat_random_states.py,"(1021, 9)",203,sequential_35,Dense 64 -> 16 -> 32 -> 64 -> 64 -> 32 -> 1,mse,adam_35,50,256,1.4009,3177.267822265625,2807.620361328125,2980.619384765625,0.5858100934464928,0.7
2026-09-04 12:33:35,multi_repeat_random_states.py,"(1021, 9)",35,sequential_35,Dense 64 -> 16 -> 32 -> 64 -> 64 -> 32 -> 1,mse,adam_35,50,256,1.483,3581.72265625,2851.755859375,3300.11865234375,0.5762517717858904,0.7
2026-09-04 12:33:36,multi_repeat_random_states.py,"(1021, 9)",119,sequential_35,Dense 64 -> 16 -> 32 -> 64 -> 64 -> 32 -> 1,mse,adam_35,50,256,1.4043,3249.193359375,2925.826171875,3511.2353515625,0.5374505033208747,0.7
2026-09-04 12:33:37,multi_repeat_random_states.py,"(1021, 9)",203,sequential_35,Dense 64 -> 16 -> 32 -> 64 -> 64 -> 32 -> 1,mse,adam_35,50,256,1.4378,2880.048583984375,2945.626953125,3632.289306640625,0.49525332382253606,0.7
2026-09-04 12:33:37,multi_repeat_random_states.py,"(1021, 9)",35,sequential_35,Dense 64 -> 16 -> 32 -> 64 -> 64 -> 32 -> 1,mse,adam_35,50,256,1.4448,2708.090576171875,2803.748046875,3267.98876953125,0.5803773916401459,0.7
2026-09-04 12:33:38,multi_repeat_random_states.py,"(1021, 9)",119,sequential_35,Dense 64 -> 16 -> 32 -> 64 -> 64 -> 32 -> 1,mse,adam_35,50,256,1.4339,2760.6708984375,2810.127685546875,3594.7734375,0.5264457090547772,0.7
2026-09-04 12:33:39,multi_repeat_random_states.py,"(1021, 9)",204,sequential_36,Dense 64 -> 16 -> 32 -> 64 -> 64 -> 32 -> 1,mse,adam_36,50,256,2.2383,27360.146484375,3451.470458984375,3589.506103515625,0.4912764523719899,0.7
2026-09-04 12:33:39,multi_repeat_random_states.py,"(1021, 9)",36,sequential_36,Dense 64 -> 16 -> 32 -> 64 -> 64 -> 32 -> 1,mse,adam_36,50,256,2.2435,75078.9375,5668.06298828125,6511.76220703125,0.15052412162280948,0.7
2026-09-04 12:33:41,multi_repeat_random_states.py,"(1021, 9)",120,sequential_36,Dense 64 -> 16 -> 32 -> 64 -> 64 -> 32 -> 1,mse,adam_36,50,256,2.2935,64115.36328125,4387.1025390625,5937.9228515625,0.27164436574929907,0.7
2026-09-04 12:33:41,multi_repeat_random_states.py,"(1021, 9)",204,sequential_36,Dense 64 -> 16 -> 32 -> 64 -> 64 -> 32 -> 1,mse,adam_36,50,256,1.3978,3404.630126953125,2890.649169921875,3195.58544921875,0.5471049197982272,0.7
2026-09-04 12:33:41,multi_repeat_random_states.py,"(1021, 9)",36,sequential_36,Dense 64 -> 16 -> 32 -> 64 -> 64 -> 32 -> 1,mse,adam_36,50,256,1.4472,5589.46630859375,3038.395263671875,3800.663818359375,0.5041937870510943,0.7
2026-09-04 12:33:42,multi_repeat_random_states.py,"(1021, 9)",120,sequential_36,Dense 64 -> 16 -> 32 -> 64 -> 64 -> 32 -> 1,mse,adam_36,50,256,1.4351,4293.51220703125,2521.3388671875,3697.13623046875,0.5465030663315823,0.7
2026-09-04 12:33:42,multi_repeat_random_states.py,"(1021, 9)",204,sequential_36,Dense 64 -> 16 -> 32 -> 64 -> 64 -> 32 -> 1,mse,adam_36,50,256,1.4421,2873.1572265625,2740.676513671875,3045.134033203125,0.5684277112060732,0.7
2026-09-04 12:33:42,multi_repeat_random_states.py,"(1021, 9)",36,sequential_36,Dense 64 -> 16 -> 32 -> 64 -> 64 -> 32 -> 1,mse,adam_36,50,256,1.3929,3029.68505859375,2707.85986328125,3290.2041015625,0.5707845371376774,0.7
2026-09-04 12:33:44,multi_repeat_random_states.py,"(1021, 9)",120,sequential_36,Dense 64 -> 16 -> 32 -> 64 -> 64 -> 32 -> 1,mse,adam_36,50,256,1.4117,2766.376953125,2619.489501953125,4399.44091796875,0.46035723179900756,0.7
2026-09-04 12:33:45,multi_repeat_random_states.py,"(1021, 9)",205,sequential_37,Dense 64 -> 16 -> 32 -> 64 -> 64 -> 32 -> 1,mse,adam_37,50,256,2.2141,54279.47265625,5375.04638671875,5587.9228515625,0.22542811770716842,0.7
2026-09-04 12:33:45,multi_repeat_random_states.py,"(1021, 9)",37,sequential_37,Dense 64 -> 16 -> 32 -> 64 -> 64 -> 32 -> 1,mse,adam_37,50,256,2.2043,268826.28125,5524.15234375,5218.466796875,0.2093136137717967,0.7
2026-09-04 12:33:46,multi_repeat_random_states.py,"(1021, 9)",121,sequential_37,Dense 64 -> 16 -> 32 -> 64 -> 64 -> 32 -> 1,mse,adam_37,50,256,2.267,217990.75,6166.81640625,5738.10498046875,0.14503860126960255,0.7
2026-09-04 12:33:46,multi_repeat_random_states.py,"(1021, 9)",205,sequential_37,Dense 64 -> 16 -> 32 -> 64 -> 64 -> 32 -> 1,mse,adam_37,50,256,1.4495,5292.185546875,2829.860107421875,3227.833740234375,0.552572732637802,0.7
2026-09-04 12:33:46,multi_repeat_random_states.py,"(1021, 9)",37,sequential_37,Dense 64 -> 16 -> 32 -> 64 -> 64 -> 32 -> 1,mse,adam_37,50,256,1.4665,5500.80615234375,3643.294189453125,3668.91455078125,0.4440970865153734,0.7
2026-09-04 12:33:48,multi_repeat_random_states.py,"(1021, 9)",121,sequential_37,Dense 64 -> 16 -> 32 -> 64 -> 64 -> 32 -> 1,mse,adam_37,50,256,1.5185,6134.57275390625,4018.094970703125,3921.44189453125,0.41571627987126003,0.7
2026-09-04 12:33:48,multi_repeat_random_states.py,"(1021, 9)",205,sequential_37,Dense 64 -> 16 -> 32 -> 64 -> 64 -> 32 -> 1,mse,adam_37,50,256,1.4835,2780.647705078125,2766.379150390625,3124.04541015625,0.5669593539090024,0.7
2026-09-04 12:33:48,multi_repeat_random_states.py,"(1021, 9)",37,sequential_37,Dense 64 -> 16 -> 32 -> 64 -> 64 -> 32 -> 1,mse,adam_37,50,256,1.4863,3728.99072265625,2937.051025390625,2783.607666015625,0.5782361998306442,0.7
2026-09-04 12:33:49,multi_repeat_random_states.py,"(1021, 9)",121,sequential_37,Dense 64 -> 16 -> 32 -> 64 -> 64 -> 32 -> 1,mse,adam_37,50,256,1.5702,3965.85888671875,3030.373046875,2861.333984375,0.5736693672393283,0.7
2026-09-04 12:33:51,multi_repeat_random_states.py,"(1021, 9)",206,sequential_38,Dense 64 -> 16 -> 32 -> 64 -> 64 -> 32 -> 1,mse,adam_38,50,256,2.7315,32399.91796875,3141.880615234375,3752.7392578125,0.49292443039746836,0.7
2026-09-04 12:33:51,multi_repeat_random_states.py,"(1021, 9)",38,sequential_38,Dense 64 -> 16 -> 32 -> 64 -> 64 -> 32 -> 1,mse,adam_38,50,256,2.7284,37431.26953125,4510.88720703125,4347.3623046875,0.3829191875515433,0.7
2026-09-04 12:33:52,multi_repeat_random_states.py,"(1021, 9)",206,sequential_38,Dense 64 -> 16 -> 32 -> 64 -> 64 -> 32 -> 1,mse,adam_38,50,256,1.4829,3200.9345703125,2812.608154296875,3130.671142578125,0.5769791845746959,0.7
2026-09-04 12:33:52,multi_repeat_random_states.py,"(1021, 9)",122,sequential_38,Dense 64 -> 16 -> 32 -> 64 -> 64 -> 32 -> 1,mse,adam_38,50,256,2.683,29412.822265625,3986.02001953125,3705.677001953125,0.46059254555234974,0.7
2026-09-04 12:33:53,multi_repeat_random_states.py,"(1021, 9)",38,sequential_38,Dense 64 -> 16 -> 32 -> 64 -> 64 -> 32 -> 1,mse,adam_38,50,256,1.421,4458.08642578125,3160.871826171875,2763.766845703125,0.607700669376233,0.7
2026-09-04 12:33:54,multi_repeat_random_states.py,"(1021, 9)",122,sequential_38,Dense 64 -> 16 -> 32 -> 64 -> 64 -> 32 -> 1,mse,adam_38,50,256,1.488,3878.661376953125,3412.8662109375,2794.50146484375,0.5932254535767498,0.7
2026-09-04 12:33:54,multi_repeat_random_states.py,"(1021, 9)",206,sequential_38,Dense 64 -> 16 -> 32 -> 64 -> 64 -> 32 -> 1,mse,adam_38,50,256,1.5114,2835.76171875,2996.421142578125,3275.4375,0.5574181225412349,0.7
2026-09-04 12:33:54,multi_repeat_random_states.py,"(1021, 9)",38,sequential_38,Dense 64 -> 16 -> 32 -> 64 -> 64 -> 32 -> 1,mse,adam_38,50,256,1.4386,3072.181640625,2909.09130859375,2784.333984375,0.6047813170425993,0.7
2026-09-04 12:33:56,multi_repeat_random_states.py,"(1021, 9)",122,sequential_38,Dense 64 -> 16 -> 32 -> 64 -> 64 -> 32 -> 1,mse,adam_38,50,256,1.4631,3012.3525390625,2928.2763671875,2711.474609375,0.6053110301947509,0.7
2026-09-04 12:33:56,multi_repeat_random_states.py,"(1021, 9)",207,sequential_39,Dense 64 -> 16 -> 32 -> 64 -> 64 -> 32 -> 1,mse,adam_39,50,256,2.2414,60204.8515625,5186.6611328125,5264.92626953125,0.270226575428795,0.7
2026-09-04 12:33:57,multi_repeat_random_states.py,"(1021, 9)",39,sequential_39,Dense 64 -> 16 -> 32 -> 64 -> 64 -> 32 -> 1,mse,adam_39,50,256,2.2479,29394.400390625,3313.544189453125,3830.2333984375,0.41754466311030947,0.7
2026-09-04 12:33:58,multi_repeat_random_states.py,"(1021, 9)",207,sequential_39,Dense 64 -> 16 -> 32 -> 64 -> 64 -> 32 -> 1,mse,adam_39,50,256,1.5005,5123.10009765625,3068.582763671875,2965.03564453125,0.5890153488941048,0.7
2026-09-04 12:33:58,multi_repeat_random_states.py,"(1021, 9)",123,sequential_39,Dense 64 -> 16 -> 32 -> 64 -> 64 -> 32 -> 1,mse,adam_39,50,256,2.3494,46764.2734375,5221.18408203125,4588.67333984375,0.23990209089151338,0.7
2026-09-04 12:33:58,multi_repeat_random_states.py,"(1021, 9)",39,sequential_39,Dense 64 -> 16 -> 32 -> 64 -> 64 -> 32 -> 1,mse,adam_39,50,256,1.4619,3444.568359375,2943.19921875,2831.63525390625,0.5693992909149941,0.7
2026-09-04 12:34:00,multi_repeat_random_states.py,"(1021, 9)",207,sequential_39,Dense 64 -> 16 -> 32 -> 64 -> 64 -> 32 -> 1,mse,adam_39,50,256,1.6168,3054.6708984375,3246.535888671875,2956.8388671875,0.5901514791826878,0.7
2026-09-04 12:34:00,multi_repeat_random_states.py,"(1021, 9)",123,sequential_39,Dense 64 -> 16 -> 32 -> 64 -> 64 -> 32 -> 1,mse,adam_39,50,256,1.6348,5158.03662109375,3010.888427734375,2543.51220703125,0.5786759341595897,0.7
2026-09-04 12:34:00,multi_repeat_random_states.py,"(1021, 9)",39,sequential_39,Dense 64 -> 16 -> 32 -> 64 -> 64 -> 32 -> 1,mse,adam_39,50,256,1.5988,2855.74365234375,3179.569091796875,3011.255615234375,0.5420848282797341,0.7
2026-09-04 12:34:01,multi_repeat_random_states.py,"(1021, 9)",123,sequential_39,Dense 64 -> 16 -> 32 -> 64 -> 64 -> 32 -> 1,mse,adam_39,50,256,1.4386,3042.017578125,3147.097412109375,2687.76318359375,0.5547812595422486,0.7
2026-09-04 12:34:02,multi_repeat_random_states.py,"(1021, 9)",208,sequential_40,Dense 64 -> 16 -> 32 -> 64 -> 64 -> 32 -> 1,mse,adam_40,50,256,2.2925,69702.53125,4542.91455078125,3852.10302734375,0.39939865936720365,0.7
2026-09-04 12:34:02,multi_repeat_random_states.py,"(1021, 9)",40,sequential_40,Dense 64 -> 16 -> 32 -> 64 -> 64 -> 32 -> 1,mse,adam_40,50,256,2.3011,55182.23046875,5251.6416015625,5099.24365234375,0.19412883691919958,0.7
2026-09-04 12:34:04,multi_repeat_random_states.py,"(1021, 9)",208,sequential_40,Dense 64 -> 16 -> 32 -> 64 -> 64 -> 32 -> 1,mse,adam_40,50,256,1.4145,4462.591796875,3107.912841796875,2741.77392578125,0.5725157596880186,0.7
2026-09-04 12:34:04,multi_repeat_random_states.py,"(1021, 9)",124,sequential_40,Dense 64 -> 16 -> 32 -> 64 -> 64 -> 32 -> 1,mse,adam_40,50,256,2.2519,41893.890625,4416.47998046875,4849.2353515625,0.35174873365017956,0.7
2026-09-04 12:34:04,multi_repeat_random_states.py,"(1021, 9)",40,sequential_40,Dense 64 -> 16 -> 32 -> 64 -> 64 -> 32 -> 1,mse,adam_40,50,256,1.4304,5357.46923828125,3441.221923828125,2855.0537109375,0.5487947413186449,0.7
2026-09-04 12:34:05,multi_repeat_random_states.py,"(1021, 9)",208,sequential_40,Dense 64 -> 16 -> 32 -> 64 -> 64 -> 32 -> 1,mse,adam_40,50,256,1.4027,3070.98193359375,3105.065185546875,2704.45947265625,0.5783336581841594,0.7
2026-09-04 12:34:05,multi_repeat_random_states.py,"(1021, 9)",40,sequential_40,Dense 64 -> 16 -> 32 -> 64 -> 64 -> 32 -> 1,mse,adam_40,50,256,1.4083,3128.7802734375,3160.1591796875,3165.7431640625,0.49969427043249526,0.7
2026-09-04 12:34:06,multi_repeat_random_states.py,"(1021, 9)",124,sequential_40,Dense 64 -> 16 -> 32 -> 64 -> 64 -> 32 -> 1,mse,adam_40,50,256,1.4074,4223.6669921875,2836.318359375,2940.00732421875,0.6069764654029992,0.7
2026-09-04 12:34:07,multi_repeat_random_states.py,"(1021, 9)",124,sequential_40,Dense 64 -> 16 -> 32 -> 64 -> 64 -> 32 -> 1,mse,adam_40,50,256,1.3884,2889.515869140625,2903.94580078125,2931.927001953125,0.6080566273526575,0.7
2026-09-04 12:34:08,multi_repeat_random_states.py,"(1021, 9)",209,sequential_41,Dense 64 -> 16 -> 32 -> 64 -> 64 -> 32 -> 1,mse,adam_41,50,256,2.2517,44618.68359375,4336.6982421875,4024.114990234375,0.3800126728535371,0.7
2026-09-04 12:34:08,multi_repeat_random_states.py,"(1021, 9)",41,sequential_41,Dense 64 -> 16 -> 32 -> 64 -> 64 -> 32 -> 1,mse,adam_41,50,256,2.2118,29192.978515625,4539.455078125,4303.42431640625,0.3797309835845514,0.7
2026-09-04 12:34:09,multi_repeat_random_states.py,"(1021, 9)",209,sequential_41,Dense 64 -> 16 -> 32 -> 64 -> 64 -> 32 -> 1,mse,adam_41,50,256,1.4198,4321.74072265625,3013.134765625,2601.123779296875,0.5992501067304558,0.7
2026-09-04 12:34:10,multi_repeat_random_states.py,"(1021, 9)",41,sequential_41,Dense 64 -> 16 -> 32 -> 64 -> 64 -> 32 -> 1,mse,adam_41,50,256,1.4668,4395.5751953125,3115.447265625,3007.819580078125,0.5664714244899975,0.7
2026-09-04 12:34:10,multi_repeat_random_states.py,"(1021, 9)",125,sequential_41,Dense 64 -> 16 -> 32 -> 64 -> 64 -> 32 -> 1,mse,adam_41,50,256,2.3108,37151.98046875,3926.715087890625,4218.98681640625,0.41939826593808127,0.7
2026-09-04 12:34:11,multi_repeat_random_states.py,"(1021, 9)",209,sequential_41,Dense 64 -> 16 -> 32 -> 64 -> 64 -> 32 -> 1,mse,adam_41,50,256,1.4031,2999.638671875,3273.607421875,3033.959716796875,0.5325638914423146,0.7
2026-09-04 12:34:11,multi_repeat_random_states.py,"(1021, 9)",41,sequential_41,Dense 64 -> 16 -> 32 -> 64 -> 64 -> 32 -> 1,mse,adam_41,50,256,1.4012,3209.95947265625,2999.105224609375,2700.1259765625,0.6108205086998558,0.7
2026-09-04 12:34:11,multi_repeat_random_states.py,"(1021, 9)",125,sequential_41,Dense 64 -> 16 -> 32 -> 64 -> 64 -> 32 -> 1,mse,adam_41,50,256,1.4059,3747.904296875,2986.617919921875,3265.866943359375,0.5505631684697558,0.7
2026-09-04 12:34:13,multi_repeat_random_states.py,"(1021, 9)",125,sequential_41,Dense 64 -> 16 -> 32 -> 64 -> 64 -> 32 -> 1,mse,adam_41,50,256,1.4035,2965.22265625,2821.285400390625,2958.5283203125,0.5928580238847876,0.7
2026-09-04 12:34:13,multi_repeat_random_states.py,"(1021, 9)",210,sequential_42,Dense 64 -> 16 -> 32 -> 64 -> 64 -> 32 -> 1,mse,adam_42,50,256,2.2093,49663.4609375,3960.93408203125,3960.152587890625,0.36484286971922497,0.7
2026-09-04 12:34:14,multi_repeat_random_states.py,"(1021, 9)",42,sequential_42,Dense 64 -> 16 -> 32 -> 64 -> 64 -> 32 -> 1,mse,adam_42,50,256,2.2037,22579.083984375,4549.6572265625,4358.52685546875,0.3723052178929719,0.7
2026-09-04 12:34:15,multi_repeat_random_states.py,"(1021, 9)",210,sequential_42,Dense 64 -> 16 -> 32 -> 64 -> 64 -> 32 -> 1,mse,adam_42,50,256,1.4085,3806.02587890625,2942.13134765625,3090.3798828125,0.5043431941188807,0.7
2026-09-04 12:34:15,multi_repeat_random_states.py,"(1021, 9)",42,sequential_42,Dense 64 -> 16 -> 32 -> 64 -> 64 -> 32 -> 1,mse,adam_42,50,256,1.4193,4020.479248046875,3056.692138671875,3109.131103515625,0.5522374145831513,0.7
2026-09-04 12:34:15,multi_repeat_random_states.py,"(1021, 9)",126,sequential_42,Dense 64 -> 16 -> 32 -> 64 -> 64 -> 32 -> 1,mse,adam_42,50,256,2.2541,60192.59765625,5086.8447265625,4740.60546875,0.2884344087284735,0.7
2026-09-04 12:34:16,multi_repeat_random_states.py,"(1021, 9)",210,sequential_42,Dense 64 -> 16 -> 32 -> 64 -> 64 -> 32 -> 1,mse,adam_42,50,256,1.4413,2932.3671875,2865.550048828125,2759.525146484375,0.5574079694650272,0.7
2026-09-04 12:34:17,multi_repeat_random_states.py,"(1021, 9)",42,sequential_42,Dense 64 -> 16 -> 32 -> 64 -> 64 -> 32 -> 1,mse,adam_42,50,256,1.4039,3174.5126953125,3045.8447265625,2912.240478515625,0.5805926556691832,0.7
2026-09-04 12:34:17,multi_repeat_random_states.py,"(1021, 9)",126,sequential_42,Dense 64 -> 16 -> 32 -> 64 -> 64 -> 32 -> 1,mse,adam_42,50,256,1.4004,5027.45068359375,3388.555908203125,3478.884033203125,0.4778189334939613,0.7
2026-09-04 12:34:18,multi_repeat_random_states.py,"(1021, 9)",126,sequential_42,Dense 64 -> 16 -> 32 -> 64 -> 64 -> 32 -> 1,mse,adam_42,50,256,1.391,3337.40966796875,2986.047607421875,3138.138671875,0.52896494471084,0.7
2026-09-04 12:34:19,multi_repeat_random_states.py,"(1021, 9)",211,sequential_43,Dense 64 -> 16 -> 32 -> 64 -> 64 -> 32 -> 1,mse,adam_43,50,256,2.1849,95273.265625,4870.18701171875,5000.75244140625,0.31631253514092283,0.7
2026-09-04 12:34:19,multi_repeat_random_states.py,"(1021, 9)",43,sequential_43,Dense 64 -> 16 -> 32 -> 64 -> 64 -> 32 -> 1,mse,adam_43,50,256,2.2452,21117.2578125,3670.415771484375,3449.34228515625,0.5065784686755208,0.7
2026-09-04 12:34:20,multi_repeat_random_states.py,"(1021, 9)",211,sequential_43,Dense 64 -> 16 -> 32 -> 64 -> 64 -> 32 -> 1,mse,adam_43,50,256,1.4206,4791.4814453125,3120.177734375,3008.489990234375,0.5886884418690561,0.7
2026-09-04 12:34:21,multi_repeat_random_states.py,"(1021, 9)",43,sequential_43,Dense 64 -> 16 -> 32 -> 64 -> 64 -> 32 -> 1,mse,adam_43,50,256,1.4166,3421.739501953125,3209.51025390625,3153.244873046875,0.5489346198068791,0.7
2026-09-04 12:34:21,multi_repeat_random_states.py,"(1021, 9)",127,sequential_43,Dense 64 -> 16 -> 32 -> 64 -> 64 -> 32 -> 1,mse,adam_43,50,256,2.2675,91882.609375,5462.18603515625,5330.8515625,0.19758868332478785,0.7
2026-09-04 12:34:22,multi_repeat_random_states.py,"(1021, 9)",211,sequential_43,Dense 64 -> 16 -> 32 -> 64 -> 64 -> 32 -> 1,mse,adam_43,50,256,1.4181,3170.863037109375,3076.994140625,2741.666748046875,0.6251677774274489,0.7
2026-09-04 12:34:22,multi_repeat_random_states.py,"(1021, 9)",43,sequential_43,Dense 64 -> 16 -> 32 -> 64 -> 64 -> 32 -> 1,mse,adam_43,50,256,1.4168,3096.699462890625,2982.03857421875,2907.211669921875,0.5841291165815992,0.7
2026-09-04 12:34:22,multi_repeat_random_states.py,"(1021, 9)",127,sequential_43,Dense 64 -> 16 -> 32 -> 64 -> 64 -> 32 -> 1,mse,adam_43,50,256,1.4105,5387.9775390625,2878.0595703125,2940.593017578125,0.557375547816612,0.7
2026-09-04 12:34:24,multi_repeat_random_states.py,"(1021, 9)",127,sequential_43,Dense 64 -> 16 -> 32 -> 64 -> 64 -> 32 -> 1,mse,adam_43,50,256,1.3957,3097.04345703125,3011.62890625,3373.492919921875,0.4922144451220134,0.7
2026-09-04 12:34:24,multi_repeat_random_states.py,"(1021, 9)",212,sequential_44,Dense 64 -> 16 -> 32 -> 64 -> 64 -> 32 -> 1,mse,adam_44,50,256,2.2192,39297.375,4709.05859375,4509.07177734375,0.31059278192779205,0.7
2026-09-04 12:34:25,multi_repeat_random_states.py,"(1021, 9)",44,sequential_44,Dense 64 -> 16 -> 32 -> 64 -> 64 -> 32 -> 1,mse,adam_44,50,256,2.2277,32048.822265625,4196.2548828125,4341.82763671875,0.38562932183629073,0.7
2026-09-04 12:34:26,multi_repeat_random_states.py,"(1021, 9)",212,sequential_44,Dense 64 -> 16 -> 32 -> 64 -> 64 -> 32 -> 1,mse,adam_44,50,256,1.4234,4613.43408203125,3210.138671875,3192.88623046875,0.5118288682514605,0.7
2026-09-04 12:34:26,multi_repeat_random_states.py,"(1021, 9)",44,sequential_44,Dense 64 -> 16 -> 32 -> 64 -> 64 -> 32 -> 1,mse,adam_44,50,256,1.4147,4351.61962890625,3057.922607421875,3557.2294921875,0.49665036256289574,0.7
2026-09-04 12:34:26,multi_repeat_random_states.py,"(1021, 9)",128,sequential_44,Dense 64 -> 16 -> 32 -> 64 -> 64 -> 32 -> 1,mse,adam_44,50,256,2.2578,119121.6640625,5874.53369140625,5688.03369140625,0.15328704472003818,0.7
2026-09-04 12:34:27,multi_repeat_random_states.py,"(1021, 9)",212,sequential_44,Dense 64 -> 16 -> 32 -> 64 -> 64 -> 32 -> 1,mse,adam_44,50,256,1.4234,3097.580810546875,2942.745849609375,2933.515380859375,0.5514849412124304,0.7
2026-09-04 12:34:28,multi_repeat_random_states.py,"(1021, 9)",44,sequential_44,Dense 64 -> 16 -> 32 -> 64 -> 64 -> 32 -> 1,mse,adam_44,50,256,1.3799,3032.992919921875,3129.85791015625,2876.275634765625,0.5930056014685972,0.7
2026-09-04 12:34:28,multi_repeat_random_states.py,"(1021, 9)",128,sequential_44,Dense 64 -> 16 -> 32 -> 64 -> 64 -> 32 -> 1,mse,adam_44,50,256,1.4118,5830.54150390625,3185.267822265625,3260.692626953125,0.514617732789979,0.7
2026-09-04 12:34:29,multi_repeat_random_states.py,"(1021, 9)",128,sequential_44,Dense 64 -> 16 -> 32 -> 64 -> 64 -> 32 -> 1,mse,adam_44,50,256,1.3719,3312.16748046875,2917.615478515625,3031.369873046875,0.5487544561347618,0.7
2026-09-04 12:34:30,multi_repeat_random_states.py,"(1021, 9)",213,sequential_45,Dense 64 -> 16 -> 32 -> 64 -> 64 -> 32 -> 1,mse,adam_45,50,256,2.2661,35384.65625,4643.53759765625,4374.50732421875,0.34796373480891996,0.7
2026-09-04 12:34:30,multi_repeat_random_states.py,"(1021, 9)",45,sequential_45,Dense 64 -> 16 -> 32 -> 64 -> 64 -> 32 -> 1,mse,adam_45,50,256,2.2024,34568.4609375,4322.81005859375,4528.12109375,0.3790599199144401,0.7
2026-09-04 12:34:31,multi_repeat_random_states.py,"(1021, 9)",213,sequential_45,Dense 64 -> 16 -> 32 -> 64 -> 64 -> 32 -> 1,mse,adam_45,50,256,1.3992,4271.958984375,3675.211181640625,3408.4345703125,0.49196036120483655,0.7
2026-09-04 12:34:32,multi_repeat_random_states.py,"(1021, 9)",45,sequential_45,Dense 64 -> 16 -> 32 -> 64 -> 64 -> 32 -> 1,mse,adam_45,50,256,1.4048,3862.6767578125,3074.86962890625,2939.50439453125,0.5969065795034159,0.7
2026-09-04 12:34:32,multi_repeat_random_states.py,"(1021, 9)",129,sequential_45,Dense 64 -> 16 -> 32 -> 64 -> 64 -> 32 -> 1,mse,adam_45,50,256,2.2526,29692.798828125,3146.329833984375,3519.28564453125,0.4826329416870063,0.7
2026-09-04 12:34:33,multi_repeat_random_states.py,"(1021, 9)",213,sequential_45,Dense 64 -> 16 -> 32 -> 64 -> 64 -> 32 -> 1,mse,adam_45,50,256,1.3851,3561.9833984375,3011.824951171875,2973.6015625,0.5567738566701472,0.7
2026-09-04 12:34:33,multi_repeat_random_states.py,"(1021, 9)",45,sequential_45,Dense 64 -> 16 -> 32 -> 64 -> 64 -> 32 -> 1,mse,adam_45,50,256,1.3903,2955.983154296875,3200.740234375,3224.868408203125,0.5577746237184162,0.7
2026-09-04 12:34:33,multi_repeat_random_states.py,"(1021, 9)",129,sequential_45,Dense 64 -> 16 -> 32 -> 64 -> 64 -> 32 -> 1,mse,adam_45,50,256,1.4029,3196.174072265625,2959.682373046875,2973.09423828125,0.5629280296880189,0.7
2026-09-04 12:34:35,multi_repeat_random_states.py,"(1021, 9)",129,sequential_45,Dense 64 -> 16 -> 32 -> 64 -> 64 -> 32 -> 1,mse,adam_45,50,256,1.3948,2876.748779296875,2839.53857421875,3162.152099609375,0.5351348236135746,0.7
2026-09-04 12:34:35,multi_repeat_random_states.py,"(1021, 9)",214,sequential_46,Dense 64 -> 16 -> 32 -> 64 -> 64 -> 32 -> 1,mse,adam_46,50,256,2.2068,34127.828125,3223.934326171875,3516.958251953125,0.5274146972337687,0.7
2026-09-04 12:34:36,multi_repeat_random_states.py,"(1021, 9)",46,sequential_46,Dense 64 -> 16 -> 32 -> 64 -> 64 -> 32 -> 1,mse,adam_46,50,256,2.2117,42144.71484375,3978.203369140625,3520.518798828125,0.441446540322019,0.7
2026-09-04 12:34:37,multi_repeat_random_states.py,"(1021, 9)",214,sequential_46,Dense 64 -> 16 -> 32 -> 64 -> 64 -> 32 -> 1,mse,adam_46,50,256,1.3998,3556.740234375,3229.76806640625,3077.6845703125,0.5864413759602565,0.7
2026-09-04 12:34:37,multi_repeat_random_states.py,"(1021, 9)",46,sequential_46,Dense 64 -> 16 -> 32 -> 64 -> 64 -> 32 -> 1,mse,adam_46,50,256,1.4111,3965.29248046875,2916.39501953125,3010.881103515625,0.5223039385471488,0.7
2026-09-04 12:34:37,multi_repeat_random_states.py,"(1021, 9)",130,sequential_46,Dense 64 -> 16 -> 32 -> 64 -> 64 -> 32 -> 1,mse,adam_46,50,256,2.2628,46144.7421875,3692.931640625,3502.947998046875,0.5397645213046247,0.7
2026-09-04 12:34:38,multi_repeat_random_states.py,"(1021, 9)",214,sequential_46,Dense 64 -> 16 -> 32 -> 64 -> 64 -> 32 -> 1,mse,adam_46,50,256,1.3856,3122.234130859375,2915.69287109375,3440.86474609375,0.5376396406135726,0.7
2026-09-04 12:34:39,multi_repeat_random_states.py,"(1021, 9)",46,sequential_46,Dense 64 -> 16 -> 32 -> 64 -> 64 -> 32 -> 1,mse,adam_46,50,256,1.4358,3019.13134765625,3238.9716796875,3060.178955078125,0.5144825436507998,0.7
2026-09-04 12:34:39,multi_repeat_random_states.py,"(1021, 9)",130,sequential_46,Dense 64 -> 16 -> 32 -> 64 -> 64 -> 32 -> 1,mse,adam_46,50,256,1.4075,3203.451416015625,3021.081298828125,3292.4716796875,0.5674180453899924,0.7
2026-09-04 12:34:40,multi_repeat_random_states.py,"(1021, 9)",130,sequential_46,Dense 64 -> 16 -> 32 -> 64 -> 64 -> 32 -> 1,mse,adam_46,50,256,1.5037,2889.873779296875,3013.8408203125,3027.678955078125,0.6022078469194541,0.7
2026-09-04 12:34:41,multi_repeat_random_states.py,"(1021, 9)",215,sequential_47,Dense 64 -> 16 -> 32 -> 64 -> 64 -> 32 -> 1,mse,adam_47,50,256,2.2795,92347.484375,4769.47509765625,4112.3095703125,0.32373085798143686,0.7
2026-09-04 12:34:41,multi_repeat_random_states.py,"(1021, 9)",47,sequential_47,Dense 64 -> 16 -> 32 -> 64 -> 64 -> 32 -> 1,mse,adam_47,50,256,2.2101,170867.109375,6032.39013671875,6108.02783203125,0.12450493186105693,0.7
2026-09-04 12:34:42,multi_repeat_random_states.py,"(1021, 9)",215,sequential_47,Dense 64 -> 16 -> 32 -> 64 -> 64 -> 32 -> 1,mse,adam_47,50,256,1.388,4672.63720703125,2827.228759765625,2965.017333984375,0.5124030316756887,0.7
2026-09-04 12:34:43,multi_repeat_random_states.py,"(1021, 9)",47,sequential_47,Dense 64 -> 16 -> 32 -> 64 -> 64 -> 32 -> 1,mse,adam_47,50,256,1.478,6010.32958984375,3697.5927734375,4005.357666015625,0.42589144363123954,0.7
2026-09-04 12:34:43,multi_repeat_random_states.py,"(1021, 9)",131,sequential_47,Dense 64 -> 16 -> 32 -> 64 -> 64 -> 32 -> 1,mse,adam_47,50,256,2.2225,20281.44140625,3984.999267578125,3174.524169921875,0.5100316965162917,0.7
2026-09-04 12:34:44,multi_repeat_random_states.py,"(1021, 9)",215,sequential_47,Dense 64 -> 16 -> 32 -> 64 -> 64 -> 32 -> 1,mse,adam_47,50,256,1.3903,2869.556640625,2820.317626953125,3128.530517578125,0.4855132451389069,0.7
2026-09-04 12:34:44,multi_repeat_random_states.py,"(1021, 9)",47,sequential_47,Dense 64 -> 16 -> 32 -> 64 -> 64 -> 32 -> 1,mse,adam_47,50,256,1.3952,3865.6025390625,2947.5029296875,2830.475830078125,0.5942933009194973,0.7
2026-09-04 12:34:44,multi_repeat_random_states.py,"(1021, 9)",131,sequential_47,Dense 64 -> 16 -> 32 -> 64 -> 64 -> 32 -> 1,mse,adam_47,50,256,1.4198,3895.64404296875,3142.868408203125,2702.88037109375,0.5828269545545072,0.7
2026-09-04 12:34:46,multi_repeat_random_states.py,"(1021, 9)",131,sequential_47,Dense 64 -> 16 -> 32 -> 64 -> 64 -> 32 -> 1,mse,adam_47,50,256,1.4578,3050.90625,3110.73828125,2792.90869140625,0.5689317264936435,0.7
2026-09-04 12:34:47,multi_repeat_random_states.py,"(1021, 9)",216,sequential_48,Dense 64 -> 16 -> 32 -> 64 -> 64 -> 32 -> 1,mse,adam_48,50,256,2.7225,17096.69921875,2775.152587890625,3316.108642578125,0.5681261281111907,0.7
2026-09-04 12:34:47,multi_repeat_random_states.py,"(1021, 9)",48,sequential_48,Dense 64 -> 16 -> 32 -> 64 -> 64 -> 32 -> 1,mse,adam_48,50,256,2.7067,19038.759765625,3337.673828125,3871.11669921875,0.414318999099748,0.7
2026-09-04 12:34:48,multi_repeat_random_states.py,"(1021, 9)",216,sequential_48,Dense 64 -> 16 -> 32 -> 64 -> 64 -> 32 -> 1,mse,adam_48,50,256,1.3998,2743.585693359375,2668.299560546875,3240.8271484375,0.5779304133439703,0.7
2026-09-04 12:34:49,multi_repeat_random_states.py,"(1021, 9)",48,sequential_48,Dense 64 -> 16 -> 32 -> 64 -> 64 -> 32 -> 1,mse,adam_48,50,256,1.4018,3367.883544921875,3075.821533203125,3199.666748046875,0.5159061083054024,0.7
2026-09-04 12:34:49,multi_repeat_random_states.py,"(1021, 9)",132,sequential_48,Dense 64 -> 16 -> 32 -> 64 -> 64 -> 32 -> 1,mse,adam_48,50,256,2.7166,38612.05859375,4852.3076171875,4948.3759765625,0.31441867029916737,0.7
2026-09-04 12:34:50,multi_repeat_random_states.py,"(1021, 9)",216,sequential_48,Dense 64 -> 16 -> 32 -> 64 -> 64 -> 32 -> 1,mse,adam_48,50,256,1.4149,2734.808349609375,2718.453369140625,3228.152099609375,0.5795811763650113,0.7
2026-09-04 12:34:50,multi_repeat_random_states.py,"(1021, 9)",48,sequential_48,Dense 64 -> 16 -> 32 -> 64 -> 64 -> 32 -> 1,mse,adam_48,50,256,1.4648,3094.591064453125,2882.419677734375,2936.522216796875,0.5557185586714336,0.7
2026-09-04 12:34:51,multi_repeat_random_states.py,"(1021, 9)",132,sequential_48,Dense 64 -> 16 -> 32 -> 64 -> 64 -> 32 -> 1,mse,adam_48,50,256,1.4464,4713.14794921875,2834.014404296875,3019.533447265625,0.5816535128997669,0.7
2026-09-04 12:34:52,multi_repeat_random_states.py,"(1021, 9)",132,sequential_48,Dense 64 -> 16 -> 32 -> 64 -> 64 -> 32 -> 1,mse,adam_48,50,256,1.3979,2939.0146484375,2837.714111328125,2895.106201171875,0.5988925373663162,0.7
2026-09-04 12:34:52,multi_repeat_random_states.py,"(1021, 9)",217,sequential_49,Dense 64 -> 16 -> 32 -> 64 -> 64 -> 32 -> 1,mse,adam_49,50,256,2.2125,61501.27734375,5439.14697265625,5757.369140625,0.19500680986392127,0.7
2026-09-04 12:34:53,multi_repeat_random_states.py,"(1021, 9)",49,sequential_49,Dense 64 -> 16 -> 32 -> 64 -> 64 -> 32 -> 1,mse,adam_49,50,256,2.2091,14064.8505859375,3363.962158203125,3255.348388671875,0.5399302221792199,0.7
2026-09-04 12:34:54,multi_repeat_random_states.py,"(1021, 9)",217,sequential_49,Dense 64 -> 16 -> 32 -> 64 -> 64 -> 32 -> 1,mse,adam_49,50,256,1.4065,5351.30078125,2890.13427734375,2990.6259765625,0.5818517922693589,0.7
2026-09-04 12:34:54,multi_repeat_random_states.py,"(1021, 9)",49,sequential_49,Dense 64 -> 16 -> 32 -> 64 -> 64 -> 32 -> 1,mse,adam_49,50,256,1.4221,3349.865966796875,3467.571044921875,3206.23095703125,0.5468718284278756,0.7
2026-09-04 12:34:55,multi_repeat_random_states.py,"(1021, 9)",133,sequential_49,Dense 64 -> 16 -> 32 -> 64 -> 64 -> 32 -> 1,mse,adam_49,50,256,2.2606,31697.826171875,3683.393798828125,3411.17919921875,0.5124745613950585,0.7
2026-09-04 12:34:55,multi_repeat_random_states.py,"(1021, 9)",217,sequential_49,Dense 64 -> 16 -> 32 -> 64 -> 64 -> 32 -> 1,mse,adam_49,50,256,1.415,2875.82177734375,2834.050537109375,2943.8544921875,0.588391404436962,0.7
2026-09-04 12:34:56,multi_repeat_random_states.py,"(1021, 9)",49,sequential_49,Dense 64 -> 16 -> 32 -> 64 -> 64 -> 32 -> 1,mse,adam_49,50,256,1.4414,3165.51416015625,2955.69580078125,2846.364501953125,0.5977308163847856,0.7
2026-09-04 12:34:56,multi_repeat_random_states.py,"(1021, 9)",133,sequential_49,Dense 64 -> 16 -> 32 -> 64 -> 64 -> 32 -> 1,mse,adam_49,50,256,1.4287,3648.439453125,3064.351806640625,2764.996826171875,0.6048268416248213,0.7
2026-09-04 12:34:58,multi_repeat_random_states.py,"(1021, 9)",133,sequential_49,Dense 64 -> 16 -> 32 -> 64 -> 64 -> 32 -> 1,mse,adam_49,50,256,1.3903,3181.771728515625,3061.60400390625,2718.680908203125,0.611446395871754,0.7
2026-09-04 12:34:58,multi_repeat_random_states.py,"(1021, 9)",218,sequential_50,Dense 64 -> 16 -> 32 -> 64 -> 64 -> 32 -> 1,mse,adam_50,50,256,2.2674,45969.18359375,5006.322265625,4835.7353515625,0.26525719498873035,0.7
2026-09-04 12:34:58,multi_repeat_random_states.py,"(1021, 9)",50,sequential_50,Dense 64 -> 16 -> 32 -> 64 -> 64 -> 32 -> 1,mse,adam_50,50,256,2.2282,57901.609375,4507.953125,4424.009765625,0.3547194751499029,0.7
2026-09-04 12:35:00,multi_repeat_random_states.py,"(1021, 9)",218,sequential_50,Dense 64 -> 16 -> 32 -> 64 -> 64 -> 32 -> 1,mse,adam_50,50,256,1.3959,4911.21240234375,2842.109619140625,2900.659912109375,0.559272967901469,0.7
2026-09-04 12:35:00,multi_repeat_random_states.py,"(1021, 9)",50,sequential_50,Dense 64 -> 16 -> 32 -> 64 -> 64 -> 32 -> 1,mse,adam_50,50,256,1.4159,4334.42138671875,2865.13330078125,2836.4345703125,0.5862812177445915,0.7
2026-09-04 12:35:00,multi_repeat_random_states.py,"(1021, 9)",134,sequential_50,Dense 64 -> 16 -> 32 -> 64 -> 64 -> 32 -> 1,mse,adam_50,50,256,2.298,207119.328125,6130.65576171875,6050.06494140625,0.0871020229443481,0.7
2026-09-04 12:35:01,multi_repeat_random_states.py,"(1021, 9)",218,sequential_50,Dense 64 -> 16 -> 32 -> 64 -> 64 -> 32 -> 1,mse,adam_50,50,256,1.4189,2842.884033203125,2805.017578125,2911.218505859375,0.5576686600105095,0.7
2026-09-04 12:35:01,multi_repeat_random_states.py,"(1021, 9)",50,sequential_50,Dense 64 -> 16 -> 32 -> 64 -> 64 -> 32 -> 1,mse,adam_50,50,256,1.4253,2949.147705078125,2840.479248046875,2895.288330078125,0.577696959180114,0.7
2026-09-04 12:35:02,multi_repeat_random_states.py,"(1021, 9)",134,sequential_50,Dense 64 -> 16 -> 32 -> 64 -> 64 -> 32 -> 1,mse,adam_50,50,256,1.4149,6106.6796875,5038.26513671875,4822.74072265625,0.27229373552758507,0.7
2026-09-04 12:35:03,multi_repeat_random_states.py,"(1021, 9)",134,sequential_50,Dense 64 -> 16 -> 32 -> 64 -> 64 -> 32 -> 1,mse,adam_50,50,256,1.3855,5019.82861328125,3057.4306640625,2844.3232421875,0.5708183243639787,0.7
2026-09-04 12:35:04,multi_repeat_random_states.py,"(1021, 9)",219,sequential_51,Dense 64 -> 16 -> 32 -> 64 -> 64 -> 32 -> 1,mse,adam_51,50,256,2.2096,33145.84375,5321.23876953125,5504.509765625,0.17627005830347753,0.7
2026-09-04 12:35:04,multi_repeat_random_states.py,"(1021, 9)",51,sequential_51,Dense 64 -> 16 -> 32 -> 64 -> 64 -> 32 -> 1,mse,adam_51,50,256,2.2034,31100.5390625,4399.3486328125,4087.42724609375,0.28976574433521585,0.7
2026-09-04 12:35:05,multi_repeat_random_states.py,"(1021, 9)",219,sequential_51,Dense 64 -> 16 -> 32 -> 64 -> 64 -> 32 -> 1,mse,adam_51,50,256,1.4184,5236.20166015625,3074.61474609375,3953.824951171875,0.4083243515843864,0.7
2026-09-04 12:35:05,multi_repeat_random_states.py,"(1021, 9)",51,sequential_51,Dense 64 -> 16 -> 32 -> 64 -> 64 -> 32 -> 1,mse,adam_51,50,256,1.4204,4001.994873046875,3754.09619140625,2429.78662109375,0.5777985820712743,0.7
2026-09-04 12:35:06,multi_repeat_random_states.py,"(1021, 9)",135,sequential_51,Dense 64 -> 16 -> 32 -> 64 -> 64 -> 32 -> 1,mse,adam_51,50,256,2.2624,38803.88671875,3832.8447265625,4851.85595703125,0.2668138282951942,0.7
2026-09-04 12:35:07,multi_repeat_random_states.py,"(1021, 9)",219,sequential_51,Dense 64 -> 16 -> 32 -> 64 -> 64 -> 32 -> 1,mse,adam_51,50,256,1.455,3472.39453125,2887.591552734375,2895.324462890625,0.5667251985388975,0.7
2026-09-04 12:35:07,multi_repeat_random_states.py,"(1021, 9)",51,sequential_51,Dense 64 -> 16 -> 32 -> 64 -> 64 -> 32 -> 1,mse,adam_51,50,256,1.416,3074.49365234375,3581.565673828125,2473.29248046875,0.5702389271662017,0.7
2026-09-04 12:35:07,multi_repeat_random_states.py,"(1021, 9)",135,sequential_51,Dense 64 -> 16 -> 32 -> 64 -> 64 -> 32 -> 1,mse,adam_51,50,256,1.4089,4245.5654296875,2902.091064453125,2695.3427734375,0.5926944189247514,0.7
2026-09-04 12:35:09,multi_repeat_random_states.py,"(1021, 9)",135,sequential_51,Dense 64 -> 16 -> 32 -> 64 -> 64 -> 32 -> 1,mse,adam_51,50,256,1.3858,2964.334716796875,2993.923828125,2756.06689453125,0.5835181540688706,0.7
2026-09-04 12:35:09,multi_repeat_random_states.py,"(1021, 9)",220,sequential_52,Dense 64 -> 16 -> 32 -> 64 -> 64 -> 32 -> 1,mse,adam_52,50,256,2.1939,25653.02734375,3900.173583984375,4217.646484375,0.42391866427758806,0.7
2026-09-04 12:35:09,multi_repeat_random_states.py,"(1021, 9)",52,sequential_52,Dense 64 -> 16 -> 32 -> 64 -> 64 -> 32 -> 1,mse,adam_52,50,256,2.2132,28055.1953125,3217.13330078125,3862.965576171875,0.4897874874857533,0.7
2026-09-04 12:35:11,multi_repeat_random_states.py,"(1021, 9)",220,sequential_52,Dense 64 -> 16 -> 32 -> 64 -> 64 -> 32 -> 1,mse,adam_52,50,256,1.4268,3773.662841796875,3118.7880859375,3616.8037109375,0.5059868224125694,0.7
2026-09-04 12:35:11,multi_repeat_random_states.py,"(1021, 9)",52,sequential_52,Dense 64 -> 16 -> 32 -> 64 -> 64 -> 32 -> 1,mse,adam_52,50,256,1.422,3225.298095703125,3044.963134765625,3262.52001953125,0.5690930518383788,0.7
2026-09-04 12:35:11,multi_repeat_random_states.py,"(1021, 9)",136,sequential_52,Dense 64 -> 16 -> 32 -> 64 -> 64 -> 32 -> 1,mse,adam_52,50,256,2.3294,51701.515625,3100.812255859375,3573.63720703125,0.45356423204495455,0.7
2026-09-04 12:35:12,multi_repeat_random_states.py,"(1021, 9)",220,sequential_52,Dense 64 -> 16 -> 32 -> 64 -> 64 -> 32 -> 1,mse,adam_52,50,256,1.4034,2959.664794921875,2726.575439453125,3150.916015625,0.569621637166946,0.7
2026-09-04 12:35:12,multi_repeat_random_states.py,"(1021, 9)",52,sequential_52,Dense 64 -> 16 -> 32 -> 64 -> 64 -> 32 -> 1,mse,adam_52,50,256,1.3873,3134.73828125,2686.996337890625,3153.0986328125,0.5835452710832336,0.7
2026-09-04 12:35:13,multi_repeat_random_states.py,"(1021, 9)",136,sequential_52,Dense 64 -> 16 -> 32 -> 64 -> 64 -> 32 -> 1,mse,adam_52,50,256,1.4242,3280.03466796875,2933.437255859375,2666.953857421875,0.5922029462469333,0.7
2026-09-04 12:35:14,multi_repeat_random_states.py,"(1021, 9)",136,sequential_52,Dense 64 -> 16 -> 32 -> 64 -> 64 -> 32 -> 1,mse,adam_52,50,256,1.3874,2910.093994140625,2957.01318359375,2651.8955078125,0.5945054569662709,0.7
2026-09-04 12:35:15,multi_repeat_random_states.py,"(1021, 9)",221,sequential_53,Dense 64 -> 16 -> 32 -> 64 -> 64 -> 32 -> 1,mse,adam_53,50,256,2.196,26093.55078125,4563.7646484375,4702.126953125,0.31313851954541516,0.7
2026-09-04 12:35:15,multi_repeat_random_states.py,"(1021, 9)",53,sequential_53,Dense 64 -> 16 -> 32 -> 64 -> 64 -> 32 -> 1,mse,adam_53,50,256,2.2174,34034.43359375,4600.095703125,4710.00830078125,0.34269299890534766,0.7
2026-09-04 12:35:16,multi_repeat_random_states.py,"(1021, 9)",221,sequential_53,Dense 64 -> 16 -> 32 -> 64 -> 64 -> 32 -> 1,mse,adam_53,50,256,1.4162,4463.00390625,3542.81005859375,3023.021728515625,0.5584132495931002,0.7
2026-09-04 12:35:16,multi_repeat_random_states.py,"(1021, 9)",53,sequential_53,Dense 64 -> 16 -> 32 -> 64 -> 64 -> 32 -> 1,mse,adam_53,50,256,1.4176,4489.8583984375,2948.97802734375,2884.173583984375,0.5974980683744797,0.7
2026-09-04 12:35:17,multi_repeat_random_states.py,"(1021, 9)",137,sequential_53,Dense 64 -> 16 -> 32 -> 64 -> 64 -> 32 -> 1,mse,adam_53,50,256,2.3027,42514.80859375,4671.4453125,4838.07861328125,0.31687435115320306,0.7
2026-09-04 12:35:18,multi_repeat_random_states.py,"(1021, 9)",221,sequential_53,Dense 64 -> 16 -> 32 -> 64 -> 64 -> 32 -> 1,mse,adam_53,50,256,1.3921,3327.9697265625,2811.146484375,2965.4189453125,0.5668275107431477,0.7
2026-09-04 12:35:18,multi_repeat_random_states.py,"(1021, 9)",53,sequential_53,Dense 64 -> 16 -> 32 -> 64 -> 64 -> 32 -> 1,mse,adam_53,50,256,1.517,2917.637451171875,2882.1435546875,2786.677978515625,0.6111040490580846,0.7
2026-09-04 12:35:18,multi_repeat_random_states.py,"(1021, 9)",137,sequential_53,Dense 64 -> 16 -> 32 -> 64 -> 64 -> 32 -> 1,mse,adam_53,50,256,1.3907,4504.34521484375,3276.277099609375,3267.594482421875,0.5386230986447587,0.7
2026-09-04 12:35:20,multi_repeat_random_states.py,"(1021, 9)",137,sequential_53,Dense 64 -> 16 -> 32 -> 64 -> 64 -> 32 -> 1,mse,adam_53,50,256,1.4102,3579.51708984375,3245.0234375,3400.938720703125,0.5197951963744981,0.7
2026-09-04 12:35:20,multi_repeat_random_states.py,"(1021, 9)",222,sequential_54,Dense 64 -> 16 -> 32 -> 64 -> 64 -> 32 -> 1,mse,adam_54,50,256,2.212,89635.4609375,5392.0068359375,5138.9873046875,0.2447147085016329,0.7
2026-09-04 12:35:20,multi_repeat_random_states.py,"(1021, 9)",54,sequential_54,Dense 64 -> 16 -> 32 -> 64 -> 64 -> 32 -> 1,mse,adam_54,50,256,2.248,41960.4765625,3656.6767578125,3696.84619140625,0.40470117944562767,0.7
2026-09-04 12:35:22,multi_repeat_random_states.py,"(1021, 9)",222,sequential_54,Dense 64 -> 16 -> 32 -> 64 -> 64 -> 32 -> 1,mse,adam_54,50,256,1.3997,5315.7158203125,3088.509521484375,3027.55615234375,0.5550351369367377,0.7
2026-09-04 12:35:22,multi_repeat_random_states.py,"(1021, 9)",54,sequential_54,Dense 64 -> 16 -> 32 -> 64 -> 64 -> 32 -> 1,mse,adam_54,50,256,1.4114,3545.064208984375,3150.3203125,3694.242919921875,0.40512032341258164,0.7
2026-09-04 12:35:22,multi_repeat_random_states.py,"(1021, 9)",138,sequential_54,Dense 64 -> 16 -> 32 -> 64 -> 64 -> 32 -> 1,mse,adam_54,50,256,2.2539,103464.3671875,5586.7890625,5451.18212890625,0.22199480608516264,0.7
2026-09-04 12:35:23,multi_repeat_random_states.py,"(1021, 9)",222,sequential_54,Dense 64 -> 16 -> 32 -> 64 -> 64 -> 32 -> 1,mse,adam_54,50,256,1.3816,2981.888427734375,2985.92236328125,2828.069580078125,0.5843539760791783,0.7
2026-09-04 12:35:23,multi_repeat_random_states.py,"(1021, 9)",54,sequential_54,Dense 64 -> 16 -> 32 -> 64 -> 64 -> 32 -> 1,mse,adam_54,50,256,1.4493,3268.356689453125,2907.890625,3234.793701171875,0.4791049055677413,0.7
2026-09-04 12:35:24,multi_repeat_random_states.py,"(1021, 9)",138,sequential_54,Dense 64 -> 16 -> 32 -> 64 -> 64 -> 32 -> 1,mse,adam_54,50,256,1.3981,5519.12158203125,3131.944580078125,3263.939453125,0.5341630801418629,0.7
2026-09-04 12:35:25,multi_repeat_random_states.py,"(1021, 9)",138,sequential_54,Dense 64 -> 16 -> 32 -> 64 -> 64 -> 32 -> 1,mse,adam_54,50,256,1.4034,3236.792724609375,2955.177490234375,2842.881591796875,0.5942574530661873,0.7
2026-09-04 12:35:26,multi_repeat_random_states.py,"(1021, 9)",223,sequential_55,Dense 64 -> 16 -> 32 -> 64 -> 64 -> 32 -> 1,mse,adam_55,50,256,2.2425,18427.06640625,3130.2919921875,3098.83984375,0.5453406041278068,0.7
2026-09-04 12:35:26,multi_repeat_random_states.py,"(1021, 9)",55,sequential_55,Dense 64 -> 16 -> 32 -> 64 -> 64 -> 32 -> 1,mse,adam_55,50,256,2.2439,35715.37109375,4469.048828125,4311.06982421875,0.346602279813757,0.7
2026-09-04 12:35:27,multi_repeat_random_states.py,"(1021, 9)",223,sequential_55,Dense 64 -> 16 -> 32 -> 64 -> 64 -> 32 -> 1,mse,adam_55,50,256,1.377,3171.697265625,2833.0,2933.85986328125,0.5695463535732622,0.7
2026-09-04 12:35:28,multi_repeat_random_states.py,"(1021, 9)",55,sequential_55,Dense 64 -> 16 -> 32 -> 64 -> 64 -> 32 -> 1,mse,adam_55,50,256,1.5071,4402.35205078125,2851.665283203125,2971.64892578125,0.5496086223274981,0.7
2026-09-04 12:35:28,multi_repeat_random_states.py,"(1021, 9)",139,sequential_55,Dense 64 -> 16 -> 32 -> 64 -> 64 -> 32 -> 1,mse,adam_55,50,256,2.2901,379865.25,5938.50146484375,5957.40673828125,0.08895358719003432,0.7
2026-09-04 12:35:29,multi_repeat_random_states.py,"(1021, 9)",223,sequential_55,Dense 64 -> 16 -> 32 -> 64 -> 64 -> 32 -> 1,mse,adam_55,50,256,1.4093,2837.49072265625,3276.830810546875,2949.874755859375,0.5671966177592138,0.7
2026-09-04 12:35:29,multi_repeat_random_states.py,"(1021, 9)",55,sequential_55,Dense 64 -> 16 -> 32 -> 64 -> 64 -> 32 -> 1,mse,adam_55,50,256,1.4006,2971.086669921875,2894.19970703125,3018.510009765625,0.5425062564240951,0.7
2026-09-04 12:35:29,multi_repeat_random_states.py,"(1021, 9)",139,sequential_55,Dense 64 -> 16 -> 32 -> 64 -> 64 -> 32 -> 1,mse,adam_55,50,256,1.3851,5925.8408203125,3679.34716796875,3881.136474609375,0.40647077553916255,0.7
2026-09-04 12:35:31,multi_repeat_random_states.py,"(1021, 9)",139,sequential_55,Dense 64 -> 16 -> 32 -> 64 -> 64 -> 32 -> 1,mse,adam_55,50,256,1.4182,3610.536376953125,2806.8837890625,3115.108642578125,0.5236168154776797,0.7
2026-09-04 12:35:31,multi_repeat_random_states.py,"(1021, 9)",224,sequential_56,Dense 64 -> 16 -> 32 -> 64 -> 64 -> 32 -> 1,mse,adam_56,50,256,2.2742,25293.32421875,3352.547607421875,3174.64892578125,0.5051258333806844,0.7
2026-09-04 12:35:32,multi_repeat_random_states.py,"(1021, 9)",56,sequential_56,Dense 64 -> 16 -> 32 -> 64 -> 64 -> 32 -> 1,mse,adam_56,50,256,2.2709,23845.716796875,3169.577880859375,2791.020751953125,0.5764178062007914,0.7
2026-09-04 12:35:33,multi_repeat_random_states.py,"(1021, 9)",224,sequential_56,Dense 64 -> 16 -> 32 -> 64 -> 64 -> 32 -> 1,mse,adam_56,50,256,1.3887,3562.45263671875,3068.96630859375,2637.087646484375,0.5889225480527355,0.7
2026-09-04 12:35:33,multi_repeat_random_states.py,"(1021, 9)",56,sequential_56,Dense 64 -> 16 -> 32 -> 64 -> 64 -> 32 -> 1,mse,adam_56,50,256,1.3974,3251.424072265625,3026.19189453125,2792.88720703125,0.576134569567559,0.7
2026-09-04 12:35:33,multi_repeat_random_states.py,"(1021, 9)",140,sequential_56,Dense 64 -> 16 -> 32 -> 64 -> 64 -> 32 -> 1,mse,adam_56,50,256,2.2528,49560.41796875,5572.3525390625,5708.15625,0.16545470196101908,0.7
2026-09-04 12:35:34,multi_repeat_random_states.py,"(1021, 9)",224,sequential_56,Dense 64 -> 16 -> 32 -> 64 -> 64 -> 32 -> 1,mse,adam_56,50,256,1.3988,3202.421875,3300.068115234375,3322.359619140625,0.48210023440600847,0.7
2026-09-04 12:35:35,multi_repeat_random_states.py,"(1021, 9)",56,sequential_56,Dense 64 -> 16 -> 32 -> 64 -> 64 -> 32 -> 1,mse,adam_56,50,256,1.3891,2986.05029296875,3063.3173828125,2546.9541015625,0.6134588726572969,0.7
2026-09-04 12:35:35,multi_repeat_random_states.py,"(1021, 9)",140,sequential_56,Dense 64 -> 16 -> 32 -> 64 -> 64 -> 32 -> 1,mse,adam_56,50,256,1.3896,5460.841796875,2891.792236328125,3099.85302734375,0.5467945654456018,0.7
2026-09-04 12:35:37,multi_repeat_random_states.py,"(1021, 9)",140,sequential_56,Dense 64 -> 16 -> 32 -> 64 -> 64 -> 32 -> 1,mse,adam_56,50,256,1.4653,2900.822509765625,2714.6748046875,3085.065673828125,0.5489564740206178,0.7
2026-09-04 12:35:37,multi_repeat_random_states.py,"(1021, 9)",225,sequential_57,Dense 64 -> 16 -> 32 -> 64 -> 64 -> 32 -> 1,mse,adam_57,50,256,2.2269,13698.009765625,2943.47412109375,3063.35107421875,0.5791453955967906,0.7
2026-09-04 12:35:37,multi_repeat_random_states.py,"(1021, 9)",57,sequential_57,Dense 64 -> 16 -> 32 -> 64 -> 64 -> 32 -> 1,mse,adam_57,50,256,2.2661,442075.34375,6478.9638671875,5631.0498046875,0.07442068214934916,0.7
2026-09-04 12:35:38,multi_repeat_random_states.py,"(1021, 9)",225,sequential_57,Dense 64 -> 16 -> 32 -> 64 -> 64 -> 32 -> 1,mse,adam_57,50,256,1.387,2941.447265625,2941.19970703125,3223.40087890625,0.5571571605694476,0.7
2026-09-04 12:35:39,multi_repeat_random_states.py,"(1021, 9)",57,sequential_57,Dense 64 -> 16 -> 32 -> 64 -> 64 -> 32 -> 1,mse,adam_57,50,256,1.3878,6469.78857421875,5958.3505859375,5168.328125,0.1504786074486787,0.7
2026-09-04 12:35:39,multi_repeat_random_states.py,"(1021, 9)",141,sequential_57,Dense 64 -> 16 -> 32 -> 64 -> 64 -> 32 -> 1,mse,adam_57,50,256,2.2392,16839.095703125,3082.47900390625,2815.407470703125,0.5640467858970579,0.7
2026-09-04 12:35:40,multi_repeat_random_states.py,"(1021, 9)",225,sequential_57,Dense 64 -> 16 -> 32 -> 64 -> 64 -> 32 -> 1,mse,adam_57,50,256,1.4008,2893.487060546875,2882.64697265625,3018.116455078125,0.5853599511307419,0.7
2026-09-04 12:35:40,multi_repeat_random_states.py,"(1021, 9)",57,sequential_57,Dense 64 -> 16 -> 32 -> 64 -> 64 -> 32 -> 1,mse,adam_57,50,256,1.3878,5945.88916015625,4161.65869140625,3441.615478515625,0.43429943466533194,0.7
2026-09-04 12:35:41,multi_repeat_random_states.py,"(1021, 9)",141,sequential_57,Dense 64 -> 16 -> 32 -> 64 -> 64 -> 32 -> 1,mse,adam_57,50,256,1.3986,3298.768310546875,3177.164794921875,2625.336181640625,0.5934784245255602,0.7
2026-09-04 12:35:42,multi_repeat_random_states.py,"(1021, 9)",141,sequential_57,Dense 64 -> 16 -> 32 -> 64 -> 64 -> 32 -> 1,mse,adam_57,50,256,1.3927,3241.259033203125,3117.790283203125,3225.744384765625,0.5005079376450132,0.7
2026-09-04 12:35:42,multi_repeat_random_states.py,"(1021, 9)",226,sequential_58,Dense 64 -> 16 -> 32 -> 64 -> 64 -> 32 -> 1,mse,adam_58,50,256,2.2389,44132.44921875,3373.48095703125,3668.980712890625,0.47475443980796184,0.7
2026-09-04 12:35:43,multi_repeat_random_states.py,"(1021, 9)",58,sequential_58,Dense 64 -> 16 -> 32 -> 64 -> 64 -> 32 -> 1,mse,adam_58,50,256,2.3096,25211.87890625,3386.984619140625,3278.028076171875,0.5341975451900479,0.7
2026-09-04 12:35:44,multi_repeat_random_states.py,"(1021, 9)",226,sequential_58,Dense 64 -> 16 -> 32 -> 64 -> 64 -> 32 -> 1,mse,adam_58,50,256,1.376,3440.322021484375,3294.34814453125,3954.733154296875,0.4338465741199664,0.7
2026-09-04 12:35:44,multi_repeat_random_states.py,"(1021, 9)",58,sequential_58,Dense 64 -> 16 -> 32 -> 64 -> 64 -> 32 -> 1,mse,adam_58,50,256,1.4451,3571.29150390625,3402.66015625,3283.22998046875,0.5334584159132335,0.7
2026-09-04 12:35:45,multi_repeat_random_states.py,"(1021, 9)",142,sequential_58,Dense 64 -> 16 -> 32 -> 64 -> 64 -> 32 -> 1,mse,adam_58,50,256,2.2453,119248.734375,5246.9833984375,5158.32177734375,0.2198298515583169,0.7
2026-09-04 12:35:45,multi_repeat_random_states.py,"(1021, 9)",226,sequential_58,Dense 64 -> 16 -> 32 -> 64 -> 64 -> 32 -> 1,mse,adam_58,50,256,1.3986,3493.494873046875,2931.11474609375,2971.552490234375,0.5745971727289173,0.7
2026-09-04 12:35:46,multi_repeat_random_states.py,"(1021, 9)",58,sequential_58,Dense 64 -> 16 -> 32 -> 64 -> 64 -> 32 -> 1,mse,adam_58,50,256,1.402,3252.336181640625,2948.34814453125,2839.290771484375,0.5965414241415332,0.7
2026-09-04 12:35:46,multi_repeat_random_states.py,"(1021, 9)",142,sequential_58,Dense 64 -> 16 -> 32 -> 64 -> 64 -> 32 -> 1,mse,adam_58,50,256,1.4147,5197.33251953125,3057.206298828125,3113.655029296875,0.5290754446043849,0.7
2026-09-04 12:35:48,multi_repeat_random_states.py,"(1021, 9)",142,sequential_58,Dense 64 -> 16 -> 32 -> 64 -> 64 -> 32 -> 1,mse,adam_58,50,256,1.4024,3024.525390625,2957.64453125,3059.472412109375,0.5372702215327156,0.7
2026-09-04 12:35:48,multi_repeat_random_states.py,"(1021, 9)",227,sequential_59,Dense 64 -> 16 -> 32 -> 64 -> 64 -> 32 -> 1,mse,adam_59,50,256,2.2808,25152.484375,3619.8681640625,3776.324462890625,0.4937300023958977,0.7
2026-09-04 12:35:48,multi_repeat_random_states.py,"(1021, 9)",59,sequential_59,Dense 64 -> 16 -> 32 -> 64 -> 64 -> 32 -> 1,mse,adam_59,50,256,2.2357,54942.00390625,5236.68115234375,5057.80078125,0.24331934629913432,0.7
2026-09-04 12:35:49,multi_repeat_random_states.py,"(1021, 9)",227,sequential_59,Dense 64 -> 16 -> 32 -> 64 -> 64 -> 32 -> 1,mse,adam_59,50,256,1.4009,3310.411376953125,2744.8251953125,3170.438720703125,0.5749576022649554,0.7
2026-09-04 12:35:50,multi_repeat_random_states.py,"(1021, 9)",59,sequential_59,Dense 64 -> 16 -> 32 -> 64 -> 64 -> 32 -> 1,mse,adam_59,50,256,1.4095,5164.77001953125,3140.485595703125,3603.94775390625,0.46082544155053884,0.7
2026-09-04 12:35:50,multi_repeat_random_states.py,"(1021, 9)",143,sequential_59,Dense 64 -> 16 -> 32 -> 64 -> 64 -> 32 -> 1,mse,adam_59,50,256,2.232,30577.0703125,3270.119384765625,3856.685302734375,0.4379564377679924,0.7
2026-09-04 12:35:51,multi_repeat_random_states.py,"(1021, 9)",227,sequential_59,Dense 64 -> 16 -> 32 -> 64 -> 64 -> 32 -> 1,mse,adam_59,50,256,1.394,2851.551513671875,2907.85009765625,3417.6201171875,0.5418194395852042,0.7
2026-09-04 12:35:51,multi_repeat_random_states.py,"(1021, 9)",59,sequential_59,Dense 64 -> 16 -> 32 -> 64 -> 64 -> 32 -> 1,mse,adam_59,50,256,1.429,3280.327392578125,2845.947509765625,2854.25341796875,0.5729847335512519,0.7
2026-09-04 12:35:52,multi_repeat_random_states.py,"(1021, 9)",143,sequential_59,Dense 64 -> 16 -> 32 -> 64 -> 64 -> 32 -> 1,mse,adam_59,50,256,1.4059,3220.99853515625,3369.34716796875,3101.978515625,0.5479415835709789,0.7
2026-09-04 12:35:53,multi_repeat_random_states.py,"(1021, 9)",143,sequential_59,Dense 64 -> 16 -> 32 -> 64 -> 64 -> 32 -> 1,mse,adam_59,50,256,1.3899,3395.471435546875,2713.706787109375,3077.601318359375,0.5514941393650348,0.7
2026-09-04 12:35:54,multi_repeat_random_states.py,"(1021, 9)",228,sequential_60,Dense 64 -> 16 -> 32 -> 64 -> 64 -> 32 -> 1,mse,adam_60,50,256,2.2221,70512.28125,5527.404296875,5469.20263671875,0.2078860929206242,0.7
2026-09-04 12:35:54,multi_repeat_random_states.py,"(1021, 9)",60,sequential_60,Dense 64 -> 16 -> 32 -> 64 -> 64 -> 32 -> 1,mse,adam_60,50,256,2.2811,44286.73046875,3865.376220703125,4214.68212890625,0.4080278783244028,0.7
2026-09-04 12:35:55,multi_repeat_random_states.py,"(1021, 9)",228,sequential_60,Dense 64 -> 16 -> 32 -> 64 -> 64 -> 32 -> 1,mse,adam_60,50,256,1.4141,5481.19384765625,2930.957763671875,3266.8515625,0.5268563278758658,0.7
2026-09-04 12:35:56,multi_repeat_random_states.py,"(1021, 9)",60,sequential_60,Dense 64 -> 16 -> 32 -> 64 -> 64 -> 32 -> 1,mse,adam_60,50,256,1.4268,3780.743408203125,2891.614013671875,3140.417724609375,0.5589134490292309,0.7
2026-09-04 12:35:56,multi_repeat_random_states.py,"(1021, 9)",144,sequential_60,Dense 64 -> 16 -> 32 -> 64 -> 64 -> 32 -> 1,mse,adam_60,50,256,2.2409,41168.6484375,4933.68994140625,5350.70068359375,0.23810852616420242,0.7
2026-09-04 12:35:57,multi_repeat_random_states.py,"(1021, 9)",228,sequential_60,Dense 64 -> 16 -> 32 -> 64 -> 64 -> 32 -> 1,mse,adam_60,50,256,1.4371,2803.754150390625,2917.065185546875,3693.4033203125,0.46507814466805275,0.7
2026-09-04 12:35:57,multi_repeat_random_states.py,"(1021, 9)",60,sequential_60,Dense 64 -> 16 -> 32 -> 64 -> 64 -> 32 -> 1,mse,adam_60,50,256,1.3974,3113.199951171875,2859.369384765625,3075.325439453125,0.5680560033068953,0.7
2026-09-04 12:35:58,multi_repeat_random_states.py,"(1021, 9)",144,sequential_60,Dense 64 -> 16 -> 32 -> 64 -> 64 -> 32 -> 1,mse,adam_60,50,256,1.4061,4816.38134765625,3017.815673828125,4314.6611328125,0.385631180122196,0.7
2026-09-04 12:35:59,multi_repeat_random_states.py,"(1021, 9)",229,sequential_61,Dense 64 -> 16 -> 32 -> 64 -> 64 -> 32 -> 1,mse,adam_61,50,256,2.23,25528.947265625,3825.431396484375,3641.621826171875,0.44160026472625924,0.7
2026-09-04 12:35:59,multi_repeat_random_states.py,"(1021, 9)",144,sequential_60,Dense 64 -> 16 -> 32 -> 64 -> 64 -> 32 -> 1,mse,adam_60,50,256,1.4465,2972.62841796875,3335.8095703125,3041.41552734375,0.5669298676426948,0.7
2026-09-04 12:36:00,multi_repeat_random_states.py,"(1021, 9)",61,sequential_61,Dense 64 -> 16 -> 32 -> 64 -> 64 -> 32 -> 1,mse,adam_61,50,256,2.2489,136910.375,4979.33544921875,5230.84814453125,0.2617658551267109,0.7
2026-09-04 12:36:01,multi_repeat_random_states.py,"(1021, 9)",229,sequential_61,Dense 64 -> 16 -> 32 -> 64 -> 64 -> 32 -> 1,mse,adam_61,50,256,1.3845,3634.612060546875,2769.19091796875,3152.18359375,0.5166498978196248,0.7
2026-09-04 12:36:01,multi_repeat_random_states.py,"(1021, 9)",61,sequential_61,Dense 64 -> 16 -> 32 -> 64 -> 64 -> 32 -> 1,mse,adam_61,50,256,1.4247,4932.42578125,2875.878662109375,3068.052001953125,0.5670032389712366,0.7
2026-09-04 12:36:02,multi_repeat_random_states.py,"(1021, 9)",145,sequential_61,Dense 64 -> 16 -> 32 -> 64 -> 64 -> 32 -> 1,mse,adam_61,50,256,2.2766,30072.98828125,3800.734130859375,3374.83056640625,0.4686381918346034,0.7
2026-09-04 12:36:02,multi_repeat_random_states.py,"(1021, 9)",229,sequential_61,Dense 64 -> 16 -> 32 -> 64 -> 64 -> 32 -> 1,mse,adam_61,50,256,1.4535,2876.63232421875,2840.618896484375,3167.06982421875,0.5143672009385956,0.7
2026-09-04 12:36:03,multi_repeat_random_states.py,"(1021, 9)",61,sequential_61,Dense 64 -> 16 -> 32 -> 64 -> 64 -> 32 -> 1,mse,adam_61,50,256,1.4379,2921.066650390625,2988.30859375,3054.7392578125,0.5688820202211573,0.7
2026-09-04 12:36:03,multi_repeat_random_states.py,"(1021, 9)",145,sequential_61,Dense 64 -> 16 -> 32 -> 64 -> 64 -> 32 -> 1,mse,adam_61,50,256,1.4442,3751.3056640625,2960.988525390625,2743.524658203125,0.5680362645590213,0.7
2026-09-04 12:36:05,multi_repeat_random_states.py,"(1021, 9)",230,sequential_62,Dense 64 -> 16 -> 32 -> 64 -> 64 -> 32 -> 1,mse,adam_62,50,256,2.2427,81998.09375,3721.06884765625,3722.86181640625,0.44300458183259983,0.7
2026-09-04 12:36:05,multi_repeat_random_states.py,"(1021, 9)",145,sequential_61,Dense 64 -> 16 -> 32 -> 64 -> 64 -> 32 -> 1,mse,adam_61,50,256,1.3975,3100.722412109375,3063.55810546875,2730.677001953125,0.5700591519554703,0.7
2026-09-04 12:36:06,multi_repeat_random_states.py,"(1021, 9)",62,sequential_62,Dense 64 -> 16 -> 32 -> 64 -> 64 -> 32 -> 1,mse,adam_62,50,256,2.2618,247812.359375,6101.7978515625,5913.466796875,0.07060864097016095,0.7
2026-09-04 12:36:06,multi_repeat_random_states.py,"(1021, 9)",230,sequential_62,Dense 64 -> 16 -> 32 -> 64 -> 64 -> 32 -> 1,mse,adam_62,50,256,1.4138,3665.093505859375,2834.927001953125,3052.85302734375,0.5432478923248378,0.7
2026-09-04 12:36:07,multi_repeat_random_states.py,"(1021, 9)",62,sequential_62,Dense 64 -> 16 -> 32 -> 64 -> 64 -> 32 -> 1,mse,adam_62,50,256,1.4254,6085.7685546875,4495.7392578125,4166.51318359375,0.34516904671843274,0.7
2026-09-04 12:36:07,multi_repeat_random_states.py,"(1021, 9)",146,sequential_62,Dense 64 -> 16 -> 32 -> 64 -> 64 -> 32 -> 1,mse,adam_62,50,256,2.3173,18010.25390625,3245.943115234375,3525.24365234375,0.46207690183040584,0.7
2026-09-04 12:36:08,multi_repeat_random_states.py,"(1021, 9)",230,sequential_62,Dense 64 -> 16 -> 32 -> 64 -> 64 -> 32 -> 1,mse,adam_62,50,256,1.4053,2891.206787109375,2954.3662109375,3190.576416015625,0.5226424081278765,0.7
2026-09-04 12:36:09,multi_repeat_random_states.py,"(1021, 9)",62,sequential_62,Dense 64 -> 16 -> 32 -> 64 -> 64 -> 32 -> 1,mse,adam_62,50,256,1.435,4441.8505859375,2984.112548828125,3242.65869140625,0.4903668255247733,0.7
2026-09-04 12:36:09,multi_repeat_random_states.py,"(1021, 9)",146,sequential_62,Dense 64 -> 16 -> 32 -> 64 -> 64 -> 32 -> 1,mse,adam_62,50,256,1.4108,3052.23876953125,2947.68359375,3172.5048828125,0.5159018741665062,0.7
2026-09-04 12:36:10,multi_repeat_random_states.py,"(1021, 9)",231,sequential_63,Dense 64 -> 16 -> 32 -> 64 -> 64 -> 32 -> 1,mse,adam_63,50,256,2.2366,90620.1171875,5633.9384765625,6449.017578125,0.14729750917439233,0.7
2026-09-04 12:36:10,multi_repeat_random_states.py,"(1021, 9)",146,sequential_62,Dense 64 -> 16 -> 32 -> 64 -> 64 -> 32 -> 1,mse,adam_62,50,256,1.4027,3076.64306640625,2959.902587890625,2855.00341796875,0.5643500251536746,0.7
2026-09-04 12:36:11,multi_repeat_random_states.py,"(1021, 9)",63,sequential_63,Dense 64 -> 16 -> 32 -> 64 -> 64 -> 32 -> 1,mse,adam_63,50,256,2.2767,46273.1875,3354.935546875,3619.62841796875,0.45028707754229913,0.7
2026-09-04 12:36:12,multi_repeat_random_states.py,"(1021, 9)",231,sequential_63,Dense 64 -> 16 -> 32 -> 64 -> 64 -> 32 -> 1,mse,adam_63,50,256,1.4238,5589.18115234375,3942.35693359375,4510.2666015625,0.40364318490526163,0.7
2026-09-04 12:36:13,multi_repeat_random_states.py,"(1021, 9)",63,sequential_63,Dense 64 -> 16 -> 32 -> 64 -> 64 -> 32 -> 1,mse,adam_63,50,256,1.4165,3455.4599609375,2858.59375,2997.776611328125,0.5447277824014212,0.7
2026-09-04 12:36:13,multi_repeat_random_states.py,"(1021, 9)",147,sequential_63,Dense 64 -> 16 -> 32 -> 64 -> 64 -> 32 -> 1,mse,adam_63,50,256,2.2664,47938.53125,5516.173828125,5681.908203125,0.20569623438305218,0.7
2026-09-04 12:36:13,multi_repeat_random_states.py,"(1021, 9)",231,sequential_63,Dense 64 -> 16 -> 32 -> 64 -> 64 -> 32 -> 1,mse,adam_63,50,256,1.4414,3887.935791015625,3021.66455078125,2944.024658203125,0.6107350174860549,0.7
2026-09-04 12:36:14,multi_repeat_random_states.py,"(1021, 9)",63,sequential_63,Dense 64 -> 16 -> 32 -> 64 -> 64 -> 32 -> 1,mse,adam_63,50,256,1.4991,2887.1044921875,2848.48095703125,2893.30224609375,0.5605942436674377,0.7
2026-09-04 12:36:15,multi_repeat_random_states.py,"(1021, 9)",147,sequential_63,Dense 64 -> 16 -> 32 -> 64 -> 64 -> 32 -> 1,mse,adam_63,50,256,1.417,5426.8818359375,2839.68310546875,3336.66455078125,0.5335501515814502,0.7
2026-09-04 12:36:16,multi_repeat_random_states.py,"(1021, 9)",232,sequential_64,Dense 64 -> 16 -> 32 -> 64 -> 64 -> 32 -> 1,mse,adam_64,50,256,2.2431,45337.2265625,3585.5615234375,3554.2333984375,0.44261137939127415,0.7
2026-09-04 12:36:16,multi_repeat_random_states.py,"(1021, 9)",147,sequential_63,Dense 64 -> 16 -> 32 -> 64 -> 64 -> 32 -> 1,mse,adam_63,50,256,1.3964,2822.085205078125,2916.468017578125,3099.27294921875,0.5667363952756002,0.7
2026-09-04 12:36:17,multi_repeat_random_states.py,"(1021, 9)",64,sequential_64,Dense 64 -> 16 -> 32 -> 64 -> 64 -> 32 -> 1,mse,adam_64,50,256,2.3189,53462.70703125,5200.06689453125,4424.712890625,0.31661059658370727,0.7
2026-09-04 12:36:17,multi_repeat_random_states.py,"(1021, 9)",232,sequential_64,Dense 64 -> 16 -> 32 -> 64 -> 64 -> 32 -> 1,mse,adam_64,50,256,1.4096,3543.916259765625,2998.537109375,2969.645751953125,0.5342886669734388,0.7
2026-09-04 12:36:18,multi_repeat_random_states.py,"(1021, 9)",64,sequential_64,Dense 64 -> 16 -> 32 -> 64 -> 64 -> 32 -> 1,mse,adam_64,50,256,1.4143,5016.92578125,3021.076416015625,3498.080078125,0.45972740145453983,0.7
2026-09-04 12:36:19,multi_repeat_random_states.py,"(1021, 9)",148,sequential_64,Dense 64 -> 16 -> 32 -> 64 -> 64 -> 32 -> 1,mse,adam_64,50,256,2.2432,52759.20703125,4204.1416015625,3527.974853515625,0.4477057808453574,0.7
2026-09-04 12:36:19,multi_repeat_random_states.py,"(1021, 9)",232,sequential_64,Dense 64 -> 16 -> 32 -> 64 -> 64 -> 32 -> 1,mse,adam_64,50,256,1.4228,3140.680908203125,3014.241943359375,2902.778076171875,0.5447751119966201,0.7
2026-09-04 12:36:20,multi_repeat_random_states.py,"(1021, 9)",64,sequential_64,Dense 64 -> 16 -> 32 -> 64 -> 64 -> 32 -> 1,mse,adam_64,50,256,1.4503,3062.372314453125,2892.593994140625,2838.47802734375,0.5616018283668197,0.7
2026-09-04 12:36:20,multi_repeat_random_states.py,"(1021, 9)",148,sequential_64,Dense 64 -> 16 -> 32 -> 64 -> 64 -> 32 -> 1,mse,adam_64,50,256,1.4084,3998.355712890625,3030.67626953125,2675.555908203125,0.5811494834816477,0.7
2026-09-04 12:36:22,multi_repeat_random_states.py,"(1021, 9)",233,sequential_65,Dense 64 -> 16 -> 32 -> 64 -> 64 -> 32 -> 1,mse,adam_65,50,256,2.2953,31815.560546875,3008.884765625,3117.393310546875,0.5350581813580966,0.7
2026-09-04 12:36:22,multi_repeat_random_states.py,"(1021, 9)",148,sequential_64,Dense 64 -> 16 -> 32 -> 64 -> 64 -> 32 -> 1,mse,adam_64,50,256,1.4119,3004.439697265625,2908.15966796875,2687.730224609375,0.5792436159862702,0.7
2026-09-04 12:36:22,multi_repeat_random_states.py,"(1021, 9)",65,sequential_65,Dense 64 -> 16 -> 32 -> 64 -> 64 -> 32 -> 1,mse,adam_65,50,256,2.2893,28604.830078125,4948.54541015625,5890.41796875,0.0255847533188599,0.7
2026-09-04 12:36:23,multi_repeat_random_states.py,"(1021, 9)",233,sequential_65,Dense 64 -> 16 -> 32 -> 64 -> 64 -> 32 -> 1,mse,adam_65,50,256,1.4325,3019.961669921875,2999.47265625,3124.68798828125,0.5339701943659318,0.7
2026-09-04 12:36:24,multi_repeat_random_states.py,"(1021, 9)",65,sequential_65,Dense 64 -> 16 -> 32 -> 64 -> 64 -> 32 -> 1,mse,adam_65,50,256,1.4157,5233.974609375,3016.03076171875,2498.325927734375,0.5867174742019077,0.7
2026-09-04 12:36:24,multi_repeat_random_states.py,"(1021, 9)",149,sequential_65,Dense 64 -> 16 -> 32 -> 64 -> 64 -> 32 -> 1,mse,adam_65,50,256,2.3062,43657.3359375,5556.89892578125,5322.7783203125,0.22781499379205694,0.7
2026-09-04 12:36:25,multi_repeat_random_states.py,"(1021, 9)",233,sequential_65,Dense 64 -> 16 -> 32 -> 64 -> 64 -> 32 -> 1,mse,adam_65,50,256,1.4106,3000.82470703125,2826.81396484375,2785.718017578125,0.5845256562277894,0.7
2026-09-04 12:36:25,multi_repeat_random_states.py,"(1021, 9)",65,sequential_65,Dense 64 -> 16 -> 32 -> 64 -> 64 -> 32 -> 1,mse,adam_65,50,256,1.3907,2993.778564453125,2935.348876953125,2506.735107421875,0.5853263897770162,0.7
2026-09-04 12:36:26,multi_repeat_random_states.py,"(1021, 9)",149,sequential_65,Dense 64 -> 16 -> 32 -> 64 -> 64 -> 32 -> 1,mse,adam_65,50,256,1.3962,5583.50634765625,3097.578857421875,3011.61669921875,0.5630993011903673,0.7
2026-09-04 12:36:27,multi_repeat_random_states.py,"(1021, 9)",149,sequential_65,Dense 64 -> 16 -> 32 -> 64 -> 64 -> 32 -> 1,mse,adam_65,50,256,1.4006,3217.48876953125,3014.83349609375,2830.074951171875,0.5894359160031629,0.7
2026-09-04 12:36:27,multi_repeat_random_states.py,"(1021, 9)",234,sequential_66,Dense 64 -> 16 -> 32 -> 64 -> 64 -> 32 -> 1,mse,adam_66,50,256,2.2964,43795.796875,3941.288330078125,4398.806640625,0.39555509606042916,0.7
2026-09-04 12:36:28,multi_repeat_random_states.py,"(1021, 9)",66,sequential_66,Dense 64 -> 16 -> 32 -> 64 -> 64 -> 32 -> 1,mse,adam_66,50,256,2.2956,34581.484375,3284.33935546875,3411.36962890625,0.45664917308257236,0.7
2026-09-04 12:36:29,multi_repeat_random_states.py,"(1021, 9)",234,sequential_66,Dense 64 -> 16 -> 32 -> 64 -> 64 -> 32 -> 1,mse,adam_66,50,256,1.3933,3786.7880859375,2863.579345703125,2992.36962890625,0.5888152486569942,0.7
2026-09-04 12:36:30,multi_repeat_random_states.py,"(1021, 9)",66,sequential_66,Dense 64 -> 16 -> 32 -> 64 -> 64 -> 32 -> 1,mse,adam_66,50,256,1.4083,3195.41552734375,2837.1201171875,3064.248779296875,0.5119372538718419,0.7
2026-09-04 12:36:30,multi_repeat_random_states.py,"(1021, 9)",150,sequential_66,Dense 64 -> 16 -> 32 -> 64 -> 64 -> 32 -> 1,mse,adam_66,50,256,2.2508,226409.375,5708.4111328125,5857.16552734375,0.18073908340898848,0.7
2026-09-04 12:36:30,multi_repeat_random_states.py,"(1021, 9)",234,sequential_66,Dense 64 -> 16 -> 32 -> 64 -> 64 -> 32 -> 1,mse,adam_66,50,256,1.3999,2852.9609375,2815.7021484375,2964.36962890625,0.5926627077781075,0.7
2026-09-04 12:36:31,multi_repeat_random_states.py,"(1021, 9)",66,sequential_66,Dense 64 -> 16 -> 32 -> 64 -> 64 -> 32 -> 1,mse,adam_66,50,256,1.3932,2813.758056640625,2828.715087890625,3042.081298828125,0.5154680207662732,0.7
2026-09-04 12:36:31,multi_repeat_random_states.py,"(1021, 9)",150,sequential_66,Dense 64 -> 16 -> 32 -> 64 -> 64 -> 32 -> 1,mse,adam_66,50,256,1.3856,5711.240234375,3003.21240234375,3138.62548828125,0.5609902316843318,0.7
2026-09-04 12:36:33,multi_repeat_random_states.py,"(1021, 9)",150,sequential_66,Dense 64 -> 16 -> 32 -> 64 -> 64 -> 32 -> 1,mse,adam_66,50,256,1.3944,2991.008056640625,2833.7548828125,3170.857421875,0.5564818402844729,0.7
2026-09-04 12:36:33,multi_repeat_random_states.py,"(1021, 9)",235,sequential_67,Dense 64 -> 16 -> 32 -> 64 -> 64 -> 32 -> 1,mse,adam_67,50,256,2.2422,54572.36328125,5454.92822265625,4932.12255859375,0.21544891625546603,0.7
2026-09-04 12:36:34,multi_repeat_random_states.py,"(1021, 9)",67,sequential_67,Dense 64 -> 16 -> 32 -> 64 -> 64 -> 32 -> 1,mse,adam_67,50,256,2.2701,39818.56640625,4318.86474609375,2851.0791015625,0.5115394117118819,0.7
2026-09-04 12:36:34,multi_repeat_random_states.py,"(1021, 9)",235,sequential_67,Dense 64 -> 16 -> 32 -> 64 -> 64 -> 32 -> 1,mse,adam_67,50,256,1.442,5354.19287109375,3306.746337890625,3236.890625,0.4851089159633175,0.7
2026-09-04 12:36:35,multi_repeat_random_states.py,"(1021, 9)",67,sequential_67,Dense 64 -> 16 -> 32 -> 64 -> 64 -> 32 -> 1,mse,adam_67,50,256,1.4451,4300.51025390625,3110.3994140625,2829.844482421875,0.5151774194133738,0.7
2026-09-04 12:36:35,multi_repeat_random_states.py,"(1021, 9)",151,sequential_67,Dense 64 -> 16 -> 32 -> 64 -> 64 -> 32 -> 1,mse,adam_67,50,256,2.2227,21327.3515625,3159.915771484375,3205.069091796875,0.5193331059788343,0.7
2026-09-04 12:36:36,multi_repeat_random_states.py,"(1021, 9)",235,sequential_67,Dense 64 -> 16 -> 32 -> 64 -> 64 -> 32 -> 1,mse,adam_67,50,256,1.4425,3353.33642578125,2936.3193359375,3055.27490234375,0.5139984966264313,0.7
2026-09-04 12:36:37,multi_repeat_random_states.py,"(1021, 9)",67,sequential_67,Dense 64 -> 16 -> 32 -> 64 -> 64 -> 32 -> 1,mse,adam_67,50,256,1.3923,3204.567138671875,2912.806884765625,2714.681884765625,0.5349076503906427,0.7
2026-09-04 12:36:37,multi_repeat_random_states.py,"(1021, 9)",151,sequential_67,Dense 64 -> 16 -> 32 -> 64 -> 64 -> 32 -> 1,mse,adam_67,50,256,1.3855,2997.266357421875,2892.6650390625,3215.848388671875,0.5177165643242734,0.7
2026-09-04 12:36:38,multi_repeat_random_states.py,"(1021, 9)",151,sequential_67,Dense 64 -> 16 -> 32 -> 64 -> 64 -> 32 -> 1,mse,adam_67,50,256,1.4036,2986.526123046875,2682.51416015625,3085.466796875,0.5372700050001684,0.7
2026-09-04 12:36:38,multi_repeat_random_states.py,"(1021, 9)",236,sequential_68,Dense 64 -> 16 -> 32 -> 64 -> 64 -> 32 -> 1,mse,adam_68,50,256,2.2555,28065.0703125,3460.49658203125,3809.5166015625,0.4316453519161306,0.7
2026-09-04 12:36:39,multi_repeat_random_states.py,"(1021, 9)",68,sequential_68,Dense 64 -> 16 -> 32 -> 64 -> 64 -> 32 -> 1,mse,adam_68,50,256,2.2491,94258.453125,5217.7041015625,5372.47900390625,0.23746869145286886,0.7
2026-09-04 12:36:40,multi_repeat_random_states.py,"(1021, 9)",236,sequential_68,Dense 64 -> 16 -> 32 -> 64 -> 64 -> 32 -> 1,mse,adam_68,50,256,1.4494,3771.98193359375,2892.823486328125,2953.706787109375,0.5593264346782185,0.7
2026-09-04 12:36:41,multi_repeat_random_states.py,"(1021, 9)",68,sequential_68,Dense 64 -> 16 -> 32 -> 64 -> 64 -> 32 -> 1,mse,adam_68,50,256,1.4405,5151.44091796875,2888.83935546875,2882.3046875,0.5909061665081687,0.7
2026-09-04 12:36:41,multi_repeat_random_states.py,"(1021, 9)",152,sequential_68,Dense 64 -> 16 -> 32 -> 64 -> 64 -> 32 -> 1,mse,adam_68,50,256,2.2349,23881.3046875,2882.197265625,3099.383544921875,0.5588559956412477,0.7
2026-09-04 12:36:41,multi_repeat_random_states.py,"(1021, 9)",236,sequential_68,Dense 64 -> 16 -> 32 -> 64 -> 64 -> 32 -> 1,mse,adam_68,50,256,1.3922,2885.053466796875,2884.94873046875,2769.85595703125,0.5867558019275838,0.7
2026-09-04 12:36:42,multi_repeat_random_states.py,"(1021, 9)",68,sequential_68,Dense 64 -> 16 -> 32 -> 64 -> 64 -> 32 -> 1,mse,adam_68,50,256,1.4328,2943.395751953125,2803.910888671875,2910.6669921875,0.5868806888241795,0.7
2026-09-04 12:36:42,multi_repeat_random_states.py,"(1021, 9)",152,sequential_68,Dense 64 -> 16 -> 32 -> 64 -> 64 -> 32 -> 1,mse,adam_68,50,256,1.3822,2820.751708984375,2792.164794921875,3005.5908203125,0.5722058150406923,0.7
2026-09-04 12:36:44,multi_repeat_random_states.py,"(1021, 9)",152,sequential_68,Dense 64 -> 16 -> 32 -> 64 -> 64 -> 32 -> 1,mse,adam_68,50,256,1.4218,2762.044677734375,2753.976318359375,3000.1611328125,0.572978618397444,0.7
2026-09-04 12:36:44,multi_repeat_random_states.py,"(1021, 9)",237,sequential_69,Dense 64 -> 16 -> 32 -> 64 -> 64 -> 32 -> 1,mse,adam_69,50,256,2.2514,443998.15625,6174.48486328125,5265.232421875,0.16800951482531024,0.7
2026-09-04 12:36:45,multi_repeat_random_states.py,"(1021, 9)",69,sequential_69,Dense 64 -> 16 -> 32 -> 64 -> 64 -> 32 -> 1,mse,adam_69,50,256,2.2561,41740.11328125,4491.45654296875,5256.45703125,0.18965693833689568,0.7
2026-09-04 12:36:45,multi_repeat_random_states.py,"(1021, 9)",237,sequential_69,Dense 64 -> 16 -> 32 -> 64 -> 64 -> 32 -> 1,mse,adam_69,50,256,1.3976,6151.6171875,3930.126953125,3744.742919921875,0.4082709915818299,0.7
2026-09-04 12:36:46,multi_repeat_random_states.py,"(1021, 9)",69,sequential_69,Dense 64 -> 16 -> 32 -> 64 -> 64 -> 32 -> 1,mse,adam_69,50,256,1.4167,4433.5263671875,2947.249755859375,3097.55517578125,0.5224764728607217,0.7
2026-09-04 12:36:46,multi_repeat_random_states.py,"(1021, 9)",153,sequential_69,Dense 64 -> 16 -> 32 -> 64 -> 64 -> 32 -> 1,mse,adam_69,50,256,2.2465,79796.71875,5366.34423828125,5227.66162109375,0.20004680756367588,0.7
2026-09-04 12:36:47,multi_repeat_random_states.py,"(1021, 9)",237,sequential_69,Dense 64 -> 16 -> 32 -> 64 -> 64 -> 32 -> 1,mse,adam_69,50,256,1.3859,3886.20166015625,2952.006591796875,2914.794921875,0.5394160103908111,0.7
2026-09-04 12:36:48,multi_repeat_random_states.py,"(1021, 9)",69,sequential_69,Dense 64 -> 16 -> 32 -> 64 -> 64 -> 32 -> 1,mse,adam_69,50,256,1.4047,3171.59326171875,2993.5751953125,3034.85693359375,0.532142078789364,0.7
2026-09-04 12:36:48,multi_repeat_random_states.py,"(1021, 9)",153,sequential_69,Dense 64 -> 16 -> 32 -> 64 -> 64 -> 32 -> 1,mse,adam_69,50,256,1.3985,5350.16015625,3098.634765625,3258.930908203125,0.5013081105419419,0.7
2026-09-04 12:36:49,multi_repeat_random_states.py,"(1021, 9)",153,sequential_69,Dense 64 -> 16 -> 32 -> 64 -> 64 -> 32 -> 1,mse,adam_69,50,256,1.3995,3099.6591796875,3147.2841796875,3067.25732421875,0.5306386339343305,0.7
2026-09-04 12:36:49,multi_repeat_random_states.py,"(1021, 9)",238,sequential_70,Dense 64 -> 16 -> 32 -> 64 -> 64 -> 32 -> 1,mse,adam_70,50,256,2.2335,19586.8984375,3074.392333984375,2686.269775390625,0.6096155484684048,0.7
2026-09-04 12:36:50,multi_repeat_random_states.py,"(1021, 9)",70,sequential_70,Dense 64 -> 16 -> 32 -> 64 -> 64 -> 32 -> 1,mse,adam_70,50,256,2.2554,31484.064453125,2972.2919921875,3234.076171875,0.5000347936754486,0.7
2026-09-04 12:36:51,multi_repeat_random_states.py,"(1021, 9)",238,sequential_70,Dense 64 -> 16 -> 32 -> 64 -> 64 -> 32 -> 1,mse,adam_70,50,256,1.3935,3094.924072265625,2944.757568359375,2676.71240234375,0.6110044478344143,0.7
2026-09-04 12:36:52,multi_repeat_random_states.py,"(1021, 9)",70,sequential_70,Dense 64 -> 16 -> 32 -> 64 -> 64 -> 32 -> 1,mse,adam_70,50,256,1.417,3217.36572265625,2999.47998046875,2936.667236328125,0.5460121627775194,0.7
2026-09-04 12:36:52,multi_repeat_random_states.py,"(1021, 9)",154,sequential_70,Dense 64 -> 16 -> 32 -> 64 -> 64 -> 32 -> 1,mse,adam_70,50,256,2.3247,57290.37109375,5058.068359375,5027.236328125,0.2620955697335611,0.7
2026-09-04 12:36:52,multi_repeat_random_states.py,"(1021, 9)",238,sequential_70,Dense 64 -> 16 -> 32 -> 64 -> 64 -> 32 -> 1,mse,adam_70,50,256,1.4228,2975.4765625,2994.520263671875,2897.917236328125,0.5788576362187919,0.7
2026-09-04 12:36:53,multi_repeat_random_states.py,"(1021, 9)",70,sequential_70,Dense 64 -> 16 -> 32 -> 64 -> 64 -> 32 -> 1,mse,adam_70,50,256,1.3921,2869.349853515625,2815.227783203125,2872.71142578125,0.5558992622351034,0.7
2026-09-04 12:36:53,multi_repeat_random_states.py,"(1021, 9)",154,sequential_70,Dense 64 -> 16 -> 32 -> 64 -> 64 -> 32 -> 1,mse,adam_70,50,256,1.3977,4988.57861328125,2936.141845703125,2949.48876953125,0.5670701493824702,0.7
2026-09-04 12:36:55,multi_repeat_random_states.py,"(1021, 9)",154,sequential_70,Dense 64 -> 16 -> 32 -> 64 -> 64 -> 32 -> 1,mse,adam_70,50,256,1.402,2882.97021484375,3007.97705078125,2908.275390625,0.5731194904567682,0.7
2026-09-04 12:36:55,multi_repeat_random_states.py,"(1021, 9)",239,sequential_71,Dense 64 -> 16 -> 32 -> 64 -> 64 -> 32 -> 1,mse,adam_71,50,256,2.2389,23593.3984375,4011.597412109375,4710.95849609375,0.3227293423199945,0.7
2026-09-04 12:36:56,multi_repeat_random_states.py,"(1021, 9)",71,sequential_71,Dense 64 -> 16 -> 32 -> 64 -> 64 -> 32 -> 1,mse,adam_71,50,256,2.2633,167827.296875,6247.8935546875,5640.78271484375,0.1592042095843642,0.7
2026-09-04 12:36:56,multi_repeat_random_states.py,"(1021, 9)",239,sequential_71,Dense 64 -> 16 -> 32 -> 64 -> 64 -> 32 -> 1,mse,adam_71,50,256,1.3994,4365.1064453125,2887.707275390625,2815.992919921875,0.5951590143734192,0.7
2026-09-04 12:36:57,multi_repeat_random_states.py,"(1021, 9)",71,sequential_71,Dense 64 -> 16 -> 32 -> 64 -> 64 -> 32 -> 1,mse,adam_71,50,256,1.4109,6238.76806640625,5108.16064453125,4760.9833984375,0.2903441153533023,0.7
2026-09-04 12:36:57,multi_repeat_random_states.py,"(1021, 9)",155,sequential_71,Dense 64 -> 16 -> 32 -> 64 -> 64 -> 32 -> 1,mse,adam_71,50,256,2.2619,185773.84375,5737.92919921875,5881.7021484375,0.16242033773037146,0.7
2026-09-04 12:36:58,multi_repeat_random_states.py,"(1021, 9)",239,sequential_71,Dense 64 -> 16 -> 32 -> 64 -> 64 -> 32 -> 1,mse,adam_71,50,256,1.3862,2900.867431640625,2949.024169921875,2774.834228515625,0.6010761844595398,0.7
2026-09-04 12:36:59,multi_repeat_random_states.py,"(1021, 9)",71,sequential_71,Dense 64 -> 16 -> 32 -> 64 -> 64 -> 32 -> 1,mse,adam_71,50,256,1.3754,5097.6357421875,2984.9423828125,3010.434814453125,0.5512748451723224,0.7
2026-09-04 12:36:59,multi_repeat_random_states.py,"(1021, 9)",155,sequential_71,Dense 64 -> 16 -> 32 -> 64 -> 64 -> 32 -> 1,mse,adam_71,50,256,1.3933,5718.05859375,3045.44287109375,3075.427001953125,0.5620459642411879,0.7
2026-09-04 12:37:00,multi_repeat_random_states.py,"(1021, 9)",155,sequential_71,Dense 64 -> 16 -> 32 -> 64 -> 64 -> 32 -> 1,mse,adam_71,50,256,1.4341,2973.166259765625,3453.106201171875,2968.07763671875,0.5773329867457309,0.7
2026-09-04 12:37:00,multi_repeat_random_states.py,"(1021, 9)",240,sequential_72,Dense 64 -> 16 -> 32 -> 64 -> 64 -> 32 -> 1,mse,adam_72,50,256,2.26,17595.587890625,2989.02099609375,2938.738525390625,0.5620131654728371,0.7
2026-09-04 12:37:01,multi_repeat_random_states.py,"(1021, 9)",72,sequential_72,Dense 64 -> 16 -> 32 -> 64 -> 64 -> 32 -> 1,mse,adam_72,50,256,2.2874,533290.875,6269.47802734375,6510.6337890625,0.050200299976818186,0.7
2026-09-04 12:37:02,multi_repeat_random_states.py,"(1021, 9)",240,sequential_72,Dense 64 -> 16 -> 32 -> 64 -> 64 -> 32 -> 1,mse,adam_72,50,256,1.3935,2931.891357421875,2886.053955078125,2941.88916015625,0.5615436222244776,0.7
2026-09-04 12:37:03,multi_repeat_random_states.py,"(1021, 9)",72,sequential_72,Dense 64 -> 16 -> 32 -> 64 -> 64 -> 32 -> 1,mse,adam_72,50,256,1.4382,6264.64599609375,5475.31884765625,5607.49658203125,0.18195379166402903,0.7
2026-09-04 12:37:03,multi_repeat_random_states.py,"(1021, 9)",156,sequential_72,Dense 64 -> 16 -> 32 -> 64 -> 64 -> 32 -> 1,mse,adam_72,50,256,2.3372,26028.888671875,2962.182373046875,3240.072021484375,0.5206148598508955,0.7
2026-09-04 12:37:03,multi_repeat_random_states.py,"(1021, 9)",240,sequential_72,Dense 64 -> 16 -> 32 -> 64 -> 64 -> 32 -> 1,mse,adam_72,50,256,1.3978,2884.64892578125,2866.651123046875,3079.08251953125,0.541096462367604,0.7
2026-09-04 12:37:04,multi_repeat_random_states.py,"(1021, 9)",72,sequential_72,Dense 64 -> 16 -> 32 -> 64 -> 64 -> 32 -> 1,mse,adam_72,50,256,1.3943,5469.1396484375,3179.38427734375,3284.03564453125,0.520910481552025,0.7
2026-09-04 12:37:05,multi_repeat_random_states.py,"(1021, 9)",156,sequential_72,Dense 64 -> 16 -> 32 -> 64 -> 64 -> 32 -> 1,mse,adam_72,50,256,1.4396,2923.727294921875,3250.166259765625,3440.491455078125,0.49096177234197513,0.7
2026-09-04 12:37:06,multi_repeat_random_states.py,"(1021, 9)",241,sequential_73,Dense 64 -> 16 -> 32 -> 64 -> 64 -> 32 -> 1,mse,adam_73,50,256,2.2596,38474.5703125,5233.59765625,4593.22998046875,0.2866451183748724,0.7
2026-09-04 12:37:06,multi_repeat_random_states.py,"(1021, 9)",156,sequential_72,Dense 64 -> 16 -> 32 -> 64 -> 64 -> 32 -> 1,mse,adam_72,50,256,1.4268,3243.30224609375,2834.36181640625,3631.32763671875,0.462726574843323,0.7
2026-09-04 12:37:07,multi_repeat_random_states.py,"(1021, 9)",73,sequential_73,Dense 64 -> 16 -> 32 -> 64 -> 64 -> 32 -> 1,mse,adam_73,50,256,2.2739,70798.9609375,4530.72021484375,4286.1171875,0.3674808602808499,0.7
2026-09-04 12:37:08,multi_repeat_random_states.py,"(1021, 9)",241,sequential_73,Dense 64 -> 16 -> 32 -> 64 -> 64 -> 32 -> 1,mse,adam_73,50,256,1.4472,5179.47216796875,3223.244873046875,2488.25830078125,0.6135593041120495,0.7
2026-09-04 12:37:08,multi_repeat_random_states.py,"(1021, 9)",73,sequential_73,Dense 64 -> 16 -> 32 -> 64 -> 64 -> 32 -> 1,mse,adam_73,50,256,1.4396,4417.3779296875,3083.619384765625,2890.2529296875,0.5734739851351252,0.7
2026-09-04 12:37:09,multi_repeat_random_states.py,"(1021, 9)",157,sequential_73,Dense 64 -> 16 -> 32 -> 64 -> 64 -> 32 -> 1,mse,adam_73,50,256,2.2881,28403.58203125,3244.736328125,2709.457275390625,0.5904792452685272,0.7
2026-09-04 12:37:09,multi_repeat_random_states.py,"(1021, 9)",241,sequential_73,Dense 64 -> 16 -> 32 -> 64 -> 64 -> 32 -> 1,mse,adam_73,50,256,1.3975,3070.1552734375,3048.007568359375,2477.541748046875,0.6152236714533941,0.7
2026-09-04 12:37:10,multi_repeat_random_states.py,"(1021, 9)",73,sequential_73,Dense 64 -> 16 -> 32 -> 64 -> 64 -> 32 -> 1,mse,adam_73,50,256,1.4058,3027.201171875,2877.55322265625,3359.2724609375,0.5042589843766603,0.7
2026-09-04 12:37:10,multi_repeat_random_states.py,"(1021, 9)",157,sequential_73,Dense 64 -> 16 -> 32 -> 64 -> 64 -> 32 -> 1,mse,adam_73,50,256,1.399,3075.69287109375,3249.741943359375,2704.88037109375,0.5911710742519385,0.7
2026-09-04 12:37:12,multi_repeat_random_states.py,"(1021, 9)",242,sequential_74,Dense 64 -> 16 -> 32 -> 64 -> 64 -> 32 -> 1,mse,adam_74,50,256,2.2295,64492.1328125,5373.31689453125,5480.84912109375,0.21956030462287457,0.7
2026-09-04 12:37:12,multi_repeat_random_states.py,"(1021, 9)",157,sequential_73,Dense 64 -> 16 -> 32 -> 64 -> 64 -> 32 -> 1,mse,adam_73,50,256,1.395,3139.98974609375,2958.378662109375,2646.766357421875,0.5999546689922544,0.7
2026-09-04 12:37:12,multi_repeat_random_states.py,"(1021, 9)",74,sequential_74,Dense 64 -> 16 -> 32 -> 64 -> 64 -> 32 -> 1,mse,adam_74,50,256,2.2577,95802.7109375,5386.91552734375,5432.732421875,0.2096935167467615,0.7
2026-09-04 12:37:13,multi_repeat_random_states.py,"(1021, 9)",242,sequential_74,Dense 64 -> 16 -> 32 -> 64 -> 64 -> 32 -> 1,mse,adam_74,50,256,1.3925,5402.87939453125,3066.953369140625,3000.20263671875,0.5727893961892133,0.7
2026-09-04 12:37:14,multi_repeat_random_states.py,"(1021, 9)",74,sequential_74,Dense 64 -> 16 -> 32 -> 64 -> 64 -> 32 -> 1,mse,adam_74,50,256,1.4116,5324.48876953125,3012.22802734375,2692.103271484375,0.608376291455942,0.7
2026-09-04 12:37:14,multi_repeat_random_states.py,"(1021, 9)",158,sequential_74,Dense 64 -> 16 -> 32 -> 64 -> 64 -> 32 -> 1,mse,adam_74,50,256,2.2519,35937.109375,3348.768798828125,3874.060302734375,0.5125885251802126,0.7
2026-09-04 12:37:15,multi_repeat_random_states.py,"(1021, 9)",242,sequential_74,Dense 64 -> 16 -> 32 -> 64 -> 64 -> 32 -> 1,mse,adam_74,50,256,1.4214,3119.025390625,2912.232177734375,2895.923828125,0.5876380260557028,0.7
2026-09-04 12:37:16,multi_repeat_random_states.py,"(1021, 9)",74,sequential_74,Dense 64 -> 16 -> 32 -> 64 -> 64 -> 32 -> 1,mse,adam_74,50,256,1.4268,3040.766845703125,3157.998046875,2683.898193359375,0.6095699593038924,0.7
2026-09-04 12:37:16,multi_repeat_random_states.py,"(1021, 9)",158,sequential_74,Dense 64 -> 16 -> 32 -> 64 -> 64 -> 32 -> 1,mse,adam_74,50,256,1.4449,3167.90478515625,2646.98486328125,3494.115234375,0.5603909051481774,0.7
2026-09-04 12:37:17,multi_repeat_random_states.py,"(1021, 9)",158,sequential_74,Dense 64 -> 16 -> 32 -> 64 -> 64 -> 32 -> 1,mse,adam_74,50,256,1.413,2648.688720703125,2637.69189453125,3520.41064453125,0.5570825682744769,0.7
2026-09-04 12:37:18,multi_repeat_random_states.py,"(1021, 9)",243,sequential_75,Dense 64 -> 16 -> 32 -> 64 -> 64 -> 32 -> 1,mse,adam_75,50,256,2.2784,28853.306640625,3784.896728515625,3310.979248046875,0.5057774933235358,0.7
2026-09-04 12:37:19,multi_repeat_random_states.py,"(1021, 9)",75,sequential_75,Dense 64 -> 16 -> 32 -> 64 -> 64 -> 32 -> 1,mse,adam_75,50,256,2.2878,26230.951171875,4297.82861328125,4471.42333984375,0.35016478344968505,0.7
2026-09-04 12:37:19,multi_repeat_random_states.py,"(1021, 9)",243,sequential_75,Dense 64 -> 16 -> 32 -> 64 -> 64 -> 32 -> 1,mse,adam_75,50,256,1.4351,3569.3984375,3152.3603515625,2713.851318359375,0.59490946131624,0.7
2026-09-04 12:37:20,multi_repeat_random_states.py,"(1021, 9)",75,sequential_75,Dense 64 -> 16 -> 32 -> 64 -> 64 -> 32 -> 1,mse,adam_75,50,256,1.4055,4086.861572265625,2892.0966796875,2994.440185546875,0.5648158468718751,0.7
2026-09-04 12:37:20,multi_repeat_random_states.py,"(1021, 9)",159,sequential_75,Dense 64 -> 16 -> 32 -> 64 -> 64 -> 32 -> 1,mse,adam_75,50,256,2.2486,44373.60546875,4644.05712890625,4304.40771484375,0.32918867901488036,0.7
2026-09-04 12:37:21,multi_repeat_random_states.py,"(1021, 9)",243,sequential_75,Dense 64 -> 16 -> 32 -> 64 -> 64 -> 32 -> 1,mse,adam_75,50,256,1.3933,2969.87109375,3270.143310546875,2787.02978515625,0.5839862548333526,0.7
2026-09-04 12:37:22,multi_repeat_random_states.py,"(1021, 9)",75,sequential_75,Dense 64 -> 16 -> 32 -> 64 -> 64 -> 32 -> 1,mse,adam_75,50,256,1.403,2884.7900390625,3203.909912109375,3290.6728515625,0.5217641089678207,0.7
2026-09-04 12:37:22,multi_repeat_random_states.py,"(1021, 9)",159,sequential_75,Dense 64 -> 16 -> 32 -> 64 -> 64 -> 32 -> 1,mse,adam_75,50,256,1.4064,4553.048828125,3099.036376953125,3111.79736328125,0.5150485486135814,0.7
2026-09-04 12:37:23,multi_repeat_random_states.py,"(1021, 9)",244,sequential_76,Dense 64 -> 16 -> 32 -> 64 -> 64 -> 32 -> 1,mse,adam_76,50,256,2.2283,58895.97265625,4720.59326171875,4445.39013671875,0.34545862118771464,0.7
2026-09-04 12:37:23,multi_repeat_random_states.py,"(1021, 9)",159,sequential_75,Dense 64 -> 16 -> 32 -> 64 -> 64 -> 32 -> 1,mse,adam_75,50,256,1.4135,3250.98876953125,3463.554931640625,2631.83837890625,0.5898467168516153,0.7
2026-09-04 12:37:24,multi_repeat_random_states.py,"(1021, 9)",76,sequential_76,Dense 64 -> 16 -> 32 -> 64 -> 64 -> 32 -> 1,mse,adam_76,50,256,2.2738,32211.52734375,4563.02734375,4353.69677734375,0.34658696049707527,0.7
2026-09-04 12:37:25,multi_repeat_random_states.py,"(1021, 9)",244,sequential_76,Dense 64 -> 16 -> 32 -> 64 -> 64 -> 32 -> 1,mse,adam_76,50,256,1.4071,4562.3046875,3073.316650390625,2850.347412109375,0.5803134626071003,0.7
2026-09-04 12:37:26,multi_repeat_random_states.py,"(1021, 9)",76,sequential_76,Dense 64 -> 16 -> 32 -> 64 -> 64 -> 32 -> 1,mse,adam_76,50,256,1.4371,4380.103515625,3049.3134765625,2586.449951171875,0.6118194844861224,0.7
2026-09-04 12:37:26,multi_repeat_random_states.py,"(1021, 9)",160,sequential_76,Dense 64 -> 16 -> 32 -> 64 -> 64 -> 32 -> 1,mse,adam_76,50,256,2.2476,70539.0546875,3774.36865234375,4509.51123046875,0.3626329423452207,0.7
2026-09-04 12:37:26,multi_repeat_random_states.py,"(1021, 9)",244,sequential_76,Dense 64 -> 16 -> 32 -> 64 -> 64 -> 32 -> 1,mse,adam_76,50,256,1.4482,2958.580810546875,2970.68408203125,2941.134521484375,0.5669459438738671,0.7
2026-09-04 12:37:27,multi_repeat_random_states.py,"(1021, 9)",76,sequential_76,Dense 64 -> 16 -> 32 -> 64 -> 64 -> 32 -> 1,mse,adam_76,50,256,1.4377,3014.95849609375,3421.952880859375,3336.976806640625,0.4991786916253351,0.7
2026-09-04 12:37:27,multi_repeat_random_states.py,"(1021, 9)",160,sequential_76,Dense 64 -> 16 -> 32 -> 64 -> 64 -> 32 -> 1,mse,adam_76,50,256,1.3891,3934.554931640625,2787.250732421875,3175.375,0.5511976337295219,0.7
2026-09-04 12:37:29,multi_repeat_random_states.py,"(1021, 9)",245,sequential_77,Dense 64 -> 16 -> 32 -> 64 -> 64 -> 32 -> 1,mse,adam_77,50,256,2.3163,64767.1953125,3775.51171875,4210.74609375,0.44606810712337763,0.7
2026-09-04 12:37:29,multi_repeat_random_states.py,"(1021, 9)",160,sequential_76,Dense 64 -> 16 -> 32 -> 64 -> 64 -> 32 -> 1,mse,adam_76,50,256,1.4159,2834.666259765625,3146.69873046875,3106.591064453125,0.5609194301906996,0.7
2026-09-04 12:37:30,multi_repeat_random_states.py,"(1021, 9)",77,sequential_77,Dense 64 -> 16 -> 32 -> 64 -> 64 -> 32 -> 1,mse,adam_77,50,256,2.2904,60600.8671875,4449.48095703125,3875.72265625,0.37355737474442463,0.7
2026-09-04 12:37:30,multi_repeat_random_states.py,"(1021, 9)",245,sequential_77,Dense 64 -> 16 -> 32 -> 64 -> 64 -> 32 -> 1,mse,adam_77,50,256,1.3815,3596.910400390625,2782.8076171875,3060.04931640625,0.5974444974854756,0.7
2026-09-04 12:37:31,multi_repeat_random_states.py,"(1021, 9)",77,sequential_77,Dense 64 -> 16 -> 32 -> 64 -> 64 -> 32 -> 1,mse,adam_77,50,256,1.4167,4373.3876953125,3158.223388671875,2892.636474609375,0.5324560215774524,0.7
2026-09-04 12:37:32,multi_repeat_random_states.py,"(1021, 9)",161,sequential_77,Dense 64 -> 16 -> 32 -> 64 -> 64 -> 32 -> 1,mse,adam_77,50,256,2.2567,36512.1484375,4962.689453125,5121.080078125,0.2526808656800469,0.7
2026-09-04 12:37:32,multi_repeat_random_states.py,"(1021, 9)",245,sequential_77,Dense 64 -> 16 -> 32 -> 64 -> 64 -> 32 -> 1,mse,adam_77,50,256,1.4275,2811.299560546875,2848.100830078125,3022.1044921875,0.6024362216448249,0.7
2026-09-04 12:37:33,multi_repeat_random_states.py,"(1021, 9)",77,sequential_77,Dense 64 -> 16 -> 32 -> 64 -> 64 -> 32 -> 1,mse,adam_77,50,256,1.4071,3060.53857421875,3062.641845703125,3048.31982421875,0.5072925366290042,0.7
2026-09-04 12:37:33,multi_repeat_random_states.py,"(1021, 9)",161,sequential_77,Dense 64 -> 16 -> 32 -> 64 -> 64 -> 32 -> 1,mse,adam_77,50,256,1.4083,4922.64697265625,3097.558837890625,3524.099365234375,0.485728118363261,0.7
2026-09-04 12:37:35,multi_repeat_random_states.py,"(1021, 9)",246,sequential_78,Dense 64 -> 16 -> 32 -> 64 -> 64 -> 32 -> 1,mse,adam_78,50,256,2.2701,26232.712890625,2786.616455078125,3314.69921875,0.5300292716391687,0.7
2026-09-04 12:37:35,multi_repeat_random_states.py,"(1021, 9)",161,sequential_77,Dense 64 -> 16 -> 32 -> 64 -> 64 -> 32 -> 1,mse,adam_77,50,256,1.4005,3207.326171875,2817.11962890625,2843.739501953125,0.585013102294661,0.7
2026-09-04 12:37:36,multi_repeat_random_states.py,"(1021, 9)",78,sequential_78,Dense 64 -> 16 -> 32 -> 64 -> 64 -> 32 -> 1,mse,adam_78,50,256,2.303,161049.765625,5812.63232421875,5868.27392578125,0.15474448922856654,0.7
2026-09-04 12:37:36,multi_repeat_random_states.py,"(1021, 9)",246,sequential_78,Dense 64 -> 16 -> 32 -> 64 -> 64 -> 32 -> 1,mse,adam_78,50,256,1.4345,2793.857177734375,2950.890625,3359.76513671875,0.523639690462878,0.7
2026-09-04 12:37:37,multi_repeat_random_states.py,"(1021, 9)",78,sequential_78,Dense 64 -> 16 -> 32 -> 64 -> 64 -> 32 -> 1,mse,adam_78,50,256,1.4095,5787.8212890625,3968.56787109375,3963.09228515625,0.42916343031047943,0.7
2026-09-04 12:37:37,multi_repeat_random_states.py,"(1021, 9)",162,sequential_78,Dense 64 -> 16 -> 32 -> 64 -> 64 -> 32 -> 1,mse,adam_78,50,256,2.259,27750.783203125,3523.68359375,3373.02880859375,0.5323544607864618,0.7
2026-09-04 12:37:38,multi_repeat_random_states.py,"(1021, 9)",246,sequential_78,Dense 64 -> 16 -> 32 -> 64 -> 64 -> 32 -> 1,mse,adam_78,50,256,1.4027,2817.607177734375,2740.722900390625,3155.433837890625,0.5526105935410695,0.7
2026-09-04 12:37:39,multi_repeat_random_states.py,"(1021, 9)",78,sequential_78,Dense 64 -> 16 -> 32 -> 64 -> 64 -> 32 -> 1,mse,adam_78,50,256,1.4193,3755.255126953125,3060.664306640625,3063.92724609375,0.5586774242477659,0.7
2026-09-04 12:37:39,multi_repeat_random_states.py,"(1021, 9)",162,sequential_78,Dense 64 -> 16 -> 32 -> 64 -> 64 -> 32 -> 1,mse,adam_78,50,256,1.4247,3285.43798828125,2927.263427734375,2879.40380859375,0.600791912731856,0.7
2026-09-04 12:37:40,multi_repeat_random_states.py,"(1021, 9)",247,sequential_79,Dense 64 -> 16 -> 32 -> 64 -> 64 -> 32 -> 1,mse,adam_79,50,256,2.2565,20121.744140625,2943.771240234375,2893.559326171875,0.5928702989830914,0.7
2026-09-04 12:37:40,multi_repeat_random_states.py,"(1021, 9)",162,sequential_78,Dense 64 -> 16 -> 32 -> 64 -> 64 -> 32 -> 1,mse,adam_78,50,256,1.4385,2948.212890625,2927.381103515625,3249.763671875,0.5494442335583658,0.7
2026-09-04 12:37:41,multi_repeat_random_states.py,"(1021, 9)",79,sequential_79,Dense 64 -> 16 -> 32 -> 64 -> 64 -> 32 -> 1,mse,adam_79,50,256,2.2594,22449.14453125,2999.708740234375,2859.140380859375,0.5618762219407655,0.7
2026-09-04 12:37:42,multi_repeat_random_states.py,"(1021, 9)",247,sequential_79,Dense 64 -> 16 -> 32 -> 64 -> 64 -> 32 -> 1,mse,adam_79,50,256,1.444,2985.630859375,3143.7783203125,3271.87890625,0.5396399289360513,0.7
2026-09-04 12:37:43,multi_repeat_random_states.py,"(1021, 9)",79,sequential_79,Dense 64 -> 16 -> 32 -> 64 -> 64 -> 32 -> 1,mse,adam_79,50,256,1.4223,3026.890380859375,2906.927978515625,2832.285400390625,0.5659914032495914,0.7
2026-09-04 12:37:43,multi_repeat_random_states.py,"(1021, 9)",163,sequential_79,Dense 64 -> 16 -> 32 -> 64 -> 64 -> 32 -> 1,mse,adam_79,50,256,2.2682,151678.8125,5801.85205078125,4653.9404296875,0.20643497510455067,0.7
2026-09-04 12:37:43,multi_repeat_random_states.py,"(1021, 9)",247,sequential_79,Dense 64 -> 16 -> 32 -> 64 -> 64 -> 32 -> 1,mse,adam_79,50,256,1.5277,3127.13037109375,2861.03369140625,2818.38232421875,0.6034478718124056,0.7
2026-09-04 12:37:44,multi_repeat_random_states.py,"(1021, 9)",79,sequential_79,Dense 64 -> 16 -> 32 -> 64 -> 64 -> 32 -> 1,mse,adam_79,50,256,1.4085,2851.944580078125,2856.1240234375,2761.290283203125,0.5768704516278536,0.7
2026-09-04 12:37:44,multi_repeat_random_states.py,"(1021, 9)",163,sequential_79,Dense 64 -> 16 -> 32 -> 64 -> 64 -> 32 -> 1,mse,adam_79,50,256,1.4557,5771.5009765625,3541.073974609375,2614.88525390625,0.5541238004775586,0.7
2026-09-04 12:37:46,multi_repeat_random_states.py,"(1021, 9)",163,sequential_79,Dense 64 -> 16 -> 32 -> 64 -> 64 -> 32 -> 1,mse,adam_79,50,256,1.4059,3343.35009765625,3179.44189453125,3119.512451171875,0.4680774299119689,0.7
2026-09-04 12:37:46,multi_repeat_random_states.py,"(1021, 9)",248,sequential_80,Dense 64 -> 16 -> 32 -> 64 -> 64 -> 32 -> 1,mse,adam_80,50,256,2.238,49899.09375,5206.0068359375,5509.33154296875,0.20354446817058858,0.7
2026-09-04 12:37:47,multi_repeat_random_states.py,"(1021, 9)",80,sequential_80,Dense 64 -> 16 -> 32 -> 64 -> 64 -> 32 -> 1,mse,adam_80,50,256,2.299,63704.65234375,5216.72119140625,4903.34521484375,0.2432910811648158,0.7
2026-09-04 12:37:47,multi_repeat_random_states.py,"(1021, 9)",248,sequential_80,Dense 64 -> 16 -> 32 -> 64 -> 64 -> 32 -> 1,mse,adam_80,50,256,1.4856,5207.20361328125,2857.2607421875,3178.92578125,0.5404392185945579,0.7
2026-09-04 12:37:48,multi_repeat_random_states.py,"(1021, 9)",80,sequential_80,Dense 64 -> 16 -> 32 -> 64 -> 64 -> 32 -> 1,mse,adam_80,50,256,1.396,5143.59521484375,2992.87158203125,2980.69580078125,0.5400040132980313,0.7
2026-09-04 12:37:48,multi_repeat_random_states.py,"(1021, 9)",164,sequential_80,Dense 64 -> 16 -> 32 -> 64 -> 64 -> 32 -> 1,mse,adam_80,50,256,2.3386,32990.62890625,4121.1796875,3888.22607421875,0.38649189907139814,0.7
2026-09-04 12:37:49,multi_repeat_random_states.py,"(1021, 9)",248,sequential_80,Dense 64 -> 16 -> 32 -> 64 -> 64 -> 32 -> 1,mse,adam_80,50,256,1.4106,2830.69580078125,2733.823486328125,3175.82470703125,0.540887515478675,0.7
2026-09-04 12:37:50,multi_repeat_random_states.py,"(1021, 9)",80,sequential_80,Dense 64 -> 16 -> 32 -> 64 -> 64 -> 32 -> 1,mse,adam_80,50,256,1.4119,2894.927001953125,2845.461669921875,2984.726318359375,0.5393820068253501,0.7
2026-09-04 12:37:50,multi_repeat_random_states.py,"(1021, 9)",164,sequential_80,Dense 64 -> 16 -> 32 -> 64 -> 64 -> 32 -> 1,mse,adam_80,50,256,1.5551,4169.84521484375,2864.97998046875,2833.310791015625,0.5529428557958124,0.7
2026-09-04 12:37:51,multi_repeat_random_states.py,"(1021, 9)",249,sequential_81,Dense 64 -> 16 -> 32 -> 64 -> 64 -> 32 -> 1,mse,adam_81,50,256,2.272,19282.87109375,3491.11328125,3374.98974609375,0.45622897489393854,0.7
2026-09-04 12:37:52,multi_repeat_random_states.py,"(1021, 9)",164,sequential_80,Dense 64 -> 16 -> 32 -> 64 -> 64 -> 32 -> 1,mse,adam_80,50,256,1.4543,2845.714111328125,2936.942138671875,2835.804443359375,0.5525494601260517,0.7
2026-09-04 12:37:52,multi_repeat_random_states.py,"(1021, 9)",81,sequential_81,Dense 64 -> 16 -> 32 -> 64 -> 64 -> 32 -> 1,mse,adam_81,50,256,2.2677,62808.49609375,5105.130859375,5126.78271484375,0.2507591704382154,0.7
2026-09-04 12:37:53,multi_repeat_random_states.py,"(1021, 9)",249,sequential_81,Dense 64 -> 16 -> 32 -> 64 -> 64 -> 32 -> 1,mse,adam_81,50,256,1.3977,3618.490478515625,3029.88916015625,2797.361328125,0.5492952451642961,0.7
2026-09-04 12:37:54,multi_repeat_random_states.py,"(1021, 9)",81,sequential_81,Dense 64 -> 16 -> 32 -> 64 -> 64 -> 32 -> 1,mse,adam_81,50,256,1.4004,4995.35009765625,3120.301513671875,3018.47314453125,0.5588727673185985,0.7
2026-09-04 12:37:54,multi_repeat_random_states.py,"(1021, 9)",165,sequential_81,Dense 64 -> 16 -> 32 -> 64 -> 64 -> 32 -> 1,mse,adam_81,50,256,2.2488,24267.07421875,3798.1845703125,3413.68017578125,0.5327924303503055,0.7
2026-09-04 12:37:54,multi_repeat_random_states.py,"(1021, 9)",249,sequential_81,Dense 64 -> 16 -> 32 -> 64 -> 64 -> 32 -> 1,mse,adam_81,50,256,1.411,3316.206787109375,3021.255126953125,2584.465087890625,0.5835965996416412,0.7
2026-09-04 12:37:55,multi_repeat_random_states.py,"(1021, 9)",81,sequential_81,Dense 64 -> 16 -> 32 -> 64 -> 64 -> 32 -> 1,mse,adam_81,50,256,1.4019,2927.8955078125,3138.894287109375,2890.102783203125,0.5776331387559451,0.7
2026-09-04 12:37:56,multi_repeat_random_states.py,"(1021, 9)",165,sequential_81,Dense 64 -> 16 -> 32 -> 64 -> 64 -> 32 -> 1,mse,adam_81,50,256,1.4099,3115.8408203125,2897.742431640625,2891.335693359375,0.6042821828163027,0.7
2026-09-04 12:37:57,multi_repeat_random_states.py,"(1021, 9)",250,sequential_82,Dense 64 -> 16 -> 32 -> 64 -> 64 -> 32 -> 1,mse,adam_82,50,256,2.3264,209333.34375,6031.76953125,6595.0869140625,0.044544956980264616,0.7
2026-09-04 12:37:57,multi_repeat_random_states.py,"(1021, 9)",165,sequential_81,Dense 64 -> 16 -> 32 -> 64 -> 64 -> 32 -> 1,mse,adam_81,50,256,1.3936,2892.2548828125,3070.01123046875,3021.912841796875,0.5864109065923383,0.7
2026-09-04 12:37:58,multi_repeat_random_states.py,"(1021, 9)",82,sequential_82,Dense 64 -> 16 -> 32 -> 64 -> 64 -> 32 -> 1,mse,adam_82,50,256,2.2451,308932.59375,6053.6044921875,5741.10546875,0.1345523996020499,0.7
2026-09-04 12:37:59,multi_repeat_random_states.py,"(1021, 9)",250,sequential_82,Dense 64 -> 16 -> 32 -> 64 -> 64 -> 32 -> 1,mse,adam_82,50,256,1.3905,6006.005859375,3307.084716796875,3741.72265625,0.45792257495975,0.7
2026-09-04 12:37:59,multi_repeat_random_states.py,"(1021, 9)",82,sequential_82,Dense 64 -> 16 -> 32 -> 64 -> 64 -> 32 -> 1,mse,adam_82,50,256,1.4177,6038.42138671875,4450.4443359375,4315.5087890625,0.34945516106215135,0.7
2026-09-04 12:38:00,multi_repeat_random_states.py,"(1021, 9)",166,sequential_82,Dense 64 -> 16 -> 32 -> 64 -> 64 -> 32 -> 1,mse,adam_82,50,256,2.2944,36293.890625,3837.750732421875,3943.042724609375,0.4492113756527599,0.7
2026-09-04 12:38:00,multi_repeat_random_states.py,"(1021, 9)",250,sequential_82,Dense 64 -> 16 -> 32 -> 64 -> 64 -> 32 -> 1,mse,adam_82,50,256,1.4239,3190.4921875,2938.454833984375,3388.12158203125,0.5091500441635127,0.7
2026-09-04 12:38:01,multi_repeat_random_states.py,"(1021, 9)",82,sequential_82,Dense 64 -> 16 -> 32 -> 64 -> 64 -> 32 -> 1,mse,adam_82,50,256,1.3984,4415.4228515625,3038.129638671875,2989.2890625,0.5493771192901284,0.7
2026-09-04 12:38:01,multi_repeat_random_states.py,"(1021, 9)",166,sequential_82,Dense 64 -> 16 -> 32 -> 64 -> 64 -> 32 -> 1,mse,adam_82,50,256,1.4057,3701.285888671875,3210.6767578125,3149.980224609375,0.559991265754097,0.7
2026-09-04 12:38:03,multi_repeat_random_states.py,"(1021, 9)",251,sequential_83,Dense 64 -> 16 -> 32 -> 64 -> 64 -> 32 -> 1,mse,adam_83,50,256,2.2718,56246.87890625,4128.14990234375,5037.07373046875,0.3452678624857095,0.7
2026-09-04 12:38:03,multi_repeat_random_states.py,"(1021, 9)",166,sequential_82,Dense 64 -> 16 -> 32 -> 64 -> 64 -> 32 -> 1,mse,adam_82,50,256,1.4093,3441.836669921875,2931.52685546875,3197.53515625,0.5533485176282409,0.7
2026-09-04 12:38:03,multi_repeat_random_states.py,"(1021, 9)",83,sequential_83,Dense 64 -> 16 -> 32 -> 64 -> 64 -> 32 -> 1,mse,adam_83,50,256,2.2771,85141.0625,5230.6689453125,5738.0712890625,0.18195629791303558,0.7
2026-09-04 12:38:04,multi_repeat_random_states.py,"(1021, 9)",251,sequential_83,Dense 64 -> 16 -> 32 -> 64 -> 64 -> 32 -> 1,mse,adam_83,50,256,1.4825,4068.088134765625,2774.906005859375,3343.033203125,0.5654637239533961,0.7
2026-09-04 12:38:05,multi_repeat_random_states.py,"(1021, 9)",83,sequential_83,Dense 64 -> 16 -> 32 -> 64 -> 64 -> 32 -> 1,mse,adam_83,50,256,1.4507,5211.95654296875,3046.8642578125,3303.4443359375,0.5290469603716192,0.7
2026-09-04 12:38:05,multi_repeat_random_states.py,"(1021, 9)",167,sequential_83,Dense 64 -> 16 -> 32 -> 64 -> 64 -> 32 -> 1,mse,adam_83,50,256,2.3119,18962.412109375,3811.169677734375,3882.693603515625,0.44829456598007655,0.7
2026-09-04 12:38:06,multi_repeat_random_states.py,"(1021, 9)",251,sequential_83,Dense 64 -> 16 -> 32 -> 64 -> 64 -> 32 -> 1,mse,adam_83,50,256,1.4097,2781.559326171875,3099.0224609375,4431.56982421875,0.4239728784959559,0.7
2026-09-04 12:38:06,multi_repeat_random_states.py,"(1021, 9)",83,sequential_83,Dense 64 -> 16 -> 32 -> 64 -> 64 -> 32 -> 1,mse,adam_83,50,256,1.4028,2888.409912109375,2977.26708984375,3032.0478515625,0.5677383902482538,0.7
2026-09-04 12:38:07,multi_repeat_random_states.py,"(1021, 9)",167,sequential_83,Dense 64 -> 16 -> 32 -> 64 -> 64 -> 32 -> 1,mse,adam_83,50,256,1.4068,3786.1845703125,3176.205810546875,3126.015625,0.5558135165347109,0.7
2026-09-04 12:38:08,multi_repeat_random_states.py,"(1021, 9)",252,sequential_84,Dense 64 -> 16 -> 32 -> 64 -> 64 -> 32 -> 1,mse,adam_84,50,256,2.2783,26520.201171875,4303.48193359375,3660.90478515625,0.4056245845445897,0.7
2026-09-04 12:38:08,multi_repeat_random_states.py,"(1021, 9)",167,sequential_83,Dense 64 -> 16 -> 32 -> 64 -> 64 -> 32 -> 1,mse,adam_83,50,256,1.4001,3098.7685546875,2839.272705078125,2782.15478515625,0.6046739541889852,0.7
2026-09-04 12:38:09,multi_repeat_random_states.py,"(1021, 9)",336,sequential_84,Dense 64 -> 16 -> 32 -> 64 -> 64 -> 32 -> 1,mse,adam_84,50,256,2.2491,96157.8671875,5833.78759765625,5614.08154296875,0.15763946846961674,0.7
2026-09-04 12:38:10,multi_repeat_random_states.py,"(1021, 9)",252,sequential_84,Dense 64 -> 16 -> 32 -> 64 -> 64 -> 32 -> 1,mse,adam_84,50,256,1.4215,4149.26513671875,3257.48193359375,3463.37451171875,0.4376950612806153,0.7
2026-09-04 12:38:10,multi_repeat_random_states.py,"(1021, 9)",336,sequential_84,Dense 64 -> 16 -> 32 -> 64 -> 64 -> 32 -> 1,mse,adam_84,50,256,1.4307,5808.55224609375,3025.445068359375,2873.225830078125,0.5688890927098964,0.7
2026-09-04 12:38:11,multi_repeat_random_states.py,"(1021, 9)",420,sequential_84,Dense 64 -> 16 -> 32 -> 64 -> 64 -> 32 -> 1,mse,adam_84,50,256,2.3371,21536.255859375,3217.867431640625,3205.576171875,0.503602735530801,0.7
2026-09-04 12:38:11,multi_repeat_random_states.py,"(1021, 9)",252,sequential_84,Dense 64 -> 16 -> 32 -> 64 -> 64 -> 32 -> 1,mse,adam_84,50,256,1.5242,3227.0693359375,2897.647216796875,2663.954833984375,0.5674868427740378,0.7
2026-09-04 12:38:12,multi_repeat_random_states.py,"(1021, 9)",336,sequential_84,Dense 64 -> 16 -> 32 -> 64 -> 64 -> 32 -> 1,mse,adam_84,50,256,1.4015,3095.72705078125,2971.398681640625,2662.8828125,0.6004498770041852,0.7
2026-09-04 12:38:12,multi_repeat_random_states.py,"(1021, 9)",420,sequential_84,Dense 64 -> 16 -> 32 -> 64 -> 64 -> 32 -> 1,mse,adam_84,50,256,1.4477,2999.18017578125,2831.212646484375,2947.334228515625,0.5435925871094547,0.7
2026-09-04 12:38:14,multi_repeat_random_states.py,"(1021, 9)",253,sequential_85,Dense 64 -> 16 -> 32 -> 64 -> 64 -> 32 -> 1,mse,adam_85,50,256,2.2557,34918.06640625,3653.440673828125,4091.4072265625,0.4427151294832481,0.7
2026-09-04 12:38:14,multi_repeat_random_states.py,"(1021, 9)",420,sequential_84,Dense 64 -> 16 -> 32 -> 64 -> 64 -> 32 -> 1,mse,adam_84,50,256,1.4123,2780.280517578125,2807.907470703125,2942.8564453125,0.544285943901637,0.7
2026-09-04 12:38:14,multi_repeat_random_states.py,"(1021, 9)",337,sequential_85,Dense 64 -> 16 -> 32 -> 64 -> 64 -> 32 -> 1,mse,adam_85,50,256,2.268,21604.474609375,3163.761962890625,3468.298828125,0.5197098994233407,0.7
2026-09-04 12:38:15,multi_repeat_random_states.py,"(1021, 9)",253,sequential_85,Dense 64 -> 16 -> 32 -> 64 -> 64 -> 32 -> 1,mse,adam_85,50,256,1.4154,3577.8134765625,2981.32861328125,2925.21484375,0.6015605971510884,0.7
2026-09-04 12:38:16,multi_repeat_random_states.py,"(1021, 9)",337,sequential_85,Dense 64 -> 16 -> 32 -> 64 -> 64 -> 32 -> 1,mse,adam_85,50,256,1.4034,2964.4892578125,2784.14453125,3262.050048828125,0.5482712758700804,0.7
2026-09-04 12:38:16,multi_repeat_random_states.py,"(1021, 9)",421,sequential_85,Dense 64 -> 16 -> 32 -> 64 -> 64 -> 32 -> 1,mse,adam_85,50,256,2.2609,35124.3515625,3888.48681640625,3758.26708984375,0.42748444984430023,0.7
2026-09-04 12:38:17,multi_repeat_random_states.py,"(1021, 9)",253,sequential_85,Dense 64 -> 16 -> 32 -> 64 -> 64 -> 32 -> 1,mse,adam_85,50,256,1.4038,3087.634033203125,2996.447265625,2934.170166015625,0.6003408196831485,0.7
2026-09-04 12:38:18,multi_repeat_random_states.py,"(1021, 9)",337,sequential_85,Dense 64 -> 16 -> 32 -> 64 -> 64 -> 32 -> 1,mse,adam_85,50,256,1.4127,2975.44775390625,2684.671630859375,3214.623779296875,0.5548387639629251,0.7
2026-09-04 12:38:18,multi_repeat_random_states.py,"(1021, 9)",421,sequential_85,Dense 64 -> 16 -> 32 -> 64 -> 64 -> 32 -> 1,mse,adam_85,50,256,1.3939,3658.8623046875,3351.337158203125,3408.944091796875,0.48069853866556833,0.7
2026-09-04 12:38:20,multi_repeat_random_states.py,"(1021, 9)",254,sequential_86,Dense 64 -> 16 -> 32 -> 64 -> 64 -> 32 -> 1,mse,adam_86,50,256,2.2691,48910.0859375,3739.266357421875,3055.489990234375,0.5070906013766894,0.7
2026-09-04 12:38:20,multi_repeat_random_states.py,"(1021, 9)",421,sequential_85,Dense 64 -> 16 -> 32 -> 64 -> 64 -> 32 -> 1,mse,adam_85,50,256,1.4629,3277.474609375,2841.1572265625,2766.982666015625,0.5784917884315045,0.7
2026-09-04 12:38:20,multi_repeat_random_states.py,"(1021, 9)",338,sequential_86,Dense 64 -> 16 -> 32 -> 64 -> 64 -> 32 -> 1,mse,adam_86,50,256,2.2548,48973.640625,4472.64501953125,5053.99755859375,0.3056009997332154,0.7
2026-09-04 12:38:21,multi_repeat_random_states.py,"(1021, 9)",254,sequential_86,Dense 64 -> 16 -> 32 -> 64 -> 64 -> 32 -> 1,mse,adam_86,50,256,1.3978,3787.44873046875,3089.360107421875,2508.593505859375,0.5953155179620088,0.7
2026-09-04 12:38:22,multi_repeat_random_states.py,"(1021, 9)",338,sequential_86,Dense 64 -> 16 -> 32 -> 64 -> 64 -> 32 -> 1,mse,adam_86,50,256,1.4521,4324.56298828125,2882.86181640625,3132.108154296875,0.5696609676466847,0.7
2026-09-04 12:38:22,multi_repeat_random_states.py,"(1021, 9)",422,sequential_86,Dense 64 -> 16 -> 32 -> 64 -> 64 -> 32 -> 1,mse,adam_86,50,256,2.2348,67192.234375,4447.6806640625,4428.470703125,0.29917930563585604,0.7
2026-09-04 12:38:23,multi_repeat_random_states.py,"(1021, 9)",254,sequential_86,Dense 64 -> 16 -> 32 -> 64 -> 64 -> 32 -> 1,mse,adam_86,50,256,1.4091,3022.013427734375,3565.097900390625,3761.13671875,0.3932562652696646,0.7
2026-09-04 12:38:23,multi_repeat_random_states.py,"(1021, 9)",338,sequential_86,Dense 64 -> 16 -> 32 -> 64 -> 64 -> 32 -> 1,mse,adam_86,50,256,1.4414,2889.13916015625,2869.291015625,3181.76416015625,0.5628383965384361,0.7
2026-09-04 12:38:24,multi_repeat_random_states.py,"(1021, 9)",422,sequential_86,Dense 64 -> 16 -> 32 -> 64 -> 64 -> 32 -> 1,mse,adam_86,50,256,1.3907,4619.25244140625,2999.444580078125,2786.654052734375,0.5590024768542996,0.7
2026-09-04 12:38:25,multi_repeat_random_states.py,"(1021, 9)",255,sequential_87,Dense 64 -> 16 -> 32 -> 64 -> 64 -> 32 -> 1,mse,adam_87,50,256,2.257,79914.609375,5154.92578125,5218.31494140625,0.27888208840159456,0.7
2026-09-04 12:38:25,multi_repeat_random_states.py,"(1021, 9)",422,sequential_86,Dense 64 -> 16 -> 32 -> 64 -> 64 -> 32 -> 1,mse,adam_86,50,256,1.428,3030.517578125,3143.833740234375,2709.092529296875,0.571276919527847,0.7
2026-09-04 12:38:26,multi_repeat_random_states.py,"(1021, 9)",339,sequential_87,Dense 64 -> 16 -> 32 -> 64 -> 64 -> 32 -> 1,mse,adam_87,50,256,2.2713,49247.17578125,4855.712890625,3926.3515625,0.34769952072054955,0.7
2026-09-04 12:38:27,multi_repeat_random_states.py,"(1021, 9)",255,sequential_87,Dense 64 -> 16 -> 32 -> 64 -> 64 -> 32 -> 1,mse,adam_87,50,256,1.4024,5085.75830078125,3332.7392578125,3067.089599609375,0.5761594974880471,0.7
2026-09-04 12:38:27,multi_repeat_random_states.py,"(1021, 9)",339,sequential_87,Dense 64 -> 16 -> 32 -> 64 -> 64 -> 32 -> 1,mse,adam_87,50,256,1.3988,4629.23779296875,3012.1904296875,2541.83984375,0.57771399417672,0.7
2026-09-04 12:38:28,multi_repeat_random_states.py,"(1021, 9)",423,sequential_87,Dense 64 -> 16 -> 32 -> 64 -> 64 -> 32 -> 1,mse,adam_87,50,256,2.2331,442359.96875,6069.26611328125,6444.1865234375,0.040354785677033544,0.7
2026-09-04 12:38:28,multi_repeat_random_states.py,"(1021, 9)",255,sequential_87,Dense 64 -> 16 -> 32 -> 64 -> 64 -> 32 -> 1,mse,adam_87,50,256,1.3954,3025.19775390625,3115.426025390625,2849.421875,0.6062389745108804,0.7
2026-09-04 12:38:29,multi_repeat_random_states.py,"(1021, 9)",339,sequential_87,Dense 64 -> 16 -> 32 -> 64 -> 64 -> 32 -> 1,mse,adam_87,50,256,1.3911,3124.84375,2987.8701171875,2924.000244140625,0.5142241267552414,0.7
2026-09-04 12:38:29,multi_repeat_random_states.py,"(1021, 9)",423,sequential_87,Dense 64 -> 16 -> 32 -> 64 -> 64 -> 32 -> 1,mse,adam_87,50,256,1.4771,6065.1962890625,5560.35400390625,5865.54052734375,0.12652482961810796,0.7
2026-09-04 12:38:31,multi_repeat_random_states.py,"(1021, 9)",256,sequential_88,Dense 64 -> 16 -> 32 -> 64 -> 64 -> 32 -> 1,mse,adam_88,50,256,2.2238,189105.3125,5596.994140625,6184.3505859375,0.1310641368500518,0.7
2026-09-04 12:38:31,multi_repeat_random_states.py,"(1021, 9)",423,sequential_87,Dense 64 -> 16 -> 32 -> 64 -> 64 -> 32 -> 1,mse,adam_87,50,256,1.4104,5543.88623046875,3832.97021484375,4018.829833984375,0.4015302723211097,0.7
2026-09-04 12:38:31,multi_repeat_random_states.py,"(1021, 9)",340,sequential_88,Dense 64 -> 16 -> 32 -> 64 -> 64 -> 32 -> 1,mse,adam_88,50,256,2.2638,22664.19140625,3786.081787109375,4091.86962890625,0.42420764129468524,0.7
2026-09-04 12:38:32,multi_repeat_random_states.py,"(1021, 9)",256,sequential_88,Dense 64 -> 16 -> 32 -> 64 -> 64 -> 32 -> 1,mse,adam_88,50,256,1.4077,5552.3154296875,3362.744140625,3965.394775390625,0.44283978781959654,0.7
2026-09-04 12:38:33,multi_repeat_random_states.py,"(1021, 9)",340,sequential_88,Dense 64 -> 16 -> 32 -> 64 -> 64 -> 32 -> 1,mse,adam_88,50,256,1.4203,3801.878662109375,3101.941650390625,3715.75048828125,0.4771336698235883,0.7
2026-09-04 12:38:33,multi_repeat_random_states.py,"(1021, 9)",424,sequential_88,Dense 64 -> 16 -> 32 -> 64 -> 64 -> 32 -> 1,mse,adam_88,50,256,2.2353,23154.748046875,3928.729736328125,3246.530029296875,0.537038815826591,0.7
2026-09-04 12:38:34,multi_repeat_random_states.py,"(1021, 9)",256,sequential_88,Dense 64 -> 16 -> 32 -> 64 -> 64 -> 32 -> 1,mse,adam_88,50,256,1.4557,3182.082275390625,2765.01416015625,3264.831787109375,0.541272775068836,0.7
2026-09-04 12:38:34,multi_repeat_random_states.py,"(1021, 9)",340,sequential_88,Dense 64 -> 16 -> 32 -> 64 -> 64 -> 32 -> 1,mse,adam_88,50,256,1.3875,3227.811767578125,2844.251708984375,3042.826416015625,0.5718250030974534,0.7
2026-09-04 12:38:35,multi_repeat_random_states.py,"(1021, 9)",424,sequential_88,Dense 64 -> 16 -> 32 -> 64 -> 64 -> 32 -> 1,mse,adam_88,50,256,1.3885,3488.407958984375,3471.885498046875,3046.85009765625,0.5655135718474615,0.7
2026-09-04 12:38:36,multi_repeat_random_states.py,"(1021, 9)",257,sequential_89,Dense 64 -> 16 -> 32 -> 64 -> 64 -> 32 -> 1,mse,adam_89,50,256,2.2302,104769.5,5163.47900390625,5822.5849609375,0.21152091920663862,0.7
2026-09-04 12:38:36,multi_repeat_random_states.py,"(1021, 9)",424,sequential_88,Dense 64 -> 16 -> 32 -> 64 -> 64 -> 32 -> 1,mse,adam_88,50,256,1.4032,3342.17333984375,3010.946044921875,2731.44873046875,0.6104903619132274,0.7
2026-09-04 12:38:37,multi_repeat_random_states.py,"(1021, 9)",341,sequential_89,Dense 64 -> 16 -> 32 -> 64 -> 64 -> 32 -> 1,mse,adam_89,50,256,2.2676,46134.4296875,5494.455078125,4455.11279296875,0.2523992028192389,0.7
2026-09-04 12:38:38,multi_repeat_random_states.py,"(1021, 9)",257,sequential_89,Dense 64 -> 16 -> 32 -> 64 -> 64 -> 32 -> 1,mse,adam_89,50,256,1.4454,5125.55517578125,2941.58154296875,3442.02001953125,0.5338907924342465,0.7
2026-09-04 12:38:38,multi_repeat_random_states.py,"(1021, 9)",341,sequential_89,Dense 64 -> 16 -> 32 -> 64 -> 64 -> 32 -> 1,mse,adam_89,50,256,1.4495,5391.78125,3343.75146484375,2285.760009765625,0.6164326342446473,0.7
2026-09-04 12:38:39,multi_repeat_random_states.py,"(1021, 9)",425,sequential_89,Dense 64 -> 16 -> 32 -> 64 -> 64 -> 32 -> 1,mse,adam_89,50,256,2.2612,86677.734375,5246.87890625,6330.14306640625,0.17266411993243203,0.7
2026-09-04 12:38:39,multi_repeat_random_states.py,"(1021, 9)",257,sequential_89,Dense 64 -> 16 -> 32 -> 64 -> 64 -> 32 -> 1,mse,adam_89,50,256,1.4362,2970.991455078125,2758.97607421875,3133.69384765625,0.5756434758975542,0.7
2026-09-04 12:38:40,multi_repeat_random_states.py,"(1021, 9)",341,sequential_89,Dense 64 -> 16 -> 32 -> 64 -> 64 -> 32 -> 1,mse,adam_89,50,256,1.3951,3427.81103515625,3137.745361328125,2240.929931640625,0.6239554359851599,0.7
2026-09-04 12:38:40,multi_repeat_random_states.py,"(1021, 9)",425,sequential_89,Dense 64 -> 16 -> 32 -> 64 -> 64 -> 32 -> 1,mse,adam_89,50,256,1.3859,5185.228515625,3249.97509765625,3874.043212890625,0.4936710499987981,0.7
2026-09-04 12:38:42,multi_repeat_random_states.py,"(1021, 9)",258,sequential_90,Dense 64 -> 16 -> 32 -> 64 -> 64 -> 32 -> 1,mse,adam_90,50,256,2.2169,39545.0625,3893.729248046875,4346.36083984375,0.3900089678384876,0.7
2026-09-04 12:38:42,multi_repeat_random_states.py,"(1021, 9)",425,sequential_89,Dense 64 -> 16 -> 32 -> 64 -> 64 -> 32 -> 1,mse,adam_89,50,256,1.4233,2923.320068359375,2559.943603515625,3547.306396484375,0.5363748242537983,0.7
2026-09-04 12:38:42,multi_repeat_random_states.py,"(1021, 9)",342,sequential_90,Dense 64 -> 16 -> 32 -> 64 -> 64 -> 32 -> 1,mse,adam_90,50,256,2.2733,127771.1171875,5800.92578125,5419.14208984375,0.15722370571646016,0.7
2026-09-04 12:38:43,multi_repeat_random_states.py,"(1021, 9)",258,sequential_90,Dense 64 -> 16 -> 32 -> 64 -> 64 -> 32 -> 1,mse,adam_90,50,256,1.3857,3796.242431640625,3221.31201171875,3353.305908203125,0.5293794701862042,0.7
2026-09-04 12:38:44,multi_repeat_random_states.py,"(1021, 9)",342,sequential_90,Dense 64 -> 16 -> 32 -> 64 -> 64 -> 32 -> 1,mse,adam_90,50,256,1.3867,5745.90380859375,2980.428466796875,3053.1962890625,0.5251718752389024,0.7
2026-09-04 12:38:44,multi_repeat_random_states.py,"(1021, 9)",426,sequential_90,Dense 64 -> 16 -> 32 -> 64 -> 64 -> 32 -> 1,mse,adam_90,50,256,2.2497,78041.125,5519.33740234375,6224.55810546875,0.13552282650688896,0.7
2026-09-04 12:38:45,multi_repeat_random_states.py,"(1021, 9)",258,sequential_90,Dense 64 -> 16 -> 32 -> 64 -> 64 -> 32 -> 1,mse,adam_90,50,256,1.3835,2878.81201171875,2824.455078125,3465.90771484375,0.5135762869578674,0.7
2026-09-04 12:38:45,multi_repeat_random_states.py,"(1021, 9)",342,sequential_90,Dense 64 -> 16 -> 32 -> 64 -> 64 -> 32 -> 1,mse,adam_90,50,256,1.3901,3093.34765625,2832.964111328125,2842.094482421875,0.5580020751553311,0.7
2026-09-04 12:38:46,multi_repeat_random_states.py,"(1021, 9)",426,sequential_90,Dense 64 -> 16 -> 32 -> 64 -> 64 -> 32 -> 1,mse,adam_90,50,256,1.434,5487.634765625,2805.2353515625,3365.121337890625,0.5326462435721891,0.7
2026-09-04 12:38:47,multi_repeat_random_states.py,"(1021, 9)",426,sequential_90,Dense 64 -> 16 -> 32 -> 64 -> 64 -> 32 -> 1,mse,adam_90,50,256,1.4584,2944.370361328125,2766.575439453125,3214.9775390625,0.5534984864694303,0.7
2026-09-04 12:38:48,multi_repeat_random_states.py,"(1021, 9)",259,sequential_91,Dense 64 -> 16 -> 32 -> 64 -> 64 -> 32 -> 1,mse,adam_91,50,256,3.1217,123473.0859375,6168.8251953125,6284.8984375,0.09805334679413091,0.7
2026-09-04 12:38:49,multi_repeat_random_states.py,"(1021, 9)",343,sequential_91,Dense 64 -> 16 -> 32 -> 64 -> 64 -> 32 -> 1,mse,adam_91,50,256,3.1278,44312.94921875,4964.11376953125,5047.0234375,0.2816504334425991,0.7
2026-09-04 12:38:50,multi_repeat_random_states.py,"(1021, 9)",259,sequential_91,Dense 64 -> 16 -> 32 -> 64 -> 64 -> 32 -> 1,mse,adam_91,50,256,1.4246,6143.27294921875,3536.214111328125,3320.541259765625,0.5234686771083741,0.7
2026-09-04 12:38:50,multi_repeat_random_states.py,"(1021, 9)",343,sequential_91,Dense 64 -> 16 -> 32 -> 64 -> 64 -> 32 -> 1,mse,adam_91,50,256,1.4032,4936.78076171875,3140.62841796875,2888.988525390625,0.5888064139723888,0.7
2026-09-04 12:38:51,multi_repeat_random_states.py,"(1021, 9)",427,sequential_91,Dense 64 -> 16 -> 32 -> 64 -> 64 -> 32 -> 1,mse,adam_91,50,256,3.1012,27228.859375,3096.912841796875,4192.77197265625,0.4097924190883303,0.7
2026-09-04 12:38:51,multi_repeat_random_states.py,"(1021, 9)",259,sequential_91,Dense 64 -> 16 -> 32 -> 64 -> 64 -> 32 -> 1,mse,adam_91,50,256,1.4678,3614.004150390625,3589.56982421875,4012.223388671875,0.42420532696633506,0.7
2026-09-04 12:38:52,multi_repeat_random_states.py,"(1021, 9)",343,sequential_91,Dense 64 -> 16 -> 32 -> 64 -> 64 -> 32 -> 1,mse,adam_91,50,256,1.4097,2914.1005859375,2963.15478515625,2746.037353515625,0.6091528760887788,0.7
2026-09-04 12:38:52,multi_repeat_random_states.py,"(1021, 9)",427,sequential_91,Dense 64 -> 16 -> 32 -> 64 -> 64 -> 32 -> 1,mse,adam_91,50,256,1.4213,3498.99951171875,2826.567138671875,3157.112548828125,0.5555800544284271,0.7
2026-09-04 12:38:54,multi_repeat_random_states.py,"(1021, 9)",260,sequential_92,Dense 64 -> 16 -> 32 -> 64 -> 64 -> 32 -> 1,mse,adam_92,50,256,2.2585,25901.68359375,3516.47265625,3356.065673828125,0.5030229533839912,0.7
2026-09-04 12:38:54,multi_repeat_random_states.py,"(1021, 9)",427,sequential_91,Dense 64 -> 16 -> 32 -> 64 -> 64 -> 32 -> 1,mse,adam_91,50,256,1.4158,2766.60986328125,2752.224853515625,3172.473388671875,0.5534176606805533,0.7
2026-09-04 12:38:54,multi_repeat_random_states.py,"(1021, 9)",344,sequential_92,Dense 64 -> 16 -> 32 -> 64 -> 64 -> 32 -> 1,mse,adam_92,50,256,2.2771,27825.001953125,3373.9521484375,3498.6044921875,0.5042457655798138,0.7
2026-09-04 12:38:55,multi_repeat_random_states.py,"(1021, 9)",260,sequential_92,Dense 64 -> 16 -> 32 -> 64 -> 64 -> 32 -> 1,mse,adam_92,50,256,1.4236,3315.076416015625,3402.14990234375,2884.648193359375,0.5728319434921413,0.7
2026-09-04 12:38:56,multi_repeat_random_states.py,"(1021, 9)",344,sequential_92,Dense 64 -> 16 -> 32 -> 64 -> 64 -> 32 -> 1,mse,adam_92,50,256,1.4015,3687.367431640625,2861.273193359375,3139.5546875,0.5551232930905002,0.7
2026-09-04 12:38:56,multi_repeat_random_states.py,"(1021, 9)",428,sequential_92,Dense 64 -> 16 -> 32 -> 64 -> 64 -> 32 -> 1,mse,adam_92,50,256,2.2403,28913.041015625,4254.11181640625,4885.03857421875,0.2282232004090503,0.7
2026-09-04 12:38:57,multi_repeat_random_states.py,"(1021, 9)",260,sequential_92,Dense 64 -> 16 -> 32 -> 64 -> 64 -> 32 -> 1,mse,adam_92,50,256,1.4818,3090.631103515625,2904.391357421875,2906.350341796875,0.5696182217881183,0.7
2026-09-04 12:38:57,multi_repeat_random_states.py,"(1021, 9)",344,sequential_92,Dense 64 -> 16 -> 32 -> 64 -> 64 -> 32 -> 1,mse,adam_92,50,256,1.388,3062.90234375,3465.6875,3021.337646484375,0.571874709311305,0.7
2026-09-04 12:38:58,multi_repeat_random_states.py,"(1021, 9)",428,sequential_92,Dense 64 -> 16 -> 32 -> 64 -> 64 -> 32 -> 1,mse,adam_92,50,256,1.4028,4209.443359375,2973.10498046875,2923.395263671875,0.5381390423131597,0.7
2026-09-04 12:38:59,multi_repeat_random_states.py,"(1021, 9)",428,sequential_92,Dense 64 -> 16 -> 32 -> 64 -> 64 -> 32 -> 1,mse,adam_92,50,256,1.4222,2959.169677734375,3102.35009765625,2878.1484375,0.5452875101716192,0.7
2026-09-04 12:38:59,multi_repeat_random_states.py,"(1021, 9)",261,sequential_93,Dense 64 -> 16 -> 32 -> 64 -> 64 -> 32 -> 1,mse,adam_93,50,256,2.2952,51276.33984375,5160.03466796875,5257.6416015625,0.26451481167808266,0.7
2026-09-04 12:39:00,multi_repeat_random_states.py,"(1021, 9)",345,sequential_93,Dense 64 -> 16 -> 32 -> 64 -> 64 -> 32 -> 1,mse,adam_93,50,256,2.2588,242278.796875,5908.46044921875,5443.6416015625,0.17314426585541964,0.7
2026-09-04 12:39:01,multi_repeat_random_states.py,"(1021, 9)",261,sequential_93,Dense 64 -> 16 -> 32 -> 64 -> 64 -> 32 -> 1,mse,adam_93,50,256,1.4246,5046.7470703125,2930.480712890625,3176.97705078125,0.555576484177937,0.7
2026-09-04 12:39:01,multi_repeat_random_states.py,"(1021, 9)",345,sequential_93,Dense 64 -> 16 -> 32 -> 64 -> 64 -> 32 -> 1,mse,adam_93,50,256,1.405,5887.7158203125,3177.277587890625,3164.2568359375,0.5193687442280255,0.7
2026-09-04 12:39:02,multi_repeat_random_states.py,"(1021, 9)",429,sequential_93,Dense 64 -> 16 -> 32 -> 64 -> 64 -> 32 -> 1,mse,adam_93,50,256,2.2553,85701.5625,5237.82275390625,5226.81689453125,0.22821404353415553,0.7
2026-09-04 12:39:02,multi_repeat_random_states.py,"(1021, 9)",261,sequential_93,Dense 64 -> 16 -> 32 -> 64 -> 64 -> 32 -> 1,mse,adam_93,50,256,1.4145,2982.89111328125,2801.96826171875,3013.453125,0.5784516805325763,0.7
2026-09-04 12:39:03,multi_repeat_random_states.py,"(1021, 9)",345,sequential_93,Dense 64 -> 16 -> 32 -> 64 -> 64 -> 32 -> 1,mse,adam_93,50,256,1.3985,3132.16015625,2845.8681640625,2804.09228515625,0.5740755093460839,0.7
2026-09-04 12:39:03,multi_repeat_random_states.py,"(1021, 9)",429,sequential_93,Dense 64 -> 16 -> 32 -> 64 -> 64 -> 32 -> 1,mse,adam_93,50,256,1.4198,5176.0634765625,3309.451171875,2984.593994140625,0.5592981537038846,0.7
2026-09-04 12:39:05,multi_repeat_random_states.py,"(1021, 9)",429,sequential_93,Dense 64 -> 16 -> 32 -> 64 -> 64 -> 32 -> 1,mse,adam_93,50,256,1.4163,3268.38134765625,3036.72265625,2703.468505859375,0.6008088524900022,0.7
2026-09-04 12:39:05,multi_repeat_random_states.py,"(1021, 9)",262,sequential_94,Dense 64 -> 16 -> 32 -> 64 -> 64 -> 32 -> 1,mse,adam_94,50,256,2.2923,50453.21875,3819.4453125,3878.425048828125,0.4414812278988691,0.7
2026-09-04 12:39:05,multi_repeat_random_states.py,"(1021, 9)",346,sequential_94,Dense 64 -> 16 -> 32 -> 64 -> 64 -> 32 -> 1,mse,adam_94,50,256,2.2456,21484.912109375,3291.6484375,3893.193603515625,0.4656864207497481,0.7
2026-09-04 12:39:06,multi_repeat_random_states.py,"(1021, 9)",262,sequential_94,Dense 64 -> 16 -> 32 -> 64 -> 64 -> 32 -> 1,mse,adam_94,50,256,1.4032,3742.32421875,2991.689697265625,2844.1279296875,0.5904268314141549,0.7
2026-09-04 12:39:07,multi_repeat_random_states.py,"(1021, 9)",346,sequential_94,Dense 64 -> 16 -> 32 -> 64 -> 64 -> 32 -> 1,mse,adam_94,50,256,1.4085,3396.95654296875,2804.048828125,3181.041015625,0.5634243525107847,0.7
2026-09-04 12:39:07,multi_repeat_random_states.py,"(1021, 9)",430,sequential_94,Dense 64 -> 16 -> 32 -> 64 -> 64 -> 32 -> 1,mse,adam_94,50,256,2.2633,45943.03515625,3316.589111328125,3558.002197265625,0.49314282047101987,0.7
2026-09-04 12:39:08,multi_repeat_random_states.py,"(1021, 9)",262,sequential_94,Dense 64 -> 16 -> 32 -> 64 -> 64 -> 32 -> 1,mse,adam_94,50,256,1.4091,3029.083984375,2875.079833984375,2725.80908203125,0.6074655066551109,0.7
2026-09-04 12:39:08,multi_repeat_random_states.py,"(1021, 9)",346,sequential_94,Dense 64 -> 16 -> 32 -> 64 -> 64 -> 32 -> 1,mse,adam_94,50,256,1.407,2685.44580078125,2845.434326171875,3326.985107421875,0.5433946064483992,0.7
2026-09-04 12:39:09,multi_repeat_random_states.py,"(1021, 9)",430,sequential_94,Dense 64 -> 16 -> 32 -> 64 -> 64 -> 32 -> 1,mse,adam_94,50,256,1.3868,3540.00830078125,2968.29638671875,3279.520263671875,0.532814146577625,0.7
2026-09-04 12:39:10,multi_repeat_random_states.py,"(1021, 9)",430,sequential_94,Dense 64 -> 16 -> 32 -> 64 -> 64 -> 32 -> 1,mse,adam_94,50,256,1.4233,2841.64404296875,2781.39697265625,3046.833251953125,0.5659616632387416,0.7
2026-09-04 12:39:10,multi_repeat_random_states.py,"(1021, 9)",263,sequential_95,Dense 64 -> 16 -> 32 -> 64 -> 64 -> 32 -> 1,mse,adam_95,50,256,2.2421,113042.203125,6001.3408203125,4707.30322265625,0.20227283983211075,0.7
2026-09-04 12:39:11,multi_repeat_random_states.py,"(1021, 9)",347,sequential_95,Dense 64 -> 16 -> 32 -> 64 -> 64 -> 32 -> 1,mse,adam_95,50,256,2.2474,51603.46484375,4085.781005859375,3582.373779296875,0.4593423486918543,0.7
2026-09-04 12:39:12,multi_repeat_random_states.py,"(1021, 9)",263,sequential_95,Dense 64 -> 16 -> 32 -> 64 -> 64 -> 32 -> 1,mse,adam_95,50,256,1.3856,5950.2255859375,3195.820556640625,2864.008544921875,0.5146484082589802,0.7
2026-09-04 12:39:12,multi_repeat_random_states.py,"(1021, 9)",347,sequential_95,Dense 64 -> 16 -> 32 -> 64 -> 64 -> 32 -> 1,mse,adam_95,50,256,1.411,3814.48486328125,2974.248046875,3000.656982421875,0.5471360148737974,0.7
2026-09-04 12:39:13,multi_repeat_random_states.py,"(1021, 9)",431,sequential_95,Dense 64 -> 16 -> 32 -> 64 -> 64 -> 32 -> 1,mse,adam_95,50,256,2.2491,70001.921875,5258.32861328125,5540.17578125,0.20050717910066074,0.7
2026-09-04 12:39:13,multi_repeat_random_states.py,"(1021, 9)",263,sequential_95,Dense 64 -> 16 -> 32 -> 64 -> 64 -> 32 -> 1,mse,adam_95,50,256,1.3968,3113.740966796875,2946.379150390625,2820.978515625,0.521940469611303,0.7
2026-09-04 12:39:14,multi_repeat_random_states.py,"(1021, 9)",347,sequential_95,Dense 64 -> 16 -> 32 -> 64 -> 64 -> 32 -> 1,mse,adam_95,50,256,1.4027,3109.29345703125,3047.21533203125,2582.03759765625,0.6103146954677823,0.7
2026-09-04 12:39:14,multi_repeat_random_states.py,"(1021, 9)",431,sequential_95,Dense 64 -> 16 -> 32 -> 64 -> 64 -> 32 -> 1,mse,adam_95,50,256,1.4682,5191.0888671875,3021.91455078125,3043.05029296875,0.5608628527283016,0.7
2026-09-04 12:39:16,multi_repeat_random_states.py,"(1021, 9)",264,sequential_96,Dense 64 -> 16 -> 32 -> 64 -> 64 -> 32 -> 1,mse,adam_96,50,256,2.2805,233854.6875,6072.5869140625,6027.3974609375,0.15260998346458365,0.7
2026-09-04 12:39:16,multi_repeat_random_states.py,"(1021, 9)",431,sequential_95,Dense 64 -> 16 -> 32 -> 64 -> 64 -> 32 -> 1,mse,adam_95,50,256,1.4161,2847.888916015625,2817.0341796875,3191.12158203125,0.539494911392036,0.7
2026-09-04 12:39:16,multi_repeat_random_states.py,"(1021, 9)",348,sequential_96,Dense 64 -> 16 -> 32 -> 64 -> 64 -> 32 -> 1,mse,adam_96,50,256,2.2363,42219.0390625,4784.9521484375,5034.1494140625,0.27122805298794206,0.7
2026-09-04 12:39:18,multi_repeat_random_states.py,"(1021, 9)",264,sequential_96,Dense 64 -> 16 -> 32 -> 64 -> 64 -> 32 -> 1,mse,adam_96,50,256,1.438,6048.6298828125,3985.01904296875,3920.73974609375,0.4487843079998175,0.7
2026-09-04 12:39:18,multi_repeat_random_states.py,"(1021, 9)",348,sequential_96,Dense 64 -> 16 -> 32 -> 64 -> 64 -> 32 -> 1,mse,adam_96,50,256,1.4387,4669.2861328125,2996.31396484375,2913.921142578125,0.5781642534225098,0.7
2026-09-04 12:39:19,multi_repeat_random_states.py,"(1021, 9)",432,sequential_96,Dense 64 -> 16 -> 32 -> 64 -> 64 -> 32 -> 1,mse,adam_96,50,256,2.2423,26205.982421875,3597.226806640625,3618.119384765625,0.48811745094887826,0.7
2026-09-04 12:39:19,multi_repeat_random_states.py,"(1021, 9)",264,sequential_96,Dense 64 -> 16 -> 32 -> 64 -> 64 -> 32 -> 1,mse,adam_96,50,256,1.4002,3927.714599609375,3024.09521484375,2900.0322265625,0.592285311479388,0.7
2026-09-04 12:39:19,multi_repeat_random_states.py,"(1021, 9)",348,sequential_96,Dense 64 -> 16 -> 32 -> 64 -> 64 -> 32 -> 1,mse,adam_96,50,256,1.5061,3112.105224609375,3069.155029296875,2991.790283203125,0.5668915130011327,0.7
2026-09-04 12:39:20,multi_repeat_random_states.py,"(1021, 9)",432,sequential_96,Dense 64 -> 16 -> 32 -> 64 -> 64 -> 32 -> 1,mse,adam_96,50,256,1.4694,3223.727783203125,2803.735107421875,3278.0087890625,0.5362354206829306,0.7
2026-09-04 12:39:22,multi_repeat_random_states.py,"(1021, 9)",265,sequential_97,Dense 64 -> 16 -> 32 -> 64 -> 64 -> 32 -> 1,mse,adam_97,50,256,2.2765,39401.640625,4561.95458984375,3965.28076171875,0.3737790420658651,0.7
2026-09-04 12:39:22,multi_repeat_random_states.py,"(1021, 9)",432,sequential_96,Dense 64 -> 16 -> 32 -> 64 -> 64 -> 32 -> 1,mse,adam_96,50,256,1.4001,2979.473388671875,2778.735595703125,3040.53857421875,0.5698321094076879,0.7
2026-09-04 12:39:22,multi_repeat_random_states.py,"(1021, 9)",349,sequential_97,Dense 64 -> 16 -> 32 -> 64 -> 64 -> 32 -> 1,mse,adam_97,50,256,2.2274,104329.8515625,5239.6650390625,4914.52734375,0.2445047547870064,0.7
2026-09-04 12:39:23,multi_repeat_random_states.py,"(1021, 9)",265,sequential_97,Dense 64 -> 16 -> 32 -> 64 -> 64 -> 32 -> 1,mse,adam_97,50,256,1.4391,4319.4892578125,3288.852783203125,2523.661865234375,0.6014481767121761,0.7
2026-09-04 12:39:23,multi_repeat_random_states.py,"(1021, 9)",349,sequential_97,Dense 64 -> 16 -> 32 -> 64 -> 64 -> 32 -> 1,mse,adam_97,50,256,1.3989,5195.17138671875,3320.950439453125,3560.083984375,0.45271926179554645,0.7
2026-09-04 12:39:24,multi_repeat_random_states.py,"(1021, 9)",433,sequential_97,Dense 64 -> 16 -> 32 -> 64 -> 64 -> 32 -> 1,mse,adam_97,50,256,2.2605,85990.515625,5690.09765625,5284.533203125,0.16302207396277058,0.7
2026-09-04 12:39:25,multi_repeat_random_states.py,"(1021, 9)",265,sequential_97,Dense 64 -> 16 -> 32 -> 64 -> 64 -> 32 -> 1,mse,adam_97,50,256,1.4189,3061.6396484375,2957.708740234375,2595.631103515625,0.5900823787481679,0.7
2026-09-04 12:39:25,multi_repeat_random_states.py,"(1021, 9)",349,sequential_97,Dense 64 -> 16 -> 32 -> 64 -> 64 -> 32 -> 1,mse,adam_97,50,256,1.4204,3317.794921875,2841.414794921875,2905.44921875,0.553354185176756,0.7
2026-09-04 12:39:26,multi_repeat_random_states.py,"(1021, 9)",433,sequential_97,Dense 64 -> 16 -> 32 -> 64 -> 64 -> 32 -> 1,mse,adam_97,50,256,1.4035,5656.26171875,3013.88330078125,2851.591796875,0.5483575288754698,0.7
2026-09-04 12:39:27,multi_repeat_random_states.py,"(1021, 9)",266,sequential_98,Dense 64 -> 16 -> 32 -> 64 -> 64 -> 32 -> 1,mse,adam_98,50,256,2.2133,44604.31640625,3894.761962890625,3158.244384765625,0.4716522144530094,0.7
2026-09-04 12:39:27,multi_repeat_random_states.py,"(1021, 9)",433,sequential_97,Dense 64 -> 16 -> 32 -> 64 -> 64 -> 32 -> 1,mse,adam_97,50,256,1.4461,3007.452880859375,2906.615478515625,2747.071044921875,0.5649118605133325,0.7
2026-09-04 12:39:27,multi_repeat_random_states.py,"(1021, 9)",350,sequential_98,Dense 64 -> 16 -> 32 -> 64 -> 64 -> 32 -> 1,mse,adam_98,50,256,2.2192,48518.2421875,3539.203125,3852.62646484375,0.4797100596241557,0.7
2026-09-04 12:39:29,multi_repeat_random_states.py,"(1021, 9)",266,sequential_98,Dense 64 -> 16 -> 32 -> 64 -> 64 -> 32 -> 1,mse,adam_98,50,256,1.3891,3685.733154296875,3202.2021484375,3166.720703125,0.4702342732219744,0.7
2026-09-04 12:39:29,multi_repeat_random_states.py,"(1021, 9)",350,sequential_98,Dense 64 -> 16 -> 32 -> 64 -> 64 -> 32 -> 1,mse,adam_98,50,256,1.4359,3434.660888671875,2925.8466796875,3241.14697265625,0.5622892070971739,0.7
2026-09-04 12:39:30,multi_repeat_random_states.py,"(1021, 9)",434,sequential_98,Dense 64 -> 16 -> 32 -> 64 -> 64 -> 32 -> 1,mse,adam_98,50,256,2.2652,33802.91796875,4441.82861328125,3277.343017578125,0.4570796045202188,0.7
2026-09-04 12:39:30,multi_repeat_random_states.py,"(1021, 9)",266,sequential_98,Dense 64 -> 16 -> 32 -> 64 -> 64 -> 32 -> 1,mse,adam_98,50,256,1.4093,3156.661865234375,3117.0390625,2535.868408203125,0.5757705332134151,0.7
2026-09-04 12:39:30,multi_repeat_random_states.py,"(1021, 9)",350,sequential_98,Dense 64 -> 16 -> 32 -> 64 -> 64 -> 32 -> 1,mse,adam_98,50,256,1.4163,2728.82958984375,2693.25439453125,3117.200439453125,0.579028037005016,0.7
2026-09-04 12:39:31,multi_repeat_random_states.py,"(1021, 9)",434,sequential_98,Dense 64 -> 16 -> 32 -> 64 -> 64 -> 32 -> 1,mse,adam_98,50,256,1.45,3995.63916015625,3198.924072265625,3153.331298828125,0.47762316163487273,0.7
2026-09-04 12:39:33,multi_repeat_random_states.py,"(1021, 9)",267,sequential_99,Dense 64 -> 16 -> 32 -> 64 -> 64 -> 32 -> 1,mse,adam_99,50,256,2.2326,43972.70703125,4849.662109375,4591.62939453125,0.3093610307726976,0.7
2026-09-04 12:39:33,multi_repeat_random_states.py,"(1021, 9)",434,sequential_98,Dense 64 -> 16 -> 32 -> 64 -> 64 -> 32 -> 1,mse,adam_98,50,256,1.3944,3254.5244140625,2968.162109375,2533.943603515625,0.5802301656660329,0.7
2026-09-04 12:39:33,multi_repeat_random_states.py,"(1021, 9)",351,sequential_99,Dense 64 -> 16 -> 32 -> 64 -> 64 -> 32 -> 1,mse,adam_99,50,256,2.2398,101717.9140625,4860.90283203125,4855.802734375,0.28341382208054644,0.7
2026-09-04 12:39:34,multi_repeat_random_states.py,"(1021, 9)",267,sequential_99,Dense 64 -> 16 -> 32 -> 64 -> 64 -> 32 -> 1,mse,adam_99,50,256,1.3858,4710.46728515625,2949.210205078125,3154.768798828125,0.5254830144962137,0.7
2026-09-04 12:39:34,multi_repeat_random_states.py,"(1021, 9)",351,sequential_99,Dense 64 -> 16 -> 32 -> 64 -> 64 -> 32 -> 1,mse,adam_99,50,256,1.39,4820.73681640625,3070.85107421875,2777.321533203125,0.5901417554167219,0.7
2026-09-04 12:39:35,multi_repeat_random_states.py,"(1021, 9)",435,sequential_99,Dense 64 -> 16 -> 32 -> 64 -> 64 -> 32 -> 1,mse,adam_99,50,256,2.2961,34659.07421875,3729.115966796875,3465.77294921875,0.46481211334198,0.7
2026-09-04 12:39:36,multi_repeat_random_states.py,"(1021, 9)",267,sequential_99,Dense 64 -> 16 -> 32 -> 64 -> 64 -> 32 -> 1,mse,adam_99,50,256,1.4215,2948.922119140625,2800.58349609375,2879.150146484375,0.5669395369729513,0.7
2026-09-04 12:39:36,multi_repeat_random_states.py,"(1021, 9)",351,sequential_99,Dense 64 -> 16 -> 32 -> 64 -> 64 -> 32 -> 1,mse,adam_99,50,256,1.4239,3062.638671875,2925.578857421875,2781.21044921875,0.5895679347091223,0.7
2026-09-04 12:39:37,multi_repeat_random_states.py,"(1021, 9)",435,sequential_99,Dense 64 -> 16 -> 32 -> 64 -> 64 -> 32 -> 1,mse,adam_99,50,256,1.4006,3610.2958984375,3275.616455078125,3437.2470703125,0.4692170285397024,0.7
2026-09-04 12:39:38,multi_repeat_random_states.py,"(1021, 9)",268,sequential_100,Dense 64 -> 16 -> 32 -> 64 -> 64 -> 32 -> 1,mse,adam_100,50,256,2.2082,38118.43359375,4177.28515625,3330.4853515625,0.4838304377533119,0.7
2026-09-04 12:39:38,multi_repeat_random_states.py,"(1021, 9)",435,sequential_99,Dense 64 -> 16 -> 32 -> 64 -> 64 -> 32 -> 1,mse,adam_99,50,256,1.3903,3376.591064453125,3018.5068359375,2958.222412109375,0.5431885133369958,0.7
2026-09-04 12:39:38,multi_repeat_random_states.py,"(1021, 9)",352,sequential_100,Dense 64 -> 16 -> 32 -> 64 -> 64 -> 32 -> 1,mse,adam_100,50,256,2.2257,281106.40625,5822.79931640625,6483.083984375,0.09343952846085124,0.7
2026-09-04 12:39:40,multi_repeat_random_states.py,"(1021, 9)",268,sequential_100,Dense 64 -> 16 -> 32 -> 64 -> 64 -> 32 -> 1,mse,adam_100,50,256,1.4799,3999.894775390625,3086.9482421875,2905.093505859375,0.549759016469218,0.7
2026-09-04 12:39:40,multi_repeat_random_states.py,"(1021, 9)",352,sequential_100,Dense 64 -> 16 -> 32 -> 64 -> 64 -> 32 -> 1,mse,adam_100,50,256,1.4574,5808.806640625,4459.19775390625,5056.20556640625,0.29296675377519177,0.7
2026-09-04 12:39:41,multi_repeat_random_states.py,"(1021, 9)",436,sequential_100,Dense 64 -> 16 -> 32 -> 64 -> 64 -> 32 -> 1,mse,adam_100,50,256,2.2949,42587.21484375,4707.86962890625,4593.138671875,0.30662518674830563,0.7
2026-09-04 12:39:41,multi_repeat_random_states.py,"(1021, 9)",268,sequential_100,Dense 64 -> 16 -> 32 -> 64 -> 64 -> 32 -> 1,mse,adam_100,50,256,1.4199,2976.275390625,3127.0205078125,2711.8203125,0.5797131798169395,0.7
2026-09-04 12:39:42,multi_repeat_random_states.py,"(1021, 9)",352,sequential_100,Dense 64 -> 16 -> 32 -> 64 -> 64 -> 32 -> 1,mse,adam_100,50,256,1.4424,4411.466796875,2675.885986328125,3274.38916015625,0.5421265729783551,0.7
2026-09-04 12:39:42,multi_repeat_random_states.py,"(1021, 9)",436,sequential_100,Dense 64 -> 16 -> 32 -> 64 -> 64 -> 32 -> 1,mse,adam_100,50,256,1.4274,4655.10302734375,3489.242431640625,3453.1455078125,0.47871722162037367,0.7
2026-09-04 12:39:44,multi_repeat_random_states.py,"(1021, 9)",269,sequential_101,Dense 64 -> 16 -> 32 -> 64 -> 64 -> 32 -> 1,mse,adam_101,50,256,2.2081,28850.01171875,3485.13916015625,4008.382080078125,0.41436682478942155,0.7
2026-09-04 12:39:44,multi_repeat_random_states.py,"(1021, 9)",436,sequential_100,Dense 64 -> 16 -> 32 -> 64 -> 64 -> 32 -> 1,mse,adam_100,50,256,1.4586,3268.909423828125,2925.79443359375,2829.8662109375,0.57280672639279,0.7
2026-09-04 12:39:44,multi_repeat_random_states.py,"(1021, 9)",353,sequential_101,Dense 64 -> 16 -> 32 -> 64 -> 64 -> 32 -> 1,mse,adam_101,50,256,2.2237,211284.328125,6439.3779296875,5815.9013671875,-0.04084158466991883,0.7
2026-09-04 12:39:45,multi_repeat_random_states.py,"(1021, 9)",269,sequential_101,Dense 64 -> 16 -> 32 -> 64 -> 64 -> 32 -> 1,mse,adam_101,50,256,1.4948,3450.910400390625,2761.015625,3195.815673828125,0.5330845816988619,0.7
2026-09-04 12:39:46,multi_repeat_random_states.py,"(1021, 9)",353,sequential_101,Dense 64 -> 16 -> 32 -> 64 -> 64 -> 32 -> 1,mse,adam_101,50,256,1.4735,6425.82861328125,4337.92822265625,3740.92626953125,0.3305058355577394,0.7
2026-09-04 12:39:46,multi_repeat_random_states.py,"(1021, 9)",437,sequential_101,Dense 64 -> 16 -> 32 -> 64 -> 64 -> 32 -> 1,mse,adam_101,50,256,2.252,35531.92578125,3996.5810546875,4325.8369140625,0.3324241466390949,0.7
2026-09-04 12:39:47,multi_repeat_random_states.py,"(1021, 9)",269,sequential_101,Dense 64 -> 16 -> 32 -> 64 -> 64 -> 32 -> 1,mse,adam_101,50,256,1.5264,2733.714599609375,2858.15966796875,3128.136474609375,0.5429725558646908,0.7
2026-09-04 12:39:47,multi_repeat_random_states.py,"(1021, 9)",353,sequential_101,Dense 64 -> 16 -> 32 -> 64 -> 64 -> 32 -> 1,mse,adam_101,50,256,1.4408,4244.74853515625,3040.33203125,2699.240478515625,0.5169309658845518,0.7
2026-09-04 12:39:48,multi_repeat_random_states.py,"(1021, 9)",437,sequential_101,Dense 64 -> 16 -> 32 -> 64 -> 64 -> 32 -> 1,mse,adam_101,50,256,1.4245,4151.435546875,3087.10107421875,2851.285400390625,0.5599812136918001,0.7
2026-09-04 12:39:49,multi_repeat_random_states.py,"(1021, 9)",270,sequential_102,Dense 64 -> 16 -> 32 -> 64 -> 64 -> 32 -> 1,mse,adam_102,50,256,2.187,33206.515625,5478.29833984375,4711.03857421875,0.25376068082551373,0.7
2026-09-04 12:39:49,multi_repeat_random_states.py,"(1021, 9)",437,sequential_101,Dense 64 -> 16 -> 32 -> 64 -> 64 -> 32 -> 1,mse,adam_101,50,256,1.3958,2901.068603515625,2942.933349609375,3136.940673828125,0.5158981056013905,0.7
2026-09-04 12:39:50,multi_repeat_random_states.py,"(1021, 9)",354,sequential_102,Dense 64 -> 16 -> 32 -> 64 -> 64 -> 32 -> 1,mse,adam_102,50,256,2.2106,132341.53125,5830.59375,5348.390625,0.17005579394698822,0.7
2026-09-04 12:39:51,multi_repeat_random_states.py,"(1021, 9)",270,sequential_102,Dense 64 -> 16 -> 32 -> 64 -> 64 -> 32 -> 1,mse,adam_102,50,256,1.4077,5414.693359375,3260.66064453125,2611.90771484375,0.5862678670318102,0.7
2026-09-04 12:39:51,multi_repeat_random_states.py,"(1021, 9)",354,sequential_102,Dense 64 -> 16 -> 32 -> 64 -> 64 -> 32 -> 1,mse,adam_102,50,256,1.4024,5801.8564453125,3111.70703125,2610.640869140625,0.5948900383123693,0.7
2026-09-04 12:39:52,multi_repeat_random_states.py,"(1021, 9)",438,sequential_102,Dense 64 -> 16 -> 32 -> 64 -> 64 -> 32 -> 1,mse,adam_102,50,256,2.3022,54617.33984375,5085.89208984375,4926.685546875,0.29530326714780464,0.7
2026-09-04 12:39:52,multi_repeat_random_states.py,"(1021, 9)",270,sequential_102,Dense 64 -> 16 -> 32 -> 64 -> 64 -> 32 -> 1,mse,adam_102,50,256,1.394,3229.16259765625,3009.251708984375,2567.441162109375,0.5933114790080951,0.7
2026-09-04 12:39:53,multi_repeat_random_states.py,"(1021, 9)",354,sequential_102,Dense 64 -> 16 -> 32 -> 64 -> 64 -> 32 -> 1,mse,adam_102,50,256,1.4286,3060.4658203125,3029.614501953125,2468.790771484375,0.6169018156031869,0.7
2026-09-04 12:39:54,multi_repeat_random_states.py,"(1021, 9)",438,sequential_102,Dense 64 -> 16 -> 32 -> 64 -> 64 -> 32 -> 1,mse,adam_102,50,256,1.4054,4972.19189453125,3109.30712890625,2945.676025390625,0.5786603062112167,0.7
2026-09-04 12:39:55,multi_repeat_random_states.py,"(1021, 9)",271,sequential_103,Dense 64 -> 16 -> 32 -> 64 -> 64 -> 32 -> 1,mse,adam_103,50,256,2.2255,42185.015625,3948.54833984375,3514.2294921875,0.45151253540348446,0.7
2026-09-04 12:39:55,multi_repeat_random_states.py,"(1021, 9)",438,sequential_102,Dense 64 -> 16 -> 32 -> 64 -> 64 -> 32 -> 1,mse,adam_102,50,256,1.4185,2952.1474609375,2866.353515625,2877.753173828125,0.5883757761694048,0.7
2026-09-04 12:39:55,multi_repeat_random_states.py,"(1021, 9)",355,sequential_103,Dense 64 -> 16 -> 32 -> 64 -> 64 -> 32 -> 1,mse,adam_103,50,256,2.2482,23884.732421875,3885.203369140625,5716.41455078125,0.20160918503797642,0.7
2026-09-04 12:39:56,multi_repeat_random_states.py,"(1021, 9)",271,sequential_103,Dense 64 -> 16 -> 32 -> 64 -> 64 -> 32 -> 1,mse,adam_103,50,256,1.3896,3919.245361328125,3007.03125,2765.111083984375,0.5684320446233744,0.7
2026-09-04 12:39:57,multi_repeat_random_states.py,"(1021, 9)",355,sequential_103,Dense 64 -> 16 -> 32 -> 64 -> 64 -> 32 -> 1,mse,adam_103,50,256,1.3957,3856.017333984375,2783.387451171875,2984.923828125,0.583106576649947,0.7
2026-09-04 12:39:58,multi_repeat_random_states.py,"(1021, 9)",439,sequential_103,Dense 64 -> 16 -> 32 -> 64 -> 64 -> 32 -> 1,mse,adam_103,50,256,2.2505,44062.48828125,4889.1748046875,5140.52978515625,0.26642470969189225,0.7
2026-09-04 12:39:58,multi_repeat_random_states.py,"(1021, 9)",271,sequential_103,Dense 64 -> 16 -> 32 -> 64 -> 64 -> 32 -> 1,mse,adam_103,50,256,1.4237,3174.707763671875,3051.7236328125,3065.763427734375,0.5215074102415944,0.7
2026-09-04 12:39:58,multi_repeat_random_states.py,"(1021, 9)",355,sequential_103,Dense 64 -> 16 -> 32 -> 64 -> 64 -> 32 -> 1,mse,adam_103,50,256,1.4111,2804.7802734375,2952.796630859375,3045.478271484375,0.5746491905966277,0.7
2026-09-04 12:39:59,multi_repeat_random_states.py,"(1021, 9)",439,sequential_103,Dense 64 -> 16 -> 32 -> 64 -> 64 -> 32 -> 1,mse,adam_103,50,256,1.3841,4900.11865234375,2959.125732421875,3037.296142578125,0.5665650504898698,0.7
2026-09-04 12:40:01,multi_repeat_random_states.py,"(1021, 9)",272,sequential_104,Dense 64 -> 16 -> 32 -> 64 -> 64 -> 32 -> 1,mse,adam_104,50,256,2.2723,28673.6171875,3241.64208984375,3343.011474609375,0.5201895305294338,0.7
2026-09-04 12:40:01,multi_repeat_random_states.py,"(1021, 9)",439,sequential_103,Dense 64 -> 16 -> 32 -> 64 -> 64 -> 32 -> 1,mse,adam_103,50,256,1.4257,3016.03076171875,2830.85986328125,2969.010009765625,0.576309743677844,0.7
2026-09-04 12:40:01,multi_repeat_random_states.py,"(1021, 9)",356,sequential_104,Dense 64 -> 16 -> 32 -> 64 -> 64 -> 32 -> 1,mse,adam_104,50,256,2.2349,104960.828125,5718.046875,6357.31640625,0.11925491058326743,0.7
2026-09-04 12:40:02,multi_repeat_random_states.py,"(1021, 9)",272,sequential_104,Dense 64 -> 16 -> 32 -> 64 -> 64 -> 32 -> 1,mse,adam_104,50,256,1.4328,3414.898681640625,3447.672607421875,2850.003662109375,0.5909492654804067,0.7
2026-09-04 12:40:02,multi_repeat_random_states.py,"(1021, 9)",356,sequential_104,Dense 64 -> 16 -> 32 -> 64 -> 64 -> 32 -> 1,mse,adam_104,50,256,1.4773,5667.42041015625,3151.1796875,3443.28076171875,0.5229665122609508,0.7
2026-09-04 12:40:03,multi_repeat_random_states.py,"(1021, 9)",440,sequential_104,Dense 64 -> 16 -> 32 -> 64 -> 64 -> 32 -> 1,mse,adam_104,50,256,2.2778,32210.935546875,4217.90283203125,3714.68115234375,0.42702755634629763,0.7
2026-09-04 12:40:04,multi_repeat_random_states.py,"(1021, 9)",272,sequential_104,Dense 64 -> 16 -> 32 -> 64 -> 64 -> 32 -> 1,mse,adam_104,50,256,1.406,3381.140625,2946.292236328125,2615.510498046875,0.624605137532576,0.7
2026-09-04 12:40:04,multi_repeat_random_states.py,"(1021, 9)",356,sequential_104,Dense 64 -> 16 -> 32 -> 64 -> 64 -> 32 -> 1,mse,adam_104,50,256,1.5012,3198.953369140625,3156.728759765625,3325.6533203125,0.5392626659974455,0.7
2026-09-04 12:40:05,multi_repeat_random_states.py,"(1021, 9)",440,sequential_104,Dense 64 -> 16 -> 32 -> 64 -> 64 -> 32 -> 1,mse,adam_104,50,256,1.4416,4097.47705078125,3146.142333984375,2600.0703125,0.5989512261057843,0.7
2026-09-04 12:40:06,multi_repeat_random_states.py,"(1021, 9)",273,sequential_105,Dense 64 -> 16 -> 32 -> 64 -> 64 -> 32 -> 1,mse,adam_105,50,256,2.2417,48441.015625,3743.955078125,3267.78564453125,0.5147389325485935,0.7
2026-09-04 12:40:06,multi_repeat_random_states.py,"(1021, 9)",440,sequential_104,Dense 64 -> 16 -> 32 -> 64 -> 64 -> 32 -> 1,mse,adam_104,50,256,1.4167,3071.94189453125,3118.228271484375,2569.158447265625,0.6037192089111312,0.7
2026-09-04 12:40:06,multi_repeat_random_states.py,"(1021, 9)",357,sequential_105,Dense 64 -> 16 -> 32 -> 64 -> 64 -> 32 -> 1,mse,adam_105,50,256,2.2528,45430.68359375,4757.47802734375,5306.3837890625,0.2627638882844564,0.7
2026-09-04 12:40:08,multi_repeat_random_states.py,"(1021, 9)",273,sequential_105,Dense 64 -> 16 -> 32 -> 64 -> 64 -> 32 -> 1,mse,adam_105,50,256,1.3967,3574.044677734375,2939.548583984375,2865.13037109375,0.5745326308023511,0.7
2026-09-04 12:40:08,multi_repeat_random_states.py,"(1021, 9)",357,sequential_105,Dense 64 -> 16 -> 32 -> 64 -> 64 -> 32 -> 1,mse,adam_105,50,256,1.4071,4706.56103515625,2710.111083984375,3351.361083984375,0.5343826480994815,0.7
2026-09-04 12:40:09,multi_repeat_random_states.py,"(1021, 9)",441,sequential_105,Dense 64 -> 16 -> 32 -> 64 -> 64 -> 32 -> 1,mse,adam_105,50,256,2.3433,67555.1328125,4882.07763671875,5189.79248046875,0.27700982177550637,0.7
2026-09-04 12:40:09,multi_repeat_random_states.py,"(1021, 9)",273,sequential_105,Dense 64 -> 16 -> 32 -> 64 -> 64 -> 32 -> 1,mse,adam_105,50,256,1.4217,2983.80419921875,2995.82958984375,2871.759765625,0.5735481295202146,0.7
2026-09-04 12:40:10,multi_repeat_random_states.py,"(1021, 9)",357,sequential_105,Dense 64 -> 16 -> 32 -> 64 -> 64 -> 32 -> 1,mse,adam_105,50,256,1.5425,2683.17919921875,2726.15087890625,3299.604248046875,0.5415734156877161,0.7
2026-09-04 12:40:10,multi_repeat_random_states.py,"(1021, 9)",441,sequential_105,Dense 64 -> 16 -> 32 -> 64 -> 64 -> 32 -> 1,mse,adam_105,50,256,1.493,4756.23876953125,2850.857421875,3152.8603515625,0.5607747910759244,0.7
2026-09-04 12:40:12,multi_repeat_random_states.py,"(1021, 9)",274,sequential_106,Dense 64 -> 16 -> 32 -> 64 -> 64 -> 32 -> 1,mse,adam_106,50,256,2.226,63444.30078125,5459.16748046875,6018.52392578125,0.1833567849710107,0.7
2026-09-04 12:40:12,multi_repeat_random_states.py,"(1021, 9)",441,sequential_105,Dense 64 -> 16 -> 32 -> 64 -> 64 -> 32 -> 1,mse,adam_105,50,256,1.4168,2833.63818359375,2835.65283203125,3089.594970703125,0.5695883697919657,0.7
2026-09-04 12:40:12,multi_repeat_random_states.py,"(1021, 9)",358,sequential_106,Dense 64 -> 16 -> 32 -> 64 -> 64 -> 32 -> 1,mse,adam_106,50,256,2.2399,103059.0625,4954.98876953125,4258.3349609375,0.2930155716880416,0.7
2026-09-04 12:40:13,multi_repeat_random_states.py,"(1021, 9)",274,sequential_106,Dense 64 -> 16 -> 32 -> 64 -> 64 -> 32 -> 1,mse,adam_106,50,256,1.4082,5475.88818359375,2889.736572265625,3479.809326171875,0.5278305875532705,0.7
2026-09-04 12:40:14,multi_repeat_random_states.py,"(1021, 9)",358,sequential_106,Dense 64 -> 16 -> 32 -> 64 -> 64 -> 32 -> 1,mse,adam_106,50,256,1.4014,4852.98046875,3525.421142578125,2601.453369140625,0.5680971522900387,0.7
2026-09-04 12:40:15,multi_repeat_random_states.py,"(1021, 9)",442,sequential_106,Dense 64 -> 16 -> 32 -> 64 -> 64 -> 32 -> 1,mse,adam_106,50,256,2.3964,36942.9296875,4139.6298828125,3852.601318359375,0.4220238267937745,0.7
2026-09-04 12:40:15,multi_repeat_random_states.py,"(1021, 9)",274,sequential_106,Dense 64 -> 16 -> 32 -> 64 -> 64 -> 32 -> 1,mse,adam_106,50,256,1.4445,3023.1943359375,3131.433837890625,3337.7265625,0.5471095786369105,0.7
2026-09-04 12:40:15,multi_repeat_random_states.py,"(1021, 9)",358,sequential_106,Dense 64 -> 16 -> 32 -> 64 -> 64 -> 32 -> 1,mse,adam_106,50,256,1.4458,3183.65185546875,3105.384765625,3294.96142578125,0.45295842943407283,0.7
2026-09-04 12:40:16,multi_repeat_random_states.py,"(1021, 9)",442,sequential_106,Dense 64 -> 16 -> 32 -> 64 -> 64 -> 32 -> 1,mse,adam_106,50,256,1.4421,4138.5927734375,2992.8642578125,2753.0986328125,0.5869737258663967,0.7
2026-09-04 12:40:17,multi_repeat_random_states.py,"(1021, 9)",275,sequential_107,Dense 64 -> 16 -> 32 -> 64 -> 64 -> 32 -> 1,mse,adam_107,50,256,2.219,49176.015625,3576.0166015625,3377.630615234375,0.5012007794387809,0.7
2026-09-04 12:40:18,multi_repeat_random_states.py,"(1021, 9)",359,sequential_107,Dense 64 -> 16 -> 32 -> 64 -> 64 -> 32 -> 1,mse,adam_107,50,256,2.2555,31068.373046875,5178.34033203125,5268.3759765625,0.24043479565682635,0.7
2026-09-04 12:40:18,multi_repeat_random_states.py,"(1021, 9)",442,sequential_106,Dense 64 -> 16 -> 32 -> 64 -> 64 -> 32 -> 1,mse,adam_106,50,256,1.4183,2878.846923828125,3358.482421875,2731.93408203125,0.5901489218216536,0.7
2026-09-04 12:40:19,multi_repeat_random_states.py,"(1021, 9)",275,sequential_107,Dense 64 -> 16 -> 32 -> 64 -> 64 -> 32 -> 1,mse,adam_107,50,256,1.3986,3450.596435546875,2897.8642578125,2785.497802734375,0.5886454432434468,0.7
2026-09-04 12:40:19,multi_repeat_random_states.py,"(1021, 9)",359,sequential_107,Dense 64 -> 16 -> 32 -> 64 -> 64 -> 32 -> 1,mse,adam_107,50,256,1.3844,5031.12451171875,3057.175048828125,2887.736328125,0.5836622272546103,0.7
2026-09-04 12:40:20,multi_repeat_random_states.py,"(1021, 9)",275,sequential_107,Dense 64 -> 16 -> 32 -> 64 -> 64 -> 32 -> 1,mse,adam_107,50,256,1.4053,2993.98876953125,3504.343994140625,2887.985107421875,0.5735102959971435,0.7
2026-09-04 12:40:20,multi_repeat_random_states.py,"(1021, 9)",443,sequential_107,Dense 64 -> 16 -> 32 -> 64 -> 64 -> 32 -> 1,mse,adam_107,50,256,2.3316,38122.4296875,4580.619140625,4667.88916015625,0.3356983058894072,0.7
2026-09-04 12:40:21,multi_repeat_random_states.py,"(1021, 9)",359,sequential_107,Dense 64 -> 16 -> 32 -> 64 -> 64 -> 32 -> 1,mse,adam_107,50,256,1.4865,2879.52294921875,2995.1220703125,3008.38525390625,0.5662676881150855,0.7
2026-09-04 12:40:22,multi_repeat_random_states.py,"(1021, 9)",443,sequential_107,Dense 64 -> 16 -> 32 -> 64 -> 64 -> 32 -> 1,mse,adam_107,50,256,1.4192,4494.005859375,3281.391845703125,3324.6455078125,0.526859405040068,0.7
2026-09-04 12:40:23,multi_repeat_random_states.py,"(1021, 9)",276,sequential_108,Dense 64 -> 16 -> 32 -> 64 -> 64 -> 32 -> 1,mse,adam_108,50,256,2.2333,43034.49609375,5183.24267578125,5768.44384765625,0.19288912866044916,0.7
2026-09-04 12:40:23,multi_repeat_random_states.py,"(1021, 9)",360,sequential_108,Dense 64 -> 16 -> 32 -> 64 -> 64 -> 32 -> 1,mse,adam_108,50,256,2.2564,116744.171875,5747.88916015625,5058.328125,0.19920113768630487,0.7
2026-09-04 12:40:23,multi_repeat_random_states.py,"(1021, 9)",443,sequential_107,Dense 64 -> 16 -> 32 -> 64 -> 64 -> 32 -> 1,mse,adam_107,50,256,1.4216,3548.957275390625,3019.947509765625,2798.1650390625,0.6017844676329297,0.7
2026-09-04 12:40:24,multi_repeat_random_states.py,"(1021, 9)",276,sequential_108,Dense 64 -> 16 -> 32 -> 64 -> 64 -> 32 -> 1,mse,adam_108,50,256,1.4367,5077.6142578125,3539.920654296875,3180.265380859375,0.5550227442057435,0.7
2026-09-04 12:40:25,multi_repeat_random_states.py,"(1021, 9)",360,sequential_108,Dense 64 -> 16 -> 32 -> 64 -> 64 -> 32 -> 1,mse,adam_108,50,256,1.45,5708.189453125,3053.455322265625,2805.87646484375,0.5557934387227851,0.7
2026-09-04 12:40:26,multi_repeat_random_states.py,"(1021, 9)",276,sequential_108,Dense 64 -> 16 -> 32 -> 64 -> 64 -> 32 -> 1,mse,adam_108,50,256,1.3996,3071.03759765625,2888.175537109375,3108.07958984375,0.5651228216336412,0.7
2026-09-04 12:40:26,multi_repeat_random_states.py,"(1021, 9)",444,sequential_108,Dense 64 -> 16 -> 32 -> 64 -> 64 -> 32 -> 1,mse,adam_108,50,256,2.2738,30427.15625,4153.90771484375,3677.5302734375,0.4354364884174472,0.7
2026-09-04 12:40:26,multi_repeat_random_states.py,"(1021, 9)",360,sequential_108,Dense 64 -> 16 -> 32 -> 64 -> 64 -> 32 -> 1,mse,adam_108,50,256,1.436,3029.33056640625,3000.46240234375,3042.197265625,0.5183807651085981,0.7
2026-09-04 12:40:27,multi_repeat_random_states.py,"(1021, 9)",444,sequential_108,Dense 64 -> 16 -> 32 -> 64 -> 64 -> 32 -> 1,mse,adam_108,50,256,1.4013,3876.9912109375,3230.953125,3477.111572265625,0.46620410274643964,0.7
2026-09-04 12:40:28,multi_repeat_random_states.py,"(1021, 9)",277,sequential_109,Dense 64 -> 16 -> 32 -> 64 -> 64 -> 32 -> 1,mse,adam_109,50,256,2.319,147774.0,5555.4423828125,6252.912109375,0.15495952926973544,0.7
2026-09-04 12:40:29,multi_repeat_random_states.py,"(1021, 9)",361,sequential_109,Dense 64 -> 16 -> 32 -> 64 -> 64 -> 32 -> 1,mse,adam_109,50,256,2.2427,46166.48046875,4242.5634765625,3961.92236328125,0.35342985785244363,0.7
2026-09-04 12:40:29,multi_repeat_random_states.py,"(1021, 9)",444,sequential_108,Dense 64 -> 16 -> 32 -> 64 -> 64 -> 32 -> 1,mse,adam_108,50,256,1.4194,3405.06005859375,3043.32861328125,2908.8193359375,0.5534467281060446,0.7
2026-09-04 12:40:30,multi_repeat_random_states.py,"(1021, 9)",277,sequential_109,Dense 64 -> 16 -> 32 -> 64 -> 64 -> 32 -> 1,mse,adam_109,50,256,1.3912,5501.92431640625,2964.194091796875,3638.777587890625,0.508242786776079,0.7
2026-09-04 12:40:30,multi_repeat_random_states.py,"(1021, 9)",361,sequential_109,Dense 64 -> 16 -> 32 -> 64 -> 64 -> 32 -> 1,mse,adam_109,50,256,1.3932,4296.4560546875,3340.492919921875,2824.400390625,0.539068949990386,0.7
2026-09-04 12:40:31,multi_repeat_random_states.py,"(1021, 9)",277,sequential_109,Dense 64 -> 16 -> 32 -> 64 -> 64 -> 32 -> 1,mse,adam_109,50,256,1.4027,2799.1376953125,2748.44873046875,4240.06884765625,0.42698217231859004,0.7
2026-09-04 12:40:31,multi_repeat_random_states.py,"(1021, 9)",445,sequential_109,Dense 64 -> 16 -> 32 -> 64 -> 64 -> 32 -> 1,mse,adam_109,50,256,2.2652,48179.47265625,4872.701171875,5515.53515625,0.23425054945392654,0.7
2026-09-04 12:40:32,multi_repeat_random_states.py,"(1021, 9)",361,sequential_109,Dense 64 -> 16 -> 32 -> 64 -> 64 -> 32 -> 1,mse,adam_109,50,256,1.4024,3278.079345703125,3250.552734375,3895.08984375,0.36433660615774677,0.7
2026-09-04 12:40:33,multi_repeat_random_states.py,"(1021, 9)",445,sequential_109,Dense 64 -> 16 -> 32 -> 64 -> 64 -> 32 -> 1,mse,adam_109,50,256,1.3965,4765.31201171875,3058.053466796875,3475.050048828125,0.5175413229828054,0.7
2026-09-04 12:40:34,multi_repeat_random_states.py,"(1021, 9)",445,sequential_109,Dense 64 -> 16 -> 32 -> 64 -> 64 -> 32 -> 1,mse,adam_109,50,256,1.459,2953.859375,2940.7470703125,3164.41015625,0.5606690136308239,0.7
2026-09-04 12:40:35,multi_repeat_random_states.py,"(1021, 9)",278,sequential_110,Dense 64 -> 16 -> 32 -> 64 -> 64 -> 32 -> 1,mse,adam_110,50,256,2.2254,122418.9609375,5832.79345703125,5457.119140625,0.19158477724849898,0.7
2026-09-04 12:40:35,multi_repeat_random_states.py,"(1021, 9)",362,sequential_110,Dense 64 -> 16 -> 32 -> 64 -> 64 -> 32 -> 1,mse,adam_110,50,256,2.3146,38504.87109375,4218.8876953125,3601.822998046875,0.36844106757938355,0.7
2026-09-04 12:40:36,multi_repeat_random_states.py,"(1021, 9)",278,sequential_110,Dense 64 -> 16 -> 32 -> 64 -> 64 -> 32 -> 1,mse,adam_110,50,256,1.4494,5778.27197265625,3212.81689453125,3076.303466796875,0.5442778129610919,0.7
2026-09-04 12:40:37,multi_repeat_random_states.py,"(1021, 9)",362,sequential_110,Dense 64 -> 16 -> 32 -> 64 -> 64 -> 32 -> 1,mse,adam_110,50,256,1.4082,4182.55224609375,3306.212158203125,3143.78515625,0.44875537013869116,0.7
2026-09-04 12:40:38,multi_repeat_random_states.py,"(1021, 9)",278,sequential_110,Dense 64 -> 16 -> 32 -> 64 -> 64 -> 32 -> 1,mse,adam_110,50,256,1.4159,3135.48291015625,2953.21484375,3130.041015625,0.5363171127429085,0.7
2026-09-04 12:40:38,multi_repeat_random_states.py,"(1021, 9)",446,sequential_110,Dense 64 -> 16 -> 32 -> 64 -> 64 -> 32 -> 1,mse,adam_110,50,256,2.2404,116927.28125,6087.32080078125,5527.2509765625,0.1262331987277443,0.7
2026-09-04 12:40:39,multi_repeat_random_states.py,"(1021, 9)",362,sequential_110,Dense 64 -> 16 -> 32 -> 64 -> 64 -> 32 -> 1,mse,adam_110,50,256,1.5188,3402.447265625,2979.788330078125,2578.0263671875,0.5479579578244924,0.7
2026-09-04 12:40:39,multi_repeat_random_states.py,"(1021, 9)",446,sequential_110,Dense 64 -> 16 -> 32 -> 64 -> 64 -> 32 -> 1,mse,adam_110,50,256,1.4093,6045.3984375,3497.333984375,2783.181884765625,0.5600250393814101,0.7
2026-09-04 12:40:40,multi_repeat_random_states.py,"(1021, 9)",279,sequential_111,Dense 64 -> 16 -> 32 -> 64 -> 64 -> 32 -> 1,mse,adam_111,50,256,2.2496,44304.17578125,4570.20458984375,4400.4853515625,0.34159818892953553,0.7
2026-09-04 12:40:41,multi_repeat_random_states.py,"(1021, 9)",446,sequential_110,Dense 64 -> 16 -> 32 -> 64 -> 64 -> 32 -> 1,mse,adam_110,50,256,1.4073,3416.937255859375,2907.1669921875,2727.807861328125,0.5687787643725077,0.7
2026-09-04 12:40:41,multi_repeat_random_states.py,"(1021, 9)",363,sequential_111,Dense 64 -> 16 -> 32 -> 64 -> 64 -> 32 -> 1,mse,adam_111,50,256,2.2721,40016.3671875,4462.9423828125,4189.76611328125,0.37434305465318685,0.7
2026-09-04 12:40:42,multi_repeat_random_states.py,"(1021, 9)",279,sequential_111,Dense 64 -> 16 -> 32 -> 64 -> 64 -> 32 -> 1,mse,adam_111,50,256,1.3798,4413.9609375,3145.91162109375,3104.555908203125,0.5354954863744935,0.7
2026-09-04 12:40:43,multi_repeat_random_states.py,"(1021, 9)",363,sequential_111,Dense 64 -> 16 -> 32 -> 64 -> 64 -> 32 -> 1,mse,adam_111,50,256,1.3978,4432.19873046875,3102.036865234375,2925.541015625,0.5631294963833235,0.7
2026-09-04 12:40:43,multi_repeat_random_states.py,"(1021, 9)",279,sequential_111,Dense 64 -> 16 -> 32 -> 64 -> 64 -> 32 -> 1,mse,adam_111,50,256,1.4122,2905.164794921875,2781.826416015625,3154.921875,0.5279597399347011,0.7
2026-09-04 12:40:44,multi_repeat_random_states.py,"(1021, 9)",447,sequential_111,Dense 64 -> 16 -> 32 -> 64 -> 64 -> 32 -> 1,mse,adam_111,50,256,2.2386,80381.4140625,5180.10595703125,5479.51416015625,0.22986686623141117,0.7
2026-09-04 12:40:44,multi_repeat_random_states.py,"(1021, 9)",363,sequential_111,Dense 64 -> 16 -> 32 -> 64 -> 64 -> 32 -> 1,mse,adam_111,50,256,1.3965,3072.33837890625,2947.51123046875,2938.11181640625,0.5612523457516467,0.7
2026-09-04 12:40:45,multi_repeat_random_states.py,"(1021, 9)",447,sequential_111,Dense 64 -> 16 -> 32 -> 64 -> 64 -> 32 -> 1,mse,adam_111,50,256,1.4027,5125.7470703125,3284.482177734375,3142.11962890625,0.5583822879710416,0.7
2026-09-04 12:40:46,multi_repeat_random_states.py,"(1021, 9)",280,sequential_112,Dense 64 -> 16 -> 32 -> 64 -> 64 -> 32 -> 1,mse,adam_112,50,256,2.2478,184812.90625,5923.64892578125,5637.4013671875,0.1289620129741612,0.7
2026-09-04 12:40:47,multi_repeat_random_states.py,"(1021, 9)",447,sequential_111,Dense 64 -> 16 -> 32 -> 64 -> 64 -> 32 -> 1,mse,adam_111,50,256,1.45,2991.885498046875,2826.163818359375,3089.1982421875,0.5658202732691451,0.7
2026-09-04 12:40:47,multi_repeat_random_states.py,"(1021, 9)",364,sequential_112,Dense 64 -> 16 -> 32 -> 64 -> 64 -> 32 -> 1,mse,adam_112,50,256,2.287,49488.578125,4224.0869140625,4506.345703125,0.3544622302315573,0.7
2026-09-04 12:40:47,multi_repeat_random_states.py,"(1021, 9)",280,sequential_112,Dense 64 -> 16 -> 32 -> 64 -> 64 -> 32 -> 1,mse,adam_112,50,256,1.3803,5891.658203125,3735.495361328125,3556.720703125,0.4504491629172541,0.7
2026-09-04 12:40:48,multi_repeat_random_states.py,"(1021, 9)",364,sequential_112,Dense 64 -> 16 -> 32 -> 64 -> 64 -> 32 -> 1,mse,adam_112,50,256,1.3903,4233.81982421875,3093.303466796875,3062.0859375,0.5613536041612045,0.7
2026-09-04 12:40:49,multi_repeat_random_states.py,"(1021, 9)",280,sequential_112,Dense 64 -> 16 -> 32 -> 64 -> 64 -> 32 -> 1,mse,adam_112,50,256,1.4063,3696.75341796875,3041.610107421875,2693.008056640625,0.5839018257519479,0.7
2026-09-04 12:40:49,multi_repeat_random_states.py,"(1021, 9)",448,sequential_112,Dense 64 -> 16 -> 32 -> 64 -> 64 -> 32 -> 1,mse,adam_112,50,256,2.2591,73709.5234375,5037.5693359375,5727.50634765625,0.24075569092116322,0.7
2026-09-04 12:40:50,multi_repeat_random_states.py,"(1021, 9)",364,sequential_112,Dense 64 -> 16 -> 32 -> 64 -> 64 -> 32 -> 1,mse,adam_112,50,256,1.3893,3171.63623046875,2804.498779296875,2946.019287109375,0.5779802294721987,0.7
2026-09-04 12:40:51,multi_repeat_random_states.py,"(1021, 9)",448,sequential_112,Dense 64 -> 16 -> 32 -> 64 -> 64 -> 32 -> 1,mse,adam_112,50,256,1.3921,4945.693359375,2780.754638671875,3243.56982421875,0.5700288850885861,0.7
2026-09-04 12:40:51,multi_repeat_random_states.py,"(1021, 9)",281,sequential_113,Dense 64 -> 16 -> 32 -> 64 -> 64 -> 32 -> 1,mse,adam_113,50,256,2.2437,83594.671875,5092.35302734375,4813.6728515625,0.28529053265406645,0.7
2026-09-04 12:40:52,multi_repeat_random_states.py,"(1021, 9)",448,sequential_112,Dense 64 -> 16 -> 32 -> 64 -> 64 -> 32 -> 1,mse,adam_112,50,256,1.4145,2936.6064453125,2747.323974609375,3137.82666015625,0.58404631859221,0.7
2026-09-04 12:40:52,multi_repeat_random_states.py,"(1021, 9)",365,sequential_113,Dense 64 -> 16 -> 32 -> 64 -> 64 -> 32 -> 1,mse,adam_113,50,256,2.2955,41780.38671875,5070.11767578125,5077.091796875,0.2700159940004001,0.7
2026-09-04 12:40:53,multi_repeat_random_states.py,"(1021, 9)",281,sequential_113,Dense 64 -> 16 -> 32 -> 64 -> 64 -> 32 -> 1,mse,adam_113,50,256,1.5135,5109.029296875,3066.15185546875,2904.23876953125,0.5687935817461829,0.7
2026-09-04 12:40:54,multi_repeat_random_states.py,"(1021, 9)",365,sequential_113,Dense 64 -> 16 -> 32 -> 64 -> 64 -> 32 -> 1,mse,adam_113,50,256,1.4022,5040.81884765625,3201.055908203125,2926.67578125,0.5792026848813585,0.7
2026-09-04 12:40:55,multi_repeat_random_states.py,"(1021, 9)",281,sequential_113,Dense 64 -> 16 -> 32 -> 64 -> 64 -> 32 -> 1,mse,adam_113,50,256,1.4574,3080.169921875,3452.329833984375,2619.42041015625,0.6110819134710834,0.7
2026-09-04 12:40:55,multi_repeat_random_states.py,"(1021, 9)",449,sequential_113,Dense 64 -> 16 -> 32 -> 64 -> 64 -> 32 -> 1,mse,adam_113,50,256,2.2636,57289.16796875,5707.70458984375,5867.56787109375,0.135474005970459,0.7
2026-09-04 12:40:55,multi_repeat_random_states.py,"(1021, 9)",365,sequential_113,Dense 64 -> 16 -> 32 -> 64 -> 64 -> 32 -> 1,mse,adam_113,50,256,1.4447,2931.112060546875,3101.244873046875,2992.699951171875,0.5697097314561657,0.7
2026-09-04 12:40:56,multi_repeat_random_states.py,"(1021, 9)",449,sequential_113,Dense 64 -> 16 -> 32 -> 64 -> 64 -> 32 -> 1,mse,adam_113,50,256,1.4131,5670.63818359375,3400.884033203125,3149.3310546875,0.535978308072084,0.7
2026-09-04 12:40:57,multi_repeat_random_states.py,"(1021, 9)",282,sequential_114,Dense 64 -> 16 -> 32 -> 64 -> 64 -> 32 -> 1,mse,adam_114,50,256,2.23,32522.537109375,3457.721435546875,3974.937744140625,0.38909669064342467,0.7
2026-09-04 12:40:58,multi_repeat_random_states.py,"(1021, 9)",366,sequential_114,Dense 64 -> 16 -> 32 -> 64 -> 64 -> 32 -> 1,mse,adam_114,50,256,2.2507,44393.59765625,4604.81591796875,4188.22021484375,0.34196345597016753,0.7
2026-09-04 12:40:58,multi_repeat_random_states.py,"(1021, 9)",449,sequential_113,Dense 64 -> 16 -> 32 -> 64 -> 64 -> 32 -> 1,mse,adam_113,50,256,1.49,3311.113037109375,2855.985595703125,2990.31689453125,0.5594074476238237,0.7
2026-09-04 12:40:59,multi_repeat_random_states.py,"(1021, 9)",282,sequential_114,Dense 64 -> 16 -> 32 -> 64 -> 64 -> 32 -> 1,mse,adam_114,50,256,1.4416,3741.00732421875,2925.229736328125,4248.7783203125,0.34701042728644627,0.7
2026-09-04 12:40:59,multi_repeat_random_states.py,"(1021, 9)",366,sequential_114,Dense 64 -> 16 -> 32 -> 64 -> 64 -> 32 -> 1,mse,adam_114,50,256,1.4117,4620.14892578125,3118.943359375,3295.2685546875,0.4822604766318017,0.7
2026-09-04 12:41:00,multi_repeat_random_states.py,"(1021, 9)",282,sequential_114,Dense 64 -> 16 -> 32 -> 64 -> 64 -> 32 -> 1,mse,adam_114,50,256,1.3904,3106.3408203125,2835.15380859375,3097.640380859375,0.5239274707835216,0.7
2026-09-04 12:41:00,multi_repeat_random_states.py,"(1021, 9)",450,sequential_114,Dense 64 -> 16 -> 32 -> 64 -> 64 -> 32 -> 1,mse,adam_114,50,256,2.2657,17706.6796875,3187.44775390625,3083.439453125,0.5590638087681172,0.7
2026-09-04 12:41:01,multi_repeat_random_states.py,"(1021, 9)",366,sequential_114,Dense 64 -> 16 -> 32 -> 64 -> 64 -> 32 -> 1,mse,adam_114,50,256,1.3835,3271.20068359375,3306.32275390625,2900.163330078125,0.5443378550177791,0.7
2026-09-04 12:41:02,multi_repeat_random_states.py,"(1021, 9)",450,sequential_114,Dense 64 -> 16 -> 32 -> 64 -> 64 -> 32 -> 1,mse,adam_114,50,256,1.4041,3212.58642578125,2879.871826171875,3106.458984375,0.5557720211938453,0.7
2026-09-04 12:41:03,multi_repeat_random_states.py,"(1021, 9)",283,sequential_115,Dense 64 -> 16 -> 32 -> 64 -> 64 -> 32 -> 1,mse,adam_115,50,256,2.2568,32023.921875,5123.3984375,5133.75439453125,0.21174863812789835,0.7
2026-09-04 12:41:03,multi_repeat_random_states.py,"(1021, 9)",367,sequential_115,Dense 64 -> 16 -> 32 -> 64 -> 64 -> 32 -> 1,mse,adam_115,50,256,2.2719,35779.109375,4147.9873046875,4379.603515625,0.34258683557054426,0.7
2026-09-04 12:41:03,multi_repeat_random_states.py,"(1021, 9)",450,sequential_114,Dense 64 -> 16 -> 32 -> 64 -> 64 -> 32 -> 1,mse,adam_114,50,256,1.444,2931.262939453125,2804.52490234375,2975.99462890625,0.574428589960253,0.7
2026-09-04 12:41:04,multi_repeat_random_states.py,"(1021, 9)",283,sequential_115,Dense 64 -> 16 -> 32 -> 64 -> 64 -> 32 -> 1,mse,adam_115,50,256,1.4002,5273.20361328125,3575.8681640625,3112.120361328125,0.5221561284196199,0.7
2026-09-04 12:41:05,multi_repeat_random_states.py,"(1021, 9)",367,sequential_115,Dense 64 -> 16 -> 32 -> 64 -> 64 -> 32 -> 1,mse,adam_115,50,256,1.411,4152.14794921875,2921.84716796875,3047.66748046875,0.5425209390911216,0.7
2026-09-04 12:41:06,multi_repeat_random_states.py,"(1021, 9)",283,sequential_115,Dense 64 -> 16 -> 32 -> 64 -> 64 -> 32 -> 1,mse,adam_115,50,256,1.3915,3687.188232421875,3188.227783203125,3519.116943359375,0.4596647222032222,0.7
2026-09-04 12:41:06,multi_repeat_random_states.py,"(1021, 9)",451,sequential_115,Dense 64 -> 16 -> 32 -> 64 -> 64 -> 32 -> 1,mse,adam_115,50,256,2.3036,36651.09375,3546.920166015625,3945.0546875,0.4578152286240663,0.7
2026-09-04 12:41:06,multi_repeat_random_states.py,"(1021, 9)",367,sequential_115,Dense 64 -> 16 -> 32 -> 64 -> 64 -> 32 -> 1,mse,adam_115,50,256,1.4062,2850.86865234375,2977.27734375,3823.677001953125,0.4260357580769236,0.7
2026-09-04 12:41:07,multi_repeat_random_states.py,"(1021, 9)",451,sequential_115,Dense 64 -> 16 -> 32 -> 64 -> 64 -> 32 -> 1,mse,adam_115,50,256,1.3807,3472.728271484375,2978.646484375,3529.8330078125,0.5148808816321193,0.7
2026-09-04 12:41:08,multi_repeat_random_states.py,"(1021, 9)",284,sequential_116,Dense 64 -> 16 -> 32 -> 64 -> 64 -> 32 -> 1,mse,adam_116,50,256,2.2568,36042.61328125,4378.552734375,3907.765625,0.4212447637147635,0.7
2026-09-04 12:41:09,multi_repeat_random_states.py,"(1021, 9)",368,sequential_116,Dense 64 -> 16 -> 32 -> 64 -> 64 -> 32 -> 1,mse,adam_116,50,256,2.2946,17407.701171875,3299.47265625,3143.616455078125,0.500396943708665,0.7
2026-09-04 12:41:09,multi_repeat_random_states.py,"(1021, 9)",451,sequential_115,Dense 64 -> 16 -> 32 -> 64 -> 64 -> 32 -> 1,mse,adam_115,50,256,1.4428,3104.88671875,2705.739990234375,3306.957275390625,0.5455116209254158,0.7
2026-09-04 12:41:10,multi_repeat_random_states.py,"(1021, 9)",284,sequential_116,Dense 64 -> 16 -> 32 -> 64 -> 64 -> 32 -> 1,mse,adam_116,50,256,1.4008,4206.1884765625,3279.5224609375,2763.62158203125,0.5906970161207917,0.7
2026-09-04 12:41:10,multi_repeat_random_states.py,"(1021, 9)",368,sequential_116,Dense 64 -> 16 -> 32 -> 64 -> 64 -> 32 -> 1,mse,adam_116,50,256,1.4991,3196.84716796875,3209.5068359375,3573.975341796875,0.4320017035058149,0.7
2026-09-04 12:41:11,multi_repeat_random_states.py,"(1021, 9)",284,sequential_116,Dense 64 -> 16 -> 32 -> 64 -> 64 -> 32 -> 1,mse,adam_116,50,256,1.3973,3504.718505859375,2996.795166015625,3177.0078125,0.5294728763785197,0.7
2026-09-04 12:41:12,multi_repeat_random_states.py,"(1021, 9)",452,sequential_116,Dense 64 -> 16 -> 32 -> 64 -> 64 -> 32 -> 1,mse,adam_116,50,256,2.2448,86210.8984375,5745.51708984375,5212.99267578125,0.17549118112672402,0.7
2026-09-04 12:41:12,multi_repeat_random_states.py,"(1021, 9)",368,sequential_116,Dense 64 -> 16 -> 32 -> 64 -> 64 -> 32 -> 1,mse,adam_116,50,256,1.3978,3198.2939453125,2891.302001953125,3233.26318359375,0.48614977273509785,0.7
2026-09-04 12:41:13,multi_repeat_random_states.py,"(1021, 9)",452,sequential_116,Dense 64 -> 16 -> 32 -> 64 -> 64 -> 32 -> 1,mse,adam_116,50,256,1.3909,5692.6416015625,2890.0712890625,3067.090087890625,0.5148961090290722,0.7
2026-09-04 12:41:14,multi_repeat_random_states.py,"(1021, 9)",285,sequential_117,Dense 64 -> 16 -> 32 -> 64 -> 64 -> 32 -> 1,mse,adam_117,50,256,2.2334,96685.7734375,5424.5966796875,5645.88916015625,0.1920909354402377,0.7
2026-09-04 12:41:15,multi_repeat_random_states.py,"(1021, 9)",369,sequential_117,Dense 64 -> 16 -> 32 -> 64 -> 64 -> 32 -> 1,mse,adam_117,50,256,2.2775,69995.8828125,4802.1787109375,5176.845703125,0.2643770061993538,0.7
2026-09-04 12:41:15,multi_repeat_random_states.py,"(1021, 9)",452,sequential_116,Dense 64 -> 16 -> 32 -> 64 -> 64 -> 32 -> 1,mse,adam_116,50,256,1.4257,2989.445068359375,2891.045166015625,2948.9677734375,0.5335789141275968,0.7
2026-09-04 12:41:15,multi_repeat_random_states.py,"(1021, 9)",285,sequential_117,Dense 64 -> 16 -> 32 -> 64 -> 64 -> 32 -> 1,mse,adam_117,50,256,1.4749,5339.20751953125,3090.716552734375,3323.24462890625,0.5244541133434385,0.7
2026-09-04 12:41:16,multi_repeat_random_states.py,"(1021, 9)",369,sequential_117,Dense 64 -> 16 -> 32 -> 64 -> 64 -> 32 -> 1,mse,adam_117,50,256,1.397,4745.68408203125,3114.729248046875,3086.238525390625,0.5614495448077718,0.7
2026-09-04 12:41:17,multi_repeat_random_states.py,"(1021, 9)",285,sequential_117,Dense 64 -> 16 -> 32 -> 64 -> 64 -> 32 -> 1,mse,adam_117,50,256,1.3998,2823.51708984375,2834.8232421875,3300.1845703125,0.5277539062556266,0.7
2026-09-04 12:41:17,multi_repeat_random_states.py,"(1021, 9)",453,sequential_117,Dense 64 -> 16 -> 32 -> 64 -> 64 -> 32 -> 1,mse,adam_117,50,256,2.2521,40757.4921875,5315.50048828125,6194.380859375,0.1578201378450662,0.7
2026-09-04 12:41:18,multi_repeat_random_states.py,"(1021, 9)",369,sequential_117,Dense 64 -> 16 -> 32 -> 64 -> 64 -> 32 -> 1,mse,adam_117,50,256,1.3861,2975.013427734375,2960.765625,3638.92529296875,0.48291347116534056,0.7
2026-09-04 12:41:19,multi_repeat_random_states.py,"(1021, 9)",453,sequential_117,Dense 64 -> 16 -> 32 -> 64 -> 64 -> 32 -> 1,mse,adam_117,50,256,1.3905,5293.6279296875,3015.9931640625,4421.76904296875,0.3988220954542505,0.7
2026-09-04 12:41:19,multi_repeat_random_states.py,"(1021, 9)",286,sequential_118,Dense 64 -> 16 -> 32 -> 64 -> 64 -> 32 -> 1,mse,adam_118,50,256,2.2612,175335.125,6201.20068359375,4842.43017578125,0.17154144577810126,0.7
2026-09-04 12:41:20,multi_repeat_random_states.py,"(1021, 9)",370,sequential_118,Dense 64 -> 16 -> 32 -> 64 -> 64 -> 32 -> 1,mse,adam_118,50,256,2.2756,36316.21875,3963.271728515625,3972.2978515625,0.39354512305896705,0.7
2026-09-04 12:41:20,multi_repeat_random_states.py,"(1021, 9)",453,sequential_117,Dense 64 -> 16 -> 32 -> 64 -> 64 -> 32 -> 1,mse,adam_117,50,256,1.4138,3072.863525390625,2662.939697265625,3334.1767578125,0.5466897297061133,0.7
2026-09-04 12:41:21,multi_repeat_random_states.py,"(1021, 9)",286,sequential_118,Dense 64 -> 16 -> 32 -> 64 -> 64 -> 32 -> 1,mse,adam_118,50,256,1.4089,6175.33154296875,4535.45361328125,3410.782470703125,0.4164724386258707,0.7
2026-09-04 12:41:22,multi_repeat_random_states.py,"(1021, 9)",370,sequential_118,Dense 64 -> 16 -> 32 -> 64 -> 64 -> 32 -> 1,mse,adam_118,50,256,1.3995,3707.91650390625,2962.016845703125,3160.944580078125,0.5174153454072006,0.7
2026-09-04 12:41:22,multi_repeat_random_states.py,"(1021, 9)",286,sequential_118,Dense 64 -> 16 -> 32 -> 64 -> 64 -> 32 -> 1,mse,adam_118,50,256,1.4376,4478.6376953125,3223.623291015625,2353.5390625,0.5973489905467209,0.7
2026-09-04 12:41:23,multi_repeat_random_states.py,"(1021, 9)",454,sequential_118,Dense 64 -> 16 -> 32 -> 64 -> 64 -> 32 -> 1,mse,adam_118,50,256,2.2672,28659.52734375,3493.751708984375,3167.745361328125,0.545694797485043,0.7
2026-09-04 12:41:23,multi_repeat_random_states.py,"(1021, 9)",370,sequential_118,Dense 64 -> 16 -> 32 -> 64 -> 64 -> 32 -> 1,mse,adam_118,50,256,1.3945,2972.11767578125,2861.491943359375,2873.785888671875,0.5612560708528826,0.7
2026-09-04 12:41:24,multi_repeat_random_states.py,"(1021, 9)",454,sequential_118,Dense 64 -> 16 -> 32 -> 64 -> 64 -> 32 -> 1,mse,adam_118,50,256,1.3908,3467.274169921875,3005.50244140625,2974.918701171875,0.5733492805968605,0.7
2026-09-04 12:41:25,multi_repeat_random_states.py,"(1021, 9)",287,sequential_119,Dense 64 -> 16 -> 32 -> 64 -> 64 -> 32 -> 1,mse,adam_119,50,256,2.2976,14771.9150390625,3043.911865234375,4128.615234375,0.480698874240612,0.7
2026-09-04 12:41:26,multi_repeat_random_states.py,"(1021, 9)",371,sequential_119,Dense 64 -> 16 -> 32 -> 64 -> 64 -> 32 -> 1,mse,adam_119,50,256,2.2669,48571.8046875,4734.8310546875,5044.41552734375,0.2832550111469406,0.7
2026-09-04 12:41:26,multi_repeat_random_states.py,"(1021, 9)",454,sequential_118,Dense 64 -> 16 -> 32 -> 64 -> 64 -> 32 -> 1,mse,adam_118,50,256,1.4362,2875.454345703125,2818.468994140625,2895.807861328125,0.584694962561611,0.7
2026-09-04 12:41:26,multi_repeat_random_states.py,"(1021, 9)",287,sequential_119,Dense 64 -> 16 -> 32 -> 64 -> 64 -> 32 -> 1,mse,adam_119,50,256,1.4019,3067.1806640625,2747.2568359375,3138.664306640625,0.6052158453225047,0.7
2026-09-04 12:41:27,multi_repeat_random_states.py,"(1021, 9)",371,sequential_119,Dense 64 -> 16 -> 32 -> 64 -> 64 -> 32 -> 1,mse,adam_119,50,256,1.3931,4698.4453125,2895.041015625,3070.201171875,0.5637649264437077,0.7
2026-09-04 12:41:28,multi_repeat_random_states.py,"(1021, 9)",287,sequential_119,Dense 64 -> 16 -> 32 -> 64 -> 64 -> 32 -> 1,mse,adam_119,50,256,1.4369,2745.486083984375,2987.609130859375,3103.357666015625,0.6096566946606186,0.7
2026-09-04 12:41:28,multi_repeat_random_states.py,"(1021, 9)",455,sequential_119,Dense 64 -> 16 -> 32 -> 64 -> 64 -> 32 -> 1,mse,adam_119,50,256,2.2468,65162.91015625,5304.73974609375,5640.55078125,0.21570337873533119,0.7
2026-09-04 12:41:29,multi_repeat_random_states.py,"(1021, 9)",371,sequential_119,Dense 64 -> 16 -> 32 -> 64 -> 64 -> 32 -> 1,mse,adam_119,50,256,1.3857,2867.306640625,3087.628662109375,3050.4697265625,0.5665684781315045,0.7
2026-09-04 12:41:30,multi_repeat_random_states.py,"(1021, 9)",455,sequential_119,Dense 64 -> 16 -> 32 -> 64 -> 64 -> 32 -> 1,mse,adam_119,50,256,1.4087,5254.927734375,3509.552978515625,3014.5263671875,0.5808418833940783,0.7
2026-09-04 12:41:31,multi_repeat_random_states.py,"(1021, 9)",288,sequential_120,Dense 64 -> 16 -> 32 -> 64 -> 64 -> 32 -> 1,mse,adam_120,50,256,2.2925,50017.33984375,5403.8056640625,5744.86279296875,0.20090215616494023,0.7
2026-09-04 12:41:31,multi_repeat_random_states.py,"(1021, 9)",372,sequential_120,Dense 64 -> 16 -> 32 -> 64 -> 64 -> 32 -> 1,mse,adam_120,50,256,2.2523,25291.767578125,3036.424072265625,3107.723388671875,0.5340272706525435,0.7
2026-09-04 12:41:31,multi_repeat_random_states.py,"(1021, 9)",455,sequential_119,Dense 64 -> 16 -> 32 -> 64 -> 64 -> 32 -> 1,mse,adam_119,50,256,1.4475,3202.32080078125,3079.082763671875,3040.486572265625,0.577232241326169,0.7
2026-09-04 12:41:32,multi_repeat_random_states.py,"(1021, 9)",288,sequential_120,Dense 64 -> 16 -> 32 -> 64 -> 64 -> 32 -> 1,mse,adam_120,50,256,1.394,5384.07861328125,3208.437255859375,3332.458984375,0.5364623282647577,0.7
2026-09-04 12:41:33,multi_repeat_random_states.py,"(1021, 9)",372,sequential_120,Dense 64 -> 16 -> 32 -> 64 -> 64 -> 32 -> 1,mse,adam_120,50,256,1.4388,2946.460693359375,2881.00537109375,2904.865966796875,0.5644437566112127,0.7
2026-09-04 12:41:34,multi_repeat_random_states.py,"(1021, 9)",288,sequential_120,Dense 64 -> 16 -> 32 -> 64 -> 64 -> 32 -> 1,mse,adam_120,50,256,1.4355,3397.685302734375,2863.0009765625,2889.854736328125,0.5980275391856651,0.7
2026-09-04 12:41:34,multi_repeat_random_states.py,"(1021, 9)",456,sequential_120,Dense 64 -> 16 -> 32 -> 64 -> 64 -> 32 -> 1,mse,adam_120,50,256,2.2356,28957.40234375,3990.397705078125,3067.726318359375,0.50354874267098,0.7
2026-09-04 12:41:34,multi_repeat_random_states.py,"(1021, 9)",372,sequential_120,Dense 64 -> 16 -> 32 -> 64 -> 64 -> 32 -> 1,mse,adam_120,50,256,1.3861,2850.206298828125,2887.9970703125,2904.64892578125,0.5644763126088492,0.7
2026-09-04 12:41:35,multi_repeat_random_states.py,"(1021, 9)",456,sequential_120,Dense 64 -> 16 -> 32 -> 64 -> 64 -> 32 -> 1,mse,adam_120,50,256,1.398,3558.61767578125,3176.609619140625,2856.571533203125,0.5377199199919731,0.7
2026-09-04 12:41:36,multi_repeat_random_states.py,"(1021, 9)",289,sequential_121,Dense 64 -> 16 -> 32 -> 64 -> 64 -> 32 -> 1,mse,adam_121,50,256,2.3047,52357.86328125,5183.9306640625,6131.57080078125,0.22338858531389838,0.7
2026-09-04 12:41:37,multi_repeat_random_states.py,"(1021, 9)",373,sequential_121,Dense 64 -> 16 -> 32 -> 64 -> 64 -> 32 -> 1,mse,adam_121,50,256,2.2349,119666.2265625,5051.17333984375,6292.86572265625,0.13081668518305956,0.7
2026-09-04 12:41:37,multi_repeat_random_states.py,"(1021, 9)",456,sequential_120,Dense 64 -> 16 -> 32 -> 64 -> 64 -> 32 -> 1,mse,adam_120,50,256,1.4137,3371.817138671875,2989.448974609375,2711.108642578125,0.5612602826540887,0.7
2026-09-04 12:41:38,multi_repeat_random_states.py,"(1021, 9)",289,sequential_121,Dense 64 -> 16 -> 32 -> 64 -> 64 -> 32 -> 1,mse,adam_121,50,256,1.4009,5028.39208984375,2691.17626953125,3581.904296875,0.5463237642616604,0.7
2026-09-04 12:41:38,multi_repeat_random_states.py,"(1021, 9)",373,sequential_121,Dense 64 -> 16 -> 32 -> 64 -> 64 -> 32 -> 1,mse,adam_121,50,256,1.4445,5012.998046875,3073.962890625,3402.4345703125,0.5300488905853186,0.7
2026-09-04 12:41:39,multi_repeat_random_states.py,"(1021, 9)",289,sequential_121,Dense 64 -> 16 -> 32 -> 64 -> 64 -> 32 -> 1,mse,adam_121,50,256,1.4054,2683.099609375,2638.428955078125,3395.091796875,0.5699850245474456,0.7
2026-09-04 12:41:39,multi_repeat_random_states.py,"(1021, 9)",457,sequential_121,Dense 64 -> 16 -> 32 -> 64 -> 64 -> 32 -> 1,mse,adam_121,50,256,2.2902,29771.779296875,3496.950439453125,3868.687744140625,0.4646844472939411,0.7
2026-09-04 12:41:40,multi_repeat_random_states.py,"(1021, 9)",373,sequential_121,Dense 64 -> 16 -> 32 -> 64 -> 64 -> 32 -> 1,mse,adam_121,50,256,1.4112,2911.670166015625,2911.417724609375,3479.380615234375,0.5194209274234851,0.7
2026-09-04 12:41:41,multi_repeat_random_states.py,"(1021, 9)",457,sequential_121,Dense 64 -> 16 -> 32 -> 64 -> 64 -> 32 -> 1,mse,adam_121,50,256,1.3789,3525.444091796875,2846.901123046875,3121.652587890625,0.5680526844879406,0.7
2026-09-04 12:41:42,multi_repeat_random_states.py,"(1021, 9)",290,sequential_122,Dense 64 -> 16 -> 32 -> 64 -> 64 -> 32 -> 1,mse,adam_122,50,256,2.2489,62089.70703125,5031.3974609375,4794.310546875,0.2698933734701028,0.7
2026-09-04 12:41:42,multi_repeat_random_states.py,"(1021, 9)",374,sequential_122,Dense 64 -> 16 -> 32 -> 64 -> 64 -> 32 -> 1,mse,adam_122,50,256,2.2663,35192.7421875,4507.69970703125,3799.173828125,0.35582621822592364,0.7
2026-09-04 12:41:42,multi_repeat_random_states.py,"(1021, 9)",457,sequential_121,Dense 64 -> 16 -> 32 -> 64 -> 64 -> 32 -> 1,mse,adam_121,50,256,1.4175,2793.505126953125,2724.225341796875,3044.809814453125,0.578685514389089,0.7
2026-09-04 12:41:43,multi_repeat_random_states.py,"(1021, 9)",290,sequential_122,Dense 64 -> 16 -> 32 -> 64 -> 64 -> 32 -> 1,mse,adam_122,50,256,1.4062,4937.60546875,3055.614501953125,2969.354248046875,0.5478088004063002,0.7
2026-09-04 12:41:44,multi_repeat_random_states.py,"(1021, 9)",374,sequential_122,Dense 64 -> 16 -> 32 -> 64 -> 64 -> 32 -> 1,mse,adam_122,50,256,1.4054,4500.56201171875,3255.307373046875,2571.57275390625,0.5639737710754493,0.7
2026-09-04 12:41:45,multi_repeat_random_states.py,"(1021, 9)",290,sequential_122,Dense 64 -> 16 -> 32 -> 64 -> 64 -> 32 -> 1,mse,adam_122,50,256,1.3824,2986.1259765625,2858.52734375,2850.51025390625,0.5659070094847765,0.7
2026-09-04 12:41:45,multi_repeat_random_states.py,"(1021, 9)",458,sequential_122,Dense 64 -> 16 -> 32 -> 64 -> 64 -> 32 -> 1,mse,adam_122,50,256,2.3182,55020.23046875,4842.7451171875,4257.162109375,0.33108362049155937,0.7
2026-09-04 12:41:45,multi_repeat_random_states.py,"(1021, 9)",374,sequential_122,Dense 64 -> 16 -> 32 -> 64 -> 64 -> 32 -> 1,mse,adam_122,50,256,1.392,3115.743896484375,3245.036376953125,2523.1767578125,0.5721795652742885,0.7
2026-09-04 12:41:46,multi_repeat_random_states.py,"(1021, 9)",458,sequential_122,Dense 64 -> 16 -> 32 -> 64 -> 64 -> 32 -> 1,mse,adam_122,50,256,1.3782,4755.603515625,3744.501953125,3350.156494140625,0.4735989532232817,0.7
2026-09-04 12:41:47,multi_repeat_random_states.py,"(1021, 9)",291,sequential_123,Dense 64 -> 16 -> 32 -> 64 -> 64 -> 32 -> 1,mse,adam_123,50,256,2.2735,25796.8203125,3676.84765625,4392.64404296875,0.3806450341084695,0.7
2026-09-04 12:41:48,multi_repeat_random_states.py,"(1021, 9)",375,sequential_123,Dense 64 -> 16 -> 32 -> 64 -> 64 -> 32 -> 1,mse,adam_123,50,256,2.2651,100454.5,5498.14794921875,5804.23291015625,0.18885508982742227,0.7
2026-09-04 12:41:48,multi_repeat_random_states.py,"(1021, 9)",458,sequential_122,Dense 64 -> 16 -> 32 -> 64 -> 64 -> 32 -> 1,mse,adam_122,50,256,1.4264,3333.070068359375,3158.494384765625,3077.55126953125,0.5164326364428349,0.7
2026-09-04 12:41:49,multi_repeat_random_states.py,"(1021, 9)",291,sequential_123,Dense 64 -> 16 -> 32 -> 64 -> 64 -> 32 -> 1,mse,adam_123,50,256,1.4253,3885.316650390625,2870.47412109375,3522.630615234375,0.5033152567155532,0.7
2026-09-04 12:41:49,multi_repeat_random_states.py,"(1021, 9)",375,sequential_123,Dense 64 -> 16 -> 32 -> 64 -> 64 -> 32 -> 1,mse,adam_123,50,256,1.3989,5369.63525390625,3141.560791015625,2841.27880859375,0.602929602351052,0.7
2026-09-04 12:41:50,multi_repeat_random_states.py,"(1021, 9)",291,sequential_123,Dense 64 -> 16 -> 32 -> 64 -> 64 -> 32 -> 1,mse,adam_123,50,256,1.4295,2993.448486328125,2818.042236328125,3099.65478515625,0.5629541362222696,0.7
2026-09-04 12:41:51,multi_repeat_random_states.py,"(1021, 9)",459,sequential_123,Dense 64 -> 16 -> 32 -> 64 -> 64 -> 32 -> 1,mse,adam_123,50,256,2.3263,36876.40625,4627.0322265625,4337.47412109375,0.35976224941745283,0.7
2026-09-04 12:41:51,multi_repeat_random_states.py,"(1021, 9)",375,sequential_123,Dense 64 -> 16 -> 32 -> 64 -> 64 -> 32 -> 1,mse,adam_123,50,256,1.3936,3318.3642578125,3134.64697265625,2823.437255859375,0.6054230439381538,0.7
2026-09-04 12:41:52,multi_repeat_random_states.py,"(1021, 9)",459,sequential_123,Dense 64 -> 16 -> 32 -> 64 -> 64 -> 32 -> 1,mse,adam_123,50,256,1.3809,4575.32177734375,3205.620849609375,2853.24609375,0.5788434133350288,0.7
2026-09-04 12:41:53,multi_repeat_random_states.py,"(1021, 9)",292,sequential_124,Dense 64 -> 16 -> 32 -> 64 -> 64 -> 32 -> 1,mse,adam_124,50,256,2.2484,114667.984375,5851.18603515625,5870.52587890625,0.1325565276087588,0.7
2026-09-04 12:41:53,multi_repeat_random_states.py,"(1021, 9)",376,sequential_124,Dense 64 -> 16 -> 32 -> 64 -> 64 -> 32 -> 1,mse,adam_124,50,256,2.2618,169583.296875,5682.26220703125,6491.57373046875,0.14612124946470217,0.7
2026-09-04 12:41:54,multi_repeat_random_states.py,"(1021, 9)",459,sequential_123,Dense 64 -> 16 -> 32 -> 64 -> 64 -> 32 -> 1,mse,adam_123,50,256,1.4091,3365.447998046875,3071.61865234375,3062.74658203125,0.547919818184349,0.7
2026-09-04 12:41:54,multi_repeat_random_states.py,"(1021, 9)",292,sequential_124,Dense 64 -> 16 -> 32 -> 64 -> 64 -> 32 -> 1,mse,adam_124,50,256,1.3922,5813.51220703125,3223.512939453125,3567.931396484375,0.4727936283627979,0.7
2026-09-04 12:41:55,multi_repeat_random_states.py,"(1021, 9)",376,sequential_124,Dense 64 -> 16 -> 32 -> 64 -> 64 -> 32 -> 1,mse,adam_124,50,256,1.3968,5661.17041015625,3880.763427734375,4655.71728515625,0.38760331243341106,0.7
2026-09-04 12:41:56,multi_repeat_random_states.py,"(1021, 9)",292,sequential_124,Dense 64 -> 16 -> 32 -> 64 -> 64 -> 32 -> 1,mse,adam_124,50,256,1.3947,3268.29296875,2844.405517578125,2893.4599609375,0.5724551695976329,0.7
2026-09-04 12:41:56,multi_repeat_random_states.py,"(1021, 9)",460,sequential_124,Dense 64 -> 16 -> 32 -> 64 -> 64 -> 32 -> 1,mse,adam_124,50,256,2.3057,83779.7421875,5483.80810546875,4997.421875,0.22110098884675244,0.7
2026-09-04 12:41:56,multi_repeat_random_states.py,"(1021, 9)",376,sequential_124,Dense 64 -> 16 -> 32 -> 64 -> 64 -> 32 -> 1,mse,adam_124,50,256,1.438,3780.048828125,2970.174560546875,3223.850341796875,0.5759460432629453,0.7
2026-09-04 12:41:58,multi_repeat_random_states.py,"(1021, 9)",460,sequential_124,Dense 64 -> 16 -> 32 -> 64 -> 64 -> 32 -> 1,mse,adam_124,50,256,1.3928,5401.56494140625,2996.5361328125,2936.693603515625,0.5422864831277057,0.7
2026-09-04 12:41:58,multi_repeat_random_states.py,"(1021, 9)",293,sequential_125,Dense 64 -> 16 -> 32 -> 64 -> 64 -> 32 -> 1,mse,adam_125,50,256,2.2482,25730.58203125,4731.51806640625,3855.47314453125,0.41368912142091896,0.7
2026-09-04 12:41:59,multi_repeat_random_states.py,"(1021, 9)",377,sequential_125,Dense 64 -> 16 -> 32 -> 64 -> 64 -> 32 -> 1,mse,adam_125,50,256,2.2752,19592.767578125,3538.82568359375,3224.159912109375,0.5429949376997787,0.7
2026-09-04 12:41:59,multi_repeat_random_states.py,"(1021, 9)",460,sequential_124,Dense 64 -> 16 -> 32 -> 64 -> 64 -> 32 -> 1,mse,adam_124,50,256,1.4525,3051.622802734375,2894.77490234375,2640.397216796875,0.5884672745411866,0.7
2026-09-04 12:42:00,multi_repeat_random_states.py,"(1021, 9)",293,sequential_125,Dense 64 -> 16 -> 32 -> 64 -> 64 -> 32 -> 1,mse,adam_125,50,256,1.4113,4281.63232421875,3645.38037109375,2648.783447265625,0.5971932722091476,0.7
2026-09-04 12:42:00,multi_repeat_random_states.py,"(1021, 9)",377,sequential_125,Dense 64 -> 16 -> 32 -> 64 -> 64 -> 32 -> 1,mse,adam_125,50,256,1.4001,2999.531005859375,3049.853515625,3000.847412109375,0.5746481459819835,0.7
2026-09-04 12:42:01,multi_repeat_random_states.py,"(1021, 9)",293,sequential_125,Dense 64 -> 16 -> 32 -> 64 -> 64 -> 32 -> 1,mse,adam_125,50,256,1.3957,3432.363525390625,3083.6357421875,2660.2822265625,0.5954446655977426,0.7
2026-09-04 12:42:02,multi_repeat_random_states.py,"(1021, 9)",461,sequential_125,Dense 64 -> 16 -> 32 -> 64 -> 64 -> 32 -> 1,mse,adam_125,50,256,2.2261,29588.53125,4561.46044921875,4067.26904296875,0.3827821541696209,0.7
2026-09-04 12:42:02,multi_repeat_random_states.py,"(1021, 9)",377,sequential_125,Dense 64 -> 16 -> 32 -> 64 -> 64 -> 32 -> 1,mse,adam_125,50,256,1.4503,3095.058349609375,2780.267333984375,3056.78076171875,0.5667198854907419,0.7
2026-09-04 12:42:03,multi_repeat_random_states.py,"(1021, 9)",461,sequential_125,Dense 64 -> 16 -> 32 -> 64 -> 64 -> 32 -> 1,mse,adam_125,50,256,1.5047,4582.28466796875,2927.953125,3040.624755859375,0.5385779279054155,0.7
2026-09-04 12:42:04,multi_repeat_random_states.py,"(1021, 9)",294,sequential_126,Dense 64 -> 16 -> 32 -> 64 -> 64 -> 32 -> 1,mse,adam_126,50,256,2.2552,29117.4453125,4487.53173828125,4601.46044921875,0.2890917802245444,0.7
2026-09-04 12:42:04,multi_repeat_random_states.py,"(1021, 9)",378,sequential_126,Dense 64 -> 16 -> 32 -> 64 -> 64 -> 32 -> 1,mse,adam_126,50,256,2.2613,43051.90234375,3922.1982421875,3763.038330078125,0.46616870687493517,0.7
2026-09-04 12:42:05,multi_repeat_random_states.py,"(1021, 9)",461,sequential_125,Dense 64 -> 16 -> 32 -> 64 -> 64 -> 32 -> 1,mse,adam_125,50,256,1.4492,2984.7705078125,3261.928466796875,3311.659912109375,0.49744765783928435,0.7
2026-09-04 12:42:05,multi_repeat_random_states.py,"(1021, 9)",294,sequential_126,Dense 64 -> 16 -> 32 -> 64 -> 64 -> 32 -> 1,mse,adam_126,50,256,1.4424,4312.416015625,3114.04052734375,3129.248291015625,0.5165429893136628,0.7
2026-09-04 12:42:06,multi_repeat_random_states.py,"(1021, 9)",378,sequential_126,Dense 64 -> 16 -> 32 -> 64 -> 64 -> 32 -> 1,mse,adam_126,50,256,1.452,3754.86328125,3123.290771484375,3038.668701171875,0.5689291043075915,0.7
2026-09-04 12:42:07,multi_repeat_random_states.py,"(1021, 9)",294,sequential_126,Dense 64 -> 16 -> 32 -> 64 -> 64 -> 32 -> 1,mse,adam_126,50,256,1.5039,3000.039306640625,2804.211181640625,2922.544921875,0.5484779248515244,0.7
2026-09-04 12:42:07,multi_repeat_random_states.py,"(1021, 9)",462,sequential_126,Dense 64 -> 16 -> 32 -> 64 -> 64 -> 32 -> 1,mse,adam_126,50,256,2.2821,27008.978515625,3363.34619140625,3904.805908203125,0.4521048471990623,0.7
2026-09-04 12:42:08,multi_repeat_random_states.py,"(1021, 9)",378,sequential_126,Dense 64 -> 16 -> 32 -> 64 -> 64 -> 32 -> 1,mse,adam_126,50,256,1.4218,3203.30224609375,3130.950927734375,2940.808837890625,0.5828116440028464,0.7
2026-09-04 12:42:09,multi_repeat_random_states.py,"(1021, 9)",462,sequential_126,Dense 64 -> 16 -> 32 -> 64 -> 64 -> 32 -> 1,mse,adam_126,50,256,1.3926,3383.82861328125,3017.80029296875,4497.5712890625,0.3689321215330351,0.7
2026-09-04 12:42:09,multi_repeat_random_states.py,"(1021, 9)",295,sequential_127,Dense 64 -> 16 -> 32 -> 64 -> 64 -> 32 -> 1,mse,adam_127,50,256,2.2633,24616.87890625,3391.197021484375,2909.64306640625,0.5715617222341878,0.7
2026-09-04 12:42:10,multi_repeat_random_states.py,"(1021, 9)",379,sequential_127,Dense 64 -> 16 -> 32 -> 64 -> 64 -> 32 -> 1,mse,adam_127,50,256,2.2584,93668.0625,5925.6015625,5885.10693359375,0.1381452495651493,0.7
2026-09-04 12:42:10,multi_repeat_random_states.py,"(1021, 9)",462,sequential_126,Dense 64 -> 16 -> 32 -> 64 -> 64 -> 32 -> 1,mse,adam_126,50,256,1.4208,3402.802978515625,2703.42919921875,3297.328125,0.5373418916683699,0.7
2026-09-04 12:42:11,multi_repeat_random_states.py,"(1021, 9)",295,sequential_127,Dense 64 -> 16 -> 32 -> 64 -> 64 -> 32 -> 1,mse,adam_127,50,256,1.4109,3444.685546875,3466.6064453125,3462.770263671875,0.49011501336730734,0.7
2026-09-04 12:42:12,multi_repeat_random_states.py,"(1021, 9)",379,sequential_127,Dense 64 -> 16 -> 32 -> 64 -> 64 -> 32 -> 1,mse,adam_127,50,256,1.4082,5895.70263671875,3893.596923828125,3768.47802734375,0.44811866838705794,0.7
2026-09-04 12:42:12,multi_repeat_random_states.py,"(1021, 9)",295,sequential_127,Dense 64 -> 16 -> 32 -> 64 -> 64 -> 32 -> 1,mse,adam_127,50,256,1.3945,3522.41552734375,2963.64404296875,2807.663818359375,0.5865779396748692,0.7
2026-09-04 12:42:13,multi_repeat_random_states.py,"(1021, 9)",463,sequential_127,Dense 64 -> 16 -> 32 -> 64 -> 64 -> 32 -> 1,mse,adam_127,50,256,2.2598,59741.328125,3582.360595703125,3372.6787109375,0.49146589348283765,0.7
2026-09-04 12:42:13,multi_repeat_random_states.py,"(1021, 9)",379,sequential_127,Dense 64 -> 16 -> 32 -> 64 -> 64 -> 32 -> 1,mse,adam_127,50,256,1.4188,3835.2373046875,2897.253173828125,2838.147216796875,0.5843626191114595,0.7
2026-09-04 12:42:14,multi_repeat_random_states.py,"(1021, 9)",463,sequential_127,Dense 64 -> 16 -> 32 -> 64 -> 64 -> 32 -> 1,mse,adam_127,50,256,1.4111,3472.408203125,3039.34912109375,2867.614990234375,0.5676195856509816,0.7
2026-09-04 12:42:15,multi_repeat_random_states.py,"(1021, 9)",296,sequential_128,Dense 64 -> 16 -> 32 -> 64 -> 64 -> 32 -> 1,mse,adam_128,50,256,2.261,1392037.125,6611.6748046875,6061.978515625,0.12677376569040477,0.7
2026-09-04 12:42:16,multi_repeat_random_states.py,"(1021, 9)",380,sequential_128,Dense 64 -> 16 -> 32 -> 64 -> 64 -> 32 -> 1,mse,adam_128,50,256,2.2687,436801.09375,5719.17626953125,6799.75537109375,0.04960259451425597,0.7
2026-09-04 12:42:16,multi_repeat_random_states.py,"(1021, 9)",463,sequential_127,Dense 64 -> 16 -> 32 -> 64 -> 64 -> 32 -> 1,mse,adam_127,50,256,1.4219,3045.2373046875,3196.742919921875,2996.457275390625,0.5481927572748102,0.7
2026-09-04 12:42:17,multi_repeat_random_states.py,"(1021, 9)",296,sequential_128,Dense 64 -> 16 -> 32 -> 64 -> 64 -> 32 -> 1,mse,adam_128,50,256,1.4089,6601.275390625,5880.21044921875,5525.47021484375,0.20405752233508345,0.7
2026-09-04 12:42:17,multi_repeat_random_states.py,"(1021, 9)",380,sequential_128,Dense 64 -> 16 -> 32 -> 64 -> 64 -> 32 -> 1,mse,adam_128,50,256,1.3988,5705.8955078125,4973.2548828125,5976.8984375,0.16461266543576691,0.7
2026-09-04 12:42:18,multi_repeat_random_states.py,"(1021, 9)",296,sequential_128,Dense 64 -> 16 -> 32 -> 64 -> 64 -> 32 -> 1,mse,adam_128,50,256,1.4359,5853.23095703125,4177.076171875,3739.8681640625,0.4612729489473445,0.7
2026-09-04 12:42:19,multi_repeat_random_states.py,"(1021, 9)",464,sequential_128,Dense 64 -> 16 -> 32 -> 64 -> 64 -> 32 -> 1,mse,adam_128,50,256,2.3136,132097.84375,6034.86376953125,5167.8017578125,0.17711147891132595,0.7
2026-09-04 12:42:19,multi_repeat_random_states.py,"(1021, 9)",380,sequential_128,Dense 64 -> 16 -> 32 -> 64 -> 64 -> 32 -> 1,mse,adam_128,50,256,1.5444,4970.27490234375,3200.755859375,3686.545166015625,0.48473391619711015,0.7
2026-09-04 12:42:20,multi_repeat_random_states.py,"(1021, 9)",464,sequential_128,Dense 64 -> 16 -> 32 -> 64 -> 64 -> 32 -> 1,mse,adam_128,50,256,1.3968,6005.296875,3079.263427734375,2923.47509765625,0.5344841208994083,0.7
2026-09-04 12:42:21,multi_repeat_random_states.py,"(1021, 9)",297,sequential_129,Dense 64 -> 16 -> 32 -> 64 -> 64 -> 32 -> 1,mse,adam_129,50,256,2.3348,49467.3125,3882.70361328125,3826.068603515625,0.44141061103738466,0.7
2026-09-04 12:42:21,multi_repeat_random_states.py,"(1021, 9)",381,sequential_129,Dense 64 -> 16 -> 32 -> 64 -> 64 -> 32 -> 1,mse,adam_129,50,256,2.3135,22277.462890625,3234.762939453125,3324.74462890625,0.5285995681017488,0.7
2026-09-04 12:42:22,multi_repeat_random_states.py,"(1021, 9)",464,sequential_128,Dense 64 -> 16 -> 32 -> 64 -> 64 -> 32 -> 1,mse,adam_128,50,256,1.4089,2925.403076171875,2843.06103515625,2888.53857421875,0.5400471255940432,0.7
2026-09-04 12:42:22,multi_repeat_random_states.py,"(1021, 9)",297,sequential_129,Dense 64 -> 16 -> 32 -> 64 -> 64 -> 32 -> 1,mse,adam_129,50,256,1.4039,3792.924560546875,3033.542236328125,2823.544189453125,0.5877747889460243,0.7
2026-09-04 12:42:23,multi_repeat_random_states.py,"(1021, 9)",381,sequential_129,Dense 64 -> 16 -> 32 -> 64 -> 64 -> 32 -> 1,mse,adam_129,50,256,1.3953,3233.693603515625,3389.50927734375,2991.08544921875,0.5759075841364474,0.7
2026-09-04 12:42:24,multi_repeat_random_states.py,"(1021, 9)",297,sequential_129,Dense 64 -> 16 -> 32 -> 64 -> 64 -> 32 -> 1,mse,adam_129,50,256,1.4387,3050.962890625,3044.897705078125,3064.976806640625,0.5525266558528125,0.7
2026-09-04 12:42:24,multi_repeat_random_states.py,"(1021, 9)",465,sequential_129,Dense 64 -> 16 -> 32 -> 64 -> 64 -> 32 -> 1,mse,adam_129,50,256,2.3185,92658.6015625,5764.10302734375,5916.69921875,0.19187853320130976,0.7
2026-09-04 12:42:24,multi_repeat_random_states.py,"(1021, 9)",381,sequential_129,Dense 64 -> 16 -> 32 -> 64 -> 64 -> 32 -> 1,mse,adam_129,50,256,1.4005,3169.134765625,3187.12548828125,3940.093017578125,0.4413520514317866,0.7
2026-09-04 12:42:26,multi_repeat_random_states.py,"(1021, 9)",465,sequential_129,Dense 64 -> 16 -> 32 -> 64 -> 64 -> 32 -> 1,mse,adam_129,50,256,1.4249,5700.86474609375,2968.286376953125,3151.07666015625,0.569615979703352,0.7
2026-09-04 12:42:26,multi_repeat_random_states.py,"(1021, 9)",298,sequential_130,Dense 64 -> 16 -> 32 -> 64 -> 64 -> 32 -> 1,mse,adam_130,50,256,2.2774,35367.5234375,5425.51123046875,5715.66796875,0.1701913549997125,0.7
2026-09-04 12:42:27,multi_repeat_random_states.py,"(1021, 9)",382,sequential_130,Dense 64 -> 16 -> 32 -> 64 -> 64 -> 32 -> 1,mse,adam_130,50,256,2.2657,30341.341796875,3890.563720703125,3801.225341796875,0.39345311915107606,0.7
2026-09-04 12:42:27,multi_repeat_random_states.py,"(1021, 9)",465,sequential_129,Dense 64 -> 16 -> 32 -> 64 -> 64 -> 32 -> 1,mse,adam_129,50,256,1.4609,2847.009521484375,2880.119873046875,3273.648681640625,0.5528746931009559,0.7
2026-09-04 12:42:28,multi_repeat_random_states.py,"(1021, 9)",298,sequential_130,Dense 64 -> 16 -> 32 -> 64 -> 64 -> 32 -> 1,mse,adam_130,50,256,1.389,5397.59228515625,2966.08056640625,3202.503173828125,0.5350561199212157,0.7
2026-09-04 12:42:28,multi_repeat_random_states.py,"(1021, 9)",382,sequential_130,Dense 64 -> 16 -> 32 -> 64 -> 64 -> 32 -> 1,mse,adam_130,50,256,1.445,4086.69970703125,3219.01171875,3350.5322265625,0.46536842896743325,0.7
2026-09-04 12:42:29,multi_repeat_random_states.py,"(1021, 9)",298,sequential_130,Dense 64 -> 16 -> 32 -> 64 -> 64 -> 32 -> 1,mse,adam_130,50,256,1.4085,2886.5263671875,3121.48193359375,3473.552001953125,0.4957048100760516,0.7
2026-09-04 12:42:30,multi_repeat_random_states.py,"(1021, 9)",466,sequential_130,Dense 64 -> 16 -> 32 -> 64 -> 64 -> 32 -> 1,mse,adam_130,50,256,2.2598,66411.7421875,4805.50732421875,4774.60205078125,0.3035504612415948,0.7
2026-09-04 12:42:30,multi_repeat_random_states.py,"(1021, 9)",382,sequential_130,Dense 64 -> 16 -> 32 -> 64 -> 64 -> 32 -> 1,mse,adam_130,50,256,1.4187,3464.3251953125,3121.650146484375,2790.6650390625,0.5547043705331578,0.7
2026-09-04 12:42:31,multi_repeat_random_states.py,"(1021, 9)",466,sequential_130,Dense 64 -> 16 -> 32 -> 64 -> 64 -> 32 -> 1,mse,adam_130,50,256,1.4072,4743.478515625,3052.082275390625,3437.084228515625,0.4986481031420015,0.7
2026-09-04 12:42:32,multi_repeat_random_states.py,"(1021, 9)",299,sequential_131,Dense 64 -> 16 -> 32 -> 64 -> 64 -> 32 -> 1,mse,adam_131,50,256,2.2316,54357.5625,5780.84814453125,5017.119140625,0.24221339697234634,0.7
2026-09-04 12:42:32,multi_repeat_random_states.py,"(1021, 9)",383,sequential_131,Dense 64 -> 16 -> 32 -> 64 -> 64 -> 32 -> 1,mse,adam_131,50,256,2.2996,40308.515625,3833.996337890625,4401.81787109375,0.4258832869325281,0.7
2026-09-04 12:42:33,multi_repeat_random_states.py,"(1021, 9)",466,sequential_130,Dense 64 -> 16 -> 32 -> 64 -> 64 -> 32 -> 1,mse,adam_130,50,256,1.4259,3146.36572265625,3098.4169921875,2747.095703125,0.5992935839673543,0.7
2026-09-04 12:42:33,multi_repeat_random_states.py,"(1021, 9)",299,sequential_131,Dense 64 -> 16 -> 32 -> 64 -> 64 -> 32 -> 1,mse,adam_131,50,256,1.4118,5625.67919921875,3262.525390625,2855.99169921875,0.5686304652662219,0.7
2026-09-04 12:42:34,multi_repeat_random_states.py,"(1021, 9)",383,sequential_131,Dense 64 -> 16 -> 32 -> 64 -> 64 -> 32 -> 1,mse,adam_131,50,256,1.4133,3810.4716796875,3535.90869140625,4103.18994140625,0.4648325714862076,0.7
2026-09-04 12:42:35,multi_repeat_random_states.py,"(1021, 9)",299,sequential_131,Dense 64 -> 16 -> 32 -> 64 -> 64 -> 32 -> 1,mse,adam_131,50,256,1.3976,3337.096923828125,2981.734619140625,2733.775390625,0.5870900604481493,0.7
2026-09-04 12:42:35,multi_repeat_random_states.py,"(1021, 9)",467,sequential_131,Dense 64 -> 16 -> 32 -> 64 -> 64 -> 32 -> 1,mse,adam_131,50,256,2.2631,18131.94921875,3831.374267578125,3407.91259765625,0.4975344519422844,0.7
2026-09-04 12:42:36,multi_repeat_random_states.py,"(1021, 9)",383,sequential_131,Dense 64 -> 16 -> 32 -> 64 -> 64 -> 32 -> 1,mse,adam_131,50,256,1.457,3384.6357421875,2883.895751953125,3697.12158203125,0.5177948812155245,0.7
2026-09-04 12:42:37,multi_repeat_random_states.py,"(1021, 9)",467,sequential_131,Dense 64 -> 16 -> 32 -> 64 -> 64 -> 32 -> 1,mse,adam_131,50,256,1.4285,3739.428466796875,2968.608154296875,2800.59814453125,0.5870773899693905,0.7
2026-09-04 12:42:37,multi_repeat_random_states.py,"(1021, 9)",300,sequential_132,Dense 64 -> 16 -> 32 -> 64 -> 64 -> 32 -> 1,mse,adam_132,50,256,2.3393,138293.421875,5501.51953125,6327.486328125,0.15912689615267916,0.7
2026-09-04 12:42:38,multi_repeat_random_states.py,"(1021, 9)",384,sequential_132,Dense 64 -> 16 -> 32 -> 64 -> 64 -> 32 -> 1,mse,adam_132,50,256,2.3328,24558.6015625,3009.81298828125,3325.987548828125,0.5490774416843469,0.7
2026-09-04 12:42:39,multi_repeat_random_states.py,"(1021, 9)",467,sequential_131,Dense 64 -> 16 -> 32 -> 64 -> 64 -> 32 -> 1,mse,adam_131,50,256,1.5437,3088.428955078125,2884.2431640625,2797.968994140625,0.5874650324724277,0.7
2026-09-04 12:42:39,multi_repeat_random_states.py,"(1021, 9)",300,sequential_132,Dense 64 -> 16 -> 32 -> 64 -> 64 -> 32 -> 1,mse,adam_132,50,256,1.4956,5480.33935546875,3605.69921875,4335.95751953125,0.4237853417569303,0.7
2026-09-04 12:42:40,multi_repeat_random_states.py,"(1021, 9)",384,sequential_132,Dense 64 -> 16 -> 32 -> 64 -> 64 -> 32 -> 1,mse,adam_132,50,256,1.4695,2930.314208984375,2820.189697265625,3070.8310546875,0.5836703526132618,0.7
2026-09-04 12:42:41,multi_repeat_random_states.py,"(1021, 9)",300,sequential_132,Dense 64 -> 16 -> 32 -> 64 -> 64 -> 32 -> 1,mse,adam_132,50,256,1.5086,3541.605224609375,2934.97802734375,3149.196044921875,0.5814966633673011,0.7
2026-09-04 12:42:41,multi_repeat_random_states.py,"(1021, 9)",468,sequential_132,Dense 64 -> 16 -> 32 -> 64 -> 64 -> 32 -> 1,mse,adam_132,50,256,2.3683,41644.50390625,4528.708984375,4827.04248046875,0.329159153405442,0.7
2026-09-04 12:42:41,multi_repeat_random_states.py,"(1021, 9)",384,sequential_132,Dense 64 -> 16 -> 32 -> 64 -> 64 -> 32 -> 1,mse,adam_132,50,256,1.4525,2803.688232421875,2908.941650390625,3223.317138671875,0.562996957490267,0.7
2026-09-04 12:42:43,multi_repeat_random_states.py,"(1021, 9)",468,sequential_132,Dense 64 -> 16 -> 32 -> 64 -> 64 -> 32 -> 1,mse,adam_132,50,256,1.5877,4616.82177734375,2827.24755859375,3030.025390625,0.5789005518650098,0.7
2026-09-04 12:42:44,multi_repeat_random_states.py,"(1021, 9)",468,sequential_132,Dense 64 -> 16 -> 32 -> 64 -> 64 -> 32 -> 1,mse,adam_132,50,256,1.4868,2821.007568359375,2867.2236328125,3307.90185546875,0.5402824856673987,0.7
2026-09-04 12:42:45,multi_repeat_random_states.py,"(1021, 9)",301,sequential_133,Dense 64 -> 16 -> 32 -> 64 -> 64 -> 32 -> 1,mse,adam_133,50,256,3.6413,38525.75390625,3048.102783203125,2862.19580078125,0.5071137952865525,0.7
2026-09-04 12:42:45,multi_repeat_random_states.py,"(1021, 9)",385,sequential_133,Dense 64 -> 16 -> 32 -> 64 -> 64 -> 32 -> 1,mse,adam_133,50,256,3.6016,43493.265625,4658.21630859375,4277.1162109375,0.353828024864411,0.7
2026-09-04 12:42:46,multi_repeat_random_states.py,"(1021, 9)",301,sequential_133,Dense 64 -> 16 -> 32 -> 64 -> 64 -> 32 -> 1,mse,adam_133,50,256,1.4538,3037.750732421875,2984.1826171875,2889.00390625,0.502497189184876,0.7
2026-09-04 12:42:47,multi_repeat_random_states.py,"(1021, 9)",385,sequential_133,Dense 64 -> 16 -> 32 -> 64 -> 64 -> 32 -> 1,mse,adam_133,50,256,1.4645,4453.658203125,3622.088134765625,2953.8857421875,0.5537370814529994,0.7
2026-09-04 12:42:50,multi_repeat_random_states.py,"(1021, 9)",301,sequential_133,Dense 64 -> 16 -> 32 -> 64 -> 64 -> 32 -> 1,mse,adam_133,50,256,3.7467,3008.907958984375,3054.129638671875,2977.8359375,0.4871998730569591,0.7
2026-09-04 12:42:53,multi_repeat_random_states.py,"(1021, 9)",469,sequential_133,Dense 64 -> 16 -> 32 -> 64 -> 64 -> 32 -> 1,mse,adam_133,50,256,7.6102,53848.69140625,4165.408203125,3548.990966796875,0.444618587100012,0.7
2026-09-04 12:42:54,multi_repeat_random_states.py,"(1021, 9)",385,sequential_133,Dense 64 -> 16 -> 32 -> 64 -> 64 -> 32 -> 1,mse,adam_133,50,256,6.5601,3468.03466796875,2789.219482421875,2938.724365234375,0.5560276693801478,0.7
2026-09-04 12:42:56,multi_repeat_random_states.py,"(1021, 9)",469,sequential_133,Dense 64 -> 16 -> 32 -> 64 -> 64 -> 32 -> 1,mse,adam_133,50,256,2.3286,3922.584228515625,3078.035400390625,3329.638427734375,0.4789450204452069,0.7
2026-09-04 12:42:56,multi_repeat_random_states.py,"(1021, 9)",302,sequential_134,Dense 64 -> 16 -> 32 -> 64 -> 64 -> 32 -> 1,mse,adam_134,50,256,5.416,98835.390625,5621.2421875,5699.22412109375,0.18035903251433572,0.7
2026-09-04 12:42:57,multi_repeat_random_states.py,"(1021, 9)",386,sequential_134,Dense 64 -> 16 -> 32 -> 64 -> 64 -> 32 -> 1,mse,adam_134,50,256,2.6933,62668.96875,5143.5009765625,5808.99609375,0.21733364988556114,0.7
2026-09-04 12:42:57,multi_repeat_random_states.py,"(1021, 9)",469,sequential_133,Dense 64 -> 16 -> 32 -> 64 -> 64 -> 32 -> 1,mse,adam_133,50,256,1.4562,3358.9814453125,2961.7490234375,2597.765380859375,0.5934757664662871,0.7
2026-09-04 12:42:58,multi_repeat_random_states.py,"(1021, 9)",302,sequential_134,Dense 64 -> 16 -> 32 -> 64 -> 64 -> 32 -> 1,mse,adam_134,50,256,1.4371,5563.08740234375,3172.90625,3139.805419921875,0.5484450598429951,0.7
2026-09-04 12:42:58,multi_repeat_random_states.py,"(1021, 9)",386,sequential_134,Dense 64 -> 16 -> 32 -> 64 -> 64 -> 32 -> 1,mse,adam_134,50,256,1.4296,5172.63623046875,2904.90234375,3906.399658203125,0.47367715011527367,0.7
2026-09-04 12:42:59,multi_repeat_random_states.py,"(1021, 9)",302,sequential_134,Dense 64 -> 16 -> 32 -> 64 -> 64 -> 32 -> 1,mse,adam_134,50,256,1.4829,3204.657958984375,2885.158203125,3018.296630859375,0.5659199803100499,0.7
2026-09-04 12:43:00,multi_repeat_random_states.py,"(1021, 9)",470,sequential_134,Dense 64 -> 16 -> 32 -> 64 -> 64 -> 32 -> 1,mse,adam_134,50,256,2.2988,150160.9375,5200.2314453125,5588.14208984375,0.23989202937998,0.7
2026-09-04 12:43:00,multi_repeat_random_states.py,"(1021, 9)",386,sequential_134,Dense 64 -> 16 -> 32 -> 64 -> 64 -> 32 -> 1,mse,adam_134,50,256,1.5632,2988.762451171875,2852.830810546875,3192.97607421875,0.5697991537985457,0.7
2026-09-04 12:43:01,multi_repeat_random_states.py,"(1021, 9)",470,sequential_134,Dense 64 -> 16 -> 32 -> 64 -> 64 -> 32 -> 1,mse,adam_134,50,256,1.4828,5196.0419921875,3113.355712890625,3019.257080078125,0.5893158841561909,0.7
2026-09-04 12:43:02,multi_repeat_random_states.py,"(1021, 9)",303,sequential_135,Dense 64 -> 16 -> 32 -> 64 -> 64 -> 32 -> 1,mse,adam_135,50,256,2.3066,30720.802734375,3750.354736328125,3908.62109375,0.48939024863277747,0.7
2026-09-04 12:43:03,multi_repeat_random_states.py,"(1021, 9)",387,sequential_135,Dense 64 -> 16 -> 32 -> 64 -> 64 -> 32 -> 1,mse,adam_135,50,256,2.2843,45620.4296875,3883.18896484375,4334.7353515625,0.3751392496733279,0.7
2026-09-04 12:43:03,multi_repeat_random_states.py,"(1021, 9)",470,sequential_134,Dense 64 -> 16 -> 32 -> 64 -> 64 -> 32 -> 1,mse,adam_134,50,256,1.4131,2990.937255859375,2877.010009765625,3006.10107421875,0.5911053882912263,0.7
2026-09-04 12:43:03,multi_repeat_random_states.py,"(1021, 9)",303,sequential_135,Dense 64 -> 16 -> 32 -> 64 -> 64 -> 32 -> 1,mse,adam_135,50,256,1.4271,3586.64208984375,3018.747314453125,3629.3349609375,0.5258752382765433,0.7
2026-09-04 12:43:04,multi_repeat_random_states.py,"(1021, 9)",387,sequential_135,Dense 64 -> 16 -> 32 -> 64 -> 64 -> 32 -> 1,mse,adam_135,50,256,1.4263,3779.37255859375,2894.213623046875,3642.31884765625,0.4749524510416354,0.7
2026-09-04 12:43:05,multi_repeat_random_states.py,"(1021, 9)",303,sequential_135,Dense 64 -> 16 -> 32 -> 64 -> 64 -> 32 -> 1,mse,adam_135,50,256,1.5036,3050.434814453125,2896.188720703125,3012.443115234375,0.6064640553110918,0.7
2026-09-04 12:43:06,multi_repeat_random_states.py,"(1021, 9)",471,sequential_135,Dense 64 -> 16 -> 32 -> 64 -> 64 -> 32 -> 1,mse,adam_135,50,256,2.2978,20562.25,2970.0029296875,3720.1162109375,0.49561992998544313,0.7
2026-09-04 12:43:06,multi_repeat_random_states.py,"(1021, 9)",387,sequential_135,Dense 64 -> 16 -> 32 -> 64 -> 64 -> 32 -> 1,mse,adam_135,50,256,1.4105,3495.105224609375,3025.578125,2960.148193359375,0.5732887283132385,0.7
2026-09-04 12:43:07,multi_repeat_random_states.py,"(1021, 9)",471,sequential_135,Dense 64 -> 16 -> 32 -> 64 -> 64 -> 32 -> 1,mse,adam_135,50,256,1.5032,3175.10791015625,2831.355712890625,2902.262451171875,0.6065060458184507,0.7
2026-09-04 12:43:07,multi_repeat_random_states.py,"(1021, 9)",304,sequential_136,Dense 64 -> 16 -> 32 -> 64 -> 64 -> 32 -> 1,mse,adam_136,50,256,2.2647,30188.291015625,3548.844482421875,2816.225341796875,0.582343496639161,0.7
2026-09-04 12:43:08,multi_repeat_random_states.py,"(1021, 9)",388,sequential_136,Dense 64 -> 16 -> 32 -> 64 -> 64 -> 32 -> 1,mse,adam_136,50,256,2.4345,77470.5390625,5100.85205078125,5149.12744140625,0.25952029214185257,0.7
2026-09-04 12:43:09,multi_repeat_random_states.py,"(1021, 9)",471,sequential_135,Dense 64 -> 16 -> 32 -> 64 -> 64 -> 32 -> 1,mse,adam_135,50,256,1.5122,2829.5341796875,2790.067138671875,3002.42431640625,0.5929259239626683,0.7
2026-09-04 12:43:09,multi_repeat_random_states.py,"(1021, 9)",304,sequential_136,Dense 64 -> 16 -> 32 -> 64 -> 64 -> 32 -> 1,mse,adam_136,50,256,1.5451,3407.30322265625,3003.1494140625,3352.087158203125,0.5028732810685095,0.7
2026-09-04 12:43:10,multi_repeat_random_states.py,"(1021, 9)",388,sequential_136,Dense 64 -> 16 -> 32 -> 64 -> 64 -> 32 -> 1,mse,adam_136,50,256,1.51,5048.5,2933.754638671875,3300.734130859375,0.5253318695737618,0.7
2026-09-04 12:43:11,multi_repeat_random_states.py,"(1021, 9)",304,sequential_136,Dense 64 -> 16 -> 32 -> 64 -> 64 -> 32 -> 1,mse,adam_136,50,256,1.5211,3236.63818359375,2968.3115234375,2650.4140625,0.6069339128285542,0.7
2026-09-04 12:43:11,multi_repeat_random_states.py,"(1021, 9)",472,sequential_136,Dense 64 -> 16 -> 32 -> 64 -> 64 -> 32 -> 1,mse,adam_136,50,256,2.3848,48272.94140625,5096.7158203125,4628.50537109375,0.3073589899377238,0.7
2026-09-04 12:43:12,multi_repeat_random_states.py,"(1021, 9)",388,sequential_136,Dense 64 -> 16 -> 32 -> 64 -> 64 -> 32 -> 1,mse,adam_136,50,256,1.4302,3001.6318359375,2782.285400390625,2979.893310546875,0.5714709026904434,0.7
2026-09-04 12:43:13,multi_repeat_random_states.py,"(1021, 9)",472,sequential_136,Dense 64 -> 16 -> 32 -> 64 -> 64 -> 32 -> 1,mse,adam_136,50,256,1.4165,4993.23095703125,3250.037353515625,4045.905029296875,0.39454335717007527,0.7
2026-09-04 12:43:13,multi_repeat_random_states.py,"(1021, 9)",305,sequential_137,Dense 64 -> 16 -> 32 -> 64 -> 64 -> 32 -> 1,mse,adam_137,50,256,2.2554,118878.140625,5064.87548828125,4993.3955078125,0.23601018884361424,0.7
2026-09-04 12:43:14,multi_repeat_random_states.py,"(1021, 9)",389,sequential_137,Dense 64 -> 16 -> 32 -> 64 -> 64 -> 32 -> 1,mse,adam_137,50,256,2.3082,64538.19140625,3916.898681640625,3902.7900390625,0.3967371089612528,0.7
2026-09-04 12:43:14,multi_repeat_random_states.py,"(1021, 9)",472,sequential_136,Dense 64 -> 16 -> 32 -> 64 -> 64 -> 32 -> 1,mse,adam_136,50,256,1.4414,3508.173583984375,2927.704345703125,2840.302490234375,0.5749578975907386,0.7
2026-09-04 12:43:15,multi_repeat_random_states.py,"(1021, 9)",305,sequential_137,Dense 64 -> 16 -> 32 -> 64 -> 64 -> 32 -> 1,mse,adam_137,50,256,1.4428,5021.05517578125,3008.83251953125,2988.833251953125,0.5427082843135569,0.7
2026-09-04 12:43:16,multi_repeat_random_states.py,"(1021, 9)",389,sequential_137,Dense 64 -> 16 -> 32 -> 64 -> 64 -> 32 -> 1,mse,adam_137,50,256,1.4456,3819.079345703125,2838.70068359375,2833.54833984375,0.5620121421728689,0.7
2026-09-04 12:43:16,multi_repeat_random_states.py,"(1021, 9)",305,sequential_137,Dense 64 -> 16 -> 32 -> 64 -> 64 -> 32 -> 1,mse,adam_137,50,256,1.4361,2992.01123046875,2920.49169921875,2849.907470703125,0.5639639272948158,0.7
2026-09-04 12:43:17,multi_repeat_random_states.py,"(1021, 9)",473,sequential_137,Dense 64 -> 16 -> 32 -> 64 -> 64 -> 32 -> 1,mse,adam_137,50,256,2.3627,50899.109375,3651.447998046875,4052.3525390625,0.4337901977370403,0.7
2026-09-04 12:43:17,multi_repeat_random_states.py,"(1021, 9)",389,sequential_137,Dense 64 -> 16 -> 32 -> 64 -> 64 -> 32 -> 1,mse,adam_137,50,256,1.4437,2859.864990234375,2872.40771484375,2861.5009765625,0.557691427577553,0.7
2026-09-04 12:43:19,multi_repeat_random_states.py,"(1021, 9)",473,sequential_137,Dense 64 -> 16 -> 32 -> 64 -> 64 -> 32 -> 1,mse,adam_137,50,256,1.4353,3610.760009765625,2733.150146484375,3314.927001953125,0.5368260648566086,0.7
2026-09-04 12:43:19,multi_repeat_random_states.py,"(1021, 9)",306,sequential_138,Dense 64 -> 16 -> 32 -> 64 -> 64 -> 32 -> 1,mse,adam_138,50,256,2.2774,80588.5234375,5946.7490234375,4910.59814453125,0.15473727691936168,0.7
2026-09-04 12:43:20,multi_repeat_random_states.py,"(1021, 9)",390,sequential_138,Dense 64 -> 16 -> 32 -> 64 -> 64 -> 32 -> 1,mse,adam_138,50,256,2.3738,25803.521484375,5233.70556640625,5261.828125,0.2401276518740072,0.7
2026-09-04 12:43:20,multi_repeat_random_states.py,"(1021, 9)",473,sequential_137,Dense 64 -> 16 -> 32 -> 64 -> 64 -> 32 -> 1,mse,adam_137,50,256,1.4574,2641.136474609375,2628.267578125,3283.11474609375,0.5412709937996139,0.7
2026-09-04 12:43:20,multi_repeat_random_states.py,"(1021, 9)",306,sequential_138,Dense 64 -> 16 -> 32 -> 64 -> 64 -> 32 -> 1,mse,adam_138,50,256,1.5387,5994.25390625,3486.903564453125,3412.50732421875,0.41260400721062473,0.7
2026-09-04 12:43:21,multi_repeat_random_states.py,"(1021, 9)",390,sequential_138,Dense 64 -> 16 -> 32 -> 64 -> 64 -> 32 -> 1,mse,adam_138,50,256,1.4329,5199.1767578125,3581.48095703125,3613.594482421875,0.4781528454086901,0.7
2026-09-04 12:43:22,multi_repeat_random_states.py,"(1021, 9)",306,sequential_138,Dense 64 -> 16 -> 32 -> 64 -> 64 -> 32 -> 1,mse,adam_138,50,256,1.4382,3381.667724609375,2926.993896484375,2615.119384765625,0.5498587377211597,0.7
2026-09-04 12:43:23,multi_repeat_random_states.py,"(1021, 9)",474,sequential_138,Dense 64 -> 16 -> 32 -> 64 -> 64 -> 32 -> 1,mse,adam_138,50,256,2.4004,18858.3046875,3524.619140625,3879.72412109375,0.4010626206360801,0.7
2026-09-04 12:43:23,multi_repeat_random_states.py,"(1021, 9)",390,sequential_138,Dense 64 -> 16 -> 32 -> 64 -> 64 -> 32 -> 1,mse,adam_138,50,256,1.445,3401.436767578125,2940.891845703125,2919.836669921875,0.5783398803015569,0.7
2026-09-04 12:43:24,multi_repeat_random_states.py,"(1021, 9)",474,sequential_138,Dense 64 -> 16 -> 32 -> 64 -> 64 -> 32 -> 1,mse,adam_138,50,256,1.4676,3239.08154296875,3231.086181640625,4303.11083984375,0.33570180674763617,0.7
2026-09-04 12:43:25,multi_repeat_random_states.py,"(1021, 9)",307,sequential_139,Dense 64 -> 16 -> 32 -> 64 -> 64 -> 32 -> 1,mse,adam_139,50,256,2.3222,41604.5625,4443.48291015625,4188.6982421875,0.3456763208882838,0.7
2026-09-04 12:43:26,multi_repeat_random_states.py,"(1021, 9)",391,sequential_139,Dense 64 -> 16 -> 32 -> 64 -> 64 -> 32 -> 1,mse,adam_139,50,256,2.3553,29707.458984375,3146.92626953125,3015.755126953125,0.5098904833934634,0.7
2026-09-04 12:43:26,multi_repeat_random_states.py,"(1021, 9)",474,sequential_138,Dense 64 -> 16 -> 32 -> 64 -> 64 -> 32 -> 1,mse,adam_138,50,256,1.6381,3425.670166015625,2758.402099609375,3031.1015625,0.5320698625452183,0.7
2026-09-04 12:43:26,multi_repeat_random_states.py,"(1021, 9)",307,sequential_139,Dense 64 -> 16 -> 32 -> 64 -> 64 -> 32 -> 1,mse,adam_139,50,256,1.516,4271.16455078125,3429.98486328125,3105.755126953125,0.5148447329965619,0.7
2026-09-04 12:43:27,multi_repeat_random_states.py,"(1021, 9)",391,sequential_139,Dense 64 -> 16 -> 32 -> 64 -> 64 -> 32 -> 1,mse,adam_139,50,256,1.4688,3344.568359375,2935.758544921875,2759.959716796875,0.5514614141811096,0.7
2026-09-04 12:43:28,multi_repeat_random_states.py,"(1021, 9)",307,sequential_139,Dense 64 -> 16 -> 32 -> 64 -> 64 -> 32 -> 1,mse,adam_139,50,256,1.5818,3533.534912109375,2919.86083984375,2846.59521484375,0.5553285105719608,0.7
2026-09-04 12:43:29,multi_repeat_random_states.py,"(1021, 9)",475,sequential_139,Dense 64 -> 16 -> 32 -> 64 -> 64 -> 32 -> 1,mse,adam_139,50,256,2.437,16243.6279296875,3128.554931640625,3347.212646484375,0.5083175667077355,0.7
2026-09-04 12:43:29,multi_repeat_random_states.py,"(1021, 9)",391,sequential_139,Dense 64 -> 16 -> 32 -> 64 -> 64 -> 32 -> 1,mse,adam_139,50,256,1.5423,3054.248046875,2977.3291015625,3136.464111328125,0.4902733401535073,0.7
2026-09-04 12:43:30,multi_repeat_random_states.py,"(1021, 9)",475,sequential_139,Dense 64 -> 16 -> 32 -> 64 -> 64 -> 32 -> 1,mse,adam_139,50,256,1.5269,3126.97216796875,2807.2841796875,3177.20263671875,0.5332907916238476,0.7
2026-09-04 12:43:31,multi_repeat_random_states.py,"(1021, 9)",308,sequential_140,Dense 64 -> 16 -> 32 -> 64 -> 64 -> 32 -> 1,mse,adam_140,50,256,2.3794,58640.6796875,4424.6875,3767.578369140625,0.3916895692870709,0.7
2026-09-04 12:43:32,multi_repeat_random_states.py,"(1021, 9)",392,sequential_140,Dense 64 -> 16 -> 32 -> 64 -> 64 -> 32 -> 1,mse,adam_140,50,256,2.4051,60010.609375,5250.189453125,5238.46484375,0.2603358606060189,0.7
2026-09-04 12:43:32,multi_repeat_random_states.py,"(1021, 9)",475,sequential_139,Dense 64 -> 16 -> 32 -> 64 -> 64 -> 32 -> 1,mse,adam_139,50,256,1.4951,2897.5029296875,2821.0712890625,3250.1318359375,0.5225779692473596,0.7
2026-09-04 12:43:32,multi_repeat_random_states.py,"(1021, 9)",308,sequential_140,Dense 64 -> 16 -> 32 -> 64 -> 64 -> 32 -> 1,mse,adam_140,50,256,1.5144,4130.82275390625,2972.45947265625,2963.411865234375,0.5215297029434227,0.7
2026-09-04 12:43:33,multi_repeat_random_states.py,"(1021, 9)",392,sequential_140,Dense 64 -> 16 -> 32 -> 64 -> 64 -> 32 -> 1,mse,adam_140,50,256,1.4592,5125.59521484375,3075.9755859375,3312.024658203125,0.5323466409702768,0.7
2026-09-04 12:43:34,multi_repeat_random_states.py,"(1021, 9)",308,sequential_140,Dense 64 -> 16 -> 32 -> 64 -> 64 -> 32 -> 1,mse,adam_140,50,256,1.4903,2904.817626953125,2879.788818359375,2809.06884765625,0.5464498357019911,0.7
2026-09-04 12:43:35,multi_repeat_random_states.py,"(1021, 9)",476,sequential_140,Dense 64 -> 16 -> 32 -> 64 -> 64 -> 32 -> 1,mse,adam_140,50,256,2.3338,20786.8359375,4630.951171875,3624.439697265625,0.4625609908452649,0.7
2026-09-04 12:43:35,multi_repeat_random_states.py,"(1021, 9)",392,sequential_140,Dense 64 -> 16 -> 32 -> 64 -> 64 -> 32 -> 1,mse,adam_140,50,256,1.4987,3103.666259765625,2897.145263671875,2944.28076171875,0.5842715297317613,0.7
2026-09-04 12:43:36,multi_repeat_random_states.py,"(1021, 9)",476,sequential_140,Dense 64 -> 16 -> 32 -> 64 -> 64 -> 32 -> 1,mse,adam_140,50,256,1.4272,4026.360595703125,2993.881103515625,3179.240478515625,0.5285759831661521,0.7
2026-09-04 12:43:36,multi_repeat_random_states.py,"(1021, 9)",309,sequential_141,Dense 64 -> 16 -> 32 -> 64 -> 64 -> 32 -> 1,mse,adam_141,50,256,2.2941,37327.79296875,4100.31982421875,3297.5556640625,0.45497099093279614,0.7
2026-09-04 12:43:37,multi_repeat_random_states.py,"(1021, 9)",393,sequential_141,Dense 64 -> 16 -> 32 -> 64 -> 64 -> 32 -> 1,mse,adam_141,50,256,2.2992,43103.02734375,4020.62548828125,3737.67236328125,0.43276071077676825,0.7
2026-09-04 12:43:38,multi_repeat_random_states.py,"(1021, 9)",476,sequential_140,Dense 64 -> 16 -> 32 -> 64 -> 64 -> 32 -> 1,mse,adam_140,50,256,1.4585,2912.714599609375,2822.51220703125,2856.182373046875,0.5764796593464492,0.7
2026-09-04 12:43:38,multi_repeat_random_states.py,"(1021, 9)",309,sequential_141,Dense 64 -> 16 -> 32 -> 64 -> 64 -> 32 -> 1,mse,adam_141,50,256,1.4549,4068.86962890625,3041.071533203125,2447.77392578125,0.5954252511970841,0.7
2026-09-04 12:43:39,multi_repeat_random_states.py,"(1021, 9)",393,sequential_141,Dense 64 -> 16 -> 32 -> 64 -> 64 -> 32 -> 1,mse,adam_141,50,256,1.4358,3933.102783203125,3051.5078125,2764.600341796875,0.5804367787936869,0.7
2026-09-04 12:43:40,multi_repeat_random_states.py,"(1021, 9)",309,sequential_141,Dense 64 -> 16 -> 32 -> 64 -> 64 -> 32 -> 1,mse,adam_141,50,256,1.4572,3008.641845703125,2989.668701171875,2411.94482421875,0.6013471411976377,0.7
2026-09-04 12:43:40,multi_repeat_random_states.py,"(1021, 9)",477,sequential_141,Dense 64 -> 16 -> 32 -> 64 -> 64 -> 32 -> 1,mse,adam_141,50,256,2.3253,36690.01171875,3246.389404296875,3753.047607421875,0.4139244585126234,0.7
2026-09-04 12:43:40,multi_repeat_random_states.py,"(1021, 9)",393,sequential_141,Dense 64 -> 16 -> 32 -> 64 -> 64 -> 32 -> 1,mse,adam_141,50,256,1.462,3135.806884765625,2986.913818359375,2705.578857421875,0.589394092051465,0.7
2026-09-04 12:43:42,multi_repeat_random_states.py,"(1021, 9)",477,sequential_141,Dense 64 -> 16 -> 32 -> 64 -> 64 -> 32 -> 1,mse,adam_141,50,256,1.4254,3426.047119140625,3081.020751953125,2846.572998046875,0.5554793913740987,0.7
2026-09-04 12:43:42,multi_repeat_random_states.py,"(1021, 9)",310,sequential_142,Dense 64 -> 16 -> 32 -> 64 -> 64 -> 32 -> 1,mse,adam_142,50,256,2.2941,20624.107421875,3612.2431640625,4918.5712890625,0.2539395579294673,0.7
2026-09-04 12:43:43,multi_repeat_random_states.py,"(1021, 9)",394,sequential_142,Dense 64 -> 16 -> 32 -> 64 -> 64 -> 32 -> 1,mse,adam_142,50,256,2.393,107432.5703125,4791.20556640625,4604.93212890625,0.2939136842369289,0.7
2026-09-04 12:43:44,multi_repeat_random_states.py,"(1021, 9)",477,sequential_141,Dense 64 -> 16 -> 32 -> 64 -> 64 -> 32 -> 1,mse,adam_141,50,256,1.5348,2865.751953125,2867.665283203125,2896.787109375,0.5476379640765001,0.7
2026-09-04 12:43:44,multi_repeat_random_states.py,"(1021, 9)",310,sequential_142,Dense 64 -> 16 -> 32 -> 64 -> 64 -> 32 -> 1,mse,adam_142,50,256,1.5254,4222.21826171875,3400.504150390625,2649.02978515625,0.5981889456313048,0.7
2026-09-04 12:43:45,multi_repeat_random_states.py,"(1021, 9)",394,sequential_142,Dense 64 -> 16 -> 32 -> 64 -> 64 -> 32 -> 1,mse,adam_142,50,256,1.5606,4713.037109375,2946.880615234375,3015.038330078125,0.5376963198328946,0.7
2026-09-04 12:43:45,multi_repeat_random_states.py,"(1021, 9)",310,sequential_142,Dense 64 -> 16 -> 32 -> 64 -> 64 -> 32 -> 1,mse,adam_142,50,256,1.4905,2977.504638671875,2910.8603515625,2758.134765625,0.5816396469267275,0.7
2026-09-04 12:43:46,multi_repeat_random_states.py,"(1021, 9)",478,sequential_142,Dense 64 -> 16 -> 32 -> 64 -> 64 -> 32 -> 1,mse,adam_142,50,256,2.3934,154449.09375,5659.154296875,5106.68017578125,0.205645588289173,0.7
2026-09-04 12:43:46,multi_repeat_random_states.py,"(1021, 9)",394,sequential_142,Dense 64 -> 16 -> 32 -> 64 -> 64 -> 32 -> 1,mse,adam_142,50,256,1.4355,3036.63525390625,2935.3349609375,2859.59521484375,0.5615307812720765,0.7
2026-09-04 12:43:48,multi_repeat_random_states.py,"(1021, 9)",478,sequential_142,Dense 64 -> 16 -> 32 -> 64 -> 64 -> 32 -> 1,mse,adam_142,50,256,1.4321,5640.17626953125,3151.321533203125,2954.174072265625,0.5404722804495233,0.7
2026-09-04 12:43:48,multi_repeat_random_states.py,"(1021, 9)",311,sequential_143,Dense 64 -> 16 -> 32 -> 64 -> 64 -> 32 -> 1,mse,adam_143,50,256,2.2732,109414.3515625,4954.15966796875,4843.24560546875,0.24984363371169171,0.7
2026-09-04 12:43:49,multi_repeat_random_states.py,"(1021, 9)",395,sequential_143,Dense 64 -> 16 -> 32 -> 64 -> 64 -> 32 -> 1,mse,adam_143,50,256,2.2829,202293.9375,5701.31591796875,6276.8896484375,0.11329140251385883,0.7
2026-09-04 12:43:49,multi_repeat_random_states.py,"(1021, 9)",478,sequential_142,Dense 64 -> 16 -> 32 -> 64 -> 64 -> 32 -> 1,mse,adam_142,50,256,1.3931,3144.8583984375,3011.3134765625,2672.561279296875,0.5842776485169661,0.7
2026-09-04 12:43:49,multi_repeat_random_states.py,"(1021, 9)",311,sequential_143,Dense 64 -> 16 -> 32 -> 64 -> 64 -> 32 -> 1,mse,adam_143,50,256,1.4048,4921.20068359375,2938.515869140625,2934.4033203125,0.5454987052646625,0.7
2026-09-04 12:43:50,multi_repeat_random_states.py,"(1021, 9)",395,sequential_143,Dense 64 -> 16 -> 32 -> 64 -> 64 -> 32 -> 1,mse,adam_143,50,256,1.3993,5715.1474609375,3365.601806640625,3348.643798828125,0.5269517683167202,0.7
2026-09-04 12:43:51,multi_repeat_random_states.py,"(1021, 9)",311,sequential_143,Dense 64 -> 16 -> 32 -> 64 -> 64 -> 32 -> 1,mse,adam_143,50,256,1.4182,2888.95263671875,3096.430419921875,3327.6884765625,0.48458388797971796,0.7
2026-09-04 12:43:52,multi_repeat_random_states.py,"(1021, 9)",479,sequential_143,Dense 64 -> 16 -> 32 -> 64 -> 64 -> 32 -> 1,mse,adam_143,50,256,2.2409,19840.62890625,3347.080078125,3489.93212890625,0.5262896193470004,0.7
2026-09-04 12:43:52,multi_repeat_random_states.py,"(1021, 9)",395,sequential_143,Dense 64 -> 16 -> 32 -> 64 -> 64 -> 32 -> 1,mse,adam_143,50,256,1.396,3263.2626953125,2807.215576171875,2912.0927734375,0.5886214012457551,0.7
2026-09-04 12:43:53,multi_repeat_random_states.py,"(1021, 9)",479,sequential_143,Dense 64 -> 16 -> 32 -> 64 -> 64 -> 32 -> 1,mse,adam_143,50,256,1.4129,3557.571533203125,3048.32958984375,3239.315673828125,0.5603073682970203,0.7
2026-09-04 12:43:53,multi_repeat_random_states.py,"(1021, 9)",312,sequential_144,Dense 64 -> 16 -> 32 -> 64 -> 64 -> 32 -> 1,mse,adam_144,50,256,2.2966,148753.421875,5840.7548828125,6142.5947265625,0.13013815114904703,0.7
2026-09-04 12:43:54,multi_repeat_random_states.py,"(1021, 9)",396,sequential_144,Dense 64 -> 16 -> 32 -> 64 -> 64 -> 32 -> 1,mse,adam_144,50,256,2.2443,49258.5,4697.99658203125,4551.08642578125,0.34336798685855396,0.7
2026-09-04 12:43:55,multi_repeat_random_states.py,"(1021, 9)",479,sequential_143,Dense 64 -> 16 -> 32 -> 64 -> 64 -> 32 -> 1,mse,adam_143,50,256,1.3952,2946.397705078125,2805.009521484375,3227.680908203125,0.5618866687408584,0.7
2026-09-04 12:43:55,multi_repeat_random_states.py,"(1021, 9)",312,sequential_144,Dense 64 -> 16 -> 32 -> 64 -> 64 -> 32 -> 1,mse,adam_144,50,256,1.4792,5803.630859375,3511.152099609375,3405.730712890625,0.517709476698214,0.7
2026-09-04 12:43:56,multi_repeat_random_states.py,"(1021, 9)",396,sequential_144,Dense 64 -> 16 -> 32 -> 64 -> 64 -> 32 -> 1,mse,adam_144,50,256,1.4531,4779.42626953125,3014.415771484375,2736.48681640625,0.6051789876546627,0.7
2026-09-04 12:43:57,multi_repeat_random_states.py,"(1021, 9)",312,sequential_144,Dense 64 -> 16 -> 32 -> 64 -> 64 -> 32 -> 1,mse,adam_144,50,256,1.407,3465.72509765625,2970.762939453125,3317.4375,0.5302128468472389,0.7
2026-09-04 12:43:57,multi_repeat_random_states.py,"(1021, 9)",480,sequential_144,Dense 64 -> 16 -> 32 -> 64 -> 64 -> 32 -> 1,mse,adam_144,50,256,2.2932,29246.484375,3823.8388671875,3598.19775390625,0.4916225329052969,0.7
2026-09-04 12:43:58,multi_repeat_random_states.py,"(1021, 9)",396,sequential_144,Dense 64 -> 16 -> 32 -> 64 -> 64 -> 32 -> 1,mse,adam_144,50,256,1.4537,2935.4775390625,2974.46435546875,2652.972412109375,0.6172284799812893,0.7
2026-09-04 12:43:59,multi_repeat_random_states.py,"(1021, 9)",480,sequential_144,Dense 64 -> 16 -> 32 -> 64 -> 64 -> 32 -> 1,mse,adam_144,50,256,1.4557,3609.262939453125,2811.84423828125,3091.81982421875,0.5631669752488202,0.7
2026-09-04 12:43:59,multi_repeat_random_states.py,"(1021, 9)",313,sequential_145,Dense 64 -> 16 -> 32 -> 64 -> 64 -> 32 -> 1,mse,adam_145,50,256,2.2299,24798.603515625,3551.5419921875,4258.35546875,0.4132878388803971,0.7
2026-09-04 12:44:00,multi_repeat_random_states.py,"(1021, 9)",397,sequential_145,Dense 64 -> 16 -> 32 -> 64 -> 64 -> 32 -> 1,mse,adam_145,50,256,2.3029,73854.3359375,5252.10888671875,5646.24072265625,0.1673526830617068,0.7
2026-09-04 12:44:00,multi_repeat_random_states.py,"(1021, 9)",480,sequential_144,Dense 64 -> 16 -> 32 -> 64 -> 64 -> 32 -> 1,mse,adam_144,50,256,1.4181,2801.3349609375,3403.698974609375,3105.1015625,0.5612904410922269,0.7
2026-09-04 12:44:01,multi_repeat_random_states.py,"(1021, 9)",313,sequential_145,Dense 64 -> 16 -> 32 -> 64 -> 64 -> 32 -> 1,mse,adam_145,50,256,1.4248,3435.320068359375,2992.4404296875,3649.842529296875,0.49712824811927436,0.7
2026-09-04 12:44:02,multi_repeat_random_states.py,"(1021, 9)",397,sequential_145,Dense 64 -> 16 -> 32 -> 64 -> 64 -> 32 -> 1,mse,adam_145,50,256,1.399,5217.990234375,2855.67578125,3138.80517578125,0.5371225127738415,0.7
2026-09-04 12:44:02,multi_repeat_random_states.py,"(1021, 9)",313,sequential_145,Dense 64 -> 16 -> 32 -> 64 -> 64 -> 32 -> 1,mse,adam_145,50,256,1.3936,3042.87353515625,3110.53515625,3102.064453125,0.5726005672039957,0.7
2026-09-04 12:44:03,multi_repeat_random_states.py,"(1021, 9)",481,sequential_145,Dense 64 -> 16 -> 32 -> 64 -> 64 -> 32 -> 1,mse,adam_145,50,256,2.2669,78126.4765625,4716.0185546875,4794.5107421875,0.32602699396777957,0.7
2026-09-04 12:44:03,multi_repeat_random_states.py,"(1021, 9)",397,sequential_145,Dense 64 -> 16 -> 32 -> 64 -> 64 -> 32 -> 1,mse,adam_145,50,256,1.46,2776.87548828125,2822.603759765625,3214.6181640625,0.5259424401958456,0.7
2026-09-04 12:44:04,multi_repeat_random_states.py,"(1021, 9)",481,sequential_145,Dense 64 -> 16 -> 32 -> 64 -> 64 -> 32 -> 1,mse,adam_145,50,256,1.4214,4819.09326171875,3097.603759765625,2840.631103515625,0.6006873792712175,0.7
2026-09-04 12:44:05,multi_repeat_random_states.py,"(1021, 9)",314,sequential_146,Dense 64 -> 16 -> 32 -> 64 -> 64 -> 32 -> 1,mse,adam_146,50,256,2.2572,40175.578125,4299.2958984375,3743.280029296875,0.3863998248369913,0.7
2026-09-04 12:44:06,multi_repeat_random_states.py,"(1021, 9)",398,sequential_146,Dense 64 -> 16 -> 32 -> 64 -> 64 -> 32 -> 1,mse,adam_146,50,256,2.2472,94209.6796875,5959.23046875,5765.1953125,0.15914453258297245,0.7
2026-09-04 12:44:06,multi_repeat_random_states.py,"(1021, 9)",481,sequential_145,Dense 64 -> 16 -> 32 -> 64 -> 64 -> 32 -> 1,mse,adam_145,50,256,1.4051,3336.17626953125,2957.37939453125,3095.698974609375,0.5648320393965147,0.7
2026-09-04 12:44:06,multi_repeat_random_states.py,"(1021, 9)",314,sequential_146,Dense 64 -> 16 -> 32 -> 64 -> 64 -> 32 -> 1,mse,adam_146,50,256,1.407,4247.0400390625,3255.047607421875,2528.219970703125,0.585572972212596,0.7
2026-09-04 12:44:07,multi_repeat_random_states.py,"(1021, 9)",398,sequential_146,Dense 64 -> 16 -> 32 -> 64 -> 64 -> 32 -> 1,mse,adam_146,50,256,1.4524,5933.67236328125,3433.896240234375,3227.70068359375,0.5292389036472291,0.7
2026-09-04 12:44:08,multi_repeat_random_states.py,"(1021, 9)",314,sequential_146,Dense 64 -> 16 -> 32 -> 64 -> 64 -> 32 -> 1,mse,adam_146,50,256,1.4475,3603.061767578125,3373.2705078125,2346.609130859375,0.6153427457859308,0.7
2026-09-04 12:44:09,multi_repeat_random_states.py,"(1021, 9)",482,sequential_146,Dense 64 -> 16 -> 32 -> 64 -> 64 -> 32 -> 1,mse,adam_146,50,256,2.3258,31421.56640625,3401.190185546875,3956.731689453125,0.47052341153460253,0.7
2026-09-04 12:44:09,multi_repeat_random_states.py,"(1021, 9)",398,sequential_146,Dense 64 -> 16 -> 32 -> 64 -> 64 -> 32 -> 1,mse,adam_146,50,256,1.4897,3326.596923828125,2958.595458984375,2904.28564453125,0.5764090778481519,0.7
2026-09-04 12:44:10,multi_repeat_random_states.py,"(1021, 9)",482,sequential_146,Dense 64 -> 16 -> 32 -> 64 -> 64 -> 32 -> 1,mse,adam_146,50,256,1.4306,3552.8349609375,2824.109619140625,2918.611328125,0.6094411674319606,0.7
2026-09-04 12:44:10,multi_repeat_random_states.py,"(1021, 9)",315,sequential_147,Dense 64 -> 16 -> 32 -> 64 -> 64 -> 32 -> 1,mse,adam_147,50,256,2.2834,51402.58984375,4734.43017578125,4724.3271484375,0.3136717569012665,0.7
2026-09-04 12:44:11,multi_repeat_random_states.py,"(1021, 9)",399,sequential_147,Dense 64 -> 16 -> 32 -> 64 -> 64 -> 32 -> 1,mse,adam_147,50,256,2.2498,24325.060546875,3199.14306640625,3401.91455078125,0.5278806836533613,0.7
2026-09-04 12:44:12,multi_repeat_random_states.py,"(1021, 9)",482,sequential_146,Dense 64 -> 16 -> 32 -> 64 -> 64 -> 32 -> 1,mse,adam_146,50,256,1.4107,2796.412353515625,2815.26708984375,2938.815185546875,0.606737520927136,0.7
2026-09-04 12:44:12,multi_repeat_random_states.py,"(1021, 9)",315,sequential_147,Dense 64 -> 16 -> 32 -> 64 -> 64 -> 32 -> 1,mse,adam_147,50,256,1.4123,4578.671875,2776.954833984375,3072.893310546875,0.5535844410705093,0.7
2026-09-04 12:44:13,multi_repeat_random_states.py,"(1021, 9)",399,sequential_147,Dense 64 -> 16 -> 32 -> 64 -> 64 -> 32 -> 1,mse,adam_147,50,256,1.4715,3158.61083984375,2783.566650390625,3208.237548828125,0.5547592517112885,0.7
2026-09-04 12:44:13,multi_repeat_random_states.py,"(1021, 9)",315,sequential_147,Dense 64 -> 16 -> 32 -> 64 -> 64 -> 32 -> 1,mse,adam_147,50,256,1.4274,2807.01513671875,2940.53271484375,3601.0712890625,0.4768531946003983,0.7
2026-09-04 12:44:14,multi_repeat_random_states.py,"(1021, 9)",483,sequential_147,Dense 64 -> 16 -> 32 -> 64 -> 64 -> 32 -> 1,mse,adam_147,50,256,2.3155,27876.98828125,3634.043212890625,3289.07373046875,0.5064041553503016,0.7
2026-09-04 12:44:14,multi_repeat_random_states.py,"(1021, 9)",399,sequential_147,Dense 64 -> 16 -> 32 -> 64 -> 64 -> 32 -> 1,mse,adam_147,50,256,1.3978,2687.718994140625,2657.271728515625,3200.296630859375,0.555861306154709,0.7
2026-09-04 12:44:16,multi_repeat_random_states.py,"(1021, 9)",483,sequential_147,Dense 64 -> 16 -> 32 -> 64 -> 64 -> 32 -> 1,mse,adam_147,50,256,1.414,3544.4833984375,3035.044189453125,3037.25146484375,0.5441954228703797,0.7
2026-09-04 12:44:16,multi_repeat_random_states.py,"(1021, 9)",316,sequential_148,Dense 64 -> 16 -> 32 -> 64 -> 64 -> 32 -> 1,mse,adam_148,50,256,2.282,132483.40625,5484.7275390625,5417.85595703125,0.1987414229350748,0.7
2026-09-04 12:44:17,multi_repeat_random_states.py,"(1021, 9)",400,sequential_148,Dense 64 -> 16 -> 32 -> 64 -> 64 -> 32 -> 1,mse,adam_148,50,256,2.2488,64110.296875,3908.121826171875,4690.9013671875,0.3263760013879521,0.7
2026-09-04 12:44:17,multi_repeat_random_states.py,"(1021, 9)",483,sequential_147,Dense 64 -> 16 -> 32 -> 64 -> 64 -> 32 -> 1,mse,adam_147,50,256,1.4056,3060.530517578125,3227.1767578125,3354.642578125,0.49656410683682395,0.7
2026-09-04 12:44:17,multi_repeat_random_states.py,"(1021, 9)",316,sequential_148,Dense 64 -> 16 -> 32 -> 64 -> 64 -> 32 -> 1,mse,adam_148,50,256,1.4002,5437.12451171875,2914.732177734375,3380.183837890625,0.5000971973424928,0.7
2026-09-04 12:44:18,multi_repeat_random_states.py,"(1021, 9)",400,sequential_148,Dense 64 -> 16 -> 32 -> 64 -> 64 -> 32 -> 1,mse,adam_148,50,256,1.4213,3926.0283203125,2766.7158203125,3108.220947265625,0.5536524905152136,0.7
2026-09-04 12:44:19,multi_repeat_random_states.py,"(1021, 9)",316,sequential_148,Dense 64 -> 16 -> 32 -> 64 -> 64 -> 32 -> 1,mse,adam_148,50,256,1.3949,2835.678466796875,2704.02099609375,3176.509765625,0.5302190643675111,0.7
2026-09-04 12:44:20,multi_repeat_random_states.py,"(1021, 9)",484,sequential_148,Dense 64 -> 16 -> 32 -> 64 -> 64 -> 32 -> 1,mse,adam_148,50,256,2.3339,15232.3212890625,3486.069091796875,3295.2919921875,0.48739892418246344,0.7
2026-09-04 12:44:20,multi_repeat_random_states.py,"(1021, 9)",400,sequential_148,Dense 64 -> 16 -> 32 -> 64 -> 64 -> 32 -> 1,mse,adam_148,50,256,1.4011,2901.56494140625,2779.194580078125,3443.6650390625,0.5054819600774196,0.7
2026-09-04 12:44:21,multi_repeat_random_states.py,"(1021, 9)",484,sequential_148,Dense 64 -> 16 -> 32 -> 64 -> 64 -> 32 -> 1,mse,adam_148,50,256,1.4033,3545.718505859375,3546.913818359375,2941.559814453125,0.5424238936046422,0.7
2026-09-04 12:44:21,multi_repeat_random_states.py,"(1021, 9)",317,sequential_149,Dense 64 -> 16 -> 32 -> 64 -> 64 -> 32 -> 1,mse,adam_149,50,256,2.234,111941.09375,5495.68994140625,5651.39599609375,0.178504270946636,0.7
2026-09-04 12:44:22,multi_repeat_random_states.py,"(1021, 9)",401,sequential_149,Dense 64 -> 16 -> 32 -> 64 -> 64 -> 32 -> 1,mse,adam_149,50,256,2.2472,32827.38671875,3721.231201171875,3329.9892578125,0.5111197004550874,0.7
2026-09-04 12:44:23,multi_repeat_random_states.py,"(1021, 9)",484,sequential_148,Dense 64 -> 16 -> 32 -> 64 -> 64 -> 32 -> 1,mse,adam_148,50,256,1.4262,3122.67236328125,2892.903076171875,2828.373046875,0.5600307886171478,0.7
2026-09-04 12:44:23,multi_repeat_random_states.py,"(1021, 9)",317,sequential_149,Dense 64 -> 16 -> 32 -> 64 -> 64 -> 32 -> 1,mse,adam_149,50,256,1.4129,5463.94775390625,3255.315185546875,2872.841064453125,0.5823993508382288,0.7
2026-09-04 12:44:24,multi_repeat_random_states.py,"(1021, 9)",401,sequential_149,Dense 64 -> 16 -> 32 -> 64 -> 64 -> 32 -> 1,mse,adam_149,50,256,1.4122,3439.60791015625,3103.846923828125,2724.46630859375,0.6000173417292508,0.7
2026-09-04 12:44:24,multi_repeat_random_states.py,"(1021, 9)",317,sequential_149,Dense 64 -> 16 -> 32 -> 64 -> 64 -> 32 -> 1,mse,adam_149,50,256,1.3958,3154.879638671875,3224.499755859375,2717.252685546875,0.6050158928782885,0.7
2026-09-04 12:44:25,multi_repeat_random_states.py,"(1021, 9)",485,sequential_149,Dense 64 -> 16 -> 32 -> 64 -> 64 -> 32 -> 1,mse,adam_149,50,256,2.2461,78804.9140625,4837.87939453125,5319.7646484375,0.2684375028727176,0.7
2026-09-04 12:44:26,multi_repeat_random_states.py,"(1021, 9)",401,sequential_149,Dense 64 -> 16 -> 32 -> 64 -> 64 -> 32 -> 1,mse,adam_149,50,256,1.4017,2976.34326171875,3097.28662109375,2988.89404296875,0.5611963393246702,0.7
2026-09-04 12:44:27,multi_repeat_random_states.py,"(1021, 9)",485,sequential_149,Dense 64 -> 16 -> 32 -> 64 -> 64 -> 32 -> 1,mse,adam_149,50,256,1.4362,4760.869140625,2826.5927734375,3425.65380859375,0.5289115321251263,0.7
2026-09-04 12:44:27,multi_repeat_random_states.py,"(1021, 9)",318,sequential_150,Dense 64 -> 16 -> 32 -> 64 -> 64 -> 32 -> 1,mse,adam_150,50,256,2.2616,39978.4453125,5225.052734375,5345.283203125,0.19952363000491924,0.7
2026-09-04 12:44:28,multi_repeat_random_states.py,"(1021, 9)",402,sequential_150,Dense 64 -> 16 -> 32 -> 64 -> 64 -> 32 -> 1,mse,adam_150,50,256,2.2713,45971.71875,4003.831787109375,4898.7578125,0.3496176160747736,0.7
2026-09-04 12:44:28,multi_repeat_random_states.py,"(1021, 9)",318,sequential_150,Dense 64 -> 16 -> 32 -> 64 -> 64 -> 32 -> 1,mse,adam_150,50,256,1.4305,5576.28369140625,3421.126953125,2490.03955078125,0.6271071043501117,0.7
2026-09-04 12:44:28,multi_repeat_random_states.py,"(1021, 9)",485,sequential_149,Dense 64 -> 16 -> 32 -> 64 -> 64 -> 32 -> 1,mse,adam_149,50,256,1.4827,3036.955810546875,2805.646240234375,3378.8544921875,0.5353472389862166,0.7
2026-09-04 12:44:30,multi_repeat_random_states.py,"(1021, 9)",402,sequential_150,Dense 64 -> 16 -> 32 -> 64 -> 64 -> 32 -> 1,mse,adam_150,50,256,1.474,3948.66162109375,2781.833740234375,3049.762939453125,0.5950990294704372,0.7
2026-09-04 12:44:30,multi_repeat_random_states.py,"(1021, 9)",318,sequential_150,Dense 64 -> 16 -> 32 -> 64 -> 64 -> 32 -> 1,mse,adam_150,50,256,1.3786,3145.58056640625,3201.949462890625,3353.728759765625,0.49776637822416414,0.7
2026-09-04 12:44:31,multi_repeat_random_states.py,"(1021, 9)",486,sequential_150,Dense 64 -> 16 -> 32 -> 64 -> 64 -> 32 -> 1,mse,adam_150,50,256,2.253,65667.7578125,4823.39404296875,4564.4013671875,0.3288312046483638,0.7
2026-09-04 12:44:31,multi_repeat_random_states.py,"(1021, 9)",402,sequential_150,Dense 64 -> 16 -> 32 -> 64 -> 64 -> 32 -> 1,mse,adam_150,50,256,1.4137,2902.73828125,2753.4892578125,3123.53564453125,0.5853045721545989,0.7
2026-09-04 12:44:33,multi_repeat_random_states.py,"(1021, 9)",319,sequential_151,Dense 64 -> 16 -> 32 -> 64 -> 64 -> 32 -> 1,mse,adam_151,50,256,2.325,48329.68359375,4822.43603515625,4572.27783203125,0.2876368133167323,0.7
2026-09-04 12:44:33,multi_repeat_random_states.py,"(1021, 9)",486,sequential_150,Dense 64 -> 16 -> 32 -> 64 -> 64 -> 32 -> 1,mse,adam_150,50,256,1.4303,4742.16748046875,3116.5244140625,3159.365234375,0.5354336768406291,0.7
2026-09-04 12:44:34,multi_repeat_random_states.py,"(1021, 9)",403,sequential_151,Dense 64 -> 16 -> 32 -> 64 -> 64 -> 32 -> 1,mse,adam_151,50,256,2.3138,32947.6484375,3810.057373046875,3225.703369140625,0.5137296677638146,0.7
2026-09-04 12:44:34,multi_repeat_random_states.py,"(1021, 9)",319,sequential_151,Dense 64 -> 16 -> 32 -> 64 -> 64 -> 32 -> 1,mse,adam_151,50,256,1.4094,4496.541015625,2823.697265625,2917.680908203125,0.5454238766481249,0.7
2026-09-04 12:44:34,multi_repeat_random_states.py,"(1021, 9)",486,sequential_150,Dense 64 -> 16 -> 32 -> 64 -> 64 -> 32 -> 1,mse,adam_150,50,256,1.3993,3254.905517578125,3006.90771484375,2646.974853515625,0.6107776556248743,0.7
2026-09-04 12:44:35,multi_repeat_random_states.py,"(1021, 9)",403,sequential_151,Dense 64 -> 16 -> 32 -> 64 -> 64 -> 32 -> 1,mse,adam_151,50,256,1.39,3403.145263671875,2754.274658203125,3113.70556640625,0.5306132402712911,0.7
2026-09-04 12:44:36,multi_repeat_random_states.py,"(1021, 9)",319,sequential_151,Dense 64 -> 16 -> 32 -> 64 -> 64 -> 32 -> 1,mse,adam_151,50,256,1.3879,2964.434326171875,2829.85009765625,2929.106201171875,0.5436438644322366,0.7
2026-09-04 12:44:37,multi_repeat_random_states.py,"(1021, 9)",487,sequential_151,Dense 64 -> 16 -> 32 -> 64 -> 64 -> 32 -> 1,mse,adam_151,50,256,2.2468,21018.330078125,3455.281494140625,3755.988525390625,0.48931269798818444,0.7
2026-09-04 12:44:37,multi_repeat_random_states.py,"(1021, 9)",403,sequential_151,Dense 64 -> 16 -> 32 -> 64 -> 64 -> 32 -> 1,mse,adam_151,50,256,1.4535,2813.680419921875,2974.94580078125,3047.192626953125,0.5406399104783357,0.7
2026-09-04 12:44:38,multi_repeat_random_states.py,"(1021, 9)",320,sequential_152,Dense 64 -> 16 -> 32 -> 64 -> 64 -> 32 -> 1,mse,adam_152,50,256,2.2648,71103.9453125,4261.064453125,4525.05712890625,0.37407628224348577,0.7
2026-09-04 12:44:38,multi_repeat_random_states.py,"(1021, 9)",487,sequential_151,Dense 64 -> 16 -> 32 -> 64 -> 64 -> 32 -> 1,mse,adam_151,50,256,1.4193,3352.27880859375,3171.298583984375,3239.0791015625,0.5595949087512466,0.7
2026-09-04 12:44:39,multi_repeat_random_states.py,"(1021, 9)",404,sequential_152,Dense 64 -> 16 -> 32 -> 64 -> 64 -> 32 -> 1,mse,adam_152,50,256,2.3232,42566.0703125,4923.9931640625,4654.06689453125,0.264157886351136,0.7
2026-09-04 12:44:40,multi_repeat_random_states.py,"(1021, 9)",320,sequential_152,Dense 64 -> 16 -> 32 -> 64 -> 64 -> 32 -> 1,mse,adam_152,50,256,1.4086,4186.265625,2993.654296875,2936.27734375,0.5938425833046612,0.7
2026-09-04 12:44:40,multi_repeat_random_states.py,"(1021, 9)",487,sequential_151,Dense 64 -> 16 -> 32 -> 64 -> 64 -> 32 -> 1,mse,adam_151,50,256,1.4393,2975.096435546875,2784.645751953125,2920.3232421875,0.60293489559266,0.7
2026-09-04 12:44:41,multi_repeat_random_states.py,"(1021, 9)",404,sequential_152,Dense 64 -> 16 -> 32 -> 64 -> 64 -> 32 -> 1,mse,adam_152,50,256,1.3841,4835.091796875,3646.159912109375,2788.7060546875,0.5590850912674583,0.7
2026-09-04 12:44:41,multi_repeat_random_states.py,"(1021, 9)",320,sequential_152,Dense 64 -> 16 -> 32 -> 64 -> 64 -> 32 -> 1,mse,adam_152,50,256,1.4014,3044.185546875,2883.2080078125,2896.3115234375,0.5993707969657447,0.7
2026-09-04 12:44:42,multi_repeat_random_states.py,"(1021, 9)",488,sequential_152,Dense 64 -> 16 -> 32 -> 64 -> 64 -> 32 -> 1,mse,adam_152,50,256,2.2539,123209.9765625,5671.0380859375,5547.43017578125,0.13708264262502423,0.7
2026-09-04 12:44:42,multi_repeat_random_states.py,"(1021, 9)",404,sequential_152,Dense 64 -> 16 -> 32 -> 64 -> 64 -> 32 -> 1,mse,adam_152,50,256,1.4165,3203.621337890625,3647.119384765625,4160.99609375,0.3421160225388653,0.7
2026-09-04 12:44:44,multi_repeat_random_states.py,"(1021, 9)",321,sequential_153,Dense 64 -> 16 -> 32 -> 64 -> 64 -> 32 -> 1,mse,adam_153,50,256,2.2671,32091.650390625,4032.4248046875,3354.2236328125,0.4912824162324194,0.7
2026-09-04 12:44:44,multi_repeat_random_states.py,"(1021, 9)",488,sequential_152,Dense 64 -> 16 -> 32 -> 64 -> 64 -> 32 -> 1,mse,adam_152,50,256,1.4746,5605.81640625,3136.1328125,2862.072021484375,0.5547972543845342,0.7
2026-09-04 12:44:45,multi_repeat_random_states.py,"(1021, 9)",405,sequential_153,Dense 64 -> 16 -> 32 -> 64 -> 64 -> 32 -> 1,mse,adam_153,50,256,2.2355,157343.078125,6286.86767578125,5687.13134765625,0.1456234409574142,0.7
2026-09-04 12:44:45,multi_repeat_random_states.py,"(1021, 9)",321,sequential_153,Dense 64 -> 16 -> 32 -> 64 -> 64 -> 32 -> 1,mse,adam_153,50,256,1.4589,3901.01318359375,3437.69580078125,2935.48828125,0.5547898256813779,0.7
2026-09-04 12:44:45,multi_repeat_random_states.py,"(1021, 9)",488,sequential_152,Dense 64 -> 16 -> 32 -> 64 -> 64 -> 32 -> 1,mse,adam_152,50,256,1.3927,3066.888427734375,2924.70166015625,2698.114501953125,0.580301267116484,0.7
2026-09-04 12:44:46,multi_repeat_random_states.py,"(1021, 9)",405,sequential_153,Dense 64 -> 16 -> 32 -> 64 -> 64 -> 32 -> 1,mse,adam_153,50,256,1.4064,6275.625,4294.35302734375,3846.950927734375,0.4220733517332633,0.7
2026-09-04 12:44:47,multi_repeat_random_states.py,"(1021, 9)",321,sequential_153,Dense 64 -> 16 -> 32 -> 64 -> 64 -> 32 -> 1,mse,adam_153,50,256,1.4034,3633.073974609375,3000.324951171875,2698.4091796875,0.5907463658956658,0.7
2026-09-04 12:44:48,multi_repeat_random_states.py,"(1021, 9)",489,sequential_153,Dense 64 -> 16 -> 32 -> 64 -> 64 -> 32 -> 1,mse,adam_153,50,256,2.2556,60307.359375,3791.4931640625,4433.11181640625,0.3916317707793151,0.7
2026-09-04 12:44:48,multi_repeat_random_states.py,"(1021, 9)",405,sequential_153,Dense 64 -> 16 -> 32 -> 64 -> 64 -> 32 -> 1,mse,adam_153,50,256,1.4021,4165.3544921875,3147.558837890625,2786.765625,0.5813446917141558,0.7
2026-09-04 12:44:49,multi_repeat_random_states.py,"(1021, 9)",322,sequential_154,Dense 64 -> 16 -> 32 -> 64 -> 64 -> 32 -> 1,mse,adam_154,50,256,2.2795,78879.90625,5244.3134765625,4750.07568359375,0.2729520560045867,0.7
2026-09-04 12:44:49,multi_repeat_random_states.py,"(1021, 9)",489,sequential_153,Dense 64 -> 16 -> 32 -> 64 -> 64 -> 32 -> 1,mse,adam_153,50,256,1.4584,3723.8349609375,2876.83251953125,3654.778564453125,0.49844458226505306,0.7
2026-09-04 12:44:50,multi_repeat_random_states.py,"(1021, 9)",406,sequential_154,Dense 64 -> 16 -> 32 -> 64 -> 64 -> 32 -> 1,mse,adam_154,50,256,2.3002,19545.71875,3153.774169921875,3211.385498046875,0.5141181452565233,0.7
2026-09-04 12:44:51,multi_repeat_random_states.py,"(1021, 9)",322,sequential_154,Dense 64 -> 16 -> 32 -> 64 -> 64 -> 32 -> 1,mse,adam_154,50,256,1.396,5135.6787109375,3068.489013671875,3183.645751953125,0.5127103169644528,0.7
2026-09-04 12:44:51,multi_repeat_random_states.py,"(1021, 9)",489,sequential_153,Dense 64 -> 16 -> 32 -> 64 -> 64 -> 32 -> 1,mse,adam_153,50,256,1.3991,2968.85986328125,2742.289794921875,3192.017333984375,0.5619505388713528,0.7
2026-09-04 12:44:52,multi_repeat_random_states.py,"(1021, 9)",406,sequential_154,Dense 64 -> 16 -> 32 -> 64 -> 64 -> 32 -> 1,mse,adam_154,50,256,1.4995,3205.205078125,2987.01806640625,2636.825927734375,0.6010488456573905,0.7
2026-09-04 12:44:52,multi_repeat_random_states.py,"(1021, 9)",322,sequential_154,Dense 64 -> 16 -> 32 -> 64 -> 64 -> 32 -> 1,mse,adam_154,50,256,1.3914,3449.85205078125,3092.4404296875,2697.69482421875,0.5870900556248284,0.7
2026-09-04 12:44:53,multi_repeat_random_states.py,"(1021, 9)",490,sequential_154,Dense 64 -> 16 -> 32 -> 64 -> 64 -> 32 -> 1,mse,adam_154,50,256,2.2764,51809.09375,5521.42724609375,4862.02587890625,0.19254262578253312,0.7
2026-09-04 12:44:54,multi_repeat_random_states.py,"(1021, 9)",406,sequential_154,Dense 64 -> 16 -> 32 -> 64 -> 64 -> 32 -> 1,mse,adam_154,50,256,1.4292,2942.5849609375,3484.01318359375,2623.1796875,0.603113523100564,0.7
2026-09-04 12:44:55,multi_repeat_random_states.py,"(1021, 9)",323,sequential_155,Dense 64 -> 16 -> 32 -> 64 -> 64 -> 32 -> 1,mse,adam_155,50,256,2.2607,105630.5859375,5717.859375,6777.12548828125,0.10155363937246176,0.7
2026-09-04 12:44:55,multi_repeat_random_states.py,"(1021, 9)",490,sequential_154,Dense 64 -> 16 -> 32 -> 64 -> 64 -> 32 -> 1,mse,adam_154,50,256,1.4112,5463.83251953125,3859.52294921875,2915.822021484375,0.5157570218411505,0.7
2026-09-04 12:44:56,multi_repeat_random_states.py,"(1021, 9)",407,sequential_155,Dense 64 -> 16 -> 32 -> 64 -> 64 -> 32 -> 1,mse,adam_155,50,256,2.2388,11157.6513671875,3151.0712890625,2980.230224609375,0.5300242912288542,0.7
2026-09-04 12:44:56,multi_repeat_random_states.py,"(1021, 9)",323,sequential_155,Dense 64 -> 16 -> 32 -> 64 -> 64 -> 32 -> 1,mse,adam_155,50,256,1.3943,5713.14111328125,3129.429443359375,3736.414306640625,0.5046620042958425,0.7
2026-09-04 12:44:56,multi_repeat_random_states.py,"(1021, 9)",490,sequential_154,Dense 64 -> 16 -> 32 -> 64 -> 64 -> 32 -> 1,mse,adam_154,50,256,1.4547,3408.05419921875,3044.9345703125,2532.92041015625,0.5793471421683802,0.7
2026-09-04 12:44:58,multi_repeat_random_states.py,"(1021, 9)",407,sequential_155,Dense 64 -> 16 -> 32 -> 64 -> 64 -> 32 -> 1,mse,adam_155,50,256,1.3932,3281.62646484375,2856.060302734375,2810.9462890625,0.5567200127651519,0.7
2026-09-04 12:44:58,multi_repeat_random_states.py,"(1021, 9)",323,sequential_155,Dense 64 -> 16 -> 32 -> 64 -> 64 -> 32 -> 1,mse,adam_155,50,256,1.4438,3081.742919921875,2816.943115234375,3105.946044921875,0.5882433989909863,0.7
2026-09-04 12:44:59,multi_repeat_random_states.py,"(1021, 9)",491,sequential_155,Dense 64 -> 16 -> 32 -> 64 -> 64 -> 32 -> 1,mse,adam_155,50,256,2.2674,29979.81640625,3506.727783203125,4816.44921875,0.37534925266727004,0.7
2026-09-04 12:44:59,multi_repeat_random_states.py,"(1021, 9)",407,sequential_155,Dense 64 -> 16 -> 32 -> 64 -> 64 -> 32 -> 1,mse,adam_155,50,256,1.4144,2882.5576171875,2919.86865234375,2791.96728515625,0.5597129712025055,0.7
2026-09-04 12:45:00,multi_repeat_random_states.py,"(1021, 9)",324,sequential_156,Dense 64 -> 16 -> 32 -> 64 -> 64 -> 32 -> 1,mse,adam_156,50,256,2.249,27418.3984375,3321.739990234375,3124.072265625,0.44568375991692655,0.7
2026-09-04 12:45:00,multi_repeat_random_states.py,"(1021, 9)",491,sequential_155,Dense 64 -> 16 -> 32 -> 64 -> 64 -> 32 -> 1,mse,adam_155,50,256,1.3927,3494.440185546875,3048.823974609375,3321.5146484375,0.5692289666538664,0.7
2026-09-04 12:45:02,multi_repeat_random_states.py,"(1021, 9)",408,sequential_156,Dense 64 -> 16 -> 32 -> 64 -> 64 -> 32 -> 1,mse,adam_156,50,256,2.3413,14504.83203125,3067.052734375,3097.422119140625,0.5620381857368425,0.7
2026-09-04 12:45:02,multi_repeat_random_states.py,"(1021, 9)",324,sequential_156,Dense 64 -> 16 -> 32 -> 64 -> 64 -> 32 -> 1,mse,adam_156,50,256,1.4043,3427.302978515625,3290.59228515625,3457.478759765625,0.386526136660853,0.7
2026-09-04 12:45:02,multi_repeat_random_states.py,"(1021, 9)",491,sequential_155,Dense 64 -> 16 -> 32 -> 64 -> 64 -> 32 -> 1,mse,adam_155,50,256,1.4874,2791.1611328125,2640.12158203125,3222.07568359375,0.5821253311658866,0.7
2026-09-04 12:45:03,multi_repeat_random_states.py,"(1021, 9)",408,sequential_156,Dense 64 -> 16 -> 32 -> 64 -> 64 -> 32 -> 1,mse,adam_156,50,256,1.4164,3136.723876953125,3002.48583984375,3132.21044921875,0.5571192923667048,0.7
2026-09-04 12:45:03,multi_repeat_random_states.py,"(1021, 9)",324,sequential_156,Dense 64 -> 16 -> 32 -> 64 -> 64 -> 32 -> 1,mse,adam_156,50,256,1.4439,3487.067138671875,3312.190185546875,3093.653564453125,0.4510810762051932,0.7
2026-09-04 12:45:05,multi_repeat_random_states.py,"(1021, 9)",492,sequential_156,Dense 64 -> 16 -> 32 -> 64 -> 64 -> 32 -> 1,mse,adam_156,50,256,2.3212,103565.296875,5417.2646484375,6253.37744140625,0.1553786196597542,0.7
2026-09-04 12:45:05,multi_repeat_random_states.py,"(1021, 9)",408,sequential_156,Dense 64 -> 16 -> 32 -> 64 -> 64 -> 32 -> 1,mse,adam_156,50,256,1.4666,2821.33203125,2797.987060546875,3002.14306640625,0.5755102864719697,0.7
2026-09-04 12:45:06,multi_repeat_random_states.py,"(1021, 9)",325,sequential_157,Dense 64 -> 16 -> 32 -> 64 -> 64 -> 32 -> 1,mse,adam_157,50,256,2.2336,36167.703125,3648.771240234375,4080.76171875,0.44011564581526785,0.7
2026-09-04 12:45:06,multi_repeat_random_states.py,"(1021, 9)",492,sequential_156,Dense 64 -> 16 -> 32 -> 64 -> 64 -> 32 -> 1,mse,adam_156,50,256,1.3903,5343.87255859375,2968.580810546875,3083.885009765625,0.583470758057421,0.7
2026-09-04 12:45:07,multi_repeat_random_states.py,"(1021, 9)",409,sequential_157,Dense 64 -> 16 -> 32 -> 64 -> 64 -> 32 -> 1,mse,adam_157,50,256,2.2661,68058.4765625,5161.73486328125,5082.37451171875,0.214470253795769,0.7
2026-09-04 12:45:07,multi_repeat_random_states.py,"(1021, 9)",325,sequential_157,Dense 64 -> 16 -> 32 -> 64 -> 64 -> 32 -> 1,mse,adam_157,50,256,1.4389,3652.677734375,3004.226806640625,3122.73583984375,0.5715576975879695,0.7
2026-09-04 12:45:08,multi_repeat_random_states.py,"(1021, 9)",492,sequential_156,Dense 64 -> 16 -> 32 -> 64 -> 64 -> 32 -> 1,mse,adam_156,50,256,1.4182,2847.114501953125,2794.923828125,3088.501708984375,0.5828471764920042,0.7
2026-09-04 12:45:09,multi_repeat_random_states.py,"(1021, 9)",409,sequential_157,Dense 64 -> 16 -> 32 -> 64 -> 64 -> 32 -> 1,mse,adam_157,50,256,1.3955,5080.4931640625,3294.51806640625,3132.458251953125,0.515848408841348,0.7
2026-09-04 12:45:09,multi_repeat_random_states.py,"(1021, 9)",325,sequential_157,Dense 64 -> 16 -> 32 -> 64 -> 64 -> 32 -> 1,mse,adam_157,50,256,1.4149,2990.382080078125,2852.376708984375,2914.664306640625,0.6001052860375635,0.7
2026-09-04 12:45:10,multi_repeat_random_states.py,"(1021, 9)",493,sequential_157,Dense 64 -> 16 -> 32 -> 64 -> 64 -> 32 -> 1,mse,adam_157,50,256,2.3204,103489.0,4923.43798828125,4452.0615234375,0.28810423054396295,0.7
2026-09-04 12:45:10,multi_repeat_random_states.py,"(1021, 9)",409,sequential_157,Dense 64 -> 16 -> 32 -> 64 -> 64 -> 32 -> 1,mse,adam_157,50,256,1.3897,2864.6689453125,2808.592529296875,3267.166015625,0.4950280806109567,0.7
2026-09-04 12:45:11,multi_repeat_random_states.py,"(1021, 9)",326,sequential_158,Dense 64 -> 16 -> 32 -> 64 -> 64 -> 32 -> 1,mse,adam_158,50,256,2.2736,18997.189453125,3704.61572265625,3519.5234375,0.48034935907708587,0.7
2026-09-04 12:45:12,multi_repeat_random_states.py,"(1021, 9)",493,sequential_157,Dense 64 -> 16 -> 32 -> 64 -> 64 -> 32 -> 1,mse,adam_157,50,256,1.4282,4836.2685546875,3186.579833984375,2812.6669921875,0.550247554665761,0.7
2026-09-04 12:45:13,multi_repeat_random_states.py,"(1021, 9)",410,sequential_158,Dense 64 -> 16 -> 32 -> 64 -> 64 -> 32 -> 1,mse,adam_158,50,256,2.2663,42088.7109375,4660.611328125,4816.75048828125,0.29781355457906267,0.7
2026-09-04 12:45:13,multi_repeat_random_states.py,"(1021, 9)",326,sequential_158,Dense 64 -> 16 -> 32 -> 64 -> 64 -> 32 -> 1,mse,adam_158,50,256,1.4486,3509.909423828125,2878.571533203125,2929.51123046875,0.5674634565411965,0.7
2026-09-04 12:45:13,multi_repeat_random_states.py,"(1021, 9)",493,sequential_157,Dense 64 -> 16 -> 32 -> 64 -> 64 -> 32 -> 1,mse,adam_157,50,256,1.3988,3171.345703125,3109.27197265625,2715.97998046875,0.5657080174946156,0.7
2026-09-04 12:45:14,multi_repeat_random_states.py,"(1021, 9)",410,sequential_158,Dense 64 -> 16 -> 32 -> 64 -> 64 -> 32 -> 1,mse,adam_158,50,256,1.4421,4777.40087890625,2921.124267578125,2841.1552734375,0.5858160912786061,0.7
2026-09-04 12:45:15,multi_repeat_random_states.py,"(1021, 9)",326,sequential_158,Dense 64 -> 16 -> 32 -> 64 -> 64 -> 32 -> 1,mse,adam_158,50,256,1.4032,2840.76953125,2833.787353515625,3017.21435546875,0.5545143004195973,0.7
2026-09-04 12:45:16,multi_repeat_random_states.py,"(1021, 9)",494,sequential_158,Dense 64 -> 16 -> 32 -> 64 -> 64 -> 32 -> 1,mse,adam_158,50,256,2.2889,92343.125,5306.43212890625,5445.998046875,0.2515038988948266,0.7
2026-09-04 12:45:16,multi_repeat_random_states.py,"(1021, 9)",410,sequential_158,Dense 64 -> 16 -> 32 -> 64 -> 64 -> 32 -> 1,mse,adam_158,50,256,1.4418,2925.564453125,2917.7080078125,2928.390380859375,0.573098954989864,0.7
2026-09-04 12:45:17,multi_repeat_random_states.py,"(1021, 9)",494,sequential_158,Dense 64 -> 16 -> 32 -> 64 -> 64 -> 32 -> 1,mse,adam_158,50,256,1.4602,5275.93408203125,2801.863525390625,2994.187255859375,0.5884798834923286,0.7
2026-09-04 12:45:18,multi_repeat_random_states.py,"(1021, 9)",327,sequential_159,Dense 64 -> 16 -> 32 -> 64 -> 64 -> 32 -> 1,mse,adam_159,50,256,3.724,16439.015625,3337.7939453125,3194.251953125,0.5292905301654927,0.7
2026-09-04 12:45:19,multi_repeat_random_states.py,"(1021, 9)",494,sequential_158,Dense 64 -> 16 -> 32 -> 64 -> 64 -> 32 -> 1,mse,adam_158,50,256,1.4264,2841.681884765625,2773.452392578125,3025.084716796875,0.5842333802890067,0.7
2026-09-04 12:45:20,multi_repeat_random_states.py,"(1021, 9)",411,sequential_159,Dense 64 -> 16 -> 32 -> 64 -> 64 -> 32 -> 1,mse,adam_159,50,256,3.7112,112285.8359375,5825.3359375,5608.43017578125,0.19065270235371534,0.7
2026-09-04 12:45:20,multi_repeat_random_states.py,"(1021, 9)",327,sequential_159,Dense 64 -> 16 -> 32 -> 64 -> 64 -> 32 -> 1,mse,adam_159,50,256,1.4465,3127.01025390625,3156.912841796875,2796.649169921875,0.5878818330383648,0.7
2026-09-04 12:45:21,multi_repeat_random_states.py,"(1021, 9)",411,sequential_159,Dense 64 -> 16 -> 32 -> 64 -> 64 -> 32 -> 1,mse,adam_159,50,256,1.4389,5800.75439453125,3255.545166015625,3410.017333984375,0.5079035705248773,0.7
2026-09-04 12:45:22,multi_repeat_random_states.py,"(1021, 9)",327,sequential_159,Dense 64 -> 16 -> 32 -> 64 -> 64 -> 32 -> 1,mse,adam_159,50,256,1.4341,3395.638671875,2870.66796875,2795.026611328125,0.5881209368731647,0.7
2026-09-04 12:45:23,multi_repeat_random_states.py,"(1021, 9)",495,sequential_159,Dense 64 -> 16 -> 32 -> 64 -> 64 -> 32 -> 1,mse,adam_159,50,256,3.6955,25473.54296875,3964.903076171875,4966.78125,0.32354596947426806,0.7
2026-09-04 12:45:23,multi_repeat_random_states.py,"(1021, 9)",411,sequential_159,Dense 64 -> 16 -> 32 -> 64 -> 64 -> 32 -> 1,mse,adam_159,50,256,1.4095,3429.466796875,3143.109130859375,2781.192138671875,0.5986487879425457,0.7
2026-09-04 12:45:24,multi_repeat_random_states.py,"(1021, 9)",328,sequential_160,Dense 64 -> 16 -> 32 -> 64 -> 64 -> 32 -> 1,mse,adam_160,50,256,2.272,56487.7421875,3834.703125,3760.07666015625,0.43374898194229783,0.7
2026-09-04 12:45:24,multi_repeat_random_states.py,"(1021, 9)",495,sequential_159,Dense 64 -> 16 -> 32 -> 64 -> 64 -> 32 -> 1,mse,adam_159,50,256,1.4318,4081.1015625,2903.952880859375,3430.46142578125,0.5327860905321311,0.7
2026-09-04 12:45:26,multi_repeat_random_states.py,"(1021, 9)",412,sequential_160,Dense 64 -> 16 -> 32 -> 64 -> 64 -> 32 -> 1,mse,adam_160,50,256,2.3245,37017.0234375,3528.394287109375,3249.261474609375,0.47262706526801335,0.7
2026-09-04 12:45:26,multi_repeat_random_states.py,"(1021, 9)",328,sequential_160,Dense 64 -> 16 -> 32 -> 64 -> 64 -> 32 -> 1,mse,adam_160,50,256,1.4146,3759.920166015625,3058.477783203125,3346.268798828125,0.49606663419378105,0.7
2026-09-04 12:45:26,multi_repeat_random_states.py,"(1021, 9)",495,sequential_159,Dense 64 -> 16 -> 32 -> 64 -> 64 -> 32 -> 1,mse,adam_159,50,256,1.4048,2991.4970703125,2990.4892578125,2908.13232421875,0.6039250751139139,0.7
2026-09-04 12:45:27,multi_repeat_random_states.py,"(1021, 9)",412,sequential_160,Dense 64 -> 16 -> 32 -> 64 -> 64 -> 32 -> 1,mse,adam_160,50,256,1.4246,3462.156494140625,3659.5302734375,4503.9931640625,0.26897729604106,0.7
2026-09-04 12:45:27,multi_repeat_random_states.py,"(1021, 9)",328,sequential_160,Dense 64 -> 16 -> 32 -> 64 -> 64 -> 32 -> 1,mse,adam_160,50,256,1.4293,2895.062255859375,2841.611083984375,3005.355224609375,0.547406671863506,0.7
2026-09-04 12:45:28,multi_repeat_random_states.py,"(1021, 9)",496,sequential_160,Dense 64 -> 16 -> 32 -> 64 -> 64 -> 32 -> 1,mse,adam_160,50,256,2.2613,140571.15625,6265.6630859375,5721.93115234375,0.16443238071224975,0.7
2026-09-04 12:45:29,multi_repeat_random_states.py,"(1021, 9)",412,sequential_160,Dense 64 -> 16 -> 32 -> 64 -> 64 -> 32 -> 1,mse,adam_160,50,256,1.4445,3943.663330078125,3003.822509765625,2447.612548828125,0.6027391028994487,0.7
2026-09-04 12:45:30,multi_repeat_random_states.py,"(1021, 9)",329,sequential_161,Dense 64 -> 16 -> 32 -> 64 -> 64 -> 32 -> 1,mse,adam_161,50,256,2.2891,243728.6875,6429.7431640625,5814.19970703125,0.1097158751800349,0.7
2026-09-04 12:45:30,multi_repeat_random_states.py,"(1021, 9)",496,sequential_160,Dense 64 -> 16 -> 32 -> 64 -> 64 -> 32 -> 1,mse,adam_160,50,256,1.4427,6245.6357421875,3508.42919921875,3161.36474609375,0.5383491992345503,0.7
2026-09-04 12:45:31,multi_repeat_random_states.py,"(1021, 9)",413,sequential_161,Dense 64 -> 16 -> 32 -> 64 -> 64 -> 32 -> 1,mse,adam_161,50,256,2.2715,20353.353515625,3712.927001953125,3366.281005859375,0.5117982857374943,0.7
2026-09-04 12:45:31,multi_repeat_random_states.py,"(1021, 9)",329,sequential_161,Dense 64 -> 16 -> 32 -> 64 -> 64 -> 32 -> 1,mse,adam_161,50,256,1.4185,6412.38623046875,5558.92822265625,5071.58251953125,0.22342714374276595,0.7
2026-09-04 12:45:32,multi_repeat_random_states.py,"(1021, 9)",496,sequential_160,Dense 64 -> 16 -> 32 -> 64 -> 64 -> 32 -> 1,mse,adam_160,50,256,1.4128,3379.3896484375,2891.09423828125,2854.5009765625,0.5831602549766657,0.7
2026-09-04 12:45:33,multi_repeat_random_states.py,"(1021, 9)",413,sequential_161,Dense 64 -> 16 -> 32 -> 64 -> 64 -> 32 -> 1,mse,adam_161,50,256,1.4942,3456.473388671875,3040.11865234375,2793.58984375,0.5948539804193432,0.7
2026-09-04 12:45:33,multi_repeat_random_states.py,"(1021, 9)",329,sequential_161,Dense 64 -> 16 -> 32 -> 64 -> 64 -> 32 -> 1,mse,adam_161,50,256,1.4029,5474.7490234375,3063.241943359375,3260.56298828125,0.5007347907480102,0.7
2026-09-04 12:45:34,multi_repeat_random_states.py,"(1021, 9)",497,sequential_161,Dense 64 -> 16 -> 32 -> 64 -> 64 -> 32 -> 1,mse,adam_161,50,256,2.2675,57857.640625,5368.3486328125,6052.52099609375,0.1675247070387682,0.7
2026-09-04 12:45:34,multi_repeat_random_states.py,"(1021, 9)",413,sequential_161,Dense 64 -> 16 -> 32 -> 64 -> 64 -> 32 -> 1,mse,adam_161,50,256,1.5381,2938.063232421875,3216.02490234375,2737.827880859375,0.6029410140223964,0.7
2026-09-04 12:45:35,multi_repeat_random_states.py,"(1021, 9)",330,sequential_162,Dense 64 -> 16 -> 32 -> 64 -> 64 -> 32 -> 1,mse,adam_162,50,256,2.2704,29144.24609375,3564.8193359375,3668.751220703125,0.48171766822977535,0.7
2026-09-04 12:45:36,multi_repeat_random_states.py,"(1021, 9)",497,sequential_161,Dense 64 -> 16 -> 32 -> 64 -> 64 -> 32 -> 1,mse,adam_161,50,256,1.4568,5332.693359375,2916.812255859375,3181.4716796875,0.5624142985072307,0.7
2026-09-04 12:45:37,multi_repeat_random_states.py,"(1021, 9)",330,sequential_162,Dense 64 -> 16 -> 32 -> 64 -> 64 -> 32 -> 1,mse,adam_162,50,256,1.4117,3441.169921875,2778.673828125,3001.731689453125,0.5759471128479987,0.7
2026-09-04 12:45:37,multi_repeat_random_states.py,"(1021, 9)",414,sequential_162,Dense 64 -> 16 -> 32 -> 64 -> 64 -> 32 -> 1,mse,adam_162,50,256,2.2911,19067.181640625,3114.828125,3106.682861328125,0.5422656973568065,0.7
2026-09-04 12:45:37,multi_repeat_random_states.py,"(1021, 9)",497,sequential_161,Dense 64 -> 16 -> 32 -> 64 -> 64 -> 32 -> 1,mse,adam_161,50,256,1.4133,2859.031982421875,3123.253173828125,3129.012451171875,0.5696296287181175,0.7
2026-09-04 12:45:38,multi_repeat_random_states.py,"(1021, 9)",330,sequential_162,Dense 64 -> 16 -> 32 -> 64 -> 64 -> 32 -> 1,mse,adam_162,50,256,1.4155,2781.049072265625,2795.107177734375,2978.42431640625,0.579239730379881,0.7
2026-09-04 12:45:39,multi_repeat_random_states.py,"(1021, 9)",414,sequential_162,Dense 64 -> 16 -> 32 -> 64 -> 64 -> 32 -> 1,mse,adam_162,50,256,1.4196,3344.25439453125,2925.224853515625,2996.77490234375,0.5584593941726026,0.7
2026-09-04 12:45:40,multi_repeat_random_states.py,"(1021, 9)",498,sequential_162,Dense 64 -> 16 -> 32 -> 64 -> 64 -> 32 -> 1,mse,adam_162,50,256,2.2841,210919.421875,5951.607421875,6340.5341796875,0.1146666861078407,0.7
2026-09-04 12:45:40,multi_repeat_random_states.py,"(1021, 9)",414,sequential_162,Dense 64 -> 16 -> 32 -> 64 -> 64 -> 32 -> 1,mse,adam_162,50,256,1.4151,3093.6572265625,2855.330322265625,3022.10693359375,0.5547269800185725,0.7
2026-09-04 12:45:41,multi_repeat_random_states.py,"(1021, 9)",331,sequential_163,Dense 64 -> 16 -> 32 -> 64 -> 64 -> 32 -> 1,mse,adam_163,50,256,2.2677,137253.140625,5671.1337890625,5457.6708984375,0.17336401815926317,0.7
2026-09-04 12:45:41,multi_repeat_random_states.py,"(1021, 9)",498,sequential_162,Dense 64 -> 16 -> 32 -> 64 -> 64 -> 32 -> 1,mse,adam_162,50,256,1.4076,5944.03173828125,4143.935546875,4440.5732421875,0.37995963665200494,0.7
2026-09-04 12:45:42,multi_repeat_random_states.py,"(1021, 9)",331,sequential_163,Dense 64 -> 16 -> 32 -> 64 -> 64 -> 32 -> 1,mse,adam_163,50,256,1.4396,5629.9912109375,3576.604736328125,3328.15234375,0.4959076482788538,0.7
2026-09-04 12:45:43,multi_repeat_random_states.py,"(1021, 9)",415,sequential_163,Dense 64 -> 16 -> 32 -> 64 -> 64 -> 32 -> 1,mse,adam_163,50,256,2.2673,26735.087890625,3429.395751953125,2845.56689453125,0.5358048266115474,0.7
2026-09-04 12:45:43,multi_repeat_random_states.py,"(1021, 9)",498,sequential_162,Dense 64 -> 16 -> 32 -> 64 -> 64 -> 32 -> 1,mse,adam_162,50,256,1.4106,4044.298583984375,2797.8525390625,3188.00830078125,0.5548560916945986,0.7
2026-09-04 12:45:44,multi_repeat_random_states.py,"(1021, 9)",331,sequential_163,Dense 64 -> 16 -> 32 -> 64 -> 64 -> 32 -> 1,mse,adam_163,50,256,1.4137,3363.802734375,3189.1748046875,3216.622314453125,0.5128002689093543,0.7
2026-09-04 12:45:44,multi_repeat_random_states.py,"(1021, 9)",415,sequential_163,Dense 64 -> 16 -> 32 -> 64 -> 64 -> 32 -> 1,mse,adam_163,50,256,1.4165,3143.6298828125,3011.8134765625,2700.66015625,0.5594433102589276,0.7
2026-09-04 12:45:45,multi_repeat_random_states.py,"(1021, 9)",499,sequential_163,Dense 64 -> 16 -> 32 -> 64 -> 64 -> 32 -> 1,mse,adam_163,50,256,2.2891,90318.7578125,5676.4677734375,5810.708984375,0.18363703848082213,0.7
2026-09-04 12:45:46,multi_repeat_random_states.py,"(1021, 9)",415,sequential_163,Dense 64 -> 16 -> 32 -> 64 -> 64 -> 32 -> 1,mse,adam_163,50,256,1.439,2895.010986328125,2859.075927734375,2772.249755859375,0.5477649521116181,0.7
2026-09-04 12:45:46,multi_repeat_random_states.py,"(1021, 9)",332,sequential_164,Dense 64 -> 16 -> 32 -> 64 -> 64 -> 32 -> 1,mse,adam_164,50,256,2.2684,21954.998046875,3215.9580078125,3607.93212890625,0.49683094429762087,0.7
2026-09-04 12:45:47,multi_repeat_random_states.py,"(1021, 9)",499,sequential_163,Dense 64 -> 16 -> 32 -> 64 -> 64 -> 32 -> 1,mse,adam_163,50,256,1.4574,5616.80517578125,2920.0009765625,3200.08984375,0.550410293108822,0.7
2026-09-04 12:45:48,multi_repeat_random_states.py,"(1021, 9)",332,sequential_164,Dense 64 -> 16 -> 32 -> 64 -> 64 -> 32 -> 1,mse,adam_164,50,256,1.4107,3157.512451171875,2856.8310546875,3575.763427734375,0.5013172098647565,0.7
2026-09-04 12:45:48,multi_repeat_random_states.py,"(1021, 9)",416,sequential_164,Dense 64 -> 16 -> 32 -> 64 -> 64 -> 32 -> 1,mse,adam_164,50,256,2.2507,58364.7109375,4876.58154296875,4338.4296875,0.34258347252738286,0.7
2026-09-04 12:45:48,multi_repeat_random_states.py,"(1021, 9)",499,sequential_163,Dense 64 -> 16 -> 32 -> 64 -> 64 -> 32 -> 1,mse,adam_163,50,256,1.4169,2944.75830078125,2777.421142578125,3074.6083984375,0.5680395430026601,0.7
2026-09-04 12:45:50,multi_repeat_random_states.py,"(1021, 9)",332,sequential_164,Dense 64 -> 16 -> 32 -> 64 -> 64 -> 32 -> 1,mse,adam_164,50,256,1.469,3119.513916015625,2829.4541015625,3060.9453125,0.5731147341807721,0.7
2026-09-04 12:45:50,multi_repeat_random_states.py,"(1021, 9)",416,sequential_164,Dense 64 -> 16 -> 32 -> 64 -> 64 -> 32 -> 1,mse,adam_164,50,256,1.4694,4837.69970703125,3059.7431640625,2454.765380859375,0.6280212477183162,0.7
2026-09-04 12:45:51,multi_repeat_random_states.py,"(1021, 9)",500,sequential_164,Dense 64 -> 16 -> 32 -> 64 -> 64 -> 32 -> 1,mse,adam_164,50,256,2.275,24840.0859375,3328.5166015625,2975.195556640625,0.5635235947971975,0.7
2026-09-04 12:45:51,multi_repeat_random_states.py,"(1021, 9)",416,sequential_164,Dense 64 -> 16 -> 32 -> 64 -> 64 -> 32 -> 1,mse,adam_164,50,256,1.4078,3046.36376953125,3033.03466796875,2449.1572265625,0.6288711301605394,0.7
2026-09-04 12:45:52,multi_repeat_random_states.py,"(1021, 9)",333,sequential_165,Dense 64 -> 16 -> 32 -> 64 -> 64 -> 32 -> 1,mse,adam_165,50,256,2.265,62463.68359375,4957.47216796875,5160.921875,0.19709867632760503,0.7
2026-09-04 12:45:53,multi_repeat_random_states.py,"(1021, 9)",500,sequential_164,Dense 64 -> 16 -> 32 -> 64 -> 64 -> 32 -> 1,mse,adam_164,50,256,1.4064,3073.2548828125,3427.517578125,3163.849365234375,0.5358470337637471,0.7
2026-09-04 12:45:54,multi_repeat_random_states.py,"(1021, 9)",333,sequential_165,Dense 64 -> 16 -> 32 -> 64 -> 64 -> 32 -> 1,mse,adam_165,50,256,1.4575,4835.671875,3141.050537109375,2972.82080078125,0.5375086794495199,0.7
2026-09-04 12:45:54,multi_repeat_random_states.py,"(1021, 9)",417,sequential_165,Dense 64 -> 16 -> 32 -> 64 -> 64 -> 32 -> 1,mse,adam_165,50,256,2.2496,137345.265625,5537.71875,6243.126953125,0.13885554008700118,0.7
2026-09-04 12:45:54,multi_repeat_random_states.py,"(1021, 9)",500,sequential_164,Dense 64 -> 16 -> 32 -> 64 -> 64 -> 32 -> 1,mse,adam_164,50,256,1.4156,3455.04052734375,3245.4697265625,3138.338134765625,0.5395897475989976,0.7
2026-09-04 12:45:55,multi_repeat_random_states.py,"(1021, 9)",333,sequential_165,Dense 64 -> 16 -> 32 -> 64 -> 64 -> 32 -> 1,mse,adam_165,50,256,1.4362,2902.99560546875,2873.876708984375,2814.8544921875,0.5620839823624237,0.7
2026-09-04 12:45:55,multi_repeat_random_states.py,"(1021, 9)",417,sequential_165,Dense 64 -> 16 -> 32 -> 64 -> 64 -> 32 -> 1,mse,adam_165,50,256,1.4273,5507.1103515625,2996.269287109375,3357.8076171875,0.5368414799833985,0.7
2026-09-04 12:45:57,multi_repeat_random_states.py,"(1021, 9)",501,sequential_165,Dense 64 -> 16 -> 32 -> 64 -> 64 -> 32 -> 1,mse,adam_165,50,256,2.2599,14562.529296875,3136.384765625,3103.389892578125,0.5485707179961781,0.7
2026-09-04 12:45:57,multi_repeat_random_states.py,"(1021, 9)",417,sequential_165,Dense 64 -> 16 -> 32 -> 64 -> 64 -> 32 -> 1,mse,adam_165,50,256,1.4474,3105.17431640625,2961.417236328125,3743.382080078125,0.48365727860610674,0.7
2026-09-04 12:45:58,multi_repeat_random_states.py,"(1021, 9)",334,sequential_166,Dense 64 -> 16 -> 32 -> 64 -> 64 -> 32 -> 1,mse,adam_166,50,256,2.2716,37647.015625,4104.35546875,3613.432373046875,0.4287917358735589,0.7
2026-09-04 12:45:58,multi_repeat_random_states.py,"(1021, 9)",501,sequential_165,Dense 64 -> 16 -> 32 -> 64 -> 64 -> 32 -> 1,mse,adam_165,50,256,1.4036,3172.51123046875,2868.941162109375,2815.48486328125,0.5904502954954041,0.7
2026-09-04 12:45:59,multi_repeat_random_states.py,"(1021, 9)",334,sequential_166,Dense 64 -> 16 -> 32 -> 64 -> 64 -> 32 -> 1,mse,adam_166,50,256,1.4642,3930.126953125,3009.7861328125,2728.0556640625,0.568751323165905,0.7
2026-09-04 12:46:00,multi_repeat_random_states.py,"(1021, 9)",418,sequential_166,Dense 64 -> 16 -> 32 -> 64 -> 64 -> 32 -> 1,mse,adam_166,50,256,2.3333,27591.177734375,3121.433349609375,3223.046875,0.544712705165971,0.7
2026-09-04 12:46:00,multi_repeat_random_states.py,"(1021, 9)",501,sequential_165,Dense 64 -> 16 -> 32 -> 64 -> 64 -> 32 -> 1,mse,adam_165,50,256,1.4746,2920.0361328125,3021.710205078125,2758.35009765625,0.5987613027033896,0.7
2026-09-04 12:46:01,multi_repeat_random_states.py,"(1021, 9)",334,sequential_166,Dense 64 -> 16 -> 32 -> 64 -> 64 -> 32 -> 1,mse,adam_166,50,256,1.4397,2931.413818359375,3075.7919921875,3007.263916015625,0.5246143404850129,0.7
2026-09-04 12:46:01,multi_repeat_random_states.py,"(1021, 9)",418,sequential_166,Dense 64 -> 16 -> 32 -> 64 -> 64 -> 32 -> 1,mse,adam_166,50,256,1.4493,3127.403564453125,2862.97216796875,2921.5087890625,0.5873079243228536,0.7
2026-09-04 12:46:02,multi_repeat_random_states.py,"(1021, 9)",502,sequential_166,Dense 64 -> 16 -> 32 -> 64 -> 64 -> 32 -> 1,mse,adam_166,50,256,2.2839,42361.08203125,5181.47216796875,5104.64990234375,0.2552374000630453,0.7
2026-09-04 12:46:03,multi_repeat_random_states.py,"(1021, 9)",418,sequential_166,Dense 64 -> 16 -> 32 -> 64 -> 64 -> 32 -> 1,mse,adam_166,50,256,1.4007,2941.28759765625,2897.0478515625,2844.050537109375,0.5982497288286861,0.7
2026-09-04 12:46:03,multi_repeat_random_states.py,"(1021, 9)",335,sequential_167,Dense 64 -> 16 -> 32 -> 64 -> 64 -> 32 -> 1,mse,adam_167,50,256,2.3165,76380.8515625,4921.34423828125,4900.5078125,0.3125794623134499,0.7
2026-09-04 12:46:04,multi_repeat_random_states.py,"(1021, 9)",502,sequential_166,Dense 64 -> 16 -> 32 -> 64 -> 64 -> 32 -> 1,mse,adam_166,50,256,1.425,5004.88720703125,3263.0791015625,3138.38720703125,0.5421128984038011,0.7
2026-09-04 12:46:05,multi_repeat_random_states.py,"(1021, 9)",335,sequential_167,Dense 64 -> 16 -> 32 -> 64 -> 64 -> 32 -> 1,mse,adam_167,50,256,1.454,4716.30322265625,2804.9462890625,3233.06982421875,0.5464799756071416,0.7
2026-09-04 12:46:05,multi_repeat_random_states.py,"(1021, 9)",419,sequential_167,Dense 64 -> 16 -> 32 -> 64 -> 64 -> 32 -> 1,mse,adam_167,50,256,2.307,74458.640625,5103.6787109375,4754.1455078125,0.2674772404104735,0.7
2026-09-04 12:46:05,multi_repeat_random_states.py,"(1021, 9)",502,sequential_166,Dense 64 -> 16 -> 32 -> 64 -> 64 -> 32 -> 1,mse,adam_166,50,256,1.4483,2949.293212890625,2822.16845703125,2879.926025390625,0.5798221066254661,0.7
2026-09-04 12:46:06,multi_repeat_random_states.py,"(1021, 9)",335,sequential_167,Dense 64 -> 16 -> 32 -> 64 -> 64 -> 32 -> 1,mse,adam_167,50,256,1.4044,2861.858642578125,2711.6513671875,3153.142333984375,0.5576918705649025,0.7
2026-09-04 12:46:07,multi_repeat_random_states.py,"(1021, 9)",419,sequential_167,Dense 64 -> 16 -> 32 -> 64 -> 64 -> 32 -> 1,mse,adam_167,50,256,1.4755,5003.45654296875,2972.5595703125,3088.350341796875,0.5241443105430618,0.7
2026-09-04 12:46:08,multi_repeat_random_states.py,"(1021, 9)",503,sequential_167,Dense 64 -> 16 -> 32 -> 64 -> 64 -> 32 -> 1,mse,adam_167,50,256,2.2559,90351.234375,5629.986328125,5606.28173828125,0.16296435043924473,0.7
2026-09-04 12:46:08,multi_repeat_random_states.py,"(1021, 9)",419,sequential_167,Dense 64 -> 16 -> 32 -> 64 -> 64 -> 32 -> 1,mse,adam_167,50,256,1.4543,3057.74755859375,3395.380126953125,3140.385498046875,0.5161266918289102,0.7
2026-09-04 12:46:09,multi_repeat_random_states.py,"(1021, 9)",504,sequential_168,Dense 64 -> 16 -> 32 -> 64 -> 64 -> 32 -> 1,mse,adam_168,50,256,2.2931,80872.1953125,5509.12548828125,6262.2861328125,0.18378416056115454,0.7
2026-09-04 12:46:09,multi_repeat_random_states.py,"(1021, 9)",503,sequential_167,Dense 64 -> 16 -> 32 -> 64 -> 64 -> 32 -> 1,mse,adam_167,50,256,1.4107,5600.1162109375,3140.044189453125,3349.0107421875,0.49998203271381514,0.7
2026-09-04 12:46:11,multi_repeat_random_states.py,"(1021, 9)",504,sequential_168,Dense 64 -> 16 -> 32 -> 64 -> 64 -> 32 -> 1,mse,adam_168,50,256,1.5095,5475.16552734375,2834.278076171875,3677.1015625,0.5207327371089621,0.7
2026-09-04 12:46:11,multi_repeat_random_states.py,"(1021, 9)",588,sequential_168,Dense 64 -> 16 -> 32 -> 64 -> 64 -> 32 -> 1,mse,adam_168,50,256,2.3112,18109.146484375,2896.85498046875,2953.81103515625,0.52850830317138,0.7
2026-09-04 12:46:11,multi_repeat_random_states.py,"(1021, 9)",503,sequential_167,Dense 64 -> 16 -> 32 -> 64 -> 64 -> 32 -> 1,mse,adam_167,50,256,1.4396,3136.85205078125,3145.766845703125,3172.61376953125,0.5263187126389183,0.7
2026-09-04 12:46:12,multi_repeat_random_states.py,"(1021, 9)",504,sequential_168,Dense 64 -> 16 -> 32 -> 64 -> 64 -> 32 -> 1,mse,adam_168,50,256,1.4062,2913.904052734375,2881.201171875,3573.4931640625,0.534236891954156,0.7
2026-09-04 12:46:12,multi_repeat_random_states.py,"(1021, 9)",588,sequential_168,Dense 64 -> 16 -> 32 -> 64 -> 64 -> 32 -> 1,mse,adam_168,50,256,1.417,2851.833984375,3157.1640625,3695.203125,0.41016620991091446,0.7
2026-09-04 12:46:13,multi_repeat_random_states.py,"(1021, 9)",672,sequential_168,Dense 64 -> 16 -> 32 -> 64 -> 64 -> 32 -> 1,mse,adam_168,50,256,2.2466,116705.3828125,5209.06201171875,5822.39208984375,0.2284720929301609,0.7
2026-09-04 12:46:14,multi_repeat_random_states.py,"(1021, 9)",588,sequential_168,Dense 64 -> 16 -> 32 -> 64 -> 64 -> 32 -> 1,mse,adam_168,50,256,1.3912,3267.271728515625,2923.740234375,2893.34619140625,0.5381598569285407,0.7
2026-09-04 12:46:15,multi_repeat_random_states.py,"(1021, 9)",505,sequential_169,Dense 64 -> 16 -> 32 -> 64 -> 64 -> 32 -> 1,mse,adam_169,50,256,2.2452,184431.953125,5937.91064453125,6831.58349609375,0.06775212090881566,0.7
2026-09-04 12:46:15,multi_repeat_random_states.py,"(1021, 9)",672,sequential_168,Dense 64 -> 16 -> 32 -> 64 -> 64 -> 32 -> 1,mse,adam_168,50,256,1.4618,5149.58154296875,2851.947998046875,3232.947509765625,0.5716006674348258,0.7
2026-09-04 12:46:16,multi_repeat_random_states.py,"(1021, 9)",505,sequential_169,Dense 64 -> 16 -> 32 -> 64 -> 64 -> 32 -> 1,mse,adam_169,50,256,1.4336,5915.40185546875,4512.81884765625,5394.9296875,0.26380013553484194,0.7
2026-09-04 12:46:16,multi_repeat_random_states.py,"(1021, 9)",589,sequential_169,Dense 64 -> 16 -> 32 -> 64 -> 64 -> 32 -> 1,mse,adam_169,50,256,2.3226,63268.9765625,4628.79052734375,4205.75537109375,0.3438659884434674,0.7
2026-09-04 12:46:16,multi_repeat_random_states.py,"(1021, 9)",672,sequential_168,Dense 64 -> 16 -> 32 -> 64 -> 64 -> 32 -> 1,mse,adam_168,50,256,1.4228,2997.241455078125,2979.47119140625,3017.74365234375,0.6001174248891858,0.7
2026-09-04 12:46:18,multi_repeat_random_states.py,"(1021, 9)",505,sequential_169,Dense 64 -> 16 -> 32 -> 64 -> 64 -> 32 -> 1,mse,adam_169,50,256,1.3939,4463.50048828125,2729.88525390625,3419.043212890625,0.5334324193982465,0.7
2026-09-04 12:46:18,multi_repeat_random_states.py,"(1021, 9)",589,sequential_169,Dense 64 -> 16 -> 32 -> 64 -> 64 -> 32 -> 1,mse,adam_169,50,256,1.4351,4479.90380859375,3031.71875,2810.5029296875,0.5615373715468905,0.7
2026-09-04 12:46:19,multi_repeat_random_states.py,"(1021, 9)",673,sequential_169,Dense 64 -> 16 -> 32 -> 64 -> 64 -> 32 -> 1,mse,adam_169,50,256,2.3084,79214.2734375,6064.927734375,5320.3681640625,0.1689152165869151,0.7
2026-09-04 12:46:20,multi_repeat_random_states.py,"(1021, 9)",589,sequential_169,Dense 64 -> 16 -> 32 -> 64 -> 64 -> 32 -> 1,mse,adam_169,50,256,1.4498,2939.98046875,2993.18603515625,2728.34423828125,0.5743548030828676,0.7
2026-09-04 12:46:20,multi_repeat_random_states.py,"(1021, 9)",506,sequential_170,Dense 64 -> 16 -> 32 -> 64 -> 64 -> 32 -> 1,mse,adam_170,50,256,2.3096,37025.32421875,4279.08642578125,3313.737060546875,0.45539201146588004,0.7
2026-09-04 12:46:21,multi_repeat_random_states.py,"(1021, 9)",673,sequential_169,Dense 64 -> 16 -> 32 -> 64 -> 64 -> 32 -> 1,mse,adam_169,50,256,1.5061,6007.60205078125,2983.299560546875,2944.440185546875,0.5400545060657848,0.7
2026-09-04 12:46:22,multi_repeat_random_states.py,"(1021, 9)",506,sequential_170,Dense 64 -> 16 -> 32 -> 64 -> 64 -> 32 -> 1,mse,adam_170,50,256,1.4107,4422.39111328125,3189.84716796875,3011.403076171875,0.5050802116468149,0.7
2026-09-04 12:46:22,multi_repeat_random_states.py,"(1021, 9)",590,sequential_170,Dense 64 -> 16 -> 32 -> 64 -> 64 -> 32 -> 1,mse,adam_170,50,256,2.2587,29840.93359375,3057.2001953125,2909.9609375,0.54104284023984,0.7
2026-09-04 12:46:22,multi_repeat_random_states.py,"(1021, 9)",673,sequential_169,Dense 64 -> 16 -> 32 -> 64 -> 64 -> 32 -> 1,mse,adam_169,50,256,1.4149,3095.487548828125,2938.120361328125,2912.488037109375,0.5450457262231065,0.7
2026-09-04 12:46:23,multi_repeat_random_states.py,"(1021, 9)",506,sequential_170,Dense 64 -> 16 -> 32 -> 64 -> 64 -> 32 -> 1,mse,adam_170,50,256,1.3946,3283.9453125,2963.456298828125,2446.44384765625,0.5979304289291718,0.7
2026-09-04 12:46:24,multi_repeat_random_states.py,"(1021, 9)",590,sequential_170,Dense 64 -> 16 -> 32 -> 64 -> 64 -> 32 -> 1,mse,adam_170,50,256,1.4434,3570.918701171875,2978.22021484375,2872.830810546875,0.5468989811712375,0.7
2026-09-04 12:46:25,multi_repeat_random_states.py,"(1021, 9)",674,sequential_170,Dense 64 -> 16 -> 32 -> 64 -> 64 -> 32 -> 1,mse,adam_170,50,256,2.2382,26324.12890625,4057.38671875,3539.306396484375,0.4634322677257311,0.7
2026-09-04 12:46:25,multi_repeat_random_states.py,"(1021, 9)",590,sequential_170,Dense 64 -> 16 -> 32 -> 64 -> 64 -> 32 -> 1,mse,adam_170,50,256,1.43,2944.66357421875,2827.96484375,2705.123046875,0.5733497922328963,0.7
2026-09-04 12:46:26,multi_repeat_random_states.py,"(1021, 9)",507,sequential_171,Dense 64 -> 16 -> 32 -> 64 -> 64 -> 32 -> 1,mse,adam_171,50,256,2.2687,56370.1484375,4684.39208984375,5456.17578125,0.2726981441276801,0.7
2026-09-04 12:46:26,multi_repeat_random_states.py,"(1021, 9)",674,sequential_170,Dense 64 -> 16 -> 32 -> 64 -> 64 -> 32 -> 1,mse,adam_170,50,256,1.4771,3787.50244140625,3045.51953125,2711.3076171875,0.5889589645487006,0.7
2026-09-04 12:46:27,multi_repeat_random_states.py,"(1021, 9)",507,sequential_171,Dense 64 -> 16 -> 32 -> 64 -> 64 -> 32 -> 1,mse,adam_171,50,256,1.4065,4608.5146484375,2973.18359375,3463.2080078125,0.5383584208836678,0.7
2026-09-04 12:46:28,multi_repeat_random_states.py,"(1021, 9)",591,sequential_171,Dense 64 -> 16 -> 32 -> 64 -> 64 -> 32 -> 1,mse,adam_171,50,256,2.2552,21514.67578125,3345.1357421875,2981.893798828125,0.5735421788702302,0.7
2026-09-04 12:46:28,multi_repeat_random_states.py,"(1021, 9)",674,sequential_170,Dense 64 -> 16 -> 32 -> 64 -> 64 -> 32 -> 1,mse,adam_170,50,256,1.4086,2959.56494140625,3113.249755859375,2924.490966796875,0.5566399099714181,0.7
2026-09-04 12:46:29,multi_repeat_random_states.py,"(1021, 9)",507,sequential_171,Dense 64 -> 16 -> 32 -> 64 -> 64 -> 32 -> 1,mse,adam_171,50,256,1.3891,3088.0732421875,2769.017822265625,3190.969482421875,0.5746474937624948,0.7
2026-09-04 12:46:29,multi_repeat_random_states.py,"(1021, 9)",591,sequential_171,Dense 64 -> 16 -> 32 -> 64 -> 64 -> 32 -> 1,mse,adam_171,50,256,1.4271,3110.523193359375,2869.13916015625,3197.093017578125,0.5427653517230244,0.7
2026-09-04 12:46:30,multi_repeat_random_states.py,"(1021, 9)",675,sequential_171,Dense 64 -> 16 -> 32 -> 64 -> 64 -> 32 -> 1,mse,adam_171,50,256,2.2618,37818.1484375,5095.35302734375,4413.2861328125,0.3102018506525436,0.7
2026-09-04 12:46:31,multi_repeat_random_states.py,"(1021, 9)",591,sequential_171,Dense 64 -> 16 -> 32 -> 64 -> 64 -> 32 -> 1,mse,adam_171,50,256,1.4029,2967.413818359375,2843.893798828125,3188.297607421875,0.5440232138941075,0.7
2026-09-04 12:46:31,multi_repeat_random_states.py,"(1021, 9)",508,sequential_172,Dense 64 -> 16 -> 32 -> 64 -> 64 -> 32 -> 1,mse,adam_172,50,256,2.2834,38867.2734375,4761.4697265625,4576.470703125,0.3655586431089699,0.7
2026-09-04 12:46:32,multi_repeat_random_states.py,"(1021, 9)",675,sequential_171,Dense 64 -> 16 -> 32 -> 64 -> 64 -> 32 -> 1,mse,adam_171,50,256,1.4276,4927.79052734375,3063.230712890625,2721.454345703125,0.5746357539916135,0.7
2026-09-04 12:46:33,multi_repeat_random_states.py,"(1021, 9)",508,sequential_172,Dense 64 -> 16 -> 32 -> 64 -> 64 -> 32 -> 1,mse,adam_172,50,256,1.4024,4570.85888671875,3011.694091796875,3262.533935546875,0.5477111704730757,0.7
2026-09-04 12:46:33,multi_repeat_random_states.py,"(1021, 9)",592,sequential_172,Dense 64 -> 16 -> 32 -> 64 -> 64 -> 32 -> 1,mse,adam_172,50,256,2.2982,58246.85546875,3961.784912109375,4200.97314453125,0.410866135412161,0.7
2026-09-04 12:46:33,multi_repeat_random_states.py,"(1021, 9)",675,sequential_171,Dense 64 -> 16 -> 32 -> 64 -> 64 -> 32 -> 1,mse,adam_171,50,256,1.4101,3083.82275390625,3050.1220703125,2716.340576171875,0.5754351122866639,0.7
2026-09-04 12:46:34,multi_repeat_random_states.py,"(1021, 9)",508,sequential_172,Dense 64 -> 16 -> 32 -> 64 -> 64 -> 32 -> 1,mse,adam_172,50,256,1.3939,2955.6748046875,2858.776611328125,2881.477783203125,0.6005374702688804,0.7
2026-09-04 12:46:35,multi_repeat_random_states.py,"(1021, 9)",592,sequential_172,Dense 64 -> 16 -> 32 -> 64 -> 64 -> 32 -> 1,mse,adam_172,50,256,1.4737,3844.033447265625,3592.78515625,3497.199951171875,0.5095615881672175,0.7
2026-09-04 12:46:36,multi_repeat_random_states.py,"(1021, 9)",676,sequential_172,Dense 64 -> 16 -> 32 -> 64 -> 64 -> 32 -> 1,mse,adam_172,50,256,2.2857,21321.625,3509.1904296875,3578.221435546875,0.45600039747405063,0.7
2026-09-04 12:46:36,multi_repeat_random_states.py,"(1021, 9)",592,sequential_172,Dense 64 -> 16 -> 32 -> 64 -> 64 -> 32 -> 1,mse,adam_172,50,256,1.4291,3134.38232421875,2995.4365234375,3413.1689453125,0.5213458761599233,0.7
2026-09-04 12:46:37,multi_repeat_random_states.py,"(1021, 9)",509,sequential_173,Dense 64 -> 16 -> 32 -> 64 -> 64 -> 32 -> 1,mse,adam_173,50,256,2.2699,48717.6796875,4074.950439453125,4210.572265625,0.3902603275873836,0.7
2026-09-04 12:46:37,multi_repeat_random_states.py,"(1021, 9)",676,sequential_172,Dense 64 -> 16 -> 32 -> 64 -> 64 -> 32 -> 1,mse,adam_172,50,256,1.4641,3243.6884765625,3086.905517578125,2789.314208984375,0.5759385235233647,0.7
2026-09-04 12:46:38,multi_repeat_random_states.py,"(1021, 9)",509,sequential_173,Dense 64 -> 16 -> 32 -> 64 -> 64 -> 32 -> 1,mse,adam_173,50,256,1.411,4034.845947265625,2877.636474609375,3076.030517578125,0.5545551527270192,0.7
2026-09-04 12:46:39,multi_repeat_random_states.py,"(1021, 9)",593,sequential_173,Dense 64 -> 16 -> 32 -> 64 -> 64 -> 32 -> 1,mse,adam_173,50,256,2.274,96077.6796875,5404.62158203125,5308.7568359375,0.2036131115082238,0.7
2026-09-04 12:46:39,multi_repeat_random_states.py,"(1021, 9)",676,sequential_172,Dense 64 -> 16 -> 32 -> 64 -> 64 -> 32 -> 1,mse,adam_172,50,256,1.3913,2996.16064453125,2934.4208984375,2780.1796875,0.5773272229615352,0.7
2026-09-04 12:46:40,multi_repeat_random_states.py,"(1021, 9)",509,sequential_173,Dense 64 -> 16 -> 32 -> 64 -> 64 -> 32 -> 1,mse,adam_173,50,256,1.3898,2891.974853515625,2842.583251953125,3063.086669921875,0.5564295661017029,0.7
2026-09-04 12:46:40,multi_repeat_random_states.py,"(1021, 9)",593,sequential_173,Dense 64 -> 16 -> 32 -> 64 -> 64 -> 32 -> 1,mse,adam_173,50,256,1.4409,5375.455078125,3045.52197265625,3021.844482421875,0.5466814958982471,0.7
2026-09-04 12:46:42,multi_repeat_random_states.py,"(1021, 9)",677,sequential_173,Dense 64 -> 16 -> 32 -> 64 -> 64 -> 32 -> 1,mse,adam_173,50,256,2.2721,26000.220703125,3345.074462890625,3821.74658203125,0.45646182422480264,0.7
2026-09-04 12:46:42,multi_repeat_random_states.py,"(1021, 9)",593,sequential_173,Dense 64 -> 16 -> 32 -> 64 -> 64 -> 32 -> 1,mse,adam_173,50,256,1.4033,2998.909912109375,3480.58935546875,3679.381591796875,0.4480418780198079,0.7
2026-09-04 12:46:42,multi_repeat_random_states.py,"(1021, 9)",510,sequential_174,Dense 64 -> 16 -> 32 -> 64 -> 64 -> 32 -> 1,mse,adam_174,50,256,2.2841,171216.3125,5931.49853515625,5471.05615234375,0.10644995805521706,0.7
2026-09-04 12:46:43,multi_repeat_random_states.py,"(1021, 9)",677,sequential_173,Dense 64 -> 16 -> 32 -> 64 -> 64 -> 32 -> 1,mse,adam_173,50,256,1.4244,3340.9462890625,2973.372802734375,3221.447998046875,0.5418377826715042,0.7
2026-09-04 12:46:44,multi_repeat_random_states.py,"(1021, 9)",510,sequential_174,Dense 64 -> 16 -> 32 -> 64 -> 64 -> 32 -> 1,mse,adam_174,50,256,1.3972,5916.94677734375,3975.555908203125,3768.270751953125,0.38455426381292523,0.7
2026-09-04 12:46:44,multi_repeat_random_states.py,"(1021, 9)",594,sequential_174,Dense 64 -> 16 -> 32 -> 64 -> 64 -> 32 -> 1,mse,adam_174,50,256,2.2252,100986.171875,4982.759765625,5285.9345703125,0.26043932831925076,0.7
2026-09-04 12:46:45,multi_repeat_random_states.py,"(1021, 9)",677,sequential_173,Dense 64 -> 16 -> 32 -> 64 -> 64 -> 32 -> 1,mse,adam_173,50,256,1.444,3197.62646484375,2932.6083984375,3055.220703125,0.5654790215840058,0.7
2026-09-04 12:46:45,multi_repeat_random_states.py,"(1021, 9)",510,sequential_174,Dense 64 -> 16 -> 32 -> 64 -> 64 -> 32 -> 1,mse,adam_174,50,256,1.3842,3987.206787109375,3211.860107421875,2901.25,0.5261587974840836,0.7
2026-09-04 12:46:46,multi_repeat_random_states.py,"(1021, 9)",594,sequential_174,Dense 64 -> 16 -> 32 -> 64 -> 64 -> 32 -> 1,mse,adam_174,50,256,1.3912,4966.3232421875,3126.908203125,3771.237548828125,0.47236216811398335,0.7
2026-09-04 12:46:47,multi_repeat_random_states.py,"(1021, 9)",678,sequential_174,Dense 64 -> 16 -> 32 -> 64 -> 64 -> 32 -> 1,mse,adam_174,50,256,2.2748,102170.890625,5259.6630859375,5469.53466796875,0.1981424932587107,0.7
2026-09-04 12:46:48,multi_repeat_random_states.py,"(1021, 9)",594,sequential_174,Dense 64 -> 16 -> 32 -> 64 -> 64 -> 32 -> 1,mse,adam_174,50,256,1.4326,3283.001953125,2822.40673828125,2971.9423828125,0.5841924222071635,0.7
2026-09-04 12:46:48,multi_repeat_random_states.py,"(1021, 9)",511,sequential_175,Dense 64 -> 16 -> 32 -> 64 -> 64 -> 32 -> 1,mse,adam_175,50,256,2.3281,32606.685546875,3474.4912109375,3138.2705078125,0.5187619203517386,0.7
2026-09-04 12:46:49,multi_repeat_random_states.py,"(1021, 9)",678,sequential_174,Dense 64 -> 16 -> 32 -> 64 -> 64 -> 32 -> 1,mse,adam_174,50,256,1.4221,5221.55908203125,3010.239501953125,3209.704833984375,0.5294433430453651,0.7
2026-09-04 12:46:50,multi_repeat_random_states.py,"(1021, 9)",511,sequential_175,Dense 64 -> 16 -> 32 -> 64 -> 64 -> 32 -> 1,mse,adam_175,50,256,1.4516,3345.00732421875,2978.51123046875,2630.690185546875,0.5965968186074095,0.7
2026-09-04 12:46:50,multi_repeat_random_states.py,"(1021, 9)",595,sequential_175,Dense 64 -> 16 -> 32 -> 64 -> 64 -> 32 -> 1,mse,adam_175,50,256,2.2401,45166.43359375,5392.7177734375,4473.845703125,0.29039890929379963,0.7
2026-09-04 12:46:50,multi_repeat_random_states.py,"(1021, 9)",678,sequential_174,Dense 64 -> 16 -> 32 -> 64 -> 64 -> 32 -> 1,mse,adam_174,50,256,1.4049,2981.3447265625,3267.585205078125,3169.554443359375,0.5353295411981017,0.7
2026-09-04 12:46:51,multi_repeat_random_states.py,"(1021, 9)",511,sequential_175,Dense 64 -> 16 -> 32 -> 64 -> 64 -> 32 -> 1,mse,adam_175,50,256,1.4199,2959.213623046875,3324.787109375,2775.3349609375,0.5744162453056672,0.7
2026-09-04 12:46:52,multi_repeat_random_states.py,"(1021, 9)",595,sequential_175,Dense 64 -> 16 -> 32 -> 64 -> 64 -> 32 -> 1,mse,adam_175,50,256,1.3919,5317.44677734375,3171.948486328125,3245.674072265625,0.4852004167432713,0.7
2026-09-04 12:46:53,multi_repeat_random_states.py,"(1021, 9)",679,sequential_175,Dense 64 -> 16 -> 32 -> 64 -> 64 -> 32 -> 1,mse,adam_175,50,256,2.2493,47187.0390625,4640.33056640625,4808.21533203125,0.3105925803357693,0.7
2026-09-04 12:46:53,multi_repeat_random_states.py,"(1021, 9)",595,sequential_175,Dense 64 -> 16 -> 32 -> 64 -> 64 -> 32 -> 1,mse,adam_175,50,256,1.4178,3313.409423828125,3264.8701171875,3135.584228515625,0.5026619016111153,0.7
2026-09-04 12:46:54,multi_repeat_random_states.py,"(1021, 9)",512,sequential_176,Dense 64 -> 16 -> 32 -> 64 -> 64 -> 32 -> 1,mse,adam_176,50,256,2.3092,36136.72265625,3115.199951171875,2550.298583984375,0.5962043513616012,0.7
2026-09-04 12:46:54,multi_repeat_random_states.py,"(1021, 9)",679,sequential_175,Dense 64 -> 16 -> 32 -> 64 -> 64 -> 32 -> 1,mse,adam_175,50,256,1.4049,4513.53955078125,3270.044677734375,3069.580078125,0.5598800811194993,0.7
2026-09-04 12:46:55,multi_repeat_random_states.py,"(1021, 9)",512,sequential_176,Dense 64 -> 16 -> 32 -> 64 -> 64 -> 32 -> 1,mse,adam_176,50,256,1.4045,3154.20361328125,3018.734130859375,2727.035888671875,0.5682210996497856,0.7
2026-09-04 12:46:56,multi_repeat_random_states.py,"(1021, 9)",596,sequential_176,Dense 64 -> 16 -> 32 -> 64 -> 64 -> 32 -> 1,mse,adam_176,50,256,2.2835,68355.171875,5554.3466796875,5858.7861328125,0.16682909395027845,0.7
2026-09-04 12:46:56,multi_repeat_random_states.py,"(1021, 9)",679,sequential_175,Dense 64 -> 16 -> 32 -> 64 -> 64 -> 32 -> 1,mse,adam_175,50,256,1.4206,3023.3291015625,3024.2099609375,3239.790283203125,0.535475108765641,0.7
2026-09-04 12:46:57,multi_repeat_random_states.py,"(1021, 9)",512,sequential_176,Dense 64 -> 16 -> 32 -> 64 -> 64 -> 32 -> 1,mse,adam_176,50,256,1.4423,3134.3046875,3010.559326171875,2535.8212890625,0.5984965053482509,0.7
2026-09-04 12:46:57,multi_repeat_random_states.py,"(1021, 9)",596,sequential_176,Dense 64 -> 16 -> 32 -> 64 -> 64 -> 32 -> 1,mse,adam_176,50,256,1.4868,5594.94921875,3272.552490234375,3392.228759765625,0.517595175874202,0.7
2026-09-04 12:46:58,multi_repeat_random_states.py,"(1021, 9)",680,sequential_176,Dense 64 -> 16 -> 32 -> 64 -> 64 -> 32 -> 1,mse,adam_176,50,256,2.2529,138960.421875,5577.0908203125,5385.85693359375,0.1601951585621194,0.7
2026-09-04 12:46:59,multi_repeat_random_states.py,"(1021, 9)",596,sequential_176,Dense 64 -> 16 -> 32 -> 64 -> 64 -> 32 -> 1,mse,adam_176,50,256,1.4374,3474.601318359375,2896.69873046875,3217.61865234375,0.5424262424769553,0.7
2026-09-04 12:46:59,multi_repeat_random_states.py,"(1021, 9)",513,sequential_177,Dense 64 -> 16 -> 32 -> 64 -> 64 -> 32 -> 1,mse,adam_177,50,256,2.2705,113228.4140625,5959.06640625,5582.5546875,0.1300439272847307,0.7
2026-09-04 12:47:00,multi_repeat_random_states.py,"(1021, 9)",680,sequential_176,Dense 64 -> 16 -> 32 -> 64 -> 64 -> 32 -> 1,mse,adam_176,50,256,1.4075,5504.4228515625,3076.03271484375,3040.873779296875,0.5258432077094524,0.7
2026-09-04 12:47:01,multi_repeat_random_states.py,"(1021, 9)",513,sequential_177,Dense 64 -> 16 -> 32 -> 64 -> 64 -> 32 -> 1,mse,adam_177,50,256,1.4023,5905.01416015625,3196.8701171875,2936.152587890625,0.542445383857425,0.7
2026-09-04 12:47:01,multi_repeat_random_states.py,"(1021, 9)",680,sequential_176,Dense 64 -> 16 -> 32 -> 64 -> 64 -> 32 -> 1,mse,adam_176,50,256,1.4033,2993.245849609375,2939.12744140625,2850.38671875,0.5555455104777449,0.7
2026-09-04 12:47:01,multi_repeat_random_states.py,"(1021, 9)",597,sequential_177,Dense 64 -> 16 -> 32 -> 64 -> 64 -> 32 -> 1,mse,adam_177,50,256,2.3191,70442.8203125,4210.9345703125,5010.2841796875,0.3199917936921002,0.7
2026-09-04 12:47:02,multi_repeat_random_states.py,"(1021, 9)",513,sequential_177,Dense 64 -> 16 -> 32 -> 64 -> 64 -> 32 -> 1,mse,adam_177,50,256,1.4194,3269.015625,3103.798583984375,2699.408447265625,0.5793384109610837,0.7
2026-09-04 12:47:03,multi_repeat_random_states.py,"(1021, 9)",597,sequential_177,Dense 64 -> 16 -> 32 -> 64 -> 64 -> 32 -> 1,mse,adam_177,50,256,1.4236,4169.04736328125,3360.30322265625,3190.8017578125,0.5669365102982297,0.7
2026-09-04 12:47:04,multi_repeat_random_states.py,"(1021, 9)",681,sequential_177,Dense 64 -> 16 -> 32 -> 64 -> 64 -> 32 -> 1,mse,adam_177,50,256,2.258,32617.173828125,4220.6201171875,2901.42236328125,0.5663475123414035,0.7
2026-09-04 12:47:04,multi_repeat_random_states.py,"(1021, 9)",597,sequential_177,Dense 64 -> 16 -> 32 -> 64 -> 64 -> 32 -> 1,mse,adam_177,50,256,1.4324,3195.653076171875,2979.674560546875,3531.777587890625,0.5206583681935946,0.7
2026-09-04 12:47:05,multi_repeat_random_states.py,"(1021, 9)",514,sequential_178,Dense 64 -> 16 -> 32 -> 64 -> 64 -> 32 -> 1,mse,adam_178,50,256,2.2775,322167.96875,6025.6865234375,6170.9228515625,0.15040130143307284,0.7
2026-09-04 12:47:05,multi_repeat_random_states.py,"(1021, 9)",681,sequential_177,Dense 64 -> 16 -> 32 -> 64 -> 64 -> 32 -> 1,mse,adam_177,50,256,1.3961,3725.50634765625,3210.08740234375,3193.839599609375,0.5226422375075432,0.7
2026-09-04 12:47:06,multi_repeat_random_states.py,"(1021, 9)",514,sequential_178,Dense 64 -> 16 -> 32 -> 64 -> 64 -> 32 -> 1,mse,adam_178,50,256,1.4371,6008.75439453125,4576.3076171875,4742.00244140625,0.3471316810839551,0.7
2026-09-04 12:47:07,multi_repeat_random_states.py,"(1021, 9)",681,sequential_177,Dense 64 -> 16 -> 32 -> 64 -> 64 -> 32 -> 1,mse,adam_177,50,256,1.395,3249.36669921875,2982.663818359375,2719.593994140625,0.5935239098804074,0.7
2026-09-04 12:47:07,multi_repeat_random_states.py,"(1021, 9)",598,sequential_178,Dense 64 -> 16 -> 32 -> 64 -> 64 -> 32 -> 1,mse,adam_178,50,256,2.23,103615.4921875,5929.6181640625,5236.0986328125,0.20009686357068301,0.7
2026-09-04 12:47:08,multi_repeat_random_states.py,"(1021, 9)",514,sequential_178,Dense 64 -> 16 -> 32 -> 64 -> 64 -> 32 -> 1,mse,adam_178,50,256,1.3847,4452.76318359375,2945.4228515625,3206.4736328125,0.5585399057005842,0.7
2026-09-04 12:47:08,multi_repeat_random_states.py,"(1021, 9)",598,sequential_178,Dense 64 -> 16 -> 32 -> 64 -> 64 -> 32 -> 1,mse,adam_178,50,256,1.4513,5904.16162109375,3203.885009765625,2557.64892578125,0.6092756705849582,0.7
2026-09-04 12:47:09,multi_repeat_random_states.py,"(1021, 9)",682,sequential_178,Dense 64 -> 16 -> 32 -> 64 -> 64 -> 32 -> 1,mse,adam_178,50,256,2.2814,299443.03125,5947.2109375,5997.94287109375,0.09889087220803106,0.7
2026-09-04 12:47:10,multi_repeat_random_states.py,"(1021, 9)",598,sequential_178,Dense 64 -> 16 -> 32 -> 64 -> 64 -> 32 -> 1,mse,adam_178,50,256,1.4515,3109.328125,3382.5126953125,3767.52880859375,0.42444594492950005,0.7
2026-09-04 12:47:10,multi_repeat_random_states.py,"(1021, 9)",515,sequential_179,Dense 64 -> 16 -> 32 -> 64 -> 64 -> 32 -> 1,mse,adam_179,50,256,2.2556,37653.89453125,3456.080810546875,3627.106201171875,0.4507976169329756,0.7
2026-09-04 12:47:11,multi_repeat_random_states.py,"(1021, 9)",682,sequential_178,Dense 64 -> 16 -> 32 -> 64 -> 64 -> 32 -> 1,mse,adam_178,50,256,1.4471,5920.60400390625,3515.64013671875,3167.64794921875,0.5241040403282171,0.7
2026-09-04 12:47:12,multi_repeat_random_states.py,"(1021, 9)",515,sequential_179,Dense 64 -> 16 -> 32 -> 64 -> 64 -> 32 -> 1,mse,adam_179,50,256,1.3885,3387.323486328125,2844.00244140625,2974.603759765625,0.5495969685502193,0.7
2026-09-04 12:47:12,multi_repeat_random_states.py,"(1021, 9)",682,sequential_178,Dense 64 -> 16 -> 32 -> 64 -> 64 -> 32 -> 1,mse,adam_178,50,256,1.4513,3429.713623046875,3268.908935546875,2575.634765625,0.6130459258349339,0.7
2026-09-04 12:47:13,multi_repeat_random_states.py,"(1021, 9)",599,sequential_179,Dense 64 -> 16 -> 32 -> 64 -> 64 -> 32 -> 1,mse,adam_179,50,256,2.2858,29239.98828125,4021.125244140625,5130.0673828125,0.32392875084061346,0.7
2026-09-04 12:47:13,multi_repeat_random_states.py,"(1021, 9)",515,sequential_179,Dense 64 -> 16 -> 32 -> 64 -> 64 -> 32 -> 1,mse,adam_179,50,256,1.4243,2953.174560546875,2833.02685546875,2855.7431640625,0.5675943810679035,0.7
2026-09-04 12:47:14,multi_repeat_random_states.py,"(1021, 9)",599,sequential_179,Dense 64 -> 16 -> 32 -> 64 -> 64 -> 32 -> 1,mse,adam_179,50,256,1.4214,3818.625244140625,2808.78857421875,3450.866455078125,0.5452239247199042,0.7
2026-09-04 12:47:15,multi_repeat_random_states.py,"(1021, 9)",683,sequential_179,Dense 64 -> 16 -> 32 -> 64 -> 64 -> 32 -> 1,mse,adam_179,50,256,2.3087,202802.765625,6285.02294921875,5917.6171875,0.1252814674004048,0.7
2026-09-04 12:47:16,multi_repeat_random_states.py,"(1021, 9)",599,sequential_179,Dense 64 -> 16 -> 32 -> 64 -> 64 -> 32 -> 1,mse,adam_179,50,256,1.3984,2671.871337890625,2714.940185546875,3721.8349609375,0.5095141173739057,0.7
2026-09-04 12:47:16,multi_repeat_random_states.py,"(1021, 9)",516,sequential_180,Dense 64 -> 16 -> 32 -> 64 -> 64 -> 32 -> 1,mse,adam_180,50,256,2.2606,41008.09375,5546.87451171875,5269.75439453125,0.15931989329737561,0.7
2026-09-04 12:47:17,multi_repeat_random_states.py,"(1021, 9)",683,sequential_179,Dense 64 -> 16 -> 32 -> 64 -> 64 -> 32 -> 1,mse,adam_179,50,256,1.4365,6259.89599609375,3832.556884765625,3603.37841796875,0.46736293996010336,0.7
2026-09-04 12:47:17,multi_repeat_random_states.py,"(1021, 9)",516,sequential_180,Dense 64 -> 16 -> 32 -> 64 -> 64 -> 32 -> 1,mse,adam_180,50,256,1.4408,5484.904296875,3495.2431640625,3469.222412109375,0.44655754846786566,0.7
2026-09-04 12:47:18,multi_repeat_random_states.py,"(1021, 9)",600,sequential_180,Dense 64 -> 16 -> 32 -> 64 -> 64 -> 32 -> 1,mse,adam_180,50,256,2.2202,39870.08984375,3553.35595703125,3662.5595703125,0.49734363957788785,0.7
2026-09-04 12:47:18,multi_repeat_random_states.py,"(1021, 9)",683,sequential_179,Dense 64 -> 16 -> 32 -> 64 -> 64 -> 32 -> 1,mse,adam_179,50,256,1.4592,3729.947509765625,2918.112060546875,2880.28173828125,0.5742482450958063,0.7
2026-09-04 12:47:19,multi_repeat_random_states.py,"(1021, 9)",516,sequential_180,Dense 64 -> 16 -> 32 -> 64 -> 64 -> 32 -> 1,mse,adam_180,50,256,1.3815,3383.798095703125,2922.814697265625,2892.7578125,0.5385205050277099,0.7
2026-09-04 12:47:20,multi_repeat_random_states.py,"(1021, 9)",600,sequential_180,Dense 64 -> 16 -> 32 -> 64 -> 64 -> 32 -> 1,mse,adam_180,50,256,1.3754,3304.908935546875,2870.05810546875,3063.39013671875,0.5795747734416195,0.7
2026-09-04 12:47:21,multi_repeat_random_states.py,"(1021, 9)",684,sequential_180,Dense 64 -> 16 -> 32 -> 64 -> 64 -> 32 -> 1,mse,adam_180,50,256,2.2534,20298.541015625,4040.249755859375,5633.59765625,0.11875015921370458,0.7
2026-09-04 12:47:21,multi_repeat_random_states.py,"(1021, 9)",600,sequential_180,Dense 64 -> 16 -> 32 -> 64 -> 64 -> 32 -> 1,mse,adam_180,50,256,1.4612,3037.642578125,3069.0087890625,3052.699462890625,0.5810419460151129,0.7
2026-09-04 12:47:21,multi_repeat_random_states.py,"(1021, 9)",517,sequential_181,Dense 64 -> 16 -> 32 -> 64 -> 64 -> 32 -> 1,mse,adam_181,50,256,2.2885,201610.53125,5833.98876953125,6170.95703125,0.044156652620375825,0.7
2026-09-04 12:47:22,multi_repeat_random_states.py,"(1021, 9)",684,sequential_180,Dense 64 -> 16 -> 32 -> 64 -> 64 -> 32 -> 1,mse,adam_180,50,256,1.4404,4466.30322265625,3099.192138671875,2707.544189453125,0.5764655257075251,0.7
2026-09-04 12:47:23,multi_repeat_random_states.py,"(1021, 9)",517,sequential_181,Dense 64 -> 16 -> 32 -> 64 -> 64 -> 32 -> 1,mse,adam_181,50,256,1.391,5831.201171875,4668.79541015625,4781.66455078125,0.25934951464069056,0.7
2026-09-04 12:47:24,multi_repeat_random_states.py,"(1021, 9)",601,sequential_181,Dense 64 -> 16 -> 32 -> 64 -> 64 -> 32 -> 1,mse,adam_181,50,256,2.2472,60011.0078125,4928.3955078125,4566.1611328125,0.2692772908111498,0.7
2026-09-04 12:47:24,multi_repeat_random_states.py,"(1021, 9)",684,sequential_180,Dense 64 -> 16 -> 32 -> 64 -> 64 -> 32 -> 1,mse,adam_180,50,256,1.3992,3124.376708984375,3025.899658203125,3003.773681640625,0.5301270584829253,0.7
2026-09-04 12:47:24,multi_repeat_random_states.py,"(1021, 9)",517,sequential_181,Dense 64 -> 16 -> 32 -> 64 -> 64 -> 32 -> 1,mse,adam_181,50,256,1.4207,4631.724609375,3058.107666015625,3156.025634765625,0.5111509567499788,0.7
2026-09-04 12:47:25,multi_repeat_random_states.py,"(1021, 9)",601,sequential_181,Dense 64 -> 16 -> 32 -> 64 -> 64 -> 32 -> 1,mse,adam_181,50,256,1.4142,4797.06787109375,3088.33251953125,3418.944580078125,0.4528663646447687,0.7
2026-09-04 12:47:26,multi_repeat_random_states.py,"(1021, 9)",685,sequential_181,Dense 64 -> 16 -> 32 -> 64 -> 64 -> 32 -> 1,mse,adam_181,50,256,2.25,55408.609375,4561.31005859375,3419.296630859375,0.42953085941417846,0.7
2026-09-04 12:47:27,multi_repeat_random_states.py,"(1021, 9)",601,sequential_181,Dense 64 -> 16 -> 32 -> 64 -> 64 -> 32 -> 1,mse,adam_181,50,256,1.4142,3148.607177734375,2848.611572265625,2771.6201171875,0.5564577089454157,0.7
2026-09-04 12:47:27,multi_repeat_random_states.py,"(1021, 9)",518,sequential_182,Dense 64 -> 16 -> 32 -> 64 -> 64 -> 32 -> 1,mse,adam_182,50,256,2.2862,107888.296875,5569.96533203125,5697.51025390625,0.1821282757714966,0.7
2026-09-04 12:47:28,multi_repeat_random_states.py,"(1021, 9)",685,sequential_181,Dense 64 -> 16 -> 32 -> 64 -> 64 -> 32 -> 1,mse,adam_181,50,256,1.4058,4187.2783203125,3022.293701171875,2747.198974609375,0.5416624232715334,0.7
2026-09-04 12:47:29,multi_repeat_random_states.py,"(1021, 9)",518,sequential_182,Dense 64 -> 16 -> 32 -> 64 -> 64 -> 32 -> 1,mse,adam_182,50,256,1.4054,5521.93701171875,3083.287353515625,3198.678466796875,0.5408329969791275,0.7
2026-09-04 12:47:29,multi_repeat_random_states.py,"(1021, 9)",685,sequential_181,Dense 64 -> 16 -> 32 -> 64 -> 64 -> 32 -> 1,mse,adam_181,50,256,1.3992,3066.22607421875,3017.410888671875,2859.20947265625,0.5229748048546983,0.7
2026-09-04 12:47:29,multi_repeat_random_states.py,"(1021, 9)",602,sequential_182,Dense 64 -> 16 -> 32 -> 64 -> 64 -> 32 -> 1,mse,adam_182,50,256,2.3017,115053.9296875,5488.2548828125,5446.6376953125,0.19139145849071504,0.7
2026-09-04 12:47:30,multi_repeat_random_states.py,"(1021, 9)",518,sequential_182,Dense 64 -> 16 -> 32 -> 64 -> 64 -> 32 -> 1,mse,adam_182,50,256,1.379,3067.981201171875,3375.205078125,3914.159423828125,0.438126417779089,0.7
2026-09-04 12:47:31,multi_repeat_random_states.py,"(1021, 9)",602,sequential_182,Dense 64 -> 16 -> 32 -> 64 -> 64 -> 32 -> 1,mse,adam_182,50,256,1.4073,5452.9541015625,2945.938232421875,2871.6708984375,0.5736712677751232,0.7
2026-09-04 12:47:32,multi_repeat_random_states.py,"(1021, 9)",686,sequential_182,Dense 64 -> 16 -> 32 -> 64 -> 64 -> 32 -> 1,mse,adam_182,50,256,2.2988,46288.03515625,3418.6103515625,3317.101318359375,0.5136682730341808,0.7
2026-09-04 12:47:32,multi_repeat_random_states.py,"(1021, 9)",602,sequential_182,Dense 64 -> 16 -> 32 -> 64 -> 64 -> 32 -> 1,mse,adam_182,50,256,1.413,2952.085205078125,3125.967041015625,2828.4267578125,0.5800914017517471,0.7
2026-09-04 12:47:33,multi_repeat_random_states.py,"(1021, 9)",519,sequential_183,Dense 64 -> 16 -> 32 -> 64 -> 64 -> 32 -> 1,mse,adam_183,50,256,2.2616,25806.669921875,4504.048828125,4604.6298828125,0.3482051011351498,0.7
2026-09-04 12:47:33,multi_repeat_random_states.py,"(1021, 9)",686,sequential_182,Dense 64 -> 16 -> 32 -> 64 -> 64 -> 32 -> 1,mse,adam_182,50,256,1.4623,3315.593017578125,3404.080322265625,3093.2685546875,0.546485196279646,0.7
2026-09-04 12:47:34,multi_repeat_random_states.py,"(1021, 9)",519,sequential_183,Dense 64 -> 16 -> 32 -> 64 -> 64 -> 32 -> 1,mse,adam_183,50,256,1.3836,4364.12158203125,2974.6748046875,2675.509521484375,0.621276172649147,0.7
2026-09-04 12:47:35,multi_repeat_random_states.py,"(1021, 9)",603,sequential_183,Dense 64 -> 16 -> 32 -> 64 -> 64 -> 32 -> 1,mse,adam_183,50,256,2.296,44750.95703125,4271.08203125,5420.734375,0.29654483225758876,0.7
2026-09-04 12:47:35,multi_repeat_random_states.py,"(1021, 9)",686,sequential_182,Dense 64 -> 16 -> 32 -> 64 -> 64 -> 32 -> 1,mse,adam_182,50,256,1.4505,3631.599365234375,2926.275390625,2670.4765625,0.608472204227527,0.7
2026-09-04 12:47:36,multi_repeat_random_states.py,"(1021, 9)",519,sequential_183,Dense 64 -> 16 -> 32 -> 64 -> 64 -> 32 -> 1,mse,adam_183,50,256,1.3868,2989.484375,2940.03857421875,2627.24609375,0.6281079385645147,0.7
2026-09-04 12:47:36,multi_repeat_random_states.py,"(1021, 9)",603,sequential_183,Dense 64 -> 16 -> 32 -> 64 -> 64 -> 32 -> 1,mse,adam_183,50,256,1.3744,4381.7529296875,3411.134033203125,4149.82666015625,0.4614720141275679,0.7
2026-09-04 12:47:37,multi_repeat_random_states.py,"(1021, 9)",687,sequential_183,Dense 64 -> 16 -> 32 -> 64 -> 64 -> 32 -> 1,mse,adam_183,50,256,2.2693,25004.8125,4070.5078125,4459.8271484375,0.3381509981272912,0.7
2026-09-04 12:47:38,multi_repeat_random_states.py,"(1021, 9)",603,sequential_183,Dense 64 -> 16 -> 32 -> 64 -> 64 -> 32 -> 1,mse,adam_183,50,256,1.4759,3393.18994140625,2895.800537109375,3002.16162109375,0.6104059450119381,0.7
2026-09-04 12:47:38,multi_repeat_random_states.py,"(1021, 9)",520,sequential_184,Dense 64 -> 16 -> 32 -> 64 -> 64 -> 32 -> 1,mse,adam_184,50,256,2.2952,26710.376953125,3824.361572265625,3501.226318359375,0.47463101394804674,0.7
2026-09-04 12:47:39,multi_repeat_random_states.py,"(1021, 9)",687,sequential_183,Dense 64 -> 16 -> 32 -> 64 -> 64 -> 32 -> 1,mse,adam_183,50,256,1.43,4021.54736328125,3170.88232421875,2881.1484375,0.572430713831124,0.7
2026-09-04 12:47:40,multi_repeat_random_states.py,"(1021, 9)",520,sequential_184,Dense 64 -> 16 -> 32 -> 64 -> 64 -> 32 -> 1,mse,adam_184,50,256,1.3981,3586.3564453125,3029.10107421875,2677.2177734375,0.5982758541287605,0.7
2026-09-04 12:47:40,multi_repeat_random_states.py,"(1021, 9)",604,sequential_184,Dense 64 -> 16 -> 32 -> 64 -> 64 -> 32 -> 1,mse,adam_184,50,256,2.242,21936.09765625,2974.03955078125,3334.21630859375,0.5615123596006729,0.7
2026-09-04 12:47:40,multi_repeat_random_states.py,"(1021, 9)",687,sequential_183,Dense 64 -> 16 -> 32 -> 64 -> 64 -> 32 -> 1,mse,adam_183,50,256,1.3966,3077.34912109375,2860.003662109375,2735.769775390625,0.594005211526546,0.7
2026-09-04 12:47:41,multi_repeat_random_states.py,"(1021, 9)",520,sequential_184,Dense 64 -> 16 -> 32 -> 64 -> 64 -> 32 -> 1,mse,adam_184,50,256,1.4038,2942.797119140625,3024.592529296875,2665.884765625,0.59997635779011,0.7
2026-09-04 12:47:42,multi_repeat_random_states.py,"(1021, 9)",604,sequential_184,Dense 64 -> 16 -> 32 -> 64 -> 64 -> 32 -> 1,mse,adam_184,50,256,1.4255,2970.99853515625,2832.05615234375,3374.278076171875,0.5562438072119406,0.7
2026-09-04 12:47:43,multi_repeat_random_states.py,"(1021, 9)",688,sequential_184,Dense 64 -> 16 -> 32 -> 64 -> 64 -> 32 -> 1,mse,adam_184,50,256,2.2392,43864.08984375,3725.49755859375,3658.877197265625,0.46945706073076365,0.7
2026-09-04 12:47:43,multi_repeat_random_states.py,"(1021, 9)",604,sequential_184,Dense 64 -> 16 -> 32 -> 64 -> 64 -> 32 -> 1,mse,adam_184,50,256,1.4204,2939.71533203125,2804.87451171875,3026.35693359375,0.6019993858016429,0.7
2026-09-04 12:47:44,multi_repeat_random_states.py,"(1021, 9)",521,sequential_185,Dense 64 -> 16 -> 32 -> 64 -> 64 -> 32 -> 1,mse,adam_185,50,256,2.3157,32856.04296875,4499.71435546875,4876.01953125,0.324197882238611,0.7
2026-09-04 12:47:45,multi_repeat_random_states.py,"(1021, 9)",688,sequential_184,Dense 64 -> 16 -> 32 -> 64 -> 64 -> 32 -> 1,mse,adam_184,50,256,1.4573,3680.508056640625,3123.932861328125,3281.59814453125,0.5241631061894643,0.7
2026-09-04 12:47:45,multi_repeat_random_states.py,"(1021, 9)",521,sequential_185,Dense 64 -> 16 -> 32 -> 64 -> 64 -> 32 -> 1,mse,adam_185,50,256,1.3874,4455.11279296875,2815.146728515625,3079.396728515625,0.5732045705253254,0.7
2026-09-04 12:47:46,multi_repeat_random_states.py,"(1021, 9)",605,sequential_185,Dense 64 -> 16 -> 32 -> 64 -> 64 -> 32 -> 1,mse,adam_185,50,256,2.2298,84544.765625,5212.5126953125,5383.126953125,0.25459070657547056,0.7
2026-09-04 12:47:46,multi_repeat_random_states.py,"(1021, 9)",688,sequential_184,Dense 64 -> 16 -> 32 -> 64 -> 64 -> 32 -> 1,mse,adam_184,50,256,1.4526,3118.508544921875,2932.234375,3069.631103515625,0.5548985928565061,0.7
2026-09-04 12:47:47,multi_repeat_random_states.py,"(1021, 9)",521,sequential_185,Dense 64 -> 16 -> 32 -> 64 -> 64 -> 32 -> 1,mse,adam_185,50,256,1.4631,2802.69287109375,2802.4072265625,3018.31298828125,0.5816705981249699,0.7
2026-09-04 12:47:47,multi_repeat_random_states.py,"(1021, 9)",605,sequential_185,Dense 64 -> 16 -> 32 -> 64 -> 64 -> 32 -> 1,mse,adam_185,50,256,1.4322,5127.13525390625,2960.70166015625,3040.00390625,0.5790463126411605,0.7
2026-09-04 12:47:49,multi_repeat_random_states.py,"(1021, 9)",689,sequential_185,Dense 64 -> 16 -> 32 -> 64 -> 64 -> 32 -> 1,mse,adam_185,50,256,2.2529,55791.2734375,4212.87939453125,4324.4404296875,0.33351912738528044,0.7
2026-09-04 12:47:49,multi_repeat_random_states.py,"(1021, 9)",605,sequential_185,Dense 64 -> 16 -> 32 -> 64 -> 64 -> 32 -> 1,mse,adam_185,50,256,1.5094,2899.98876953125,2845.891357421875,2987.444580078125,0.5863242026026284,0.7
2026-09-04 12:47:49,multi_repeat_random_states.py,"(1021, 9)",522,sequential_186,Dense 64 -> 16 -> 32 -> 64 -> 64 -> 32 -> 1,mse,adam_186,50,256,2.2591,78605.296875,5568.13427734375,5951.84228515625,0.13043065833953893,0.7
2026-09-04 12:47:50,multi_repeat_random_states.py,"(1021, 9)",689,sequential_185,Dense 64 -> 16 -> 32 -> 64 -> 64 -> 32 -> 1,mse,adam_185,50,256,1.4492,3999.37890625,3330.50732421875,2784.283935546875,0.570887328895445,0.7
2026-09-04 12:47:51,multi_repeat_random_states.py,"(1021, 9)",522,sequential_186,Dense 64 -> 16 -> 32 -> 64 -> 64 -> 32 -> 1,mse,adam_186,50,256,1.428,5570.33544921875,2989.255615234375,2917.362060546875,0.5737709415723775,0.7
2026-09-04 12:47:52,multi_repeat_random_states.py,"(1021, 9)",606,sequential_186,Dense 64 -> 16 -> 32 -> 64 -> 64 -> 32 -> 1,mse,adam_186,50,256,2.25,28606.08984375,5707.74853515625,6118.70166015625,0.11715620412193084,0.7
2026-09-04 12:47:52,multi_repeat_random_states.py,"(1021, 9)",689,sequential_185,Dense 64 -> 16 -> 32 -> 64 -> 64 -> 32 -> 1,mse,adam_185,50,256,1.4491,3015.37548828125,2872.09619140625,2730.115966796875,0.5792357259781208,0.7
2026-09-04 12:47:52,multi_repeat_random_states.py,"(1021, 9)",522,sequential_186,Dense 64 -> 16 -> 32 -> 64 -> 64 -> 32 -> 1,mse,adam_186,50,256,1.4397,2975.99267578125,2952.909912109375,2943.68212890625,0.5699255499641006,0.7
2026-09-04 12:47:53,multi_repeat_random_states.py,"(1021, 9)",606,sequential_186,Dense 64 -> 16 -> 32 -> 64 -> 64 -> 32 -> 1,mse,adam_186,50,256,1.4397,5714.78955078125,2818.607177734375,3190.259765625,0.5396897699517398,0.7
2026-09-04 12:47:54,multi_repeat_random_states.py,"(1021, 9)",690,sequential_186,Dense 64 -> 16 -> 32 -> 64 -> 64 -> 32 -> 1,mse,adam_186,50,256,2.2836,42720.125,4906.23974609375,4128.3271484375,0.3473994761598894,0.7
2026-09-04 12:47:55,multi_repeat_random_states.py,"(1021, 9)",606,sequential_186,Dense 64 -> 16 -> 32 -> 64 -> 64 -> 32 -> 1,mse,adam_186,50,256,1.4229,2849.01220703125,2775.14208984375,3002.750244140625,0.5667448077488553,0.7
2026-09-04 12:47:55,multi_repeat_random_states.py,"(1021, 9)",523,sequential_187,Dense 64 -> 16 -> 32 -> 64 -> 64 -> 32 -> 1,mse,adam_187,50,256,2.2888,32356.681640625,4765.6943359375,4804.8583984375,0.3165954143798645,0.7
2026-09-04 12:47:56,multi_repeat_random_states.py,"(1021, 9)",690,sequential_186,Dense 64 -> 16 -> 32 -> 64 -> 64 -> 32 -> 1,mse,adam_186,50,256,1.4173,4845.43310546875,3482.882080078125,2387.913818359375,0.6225217154023726,0.7
2026-09-04 12:47:56,multi_repeat_random_states.py,"(1021, 9)",523,sequential_187,Dense 64 -> 16 -> 32 -> 64 -> 64 -> 32 -> 1,mse,adam_187,50,256,1.39,4347.3798828125,3302.279052734375,3221.26220703125,0.5418334692773793,0.7
2026-09-04 12:47:57,multi_repeat_random_states.py,"(1021, 9)",607,sequential_187,Dense 64 -> 16 -> 32 -> 64 -> 64 -> 32 -> 1,mse,adam_187,50,256,2.2959,21083.630859375,4088.5556640625,5462.3896484375,0.23378327702355695,0.7
2026-09-04 12:47:57,multi_repeat_random_states.py,"(1021, 9)",690,sequential_186,Dense 64 -> 16 -> 32 -> 64 -> 64 -> 32 -> 1,mse,adam_186,50,256,1.4104,3148.943603515625,3134.806884765625,2279.295166015625,0.6396920434940445,0.7
2026-09-04 12:47:58,multi_repeat_random_states.py,"(1021, 9)",523,sequential_187,Dense 64 -> 16 -> 32 -> 64 -> 64 -> 32 -> 1,mse,adam_187,50,256,1.3964,3061.58544921875,2915.6865234375,3413.243408203125,0.5145276518939457,0.7
2026-09-04 12:47:59,multi_repeat_random_states.py,"(1021, 9)",607,sequential_187,Dense 64 -> 16 -> 32 -> 64 -> 64 -> 32 -> 1,mse,adam_187,50,256,1.3845,3993.833740234375,2846.474609375,2964.068115234375,0.5842261377598856,0.7
2026-09-04 12:48:00,multi_repeat_random_states.py,"(1021, 9)",691,sequential_187,Dense 64 -> 16 -> 32 -> 64 -> 64 -> 32 -> 1,mse,adam_187,50,256,2.2328,32090.724609375,3383.341064453125,3867.1474609375,0.35176540703604375,0.7
2026-09-04 12:48:00,multi_repeat_random_states.py,"(1021, 9)",607,sequential_187,Dense 64 -> 16 -> 32 -> 64 -> 64 -> 32 -> 1,mse,adam_187,50,256,1.4626,2788.318115234375,2812.99658203125,3033.123779296875,0.5745396455095197,0.7
2026-09-04 12:48:00,multi_repeat_random_states.py,"(1021, 9)",524,sequential_188,Dense 64 -> 16 -> 32 -> 64 -> 64 -> 32 -> 1,mse,adam_188,50,256,2.2995,26630.181640625,4172.92822265625,3436.51025390625,0.4099941594626134,0.7
2026-09-04 12:48:01,multi_repeat_random_states.py,"(1021, 9)",691,sequential_187,Dense 64 -> 16 -> 32 -> 64 -> 64 -> 32 -> 1,mse,adam_187,50,256,1.484,3875.281494140625,3140.916748046875,2913.929443359375,0.5115495541946062,0.7
2026-09-04 12:48:02,multi_repeat_random_states.py,"(1021, 9)",524,sequential_188,Dense 64 -> 16 -> 32 -> 64 -> 64 -> 32 -> 1,mse,adam_188,50,256,1.4306,3964.55615234375,3138.408447265625,2684.560791015625,0.5390944510008657,0.7
2026-09-04 12:48:03,multi_repeat_random_states.py,"(1021, 9)",608,sequential_188,Dense 64 -> 16 -> 32 -> 64 -> 64 -> 32 -> 1,mse,adam_188,50,256,2.2417,36432.51171875,3597.301513671875,3247.28369140625,0.5209327508533637,0.7
2026-09-04 12:48:03,multi_repeat_random_states.py,"(1021, 9)",691,sequential_187,Dense 64 -> 16 -> 32 -> 64 -> 64 -> 32 -> 1,mse,adam_187,50,256,1.401,3277.990234375,2971.09130859375,2632.821044921875,0.558670686160218,0.7
2026-09-04 12:48:03,multi_repeat_random_states.py,"(1021, 9)",524,sequential_188,Dense 64 -> 16 -> 32 -> 64 -> 64 -> 32 -> 1,mse,adam_188,50,256,1.3918,3252.2998046875,2918.604736328125,2648.205810546875,0.5453362021900179,0.7
2026-09-04 12:48:04,multi_repeat_random_states.py,"(1021, 9)",608,sequential_188,Dense 64 -> 16 -> 32 -> 64 -> 64 -> 32 -> 1,mse,adam_188,50,256,1.4321,3628.299072265625,2951.81201171875,2766.44482421875,0.591870212633298,0.7
2026-09-04 12:48:05,multi_repeat_random_states.py,"(1021, 9)",692,sequential_188,Dense 64 -> 16 -> 32 -> 64 -> 64 -> 32 -> 1,mse,adam_188,50,256,2.2225,24822.787109375,4533.31689453125,4870.22607421875,0.3570569802757011,0.7
2026-09-04 12:48:06,multi_repeat_random_states.py,"(1021, 9)",608,sequential_188,Dense 64 -> 16 -> 32 -> 64 -> 64 -> 32 -> 1,mse,adam_188,50,256,1.4933,2906.001953125,2903.3134765625,2723.7216796875,0.5981730727134532,0.7
2026-09-04 12:48:06,multi_repeat_random_states.py,"(1021, 9)",525,sequential_189,Dense 64 -> 16 -> 32 -> 64 -> 64 -> 32 -> 1,mse,adam_189,50,256,2.2634,227971.203125,6374.6591796875,6327.29296875,0.04333422564780487,0.7
2026-09-04 12:48:07,multi_repeat_random_states.py,"(1021, 9)",692,sequential_188,Dense 64 -> 16 -> 32 -> 64 -> 64 -> 32 -> 1,mse,adam_188,50,256,1.4163,4564.59423828125,2903.662841796875,3204.206298828125,0.5769965990126984,0.7
2026-09-04 12:48:07,multi_repeat_random_states.py,"(1021, 9)",525,sequential_189,Dense 64 -> 16 -> 32 -> 64 -> 64 -> 32 -> 1,mse,adam_189,50,256,1.3957,6372.55810546875,5130.57421875,4950.32177734375,0.2515276822703272,0.7
2026-09-04 12:48:08,multi_repeat_random_states.py,"(1021, 9)",692,sequential_188,Dense 64 -> 16 -> 32 -> 64 -> 64 -> 32 -> 1,mse,adam_188,50,256,1.4039,2845.02392578125,3041.2958984375,3656.737060546875,0.5172557406582698,0.7
2026-09-04 12:48:08,multi_repeat_random_states.py,"(1021, 9)",609,sequential_189,Dense 64 -> 16 -> 32 -> 64 -> 64 -> 32 -> 1,mse,adam_189,50,256,2.2815,42614.01171875,5657.328125,6707.75390625,0.12872693905714394,0.7
2026-09-04 12:48:09,multi_repeat_random_states.py,"(1021, 9)",525,sequential_189,Dense 64 -> 16 -> 32 -> 64 -> 64 -> 32 -> 1,mse,adam_189,50,256,1.4821,5074.99658203125,3010.921630859375,3320.159912109375,0.49800283482618546,0.7
2026-09-04 12:48:10,multi_repeat_random_states.py,"(1021, 9)",609,sequential_189,Dense 64 -> 16 -> 32 -> 64 -> 64 -> 32 -> 1,mse,adam_189,50,256,1.4125,5620.203125,3230.142578125,3217.160400390625,0.5821216449644586,0.7
2026-09-04 12:48:11,multi_repeat_random_states.py,"(1021, 9)",693,sequential_189,Dense 64 -> 16 -> 32 -> 64 -> 64 -> 32 -> 1,mse,adam_189,50,256,2.2888,247104.671875,5877.4873046875,6316.36767578125,0.11818834052123428,0.7
2026-09-04 12:48:12,multi_repeat_random_states.py,"(1021, 9)",609,sequential_189,Dense 64 -> 16 -> 32 -> 64 -> 64 -> 32 -> 1,mse,adam_189,50,256,1.4863,2984.45166015625,2746.615966796875,2992.682373046875,0.6112792199766011,0.7
2026-09-04 12:48:13,multi_repeat_random_states.py,"(1021, 9)",693,sequential_189,Dense 64 -> 16 -> 32 -> 64 -> 64 -> 32 -> 1,mse,adam_189,50,256,1.5112,5869.15625,4768.388671875,5155.0146484375,0.2803216914737585,0.7
2026-09-04 12:48:13,multi_repeat_random_states.py,"(1021, 9)",526,sequential_190,Dense 64 -> 16 -> 32 -> 64 -> 64 -> 32 -> 1,mse,adam_190,50,256,4.0464,38696.52734375,4720.87548828125,4205.537109375,0.32624299244627786,0.7
2026-09-04 12:48:14,multi_repeat_random_states.py,"(1021, 9)",693,sequential_189,Dense 64 -> 16 -> 32 -> 64 -> 64 -> 32 -> 1,mse,adam_189,50,256,1.4429,4715.37109375,2928.897216796875,3142.670654296875,0.5612598816154732,0.7
2026-09-04 12:48:15,multi_repeat_random_states.py,"(1021, 9)",526,sequential_190,Dense 64 -> 16 -> 32 -> 64 -> 64 -> 32 -> 1,mse,adam_190,50,256,1.4241,4530.95263671875,2872.02490234375,2931.051025390625,0.5304247390619825,0.7
2026-09-04 12:48:16,multi_repeat_random_states.py,"(1021, 9)",610,sequential_190,Dense 64 -> 16 -> 32 -> 64 -> 64 -> 32 -> 1,mse,adam_190,50,256,4.1292,23346.109375,3444.044189453125,3157.089111328125,0.526759544164027,0.7
2026-09-04 12:48:16,multi_repeat_random_states.py,"(1021, 9)",526,sequential_190,Dense 64 -> 16 -> 32 -> 64 -> 64 -> 32 -> 1,mse,adam_190,50,256,1.4761,2800.610107421875,3003.045654296875,2908.61865234375,0.5340185067592018,0.7
2026-09-04 12:48:17,multi_repeat_random_states.py,"(1021, 9)",610,sequential_190,Dense 64 -> 16 -> 32 -> 64 -> 64 -> 32 -> 1,mse,adam_190,50,256,1.4644,3495.968017578125,2977.421875,2862.6513671875,0.5708951119475547,0.7
2026-09-04 12:48:18,multi_repeat_random_states.py,"(1021, 9)",694,sequential_190,Dense 64 -> 16 -> 32 -> 64 -> 64 -> 32 -> 1,mse,adam_190,50,256,4.0578,61115.390625,4330.09521484375,4283.7900390625,0.3747603728303234,0.7
2026-09-04 12:48:19,multi_repeat_random_states.py,"(1021, 9)",610,sequential_190,Dense 64 -> 16 -> 32 -> 64 -> 64 -> 32 -> 1,mse,adam_190,50,256,1.4068,2966.429931640625,2967.3623046875,2704.832763671875,0.5945517514431828,0.7
2026-09-04 12:48:19,multi_repeat_random_states.py,"(1021, 9)",527,sequential_191,Dense 64 -> 16 -> 32 -> 64 -> 64 -> 32 -> 1,mse,adam_191,50,256,2.2948,76687.8828125,5468.43310546875,4965.34912109375,0.2371477557748517,0.7
2026-09-04 12:48:20,multi_repeat_random_states.py,"(1021, 9)",694,sequential_190,Dense 64 -> 16 -> 32 -> 64 -> 64 -> 32 -> 1,mse,adam_190,50,256,1.4089,4198.05517578125,3057.770751953125,3086.228759765625,0.5495501802198843,0.7
2026-09-04 12:48:21,multi_repeat_random_states.py,"(1021, 9)",527,sequential_191,Dense 64 -> 16 -> 32 -> 64 -> 64 -> 32 -> 1,mse,adam_191,50,256,1.4082,5416.37060546875,3230.783935546875,2888.83935546875,0.5561727387617299,0.7
2026-09-04 12:48:21,multi_repeat_random_states.py,"(1021, 9)",694,sequential_190,Dense 64 -> 16 -> 32 -> 64 -> 64 -> 32 -> 1,mse,adam_190,50,256,1.4366,2989.369873046875,3034.604248046875,2993.601806640625,0.5630695160804575,0.7
2026-09-04 12:48:22,multi_repeat_random_states.py,"(1021, 9)",611,sequential_191,Dense 64 -> 16 -> 32 -> 64 -> 64 -> 32 -> 1,mse,adam_191,50,256,2.344,19094.69921875,3632.97021484375,4393.3974609375,0.41853168679716946,0.7
2026-09-04 12:48:22,multi_repeat_random_states.py,"(1021, 9)",527,sequential_191,Dense 64 -> 16 -> 32 -> 64 -> 64 -> 32 -> 1,mse,adam_191,50,256,1.501,3405.970703125,3188.082763671875,2571.911865234375,0.6048639919137725,0.7
2026-09-04 12:48:23,multi_repeat_random_states.py,"(1021, 9)",611,sequential_191,Dense 64 -> 16 -> 32 -> 64 -> 64 -> 32 -> 1,mse,adam_191,50,256,1.4464,3572.241943359375,2792.515869140625,3433.465576171875,0.5455791026070257,0.7
2026-09-04 12:48:24,multi_repeat_random_states.py,"(1021, 9)",695,sequential_191,Dense 64 -> 16 -> 32 -> 64 -> 64 -> 32 -> 1,mse,adam_191,50,256,2.2926,27979.177734375,3381.517578125,3268.62548828125,0.5338810598311435,0.7
2026-09-04 12:48:25,multi_repeat_random_states.py,"(1021, 9)",528,sequential_192,Dense 64 -> 16 -> 32 -> 64 -> 64 -> 32 -> 1,mse,adam_192,50,256,2.2934,42337.9453125,4729.73486328125,4480.349609375,0.3805162773645707,0.7
2026-09-04 12:48:25,multi_repeat_random_states.py,"(1021, 9)",611,sequential_191,Dense 64 -> 16 -> 32 -> 64 -> 64 -> 32 -> 1,mse,adam_191,50,256,1.4308,2968.546875,2716.32958984375,3249.696533203125,0.5699009835490685,0.7
2026-09-04 12:48:26,multi_repeat_random_states.py,"(1021, 9)",695,sequential_191,Dense 64 -> 16 -> 32 -> 64 -> 64 -> 32 -> 1,mse,adam_191,50,256,1.509,3400.46923828125,3037.601806640625,2644.373291015625,0.622901901954461,0.7
2026-09-04 12:48:26,multi_repeat_random_states.py,"(1021, 9)",528,sequential_192,Dense 64 -> 16 -> 32 -> 64 -> 64 -> 32 -> 1,mse,adam_192,50,256,1.4031,4213.78759765625,3230.703125,3440.69921875,0.5242654296093671,0.7
2026-09-04 12:48:27,multi_repeat_random_states.py,"(1021, 9)",695,sequential_191,Dense 64 -> 16 -> 32 -> 64 -> 64 -> 32 -> 1,mse,adam_191,50,256,1.41,3023.596435546875,2919.76708984375,2645.97021484375,0.6226742039935058,0.7
2026-09-04 12:48:27,multi_repeat_random_states.py,"(1021, 9)",612,sequential_192,Dense 64 -> 16 -> 32 -> 64 -> 64 -> 32 -> 1,mse,adam_192,50,256,2.2805,47065.734375,4755.0244140625,3856.922119140625,0.35535059926876056,0.7
2026-09-04 12:48:28,multi_repeat_random_states.py,"(1021, 9)",528,sequential_192,Dense 64 -> 16 -> 32 -> 64 -> 64 -> 32 -> 1,mse,adam_192,50,256,1.4372,3415.840087890625,2983.697509765625,2830.0947265625,0.6086917465600341,0.7
2026-09-04 12:48:29,multi_repeat_random_states.py,"(1021, 9)",612,sequential_192,Dense 64 -> 16 -> 32 -> 64 -> 64 -> 32 -> 1,mse,adam_192,50,256,1.3967,4574.6259765625,3175.19970703125,2822.326416015625,0.5282738027914824,0.7
2026-09-04 12:48:30,multi_repeat_random_states.py,"(1021, 9)",696,sequential_192,Dense 64 -> 16 -> 32 -> 64 -> 64 -> 32 -> 1,mse,adam_192,50,256,2.254,59665.8984375,4222.5634765625,4339.92431640625,0.37429798757097343,0.7
2026-09-04 12:48:30,multi_repeat_random_states.py,"(1021, 9)",612,sequential_192,Dense 64 -> 16 -> 32 -> 64 -> 64 -> 32 -> 1,mse,adam_192,50,256,1.4413,3118.128173828125,2978.023681640625,2864.658447265625,0.5211984220074797,0.7
2026-09-04 12:48:30,multi_repeat_random_states.py,"(1021, 9)",529,sequential_193,Dense 64 -> 16 -> 32 -> 64 -> 64 -> 32 -> 1,mse,adam_193,50,256,2.3132,62022.43359375,5130.7099609375,5904.6279296875,0.1865927383090341,0.7
2026-09-04 12:48:31,multi_repeat_random_states.py,"(1021, 9)",696,sequential_192,Dense 64 -> 16 -> 32 -> 64 -> 64 -> 32 -> 1,mse,adam_192,50,256,1.464,4110.57763671875,2821.811279296875,3058.19384765625,0.55908952070599,0.7
2026-09-04 12:48:32,multi_repeat_random_states.py,"(1021, 9)",529,sequential_193,Dense 64 -> 16 -> 32 -> 64 -> 64 -> 32 -> 1,mse,adam_193,50,256,1.4446,5135.30419921875,2763.47998046875,3193.393310546875,0.5600857935402541,0.7
2026-09-04 12:48:33,multi_repeat_random_states.py,"(1021, 9)",696,sequential_192,Dense 64 -> 16 -> 32 -> 64 -> 64 -> 32 -> 1,mse,adam_192,50,256,1.4202,2892.072509765625,2823.841552734375,3083.775634765625,0.5554013368561259,0.7
2026-09-04 12:48:33,multi_repeat_random_states.py,"(1021, 9)",613,sequential_193,Dense 64 -> 16 -> 32 -> 64 -> 64 -> 32 -> 1,mse,adam_193,50,256,2.3451,23805.359375,3579.99267578125,2817.57080078125,0.5049497529920177,0.7
2026-09-04 12:48:33,multi_repeat_random_states.py,"(1021, 9)",529,sequential_193,Dense 64 -> 16 -> 32 -> 64 -> 64 -> 32 -> 1,mse,adam_193,50,256,1.4966,2826.69384765625,2710.426025390625,3162.37109375,0.5643594197919972,0.7
2026-09-04 12:48:34,multi_repeat_random_states.py,"(1021, 9)",613,sequential_193,Dense 64 -> 16 -> 32 -> 64 -> 64 -> 32 -> 1,mse,adam_193,50,256,1.3938,3460.0107421875,3073.902587890625,2774.0693359375,0.5125931108627118,0.7
2026-09-04 12:48:35,multi_repeat_random_states.py,"(1021, 9)",697,sequential_193,Dense 64 -> 16 -> 32 -> 64 -> 64 -> 32 -> 1,mse,adam_193,50,256,2.2584,34101.46875,4843.837890625,7048.92822265625,0.07361679383458186,0.7
2026-09-04 12:48:36,multi_repeat_random_states.py,"(1021, 9)",613,sequential_193,Dense 64 -> 16 -> 32 -> 64 -> 64 -> 32 -> 1,mse,adam_193,50,256,1.4546,3228.137451171875,2942.181396484375,2493.259033203125,0.5619317577386329,0.7
2026-09-04 12:48:36,multi_repeat_random_states.py,"(1021, 9)",530,sequential_194,Dense 64 -> 16 -> 32 -> 64 -> 64 -> 32 -> 1,mse,adam_194,50,256,2.2639,38116.9375,3921.4833984375,4088.417236328125,0.39008437510660166,0.7
2026-09-04 12:48:37,multi_repeat_random_states.py,"(1021, 9)",697,sequential_193,Dense 64 -> 16 -> 32 -> 64 -> 64 -> 32 -> 1,mse,adam_193,50,256,1.3994,5028.83056640625,3008.414794921875,3048.64794921875,0.5993410794763498,0.7
2026-09-04 12:48:38,multi_repeat_random_states.py,"(1021, 9)",530,sequential_194,Dense 64 -> 16 -> 32 -> 64 -> 64 -> 32 -> 1,mse,adam_194,50,256,1.3835,3732.179443359375,2887.817626953125,3573.23486328125,0.4669399859823953,0.7
2026-09-04 12:48:38,multi_repeat_random_states.py,"(1021, 9)",697,sequential_193,Dense 64 -> 16 -> 32 -> 64 -> 64 -> 32 -> 1,mse,adam_193,50,256,1.4285,2925.901123046875,2903.014892578125,3209.033935546875,0.5782628376982242,0.7
2026-09-04 12:48:38,multi_repeat_random_states.py,"(1021, 9)",614,sequential_194,Dense 64 -> 16 -> 32 -> 64 -> 64 -> 32 -> 1,mse,adam_194,50,256,2.2797,43523.56640625,4214.5029296875,4740.708984375,0.36008385929353004,0.7
2026-09-04 12:48:39,multi_repeat_random_states.py,"(1021, 9)",530,sequential_194,Dense 64 -> 16 -> 32 -> 64 -> 64 -> 32 -> 1,mse,adam_194,50,256,1.5043,2879.509765625,2818.250732421875,3238.802978515625,0.5168310043779053,0.7
2026-09-04 12:48:40,multi_repeat_random_states.py,"(1021, 9)",614,sequential_194,Dense 64 -> 16 -> 32 -> 64 -> 64 -> 32 -> 1,mse,adam_194,50,256,1.384,4074.0166015625,2746.2412109375,3367.7265625,0.5454134820915475,0.7
2026-09-04 12:48:41,multi_repeat_random_states.py,"(1021, 9)",698,sequential_194,Dense 64 -> 16 -> 32 -> 64 -> 64 -> 32 -> 1,mse,adam_194,50,256,2.2693,20429.3203125,3662.039794921875,3461.5234375,0.46752864051305587,0.7
2026-09-04 12:48:42,multi_repeat_random_states.py,"(1021, 9)",614,sequential_194,Dense 64 -> 16 -> 32 -> 64 -> 64 -> 32 -> 1,mse,adam_194,50,256,1.4003,2917.228515625,2672.925048828125,3176.241455078125,0.5712607804208234,0.7
2026-09-04 12:48:42,multi_repeat_random_states.py,"(1021, 9)",531,sequential_195,Dense 64 -> 16 -> 32 -> 64 -> 64 -> 32 -> 1,mse,adam_195,50,256,2.2918,188463.546875,6186.34326171875,5954.99072265625,0.12473153205856524,0.7
2026-09-04 12:48:42,multi_repeat_random_states.py,"(1021, 9)",698,sequential_194,Dense 64 -> 16 -> 32 -> 64 -> 64 -> 32 -> 1,mse,adam_194,50,256,1.4142,3927.124267578125,3008.465576171875,3015.99267578125,0.5360627321492728,0.7
2026-09-04 12:48:43,multi_repeat_random_states.py,"(1021, 9)",531,sequential_195,Dense 64 -> 16 -> 32 -> 64 -> 64 -> 32 -> 1,mse,adam_195,50,256,1.4031,6168.30859375,5047.2626953125,4760.67626953125,0.30027265997974684,0.7
2026-09-04 12:48:44,multi_repeat_random_states.py,"(1021, 9)",698,sequential_194,Dense 64 -> 16 -> 32 -> 64 -> 64 -> 32 -> 1,mse,adam_194,50,256,1.4558,2957.8251953125,2857.097412109375,2868.082275390625,0.5588151520738173,0.7
2026-09-04 12:48:44,multi_repeat_random_states.py,"(1021, 9)",615,sequential_195,Dense 64 -> 16 -> 32 -> 64 -> 64 -> 32 -> 1,mse,adam_195,50,256,2.3132,150104.859375,5143.3779296875,5803.24072265625,0.19809646807660608,0.7
2026-09-04 12:48:45,multi_repeat_random_states.py,"(1021, 9)",531,sequential_195,Dense 64 -> 16 -> 32 -> 64 -> 64 -> 32 -> 1,mse,adam_195,50,256,1.4539,5004.42431640625,3223.086669921875,3435.7216796875,0.495015328120598,0.7
2026-09-04 12:48:46,multi_repeat_random_states.py,"(1021, 9)",615,sequential_195,Dense 64 -> 16 -> 32 -> 64 -> 64 -> 32 -> 1,mse,adam_195,50,256,1.4847,5094.53076171875,2837.070068359375,3574.578125,0.5060575249509014,0.7
2026-09-04 12:48:46,multi_repeat_random_states.py,"(1021, 9)",699,sequential_195,Dense 64 -> 16 -> 32 -> 64 -> 64 -> 32 -> 1,mse,adam_195,50,256,2.271,22197.49609375,4051.80712890625,3862.86865234375,0.3884872143864856,0.7
2026-09-04 12:48:47,multi_repeat_random_states.py,"(1021, 9)",615,sequential_195,Dense 64 -> 16 -> 32 -> 64 -> 64 -> 32 -> 1,mse,adam_195,50,256,1.4225,3088.45166015625,2861.3994140625,3319.193603515625,0.5413471270586419,0.7
2026-09-04 12:48:47,multi_repeat_random_states.py,"(1021, 9)",532,sequential_196,Dense 64 -> 16 -> 32 -> 64 -> 64 -> 32 -> 1,mse,adam_196,50,256,2.2614,57300.79296875,4682.2373046875,4713.03955078125,0.3009434851017363,0.7
2026-09-04 12:48:48,multi_repeat_random_states.py,"(1021, 9)",699,sequential_195,Dense 64 -> 16 -> 32 -> 64 -> 64 -> 32 -> 1,mse,adam_195,50,256,1.4143,3873.953369140625,3207.91357421875,3885.0068359375,0.38498264619925304,0.7
2026-09-04 12:48:49,multi_repeat_random_states.py,"(1021, 9)",532,sequential_196,Dense 64 -> 16 -> 32 -> 64 -> 64 -> 32 -> 1,mse,adam_196,50,256,1.4004,4771.8671875,3085.35888671875,2792.09619140625,0.5858653088018837,0.7
2026-09-04 12:48:50,multi_repeat_random_states.py,"(1021, 9)",699,sequential_195,Dense 64 -> 16 -> 32 -> 64 -> 64 -> 32 -> 1,mse,adam_195,50,256,1.4017,3465.9716796875,3108.04443359375,2882.28271484375,0.543719270565949,0.7
2026-09-04 12:48:50,multi_repeat_random_states.py,"(1021, 9)",616,sequential_196,Dense 64 -> 16 -> 32 -> 64 -> 64 -> 32 -> 1,mse,adam_196,50,256,2.2723,19848.287109375,3926.24951171875,5851.4228515625,0.17529494760713482,0.7
2026-09-04 12:48:50,multi_repeat_random_states.py,"(1021, 9)",532,sequential_196,Dense 64 -> 16 -> 32 -> 64 -> 64 -> 32 -> 1,mse,adam_196,50,256,1.4075,2976.966064453125,3737.0458984375,2921.267578125,0.5667060811176844,0.7
2026-09-04 12:48:51,multi_repeat_random_states.py,"(1021, 9)",616,sequential_196,Dense 64 -> 16 -> 32 -> 64 -> 64 -> 32 -> 1,mse,adam_196,50,256,1.4031,4158.74853515625,2833.381103515625,3236.5068359375,0.5438437155134321,0.7
2026-09-04 12:48:52,multi_repeat_random_states.py,"(1021, 9)",700,sequential_196,Dense 64 -> 16 -> 32 -> 64 -> 64 -> 32 -> 1,mse,adam_196,50,256,2.2763,68801.328125,3551.685546875,3873.826416015625,0.4665647466694486,0.7
2026-09-04 12:48:53,multi_repeat_random_states.py,"(1021, 9)",616,sequential_196,Dense 64 -> 16 -> 32 -> 64 -> 64 -> 32 -> 1,mse,adam_196,50,256,1.4028,2999.59619140625,2744.84521484375,3403.62451171875,0.5202899863484394,0.7
2026-09-04 12:48:53,multi_repeat_random_states.py,"(1021, 9)",533,sequential_197,Dense 64 -> 16 -> 32 -> 64 -> 64 -> 32 -> 1,mse,adam_197,50,256,2.2683,212467.59375,5815.28369140625,5515.5126953125,0.15421072822183468,0.7
2026-09-04 12:48:54,multi_repeat_random_states.py,"(1021, 9)",700,sequential_196,Dense 64 -> 16 -> 32 -> 64 -> 64 -> 32 -> 1,mse,adam_196,50,256,1.4769,3494.733154296875,2905.188720703125,3252.232421875,0.5521597535793379,0.7
2026-09-04 12:48:54,multi_repeat_random_states.py,"(1021, 9)",533,sequential_197,Dense 64 -> 16 -> 32 -> 64 -> 64 -> 32 -> 1,mse,adam_197,50,256,1.4505,5780.6083984375,4028.611083984375,4001.193115234375,0.38642753939896124,0.7
2026-09-04 12:48:55,multi_repeat_random_states.py,"(1021, 9)",700,sequential_196,Dense 64 -> 16 -> 32 -> 64 -> 64 -> 32 -> 1,mse,adam_196,50,256,1.4037,2907.266357421875,2788.908935546875,2994.99462890625,0.5875819995210554,0.7
2026-09-04 12:48:55,multi_repeat_random_states.py,"(1021, 9)",617,sequential_197,Dense 64 -> 16 -> 32 -> 64 -> 64 -> 32 -> 1,mse,adam_197,50,256,2.3202,21867.291015625,3688.3583984375,3482.524169921875,0.5196713219540903,0.7
2026-09-04 12:48:56,multi_repeat_random_states.py,"(1021, 9)",533,sequential_197,Dense 64 -> 16 -> 32 -> 64 -> 64 -> 32 -> 1,mse,adam_197,50,256,1.4083,4030.255615234375,3407.779052734375,2664.142333984375,0.5914607355181294,0.7
2026-09-04 12:48:57,multi_repeat_random_states.py,"(1021, 9)",617,sequential_197,Dense 64 -> 16 -> 32 -> 64 -> 64 -> 32 -> 1,mse,adam_197,50,256,1.3934,3498.500732421875,2889.41064453125,3061.880126953125,0.5776888665655904,0.7
2026-09-04 12:48:58,multi_repeat_random_states.py,"(1021, 9)",701,sequential_197,Dense 64 -> 16 -> 32 -> 64 -> 64 -> 32 -> 1,mse,adam_197,50,256,2.253,23297.01171875,3207.434814453125,3123.54736328125,0.519103034822699,0.7
2026-09-04 12:48:58,multi_repeat_random_states.py,"(1021, 9)",617,sequential_197,Dense 64 -> 16 -> 32 -> 64 -> 64 -> 32 -> 1,mse,adam_197,50,256,1.4249,2947.21044921875,2920.48193359375,2922.1640625,0.5969592282655516,0.7
2026-09-04 12:48:58,multi_repeat_random_states.py,"(1021, 9)",534,sequential_198,Dense 64 -> 16 -> 32 -> 64 -> 64 -> 32 -> 1,mse,adam_198,50,256,2.2912,24707.927734375,4622.87158203125,3951.506591796875,0.48032434261335144,0.7
2026-09-04 12:48:59,multi_repeat_random_states.py,"(1021, 9)",701,sequential_197,Dense 64 -> 16 -> 32 -> 64 -> 64 -> 32 -> 1,mse,adam_197,50,256,1.4168,3169.849853515625,2981.93896484375,2766.71337890625,0.5740406929132835,0.7
2026-09-04 12:49:00,multi_repeat_random_states.py,"(1021, 9)",534,sequential_198,Dense 64 -> 16 -> 32 -> 64 -> 64 -> 32 -> 1,mse,adam_198,50,256,1.4546,4711.89501953125,2729.6484375,3293.56591796875,0.5668522906438964,0.7
2026-09-04 12:49:01,multi_repeat_random_states.py,"(1021, 9)",701,sequential_197,Dense 64 -> 16 -> 32 -> 64 -> 64 -> 32 -> 1,mse,adam_197,50,256,1.4162,2873.836181640625,2844.138916015625,2807.449951171875,0.567768926272828,0.7
2026-09-04 12:49:01,multi_repeat_random_states.py,"(1021, 9)",618,sequential_198,Dense 64 -> 16 -> 32 -> 64 -> 64 -> 32 -> 1,mse,adam_198,50,256,2.2733,44903.62109375,3940.876220703125,2920.025634765625,0.5545699314632142,0.7
2026-09-04 12:49:01,multi_repeat_random_states.py,"(1021, 9)",534,sequential_198,Dense 64 -> 16 -> 32 -> 64 -> 64 -> 32 -> 1,mse,adam_198,50,256,1.4035,2869.736572265625,2716.515625,3246.2802734375,0.5730709484211122,0.7
2026-09-04 12:49:02,multi_repeat_random_states.py,"(1021, 9)",618,sequential_198,Dense 64 -> 16 -> 32 -> 64 -> 64 -> 32 -> 1,mse,adam_198,50,256,1.4458,3766.9326171875,3850.057373046875,2616.018798828125,0.6009441107589555,0.7
2026-09-04 12:49:03,multi_repeat_random_states.py,"(1021, 9)",702,sequential_198,Dense 64 -> 16 -> 32 -> 64 -> 64 -> 32 -> 1,mse,adam_198,50,256,2.2374,25900.78125,4581.6669921875,4447.6552734375,0.31607092504286916,0.7
2026-09-04 12:49:04,multi_repeat_random_states.py,"(1021, 9)",618,sequential_198,Dense 64 -> 16 -> 32 -> 64 -> 64 -> 32 -> 1,mse,adam_198,50,256,1.429,3694.228759765625,3468.768798828125,3902.8603515625,0.404645220248412,0.7
2026-09-04 12:49:04,multi_repeat_random_states.py,"(1021, 9)",535,sequential_199,Dense 64 -> 16 -> 32 -> 64 -> 64 -> 32 -> 1,mse,adam_199,50,256,2.2782,21793.818359375,3166.775634765625,3229.775634765625,0.52285041403216,0.7
2026-09-04 12:49:05,multi_repeat_random_states.py,"(1021, 9)",702,sequential_198,Dense 64 -> 16 -> 32 -> 64 -> 64 -> 32 -> 1,mse,adam_198,50,256,1.4554,4393.94091796875,2960.196044921875,2851.781982421875,0.5614730606700633,0.7
2026-09-04 12:49:06,multi_repeat_random_states.py,"(1021, 9)",535,sequential_199,Dense 64 -> 16 -> 32 -> 64 -> 64 -> 32 -> 1,mse,adam_199,50,256,1.4439,3428.773681640625,2941.302490234375,2771.24853515625,0.5905906875880385,0.7
2026-09-04 12:49:06,multi_repeat_random_states.py,"(1021, 9)",702,sequential_198,Dense 64 -> 16 -> 32 -> 64 -> 64 -> 32 -> 1,mse,adam_198,50,256,1.4718,2900.206298828125,3276.808837890625,3587.09423828125,0.44840197856128117,0.7
2026-09-04 12:49:07,multi_repeat_random_states.py,"(1021, 9)",619,sequential_199,Dense 64 -> 16 -> 32 -> 64 -> 64 -> 32 -> 1,mse,adam_199,50,256,2.2877,23852.142578125,2783.88720703125,3242.74853515625,0.547150414937584,0.7
2026-09-04 12:49:07,multi_repeat_random_states.py,"(1021, 9)",535,sequential_199,Dense 64 -> 16 -> 32 -> 64 -> 64 -> 32 -> 1,mse,adam_199,50,256,1.421,2894.23779296875,2912.222412109375,2794.109619140625,0.587213376340163,0.7
2026-09-04 12:49:08,multi_repeat_random_states.py,"(1021, 9)",619,sequential_199,Dense 64 -> 16 -> 32 -> 64 -> 64 -> 32 -> 1,mse,adam_199,50,256,1.3895,2740.15625,2698.1337890625,3189.449462890625,0.5545936037238671,0.7
2026-09-04 12:49:09,multi_repeat_random_states.py,"(1021, 9)",703,sequential_199,Dense 64 -> 16 -> 32 -> 64 -> 64 -> 32 -> 1,mse,adam_199,50,256,2.2968,41292.60546875,4281.1123046875,3905.770263671875,0.4199473260324965,0.7
2026-09-04 12:49:10,multi_repeat_random_states.py,"(1021, 9)",619,sequential_199,Dense 64 -> 16 -> 32 -> 64 -> 64 -> 32 -> 1,mse,adam_199,50,256,1.4517,2752.65673828125,2706.93115234375,3167.8486328125,0.5576100885087987,0.7
2026-09-04 12:49:10,multi_repeat_random_states.py,"(1021, 9)",536,sequential_200,Dense 64 -> 16 -> 32 -> 64 -> 64 -> 32 -> 1,mse,adam_200,50,256,2.3091,94626.1484375,5682.32080078125,5637.4560546875,0.18965659660650114,0.7
2026-09-04 12:49:10,multi_repeat_random_states.py,"(1021, 9)",703,sequential_199,Dense 64 -> 16 -> 32 -> 64 -> 64 -> 32 -> 1,mse,adam_199,50,256,1.409,4161.6015625,3262.909423828125,3076.1513671875,0.5431554606240439,0.7
2026-09-04 12:49:11,multi_repeat_random_states.py,"(1021, 9)",536,sequential_200,Dense 64 -> 16 -> 32 -> 64 -> 64 -> 32 -> 1,mse,adam_200,50,256,1.378,5617.8125,3145.220947265625,2706.944580078125,0.6108963563350063,0.7
2026-09-04 12:49:12,multi_repeat_random_states.py,"(1021, 9)",703,sequential_199,Dense 64 -> 16 -> 32 -> 64 -> 64 -> 32 -> 1,mse,adam_199,50,256,1.4577,3141.488525390625,3028.0888671875,3048.508544921875,0.5472607167143959,0.7
2026-09-04 12:49:12,multi_repeat_random_states.py,"(1021, 9)",620,sequential_200,Dense 64 -> 16 -> 32 -> 64 -> 64 -> 32 -> 1,mse,adam_200,50,256,2.254,30885.341796875,3896.137939453125,3548.1591796875,0.5119700659465822,0.7
2026-09-04 12:49:13,multi_repeat_random_states.py,"(1021, 9)",536,sequential_200,Dense 64 -> 16 -> 32 -> 64 -> 64 -> 32 -> 1,mse,adam_200,50,256,1.4523,3377.79736328125,3040.226806640625,2677.499755859375,0.6151288434107134,0.7
2026-09-04 12:49:14,multi_repeat_random_states.py,"(1021, 9)",620,sequential_200,Dense 64 -> 16 -> 32 -> 64 -> 64 -> 32 -> 1,mse,adam_200,50,256,1.5041,3521.237060546875,2863.82470703125,3205.8564453125,0.5590519399218439,0.7
2026-09-04 12:49:15,multi_repeat_random_states.py,"(1021, 9)",704,sequential_200,Dense 64 -> 16 -> 32 -> 64 -> 64 -> 32 -> 1,mse,adam_200,50,256,2.2522,48127.33984375,4682.56201171875,3903.98291015625,0.35824285584631177,0.7
2026-09-04 12:49:15,multi_repeat_random_states.py,"(1021, 9)",620,sequential_200,Dense 64 -> 16 -> 32 -> 64 -> 64 -> 32 -> 1,mse,adam_200,50,256,1.4029,2942.68798828125,2818.428466796875,2934.190185546875,0.5964181577906286,0.7
2026-09-04 12:49:15,multi_repeat_random_states.py,"(1021, 9)",537,sequential_201,Dense 64 -> 16 -> 32 -> 64 -> 64 -> 32 -> 1,mse,adam_201,50,256,2.2556,64835.63671875,4752.1708984375,4433.35009765625,0.2985846738356407,0.7
2026-09-04 12:49:16,multi_repeat_random_states.py,"(1021, 9)",704,sequential_200,Dense 64 -> 16 -> 32 -> 64 -> 64 -> 32 -> 1,mse,adam_200,50,256,1.4109,4627.17919921875,2988.7763671875,2627.287841796875,0.5681126897011127,0.7
2026-09-04 12:49:17,multi_repeat_random_states.py,"(1021, 9)",537,sequential_201,Dense 64 -> 16 -> 32 -> 64 -> 64 -> 32 -> 1,mse,adam_201,50,256,1.4367,4646.11962890625,2806.036865234375,3161.017578125,0.49988463309614783,0.7
2026-09-04 12:49:18,multi_repeat_random_states.py,"(1021, 9)",704,sequential_200,Dense 64 -> 16 -> 32 -> 64 -> 64 -> 32 -> 1,mse,adam_200,50,256,1.4145,2997.849853515625,3235.276123046875,2710.447021484375,0.5544424909156513,0.7
2026-09-04 12:49:18,multi_repeat_random_states.py,"(1021, 9)",621,sequential_201,Dense 64 -> 16 -> 32 -> 64 -> 64 -> 32 -> 1,mse,adam_201,50,256,2.3031,105777.609375,5478.46337890625,5672.2958984375,0.17040628429608806,0.7
2026-09-04 12:49:18,multi_repeat_random_states.py,"(1021, 9)",537,sequential_201,Dense 64 -> 16 -> 32 -> 64 -> 64 -> 32 -> 1,mse,adam_201,50,256,1.4565,2867.677734375,3014.224609375,3225.962890625,0.48960938660135545,0.7
2026-09-04 12:49:19,multi_repeat_random_states.py,"(1021, 9)",621,sequential_201,Dense 64 -> 16 -> 32 -> 64 -> 64 -> 32 -> 1,mse,adam_201,50,256,1.4647,5457.81640625,3007.500244140625,3124.027099609375,0.5430997676692273,0.7
2026-09-04 12:49:20,multi_repeat_random_states.py,"(1021, 9)",705,sequential_201,Dense 64 -> 16 -> 32 -> 64 -> 64 -> 32 -> 1,mse,adam_201,50,256,2.2745,30177.42578125,3452.540283203125,3024.36865234375,0.5411110780181567,0.7
2026-09-04 12:49:21,multi_repeat_random_states.py,"(1021, 9)",621,sequential_201,Dense 64 -> 16 -> 32 -> 64 -> 64 -> 32 -> 1,mse,adam_201,50,256,1.4216,3028.331298828125,2744.758544921875,3116.987060546875,0.5441293911286584,0.7
2026-09-04 12:49:21,multi_repeat_random_states.py,"(1021, 9)",538,sequential_202,Dense 64 -> 16 -> 32 -> 64 -> 64 -> 32 -> 1,mse,adam_202,50,256,2.333,46898.09375,4486.23095703125,4417.8876953125,0.3260860214021073,0.7
2026-09-04 12:49:22,multi_repeat_random_states.py,"(1021, 9)",705,sequential_201,Dense 64 -> 16 -> 32 -> 64 -> 64 -> 32 -> 1,mse,adam_201,50,256,1.4629,3442.551025390625,2986.19775390625,2499.24560546875,0.6207882949036618,0.7
2026-09-04 12:49:22,multi_repeat_random_states.py,"(1021, 9)",538,sequential_202,Dense 64 -> 16 -> 32 -> 64 -> 64 -> 32 -> 1,mse,adam_202,50,256,1.4428,4554.1884765625,3214.565185546875,3662.162841796875,0.44136593577103855,0.7
2026-09-04 12:49:23,multi_repeat_random_states.py,"(1021, 9)",705,sequential_201,Dense 64 -> 16 -> 32 -> 64 -> 64 -> 32 -> 1,mse,adam_201,50,256,1.4609,3024.701904296875,3154.84814453125,2512.080078125,0.6188409332386824,0.7
2026-09-04 12:49:23,multi_repeat_random_states.py,"(1021, 9)",622,sequential_202,Dense 64 -> 16 -> 32 -> 64 -> 64 -> 32 -> 1,mse,adam_202,50,256,2.2664,48501.875,5279.0791015625,4490.017578125,0.3022267432778867,0.7
2026-09-04 12:49:24,multi_repeat_random_states.py,"(1021, 9)",538,sequential_202,Dense 64 -> 16 -> 32 -> 64 -> 64 -> 32 -> 1,mse,adam_202,50,256,1.4351,3559.237060546875,3308.709228515625,2739.584716796875,0.582097938454197,0.7
2026-09-04 12:49:25,multi_repeat_random_states.py,"(1021, 9)",622,sequential_202,Dense 64 -> 16 -> 32 -> 64 -> 64 -> 32 -> 1,mse,adam_202,50,256,1.4023,5116.3515625,3013.243896484375,3260.62548828125,0.4932808793059885,0.7
2026-09-04 12:49:26,multi_repeat_random_states.py,"(1021, 9)",706,sequential_202,Dense 64 -> 16 -> 32 -> 64 -> 64 -> 32 -> 1,mse,adam_202,50,256,2.2625,63463.9921875,4936.07568359375,5054.75,0.28248621028131804,0.7
2026-09-04 12:49:26,multi_repeat_random_states.py,"(1021, 9)",622,sequential_202,Dense 64 -> 16 -> 32 -> 64 -> 64 -> 32 -> 1,mse,adam_202,50,256,1.4366,3160.373779296875,2927.31103515625,2685.736572265625,0.582621777665238,0.7
2026-09-04 12:49:27,multi_repeat_random_states.py,"(1021, 9)",539,sequential_203,Dense 64 -> 16 -> 32 -> 64 -> 64 -> 32 -> 1,mse,adam_203,50,256,2.2723,15688.3857421875,3216.1953125,2843.56982421875,0.5400204696330637,0.7
2026-09-04 12:49:27,multi_repeat_random_states.py,"(1021, 9)",706,sequential_202,Dense 64 -> 16 -> 32 -> 64 -> 64 -> 32 -> 1,mse,adam_202,50,256,1.4925,4906.716796875,3037.2919921875,2794.454345703125,0.603331575400504,0.7
2026-09-04 12:49:28,multi_repeat_random_states.py,"(1021, 9)",539,sequential_203,Dense 64 -> 16 -> 32 -> 64 -> 64 -> 32 -> 1,mse,adam_203,50,256,1.4453,3293.447509765625,2933.86572265625,2806.979248046875,0.5459394152409778,0.7
2026-09-04 12:49:29,multi_repeat_random_states.py,"(1021, 9)",706,sequential_202,Dense 64 -> 16 -> 32 -> 64 -> 64 -> 32 -> 1,mse,adam_202,50,256,1.4119,3089.04541015625,2894.315185546875,2779.281982421875,0.6054853288517941,0.7
2026-09-04 12:49:29,multi_repeat_random_states.py,"(1021, 9)",623,sequential_203,Dense 64 -> 16 -> 32 -> 64 -> 64 -> 32 -> 1,mse,adam_203,50,256,2.2541,31695.083984375,3827.614013671875,4071.312255859375,0.43128294284036983,0.7
2026-09-04 12:49:30,multi_repeat_random_states.py,"(1021, 9)",539,sequential_203,Dense 64 -> 16 -> 32 -> 64 -> 64 -> 32 -> 1,mse,adam_203,50,256,1.3915,2927.20166015625,3094.5556640625,3216.231689453125,0.4797381136005173,0.7
2026-09-04 12:49:30,multi_repeat_random_states.py,"(1021, 9)",623,sequential_203,Dense 64 -> 16 -> 32 -> 64 -> 64 -> 32 -> 1,mse,adam_203,50,256,1.4364,3795.922119140625,2812.562744140625,3083.43212890625,0.5692787849359177,0.7
2026-09-04 12:49:31,multi_repeat_random_states.py,"(1021, 9)",707,sequential_203,Dense 64 -> 16 -> 32 -> 64 -> 64 -> 32 -> 1,mse,adam_203,50,256,2.2537,128810.0390625,5922.71044921875,5001.130859375,0.1908539925111321,0.7
2026-09-04 12:49:32,multi_repeat_random_states.py,"(1021, 9)",623,sequential_203,Dense 64 -> 16 -> 32 -> 64 -> 64 -> 32 -> 1,mse,adam_203,50,256,1.4388,2782.409912109375,3091.400634765625,3025.356689453125,0.5773911976590946,0.7
2026-09-04 12:49:32,multi_repeat_random_states.py,"(1021, 9)",540,sequential_204,Dense 64 -> 16 -> 32 -> 64 -> 64 -> 32 -> 1,mse,adam_204,50,256,2.2555,26267.40625,3209.654052734375,3278.638671875,0.5053277665898885,0.7
2026-09-04 12:49:33,multi_repeat_random_states.py,"(1021, 9)",707,sequential_203,Dense 64 -> 16 -> 32 -> 64 -> 64 -> 32 -> 1,mse,adam_203,50,256,1.4669,5869.380859375,3175.65625,2772.4296875,0.551441289447289,0.7
2026-09-04 12:49:34,multi_repeat_random_states.py,"(1021, 9)",540,sequential_204,Dense 64 -> 16 -> 32 -> 64 -> 64 -> 32 -> 1,mse,adam_204,50,256,1.401,3296.859375,3009.278076171875,2888.55224609375,0.5641829689154054,0.7
2026-09-04 12:49:35,multi_repeat_random_states.py,"(1021, 9)",707,sequential_203,Dense 64 -> 16 -> 32 -> 64 -> 64 -> 32 -> 1,mse,adam_203,50,256,1.4106,3142.84228515625,2960.736083984375,2748.024658203125,0.5553899306339853,0.7
2026-09-04 12:49:35,multi_repeat_random_states.py,"(1021, 9)",624,sequential_204,Dense 64 -> 16 -> 32 -> 64 -> 64 -> 32 -> 1,mse,adam_204,50,256,2.2459,16858.48046875,3913.068603515625,3643.85986328125,0.5301782760215115,0.7
2026-09-04 12:49:35,multi_repeat_random_states.py,"(1021, 9)",540,sequential_204,Dense 64 -> 16 -> 32 -> 64 -> 64 -> 32 -> 1,mse,adam_204,50,256,1.4005,2912.64404296875,3071.94482421875,3137.08984375,0.5266842647665724,0.7
2026-09-04 12:49:36,multi_repeat_random_states.py,"(1021, 9)",624,sequential_204,Dense 64 -> 16 -> 32 -> 64 -> 64 -> 32 -> 1,mse,adam_204,50,256,1.388,3633.21826171875,2814.17041015625,3639.238525390625,0.5307741848368852,0.7
2026-09-04 12:49:37,multi_repeat_random_states.py,"(1021, 9)",708,sequential_204,Dense 64 -> 16 -> 32 -> 64 -> 64 -> 32 -> 1,mse,adam_204,50,256,2.2342,36362.875,3278.64697265625,3627.998291015625,0.4377732014557867,0.7
2026-09-04 12:49:38,multi_repeat_random_states.py,"(1021, 9)",624,sequential_204,Dense 64 -> 16 -> 32 -> 64 -> 64 -> 32 -> 1,mse,adam_204,50,256,1.4142,2784.58349609375,2662.350341796875,3384.176025390625,0.5636607151664195,0.7
2026-09-04 12:49:38,multi_repeat_random_states.py,"(1021, 9)",541,sequential_205,Dense 64 -> 16 -> 32 -> 64 -> 64 -> 32 -> 1,mse,adam_205,50,256,2.2441,110039.59375,5560.78515625,5320.63623046875,0.19266126905723235,0.7
2026-09-04 12:49:39,multi_repeat_random_states.py,"(1021, 9)",708,sequential_204,Dense 64 -> 16 -> 32 -> 64 -> 64 -> 32 -> 1,mse,adam_204,50,256,1.4417,4195.859375,3438.313720703125,3425.38232421875,0.4691723636843931,0.7
2026-09-04 12:49:39,multi_repeat_random_states.py,"(1021, 9)",541,sequential_205,Dense 64 -> 16 -> 32 -> 64 -> 64 -> 32 -> 1,mse,adam_205,50,256,1.4175,5520.87255859375,3041.3291015625,2736.380126953125,0.58478927293546,0.7
2026-09-04 12:49:40,multi_repeat_random_states.py,"(1021, 9)",625,sequential_205,Dense 64 -> 16 -> 32 -> 64 -> 64 -> 32 -> 1,mse,adam_205,50,256,2.2682,87164.3203125,5614.87158203125,5178.46630859375,0.17048518962995152,0.7
2026-09-04 12:49:40,multi_repeat_random_states.py,"(1021, 9)",708,sequential_204,Dense 64 -> 16 -> 32 -> 64 -> 64 -> 32 -> 1,mse,adam_204,50,256,1.4088,3363.63330078125,2909.581298828125,2826.686279296875,0.5619515968508864,0.7
2026-09-04 12:49:41,multi_repeat_random_states.py,"(1021, 9)",541,sequential_205,Dense 64 -> 16 -> 32 -> 64 -> 64 -> 32 -> 1,mse,adam_205,50,256,1.4235,3038.11767578125,3095.9921875,2807.250244140625,0.5740356247018172,0.7
2026-09-04 12:49:42,multi_repeat_random_states.py,"(1021, 9)",625,sequential_205,Dense 64 -> 16 -> 32 -> 64 -> 64 -> 32 -> 1,mse,adam_205,50,256,1.4716,5576.60986328125,3134.98095703125,2787.13916015625,0.5535408901566683,0.7
2026-09-04 12:49:43,multi_repeat_random_states.py,"(1021, 9)",709,sequential_205,Dense 64 -> 16 -> 32 -> 64 -> 64 -> 32 -> 1,mse,adam_205,50,256,2.2871,41051.296875,4066.6923828125,3806.89697265625,0.3485699424348083,0.7
2026-09-04 12:49:43,multi_repeat_random_states.py,"(1021, 9)",542,sequential_206,Dense 64 -> 16 -> 32 -> 64 -> 64 -> 32 -> 1,mse,adam_206,50,256,2.2443,22852.59765625,3934.586669921875,4104.6494140625,0.4095253960417573,0.7
2026-09-04 12:49:43,multi_repeat_random_states.py,"(1021, 9)",625,sequential_205,Dense 64 -> 16 -> 32 -> 64 -> 64 -> 32 -> 1,mse,adam_205,50,256,1.4367,3161.923095703125,3058.306396484375,2560.929443359375,0.5897764075445511,0.7
2026-09-04 12:49:44,multi_repeat_random_states.py,"(1021, 9)",709,sequential_205,Dense 64 -> 16 -> 32 -> 64 -> 64 -> 32 -> 1,mse,adam_205,50,256,1.4566,3868.418212890625,3033.6123046875,3180.6611328125,0.45573039016225403,0.7
2026-09-04 12:49:45,multi_repeat_random_states.py,"(1021, 9)",542,sequential_206,Dense 64 -> 16 -> 32 -> 64 -> 64 -> 32 -> 1,mse,adam_206,50,256,1.4884,4035.07080078125,3113.418701171875,3244.662109375,0.5332389475485904,0.7
2026-09-04 12:49:46,multi_repeat_random_states.py,"(1021, 9)",626,sequential_206,Dense 64 -> 16 -> 32 -> 64 -> 64 -> 32 -> 1,mse,adam_206,50,256,2.2741,38685.2890625,4483.232421875,4558.89501953125,0.3251106975638729,0.7
2026-09-04 12:49:46,multi_repeat_random_states.py,"(1021, 9)",709,sequential_205,Dense 64 -> 16 -> 32 -> 64 -> 64 -> 32 -> 1,mse,adam_205,50,256,1.491,3046.94482421875,2987.733154296875,3386.663818359375,0.4204796004018727,0.7
2026-09-04 12:49:46,multi_repeat_random_states.py,"(1021, 9)",542,sequential_206,Dense 64 -> 16 -> 32 -> 64 -> 64 -> 32 -> 1,mse,adam_206,50,256,1.4373,3289.83251953125,2928.812255859375,2687.095947265625,0.6134476933522789,0.7
2026-09-04 12:49:47,multi_repeat_random_states.py,"(1021, 9)",626,sequential_206,Dense 64 -> 16 -> 32 -> 64 -> 64 -> 32 -> 1,mse,adam_206,50,256,1.3829,4336.08642578125,2869.46630859375,3005.572998046875,0.5550612068774938,0.7
2026-09-04 12:49:48,multi_repeat_random_states.py,"(1021, 9)",710,sequential_206,Dense 64 -> 16 -> 32 -> 64 -> 64 -> 32 -> 1,mse,adam_206,50,256,2.2227,32354.017578125,3357.691162109375,2938.190185546875,0.5406962721291251,0.7
2026-09-04 12:49:49,multi_repeat_random_states.py,"(1021, 9)",626,sequential_206,Dense 64 -> 16 -> 32 -> 64 -> 64 -> 32 -> 1,mse,adam_206,50,256,1.4041,2966.523193359375,3045.051513671875,3011.953857421875,0.5541166687000054,0.7
2026-09-04 12:49:49,multi_repeat_random_states.py,"(1021, 9)",543,sequential_207,Dense 64 -> 16 -> 32 -> 64 -> 64 -> 32 -> 1,mse,adam_207,50,256,2.2437,113977.8125,5571.6748046875,5370.86767578125,0.20086986008024166,0.7
2026-09-04 12:49:50,multi_repeat_random_states.py,"(1021, 9)",710,sequential_206,Dense 64 -> 16 -> 32 -> 64 -> 64 -> 32 -> 1,mse,adam_206,50,256,1.4305,3814.912109375,3285.0087890625,2874.5810546875,0.5506398211955679,0.7
2026-09-04 12:49:50,multi_repeat_random_states.py,"(1021, 9)",543,sequential_207,Dense 64 -> 16 -> 32 -> 64 -> 64 -> 32 -> 1,mse,adam_207,50,256,1.4271,5524.11865234375,3100.66064453125,2864.218505859375,0.5738335404129791,0.7
2026-09-04 12:49:51,multi_repeat_random_states.py,"(1021, 9)",627,sequential_207,Dense 64 -> 16 -> 32 -> 64 -> 64 -> 32 -> 1,mse,adam_207,50,256,2.2799,39815.54296875,3746.619384765625,4657.19091796875,0.3864261639394516,0.7
2026-09-04 12:49:51,multi_repeat_random_states.py,"(1021, 9)",710,sequential_206,Dense 64 -> 16 -> 32 -> 64 -> 64 -> 32 -> 1,mse,adam_206,50,256,1.396,2943.4912109375,2883.283447265625,2800.091552734375,0.5622841686368858,0.7
2026-09-04 12:49:52,multi_repeat_random_states.py,"(1021, 9)",543,sequential_207,Dense 64 -> 16 -> 32 -> 64 -> 64 -> 32 -> 1,mse,adam_207,50,256,1.4015,3366.12841796875,2794.890625,2892.56201171875,0.5696163461288831,0.7
2026-09-04 12:49:53,multi_repeat_random_states.py,"(1021, 9)",627,sequential_207,Dense 64 -> 16 -> 32 -> 64 -> 64 -> 32 -> 1,mse,adam_207,50,256,1.3941,3577.1474609375,3429.12158203125,4416.03369140625,0.4181980301718292,0.7
2026-09-04 12:49:54,multi_repeat_random_states.py,"(1021, 9)",711,sequential_207,Dense 64 -> 16 -> 32 -> 64 -> 64 -> 32 -> 1,mse,adam_207,50,256,2.2841,46209.0859375,4518.20361328125,5262.34912109375,0.29061426982947514,0.7
2026-09-04 12:49:54,multi_repeat_random_states.py,"(1021, 9)",627,sequential_207,Dense 64 -> 16 -> 32 -> 64 -> 64 -> 32 -> 1,mse,adam_207,50,256,1.407,3092.7666015625,2820.690673828125,3261.732666015625,0.5702743993301351,0.7
2026-09-04 12:49:54,multi_repeat_random_states.py,"(1021, 9)",544,sequential_208,Dense 64 -> 16 -> 32 -> 64 -> 64 -> 32 -> 1,mse,adam_208,50,256,2.2291,87947.59375,4817.873046875,4319.89501953125,0.34177934937529053,0.7
2026-09-04 12:49:55,multi_repeat_random_states.py,"(1021, 9)",711,sequential_207,Dense 64 -> 16 -> 32 -> 64 -> 64 -> 32 -> 1,mse,adam_207,50,256,1.47,4382.9658203125,2738.481201171875,3357.871337890625,0.5473455546940743,0.7
2026-09-04 12:49:56,multi_repeat_random_states.py,"(1021, 9)",544,sequential_208,Dense 64 -> 16 -> 32 -> 64 -> 64 -> 32 -> 1,mse,adam_208,50,256,1.4199,4713.80419921875,2979.61474609375,2818.315185546875,0.5705744717343062,0.7
2026-09-04 12:49:57,multi_repeat_random_states.py,"(1021, 9)",628,sequential_208,Dense 64 -> 16 -> 32 -> 64 -> 64 -> 32 -> 1,mse,adam_208,50,256,2.3221,30741.208984375,3401.1181640625,4039.1240234375,0.454686496220044,0.7
2026-09-04 12:49:57,multi_repeat_random_states.py,"(1021, 9)",711,sequential_207,Dense 64 -> 16 -> 32 -> 64 -> 64 -> 32 -> 1,mse,adam_207,50,256,1.4242,2723.1884765625,2877.436767578125,4193.55126953125,0.4346925888190325,0.7
2026-09-04 12:49:57,multi_repeat_random_states.py,"(1021, 9)",544,sequential_208,Dense 64 -> 16 -> 32 -> 64 -> 64 -> 32 -> 1,mse,adam_208,50,256,1.4124,3080.69384765625,2956.502197265625,2749.0087890625,0.5811346252490851,0.7
2026-09-04 12:49:58,multi_repeat_random_states.py,"(1021, 9)",628,sequential_208,Dense 64 -> 16 -> 32 -> 64 -> 64 -> 32 -> 1,mse,adam_208,50,256,1.3813,3525.13818359375,3058.953125,2899.199951171875,0.6085852683305053,0.7
2026-09-04 12:49:59,multi_repeat_random_states.py,"(1021, 9)",712,sequential_208,Dense 64 -> 16 -> 32 -> 64 -> 64 -> 32 -> 1,mse,adam_208,50,256,2.2313,50022.55078125,4652.96142578125,4388.55810546875,0.374362403855764,0.7
2026-09-04 12:50:00,multi_repeat_random_states.py,"(1021, 9)",545,sequential_209,Dense 64 -> 16 -> 32 -> 64 -> 64 -> 32 -> 1,mse,adam_209,50,256,2.2566,123936.2109375,5251.220703125,4421.26123046875,0.28998202643407534,0.7
2026-09-04 12:50:00,multi_repeat_random_states.py,"(1021, 9)",628,sequential_208,Dense 64 -> 16 -> 32 -> 64 -> 64 -> 32 -> 1,mse,adam_208,50,256,1.5125,2873.0576171875,2972.2021484375,2875.45068359375,0.6117916032513,0.7
2026-09-04 12:50:01,multi_repeat_random_states.py,"(1021, 9)",712,sequential_208,Dense 64 -> 16 -> 32 -> 64 -> 64 -> 32 -> 1,mse,adam_208,50,256,1.4323,4521.93701171875,3078.2763671875,3127.637451171875,0.5541205942870873,0.7
2026-09-04 12:50:01,multi_repeat_random_states.py,"(1021, 9)",545,sequential_209,Dense 64 -> 16 -> 32 -> 64 -> 64 -> 32 -> 1,mse,adam_209,50,256,1.4365,5176.8486328125,3286.580322265625,2504.302734375,0.5978296698942454,0.7
2026-09-04 12:50:02,multi_repeat_random_states.py,"(1021, 9)",629,sequential_209,Dense 64 -> 16 -> 32 -> 64 -> 64 -> 32 -> 1,mse,adam_209,50,256,2.2405,69447.859375,5015.97705078125,5029.55810546875,0.2770404543329278,0.7
2026-09-04 12:50:02,multi_repeat_random_states.py,"(1021, 9)",712,sequential_208,Dense 64 -> 16 -> 32 -> 64 -> 64 -> 32 -> 1,mse,adam_208,50,256,1.4077,3036.886474609375,2844.073974609375,2809.589111328125,0.5994619180913342,0.7
2026-09-04 12:50:03,multi_repeat_random_states.py,"(1021, 9)",545,sequential_209,Dense 64 -> 16 -> 32 -> 64 -> 64 -> 32 -> 1,mse,adam_209,50,256,1.4437,3256.35791015625,3005.95703125,2383.75537109375,0.6171886211921301,0.7
2026-09-04 12:50:04,multi_repeat_random_states.py,"(1021, 9)",629,sequential_209,Dense 64 -> 16 -> 32 -> 64 -> 64 -> 32 -> 1,mse,adam_209,50,256,1.3917,5007.822265625,3003.058349609375,2729.5068359375,0.607654816257079,0.7
2026-09-04 12:50:05,multi_repeat_random_states.py,"(1021, 9)",713,sequential_209,Dense 64 -> 16 -> 32 -> 64 -> 64 -> 32 -> 1,mse,adam_209,50,256,2.2669,118664.046875,5054.9150390625,4891.99462890625,0.2511004721870288,0.7
2026-09-04 12:50:06,multi_repeat_random_states.py,"(1021, 9)",629,sequential_209,Dense 64 -> 16 -> 32 -> 64 -> 64 -> 32 -> 1,mse,adam_209,50,256,1.4345,2959.885986328125,2922.83935546875,2852.321533203125,0.5900011458599648,0.7
2026-09-04 12:50:06,multi_repeat_random_states.py,"(1021, 9)",546,sequential_210,Dense 64 -> 16 -> 32 -> 64 -> 64 -> 32 -> 1,mse,adam_210,50,256,2.2768,20024.501953125,3369.33447265625,3265.617919921875,0.539463976110184,0.7
2026-09-04 12:50:07,multi_repeat_random_states.py,"(1021, 9)",713,sequential_209,Dense 64 -> 16 -> 32 -> 64 -> 64 -> 32 -> 1,mse,adam_209,50,256,1.4097,4989.302734375,3066.98291015625,2720.980224609375,0.5834539783606023,0.7
2026-09-04 12:50:07,multi_repeat_random_states.py,"(1021, 9)",546,sequential_210,Dense 64 -> 16 -> 32 -> 64 -> 64 -> 32 -> 1,mse,adam_210,50,256,1.4039,3212.015625,2841.444580078125,2977.47607421875,0.5800994155596417,0.7
2026-09-04 12:50:08,multi_repeat_random_states.py,"(1021, 9)",713,sequential_209,Dense 64 -> 16 -> 32 -> 64 -> 64 -> 32 -> 1,mse,adam_209,50,256,1.4028,3011.181884765625,3270.421630859375,2882.25439453125,0.5587650406438243,0.7
2026-09-04 12:50:08,multi_repeat_random_states.py,"(1021, 9)",630,sequential_210,Dense 64 -> 16 -> 32 -> 64 -> 64 -> 32 -> 1,mse,adam_210,50,256,2.2855,34092.25390625,3557.268310546875,3775.553955078125,0.45242685135186256,0.7
2026-09-04 12:50:09,multi_repeat_random_states.py,"(1021, 9)",546,sequential_210,Dense 64 -> 16 -> 32 -> 64 -> 64 -> 32 -> 1,mse,adam_210,50,256,1.4057,2838.051513671875,2992.873779296875,3021.20263671875,0.5739328531043775,0.7
2026-09-04 12:50:10,multi_repeat_random_states.py,"(1021, 9)",630,sequential_210,Dense 64 -> 16 -> 32 -> 64 -> 64 -> 32 -> 1,mse,adam_210,50,256,1.3941,3538.541015625,3149.688232421875,3059.287841796875,0.5563078676412818,0.7
2026-09-04 12:50:11,multi_repeat_random_states.py,"(1021, 9)",714,sequential_210,Dense 64 -> 16 -> 32 -> 64 -> 64 -> 32 -> 1,mse,adam_210,50,256,2.2628,82679.1875,5253.92822265625,4573.181640625,0.27804529223632246,0.7
2026-09-04 12:50:11,multi_repeat_random_states.py,"(1021, 9)",547,sequential_211,Dense 64 -> 16 -> 32 -> 64 -> 64 -> 32 -> 1,mse,adam_211,50,256,2.2662,37188.75,4088.83447265625,5106.16650390625,0.32944207236987844,0.7
2026-09-04 12:50:11,multi_repeat_random_states.py,"(1021, 9)",630,sequential_210,Dense 64 -> 16 -> 32 -> 64 -> 64 -> 32 -> 1,mse,adam_210,50,256,1.4132,3223.621337890625,2846.2685546875,2777.302978515625,0.5972044007516677,0.7
2026-09-04 12:50:12,multi_repeat_random_states.py,"(1021, 9)",714,sequential_210,Dense 64 -> 16 -> 32 -> 64 -> 64 -> 32 -> 1,mse,adam_210,50,256,1.4015,5209.572265625,3136.449951171875,3199.1611328125,0.4949578244801681,0.7
2026-09-04 12:50:13,multi_repeat_random_states.py,"(1021, 9)",547,sequential_211,Dense 64 -> 16 -> 32 -> 64 -> 64 -> 32 -> 1,mse,adam_211,50,256,1.4403,4097.408203125,2929.4619140625,3058.83447265625,0.5983042536021066,0.7
2026-09-04 12:50:14,multi_repeat_random_states.py,"(1021, 9)",714,sequential_210,Dense 64 -> 16 -> 32 -> 64 -> 64 -> 32 -> 1,mse,adam_210,50,256,1.4121,3169.513671875,3063.765380859375,3129.43212890625,0.5059658091384502,0.7
2026-09-04 12:50:14,multi_repeat_random_states.py,"(1021, 9)",631,sequential_211,Dense 64 -> 16 -> 32 -> 64 -> 64 -> 32 -> 1,mse,adam_211,50,256,2.2456,23644.521484375,4128.5712890625,3622.340576171875,0.49413974206650835,0.7
2026-09-04 12:50:14,multi_repeat_random_states.py,"(1021, 9)",547,sequential_211,Dense 64 -> 16 -> 32 -> 64 -> 64 -> 32 -> 1,mse,adam_211,50,256,1.4218,2890.938720703125,2845.024658203125,3009.513671875,0.6047811914420689,0.7
2026-09-04 12:50:15,multi_repeat_random_states.py,"(1021, 9)",631,sequential_211,Dense 64 -> 16 -> 32 -> 64 -> 64 -> 32 -> 1,mse,adam_211,50,256,1.3787,3887.40380859375,2928.6416015625,2837.93212890625,0.6036824580835658,0.7
2026-09-04 12:50:16,multi_repeat_random_states.py,"(1021, 9)",715,sequential_211,Dense 64 -> 16 -> 32 -> 64 -> 64 -> 32 -> 1,mse,adam_211,50,256,2.267,38340.02734375,4639.12890625,4314.10888671875,0.3677836465940332,0.7
2026-09-04 12:50:17,multi_repeat_random_states.py,"(1021, 9)",631,sequential_211,Dense 64 -> 16 -> 32 -> 64 -> 64 -> 32 -> 1,mse,adam_211,50,256,1.4204,2916.51904296875,3080.83203125,2824.96435546875,0.6054934213447947,0.7
2026-09-04 12:50:17,multi_repeat_random_states.py,"(1021, 9)",548,sequential_212,Dense 64 -> 16 -> 32 -> 64 -> 64 -> 32 -> 1,mse,adam_212,50,256,2.2594,56848.91015625,5259.27734375,5266.81103515625,0.22640650546565377,0.7
2026-09-04 12:50:18,multi_repeat_random_states.py,"(1021, 9)",715,sequential_211,Dense 64 -> 16 -> 32 -> 64 -> 64 -> 32 -> 1,mse,adam_211,50,256,1.406,4414.82373046875,3149.04150390625,3002.365478515625,0.5600147303721346,0.7
2026-09-04 12:50:18,multi_repeat_random_states.py,"(1021, 9)",548,sequential_212,Dense 64 -> 16 -> 32 -> 64 -> 64 -> 32 -> 1,mse,adam_212,50,256,1.4443,5172.7392578125,3043.34619140625,3205.00634765625,0.5292461271019141,0.7
2026-09-04 12:50:19,multi_repeat_random_states.py,"(1021, 9)",632,sequential_212,Dense 64 -> 16 -> 32 -> 64 -> 64 -> 32 -> 1,mse,adam_212,50,256,2.2473,27128.44140625,3147.97314453125,3951.814697265625,0.4609938539153252,0.7
2026-09-04 12:50:19,multi_repeat_random_states.py,"(1021, 9)",715,sequential_211,Dense 64 -> 16 -> 32 -> 64 -> 64 -> 32 -> 1,mse,adam_211,50,256,1.4644,3125.118896484375,2903.45166015625,2954.63037109375,0.5670101080029679,0.7
2026-09-04 12:50:20,multi_repeat_random_states.py,"(1021, 9)",548,sequential_212,Dense 64 -> 16 -> 32 -> 64 -> 64 -> 32 -> 1,mse,adam_212,50,256,1.4246,3031.407958984375,3626.635009765625,2874.26220703125,0.5778260890191,0.7
2026-09-04 12:50:21,multi_repeat_random_states.py,"(1021, 9)",632,sequential_212,Dense 64 -> 16 -> 32 -> 64 -> 64 -> 32 -> 1,mse,adam_212,50,256,1.4032,3385.81689453125,2733.276123046875,3113.071533203125,0.5753939059567996,0.7
2026-09-04 12:50:22,multi_repeat_random_states.py,"(1021, 9)",716,sequential_212,Dense 64 -> 16 -> 32 -> 64 -> 64 -> 32 -> 1,mse,adam_212,50,256,2.2671,47248.1953125,4414.296875,4298.98046875,0.3889334884808925,0.7
2026-09-04 12:50:22,multi_repeat_random_states.py,"(1021, 9)",632,sequential_212,Dense 64 -> 16 -> 32 -> 64 -> 64 -> 32 -> 1,mse,adam_212,50,256,1.4209,2820.51171875,2758.132080078125,3545.021240234375,0.5164782782154409,0.7
2026-09-04 12:50:22,multi_repeat_random_states.py,"(1021, 9)",549,sequential_213,Dense 64 -> 16 -> 32 -> 64 -> 64 -> 32 -> 1,mse,adam_213,50,256,2.2779,567110.0625,5932.701171875,6347.1396484375,0.09659774133413956,0.7
2026-09-04 12:50:23,multi_repeat_random_states.py,"(1021, 9)",716,sequential_212,Dense 64 -> 16 -> 32 -> 64 -> 64 -> 32 -> 1,mse,adam_212,50,256,1.4152,4399.74951171875,3005.354248046875,2800.58544921875,0.6019187042543053,0.7
2026-09-04 12:50:24,multi_repeat_random_states.py,"(1021, 9)",549,sequential_213,Dense 64 -> 16 -> 32 -> 64 -> 64 -> 32 -> 1,mse,adam_213,50,256,1.415,5914.22607421875,4656.9951171875,4931.578125,0.2980777291683775,0.7
2026-09-04 12:50:25,multi_repeat_random_states.py,"(1021, 9)",633,sequential_213,Dense 64 -> 16 -> 32 -> 64 -> 64 -> 32 -> 1,mse,adam_213,50,256,2.2665,44449.92578125,5234.619140625,5169.54150390625,0.283110612351981,0.7
2026-09-04 12:50:25,multi_repeat_random_states.py,"(1021, 9)",716,sequential_212,Dense 64 -> 16 -> 32 -> 64 -> 64 -> 32 -> 1,mse,adam_212,50,256,1.4081,3027.266845703125,3005.11376953125,2784.328857421875,0.6042294317215691,0.7
2026-09-04 12:50:25,multi_repeat_random_states.py,"(1021, 9)",549,sequential_213,Dense 64 -> 16 -> 32 -> 64 -> 64 -> 32 -> 1,mse,adam_213,50,256,1.4122,4609.728515625,2934.03369140625,3009.955810546875,0.5715864326270337,0.7
2026-09-04 12:50:26,multi_repeat_random_states.py,"(1021, 9)",633,sequential_213,Dense 64 -> 16 -> 32 -> 64 -> 64 -> 32 -> 1,mse,adam_213,50,256,1.4406,5099.6328125,3086.919677734375,2933.40478515625,0.593208296174293,0.7
2026-09-04 12:50:27,multi_repeat_random_states.py,"(1021, 9)",717,sequential_213,Dense 64 -> 16 -> 32 -> 64 -> 64 -> 32 -> 1,mse,adam_213,50,256,2.3302,15699.759765625,3636.394287109375,3337.10107421875,0.4843372148787065,0.7
2026-09-04 12:50:28,multi_repeat_random_states.py,"(1021, 9)",633,sequential_213,Dense 64 -> 16 -> 32 -> 64 -> 64 -> 32 -> 1,mse,adam_213,50,256,1.42,3143.96484375,3070.193359375,3304.79345703125,0.5417057925098133,0.7
2026-09-04 12:50:28,multi_repeat_random_states.py,"(1021, 9)",550,sequential_214,Dense 64 -> 16 -> 32 -> 64 -> 64 -> 32 -> 1,mse,adam_214,50,256,2.2528,38679.33984375,3576.7734375,3584.24267578125,0.4971709029049959,0.7
2026-09-04 12:50:29,multi_repeat_random_states.py,"(1021, 9)",717,sequential_213,Dense 64 -> 16 -> 32 -> 64 -> 64 -> 32 -> 1,mse,adam_213,50,256,1.4361,3458.46533203125,2958.730712890625,2697.66455078125,0.5831456101582695,0.7
2026-09-04 12:50:29,multi_repeat_random_states.py,"(1021, 9)",550,sequential_214,Dense 64 -> 16 -> 32 -> 64 -> 64 -> 32 -> 1,mse,adam_214,50,256,1.4461,3673.282958984375,3070.435546875,3111.518310546875,0.5634888355047261,0.7
2026-09-04 12:50:30,multi_repeat_random_states.py,"(1021, 9)",634,sequential_214,Dense 64 -> 16 -> 32 -> 64 -> 64 -> 32 -> 1,mse,adam_214,50,256,2.2301,28493.515625,3342.49072265625,3421.07958984375,0.513574345648917,0.7
2026-09-04 12:50:30,multi_repeat_random_states.py,"(1021, 9)",717,sequential_213,Dense 64 -> 16 -> 32 -> 64 -> 64 -> 32 -> 1,mse,adam_213,50,256,1.4081,2941.054443359375,3579.951171875,3981.74658203125,0.384723860926517,0.7
2026-09-04 12:50:31,multi_repeat_random_states.py,"(1021, 9)",550,sequential_214,Dense 64 -> 16 -> 32 -> 64 -> 64 -> 32 -> 1,mse,adam_214,50,256,1.4046,3029.4853515625,3697.947265625,2917.68212890625,0.5906818834965374,0.7
2026-09-04 12:50:32,multi_repeat_random_states.py,"(1021, 9)",634,sequential_214,Dense 64 -> 16 -> 32 -> 64 -> 64 -> 32 -> 1,mse,adam_214,50,256,1.4297,3399.072509765625,2787.594482421875,3139.638916015625,0.5535909807196802,0.7
2026-09-04 12:50:33,multi_repeat_random_states.py,"(1021, 9)",718,sequential_214,Dense 64 -> 16 -> 32 -> 64 -> 64 -> 32 -> 1,mse,adam_214,50,256,2.2677,34150.60546875,3944.765380859375,3941.47705078125,0.396872160608029,0.7
2026-09-04 12:50:33,multi_repeat_random_states.py,"(1021, 9)",634,sequential_214,Dense 64 -> 16 -> 32 -> 64 -> 64 -> 32 -> 1,mse,adam_214,50,256,1.4487,2851.438232421875,2823.75439453125,3357.270751953125,0.5226469986821641,0.7
2026-09-04 12:50:33,multi_repeat_random_states.py,"(1021, 9)",551,sequential_215,Dense 64 -> 16 -> 32 -> 64 -> 64 -> 32 -> 1,mse,adam_215,50,256,2.2586,181182.046875,6009.279296875,6488.33984375,0.07667428214113892,0.7
2026-09-04 12:50:34,multi_repeat_random_states.py,"(1021, 9)",718,sequential_214,Dense 64 -> 16 -> 32 -> 64 -> 64 -> 32 -> 1,mse,adam_214,50,256,1.3957,4086.874755859375,3077.732177734375,2788.56103515625,0.5732922253531791,0.7
2026-09-04 12:50:35,multi_repeat_random_states.py,"(1021, 9)",551,sequential_215,Dense 64 -> 16 -> 32 -> 64 -> 64 -> 32 -> 1,mse,adam_215,50,256,1.4133,5997.8271484375,4301.2392578125,4526.66259765625,0.3558315380747331,0.7
2026-09-04 12:50:36,multi_repeat_random_states.py,"(1021, 9)",635,sequential_215,Dense 64 -> 16 -> 32 -> 64 -> 64 -> 32 -> 1,mse,adam_215,50,256,2.2778,19381.6953125,3188.980712890625,2956.796142578125,0.555608659639294,0.7
2026-09-04 12:50:36,multi_repeat_random_states.py,"(1021, 9)",718,sequential_214,Dense 64 -> 16 -> 32 -> 64 -> 64 -> 32 -> 1,mse,adam_214,50,256,1.4071,3032.3916015625,2946.598388671875,2699.537353515625,0.5869146907639122,0.7
2026-09-04 12:50:36,multi_repeat_random_states.py,"(1021, 9)",551,sequential_215,Dense 64 -> 16 -> 32 -> 64 -> 64 -> 32 -> 1,mse,adam_215,50,256,1.4072,4242.849609375,2796.88818359375,2986.949462890625,0.5749409666274776,0.7
2026-09-04 12:50:37,multi_repeat_random_states.py,"(1021, 9)",635,sequential_215,Dense 64 -> 16 -> 32 -> 64 -> 64 -> 32 -> 1,mse,adam_215,50,256,1.4067,3150.794677734375,2945.65185546875,2819.7265625,0.5762095085459805,0.7
2026-09-04 12:50:38,multi_repeat_random_states.py,"(1021, 9)",719,sequential_215,Dense 64 -> 16 -> 32 -> 64 -> 64 -> 32 -> 1,mse,adam_215,50,256,2.2532,60592.9140625,5478.43994140625,5310.861328125,0.2281999580907519,0.7
2026-09-04 12:50:39,multi_repeat_random_states.py,"(1021, 9)",552,sequential_216,Dense 64 -> 16 -> 32 -> 64 -> 64 -> 32 -> 1,mse,adam_216,50,256,2.2639,262543.375,6090.91064453125,5339.88818359375,0.1770210658388115,0.7
2026-09-04 12:50:39,multi_repeat_random_states.py,"(1021, 9)",635,sequential_215,Dense 64 -> 16 -> 32 -> 64 -> 64 -> 32 -> 1,mse,adam_215,50,256,1.477,2996.6240234375,2937.8369140625,2599.396484375,0.6093240623249763,0.7
2026-09-04 12:50:40,multi_repeat_random_states.py,"(1021, 9)",719,sequential_215,Dense 64 -> 16 -> 32 -> 64 -> 64 -> 32 -> 1,mse,adam_215,50,256,1.404,5415.68408203125,3523.421630859375,3285.53271484375,0.5225304761456221,0.7
2026-09-04 12:50:40,multi_repeat_random_states.py,"(1021, 9)",552,sequential_216,Dense 64 -> 16 -> 32 -> 64 -> 64 -> 32 -> 1,mse,adam_216,50,256,1.4323,6045.15283203125,3518.31005859375,2905.63818359375,0.5521856058316537,0.7
2026-09-04 12:50:41,multi_repeat_random_states.py,"(1021, 9)",636,sequential_216,Dense 64 -> 16 -> 32 -> 64 -> 64 -> 32 -> 1,mse,adam_216,50,256,2.2562,109938.046875,5700.67138671875,4829.7646484375,0.17707960461099326,0.7
2026-09-04 12:50:41,multi_repeat_random_states.py,"(1021, 9)",719,sequential_215,Dense 64 -> 16 -> 32 -> 64 -> 64 -> 32 -> 1,mse,adam_215,50,256,1.403,3235.423583984375,3200.50537109375,2942.128662109375,0.5724355646240282,0.7
2026-09-04 12:50:42,multi_repeat_random_states.py,"(1021, 9)",552,sequential_216,Dense 64 -> 16 -> 32 -> 64 -> 64 -> 32 -> 1,mse,adam_216,50,256,1.4117,3471.067138671875,2985.20654296875,2447.85791015625,0.6227382776045034,0.7
2026-09-04 12:50:43,multi_repeat_random_states.py,"(1021, 9)",636,sequential_216,Dense 64 -> 16 -> 32 -> 64 -> 64 -> 32 -> 1,mse,adam_216,50,256,1.4105,5644.2685546875,3239.5068359375,3164.902099609375,0.4607475181473223,0.7
2026-09-04 12:50:44,multi_repeat_random_states.py,"(1021, 9)",720,sequential_216,Dense 64 -> 16 -> 32 -> 64 -> 64 -> 32 -> 1,mse,adam_216,50,256,2.2447,30360.85546875,3181.2568359375,3059.501708984375,0.5467485140208654,0.7
2026-09-04 12:50:44,multi_repeat_random_states.py,"(1021, 9)",553,sequential_217,Dense 64 -> 16 -> 32 -> 64 -> 64 -> 32 -> 1,mse,adam_217,50,256,2.2606,36480.12109375,4202.7919921875,4284.10302734375,0.3511263175385345,0.7
2026-09-04 12:50:45,multi_repeat_random_states.py,"(1021, 9)",636,sequential_216,Dense 64 -> 16 -> 32 -> 64 -> 64 -> 32 -> 1,mse,adam_216,50,256,1.4024,3118.468505859375,2895.27685546875,3068.61767578125,0.4771529568554925,0.7
2026-09-04 12:50:46,multi_repeat_random_states.py,"(1021, 9)",720,sequential_216,Dense 64 -> 16 -> 32 -> 64 -> 64 -> 32 -> 1,mse,adam_216,50,256,1.4196,3399.2099609375,3317.255126953125,2744.11962890625,0.5934709778598832,0.7
2026-09-04 12:50:46,multi_repeat_random_states.py,"(1021, 9)",553,sequential_217,Dense 64 -> 16 -> 32 -> 64 -> 64 -> 32 -> 1,mse,adam_217,50,256,1.3843,4113.673828125,2902.60205078125,3111.130615234375,0.5287856098204816,0.7
2026-09-04 12:50:47,multi_repeat_random_states.py,"(1021, 9)",637,sequential_217,Dense 64 -> 16 -> 32 -> 64 -> 64 -> 32 -> 1,mse,adam_217,50,256,2.252,34999.8046875,3285.00341796875,3125.662353515625,0.5422913769852753,0.7
2026-09-04 12:50:47,multi_repeat_random_states.py,"(1021, 9)",720,sequential_216,Dense 64 -> 16 -> 32 -> 64 -> 64 -> 32 -> 1,mse,adam_216,50,256,1.4834,2908.594482421875,3197.427490234375,2898.322509765625,0.5706265110262068,0.7
2026-09-04 12:50:47,multi_repeat_random_states.py,"(1021, 9)",553,sequential_217,Dense 64 -> 16 -> 32 -> 64 -> 64 -> 32 -> 1,mse,adam_217,50,256,1.429,2944.311767578125,3002.266357421875,3386.164306640625,0.48712882745476604,0.7
2026-09-04 12:50:49,multi_repeat_random_states.py,"(1021, 9)",637,sequential_217,Dense 64 -> 16 -> 32 -> 64 -> 64 -> 32 -> 1,mse,adam_217,50,256,1.3809,3353.613037109375,2974.41796875,2938.1708984375,0.5697468190577795,0.7
2026-09-04 12:50:50,multi_repeat_random_states.py,"(1021, 9)",721,sequential_217,Dense 64 -> 16 -> 32 -> 64 -> 64 -> 32 -> 1,mse,adam_217,50,256,2.2361,35594.28515625,4030.7763671875,4244.34912109375,0.35987959062818475,0.7
2026-09-04 12:50:50,multi_repeat_random_states.py,"(1021, 9)",554,sequential_218,Dense 64 -> 16 -> 32 -> 64 -> 64 -> 32 -> 1,mse,adam_218,50,256,2.234,38088.38671875,5560.16796875,5170.310546875,0.19291856698289012,0.7
2026-09-04 12:50:50,multi_repeat_random_states.py,"(1021, 9)",637,sequential_217,Dense 64 -> 16 -> 32 -> 64 -> 64 -> 32 -> 1,mse,adam_217,50,256,1.4746,2819.849365234375,2981.0556640625,2917.80029296875,0.5727298332583657,0.7
2026-09-04 12:50:51,multi_repeat_random_states.py,"(1021, 9)",721,sequential_217,Dense 64 -> 16 -> 32 -> 64 -> 64 -> 32 -> 1,mse,adam_217,50,256,1.3925,4310.52783203125,2978.7724609375,2967.872314453125,0.5523940974700574,0.7
2026-09-04 12:50:51,multi_repeat_random_states.py,"(1021, 9)",554,sequential_218,Dense 64 -> 16 -> 32 -> 64 -> 64 -> 32 -> 1,mse,adam_218,50,256,1.398,5522.26220703125,2909.82763671875,2916.481201171875,0.5447396567249723,0.7
2026-09-04 12:50:53,multi_repeat_random_states.py,"(1021, 9)",638,sequential_218,Dense 64 -> 16 -> 32 -> 64 -> 64 -> 32 -> 1,mse,adam_218,50,256,2.3014,66845.6640625,5302.61376953125,5211.03173828125,0.22326231357352133,0.7
2026-09-04 12:50:53,multi_repeat_random_states.py,"(1021, 9)",721,sequential_217,Dense 64 -> 16 -> 32 -> 64 -> 64 -> 32 -> 1,mse,adam_217,50,256,1.4653,3015.31689453125,2896.06494140625,3073.613037109375,0.5364466009158348,0.7
2026-09-04 12:50:53,multi_repeat_random_states.py,"(1021, 9)",554,sequential_218,Dense 64 -> 16 -> 32 -> 64 -> 64 -> 32 -> 1,mse,adam_218,50,256,1.4287,2970.384521484375,2862.519287109375,2801.712646484375,0.5626549051030498,0.7
2026-09-04 12:50:54,multi_repeat_random_states.py,"(1021, 9)",638,sequential_218,Dense 64 -> 16 -> 32 -> 64 -> 64 -> 32 -> 1,mse,adam_218,50,256,1.3917,5238.87890625,3290.965087890625,3282.948974609375,0.5106555119067583,0.7
2026-09-04 12:50:55,multi_repeat_random_states.py,"(1021, 9)",722,sequential_218,Dense 64 -> 16 -> 32 -> 64 -> 64 -> 32 -> 1,mse,adam_218,50,256,2.2256,40870.32421875,3917.445556640625,3039.71923828125,0.5657464171964468,0.7
2026-09-04 12:50:56,multi_repeat_random_states.py,"(1021, 9)",555,sequential_219,Dense 64 -> 16 -> 32 -> 64 -> 64 -> 32 -> 1,mse,adam_219,50,256,2.2301,27475.392578125,4536.56689453125,3554.356201171875,0.4394350349167605,0.7
2026-09-04 12:50:56,multi_repeat_random_states.py,"(1021, 9)",638,sequential_218,Dense 64 -> 16 -> 32 -> 64 -> 64 -> 32 -> 1,mse,adam_218,50,256,1.3983,3283.15771484375,2866.83056640625,2989.388671875,0.5544125001807994,0.7
2026-09-04 12:50:57,multi_repeat_random_states.py,"(1021, 9)",722,sequential_218,Dense 64 -> 16 -> 32 -> 64 -> 64 -> 32 -> 1,mse,adam_218,50,256,1.4625,3400.937744140625,3146.294677734375,2626.554443359375,0.6247710126189279,0.7
2026-09-04 12:50:57,multi_repeat_random_states.py,"(1021, 9)",555,sequential_219,Dense 64 -> 16 -> 32 -> 64 -> 64 -> 32 -> 1,mse,adam_219,50,256,1.4225,4196.3486328125,3052.409423828125,2434.59814453125,0.6160343602202406,0.7
2026-09-04 12:50:58,multi_repeat_random_states.py,"(1021, 9)",639,sequential_219,Dense 64 -> 16 -> 32 -> 64 -> 64 -> 32 -> 1,mse,adam_219,50,256,2.2775,87508.46875,5631.35498046875,5349.96533203125,0.18691428627003925,0.7
2026-09-04 12:50:58,multi_repeat_random_states.py,"(1021, 9)",722,sequential_218,Dense 64 -> 16 -> 32 -> 64 -> 64 -> 32 -> 1,mse,adam_218,50,256,1.4117,3022.140380859375,3063.519287109375,2507.150146484375,0.6418290985445587,0.7
2026-09-04 12:50:59,multi_repeat_random_states.py,"(1021, 9)",555,sequential_219,Dense 64 -> 16 -> 32 -> 64 -> 64 -> 32 -> 1,mse,adam_219,50,256,1.4055,3064.1806640625,3880.628173828125,2809.489501953125,0.5569094617009984,0.7
2026-09-04 12:51:00,multi_repeat_random_states.py,"(1021, 9)",639,sequential_219,Dense 64 -> 16 -> 32 -> 64 -> 64 -> 32 -> 1,mse,adam_219,50,256,1.377,5610.44775390625,3233.239501953125,3111.190185546875,0.5271625204402337,0.7
2026-09-04 12:51:01,multi_repeat_random_states.py,"(1021, 9)",723,sequential_219,Dense 64 -> 16 -> 32 -> 64 -> 64 -> 32 -> 1,mse,adam_219,50,256,2.2654,14242.61328125,3001.1533203125,2988.08056640625,0.5645764616335835,0.7
2026-09-04 12:51:01,multi_repeat_random_states.py,"(1021, 9)",556,sequential_220,Dense 64 -> 16 -> 32 -> 64 -> 64 -> 32 -> 1,mse,adam_220,50,256,2.24,31395.638671875,4355.568359375,4301.4267578125,0.4133372512390885,0.7
2026-09-04 12:51:01,multi_repeat_random_states.py,"(1021, 9)",639,sequential_219,Dense 64 -> 16 -> 32 -> 64 -> 64 -> 32 -> 1,mse,adam_219,50,256,1.4929,3205.197998046875,3141.339599609375,3250.260009765625,0.5060266936910411,0.7
2026-09-04 12:51:02,multi_repeat_random_states.py,"(1021, 9)",723,sequential_219,Dense 64 -> 16 -> 32 -> 64 -> 64 -> 32 -> 1,mse,adam_219,50,256,1.4657,2992.20849609375,2859.488525390625,2913.11669921875,0.5755002145673372,0.7
2026-09-04 12:51:03,multi_repeat_random_states.py,"(1021, 9)",556,sequential_220,Dense 64 -> 16 -> 32 -> 64 -> 64 -> 32 -> 1,mse,adam_220,50,256,1.4068,4173.57958984375,2907.37109375,3018.5615234375,0.58830461296609,0.7
2026-09-04 12:51:04,multi_repeat_random_states.py,"(1021, 9)",640,sequential_220,Dense 64 -> 16 -> 32 -> 64 -> 64 -> 32 -> 1,mse,adam_220,50,256,2.2998,106942.6484375,5468.966796875,5375.4267578125,0.20875955523819345,0.7
2026-09-04 12:51:04,multi_repeat_random_states.py,"(1021, 9)",723,sequential_219,Dense 64 -> 16 -> 32 -> 64 -> 64 -> 32 -> 1,mse,adam_219,50,256,1.4161,2872.059326171875,2927.2666015625,3405.55078125,0.5037426911564068,0.7
2026-09-04 12:51:04,multi_repeat_random_states.py,"(1021, 9)",556,sequential_220,Dense 64 -> 16 -> 32 -> 64 -> 64 -> 32 -> 1,mse,adam_220,50,256,1.461,2943.09130859375,2821.844482421875,3352.36865234375,0.5427773367639165,0.7
2026-09-04 12:51:05,multi_repeat_random_states.py,"(1021, 9)",640,sequential_220,Dense 64 -> 16 -> 32 -> 64 -> 64 -> 32 -> 1,mse,adam_220,50,256,1.4017,5424.052734375,2995.680908203125,2937.9208984375,0.5675502322747416,0.7
2026-09-04 12:51:06,multi_repeat_random_states.py,"(1021, 9)",724,sequential_220,Dense 64 -> 16 -> 32 -> 64 -> 64 -> 32 -> 1,mse,adam_220,50,256,2.2162,46749.6953125,4631.80419921875,5247.91259765625,0.255817917311599,0.7
2026-09-04 12:51:07,multi_repeat_random_states.py,"(1021, 9)",557,sequential_221,Dense 64 -> 16 -> 32 -> 64 -> 64 -> 32 -> 1,mse,adam_221,50,256,2.2113,21438.1953125,3323.52099609375,4415.84716796875,0.41314521473896104,0.7
2026-09-04 12:51:07,multi_repeat_random_states.py,"(1021, 9)",640,sequential_220,Dense 64 -> 16 -> 32 -> 64 -> 64 -> 32 -> 1,mse,adam_220,50,256,1.435,3141.894287109375,3244.162109375,3102.959716796875,0.543257208874434,0.7
2026-09-04 12:51:08,multi_repeat_random_states.py,"(1021, 9)",724,sequential_220,Dense 64 -> 16 -> 32 -> 64 -> 64 -> 32 -> 1,mse,adam_220,50,256,1.417,4663.10498046875,2999.8603515625,3019.446044921875,0.5718263759063019,0.7
2026-09-04 12:51:08,multi_repeat_random_states.py,"(1021, 9)",557,sequential_221,Dense 64 -> 16 -> 32 -> 64 -> 64 -> 32 -> 1,mse,adam_221,50,256,1.4551,3389.65869140625,2907.37744140625,3405.15380859375,0.5474637771643875,0.7
2026-09-04 12:51:09,multi_repeat_random_states.py,"(1021, 9)",641,sequential_221,Dense 64 -> 16 -> 32 -> 64 -> 64 -> 32 -> 1,mse,adam_221,50,256,2.2612,38671.94140625,5429.44775390625,5102.65283203125,0.21945298772906374,0.7
2026-09-04 12:51:10,multi_repeat_random_states.py,"(1021, 9)",724,sequential_220,Dense 64 -> 16 -> 32 -> 64 -> 64 -> 32 -> 1,mse,adam_220,50,256,1.4623,2953.646484375,2814.766357421875,2906.630615234375,0.5878242257347102,0.7
2026-09-04 12:51:10,multi_repeat_random_states.py,"(1021, 9)",557,sequential_221,Dense 64 -> 16 -> 32 -> 64 -> 64 -> 32 -> 1,mse,adam_221,50,256,1.3995,3006.46728515625,2739.52099609375,3101.972900390625,0.5877557030812834,0.7
2026-09-04 12:51:11,multi_repeat_random_states.py,"(1021, 9)",641,sequential_221,Dense 64 -> 16 -> 32 -> 64 -> 64 -> 32 -> 1,mse,adam_221,50,256,1.3944,5316.82861328125,2965.3662109375,2742.87353515625,0.5804257761202549,0.7
2026-09-04 12:51:12,multi_repeat_random_states.py,"(1021, 9)",725,sequential_221,Dense 64 -> 16 -> 32 -> 64 -> 64 -> 32 -> 1,mse,adam_221,50,256,2.2292,125132.8046875,5420.4296875,5832.154296875,0.14736388069219497,0.7
2026-09-04 12:51:12,multi_repeat_random_states.py,"(1021, 9)",558,sequential_222,Dense 64 -> 16 -> 32 -> 64 -> 64 -> 32 -> 1,mse,adam_222,50,256,2.307,97205.0703125,5355.69775390625,5188.60791015625,0.24497745950924454,0.7
2026-09-04 12:51:13,multi_repeat_random_states.py,"(1021, 9)",641,sequential_221,Dense 64 -> 16 -> 32 -> 64 -> 64 -> 32 -> 1,mse,adam_221,50,256,1.4673,2916.015380859375,2930.0986328125,2753.48828125,0.5788021059711137,0.7
2026-09-04 12:51:14,multi_repeat_random_states.py,"(1021, 9)",725,sequential_221,Dense 64 -> 16 -> 32 -> 64 -> 64 -> 32 -> 1,mse,adam_221,50,256,1.4171,5385.11376953125,2954.450927734375,3747.6318359375,0.45211218161348365,0.7
2026-09-04 12:51:14,multi_repeat_random_states.py,"(1021, 9)",558,sequential_222,Dense 64 -> 16 -> 32 -> 64 -> 64 -> 32 -> 1,mse,adam_222,50,256,1.4564,5343.47216796875,2907.14453125,3058.370361328125,0.5549599139846704,0.7
2026-09-04 12:51:15,multi_repeat_random_states.py,"(1021, 9)",725,sequential_221,Dense 64 -> 16 -> 32 -> 64 -> 64 -> 32 -> 1,mse,adam_221,50,256,1.3995,2982.619140625,2757.797119140625,3352.127197265625,0.5099332739252458,0.7
2026-09-04 12:51:15,multi_repeat_random_states.py,"(1021, 9)",642,sequential_222,Dense 64 -> 16 -> 32 -> 64 -> 64 -> 32 -> 1,mse,adam_222,50,256,2.2422,42730.9453125,5231.72021484375,4166.19140625,0.29319445882995665,0.7
2026-09-04 12:51:15,multi_repeat_random_states.py,"(1021, 9)",558,sequential_222,Dense 64 -> 16 -> 32 -> 64 -> 64 -> 32 -> 1,mse,adam_222,50,256,1.4367,2963.97705078125,2833.96630859375,2779.684814453125,0.5955129387560856,0.7
2026-09-04 12:51:17,multi_repeat_random_states.py,"(1021, 9)",642,sequential_222,Dense 64 -> 16 -> 32 -> 64 -> 64 -> 32 -> 1,mse,adam_222,50,256,1.3833,5196.912109375,3580.32177734375,3377.2890625,0.42703386638049,0.7
2026-09-04 12:51:17,multi_repeat_random_states.py,"(1021, 9)",726,sequential_222,Dense 64 -> 16 -> 32 -> 64 -> 64 -> 32 -> 1,mse,adam_222,50,256,2.213,27448.951171875,3896.00341796875,3238.12841796875,0.5122507506744005,0.7
2026-09-04 12:51:18,multi_repeat_random_states.py,"(1021, 9)",559,sequential_223,Dense 64 -> 16 -> 32 -> 64 -> 64 -> 32 -> 1,mse,adam_223,50,256,2.2364,19579.587890625,2784.548583984375,3598.270751953125,0.4975688075099566,0.7
2026-09-04 12:51:18,multi_repeat_random_states.py,"(1021, 9)",642,sequential_222,Dense 64 -> 16 -> 32 -> 64 -> 64 -> 32 -> 1,mse,adam_222,50,256,1.4348,3193.429931640625,3177.727294921875,3097.34326171875,0.47452743511727624,0.7
2026-09-04 12:51:19,multi_repeat_random_states.py,"(1021, 9)",726,sequential_222,Dense 64 -> 16 -> 32 -> 64 -> 64 -> 32 -> 1,mse,adam_222,50,256,1.4301,3561.351318359375,3160.887939453125,3346.02392578125,0.4959987650470671,0.7
2026-09-04 12:51:19,multi_repeat_random_states.py,"(1021, 9)",559,sequential_223,Dense 64 -> 16 -> 32 -> 64 -> 64 -> 32 -> 1,mse,adam_223,50,256,1.3827,2787.4287109375,2890.324462890625,4360.97265625,0.3910717597580019,0.7
2026-09-04 12:51:21,multi_repeat_random_states.py,"(1021, 9)",726,sequential_222,Dense 64 -> 16 -> 32 -> 64 -> 64 -> 32 -> 1,mse,adam_222,50,256,1.4036,3298.65966796875,3099.6796875,2757.550048828125,0.5846387970788332,0.7
2026-09-04 12:51:21,multi_repeat_random_states.py,"(1021, 9)",643,sequential_223,Dense 64 -> 16 -> 32 -> 64 -> 64 -> 32 -> 1,mse,adam_223,50,256,2.2359,51014.21875,4203.67919921875,4261.7705078125,0.39925529088131906,0.7
2026-09-04 12:51:21,multi_repeat_random_states.py,"(1021, 9)",559,sequential_223,Dense 64 -> 16 -> 32 -> 64 -> 64 -> 32 -> 1,mse,adam_223,50,256,1.4025,3082.09765625,2734.160888671875,3402.5029296875,0.5249041429365298,0.7
2026-09-04 12:51:22,multi_repeat_random_states.py,"(1021, 9)",643,sequential_223,Dense 64 -> 16 -> 32 -> 64 -> 64 -> 32 -> 1,mse,adam_223,50,256,1.3823,3853.257568359375,2994.541259765625,3129.634033203125,0.5588427249370524,0.7
2026-09-04 12:51:23,multi_repeat_random_states.py,"(1021, 9)",727,sequential_223,Dense 64 -> 16 -> 32 -> 64 -> 64 -> 32 -> 1,mse,adam_223,50,256,2.2823,63274.58984375,5325.28662109375,5697.11376953125,0.2126893742672782,0.7
2026-09-04 12:51:23,multi_repeat_random_states.py,"(1021, 9)",560,sequential_224,Dense 64 -> 16 -> 32 -> 64 -> 64 -> 32 -> 1,mse,adam_224,50,256,2.2301,38273.546875,4810.279296875,4189.6162109375,0.33051164640557895,0.7
2026-09-04 12:51:24,multi_repeat_random_states.py,"(1021, 9)",643,sequential_223,Dense 64 -> 16 -> 32 -> 64 -> 64 -> 32 -> 1,mse,adam_223,50,256,1.4226,3147.086669921875,2805.235595703125,2995.76806640625,0.5777126277069258,0.7
2026-09-04 12:51:25,multi_repeat_random_states.py,"(1021, 9)",727,sequential_223,Dense 64 -> 16 -> 32 -> 64 -> 64 -> 32 -> 1,mse,adam_223,50,256,1.3836,5274.6416015625,2934.659912109375,3444.461181640625,0.5239938999355904,0.7
2026-09-04 12:51:25,multi_repeat_random_states.py,"(1021, 9)",560,sequential_224,Dense 64 -> 16 -> 32 -> 64 -> 64 -> 32 -> 1,mse,adam_224,50,256,1.3745,4710.14697265625,2963.484130859375,2717.4072265625,0.5657662532983146,0.7
2026-09-04 12:51:26,multi_repeat_random_states.py,"(1021, 9)",727,sequential_223,Dense 64 -> 16 -> 32 -> 64 -> 64 -> 32 -> 1,mse,adam_223,50,256,1.4339,3018.783447265625,2878.90966796875,2980.51025390625,0.5881093878145724,0.7
2026-09-04 12:51:26,multi_repeat_random_states.py,"(1021, 9)",644,sequential_224,Dense 64 -> 16 -> 32 -> 64 -> 64 -> 32 -> 1,mse,adam_224,50,256,2.2961,47400.59375,4384.12158203125,4093.642578125,0.3737304807417551,0.7
2026-09-04 12:51:26,multi_repeat_random_states.py,"(1021, 9)",560,sequential_224,Dense 64 -> 16 -> 32 -> 64 -> 64 -> 32 -> 1,mse,adam_224,50,256,1.3974,3043.531005859375,2935.253662109375,3158.972900390625,0.4952054628875704,0.7
2026-09-04 12:51:28,multi_repeat_random_states.py,"(1021, 9)",644,sequential_224,Dense 64 -> 16 -> 32 -> 64 -> 64 -> 32 -> 1,mse,adam_224,50,256,1.4141,4262.03564453125,2981.74267578125,2715.142578125,0.5846215447817196,0.7
2026-09-04 12:51:29,multi_repeat_random_states.py,"(1021, 9)",728,sequential_224,Dense 64 -> 16 -> 32 -> 64 -> 64 -> 32 -> 1,mse,adam_224,50,256,2.2468,23914.279296875,3590.556884765625,3910.67529296875,0.4257111284754197,0.7
2026-09-04 12:51:29,multi_repeat_random_states.py,"(1021, 9)",561,sequential_225,Dense 64 -> 16 -> 32 -> 64 -> 64 -> 32 -> 1,mse,adam_225,50,256,2.2283,62865.80078125,4909.697265625,4014.478515625,0.33523753181880844,0.7
2026-09-04 12:51:29,multi_repeat_random_states.py,"(1021, 9)",644,sequential_224,Dense 64 -> 16 -> 32 -> 64 -> 64 -> 32 -> 1,mse,adam_224,50,256,1.3918,2965.43505859375,2895.40234375,2652.296875,0.5942360832542648,0.7
2026-09-04 12:51:30,multi_repeat_random_states.py,"(1021, 9)",728,sequential_224,Dense 64 -> 16 -> 32 -> 64 -> 64 -> 32 -> 1,mse,adam_224,50,256,1.3948,3717.761474609375,2993.154296875,2830.81689453125,0.5842900607970116,0.7
2026-09-04 12:51:30,multi_repeat_random_states.py,"(1021, 9)",561,sequential_225,Dense 64 -> 16 -> 32 -> 64 -> 64 -> 32 -> 1,mse,adam_225,50,256,1.4553,4822.62744140625,3492.748779296875,3136.149169921875,0.480681111207219,0.7
2026-09-04 12:51:32,multi_repeat_random_states.py,"(1021, 9)",728,sequential_224,Dense 64 -> 16 -> 32 -> 64 -> 64 -> 32 -> 1,mse,adam_224,50,256,1.4391,2948.152587890625,3224.90234375,2758.71826171875,0.5948778202581848,0.7
2026-09-04 12:51:32,multi_repeat_random_states.py,"(1021, 9)",645,sequential_225,Dense 64 -> 16 -> 32 -> 64 -> 64 -> 32 -> 1,mse,adam_225,50,256,2.2899,47258.06640625,4150.24658203125,4109.68359375,0.38141206029715835,0.7
2026-09-04 12:51:32,multi_repeat_random_states.py,"(1021, 9)",561,sequential_225,Dense 64 -> 16 -> 32 -> 64 -> 64 -> 32 -> 1,mse,adam_225,50,256,1.3962,3295.5322265625,3167.300537109375,2650.6181640625,0.5610808815331807,0.7
2026-09-04 12:51:33,multi_repeat_random_states.py,"(1021, 9)",645,sequential_225,Dense 64 -> 16 -> 32 -> 64 -> 64 -> 32 -> 1,mse,adam_225,50,256,1.4927,4032.02978515625,3047.83984375,2754.0849609375,0.5854562401063284,0.7
2026-09-04 12:51:34,multi_repeat_random_states.py,"(1021, 9)",729,sequential_225,Dense 64 -> 16 -> 32 -> 64 -> 64 -> 32 -> 1,mse,adam_225,50,256,2.3474,26304.388671875,4154.14892578125,4681.4521484375,0.3889011620309505,0.7
2026-09-04 12:51:35,multi_repeat_random_states.py,"(1021, 9)",645,sequential_225,Dense 64 -> 16 -> 32 -> 64 -> 64 -> 32 -> 1,mse,adam_225,50,256,1.4207,3276.0556640625,2901.29296875,2734.943115234375,0.5883374620444723,0.7
2026-09-04 12:51:36,multi_repeat_random_states.py,"(1021, 9)",729,sequential_225,Dense 64 -> 16 -> 32 -> 64 -> 64 -> 32 -> 1,mse,adam_225,50,256,1.5063,4089.6416015625,3170.614013671875,3575.3447265625,0.5332882061373583,0.7
2026-09-04 12:51:37,multi_repeat_random_states.py,"(1021, 9)",562,sequential_226,Dense 64 -> 16 -> 32 -> 64 -> 64 -> 32 -> 1,mse,adam_226,50,256,4.3701,33728.0234375,4175.69189453125,4646.42822265625,0.33228235358973746,0.7
2026-09-04 12:51:37,multi_repeat_random_states.py,"(1021, 9)",729,sequential_225,Dense 64 -> 16 -> 32 -> 64 -> 64 -> 32 -> 1,mse,adam_225,50,256,1.4268,2828.65380859375,3238.90380859375,3095.234375,0.5959599679513881,0.7
2026-09-04 12:51:38,multi_repeat_random_states.py,"(1021, 9)",562,sequential_226,Dense 64 -> 16 -> 32 -> 64 -> 64 -> 32 -> 1,mse,adam_226,50,256,1.5317,4019.595947265625,2871.38916015625,3152.482421875,0.5469707207043385,0.7
2026-09-04 12:51:40,multi_repeat_random_states.py,"(1021, 9)",646,sequential_226,Dense 64 -> 16 -> 32 -> 64 -> 64 -> 32 -> 1,mse,adam_226,50,256,4.401,14760.361328125,2896.877685546875,3577.193603515625,0.5228488746454867,0.7
2026-09-04 12:51:40,multi_repeat_random_states.py,"(1021, 9)",562,sequential_226,Dense 64 -> 16 -> 32 -> 64 -> 64 -> 32 -> 1,mse,adam_226,50,256,1.4928,2823.63525390625,2840.92626953125,3208.28515625,0.5389515633025468,0.7
2026-09-04 12:51:41,multi_repeat_random_states.py,"(1021, 9)",646,sequential_226,Dense 64 -> 16 -> 32 -> 64 -> 64 -> 32 -> 1,mse,adam_226,50,256,1.4661,2924.396240234375,2782.23486328125,3031.5458984375,0.5956311843324509,0.7
2026-09-04 12:51:42,multi_repeat_random_states.py,"(1021, 9)",730,sequential_226,Dense 64 -> 16 -> 32 -> 64 -> 64 -> 32 -> 1,mse,adam_226,50,256,4.3503,26454.890625,3230.2509765625,3342.054443359375,0.5396360562056963,0.7
2026-09-04 12:51:42,multi_repeat_random_states.py,"(1021, 9)",563,sequential_227,Dense 64 -> 16 -> 32 -> 64 -> 64 -> 32 -> 1,mse,adam_227,50,256,2.2842,58527.41796875,5798.93798828125,5200.6376953125,0.16599682155221562,0.7
2026-09-04 12:51:43,multi_repeat_random_states.py,"(1021, 9)",646,sequential_226,Dense 64 -> 16 -> 32 -> 64 -> 64 -> 32 -> 1,mse,adam_226,50,256,1.4382,2782.55224609375,3015.3271484375,3899.508544921875,0.47985622621161295,0.7
2026-09-04 12:51:44,multi_repeat_random_states.py,"(1021, 9)",730,sequential_226,Dense 64 -> 16 -> 32 -> 64 -> 64 -> 32 -> 1,mse,adam_226,50,256,1.4378,3188.79248046875,3089.32373046875,3349.9599609375,0.5385470843611051,0.7
2026-09-04 12:51:44,multi_repeat_random_states.py,"(1021, 9)",563,sequential_227,Dense 64 -> 16 -> 32 -> 64 -> 64 -> 32 -> 1,mse,adam_227,50,256,1.4295,5774.2783203125,3267.764404296875,2703.599853515625,0.5664357412552081,0.7
2026-09-04 12:51:45,multi_repeat_random_states.py,"(1021, 9)",730,sequential_226,Dense 64 -> 16 -> 32 -> 64 -> 64 -> 32 -> 1,mse,adam_226,50,256,1.4298,2962.566162109375,2956.884033203125,3034.812744140625,0.5819582369655873,0.7
2026-09-04 12:51:45,multi_repeat_random_states.py,"(1021, 9)",647,sequential_227,Dense 64 -> 16 -> 32 -> 64 -> 64 -> 32 -> 1,mse,adam_227,50,256,2.3402,64439.9296875,3967.94140625,4024.264892578125,0.407410257041681,0.7
2026-09-04 12:51:45,multi_repeat_random_states.py,"(1021, 9)",563,sequential_227,Dense 64 -> 16 -> 32 -> 64 -> 64 -> 32 -> 1,mse,adam_227,50,256,1.4641,3414.5107421875,3271.802001953125,2674.3125,0.5711324198804129,0.7
2026-09-04 12:51:47,multi_repeat_random_states.py,"(1021, 9)",647,sequential_227,Dense 64 -> 16 -> 32 -> 64 -> 64 -> 32 -> 1,mse,adam_227,50,256,1.3938,3791.930419921875,2878.0634765625,3112.336181640625,0.5416955473606406,0.7
2026-09-04 12:51:48,multi_repeat_random_states.py,"(1021, 9)",731,sequential_227,Dense 64 -> 16 -> 32 -> 64 -> 64 -> 32 -> 1,mse,adam_227,50,256,2.2237,28818.33203125,3365.443115234375,3202.6337890625,0.5655995600433261,0.7
2026-09-04 12:51:48,multi_repeat_random_states.py,"(1021, 9)",564,sequential_228,Dense 64 -> 16 -> 32 -> 64 -> 64 -> 32 -> 1,mse,adam_228,50,256,2.261,58092.125,3627.99560546875,3902.8046875,0.47592860716917085,0.7
2026-09-04 12:51:48,multi_repeat_random_states.py,"(1021, 9)",647,sequential_227,Dense 64 -> 16 -> 32 -> 64 -> 64 -> 32 -> 1,mse,adam_227,50,256,1.4518,2945.569091796875,2891.29248046875,3485.3671875,0.48676514863214826,0.7
2026-09-04 12:51:49,multi_repeat_random_states.py,"(1021, 9)",731,sequential_227,Dense 64 -> 16 -> 32 -> 64 -> 64 -> 32 -> 1,mse,adam_227,50,256,1.4537,3024.19091796875,2895.1318359375,3557.543212890625,0.5174602272140828,0.7
2026-09-04 12:51:49,multi_repeat_random_states.py,"(1021, 9)",564,sequential_228,Dense 64 -> 16 -> 32 -> 64 -> 64 -> 32 -> 1,mse,adam_228,50,256,1.4274,3496.1337890625,2779.106689453125,3057.019287109375,0.5895013035598032,0.7
2026-09-04 12:51:51,multi_repeat_random_states.py,"(1021, 9)",731,sequential_227,Dense 64 -> 16 -> 32 -> 64 -> 64 -> 32 -> 1,mse,adam_227,50,256,1.414,2985.19970703125,2821.00341796875,2912.208984375,0.6049923924600248,0.7
2026-09-04 12:51:51,multi_repeat_random_states.py,"(1021, 9)",648,sequential_228,Dense 64 -> 16 -> 32 -> 64 -> 64 -> 32 -> 1,mse,adam_228,50,256,2.3944,51275.4296875,4777.43115234375,4486.5888671875,0.3128439256601323,0.7
2026-09-04 12:51:51,multi_repeat_random_states.py,"(1021, 9)",564,sequential_228,Dense 64 -> 16 -> 32 -> 64 -> 64 -> 32 -> 1,mse,adam_228,50,256,1.5502,2858.765625,2819.52880859375,3060.15673828125,0.5890800017176329,0.7
2026-09-04 12:51:53,multi_repeat_random_states.py,"(1021, 9)",648,sequential_228,Dense 64 -> 16 -> 32 -> 64 -> 64 -> 32 -> 1,mse,adam_228,50,256,1.407,4697.72265625,3278.736572265625,3165.31689453125,0.5152070397904647,0.7
2026-09-04 12:51:53,multi_repeat_random_states.py,"(1021, 9)",732,sequential_228,Dense 64 -> 16 -> 32 -> 64 -> 64 -> 32 -> 1,mse,adam_228,50,256,2.2527,80417.6796875,6072.041015625,6036.12841796875,0.1260631992136838,0.7
2026-09-04 12:51:54,multi_repeat_random_states.py,"(1021, 9)",565,sequential_229,Dense 64 -> 16 -> 32 -> 64 -> 64 -> 32 -> 1,mse,adam_229,50,256,2.2595,22370.287109375,2990.4052734375,3181.024169921875,0.5447522069306944,0.7
2026-09-04 12:51:54,multi_repeat_random_states.py,"(1021, 9)",648,sequential_228,Dense 64 -> 16 -> 32 -> 64 -> 64 -> 32 -> 1,mse,adam_228,50,256,1.4363,3418.058349609375,2992.270263671875,2900.17041015625,0.5558162556649376,0.7
2026-09-04 12:51:55,multi_repeat_random_states.py,"(1021, 9)",732,sequential_228,Dense 64 -> 16 -> 32 -> 64 -> 64 -> 32 -> 1,mse,adam_228,50,256,1.4266,6002.76708984375,3033.606689453125,3282.105712890625,0.5248026307540837,0.7
2026-09-04 12:51:55,multi_repeat_random_states.py,"(1021, 9)",565,sequential_229,Dense 64 -> 16 -> 32 -> 64 -> 64 -> 32 -> 1,mse,adam_229,50,256,1.4052,2881.792236328125,2798.897705078125,3279.408203125,0.5306721358251727,0.7
2026-09-04 12:51:56,multi_repeat_random_states.py,"(1021, 9)",732,sequential_228,Dense 64 -> 16 -> 32 -> 64 -> 64 -> 32 -> 1,mse,adam_228,50,256,1.4965,2998.17333984375,2810.0322265625,3077.373046875,0.5544446624583563,0.7
2026-09-04 12:51:57,multi_repeat_random_states.py,"(1021, 9)",649,sequential_229,Dense 64 -> 16 -> 32 -> 64 -> 64 -> 32 -> 1,mse,adam_229,50,256,2.3391,38412.08984375,4684.4775390625,4911.46875,0.29021829606893446,0.7
2026-09-04 12:51:57,multi_repeat_random_states.py,"(1021, 9)",565,sequential_229,Dense 64 -> 16 -> 32 -> 64 -> 64 -> 32 -> 1,mse,adam_229,50,256,1.5187,2978.408203125,2814.337890625,3074.460693359375,0.5600029889882854,0.7
2026-09-04 12:51:58,multi_repeat_random_states.py,"(1021, 9)",649,sequential_229,Dense 64 -> 16 -> 32 -> 64 -> 64 -> 32 -> 1,mse,adam_229,50,256,1.6297,4651.56640625,3181.209228515625,2867.467529296875,0.5856074613016486,0.7
2026-09-04 12:51:59,multi_repeat_random_states.py,"(1021, 9)",733,sequential_229,Dense 64 -> 16 -> 32 -> 64 -> 64 -> 32 -> 1,mse,adam_229,50,256,2.4983,51070.515625,3856.16650390625,3275.956787109375,0.504405050934121,0.7
2026-09-04 12:52:00,multi_repeat_random_states.py,"(1021, 9)",566,sequential_230,Dense 64 -> 16 -> 32 -> 64 -> 64 -> 32 -> 1,mse,adam_230,50,256,2.409,29560.748046875,3393.27783203125,3203.134765625,0.5159349910951697,0.7
2026-09-04 12:52:00,multi_repeat_random_states.py,"(1021, 9)",649,sequential_229,Dense 64 -> 16 -> 32 -> 64 -> 64 -> 32 -> 1,mse,adam_229,50,256,1.4498,3063.6103515625,2941.7158203125,2808.631591796875,0.5941102032412464,0.7
2026-09-04 12:52:01,multi_repeat_random_states.py,"(1021, 9)",733,sequential_229,Dense 64 -> 16 -> 32 -> 64 -> 64 -> 32 -> 1,mse,adam_229,50,256,1.4477,3746.27099609375,3016.126953125,2491.575927734375,0.6230681222583658,0.7
2026-09-04 12:52:01,multi_repeat_random_states.py,"(1021, 9)",566,sequential_230,Dense 64 -> 16 -> 32 -> 64 -> 64 -> 32 -> 1,mse,adam_230,50,256,1.5584,3304.610595703125,3036.3046875,3269.702880859375,0.5058750668157255,0.7
2026-09-04 12:52:02,multi_repeat_random_states.py,"(1021, 9)",733,sequential_229,Dense 64 -> 16 -> 32 -> 64 -> 64 -> 32 -> 1,mse,adam_229,50,256,1.4673,3036.387451171875,3133.88916015625,2537.5771484375,0.6161089719692455,0.7
2026-09-04 12:52:03,multi_repeat_random_states.py,"(1021, 9)",650,sequential_230,Dense 64 -> 16 -> 32 -> 64 -> 64 -> 32 -> 1,mse,adam_230,50,256,2.354,31362.349609375,3997.956787109375,3638.87548828125,0.4667905651253267,0.7
2026-09-04 12:52:03,multi_repeat_random_states.py,"(1021, 9)",566,sequential_230,Dense 64 -> 16 -> 32 -> 64 -> 64 -> 32 -> 1,mse,adam_230,50,256,1.4762,3107.294189453125,2934.23486328125,2991.8857421875,0.5478593935536817,0.7
2026-09-04 12:52:04,multi_repeat_random_states.py,"(1021, 9)",650,sequential_230,Dense 64 -> 16 -> 32 -> 64 -> 64 -> 32 -> 1,mse,adam_230,50,256,1.6247,3782.1728515625,3160.218994140625,2997.43603515625,0.5607815262167319,0.7
2026-09-04 12:52:05,multi_repeat_random_states.py,"(1021, 9)",734,sequential_230,Dense 64 -> 16 -> 32 -> 64 -> 64 -> 32 -> 1,mse,adam_230,50,256,2.4459,31589.7734375,5144.6884765625,4981.18798828125,0.2302774708707006,0.7
2026-09-04 12:52:05,multi_repeat_random_states.py,"(1021, 9)",567,sequential_231,Dense 64 -> 16 -> 32 -> 64 -> 64 -> 32 -> 1,mse,adam_231,50,256,2.4272,76731.5390625,5558.73193359375,5240.71533203125,0.2064119878767675,0.7
2026-09-04 12:52:06,multi_repeat_random_states.py,"(1021, 9)",650,sequential_230,Dense 64 -> 16 -> 32 -> 64 -> 64 -> 32 -> 1,mse,adam_230,50,256,1.4815,2998.410400390625,2914.628173828125,2836.7431640625,0.5843280596532489,0.7
2026-09-04 12:52:07,multi_repeat_random_states.py,"(1021, 9)",734,sequential_230,Dense 64 -> 16 -> 32 -> 64 -> 64 -> 32 -> 1,mse,adam_230,50,256,1.5945,5068.630859375,3716.227783203125,3444.9814453125,0.46766115400742336,0.7
2026-09-04 12:52:07,multi_repeat_random_states.py,"(1021, 9)",567,sequential_231,Dense 64 -> 16 -> 32 -> 64 -> 64 -> 32 -> 1,mse,adam_231,50,256,1.5687,5477.93701171875,3012.15185546875,2927.478759765625,0.5566993979430437,0.7
2026-09-04 12:52:08,multi_repeat_random_states.py,"(1021, 9)",734,sequential_230,Dense 64 -> 16 -> 32 -> 64 -> 64 -> 32 -> 1,mse,adam_230,50,256,1.5557,3619.544677734375,2990.05712890625,2776.50732421875,0.5709577121836344,0.7
2026-09-04 12:52:09,multi_repeat_random_states.py,"(1021, 9)",651,sequential_231,Dense 64 -> 16 -> 32 -> 64 -> 64 -> 32 -> 1,mse,adam_231,50,256,2.4475,122041.6640625,5425.994140625,6273.30615234375,0.13817532073049077,0.7
2026-09-04 12:52:09,multi_repeat_random_states.py,"(1021, 9)",567,sequential_231,Dense 64 -> 16 -> 32 -> 64 -> 64 -> 32 -> 1,mse,adam_231,50,256,1.4847,2891.883056640625,3083.908935546875,2881.307861328125,0.5636910043916474,0.7
2026-09-04 12:52:10,multi_repeat_random_states.py,"(1021, 9)",651,sequential_231,Dense 64 -> 16 -> 32 -> 64 -> 64 -> 32 -> 1,mse,adam_231,50,256,1.4309,5398.59326171875,3198.69482421875,3784.2587890625,0.48011980496568707,0.7
2026-09-04 12:52:11,multi_repeat_random_states.py,"(1021, 9)",735,sequential_231,Dense 64 -> 16 -> 32 -> 64 -> 64 -> 32 -> 1,mse,adam_231,50,256,2.315,22418.9375,4055.18798828125,3218.450439453125,0.5267415698556126,0.7
2026-09-04 12:52:11,multi_repeat_random_states.py,"(1021, 9)",568,sequential_232,Dense 64 -> 16 -> 32 -> 64 -> 64 -> 32 -> 1,mse,adam_232,50,256,2.3517,362274.59375,6218.451171875,6098.1279296875,0.06742764836666204,0.7
2026-09-04 12:52:12,multi_repeat_random_states.py,"(1021, 9)",651,sequential_231,Dense 64 -> 16 -> 32 -> 64 -> 64 -> 32 -> 1,mse,adam_231,50,256,1.5608,3123.267333984375,2775.637939453125,3809.33740234375,0.47667453585614783,0.7
2026-09-04 12:52:13,multi_repeat_random_states.py,"(1021, 9)",735,sequential_231,Dense 64 -> 16 -> 32 -> 64 -> 64 -> 32 -> 1,mse,adam_231,50,256,1.555,3587.160888671875,3041.14697265625,3057.822998046875,0.5503610987567,0.7
2026-09-04 12:52:13,multi_repeat_random_states.py,"(1021, 9)",568,sequential_232,Dense 64 -> 16 -> 32 -> 64 -> 64 -> 32 -> 1,mse,adam_232,50,256,1.4844,6197.35302734375,3957.005615234375,3691.916748046875,0.4354038898968894,0.7
2026-09-04 12:52:14,multi_repeat_random_states.py,"(1021, 9)",735,sequential_231,Dense 64 -> 16 -> 32 -> 64 -> 64 -> 32 -> 1,mse,adam_231,50,256,1.5153,3040.114501953125,3033.595703125,2925.926025390625,0.5697559158743157,0.7
2026-09-04 12:52:14,multi_repeat_random_states.py,"(1021, 9)",652,sequential_232,Dense 64 -> 16 -> 32 -> 64 -> 64 -> 32 -> 1,mse,adam_232,50,256,2.3685,52236.86328125,4357.45361328125,5130.3291015625,0.32909044281719824,0.7
2026-09-04 12:52:15,multi_repeat_random_states.py,"(1021, 9)",568,sequential_232,Dense 64 -> 16 -> 32 -> 64 -> 64 -> 32 -> 1,mse,adam_232,50,256,1.5206,3804.709228515625,2946.583984375,2992.932373046875,0.542297882520766,0.7
2026-09-04 12:52:16,multi_repeat_random_states.py,"(1021, 9)",652,sequential_232,Dense 64 -> 16 -> 32 -> 64 -> 64 -> 32 -> 1,mse,adam_232,50,256,1.4245,4250.13525390625,2964.090087890625,3444.8408203125,0.5495071576509637,0.7
2026-09-04 12:52:17,multi_repeat_random_states.py,"(1021, 9)",736,sequential_232,Dense 64 -> 16 -> 32 -> 64 -> 64 -> 32 -> 1,mse,adam_232,50,256,2.264,27034.2109375,4133.42529296875,4084.798583984375,0.4161424866318971,0.7
2026-09-04 12:52:17,multi_repeat_random_states.py,"(1021, 9)",569,sequential_233,Dense 64 -> 16 -> 32 -> 64 -> 64 -> 32 -> 1,mse,adam_233,50,256,2.2505,19313.810546875,3444.3974609375,3145.323974609375,0.5204775634303147,0.7
2026-09-04 12:52:18,multi_repeat_random_states.py,"(1021, 9)",652,sequential_232,Dense 64 -> 16 -> 32 -> 64 -> 64 -> 32 -> 1,mse,adam_232,50,256,1.4172,2875.861328125,2693.4453125,3315.332275390625,0.5664434417300517,0.7
2026-09-04 12:52:18,multi_repeat_random_states.py,"(1021, 9)",736,sequential_232,Dense 64 -> 16 -> 32 -> 64 -> 64 -> 32 -> 1,mse,adam_232,50,256,1.4794,4171.88232421875,3006.093017578125,2723.0859375,0.610777883423814,0.7
2026-09-04 12:52:19,multi_repeat_random_states.py,"(1021, 9)",569,sequential_233,Dense 64 -> 16 -> 32 -> 64 -> 64 -> 32 -> 1,mse,adam_233,50,256,1.5764,3324.4013671875,2865.638671875,2834.4326171875,0.5678747299266447,0.7
2026-09-04 12:52:20,multi_repeat_random_states.py,"(1021, 9)",736,sequential_232,Dense 64 -> 16 -> 32 -> 64 -> 64 -> 32 -> 1,mse,adam_232,50,256,1.4535,3023.670166015625,2932.881591796875,2683.128662109375,0.6164891395844908,0.7
2026-09-04 12:52:20,multi_repeat_random_states.py,"(1021, 9)",653,sequential_233,Dense 64 -> 16 -> 32 -> 64 -> 64 -> 32 -> 1,mse,adam_233,50,256,2.3458,49058.37890625,5071.41845703125,4598.9326171875,0.2990345115537666,0.7
2026-09-04 12:52:20,multi_repeat_random_states.py,"(1021, 9)",569,sequential_233,Dense 64 -> 16 -> 32 -> 64 -> 64 -> 32 -> 1,mse,adam_233,50,256,1.4435,2882.126708984375,2830.59130859375,3058.81396484375,0.5336665481475584,0.7
2026-09-04 12:52:22,multi_repeat_random_states.py,"(1021, 9)",653,sequential_233,Dense 64 -> 16 -> 32 -> 64 -> 64 -> 32 -> 1,mse,adam_233,50,256,1.4872,4998.68359375,2983.410400390625,2824.548583984375,0.5694846224977985,0.7
2026-09-04 12:52:22,multi_repeat_random_states.py,"(1021, 9)",737,sequential_233,Dense 64 -> 16 -> 32 -> 64 -> 64 -> 32 -> 1,mse,adam_233,50,256,2.2844,30757.509765625,3245.089111328125,3076.671630859375,0.5168472224788507,0.7
2026-09-04 12:52:23,multi_repeat_random_states.py,"(1021, 9)",570,sequential_234,Dense 64 -> 16 -> 32 -> 64 -> 64 -> 32 -> 1,mse,adam_234,50,256,2.3085,32701.966796875,3208.413330078125,2933.833984375,0.5153917409937054,0.7
2026-09-04 12:52:23,multi_repeat_random_states.py,"(1021, 9)",653,sequential_233,Dense 64 -> 16 -> 32 -> 64 -> 64 -> 32 -> 1,mse,adam_233,50,256,1.4552,3018.69384765625,3029.84130859375,3331.00830078125,0.4922904599944009,0.7
2026-09-04 12:52:24,multi_repeat_random_states.py,"(1021, 9)",737,sequential_233,Dense 64 -> 16 -> 32 -> 64 -> 64 -> 32 -> 1,mse,adam_233,50,256,1.4762,3147.40478515625,2884.051513671875,2798.59423828125,0.5605157927626929,0.7
2026-09-04 12:52:24,multi_repeat_random_states.py,"(1021, 9)",570,sequential_234,Dense 64 -> 16 -> 32 -> 64 -> 64 -> 32 -> 1,mse,adam_234,50,256,1.43,3109.20703125,3002.91162109375,2993.8515625,0.5054781079415678,0.7
2026-09-04 12:52:26,multi_repeat_random_states.py,"(1021, 9)",737,sequential_233,Dense 64 -> 16 -> 32 -> 64 -> 64 -> 32 -> 1,mse,adam_233,50,256,1.4338,2932.240234375,3112.662841796875,2891.705078125,0.5458939160710429,0.7
2026-09-04 12:52:26,multi_repeat_random_states.py,"(1021, 9)",654,sequential_234,Dense 64 -> 16 -> 32 -> 64 -> 64 -> 32 -> 1,mse,adam_234,50,256,2.2862,21127.220703125,3304.076904296875,4622.9755859375,0.4037867853022866,0.7
2026-09-04 12:52:26,multi_repeat_random_states.py,"(1021, 9)",570,sequential_234,Dense 64 -> 16 -> 32 -> 64 -> 64 -> 32 -> 1,mse,adam_234,50,256,1.4211,3004.616943359375,2833.169921875,2737.253173828125,0.5478628140391331,0.7
2026-09-04 12:52:28,multi_repeat_random_states.py,"(1021, 9)",654,sequential_234,Dense 64 -> 16 -> 32 -> 64 -> 64 -> 32 -> 1,mse,adam_234,50,256,1.5186,3239.98193359375,2730.77197265625,3066.64697265625,0.604502415124635,0.7
2026-09-04 12:52:28,multi_repeat_random_states.py,"(1021, 9)",738,sequential_234,Dense 64 -> 16 -> 32 -> 64 -> 64 -> 32 -> 1,mse,adam_234,50,256,2.3096,50245.90625,3567.474609375,2977.59423828125,0.5368836422637896,0.7
2026-09-04 12:52:29,multi_repeat_random_states.py,"(1021, 9)",571,sequential_235,Dense 64 -> 16 -> 32 -> 64 -> 64 -> 32 -> 1,mse,adam_235,50,256,2.3761,225499.375,5788.62548828125,6298.30517578125,0.12991520949407942,0.7
2026-09-04 12:52:29,multi_repeat_random_states.py,"(1021, 9)",654,sequential_234,Dense 64 -> 16 -> 32 -> 64 -> 64 -> 32 -> 1,mse,adam_234,50,256,1.4755,2699.236572265625,2816.629638671875,3124.83544921875,0.5969980331505889,0.7
2026-09-04 12:52:30,multi_repeat_random_states.py,"(1021, 9)",738,sequential_234,Dense 64 -> 16 -> 32 -> 64 -> 64 -> 32 -> 1,mse,adam_234,50,256,1.4834,3410.406982421875,2978.71484375,2612.69921875,0.5936371244450042,0.7
2026-09-04 12:52:30,multi_repeat_random_states.py,"(1021, 9)",571,sequential_235,Dense 64 -> 16 -> 32 -> 64 -> 64 -> 32 -> 1,mse,adam_235,50,256,1.482,5782.92431640625,4487.36767578125,4879.67529296875,0.3258931894053978,0.7
2026-09-04 12:52:31,multi_repeat_random_states.py,"(1021, 9)",738,sequential_234,Dense 64 -> 16 -> 32 -> 64 -> 64 -> 32 -> 1,mse,adam_234,50,256,1.4625,2964.978515625,3278.693603515625,2969.583740234375,0.5381295355450064,0.7
2026-09-04 12:52:32,multi_repeat_random_states.py,"(1021, 9)",655,sequential_235,Dense 64 -> 16 -> 32 -> 64 -> 64 -> 32 -> 1,mse,adam_235,50,256,2.3283,34117.12890625,3697.50341796875,4700.72998046875,0.36981073332764236,0.7
2026-09-04 12:52:32,multi_repeat_random_states.py,"(1021, 9)",571,sequential_235,Dense 64 -> 16 -> 32 -> 64 -> 64 -> 32 -> 1,mse,adam_235,50,256,1.4698,4424.30908203125,3115.84765625,3020.085693359375,0.5827877236072243,0.7
2026-09-04 12:52:33,multi_repeat_random_states.py,"(1021, 9)",655,sequential_235,Dense 64 -> 16 -> 32 -> 64 -> 64 -> 32 -> 1,mse,adam_235,50,256,1.4078,3288.17431640625,2956.6728515625,4333.94189453125,0.4189831405482235,0.7
2026-09-04 12:52:34,multi_repeat_random_states.py,"(1021, 9)",739,sequential_235,Dense 64 -> 16 -> 32 -> 64 -> 64 -> 32 -> 1,mse,adam_235,50,256,2.3414,25954.884765625,4290.02880859375,4338.98681640625,0.36459211841484973,0.7
2026-09-04 12:52:34,multi_repeat_random_states.py,"(1021, 9)",572,sequential_236,Dense 64 -> 16 -> 32 -> 64 -> 64 -> 32 -> 1,mse,adam_236,50,256,2.3831,104130.46875,5345.2587890625,6223.85205078125,0.19111368414036356,0.7
2026-09-04 12:52:35,multi_repeat_random_states.py,"(1021, 9)",655,sequential_235,Dense 64 -> 16 -> 32 -> 64 -> 64 -> 32 -> 1,mse,adam_235,50,256,1.5433,3343.64208984375,2752.240478515625,3172.582763671875,0.5746772577530503,0.7
2026-09-04 12:52:36,multi_repeat_random_states.py,"(1021, 9)",739,sequential_235,Dense 64 -> 16 -> 32 -> 64 -> 64 -> 32 -> 1,mse,adam_235,50,256,1.5082,4172.14501953125,2962.412353515625,2930.744873046875,0.5708172454491807,0.7
2026-09-04 12:52:36,multi_repeat_random_states.py,"(1021, 9)",572,sequential_236,Dense 64 -> 16 -> 32 -> 64 -> 64 -> 32 -> 1,mse,adam_236,50,256,1.4863,5346.11572265625,2828.847412109375,3092.535888671875,0.5980768144071041,0.7
2026-09-04 12:52:37,multi_repeat_random_states.py,"(1021, 9)",739,sequential_235,Dense 64 -> 16 -> 32 -> 64 -> 64 -> 32 -> 1,mse,adam_235,50,256,1.4509,2913.289306640625,2960.0009765625,3350.96337890625,0.5092798533878491,0.7
2026-09-04 12:52:37,multi_repeat_random_states.py,"(1021, 9)",656,sequential_236,Dense 64 -> 16 -> 32 -> 64 -> 64 -> 32 -> 1,mse,adam_236,50,256,2.3671,27538.07421875,3126.48974609375,3568.511962890625,0.471245131613083,0.7
2026-09-04 12:52:38,multi_repeat_random_states.py,"(1021, 9)",572,sequential_236,Dense 64 -> 16 -> 32 -> 64 -> 64 -> 32 -> 1,mse,adam_236,50,256,1.4382,2782.849365234375,2737.99072265625,3053.280029296875,0.6031787703395322,0.7
2026-09-04 12:52:39,multi_repeat_random_states.py,"(1021, 9)",656,sequential_236,Dense 64 -> 16 -> 32 -> 64 -> 64 -> 32 -> 1,mse,adam_236,50,256,1.4704,3380.27001953125,3022.585693359375,2871.152587890625,0.5745744853789168,0.7
2026-09-04 12:52:40,multi_repeat_random_states.py,"(1021, 9)",740,sequential_236,Dense 64 -> 16 -> 32 -> 64 -> 64 -> 32 -> 1,mse,adam_236,50,256,2.3685,43807.3984375,3923.2001953125,3576.2607421875,0.4646583496848863,0.7
2026-09-04 12:52:40,multi_repeat_random_states.py,"(1021, 9)",573,sequential_237,Dense 64 -> 16 -> 32 -> 64 -> 64 -> 32 -> 1,mse,adam_237,50,256,2.3649,36808.2265625,3887.741943359375,3841.116455078125,0.4253071473358926,0.7
2026-09-04 12:52:41,multi_repeat_random_states.py,"(1021, 9)",656,sequential_236,Dense 64 -> 16 -> 32 -> 64 -> 64 -> 32 -> 1,mse,adam_236,50,256,1.4362,3014.48681640625,3092.5732421875,3042.575439453125,0.549174379880358,0.7
2026-09-04 12:52:41,multi_repeat_random_states.py,"(1021, 9)",740,sequential_236,Dense 64 -> 16 -> 32 -> 64 -> 64 -> 32 -> 1,mse,adam_236,50,256,1.4631,3789.744873046875,3210.32470703125,2755.4521484375,0.5875277004384306,0.7
2026-09-04 12:52:42,multi_repeat_random_states.py,"(1021, 9)",573,sequential_237,Dense 64 -> 16 -> 32 -> 64 -> 64 -> 32 -> 1,mse,adam_237,50,256,1.4399,3784.87353515625,3101.92822265625,3201.256591796875,0.5210404455501908,0.7
2026-09-04 12:52:43,multi_repeat_random_states.py,"(1021, 9)",740,sequential_236,Dense 64 -> 16 -> 32 -> 64 -> 64 -> 32 -> 1,mse,adam_236,50,256,1.5924,3164.349609375,3051.262939453125,2612.38232421875,0.6089443003345127,0.7
2026-09-04 12:52:43,multi_repeat_random_states.py,"(1021, 9)",657,sequential_237,Dense 64 -> 16 -> 32 -> 64 -> 64 -> 32 -> 1,mse,adam_237,50,256,2.3369,53128.09375,4045.340087890625,4130.3017578125,0.4025290203166434,0.7
2026-09-04 12:52:43,multi_repeat_random_states.py,"(1021, 9)",573,sequential_237,Dense 64 -> 16 -> 32 -> 64 -> 64 -> 32 -> 1,mse,adam_237,50,256,1.4918,3025.773193359375,2858.991943359375,2889.387939453125,0.5677010043061713,0.7
2026-09-04 12:52:45,multi_repeat_random_states.py,"(1021, 9)",657,sequential_237,Dense 64 -> 16 -> 32 -> 64 -> 64 -> 32 -> 1,mse,adam_237,50,256,1.4819,4024.87548828125,3098.318359375,2894.46728515625,0.5812993393020043,0.7
2026-09-04 12:52:46,multi_repeat_random_states.py,"(1021, 9)",741,sequential_237,Dense 64 -> 16 -> 32 -> 64 -> 64 -> 32 -> 1,mse,adam_237,50,256,2.3493,34385.75390625,3227.9189453125,3392.298583984375,0.44439545398025804,0.7
2026-09-04 12:52:46,multi_repeat_random_states.py,"(1021, 9)",574,sequential_238,Dense 64 -> 16 -> 32 -> 64 -> 64 -> 32 -> 1,mse,adam_238,50,256,2.3385,116495.421875,5879.81005859375,5343.25341796875,0.13056991874280433,0.7
2026-09-04 12:52:46,multi_repeat_random_states.py,"(1021, 9)",657,sequential_237,Dense 64 -> 16 -> 32 -> 64 -> 64 -> 32 -> 1,mse,adam_237,50,256,1.4821,2948.5595703125,3097.68798828125,2838.707763671875,0.5893652312383038,0.7
2026-09-04 12:52:47,multi_repeat_random_states.py,"(1021, 9)",741,sequential_237,Dense 64 -> 16 -> 32 -> 64 -> 64 -> 32 -> 1,mse,adam_237,50,256,1.5116,3317.48876953125,2941.740478515625,2947.943603515625,0.5171737783506035,0.7
2026-09-04 12:52:48,multi_repeat_random_states.py,"(1021, 9)",574,sequential_238,Dense 64 -> 16 -> 32 -> 64 -> 64 -> 32 -> 1,mse,adam_238,50,256,1.544,5830.0078125,3223.04736328125,2944.569580078125,0.5208728530974682,0.7
2026-09-04 12:52:49,multi_repeat_random_states.py,"(1021, 9)",741,sequential_237,Dense 64 -> 16 -> 32 -> 64 -> 64 -> 32 -> 1,mse,adam_237,50,256,1.4793,3072.349609375,2979.8779296875,2848.871826171875,0.5334001498310377,0.7
2026-09-04 12:52:49,multi_repeat_random_states.py,"(1021, 9)",658,sequential_238,Dense 64 -> 16 -> 32 -> 64 -> 64 -> 32 -> 1,mse,adam_238,50,256,2.3805,20828.466796875,3409.611572265625,3683.462646484375,0.4776782363257063,0.7
2026-09-04 12:52:49,multi_repeat_random_states.py,"(1021, 9)",574,sequential_238,Dense 64 -> 16 -> 32 -> 64 -> 64 -> 32 -> 1,mse,adam_238,50,256,1.4941,3141.864501953125,2923.290771484375,2627.406005859375,0.5724803452028708,0.7
2026-09-04 12:52:51,multi_repeat_random_states.py,"(1021, 9)",658,sequential_238,Dense 64 -> 16 -> 32 -> 64 -> 64 -> 32 -> 1,mse,adam_238,50,256,1.4025,3246.443359375,2868.487548828125,3144.248291015625,0.5541398361109475,0.7
2026-09-04 12:52:51,multi_repeat_random_states.py,"(1021, 9)",742,sequential_238,Dense 64 -> 16 -> 32 -> 64 -> 64 -> 32 -> 1,mse,adam_238,50,256,2.2725,30676.5703125,4561.33740234375,4341.12548828125,0.3540004765422434,0.7
2026-09-04 12:52:52,multi_repeat_random_states.py,"(1021, 9)",575,sequential_239,Dense 64 -> 16 -> 32 -> 64 -> 64 -> 32 -> 1,mse,adam_239,50,256,2.2414,110657.03125,5784.6640625,5679.1005859375,0.14644528737612728,0.7
2026-09-04 12:52:52,multi_repeat_random_states.py,"(1021, 9)",658,sequential_238,Dense 64 -> 16 -> 32 -> 64 -> 64 -> 32 -> 1,mse,adam_238,50,256,1.4065,2808.592041015625,2812.7978515625,3064.628173828125,0.5654300670980109,0.7
2026-09-04 12:52:53,multi_repeat_random_states.py,"(1021, 9)",742,sequential_238,Dense 64 -> 16 -> 32 -> 64 -> 64 -> 32 -> 1,mse,adam_238,50,256,1.4109,4243.5009765625,2942.713134765625,3038.888916015625,0.5477852542553483,0.7
2026-09-04 12:52:53,multi_repeat_random_states.py,"(1021, 9)",575,sequential_239,Dense 64 -> 16 -> 32 -> 64 -> 64 -> 32 -> 1,mse,adam_239,50,256,1.392,5777.00244140625,2856.90185546875,3181.3134765625,0.5218565101010135,0.7
2026-09-04 12:52:54,multi_repeat_random_states.py,"(1021, 9)",742,sequential_238,Dense 64 -> 16 -> 32 -> 64 -> 64 -> 32 -> 1,mse,adam_238,50,256,1.4153,2943.791015625,3113.9091796875,2944.2236328125,0.5618722700035808,0.7
2026-09-04 12:52:55,multi_repeat_random_states.py,"(1021, 9)",659,sequential_239,Dense 64 -> 16 -> 32 -> 64 -> 64 -> 32 -> 1,mse,adam_239,50,256,2.2633,22759.607421875,3367.494140625,3418.157470703125,0.512850752774836,0.7
2026-09-04 12:52:55,multi_repeat_random_states.py,"(1021, 9)",575,sequential_239,Dense 64 -> 16 -> 32 -> 64 -> 64 -> 32 -> 1,mse,adam_239,50,256,1.4366,2876.5400390625,3114.713134765625,3716.75732421875,0.4413806302093787,0.7
2026-09-04 12:52:56,multi_repeat_random_states.py,"(1021, 9)",659,sequential_239,Dense 64 -> 16 -> 32 -> 64 -> 64 -> 32 -> 1,mse,adam_239,50,256,1.4059,3722.054443359375,2855.290283203125,3154.0849609375,0.5504859555493378,0.7
2026-09-04 12:52:57,multi_repeat_random_states.py,"(1021, 9)",743,sequential_239,Dense 64 -> 16 -> 32 -> 64 -> 64 -> 32 -> 1,mse,adam_239,50,256,2.2227,37655.36328125,3535.134521484375,2640.670654296875,0.5283935221892531,0.7
2026-09-04 12:52:57,multi_repeat_random_states.py,"(1021, 9)",576,sequential_240,Dense 64 -> 16 -> 32 -> 64 -> 64 -> 32 -> 1,mse,adam_240,50,256,2.2303,33190.34765625,3252.180419921875,3535.8486328125,0.5155984266716981,0.7
2026-09-04 12:52:58,multi_repeat_random_states.py,"(1021, 9)",659,sequential_239,Dense 64 -> 16 -> 32 -> 64 -> 64 -> 32 -> 1,mse,adam_239,50,256,1.3948,2916.72216796875,3185.10693359375,3689.656494140625,0.47415727537951124,0.7
2026-09-04 12:52:58,multi_repeat_random_states.py,"(1021, 9)",743,sequential_239,Dense 64 -> 16 -> 32 -> 64 -> 64 -> 32 -> 1,mse,adam_239,50,256,1.44,3490.52001953125,3738.53466796875,3890.5986328125,0.3051645949204578,0.7
2026-09-04 12:52:59,multi_repeat_random_states.py,"(1021, 9)",576,sequential_240,Dense 64 -> 16 -> 32 -> 64 -> 64 -> 32 -> 1,mse,adam_240,50,256,1.4415,3383.205078125,2872.823974609375,3204.192138671875,0.5610344222148275,0.7
2026-09-04 12:53:00,multi_repeat_random_states.py,"(1021, 9)",743,sequential_239,Dense 64 -> 16 -> 32 -> 64 -> 64 -> 32 -> 1,mse,adam_239,50,256,1.4266,3849.20166015625,2976.96826171875,2387.31591796875,0.5736410044269424,0.7
2026-09-04 12:53:00,multi_repeat_random_states.py,"(1021, 9)",660,sequential_240,Dense 64 -> 16 -> 32 -> 64 -> 64 -> 32 -> 1,mse,adam_240,50,256,2.2617,148213.984375,5833.9365234375,6164.58447265625,0.11056817672367314,0.7
2026-09-04 12:53:00,multi_repeat_random_states.py,"(1021, 9)",576,sequential_240,Dense 64 -> 16 -> 32 -> 64 -> 64 -> 32 -> 1,mse,adam_240,50,256,1.444,2882.233642578125,3183.0205078125,3433.369384765625,0.5296378068609406,0.7
2026-09-04 12:53:02,multi_repeat_random_states.py,"(1021, 9)",660,sequential_240,Dense 64 -> 16 -> 32 -> 64 -> 64 -> 32 -> 1,mse,adam_240,50,256,1.389,5820.20751953125,3192.53515625,3176.022216796875,0.54176064634686,0.7
2026-09-04 12:53:03,multi_repeat_random_states.py,"(1021, 9)",744,sequential_240,Dense 64 -> 16 -> 32 -> 64 -> 64 -> 32 -> 1,mse,adam_240,50,256,2.2283,90468.921875,5420.455078125,5912.7841796875,0.210494488391742,0.7
2026-09-04 12:53:03,multi_repeat_random_states.py,"(1021, 9)",577,sequential_241,Dense 64 -> 16 -> 32 -> 64 -> 64 -> 32 -> 1,mse,adam_241,50,256,2.2249,47926.46875,4379.34716796875,4405.6748046875,0.3612023803016855,0.7
2026-09-04 12:53:03,multi_repeat_random_states.py,"(1021, 9)",660,sequential_240,Dense 64 -> 16 -> 32 -> 64 -> 64 -> 32 -> 1,mse,adam_240,50,256,1.3978,3083.46630859375,2914.78173828125,3042.06103515625,0.5610887249298943,0.7
2026-09-04 12:53:04,multi_repeat_random_states.py,"(1021, 9)",744,sequential_240,Dense 64 -> 16 -> 32 -> 64 -> 64 -> 32 -> 1,mse,adam_240,50,256,1.4387,5338.203125,3475.082275390625,3815.450927734375,0.4905413530419538,0.7
2026-09-04 12:53:04,multi_repeat_random_states.py,"(1021, 9)",577,sequential_241,Dense 64 -> 16 -> 32 -> 64 -> 64 -> 32 -> 1,mse,adam_241,50,256,1.4022,4274.693359375,3125.3291015625,3233.25732421875,0.5311961587449047,0.7
2026-09-04 12:53:06,multi_repeat_random_states.py,"(1021, 9)",744,sequential_240,Dense 64 -> 16 -> 32 -> 64 -> 64 -> 32 -> 1,mse,adam_240,50,256,1.4486,3209.978515625,2994.553955078125,2949.486572265625,0.6061693627041151,0.7
2026-09-04 12:53:06,multi_repeat_random_states.py,"(1021, 9)",661,sequential_241,Dense 64 -> 16 -> 32 -> 64 -> 64 -> 32 -> 1,mse,adam_241,50,256,2.2788,96393.8984375,5568.10205078125,4980.67138671875,0.20866089510638897,0.7
2026-09-04 12:53:06,multi_repeat_random_states.py,"(1021, 9)",577,sequential_241,Dense 64 -> 16 -> 32 -> 64 -> 64 -> 32 -> 1,mse,adam_241,50,256,1.4446,2934.65283203125,2888.511474609375,3132.36376953125,0.5458251525518133,0.7
2026-09-04 12:53:07,multi_repeat_random_states.py,"(1021, 9)",661,sequential_241,Dense 64 -> 16 -> 32 -> 64 -> 64 -> 32 -> 1,mse,adam_241,50,256,1.5273,5540.689453125,2979.701171875,2713.2802734375,0.5689085246307017,0.7
2026-09-04 12:53:08,multi_repeat_random_states.py,"(1021, 9)",745,sequential_241,Dense 64 -> 16 -> 32 -> 64 -> 64 -> 32 -> 1,mse,adam_241,50,256,2.2286,40483.296875,5053.13037109375,5872.6474609375,0.2073092782743563,0.7
2026-09-04 12:53:08,multi_repeat_random_states.py,"(1021, 9)",578,sequential_242,Dense 64 -> 16 -> 32 -> 64 -> 64 -> 32 -> 1,mse,adam_242,50,256,2.2162,204391.75,5593.19482421875,6128.1748046875,0.14033652498100602,0.7
2026-09-04 12:53:09,multi_repeat_random_states.py,"(1021, 9)",661,sequential_241,Dense 64 -> 16 -> 32 -> 64 -> 64 -> 32 -> 1,mse,adam_241,50,256,1.4469,2970.259521484375,3037.447998046875,2661.761474609375,0.5770939372339179,0.7
2026-09-04 12:53:10,multi_repeat_random_states.py,"(1021, 9)",745,sequential_241,Dense 64 -> 16 -> 32 -> 64 -> 64 -> 32 -> 1,mse,adam_241,50,256,1.4676,4956.2724609375,3101.437744140625,3162.48828125,0.573126873222684,0.7
2026-09-04 12:53:10,multi_repeat_random_states.py,"(1021, 9)",578,sequential_242,Dense 64 -> 16 -> 32 -> 64 -> 64 -> 32 -> 1,mse,adam_242,50,256,1.4133,5576.2236328125,2747.223388671875,3583.7353515625,0.4972717728695546,0.7
2026-09-04 12:53:11,multi_repeat_random_states.py,"(1021, 9)",745,sequential_241,Dense 64 -> 16 -> 32 -> 64 -> 64 -> 32 -> 1,mse,adam_241,50,256,1.4252,2908.03662109375,2767.27001953125,3023.94970703125,0.5918268036560019,0.7
2026-09-04 12:53:11,multi_repeat_random_states.py,"(1021, 9)",662,sequential_242,Dense 64 -> 16 -> 32 -> 64 -> 64 -> 32 -> 1,mse,adam_242,50,256,2.2582,23862.720703125,3950.65234375,3147.38671875,0.5286683902928837,0.7
2026-09-04 12:53:12,multi_repeat_random_states.py,"(1021, 9)",578,sequential_242,Dense 64 -> 16 -> 32 -> 64 -> 64 -> 32 -> 1,mse,adam_242,50,256,1.4533,2793.863037109375,2676.951416015625,3391.97607421875,0.5241719299968692,0.7
2026-09-04 12:53:13,multi_repeat_random_states.py,"(1021, 9)",662,sequential_242,Dense 64 -> 16 -> 32 -> 64 -> 64 -> 32 -> 1,mse,adam_242,50,256,1.3891,3722.751708984375,3124.639892578125,2955.36865234375,0.5574237147857264,0.7
2026-09-04 12:53:14,multi_repeat_random_states.py,"(1021, 9)",746,sequential_242,Dense 64 -> 16 -> 32 -> 64 -> 64 -> 32 -> 1,mse,adam_242,50,256,2.2419,87718.3359375,5084.1552734375,5572.34521484375,0.24021055125548496,0.7
2026-09-04 12:53:14,multi_repeat_random_states.py,"(1021, 9)",579,sequential_243,Dense 64 -> 16 -> 32 -> 64 -> 64 -> 32 -> 1,mse,adam_243,50,256,2.2292,37597.953125,5166.63623046875,5015.62841796875,0.2282745145563082,0.7
2026-09-04 12:53:14,multi_repeat_random_states.py,"(1021, 9)",662,sequential_242,Dense 64 -> 16 -> 32 -> 64 -> 64 -> 32 -> 1,mse,adam_242,50,256,1.4178,3041.535400390625,2967.546875,2625.43701171875,0.6068320799952984,0.7
2026-09-04 12:53:15,multi_repeat_random_states.py,"(1021, 9)",746,sequential_242,Dense 64 -> 16 -> 32 -> 64 -> 64 -> 32 -> 1,mse,adam_242,50,256,1.4468,4983.7060546875,3091.3544921875,2942.849609375,0.598742385512686,0.7
2026-09-04 12:53:16,multi_repeat_random_states.py,"(1021, 9)",579,sequential_243,Dense 64 -> 16 -> 32 -> 64 -> 64 -> 32 -> 1,mse,adam_243,50,256,1.4508,5168.8837890625,3097.974609375,2764.762451171875,0.5746021296525932,0.7
2026-09-04 12:53:17,multi_repeat_random_states.py,"(1021, 9)",746,sequential_242,Dense 64 -> 16 -> 32 -> 64 -> 64 -> 32 -> 1,mse,adam_242,50,256,1.4051,2985.056640625,2828.37939453125,2888.755615234375,0.6061180868303471,0.7
2026-09-04 12:53:17,multi_repeat_random_states.py,"(1021, 9)",663,sequential_243,Dense 64 -> 16 -> 32 -> 64 -> 64 -> 32 -> 1,mse,adam_243,50,256,2.3491,34314.00390625,3873.67578125,4526.93017578125,0.3526158210924262,0.7
2026-09-04 12:53:17,multi_repeat_random_states.py,"(1021, 9)",579,sequential_243,Dense 64 -> 16 -> 32 -> 64 -> 64 -> 32 -> 1,mse,adam_243,50,256,1.4092,3126.984619140625,2918.954833984375,2683.584716796875,0.5870924629392333,0.7
2026-09-04 12:53:19,multi_repeat_random_states.py,"(1021, 9)",663,sequential_243,Dense 64 -> 16 -> 32 -> 64 -> 64 -> 32 -> 1,mse,adam_243,50,256,1.3953,3672.731201171875,3010.601318359375,3409.528076171875,0.5124125173243771,0.7
2026-09-04 12:53:19,multi_repeat_random_states.py,"(1021, 9)",747,sequential_243,Dense 64 -> 16 -> 32 -> 64 -> 64 -> 32 -> 1,mse,adam_243,50,256,2.2149,32672.029296875,4673.33349609375,5282.970703125,0.2386481040037154,0.7
2026-09-04 12:53:20,multi_repeat_random_states.py,"(1021, 9)",580,sequential_244,Dense 64 -> 16 -> 32 -> 64 -> 64 -> 32 -> 1,mse,adam_244,50,256,2.2447,18364.22265625,3005.87744140625,3507.77490234375,0.5193767356396438,0.7
2026-09-04 12:53:20,multi_repeat_random_states.py,"(1021, 9)",663,sequential_243,Dense 64 -> 16 -> 32 -> 64 -> 64 -> 32 -> 1,mse,adam_243,50,256,1.4112,2811.184814453125,2688.932373046875,3335.194091796875,0.5230428424491604,0.7
2026-09-04 12:53:21,multi_repeat_random_states.py,"(1021, 9)",747,sequential_243,Dense 64 -> 16 -> 32 -> 64 -> 64 -> 32 -> 1,mse,adam_243,50,256,1.4266,4853.0341796875,3338.46240234375,3184.636962890625,0.5410481292092781,0.7
2026-09-04 12:53:21,multi_repeat_random_states.py,"(1021, 9)",580,sequential_244,Dense 64 -> 16 -> 32 -> 64 -> 64 -> 32 -> 1,mse,adam_244,50,256,1.452,3023.564697265625,3133.77197265625,3622.65478515625,0.5036362827689522,0.7
2026-09-04 12:53:22,multi_repeat_random_states.py,"(1021, 9)",747,sequential_243,Dense 64 -> 16 -> 32 -> 64 -> 64 -> 32 -> 1,mse,adam_243,50,256,1.4062,2840.0244140625,2832.083251953125,2963.062744140625,0.5729801494657802,0.7
2026-09-04 12:53:23,multi_repeat_random_states.py,"(1021, 9)",664,sequential_244,Dense 64 -> 16 -> 32 -> 64 -> 64 -> 32 -> 1,mse,adam_244,50,256,2.2782,137094.8125,6081.77294921875,6233.759765625,0.12708100772687903,0.7
2026-09-04 12:53:23,multi_repeat_random_states.py,"(1021, 9)",580,sequential_244,Dense 64 -> 16 -> 32 -> 64 -> 64 -> 32 -> 1,mse,adam_244,50,256,1.3959,3160.83935546875,2767.70458984375,3263.08056640625,0.5529038960634662,0.7
2026-09-04 12:53:24,multi_repeat_random_states.py,"(1021, 9)",664,sequential_244,Dense 64 -> 16 -> 32 -> 64 -> 64 -> 32 -> 1,mse,adam_244,50,256,1.3829,6074.62109375,3769.080810546875,3639.4091796875,0.49037024928701844,0.7
2026-09-04 12:53:25,multi_repeat_random_states.py,"(1021, 9)",748,sequential_244,Dense 64 -> 16 -> 32 -> 64 -> 64 -> 32 -> 1,mse,adam_244,50,256,2.2532,19796.607421875,3618.79736328125,5587.8671875,0.14392843337847494,0.7
2026-09-04 12:53:25,multi_repeat_random_states.py,"(1021, 9)",581,sequential_245,Dense 64 -> 16 -> 32 -> 64 -> 64 -> 32 -> 1,mse,adam_245,50,256,2.2344,47946.37890625,5274.7763671875,4790.6630859375,0.2811356537184837,0.7
2026-09-04 12:53:26,multi_repeat_random_states.py,"(1021, 9)",664,sequential_244,Dense 64 -> 16 -> 32 -> 64 -> 64 -> 32 -> 1,mse,adam_244,50,256,1.4597,3630.48193359375,3013.796875,3614.183837890625,0.49390257405894955,0.7
2026-09-04 12:53:26,multi_repeat_random_states.py,"(1021, 9)",748,sequential_244,Dense 64 -> 16 -> 32 -> 64 -> 64 -> 32 -> 1,mse,adam_244,50,256,1.4296,4586.6455078125,3026.312255859375,2544.558837890625,0.6101688728128648,0.7
2026-09-04 12:53:27,multi_repeat_random_states.py,"(1021, 9)",581,sequential_245,Dense 64 -> 16 -> 32 -> 64 -> 64 -> 32 -> 1,mse,adam_245,50,256,1.4454,5190.9716796875,3518.531005859375,2644.072265625,0.603242956568591,0.7
2026-09-04 12:53:28,multi_repeat_random_states.py,"(1021, 9)",748,sequential_244,Dense 64 -> 16 -> 32 -> 64 -> 64 -> 32 -> 1,mse,adam_244,50,256,1.4081,3070.075927734375,2994.5595703125,2514.48974609375,0.6147754876598837,0.7
2026-09-04 12:53:28,multi_repeat_random_states.py,"(1021, 9)",665,sequential_245,Dense 64 -> 16 -> 32 -> 64 -> 64 -> 32 -> 1,mse,adam_245,50,256,2.2417,16985.0078125,3520.927490234375,3007.912109375,0.5384389457647418,0.7
2026-09-04 12:53:28,multi_repeat_random_states.py,"(1021, 9)",581,sequential_245,Dense 64 -> 16 -> 32 -> 64 -> 64 -> 32 -> 1,mse,adam_245,50,256,1.3899,3162.578857421875,3255.918701171875,2686.893798828125,0.5968173543291945,0.7
2026-09-04 12:53:30,multi_repeat_random_states.py,"(1021, 9)",665,sequential_245,Dense 64 -> 16 -> 32 -> 64 -> 64 -> 32 -> 1,mse,adam_245,50,256,1.4012,3828.1455078125,3133.911865234375,2782.01416015625,0.5731026789976692,0.7
2026-09-04 12:53:30,multi_repeat_random_states.py,"(1021, 9)",749,sequential_245,Dense 64 -> 16 -> 32 -> 64 -> 64 -> 32 -> 1,mse,adam_245,50,256,2.2834,106881.953125,5501.69677734375,5699.48681640625,0.19038656333015513,0.7
2026-09-04 12:53:31,multi_repeat_random_states.py,"(1021, 9)",582,sequential_246,Dense 64 -> 16 -> 32 -> 64 -> 64 -> 32 -> 1,mse,adam_246,50,256,2.2396,31612.859375,3222.894287109375,3322.509033203125,0.5239732261916556,0.7
2026-09-04 12:53:31,multi_repeat_random_states.py,"(1021, 9)",665,sequential_245,Dense 64 -> 16 -> 32 -> 64 -> 64 -> 32 -> 1,mse,adam_245,50,256,1.422,3115.85107421875,3622.23388671875,2609.933837890625,0.5995083368108297,0.7
2026-09-04 12:53:32,multi_repeat_random_states.py,"(1021, 9)",749,sequential_245,Dense 64 -> 16 -> 32 -> 64 -> 64 -> 32 -> 1,mse,adam_245,50,256,1.3999,5460.22607421875,2850.380859375,3064.44921875,0.5646942334176399,0.7
2026-09-04 12:53:32,multi_repeat_random_states.py,"(1021, 9)",582,sequential_246,Dense 64 -> 16 -> 32 -> 64 -> 64 -> 32 -> 1,mse,adam_246,50,256,1.3987,3152.2919921875,2828.082763671875,3061.88037109375,0.5613143423122258,0.7
2026-09-04 12:53:33,multi_repeat_random_states.py,"(1021, 9)",749,sequential_245,Dense 64 -> 16 -> 32 -> 64 -> 64 -> 32 -> 1,mse,adam_245,50,256,1.4446,3083.591552734375,2896.80419921875,3437.8564453125,0.5116516937942651,0.7
2026-09-04 12:53:34,multi_repeat_random_states.py,"(1021, 9)",582,sequential_246,Dense 64 -> 16 -> 32 -> 64 -> 64 -> 32 -> 1,mse,adam_246,50,256,1.401,2989.515380859375,2815.433837890625,2920.035888671875,0.5816368524387285,0.7
2026-09-04 12:53:34,multi_repeat_random_states.py,"(1021, 9)",666,sequential_246,Dense 64 -> 16 -> 32 -> 64 -> 64 -> 32 -> 1,mse,adam_246,50,256,2.2496,87287.0625,5645.19091796875,5383.05419921875,0.18505004314428253,0.7
2026-09-04 12:53:35,multi_repeat_random_states.py,"(1021, 9)",666,sequential_246,Dense 64 -> 16 -> 32 -> 64 -> 64 -> 32 -> 1,mse,adam_246,50,256,1.4158,5549.267578125,3061.836181640625,2930.99609375,0.5562713480670669,0.7
2026-09-04 12:53:36,multi_repeat_random_states.py,"(1021, 9)",750,sequential_246,Dense 64 -> 16 -> 32 -> 64 -> 64 -> 32 -> 1,mse,adam_246,50,256,2.2468,39855.8359375,4567.24072265625,4449.91796875,0.36511705610925393,0.7
2026-09-04 12:53:36,multi_repeat_random_states.py,"(1021, 9)",583,sequential_247,Dense 64 -> 16 -> 32 -> 64 -> 64 -> 32 -> 1,mse,adam_247,50,256,2.2343,35453.96875,4237.18994140625,4773.4453125,0.3080808574366264,0.7
2026-09-04 12:53:37,multi_repeat_random_states.py,"(1021, 9)",666,sequential_246,Dense 64 -> 16 -> 32 -> 64 -> 64 -> 32 -> 1,mse,adam_246,50,256,1.4018,3062.077392578125,3133.78369140625,3274.895751953125,0.50420782095848,0.7
2026-09-04 12:53:37,multi_repeat_random_states.py,"(1021, 9)",750,sequential_246,Dense 64 -> 16 -> 32 -> 64 -> 64 -> 32 -> 1,mse,adam_246,50,256,1.3955,4313.82177734375,2926.761474609375,3102.380615234375,0.5573741613364769,0.7
2026-09-04 12:53:38,multi_repeat_random_states.py,"(1021, 9)",583,sequential_247,Dense 64 -> 16 -> 32 -> 64 -> 64 -> 32 -> 1,mse,adam_247,50,256,1.4344,4262.705078125,2934.14013671875,3204.471435546875,0.5355063210660644,0.7
2026-09-04 12:53:39,multi_repeat_random_states.py,"(1021, 9)",750,sequential_246,Dense 64 -> 16 -> 32 -> 64 -> 64 -> 32 -> 1,mse,adam_246,50,256,1.4032,2941.876953125,3157.047607421875,4264.1025390625,0.3916277320893723,0.7
2026-09-04 12:53:39,multi_repeat_random_states.py,"(1021, 9)",583,sequential_247,Dense 64 -> 16 -> 32 -> 64 -> 64 -> 32 -> 1,mse,adam_247,50,256,1.4123,3174.9951171875,2875.99560546875,3115.055908203125,0.5484672626834194,0.7
2026-09-04 12:53:39,multi_repeat_random_states.py,"(1021, 9)",667,sequential_247,Dense 64 -> 16 -> 32 -> 64 -> 64 -> 32 -> 1,mse,adam_247,50,256,2.2965,59051.68359375,5074.6953125,5015.65771484375,0.25768831041744744,0.7
2026-09-04 12:53:41,multi_repeat_random_states.py,"(1021, 9)",667,sequential_247,Dense 64 -> 16 -> 32 -> 64 -> 64 -> 32 -> 1,mse,adam_247,50,256,1.395,4978.9541015625,3078.4619140625,2517.718505859375,0.6273804983383413,0.7
2026-09-04 12:53:41,multi_repeat_random_states.py,"(1021, 9)",751,sequential_247,Dense 64 -> 16 -> 32 -> 64 -> 64 -> 32 -> 1,mse,adam_247,50,256,2.235,38338.83984375,4136.49462890625,4597.54443359375,0.42204545516850345,0.7
2026-09-04 12:53:42,multi_repeat_random_states.py,"(1021, 9)",584,sequential_248,Dense 64 -> 16 -> 32 -> 64 -> 64 -> 32 -> 1,mse,adam_248,50,256,2.2539,41300.51953125,5216.8046875,4278.7724609375,0.30101101131985075,0.7
2026-09-04 12:53:42,multi_repeat_random_states.py,"(1021, 9)",667,sequential_247,Dense 64 -> 16 -> 32 -> 64 -> 64 -> 32 -> 1,mse,adam_247,50,256,1.4468,3055.6982421875,3009.25244140625,2447.580810546875,0.6377608185496587,0.7
2026-09-04 12:53:43,multi_repeat_random_states.py,"(1021, 9)",751,sequential_247,Dense 64 -> 16 -> 32 -> 64 -> 64 -> 32 -> 1,mse,adam_247,50,256,1.3912,3875.154296875,2790.684814453125,3127.59619140625,0.6068316974872415,0.7
2026-09-04 12:53:43,multi_repeat_random_states.py,"(1021, 9)",584,sequential_248,Dense 64 -> 16 -> 32 -> 64 -> 64 -> 32 -> 1,mse,adam_248,50,256,1.4086,5111.49072265625,3170.106689453125,2613.14501953125,0.5731113219183868,0.7
2026-09-04 12:53:45,multi_repeat_random_states.py,"(1021, 9)",751,sequential_247,Dense 64 -> 16 -> 32 -> 64 -> 64 -> 32 -> 1,mse,adam_247,50,256,1.4135,2767.826904296875,2746.050537109375,3238.808837890625,0.5928512437654478,0.7
2026-09-04 12:53:45,multi_repeat_random_states.py,"(1021, 9)",584,sequential_248,Dense 64 -> 16 -> 32 -> 64 -> 64 -> 32 -> 1,mse,adam_248,50,256,1.4183,3064.713134765625,3269.556640625,2685.3017578125,0.5613236866787032,0.7
2026-09-04 12:53:45,multi_repeat_random_states.py,"(1021, 9)",668,sequential_248,Dense 64 -> 16 -> 32 -> 64 -> 64 -> 32 -> 1,mse,adam_248,50,256,2.3202,23498.458984375,3855.48876953125,2885.61376953125,0.5350135314145645,0.7
2026-09-04 12:53:47,multi_repeat_random_states.py,"(1021, 9)",668,sequential_248,Dense 64 -> 16 -> 32 -> 64 -> 64 -> 32 -> 1,mse,adam_248,50,256,1.395,3714.756103515625,3674.4755859375,2665.271484375,0.5705194417883492,0.7
2026-09-04 12:53:47,multi_repeat_random_states.py,"(1021, 9)",752,sequential_248,Dense 64 -> 16 -> 32 -> 64 -> 64 -> 32 -> 1,mse,adam_248,50,256,2.2067,53264.82421875,4568.23046875,5071.29736328125,0.29700880571081734,0.7
2026-09-04 12:53:47,multi_repeat_random_states.py,"(1021, 9)",585,sequential_249,Dense 64 -> 16 -> 32 -> 64 -> 64 -> 32 -> 1,mse,adam_249,50,256,2.2107,21612.998046875,3386.0078125,3250.155517578125,0.4899886580515327,0.7
2026-09-04 12:53:48,multi_repeat_random_states.py,"(1021, 9)",668,sequential_248,Dense 64 -> 16 -> 32 -> 64 -> 64 -> 32 -> 1,mse,adam_248,50,256,1.4079,3337.3271484375,2971.831298828125,2628.531005859375,0.5764397008507745,0.7
2026-09-04 12:53:49,multi_repeat_random_states.py,"(1021, 9)",752,sequential_248,Dense 64 -> 16 -> 32 -> 64 -> 64 -> 32 -> 1,mse,adam_248,50,256,1.4613,4659.40869140625,3065.889892578125,3071.849365234375,0.5741754492590474,0.7
2026-09-04 12:53:49,multi_repeat_random_states.py,"(1021, 9)",585,sequential_249,Dense 64 -> 16 -> 32 -> 64 -> 64 -> 32 -> 1,mse,adam_249,50,256,1.4005,3359.908447265625,3463.47509765625,3689.796630859375,0.4210007118292294,0.7
2026-09-04 12:53:50,multi_repeat_random_states.py,"(1021, 9)",752,sequential_248,Dense 64 -> 16 -> 32 -> 64 -> 64 -> 32 -> 1,mse,adam_248,50,256,1.4179,3175.266845703125,2867.033203125,2950.33056640625,0.5910205462818982,0.7
2026-09-04 12:53:50,multi_repeat_random_states.py,"(1021, 9)",585,sequential_249,Dense 64 -> 16 -> 32 -> 64 -> 64 -> 32 -> 1,mse,adam_249,50,256,1.4151,3336.721435546875,3327.202880859375,3042.7568359375,0.5225334993918588,0.7
2026-09-04 12:53:51,multi_repeat_random_states.py,"(1021, 9)",669,sequential_249,Dense 64 -> 16 -> 32 -> 64 -> 64 -> 32 -> 1,mse,adam_249,50,256,2.2669,17118.57421875,3340.64111328125,3418.781494140625,0.46107352034034055,0.7
2026-09-04 12:53:52,multi_repeat_random_states.py,"(1021, 9)",669,sequential_249,Dense 64 -> 16 -> 32 -> 64 -> 64 -> 32 -> 1,mse,adam_249,50,256,1.4048,3273.8759765625,3100.80029296875,3182.29345703125,0.4983527742910483,0.7
2026-09-04 12:53:53,multi_repeat_random_states.py,"(1021, 9)",753,sequential_249,Dense 64 -> 16 -> 32 -> 64 -> 64 -> 32 -> 1,mse,adam_249,50,256,2.2303,52625.42578125,4735.728515625,4859.6396484375,0.34180082534092404,0.7
2026-09-04 12:53:53,multi_repeat_random_states.py,"(1021, 9)",586,sequential_250,Dense 64 -> 16 -> 32 -> 64 -> 64 -> 32 -> 1,mse,adam_250,50,256,2.2291,34172.140625,2998.30224609375,3412.9326171875,0.5557113597762902,0.7
2026-09-04 12:53:54,multi_repeat_random_states.py,"(1021, 9)",669,sequential_249,Dense 64 -> 16 -> 32 -> 64 -> 64 -> 32 -> 1,mse,adam_249,50,256,1.4085,3149.470703125,3192.631591796875,2655.7958984375,0.5813482873864622,0.7
2026-09-04 12:53:54,multi_repeat_random_states.py,"(1021, 9)",753,sequential_249,Dense 64 -> 16 -> 32 -> 64 -> 64 -> 32 -> 1,mse,adam_249,50,256,1.4128,4574.48046875,3012.7041015625,2801.8203125,0.6205159448674388,0.7
2026-09-04 12:53:54,multi_repeat_random_states.py,"(1021, 9)",586,sequential_250,Dense 64 -> 16 -> 32 -> 64 -> 64 -> 32 -> 1,mse,adam_250,50,256,1.3938,2922.6025390625,2888.5,3262.52197265625,0.575291560199395,0.7
2026-09-04 12:53:56,multi_repeat_random_states.py,"(1021, 9)",753,sequential_249,Dense 64 -> 16 -> 32 -> 64 -> 64 -> 32 -> 1,mse,adam_249,50,256,1.4505,3075.30859375,3249.492919921875,3263.0302734375,0.5580487986586382,0.7
2026-09-04 12:53:56,multi_repeat_random_states.py,"(1021, 9)",586,sequential_250,Dense 64 -> 16 -> 32 -> 64 -> 64 -> 32 -> 1,mse,adam_250,50,256,1.4163,2772.021484375,2791.177490234375,3071.20654296875,0.600196580621905,0.7
2026-09-04 12:53:56,multi_repeat_random_states.py,"(1021, 9)",670,sequential_250,Dense 64 -> 16 -> 32 -> 64 -> 64 -> 32 -> 1,mse,adam_250,50,256,2.305,22393.23046875,3324.19482421875,3629.229736328125,0.4749467661840946,0.7
2026-09-04 12:53:58,multi_repeat_random_states.py,"(1021, 9)",670,sequential_250,Dense 64 -> 16 -> 32 -> 64 -> 64 -> 32 -> 1,mse,adam_250,50,256,1.4423,3712.356689453125,3126.623291015625,3698.511962890625,0.46492337218774504,0.7
2026-09-04 12:53:58,multi_repeat_random_states.py,"(1021, 9)",754,sequential_250,Dense 64 -> 16 -> 32 -> 64 -> 64 -> 32 -> 1,mse,adam_250,50,256,2.2088,104165.2734375,5635.65087890625,5893.4287109375,0.18048530044891342,0.7
2026-09-04 12:53:58,multi_repeat_random_states.py,"(1021, 9)",587,sequential_251,Dense 64 -> 16 -> 32 -> 64 -> 64 -> 32 -> 1,mse,adam_251,50,256,2.213,41205.4765625,3999.35986328125,3755.52685546875,0.4187157337324734,0.7
2026-09-04 12:53:59,multi_repeat_random_states.py,"(1021, 9)",670,sequential_250,Dense 64 -> 16 -> 32 -> 64 -> 64 -> 32 -> 1,mse,adam_250,50,256,1.4135,3104.22265625,3461.71728515625,2835.890869140625,0.5897218097630313,0.7
2026-09-04 12:54:00,multi_repeat_random_states.py,"(1021, 9)",754,sequential_250,Dense 64 -> 16 -> 32 -> 64 -> 64 -> 32 -> 1,mse,adam_250,50,256,1.4146,5557.35302734375,2902.996826171875,3080.75634765625,0.5716034349950451,0.7
2026-09-04 12:54:00,multi_repeat_random_states.py,"(1021, 9)",587,sequential_251,Dense 64 -> 16 -> 32 -> 64 -> 64 -> 32 -> 1,mse,adam_251,50,256,1.4208,3869.3134765625,3311.532470703125,3731.598388671875,0.4224193690947964,0.7
2026-09-04 12:54:01,multi_repeat_random_states.py,"(1021, 9)",754,sequential_250,Dense 64 -> 16 -> 32 -> 64 -> 64 -> 32 -> 1,mse,adam_250,50,256,1.4277,3017.8544921875,2880.578125,3020.3486328125,0.5800034458014396,0.7
2026-09-04 12:54:01,multi_repeat_random_states.py,"(1021, 9)",587,sequential_251,Dense 64 -> 16 -> 32 -> 64 -> 64 -> 32 -> 1,mse,adam_251,50,256,1.4292,3760.55615234375,3085.4609375,2851.173583984375,0.5586924238623154,0.7
2026-09-04 12:54:02,multi_repeat_random_states.py,"(1021, 9)",671,sequential_251,Dense 64 -> 16 -> 32 -> 64 -> 64 -> 32 -> 1,mse,adam_251,50,256,2.3062,65453.09375,5769.52197265625,5396.45068359375,0.1725625412683255,0.7
2026-09-04 12:54:03,multi_repeat_random_states.py,"(1021, 9)",671,sequential_251,Dense 64 -> 16 -> 32 -> 64 -> 64 -> 32 -> 1,mse,adam_251,50,256,1.4057,5732.93359375,2969.456298828125,2783.920166015625,0.5731417656626987,0.7
2026-09-04 12:54:04,multi_repeat_random_states.py,"(1021, 9)",755,sequential_251,Dense 64 -> 16 -> 32 -> 64 -> 64 -> 32 -> 1,mse,adam_251,50,256,2.2173,32967.1953125,3354.33837890625,3226.697998046875,0.5430784527697328,0.7
2026-09-04 12:54:04,multi_repeat_random_states.py,"(1021, 9)",756,sequential_252,Dense 64 -> 16 -> 32 -> 64 -> 64 -> 32 -> 1,mse,adam_252,50,256,2.2029,31593.279296875,4171.68701171875,3502.1953125,0.43590531858427084,0.7
2026-09-04 12:54:05,multi_repeat_random_states.py,"(1021, 9)",671,sequential_251,Dense 64 -> 16 -> 32 -> 64 -> 64 -> 32 -> 1,mse,adam_251,50,256,1.4133,3009.694580078125,3130.90087890625,2697.175048828125,0.5864423713253216,0.7
2026-09-04 12:54:05,multi_repeat_random_states.py,"(1021, 9)",755,sequential_251,Dense 64 -> 16 -> 32 -> 64 -> 64 -> 32 -> 1,mse,adam_251,50,256,1.4083,3271.12646484375,3255.41552734375,2885.576416015625,0.5913834516053389,0.7
2026-09-04 12:54:05,multi_repeat_random_states.py,"(1021, 9)",756,sequential_252,Dense 64 -> 16 -> 32 -> 64 -> 64 -> 32 -> 1,mse,adam_252,50,256,1.4106,4184.82080078125,3129.541259765625,2653.37646484375,0.5726235941441034,0.7
2026-09-04 12:54:07,multi_repeat_random_states.py,"(1021, 9)",755,sequential_251,Dense 64 -> 16 -> 32 -> 64 -> 64 -> 32 -> 1,mse,adam_251,50,256,1.4064,2961.29638671875,3010.78515625,2880.314697265625,0.5921285651725228,0.7
2026-09-04 12:54:07,multi_repeat_random_states.py,"(1021, 9)",756,sequential_252,Dense 64 -> 16 -> 32 -> 64 -> 64 -> 32 -> 1,mse,adam_252,50,256,1.4003,3159.042724609375,3259.45703125,2718.322021484375,0.5621628710293796,0.7
2026-09-04 12:54:07,multi_repeat_random_states.py,"(1021, 9)",840,sequential_252,Dense 64 -> 16 -> 32 -> 64 -> 64 -> 32 -> 1,mse,adam_252,50,256,2.2704,37781.3359375,3345.6015625,4100.29931640625,0.44994759324732525,0.7
2026-09-04 12:54:09,multi_repeat_random_states.py,"(1021, 9)",840,sequential_252,Dense 64 -> 16 -> 32 -> 64 -> 64 -> 32 -> 1,mse,adam_252,50,256,1.4063,3183.679931640625,2718.828857421875,3455.122314453125,0.5364976851127019,0.7
2026-09-04 12:54:09,multi_repeat_random_states.py,"(1021, 9)",924,sequential_252,Dense 64 -> 16 -> 32 -> 64 -> 64 -> 32 -> 1,mse,adam_252,50,256,2.2235,66823.5078125,4358.6650390625,4445.61376953125,0.36221868804829094,0.7
2026-09-04 12:54:09,multi_repeat_random_states.py,"(1021, 9)",757,sequential_253,Dense 64 -> 16 -> 32 -> 64 -> 64 -> 32 -> 1,mse,adam_253,50,256,2.2111,35931.125,4253.88818359375,3938.7421875,0.3698059998630959,0.7
2026-09-04 12:54:10,multi_repeat_random_states.py,"(1021, 9)",840,sequential_252,Dense 64 -> 16 -> 32 -> 64 -> 64 -> 32 -> 1,mse,adam_252,50,256,1.4101,2681.72119140625,3432.654541015625,3422.749755859375,0.5408403634777443,0.7
2026-09-04 12:54:11,multi_repeat_random_states.py,"(1021, 9)",924,sequential_252,Dense 64 -> 16 -> 32 -> 64 -> 64 -> 32 -> 1,mse,adam_252,50,256,1.4617,4246.9208984375,3094.857177734375,3133.371337890625,0.5504770235108759,0.7
2026-09-04 12:54:11,multi_repeat_random_states.py,"(1021, 9)",757,sequential_253,Dense 64 -> 16 -> 32 -> 64 -> 64 -> 32 -> 1,mse,adam_253,50,256,1.4209,4164.95703125,2928.7568359375,2741.22705078125,0.5614070003454248,0.7
2026-09-04 12:54:12,multi_repeat_random_states.py,"(1021, 9)",924,sequential_252,Dense 64 -> 16 -> 32 -> 64 -> 64 -> 32 -> 1,mse,adam_252,50,256,1.4008,2880.902587890625,2875.667724609375,3074.91455078125,0.5588634115952142,0.7
2026-09-04 12:54:12,multi_repeat_random_states.py,"(1021, 9)",757,sequential_253,Dense 64 -> 16 -> 32 -> 64 -> 64 -> 32 -> 1,mse,adam_253,50,256,1.3982,2941.6923828125,2976.89404296875,2699.156494140625,0.5681383016071132,0.7
2026-09-04 12:54:13,multi_repeat_random_states.py,"(1021, 9)",841,sequential_253,Dense 64 -> 16 -> 32 -> 64 -> 64 -> 32 -> 1,mse,adam_253,50,256,2.2453,53480.1796875,4224.78369140625,5028.0,0.34714345584461703,0.7
2026-09-04 12:54:14,multi_repeat_random_states.py,"(1021, 9)",841,sequential_253,Dense 64 -> 16 -> 32 -> 64 -> 64 -> 32 -> 1,mse,adam_253,50,256,1.4049,4197.83251953125,2984.86865234375,3188.312255859375,0.5860162350982164,0.7
2026-09-04 12:54:15,multi_repeat_random_states.py,"(1021, 9)",925,sequential_253,Dense 64 -> 16 -> 32 -> 64 -> 64 -> 32 -> 1,mse,adam_253,50,256,2.2282,49494.90625,5024.6318359375,5234.63916015625,0.23904196628601437,0.7
2026-09-04 12:54:15,multi_repeat_random_states.py,"(1021, 9)",758,sequential_254,Dense 64 -> 16 -> 32 -> 64 -> 64 -> 32 -> 1,mse,adam_254,50,256,2.2167,21412.154296875,3446.466796875,3270.002685546875,0.5371435233404169,0.7
2026-09-04 12:54:16,multi_repeat_random_states.py,"(1021, 9)",841,sequential_253,Dense 64 -> 16 -> 32 -> 64 -> 64 -> 32 -> 1,mse,adam_253,50,256,1.4354,2948.058837890625,2870.906005859375,3168.92919921875,0.5885330180080675,0.7
2026-09-04 12:54:16,multi_repeat_random_states.py,"(1021, 9)",925,sequential_253,Dense 64 -> 16 -> 32 -> 64 -> 64 -> 32 -> 1,mse,adam_253,50,256,1.4235,4944.3671875,2973.416015625,2844.213134765625,0.5865375910145534,0.7
2026-09-04 12:54:16,multi_repeat_random_states.py,"(1021, 9)",758,sequential_254,Dense 64 -> 16 -> 32 -> 64 -> 64 -> 32 -> 1,mse,adam_254,50,256,1.4342,3160.408935546875,3060.977783203125,2835.551025390625,0.5986385000010566,0.7
2026-09-04 12:54:18,multi_repeat_random_states.py,"(1021, 9)",925,sequential_253,Dense 64 -> 16 -> 32 -> 64 -> 64 -> 32 -> 1,mse,adam_253,50,256,1.4391,2919.408935546875,3230.882568359375,3104.319091796875,0.5487260629822122,0.7
2026-09-04 12:54:18,multi_repeat_random_states.py,"(1021, 9)",758,sequential_254,Dense 64 -> 16 -> 32 -> 64 -> 64 -> 32 -> 1,mse,adam_254,50,256,1.4081,3194.21240234375,2846.36474609375,2775.707275390625,0.6071091603766855,0.7
2026-09-04 12:54:18,multi_repeat_random_states.py,"(1021, 9)",842,sequential_254,Dense 64 -> 16 -> 32 -> 64 -> 64 -> 32 -> 1,mse,adam_254,50,256,2.2606,20210.583984375,3152.177001953125,3443.453369140625,0.5185379040098648,0.7
2026-09-04 12:54:20,multi_repeat_random_states.py,"(1021, 9)",842,sequential_254,Dense 64 -> 16 -> 32 -> 64 -> 64 -> 32 -> 1,mse,adam_254,50,256,1.4422,3044.73876953125,2908.4638671875,3436.810546875,0.519466787674236,0.7
2026-09-04 12:54:20,multi_repeat_random_states.py,"(1021, 9)",926,sequential_254,Dense 64 -> 16 -> 32 -> 64 -> 64 -> 32 -> 1,mse,adam_254,50,256,2.223,29647.404296875,3039.555419921875,3533.63134765625,0.5036524122921802,0.7
2026-09-04 12:54:20,multi_repeat_random_states.py,"(1021, 9)",759,sequential_255,Dense 64 -> 16 -> 32 -> 64 -> 64 -> 32 -> 1,mse,adam_255,50,256,2.2155,426072.96875,5216.7265625,6276.07080078125,0.1912417833790967,0.7
2026-09-04 12:54:22,multi_repeat_random_states.py,"(1021, 9)",842,sequential_254,Dense 64 -> 16 -> 32 -> 64 -> 64 -> 32 -> 1,mse,adam_254,50,256,1.4961,2853.58056640625,2781.085205078125,3512.461181640625,0.5088893217472568,0.7
2026-09-04 12:54:22,multi_repeat_random_states.py,"(1021, 9)",926,sequential_254,Dense 64 -> 16 -> 32 -> 64 -> 64 -> 32 -> 1,mse,adam_254,50,256,1.4161,2971.953369140625,2994.886962890625,3191.155029296875,0.5517579909659809,0.7
2026-09-04 12:54:22,multi_repeat_random_states.py,"(1021, 9)",759,sequential_255,Dense 64 -> 16 -> 32 -> 64 -> 64 -> 32 -> 1,mse,adam_255,50,256,1.4309,5194.4140625,4047.858642578125,4920.97021484375,0.36586517978889754,0.7
2026-09-04 12:54:23,multi_repeat_random_states.py,"(1021, 9)",926,sequential_254,Dense 64 -> 16 -> 32 -> 64 -> 64 -> 32 -> 1,mse,adam_254,50,256,1.394,2790.7373046875,3183.369873046875,3227.504638671875,0.5466521420364363,0.7
2026-09-04 12:54:23,multi_repeat_random_states.py,"(1021, 9)",759,sequential_255,Dense 64 -> 16 -> 32 -> 64 -> 64 -> 32 -> 1,mse,adam_255,50,256,1.3961,4007.145263671875,2777.49072265625,3448.17431640625,0.5556552272421444,0.7
2026-09-04 12:54:24,multi_repeat_random_states.py,"(1021, 9)",843,sequential_255,Dense 64 -> 16 -> 32 -> 64 -> 64 -> 32 -> 1,mse,adam_255,50,256,2.2642,34548.13671875,4233.17724609375,4660.95166015625,0.3407725738967199,0.7
2026-09-04 12:54:26,multi_repeat_random_states.py,"(1021, 9)",843,sequential_255,Dense 64 -> 16 -> 32 -> 64 -> 64 -> 32 -> 1,mse,adam_255,50,256,1.4059,4209.35302734375,2986.413330078125,2996.535888671875,0.5761812284328143,0.7
2026-09-04 12:54:26,multi_repeat_random_states.py,"(1021, 9)",927,sequential_255,Dense 64 -> 16 -> 32 -> 64 -> 64 -> 32 -> 1,mse,adam_255,50,256,2.2584,79937.0859375,4256.638671875,4892.5712890625,0.3205459776541172,0.7
2026-09-04 12:54:26,multi_repeat_random_states.py,"(1021, 9)",760,sequential_256,Dense 64 -> 16 -> 32 -> 64 -> 64 -> 32 -> 1,mse,adam_256,50,256,2.2269,227137.84375,6661.24658203125,6182.61181640625,0.05018713025477439,0.7
2026-09-04 12:54:27,multi_repeat_random_states.py,"(1021, 9)",843,sequential_255,Dense 64 -> 16 -> 32 -> 64 -> 64 -> 32 -> 1,mse,adam_255,50,256,1.4567,3343.259033203125,3264.219482421875,3280.1279296875,0.536071095006619,0.7
2026-09-04 12:54:27,multi_repeat_random_states.py,"(1021, 9)",927,sequential_255,Dense 64 -> 16 -> 32 -> 64 -> 64 -> 32 -> 1,mse,adam_255,50,256,1.4147,4237.74169921875,2824.682373046875,3114.349365234375,0.5674959421585907,0.7
2026-09-04 12:54:27,multi_repeat_random_states.py,"(1021, 9)",760,sequential_256,Dense 64 -> 16 -> 32 -> 64 -> 64 -> 32 -> 1,mse,adam_256,50,256,1.4095,6648.0400390625,5608.82568359375,5028.78466796875,0.22744550844519495,0.7
2026-09-04 12:54:29,multi_repeat_random_states.py,"(1021, 9)",927,sequential_255,Dense 64 -> 16 -> 32 -> 64 -> 64 -> 32 -> 1,mse,adam_255,50,256,1.4002,2821.068115234375,2900.2001953125,3131.617919921875,0.5650977376570725,0.7
2026-09-04 12:54:29,multi_repeat_random_states.py,"(1021, 9)",760,sequential_256,Dense 64 -> 16 -> 32 -> 64 -> 64 -> 32 -> 1,mse,adam_256,50,256,1.3936,5550.076171875,3016.35400390625,3064.104248046875,0.5292723695416183,0.7
2026-09-04 12:54:30,multi_repeat_random_states.py,"(1021, 9)",844,sequential_256,Dense 64 -> 16 -> 32 -> 64 -> 64 -> 32 -> 1,mse,adam_256,50,256,2.2575,42048.29296875,3865.408935546875,4458.03955078125,0.37965599282168827,0.7
2026-09-04 12:54:31,multi_repeat_random_states.py,"(1021, 9)",844,sequential_256,Dense 64 -> 16 -> 32 -> 64 -> 64 -> 32 -> 1,mse,adam_256,50,256,1.4969,3905.445068359375,3048.82470703125,3038.21923828125,0.5772265411635815,0.7
2026-09-04 12:54:31,multi_repeat_random_states.py,"(1021, 9)",928,sequential_256,Dense 64 -> 16 -> 32 -> 64 -> 64 -> 32 -> 1,mse,adam_256,50,256,2.2041,24298.83203125,3149.056640625,2705.12060546875,0.5730399699429009,0.7
2026-09-04 12:54:31,multi_repeat_random_states.py,"(1021, 9)",761,sequential_257,Dense 64 -> 16 -> 32 -> 64 -> 64 -> 32 -> 1,mse,adam_257,50,256,2.1957,49905.81640625,4396.49853515625,4708.029296875,0.35499105504900286,0.7
2026-09-04 12:54:33,multi_repeat_random_states.py,"(1021, 9)",844,sequential_256,Dense 64 -> 16 -> 32 -> 64 -> 64 -> 32 -> 1,mse,adam_256,50,256,1.4311,3047.402099609375,2936.65576171875,3427.317626953125,0.5230827858518303,0.7
2026-09-04 12:54:33,multi_repeat_random_states.py,"(1021, 9)",928,sequential_256,Dense 64 -> 16 -> 32 -> 64 -> 64 -> 32 -> 1,mse,adam_256,50,256,1.4837,3316.2001953125,3196.99462890625,2548.241455078125,0.5978008942518851,0.7
2026-09-04 12:54:33,multi_repeat_random_states.py,"(1021, 9)",761,sequential_257,Dense 64 -> 16 -> 32 -> 64 -> 64 -> 32 -> 1,mse,adam_257,50,256,1.4599,4222.26953125,3146.546630859375,3500.9716796875,0.520360167629406,0.7
2026-09-04 12:54:34,multi_repeat_random_states.py,"(1021, 9)",928,sequential_256,Dense 64 -> 16 -> 32 -> 64 -> 64 -> 32 -> 1,mse,adam_256,50,256,1.4072,3131.251220703125,3116.210205078125,2448.969482421875,0.6134693605461643,0.7
2026-09-04 12:54:34,multi_repeat_random_states.py,"(1021, 9)",761,sequential_257,Dense 64 -> 16 -> 32 -> 64 -> 64 -> 32 -> 1,mse,adam_257,50,256,1.3856,2945.406005859375,2842.646728515625,3143.595947265625,0.5693213374876034,0.7
2026-09-04 12:54:35,multi_repeat_random_states.py,"(1021, 9)",845,sequential_257,Dense 64 -> 16 -> 32 -> 64 -> 64 -> 32 -> 1,mse,adam_257,50,256,2.2467,68218.921875,4994.6923828125,5092.89208984375,0.2835106690829845,0.7
2026-09-04 12:54:37,multi_repeat_random_states.py,"(1021, 9)",845,sequential_257,Dense 64 -> 16 -> 32 -> 64 -> 64 -> 32 -> 1,mse,adam_257,50,256,1.4752,4924.84033203125,3271.715576171875,3372.088134765625,0.525600567278264,0.7
2026-09-04 12:54:37,multi_repeat_random_states.py,"(1021, 9)",929,sequential_257,Dense 64 -> 16 -> 32 -> 64 -> 64 -> 32 -> 1,mse,adam_257,50,256,2.214,26737.404296875,4050.466796875,3625.861083984375,0.4528385925598504,0.7
2026-09-04 12:54:37,multi_repeat_random_states.py,"(1021, 9)",762,sequential_258,Dense 64 -> 16 -> 32 -> 64 -> 64 -> 32 -> 1,mse,adam_258,50,256,2.2226,70252.3359375,4587.52880859375,4830.25390625,0.36254570238593353,0.7
2026-09-04 12:54:38,multi_repeat_random_states.py,"(1021, 9)",845,sequential_257,Dense 64 -> 16 -> 32 -> 64 -> 64 -> 32 -> 1,mse,adam_257,50,256,1.3966,3278.424072265625,2912.436279296875,2799.59326171875,0.606141463967129,0.7
2026-09-04 12:54:38,multi_repeat_random_states.py,"(1021, 9)",762,sequential_258,Dense 64 -> 16 -> 32 -> 64 -> 64 -> 32 -> 1,mse,adam_258,50,256,1.3928,4562.7724609375,2699.54931640625,3266.08935546875,0.5689703458826953,0.7

2026-09-04 12:54:40,multi_repeat_random_states.py,"(1021, 9)",929,sequential_257,Dense 64 -> 16 -> 32 -> 64 -> 64 -> 32 -> 1,mse,adam_257,50,256,1.3914,3014.14599609375,2955.3017578125,2568.74169921875,0.6123633928725098,0.7

2026-09-04 12:54:41,multi_repeat_random_states.py,"(1021, 9)",846,sequential_258,Dense 64 -> 16 -> 32 -> 64 -> 64 -> 32 -> 1,mse,adam_258,50,256,2.2677,90159.1171875,4721.19287109375,5153.56640625,0.3070003604567534,0.7
2026-09-04 12:54:42,multi_repeat_random_states.py,"(1021, 9)",930,sequential_258,Dense 64 -> 16 -> 32 -> 64 -> 64 -> 32 -> 1,mse,adam_258,50,256,2.2371,25819.076171875,3195.512451171875,3260.115478515625,0.5400466855761039,0.7
2026-09-04 12:54:42,multi_repeat_random_states.py,"(1021, 9)",763,sequential_259,Dense 64 -> 16 -> 32 -> 64 -> 64 -> 32 -> 1,mse,adam_259,50,256,2.2634,53918.48828125,5669.095703125,5861.119140625,0.14292330880333648,0.7
2026-09-04 12:54:42,multi_repeat_random_states.py,"(1021, 9)",846,sequential_258,Dense 64 -> 16 -> 32 -> 64 -> 64 -> 32 -> 1,mse,adam_258,50,256,1.4263,4634.9599609375,3708.48095703125,3144.0732421875,0.5772165947894248,0.7
2026-09-04 12:54:44,multi_repeat_random_states.py,"(1021, 9)",930,sequential_258,Dense 64 -> 16 -> 32 -> 64 -> 64 -> 32 -> 1,mse,adam_258,50,256,1.3937,3148.04150390625,2818.656494140625,3014.517578125,0.5746968677484123,0.7
2026-09-04 12:54:44,multi_repeat_random_states.py,"(1021, 9)",846,sequential_258,Dense 64 -> 16 -> 32 -> 64 -> 64 -> 32 -> 1,mse,adam_258,50,256,1.3929,3072.119873046875,2798.301513671875,3000.222412109375,0.5965602344159013,0.7
2026-09-04 12:54:44,multi_repeat_random_states.py,"(1021, 9)",763,sequential_259,Dense 64 -> 16 -> 32 -> 64 -> 64 -> 32 -> 1,mse,adam_259,50,256,1.4522,5666.4208984375,3309.746337890625,3902.05078125,0.42939967224181896,0.7
2026-09-04 12:54:45,multi_repeat_random_states.py,"(1021, 9)",930,sequential_258,Dense 64 -> 16 -> 32 -> 64 -> 64 -> 32 -> 1,mse,adam_258,50,256,1.4042,2863.04052734375,2831.530517578125,2985.833984375,0.5787437129937081,0.7
2026-09-04 12:54:45,multi_repeat_random_states.py,"(1021, 9)",763,sequential_259,Dense 64 -> 16 -> 32 -> 64 -> 64 -> 32 -> 1,mse,adam_259,50,256,1.3951,3488.781005859375,3932.5361328125,2788.471435546875,0.5922393912934008,0.7
2026-09-04 12:54:46,multi_repeat_random_states.py,"(1021, 9)",847,sequential_259,Dense 64 -> 16 -> 32 -> 64 -> 64 -> 32 -> 1,mse,adam_259,50,256,2.2926,27967.916015625,3230.84423828125,3385.9150390625,0.5223595832594725,0.7
2026-09-04 12:54:48,multi_repeat_random_states.py,"(1021, 9)",931,sequential_259,Dense 64 -> 16 -> 32 -> 64 -> 64 -> 32 -> 1,mse,adam_259,50,256,2.2719,28014.94140625,3780.69482421875,3846.828125,0.49733611554463464,0.7
2026-09-04 12:54:48,multi_repeat_random_states.py,"(1021, 9)",764,sequential_260,Dense 64 -> 16 -> 32 -> 64 -> 64 -> 32 -> 1,mse,adam_260,50,256,2.2323,76356.421875,4528.75634765625,5305.5,0.2983457039313635,0.7
2026-09-04 12:54:48,multi_repeat_random_states.py,"(1021, 9)",847,sequential_259,Dense 64 -> 16 -> 32 -> 64 -> 64 -> 32 -> 1,mse,adam_259,50,256,1.4737,2973.462646484375,2879.63916015625,3282.72607421875,0.5369162147196014,0.7
2026-09-04 12:54:49,multi_repeat_random_states.py,"(1021, 9)",931,sequential_259,Dense 64 -> 16 -> 32 -> 64 -> 64 -> 32 -> 1,mse,adam_259,50,256,1.408,3473.790771484375,3015.597900390625,3248.65087890625,0.5754997313603745,0.7
2026-09-04 12:54:49,multi_repeat_random_states.py,"(1021, 9)",764,sequential_260,Dense 64 -> 16 -> 32 -> 64 -> 64 -> 32 -> 1,mse,adam_260,50,256,1.4136,4480.494140625,2974.20654296875,3337.51025390625,0.558613049414088,0.7
2026-09-04 12:54:50,multi_repeat_random_states.py,"(1021, 9)",847,sequential_259,Dense 64 -> 16 -> 32 -> 64 -> 64 -> 32 -> 1,mse,adam_259,50,256,1.4461,2755.834716796875,2785.288330078125,3352.01025390625,0.5271424424760459,0.7
2026-09-04 12:54:51,multi_repeat_random_states.py,"(1021, 9)",931,sequential_259,Dense 64 -> 16 -> 32 -> 64 -> 64 -> 32 -> 1,mse,adam_259,50,256,1.4113,2779.655517578125,3073.76171875,3692.784423828125,0.517464900847304,0.7
2026-09-04 12:54:51,multi_repeat_random_states.py,"(1021, 9)",764,sequential_260,Dense 64 -> 16 -> 32 -> 64 -> 64 -> 32 -> 1,mse,adam_260,50,256,1.3958,2817.46240234375,2723.149169921875,3101.211669921875,0.5898636169849784,0.7
2026-09-04 12:54:52,multi_repeat_random_states.py,"(1021, 9)",848,sequential_260,Dense 64 -> 16 -> 32 -> 64 -> 64 -> 32 -> 1,mse,adam_260,50,256,2.3069,33773.8359375,4403.01220703125,3942.24169921875,0.3977780126522309,0.7
2026-09-04 12:54:53,multi_repeat_random_states.py,"(1021, 9)",932,sequential_260,Dense 64 -> 16 -> 32 -> 64 -> 64 -> 32 -> 1,mse,adam_260,50,256,2.2187,267316.46875,6321.9990234375,5809.2373046875,0.08366557912125971,0.7
2026-09-04 12:54:53,multi_repeat_random_states.py,"(1021, 9)",765,sequential_261,Dense 64 -> 16 -> 32 -> 64 -> 64 -> 32 -> 1,mse,adam_261,50,256,2.2203,41521.33984375,3427.42529296875,5242.13720703125,0.2569654955895442,0.7
2026-09-04 12:54:54,multi_repeat_random_states.py,"(1021, 9)",848,sequential_260,Dense 64 -> 16 -> 32 -> 64 -> 64 -> 32 -> 1,mse,adam_260,50,256,1.407,4544.6064453125,3339.21875,3331.326171875,0.49110229125298577,0.7
2026-09-04 12:54:55,multi_repeat_random_states.py,"(1021, 9)",932,sequential_260,Dense 64 -> 16 -> 32 -> 64 -> 64 -> 32 -> 1,mse,adam_260,50,256,1.4028,6308.3486328125,5200.84228515625,4976.11181640625,0.21508073934392913,0.7
2026-09-04 12:54:55,multi_repeat_random_states.py,"(1021, 9)",765,sequential_261,Dense 64 -> 16 -> 32 -> 64 -> 64 -> 32 -> 1,mse,adam_261,50,256,1.4066,4322.87548828125,3106.929443359375,3167.741455078125,0.5509959453759994,0.7
2026-09-04 12:54:55,multi_repeat_random_states.py,"(1021, 9)",848,sequential_260,Dense 64 -> 16 -> 32 -> 64 -> 64 -> 32 -> 1,mse,adam_260,50,256,1.4094,3152.66455078125,2878.846435546875,2789.962646484375,0.5738016516718842,0.7
2026-09-04 12:54:56,multi_repeat_random_states.py,"(1021, 9)",765,sequential_261,Dense 64 -> 16 -> 32 -> 64 -> 64 -> 32 -> 1,mse,adam_261,50,256,1.3866,3021.641845703125,2816.693359375,3283.388671875,0.5346037253789668,0.7
2026-09-04 12:54:56,multi_repeat_random_states.py,"(1021, 9)",932,sequential_260,Dense 64 -> 16 -> 32 -> 64 -> 64 -> 32 -> 1,mse,adam_260,50,256,1.3866,5193.087890625,3066.418701171875,3147.508544921875,0.503519946691225,0.7
2026-09-04 12:54:58,multi_repeat_random_states.py,"(1021, 9)",849,sequential_261,Dense 64 -> 16 -> 32 -> 64 -> 64 -> 32 -> 1,mse,adam_261,50,256,2.2637,33137.28125,4370.9697265625,3866.240966796875,0.43940839279569344,0.7
2026-09-04 12:54:59,multi_repeat_random_states.py,"(1021, 9)",766,sequential_262,Dense 64 -> 16 -> 32 -> 64 -> 64 -> 32 -> 1,mse,adam_262,50,256,2.1976,27288.341796875,3835.379150390625,3411.56884765625,0.4662855828668129,0.7
2026-09-04 12:54:59,multi_repeat_random_states.py,"(1021, 9)",933,sequential_261,Dense 64 -> 16 -> 32 -> 64 -> 64 -> 32 -> 1,mse,adam_261,50,256,2.2133,30892.734375,3913.244873046875,4549.3515625,0.25990444584507555,0.7
2026-09-04 12:54:59,multi_repeat_random_states.py,"(1021, 9)",849,sequential_261,Dense 64 -> 16 -> 32 -> 64 -> 64 -> 32 -> 1,mse,adam_261,50,256,1.416,4254.20166015625,2936.225830078125,2694.799560546875,0.6092632783901764,0.7
2026-09-04 12:55:01,multi_repeat_random_states.py,"(1021, 9)",766,sequential_262,Dense 64 -> 16 -> 32 -> 64 -> 64 -> 32 -> 1,mse,adam_262,50,256,1.4737,3756.140869140625,3153.21630859375,2730.42236328125,0.572845811071814,0.7
2026-09-04 12:55:01,multi_repeat_random_states.py,"(1021, 9)",933,sequential_261,Dense 64 -> 16 -> 32 -> 64 -> 64 -> 32 -> 1,mse,adam_261,50,256,1.4562,4183.42724609375,2954.063720703125,2647.095947265625,0.5693663257870172,0.7
2026-09-04 12:55:01,multi_repeat_random_states.py,"(1021, 9)",849,sequential_261,Dense 64 -> 16 -> 32 -> 64 -> 64 -> 32 -> 1,mse,adam_261,50,256,1.439,2900.81689453125,3053.893798828125,2703.319580078125,0.6080279284607368,0.7
2026-09-04 12:55:02,multi_repeat_random_states.py,"(1021, 9)",766,sequential_262,Dense 64 -> 16 -> 32 -> 64 -> 64 -> 32 -> 1,mse,adam_262,50,256,1.5654,3024.0166015625,3015.810791015625,2564.214111328125,0.5988478964751922,0.7
2026-09-04 12:55:02,multi_repeat_random_states.py,"(1021, 9)",933,sequential_261,Dense 64 -> 16 -> 32 -> 64 -> 64 -> 32 -> 1,mse,adam_261,50,256,1.5648,2927.349609375,2949.269775390625,2671.43701171875,0.56540647148864,0.7
2026-09-04 12:55:03,multi_repeat_random_states.py,"(1021, 9)",850,sequential_262,Dense 64 -> 16 -> 32 -> 64 -> 64 -> 32 -> 1,mse,adam_262,50,256,2.3985,108616.59375,5349.35888671875,5783.91259765625,0.16868017001477664,0.7
2026-09-04 12:55:05,multi_repeat_random_states.py,"(1021, 9)",767,sequential_263,Dense 64 -> 16 -> 32 -> 64 -> 64 -> 32 -> 1,mse,adam_263,50,256,2.2215,20751.53515625,3673.555419921875,3015.14501953125,0.4936804484110081,0.7
2026-09-04 12:55:05,multi_repeat_random_states.py,"(1021, 9)",934,sequential_262,Dense 64 -> 16 -> 32 -> 64 -> 64 -> 32 -> 1,mse,adam_262,50,256,2.328,20948.56640625,3048.517333984375,3356.28271484375,0.4713062277114969,0.7
2026-09-04 12:55:05,multi_repeat_random_states.py,"(1021, 9)",850,sequential_262,Dense 64 -> 16 -> 32 -> 64 -> 64 -> 32 -> 1,mse,adam_262,50,256,1.4813,5305.22802734375,2908.17041015625,3203.25048828125,0.5395978381366748,0.7
2026-09-04 12:55:06,multi_repeat_random_states.py,"(1021, 9)",767,sequential_263,Dense 64 -> 16 -> 32 -> 64 -> 64 -> 32 -> 1,mse,adam_263,50,256,1.4373,3332.593017578125,2807.602294921875,3000.371337890625,0.49616136647636866,0.7
2026-09-04 12:55:06,multi_repeat_random_states.py,"(1021, 9)",934,sequential_262,Dense 64 -> 16 -> 32 -> 64 -> 64 -> 32 -> 1,mse,adam_262,50,256,1.4726,3238.3232421875,2899.656982421875,3049.6884765625,0.5196022162598921,0.7
2026-09-04 12:55:07,multi_repeat_random_states.py,"(1021, 9)",850,sequential_262,Dense 64 -> 16 -> 32 -> 64 -> 64 -> 32 -> 1,mse,adam_262,50,256,1.427,2873.069580078125,2903.46630859375,3075.600341796875,0.5579449999806967,0.7
2026-09-04 12:55:08,multi_repeat_random_states.py,"(1021, 9)",767,sequential_263,Dense 64 -> 16 -> 32 -> 64 -> 64 -> 32 -> 1,mse,adam_263,50,256,1.4352,3153.396484375,2761.697265625,2997.37451171875,0.4966646079545365,0.7
2026-09-04 12:55:08,multi_repeat_random_states.py,"(1021, 9)",934,sequential_262,Dense 64 -> 16 -> 32 -> 64 -> 64 -> 32 -> 1,mse,adam_262,50,256,1.4414,2815.572021484375,2984.707275390625,3296.291259765625,0.4807563061854345,0.7
2026-09-04 12:55:09,multi_repeat_random_states.py,"(1021, 9)",851,sequential_263,Dense 64 -> 16 -> 32 -> 64 -> 64 -> 32 -> 1,mse,adam_263,50,256,2.3485,94701.0234375,5866.28125,4980.55419921875,0.20336032664174475,0.7
2026-09-04 12:55:10,multi_repeat_random_states.py,"(1021, 9)",768,sequential_264,Dense 64 -> 16 -> 32 -> 64 -> 64 -> 32 -> 1,mse,adam_264,50,256,2.2581,33295.32421875,3353.25927734375,3562.075927734375,0.5079173434273796,0.7
2026-09-04 12:55:10,multi_repeat_random_states.py,"(1021, 9)",935,sequential_263,Dense 64 -> 16 -> 32 -> 64 -> 64 -> 32 -> 1,mse,adam_263,50,256,2.2692,17966.693359375,3705.218505859375,2641.207763671875,0.5885363803383798,0.7
2026-09-04 12:55:11,multi_repeat_random_states.py,"(1021, 9)",851,sequential_263,Dense 64 -> 16 -> 32 -> 64 -> 64 -> 32 -> 1,mse,adam_263,50,256,1.4909,5889.39208984375,3698.12744140625,2750.68798828125,0.5600274936906182,0.7
2026-09-04 12:55:12,multi_repeat_random_states.py,"(1021, 9)",768,sequential_264,Dense 64 -> 16 -> 32 -> 64 -> 64 -> 32 -> 1,mse,adam_264,50,256,1.5038,3307.889892578125,2855.29150390625,2923.00732421875,0.5962014508387699,0.7
2026-09-04 12:55:12,multi_repeat_random_states.py,"(1021, 9)",935,sequential_263,Dense 64 -> 16 -> 32 -> 64 -> 64 -> 32 -> 1,mse,adam_263,50,256,1.5234,3677.0927734375,2928.455078125,2576.73291015625,0.5985807178685852,0.7
2026-09-04 12:55:12,multi_repeat_random_states.py,"(1021, 9)",851,sequential_263,Dense 64 -> 16 -> 32 -> 64 -> 64 -> 32 -> 1,mse,adam_263,50,256,1.4627,3380.27783203125,2991.541015625,2690.161865234375,0.5697086499504869,0.7
2026-09-04 12:55:13,multi_repeat_random_states.py,"(1021, 9)",768,sequential_264,Dense 64 -> 16 -> 32 -> 64 -> 64 -> 32 -> 1,mse,adam_264,50,256,1.4189,2832.83154296875,3022.79443359375,2901.58447265625,0.5991608130072819,0.7
2026-09-04 12:55:14,multi_repeat_random_states.py,"(1021, 9)",935,sequential_263,Dense 64 -> 16 -> 32 -> 64 -> 64 -> 32 -> 1,mse,adam_263,50,256,1.4135,2947.225341796875,3196.953857421875,3061.544189453125,0.5230538560489754,0.7
2026-09-04 12:55:15,multi_repeat_random_states.py,"(1021, 9)",852,sequential_264,Dense 64 -> 16 -> 32 -> 64 -> 64 -> 32 -> 1,mse,adam_264,50,256,2.2925,32992.44921875,3808.956298828125,3928.104248046875,0.44993238960907955,0.7
2026-09-04 12:55:16,multi_repeat_random_states.py,"(1021, 9)",769,sequential_265,Dense 64 -> 16 -> 32 -> 64 -> 64 -> 32 -> 1,mse,adam_265,50,256,2.2703,19416.12109375,3037.77734375,3059.45556640625,0.5553670080979003,0.7
2026-09-04 12:55:16,multi_repeat_random_states.py,"(1021, 9)",936,sequential_264,Dense 64 -> 16 -> 32 -> 64 -> 64 -> 32 -> 1,mse,adam_264,50,256,2.2697,23481.16796875,2985.388671875,3455.510009765625,0.5025911828418586,0.7
2026-09-04 12:55:17,multi_repeat_random_states.py,"(1021, 9)",852,sequential_264,Dense 64 -> 16 -> 32 -> 64 -> 64 -> 32 -> 1,mse,adam_264,50,256,1.4541,3679.99072265625,3048.893310546875,3303.8193359375,0.5373533832538095,0.7
2026-09-04 12:55:17,multi_repeat_random_states.py,"(1021, 9)",769,sequential_265,Dense 64 -> 16 -> 32 -> 64 -> 64 -> 32 -> 1,mse,adam_265,50,256,1.4687,3058.688232421875,2861.8359375,2921.1083984375,0.5754731186149237,0.7
2026-09-04 12:55:18,multi_repeat_random_states.py,"(1021, 9)",936,sequential_264,Dense 64 -> 16 -> 32 -> 64 -> 64 -> 32 -> 1,mse,adam_264,50,256,1.4617,3291.975341796875,2996.083984375,3209.470703125,0.5380077248796308,0.7
2026-09-04 12:55:18,multi_repeat_random_states.py,"(1021, 9)",852,sequential_264,Dense 64 -> 16 -> 32 -> 64 -> 64 -> 32 -> 1,mse,adam_264,50,256,1.4326,3043.93310546875,3034.31396484375,3608.480712890625,0.4946905442909001,0.7
2026-09-04 12:55:19,multi_repeat_random_states.py,"(1021, 9)",769,sequential_265,Dense 64 -> 16 -> 32 -> 64 -> 64 -> 32 -> 1,mse,adam_265,50,256,1.4526,2935.12841796875,2852.184326171875,2831.619873046875,0.588478568915074,0.7
2026-09-04 12:55:19,multi_repeat_random_states.py,"(1021, 9)",936,sequential_264,Dense 64 -> 16 -> 32 -> 64 -> 64 -> 32 -> 1,mse,adam_264,50,256,1.4122,2909.235107421875,2782.372802734375,3391.687744140625,0.5117782057797733,0.7
2026-09-04 12:55:21,multi_repeat_random_states.py,"(1021, 9)",853,sequential_265,Dense 64 -> 16 -> 32 -> 64 -> 64 -> 32 -> 1,mse,adam_265,50,256,2.2864,62466.65234375,5543.6494140625,4844.30517578125,0.21156163758870206,0.7
2026-09-04 12:55:22,multi_repeat_random_states.py,"(1021, 9)",770,sequential_266,Dense 64 -> 16 -> 32 -> 64 -> 64 -> 32 -> 1,mse,adam_266,50,256,2.3313,57136.8671875,4307.4677734375,4842.2158203125,0.33055021437505183,0.7
2026-09-04 12:55:22,multi_repeat_random_states.py,"(1021, 9)",937,sequential_265,Dense 64 -> 16 -> 32 -> 64 -> 64 -> 32 -> 1,mse,adam_265,50,256,2.3988,34272.01953125,3731.49072265625,3828.3232421875,0.49259456046225014,0.7
2026-09-04 12:55:22,multi_repeat_random_states.py,"(1021, 9)",853,sequential_265,Dense 64 -> 16 -> 32 -> 64 -> 64 -> 32 -> 1,mse,adam_265,50,256,1.5117,5485.16162109375,3185.4443359375,3157.71923828125,0.48606317634773777,0.7
2026-09-04 12:55:23,multi_repeat_random_states.py,"(1021, 9)",770,sequential_266,Dense 64 -> 16 -> 32 -> 64 -> 64 -> 32 -> 1,mse,adam_266,50,256,1.5484,4244.3935546875,2829.294677734375,3067.372802734375,0.5759271959006973,0.7
2026-09-04 12:55:24,multi_repeat_random_states.py,"(1021, 9)",937,sequential_265,Dense 64 -> 16 -> 32 -> 64 -> 64 -> 32 -> 1,mse,adam_265,50,256,1.5331,3575.737548828125,3229.881103515625,3543.14501953125,0.5303920732265802,0.7
2026-09-04 12:55:24,multi_repeat_random_states.py,"(1021, 9)",853,sequential_265,Dense 64 -> 16 -> 32 -> 64 -> 64 -> 32 -> 1,mse,adam_265,50,256,1.4882,3098.259033203125,3197.172119140625,3100.984130859375,0.49529720633003116,0.7
2026-09-04 12:55:25,multi_repeat_random_states.py,"(1021, 9)",770,sequential_266,Dense 64 -> 16 -> 32 -> 64 -> 64 -> 32 -> 1,mse,adam_266,50,256,1.4509,2794.048828125,2735.599853515625,3014.583740234375,0.583225415789637,0.7
2026-09-04 12:55:25,multi_repeat_random_states.py,"(1021, 9)",937,sequential_265,Dense 64 -> 16 -> 32 -> 64 -> 64 -> 32 -> 1,mse,adam_265,50,256,1.4824,3205.408447265625,3129.477783203125,3349.862548828125,0.5560097380924676,0.7
2026-09-04 12:55:26,multi_repeat_random_states.py,"(1021, 9)",854,sequential_266,Dense 64 -> 16 -> 32 -> 64 -> 64 -> 32 -> 1,mse,adam_266,50,256,2.2315,28488.759765625,3180.250244140625,3804.062255859375,0.5075463784025521,0.7
2026-09-04 12:55:27,multi_repeat_random_states.py,"(1021, 9)",771,sequential_267,Dense 64 -> 16 -> 32 -> 64 -> 64 -> 32 -> 1,mse,adam_267,50,256,2.3037,192259.75,6012.4814453125,6272.1865234375,0.12399761784469143,0.7
2026-09-04 12:55:28,multi_repeat_random_states.py,"(1021, 9)",938,sequential_266,Dense 64 -> 16 -> 32 -> 64 -> 64 -> 32 -> 1,mse,adam_266,50,256,2.2727,210394.703125,6087.5830078125,5596.3642578125,0.14929497835384298,0.7
2026-09-04 12:55:28,multi_repeat_random_states.py,"(1021, 9)",854,sequential_266,Dense 64 -> 16 -> 32 -> 64 -> 64 -> 32 -> 1,mse,adam_266,50,256,1.4391,3302.44677734375,3585.426513671875,4543.25537109375,0.4118543560613016,0.7
2026-09-04 12:55:29,multi_repeat_random_states.py,"(1021, 9)",771,sequential_267,Dense 64 -> 16 -> 32 -> 64 -> 64 -> 32 -> 1,mse,adam_267,50,256,1.5235,5990.14697265625,3568.6962890625,3653.082275390625,0.4897937782961578,0.7
2026-09-04 12:55:29,multi_repeat_random_states.py,"(1021, 9)",938,sequential_266,Dense 64 -> 16 -> 32 -> 64 -> 64 -> 32 -> 1,mse,adam_266,50,256,1.4111,6073.22998046875,3700.187255859375,3461.115478515625,0.473874797430728,0.7
2026-09-04 12:55:29,multi_repeat_random_states.py,"(1021, 9)",854,sequential_266,Dense 64 -> 16 -> 32 -> 64 -> 64 -> 32 -> 1,mse,adam_266,50,256,1.3976,3324.85107421875,2686.4658203125,3387.75146484375,0.5614397109355795,0.7
2026-09-04 12:55:31,multi_repeat_random_states.py,"(1021, 9)",771,sequential_267,Dense 64 -> 16 -> 32 -> 64 -> 64 -> 32 -> 1,mse,adam_267,50,256,1.3922,3637.251220703125,2975.489013671875,3088.44873046875,0.5686531045367313,0.7
2026-09-04 12:55:31,multi_repeat_random_states.py,"(1021, 9)",938,sequential_266,Dense 64 -> 16 -> 32 -> 64 -> 64 -> 32 -> 1,mse,adam_266,50,256,1.4011,3605.054443359375,2886.7236328125,2922.802001953125,0.5557039766269989,0.7
2026-09-04 12:55:32,multi_repeat_random_states.py,"(1021, 9)",855,sequential_267,Dense 64 -> 16 -> 32 -> 64 -> 64 -> 32 -> 1,mse,adam_267,50,256,2.2678,86011.9140625,6065.861328125,6270.34130859375,0.08337631635352427,0.7
2026-09-04 12:55:33,multi_repeat_random_states.py,"(1021, 9)",939,sequential_267,Dense 64 -> 16 -> 32 -> 64 -> 64 -> 32 -> 1,mse,adam_267,50,256,2.3236,65373.80859375,4582.513671875,4627.74365234375,0.3536556219189384,0.7
2026-09-04 12:55:34,multi_repeat_random_states.py,"(1021, 9)",855,sequential_267,Dense 64 -> 16 -> 32 -> 64 -> 64 -> 32 -> 1,mse,adam_267,50,256,1.4518,6064.36083984375,3606.239990234375,3285.871337890625,0.5196581297951968,0.7
2026-09-04 12:55:35,multi_repeat_random_states.py,"(1021, 9)",939,sequential_267,Dense 64 -> 16 -> 32 -> 64 -> 64 -> 32 -> 1,mse,adam_267,50,256,1.4059,4514.9169921875,3343.269775390625,2849.951171875,0.601955092571179,0.7
2026-09-04 12:55:35,multi_repeat_random_states.py,"(1021, 9)",855,sequential_267,Dense 64 -> 16 -> 32 -> 64 -> 64 -> 32 -> 1,mse,adam_267,50,256,1.4429,3296.650390625,2839.70947265625,2860.565185546875,0.5818310622737668,0.7
2026-09-04 12:55:36,multi_repeat_random_states.py,"(1021, 9)",772,sequential_268,Dense 64 -> 16 -> 32 -> 64 -> 64 -> 32 -> 1,mse,adam_268,50,256,4.7277,225719.296875,6091.4345703125,5933.712890625,0.14108298397953134,0.7
2026-09-04 12:55:36,multi_repeat_random_states.py,"(1021, 9)",939,sequential_267,Dense 64 -> 16 -> 32 -> 64 -> 64 -> 32 -> 1,mse,adam_267,50,256,1.4097,3069.649658203125,2947.351806640625,2808.638916015625,0.6077249995853942,0.7
2026-09-04 12:55:37,multi_repeat_random_states.py,"(1021, 9)",772,sequential_268,Dense 64 -> 16 -> 32 -> 64 -> 64 -> 32 -> 1,mse,adam_268,50,256,1.5641,6059.02734375,3399.404296875,3359.759765625,0.5136678882415495,0.7
2026-09-04 12:55:39,multi_repeat_random_states.py,"(1021, 9)",772,sequential_268,Dense 64 -> 16 -> 32 -> 64 -> 64 -> 32 -> 1,mse,adam_268,50,256,1.5669,3297.927001953125,3092.460693359375,4249.34423828125,0.3848987119207622,0.7
2026-09-04 12:55:40,multi_repeat_random_states.py,"(1021, 9)",856,sequential_268,Dense 64 -> 16 -> 32 -> 64 -> 64 -> 32 -> 1,mse,adam_268,50,256,4.7789,24752.91796875,3503.994140625,4415.751953125,0.3246138456071781,0.7
2026-09-04 12:55:41,multi_repeat_random_states.py,"(1021, 9)",940,sequential_268,Dense 64 -> 16 -> 32 -> 64 -> 64 -> 32 -> 1,mse,adam_268,50,256,4.7287,168860.21875,5975.5,5210.544921875,0.1392697315050595,0.7
2026-09-04 12:55:41,multi_repeat_random_states.py,"(1021, 9)",773,sequential_269,Dense 64 -> 16 -> 32 -> 64 -> 64 -> 32 -> 1,mse,adam_269,50,256,2.2612,139724.9375,5772.63916015625,5955.85595703125,0.1656513884429327,0.7
2026-09-04 12:55:42,multi_repeat_random_states.py,"(1021, 9)",856,sequential_268,Dense 64 -> 16 -> 32 -> 64 -> 64 -> 32 -> 1,mse,adam_268,50,256,1.4246,4129.60595703125,3053.356201171875,2985.180908203125,0.5434187036453524,0.7
2026-09-04 12:55:43,multi_repeat_random_states.py,"(1021, 9)",940,sequential_268,Dense 64 -> 16 -> 32 -> 64 -> 64 -> 32 -> 1,mse,adam_268,50,256,1.4562,5931.6533203125,3465.82861328125,2808.60205078125,0.5360468310901658,0.7
2026-09-04 12:55:43,multi_repeat_random_states.py,"(1021, 9)",773,sequential_269,Dense 64 -> 16 -> 32 -> 64 -> 64 -> 32 -> 1,mse,adam_269,50,256,1.4661,5735.6552734375,2986.030517578125,3064.075927734375,0.5707573398426202,0.7
2026-09-04 12:55:43,multi_repeat_random_states.py,"(1021, 9)",856,sequential_268,Dense 64 -> 16 -> 32 -> 64 -> 64 -> 32 -> 1,mse,adam_268,50,256,1.4604,2986.41064453125,2778.215576171875,2941.927001953125,0.5500343611464784,0.7
2026-09-04 12:55:44,multi_repeat_random_states.py,"(1021, 9)",940,sequential_268,Dense 64 -> 16 -> 32 -> 64 -> 64 -> 32 -> 1,mse,adam_268,50,256,1.42,3527.678955078125,2980.366943359375,2595.546875,0.5712414201681362,0.7
2026-09-04 12:55:45,multi_repeat_random_states.py,"(1021, 9)",773,sequential_269,Dense 64 -> 16 -> 32 -> 64 -> 64 -> 32 -> 1,mse,adam_269,50,256,1.4143,2915.412353515625,2894.741943359375,2862.492919921875,0.5989969396930912,0.7
2026-09-04 12:55:46,multi_repeat_random_states.py,"(1021, 9)",857,sequential_269,Dense 64 -> 16 -> 32 -> 64 -> 64 -> 32 -> 1,mse,adam_269,50,256,2.3132,43527.27734375,4498.19189453125,5069.11767578125,0.31710646241862783,0.7
2026-09-04 12:55:47,multi_repeat_random_states.py,"(1021, 9)",941,sequential_269,Dense 64 -> 16 -> 32 -> 64 -> 64 -> 32 -> 1,mse,adam_269,50,256,2.2933,17655.134765625,3227.97900390625,3834.228515625,0.4790368287270551,0.7
2026-09-04 12:55:47,multi_repeat_random_states.py,"(1021, 9)",774,sequential_270,Dense 64 -> 16 -> 32 -> 64 -> 64 -> 32 -> 1,mse,adam_270,50,256,2.3395,52534.671875,3105.732666015625,3718.9091796875,0.5157300156239015,0.7
2026-09-04 12:55:47,multi_repeat_random_states.py,"(1021, 9)",857,sequential_269,Dense 64 -> 16 -> 32 -> 64 -> 64 -> 32 -> 1,mse,adam_269,50,256,1.4477,4438.08642578125,2967.14599609375,3134.5458984375,0.5777250675436603,0.7
2026-09-04 12:55:48,multi_repeat_random_states.py,"(1021, 9)",941,sequential_269,Dense 64 -> 16 -> 32 -> 64 -> 64 -> 32 -> 1,mse,adam_269,50,256,1.4326,3275.5732421875,2732.793701171875,3211.169189453125,0.563692934353415,0.7
2026-09-04 12:55:49,multi_repeat_random_states.py,"(1021, 9)",774,sequential_270,Dense 64 -> 16 -> 32 -> 64 -> 64 -> 32 -> 1,mse,adam_270,50,256,1.4511,2849.043701171875,2786.3203125,3241.583251953125,0.5778864973606794,0.7
2026-09-04 12:55:49,multi_repeat_random_states.py,"(1021, 9)",857,sequential_269,Dense 64 -> 16 -> 32 -> 64 -> 64 -> 32 -> 1,mse,adam_269,50,256,1.4469,2841.087158203125,2775.3740234375,2983.617919921875,0.5980576042365913,0.7
2026-09-04 12:55:50,multi_repeat_random_states.py,"(1021, 9)",941,sequential_269,Dense 64 -> 16 -> 32 -> 64 -> 64 -> 32 -> 1,mse,adam_269,50,256,1.4548,2925.14404296875,2645.491943359375,3204.623779296875,0.5645823073574496,0.7
2026-09-04 12:55:50,multi_repeat_random_states.py,"(1021, 9)",774,sequential_270,Dense 64 -> 16 -> 32 -> 64 -> 64 -> 32 -> 1,mse,adam_270,50,256,1.4408,2750.700927734375,2708.064208984375,3120.123779296875,0.5937027516859812,0.7
2026-09-04 12:55:51,multi_repeat_random_states.py,"(1021, 9)",858,sequential_270,Dense 64 -> 16 -> 32 -> 64 -> 64 -> 32 -> 1,mse,adam_270,50,256,2.2543,31562.748046875,5031.7236328125,4914.0244140625,0.29039119577723427,0.7
2026-09-04 12:55:53,multi_repeat_random_states.py,"(1021, 9)",942,sequential_270,Dense 64 -> 16 -> 32 -> 64 -> 64 -> 32 -> 1,mse,adam_270,50,256,2.2839,38777.7421875,3816.552490234375,5405.16162109375,0.18498329211962505,0.7
2026-09-04 12:55:53,multi_repeat_random_states.py,"(1021, 9)",775,sequential_271,Dense 64 -> 16 -> 32 -> 64 -> 64 -> 32 -> 1,mse,adam_271,50,256,2.2932,64540.16015625,5311.0107421875,5252.484375,0.23678640386751448,0.7
2026-09-04 12:55:53,multi_repeat_random_states.py,"(1021, 9)",858,sequential_270,Dense 64 -> 16 -> 32 -> 64 -> 64 -> 32 -> 1,mse,adam_270,50,256,1.4451,4898.77880859375,2851.248291015625,2804.566162109375,0.5950070725733356,0.7
2026-09-04 12:55:54,multi_repeat_random_states.py,"(1021, 9)",942,sequential_270,Dense 64 -> 16 -> 32 -> 64 -> 64 -> 32 -> 1,mse,adam_270,50,256,1.4707,3999.428466796875,2915.85693359375,2841.12841796875,0.5716007584029936,0.7
2026-09-04 12:55:54,multi_repeat_random_states.py,"(1021, 9)",775,sequential_271,Dense 64 -> 16 -> 32 -> 64 -> 64 -> 32 -> 1,mse,adam_271,50,256,1.4278,5246.96484375,3061.367919921875,3158.3037109375,0.5410818881377866,0.7
2026-09-04 12:55:55,multi_repeat_random_states.py,"(1021, 9)",858,sequential_270,Dense 64 -> 16 -> 32 -> 64 -> 64 -> 32 -> 1,mse,adam_270,50,256,1.4225,2910.739990234375,2927.051025390625,2829.40673828125,0.5914199969910319,0.7
2026-09-04 12:55:56,multi_repeat_random_states.py,"(1021, 9)",942,sequential_270,Dense 64 -> 16 -> 32 -> 64 -> 64 -> 32 -> 1,mse,adam_270,50,256,1.4123,2949.682861328125,2972.030029296875,3210.133544921875,0.5159603800962849,0.7
2026-09-04 12:55:56,multi_repeat_random_states.py,"(1021, 9)",775,sequential_271,Dense 64 -> 16 -> 32 -> 64 -> 64 -> 32 -> 1,mse,adam_271,50,256,1.4484,2998.29833984375,2880.1640625,3030.554443359375,0.5596444663867786,0.7
2026-09-04 12:55:57,multi_repeat_random_states.py,"(1021, 9)",859,sequential_271,Dense 64 -> 16 -> 32 -> 64 -> 64 -> 32 -> 1,mse,adam_271,50,256,2.2583,61536.58203125,4646.12060546875,5141.0439453125,0.30996452432410715,0.7
2026-09-04 12:55:58,multi_repeat_random_states.py,"(1021, 9)",943,sequential_271,Dense 64 -> 16 -> 32 -> 64 -> 64 -> 32 -> 1,mse,adam_271,50,256,2.2899,131663.59375,5739.708984375,5489.0078125,0.18008297352028702,0.7
2026-09-04 12:55:58,multi_repeat_random_states.py,"(1021, 9)",776,sequential_272,Dense 64 -> 16 -> 32 -> 64 -> 64 -> 32 -> 1,mse,adam_272,50,256,2.3028,72952.3046875,4332.814453125,4701.07275390625,0.3442443134336437,0.7
2026-09-04 12:55:59,multi_repeat_random_states.py,"(1021, 9)",859,sequential_271,Dense 64 -> 16 -> 32 -> 64 -> 64 -> 32 -> 1,mse,adam_271,50,256,1.4312,4557.4228515625,2892.981201171875,3264.405517578125,0.561848541763446,0.7
2026-09-04 12:56:00,multi_repeat_random_states.py,"(1021, 9)",943,sequential_271,Dense 64 -> 16 -> 32 -> 64 -> 64 -> 32 -> 1,mse,adam_271,50,256,1.4246,5694.41748046875,3312.834716796875,2768.784423828125,0.5864146337675624,0.7
2026-09-04 12:56:00,multi_repeat_random_states.py,"(1021, 9)",776,sequential_272,Dense 64 -> 16 -> 32 -> 64 -> 64 -> 32 -> 1,mse,adam_272,50,256,1.4227,4518.32177734375,3111.20458984375,2940.114990234375,0.5898814640247656,0.7
2026-09-04 12:56:00,multi_repeat_random_states.py,"(1021, 9)",859,sequential_271,Dense 64 -> 16 -> 32 -> 64 -> 64 -> 32 -> 1,mse,adam_271,50,256,1.4176,3007.661376953125,2808.27197265625,3093.484619140625,0.5847897637974936,0.7
2026-09-04 12:56:01,multi_repeat_random_states.py,"(1021, 9)",943,sequential_271,Dense 64 -> 16 -> 32 -> 64 -> 64 -> 32 -> 1,mse,adam_271,50,256,1.4299,3174.0830078125,3048.417236328125,2751.456787109375,0.5890029076491156,0.7
2026-09-04 12:56:01,multi_repeat_random_states.py,"(1021, 9)",776,sequential_272,Dense 64 -> 16 -> 32 -> 64 -> 64 -> 32 -> 1,mse,adam_272,50,256,1.4357,3054.959716796875,2904.56396484375,2810.239501953125,0.6079978431777093,0.7
2026-09-04 12:56:03,multi_repeat_random_states.py,"(1021, 9)",860,sequential_272,Dense 64 -> 16 -> 32 -> 64 -> 64 -> 32 -> 1,mse,adam_272,50,256,2.274,44872.7109375,5021.11962890625,5690.56298828125,0.2563836356503687,0.7
2026-09-04 12:56:04,multi_repeat_random_states.py,"(1021, 9)",944,sequential_272,Dense 64 -> 16 -> 32 -> 64 -> 64 -> 32 -> 1,mse,adam_272,50,256,2.3593,70501.6875,4409.63671875,3823.663818359375,0.3800813337166674,0.7
2026-09-04 12:56:04,multi_repeat_random_states.py,"(1021, 9)",777,sequential_273,Dense 64 -> 16 -> 32 -> 64 -> 64 -> 32 -> 1,mse,adam_273,50,256,2.2951,31684.337890625,4414.3642578125,4305.484375,0.3529162616050404,0.7
2026-09-04 12:56:04,multi_repeat_random_states.py,"(1021, 9)",860,sequential_272,Dense 64 -> 16 -> 32 -> 64 -> 64 -> 32 -> 1,mse,adam_272,50,256,1.4119,4938.87451171875,2922.53955078125,3093.027099609375,0.5958174865634318,0.7
2026-09-04 12:56:06,multi_repeat_random_states.py,"(1021, 9)",944,sequential_272,Dense 64 -> 16 -> 32 -> 64 -> 64 -> 32 -> 1,mse,adam_272,50,256,1.4973,4179.7490234375,2954.69140625,2813.9833984375,0.5437777172967972,0.7
2026-09-04 12:56:06,multi_repeat_random_states.py,"(1021, 9)",777,sequential_273,Dense 64 -> 16 -> 32 -> 64 -> 64 -> 32 -> 1,mse,adam_273,50,256,1.4667,4252.6474609375,2911.18701171875,3059.939453125,0.5401128499423875,0.7
2026-09-04 12:56:06,multi_repeat_random_states.py,"(1021, 9)",860,sequential_272,Dense 64 -> 16 -> 32 -> 64 -> 64 -> 32 -> 1,mse,adam_272,50,256,1.4687,3021.86669921875,3571.192138671875,3296.33154296875,0.5692506190329403,0.7
2026-09-04 12:56:07,multi_repeat_random_states.py,"(1021, 9)",944,sequential_272,Dense 64 -> 16 -> 32 -> 64 -> 64 -> 32 -> 1,mse,adam_272,50,256,1.4674,2946.94775390625,3041.6083984375,3109.2060546875,0.4959141803057524,0.7
2026-09-04 12:56:07,multi_repeat_random_states.py,"(1021, 9)",777,sequential_273,Dense 64 -> 16 -> 32 -> 64 -> 64 -> 32 -> 1,mse,adam_273,50,256,1.4227,2884.931884765625,2871.35205078125,2979.6650390625,0.5521775023837243,0.7
2026-09-04 12:56:08,multi_repeat_random_states.py,"(1021, 9)",861,sequential_273,Dense 64 -> 16 -> 32 -> 64 -> 64 -> 32 -> 1,mse,adam_273,50,256,2.3391,20678.037109375,3115.705078125,3120.030517578125,0.5272840409287642,0.7
2026-09-04 12:56:10,multi_repeat_random_states.py,"(1021, 9)",945,sequential_273,Dense 64 -> 16 -> 32 -> 64 -> 64 -> 32 -> 1,mse,adam_273,50,256,2.2508,66881.2890625,5939.373046875,5209.15771484375,0.16783621484018196,0.7
2026-09-04 12:56:10,multi_repeat_random_states.py,"(1021, 9)",778,sequential_274,Dense 64 -> 16 -> 32 -> 64 -> 64 -> 32 -> 1,mse,adam_274,50,256,2.2523,17056.314453125,3337.46337890625,3356.314697265625,0.5142148706679659,0.7
2026-09-04 12:56:10,multi_repeat_random_states.py,"(1021, 9)",861,sequential_273,Dense 64 -> 16 -> 32 -> 64 -> 64 -> 32 -> 1,mse,adam_273,50,256,1.4368,3075.845703125,2832.603271484375,3327.76806640625,0.4958097825152531,0.7
2026-09-04 12:56:11,multi_repeat_random_states.py,"(1021, 9)",945,sequential_273,Dense 64 -> 16 -> 32 -> 64 -> 64 -> 32 -> 1,mse,adam_273,50,256,1.4347,5868.66650390625,3283.615966796875,3090.895751953125,0.506228928866042,0.7
2026-09-04 12:56:11,multi_repeat_random_states.py,"(1021, 9)",778,sequential_274,Dense 64 -> 16 -> 32 -> 64 -> 64 -> 32 -> 1,mse,adam_274,50,256,1.4298,3204.856689453125,2814.708740234375,2877.06982421875,0.5835796536504377,0.7
2026-09-04 12:56:12,multi_repeat_random_states.py,"(1021, 9)",861,sequential_273,Dense 64 -> 16 -> 32 -> 64 -> 64 -> 32 -> 1,mse,adam_273,50,256,1.4384,2855.3857421875,3081.557373046875,3162.935302734375,0.5207835916687751,0.7
2026-09-04 12:56:13,multi_repeat_random_states.py,"(1021, 9)",778,sequential_274,Dense 64 -> 16 -> 32 -> 64 -> 64 -> 32 -> 1,mse,adam_274,50,256,1.4166,2848.77001953125,3204.89404296875,2967.708251953125,0.5704609405409669,0.7
2026-09-04 12:56:13,multi_repeat_random_states.py,"(1021, 9)",945,sequential_273,Dense 64 -> 16 -> 32 -> 64 -> 64 -> 32 -> 1,mse,adam_273,50,256,1.479,3438.700927734375,2936.560791015625,3162.5400390625,0.49478376975876714,0.7
2026-09-04 12:56:14,multi_repeat_random_states.py,"(1021, 9)",862,sequential_274,Dense 64 -> 16 -> 32 -> 64 -> 64 -> 32 -> 1,mse,adam_274,50,256,2.2772,17548.53515625,2790.931884765625,3548.437744140625,0.5072083525603622,0.7
2026-09-04 12:56:15,multi_repeat_random_states.py,"(1021, 9)",779,sequential_275,Dense 64 -> 16 -> 32 -> 64 -> 64 -> 32 -> 1,mse,adam_275,50,256,2.2519,34586.8125,4302.8408203125,4533.5224609375,0.3510632059097367,0.7
2026-09-04 12:56:15,multi_repeat_random_states.py,"(1021, 9)",946,sequential_274,Dense 64 -> 16 -> 32 -> 64 -> 64 -> 32 -> 1,mse,adam_274,50,256,2.2556,63247.6015625,4788.90869140625,4352.5087890625,0.34118130123798385,0.7
2026-09-04 12:56:16,multi_repeat_random_states.py,"(1021, 9)",862,sequential_274,Dense 64 -> 16 -> 32 -> 64 -> 64 -> 32 -> 1,mse,adam_274,50,256,1.4364,2854.608642578125,2766.434326171875,3963.57080078125,0.4495564332169567,0.7
2026-09-04 12:56:17,multi_repeat_random_states.py,"(1021, 9)",779,sequential_275,Dense 64 -> 16 -> 32 -> 64 -> 64 -> 32 -> 1,mse,adam_275,50,256,1.4194,4179.408203125,3116.395263671875,3774.761474609375,0.45967364315664083,0.7
2026-09-04 12:56:17,multi_repeat_random_states.py,"(1021, 9)",946,sequential_274,Dense 64 -> 16 -> 32 -> 64 -> 64 -> 32 -> 1,mse,adam_274,50,256,1.4283,4702.54541015625,2980.429443359375,3000.217529296875,0.545871310128311,0.7
2026-09-04 12:56:17,multi_repeat_random_states.py,"(1021, 9)",862,sequential_274,Dense 64 -> 16 -> 32 -> 64 -> 64 -> 32 -> 1,mse,adam_274,50,256,1.4664,2993.794921875,2651.063232421875,3322.287109375,0.5386151194047133,0.7
2026-09-04 12:56:18,multi_repeat_random_states.py,"(1021, 9)",779,sequential_275,Dense 64 -> 16 -> 32 -> 64 -> 64 -> 32 -> 1,mse,adam_275,50,256,1.4303,3572.85888671875,2934.797607421875,3423.92626953125,0.5098928532564908,0.7
2026-09-04 12:56:18,multi_repeat_random_states.py,"(1021, 9)",946,sequential_274,Dense 64 -> 16 -> 32 -> 64 -> 64 -> 32 -> 1,mse,adam_274,50,256,1.4383,3133.164794921875,3094.154541015625,3040.2958984375,0.5398047937441044,0.7
2026-09-04 12:56:20,multi_repeat_random_states.py,"(1021, 9)",863,sequential_275,Dense 64 -> 16 -> 32 -> 64 -> 64 -> 32 -> 1,mse,adam_275,50,256,2.2805,25636.16015625,3292.61376953125,3564.87548828125,0.4936260481502055,0.7
2026-09-04 12:56:21,multi_repeat_random_states.py,"(1021, 9)",780,sequential_276,Dense 64 -> 16 -> 32 -> 64 -> 64 -> 32 -> 1,mse,adam_276,50,256,2.2998,71562.1484375,5787.2041015625,4900.30419921875,0.2145077549369807,0.7
2026-09-04 12:56:21,multi_repeat_random_states.py,"(1021, 9)",947,sequential_275,Dense 64 -> 16 -> 32 -> 64 -> 64 -> 32 -> 1,mse,adam_275,50,256,2.2491,96059.9765625,4702.70166015625,5659.98779296875,0.2910325181687552,0.7
2026-09-04 12:56:21,multi_repeat_random_states.py,"(1021, 9)",863,sequential_275,Dense 64 -> 16 -> 32 -> 64 -> 64 -> 32 -> 1,mse,adam_275,50,256,1.4573,3067.135009765625,2742.7216796875,3129.1181640625,0.555523384793743,0.7
2026-09-04 12:56:22,multi_repeat_random_states.py,"(1021, 9)",780,sequential_276,Dense 64 -> 16 -> 32 -> 64 -> 64 -> 32 -> 1,mse,adam_276,50,256,1.4214,5729.50537109375,3301.15234375,2558.015380859375,0.5899640322625402,0.7
2026-09-04 12:56:22,multi_repeat_random_states.py,"(1021, 9)",947,sequential_275,Dense 64 -> 16 -> 32 -> 64 -> 64 -> 32 -> 1,mse,adam_275,50,256,1.4256,4636.462890625,3012.327880859375,3272.35791015625,0.5901059032434184,0.7
2026-09-04 12:56:23,multi_repeat_random_states.py,"(1021, 9)",863,sequential_275,Dense 64 -> 16 -> 32 -> 64 -> 64 -> 32 -> 1,mse,adam_275,50,256,1.4359,2757.04296875,3181.91162109375,3440.5703125,0.5112829965531052,0.7
2026-09-04 12:56:24,multi_repeat_random_states.py,"(1021, 9)",780,sequential_276,Dense 64 -> 16 -> 32 -> 64 -> 64 -> 32 -> 1,mse,adam_276,50,256,1.4188,3287.662109375,3181.84765625,2409.491943359375,0.613771458680588,0.7
2026-09-04 12:56:24,multi_repeat_random_states.py,"(1021, 9)",947,sequential_275,Dense 64 -> 16 -> 32 -> 64 -> 64 -> 32 -> 1,mse,adam_275,50,256,1.4569,2911.474609375,2802.931884765625,2845.83154296875,0.643532365757316,0.7
2026-09-04 12:56:25,multi_repeat_random_states.py,"(1021, 9)",864,sequential_276,Dense 64 -> 16 -> 32 -> 64 -> 64 -> 32 -> 1,mse,adam_276,50,256,2.272,33910.94921875,3000.264404296875,3872.296142578125,0.43213886620611175,0.7
2026-09-04 12:56:27,multi_repeat_random_states.py,"(1021, 9)",781,sequential_277,Dense 64 -> 16 -> 32 -> 64 -> 64 -> 32 -> 1,mse,adam_277,50,256,2.2898,22938.11328125,3501.3349609375,3374.052490234375,0.5265090745433321,0.7
2026-09-04 12:56:27,multi_repeat_random_states.py,"(1021, 9)",948,sequential_276,Dense 64 -> 16 -> 32 -> 64 -> 64 -> 32 -> 1,mse,adam_276,50,256,2.239,51535.32421875,4446.13232421875,4787.5146484375,0.2680290510576445,0.7
2026-09-04 12:56:27,multi_repeat_random_states.py,"(1021, 9)",864,sequential_276,Dense 64 -> 16 -> 32 -> 64 -> 64 -> 32 -> 1,mse,adam_276,50,256,1.4206,2991.556884765625,3046.455322265625,3252.466552734375,0.5230352041809512,0.7
2026-09-04 12:56:28,multi_repeat_random_states.py,"(1021, 9)",781,sequential_277,Dense 64 -> 16 -> 32 -> 64 -> 64 -> 32 -> 1,mse,adam_277,50,256,1.4617,3358.02880859375,3594.83984375,3736.9052734375,0.47558886628382224,0.7
2026-09-04 12:56:28,multi_repeat_random_states.py,"(1021, 9)",948,sequential_276,Dense 64 -> 16 -> 32 -> 64 -> 64 -> 32 -> 1,mse,adam_276,50,256,1.4323,4330.67431640625,2925.97314453125,2919.34521484375,0.5536564669520857,0.7
2026-09-04 12:56:28,multi_repeat_random_states.py,"(1021, 9)",864,sequential_276,Dense 64 -> 16 -> 32 -> 64 -> 64 -> 32 -> 1,mse,adam_276,50,256,1.4404,2915.568603515625,2763.425537109375,3190.013427734375,0.5321936754665606,0.7
2026-09-04 12:56:30,multi_repeat_random_states.py,"(1021, 9)",781,sequential_277,Dense 64 -> 16 -> 32 -> 64 -> 64 -> 32 -> 1,mse,adam_277,50,256,1.4519,3476.248291015625,2926.95556640625,3095.28076171875,0.565629933131118,0.7
2026-09-04 12:56:30,multi_repeat_random_states.py,"(1021, 9)",948,sequential_276,Dense 64 -> 16 -> 32 -> 64 -> 64 -> 32 -> 1,mse,adam_276,50,256,1.499,2938.65283203125,3120.255859375,2992.919189453125,0.5424076445661047,0.7
2026-09-04 12:56:31,multi_repeat_random_states.py,"(1021, 9)",865,sequential_277,Dense 64 -> 16 -> 32 -> 64 -> 64 -> 32 -> 1,mse,adam_277,50,256,2.3045,41255.2265625,3448.723388671875,3450.215576171875,0.4832968711787663,0.7
2026-09-04 12:56:32,multi_repeat_random_states.py,"(1021, 9)",782,sequential_278,Dense 64 -> 16 -> 32 -> 64 -> 64 -> 32 -> 1,mse,adam_278,50,256,2.2203,240818.1875,5784.17041015625,6450.4990234375,0.1163235230976305,0.7
2026-09-04 12:56:32,multi_repeat_random_states.py,"(1021, 9)",949,sequential_277,Dense 64 -> 16 -> 32 -> 64 -> 64 -> 32 -> 1,mse,adam_277,50,256,2.2401,29222.734375,3281.6044921875,3435.74853515625,0.4710914067474816,0.7
2026-09-04 12:56:33,multi_repeat_random_states.py,"(1021, 9)",865,sequential_277,Dense 64 -> 16 -> 32 -> 64 -> 64 -> 32 -> 1,mse,adam_277,50,256,1.409,3394.741455078125,2882.34375,3031.204345703125,0.5460477707851429,0.7
2026-09-04 12:56:34,multi_repeat_random_states.py,"(1021, 9)",782,sequential_278,Dense 64 -> 16 -> 32 -> 64 -> 64 -> 32 -> 1,mse,adam_278,50,256,1.4424,5764.41259765625,3669.3798828125,4453.912109375,0.38984294085770554,0.7
2026-09-04 12:56:34,multi_repeat_random_states.py,"(1021, 9)",949,sequential_277,Dense 64 -> 16 -> 32 -> 64 -> 64 -> 32 -> 1,mse,adam_277,50,256,1.4321,3218.378173828125,2864.222900390625,3400.262451171875,0.47655421125846775,0.7
2026-09-04 12:56:34,multi_repeat_random_states.py,"(1021, 9)",865,sequential_277,Dense 64 -> 16 -> 32 -> 64 -> 64 -> 32 -> 1,mse,adam_277,50,256,1.4438,2830.47265625,2860.629638671875,2938.5439453125,0.5599245928894137,0.7
2026-09-04 12:56:35,multi_repeat_random_states.py,"(1021, 9)",782,sequential_278,Dense 64 -> 16 -> 32 -> 64 -> 64 -> 32 -> 1,mse,adam_278,50,256,1.4264,3679.718994140625,2790.4970703125,3150.773681640625,0.5683644503054239,0.7
2026-09-04 12:56:35,multi_repeat_random_states.py,"(1021, 9)",949,sequential_277,Dense 64 -> 16 -> 32 -> 64 -> 64 -> 32 -> 1,mse,adam_277,50,256,1.4163,2944.02783203125,2908.562255859375,2993.60302734375,0.5391564600452925,0.7
2026-09-04 12:56:37,multi_repeat_random_states.py,"(1021, 9)",866,sequential_278,Dense 64 -> 16 -> 32 -> 64 -> 64 -> 32 -> 1,mse,adam_278,50,256,2.2942,128393.484375,5735.86376953125,5885.681640625,0.15190495554128713,0.7
2026-09-04 12:56:38,multi_repeat_random_states.py,"(1021, 9)",783,sequential_279,Dense 64 -> 16 -> 32 -> 64 -> 64 -> 32 -> 1,mse,adam_279,50,256,2.2818,34291.0,3374.8623046875,3579.508544921875,0.48825732870999716,0.7
2026-09-04 12:56:38,multi_repeat_random_states.py,"(1021, 9)",950,sequential_278,Dense 64 -> 16 -> 32 -> 64 -> 64 -> 32 -> 1,mse,adam_278,50,256,2.2413,45773.265625,4357.1357421875,4287.208984375,0.36797884193513364,0.7
2026-09-04 12:56:38,multi_repeat_random_states.py,"(1021, 9)",866,sequential_278,Dense 64 -> 16 -> 32 -> 64 -> 64 -> 32 -> 1,mse,adam_278,50,256,1.4983,5702.0703125,3087.646484375,3878.476806640625,0.4411323441418247,0.7
2026-09-04 12:56:39,multi_repeat_random_states.py,"(1021, 9)",783,sequential_279,Dense 64 -> 16 -> 32 -> 64 -> 64 -> 32 -> 1,mse,adam_279,50,256,1.429,3348.966552734375,2893.8603515625,2973.6875,0.5748682557561644,0.7
2026-09-04 12:56:39,multi_repeat_random_states.py,"(1021, 9)",950,sequential_278,Dense 64 -> 16 -> 32 -> 64 -> 64 -> 32 -> 1,mse,adam_278,50,256,1.4193,4249.0400390625,3003.943359375,3019.031982421875,0.554933789038302,0.7
2026-09-04 12:56:40,multi_repeat_random_states.py,"(1021, 9)",866,sequential_278,Dense 64 -> 16 -> 32 -> 64 -> 64 -> 32 -> 1,mse,adam_278,50,256,1.4231,3533.749267578125,3179.776611328125,3021.71728515625,0.5645867832335778,0.7
2026-09-04 12:56:41,multi_repeat_random_states.py,"(1021, 9)",783,sequential_279,Dense 64 -> 16 -> 32 -> 64 -> 64 -> 32 -> 1,mse,adam_279,50,256,1.4012,2812.505126953125,2822.460205078125,2930.703125,0.5810134729594616,0.7
2026-09-04 12:56:41,multi_repeat_random_states.py,"(1021, 9)",950,sequential_278,Dense 64 -> 16 -> 32 -> 64 -> 64 -> 32 -> 1,mse,adam_278,50,256,1.4712,2872.659912109375,2783.94384765625,3055.640869140625,0.549536911662919,0.7
2026-09-04 12:56:42,multi_repeat_random_states.py,"(1021, 9)",867,sequential_279,Dense 64 -> 16 -> 32 -> 64 -> 64 -> 32 -> 1,mse,adam_279,50,256,2.2551,107155.2421875,4857.1240234375,5193.18701171875,0.2430643539547016,0.7
2026-09-04 12:56:43,multi_repeat_random_states.py,"(1021, 9)",784,sequential_280,Dense 64 -> 16 -> 32 -> 64 -> 64 -> 32 -> 1,mse,adam_280,50,256,2.2524,35663.87890625,4042.89453125,3870.57763671875,0.37827366970119425,0.7
2026-09-04 12:56:43,multi_repeat_random_states.py,"(1021, 9)",951,sequential_279,Dense 64 -> 16 -> 32 -> 64 -> 64 -> 32 -> 1,mse,adam_279,50,256,2.275,38470.3203125,4461.38330078125,3817.177978515625,0.3995411551274205,0.7
2026-09-04 12:56:44,multi_repeat_random_states.py,"(1021, 9)",867,sequential_279,Dense 64 -> 16 -> 32 -> 64 -> 64 -> 32 -> 1,mse,adam_279,50,256,1.4655,4824.32275390625,2965.0390625,3672.02001953125,0.4647828627007605,0.7
2026-09-04 12:56:45,multi_repeat_random_states.py,"(1021, 9)",784,sequential_280,Dense 64 -> 16 -> 32 -> 64 -> 64 -> 32 -> 1,mse,adam_280,50,256,1.4165,4293.15771484375,3167.007080078125,2666.822509765625,0.571631509915588,0.7
2026-09-04 12:56:45,multi_repeat_random_states.py,"(1021, 9)",951,sequential_279,Dense 64 -> 16 -> 32 -> 64 -> 64 -> 32 -> 1,mse,adam_279,50,256,1.4475,4242.453125,3141.645751953125,2952.943603515625,0.5354891122860389,0.7
2026-09-04 12:56:45,multi_repeat_random_states.py,"(1021, 9)",867,sequential_279,Dense 64 -> 16 -> 32 -> 64 -> 64 -> 32 -> 1,mse,adam_279,50,256,1.4456,3063.050537109375,2813.376953125,3214.684326171875,0.5314420817420732,0.7
2026-09-04 12:56:46,multi_repeat_random_states.py,"(1021, 9)",784,sequential_280,Dense 64 -> 16 -> 32 -> 64 -> 64 -> 32 -> 1,mse,adam_280,50,256,1.3946,3107.14990234375,2937.9755859375,2629.540771484375,0.5776199746185293,0.7
2026-09-04 12:56:47,multi_repeat_random_states.py,"(1021, 9)",951,sequential_279,Dense 64 -> 16 -> 32 -> 64 -> 64 -> 32 -> 1,mse,adam_279,50,256,1.4087,3208.42919921875,3078.20654296875,2704.402587890625,0.5745857010474191,0.7
2026-09-04 12:56:48,multi_repeat_random_states.py,"(1021, 9)",868,sequential_280,Dense 64 -> 16 -> 32 -> 64 -> 64 -> 32 -> 1,mse,adam_280,50,256,2.2468,25846.021484375,3581.845703125,3172.919189453125,0.5022045826715126,0.7
2026-09-04 12:56:49,multi_repeat_random_states.py,"(1021, 9)",785,sequential_281,Dense 64 -> 16 -> 32 -> 64 -> 64 -> 32 -> 1,mse,adam_281,50,256,2.2534,32412.974609375,3991.734130859375,5786.18896484375,0.18195366050240303,0.7
2026-09-04 12:56:49,multi_repeat_random_states.py,"(1021, 9)",952,sequential_280,Dense 64 -> 16 -> 32 -> 64 -> 64 -> 32 -> 1,mse,adam_280,50,256,2.2487,95425.90625,5118.96044921875,5452.640625,0.2357130175123504,0.7
2026-09-04 12:56:50,multi_repeat_random_states.py,"(1021, 9)",868,sequential_280,Dense 64 -> 16 -> 32 -> 64 -> 64 -> 32 -> 1,mse,adam_280,50,256,1.4162,3491.763427734375,2971.6708984375,2550.385498046875,0.599873142372317,0.7
2026-09-04 12:56:50,multi_repeat_random_states.py,"(1021, 9)",785,sequential_281,Dense 64 -> 16 -> 32 -> 64 -> 64 -> 32 -> 1,mse,adam_281,50,256,1.4792,4520.61181640625,2794.052734375,3178.1015625,0.5506827416092994,0.7
2026-09-04 12:56:51,multi_repeat_random_states.py,"(1021, 9)",952,sequential_280,Dense 64 -> 16 -> 32 -> 64 -> 64 -> 32 -> 1,mse,adam_280,50,256,1.4194,5068.3916015625,3169.83740234375,3584.1025390625,0.49762268649967223,0.7
2026-09-04 12:56:51,multi_repeat_random_states.py,"(1021, 9)",868,sequential_280,Dense 64 -> 16 -> 32 -> 64 -> 64 -> 32 -> 1,mse,adam_280,50,256,1.4146,2971.8359375,2944.063720703125,2646.078857421875,0.5848599091676281,0.7
2026-09-04 12:56:52,multi_repeat_random_states.py,"(1021, 9)",785,sequential_281,Dense 64 -> 16 -> 32 -> 64 -> 64 -> 32 -> 1,mse,adam_281,50,256,1.5062,2946.66162109375,2862.7626953125,3224.24609375,0.5441588769954799,0.7
2026-09-04 12:56:52,multi_repeat_random_states.py,"(1021, 9)",952,sequential_280,Dense 64 -> 16 -> 32 -> 64 -> 64 -> 32 -> 1,mse,adam_280,50,256,1.4061,3001.392578125,2767.583984375,3141.39697265625,0.5596759182096622,0.7
2026-09-04 12:56:54,multi_repeat_random_states.py,"(1021, 9)",869,sequential_281,Dense 64 -> 16 -> 32 -> 64 -> 64 -> 32 -> 1,mse,adam_281,50,256,2.3045,18101.14453125,4114.3984375,2933.4833984375,0.510464857118717,0.7
2026-09-04 12:56:55,multi_repeat_random_states.py,"(1021, 9)",953,sequential_281,Dense 64 -> 16 -> 32 -> 64 -> 64 -> 32 -> 1,mse,adam_281,50,256,2.2632,44386.92578125,4239.18017578125,4809.69287109375,0.3707453740637011,0.7
2026-09-04 12:56:55,multi_repeat_random_states.py,"(1021, 9)",786,sequential_282,Dense 64 -> 16 -> 32 -> 64 -> 64 -> 32 -> 1,mse,adam_282,50,256,2.2879,325794.625,5904.26416015625,6691.947265625,0.11071018985786207,0.7
2026-09-04 12:56:55,multi_repeat_random_states.py,"(1021, 9)",869,sequential_281,Dense 64 -> 16 -> 32 -> 64 -> 64 -> 32 -> 1,mse,adam_281,50,256,1.4143,3953.549072265625,3022.365966796875,2662.998046875,0.5556030304963735,0.7
2026-09-04 12:56:56,multi_repeat_random_states.py,"(1021, 9)",953,sequential_281,Dense 64 -> 16 -> 32 -> 64 -> 64 -> 32 -> 1,mse,adam_281,50,256,1.4168,4091.85986328125,3001.35791015625,4073.362060546875,0.4670799497804734,0.7
2026-09-04 12:56:56,multi_repeat_random_states.py,"(1021, 9)",786,sequential_282,Dense 64 -> 16 -> 32 -> 64 -> 64 -> 32 -> 1,mse,adam_282,50,256,1.4498,5887.97314453125,4798.80615234375,5543.6611328125,0.263305415522176,0.7
2026-09-04 12:56:57,multi_repeat_random_states.py,"(1021, 9)",869,sequential_281,Dense 64 -> 16 -> 32 -> 64 -> 64 -> 32 -> 1,mse,adam_281,50,256,1.4133,3001.464111328125,2953.931396484375,2810.95556640625,0.5309121474251732,0.7
2026-09-04 12:56:58,multi_repeat_random_states.py,"(1021, 9)",786,sequential_282,Dense 64 -> 16 -> 32 -> 64 -> 64 -> 32 -> 1,mse,adam_282,50,256,1.4048,4723.4375,2904.437744140625,3367.09619140625,0.5525480814040968,0.7
2026-09-04 12:56:58,multi_repeat_random_states.py,"(1021, 9)",953,sequential_281,Dense 64 -> 16 -> 32 -> 64 -> 64 -> 32 -> 1,mse,adam_281,50,256,1.4622,2924.1533203125,2793.662841796875,3238.7919921875,0.576267155764748,0.7
2026-09-04 12:56:59,multi_repeat_random_states.py,"(1021, 9)",870,sequential_282,Dense 64 -> 16 -> 32 -> 64 -> 64 -> 32 -> 1,mse,adam_282,50,256,2.2685,262867.75,6363.50146484375,6047.90185546875,0.07801050071254778,0.7
2026-09-04 12:57:00,multi_repeat_random_states.py,"(1021, 9)",787,sequential_283,Dense 64 -> 16 -> 32 -> 64 -> 64 -> 32 -> 1,mse,adam_283,50,256,2.2275,53689.91796875,5120.06396484375,4641.533203125,0.2759821113534209,0.7
2026-09-04 12:57:00,multi_repeat_random_states.py,"(1021, 9)",954,sequential_282,Dense 64 -> 16 -> 32 -> 64 -> 64 -> 32 -> 1,mse,adam_282,50,256,2.2347,19083.048828125,3627.957763671875,3017.590087890625,0.5602507250167933,0.7
2026-09-04 12:57:01,multi_repeat_random_states.py,"(1021, 9)",870,sequential_282,Dense 64 -> 16 -> 32 -> 64 -> 64 -> 32 -> 1,mse,adam_282,50,256,1.4721,6339.3173828125,4373.78076171875,4113.9677734375,0.3728345152142043,0.7
2026-09-04 12:57:02,multi_repeat_random_states.py,"(1021, 9)",787,sequential_283,Dense 64 -> 16 -> 32 -> 64 -> 64 -> 32 -> 1,mse,adam_283,50,256,1.4061,5071.7841796875,3040.245849609375,2857.575927734375,0.5542559134979197,0.7
2026-09-04 12:57:02,multi_repeat_random_states.py,"(1021, 9)",954,sequential_282,Dense 64 -> 16 -> 32 -> 64 -> 64 -> 32 -> 1,mse,adam_282,50,256,1.4116,3487.80078125,3061.2705078125,2740.96337890625,0.6005632261232137,0.7
2026-09-04 12:57:02,multi_repeat_random_states.py,"(1021, 9)",870,sequential_282,Dense 64 -> 16 -> 32 -> 64 -> 64 -> 32 -> 1,mse,adam_282,50,256,1.4315,4270.13720703125,2823.107666015625,2952.9794921875,0.5498247505791087,0.7
2026-09-04 12:57:03,multi_repeat_random_states.py,"(1021, 9)",787,sequential_283,Dense 64 -> 16 -> 32 -> 64 -> 64 -> 32 -> 1,mse,adam_283,50,256,1.4081,3085.028564453125,3081.388916015625,2789.34228515625,0.5648994699941841,0.7
2026-09-04 12:57:03,multi_repeat_random_states.py,"(1021, 9)",954,sequential_282,Dense 64 -> 16 -> 32 -> 64 -> 64 -> 32 -> 1,mse,adam_282,50,256,1.422,3260.392822265625,3070.767578125,2463.40576171875,0.6410112972017923,0.7
2026-09-04 12:57:05,multi_repeat_random_states.py,"(1021, 9)",871,sequential_283,Dense 64 -> 16 -> 32 -> 64 -> 64 -> 32 -> 1,mse,adam_283,50,256,2.3126,61342.93359375,5235.59228515625,5077.7392578125,0.2548876391286954,0.7
2026-09-04 12:57:06,multi_repeat_random_states.py,"(1021, 9)",788,sequential_284,Dense 64 -> 16 -> 32 -> 64 -> 64 -> 32 -> 1,mse,adam_284,50,256,2.2538,46042.28515625,5069.9189453125,4569.6259765625,0.22970636930081811,0.7
2026-09-04 12:57:06,multi_repeat_random_states.py,"(1021, 9)",955,sequential_283,Dense 64 -> 16 -> 32 -> 64 -> 64 -> 32 -> 1,mse,adam_283,50,256,2.2886,38745.0,5562.3037109375,5126.541015625,0.17923204706842888,0.7
2026-09-04 12:57:07,multi_repeat_random_states.py,"(1021, 9)",871,sequential_283,Dense 64 -> 16 -> 32 -> 64 -> 64 -> 32 -> 1,mse,adam_283,50,256,1.5107,5292.810546875,2876.185302734375,2783.899658203125,0.5914878055751628,0.7
2026-09-04 12:57:07,multi_repeat_random_states.py,"(1021, 9)",788,sequential_284,Dense 64 -> 16 -> 32 -> 64 -> 64 -> 32 -> 1,mse,adam_284,50,256,1.4199,4956.67041015625,2945.340576171875,2894.452392578125,0.5120873751461239,0.7
2026-09-04 12:57:07,multi_repeat_random_states.py,"(1021, 9)",955,sequential_283,Dense 64 -> 16 -> 32 -> 64 -> 64 -> 32 -> 1,mse,adam_283,50,256,1.4723,5581.646484375,3169.607177734375,2873.800537109375,0.5398996754289802,0.7
2026-09-04 12:57:08,multi_repeat_random_states.py,"(1021, 9)",871,sequential_283,Dense 64 -> 16 -> 32 -> 64 -> 64 -> 32 -> 1,mse,adam_283,50,256,1.4273,2936.429931640625,2868.108642578125,2793.510009765625,0.5900776293043146,0.7
2026-09-04 12:57:09,multi_repeat_random_states.py,"(1021, 9)",788,sequential_284,Dense 64 -> 16 -> 32 -> 64 -> 64 -> 32 -> 1,mse,adam_284,50,256,1.4146,2909.657958984375,3275.921630859375,3482.00341796875,0.4130449752651233,0.7
2026-09-04 12:57:09,multi_repeat_random_states.py,"(1021, 9)",955,sequential_283,Dense 64 -> 16 -> 32 -> 64 -> 64 -> 32 -> 1,mse,adam_283,50,256,1.4156,3293.718017578125,3363.732666015625,2715.70166015625,0.5652115550040311,0.7
2026-09-04 12:57:11,multi_repeat_random_states.py,"(1021, 9)",872,sequential_284,Dense 64 -> 16 -> 32 -> 64 -> 64 -> 32 -> 1,mse,adam_284,50,256,2.3008,80870.234375,5863.65380859375,4730.39599609375,0.1951651144494807,0.7
2026-09-04 12:57:11,multi_repeat_random_states.py,"(1021, 9)",789,sequential_285,Dense 64 -> 16 -> 32 -> 64 -> 64 -> 32 -> 1,mse,adam_285,50,256,2.2614,17905.4609375,3430.0693359375,3272.23486328125,0.5050646724527814,0.7
2026-09-04 12:57:11,multi_repeat_random_states.py,"(1021, 9)",956,sequential_284,Dense 64 -> 16 -> 32 -> 64 -> 64 -> 32 -> 1,mse,adam_284,50,256,2.2493,65687.125,4869.162109375,4819.88623046875,0.2596221237400771,0.7
2026-09-04 12:57:12,multi_repeat_random_states.py,"(1021, 9)",872,sequential_284,Dense 64 -> 16 -> 32 -> 64 -> 64 -> 32 -> 1,mse,adam_284,50,256,1.4979,5794.74365234375,3175.964599609375,3013.974609375,0.487198943733521,0.7
2026-09-04 12:57:13,multi_repeat_random_states.py,"(1021, 9)",789,sequential_285,Dense 64 -> 16 -> 32 -> 64 -> 64 -> 32 -> 1,mse,adam_285,50,256,1.4255,3281.436767578125,3030.04443359375,3164.525390625,0.5213560958232241,0.7
2026-09-04 12:57:13,multi_repeat_random_states.py,"(1021, 9)",956,sequential_284,Dense 64 -> 16 -> 32 -> 64 -> 64 -> 32 -> 1,mse,adam_284,50,256,1.4287,4797.9443359375,2982.80859375,3031.94091796875,0.534266595733683,0.7
2026-09-04 12:57:14,multi_repeat_random_states.py,"(1021, 9)",872,sequential_284,Dense 64 -> 16 -> 32 -> 64 -> 64 -> 32 -> 1,mse,adam_284,50,256,1.4148,3283.4375,3087.77001953125,2535.69580078125,0.5685738023493905,0.7
2026-09-04 12:57:14,multi_repeat_random_states.py,"(1021, 9)",789,sequential_285,Dense 64 -> 16 -> 32 -> 64 -> 64 -> 32 -> 1,mse,adam_285,50,256,1.4072,3035.909912109375,3030.671875,3068.44140625,0.5358890617312498,0.7
2026-09-04 12:57:15,multi_repeat_random_states.py,"(1021, 9)",956,sequential_284,Dense 64 -> 16 -> 32 -> 64 -> 64 -> 32 -> 1,mse,adam_284,50,256,1.4021,2998.2978515625,2839.5498046875,3253.27685546875,0.5002674767367111,0.7
2026-09-04 12:57:16,multi_repeat_random_states.py,"(1021, 9)",873,sequential_285,Dense 64 -> 16 -> 32 -> 64 -> 64 -> 32 -> 1,mse,adam_285,50,256,2.2433,21709.578125,2871.0390625,3367.752197265625,0.5287193071417763,0.7
2026-09-04 12:57:17,multi_repeat_random_states.py,"(1021, 9)",790,sequential_286,Dense 64 -> 16 -> 32 -> 64 -> 64 -> 32 -> 1,mse,adam_286,50,256,2.2912,86709.5546875,5407.18798828125,5153.8466796875,0.23019357509085525,0.7
2026-09-04 12:57:17,multi_repeat_random_states.py,"(1021, 9)",957,sequential_285,Dense 64 -> 16 -> 32 -> 64 -> 64 -> 32 -> 1,mse,adam_285,50,256,2.2652,69218.2734375,4632.83154296875,5730.27587890625,0.2568148572451716,0.7
2026-09-04 12:57:18,multi_repeat_random_states.py,"(1021, 9)",873,sequential_285,Dense 64 -> 16 -> 32 -> 64 -> 64 -> 32 -> 1,mse,adam_285,50,256,1.4108,2945.636474609375,2743.70703125,3351.898193359375,0.53093786640825,0.7
2026-09-04 12:57:18,multi_repeat_random_states.py,"(1021, 9)",790,sequential_286,Dense 64 -> 16 -> 32 -> 64 -> 64 -> 32 -> 1,mse,adam_286,50,256,1.4095,5341.91064453125,4470.13623046875,2589.766357421875,0.6131784557622161,0.7
2026-09-04 12:57:19,multi_repeat_random_states.py,"(1021, 9)",957,sequential_285,Dense 64 -> 16 -> 32 -> 64 -> 64 -> 32 -> 1,mse,adam_285,50,256,1.4053,4525.16162109375,3421.6298828125,5412.39892578125,0.298041717887671,0.7
2026-09-04 12:57:19,multi_repeat_random_states.py,"(1021, 9)",873,sequential_285,Dense 64 -> 16 -> 32 -> 64 -> 64 -> 32 -> 1,mse,adam_285,50,256,1.4577,2798.14892578125,2988.6884765625,3137.295166015625,0.5609692729113791,0.7
2026-09-04 12:57:20,multi_repeat_random_states.py,"(1021, 9)",790,sequential_286,Dense 64 -> 16 -> 32 -> 64 -> 64 -> 32 -> 1,mse,adam_286,50,256,1.4128,4539.98095703125,3261.781982421875,2872.677978515625,0.5709212005346738,0.7
2026-09-04 12:57:20,multi_repeat_random_states.py,"(1021, 9)",957,sequential_285,Dense 64 -> 16 -> 32 -> 64 -> 64 -> 32 -> 1,mse,adam_285,50,256,1.417,3931.13232421875,2832.833251953125,3215.590087890625,0.5829556449366602,0.7
2026-09-04 12:57:22,multi_repeat_random_states.py,"(1021, 9)",874,sequential_286,Dense 64 -> 16 -> 32 -> 64 -> 64 -> 32 -> 1,mse,adam_286,50,256,2.2351,38721.43359375,3321.56689453125,2652.021728515625,0.5817175539233681,0.7
2026-09-04 12:57:22,multi_repeat_random_states.py,"(1021, 9)",791,sequential_287,Dense 64 -> 16 -> 32 -> 64 -> 64 -> 32 -> 1,mse,adam_287,50,256,2.2549,34290.7578125,4740.30078125,4643.8271484375,0.3072837915035149,0.7
2026-09-04 12:57:23,multi_repeat_random_states.py,"(1021, 9)",958,sequential_286,Dense 64 -> 16 -> 32 -> 64 -> 64 -> 32 -> 1,mse,adam_286,50,256,2.2864,47601.06640625,3762.51611328125,3440.84228515625,0.4730225066835886,0.7
2026-09-04 12:57:23,multi_repeat_random_states.py,"(1021, 9)",874,sequential_286,Dense 64 -> 16 -> 32 -> 64 -> 64 -> 32 -> 1,mse,adam_286,50,256,1.4181,3271.15283203125,3268.12548828125,3144.136474609375,0.5041002600422235,0.7
2026-09-04 12:57:24,multi_repeat_random_states.py,"(1021, 9)",791,sequential_287,Dense 64 -> 16 -> 32 -> 64 -> 64 -> 32 -> 1,mse,adam_287,50,256,1.4072,4628.7646484375,2922.38720703125,2686.869873046875,0.5992016299588037,0.7
2026-09-04 12:57:24,multi_repeat_random_states.py,"(1021, 9)",958,sequential_286,Dense 64 -> 16 -> 32 -> 64 -> 64 -> 32 -> 1,mse,adam_286,50,256,1.4138,3635.15283203125,2974.04052734375,2833.605712890625,0.5660230166157205,0.7
2026-09-04 12:57:25,multi_repeat_random_states.py,"(1021, 9)",874,sequential_286,Dense 64 -> 16 -> 32 -> 64 -> 64 -> 32 -> 1,mse,adam_286,50,256,1.462,3588.266357421875,3029.397705078125,2541.832763671875,0.5990968468197551,0.7
2026-09-04 12:57:25,multi_repeat_random_states.py,"(1021, 9)",791,sequential_287,Dense 64 -> 16 -> 32 -> 64 -> 64 -> 32 -> 1,mse,adam_287,50,256,1.3909,2978.9931640625,3369.879638671875,2914.2041015625,0.5652903020858827,0.7
2026-09-04 12:57:26,multi_repeat_random_states.py,"(1021, 9)",958,sequential_286,Dense 64 -> 16 -> 32 -> 64 -> 64 -> 32 -> 1,mse,adam_286,50,256,1.4268,2912.181396484375,2904.189697265625,2750.424560546875,0.5787624544246961,0.7
2026-09-04 12:57:27,multi_repeat_random_states.py,"(1021, 9)",875,sequential_287,Dense 64 -> 16 -> 32 -> 64 -> 64 -> 32 -> 1,mse,adam_287,50,256,2.2519,23203.763671875,3280.29638671875,3528.74560546875,0.46504243638115006,0.7
2026-09-04 12:57:28,multi_repeat_random_states.py,"(1021, 9)",792,sequential_288,Dense 64 -> 16 -> 32 -> 64 -> 64 -> 32 -> 1,mse,adam_288,50,256,2.2251,246841.125,5732.54296875,6572.5380859375,0.09175387630609999,0.7
2026-09-04 12:57:28,multi_repeat_random_states.py,"(1021, 9)",959,sequential_287,Dense 64 -> 16 -> 32 -> 64 -> 64 -> 32 -> 1,mse,adam_287,50,256,2.2711,132453.96875,5578.1123046875,5611.9931640625,0.19934735464652154,0.7
2026-09-04 12:57:29,multi_repeat_random_states.py,"(1021, 9)",875,sequential_287,Dense 64 -> 16 -> 32 -> 64 -> 64 -> 32 -> 1,mse,adam_287,50,256,1.4153,3210.20458984375,3341.42578125,3765.211669921875,0.4291942306973552,0.7
2026-09-04 12:57:29,multi_repeat_random_states.py,"(1021, 9)",792,sequential_288,Dense 64 -> 16 -> 32 -> 64 -> 64 -> 32 -> 1,mse,adam_288,50,256,1.4227,5729.427734375,3571.66015625,4038.955078125,0.44186474853590485,0.7
2026-09-04 12:57:30,multi_repeat_random_states.py,"(1021, 9)",959,sequential_287,Dense 64 -> 16 -> 32 -> 64 -> 64 -> 32 -> 1,mse,adam_287,50,256,1.4726,5535.66650390625,2990.75537109375,3556.73583984375,0.4925671328047817,0.7
2026-09-04 12:57:30,multi_repeat_random_states.py,"(1021, 9)",875,sequential_287,Dense 64 -> 16 -> 32 -> 64 -> 64 -> 32 -> 1,mse,adam_287,50,256,1.4166,3291.143310546875,2860.404541015625,2964.212890625,0.5506255322834415,0.7
2026-09-04 12:57:31,multi_repeat_random_states.py,"(1021, 9)",792,sequential_288,Dense 64 -> 16 -> 32 -> 64 -> 64 -> 32 -> 1,mse,adam_288,50,256,1.4144,3461.109130859375,2808.894775390625,3397.386474609375,0.5305218123525022,0.7
2026-09-04 12:57:31,multi_repeat_random_states.py,"(1021, 9)",959,sequential_287,Dense 64 -> 16 -> 32 -> 64 -> 64 -> 32 -> 1,mse,adam_287,50,256,1.3993,3225.979736328125,2869.637939453125,2729.22802734375,0.6106260733193013,0.7
2026-09-04 12:57:33,multi_repeat_random_states.py,"(1021, 9)",876,sequential_288,Dense 64 -> 16 -> 32 -> 64 -> 64 -> 32 -> 1,mse,adam_288,50,256,2.2358,85099.5625,5765.52099609375,5755.10791015625,0.19423812694229847,0.7
2026-09-04 12:57:34,multi_repeat_random_states.py,"(1021, 9)",793,sequential_289,Dense 64 -> 16 -> 32 -> 64 -> 64 -> 32 -> 1,mse,adam_289,50,256,2.2484,21743.71875,3552.133544921875,3260.96142578125,0.4715383554511159,0.7
2026-09-04 12:57:34,multi_repeat_random_states.py,"(1021, 9)",960,sequential_288,Dense 64 -> 16 -> 32 -> 64 -> 64 -> 32 -> 1,mse,adam_288,50,256,2.2908,20528.974609375,3422.71875,2943.36181640625,0.5172901499558333,0.7
2026-09-04 12:57:35,multi_repeat_random_states.py,"(1021, 9)",876,sequential_288,Dense 64 -> 16 -> 32 -> 64 -> 64 -> 32 -> 1,mse,adam_288,50,256,1.4937,5726.5341796875,3359.92236328125,3168.046875,0.5564476535544549,0.7
2026-09-04 12:57:35,multi_repeat_random_states.py,"(1021, 9)",793,sequential_289,Dense 64 -> 16 -> 32 -> 64 -> 64 -> 32 -> 1,mse,adam_289,50,256,1.4095,3529.004638671875,3010.885009765625,2653.896240234375,0.5699175498129502,0.7
2026-09-04 12:57:35,multi_repeat_random_states.py,"(1021, 9)",960,sequential_288,Dense 64 -> 16 -> 32 -> 64 -> 64 -> 32 -> 1,mse,adam_288,50,256,1.4244,3306.2841796875,2967.8984375,2648.67041015625,0.5656194682258294,0.7
2026-09-04 12:57:36,multi_repeat_random_states.py,"(1021, 9)",876,sequential_288,Dense 64 -> 16 -> 32 -> 64 -> 64 -> 32 -> 1,mse,adam_288,50,256,1.4103,3098.168701171875,3306.166015625,3048.736572265625,0.5731520940471715,0.7
2026-09-04 12:57:37,multi_repeat_random_states.py,"(1021, 9)",793,sequential_289,Dense 64 -> 16 -> 32 -> 64 -> 64 -> 32 -> 1,mse,adam_289,50,256,1.4058,3001.924072265625,2990.201171875,2763.844482421875,0.5520997041955122,0.7
2026-09-04 12:57:37,multi_repeat_random_states.py,"(1021, 9)",960,sequential_288,Dense 64 -> 16 -> 32 -> 64 -> 64 -> 32 -> 1,mse,adam_288,50,256,1.4684,3177.70654296875,3097.89208984375,2736.65478515625,0.5511900820535967,0.7
2026-09-04 12:57:39,multi_repeat_random_states.py,"(1021, 9)",877,sequential_289,Dense 64 -> 16 -> 32 -> 64 -> 64 -> 32 -> 1,mse,adam_289,50,256,2.2296,245199.21875,5980.96337890625,6054.6689453125,0.14702294496436197,0.7
2026-09-04 12:57:39,multi_repeat_random_states.py,"(1021, 9)",794,sequential_290,Dense 64 -> 16 -> 32 -> 64 -> 64 -> 32 -> 1,mse,adam_290,50,256,2.3015,45868.46484375,3661.218505859375,3550.163818359375,0.4853361313180392,0.7
2026-09-04 12:57:40,multi_repeat_random_states.py,"(1021, 9)",961,sequential_289,Dense 64 -> 16 -> 32 -> 64 -> 64 -> 32 -> 1,mse,adam_289,50,256,2.3088,65857.109375,4094.13916015625,4382.732421875,0.3697689722598637,0.7
2026-09-04 12:57:40,multi_repeat_random_states.py,"(1021, 9)",877,sequential_289,Dense 64 -> 16 -> 32 -> 64 -> 64 -> 32 -> 1,mse,adam_289,50,256,1.4585,5962.69580078125,4477.4609375,4604.24267578125,0.351357809302302,0.7
2026-09-04 12:57:41,multi_repeat_random_states.py,"(1021, 9)",794,sequential_290,Dense 64 -> 16 -> 32 -> 64 -> 64 -> 32 -> 1,mse,adam_290,50,256,1.4097,3571.948486328125,2970.582275390625,2786.162109375,0.5960927558293451,0.7
2026-09-04 12:57:41,multi_repeat_random_states.py,"(1021, 9)",961,sequential_289,Dense 64 -> 16 -> 32 -> 64 -> 64 -> 32 -> 1,mse,adam_289,50,256,1.4974,3968.95947265625,2849.1806640625,3024.844970703125,0.5650313174471373,0.7
2026-09-04 12:57:42,multi_repeat_random_states.py,"(1021, 9)",877,sequential_289,Dense 64 -> 16 -> 32 -> 64 -> 64 -> 32 -> 1,mse,adam_289,50,256,1.3924,4425.30224609375,2995.02099609375,2902.6875,0.5910716052461346,0.7
2026-09-04 12:57:42,multi_repeat_random_states.py,"(1021, 9)",794,sequential_290,Dense 64 -> 16 -> 32 -> 64 -> 64 -> 32 -> 1,mse,adam_290,50,256,1.4067,2918.497314453125,3005.81640625,2845.24267578125,0.5875279666637576,0.7
2026-09-04 12:57:43,multi_repeat_random_states.py,"(1021, 9)",961,sequential_289,Dense 64 -> 16 -> 32 -> 64 -> 64 -> 32 -> 1,mse,adam_289,50,256,1.3839,2816.603759765625,2894.52197265625,3397.51318359375,0.5114421560751381,0.7
2026-09-04 12:57:44,multi_repeat_random_states.py,"(1021, 9)",878,sequential_290,Dense 64 -> 16 -> 32 -> 64 -> 64 -> 32 -> 1,mse,adam_290,50,256,2.2316,123933.6796875,5956.62890625,5624.22607421875,0.1472901853101326,0.7
2026-09-04 12:57:45,multi_repeat_random_states.py,"(1021, 9)",795,sequential_291,Dense 64 -> 16 -> 32 -> 64 -> 64 -> 32 -> 1,mse,adam_291,50,256,2.2332,88314.46875,4782.046875,4557.55859375,0.2932505444070297,0.7
2026-09-04 12:57:45,multi_repeat_random_states.py,"(1021, 9)",962,sequential_290,Dense 64 -> 16 -> 32 -> 64 -> 64 -> 32 -> 1,mse,adam_290,50,256,2.2748,123030.421875,6199.08251953125,5211.291015625,0.12236451408818061,0.7
2026-09-04 12:57:46,multi_repeat_random_states.py,"(1021, 9)",878,sequential_290,Dense 64 -> 16 -> 32 -> 64 -> 64 -> 32 -> 1,mse,adam_290,50,256,1.3995,5924.947265625,3090.7041015625,3190.1875,0.5163238901015184,0.7
2026-09-04 12:57:46,multi_repeat_random_states.py,"(1021, 9)",795,sequential_291,Dense 64 -> 16 -> 32 -> 64 -> 64 -> 32 -> 1,mse,adam_291,50,256,1.4189,4632.83056640625,2995.9384765625,3134.509765625,0.5139254810901278,0.7
2026-09-04 12:57:47,multi_repeat_random_states.py,"(1021, 9)",962,sequential_290,Dense 64 -> 16 -> 32 -> 64 -> 64 -> 32 -> 1,mse,adam_290,50,256,1.4154,6189.25830078125,3326.9951171875,2957.41943359375,0.5019398437377873,0.7
2026-09-04 12:57:47,multi_repeat_random_states.py,"(1021, 9)",878,sequential_290,Dense 64 -> 16 -> 32 -> 64 -> 64 -> 32 -> 1,mse,adam_290,50,256,1.4074,3052.832763671875,2876.491455078125,2865.861083984375,0.5654961749800187,0.7
2026-09-04 12:57:48,multi_repeat_random_states.py,"(1021, 9)",795,sequential_291,Dense 64 -> 16 -> 32 -> 64 -> 64 -> 32 -> 1,mse,adam_291,50,256,1.4459,3178.317138671875,2805.6962890625,2966.054443359375,0.5400481585632484,0.7
2026-09-04 12:57:48,multi_repeat_random_states.py,"(1021, 9)",962,sequential_290,Dense 64 -> 16 -> 32 -> 64 -> 64 -> 32 -> 1,mse,adam_290,50,256,1.4101,3320.95263671875,3041.739501953125,2758.471923828125,0.5354446935593224,0.7
2026-09-04 12:57:50,multi_repeat_random_states.py,"(1021, 9)",879,sequential_291,Dense 64 -> 16 -> 32 -> 64 -> 64 -> 32 -> 1,mse,adam_291,50,256,2.2917,16094.9169921875,3279.293212890625,3044.622314453125,0.5729933694763714,0.7
2026-09-04 12:57:50,multi_repeat_random_states.py,"(1021, 9)",796,sequential_292,Dense 64 -> 16 -> 32 -> 64 -> 64 -> 32 -> 1,mse,adam_292,50,256,2.2853,21426.947265625,3741.521484375,3476.859130859375,0.4860753333096046,0.7
2026-09-04 12:57:51,multi_repeat_random_states.py,"(1021, 9)",963,sequential_291,Dense 64 -> 16 -> 32 -> 64 -> 64 -> 32 -> 1,mse,adam_291,50,256,2.2602,33881.421875,3776.709716796875,3658.3671875,0.5042968513906789,0.7
2026-09-04 12:57:51,multi_repeat_random_states.py,"(1021, 9)",879,sequential_291,Dense 64 -> 16 -> 32 -> 64 -> 64 -> 32 -> 1,mse,adam_291,50,256,1.4185,3075.6884765625,2895.921630859375,2761.35791015625,0.612721104863005,0.7
2026-09-04 12:57:52,multi_repeat_random_states.py,"(1021, 9)",796,sequential_292,Dense 64 -> 16 -> 32 -> 64 -> 64 -> 32 -> 1,mse,adam_292,50,256,1.4137,3966.921142578125,3584.881103515625,2825.728759765625,0.582320772552138,0.7
2026-09-04 12:57:52,multi_repeat_random_states.py,"(1021, 9)",963,sequential_291,Dense 64 -> 16 -> 32 -> 64 -> 64 -> 32 -> 1,mse,adam_291,50,256,1.4376,3302.38037109375,2939.700927734375,3094.00390625,0.5807672277906704,0.7
2026-09-04 12:57:53,multi_repeat_random_states.py,"(1021, 9)",879,sequential_291,Dense 64 -> 16 -> 32 -> 64 -> 64 -> 32 -> 1,mse,adam_291,50,256,1.4473,2926.018798828125,2923.33935546875,2814.96240234375,0.6052031615276542,0.7
2026-09-04 12:57:53,multi_repeat_random_states.py,"(1021, 9)",796,sequential_292,Dense 64 -> 16 -> 32 -> 64 -> 64 -> 32 -> 1,mse,adam_292,50,256,1.41,3660.457275390625,2876.97900390625,2896.494384765625,0.5718608239887906,0.7
2026-09-04 12:57:54,multi_repeat_random_states.py,"(1021, 9)",963,sequential_291,Dense 64 -> 16 -> 32 -> 64 -> 64 -> 32 -> 1,mse,adam_291,50,256,1.4818,2972.697265625,2784.320556640625,3091.64208984375,0.5810873016124125,0.7
2026-09-04 12:57:55,multi_repeat_random_states.py,"(1021, 9)",880,sequential_292,Dense 64 -> 16 -> 32 -> 64 -> 64 -> 32 -> 1,mse,adam_292,50,256,2.2452,41375.9296875,4684.97509765625,4632.8232421875,0.33999540731611444,0.7
2026-09-04 12:57:56,multi_repeat_random_states.py,"(1021, 9)",797,sequential_293,Dense 64 -> 16 -> 32 -> 64 -> 64 -> 32 -> 1,mse,adam_293,50,256,2.2942,747009.375,6251.32421875,6384.1748046875,0.0688893851391128,0.7
2026-09-04 12:57:56,multi_repeat_random_states.py,"(1021, 9)",964,sequential_292,Dense 64 -> 16 -> 32 -> 64 -> 64 -> 32 -> 1,mse,adam_292,50,256,2.2846,29762.001953125,3190.219970703125,3092.025146484375,0.5493522529817239,0.7
2026-09-04 12:57:57,multi_repeat_random_states.py,"(1021, 9)",880,sequential_292,Dense 64 -> 16 -> 32 -> 64 -> 64 -> 32 -> 1,mse,adam_292,50,256,1.4357,4571.150390625,3129.263427734375,3047.827392578125,0.5657982330812135,0.7
2026-09-04 12:57:57,multi_repeat_random_states.py,"(1021, 9)",797,sequential_293,Dense 64 -> 16 -> 32 -> 64 -> 64 -> 32 -> 1,mse,adam_293,50,256,1.4608,6246.14111328125,5600.0908203125,5628.79736328125,0.17905857874585895,0.7
2026-09-04 12:57:58,multi_repeat_random_states.py,"(1021, 9)",964,sequential_292,Dense 64 -> 16 -> 32 -> 64 -> 64 -> 32 -> 1,mse,adam_292,50,256,1.463,3172.02880859375,2940.7314453125,2750.68017578125,0.5991016126960582,0.7
2026-09-04 12:57:58,multi_repeat_random_states.py,"(1021, 9)",880,sequential_292,Dense 64 -> 16 -> 32 -> 64 -> 64 -> 32 -> 1,mse,adam_292,50,256,1.3938,3011.57568359375,3160.598876953125,3022.8046875,0.56936306972728,0.7
2026-09-04 12:57:59,multi_repeat_random_states.py,"(1021, 9)",797,sequential_293,Dense 64 -> 16 -> 32 -> 64 -> 64 -> 32 -> 1,mse,adam_293,50,256,1.4428,5573.98046875,3703.341064453125,3486.396484375,0.4915207182672362,0.7
2026-09-04 12:57:59,multi_repeat_random_states.py,"(1021, 9)",964,sequential_292,Dense 64 -> 16 -> 32 -> 64 -> 64 -> 32 -> 1,mse,adam_292,50,256,1.3871,2961.693115234375,2857.764404296875,2879.1865234375,0.5803723931550939,0.7
2026-09-04 12:58:01,multi_repeat_random_states.py,"(1021, 9)",881,sequential_293,Dense 64 -> 16 -> 32 -> 64 -> 64 -> 32 -> 1,mse,adam_293,50,256,2.2736,67964.2578125,4105.552734375,4142.66845703125,0.39009344720736017,0.7
2026-09-04 12:58:01,multi_repeat_random_states.py,"(1021, 9)",798,sequential_294,Dense 64 -> 16 -> 32 -> 64 -> 64 -> 32 -> 1,mse,adam_294,50,256,2.25,24424.576171875,3707.83544921875,3580.393310546875,0.4546664485048012,0.7
2026-09-04 12:58:02,multi_repeat_random_states.py,"(1021, 9)",965,sequential_293,Dense 64 -> 16 -> 32 -> 64 -> 64 -> 32 -> 1,mse,adam_293,50,256,2.2761,16443.765625,3439.831298828125,2786.7802734375,0.5770474329369342,0.7
2026-09-04 12:58:02,multi_repeat_random_states.py,"(1021, 9)",881,sequential_293,Dense 64 -> 16 -> 32 -> 64 -> 64 -> 32 -> 1,mse,adam_293,50,256,1.4587,4001.853515625,2981.99365234375,2892.629638671875,0.574131079822513,0.7
2026-09-04 12:58:03,multi_repeat_random_states.py,"(1021, 9)",798,sequential_294,Dense 64 -> 16 -> 32 -> 64 -> 64 -> 32 -> 1,mse,adam_294,50,256,1.4124,3684.1875,3003.74560546875,2727.27734375,0.5846054835459904,0.7
2026-09-04 12:58:04,multi_repeat_random_states.py,"(1021, 9)",965,sequential_293,Dense 64 -> 16 -> 32 -> 64 -> 64 -> 32 -> 1,mse,adam_293,50,256,1.4625,3241.1279296875,3211.891357421875,2698.433837890625,0.5904559340298166,0.7
2026-09-04 12:58:04,multi_repeat_random_states.py,"(1021, 9)",881,sequential_293,Dense 64 -> 16 -> 32 -> 64 -> 64 -> 32 -> 1,mse,adam_293,50,256,1.4079,2849.322265625,2836.7646484375,2859.017578125,0.5790796284194117,0.7
2026-09-04 12:58:04,multi_repeat_random_states.py,"(1021, 9)",798,sequential_294,Dense 64 -> 16 -> 32 -> 64 -> 64 -> 32 -> 1,mse,adam_294,50,256,1.4139,2928.89697265625,3082.871826171875,2750.087646484375,0.5811312116783793,0.7
2026-09-04 12:58:05,multi_repeat_random_states.py,"(1021, 9)",965,sequential_293,Dense 64 -> 16 -> 32 -> 64 -> 64 -> 32 -> 1,mse,adam_293,50,256,1.4309,3168.752685546875,3278.498046875,2833.21240234375,0.5700004185896218,0.7
2026-09-04 12:58:07,multi_repeat_random_states.py,"(1021, 9)",882,sequential_294,Dense 64 -> 16 -> 32 -> 64 -> 64 -> 32 -> 1,mse,adam_294,50,256,2.2457,21236.884765625,3500.072998046875,2807.163818359375,0.5438561558889718,0.7
2026-09-04 12:58:07,multi_repeat_random_states.py,"(1021, 9)",799,sequential_295,Dense 64 -> 16 -> 32 -> 64 -> 64 -> 32 -> 1,mse,adam_295,50,256,2.2466,102368.28125,5053.80126953125,4572.65673828125,0.3033317684060247,0.7
2026-09-04 12:58:08,multi_repeat_random_states.py,"(1021, 9)",966,sequential_294,Dense 64 -> 16 -> 32 -> 64 -> 64 -> 32 -> 1,mse,adam_294,50,256,2.3511,46260.8359375,4139.22802734375,4700.59765625,0.33623945632304963,0.7
2026-09-04 12:58:08,multi_repeat_random_states.py,"(1021, 9)",882,sequential_294,Dense 64 -> 16 -> 32 -> 64 -> 64 -> 32 -> 1,mse,adam_294,50,256,1.4147,3298.95703125,3022.468994140625,3302.225341796875,0.4634122253993336,0.7
2026-09-04 12:58:08,multi_repeat_random_states.py,"(1021, 9)",799,sequential_295,Dense 64 -> 16 -> 32 -> 64 -> 64 -> 32 -> 1,mse,adam_295,50,256,1.4027,4953.25927734375,3193.699462890625,2955.172607421875,0.5497639231829021,0.7
2026-09-04 12:58:09,multi_repeat_random_states.py,"(1021, 9)",966,sequential_294,Dense 64 -> 16 -> 32 -> 64 -> 64 -> 32 -> 1,mse,adam_294,50,256,1.4746,3950.122314453125,2901.677734375,3036.564453125,0.5712137642770503,0.7
2026-09-04 12:58:10,multi_repeat_random_states.py,"(1021, 9)",882,sequential_294,Dense 64 -> 16 -> 32 -> 64 -> 64 -> 32 -> 1,mse,adam_294,50,256,1.4551,3175.966796875,3025.8134765625,2626.04833984375,0.5732861488973757,0.7
2026-09-04 12:58:10,multi_repeat_random_states.py,"(1021, 9)",799,sequential_295,Dense 64 -> 16 -> 32 -> 64 -> 64 -> 32 -> 1,mse,adam_295,50,256,1.4123,3123.568115234375,3196.459716796875,2665.091552734375,0.5939592986095521,0.7
2026-09-04 12:58:11,multi_repeat_random_states.py,"(1021, 9)",966,sequential_294,Dense 64 -> 16 -> 32 -> 64 -> 64 -> 32 -> 1,mse,adam_294,50,256,1.4647,2878.1845703125,2821.568603515625,3030.04541015625,0.572134227352693,0.7
2026-09-04 12:58:12,multi_repeat_random_states.py,"(1021, 9)",883,sequential_295,Dense 64 -> 16 -> 32 -> 64 -> 64 -> 32 -> 1,mse,adam_295,50,256,2.2686,59277.3046875,4754.47705078125,4382.94970703125,0.33144179945378216,0.7
2026-09-04 12:58:12,multi_repeat_random_states.py,"(1021, 9)",800,sequential_296,Dense 64 -> 16 -> 32 -> 64 -> 64 -> 32 -> 1,mse,adam_296,50,256,2.2729,43595.5625,4398.392578125,4109.86279296875,0.36136140113435133,0.7
2026-09-04 12:58:13,multi_repeat_random_states.py,"(1021, 9)",967,sequential_295,Dense 64 -> 16 -> 32 -> 64 -> 64 -> 32 -> 1,mse,adam_295,50,256,2.2966,77991.078125,4483.04443359375,5152.65966796875,0.304940847304487,0.7
2026-09-04 12:58:14,multi_repeat_random_states.py,"(1021, 9)",883,sequential_295,Dense 64 -> 16 -> 32 -> 64 -> 64 -> 32 -> 1,mse,adam_295,50,256,1.4258,4678.1591796875,3034.32177734375,2832.3544921875,0.5679635512437764,0.7
2026-09-04 12:58:14,multi_repeat_random_states.py,"(1021, 9)",800,sequential_296,Dense 64 -> 16 -> 32 -> 64 -> 64 -> 32 -> 1,mse,adam_296,50,256,1.4182,4195.81982421875,2797.098388671875,2978.715087890625,0.5371323773366947,0.7
2026-09-04 12:58:15,multi_repeat_random_states.py,"(1021, 9)",967,sequential_295,Dense 64 -> 16 -> 32 -> 64 -> 64 -> 32 -> 1,mse,adam_295,50,256,1.4114,4390.3662109375,3672.667236328125,4256.54931640625,0.42582014817106173,0.7
2026-09-04 12:58:15,multi_repeat_random_states.py,"(1021, 9)",883,sequential_295,Dense 64 -> 16 -> 32 -> 64 -> 64 -> 32 -> 1,mse,adam_295,50,256,1.4157,3027.569091796875,2995.389892578125,2696.362548828125,0.5887072831557867,0.7
2026-09-04 12:58:16,multi_repeat_random_states.py,"(1021, 9)",800,sequential_296,Dense 64 -> 16 -> 32 -> 64 -> 64 -> 32 -> 1,mse,adam_296,50,256,1.4,2761.04345703125,2896.003662109375,3201.4853515625,0.5025156997256779,0.7
2026-09-04 12:58:16,multi_repeat_random_states.py,"(1021, 9)",967,sequential_295,Dense 64 -> 16 -> 32 -> 64 -> 64 -> 32 -> 1,mse,adam_295,50,256,1.3956,3309.11279296875,2845.227783203125,3876.465087890625,0.47709090703093715,0.7
2026-09-04 12:58:18,multi_repeat_random_states.py,"(1021, 9)",884,sequential_296,Dense 64 -> 16 -> 32 -> 64 -> 64 -> 32 -> 1,mse,adam_296,50,256,2.236,103338.3828125,5852.8359375,5985.14794921875,0.12061918969397523,0.7
2026-09-04 12:58:18,multi_repeat_random_states.py,"(1021, 9)",801,sequential_297,Dense 64 -> 16 -> 32 -> 64 -> 64 -> 32 -> 1,mse,adam_297,50,256,2.2815,92230.0078125,5562.79296875,6015.85107421875,0.14002745014455187,0.7
2026-09-04 12:58:19,multi_repeat_random_states.py,"(1021, 9)",968,sequential_296,Dense 64 -> 16 -> 32 -> 64 -> 64 -> 32 -> 1,mse,adam_296,50,256,2.2648,55753.99609375,5232.72607421875,4700.42529296875,0.2525920106860835,0.7
2026-09-04 12:58:19,multi_repeat_random_states.py,"(1021, 9)",884,sequential_296,Dense 64 -> 16 -> 32 -> 64 -> 64 -> 32 -> 1,mse,adam_296,50,256,1.4043,5821.45166015625,3017.330078125,3144.200927734375,0.5380314480882846,0.7
2026-09-04 12:58:20,multi_repeat_random_states.py,"(1021, 9)",801,sequential_297,Dense 64 -> 16 -> 32 -> 64 -> 64 -> 32 -> 1,mse,adam_297,50,256,1.5431,5495.66845703125,3000.28857421875,3879.43115234375,0.44543102169332627,0.7
2026-09-04 12:58:20,multi_repeat_random_states.py,"(1021, 9)",968,sequential_296,Dense 64 -> 16 -> 32 -> 64 -> 64 -> 32 -> 1,mse,adam_296,50,256,1.453,5073.83349609375,3052.21435546875,2827.2802734375,0.5504381145603564,0.7
2026-09-04 12:58:21,multi_repeat_random_states.py,"(1021, 9)",884,sequential_296,Dense 64 -> 16 -> 32 -> 64 -> 64 -> 32 -> 1,mse,adam_296,50,256,1.4562,2984.266845703125,2978.934814453125,3029.423828125,0.5548952531898041,0.7
2026-09-04 12:58:21,multi_repeat_random_states.py,"(1021, 9)",801,sequential_297,Dense 64 -> 16 -> 32 -> 64 -> 64 -> 32 -> 1,mse,adam_297,50,256,1.4823,3145.578369140625,2738.662109375,3057.551025390625,0.5629197491489952,0.7
2026-09-04 12:58:22,multi_repeat_random_states.py,"(1021, 9)",968,sequential_296,Dense 64 -> 16 -> 32 -> 64 -> 64 -> 32 -> 1,mse,adam_296,50,256,1.4593,3064.738525390625,2981.63427734375,2794.935546875,0.5555812117134369,0.7
2026-09-04 12:58:23,multi_repeat_random_states.py,"(1021, 9)",885,sequential_297,Dense 64 -> 16 -> 32 -> 64 -> 64 -> 32 -> 1,mse,adam_297,50,256,2.238,42657.6015625,5779.6328125,6349.787109375,0.13060984450592228,0.7
2026-09-04 12:58:24,multi_repeat_random_states.py,"(1021, 9)",802,sequential_298,Dense 64 -> 16 -> 32 -> 64 -> 64 -> 32 -> 1,mse,adam_298,50,256,2.3447,47179.30859375,4045.8271484375,4165.85009765625,0.3985163878154475,0.7
2026-09-04 12:58:25,multi_repeat_random_states.py,"(1021, 9)",969,sequential_297,Dense 64 -> 16 -> 32 -> 64 -> 64 -> 32 -> 1,mse,adam_297,50,256,2.2507,92677.7734375,5201.8232421875,5949.7724609375,0.21210119378561076,0.7
2026-09-04 12:58:25,multi_repeat_random_states.py,"(1021, 9)",885,sequential_297,Dense 64 -> 16 -> 32 -> 64 -> 64 -> 32 -> 1,mse,adam_297,50,256,1.4529,5758.97607421875,3111.480224609375,3089.1044921875,0.5770509405466171,0.7
2026-09-04 12:58:25,multi_repeat_random_states.py,"(1021, 9)",802,sequential_298,Dense 64 -> 16 -> 32 -> 64 -> 64 -> 32 -> 1,mse,adam_298,50,256,1.4566,4001.893798828125,2881.44091796875,2994.35595703125,0.5676618295391304,0.7
2026-09-04 12:58:26,multi_repeat_random_states.py,"(1021, 9)",969,sequential_297,Dense 64 -> 16 -> 32 -> 64 -> 64 -> 32 -> 1,mse,adam_297,50,256,1.4189,5162.14306640625,3005.02001953125,3124.484619140625,0.5862400164995778,0.7
2026-09-04 12:58:26,multi_repeat_random_states.py,"(1021, 9)",885,sequential_297,Dense 64 -> 16 -> 32 -> 64 -> 64 -> 32 -> 1,mse,adam_297,50,256,1.4076,2922.08056640625,2820.59814453125,2905.415771484375,0.6022008926663508,0.7
2026-09-04 12:58:27,multi_repeat_random_states.py,"(1021, 9)",802,sequential_298,Dense 64 -> 16 -> 32 -> 64 -> 64 -> 32 -> 1,mse,adam_298,50,256,1.4286,2798.89990234375,2806.240478515625,3128.68408203125,0.5482668869421088,0.7
2026-09-04 12:58:28,multi_repeat_random_states.py,"(1021, 9)",969,sequential_297,Dense 64 -> 16 -> 32 -> 64 -> 64 -> 32 -> 1,mse,adam_297,50,256,1.4663,3162.326416015625,2982.7431640625,3003.821533203125,0.6022188313196566,0.7
2026-09-04 12:58:29,multi_repeat_random_states.py,"(1021, 9)",886,sequential_298,Dense 64 -> 16 -> 32 -> 64 -> 64 -> 32 -> 1,mse,adam_298,50,256,2.285,59174.046875,5282.63671875,4731.89208984375,0.18990923591708442,0.7
2026-09-04 12:58:29,multi_repeat_random_states.py,"(1021, 9)",803,sequential_299,Dense 64 -> 16 -> 32 -> 64 -> 64 -> 32 -> 1,mse,adam_299,50,256,2.2326,31115.255859375,3815.3583984375,3675.678955078125,0.4651059247310706,0.7
2026-09-04 12:58:30,multi_repeat_random_states.py,"(1021, 9)",970,sequential_298,Dense 64 -> 16 -> 32 -> 64 -> 64 -> 32 -> 1,mse,adam_298,50,256,2.2503,33860.01171875,3822.5263671875,4145.0732421875,0.4231049643255844,0.7
2026-09-04 12:58:30,multi_repeat_random_states.py,"(1021, 9)",886,sequential_298,Dense 64 -> 16 -> 32 -> 64 -> 64 -> 32 -> 1,mse,adam_298,50,256,1.4198,5085.65771484375,3061.9697265625,2447.280029296875,0.5810303898395895,0.7
2026-09-04 12:58:31,multi_repeat_random_states.py,"(1021, 9)",803,sequential_299,Dense 64 -> 16 -> 32 -> 64 -> 64 -> 32 -> 1,mse,adam_299,50,256,1.413,3544.025634765625,2884.921630859375,2895.19970703125,0.5786832549237362,0.7
2026-09-04 12:58:32,multi_repeat_random_states.py,"(1021, 9)",970,sequential_298,Dense 64 -> 16 -> 32 -> 64 -> 64 -> 32 -> 1,mse,adam_298,50,256,1.4466,3754.277587890625,2716.2880859375,3315.565185546875,0.538552621812959,0.7
2026-09-04 12:58:32,multi_repeat_random_states.py,"(1021, 9)",886,sequential_298,Dense 64 -> 16 -> 32 -> 64 -> 64 -> 32 -> 1,mse,adam_298,50,256,1.4335,3048.347412109375,3178.6181640625,2645.68017578125,0.547064660357494,0.7
2026-09-04 12:58:33,multi_repeat_random_states.py,"(1021, 9)",803,sequential_299,Dense 64 -> 16 -> 32 -> 64 -> 64 -> 32 -> 1,mse,adam_299,50,256,1.424,2861.53564453125,2828.497802734375,2902.355224609375,0.577641887888962,0.7
2026-09-04 12:58:33,multi_repeat_random_states.py,"(1021, 9)",970,sequential_298,Dense 64 -> 16 -> 32 -> 64 -> 64 -> 32 -> 1,mse,adam_298,50,256,1.3937,2694.6943359375,2648.498046875,3263.935302734375,0.5457382848758907,0.7
2026-09-04 12:58:34,multi_repeat_random_states.py,"(1021, 9)",887,sequential_299,Dense 64 -> 16 -> 32 -> 64 -> 64 -> 32 -> 1,mse,adam_299,50,256,2.2291,94397.796875,5821.28564453125,5497.3232421875,0.15839047338976164,0.7
2026-09-04 12:58:35,multi_repeat_random_states.py,"(1021, 9)",804,sequential_300,Dense 64 -> 16 -> 32 -> 64 -> 64 -> 32 -> 1,mse,adam_300,50,256,2.2228,47565.71875,4939.18115234375,4952.2431640625,0.3039980710175171,0.7
2026-09-04 12:58:36,multi_repeat_random_states.py,"(1021, 9)",971,sequential_299,Dense 64 -> 16 -> 32 -> 64 -> 64 -> 32 -> 1,mse,adam_299,50,256,2.313,57483.4296875,4908.47314453125,4856.0439453125,0.29781965491066265,0.7
2026-09-04 12:58:36,multi_repeat_random_states.py,"(1021, 9)",887,sequential_299,Dense 64 -> 16 -> 32 -> 64 -> 64 -> 32 -> 1,mse,adam_299,50,256,1.4142,5800.46533203125,3096.459716796875,3148.076416015625,0.5180470632189746,0.7
2026-09-04 12:58:37,multi_repeat_random_states.py,"(1021, 9)",804,sequential_300,Dense 64 -> 16 -> 32 -> 64 -> 64 -> 32 -> 1,mse,adam_300,50,256,1.4189,4882.880859375,3133.909912109375,3086.735107421875,0.5661816640836406,0.7
2026-09-04 12:58:37,multi_repeat_random_states.py,"(1021, 9)",971,sequential_299,Dense 64 -> 16 -> 32 -> 64 -> 64 -> 32 -> 1,mse,adam_299,50,256,1.4261,4739.16796875,3133.849365234375,3144.632080078125,0.5452884728212175,0.7
2026-09-04 12:58:37,multi_repeat_random_states.py,"(1021, 9)",887,sequential_299,Dense 64 -> 16 -> 32 -> 64 -> 64 -> 32 -> 1,mse,adam_299,50,256,1.4274,2998.272216796875,2830.55615234375,3110.48779296875,0.5238017006039122,0.7
2026-09-04 12:58:38,multi_repeat_random_states.py,"(1021, 9)",804,sequential_300,Dense 64 -> 16 -> 32 -> 64 -> 64 -> 32 -> 1,mse,adam_300,50,256,1.4088,3063.46240234375,2933.303466796875,3189.84814453125,0.5516899255208166,0.7
2026-09-04 12:58:39,multi_repeat_random_states.py,"(1021, 9)",971,sequential_299,Dense 64 -> 16 -> 32 -> 64 -> 64 -> 32 -> 1,mse,adam_299,50,256,1.3879,3154.9345703125,3014.253173828125,3185.493896484375,0.5393799261958867,0.7
2026-09-04 12:58:40,multi_repeat_random_states.py,"(1021, 9)",888,sequential_300,Dense 64 -> 16 -> 32 -> 64 -> 64 -> 32 -> 1,mse,adam_300,50,256,2.2252,22185.712890625,3235.068115234375,3398.05615234375,0.4702906310953544,0.7
2026-09-04 12:58:41,multi_repeat_random_states.py,"(1021, 9)",805,sequential_301,Dense 64 -> 16 -> 32 -> 64 -> 64 -> 32 -> 1,mse,adam_301,50,256,2.3132,113225.9375,4997.37109375,5319.560546875,0.2197092379849649,0.7
2026-09-04 12:58:41,multi_repeat_random_states.py,"(1021, 9)",972,sequential_300,Dense 64 -> 16 -> 32 -> 64 -> 64 -> 32 -> 1,mse,adam_300,50,256,2.2679,35774.75,3825.3046875,3469.2939453125,0.5001122719929798,0.7
2026-09-04 12:58:42,multi_repeat_random_states.py,"(1021, 9)",888,sequential_300,Dense 64 -> 16 -> 32 -> 64 -> 64 -> 32 -> 1,mse,adam_300,50,256,1.484,3285.9921875,2845.466796875,3548.130126953125,0.44689627347121197,0.7
2026-09-04 12:58:42,multi_repeat_random_states.py,"(1021, 9)",805,sequential_301,Dense 64 -> 16 -> 32 -> 64 -> 64 -> 32 -> 1,mse,adam_301,50,256,1.4021,4967.1162109375,2801.8330078125,3080.593994140625,0.5481282641786551,0.7
2026-09-04 12:58:43,multi_repeat_random_states.py,"(1021, 9)",972,sequential_300,Dense 64 -> 16 -> 32 -> 64 -> 64 -> 32 -> 1,mse,adam_300,50,256,1.4616,3905.865478515625,3068.874755859375,3050.003662109375,0.5605274665635362,0.7
2026-09-04 12:58:43,multi_repeat_random_states.py,"(1021, 9)",888,sequential_300,Dense 64 -> 16 -> 32 -> 64 -> 64 -> 32 -> 1,mse,adam_300,50,256,1.4156,2898.902587890625,3300.588623046875,2947.259033203125,0.5405635750678979,0.7
2026-09-04 12:58:44,multi_repeat_random_states.py,"(1021, 9)",805,sequential_301,Dense 64 -> 16 -> 32 -> 64 -> 64 -> 32 -> 1,mse,adam_301,50,256,1.4886,2805.107666015625,2740.950927734375,3134.89404296875,0.5401633376780626,0.7
2026-09-04 12:58:44,multi_repeat_random_states.py,"(1021, 9)",972,sequential_300,Dense 64 -> 16 -> 32 -> 64 -> 64 -> 32 -> 1,mse,adam_300,50,256,1.4229,3030.8935546875,3000.4384765625,2804.61279296875,0.5958856520502519,0.7
2026-09-04 12:58:46,multi_repeat_random_states.py,"(1021, 9)",889,sequential_301,Dense 64 -> 16 -> 32 -> 64 -> 64 -> 32 -> 1,mse,adam_301,50,256,2.221,40682.70703125,4750.19384765625,4518.203125,0.3129988186186894,0.7
2026-09-04 12:58:46,multi_repeat_random_states.py,"(1021, 9)",806,sequential_302,Dense 64 -> 16 -> 32 -> 64 -> 64 -> 32 -> 1,mse,adam_302,50,256,2.2432,25903.8125,3141.16943359375,3318.162109375,0.5040806348434228,0.7
2026-09-04 12:58:47,multi_repeat_random_states.py,"(1021, 9)",973,sequential_301,Dense 64 -> 16 -> 32 -> 64 -> 64 -> 32 -> 1,mse,adam_301,50,256,2.2654,24438.55078125,3185.908447265625,3280.809814453125,0.5418824865444833,0.7
2026-09-04 12:58:47,multi_repeat_random_states.py,"(1021, 9)",889,sequential_301,Dense 64 -> 16 -> 32 -> 64 -> 64 -> 32 -> 1,mse,adam_301,50,256,1.5433,4681.3447265625,3056.0625,2746.321533203125,0.582416668907793,0.7
2026-09-04 12:58:48,multi_repeat_random_states.py,"(1021, 9)",806,sequential_302,Dense 64 -> 16 -> 32 -> 64 -> 64 -> 32 -> 1,mse,adam_302,50,256,1.4481,3347.185546875,2995.29638671875,3197.555908203125,0.5221059927600255,0.7
2026-09-04 12:58:49,multi_repeat_random_states.py,"(1021, 9)",973,sequential_301,Dense 64 -> 16 -> 32 -> 64 -> 64 -> 32 -> 1,mse,adam_301,50,256,1.4742,2981.441162109375,2886.102294921875,3276.302734375,0.5425117726671231,0.7
2026-09-04 12:58:49,multi_repeat_random_states.py,"(1021, 9)",889,sequential_301,Dense 64 -> 16 -> 32 -> 64 -> 64 -> 32 -> 1,mse,adam_301,50,256,1.4305,2987.22265625,3110.647705078125,2972.41259765625,0.5480391346001512,0.7
2026-09-04 12:58:49,multi_repeat_random_states.py,"(1021, 9)",806,sequential_302,Dense 64 -> 16 -> 32 -> 64 -> 64 -> 32 -> 1,mse,adam_302,50,256,1.4524,2872.07080078125,3040.65087890625,3004.26904296875,0.5509938276914934,0.7
2026-09-04 12:58:50,multi_repeat_random_states.py,"(1021, 9)",973,sequential_301,Dense 64 -> 16 -> 32 -> 64 -> 64 -> 32 -> 1,mse,adam_301,50,256,1.3929,2689.388916015625,2984.1474609375,3985.76416015625,0.4434457801058621,0.7
2026-09-04 12:58:51,multi_repeat_random_states.py,"(1021, 9)",890,sequential_302,Dense 64 -> 16 -> 32 -> 64 -> 64 -> 32 -> 1,mse,adam_302,50,256,2.2293,49183.8046875,5093.19189453125,5026.44140625,0.29624152326227726,0.7
2026-09-04 12:58:52,multi_repeat_random_states.py,"(1021, 9)",807,sequential_303,Dense 64 -> 16 -> 32 -> 64 -> 64 -> 32 -> 1,mse,adam_303,50,256,2.2483,21969.787109375,3719.038818359375,3481.540771484375,0.48506698690565,0.7
2026-09-04 12:58:53,multi_repeat_random_states.py,"(1021, 9)",974,sequential_302,Dense 64 -> 16 -> 32 -> 64 -> 64 -> 32 -> 1,mse,adam_302,50,256,2.3148,31458.23046875,4344.84765625,4414.95458984375,0.3430209906739232,0.7
2026-09-04 12:58:53,multi_repeat_random_states.py,"(1021, 9)",890,sequential_302,Dense 64 -> 16 -> 32 -> 64 -> 64 -> 32 -> 1,mse,adam_302,50,256,1.4724,5063.49951171875,3201.4130859375,3133.60009765625,0.5612605668471686,0.7
2026-09-04 12:58:53,multi_repeat_random_states.py,"(1021, 9)",807,sequential_303,Dense 64 -> 16 -> 32 -> 64 -> 64 -> 32 -> 1,mse,adam_303,50,256,1.4399,3745.01513671875,3215.515869140625,3473.22705078125,0.48629662613764046,0.7
2026-09-04 12:58:54,multi_repeat_random_states.py,"(1021, 9)",974,sequential_302,Dense 64 -> 16 -> 32 -> 64 -> 64 -> 32 -> 1,mse,adam_302,50,256,1.3986,4533.88427734375,2893.586181640625,2895.708251953125,0.5690964430249286,0.7
2026-09-04 12:58:54,multi_repeat_random_states.py,"(1021, 9)",890,sequential_302,Dense 64 -> 16 -> 32 -> 64 -> 64 -> 32 -> 1,mse,adam_302,50,256,1.391,3074.84912109375,3174.200439453125,2853.957275390625,0.6004137856738971,0.7
2026-09-04 12:58:55,multi_repeat_random_states.py,"(1021, 9)",807,sequential_303,Dense 64 -> 16 -> 32 -> 64 -> 64 -> 32 -> 1,mse,adam_303,50,256,1.4067,3243.78564453125,3157.03466796875,4071.93408203125,0.3977456120044057,0.7
2026-09-04 12:58:56,multi_repeat_random_states.py,"(1021, 9)",974,sequential_302,Dense 64 -> 16 -> 32 -> 64 -> 64 -> 32 -> 1,mse,adam_302,50,256,1.4423,2918.64697265625,2837.5810546875,2811.008544921875,0.5817004449837033,0.7
2026-09-04 12:58:57,multi_repeat_random_states.py,"(1021, 9)",891,sequential_303,Dense 64 -> 16 -> 32 -> 64 -> 64 -> 32 -> 1,mse,adam_303,50,256,2.274,25981.4609375,3364.65380859375,3499.809326171875,0.551796737605699,0.7
2026-09-04 12:58:57,multi_repeat_random_states.py,"(1021, 9)",808,sequential_304,Dense 64 -> 16 -> 32 -> 64 -> 64 -> 32 -> 1,mse,adam_304,50,256,2.2734,154845.25,6195.080078125,5565.689453125,0.06522618440318617,0.7
2026-09-04 12:58:58,multi_repeat_random_states.py,"(1021, 9)",975,sequential_303,Dense 64 -> 16 -> 32 -> 64 -> 64 -> 32 -> 1,mse,adam_303,50,256,2.2978,116638.59375,5349.1171875,5429.84326171875,0.21493945858794672,0.7
2026-09-04 12:58:58,multi_repeat_random_states.py,"(1021, 9)",891,sequential_303,Dense 64 -> 16 -> 32 -> 64 -> 64 -> 32 -> 1,mse,adam_303,50,256,1.4694,3141.3017578125,2780.923828125,3215.086669921875,0.5882597465526154,0.7
2026-09-04 12:58:59,multi_repeat_random_states.py,"(1021, 9)",808,sequential_304,Dense 64 -> 16 -> 32 -> 64 -> 64 -> 32 -> 1,mse,adam_304,50,256,1.4001,6161.88232421875,3364.910400390625,2884.707275390625,0.515504968788731,0.7
2026-09-04 12:59:00,multi_repeat_random_states.py,"(1021, 9)",975,sequential_303,Dense 64 -> 16 -> 32 -> 64 -> 64 -> 32 -> 1,mse,adam_303,50,256,1.4056,5288.80322265625,3110.60546875,3134.009765625,0.5468769015174402,0.7
2026-09-04 12:59:00,multi_repeat_random_states.py,"(1021, 9)",891,sequential_303,Dense 64 -> 16 -> 32 -> 64 -> 64 -> 32 -> 1,mse,adam_303,50,256,1.3954,2841.3056640625,2735.47021484375,3983.671142578125,0.48983089467991303,0.7
2026-09-04 12:59:00,multi_repeat_random_states.py,"(1021, 9)",808,sequential_304,Dense 64 -> 16 -> 32 -> 64 -> 64 -> 32 -> 1,mse,adam_304,50,256,1.4549,3244.5,3393.826904296875,2909.031982421875,0.5114196612484583,0.7
2026-09-04 12:59:01,multi_repeat_random_states.py,"(1021, 9)",975,sequential_303,Dense 64 -> 16 -> 32 -> 64 -> 64 -> 32 -> 1,mse,adam_303,50,256,1.444,3014.575927734375,2996.685546875,3033.917724609375,0.5613483281177981,0.7
2026-09-04 12:59:02,multi_repeat_random_states.py,"(1021, 9)",892,sequential_304,Dense 64 -> 16 -> 32 -> 64 -> 64 -> 32 -> 1,mse,adam_304,50,256,2.2252,67225.7265625,5942.54736328125,5094.04443359375,0.1925046511988847,0.7
2026-09-04 12:59:03,multi_repeat_random_states.py,"(1021, 9)",809,sequential_305,Dense 64 -> 16 -> 32 -> 64 -> 64 -> 32 -> 1,mse,adam_305,50,256,2.2912,102527.03125,5419.0615234375,6221.16845703125,0.17509294243256446,0.7
2026-09-04 12:59:04,multi_repeat_random_states.py,"(1021, 9)",976,sequential_304,Dense 64 -> 16 -> 32 -> 64 -> 64 -> 32 -> 1,mse,adam_304,50,256,2.3274,22762.83984375,2852.512451171875,3251.32421875,0.506082372261343,0.7
2026-09-04 12:59:04,multi_repeat_random_states.py,"(1021, 9)",892,sequential_304,Dense 64 -> 16 -> 32 -> 64 -> 64 -> 32 -> 1,mse,adam_304,50,256,1.47,5913.16796875,3346.718505859375,2424.218505859375,0.6157188365930037,0.7
2026-09-04 12:59:05,multi_repeat_random_states.py,"(1021, 9)",809,sequential_305,Dense 64 -> 16 -> 32 -> 64 -> 64 -> 32 -> 1,mse,adam_305,50,256,1.4072,5374.4794921875,3357.725341796875,3972.4189453125,0.4732699033281049,0.7
2026-09-04 12:59:05,multi_repeat_random_states.py,"(1021, 9)",976,sequential_304,Dense 64 -> 16 -> 32 -> 64 -> 64 -> 32 -> 1,mse,adam_304,50,256,1.418,2925.734619140625,2958.897216796875,3248.46923828125,0.5065160238990309,0.7
2026-09-04 12:59:06,multi_repeat_random_states.py,"(1021, 9)",892,sequential_304,Dense 64 -> 16 -> 32 -> 64 -> 64 -> 32 -> 1,mse,adam_304,50,256,1.4103,3468.15673828125,3143.834228515625,2563.706298828125,0.5936075687105102,0.7
2026-09-04 12:59:06,multi_repeat_random_states.py,"(1021, 9)",809,sequential_305,Dense 64 -> 16 -> 32 -> 64 -> 64 -> 32 -> 1,mse,adam_305,50,256,1.4518,3047.266845703125,2714.4765625,3279.63671875,0.5651306598428241,0.7
2026-09-04 12:59:07,multi_repeat_random_states.py,"(1021, 9)",976,sequential_304,Dense 64 -> 16 -> 32 -> 64 -> 64 -> 32 -> 1,mse,adam_304,50,256,1.4062,2727.572021484375,2750.952880859375,3557.61767578125,0.4595524984130702,0.7
2026-09-04 12:59:08,multi_repeat_random_states.py,"(1021, 9)",893,sequential_305,Dense 64 -> 16 -> 32 -> 64 -> 64 -> 32 -> 1,mse,adam_305,50,256,2.1999,47997.2421875,4087.3681640625,3876.44970703125,0.4273346745616101,0.7
2026-09-04 12:59:09,multi_repeat_random_states.py,"(1021, 9)",810,sequential_306,Dense 64 -> 16 -> 32 -> 64 -> 64 -> 32 -> 1,mse,adam_306,50,256,2.2869,20881.64453125,3130.068115234375,3545.104248046875,0.4700896807879672,0.7
2026-09-04 12:59:10,multi_repeat_random_states.py,"(1021, 9)",977,sequential_305,Dense 64 -> 16 -> 32 -> 64 -> 64 -> 32 -> 1,mse,adam_305,50,256,2.3347,255933.953125,6170.2939453125,5328.37255859375,0.15419035749436671,0.7
2026-09-04 12:59:10,multi_repeat_random_states.py,"(1021, 9)",893,sequential_305,Dense 64 -> 16 -> 32 -> 64 -> 64 -> 32 -> 1,mse,adam_305,50,256,1.4741,3871.377197265625,2897.15625,2935.468017578125,0.5663453059193249,0.7
2026-09-04 12:59:10,multi_repeat_random_states.py,"(1021, 9)",810,sequential_306,Dense 64 -> 16 -> 32 -> 64 -> 64 -> 32 -> 1,mse,adam_306,50,256,1.4428,3080.830078125,3147.0078125,3203.782470703125,0.5211093299924623,0.7
2026-09-04 12:59:11,multi_repeat_random_states.py,"(1021, 9)",977,sequential_305,Dense 64 -> 16 -> 32 -> 64 -> 64 -> 32 -> 1,mse,adam_305,50,256,1.4176,6149.796875,3727.590576171875,3475.756591796875,0.4482689396630234,0.7
2026-09-04 12:59:11,multi_repeat_random_states.py,"(1021, 9)",893,sequential_305,Dense 64 -> 16 -> 32 -> 64 -> 64 -> 32 -> 1,mse,adam_305,50,256,1.4023,2880.095947265625,2822.20556640625,2962.494384765625,0.5623527261974057,0.7
2026-09-04 12:59:12,multi_repeat_random_states.py,"(1021, 9)",810,sequential_306,Dense 64 -> 16 -> 32 -> 64 -> 64 -> 32 -> 1,mse,adam_306,50,256,1.4914,2902.695068359375,2774.9033203125,3044.7802734375,0.5448763845115034,0.7
2026-09-04 12:59:13,multi_repeat_random_states.py,"(1021, 9)",977,sequential_305,Dense 64 -> 16 -> 32 -> 64 -> 64 -> 32 -> 1,mse,adam_305,50,256,1.4299,3629.447998046875,3035.12353515625,2792.834716796875,0.5566739246829169,0.7
2026-09-04 12:59:14,multi_repeat_random_states.py,"(1021, 9)",894,sequential_306,Dense 64 -> 16 -> 32 -> 64 -> 64 -> 32 -> 1,mse,adam_306,50,256,2.2717,22738.53125,3085.284423828125,3950.84423828125,0.44870154362192827,0.7
2026-09-04 12:59:14,multi_repeat_random_states.py,"(1021, 9)",811,sequential_307,Dense 64 -> 16 -> 32 -> 64 -> 64 -> 32 -> 1,mse,adam_307,50,256,2.3367,478789.4375,6248.40478515625,5845.0439453125,0.07825497012238991,0.7
2026-09-04 12:59:15,multi_repeat_random_states.py,"(1021, 9)",978,sequential_306,Dense 64 -> 16 -> 32 -> 64 -> 64 -> 32 -> 1,mse,adam_306,50,256,2.3242,17815.572265625,3521.137451171875,3573.059326171875,0.44463414175940064,0.7
2026-09-04 12:59:15,multi_repeat_random_states.py,"(1021, 9)",894,sequential_306,Dense 64 -> 16 -> 32 -> 64 -> 64 -> 32 -> 1,mse,adam_306,50,256,1.446,3779.959716796875,2660.885009765625,3524.978515625,0.5081264893438586,0.7
2026-09-04 12:59:16,multi_repeat_random_states.py,"(1021, 9)",811,sequential_307,Dense 64 -> 16 -> 32 -> 64 -> 64 -> 32 -> 1,mse,adam_307,50,256,1.4576,6237.96435546875,5381.46630859375,5036.44287109375,0.2057688620932424,0.7
2026-09-04 12:59:17,multi_repeat_random_states.py,"(1021, 9)",894,sequential_306,Dense 64 -> 16 -> 32 -> 64 -> 64 -> 32 -> 1,mse,adam_306,50,256,1.4026,2766.896240234375,2710.666015625,3403.912841796875,0.5250199769170054,0.7
2026-09-04 12:59:17,multi_repeat_random_states.py,"(1021, 9)",978,sequential_306,Dense 64 -> 16 -> 32 -> 64 -> 64 -> 32 -> 1,mse,adam_306,50,256,1.4605,3471.023193359375,2949.175048828125,2925.19287109375,0.5453329716944035,0.7
2026-09-04 12:59:17,multi_repeat_random_states.py,"(1021, 9)",811,sequential_307,Dense 64 -> 16 -> 32 -> 64 -> 64 -> 32 -> 1,mse,adam_307,50,256,1.4042,5341.2978515625,3123.758056640625,3051.259033203125,0.518826050594867,0.7
2026-09-04 12:59:18,multi_repeat_random_states.py,"(1021, 9)",978,sequential_306,Dense 64 -> 16 -> 32 -> 64 -> 64 -> 32 -> 1,mse,adam_306,50,256,1.4712,2838.259521484375,2851.89990234375,3132.134765625,0.5131676361731167,0.7
2026-09-04 12:59:19,multi_repeat_random_states.py,"(1021, 9)",895,sequential_307,Dense 64 -> 16 -> 32 -> 64 -> 64 -> 32 -> 1,mse,adam_307,50,256,2.2459,26482.259765625,3068.3076171875,3086.93310546875,0.5521388862044773,0.7
2026-09-04 12:59:20,multi_repeat_random_states.py,"(1021, 9)",812,sequential_308,Dense 64 -> 16 -> 32 -> 64 -> 64 -> 32 -> 1,mse,adam_308,50,256,2.2827,51707.9609375,4664.630859375,3748.614501953125,0.41061305291997485,0.7
2026-09-04 12:59:21,multi_repeat_random_states.py,"(1021, 9)",895,sequential_307,Dense 64 -> 16 -> 32 -> 64 -> 64 -> 32 -> 1,mse,adam_307,50,256,1.4633,2982.576171875,3037.607666015625,2887.77490234375,0.581033376565633,0.7
2026-09-04 12:59:21,multi_repeat_random_states.py,"(1021, 9)",979,sequential_307,Dense 64 -> 16 -> 32 -> 64 -> 64 -> 32 -> 1,mse,adam_307,50,256,2.2393,34594.56640625,4764.9169921875,3754.857666015625,0.34590934340257795,0.7
2026-09-04 12:59:22,multi_repeat_random_states.py,"(1021, 9)",812,sequential_308,Dense 64 -> 16 -> 32 -> 64 -> 64 -> 32 -> 1,mse,adam_308,50,256,1.4121,4443.52294921875,3074.170654296875,2577.71923828125,0.5947105090046546,0.7
2026-09-04 12:59:22,multi_repeat_random_states.py,"(1021, 9)",895,sequential_307,Dense 64 -> 16 -> 32 -> 64 -> 64 -> 32 -> 1,mse,adam_307,50,256,1.4122,2847.6904296875,3005.3134765625,2860.77587890625,0.5849504232048806,0.7
2026-09-04 12:59:22,multi_repeat_random_states.py,"(1021, 9)",979,sequential_307,Dense 64 -> 16 -> 32 -> 64 -> 64 -> 32 -> 1,mse,adam_307,50,256,1.4274,4701.720703125,3217.214111328125,2291.635986328125,0.6008003906239101,0.7
2026-09-04 12:59:23,multi_repeat_random_states.py,"(1021, 9)",812,sequential_308,Dense 64 -> 16 -> 32 -> 64 -> 64 -> 32 -> 1,mse,adam_308,50,256,1.4314,3094.8916015625,3205.203125,2557.49462890625,0.5978903880869615,0.7
2026-09-04 12:59:24,multi_repeat_random_states.py,"(1021, 9)",979,sequential_307,Dense 64 -> 16 -> 32 -> 64 -> 64 -> 32 -> 1,mse,adam_307,50,256,1.3998,3127.003173828125,3178.20166015625,2774.576416015625,0.5166728871820845,0.7
2026-09-04 12:59:25,multi_repeat_random_states.py,"(1021, 9)",896,sequential_308,Dense 64 -> 16 -> 32 -> 64 -> 64 -> 32 -> 1,mse,adam_308,50,256,2.233,62112.1015625,5207.3681640625,4410.2646484375,0.2637388243450043,0.7
2026-09-04 12:59:26,multi_repeat_random_states.py,"(1021, 9)",813,sequential_309,Dense 64 -> 16 -> 32 -> 64 -> 64 -> 32 -> 1,mse,adam_309,50,256,2.2941,36199.8125,4596.83642578125,4448.70703125,0.38385833948564063,0.7
2026-09-04 12:59:26,multi_repeat_random_states.py,"(1021, 9)",896,sequential_308,Dense 64 -> 16 -> 32 -> 64 -> 64 -> 32 -> 1,mse,adam_308,50,256,1.4673,5085.48193359375,2970.389404296875,3510.4150390625,0.4139620913428469,0.7
2026-09-04 12:59:26,multi_repeat_random_states.py,"(1021, 9)",980,sequential_308,Dense 64 -> 16 -> 32 -> 64 -> 64 -> 32 -> 1,mse,adam_308,50,256,2.3532,42466.2578125,4532.49951171875,4288.78857421875,0.3881465388426937,0.7
2026-09-04 12:59:27,multi_repeat_random_states.py,"(1021, 9)",813,sequential_309,Dense 64 -> 16 -> 32 -> 64 -> 64 -> 32 -> 1,mse,adam_309,50,256,1.4561,3755.87255859375,3030.64111328125,2948.0615234375,0.5916962662661079,0.7
2026-09-04 12:59:28,multi_repeat_random_states.py,"(1021, 9)",896,sequential_308,Dense 64 -> 16 -> 32 -> 64 -> 64 -> 32 -> 1,mse,adam_308,50,256,1.4688,3250.726806640625,2854.104736328125,2755.11181640625,0.5400543459496523,0.7
2026-09-04 12:59:28,multi_repeat_random_states.py,"(1021, 9)",980,sequential_308,Dense 64 -> 16 -> 32 -> 64 -> 64 -> 32 -> 1,mse,adam_308,50,256,1.4068,4333.48291015625,3008.0322265625,2768.36474609375,0.6050555085943912,0.7
2026-09-04 12:59:29,multi_repeat_random_states.py,"(1021, 9)",813,sequential_309,Dense 64 -> 16 -> 32 -> 64 -> 64 -> 32 -> 1,mse,adam_309,50,256,1.4214,3098.91162109375,2928.55078125,2841.37548828125,0.6064722207887814,0.7
2026-09-04 12:59:30,multi_repeat_random_states.py,"(1021, 9)",980,sequential_308,Dense 64 -> 16 -> 32 -> 64 -> 64 -> 32 -> 1,mse,adam_308,50,256,1.3883,2962.560791015625,3271.63134765625,3284.819091796875,0.5313762961182378,0.7
2026-09-04 12:59:30,multi_repeat_random_states.py,"(1021, 9)",897,sequential_309,Dense 64 -> 16 -> 32 -> 64 -> 64 -> 32 -> 1,mse,adam_309,50,256,2.2363,14756.62109375,3169.033203125,3307.576171875,0.475143633189519,0.7
2026-09-04 12:59:31,multi_repeat_random_states.py,"(1021, 9)",814,sequential_310,Dense 64 -> 16 -> 32 -> 64 -> 64 -> 32 -> 1,mse,adam_310,50,256,2.243,34322.203125,4917.16845703125,3851.198974609375,0.3691503811821658,0.7
2026-09-04 12:59:32,multi_repeat_random_states.py,"(1021, 9)",897,sequential_309,Dense 64 -> 16 -> 32 -> 64 -> 64 -> 32 -> 1,mse,adam_309,50,256,1.4177,3239.7509765625,3118.49560546875,3137.552001953125,0.5021236469843464,0.7
2026-09-04 12:59:32,multi_repeat_random_states.py,"(1021, 9)",981,sequential_309,Dense 64 -> 16 -> 32 -> 64 -> 64 -> 32 -> 1,mse,adam_309,50,256,2.2703,52908.15234375,3970.94140625,3607.982421875,0.39154066456537473,0.7
2026-09-04 12:59:33,multi_repeat_random_states.py,"(1021, 9)",814,sequential_310,Dense 64 -> 16 -> 32 -> 64 -> 64 -> 32 -> 1,mse,adam_310,50,256,1.427,4644.58740234375,3187.322265625,3475.7265625,0.4306549114096706,0.7
2026-09-04 12:59:33,multi_repeat_random_states.py,"(1021, 9)",897,sequential_309,Dense 64 -> 16 -> 32 -> 64 -> 64 -> 32 -> 1,mse,adam_309,50,256,1.4194,3157.758544921875,2880.50048828125,3257.43701171875,0.4830999353199308,0.7
2026-09-04 12:59:34,multi_repeat_random_states.py,"(1021, 9)",981,sequential_309,Dense 64 -> 16 -> 32 -> 64 -> 64 -> 32 -> 1,mse,adam_309,50,256,1.437,3796.01953125,2871.256103515625,2962.471435546875,0.5004013549613155,0.7
2026-09-04 12:59:34,multi_repeat_random_states.py,"(1021, 9)",814,sequential_310,Dense 64 -> 16 -> 32 -> 64 -> 64 -> 32 -> 1,mse,adam_310,50,256,1.4191,3195.0341796875,2900.827880859375,2792.982666015625,0.5424925723266318,0.7
2026-09-04 12:59:35,multi_repeat_random_states.py,"(1021, 9)",981,sequential_309,Dense 64 -> 16 -> 32 -> 64 -> 64 -> 32 -> 1,mse,adam_309,50,256,1.393,3096.146484375,3820.162109375,2853.0908203125,0.5188475527989704,0.7
2026-09-04 12:59:36,multi_repeat_random_states.py,"(1021, 9)",898,sequential_310,Dense 64 -> 16 -> 32 -> 64 -> 64 -> 32 -> 1,mse,adam_310,50,256,2.2287,117600.03125,5451.85888671875,5413.55859375,0.2061035073537043,0.7
2026-09-04 12:59:37,multi_repeat_random_states.py,"(1021, 9)",815,sequential_311,Dense 64 -> 16 -> 32 -> 64 -> 64 -> 32 -> 1,mse,adam_311,50,256,2.2857,45738.3671875,4330.3603515625,4184.72509765625,0.36215011300206656,0.7
2026-09-04 12:59:37,multi_repeat_random_states.py,"(1021, 9)",898,sequential_310,Dense 64 -> 16 -> 32 -> 64 -> 64 -> 32 -> 1,mse,adam_310,50,256,1.4021,5399.6552734375,3076.757080078125,3002.663818359375,0.5596604186435583,0.7
2026-09-04 12:59:38,multi_repeat_random_states.py,"(1021, 9)",982,sequential_310,Dense 64 -> 16 -> 32 -> 64 -> 64 -> 32 -> 1,mse,adam_310,50,256,2.2647,35800.53515625,3604.244384765625,3740.943603515625,0.4701791235131759,0.7
2026-09-04 12:59:38,multi_repeat_random_states.py,"(1021, 9)",815,sequential_311,Dense 64 -> 16 -> 32 -> 64 -> 64 -> 32 -> 1,mse,adam_311,50,256,1.4025,4172.42822265625,3276.810791015625,2854.675048828125,0.5648808425488899,0.7
2026-09-04 12:59:39,multi_repeat_random_states.py,"(1021, 9)",898,sequential_310,Dense 64 -> 16 -> 32 -> 64 -> 64 -> 32 -> 1,mse,adam_310,50,256,1.4293,3214.544677734375,3028.40185546875,2890.76220703125,0.5760706714821513,0.7
2026-09-04 12:59:39,multi_repeat_random_states.py,"(1021, 9)",982,sequential_310,Dense 64 -> 16 -> 32 -> 64 -> 64 -> 32 -> 1,mse,adam_310,50,256,1.4229,3379.008056640625,3063.319580078125,2866.70458984375,0.5939954577785854,0.7
2026-09-04 12:59:40,multi_repeat_random_states.py,"(1021, 9)",815,sequential_311,Dense 64 -> 16 -> 32 -> 64 -> 64 -> 32 -> 1,mse,adam_311,50,256,1.4108,3428.926025390625,3016.97509765625,3221.31689453125,0.5089960799694901,0.7
2026-09-04 12:59:41,multi_repeat_random_states.py,"(1021, 9)",982,sequential_310,Dense 64 -> 16 -> 32 -> 64 -> 64 -> 32 -> 1,mse,adam_310,50,256,1.46,2951.357177734375,3121.446533203125,3074.53515625,0.564560897506491,0.7
2026-09-04 12:59:42,multi_repeat_random_states.py,"(1021, 9)",899,sequential_311,Dense 64 -> 16 -> 32 -> 64 -> 64 -> 32 -> 1,mse,adam_311,50,256,2.2892,60441.6953125,4973.11865234375,4690.333984375,0.26909905405817147,0.7
2026-09-04 12:59:42,multi_repeat_random_states.py,"(1021, 9)",816,sequential_312,Dense 64 -> 16 -> 32 -> 64 -> 64 -> 32 -> 1,mse,adam_312,50,256,2.3318,27605.52734375,3238.98388671875,3026.327880859375,0.5379916006846771,0.7
2026-09-04 12:59:43,multi_repeat_random_states.py,"(1021, 9)",899,sequential_311,Dense 64 -> 16 -> 32 -> 64 -> 64 -> 32 -> 1,mse,adam_311,50,256,1.545,4952.26953125,3002.120849609375,2730.580810546875,0.5744899955634777,0.7
2026-09-04 12:59:43,multi_repeat_random_states.py,"(1021, 9)",983,sequential_311,Dense 64 -> 16 -> 32 -> 64 -> 64 -> 32 -> 1,mse,adam_311,50,256,2.3576,36271.8125,4543.70654296875,4546.806640625,0.3501310905802161,0.7
2026-09-04 12:59:44,multi_repeat_random_states.py,"(1021, 9)",816,sequential_312,Dense 64 -> 16 -> 32 -> 64 -> 64 -> 32 -> 1,mse,adam_312,50,256,1.5394,3262.43115234375,3316.421630859375,2753.385498046875,0.5796598135136843,0.7
2026-09-04 12:59:45,multi_repeat_random_states.py,"(1021, 9)",899,sequential_311,Dense 64 -> 16 -> 32 -> 64 -> 64 -> 32 -> 1,mse,adam_311,50,256,1.4589,2954.33544921875,2982.265380859375,2898.6533203125,0.5482990225112835,0.7
2026-09-04 12:59:45,multi_repeat_random_states.py,"(1021, 9)",983,sequential_311,Dense 64 -> 16 -> 32 -> 64 -> 64 -> 32 -> 1,mse,adam_311,50,256,1.4511,4408.52001953125,2840.391845703125,3041.682861328125,0.5652563431944277,0.7
2026-09-04 12:59:46,multi_repeat_random_states.py,"(1021, 9)",816,sequential_312,Dense 64 -> 16 -> 32 -> 64 -> 64 -> 32 -> 1,mse,adam_312,50,256,1.4298,2999.145263671875,3281.779541015625,4230.447265625,0.3541671315463165,0.7
2026-09-04 12:59:46,multi_repeat_random_states.py,"(1021, 9)",983,sequential_311,Dense 64 -> 16 -> 32 -> 64 -> 64 -> 32 -> 1,mse,adam_311,50,256,1.4168,2855.596923828125,2930.314208984375,3205.923828125,0.5417816863208555,0.7
2026-09-04 12:59:47,multi_repeat_random_states.py,"(1021, 9)",900,sequential_312,Dense 64 -> 16 -> 32 -> 64 -> 64 -> 32 -> 1,mse,adam_312,50,256,2.2757,21821.87109375,3663.200439453125,4607.71142578125,0.38943237233646566,0.7
2026-09-04 12:59:48,multi_repeat_random_states.py,"(1021, 9)",817,sequential_313,Dense 64 -> 16 -> 32 -> 64 -> 64 -> 32 -> 1,mse,adam_313,50,256,2.27,38635.35546875,3311.3154296875,3226.835693359375,0.530421411728625,0.7
2026-09-04 12:59:49,multi_repeat_random_states.py,"(1021, 9)",900,sequential_312,Dense 64 -> 16 -> 32 -> 64 -> 64 -> 32 -> 1,mse,adam_312,50,256,1.4145,3492.1474609375,2741.459716796875,3244.09814453125,0.5701247002039477,0.7
2026-09-04 12:59:49,multi_repeat_random_states.py,"(1021, 9)",984,sequential_312,Dense 64 -> 16 -> 32 -> 64 -> 64 -> 32 -> 1,mse,adam_312,50,256,2.275,36977.44140625,4261.4541015625,4512.8408203125,0.365650431924219,0.7
2026-09-04 12:59:50,multi_repeat_random_states.py,"(1021, 9)",817,sequential_313,Dense 64 -> 16 -> 32 -> 64 -> 64 -> 32 -> 1,mse,adam_313,50,256,1.4081,3164.85791015625,2846.33544921875,2888.16943359375,0.5797050837657234,0.7
2026-09-04 12:59:50,multi_repeat_random_states.py,"(1021, 9)",900,sequential_312,Dense 64 -> 16 -> 32 -> 64 -> 64 -> 32 -> 1,mse,adam_312,50,256,1.4846,2863.754638671875,3219.160400390625,3109.547119140625,0.5879540593507087,0.7
2026-09-04 12:59:50,multi_repeat_random_states.py,"(1021, 9)",984,sequential_312,Dense 64 -> 16 -> 32 -> 64 -> 64 -> 32 -> 1,mse,adam_312,50,256,1.4257,4105.49560546875,3149.6328125,3029.688720703125,0.5741304531925552,0.7
2026-09-04 12:59:51,multi_repeat_random_states.py,"(1021, 9)",817,sequential_313,Dense 64 -> 16 -> 32 -> 64 -> 64 -> 32 -> 1,mse,adam_313,50,256,1.4422,2854.66162109375,2934.806396484375,2979.8603515625,0.566362004247922,0.7
2026-09-04 12:59:52,multi_repeat_random_states.py,"(1021, 9)",984,sequential_312,Dense 64 -> 16 -> 32 -> 64 -> 64 -> 32 -> 1,mse,adam_312,50,256,1.3931,2996.03857421875,3060.34228515625,3302.2294921875,0.5358206271166432,0.7
2026-09-04 12:59:53,multi_repeat_random_states.py,"(1021, 9)",901,sequential_313,Dense 64 -> 16 -> 32 -> 64 -> 64 -> 32 -> 1,mse,adam_313,50,256,2.237,90755.2734375,5103.6083984375,4851.2373046875,0.23609549907629146,0.7
2026-09-04 12:59:54,multi_repeat_random_states.py,"(1021, 9)",818,sequential_314,Dense 64 -> 16 -> 32 -> 64 -> 64 -> 32 -> 1,mse,adam_314,50,256,2.253,47741.6484375,3460.1474609375,3250.640869140625,0.5051432602753894,0.7
2026-09-04 12:59:54,multi_repeat_random_states.py,"(1021, 9)",901,sequential_313,Dense 64 -> 16 -> 32 -> 64 -> 64 -> 32 -> 1,mse,adam_313,50,256,1.4001,5145.75927734375,3393.835693359375,2990.82958984375,0.5290462612279918,0.7
2026-09-04 12:59:54,multi_repeat_random_states.py,"(1021, 9)",985,sequential_313,Dense 64 -> 16 -> 32 -> 64 -> 64 -> 32 -> 1,mse,adam_313,50,256,2.2439,102919.6953125,5629.81396484375,4620.95947265625,0.2469521172284126,0.7
2026-09-04 12:59:55,multi_repeat_random_states.py,"(1021, 9)",818,sequential_314,Dense 64 -> 16 -> 32 -> 64 -> 64 -> 32 -> 1,mse,adam_314,50,256,1.5012,3562.2451171875,2940.90087890625,2645.72998046875,0.5972310678834813,0.7
2026-09-04 12:59:56,multi_repeat_random_states.py,"(1021, 9)",901,sequential_313,Dense 64 -> 16 -> 32 -> 64 -> 64 -> 32 -> 1,mse,adam_313,50,256,1.4114,3348.093017578125,3142.466064453125,2743.8076171875,0.5679438261237015,0.7
2026-09-04 12:59:56,multi_repeat_random_states.py,"(1021, 9)",985,sequential_313,Dense 64 -> 16 -> 32 -> 64 -> 64 -> 32 -> 1,mse,adam_313,50,256,1.4147,5560.4833984375,3312.49267578125,2893.30615234375,0.5284965642057646,0.7
2026-09-04 12:59:57,multi_repeat_random_states.py,"(1021, 9)",818,sequential_314,Dense 64 -> 16 -> 32 -> 64 -> 64 -> 32 -> 1,mse,adam_314,50,256,1.4203,2976.85302734375,3060.374755859375,2811.259033203125,0.572031916535835,0.7
2026-09-04 12:59:58,multi_repeat_random_states.py,"(1021, 9)",985,sequential_313,Dense 64 -> 16 -> 32 -> 64 -> 64 -> 32 -> 1,mse,adam_313,50,256,1.4164,3133.03662109375,3793.50244140625,2648.21630859375,0.5684373496912765,0.7
2026-09-04 12:59:58,multi_repeat_random_states.py,"(1021, 9)",902,sequential_314,Dense 64 -> 16 -> 32 -> 64 -> 64 -> 32 -> 1,mse,adam_314,50,256,2.2524,57509.0,4396.17333984375,5298.27783203125,0.30582157998295767,0.7
2026-09-04 12:59:59,multi_repeat_random_states.py,"(1021, 9)",819,sequential_315,Dense 64 -> 16 -> 32 -> 64 -> 64 -> 32 -> 1,mse,adam_315,50,256,2.25,176557.28125,6103.455078125,6027.4423828125,0.11014570302604676,0.7
2026-09-04 13:00:00,multi_repeat_random_states.py,"(1021, 9)",902,sequential_314,Dense 64 -> 16 -> 32 -> 64 -> 64 -> 32 -> 1,mse,adam_314,50,256,1.4062,4324.7900390625,3100.392822265625,3422.335693359375,0.5516068304562728,0.7
2026-09-04 13:00:00,multi_repeat_random_states.py,"(1021, 9)",986,sequential_314,Dense 64 -> 16 -> 32 -> 64 -> 64 -> 32 -> 1,mse,adam_314,50,256,2.2633,22648.619140625,3555.8056640625,3087.386962890625,0.5171739661788395,0.7
2026-09-04 13:00:01,multi_repeat_random_states.py,"(1021, 9)",819,sequential_315,Dense 64 -> 16 -> 32 -> 64 -> 64 -> 32 -> 1,mse,adam_315,50,256,1.412,6102.6103515625,3767.380859375,3633.222412109375,0.4636135919695634,0.7
2026-09-04 13:00:02,multi_repeat_random_states.py,"(1021, 9)",986,sequential_314,Dense 64 -> 16 -> 32 -> 64 -> 64 -> 32 -> 1,mse,adam_314,50,256,1.4176,3415.005859375,3126.911865234375,2793.91943359375,0.5630683678359114,0.7
2026-09-04 13:00:02,multi_repeat_random_states.py,"(1021, 9)",902,sequential_314,Dense 64 -> 16 -> 32 -> 64 -> 64 -> 32 -> 1,mse,adam_314,50,256,1.5752,3133.6708984375,2717.53369140625,3274.890625,0.5709250345221462,0.7
2026-09-04 13:00:02,multi_repeat_random_states.py,"(1021, 9)",819,sequential_315,Dense 64 -> 16 -> 32 -> 64 -> 64 -> 32 -> 1,mse,adam_315,50,256,1.4227,3654.018310546875,3091.90966796875,3305.3740234375,0.5120151036267988,0.7
2026-09-04 13:00:03,multi_repeat_random_states.py,"(1021, 9)",986,sequential_314,Dense 64 -> 16 -> 32 -> 64 -> 64 -> 32 -> 1,mse,adam_314,50,256,1.46,3078.976318359375,3015.166259765625,2612.0166015625,0.5915155302530557,0.7
2026-09-04 13:00:04,multi_repeat_random_states.py,"(1021, 9)",903,sequential_315,Dense 64 -> 16 -> 32 -> 64 -> 64 -> 32 -> 1,mse,adam_315,50,256,2.2236,15529.27734375,3438.85205078125,2781.93603515625,0.587748120239765,0.7
2026-09-04 13:00:05,multi_repeat_random_states.py,"(1021, 9)",820,sequential_316,Dense 64 -> 16 -> 32 -> 64 -> 64 -> 32 -> 1,mse,adam_316,50,256,2.2553,133035.53125,5555.5048828125,6324.39208984375,0.15323288320974748,0.7
2026-09-04 13:00:06,multi_repeat_random_states.py,"(1021, 9)",903,sequential_315,Dense 64 -> 16 -> 32 -> 64 -> 64 -> 32 -> 1,mse,adam_315,50,256,1.4459,3129.3564453125,2902.8798828125,2678.4306640625,0.6030865159450876,0.7
2026-09-04 13:00:06,multi_repeat_random_states.py,"(1021, 9)",987,sequential_315,Dense 64 -> 16 -> 32 -> 64 -> 64 -> 32 -> 1,mse,adam_315,50,256,2.4459,59182.79296875,5749.541015625,5716.3603515625,0.17733737832630414,0.7
2026-09-04 13:00:06,multi_repeat_random_states.py,"(1021, 9)",820,sequential_316,Dense 64 -> 16 -> 32 -> 64 -> 64 -> 32 -> 1,mse,adam_316,50,256,1.4146,5529.07080078125,3185.22607421875,4235.31298828125,0.43293782121388646,0.7
2026-09-04 13:00:07,multi_repeat_random_states.py,"(1021, 9)",903,sequential_315,Dense 64 -> 16 -> 32 -> 64 -> 64 -> 32 -> 1,mse,adam_315,50,256,1.4199,2950.126953125,3148.784423828125,2680.76806640625,0.6027401272074749,0.7
2026-09-04 13:00:07,multi_repeat_random_states.py,"(1021, 9)",987,sequential_315,Dense 64 -> 16 -> 32 -> 64 -> 64 -> 32 -> 1,mse,adam_315,50,256,1.4749,5705.1123046875,3131.407958984375,2860.705810546875,0.5883051603195095,0.7
2026-09-04 13:00:08,multi_repeat_random_states.py,"(1021, 9)",820,sequential_316,Dense 64 -> 16 -> 32 -> 64 -> 64 -> 32 -> 1,mse,adam_316,50,256,1.4071,3226.851806640625,2932.987060546875,3201.00390625,0.5714205706364897,0.7
2026-09-04 13:00:09,multi_repeat_random_states.py,"(1021, 9)",987,sequential_315,Dense 64 -> 16 -> 32 -> 64 -> 64 -> 32 -> 1,mse,adam_315,50,256,1.409,3041.763671875,3068.541015625,2825.494873046875,0.5933725085374435,0.7
2026-09-04 13:00:10,multi_repeat_random_states.py,"(1021, 9)",904,sequential_316,Dense 64 -> 16 -> 32 -> 64 -> 64 -> 32 -> 1,mse,adam_316,50,256,2.2975,39610.3046875,4445.88720703125,5173.29931640625,0.28522051690548444,0.7
2026-09-04 13:00:11,multi_repeat_random_states.py,"(1021, 9)",904,sequential_316,Dense 64 -> 16 -> 32 -> 64 -> 64 -> 32 -> 1,mse,adam_316,50,256,1.458,4235.7197265625,3066.401123046875,3367.189453125,0.53476537994119,0.7
2026-09-04 13:00:11,multi_repeat_random_states.py,"(1021, 9)",988,sequential_316,Dense 64 -> 16 -> 32 -> 64 -> 64 -> 32 -> 1,mse,adam_316,50,256,2.2865,61424.90234375,4485.53466796875,4611.34375,0.3409203844580775,0.7
2026-09-04 13:00:13,multi_repeat_random_states.py,"(1021, 9)",904,sequential_316,Dense 64 -> 16 -> 32 -> 64 -> 64 -> 32 -> 1,mse,adam_316,50,256,1.4237,3094.056396484375,2859.560791015625,3230.427490234375,0.5536613812465593,0.7
2026-09-04 13:00:13,multi_repeat_random_states.py,"(1021, 9)",988,sequential_316,Dense 64 -> 16 -> 32 -> 64 -> 64 -> 32 -> 1,mse,adam_316,50,256,1.4653,4379.330078125,2875.562255859375,3442.46240234375,0.5079835846560743,0.7
2026-09-04 13:00:13,multi_repeat_random_states.py,"(1021, 9)",821,sequential_317,Dense 64 -> 16 -> 32 -> 64 -> 64 -> 32 -> 1,mse,adam_317,50,256,5.2351,24430.6953125,3387.556884765625,4137.04736328125,0.4485653693417574,0.7
2026-09-04 13:00:15,multi_repeat_random_states.py,"(1021, 9)",988,sequential_316,Dense 64 -> 16 -> 32 -> 64 -> 64 -> 32 -> 1,mse,adam_316,50,256,1.4563,3120.431884765625,2922.14599609375,3064.12841796875,0.5620572480430269,0.7
2026-09-04 13:00:15,multi_repeat_random_states.py,"(1021, 9)",821,sequential_317,Dense 64 -> 16 -> 32 -> 64 -> 64 -> 32 -> 1,mse,adam_317,50,256,1.5307,3337.174072265625,2755.11328125,3314.59228515625,0.5581918784828459,0.7
2026-09-04 13:00:17,multi_repeat_random_states.py,"(1021, 9)",821,sequential_317,Dense 64 -> 16 -> 32 -> 64 -> 64 -> 32 -> 1,mse,adam_317,50,256,1.66,2855.060791015625,2894.206787109375,3549.09619140625,0.5269344301575758,0.7
2026-09-04 13:00:18,multi_repeat_random_states.py,"(1021, 9)",905,sequential_317,Dense 64 -> 16 -> 32 -> 64 -> 64 -> 32 -> 1,mse,adam_317,50,256,5.3189,22816.234375,3934.629150390625,5089.5205078125,0.30065783727238193,0.7
2026-09-04 13:00:19,multi_repeat_random_states.py,"(1021, 9)",822,sequential_318,Dense 64 -> 16 -> 32 -> 64 -> 64 -> 32 -> 1,mse,adam_318,50,256,2.2925,16890.92578125,2811.82421875,3261.531982421875,0.5655585291392079,0.7
2026-09-04 13:00:20,multi_repeat_random_states.py,"(1021, 9)",905,sequential_317,Dense 64 -> 16 -> 32 -> 64 -> 64 -> 32 -> 1,mse,adam_317,50,256,1.4341,3877.0966796875,2882.272216796875,3416.32470703125,0.5305687545488061,0.7
2026-09-04 13:00:20,multi_repeat_random_states.py,"(1021, 9)",989,sequential_317,Dense 64 -> 16 -> 32 -> 64 -> 64 -> 32 -> 1,mse,adam_317,50,256,5.2626,28622.322265625,4006.2880859375,3300.31689453125,0.46596637544858854,0.7
2026-09-04 13:00:21,multi_repeat_random_states.py,"(1021, 9)",822,sequential_318,Dense 64 -> 16 -> 32 -> 64 -> 64 -> 32 -> 1,mse,adam_318,50,256,1.4913,2830.81787109375,2789.900146484375,3188.529052734375,0.5752826400823977,0.7
2026-09-04 13:00:22,multi_repeat_random_states.py,"(1021, 9)",905,sequential_317,Dense 64 -> 16 -> 32 -> 64 -> 64 -> 32 -> 1,mse,adam_317,50,256,1.4631,2972.882568359375,3025.162841796875,3211.986572265625,0.5586465118028293,0.7
2026-09-04 13:00:22,multi_repeat_random_states.py,"(1021, 9)",989,sequential_317,Dense 64 -> 16 -> 32 -> 64 -> 64 -> 32 -> 1,mse,adam_317,50,256,1.447,3859.3369140625,3287.033203125,2519.29248046875,0.5923460877989548,0.7
2026-09-04 13:00:23,multi_repeat_random_states.py,"(1021, 9)",822,sequential_318,Dense 64 -> 16 -> 32 -> 64 -> 64 -> 32 -> 1,mse,adam_318,50,256,1.4425,2770.602783203125,2898.170654296875,3520.96044921875,0.5310022223403175,0.7
2026-09-04 13:00:23,multi_repeat_random_states.py,"(1021, 9)",989,sequential_317,Dense 64 -> 16 -> 32 -> 64 -> 64 -> 32 -> 1,mse,adam_317,50,256,1.4309,3331.95458984375,3086.459228515625,2535.4697265625,0.5897284401240437,0.7
2026-09-04 13:00:24,multi_repeat_random_states.py,"(1021, 9)",906,sequential_318,Dense 64 -> 16 -> 32 -> 64 -> 64 -> 32 -> 1,mse,adam_318,50,256,2.3011,34582.01171875,3985.107421875,4093.240234375,0.3755772575370756,0.7
2026-09-04 13:00:25,multi_repeat_random_states.py,"(1021, 9)",823,sequential_319,Dense 64 -> 16 -> 32 -> 64 -> 64 -> 32 -> 1,mse,adam_319,50,256,2.3005,37539.06640625,3253.3466796875,3561.474609375,0.504032843749527,0.7
2026-09-04 13:00:26,multi_repeat_random_states.py,"(1021, 9)",906,sequential_318,Dense 64 -> 16 -> 32 -> 64 -> 64 -> 32 -> 1,mse,adam_318,50,256,1.4893,3850.651611328125,3165.693359375,3657.26904296875,0.4420845588075706,0.7
2026-09-04 13:00:26,multi_repeat_random_states.py,"(1021, 9)",990,sequential_318,Dense 64 -> 16 -> 32 -> 64 -> 64 -> 32 -> 1,mse,adam_318,50,256,2.304,20649.587890625,3660.036376953125,3225.832763671875,0.49536492095638396,0.7
2026-09-04 13:00:27,multi_repeat_random_states.py,"(1021, 9)",823,sequential_319,Dense 64 -> 16 -> 32 -> 64 -> 64 -> 32 -> 1,mse,adam_319,50,256,1.4747,3242.547607421875,2877.343017578125,3087.3486328125,0.5700590059662658,0.7
2026-09-04 13:00:27,multi_repeat_random_states.py,"(1021, 9)",906,sequential_318,Dense 64 -> 16 -> 32 -> 64 -> 64 -> 32 -> 1,mse,adam_318,50,256,1.4446,3245.77734375,2968.897705078125,3816.74951171875,0.41775579119049977,0.7
2026-09-04 13:00:27,multi_repeat_random_states.py,"(1021, 9)",990,sequential_318,Dense 64 -> 16 -> 32 -> 64 -> 64 -> 32 -> 1,mse,adam_318,50,256,1.499,3760.82470703125,3151.09130859375,2661.031005859375,0.5837200302244391,0.7
2026-09-04 13:00:28,multi_repeat_random_states.py,"(1021, 9)",823,sequential_319,Dense 64 -> 16 -> 32 -> 64 -> 64 -> 32 -> 1,mse,adam_319,50,256,1.4311,3241.250732421875,2743.286865234375,3090.667724609375,0.5695968850656807,0.7
2026-09-04 13:00:29,multi_repeat_random_states.py,"(1021, 9)",990,sequential_318,Dense 64 -> 16 -> 32 -> 64 -> 64 -> 32 -> 1,mse,adam_318,50,256,1.4114,3406.741455078125,3060.82421875,2917.247802734375,0.5436385741101926,0.7
2026-09-04 13:00:30,multi_repeat_random_states.py,"(1021, 9)",907,sequential_319,Dense 64 -> 16 -> 32 -> 64 -> 64 -> 32 -> 1,mse,adam_319,50,256,2.3477,32843.62109375,3151.013671875,3933.672119140625,0.4062959691906247,0.7
2026-09-04 13:00:31,multi_repeat_random_states.py,"(1021, 9)",824,sequential_320,Dense 64 -> 16 -> 32 -> 64 -> 64 -> 32 -> 1,mse,adam_320,50,256,2.2765,85252.90625,4700.5322265625,4810.8388671875,0.3033958901717375,0.7
2026-09-04 13:00:31,multi_repeat_random_states.py,"(1021, 9)",907,sequential_319,Dense 64 -> 16 -> 32 -> 64 -> 64 -> 32 -> 1,mse,adam_319,50,256,1.4268,3606.1123046875,3003.688232421875,3185.785888671875,0.5191734557282757,0.7
2026-09-04 13:00:32,multi_repeat_random_states.py,"(1021, 9)",991,sequential_319,Dense 64 -> 16 -> 32 -> 64 -> 64 -> 32 -> 1,mse,adam_319,50,256,2.3583,18964.748046875,3025.314453125,3442.3642578125,0.5267914513051717,0.7
2026-09-04 13:00:32,multi_repeat_random_states.py,"(1021, 9)",824,sequential_320,Dense 64 -> 16 -> 32 -> 64 -> 64 -> 32 -> 1,mse,adam_320,50,256,1.4196,4624.46533203125,2873.255126953125,3127.750244140625,0.5471052758227286,0.7
2026-09-04 13:00:33,multi_repeat_random_states.py,"(1021, 9)",907,sequential_319,Dense 64 -> 16 -> 32 -> 64 -> 64 -> 32 -> 1,mse,adam_319,50,256,1.4646,2999.51220703125,2941.35595703125,3239.0205078125,0.5111387953756632,0.7
2026-09-04 13:00:33,multi_repeat_random_states.py,"(1021, 9)",991,sequential_319,Dense 64 -> 16 -> 32 -> 64 -> 64 -> 32 -> 1,mse,adam_319,50,256,1.4699,3105.14404296875,2823.749267578125,2979.160400390625,0.590466256852209,0.7
2026-09-04 13:00:34,multi_repeat_random_states.py,"(1021, 9)",824,sequential_320,Dense 64 -> 16 -> 32 -> 64 -> 64 -> 32 -> 1,mse,adam_320,50,256,1.4388,2890.058837890625,2760.6376953125,3411.49853515625,0.5060188633892226,0.7
2026-09-04 13:00:35,multi_repeat_random_states.py,"(1021, 9)",991,sequential_319,Dense 64 -> 16 -> 32 -> 64 -> 64 -> 32 -> 1,mse,adam_319,50,256,1.4627,2841.486083984375,2785.73095703125,2934.71337890625,0.5965762164449528,0.7
2026-09-04 13:00:35,multi_repeat_random_states.py,"(1021, 9)",908,sequential_320,Dense 64 -> 16 -> 32 -> 64 -> 64 -> 32 -> 1,mse,adam_320,50,256,2.2879,19721.037109375,3808.956298828125,3904.424072265625,0.44156709271858474,0.7
2026-09-04 13:00:36,multi_repeat_random_states.py,"(1021, 9)",825,sequential_321,Dense 64 -> 16 -> 32 -> 64 -> 64 -> 32 -> 1,mse,adam_321,50,256,2.2762,28953.9765625,3903.989990234375,3894.629638671875,0.4230686856434921,0.7
2026-09-04 13:00:37,multi_repeat_random_states.py,"(1021, 9)",908,sequential_320,Dense 64 -> 16 -> 32 -> 64 -> 64 -> 32 -> 1,mse,adam_320,50,256,1.4775,3663.784912109375,3274.67724609375,3741.417724609375,0.4648811393751564,0.7
2026-09-04 13:00:37,multi_repeat_random_states.py,"(1021, 9)",992,sequential_320,Dense 64 -> 16 -> 32 -> 64 -> 64 -> 32 -> 1,mse,adam_320,50,256,2.4215,35410.59375,4380.8681640625,4109.26318359375,0.3297941459418574,0.7
2026-09-04 13:00:38,multi_repeat_random_states.py,"(1021, 9)",825,sequential_321,Dense 64 -> 16 -> 32 -> 64 -> 64 -> 32 -> 1,mse,adam_321,50,256,1.4328,3834.393310546875,3120.454833984375,2846.01904296875,0.5784047273522069,0.7
2026-09-04 13:00:39,multi_repeat_random_states.py,"(1021, 9)",908,sequential_320,Dense 64 -> 16 -> 32 -> 64 -> 64 -> 32 -> 1,mse,adam_320,50,256,1.4186,3310.36669921875,2877.753662109375,2855.304443359375,0.5916181280180507,0.7
2026-09-04 13:00:39,multi_repeat_random_states.py,"(1021, 9)",992,sequential_320,Dense 64 -> 16 -> 32 -> 64 -> 64 -> 32 -> 1,mse,adam_320,50,256,1.5225,4203.18212890625,3187.63330078125,3267.459716796875,0.46708911278339427,0.7
2026-09-04 13:00:39,multi_repeat_random_states.py,"(1021, 9)",825,sequential_321,Dense 64 -> 16 -> 32 -> 64 -> 64 -> 32 -> 1,mse,adam_321,50,256,1.4192,3117.097900390625,2899.904052734375,2907.75341796875,0.5692597209038286,0.7
2026-09-04 13:00:41,multi_repeat_random_states.py,"(1021, 9)",992,sequential_320,Dense 64 -> 16 -> 32 -> 64 -> 64 -> 32 -> 1,mse,adam_320,50,256,1.431,3200.658203125,3119.02734375,3211.421630859375,0.47622880892570196,0.7
2026-09-04 13:00:41,multi_repeat_random_states.py,"(1021, 9)",909,sequential_321,Dense 64 -> 16 -> 32 -> 64 -> 64 -> 32 -> 1,mse,adam_321,50,256,2.2854,87046.734375,4908.673828125,4738.5283203125,0.30511552812362763,0.7
2026-09-04 13:00:42,multi_repeat_random_states.py,"(1021, 9)",826,sequential_322,Dense 64 -> 16 -> 32 -> 64 -> 64 -> 32 -> 1,mse,adam_322,50,256,2.3128,44250.125,3585.031005859375,3985.814697265625,0.423534371068655,0.7
2026-09-04 13:00:43,multi_repeat_random_states.py,"(1021, 9)",909,sequential_321,Dense 64 -> 16 -> 32 -> 64 -> 64 -> 32 -> 1,mse,adam_321,50,256,1.4283,4818.57373046875,2856.384765625,2957.468994140625,0.5663000925069314,0.7
2026-09-04 13:00:43,multi_repeat_random_states.py,"(1021, 9)",993,sequential_321,Dense 64 -> 16 -> 32 -> 64 -> 64 -> 32 -> 1,mse,adam_321,50,256,2.2897,30412.14453125,4210.7509765625,3946.216796875,0.3707985179059683,0.7
2026-09-04 13:00:44,multi_repeat_random_states.py,"(1021, 9)",826,sequential_322,Dense 64 -> 16 -> 32 -> 64 -> 64 -> 32 -> 1,mse,adam_322,50,256,1.4842,3590.605712890625,2741.376220703125,3171.091796875,0.541367118219076,0.7
2026-09-04 13:00:44,multi_repeat_random_states.py,"(1021, 9)",909,sequential_321,Dense 64 -> 16 -> 32 -> 64 -> 64 -> 32 -> 1,mse,adam_321,50,256,1.4783,2872.94384765625,2861.15673828125,2899.037841796875,0.5748687316408555,0.7
2026-09-04 13:00:45,multi_repeat_random_states.py,"(1021, 9)",993,sequential_321,Dense 64 -> 16 -> 32 -> 64 -> 64 -> 32 -> 1,mse,adam_321,50,256,1.4312,4100.38037109375,4143.0341796875,2921.577880859375,0.5341712552264702,0.7
2026-09-04 13:00:45,multi_repeat_random_states.py,"(1021, 9)",826,sequential_322,Dense 64 -> 16 -> 32 -> 64 -> 64 -> 32 -> 1,mse,adam_322,50,256,1.4662,2769.2392578125,2807.642822265625,3585.019287109375,0.4815010999437529,0.7
2026-09-04 13:00:46,multi_repeat_random_states.py,"(1021, 9)",993,sequential_321,Dense 64 -> 16 -> 32 -> 64 -> 64 -> 32 -> 1,mse,adam_321,50,256,1.4595,3408.862060546875,2996.075439453125,2548.971923828125,0.5935811207608844,0.7
2026-09-04 13:00:47,multi_repeat_random_states.py,"(1021, 9)",910,sequential_322,Dense 64 -> 16 -> 32 -> 64 -> 64 -> 32 -> 1,mse,adam_322,50,256,2.2812,30084.650390625,3961.03125,3952.1796875,0.37722882835237015,0.7
2026-09-04 13:00:48,multi_repeat_random_states.py,"(1021, 9)",827,sequential_323,Dense 64 -> 16 -> 32 -> 64 -> 64 -> 32 -> 1,mse,adam_323,50,256,2.3329,31022.919921875,3233.072509765625,2930.68359375,0.5801112470600611,0.7
2026-09-04 13:00:48,multi_repeat_random_states.py,"(1021, 9)",910,sequential_322,Dense 64 -> 16 -> 32 -> 64 -> 64 -> 32 -> 1,mse,adam_322,50,256,1.4792,3859.407958984375,2859.68701171875,3151.034912109375,0.5034705760596119,0.7
2026-09-04 13:00:49,multi_repeat_random_states.py,"(1021, 9)",994,sequential_322,Dense 64 -> 16 -> 32 -> 64 -> 64 -> 32 -> 1,mse,adam_322,50,256,2.3485,20137.716796875,3742.3681640625,3121.47119140625,0.536594421925342,0.7
2026-09-04 13:00:49,multi_repeat_random_states.py,"(1021, 9)",827,sequential_323,Dense 64 -> 16 -> 32 -> 64 -> 64 -> 32 -> 1,mse,adam_323,50,256,1.4434,3212.43212890625,2925.578125,2641.1201171875,0.6215979706730699,0.7
2026-09-04 13:00:50,multi_repeat_random_states.py,"(1021, 9)",910,sequential_322,Dense 64 -> 16 -> 32 -> 64 -> 64 -> 32 -> 1,mse,adam_322,50,256,1.4174,2950.53125,2761.778076171875,3061.838134765625,0.5175258850872794,0.7
2026-09-04 13:00:50,multi_repeat_random_states.py,"(1021, 9)",994,sequential_322,Dense 64 -> 16 -> 32 -> 64 -> 64 -> 32 -> 1,mse,adam_322,50,256,1.4163,3357.151123046875,3012.392333984375,2863.075439453125,0.57495525411091,0.7
2026-09-04 13:00:51,multi_repeat_random_states.py,"(1021, 9)",827,sequential_323,Dense 64 -> 16 -> 32 -> 64 -> 64 -> 32 -> 1,mse,adam_323,50,256,1.5145,2930.8662109375,2931.802734375,2597.10693359375,0.6279038629989783,0.7
2026-09-04 13:00:52,multi_repeat_random_states.py,"(1021, 9)",994,sequential_322,Dense 64 -> 16 -> 32 -> 64 -> 64 -> 32 -> 1,mse,adam_322,50,256,1.4227,2885.038818359375,2937.94921875,2862.42529296875,0.5750517488235543,0.7
2026-09-04 13:00:53,multi_repeat_random_states.py,"(1021, 9)",911,sequential_323,Dense 64 -> 16 -> 32 -> 64 -> 64 -> 32 -> 1,mse,adam_323,50,256,2.341,47699.14453125,5707.01318359375,5273.43603515625,0.17272781515833735,0.7
2026-09-04 13:00:54,multi_repeat_random_states.py,"(1021, 9)",828,sequential_324,Dense 64 -> 16 -> 32 -> 64 -> 64 -> 32 -> 1,mse,adam_324,50,256,2.3338,90003.0,4495.43359375,5633.15185546875,0.29755401360104905,0.7
2026-09-04 13:00:54,multi_repeat_random_states.py,"(1021, 9)",911,sequential_323,Dense 64 -> 16 -> 32 -> 64 -> 64 -> 32 -> 1,mse,adam_323,50,256,1.4459,5638.4853515625,3175.95263671875,3634.367919921875,0.42985722909253943,0.7
2026-09-04 13:00:54,multi_repeat_random_states.py,"(1021, 9)",995,sequential_323,Dense 64 -> 16 -> 32 -> 64 -> 64 -> 32 -> 1,mse,adam_323,50,256,2.3616,28630.14453125,4526.10302734375,4906.92626953125,0.3145367325106475,0.7
2026-09-04 13:00:55,multi_repeat_random_states.py,"(1021, 9)",828,sequential_324,Dense 64 -> 16 -> 32 -> 64 -> 64 -> 32 -> 1,mse,adam_324,50,256,1.4656,4378.6943359375,3029.22314453125,3492.0986328125,0.5645402364364158,0.7
2026-09-04 13:00:56,multi_repeat_random_states.py,"(1021, 9)",911,sequential_323,Dense 64 -> 16 -> 32 -> 64 -> 64 -> 32 -> 1,mse,adam_323,50,256,1.4488,3224.491943359375,2872.514404296875,2835.92724609375,0.5551129017787721,0.7
2026-09-04 13:00:56,multi_repeat_random_states.py,"(1021, 9)",995,sequential_323,Dense 64 -> 16 -> 32 -> 64 -> 64 -> 32 -> 1,mse,adam_323,50,256,1.5224,4135.73583984375,3421.559326171875,3002.190185546875,0.5806151078395996,0.7
2026-09-04 13:00:57,multi_repeat_random_states.py,"(1021, 9)",828,sequential_324,Dense 64 -> 16 -> 32 -> 64 -> 64 -> 32 -> 1,mse,adam_324,50,256,1.4869,3126.78564453125,2824.766357421875,3629.228271484375,0.5474403878973104,0.7
2026-09-04 13:00:58,multi_repeat_random_states.py,"(1021, 9)",995,sequential_323,Dense 64 -> 16 -> 32 -> 64 -> 64 -> 32 -> 1,mse,adam_323,50,256,1.4548,3279.14013671875,2875.1376953125,2962.596923828125,0.5861459400389492,0.7
2026-09-04 13:00:58,multi_repeat_random_states.py,"(1021, 9)",912,sequential_324,Dense 64 -> 16 -> 32 -> 64 -> 64 -> 32 -> 1,mse,adam_324,50,256,2.321,55504.9921875,4563.74462890625,4593.03271484375,0.3451131945080178,0.7
2026-09-04 13:00:59,multi_repeat_random_states.py,"(1021, 9)",829,sequential_325,Dense 64 -> 16 -> 32 -> 64 -> 64 -> 32 -> 1,mse,adam_325,50,256,2.2808,99648.75,5633.240234375,5504.015625,0.1611912601504042,0.7
2026-09-04 13:01:00,multi_repeat_random_states.py,"(1021, 9)",912,sequential_324,Dense 64 -> 16 -> 32 -> 64 -> 64 -> 32 -> 1,mse,adam_324,50,256,1.4554,4431.57958984375,3038.9892578125,3261.847412109375,0.5349171396097897,0.7
2026-09-04 13:01:00,multi_repeat_random_states.py,"(1021, 9)",996,sequential_324,Dense 64 -> 16 -> 32 -> 64 -> 64 -> 32 -> 1,mse,adam_324,50,256,2.3182,26013.4140625,3319.804443359375,3354.432861328125,0.5261089843050286,0.7
2026-09-04 13:01:01,multi_repeat_random_states.py,"(1021, 9)",829,sequential_325,Dense 64 -> 16 -> 32 -> 64 -> 64 -> 32 -> 1,mse,adam_325,50,256,1.5204,5591.22314453125,3438.367919921875,3525.656005859375,0.46269203685813964,0.7
2026-09-04 13:01:01,multi_repeat_random_states.py,"(1021, 9)",912,sequential_324,Dense 64 -> 16 -> 32 -> 64 -> 64 -> 32 -> 1,mse,adam_324,50,256,1.416,3152.995361328125,3054.041259765625,3180.376708984375,0.5465334144324387,0.7
2026-09-04 13:01:02,multi_repeat_random_states.py,"(1021, 9)",996,sequential_324,Dense 64 -> 16 -> 32 -> 64 -> 64 -> 32 -> 1,mse,adam_324,50,256,1.434,3301.576416015625,3018.132080078125,3128.046142578125,0.5580912533861294,0.7
2026-09-04 13:01:03,multi_repeat_random_states.py,"(1021, 9)",829,sequential_325,Dense 64 -> 16 -> 32 -> 64 -> 64 -> 32 -> 1,mse,adam_325,50,256,1.4172,3594.533203125,2913.98779296875,2827.124755859375,0.5691478253328759,0.7
2026-09-04 13:01:03,multi_repeat_random_states.py,"(1021, 9)",996,sequential_324,Dense 64 -> 16 -> 32 -> 64 -> 64 -> 32 -> 1,mse,adam_324,50,256,1.469,3000.5859375,2770.28076171875,2963.980224609375,0.5812694177099793,0.7
2026-09-04 13:01:04,multi_repeat_random_states.py,"(1021, 9)",913,sequential_325,Dense 64 -> 16 -> 32 -> 64 -> 64 -> 32 -> 1,mse,adam_325,50,256,2.3202,19484.3125,3058.511962890625,3406.86474609375,0.5286977154494693,0.7
2026-09-04 13:01:05,multi_repeat_random_states.py,"(1021, 9)",830,sequential_326,Dense 64 -> 16 -> 32 -> 64 -> 64 -> 32 -> 1,mse,adam_326,50,256,2.2665,27848.287109375,3514.20849609375,3567.546142578125,0.5032466032699476,0.7
2026-09-04 13:01:05,multi_repeat_random_states.py,"(1021, 9)",913,sequential_325,Dense 64 -> 16 -> 32 -> 64 -> 64 -> 32 -> 1,mse,adam_325,50,256,1.4429,2900.861328125,2753.84912109375,3377.16455078125,0.5328063624173958,0.7
2026-09-04 13:01:06,multi_repeat_random_states.py,"(1021, 9)",997,sequential_325,Dense 64 -> 16 -> 32 -> 64 -> 64 -> 32 -> 1,mse,adam_325,50,256,2.3199,103802.03125,5595.69287109375,5900.07861328125,0.16716766006832817,0.7
2026-09-04 13:01:07,multi_repeat_random_states.py,"(1021, 9)",830,sequential_326,Dense 64 -> 16 -> 32 -> 64 -> 64 -> 32 -> 1,mse,adam_326,50,256,1.4686,3320.429931640625,2844.951416015625,3116.97314453125,0.5659854083670932,0.7
2026-09-04 13:01:07,multi_repeat_random_states.py,"(1021, 9)",913,sequential_325,Dense 64 -> 16 -> 32 -> 64 -> 64 -> 32 -> 1,mse,adam_325,50,256,1.4529,2812.76904296875,2851.25390625,3077.071533203125,0.5743209934608902,0.7
2026-09-04 13:01:07,multi_repeat_random_states.py,"(1021, 9)",997,sequential_325,Dense 64 -> 16 -> 32 -> 64 -> 64 -> 32 -> 1,mse,adam_325,50,256,1.4349,5557.15576171875,2961.19189453125,3056.99365234375,0.568486541404833,0.7
2026-09-04 13:01:08,multi_repeat_random_states.py,"(1021, 9)",830,sequential_326,Dense 64 -> 16 -> 32 -> 64 -> 64 -> 32 -> 1,mse,adam_326,50,256,1.4578,2921.41064453125,2742.405517578125,3138.1767578125,0.5630330231637808,0.7
2026-09-04 13:01:09,multi_repeat_random_states.py,"(1021, 9)",997,sequential_325,Dense 64 -> 16 -> 32 -> 64 -> 64 -> 32 -> 1,mse,adam_325,50,256,1.4456,2970.0712890625,2873.2470703125,2930.025390625,0.586408941255496,0.7
2026-09-04 13:01:10,multi_repeat_random_states.py,"(1021, 9)",914,sequential_326,Dense 64 -> 16 -> 32 -> 64 -> 64 -> 32 -> 1,mse,adam_326,50,256,2.2613,30816.06640625,5659.82763671875,5300.310546875,0.14706185914811254,0.7
2026-09-04 13:01:11,multi_repeat_random_states.py,"(1021, 9)",831,sequential_327,Dense 64 -> 16 -> 32 -> 64 -> 64 -> 32 -> 1,mse,adam_327,50,256,2.2933,31801.791015625,4239.7646484375,4153.54150390625,0.3806538122139749,0.7
2026-09-04 13:01:11,multi_repeat_random_states.py,"(1021, 9)",914,sequential_326,Dense 64 -> 16 -> 32 -> 64 -> 64 -> 32 -> 1,mse,adam_326,50,256,1.4383,5619.07373046875,3291.287841796875,2699.362060546875,0.5656124535443303,0.7
2026-09-04 13:01:12,multi_repeat_random_states.py,"(1021, 9)",998,sequential_326,Dense 64 -> 16 -> 32 -> 64 -> 64 -> 32 -> 1,mse,adam_326,50,256,2.3234,30449.056640625,3526.177734375,3279.832763671875,0.487763392037171,0.7
2026-09-04 13:01:12,multi_repeat_random_states.py,"(1021, 9)",831,sequential_327,Dense 64 -> 16 -> 32 -> 64 -> 64 -> 32 -> 1,mse,adam_327,50,256,1.469,4150.2421875,2865.5283203125,2803.114990234375,0.5820196953727583,0.7
2026-09-04 13:01:13,multi_repeat_random_states.py,"(1021, 9)",914,sequential_326,Dense 64 -> 16 -> 32 -> 64 -> 64 -> 32 -> 1,mse,adam_326,50,256,1.4778,3128.475830078125,3290.440185546875,2747.551025390625,0.557857768678844,0.7
2026-09-04 13:01:13,multi_repeat_random_states.py,"(1021, 9)",998,sequential_326,Dense 64 -> 16 -> 32 -> 64 -> 64 -> 32 -> 1,mse,adam_326,50,256,1.483,3574.98095703125,2933.14404296875,2978.231201171875,0.5348668036816292,0.7
2026-09-04 13:01:14,multi_repeat_random_states.py,"(1021, 9)",831,sequential_327,Dense 64 -> 16 -> 32 -> 64 -> 64 -> 32 -> 1,mse,adam_327,50,256,1.4753,2870.025390625,2920.341796875,2743.046875,0.5909766271949419,0.7
2026-09-04 13:01:15,multi_repeat_random_states.py,"(1021, 9)",998,sequential_326,Dense 64 -> 16 -> 32 -> 64 -> 64 -> 32 -> 1,mse,adam_326,50,256,1.4035,3167.041015625,3200.439453125,3565.985107421875,0.44307277692361535,0.7
2026-09-04 13:01:15,multi_repeat_random_states.py,"(1021, 9)",915,sequential_327,Dense 64 -> 16 -> 32 -> 64 -> 64 -> 32 -> 1,mse,adam_327,50,256,2.3047,66035.4140625,5348.36865234375,5186.904296875,0.1950215528151431,0.7
2026-09-04 13:01:17,multi_repeat_random_states.py,"(1021, 9)",832,sequential_328,Dense 64 -> 16 -> 32 -> 64 -> 64 -> 32 -> 1,mse,adam_328,50,256,2.2771,27865.291015625,3652.966796875,3881.292236328125,0.4180525195040057,0.7
2026-09-04 13:01:17,multi_repeat_random_states.py,"(1021, 9)",915,sequential_327,Dense 64 -> 16 -> 32 -> 64 -> 64 -> 32 -> 1,mse,adam_327,50,256,1.4666,5177.9453125,3165.091552734375,3465.00732421875,0.4622501979403202,0.7
2026-09-04 13:01:17,multi_repeat_random_states.py,"(1021, 9)",999,sequential_327,Dense 64 -> 16 -> 32 -> 64 -> 64 -> 32 -> 1,mse,adam_327,50,256,2.2871,29714.7734375,3545.739990234375,3834.667236328125,0.49348115178175334,0.7
2026-09-04 13:01:18,multi_repeat_random_states.py,"(1021, 9)",832,sequential_328,Dense 64 -> 16 -> 32 -> 64 -> 64 -> 32 -> 1,mse,adam_328,50,256,1.4398,3519.082275390625,2844.3369140625,3125.57763671875,0.531361786244342,0.7
2026-09-04 13:01:18,multi_repeat_random_states.py,"(1021, 9)",915,sequential_327,Dense 64 -> 16 -> 32 -> 64 -> 64 -> 32 -> 1,mse,adam_327,50,256,1.5147,2994.470947265625,2809.600830078125,3106.714599609375,0.517855276200041,0.7
2026-09-04 13:01:19,multi_repeat_random_states.py,"(1021, 9)",999,sequential_327,Dense 64 -> 16 -> 32 -> 64 -> 64 -> 32 -> 1,mse,adam_327,50,256,1.4616,3346.3642578125,3011.055419921875,3173.988525390625,0.5807497989381423,0.7
2026-09-04 13:01:20,multi_repeat_random_states.py,"(1021, 9)",832,sequential_328,Dense 64 -> 16 -> 32 -> 64 -> 64 -> 32 -> 1,mse,adam_328,50,256,1.4942,2800.582763671875,2725.79052734375,3108.98876953125,0.533849055451525,0.7
2026-09-04 13:01:20,multi_repeat_random_states.py,"(1021, 9)",999,sequential_327,Dense 64 -> 16 -> 32 -> 64 -> 64 -> 32 -> 1,mse,adam_327,50,256,1.4534,3382.200439453125,3107.555419921875,3285.40576171875,0.5660327596188633,0.7
2026-09-04 13:01:21,multi_repeat_random_states.py,"(1021, 9)",916,sequential_328,Dense 64 -> 16 -> 32 -> 64 -> 64 -> 32 -> 1,mse,adam_328,50,256,2.2627,85145.9296875,5755.0869140625,4979.77294921875,0.17401091858790307,0.7
2026-09-04 13:01:22,multi_repeat_random_states.py,"(1021, 9)",833,sequential_329,Dense 64 -> 16 -> 32 -> 64 -> 64 -> 32 -> 1,mse,adam_329,50,256,2.3121,37319.99609375,3760.644287109375,4446.5771484375,0.3939779813653699,0.7
2026-09-04 13:01:22,multi_repeat_random_states.py,"(1021, 9)",916,sequential_328,Dense 64 -> 16 -> 32 -> 64 -> 64 -> 32 -> 1,mse,adam_328,50,256,1.4546,5679.30078125,3298.599365234375,2690.216796875,0.5537768245229697,0.7
2026-09-04 13:01:24,multi_repeat_random_states.py,"(1021, 9)",833,sequential_329,Dense 64 -> 16 -> 32 -> 64 -> 64 -> 32 -> 1,mse,adam_329,50,256,1.4032,3689.31298828125,2978.1376953125,3280.283935546875,0.5529314662038249,0.7
2026-09-04 13:01:24,multi_repeat_random_states.py,"(1021, 9)",916,sequential_328,Dense 64 -> 16 -> 32 -> 64 -> 64 -> 32 -> 1,mse,adam_328,50,256,1.4275,3355.6953125,3076.419677734375,2537.769287109375,0.5790631756389802,0.7
2026-09-04 13:01:25,multi_repeat_random_states.py,"(1021, 9)",833,sequential_329,Dense 64 -> 16 -> 32 -> 64 -> 64 -> 32 -> 1,mse,adam_329,50,256,1.3773,2992.70947265625,3013.798828125,3035.15478515625,0.5863401248531068,0.7
2026-09-04 13:01:26,multi_repeat_random_states.py,"(1021, 9)",917,sequential_329,Dense 64 -> 16 -> 32 -> 64 -> 64 -> 32 -> 1,mse,adam_329,50,256,2.1918,54963.7578125,6296.95849609375,5358.53515625,0.1794599247924764,0.7
2026-09-04 13:01:28,multi_repeat_random_states.py,"(1021, 9)",834,sequential_330,Dense 64 -> 16 -> 32 -> 64 -> 64 -> 32 -> 1,mse,adam_330,50,256,2.2412,17249.40625,3214.3828125,2629.23681640625,0.6003351224166338,0.7
2026-09-04 13:01:28,multi_repeat_random_states.py,"(1021, 9)",917,sequential_329,Dense 64 -> 16 -> 32 -> 64 -> 64 -> 32 -> 1,mse,adam_329,50,256,1.4956,6212.49853515625,3564.658203125,2959.5302734375,0.5468140162379056,0.7
2026-09-04 13:01:29,multi_repeat_random_states.py,"(1021, 9)",834,sequential_330,Dense 64 -> 16 -> 32 -> 64 -> 64 -> 32 -> 1,mse,adam_330,50,256,1.5335,3080.455810546875,3447.593017578125,2693.69189453125,0.5905374868464814,0.7
2026-09-04 13:01:30,multi_repeat_random_states.py,"(1021, 9)",917,sequential_329,Dense 64 -> 16 -> 32 -> 64 -> 64 -> 32 -> 1,mse,adam_329,50,256,1.4991,3273.85546875,3262.641357421875,3007.275390625,0.5395028766432135,0.7
2026-09-04 13:01:31,multi_repeat_random_states.py,"(1021, 9)",834,sequential_330,Dense 64 -> 16 -> 32 -> 64 -> 64 -> 32 -> 1,mse,adam_330,50,256,1.4276,3206.605712890625,3423.661865234375,2611.3076171875,0.6030605020057231,0.7
2026-09-04 13:01:32,multi_repeat_random_states.py,"(1021, 9)",918,sequential_330,Dense 64 -> 16 -> 32 -> 64 -> 64 -> 32 -> 1,mse,adam_330,50,256,2.2485,134957.71875,5382.134765625,5244.86865234375,0.21881612457563526,0.7
2026-09-04 13:01:34,multi_repeat_random_states.py,"(1021, 9)",835,sequential_331,Dense 64 -> 16 -> 32 -> 64 -> 64 -> 32 -> 1,mse,adam_331,50,256,2.2863,15138.8427734375,3576.035888671875,3114.783203125,0.5420455328253668,0.7
2026-09-04 13:01:34,multi_repeat_random_states.py,"(1021, 9)",918,sequential_330,Dense 64 -> 16 -> 32 -> 64 -> 64 -> 32 -> 1,mse,adam_330,50,256,1.405,5341.03564453125,3027.934326171875,2884.1240234375,0.5704313186711039,0.7
2026-09-04 13:01:35,multi_repeat_random_states.py,"(1021, 9)",835,sequential_331,Dense 64 -> 16 -> 32 -> 64 -> 64 -> 32 -> 1,mse,adam_331,50,256,1.4649,3327.015625,2912.750244140625,2687.61181640625,0.6048507925601019,0.7
2026-09-04 13:01:35,multi_repeat_random_states.py,"(1021, 9)",918,sequential_330,Dense 64 -> 16 -> 32 -> 64 -> 64 -> 32 -> 1,mse,adam_330,50,256,1.3659,2990.373779296875,3047.2568359375,2761.2158203125,0.5887376217793636,0.7
2026-09-04 13:01:37,multi_repeat_random_states.py,"(1021, 9)",835,sequential_331,Dense 64 -> 16 -> 32 -> 64 -> 64 -> 32 -> 1,mse,adam_331,50,256,1.3592,2888.013916015625,3052.580810546875,2693.981689453125,0.6039142836351875,0.7
2026-09-04 13:01:38,multi_repeat_random_states.py,"(1021, 9)",919,sequential_331,Dense 64 -> 16 -> 32 -> 64 -> 64 -> 32 -> 1,mse,adam_331,50,256,2.1977,23874.05078125,3308.42529296875,3570.44970703125,0.48576504574919066,0.7
2026-09-04 13:01:39,multi_repeat_random_states.py,"(1021, 9)",836,sequential_332,Dense 64 -> 16 -> 32 -> 64 -> 64 -> 32 -> 1,mse,adam_332,50,256,2.2011,35388.53125,3447.0595703125,3557.036865234375,0.47216659762000224,0.7
2026-09-04 13:01:39,multi_repeat_random_states.py,"(1021, 9)",919,sequential_331,Dense 64 -> 16 -> 32 -> 64 -> 64 -> 32 -> 1,mse,adam_331,50,256,1.3845,3414.115478515625,2855.92041015625,2881.3056640625,0.5850191323083818,0.7
2026-09-04 13:01:41,multi_repeat_random_states.py,"(1021, 9)",836,sequential_332,Dense 64 -> 16 -> 32 -> 64 -> 64 -> 32 -> 1,mse,adam_332,50,256,1.4191,3428.385009765625,2866.7880859375,3192.750244140625,0.5262235395115733,0.7
2026-09-04 13:01:41,multi_repeat_random_states.py,"(1021, 9)",919,sequential_331,Dense 64 -> 16 -> 32 -> 64 -> 64 -> 32 -> 1,mse,adam_331,50,256,1.3837,2882.614501953125,3225.956787109375,2917.221923828125,0.5798462590446831,0.7
2026-09-04 13:01:42,multi_repeat_random_states.py,"(1021, 9)",836,sequential_332,Dense 64 -> 16 -> 32 -> 64 -> 64 -> 32 -> 1,mse,adam_332,50,256,1.4136,2889.868896484375,2812.37353515625,2872.11279296875,0.5738033771553359,0.7
2026-09-04 13:01:43,multi_repeat_random_states.py,"(1021, 9)",920,sequential_332,Dense 64 -> 16 -> 32 -> 64 -> 64 -> 32 -> 1,mse,adam_332,50,256,2.2533,82829.6484375,4442.671875,5016.498046875,0.3150584720485118,0.7
2026-09-04 13:01:45,multi_repeat_random_states.py,"(1021, 9)",837,sequential_333,Dense 64 -> 16 -> 32 -> 64 -> 64 -> 32 -> 1,mse,adam_333,50,256,2.232,54588.8671875,3295.587158203125,3366.20068359375,0.47780268006386273,0.7
2026-09-04 13:01:45,multi_repeat_random_states.py,"(1021, 9)",920,sequential_332,Dense 64 -> 16 -> 32 -> 64 -> 64 -> 32 -> 1,mse,adam_332,50,256,1.4216,4300.06982421875,2860.458984375,3617.893798828125,0.5060208523824137,0.7
2026-09-04 13:01:46,multi_repeat_random_states.py,"(1021, 9)",837,sequential_333,Dense 64 -> 16 -> 32 -> 64 -> 64 -> 32 -> 1,mse,adam_333,50,256,1.3688,3238.712890625,2934.677490234375,2919.164306640625,0.5471512915997309,0.7
2026-09-04 13:01:46,multi_repeat_random_states.py,"(1021, 9)",920,sequential_332,Dense 64 -> 16 -> 32 -> 64 -> 64 -> 32 -> 1,mse,adam_332,50,256,1.4134,3031.890380859375,2797.238525390625,3176.791748046875,0.5662479325159915,0.7
2026-09-04 13:01:47,multi_repeat_random_states.py,"(1021, 9)",837,sequential_333,Dense 64 -> 16 -> 32 -> 64 -> 64 -> 32 -> 1,mse,adam_333,50,256,1.3631,2944.727783203125,3096.565185546875,2936.678466796875,0.5444342849342932,0.7
2026-09-04 13:01:49,multi_repeat_random_states.py,"(1021, 9)",921,sequential_333,Dense 64 -> 16 -> 32 -> 64 -> 64 -> 32 -> 1,mse,adam_333,50,256,2.2056,32658.015625,4516.50537109375,3522.1220703125,0.39845401438530315,0.7
2026-09-04 13:01:50,multi_repeat_random_states.py,"(1021, 9)",838,sequential_334,Dense 64 -> 16 -> 32 -> 64 -> 64 -> 32 -> 1,mse,adam_334,50,256,2.1878,36716.25,4725.31787109375,4110.98291015625,0.32525022490265043,0.7
2026-09-04 13:01:50,multi_repeat_random_states.py,"(1021, 9)",921,sequential_333,Dense 64 -> 16 -> 32 -> 64 -> 64 -> 32 -> 1,mse,adam_333,50,256,1.3837,4369.6728515625,2987.543212890625,2509.76708984375,0.5713549477559736,0.7
2026-09-04 13:01:51,multi_repeat_random_states.py,"(1021, 9)",838,sequential_334,Dense 64 -> 16 -> 32 -> 64 -> 64 -> 32 -> 1,mse,adam_334,50,256,1.4231,4671.212890625,3060.550048828125,2955.609130859375,0.5148856908723036,0.7
2026-09-04 13:01:52,multi_repeat_random_states.py,"(1021, 9)",921,sequential_333,Dense 64 -> 16 -> 32 -> 64 -> 64 -> 32 -> 1,mse,adam_333,50,256,1.3826,3049.27685546875,2969.5595703125,2627.665283203125,0.5512190143928475,0.7
2026-09-04 13:01:53,multi_repeat_random_states.py,"(1021, 9)",838,sequential_334,Dense 64 -> 16 -> 32 -> 64 -> 64 -> 32 -> 1,mse,adam_334,50,256,1.4403,3040.7490234375,2861.79248046875,2862.461181640625,0.5301744003710818,0.7
2026-09-04 13:01:54,multi_repeat_random_states.py,"(1021, 9)",922,sequential_334,Dense 64 -> 16 -> 32 -> 64 -> 64 -> 32 -> 1,mse,adam_334,50,256,2.2866,31082.033203125,3946.798828125,3816.36669921875,0.4056909199280967,0.7
2026-09-04 13:01:55,multi_repeat_random_states.py,"(1021, 9)",839,sequential_335,Dense 64 -> 16 -> 32 -> 64 -> 64 -> 32 -> 1,mse,adam_335,50,256,2.1689,23278.939453125,4753.3388671875,3849.785400390625,0.37777915041643295,0.7
2026-09-04 13:01:56,multi_repeat_random_states.py,"(1021, 9)",922,sequential_334,Dense 64 -> 16 -> 32 -> 64 -> 64 -> 32 -> 1,mse,adam_334,50,256,1.3765,3835.400390625,3016.539794921875,2606.511474609375,0.5940974350508488,0.7
2026-09-04 13:01:57,multi_repeat_random_states.py,"(1021, 9)",839,sequential_335,Dense 64 -> 16 -> 32 -> 64 -> 64 -> 32 -> 1,mse,adam_335,50,256,1.3829,4246.123046875,3454.204833984375,2684.65087890625,0.566093886554415,0.7
2026-09-04 13:01:57,multi_repeat_random_states.py,"(1021, 9)",922,sequential_334,Dense 64 -> 16 -> 32 -> 64 -> 64 -> 32 -> 1,mse,adam_334,50,256,1.371,3084.318359375,3257.943603515625,2683.400634765625,0.5821237237013492,0.7
2026-09-04 13:01:58,multi_repeat_random_states.py,"(1021, 9)",839,sequential_335,Dense 64 -> 16 -> 32 -> 64 -> 64 -> 32 -> 1,mse,adam_335,50,256,1.4831,3085.776611328125,3349.410888671875,2845.134033203125,0.5401557762101923,0.7
2026-09-04 13:02:00,multi_repeat_random_states.py,"(1021, 9)",923,sequential_335,Dense 64 -> 16 -> 32 -> 64 -> 64 -> 32 -> 1,mse,adam_335,50,256,2.2264,51535.25390625,4887.18017578125,4946.6689453125,0.27028442690743304,0.7
2026-09-04 13:02:01,multi_repeat_random_states.py,"(1021, 9)",923,sequential_335,Dense 64 -> 16 -> 32 -> 64 -> 64 -> 32 -> 1,mse,adam_335,50,256,1.5284,4808.09423828125,3321.396728515625,3689.7294921875,0.4557038863461409,0.7
2026-09-04 13:02:03,multi_repeat_random_states.py,"(1021, 9)",923,sequential_335,Dense 64 -> 16 -> 32 -> 64 -> 64 -> 32 -> 1,mse,adam_335,50,256,1.4221,3428.992431640625,2771.629638671875,3060.23486328125,0.5485647783844223,0.7
