time,pyfile,data_shape,random_num,model,model_structure,loss,optimizer,epochs,batch_size,train_second,first_loss,last_loss,test_loss,r2_score,train_ration
2026-09-04 13:15:35,multi_repeat_random_states.py,"(1021, 9)",168,sequential,Dense 64 -> 16 -> 32 -> 64 -> 64 -> 32 -> 1,mse,adam,50,256,2.3575,20287.173828125,3731.8359375,3504.457763671875,0.495195946908878,0.7
2026-09-04 13:15:35,multi_repeat_random_states.py,"(1021, 9)",84,sequential,Dense 64 -> 16 -> 32 -> 64 -> 64 -> 32 -> 1,mse,adam,50,256,2.3575,41251.8125,3743.282958984375,3577.7568359375,0.45760356941431,0.7
2026-09-04 13:15:35,multi_repeat_random_states.py,"(1021, 9)",0,sequential,Dense 64 -> 16 -> 32 -> 64 -> 64 -> 32 -> 1,mse,adam,50,256,2.3974,59197.97265625,3671.188232421875,3754.535888671875,0.4330940893563563,0.7
2026-09-04 13:15:36,multi_repeat_random_states.py,"(1021, 9)",84,sequential,Dense 64 -> 16 -> 32 -> 64 -> 64 -> 32 -> 1,mse,adam,50,256,1.4764,3602.8134765625,3134.922607421875,2932.881591796875,0.5553681874680149,0.7
2026-09-04 13:15:36,multi_repeat_random_states.py,"(1021, 9)",168,sequential,Dense 64 -> 16 -> 32 -> 64 -> 64 -> 32 -> 1,mse,adam,50,256,1.4938,3491.434326171875,2917.728515625,2973.455810546875,0.5716847945515646,0.7
2026-09-04 13:15:36,multi_repeat_random_states.py,"(1021, 9)",0,sequential,Dense 64 -> 16 -> 32 -> 64 -> 64 -> 32 -> 1,mse,adam,50,256,1.4898,3700.48486328125,3323.001953125,2707.35986328125,0.5912095440891465,0.7
2026-09-04 13:15:38,multi_repeat_random_states.py,"(1021, 9)",168,sequential,Dense 64 -> 16 -> 32 -> 64 -> 64 -> 32 -> 1,mse,adam,50,256,1.4658,3125.7529296875,2920.521728515625,3242.747314453125,0.5328943037661067,0.7
2026-09-04 13:15:38,multi_repeat_random_states.py,"(1021, 9)",84,sequential,Dense 64 -> 16 -> 32 -> 64 -> 64 -> 32 -> 1,mse,adam,50,256,1.4923,3120.574462890625,2940.415283203125,2649.751708984375,0.5982913650752127,0.7
2026-09-04 13:15:38,multi_repeat_random_states.py,"(1021, 9)",0,sequential,Dense 64 -> 16 -> 32 -> 64 -> 64 -> 32 -> 1,mse,adam,50,256,1.4959,3613.87353515625,2946.223876953125,2687.787109375,0.5941649299468725,0.7
2026-09-04 13:15:40,multi_repeat_random_states.py,"(1021, 9)",169,sequential_1,Dense 64 -> 16 -> 32 -> 64 -> 64 -> 32 -> 1,mse,adam_1,50,256,2.27,21687.82421875,3108.010498046875,2939.166259765625,0.5391437493132443,0.7
2026-09-04 13:15:41,multi_repeat_random_states.py,"(1021, 9)",85,sequential_1,Dense 64 -> 16 -> 32 -> 64 -> 64 -> 32 -> 1,mse,adam_1,50,256,2.2704,108092.1484375,4634.927734375,5346.2216796875,0.26693506902446773,0.7
2026-09-04 13:15:41,multi_repeat_random_states.py,"(1021, 9)",1,sequential_1,Dense 64 -> 16 -> 32 -> 64 -> 64 -> 32 -> 1,mse,adam_1,50,256,2.2636,33574.375,3564.0390625,3411.8203125,0.4441731852683555,0.7
2026-09-04 13:15:42,multi_repeat_random_states.py,"(1021, 9)",169,sequential_1,Dense 64 -> 16 -> 32 -> 64 -> 64 -> 32 -> 1,mse,adam_1,50,256,1.4451,3235.97412109375,3190.328857421875,2895.4091796875,0.5460047777126311,0.7
2026-09-04 13:15:42,multi_repeat_random_states.py,"(1021, 9)",85,sequential_1,Dense 64 -> 16 -> 32 -> 64 -> 64 -> 32 -> 1,mse,adam_1,50,256,1.4425,4637.7431640625,2997.769775390625,3121.559326171875,0.5719769898093618,0.7
2026-09-04 13:15:42,multi_repeat_random_states.py,"(1021, 9)",1,sequential_1,Dense 64 -> 16 -> 32 -> 64 -> 64 -> 32 -> 1,mse,adam_1,50,256,1.5329,3411.254150390625,3120.434326171875,2696.7158203125,0.5606723676027229,0.7
2026-09-04 13:15:44,multi_repeat_random_states.py,"(1021, 9)",169,sequential_1,Dense 64 -> 16 -> 32 -> 64 -> 64 -> 32 -> 1,mse,adam_1,50,256,1.4275,3316.8818359375,3114.0185546875,2845.49658203125,0.5538310224482041,0.7
2026-09-04 13:15:44,multi_repeat_random_states.py,"(1021, 9)",85,sequential_1,Dense 64 -> 16 -> 32 -> 64 -> 64 -> 32 -> 1,mse,adam_1,50,256,1.423,2990.908447265625,2914.34814453125,3020.645751953125,0.5858140705351396,0.7
2026-09-04 13:15:44,multi_repeat_random_states.py,"(1021, 9)",1,sequential_1,Dense 64 -> 16 -> 32 -> 64 -> 64 -> 32 -> 1,mse,adam_1,50,256,1.4427,3136.692138671875,3208.307373046875,3171.20263671875,0.4833726407234712,0.7
2026-09-04 13:15:46,multi_repeat_random_states.py,"(1021, 9)",170,sequential_2,Dense 64 -> 16 -> 32 -> 64 -> 64 -> 32 -> 1,mse,adam_2,50,256,2.1866,140755.34375,5586.970703125,6033.4091796875,0.17429016526589547,0.7
2026-09-04 13:15:46,multi_repeat_random_states.py,"(1021, 9)",86,sequential_2,Dense 64 -> 16 -> 32 -> 64 -> 64 -> 32 -> 1,mse,adam_2,50,256,2.1658,25171.900390625,3712.201416015625,3988.836669921875,0.39859789566291737,0.7
2026-09-04 13:15:46,multi_repeat_random_states.py,"(1021, 9)",2,sequential_2,Dense 64 -> 16 -> 32 -> 64 -> 64 -> 32 -> 1,mse,adam_2,50,256,2.1961,17781.509765625,3209.05712890625,2939.3203125,0.5623083585785027,0.7
2026-09-04 13:15:48,multi_repeat_random_states.py,"(1021, 9)",86,sequential_2,Dense 64 -> 16 -> 32 -> 64 -> 64 -> 32 -> 1,mse,adam_2,50,256,1.4672,3620.887939453125,3097.1689453125,2893.350830078125,0.5637657260956201,0.7
2026-09-04 13:15:48,multi_repeat_random_states.py,"(1021, 9)",170,sequential_2,Dense 64 -> 16 -> 32 -> 64 -> 64 -> 32 -> 1,mse,adam_2,50,256,1.5054,5573.49072265625,3072.48046875,3134.9423828125,0.5709634390187519,0.7
2026-09-04 13:15:48,multi_repeat_random_states.py,"(1021, 9)",2,sequential_2,Dense 64 -> 16 -> 32 -> 64 -> 64 -> 32 -> 1,mse,adam_2,50,256,1.4883,3414.87255859375,3031.779052734375,2797.436279296875,0.5834361608280425,0.7
2026-09-04 13:15:49,multi_repeat_random_states.py,"(1021, 9)",86,sequential_2,Dense 64 -> 16 -> 32 -> 64 -> 64 -> 32 -> 1,mse,adam_2,50,256,1.4118,3095.254150390625,2860.20849609375,2781.31787109375,0.5806571281931283,0.7
2026-09-04 13:15:49,multi_repeat_random_states.py,"(1021, 9)",170,sequential_2,Dense 64 -> 16 -> 32 -> 64 -> 64 -> 32 -> 1,mse,adam_2,50,256,1.4182,2980.8525390625,2863.325439453125,2963.91064453125,0.5943702271063467,0.7
2026-09-04 13:15:49,multi_repeat_random_states.py,"(1021, 9)",2,sequential_2,Dense 64 -> 16 -> 32 -> 64 -> 64 -> 32 -> 1,mse,adam_2,50,256,1.4248,2938.30029296875,3026.596923828125,2693.461181640625,0.5989189584159837,0.7
2026-09-04 13:15:52,multi_repeat_random_states.py,"(1021, 9)",87,sequential_3,Dense 64 -> 16 -> 32 -> 64 -> 64 -> 32 -> 1,mse,adam_3,50,256,2.2608,115876.7578125,4995.3525390625,5114.92822265625,0.2019268653270193,0.7
2026-09-04 13:15:52,multi_repeat_random_states.py,"(1021, 9)",171,sequential_3,Dense 64 -> 16 -> 32 -> 64 -> 64 -> 32 -> 1,mse,adam_3,50,256,2.2959,37174.89453125,4917.07177734375,5035.0986328125,0.294245083994511,0.7
2026-09-04 13:15:52,multi_repeat_random_states.py,"(1021, 9)",3,sequential_3,Dense 64 -> 16 -> 32 -> 64 -> 64 -> 32 -> 1,mse,adam_3,50,256,2.2453,54487.77734375,5304.33544921875,5373.634765625,0.2368291857742516,0.7
2026-09-04 13:15:53,multi_repeat_random_states.py,"(1021, 9)",87,sequential_3,Dense 64 -> 16 -> 32 -> 64 -> 64 -> 32 -> 1,mse,adam_3,50,256,1.4019,4959.20849609375,2912.043212890625,3016.348388671875,0.5293645264195556,0.7
2026-09-04 13:15:53,multi_repeat_random_states.py,"(1021, 9)",171,sequential_3,Dense 64 -> 16 -> 32 -> 64 -> 64 -> 32 -> 1,mse,adam_3,50,256,1.4109,4859.39111328125,2991.96630859375,2998.883544921875,0.5796553721818793,0.7
2026-09-04 13:15:53,multi_repeat_random_states.py,"(1021, 9)",3,sequential_3,Dense 64 -> 16 -> 32 -> 64 -> 64 -> 32 -> 1,mse,adam_3,50,256,1.4237,5267.15771484375,3418.544921875,2862.817138671875,0.5934189627984034,0.7
2026-09-04 13:15:55,multi_repeat_random_states.py,"(1021, 9)",87,sequential_3,Dense 64 -> 16 -> 32 -> 64 -> 64 -> 32 -> 1,mse,adam_3,50,256,1.4463,2923.655029296875,2854.69091796875,2880.02392578125,0.5506350292363447,0.7
2026-09-04 13:15:55,multi_repeat_random_states.py,"(1021, 9)",171,sequential_3,Dense 64 -> 16 -> 32 -> 64 -> 64 -> 32 -> 1,mse,adam_3,50,256,1.4037,3013.3837890625,2838.161865234375,2882.672607421875,0.595944321391966,0.7
2026-09-04 13:15:55,multi_repeat_random_states.py,"(1021, 9)",3,sequential_3,Dense 64 -> 16 -> 32 -> 64 -> 64 -> 32 -> 1,mse,adam_3,50,256,1.4501,3127.597900390625,3076.6494140625,3342.324951171875,0.525318547489643,0.7
2026-09-04 13:15:57,multi_repeat_random_states.py,"(1021, 9)",88,sequential_4,Dense 64 -> 16 -> 32 -> 64 -> 64 -> 32 -> 1,mse,adam_4,50,256,2.1832,37885.7109375,3081.221923828125,3673.701171875,0.4726760569680748,0.7
2026-09-04 13:15:57,multi_repeat_random_states.py,"(1021, 9)",172,sequential_4,Dense 64 -> 16 -> 32 -> 64 -> 64 -> 32 -> 1,mse,adam_4,50,256,2.1885,15780.828125,3234.100341796875,3519.001708984375,0.45543129677908123,0.7
2026-09-04 13:15:57,multi_repeat_random_states.py,"(1021, 9)",4,sequential_4,Dense 64 -> 16 -> 32 -> 64 -> 64 -> 32 -> 1,mse,adam_4,50,256,2.2478,32211.9921875,3157.826416015625,2817.267333984375,0.5468935257241818,0.7
2026-09-04 13:15:59,multi_repeat_random_states.py,"(1021, 9)",88,sequential_4,Dense 64 -> 16 -> 32 -> 64 -> 64 -> 32 -> 1,mse,adam_4,50,256,1.4049,3051.708984375,3090.218017578125,3294.26416015625,0.5271405271311408,0.7
2026-09-04 13:15:59,multi_repeat_random_states.py,"(1021, 9)",172,sequential_4,Dense 64 -> 16 -> 32 -> 64 -> 64 -> 32 -> 1,mse,adam_4,50,256,1.413,3339.43359375,3014.29443359375,2616.675048828125,0.595067257278264,0.7
2026-09-04 13:15:59,multi_repeat_random_states.py,"(1021, 9)",4,sequential_4,Dense 64 -> 16 -> 32 -> 64 -> 64 -> 32 -> 1,mse,adam_4,50,256,1.4039,3140.46044921875,3340.500732421875,3501.413330078125,0.43686097791450906,0.7
2026-09-04 13:16:00,multi_repeat_random_states.py,"(1021, 9)",88,sequential_4,Dense 64 -> 16 -> 32 -> 64 -> 64 -> 32 -> 1,mse,adam_4,50,256,1.4181,3458.841796875,2685.799560546875,3207.593994140625,0.5395812098001131,0.7
2026-09-04 13:16:00,multi_repeat_random_states.py,"(1021, 9)",172,sequential_4,Dense 64 -> 16 -> 32 -> 64 -> 64 -> 32 -> 1,mse,adam_4,50,256,1.4126,2942.010498046875,2969.98876953125,3148.32373046875,0.5127940864535705,0.7
2026-09-04 13:16:00,multi_repeat_random_states.py,"(1021, 9)",4,sequential_4,Dense 64 -> 16 -> 32 -> 64 -> 64 -> 32 -> 1,mse,adam_4,50,256,1.468,3457.528076171875,2909.56298828125,2904.927978515625,0.5327948885596978,0.7
2026-09-04 13:16:03,multi_repeat_random_states.py,"(1021, 9)",89,sequential_5,Dense 64 -> 16 -> 32 -> 64 -> 64 -> 32 -> 1,mse,adam_5,50,256,2.3275,974374.1875,6115.0537109375,6191.302734375,0.08569660657063616,0.7
2026-09-04 13:16:03,multi_repeat_random_states.py,"(1021, 9)",173,sequential_5,Dense 64 -> 16 -> 32 -> 64 -> 64 -> 32 -> 1,mse,adam_5,50,256,2.339,17367.34765625,3065.413330078125,2764.44091796875,0.5687366021963445,0.7
2026-09-04 13:16:03,multi_repeat_random_states.py,"(1021, 9)",5,sequential_5,Dense 64 -> 16 -> 32 -> 64 -> 64 -> 32 -> 1,mse,adam_5,50,256,2.3482,241106.0625,6207.4921875,5672.67529296875,0.11336024334563866,0.7
2026-09-04 13:16:04,multi_repeat_random_states.py,"(1021, 9)",89,sequential_5,Dense 64 -> 16 -> 32 -> 64 -> 64 -> 32 -> 1,mse,adam_5,50,256,1.4099,6103.02001953125,5131.0029296875,5202.98876953125,0.2316463687704554,0.7
2026-09-04 13:16:04,multi_repeat_random_states.py,"(1021, 9)",173,sequential_5,Dense 64 -> 16 -> 32 -> 64 -> 64 -> 32 -> 1,mse,adam_5,50,256,1.4211,3118.888671875,3092.8388671875,2633.7099609375,0.5891311832647071,0.7
2026-09-04 13:16:05,multi_repeat_random_states.py,"(1021, 9)",5,sequential_5,Dense 64 -> 16 -> 32 -> 64 -> 64 -> 32 -> 1,mse,adam_5,50,256,1.4222,6189.47705078125,4608.17626953125,4132.357421875,0.35411200382532004,0.7
2026-09-04 13:16:06,multi_repeat_random_states.py,"(1021, 9)",173,sequential_5,Dense 64 -> 16 -> 32 -> 64 -> 64 -> 32 -> 1,mse,adam_5,50,256,1.4236,3003.364013671875,3010.819091796875,2673.544189453125,0.582916869205709,0.7
2026-09-04 13:16:06,multi_repeat_random_states.py,"(1021, 9)",89,sequential_5,Dense 64 -> 16 -> 32 -> 64 -> 64 -> 32 -> 1,mse,adam_5,50,256,1.5047,5106.29833984375,3306.139892578125,3405.83154296875,0.49704233165333433,0.7
2026-09-04 13:16:06,multi_repeat_random_states.py,"(1021, 9)",5,sequential_5,Dense 64 -> 16 -> 32 -> 64 -> 64 -> 32 -> 1,mse,adam_5,50,256,1.4766,4474.265625,3018.749755859375,2874.015625,0.5507909945941902,0.7
2026-09-04 13:16:08,multi_repeat_random_states.py,"(1021, 9)",174,sequential_6,Dense 64 -> 16 -> 32 -> 64 -> 64 -> 32 -> 1,mse,adam_6,50,256,2.1853,22274.46484375,3884.23974609375,3692.103515625,0.5103748013512268,0.7
2026-09-04 13:16:08,multi_repeat_random_states.py,"(1021, 9)",90,sequential_6,Dense 64 -> 16 -> 32 -> 64 -> 64 -> 32 -> 1,mse,adam_6,50,256,2.1864,60657.953125,5345.9755859375,4904.49365234375,0.2423036213787969,0.7
2026-09-04 13:16:09,multi_repeat_random_states.py,"(1021, 9)",6,sequential_6,Dense 64 -> 16 -> 32 -> 64 -> 64 -> 32 -> 1,mse,adam_6,50,256,2.2181,69120.3125,4826.33251953125,5084.06396484375,0.2995419988581228,0.7
2026-09-04 13:16:10,multi_repeat_random_states.py,"(1021, 9)",174,sequential_6,Dense 64 -> 16 -> 32 -> 64 -> 64 -> 32 -> 1,mse,adam_6,50,256,1.4465,3192.984375,2763.69482421875,3110.338134765625,0.5875251365472742,0.7
2026-09-04 13:16:10,multi_repeat_random_states.py,"(1021, 9)",90,sequential_6,Dense 64 -> 16 -> 32 -> 64 -> 64 -> 32 -> 1,mse,adam_6,50,256,1.4024,5250.57080078125,2965.90576171875,2679.167724609375,0.5860947297984331,0.7
2026-09-04 13:16:10,multi_repeat_random_states.py,"(1021, 9)",6,sequential_6,Dense 64 -> 16 -> 32 -> 64 -> 64 -> 32 -> 1,mse,adam_6,50,256,1.4591,4815.49560546875,3631.313720703125,3099.55712890625,0.5729578259737567,0.7
2026-09-04 13:16:11,multi_repeat_random_states.py,"(1021, 9)",174,sequential_6,Dense 64 -> 16 -> 32 -> 64 -> 64 -> 32 -> 1,mse,adam_6,50,256,1.4222,2850.261474609375,2848.922119140625,3478.66162109375,0.5386802635223938,0.7
2026-09-04 13:16:11,multi_repeat_random_states.py,"(1021, 9)",90,sequential_6,Dense 64 -> 16 -> 32 -> 64 -> 64 -> 32 -> 1,mse,adam_6,50,256,1.4384,2951.956787109375,2941.623779296875,2654.59130859375,0.5898915846222662,0.7
2026-09-04 13:16:12,multi_repeat_random_states.py,"(1021, 9)",6,sequential_6,Dense 64 -> 16 -> 32 -> 64 -> 64 -> 32 -> 1,mse,adam_6,50,256,1.4197,3290.59521484375,2878.605712890625,2963.42578125,0.5917133314529727,0.7
2026-09-04 13:16:14,multi_repeat_random_states.py,"(1021, 9)",91,sequential_7,Dense 64 -> 16 -> 32 -> 64 -> 64 -> 32 -> 1,mse,adam_7,50,256,2.1976,52493.640625,5731.2685546875,5437.71240234375,0.1753368568755882,0.7
2026-09-04 13:16:14,multi_repeat_random_states.py,"(1021, 9)",175,sequential_7,Dense 64 -> 16 -> 32 -> 64 -> 64 -> 32 -> 1,mse,adam_7,50,256,2.2507,15424.884765625,3048.04833984375,3968.906982421875,0.4556975346832117,0.7
2026-09-04 13:16:14,multi_repeat_random_states.py,"(1021, 9)",7,sequential_7,Dense 64 -> 16 -> 32 -> 64 -> 64 -> 32 -> 1,mse,adam_7,50,256,2.2234,76886.109375,4770.7646484375,4891.59521484375,0.3096019629469756,0.7
2026-09-04 13:16:15,multi_repeat_random_states.py,"(1021, 9)",91,sequential_7,Dense 64 -> 16 -> 32 -> 64 -> 64 -> 32 -> 1,mse,adam_7,50,256,1.3971,5668.3876953125,3082.221923828125,2937.341064453125,0.554533819107502,0.7
2026-09-04 13:16:15,multi_repeat_random_states.py,"(1021, 9)",175,sequential_7,Dense 64 -> 16 -> 32 -> 64 -> 64 -> 32 -> 1,mse,adam_7,50,256,1.4028,3200.835205078125,2954.599609375,3300.561279296875,0.547355561053913,0.7
2026-09-04 13:16:16,multi_repeat_random_states.py,"(1021, 9)",7,sequential_7,Dense 64 -> 16 -> 32 -> 64 -> 64 -> 32 -> 1,mse,adam_7,50,256,1.404,4700.61767578125,2965.454345703125,2832.476806640625,0.6002251790882611,0.7
2026-09-04 13:16:17,multi_repeat_random_states.py,"(1021, 9)",91,sequential_7,Dense 64 -> 16 -> 32 -> 64 -> 64 -> 32 -> 1,mse,adam_7,50,256,1.4041,3112.082275390625,3088.975830078125,3700.724609375,0.4387618727272392,0.7
2026-09-04 13:16:17,multi_repeat_random_states.py,"(1021, 9)",175,sequential_7,Dense 64 -> 16 -> 32 -> 64 -> 64 -> 32 -> 1,mse,adam_7,50,256,1.5192,2926.053955078125,3106.88037109375,3025.3310546875,0.5851011053916308,0.7
2026-09-04 13:16:17,multi_repeat_random_states.py,"(1021, 9)",7,sequential_7,Dense 64 -> 16 -> 32 -> 64 -> 64 -> 32 -> 1,mse,adam_7,50,256,1.4251,3053.880615234375,3253.370849609375,2733.2265625,0.6142333896993624,0.7
2026-09-04 13:16:19,multi_repeat_random_states.py,"(1021, 9)",92,sequential_8,Dense 64 -> 16 -> 32 -> 64 -> 64 -> 32 -> 1,mse,adam_8,50,256,2.1935,88302.8828125,4648.48779296875,4645.740234375,0.3083511968250393,0.7
2026-09-04 13:16:19,multi_repeat_random_states.py,"(1021, 9)",176,sequential_8,Dense 64 -> 16 -> 32 -> 64 -> 64 -> 32 -> 1,mse,adam_8,50,256,2.1872,127208.21875,5997.67529296875,5099.1650390625,0.1759782359066322,0.7
2026-09-04 13:16:20,multi_repeat_random_states.py,"(1021, 9)",8,sequential_8,Dense 64 -> 16 -> 32 -> 64 -> 64 -> 32 -> 1,mse,adam_8,50,256,2.2341,14688.2099609375,3448.741455078125,2990.0693359375,0.5726413553271342,0.7
2026-09-04 13:16:21,multi_repeat_random_states.py,"(1021, 9)",92,sequential_8,Dense 64 -> 16 -> 32 -> 64 -> 64 -> 32 -> 1,mse,adam_8,50,256,1.4776,4626.9189453125,3311.309814453125,4041.349609375,0.398331730738788,0.7
2026-09-04 13:16:21,multi_repeat_random_states.py,"(1021, 9)",176,sequential_8,Dense 64 -> 16 -> 32 -> 64 -> 64 -> 32 -> 1,mse,adam_8,50,256,1.4183,5966.984375,3078.116455078125,2898.9267578125,0.5315352714729051,0.7
2026-09-04 13:16:21,multi_repeat_random_states.py,"(1021, 9)",8,sequential_8,Dense 64 -> 16 -> 32 -> 64 -> 64 -> 32 -> 1,mse,adam_8,50,256,1.4318,3494.3125,3153.583740234375,2807.4931640625,0.5987362638109814,0.7
2026-09-04 13:16:22,multi_repeat_random_states.py,"(1021, 9)",92,sequential_8,Dense 64 -> 16 -> 32 -> 64 -> 64 -> 32 -> 1,mse,adam_8,50,256,1.4251,3415.05615234375,2854.95751953125,2812.85205078125,0.5812279725454371,0.7
2026-09-04 13:16:22,multi_repeat_random_states.py,"(1021, 9)",176,sequential_8,Dense 64 -> 16 -> 32 -> 64 -> 64 -> 32 -> 1,mse,adam_8,50,256,1.4167,3175.238525390625,2990.209228515625,2617.323974609375,0.5770421093299337,0.7
2026-09-04 13:16:23,multi_repeat_random_states.py,"(1021, 9)",8,sequential_8,Dense 64 -> 16 -> 32 -> 64 -> 64 -> 32 -> 1,mse,adam_8,50,256,1.4201,3222.141357421875,3583.781982421875,2592.140869140625,0.6295156710737577,0.7
2026-09-04 13:16:25,multi_repeat_random_states.py,"(1021, 9)",93,sequential_9,Dense 64 -> 16 -> 32 -> 64 -> 64 -> 32 -> 1,mse,adam_9,50,256,2.4075,19846.33203125,3356.6171875,4140.99072265625,0.37642475135314746,0.7
2026-09-04 13:16:25,multi_repeat_random_states.py,"(1021, 9)",177,sequential_9,Dense 64 -> 16 -> 32 -> 64 -> 64 -> 32 -> 1,mse,adam_9,50,256,2.3416,114055.953125,5895.83056640625,5462.00634765625,0.1863405092127597,0.7
2026-09-04 13:16:25,multi_repeat_random_states.py,"(1021, 9)",9,sequential_9,Dense 64 -> 16 -> 32 -> 64 -> 64 -> 32 -> 1,mse,adam_9,50,256,2.3448,57564.52734375,4271.2451171875,3676.212890625,0.38378902459795206,0.7
2026-09-04 13:16:27,multi_repeat_random_states.py,"(1021, 9)",93,sequential_9,Dense 64 -> 16 -> 32 -> 64 -> 64 -> 32 -> 1,mse,adam_9,50,256,1.406,3940.3544921875,2992.71728515625,2700.012939453125,0.5934158881454781,0.7
2026-09-04 13:16:27,multi_repeat_random_states.py,"(1021, 9)",177,sequential_9,Dense 64 -> 16 -> 32 -> 64 -> 64 -> 32 -> 1,mse,adam_9,50,256,1.408,5926.64599609375,3619.140625,2903.9541015625,0.5674063575674121,0.7
2026-09-04 13:16:27,multi_repeat_random_states.py,"(1021, 9)",9,sequential_9,Dense 64 -> 16 -> 32 -> 64 -> 64 -> 32 -> 1,mse,adam_9,50,256,1.4217,4424.9609375,3157.6318359375,2797.917236328125,0.5310099131915673,0.7
2026-09-04 13:16:28,multi_repeat_random_states.py,"(1021, 9)",177,sequential_9,Dense 64 -> 16 -> 32 -> 64 -> 64 -> 32 -> 1,mse,adam_9,50,256,1.4621,3369.02978515625,2956.3037109375,2754.765869140625,0.5896304210528331,0.7
2026-09-04 13:16:28,multi_repeat_random_states.py,"(1021, 9)",93,sequential_9,Dense 64 -> 16 -> 32 -> 64 -> 64 -> 32 -> 1,mse,adam_9,50,256,1.4681,2903.32763671875,2921.26708984375,2680.192626953125,0.5964005102119334,0.7
2026-09-04 13:16:28,multi_repeat_random_states.py,"(1021, 9)",9,sequential_9,Dense 64 -> 16 -> 32 -> 64 -> 64 -> 32 -> 1,mse,adam_9,50,256,1.4212,2987.185791015625,3026.702880859375,2637.383056640625,0.5579188438012774,0.7
2026-09-04 13:16:31,multi_repeat_random_states.py,"(1021, 9)",178,sequential_10,Dense 64 -> 16 -> 32 -> 64 -> 64 -> 32 -> 1,mse,adam_10,50,256,2.1696,69908.9296875,4148.95703125,4359.3212890625,0.3561480992811136,0.7
2026-09-04 13:16:31,multi_repeat_random_states.py,"(1021, 9)",94,sequential_10,Dense 64 -> 16 -> 32 -> 64 -> 64 -> 32 -> 1,mse,adam_10,50,256,2.182,156400.359375,5710.51171875,5967.95361328125,0.19558642289910277,0.7
2026-09-04 13:16:31,multi_repeat_random_states.py,"(1021, 9)",10,sequential_10,Dense 64 -> 16 -> 32 -> 64 -> 64 -> 32 -> 1,mse,adam_10,50,256,2.2055,139622.40625,5902.708984375,5579.08203125,0.11790295876372936,0.7
2026-09-04 13:16:32,multi_repeat_random_states.py,"(1021, 9)",178,sequential_10,Dense 64 -> 16 -> 32 -> 64 -> 64 -> 32 -> 1,mse,adam_10,50,256,1.3963,4004.72509765625,3072.494873046875,3959.9931640625,0.41512707897830003,0.7
2026-09-04 13:16:32,multi_repeat_random_states.py,"(1021, 9)",94,sequential_10,Dense 64 -> 16 -> 32 -> 64 -> 64 -> 32 -> 1,mse,adam_10,50,256,1.4,5676.513671875,3118.1611328125,3039.65478515625,0.5902884498350005,0.7
2026-09-04 13:16:32,multi_repeat_random_states.py,"(1021, 9)",10,sequential_10,Dense 64 -> 16 -> 32 -> 64 -> 64 -> 32 -> 1,mse,adam_10,50,256,1.3988,5867.69970703125,3382.65869140625,3343.011962890625,0.47144334294319046,0.7
2026-09-04 13:16:34,multi_repeat_random_states.py,"(1021, 9)",178,sequential_10,Dense 64 -> 16 -> 32 -> 64 -> 64 -> 32 -> 1,mse,adam_10,50,256,1.4283,3216.325439453125,2862.037353515625,3178.294921875,0.5305803219768929,0.7
2026-09-04 13:16:34,multi_repeat_random_states.py,"(1021, 9)",94,sequential_10,Dense 64 -> 16 -> 32 -> 64 -> 64 -> 32 -> 1,mse,adam_10,50,256,1.422,3219.662841796875,3107.733154296875,2768.44580078125,0.6268444046839892,0.7
2026-09-04 13:16:34,multi_repeat_random_states.py,"(1021, 9)",10,sequential_10,Dense 64 -> 16 -> 32 -> 64 -> 64 -> 32 -> 1,mse,adam_10,50,256,1.422,3373.571044921875,2894.9404296875,3025.603759765625,0.5216280775878266,0.7
2026-09-04 13:16:36,multi_repeat_random_states.py,"(1021, 9)",95,sequential_11,Dense 64 -> 16 -> 32 -> 64 -> 64 -> 32 -> 1,mse,adam_11,50,256,2.1607,37668.47265625,4227.85107421875,3776.560302734375,0.4297841229846816,0.7
2026-09-04 13:16:36,multi_repeat_random_states.py,"(1021, 9)",179,sequential_11,Dense 64 -> 16 -> 32 -> 64 -> 64 -> 32 -> 1,mse,adam_11,50,256,2.2141,17545.87890625,3213.249755859375,3079.71142578125,0.5187416388005411,0.7
2026-09-04 13:16:36,multi_repeat_random_states.py,"(1021, 9)",11,sequential_11,Dense 64 -> 16 -> 32 -> 64 -> 64 -> 32 -> 1,mse,adam_11,50,256,2.1933,45298.10546875,4951.80224609375,5039.25048828125,0.25975529851478574,0.7
2026-09-04 13:16:38,multi_repeat_random_states.py,"(1021, 9)",95,sequential_11,Dense 64 -> 16 -> 32 -> 64 -> 64 -> 32 -> 1,mse,adam_11,50,256,1.4223,4771.0576171875,3329.454345703125,2621.633056640625,0.6041645182394634,0.7
2026-09-04 13:16:38,multi_repeat_random_states.py,"(1021, 9)",179,sequential_11,Dense 64 -> 16 -> 32 -> 64 -> 64 -> 32 -> 1,mse,adam_11,50,256,1.4284,3130.744873046875,2829.8505859375,2993.9814453125,0.5321384574248698,0.7
2026-09-04 13:16:38,multi_repeat_random_states.py,"(1021, 9)",11,sequential_11,Dense 64 -> 16 -> 32 -> 64 -> 64 -> 32 -> 1,mse,adam_11,50,256,1.3994,5036.65625,2882.249755859375,2967.44921875,0.5640941719582704,0.7
2026-09-04 13:16:39,multi_repeat_random_states.py,"(1021, 9)",95,sequential_11,Dense 64 -> 16 -> 32 -> 64 -> 64 -> 32 -> 1,mse,adam_11,50,256,1.3988,3444.11328125,2988.1416015625,2501.957275390625,0.6222341098437376,0.7
2026-09-04 13:16:39,multi_repeat_random_states.py,"(1021, 9)",179,sequential_11,Dense 64 -> 16 -> 32 -> 64 -> 64 -> 32 -> 1,mse,adam_11,50,256,1.4087,2782.112060546875,2802.705322265625,2987.72802734375,0.5331156619912059,0.7
2026-09-04 13:16:39,multi_repeat_random_states.py,"(1021, 9)",11,sequential_11,Dense 64 -> 16 -> 32 -> 64 -> 64 -> 32 -> 1,mse,adam_11,50,256,1.404,2971.570556640625,2932.35009765625,2941.496826171875,0.5679064214513894,0.7
2026-09-04 13:16:41,multi_repeat_random_states.py,"(1021, 9)",96,sequential_12,Dense 64 -> 16 -> 32 -> 64 -> 64 -> 32 -> 1,mse,adam_12,50,256,2.1612,26221.328125,3867.224365234375,3233.371337890625,0.5316224845276624,0.7
2026-09-04 13:16:42,multi_repeat_random_states.py,"(1021, 9)",180,sequential_12,Dense 64 -> 16 -> 32 -> 64 -> 64 -> 32 -> 1,mse,adam_12,50,256,2.2236,34343.296875,5136.7392578125,6307.89501953125,0.14804337779842902,0.7
2026-09-04 13:16:42,multi_repeat_random_states.py,"(1021, 9)",12,sequential_12,Dense 64 -> 16 -> 32 -> 64 -> 64 -> 32 -> 1,mse,adam_12,50,256,2.2449,34785.30859375,4304.5390625,4964.55029296875,0.25512636804959865,0.7
2026-09-04 13:16:43,multi_repeat_random_states.py,"(1021, 9)",96,sequential_12,Dense 64 -> 16 -> 32 -> 64 -> 64 -> 32 -> 1,mse,adam_12,50,256,1.4235,3224.071044921875,2846.888427734375,2873.51123046875,0.5837508669294242,0.7
2026-09-04 13:16:43,multi_repeat_random_states.py,"(1021, 9)",180,sequential_12,Dense 64 -> 16 -> 32 -> 64 -> 64 -> 32 -> 1,mse,adam_12,50,256,1.4192,5035.25244140625,2814.50390625,3090.473388671875,0.5825946190034113,0.7
2026-09-04 13:16:43,multi_repeat_random_states.py,"(1021, 9)",12,sequential_12,Dense 64 -> 16 -> 32 -> 64 -> 64 -> 32 -> 1,mse,adam_12,50,256,1.3977,4463.623046875,3053.173828125,2671.487060546875,0.5991740907792062,0.7
2026-09-04 13:16:44,multi_repeat_random_states.py,"(1021, 9)",96,sequential_12,Dense 64 -> 16 -> 32 -> 64 -> 64 -> 32 -> 1,mse,adam_12,50,256,1.4002,2847.49609375,2849.742431640625,2812.274169921875,0.5926215119870416,0.7
2026-09-04 13:16:45,multi_repeat_random_states.py,"(1021, 9)",180,sequential_12,Dense 64 -> 16 -> 32 -> 64 -> 64 -> 32 -> 1,mse,adam_12,50,256,1.4017,2860.158203125,2892.689453125,3172.70068359375,0.5714888731994261,0.7
2026-09-04 13:16:45,multi_repeat_random_states.py,"(1021, 9)",12,sequential_12,Dense 64 -> 16 -> 32 -> 64 -> 64 -> 32 -> 1,mse,adam_12,50,256,1.4306,2929.558349609375,2951.842529296875,2644.468994140625,0.6032278450782157,0.7
2026-09-04 13:16:47,multi_repeat_random_states.py,"(1021, 9)",97,sequential_13,Dense 64 -> 16 -> 32 -> 64 -> 64 -> 32 -> 1,mse,adam_13,50,256,2.171,62912.3515625,4388.80224609375,4164.32666015625,0.37391835780517146,0.7
2026-09-04 13:16:47,multi_repeat_random_states.py,"(1021, 9)",181,sequential_13,Dense 64 -> 16 -> 32 -> 64 -> 64 -> 32 -> 1,mse,adam_13,50,256,2.1794,27057.505859375,3929.310791015625,3614.221435546875,0.5103641083410235,0.7
2026-09-04 13:16:47,multi_repeat_random_states.py,"(1021, 9)",13,sequential_13,Dense 64 -> 16 -> 32 -> 64 -> 64 -> 32 -> 1,mse,adam_13,50,256,2.2362,23952.96484375,3534.08740234375,3526.387451171875,0.5367609950656882,0.7
2026-09-04 13:16:48,multi_repeat_random_states.py,"(1021, 9)",97,sequential_13,Dense 64 -> 16 -> 32 -> 64 -> 64 -> 32 -> 1,mse,adam_13,50,256,1.4554,4394.296875,2913.8232421875,2872.487548828125,0.5681386841519562,0.7
2026-09-04 13:16:49,multi_repeat_random_states.py,"(1021, 9)",181,sequential_13,Dense 64 -> 16 -> 32 -> 64 -> 64 -> 32 -> 1,mse,adam_13,50,256,1.4836,3797.49853515625,2893.984619140625,3025.413330078125,0.5901328100382723,0.7
2026-09-04 13:16:49,multi_repeat_random_states.py,"(1021, 9)",13,sequential_13,Dense 64 -> 16 -> 32 -> 64 -> 64 -> 32 -> 1,mse,adam_13,50,256,1.4115,3283.42626953125,2734.073486328125,3642.221923828125,0.5215444864087946,0.7
2026-09-04 13:16:50,multi_repeat_random_states.py,"(1021, 9)",97,sequential_13,Dense 64 -> 16 -> 32 -> 64 -> 64 -> 32 -> 1,mse,adam_13,50,256,1.447,2897.96337890625,2853.46728515625,2820.3203125,0.5759817008097472,0.7
2026-09-04 13:16:50,multi_repeat_random_states.py,"(1021, 9)",181,sequential_13,Dense 64 -> 16 -> 32 -> 64 -> 64 -> 32 -> 1,mse,adam_13,50,256,1.4068,3007.515625,2986.25732421875,2974.33837890625,0.5970521578512873,0.7
2026-09-04 13:16:50,multi_repeat_random_states.py,"(1021, 9)",13,sequential_13,Dense 64 -> 16 -> 32 -> 64 -> 64 -> 32 -> 1,mse,adam_13,50,256,1.4011,2864.079833984375,3058.144287109375,3230.624755859375,0.5756134757575618,0.7
2026-09-04 13:16:52,multi_repeat_random_states.py,"(1021, 9)",98,sequential_14,Dense 64 -> 16 -> 32 -> 64 -> 64 -> 32 -> 1,mse,adam_14,50,256,2.1826,106912.7265625,5861.279296875,6443.20751953125,0.08350331224095708,0.7
2026-09-04 13:16:53,multi_repeat_random_states.py,"(1021, 9)",182,sequential_14,Dense 64 -> 16 -> 32 -> 64 -> 64 -> 32 -> 1,mse,adam_14,50,256,2.1823,64095.09765625,3744.744873046875,3997.564697265625,0.4094323854282239,0.7
2026-09-04 13:16:53,multi_repeat_random_states.py,"(1021, 9)",14,sequential_14,Dense 64 -> 16 -> 32 -> 64 -> 64 -> 32 -> 1,mse,adam_14,50,256,2.261,48442.05859375,3820.13720703125,4127.3115234375,0.4246329517725006,0.7
2026-09-04 13:16:54,multi_repeat_random_states.py,"(1021, 9)",98,sequential_14,Dense 64 -> 16 -> 32 -> 64 -> 64 -> 32 -> 1,mse,adam_14,50,256,1.4534,5847.6806640625,2928.94482421875,3101.626953125,0.5588174305617706,0.7
2026-09-04 13:16:54,multi_repeat_random_states.py,"(1021, 9)",182,sequential_14,Dense 64 -> 16 -> 32 -> 64 -> 64 -> 32 -> 1,mse,adam_14,50,256,1.4118,3708.474365234375,2972.604248046875,3019.01806640625,0.5539949103405736,0.7
2026-09-04 13:16:54,multi_repeat_random_states.py,"(1021, 9)",14,sequential_14,Dense 64 -> 16 -> 32 -> 64 -> 64 -> 32 -> 1,mse,adam_14,50,256,1.3958,3910.401123046875,2884.46875,2830.285400390625,0.6054446375759086,0.7
2026-09-04 13:16:56,multi_repeat_random_states.py,"(1021, 9)",98,sequential_14,Dense 64 -> 16 -> 32 -> 64 -> 64 -> 32 -> 1,mse,adam_14,50,256,1.4307,2981.3876953125,2867.63623046875,3022.408203125,0.5700857820562375,0.7
2026-09-04 13:16:56,multi_repeat_random_states.py,"(1021, 9)",182,sequential_14,Dense 64 -> 16 -> 32 -> 64 -> 64 -> 32 -> 1,mse,adam_14,50,256,1.5021,2847.98779296875,2767.35302734375,2988.62353515625,0.5584851150121828,0.7
2026-09-04 13:16:56,multi_repeat_random_states.py,"(1021, 9)",14,sequential_14,Dense 64 -> 16 -> 32 -> 64 -> 64 -> 32 -> 1,mse,adam_14,50,256,1.4209,2882.067626953125,3015.982666015625,2834.07275390625,0.6049166049642414,0.7
2026-09-04 13:16:58,multi_repeat_random_states.py,"(1021, 9)",99,sequential_15,Dense 64 -> 16 -> 32 -> 64 -> 64 -> 32 -> 1,mse,adam_15,50,256,2.4668,28367.962890625,3318.801025390625,3565.6865234375,0.492137554207139,0.7
2026-09-04 13:16:58,multi_repeat_random_states.py,"(1021, 9)",183,sequential_15,Dense 64 -> 16 -> 32 -> 64 -> 64 -> 32 -> 1,mse,adam_15,50,256,2.4214,26212.3671875,3533.7978515625,3329.23828125,0.47232355217300637,0.7
2026-09-04 13:16:59,multi_repeat_random_states.py,"(1021, 9)",15,sequential_15,Dense 64 -> 16 -> 32 -> 64 -> 64 -> 32 -> 1,mse,adam_15,50,256,2.4382,30385.55859375,3792.226806640625,3472.650634765625,0.48586877206990076,0.7
2026-09-04 13:17:00,multi_repeat_random_states.py,"(1021, 9)",99,sequential_15,Dense 64 -> 16 -> 32 -> 64 -> 64 -> 32 -> 1,mse,adam_15,50,256,1.4088,3307.151611328125,2908.02734375,2925.547607421875,0.5833128898959149,0.7
2026-09-04 13:17:00,multi_repeat_random_states.py,"(1021, 9)",183,sequential_15,Dense 64 -> 16 -> 32 -> 64 -> 64 -> 32 -> 1,mse,adam_15,50,256,1.409,3458.348388671875,3191.74169921875,2881.52490234375,0.5432851509788894,0.7
2026-09-04 13:17:00,multi_repeat_random_states.py,"(1021, 9)",15,sequential_15,Dense 64 -> 16 -> 32 -> 64 -> 64 -> 32 -> 1,mse,adam_15,50,256,1.4101,3755.95068359375,2873.73486328125,2787.994384765625,0.5872332006411306,0.7
2026-09-04 13:17:01,multi_repeat_random_states.py,"(1021, 9)",99,sequential_15,Dense 64 -> 16 -> 32 -> 64 -> 64 -> 32 -> 1,mse,adam_15,50,256,1.3981,2998.554931640625,3458.635498046875,3361.920166015625,0.5211601579839058,0.7
2026-09-04 13:17:01,multi_repeat_random_states.py,"(1021, 9)",183,sequential_15,Dense 64 -> 16 -> 32 -> 64 -> 64 -> 32 -> 1,mse,adam_15,50,256,1.3977,3078.553955078125,3295.22412109375,2759.4794921875,0.5626290503693219,0.7
2026-09-04 13:17:02,multi_repeat_random_states.py,"(1021, 9)",15,sequential_15,Dense 64 -> 16 -> 32 -> 64 -> 64 -> 32 -> 1,mse,adam_15,50,256,1.4,2869.7744140625,3092.595458984375,2792.162841796875,0.5866160309062023,0.7
2026-09-04 13:17:04,multi_repeat_random_states.py,"(1021, 9)",100,sequential_16,Dense 64 -> 16 -> 32 -> 64 -> 64 -> 32 -> 1,mse,adam_16,50,256,2.2133,209842.421875,5729.62060546875,6334.13818359375,0.16330711880285087,0.7
2026-09-04 13:17:04,multi_repeat_random_states.py,"(1021, 9)",184,sequential_16,Dense 64 -> 16 -> 32 -> 64 -> 64 -> 32 -> 1,mse,adam_16,50,256,2.2446,21556.05078125,3465.87451171875,4146.75634765625,0.387714662636935,0.7
2026-09-04 13:17:04,multi_repeat_random_states.py,"(1021, 9)",16,sequential_16,Dense 64 -> 16 -> 32 -> 64 -> 64 -> 32 -> 1,mse,adam_16,50,256,2.2699,61388.76953125,4942.794921875,4446.5986328125,0.32100676591022725,0.7
2026-09-04 13:17:05,multi_repeat_random_states.py,"(1021, 9)",100,sequential_16,Dense 64 -> 16 -> 32 -> 64 -> 64 -> 32 -> 1,mse,adam_16,50,256,1.3976,5692.0673828125,3280.412353515625,3754.099853515625,0.5041111058086705,0.7
2026-09-04 13:17:05,multi_repeat_random_states.py,"(1021, 9)",184,sequential_16,Dense 64 -> 16 -> 32 -> 64 -> 64 -> 32 -> 1,mse,adam_16,50,256,1.4489,3826.044677734375,3037.140625,3037.534423828125,0.5514957543599288,0.7
2026-09-04 13:17:06,multi_repeat_random_states.py,"(1021, 9)",16,sequential_16,Dense 64 -> 16 -> 32 -> 64 -> 64 -> 32 -> 1,mse,adam_16,50,256,1.4139,4817.53955078125,3006.53515625,2720.7724609375,0.5845394903124466,0.7
2026-09-04 13:17:07,multi_repeat_random_states.py,"(1021, 9)",100,sequential_16,Dense 64 -> 16 -> 32 -> 64 -> 64 -> 32 -> 1,mse,adam_16,50,256,1.398,3217.3779296875,2780.0791015625,3161.09765625,0.582442315840234,0.7
2026-09-04 13:17:07,multi_repeat_random_states.py,"(1021, 9)",184,sequential_16,Dense 64 -> 16 -> 32 -> 64 -> 64 -> 32 -> 1,mse,adam_16,50,256,1.4004,3186.52197265625,2857.4599609375,2956.33935546875,0.5634845457531394,0.7
2026-09-04 13:17:07,multi_repeat_random_states.py,"(1021, 9)",16,sequential_16,Dense 64 -> 16 -> 32 -> 64 -> 64 -> 32 -> 1,mse,adam_16,50,256,1.4515,3064.972900390625,3093.28271484375,2575.505126953125,0.6067217001609655,0.7
2026-09-04 13:17:09,multi_repeat_random_states.py,"(1021, 9)",101,sequential_17,Dense 64 -> 16 -> 32 -> 64 -> 64 -> 32 -> 1,mse,adam_17,50,256,2.2142,286317.6875,6154.2060546875,5481.41796875,0.1632354067926174,0.7
2026-09-04 13:17:09,multi_repeat_random_states.py,"(1021, 9)",185,sequential_17,Dense 64 -> 16 -> 32 -> 64 -> 64 -> 32 -> 1,mse,adam_17,50,256,2.1791,22311.919921875,3202.27197265625,3021.444091796875,0.5356201664447267,0.7
2026-09-04 13:17:10,multi_repeat_random_states.py,"(1021, 9)",17,sequential_17,Dense 64 -> 16 -> 32 -> 64 -> 64 -> 32 -> 1,mse,adam_17,50,256,2.2707,31559.76171875,3289.81982421875,3605.03759765625,0.49269928592479195,0.7
2026-09-04 13:17:11,multi_repeat_random_states.py,"(1021, 9)",101,sequential_17,Dense 64 -> 16 -> 32 -> 64 -> 64 -> 32 -> 1,mse,adam_17,50,256,1.4341,6137.9306640625,3103.68994140625,3151.197265625,0.5189547552207865,0.7
2026-09-04 13:17:11,multi_repeat_random_states.py,"(1021, 9)",185,sequential_17,Dense 64 -> 16 -> 32 -> 64 -> 64 -> 32 -> 1,mse,adam_17,50,256,1.4497,3014.37744140625,2879.499267578125,2864.615478515625,0.5597238627512121,0.7
2026-09-04 13:17:11,multi_repeat_random_states.py,"(1021, 9)",17,sequential_17,Dense 64 -> 16 -> 32 -> 64 -> 64 -> 32 -> 1,mse,adam_17,50,256,1.4006,3307.596435546875,3465.40283203125,3070.69921875,0.5678913700576207,0.7
2026-09-04 13:17:12,multi_repeat_random_states.py,"(1021, 9)",101,sequential_17,Dense 64 -> 16 -> 32 -> 64 -> 64 -> 32 -> 1,mse,adam_17,50,256,1.5078,3076.261962890625,2903.341552734375,2870.03955078125,0.5618747531697714,0.7
2026-09-04 13:17:12,multi_repeat_random_states.py,"(1021, 9)",185,sequential_17,Dense 64 -> 16 -> 32 -> 64 -> 64 -> 32 -> 1,mse,adam_17,50,256,1.4451,2886.390380859375,3211.895751953125,2940.40869140625,0.5480748278288272,0.7
2026-09-04 13:17:13,multi_repeat_random_states.py,"(1021, 9)",17,sequential_17,Dense 64 -> 16 -> 32 -> 64 -> 64 -> 32 -> 1,mse,adam_17,50,256,1.3841,3226.029296875,3179.710693359375,3001.05908203125,0.5776911462357691,0.7
2026-09-04 13:17:15,multi_repeat_random_states.py,"(1021, 9)",102,sequential_18,Dense 64 -> 16 -> 32 -> 64 -> 64 -> 32 -> 1,mse,adam_18,50,256,2.2404,39310.47265625,4329.86669921875,4498.56884765625,0.38223041220340614,0.7
2026-09-04 13:17:15,multi_repeat_random_states.py,"(1021, 9)",186,sequential_18,Dense 64 -> 16 -> 32 -> 64 -> 64 -> 32 -> 1,mse,adam_18,50,256,2.1773,85005.0546875,5458.96044921875,6318.79931640625,0.1601343525667993,0.7
2026-09-04 13:17:15,multi_repeat_random_states.py,"(1021, 9)",18,sequential_18,Dense 64 -> 16 -> 32 -> 64 -> 64 -> 32 -> 1,mse,adam_18,50,256,2.1898,283026.0625,6164.43212890625,5159.50537109375,0.12460403786319285,0.7
2026-09-04 13:17:16,multi_repeat_random_states.py,"(1021, 9)",102,sequential_18,Dense 64 -> 16 -> 32 -> 64 -> 64 -> 32 -> 1,mse,adam_18,50,256,1.3884,4196.2685546875,3632.325927734375,2904.601806640625,0.601123283338213,0.7
2026-09-04 13:17:16,multi_repeat_random_states.py,"(1021, 9)",186,sequential_18,Dense 64 -> 16 -> 32 -> 64 -> 64 -> 32 -> 1,mse,adam_18,50,256,1.452,5456.6650390625,3220.894287109375,3646.122802734375,0.5153741366182362,0.7
2026-09-04 13:17:17,multi_repeat_random_states.py,"(1021, 9)",18,sequential_18,Dense 64 -> 16 -> 32 -> 64 -> 64 -> 32 -> 1,mse,adam_18,50,256,1.403,6129.482421875,3938.484619140625,2983.21142578125,0.4938485202261371,0.7
2026-09-04 13:17:18,multi_repeat_random_states.py,"(1021, 9)",102,sequential_18,Dense 64 -> 16 -> 32 -> 64 -> 64 -> 32 -> 1,mse,adam_18,50,256,1.397,3209.688720703125,2845.13818359375,2904.96630859375,0.6010731511531022,0.7
2026-09-04 13:17:18,multi_repeat_random_states.py,"(1021, 9)",186,sequential_18,Dense 64 -> 16 -> 32 -> 64 -> 64 -> 32 -> 1,mse,adam_18,50,256,1.4917,3141.389404296875,2832.685546875,3235.141357421875,0.5699999387178014,0.7
2026-09-04 13:17:18,multi_repeat_random_states.py,"(1021, 9)",18,sequential_18,Dense 64 -> 16 -> 32 -> 64 -> 64 -> 32 -> 1,mse,adam_18,50,256,1.4675,3939.387939453125,3093.02099609375,2380.41357421875,0.596123196169497,0.7
2026-09-04 13:17:20,multi_repeat_random_states.py,"(1021, 9)",103,sequential_19,Dense 64 -> 16 -> 32 -> 64 -> 64 -> 32 -> 1,mse,adam_19,50,256,2.1841,93622.609375,5771.1455078125,6026.90087890625,0.11770627056414906,0.7
2026-09-04 13:17:20,multi_repeat_random_states.py,"(1021, 9)",187,sequential_19,Dense 64 -> 16 -> 32 -> 64 -> 64 -> 32 -> 1,mse,adam_19,50,256,2.1571,21115.63671875,3837.624267578125,3493.980712890625,0.49780644891854153,0.7
2026-09-04 13:17:21,multi_repeat_random_states.py,"(1021, 9)",19,sequential_19,Dense 64 -> 16 -> 32 -> 64 -> 64 -> 32 -> 1,mse,adam_19,50,256,2.1936,22744.0,4666.9169921875,2998.83251953125,0.5667519898640849,0.7
2026-09-04 13:17:22,multi_repeat_random_states.py,"(1021, 9)",103,sequential_19,Dense 64 -> 16 -> 32 -> 64 -> 64 -> 32 -> 1,mse,adam_19,50,256,1.4017,5752.49169921875,2996.119384765625,3640.5703125,0.4670474857133091,0.7
2026-09-04 13:17:22,multi_repeat_random_states.py,"(1021, 9)",187,sequential_19,Dense 64 -> 16 -> 32 -> 64 -> 64 -> 32 -> 1,mse,adam_19,50,256,1.3983,3707.191650390625,3161.245849609375,3137.790771484375,0.5490019775470321,0.7
2026-09-04 13:17:22,multi_repeat_random_states.py,"(1021, 9)",19,sequential_19,Dense 64 -> 16 -> 32 -> 64 -> 64 -> 32 -> 1,mse,adam_19,50,256,1.4146,4110.81005859375,2908.0224609375,3028.0166015625,0.5625356613851238,0.7
2026-09-04 13:17:23,multi_repeat_random_states.py,"(1021, 9)",103,sequential_19,Dense 64 -> 16 -> 32 -> 64 -> 64 -> 32 -> 1,mse,adam_19,50,256,1.4317,2786.368408203125,2680.951416015625,3258.83984375,0.5229299325749018,0.7
2026-09-04 13:17:23,multi_repeat_random_states.py,"(1021, 9)",187,sequential_19,Dense 64 -> 16 -> 32 -> 64 -> 64 -> 32 -> 1,mse,adam_19,50,256,1.4156,3085.754150390625,2808.88330078125,2932.48876953125,0.5785102493142225,0.7
2026-09-04 13:17:24,multi_repeat_random_states.py,"(1021, 9)",19,sequential_19,Dense 64 -> 16 -> 32 -> 64 -> 64 -> 32 -> 1,mse,adam_19,50,256,1.4332,2991.224609375,2865.72021484375,2858.673583984375,0.5870010508017917,0.7
2026-09-04 13:17:26,multi_repeat_random_states.py,"(1021, 9)",104,sequential_20,Dense 64 -> 16 -> 32 -> 64 -> 64 -> 32 -> 1,mse,adam_20,50,256,2.2358,41165.4296875,3812.294921875,3707.886962890625,0.45635398949319206,0.7
2026-09-04 13:17:26,multi_repeat_random_states.py,"(1021, 9)",188,sequential_20,Dense 64 -> 16 -> 32 -> 64 -> 64 -> 32 -> 1,mse,adam_20,50,256,2.1919,109338.78125,5794.3154296875,5922.5068359375,0.13650820368014716,0.7
2026-09-04 13:17:26,multi_repeat_random_states.py,"(1021, 9)",20,sequential_20,Dense 64 -> 16 -> 32 -> 64 -> 64 -> 32 -> 1,mse,adam_20,50,256,2.1863,29326.861328125,4120.34765625,3269.077880859375,0.5201250646080868,0.7
2026-09-04 13:17:27,multi_repeat_random_states.py,"(1021, 9)",104,sequential_20,Dense 64 -> 16 -> 32 -> 64 -> 64 -> 32 -> 1,mse,adam_20,50,256,1.3997,3732.47900390625,3115.41259765625,2738.861083984375,0.5984314099033451,0.7
2026-09-04 13:17:27,multi_repeat_random_states.py,"(1021, 9)",188,sequential_20,Dense 64 -> 16 -> 32 -> 64 -> 64 -> 32 -> 1,mse,adam_20,50,256,1.4163,5756.51416015625,3095.006103515625,2903.356689453125,0.5766953436538385,0.7
2026-09-04 13:17:28,multi_repeat_random_states.py,"(1021, 9)",20,sequential_20,Dense 64 -> 16 -> 32 -> 64 -> 64 -> 32 -> 1,mse,adam_20,50,256,1.4189,3724.3603515625,2982.795166015625,2878.13818359375,0.5775119803077418,0.7
2026-09-04 13:17:29,multi_repeat_random_states.py,"(1021, 9)",104,sequential_20,Dense 64 -> 16 -> 32 -> 64 -> 64 -> 32 -> 1,mse,adam_20,50,256,1.4017,3068.966064453125,2943.05322265625,2888.3740234375,0.5765099333554362,0.7
2026-09-04 13:17:29,multi_repeat_random_states.py,"(1021, 9)",188,sequential_20,Dense 64 -> 16 -> 32 -> 64 -> 64 -> 32 -> 1,mse,adam_20,50,256,1.4422,3066.37939453125,2994.473388671875,2755.781982421875,0.598211550296375,0.7
2026-09-04 13:17:29,multi_repeat_random_states.py,"(1021, 9)",20,sequential_20,Dense 64 -> 16 -> 32 -> 64 -> 64 -> 32 -> 1,mse,adam_20,50,256,1.4048,2844.407470703125,2851.5146484375,2850.630615234375,0.5815497994029577,0.7
2026-09-04 13:17:32,multi_repeat_random_states.py,"(1021, 9)",105,sequential_21,Dense 64 -> 16 -> 32 -> 64 -> 64 -> 32 -> 1,mse,adam_21,50,256,2.5482,74520.8984375,4924.72802734375,5108.14453125,0.2680243870211868,0.7
2026-09-04 13:17:32,multi_repeat_random_states.py,"(1021, 9)",189,sequential_21,Dense 64 -> 16 -> 32 -> 64 -> 64 -> 32 -> 1,mse,adam_21,50,256,2.4518,158530.59375,6093.23583984375,5985.16455078125,0.11018559985391152,0.7
2026-09-04 13:17:32,multi_repeat_random_states.py,"(1021, 9)",21,sequential_21,Dense 64 -> 16 -> 32 -> 64 -> 64 -> 32 -> 1,mse,adam_21,50,256,2.4458,22097.525390625,3546.868408203125,4243.67822265625,0.3736903427296351,0.7
2026-09-04 13:17:33,multi_repeat_random_states.py,"(1021, 9)",105,sequential_21,Dense 64 -> 16 -> 32 -> 64 -> 64 -> 32 -> 1,mse,adam_21,50,256,1.3913,4852.66455078125,3280.45849609375,3624.725341796875,0.48059210143814135,0.7
2026-09-04 13:17:33,multi_repeat_random_states.py,"(1021, 9)",189,sequential_21,Dense 64 -> 16 -> 32 -> 64 -> 64 -> 32 -> 1,mse,adam_21,50,256,1.4352,6068.14111328125,3576.960205078125,3472.905517578125,0.4836831098569331,0.7
2026-09-04 13:17:33,multi_repeat_random_states.py,"(1021, 9)",21,sequential_21,Dense 64 -> 16 -> 32 -> 64 -> 64 -> 32 -> 1,mse,adam_21,50,256,1.4471,3606.772216796875,2861.72216796875,3215.55615234375,0.525427333151403,0.7
2026-09-04 13:17:35,multi_repeat_random_states.py,"(1021, 9)",105,sequential_21,Dense 64 -> 16 -> 32 -> 64 -> 64 -> 32 -> 1,mse,adam_21,50,256,1.4143,3476.93212890625,3270.372314453125,3116.014892578125,0.5534881615912651,0.7
2026-09-04 13:17:35,multi_repeat_random_states.py,"(1021, 9)",189,sequential_21,Dense 64 -> 16 -> 32 -> 64 -> 64 -> 32 -> 1,mse,adam_21,50,256,1.4339,3470.811767578125,2883.227783203125,2894.878173828125,0.5696184852778929,0.7
2026-09-04 13:17:35,multi_repeat_random_states.py,"(1021, 9)",21,sequential_21,Dense 64 -> 16 -> 32 -> 64 -> 64 -> 32 -> 1,mse,adam_21,50,256,1.401,3492.5498046875,3136.496337890625,3091.050537109375,0.5438026587677787,0.7
2026-09-04 13:17:37,multi_repeat_random_states.py,"(1021, 9)",106,sequential_22,Dense 64 -> 16 -> 32 -> 64 -> 64 -> 32 -> 1,mse,adam_22,50,256,2.1862,63801.390625,5405.00341796875,5787.4560546875,0.17212507536467547,0.7
2026-09-04 13:17:37,multi_repeat_random_states.py,"(1021, 9)",190,sequential_22,Dense 64 -> 16 -> 32 -> 64 -> 64 -> 32 -> 1,mse,adam_22,50,256,2.1643,38756.12109375,4893.5048828125,4367.74609375,0.3504402502937066,0.7
2026-09-04 13:17:37,multi_repeat_random_states.py,"(1021, 9)",22,sequential_22,Dense 64 -> 16 -> 32 -> 64 -> 64 -> 32 -> 1,mse,adam_22,50,256,2.2101,36947.98828125,5006.19873046875,4585.35595703125,0.29000870451398475,0.7
2026-09-04 13:17:39,multi_repeat_random_states.py,"(1021, 9)",106,sequential_22,Dense 64 -> 16 -> 32 -> 64 -> 64 -> 32 -> 1,mse,adam_22,50,256,1.4523,5354.830078125,2922.23974609375,3301.9580078125,0.5276666271439023,0.7
2026-09-04 13:17:39,multi_repeat_random_states.py,"(1021, 9)",190,sequential_22,Dense 64 -> 16 -> 32 -> 64 -> 64 -> 32 -> 1,mse,adam_22,50,256,1.4455,4788.68115234375,2928.539794921875,2770.859619140625,0.5879250160167244,0.7
2026-09-04 13:17:39,multi_repeat_random_states.py,"(1021, 9)",22,sequential_22,Dense 64 -> 16 -> 32 -> 64 -> 64 -> 32 -> 1,mse,adam_22,50,256,1.4159,4895.6298828125,2936.00146484375,2778.947021484375,0.5697109900665376,0.7
2026-09-04 13:17:40,multi_repeat_random_states.py,"(1021, 9)",106,sequential_22,Dense 64 -> 16 -> 32 -> 64 -> 64 -> 32 -> 1,mse,adam_22,50,256,1.3885,3083.957275390625,2992.107666015625,3245.944580078125,0.5356791533471077,0.7
2026-09-04 13:17:40,multi_repeat_random_states.py,"(1021, 9)",190,sequential_22,Dense 64 -> 16 -> 32 -> 64 -> 64 -> 32 -> 1,mse,adam_22,50,256,1.4234,2977.119140625,2896.79638671875,2620.685546875,0.6102585017310238,0.7
2026-09-04 13:17:40,multi_repeat_random_states.py,"(1021, 9)",22,sequential_22,Dense 64 -> 16 -> 32 -> 64 -> 64 -> 32 -> 1,mse,adam_22,50,256,1.4326,2922.017578125,3110.723876953125,3015.178955078125,0.5331330942325943,0.7
2026-09-04 13:17:42,multi_repeat_random_states.py,"(1021, 9)",107,sequential_23,Dense 64 -> 16 -> 32 -> 64 -> 64 -> 32 -> 1,mse,adam_23,50,256,2.1644,65792.875,4492.76904296875,3919.7490234375,0.4010727964623638,0.7
2026-09-04 13:17:43,multi_repeat_random_states.py,"(1021, 9)",191,sequential_23,Dense 64 -> 16 -> 32 -> 64 -> 64 -> 32 -> 1,mse,adam_23,50,256,2.1691,101873.2421875,5095.81689453125,5170.28173828125,0.2466517265400433,0.7
2026-09-04 13:17:43,multi_repeat_random_states.py,"(1021, 9)",23,sequential_23,Dense 64 -> 16 -> 32 -> 64 -> 64 -> 32 -> 1,mse,adam_23,50,256,2.234,56583.03515625,5063.71533203125,4480.43359375,0.2957799434734517,0.7
2026-09-04 13:17:44,multi_repeat_random_states.py,"(1021, 9)",107,sequential_23,Dense 64 -> 16 -> 32 -> 64 -> 64 -> 32 -> 1,mse,adam_23,50,256,1.4558,4356.03515625,3034.36767578125,2844.99169921875,0.5652928348111992,0.7
2026-09-04 13:17:44,multi_repeat_random_states.py,"(1021, 9)",191,sequential_23,Dense 64 -> 16 -> 32 -> 64 -> 64 -> 32 -> 1,mse,adam_23,50,256,1.467,5002.26513671875,3177.898681640625,3258.189453125,0.5252576775686226,0.7
2026-09-04 13:17:44,multi_repeat_random_states.py,"(1021, 9)",23,sequential_23,Dense 64 -> 16 -> 32 -> 64 -> 64 -> 32 -> 1,mse,adam_23,50,256,1.4364,4916.578125,3021.3203125,2915.041259765625,0.5418232528309834,0.7
2026-09-04 13:17:46,multi_repeat_random_states.py,"(1021, 9)",107,sequential_23,Dense 64 -> 16 -> 32 -> 64 -> 64 -> 32 -> 1,mse,adam_23,50,256,1.3948,2880.745849609375,2845.873291015625,2832.187255859375,0.5672493664170244,0.7
2026-09-04 13:17:46,multi_repeat_random_states.py,"(1021, 9)",191,sequential_23,Dense 64 -> 16 -> 32 -> 64 -> 64 -> 32 -> 1,mse,adam_23,50,256,1.4406,3031.659912109375,2825.13427734375,3017.14306640625,0.5603800058526622,0.7
2026-09-04 13:17:46,multi_repeat_random_states.py,"(1021, 9)",23,sequential_23,Dense 64 -> 16 -> 32 -> 64 -> 64 -> 32 -> 1,mse,adam_23,50,256,1.3833,2851.302978515625,2817.326171875,3028.069580078125,0.5240578278150989,0.7
2026-09-04 13:17:48,multi_repeat_random_states.py,"(1021, 9)",108,sequential_24,Dense 64 -> 16 -> 32 -> 64 -> 64 -> 32 -> 1,mse,adam_24,50,256,2.2168,87995.140625,5862.30859375,5660.72314453125,0.14241351843034444,0.7
2026-09-04 13:17:48,multi_repeat_random_states.py,"(1021, 9)",192,sequential_24,Dense 64 -> 16 -> 32 -> 64 -> 64 -> 32 -> 1,mse,adam_24,50,256,2.1614,30826.818359375,2820.453857421875,3605.626220703125,0.5311915611842691,0.7
2026-09-04 13:17:48,multi_repeat_random_states.py,"(1021, 9)",24,sequential_24,Dense 64 -> 16 -> 32 -> 64 -> 64 -> 32 -> 1,mse,adam_24,50,256,2.1808,92566.359375,5116.0361328125,5120.3505859375,0.2324496702501595,0.7
2026-09-04 13:17:49,multi_repeat_random_states.py,"(1021, 9)",108,sequential_24,Dense 64 -> 16 -> 32 -> 64 -> 64 -> 32 -> 1,mse,adam_24,50,256,1.4269,5820.62109375,2774.75146484375,3049.93408203125,0.5379420763818761,0.7
2026-09-04 13:17:50,multi_repeat_random_states.py,"(1021, 9)",192,sequential_24,Dense 64 -> 16 -> 32 -> 64 -> 64 -> 32 -> 1,mse,adam_24,50,256,1.441,2932.044189453125,2687.048828125,3218.17333984375,0.5815686868243559,0.7
2026-09-04 13:17:50,multi_repeat_random_states.py,"(1021, 9)",24,sequential_24,Dense 64 -> 16 -> 32 -> 64 -> 64 -> 32 -> 1,mse,adam_24,50,256,1.4252,5017.20458984375,2863.910888671875,2993.8447265625,0.5512169818697485,0.7
2026-09-04 13:17:51,multi_repeat_random_states.py,"(1021, 9)",108,sequential_24,Dense 64 -> 16 -> 32 -> 64 -> 64 -> 32 -> 1,mse,adam_24,50,256,1.4354,2835.647705078125,2989.48828125,3016.54443359375,0.5430004685222558,0.7
2026-09-04 13:17:51,multi_repeat_random_states.py,"(1021, 9)",192,sequential_24,Dense 64 -> 16 -> 32 -> 64 -> 64 -> 32 -> 1,mse,adam_24,50,256,1.4042,2742.2607421875,3229.57421875,3147.259033203125,0.5907890269718279,0.7
2026-09-04 13:17:51,multi_repeat_random_states.py,"(1021, 9)",24,sequential_24,Dense 64 -> 16 -> 32 -> 64 -> 64 -> 32 -> 1,mse,adam_24,50,256,1.3888,2890.3671875,2901.96826171875,3176.387451171875,0.5238533864549557,0.7
2026-09-04 13:17:53,multi_repeat_random_states.py,"(1021, 9)",109,sequential_25,Dense 64 -> 16 -> 32 -> 64 -> 64 -> 32 -> 1,mse,adam_25,50,256,2.1679,22537.13671875,3240.6162109375,3083.040771484375,0.5188637680420797,0.7
2026-09-04 13:17:54,multi_repeat_random_states.py,"(1021, 9)",193,sequential_25,Dense 64 -> 16 -> 32 -> 64 -> 64 -> 32 -> 1,mse,adam_25,50,256,2.1663,36512.93359375,4032.003662109375,4342.9072265625,0.3934230004657422,0.7
2026-09-04 13:17:54,multi_repeat_random_states.py,"(1021, 9)",25,sequential_25,Dense 64 -> 16 -> 32 -> 64 -> 64 -> 32 -> 1,mse,adam_25,50,256,2.1859,39589.9453125,3280.816162109375,3477.836669921875,0.444517080973694,0.7
2026-09-04 13:17:55,multi_repeat_random_states.py,"(1021, 9)",109,sequential_25,Dense 64 -> 16 -> 32 -> 64 -> 64 -> 32 -> 1,mse,adam_25,50,256,1.4362,3170.17431640625,3113.95849609375,2947.66748046875,0.539989985868697,0.7
2026-09-04 13:17:55,multi_repeat_random_states.py,"(1021, 9)",193,sequential_25,Dense 64 -> 16 -> 32 -> 64 -> 64 -> 32 -> 1,mse,adam_25,50,256,1.3968,3843.709716796875,2807.093017578125,3108.11328125,0.5658875720536174,0.7
2026-09-04 13:17:55,multi_repeat_random_states.py,"(1021, 9)",25,sequential_25,Dense 64 -> 16 -> 32 -> 64 -> 64 -> 32 -> 1,mse,adam_25,50,256,1.4516,3217.896728515625,3063.6376953125,2820.84814453125,0.5494518449193047,0.7
2026-09-04 13:17:57,multi_repeat_random_states.py,"(1021, 9)",109,sequential_25,Dense 64 -> 16 -> 32 -> 64 -> 64 -> 32 -> 1,mse,adam_25,50,256,1.4052,3000.45947265625,2954.833740234375,3143.2099609375,0.5094738262545331,0.7
2026-09-04 13:17:57,multi_repeat_random_states.py,"(1021, 9)",193,sequential_25,Dense 64 -> 16 -> 32 -> 64 -> 64 -> 32 -> 1,mse,adam_25,50,256,1.4057,2751.920654296875,2773.50390625,3305.471435546875,0.538322458401626,0.7
2026-09-04 13:17:57,multi_repeat_random_states.py,"(1021, 9)",25,sequential_25,Dense 64 -> 16 -> 32 -> 64 -> 64 -> 32 -> 1,mse,adam_25,50,256,1.3928,2866.77685546875,3186.638916015625,2824.013916015625,0.5489462638509609,0.7
2026-09-04 13:17:59,multi_repeat_random_states.py,"(1021, 9)",110,sequential_26,Dense 64 -> 16 -> 32 -> 64 -> 64 -> 32 -> 1,mse,adam_26,50,256,2.1821,166551.375,5246.150390625,5015.49658203125,0.23842371811963803,0.7
2026-09-04 13:17:59,multi_repeat_random_states.py,"(1021, 9)",194,sequential_26,Dense 64 -> 16 -> 32 -> 64 -> 64 -> 32 -> 1,mse,adam_26,50,256,2.1884,31476.779296875,3790.64501953125,3442.202392578125,0.4815595778862676,0.7
2026-09-04 13:17:59,multi_repeat_random_states.py,"(1021, 9)",26,sequential_26,Dense 64 -> 16 -> 32 -> 64 -> 64 -> 32 -> 1,mse,adam_26,50,256,2.2177,45832.0703125,3639.084716796875,3681.827880859375,0.4551016750753898,0.7
2026-09-04 13:18:00,multi_repeat_random_states.py,"(1021, 9)",110,sequential_26,Dense 64 -> 16 -> 32 -> 64 -> 64 -> 32 -> 1,mse,adam_26,50,256,1.399,5185.90625,3139.50537109375,2818.63330078125,0.5720055905332787,0.7
2026-09-04 13:18:01,multi_repeat_random_states.py,"(1021, 9)",194,sequential_26,Dense 64 -> 16 -> 32 -> 64 -> 64 -> 32 -> 1,mse,adam_26,50,256,1.4461,3941.697998046875,3094.583251953125,2831.667236328125,0.573514039363523,0.7
2026-09-04 13:18:01,multi_repeat_random_states.py,"(1021, 9)",26,sequential_26,Dense 64 -> 16 -> 32 -> 64 -> 64 -> 32 -> 1,mse,adam_26,50,256,1.4031,3920.050048828125,3420.9140625,2829.533935546875,0.5812383303583052,0.7
2026-09-04 13:18:02,multi_repeat_random_states.py,"(1021, 9)",110,sequential_26,Dense 64 -> 16 -> 32 -> 64 -> 64 -> 32 -> 1,mse,adam_26,50,256,1.3893,3117.251220703125,3305.84716796875,2629.7431640625,0.6006875841787568,0.7
2026-09-04 13:18:02,multi_repeat_random_states.py,"(1021, 9)",194,sequential_26,Dense 64 -> 16 -> 32 -> 64 -> 64 -> 32 -> 1,mse,adam_26,50,256,1.4142,3051.70703125,2847.632568359375,2766.980712890625,0.5832567135024793,0.7
2026-09-04 13:18:02,multi_repeat_random_states.py,"(1021, 9)",26,sequential_26,Dense 64 -> 16 -> 32 -> 64 -> 64 -> 32 -> 1,mse,adam_26,50,256,1.3876,2944.835693359375,3509.902587890625,3056.194580078125,0.5476932741984522,0.7
2026-09-04 13:18:04,multi_repeat_random_states.py,"(1021, 9)",111,sequential_27,Dense 64 -> 16 -> 32 -> 64 -> 64 -> 32 -> 1,mse,adam_27,50,256,2.2504,92285.109375,5336.53857421875,5328.32763671875,0.21847934330222696,0.7
2026-09-04 13:18:05,multi_repeat_random_states.py,"(1021, 9)",195,sequential_27,Dense 64 -> 16 -> 32 -> 64 -> 64 -> 32 -> 1,mse,adam_27,50,256,2.1909,199240.15625,6028.015625,6231.306640625,0.12225434618001796,0.7
2026-09-04 13:18:05,multi_repeat_random_states.py,"(1021, 9)",27,sequential_27,Dense 64 -> 16 -> 32 -> 64 -> 64 -> 32 -> 1,mse,adam_27,50,256,2.2331,24781.255859375,3011.933349609375,3533.868408203125,0.46981433938979633,0.7
2026-09-04 13:18:06,multi_repeat_random_states.py,"(1021, 9)",111,sequential_27,Dense 64 -> 16 -> 32 -> 64 -> 64 -> 32 -> 1,mse,adam_27,50,256,1.3998,5305.12548828125,3088.063720703125,2956.63818359375,0.5663416325471439,0.7
2026-09-04 13:18:06,multi_repeat_random_states.py,"(1021, 9)",195,sequential_27,Dense 64 -> 16 -> 32 -> 64 -> 64 -> 32 -> 1,mse,adam_27,50,256,1.3943,6008.18017578125,4167.02978515625,4109.67578125,0.4211085567962296,0.7
2026-09-04 13:18:06,multi_repeat_random_states.py,"(1021, 9)",27,sequential_27,Dense 64 -> 16 -> 32 -> 64 -> 64 -> 32 -> 1,mse,adam_27,50,256,1.3996,2967.572509765625,3255.97705078125,2910.974365234375,0.5632670318126843,0.7
2026-09-04 13:18:07,multi_repeat_random_states.py,"(1021, 9)",111,sequential_27,Dense 64 -> 16 -> 32 -> 64 -> 64 -> 32 -> 1,mse,adam_27,50,256,1.3985,3047.442138671875,3184.017578125,3084.511474609375,0.5475860819059634,0.7
2026-09-04 13:18:08,multi_repeat_random_states.py,"(1021, 9)",195,sequential_27,Dense 64 -> 16 -> 32 -> 64 -> 64 -> 32 -> 1,mse,adam_27,50,256,1.4445,4195.9921875,2950.1240234375,2698.797119140625,0.6198457935856934,0.7
2026-09-04 13:18:08,multi_repeat_random_states.py,"(1021, 9)",27,sequential_27,Dense 64 -> 16 -> 32 -> 64 -> 64 -> 32 -> 1,mse,adam_27,50,256,1.3948,2874.953857421875,2783.911376953125,2887.29248046875,0.5668199463774239,0.7
2026-09-04 13:18:10,multi_repeat_random_states.py,"(1021, 9)",112,sequential_28,Dense 64 -> 16 -> 32 -> 64 -> 64 -> 32 -> 1,mse,adam_28,50,256,2.1879,21467.5234375,3379.978271484375,3125.8857421875,0.543744315250414,0.7
2026-09-04 13:18:10,multi_repeat_random_states.py,"(1021, 9)",196,sequential_28,Dense 64 -> 16 -> 32 -> 64 -> 64 -> 32 -> 1,mse,adam_28,50,256,2.1914,111015.2578125,5852.78173828125,5363.8916015625,0.14680318983992446,0.7
2026-09-04 13:18:10,multi_repeat_random_states.py,"(1021, 9)",28,sequential_28,Dense 64 -> 16 -> 32 -> 64 -> 64 -> 32 -> 1,mse,adam_28,50,256,2.2585,115950.5625,5863.83837890625,6028.30029296875,0.12788377330126632,0.7
2026-09-04 13:18:11,multi_repeat_random_states.py,"(1021, 9)",112,sequential_28,Dense 64 -> 16 -> 32 -> 64 -> 64 -> 32 -> 1,mse,adam_28,50,256,1.395,3658.504150390625,3168.20556640625,2742.175048828125,0.5997509337833775,0.7
2026-09-04 13:18:12,multi_repeat_random_states.py,"(1021, 9)",196,sequential_28,Dense 64 -> 16 -> 32 -> 64 -> 64 -> 32 -> 1,mse,adam_28,50,256,1.4383,5862.3359375,3380.442626953125,2941.47705078125,0.5321197695612743,0.7
2026-09-04 13:18:12,multi_repeat_random_states.py,"(1021, 9)",28,sequential_28,Dense 64 -> 16 -> 32 -> 64 -> 64 -> 32 -> 1,mse,adam_28,50,256,1.391,5828.7138671875,3093.11767578125,3804.67529296875,0.4495762776460246,0.7
2026-09-04 13:18:13,multi_repeat_random_states.py,"(1021, 9)",112,sequential_28,Dense 64 -> 16 -> 32 -> 64 -> 64 -> 32 -> 1,mse,adam_28,50,256,1.3834,2960.900634765625,2977.7978515625,2785.079833984375,0.5934885091901174,0.7
2026-09-04 13:18:13,multi_repeat_random_states.py,"(1021, 9)",196,sequential_28,Dense 64 -> 16 -> 32 -> 64 -> 64 -> 32 -> 1,mse,adam_28,50,256,1.4018,3434.384521484375,3052.080810546875,2544.602783203125,0.5952478712533669,0.7
2026-09-04 13:18:13,multi_repeat_random_states.py,"(1021, 9)",28,sequential_28,Dense 64 -> 16 -> 32 -> 64 -> 64 -> 32 -> 1,mse,adam_28,50,256,1.4004,3366.26708984375,2781.529541015625,3118.286865234375,0.5488764277864362,0.7
2026-09-04 13:18:16,multi_repeat_random_states.py,"(1021, 9)",113,sequential_29,Dense 64 -> 16 -> 32 -> 64 -> 64 -> 32 -> 1,mse,adam_29,50,256,2.6208,24053.533203125,3249.511962890625,3854.2197265625,0.4786308141250345,0.7
2026-09-04 13:18:16,multi_repeat_random_states.py,"(1021, 9)",197,sequential_29,Dense 64 -> 16 -> 32 -> 64 -> 64 -> 32 -> 1,mse,adam_29,50,256,2.5163,23969.115234375,2991.694580078125,3349.594482421875,0.5477266482849856,0.7
2026-09-04 13:18:16,multi_repeat_random_states.py,"(1021, 9)",29,sequential_29,Dense 64 -> 16 -> 32 -> 64 -> 64 -> 32 -> 1,mse,adam_29,50,256,2.5268,28287.232421875,3777.84033203125,3347.57568359375,0.4883775653199498,0.7
2026-09-04 13:18:17,multi_repeat_random_states.py,"(1021, 9)",113,sequential_29,Dense 64 -> 16 -> 32 -> 64 -> 64 -> 32 -> 1,mse,adam_29,50,256,1.4066,3043.250732421875,2785.793701171875,3286.93310546875,0.5553689757029828,0.7
2026-09-04 13:18:17,multi_repeat_random_states.py,"(1021, 9)",197,sequential_29,Dense 64 -> 16 -> 32 -> 64 -> 64 -> 32 -> 1,mse,adam_29,50,256,1.4198,2982.70751953125,2987.34765625,3681.431884765625,0.5029208850132469,0.7
2026-09-04 13:18:18,multi_repeat_random_states.py,"(1021, 9)",29,sequential_29,Dense 64 -> 16 -> 32 -> 64 -> 64 -> 32 -> 1,mse,adam_29,50,256,1.4488,3687.956298828125,2984.2880859375,2748.421630859375,0.5799485311459847,0.7
2026-09-04 13:18:19,multi_repeat_random_states.py,"(1021, 9)",113,sequential_29,Dense 64 -> 16 -> 32 -> 64 -> 64 -> 32 -> 1,mse,adam_29,50,256,1.4445,2824.68701171875,2649.6123046875,3188.826416015625,0.5686400992756449,0.7
2026-09-04 13:18:19,multi_repeat_random_states.py,"(1021, 9)",197,sequential_29,Dense 64 -> 16 -> 32 -> 64 -> 64 -> 32 -> 1,mse,adam_29,50,256,1.3963,3001.76806640625,2684.941162109375,3201.339111328125,0.5677445738152194,0.7
2026-09-04 13:18:19,multi_repeat_random_states.py,"(1021, 9)",29,sequential_29,Dense 64 -> 16 -> 32 -> 64 -> 64 -> 32 -> 1,mse,adam_29,50,256,1.4059,3177.447509765625,2898.55712890625,2677.181396484375,0.5908363576669864,0.7
2026-09-04 13:18:21,multi_repeat_random_states.py,"(1021, 9)",114,sequential_30,Dense 64 -> 16 -> 32 -> 64 -> 64 -> 32 -> 1,mse,adam_30,50,256,2.2156,30709.6875,3976.871826171875,3288.322509765625,0.4760681275249483,0.7
2026-09-04 13:18:21,multi_repeat_random_states.py,"(1021, 9)",198,sequential_30,Dense 64 -> 16 -> 32 -> 64 -> 64 -> 32 -> 1,mse,adam_30,50,256,2.1773,29612.265625,3326.908447265625,2891.030517578125,0.591328423585969,0.7
2026-09-04 13:18:22,multi_repeat_random_states.py,"(1021, 9)",30,sequential_30,Dense 64 -> 16 -> 32 -> 64 -> 64 -> 32 -> 1,mse,adam_30,50,256,2.1981,103171.0859375,5419.52880859375,6174.52685546875,0.1687333283961936,0.7
2026-09-04 13:18:23,multi_repeat_random_states.py,"(1021, 9)",114,sequential_30,Dense 64 -> 16 -> 32 -> 64 -> 64 -> 32 -> 1,mse,adam_30,50,256,1.4055,3923.31103515625,3148.115966796875,2614.341064453125,0.58345428021578,0.7
2026-09-04 13:18:23,multi_repeat_random_states.py,"(1021, 9)",198,sequential_30,Dense 64 -> 16 -> 32 -> 64 -> 64 -> 32 -> 1,mse,adam_30,50,256,1.4285,3392.810546875,2938.29931640625,2637.928466796875,0.627106531746628,0.7
2026-09-04 13:18:23,multi_repeat_random_states.py,"(1021, 9)",30,sequential_30,Dense 64 -> 16 -> 32 -> 64 -> 64 -> 32 -> 1,mse,adam_30,50,256,1.44,5362.2939453125,2905.795654296875,2988.88916015625,0.5976106744759293,0.7
2026-09-04 13:18:24,multi_repeat_random_states.py,"(1021, 9)",114,sequential_30,Dense 64 -> 16 -> 32 -> 64 -> 64 -> 32 -> 1,mse,adam_30,50,256,1.4285,3161.158935546875,3197.259765625,2896.951416015625,0.538425662957021,0.7
2026-09-04 13:18:24,multi_repeat_random_states.py,"(1021, 9)",198,sequential_30,Dense 64 -> 16 -> 32 -> 64 -> 64 -> 32 -> 1,mse,adam_30,50,256,1.4283,3036.923583984375,2973.4423828125,2870.972412109375,0.5941638103086828,0.7
2026-09-04 13:18:25,multi_repeat_random_states.py,"(1021, 9)",30,sequential_30,Dense 64 -> 16 -> 32 -> 64 -> 64 -> 32 -> 1,mse,adam_30,50,256,1.4497,2895.5361328125,2943.513427734375,2954.61083984375,0.6022255239019909,0.7
2026-09-04 13:18:27,multi_repeat_random_states.py,"(1021, 9)",115,sequential_31,Dense 64 -> 16 -> 32 -> 64 -> 64 -> 32 -> 1,mse,adam_31,50,256,2.1745,30624.15234375,3484.52587890625,3585.8125,0.5126893104220178,0.7
2026-09-04 13:18:27,multi_repeat_random_states.py,"(1021, 9)",199,sequential_31,Dense 64 -> 16 -> 32 -> 64 -> 64 -> 32 -> 1,mse,adam_31,50,256,2.1811,30320.841796875,3594.107177734375,3968.26220703125,0.45680062204371985,0.7
2026-09-04 13:18:27,multi_repeat_random_states.py,"(1021, 9)",31,sequential_31,Dense 64 -> 16 -> 32 -> 64 -> 64 -> 32 -> 1,mse,adam_31,50,256,2.1966,34920.23046875,3207.290283203125,4045.701171875,0.4200745846564793,0.7
2026-09-04 13:18:28,multi_repeat_random_states.py,"(1021, 9)",115,sequential_31,Dense 64 -> 16 -> 32 -> 64 -> 64 -> 32 -> 1,mse,adam_31,50,256,1.4439,3501.15966796875,3087.557861328125,3033.144775390625,0.5877967288048682,0.7
2026-09-04 13:18:28,multi_repeat_random_states.py,"(1021, 9)",199,sequential_31,Dense 64 -> 16 -> 32 -> 64 -> 64 -> 32 -> 1,mse,adam_31,50,256,1.4095,3388.861572265625,2758.336669921875,3115.77587890625,0.5734940264597681,0.7
2026-09-04 13:18:29,multi_repeat_random_states.py,"(1021, 9)",31,sequential_31,Dense 64 -> 16 -> 32 -> 64 -> 64 -> 32 -> 1,mse,adam_31,50,256,1.3889,3311.484619140625,2854.446533203125,3695.45751953125,0.47027984261270317,0.7
2026-09-04 13:18:30,multi_repeat_random_states.py,"(1021, 9)",115,sequential_31,Dense 64 -> 16 -> 32 -> 64 -> 64 -> 32 -> 1,mse,adam_31,50,256,1.4008,3053.766845703125,2905.788818359375,2982.811279296875,0.5946370798392798,0.7
2026-09-04 13:18:30,multi_repeat_random_states.py,"(1021, 9)",199,sequential_31,Dense 64 -> 16 -> 32 -> 64 -> 64 -> 32 -> 1,mse,adam_31,50,256,1.4691,2722.066162109375,2799.25,3913.851318359375,0.46424867509145895,0.7
2026-09-04 13:18:30,multi_repeat_random_states.py,"(1021, 9)",31,sequential_31,Dense 64 -> 16 -> 32 -> 64 -> 64 -> 32 -> 1,mse,adam_31,50,256,1.3924,3097.535400390625,2733.3642578125,3191.17724609375,0.5425651723759689,0.7
2026-09-04 13:18:32,multi_repeat_random_states.py,"(1021, 9)",116,sequential_32,Dense 64 -> 16 -> 32 -> 64 -> 64 -> 32 -> 1,mse,adam_32,50,256,2.1777,24827.298828125,3406.36328125,2867.580810546875,0.5401289718497952,0.7
2026-09-04 13:18:32,multi_repeat_random_states.py,"(1021, 9)",200,sequential_32,Dense 64 -> 16 -> 32 -> 64 -> 64 -> 32 -> 1,mse,adam_32,50,256,2.1773,24993.14453125,3287.744384765625,2761.679443359375,0.5466811016225088,0.7
2026-09-04 13:18:33,multi_repeat_random_states.py,"(1021, 9)",32,sequential_32,Dense 64 -> 16 -> 32 -> 64 -> 64 -> 32 -> 1,mse,adam_32,50,256,2.196,116087.7421875,5974.49951171875,5695.6533203125,0.14304917323000954,0.7
2026-09-04 13:18:34,multi_repeat_random_states.py,"(1021, 9)",116,sequential_32,Dense 64 -> 16 -> 32 -> 64 -> 64 -> 32 -> 1,mse,adam_32,50,256,1.4088,3420.111572265625,3070.482666015625,2645.377197265625,0.5757634161393133,0.7
2026-09-04 13:18:34,multi_repeat_random_states.py,"(1021, 9)",200,sequential_32,Dense 64 -> 16 -> 32 -> 64 -> 64 -> 32 -> 1,mse,adam_32,50,256,1.4157,3463.555419921875,3044.895263671875,2620.611328125,0.5698368624550099,0.7
2026-09-04 13:18:34,multi_repeat_random_states.py,"(1021, 9)",32,sequential_32,Dense 64 -> 16 -> 32 -> 64 -> 64 -> 32 -> 1,mse,adam_32,50,256,1.3942,5957.7138671875,3366.876953125,3545.128662109375,0.46661059117096515,0.7
2026-09-04 13:18:35,multi_repeat_random_states.py,"(1021, 9)",116,sequential_32,Dense 64 -> 16 -> 32 -> 64 -> 64 -> 32 -> 1,mse,adam_32,50,256,1.4568,3024.93896484375,2964.37060546875,2737.231689453125,0.5610328683280899,0.7
2026-09-04 13:18:35,multi_repeat_random_states.py,"(1021, 9)",200,sequential_32,Dense 64 -> 16 -> 32 -> 64 -> 64 -> 32 -> 1,mse,adam_32,50,256,1.4059,3023.485107421875,3098.56787109375,2644.270751953125,0.5659532292556584,0.7
2026-09-04 13:18:36,multi_repeat_random_states.py,"(1021, 9)",32,sequential_32,Dense 64 -> 16 -> 32 -> 64 -> 64 -> 32 -> 1,mse,adam_32,50,256,1.4056,3345.3369140625,2956.385986328125,3255.88037109375,0.5101300684724561,0.7
2026-09-04 13:18:38,multi_repeat_random_states.py,"(1021, 9)",201,sequential_33,Dense 64 -> 16 -> 32 -> 64 -> 64 -> 32 -> 1,mse,adam_33,50,256,2.1654,15143.603515625,3469.150634765625,3015.8935546875,0.5409636539853966,0.7
2026-09-04 13:18:38,multi_repeat_random_states.py,"(1021, 9)",117,sequential_33,Dense 64 -> 16 -> 32 -> 64 -> 64 -> 32 -> 1,mse,adam_33,50,256,2.1591,18390.51953125,3151.80224609375,3167.453369140625,0.5247020578484216,0.7
2026-09-04 13:18:38,multi_repeat_random_states.py,"(1021, 9)",33,sequential_33,Dense 64 -> 16 -> 32 -> 64 -> 64 -> 32 -> 1,mse,adam_33,50,256,2.1744,34862.62890625,3750.6025390625,5077.54833984375,0.3005140993904437,0.7
2026-09-04 13:18:39,multi_repeat_random_states.py,"(1021, 9)",201,sequential_33,Dense 64 -> 16 -> 32 -> 64 -> 64 -> 32 -> 1,mse,adam_33,50,256,1.3891,3804.804931640625,3173.169677734375,2854.71435546875,0.5654960710226373,0.7
2026-09-04 13:18:39,multi_repeat_random_states.py,"(1021, 9)",117,sequential_33,Dense 64 -> 16 -> 32 -> 64 -> 64 -> 32 -> 1,mse,adam_33,50,256,1.3876,3123.049072265625,2855.096435546875,2932.912109375,0.5598966230591309,0.7
2026-09-04 13:18:40,multi_repeat_random_states.py,"(1021, 9)",33,sequential_33,Dense 64 -> 16 -> 32 -> 64 -> 64 -> 32 -> 1,mse,adam_33,50,256,1.4579,3903.565185546875,3025.08056640625,3389.402099609375,0.5330741490445965,0.7
2026-09-04 13:18:41,multi_repeat_random_states.py,"(1021, 9)",201,sequential_33,Dense 64 -> 16 -> 32 -> 64 -> 64 -> 32 -> 1,mse,adam_33,50,256,1.4037,3257.063720703125,3069.103515625,2621.237060546875,0.601032674032886,0.7
2026-09-04 13:18:41,multi_repeat_random_states.py,"(1021, 9)",117,sequential_33,Dense 64 -> 16 -> 32 -> 64 -> 64 -> 32 -> 1,mse,adam_33,50,256,1.4408,2821.654052734375,2975.00537109375,3047.04248046875,0.5427705062565878,0.7
2026-09-04 13:18:41,multi_repeat_random_states.py,"(1021, 9)",33,sequential_33,Dense 64 -> 16 -> 32 -> 64 -> 64 -> 32 -> 1,mse,adam_33,50,256,1.4121,2930.6416015625,2754.89697265625,4005.0625,0.44826038709534133,0.7
2026-09-04 13:18:43,multi_repeat_random_states.py,"(1021, 9)",202,sequential_34,Dense 64 -> 16 -> 32 -> 64 -> 64 -> 32 -> 1,mse,adam_34,50,256,2.1651,130275.8359375,6040.310546875,5905.123046875,0.08748410815004659,0.7
2026-09-04 13:18:43,multi_repeat_random_states.py,"(1021, 9)",118,sequential_34,Dense 64 -> 16 -> 32 -> 64 -> 64 -> 32 -> 1,mse,adam_34,50,256,2.1714,31386.62890625,4193.6416015625,3806.9423828125,0.39416613264269695,0.7
2026-09-04 13:18:43,multi_repeat_random_states.py,"(1021, 9)",34,sequential_34,Dense 64 -> 16 -> 32 -> 64 -> 64 -> 32 -> 1,mse,adam_34,50,256,2.187,30177.849609375,3679.99169921875,3879.166259765625,0.4151280259712328,0.7
2026-09-04 13:18:45,multi_repeat_random_states.py,"(1021, 9)",202,sequential_34,Dense 64 -> 16 -> 32 -> 64 -> 64 -> 32 -> 1,mse,adam_34,50,256,1.4474,6018.70361328125,3175.58154296875,3076.1171875,0.5246490834539221,0.7
2026-09-04 13:18:45,multi_repeat_random_states.py,"(1021, 9)",118,sequential_34,Dense 64 -> 16 -> 32 -> 64 -> 64 -> 32 -> 1,mse,adam_34,50,256,1.4042,3842.41796875,2888.4990234375,3079.53759765625,0.5099247268627222,0.7
2026-09-04 13:18:45,multi_repeat_random_states.py,"(1021, 9)",34,sequential_34,Dense 64 -> 16 -> 32 -> 64 -> 64 -> 32 -> 1,mse,adam_34,50,256,1.4077,3580.137939453125,3226.87255859375,3228.627197265625,0.5132114891588059,0.7
2026-09-04 13:18:46,multi_repeat_random_states.py,"(1021, 9)",202,sequential_34,Dense 64 -> 16 -> 32 -> 64 -> 64 -> 32 -> 1,mse,adam_34,50,256,1.4232,3070.448486328125,2905.580322265625,2893.936279296875,0.5528013600033964,0.7
2026-09-04 13:18:46,multi_repeat_random_states.py,"(1021, 9)",118,sequential_34,Dense 64 -> 16 -> 32 -> 64 -> 64 -> 32 -> 1,mse,adam_34,50,256,1.4177,2878.8857421875,2856.584716796875,3041.95947265625,0.5159048525820649,0.7
2026-09-04 13:18:46,multi_repeat_random_states.py,"(1021, 9)",34,sequential_34,Dense 64 -> 16 -> 32 -> 64 -> 64 -> 32 -> 1,mse,adam_34,50,256,1.4026,3285.74755859375,2922.7626953125,2784.17041015625,0.580223412349444,0.7
2026-09-04 13:18:49,multi_repeat_random_states.py,"(1021, 9)",203,sequential_35,Dense 64 -> 16 -> 32 -> 64 -> 64 -> 32 -> 1,mse,adam_35,50,256,2.1617,28629.025390625,3915.332275390625,3862.3662109375,0.46328167164419065,0.7
2026-09-04 13:18:49,multi_repeat_random_states.py,"(1021, 9)",119,sequential_35,Dense 64 -> 16 -> 32 -> 64 -> 64 -> 32 -> 1,mse,adam_35,50,256,2.1691,26246.0390625,3550.68701171875,4055.953369140625,0.4656925163608665,0.7
2026-09-04 13:18:49,multi_repeat_random_states.py,"(1021, 9)",35,sequential_35,Dense 64 -> 16 -> 32 -> 64 -> 64 -> 32 -> 1,mse,adam_35,50,256,2.1956,40085.99609375,4731.8271484375,5562.04638671875,0.2858114136511004,0.7
2026-09-04 13:18:50,multi_repeat_random_states.py,"(1021, 9)",203,sequential_35,Dense 64 -> 16 -> 32 -> 64 -> 64 -> 32 -> 1,mse,adam_35,50,256,1.4147,3768.447021484375,3136.2060546875,3062.918212890625,0.5743737814827878,0.7
2026-09-04 13:18:50,multi_repeat_random_states.py,"(1021, 9)",119,sequential_35,Dense 64 -> 16 -> 32 -> 64 -> 64 -> 32 -> 1,mse,adam_35,50,256,1.413,3766.63525390625,2861.087646484375,3466.248046875,0.5433768512258853,0.7
2026-09-04 13:18:50,multi_repeat_random_states.py,"(1021, 9)",35,sequential_35,Dense 64 -> 16 -> 32 -> 64 -> 64 -> 32 -> 1,mse,adam_35,50,256,1.4523,4660.94921875,2730.14453125,3417.622314453125,0.5611638317036041,0.7
2026-09-04 13:18:52,multi_repeat_random_states.py,"(1021, 9)",203,sequential_35,Dense 64 -> 16 -> 32 -> 64 -> 64 -> 32 -> 1,mse,adam_35,50,256,1.3904,3047.32470703125,2774.605224609375,2945.183837890625,0.5907342813529038,0.7
2026-09-04 13:18:52,multi_repeat_random_states.py,"(1021, 9)",119,sequential_35,Dense 64 -> 16 -> 32 -> 64 -> 64 -> 32 -> 1,mse,adam_35,50,256,1.3955,2930.86376953125,2737.59326171875,3194.745361328125,0.5791430184285475,0.7
2026-09-04 13:18:52,multi_repeat_random_states.py,"(1021, 9)",35,sequential_35,Dense 64 -> 16 -> 32 -> 64 -> 64 -> 32 -> 1,mse,adam_35,50,256,1.3846,2965.661376953125,2715.1748046875,3494.262451171875,0.5513229585888892,0.7
2026-09-04 13:18:54,multi_repeat_random_states.py,"(1021, 9)",204,sequential_36,Dense 64 -> 16 -> 32 -> 64 -> 64 -> 32 -> 1,mse,adam_36,50,256,2.1773,46031.34375,3865.97900390625,3805.269287109375,0.46069735658383393,0.7
2026-09-04 13:18:54,multi_repeat_random_states.py,"(1021, 9)",120,sequential_36,Dense 64 -> 16 -> 32 -> 64 -> 64 -> 32 -> 1,mse,adam_36,50,256,2.162,38225.59375,4088.082763671875,5746.607421875,0.29511144657377697,0.7
2026-09-04 13:18:55,multi_repeat_random_states.py,"(1021, 9)",36,sequential_36,Dense 64 -> 16 -> 32 -> 64 -> 64 -> 32 -> 1,mse,adam_36,50,256,2.3232,103089.6171875,5310.15478515625,6158.31884765625,0.19663166411283373,0.7
2026-09-04 13:18:56,multi_repeat_random_states.py,"(1021, 9)",204,sequential_36,Dense 64 -> 16 -> 32 -> 64 -> 64 -> 32 -> 1,mse,adam_36,50,256,1.4188,3587.915283203125,2819.402099609375,3187.687744140625,0.5482243014897838,0.7
2026-09-04 13:18:56,multi_repeat_random_states.py,"(1021, 9)",120,sequential_36,Dense 64 -> 16 -> 32 -> 64 -> 64 -> 32 -> 1,mse,adam_36,50,256,1.4558,4104.6630859375,2854.218017578125,3879.10595703125,0.5241823442556408,0.7
2026-09-04 13:18:56,multi_repeat_random_states.py,"(1021, 9)",36,sequential_36,Dense 64 -> 16 -> 32 -> 64 -> 64 -> 32 -> 1,mse,adam_36,50,256,1.4004,5246.55615234375,3266.230712890625,3419.258056640625,0.5539490992801497,0.7
2026-09-04 13:18:57,multi_repeat_random_states.py,"(1021, 9)",204,sequential_36,Dense 64 -> 16 -> 32 -> 64 -> 64 -> 32 -> 1,mse,adam_36,50,256,1.3999,2816.294189453125,2962.591796875,3144.933837890625,0.5542835903745758,0.7
2026-09-04 13:18:57,multi_repeat_random_states.py,"(1021, 9)",120,sequential_36,Dense 64 -> 16 -> 32 -> 64 -> 64 -> 32 -> 1,mse,adam_36,50,256,1.3976,2653.151611328125,2750.835205078125,4653.806640625,0.4291563116116315,0.7
2026-09-04 13:18:58,multi_repeat_random_states.py,"(1021, 9)",36,sequential_36,Dense 64 -> 16 -> 32 -> 64 -> 64 -> 32 -> 1,mse,adam_36,50,256,1.3821,3289.542724609375,2693.932861328125,3270.796630859375,0.5733163189312623,0.7
2026-09-04 13:18:59,multi_repeat_random_states.py,"(1021, 9)",205,sequential_37,Dense 64 -> 16 -> 32 -> 64 -> 64 -> 32 -> 1,mse,adam_37,50,256,2.1888,32946.90625,3885.6611328125,4188.63134765625,0.4193914033636531,0.7
2026-09-04 13:19:00,multi_repeat_random_states.py,"(1021, 9)",121,sequential_37,Dense 64 -> 16 -> 32 -> 64 -> 64 -> 32 -> 1,mse,adam_37,50,256,2.1767,24084.9609375,3699.260009765625,4057.5615234375,0.39543483912115995,0.7
2026-09-04 13:19:00,multi_repeat_random_states.py,"(1021, 9)",37,sequential_37,Dense 64 -> 16 -> 32 -> 64 -> 64 -> 32 -> 1,mse,adam_37,50,256,2.2169,61171.6953125,4474.0205078125,4194.32373046875,0.36448869259893113,0.7
2026-09-04 13:19:01,multi_repeat_random_states.py,"(1021, 9)",205,sequential_37,Dense 64 -> 16 -> 32 -> 64 -> 64 -> 32 -> 1,mse,adam_37,50,256,1.4155,3979.066162109375,2837.755126953125,3137.33544921875,0.565117214942348,0.7
2026-09-04 13:19:01,multi_repeat_random_states.py,"(1021, 9)",121,sequential_37,Dense 64 -> 16 -> 32 -> 64 -> 64 -> 32 -> 1,mse,adam_37,50,256,1.4824,3832.88330078125,3547.093505859375,3336.605224609375,0.5028552965237509,0.7
2026-09-04 13:19:02,multi_repeat_random_states.py,"(1021, 9)",37,sequential_37,Dense 64 -> 16 -> 32 -> 64 -> 64 -> 32 -> 1,mse,adam_37,50,256,1.4406,4339.5830078125,3253.257568359375,2770.891845703125,0.5801628082343007,0.7
2026-09-04 13:19:03,multi_repeat_random_states.py,"(1021, 9)",205,sequential_37,Dense 64 -> 16 -> 32 -> 64 -> 64 -> 32 -> 1,mse,adam_37,50,256,1.4232,2784.89013671875,2884.71923828125,3259.607421875,0.5481684644756171,0.7
2026-09-04 13:19:03,multi_repeat_random_states.py,"(1021, 9)",121,sequential_37,Dense 64 -> 16 -> 32 -> 64 -> 64 -> 32 -> 1,mse,adam_37,50,256,1.3908,3779.439208984375,2950.66357421875,2733.984130859375,0.5926441570421571,0.7
2026-09-04 13:19:03,multi_repeat_random_states.py,"(1021, 9)",37,sequential_37,Dense 64 -> 16 -> 32 -> 64 -> 64 -> 32 -> 1,mse,adam_37,50,256,1.4364,2888.300537109375,3019.40625,2842.63671875,0.5692922541037946,0.7
2026-09-04 13:19:05,multi_repeat_random_states.py,"(1021, 9)",206,sequential_38,Dense 64 -> 16 -> 32 -> 64 -> 64 -> 32 -> 1,mse,adam_38,50,256,2.5995,109205.421875,4991.29443359375,5298.77490234375,0.2840218179450805,0.7
2026-09-04 13:19:06,multi_repeat_random_states.py,"(1021, 9)",122,sequential_38,Dense 64 -> 16 -> 32 -> 64 -> 64 -> 32 -> 1,mse,adam_38,50,256,2.6313,65235.984375,4432.1943359375,4155.91357421875,0.3950549238146258,0.7
2026-09-04 13:19:06,multi_repeat_random_states.py,"(1021, 9)",38,sequential_38,Dense 64 -> 16 -> 32 -> 64 -> 64 -> 32 -> 1,mse,adam_38,50,256,2.6153,40082.37890625,4674.615234375,3934.667236328125,0.44149872629789866,0.7
2026-09-04 13:19:07,multi_repeat_random_states.py,"(1021, 9)",206,sequential_38,Dense 64 -> 16 -> 32 -> 64 -> 64 -> 32 -> 1,mse,adam_38,50,256,1.3952,4917.1767578125,2944.458740234375,3126.531005859375,0.5775385788255648,0.7
2026-09-04 13:19:07,multi_repeat_random_states.py,"(1021, 9)",122,sequential_38,Dense 64 -> 16 -> 32 -> 64 -> 64 -> 32 -> 1,mse,adam_38,50,256,1.3797,4350.25732421875,3181.93017578125,3051.232421875,0.5558551112350785,0.7
2026-09-04 13:19:07,multi_repeat_random_states.py,"(1021, 9)",38,sequential_38,Dense 64 -> 16 -> 32 -> 64 -> 64 -> 32 -> 1,mse,adam_38,50,256,1.3986,4011.955078125,3351.333984375,2865.759033203125,0.5932235052828154,0.7
2026-09-04 13:19:08,multi_repeat_random_states.py,"(1021, 9)",206,sequential_38,Dense 64 -> 16 -> 32 -> 64 -> 64 -> 32 -> 1,mse,adam_38,50,256,1.4553,2863.8466796875,2801.1572265625,3095.004638671875,0.5817985173485098,0.7
2026-09-04 13:19:09,multi_repeat_random_states.py,"(1021, 9)",122,sequential_38,Dense 64 -> 16 -> 32 -> 64 -> 64 -> 32 -> 1,mse,adam_38,50,256,1.4078,3144.278076171875,3098.984375,2975.668212890625,0.5668544076223205,0.7
2026-09-04 13:19:09,multi_repeat_random_states.py,"(1021, 9)",38,sequential_38,Dense 64 -> 16 -> 32 -> 64 -> 64 -> 32 -> 1,mse,adam_38,50,256,1.3892,3131.886474609375,2957.609619140625,2812.062744140625,0.6008453232087285,0.7
2026-09-04 13:19:11,multi_repeat_random_states.py,"(1021, 9)",207,sequential_39,Dense 64 -> 16 -> 32 -> 64 -> 64 -> 32 -> 1,mse,adam_39,50,256,2.2424,51556.25390625,4550.30419921875,4516.2421875,0.3740019717232166,0.7
2026-09-04 13:19:11,multi_repeat_random_states.py,"(1021, 9)",123,sequential_39,Dense 64 -> 16 -> 32 -> 64 -> 64 -> 32 -> 1,mse,adam_39,50,256,2.1793,19207.490234375,3163.23388671875,2602.290771484375,0.5689395023367856,0.7
2026-09-04 13:19:11,multi_repeat_random_states.py,"(1021, 9)",39,sequential_39,Dense 64 -> 16 -> 32 -> 64 -> 64 -> 32 -> 1,mse,adam_39,50,256,2.2323,108139.484375,5365.17724609375,5264.2998046875,0.1994692700689641,0.7
2026-09-04 13:19:12,multi_repeat_random_states.py,"(1021, 9)",207,sequential_39,Dense 64 -> 16 -> 32 -> 64 -> 64 -> 32 -> 1,mse,adam_39,50,256,1.3847,4402.16162109375,3393.468505859375,3303.6083984375,0.5420855935956745,0.7
2026-09-04 13:19:12,multi_repeat_random_states.py,"(1021, 9)",123,sequential_39,Dense 64 -> 16 -> 32 -> 64 -> 64 -> 32 -> 1,mse,adam_39,50,256,1.4323,3242.066162109375,3062.35302734375,2646.47607421875,0.561620336838202,0.7
2026-09-04 13:19:13,multi_repeat_random_states.py,"(1021, 9)",39,sequential_39,Dense 64 -> 16 -> 32 -> 64 -> 64 -> 32 -> 1,mse,adam_39,50,256,1.433,5313.958984375,2997.32373046875,2872.05419921875,0.5632528747253724,0.7
2026-09-04 13:19:14,multi_repeat_random_states.py,"(1021, 9)",207,sequential_39,Dense 64 -> 16 -> 32 -> 64 -> 64 -> 32 -> 1,mse,adam_39,50,256,1.3961,3327.919189453125,2868.4931640625,2956.221435546875,0.5902370361780841,0.7
2026-09-04 13:19:14,multi_repeat_random_states.py,"(1021, 9)",123,sequential_39,Dense 64 -> 16 -> 32 -> 64 -> 64 -> 32 -> 1,mse,adam_39,50,256,1.3961,3098.939208984375,3261.2783203125,3975.267578125,0.3415105602609524,0.7
2026-09-04 13:19:15,multi_repeat_random_states.py,"(1021, 9)",39,sequential_39,Dense 64 -> 16 -> 32 -> 64 -> 64 -> 32 -> 1,mse,adam_39,50,256,1.4371,2914.240966796875,2938.26708984375,2815.94482421875,0.5717853455135049,0.7
2026-09-04 13:19:17,multi_repeat_random_states.py,"(1021, 9)",208,sequential_40,Dense 64 -> 16 -> 32 -> 64 -> 64 -> 32 -> 1,mse,adam_40,50,256,2.3534,78373.3828125,5766.1123046875,5004.841796875,0.21966907993879325,0.7
2026-09-04 13:19:17,multi_repeat_random_states.py,"(1021, 9)",124,sequential_40,Dense 64 -> 16 -> 32 -> 64 -> 64 -> 32 -> 1,mse,adam_40,50,256,2.3497,39629.65234375,3945.80517578125,4376.962890625,0.41488256721957384,0.7
2026-09-04 13:19:17,multi_repeat_random_states.py,"(1021, 9)",40,sequential_40,Dense 64 -> 16 -> 32 -> 64 -> 64 -> 32 -> 1,mse,adam_40,50,256,2.4057,18680.26953125,3102.453369140625,3029.957763671875,0.5211533305729528,0.7
2026-09-04 13:19:18,multi_repeat_random_states.py,"(1021, 9)",208,sequential_40,Dense 64 -> 16 -> 32 -> 64 -> 64 -> 32 -> 1,mse,adam_40,50,256,1.5021,5671.259765625,4134.06640625,2944.046630859375,0.5409784394846513,0.7
2026-09-04 13:19:18,multi_repeat_random_states.py,"(1021, 9)",124,sequential_40,Dense 64 -> 16 -> 32 -> 64 -> 64 -> 32 -> 1,mse,adam_40,50,256,1.4781,3943.65625,2845.481201171875,2938.093017578125,0.6072323817365092,0.7
2026-09-04 13:19:19,multi_repeat_random_states.py,"(1021, 9)",40,sequential_40,Dense 64 -> 16 -> 32 -> 64 -> 64 -> 32 -> 1,mse,adam_40,50,256,1.4425,3199.966796875,2917.982421875,2678.99462890625,0.5766187348849529,0.7
2026-09-04 13:19:20,multi_repeat_random_states.py,"(1021, 9)",208,sequential_40,Dense 64 -> 16 -> 32 -> 64 -> 64 -> 32 -> 1,mse,adam_40,50,256,1.4489,4327.33544921875,2957.51025390625,2587.413818359375,0.5965828403699269,0.7
2026-09-04 13:19:20,multi_repeat_random_states.py,"(1021, 9)",124,sequential_40,Dense 64 -> 16 -> 32 -> 64 -> 64 -> 32 -> 1,mse,adam_40,50,256,1.5124,2827.577880859375,2875.19677734375,2922.013427734375,0.6093819122492624,0.7
2026-09-04 13:19:20,multi_repeat_random_states.py,"(1021, 9)",40,sequential_40,Dense 64 -> 16 -> 32 -> 64 -> 64 -> 32 -> 1,mse,adam_40,50,256,1.4548,2880.1884765625,3292.88037109375,3341.936279296875,0.4718490181896766,0.7
2026-09-04 13:19:22,multi_repeat_random_states.py,"(1021, 9)",209,sequential_41,Dense 64 -> 16 -> 32 -> 64 -> 64 -> 32 -> 1,mse,adam_41,50,256,2.3666,32165.3828125,3131.845458984375,2688.5009765625,0.5857880765645186,0.7
2026-09-04 13:19:22,multi_repeat_random_states.py,"(1021, 9)",125,sequential_41,Dense 64 -> 16 -> 32 -> 64 -> 64 -> 32 -> 1,mse,adam_41,50,256,2.4036,172523.1875,5351.962890625,5932.353515625,0.18361097907428192,0.7
2026-09-04 13:19:23,multi_repeat_random_states.py,"(1021, 9)",41,sequential_41,Dense 64 -> 16 -> 32 -> 64 -> 64 -> 32 -> 1,mse,adam_41,50,256,2.4122,31957.322265625,4026.232177734375,3759.126953125,0.45818259003120554,0.7
2026-09-04 13:19:24,multi_repeat_random_states.py,"(1021, 9)",209,sequential_41,Dense 64 -> 16 -> 32 -> 64 -> 64 -> 32 -> 1,mse,adam_41,50,256,1.4396,3184.8603515625,3008.58203125,2779.416748046875,0.5717808939870954,0.7
2026-09-04 13:19:24,multi_repeat_random_states.py,"(1021, 9)",125,sequential_41,Dense 64 -> 16 -> 32 -> 64 -> 64 -> 32 -> 1,mse,adam_41,50,256,1.4395,5297.73583984375,2939.134521484375,3198.724365234375,0.559803120376281,0.7
2026-09-04 13:19:25,multi_repeat_random_states.py,"(1021, 9)",41,sequential_41,Dense 64 -> 16 -> 32 -> 64 -> 64 -> 32 -> 1,mse,adam_41,50,256,1.3883,3916.6494140625,2986.32958984375,2600.9892578125,0.6251094225217427,0.7
2026-09-04 13:19:25,multi_repeat_random_states.py,"(1021, 9)",209,sequential_41,Dense 64 -> 16 -> 32 -> 64 -> 64 -> 32 -> 1,mse,adam_41,50,256,1.445,3007.0283203125,3011.3828125,2684.092529296875,0.5864672665698236,0.7
2026-09-04 13:19:26,multi_repeat_random_states.py,"(1021, 9)",125,sequential_41,Dense 64 -> 16 -> 32 -> 64 -> 64 -> 32 -> 1,mse,adam_41,50,256,1.4456,2947.485107421875,2808.57421875,2985.34521484375,0.589167557228589,0.7
2026-09-04 13:19:26,multi_repeat_random_states.py,"(1021, 9)",41,sequential_41,Dense 64 -> 16 -> 32 -> 64 -> 64 -> 32 -> 1,mse,adam_41,50,256,1.3726,2992.418701171875,2971.044189453125,2604.602783203125,0.6245885987170283,0.7
2026-09-04 13:19:28,multi_repeat_random_states.py,"(1021, 9)",210,sequential_42,Dense 64 -> 16 -> 32 -> 64 -> 64 -> 32 -> 1,mse,adam_42,50,256,2.2242,28701.419921875,3872.052734375,3349.08984375,0.46284939248739165,0.7
2026-09-04 13:19:28,multi_repeat_random_states.py,"(1021, 9)",126,sequential_42,Dense 64 -> 16 -> 32 -> 64 -> 64 -> 32 -> 1,mse,adam_42,50,256,2.2223,218610.59375,5936.7392578125,5568.68359375,0.16413988818080638,0.7
2026-09-04 13:19:29,multi_repeat_random_states.py,"(1021, 9)",42,sequential_42,Dense 64 -> 16 -> 32 -> 64 -> 64 -> 32 -> 1,mse,adam_42,50,256,2.2991,46268.62890625,5350.05712890625,5363.37841796875,0.2275911505361995,0.7
2026-09-04 13:19:29,multi_repeat_random_states.py,"(1021, 9)",210,sequential_42,Dense 64 -> 16 -> 32 -> 64 -> 64 -> 32 -> 1,mse,adam_42,50,256,1.4558,3534.070068359375,2938.35595703125,3131.319580078125,0.4977768914383911,0.7
2026-09-04 13:19:30,multi_repeat_random_states.py,"(1021, 9)",126,sequential_42,Dense 64 -> 16 -> 32 -> 64 -> 64 -> 32 -> 1,mse,adam_42,50,256,1.4565,5921.9794921875,3359.27197265625,2938.705078125,0.5588999129484428,0.7
2026-09-04 13:19:30,multi_repeat_random_states.py,"(1021, 9)",42,sequential_42,Dense 64 -> 16 -> 32 -> 64 -> 64 -> 32 -> 1,mse,adam_42,50,256,1.436,5282.2314453125,3065.31982421875,3010.0986328125,0.5664995799681207,0.7
2026-09-04 13:19:31,multi_repeat_random_states.py,"(1021, 9)",210,sequential_42,Dense 64 -> 16 -> 32 -> 64 -> 64 -> 32 -> 1,mse,adam_42,50,256,1.484,2932.8564453125,2925.51025390625,3637.968994140625,0.4165169961744677,0.7
2026-09-04 13:19:31,multi_repeat_random_states.py,"(1021, 9)",126,sequential_42,Dense 64 -> 16 -> 32 -> 64 -> 64 -> 32 -> 1,mse,adam_42,50,256,1.5491,3388.029296875,2938.285888671875,2667.45068359375,0.5996152389108167,0.7
2026-09-04 13:19:32,multi_repeat_random_states.py,"(1021, 9)",42,sequential_42,Dense 64 -> 16 -> 32 -> 64 -> 64 -> 32 -> 1,mse,adam_42,50,256,1.4506,2951.98291015625,2922.776611328125,2988.140869140625,0.5696619085774575,0.7
2026-09-04 13:19:34,multi_repeat_random_states.py,"(1021, 9)",211,sequential_43,Dense 64 -> 16 -> 32 -> 64 -> 64 -> 32 -> 1,mse,adam_43,50,256,2.279,41052.109375,3696.9521484375,3305.89794921875,0.5480277978524649,0.7
2026-09-04 13:19:34,multi_repeat_random_states.py,"(1021, 9)",127,sequential_43,Dense 64 -> 16 -> 32 -> 64 -> 64 -> 32 -> 1,mse,adam_43,50,256,2.2819,933520.1875,6280.271484375,6277.998046875,0.055022020182886155,0.7
2026-09-04 13:19:34,multi_repeat_random_states.py,"(1021, 9)",43,sequential_43,Dense 64 -> 16 -> 32 -> 64 -> 64 -> 32 -> 1,mse,adam_43,50,256,2.3224,29662.81640625,3539.413330078125,3553.294189453125,0.4917082854699264,0.7
2026-09-04 13:19:35,multi_repeat_random_states.py,"(1021, 9)",211,sequential_43,Dense 64 -> 16 -> 32 -> 64 -> 64 -> 32 -> 1,mse,adam_43,50,256,1.4744,3420.255615234375,2910.09033203125,2782.597900390625,0.6195717400209699,0.7
2026-09-04 13:19:35,multi_repeat_random_states.py,"(1021, 9)",127,sequential_43,Dense 64 -> 16 -> 32 -> 64 -> 64 -> 32 -> 1,mse,adam_43,50,256,1.5227,6272.4423828125,5696.724609375,5686.7744140625,0.1440144070385807,0.7
2026-09-04 13:19:36,multi_repeat_random_states.py,"(1021, 9)",43,sequential_43,Dense 64 -> 16 -> 32 -> 64 -> 64 -> 32 -> 1,mse,adam_43,50,256,1.4864,3458.43115234375,3082.179931640625,2950.674560546875,0.5779118673875905,0.7
2026-09-04 13:19:37,multi_repeat_random_states.py,"(1021, 9)",211,sequential_43,Dense 64 -> 16 -> 32 -> 64 -> 64 -> 32 -> 1,mse,adam_43,50,256,1.4772,3004.952392578125,3020.3232421875,2865.3525390625,0.6082578232677203,0.7
2026-09-04 13:19:37,multi_repeat_random_states.py,"(1021, 9)",127,sequential_43,Dense 64 -> 16 -> 32 -> 64 -> 64 -> 32 -> 1,mse,adam_43,50,256,1.4698,5671.271484375,4114.75732421875,4092.103759765625,0.3840477546082458,0.7
2026-09-04 13:19:37,multi_repeat_random_states.py,"(1021, 9)",43,sequential_43,Dense 64 -> 16 -> 32 -> 64 -> 64 -> 32 -> 1,mse,adam_43,50,256,1.4593,3206.152099609375,3050.308349609375,2937.668701171875,0.5797723280037191,0.7
2026-09-04 13:19:39,multi_repeat_random_states.py,"(1021, 9)",212,sequential_44,Dense 64 -> 16 -> 32 -> 64 -> 64 -> 32 -> 1,mse,adam_44,50,256,2.2665,96643.8984375,5114.6689453125,4965.47021484375,0.2408124505014495,0.7
2026-09-04 13:19:39,multi_repeat_random_states.py,"(1021, 9)",128,sequential_44,Dense 64 -> 16 -> 32 -> 64 -> 64 -> 32 -> 1,mse,adam_44,50,256,2.2368,24275.40625,3166.587890625,3687.473388671875,0.45108778906941294,0.7
2026-09-04 13:19:40,multi_repeat_random_states.py,"(1021, 9)",44,sequential_44,Dense 64 -> 16 -> 32 -> 64 -> 64 -> 32 -> 1,mse,adam_44,50,256,2.278,50571.2578125,4699.18701171875,4586.33154296875,0.3510319764776708,0.7
2026-09-04 13:19:41,multi_repeat_random_states.py,"(1021, 9)",212,sequential_44,Dense 64 -> 16 -> 32 -> 64 -> 64 -> 32 -> 1,mse,adam_44,50,256,1.4056,5106.9541015625,2919.32568359375,2768.14990234375,0.5767682339383524,0.7
2026-09-04 13:19:41,multi_repeat_random_states.py,"(1021, 9)",128,sequential_44,Dense 64 -> 16 -> 32 -> 64 -> 64 -> 32 -> 1,mse,adam_44,50,256,1.3922,3449.6103515625,2836.96728515625,3246.665283203125,0.5167058471016215,0.7
2026-09-04 13:19:41,multi_repeat_random_states.py,"(1021, 9)",44,sequential_44,Dense 64 -> 16 -> 32 -> 64 -> 64 -> 32 -> 1,mse,adam_44,50,256,1.4001,4697.8115234375,2903.137451171875,2864.34130859375,0.5946942885640909,0.7
2026-09-04 13:19:42,multi_repeat_random_states.py,"(1021, 9)",212,sequential_44,Dense 64 -> 16 -> 32 -> 64 -> 64 -> 32 -> 1,mse,adam_44,50,256,1.4585,2917.056396484375,2876.180908203125,2858.93798828125,0.5628873013399938,0.7
2026-09-04 13:19:42,multi_repeat_random_states.py,"(1021, 9)",128,sequential_44,Dense 64 -> 16 -> 32 -> 64 -> 64 -> 32 -> 1,mse,adam_44,50,256,1.4339,2874.7138671875,2821.12890625,3103.61376953125,0.538000272000696,0.7
2026-09-04 13:19:43,multi_repeat_random_states.py,"(1021, 9)",44,sequential_44,Dense 64 -> 16 -> 32 -> 64 -> 64 -> 32 -> 1,mse,adam_44,50,256,1.4253,2890.46728515625,3401.15869140625,3004.847900390625,0.5748126035243837,0.7
2026-09-04 13:19:45,multi_repeat_random_states.py,"(1021, 9)",213,sequential_45,Dense 64 -> 16 -> 32 -> 64 -> 64 -> 32 -> 1,mse,adam_45,50,256,2.1732,38283.01171875,4097.4375,5106.265625,0.2388925201359875,0.7
2026-09-04 13:19:45,multi_repeat_random_states.py,"(1021, 9)",129,sequential_45,Dense 64 -> 16 -> 32 -> 64 -> 64 -> 32 -> 1,mse,adam_45,50,256,2.1748,83753.2734375,5191.32373046875,5482.0107421875,0.19409448054970713,0.7
2026-09-04 13:19:46,multi_repeat_random_states.py,"(1021, 9)",45,sequential_45,Dense 64 -> 16 -> 32 -> 64 -> 64 -> 32 -> 1,mse,adam_45,50,256,2.3206,48084.16796875,4626.78515625,4938.27734375,0.32281534967509384,0.7
2026-09-04 13:19:46,multi_repeat_random_states.py,"(1021, 9)",213,sequential_45,Dense 64 -> 16 -> 32 -> 64 -> 64 -> 32 -> 1,mse,adam_45,50,256,1.4369,4585.86767578125,3027.9912109375,2932.4853515625,0.5629023197769278,0.7
2026-09-04 13:19:46,multi_repeat_random_states.py,"(1021, 9)",129,sequential_45,Dense 64 -> 16 -> 32 -> 64 -> 64 -> 32 -> 1,mse,adam_45,50,256,1.4353,5122.134765625,2827.8984375,3096.11669921875,0.5448426210137054,0.7
2026-09-04 13:19:47,multi_repeat_random_states.py,"(1021, 9)",45,sequential_45,Dense 64 -> 16 -> 32 -> 64 -> 64 -> 32 -> 1,mse,adam_45,50,256,1.3975,4621.677734375,3732.67822265625,2841.827880859375,0.6103008818084013,0.7
2026-09-04 13:19:48,multi_repeat_random_states.py,"(1021, 9)",213,sequential_45,Dense 64 -> 16 -> 32 -> 64 -> 64 -> 32 -> 1,mse,adam_45,50,256,1.4643,3217.09033203125,3218.966552734375,3052.357421875,0.5450349822818514,0.7
2026-09-04 13:19:48,multi_repeat_random_states.py,"(1021, 9)",129,sequential_45,Dense 64 -> 16 -> 32 -> 64 -> 64 -> 32 -> 1,mse,adam_45,50,256,1.4643,2854.466552734375,3136.2138671875,3719.306884765625,0.4532279944037024,0.7
2026-09-04 13:19:49,multi_repeat_random_states.py,"(1021, 9)",45,sequential_45,Dense 64 -> 16 -> 32 -> 64 -> 64 -> 32 -> 1,mse,adam_45,50,256,1.5012,3251.102783203125,3034.203125,2758.475341796875,0.6217309674948709,0.7
2026-09-04 13:19:50,multi_repeat_random_states.py,"(1021, 9)",214,sequential_46,Dense 64 -> 16 -> 32 -> 64 -> 64 -> 32 -> 1,mse,adam_46,50,256,2.2606,44297.953125,5154.02978515625,5779.27587890625,0.22341965973505729,0.7
2026-09-04 13:19:51,multi_repeat_random_states.py,"(1021, 9)",130,sequential_46,Dense 64 -> 16 -> 32 -> 64 -> 64 -> 32 -> 1,mse,adam_46,50,256,2.318,54015.01171875,4220.20361328125,5118.28271484375,0.3275334538371445,0.7
2026-09-04 13:19:51,multi_repeat_random_states.py,"(1021, 9)",46,sequential_46,Dense 64 -> 16 -> 32 -> 64 -> 64 -> 32 -> 1,mse,adam_46,50,256,2.3393,59268.3828125,5853.06640625,5232.66796875,0.16980290542619159,0.7
2026-09-04 13:19:52,multi_repeat_random_states.py,"(1021, 9)",214,sequential_46,Dense 64 -> 16 -> 32 -> 64 -> 64 -> 32 -> 1,mse,adam_46,50,256,1.5266,5133.18212890625,2989.46484375,3091.57080078125,0.5845754498116253,0.7
2026-09-04 13:19:52,multi_repeat_random_states.py,"(1021, 9)",130,sequential_46,Dense 64 -> 16 -> 32 -> 64 -> 64 -> 32 -> 1,mse,adam_46,50,256,1.5327,4206.7431640625,2907.9306640625,3044.853271484375,0.5999513904296103,0.7
2026-09-04 13:19:53,multi_repeat_random_states.py,"(1021, 9)",46,sequential_46,Dense 64 -> 16 -> 32 -> 64 -> 64 -> 32 -> 1,mse,adam_46,50,256,1.5185,5809.7998046875,3082.545654296875,2801.1318359375,0.5555820702025243,0.7
2026-09-04 13:19:54,multi_repeat_random_states.py,"(1021, 9)",214,sequential_46,Dense 64 -> 16 -> 32 -> 64 -> 64 -> 32 -> 1,mse,adam_46,50,256,1.4507,2824.227783203125,3083.4833984375,3445.067138671875,0.5370749413262137,0.7
2026-09-04 13:19:54,multi_repeat_random_states.py,"(1021, 9)",130,sequential_46,Dense 64 -> 16 -> 32 -> 64 -> 64 -> 32 -> 1,mse,adam_46,50,256,1.4717,2849.466064453125,2779.467041015625,2959.814697265625,0.6111242341792638,0.7
2026-09-04 13:19:55,multi_repeat_random_states.py,"(1021, 9)",46,sequential_46,Dense 64 -> 16 -> 32 -> 64 -> 64 -> 32 -> 1,mse,adam_46,50,256,1.5297,3252.4697265625,2981.943359375,2707.958984375,0.5703645600554503,0.7
2026-09-04 13:19:56,multi_repeat_random_states.py,"(1021, 9)",215,sequential_47,Dense 64 -> 16 -> 32 -> 64 -> 64 -> 32 -> 1,mse,adam_47,50,256,2.3094,24629.869140625,3649.3740234375,3212.46630859375,0.471710169905025,0.7
2026-09-04 13:19:56,multi_repeat_random_states.py,"(1021, 9)",131,sequential_47,Dense 64 -> 16 -> 32 -> 64 -> 64 -> 32 -> 1,mse,adam_47,50,256,2.3187,61254.6875,4574.025390625,3974.303466796875,0.3865906559667738,0.7
2026-09-04 13:19:57,multi_repeat_random_states.py,"(1021, 9)",47,sequential_47,Dense 64 -> 16 -> 32 -> 64 -> 64 -> 32 -> 1,mse,adam_47,50,256,2.3142,21134.064453125,3723.451171875,3333.21728515625,0.5222327928680381,0.7
2026-09-04 13:19:58,multi_repeat_random_states.py,"(1021, 9)",215,sequential_47,Dense 64 -> 16 -> 32 -> 64 -> 64 -> 32 -> 1,mse,adam_47,50,256,1.4255,3298.602294921875,2931.034423828125,3177.72802734375,0.47742278746677547,0.7
2026-09-04 13:19:58,multi_repeat_random_states.py,"(1021, 9)",131,sequential_47,Dense 64 -> 16 -> 32 -> 64 -> 64 -> 32 -> 1,mse,adam_47,50,256,1.4613,4475.90087890625,3614.640625,2868.7734375,0.5572225085099445,0.7
2026-09-04 13:19:59,multi_repeat_random_states.py,"(1021, 9)",47,sequential_47,Dense 64 -> 16 -> 32 -> 64 -> 64 -> 32 -> 1,mse,adam_47,50,256,1.4627,3466.1337890625,2905.720947265625,2903.744384765625,0.583791367083309,0.7
2026-09-04 13:19:59,multi_repeat_random_states.py,"(1021, 9)",215,sequential_47,Dense 64 -> 16 -> 32 -> 64 -> 64 -> 32 -> 1,mse,adam_47,50,256,1.4858,2936.459716796875,2785.878173828125,2978.46240234375,0.5101919973601532,0.7
2026-09-04 13:20:00,multi_repeat_random_states.py,"(1021, 9)",131,sequential_47,Dense 64 -> 16 -> 32 -> 64 -> 64 -> 32 -> 1,mse,adam_47,50,256,1.4649,3395.250244140625,3216.273193359375,2865.76708984375,0.5576863863875685,0.7
2026-09-04 13:20:00,multi_repeat_random_states.py,"(1021, 9)",47,sequential_47,Dense 64 -> 16 -> 32 -> 64 -> 64 -> 32 -> 1,mse,adam_47,50,256,1.4628,2917.8095703125,3039.46337890625,3482.0341796875,0.5009021219644709,0.7
2026-09-04 13:20:02,multi_repeat_random_states.py,"(1021, 9)",216,sequential_48,Dense 64 -> 16 -> 32 -> 64 -> 64 -> 32 -> 1,mse,adam_48,50,256,2.8871,93913.875,4901.904296875,5781.7880859375,0.24700804885302752,0.7
2026-09-04 13:20:03,multi_repeat_random_states.py,"(1021, 9)",132,sequential_48,Dense 64 -> 16 -> 32 -> 64 -> 64 -> 32 -> 1,mse,adam_48,50,256,2.8696,23458.009765625,3789.568115234375,4254.8623046875,0.4105027156123109,0.7
2026-09-04 13:20:03,multi_repeat_random_states.py,"(1021, 9)",48,sequential_48,Dense 64 -> 16 -> 32 -> 64 -> 64 -> 32 -> 1,mse,adam_48,50,256,2.8256,288936.875,6102.62255859375,5953.2802734375,0.09929779209684275,0.7
2026-09-04 13:20:04,multi_repeat_random_states.py,"(1021, 9)",216,sequential_48,Dense 64 -> 16 -> 32 -> 64 -> 64 -> 32 -> 1,mse,adam_48,50,256,1.4382,4875.18115234375,2797.611572265625,3284.574951171875,0.5722328827112394,0.7
2026-09-04 13:20:04,multi_repeat_random_states.py,"(1021, 9)",132,sequential_48,Dense 64 -> 16 -> 32 -> 64 -> 64 -> 32 -> 1,mse,adam_48,50,256,1.4578,3600.814453125,3625.89111328125,2946.15771484375,0.5918194669180143,0.7
2026-09-04 13:20:05,multi_repeat_random_states.py,"(1021, 9)",48,sequential_48,Dense 64 -> 16 -> 32 -> 64 -> 64 -> 32 -> 1,mse,adam_48,50,256,1.4545,6064.97119140625,4063.135498046875,3983.572265625,0.39730502021556047,0.7
2026-09-04 13:20:05,multi_repeat_random_states.py,"(1021, 9)",216,sequential_48,Dense 64 -> 16 -> 32 -> 64 -> 64 -> 32 -> 1,mse,adam_48,50,256,1.4232,2863.9697265625,2713.470458984375,3276.851318359375,0.5732387526957144,0.7
2026-09-04 13:20:06,multi_repeat_random_states.py,"(1021, 9)",132,sequential_48,Dense 64 -> 16 -> 32 -> 64 -> 64 -> 32 -> 1,mse,adam_48,50,256,1.4088,3327.178955078125,2845.842529296875,3027.057373046875,0.5806111017123881,0.7
2026-09-04 13:20:06,multi_repeat_random_states.py,"(1021, 9)",48,sequential_48,Dense 64 -> 16 -> 32 -> 64 -> 64 -> 32 -> 1,mse,adam_48,50,256,1.427,3996.21435546875,2938.606689453125,3075.207763671875,0.5347361308026434,0.7
2026-09-04 13:20:08,multi_repeat_random_states.py,"(1021, 9)",217,sequential_49,Dense 64 -> 16 -> 32 -> 64 -> 64 -> 32 -> 1,mse,adam_49,50,256,2.2699,40118.2265625,4719.84033203125,5058.74365234375,0.2926882986710092,0.7
2026-09-04 13:20:08,multi_repeat_random_states.py,"(1021, 9)",133,sequential_49,Dense 64 -> 16 -> 32 -> 64 -> 64 -> 32 -> 1,mse,adam_49,50,256,2.2963,68606.0078125,4891.6533203125,4807.4111328125,0.3129251890344499,0.7
2026-09-04 13:20:09,multi_repeat_random_states.py,"(1021, 9)",49,sequential_49,Dense 64 -> 16 -> 32 -> 64 -> 64 -> 32 -> 1,mse,adam_49,50,256,2.3456,127655.8046875,5640.953125,6094.0263671875,0.13874729268624675,0.7
2026-09-04 13:20:10,multi_repeat_random_states.py,"(1021, 9)",217,sequential_49,Dense 64 -> 16 -> 32 -> 64 -> 64 -> 32 -> 1,mse,adam_49,50,256,1.4329,4662.46337890625,3322.752685546875,3216.25634765625,0.5503042725329377,0.7
2026-09-04 13:20:10,multi_repeat_random_states.py,"(1021, 9)",133,sequential_49,Dense 64 -> 16 -> 32 -> 64 -> 64 -> 32 -> 1,mse,adam_49,50,256,1.4271,4871.994140625,3192.01513671875,2771.92041015625,0.6038373625574642,0.7
2026-09-04 13:20:11,multi_repeat_random_states.py,"(1021, 9)",49,sequential_49,Dense 64 -> 16 -> 32 -> 64 -> 64 -> 32 -> 1,mse,adam_49,50,256,1.5191,5595.65869140625,3387.181640625,3596.481689453125,0.4917187033469268,0.7
2026-09-04 13:20:11,multi_repeat_random_states.py,"(1021, 9)",217,sequential_49,Dense 64 -> 16 -> 32 -> 64 -> 64 -> 32 -> 1,mse,adam_49,50,256,1.4678,3525.5927734375,2983.917236328125,3264.178955078125,0.5436036601200579,0.7
2026-09-04 13:20:11,multi_repeat_random_states.py,"(1021, 9)",133,sequential_49,Dense 64 -> 16 -> 32 -> 64 -> 64 -> 32 -> 1,mse,adam_49,50,256,1.5061,3074.614990234375,3119.97509765625,2685.4716796875,0.6161925849573705,0.7
2026-09-04 13:20:12,multi_repeat_random_states.py,"(1021, 9)",49,sequential_49,Dense 64 -> 16 -> 32 -> 64 -> 64 -> 32 -> 1,mse,adam_49,50,256,1.4885,3329.52490234375,2962.127685546875,3005.0400390625,0.5753056512630251,0.7
2026-09-04 13:20:14,multi_repeat_random_states.py,"(1021, 9)",218,sequential_50,Dense 64 -> 16 -> 32 -> 64 -> 64 -> 32 -> 1,mse,adam_50,50,256,2.4359,41780.5078125,3231.162109375,3170.033935546875,0.5183441970777629,0.7
2026-09-04 13:20:14,multi_repeat_random_states.py,"(1021, 9)",134,sequential_50,Dense 64 -> 16 -> 32 -> 64 -> 64 -> 32 -> 1,mse,adam_50,50,256,2.4692,82764.71875,4885.91357421875,4755.8271484375,0.28239034310472255,0.7
2026-09-04 13:20:15,multi_repeat_random_states.py,"(1021, 9)",50,sequential_50,Dense 64 -> 16 -> 32 -> 64 -> 64 -> 32 -> 1,mse,adam_50,50,256,2.4086,22487.4375,3504.3525390625,3463.079833984375,0.4948795303422886,0.7
2026-09-04 13:20:15,multi_repeat_random_states.py,"(1021, 9)",218,sequential_50,Dense 64 -> 16 -> 32 -> 64 -> 64 -> 32 -> 1,mse,adam_50,50,256,1.5128,3205.48583984375,2805.13623046875,2883.8427734375,0.5618281877914837,0.7
2026-09-04 13:20:16,multi_repeat_random_states.py,"(1021, 9)",134,sequential_50,Dense 64 -> 16 -> 32 -> 64 -> 64 -> 32 -> 1,mse,adam_50,50,256,1.4361,4807.88818359375,3090.936767578125,2808.240966796875,0.5762628843685476,0.7
2026-09-04 13:20:17,multi_repeat_random_states.py,"(1021, 9)",50,sequential_50,Dense 64 -> 16 -> 32 -> 64 -> 64 -> 32 -> 1,mse,adam_50,50,256,1.4775,3392.8037109375,3005.8974609375,2950.259521484375,0.5696788754675202,0.7
2026-09-04 13:20:17,multi_repeat_random_states.py,"(1021, 9)",218,sequential_50,Dense 64 -> 16 -> 32 -> 64 -> 64 -> 32 -> 1,mse,adam_50,50,256,1.4319,2797.8779296875,2929.48974609375,3137.324462890625,0.5233141058231363,0.7
2026-09-04 13:20:17,multi_repeat_random_states.py,"(1021, 9)",134,sequential_50,Dense 64 -> 16 -> 32 -> 64 -> 64 -> 32 -> 1,mse,adam_50,50,256,1.4465,2992.896240234375,2910.702392578125,2736.002685546875,0.587162967540446,0.7
2026-09-04 13:20:18,multi_repeat_random_states.py,"(1021, 9)",50,sequential_50,Dense 64 -> 16 -> 32 -> 64 -> 64 -> 32 -> 1,mse,adam_50,50,256,1.4578,3035.85205078125,3071.834716796875,2844.299560546875,0.5851340703750345,0.7
2026-09-04 13:20:20,multi_repeat_random_states.py,"(1021, 9)",219,sequential_51,Dense 64 -> 16 -> 32 -> 64 -> 64 -> 32 -> 1,mse,adam_51,50,256,2.3122,65664.5546875,4145.43603515625,3898.15185546875,0.41665571161789483,0.7
2026-09-04 13:20:20,multi_repeat_random_states.py,"(1021, 9)",135,sequential_51,Dense 64 -> 16 -> 32 -> 64 -> 64 -> 32 -> 1,mse,adam_51,50,256,2.3479,34462.19140625,4294.43505859375,4237.79833984375,0.3596068725149326,0.7
2026-09-04 13:20:21,multi_repeat_random_states.py,"(1021, 9)",51,sequential_51,Dense 64 -> 16 -> 32 -> 64 -> 64 -> 32 -> 1,mse,adam_51,50,256,2.3551,115225.34375,5466.7041015625,4271.0263671875,0.2578633671799476,0.7
2026-09-04 13:20:21,multi_repeat_random_states.py,"(1021, 9)",219,sequential_51,Dense 64 -> 16 -> 32 -> 64 -> 64 -> 32 -> 1,mse,adam_51,50,256,1.4843,3934.43310546875,3006.029541015625,3037.007080078125,0.5455229243813453,0.7
2026-09-04 13:20:21,multi_repeat_random_states.py,"(1021, 9)",135,sequential_51,Dense 64 -> 16 -> 32 -> 64 -> 64 -> 32 -> 1,mse,adam_51,50,256,1.5003,4015.3212890625,2890.453857421875,2733.049560546875,0.5869963535103713,0.7
2026-09-04 13:20:22,multi_repeat_random_states.py,"(1021, 9)",51,sequential_51,Dense 64 -> 16 -> 32 -> 64 -> 64 -> 32 -> 1,mse,adam_51,50,256,1.5281,5459.609375,3197.724365234375,2724.666748046875,0.5265600015335126,0.7
2026-09-04 13:20:23,multi_repeat_random_states.py,"(1021, 9)",219,sequential_51,Dense 64 -> 16 -> 32 -> 64 -> 64 -> 32 -> 1,mse,adam_51,50,256,1.4676,2937.966064453125,2946.270751953125,3219.230712890625,0.5182538263421776,0.7
2026-09-04 13:20:23,multi_repeat_random_states.py,"(1021, 9)",135,sequential_51,Dense 64 -> 16 -> 32 -> 64 -> 64 -> 32 -> 1,mse,adam_51,50,256,1.528,2930.879638671875,3099.3916015625,2699.97607421875,0.5919942563221718,0.7
2026-09-04 13:20:24,multi_repeat_random_states.py,"(1021, 9)",51,sequential_51,Dense 64 -> 16 -> 32 -> 64 -> 64 -> 32 -> 1,mse,adam_51,50,256,1.4589,3221.61767578125,3215.120361328125,2540.82958984375,0.5585036495712006,0.7
2026-09-04 13:20:25,multi_repeat_random_states.py,"(1021, 9)",220,sequential_52,Dense 64 -> 16 -> 32 -> 64 -> 64 -> 32 -> 1,mse,adam_52,50,256,2.4151,28941.61328125,3599.8330078125,3785.81884765625,0.48290128354153117,0.7
2026-09-04 13:20:26,multi_repeat_random_states.py,"(1021, 9)",136,sequential_52,Dense 64 -> 16 -> 32 -> 64 -> 64 -> 32 -> 1,mse,adam_52,50,256,2.3331,94359.296875,5035.923828125,4652.5478515625,0.288590893860048,0.7
2026-09-04 13:20:27,multi_repeat_random_states.py,"(1021, 9)",52,sequential_52,Dense 64 -> 16 -> 32 -> 64 -> 64 -> 32 -> 1,mse,adam_52,50,256,2.3845,47936.9765625,3773.85107421875,4817.40673828125,0.36372672898881997,0.7
2026-09-04 13:20:27,multi_repeat_random_states.py,"(1021, 9)",220,sequential_52,Dense 64 -> 16 -> 32 -> 64 -> 64 -> 32 -> 1,mse,adam_52,50,256,1.4567,3585.34228515625,2760.302978515625,3131.033447265625,0.5723373151522334,0.7
2026-09-04 13:20:27,multi_repeat_random_states.py,"(1021, 9)",136,sequential_52,Dense 64 -> 16 -> 32 -> 64 -> 64 -> 32 -> 1,mse,adam_52,50,256,1.4456,4894.14599609375,3285.851318359375,2767.056396484375,0.5768964525849885,0.7
2026-09-04 13:20:28,multi_repeat_random_states.py,"(1021, 9)",52,sequential_52,Dense 64 -> 16 -> 32 -> 64 -> 64 -> 32 -> 1,mse,adam_52,50,256,1.4729,3852.623779296875,2963.51123046875,3259.42236328125,0.5695021972243866,0.7
2026-09-04 13:20:29,multi_repeat_random_states.py,"(1021, 9)",220,sequential_52,Dense 64 -> 16 -> 32 -> 64 -> 64 -> 32 -> 1,mse,adam_52,50,256,1.5063,2736.5556640625,2993.5654296875,3724.593994140625,0.4912638762726508,0.7
2026-09-04 13:20:29,multi_repeat_random_states.py,"(1021, 9)",136,sequential_52,Dense 64 -> 16 -> 32 -> 64 -> 64 -> 32 -> 1,mse,adam_52,50,256,1.4907,3159.861328125,2978.81982421875,2958.957275390625,0.5475534513931715,0.7
2026-09-04 13:20:30,multi_repeat_random_states.py,"(1021, 9)",52,sequential_52,Dense 64 -> 16 -> 32 -> 64 -> 64 -> 32 -> 1,mse,adam_52,50,256,1.4441,2841.447021484375,2893.784912109375,3217.218505859375,0.5750764022842965,0.7
2026-09-04 13:20:31,multi_repeat_random_states.py,"(1021, 9)",221,sequential_53,Dense 64 -> 16 -> 32 -> 64 -> 64 -> 32 -> 1,mse,adam_53,50,256,2.2947,21915.3984375,3021.297119140625,3408.26513671875,0.5021389203817845,0.7
2026-09-04 13:20:31,multi_repeat_random_states.py,"(1021, 9)",137,sequential_53,Dense 64 -> 16 -> 32 -> 64 -> 64 -> 32 -> 1,mse,adam_53,50,256,2.3317,27503.58203125,3679.10302734375,3471.34423828125,0.5098540998670124,0.7
2026-09-04 13:20:32,multi_repeat_random_states.py,"(1021, 9)",53,sequential_53,Dense 64 -> 16 -> 32 -> 64 -> 64 -> 32 -> 1,mse,adam_53,50,256,2.4336,45053.71484375,3599.48681640625,3551.9970703125,0.5042996604417023,0.7
2026-09-04 13:20:33,multi_repeat_random_states.py,"(1021, 9)",221,sequential_53,Dense 64 -> 16 -> 32 -> 64 -> 64 -> 32 -> 1,mse,adam_53,50,256,1.5145,3063.9912109375,3005.640625,3204.2724609375,0.5319370884765448,0.7
2026-09-04 13:20:33,multi_repeat_random_states.py,"(1021, 9)",137,sequential_53,Dense 64 -> 16 -> 32 -> 64 -> 64 -> 32 -> 1,mse,adam_53,50,256,1.4406,3896.774658203125,2812.923828125,3128.491455078125,0.5582641545707243,0.7
2026-09-04 13:20:34,multi_repeat_random_states.py,"(1021, 9)",53,sequential_53,Dense 64 -> 16 -> 32 -> 64 -> 64 -> 32 -> 1,mse,adam_53,50,256,1.3963,3534.63232421875,2991.467041015625,3202.484130859375,0.5530761432766769,0.7
2026-09-04 13:20:34,multi_repeat_random_states.py,"(1021, 9)",221,sequential_53,Dense 64 -> 16 -> 32 -> 64 -> 64 -> 32 -> 1,mse,adam_53,50,256,1.4021,3107.386474609375,3163.259521484375,3357.398193359375,0.5095693298548154,0.7
2026-09-04 13:20:35,multi_repeat_random_states.py,"(1021, 9)",137,sequential_53,Dense 64 -> 16 -> 32 -> 64 -> 64 -> 32 -> 1,mse,adam_53,50,256,1.3942,2865.89794921875,2840.385498046875,3119.104736328125,0.5595894903230263,0.7
2026-09-04 13:20:35,multi_repeat_random_states.py,"(1021, 9)",53,sequential_53,Dense 64 -> 16 -> 32 -> 64 -> 64 -> 32 -> 1,mse,adam_53,50,256,1.3782,3119.4521484375,2930.025390625,2803.93115234375,0.6086963110088122,0.7
2026-09-04 13:20:37,multi_repeat_random_states.py,"(1021, 9)",222,sequential_54,Dense 64 -> 16 -> 32 -> 64 -> 64 -> 32 -> 1,mse,adam_54,50,256,2.2428,60628.91015625,5027.47802734375,5441.84130859375,0.2002037169814619,0.7
2026-09-04 13:20:37,multi_repeat_random_states.py,"(1021, 9)",138,sequential_54,Dense 64 -> 16 -> 32 -> 64 -> 64 -> 32 -> 1,mse,adam_54,50,256,2.2382,45857.70703125,5420.7724609375,5320.20947265625,0.24068749801726608,0.7
2026-09-04 13:20:38,multi_repeat_random_states.py,"(1021, 9)",54,sequential_54,Dense 64 -> 16 -> 32 -> 64 -> 64 -> 32 -> 1,mse,adam_54,50,256,2.3978,45476.796875,4426.35400390625,4478.2138671875,0.2788784283958021,0.7
2026-09-04 13:20:38,multi_repeat_random_states.py,"(1021, 9)",222,sequential_54,Dense 64 -> 16 -> 32 -> 64 -> 64 -> 32 -> 1,mse,adam_54,50,256,1.4952,5248.75244140625,2925.616455078125,2945.641845703125,0.5670741404779285,0.7
2026-09-04 13:20:39,multi_repeat_random_states.py,"(1021, 9)",138,sequential_54,Dense 64 -> 16 -> 32 -> 64 -> 64 -> 32 -> 1,mse,adam_54,50,256,1.4367,5378.90283203125,3144.162353515625,3585.142333984375,0.4883203156288862,0.7
2026-09-04 13:20:40,multi_repeat_random_states.py,"(1021, 9)",54,sequential_54,Dense 64 -> 16 -> 32 -> 64 -> 64 -> 32 -> 1,mse,adam_54,50,256,1.4425,4329.08544921875,2998.060791015625,2941.3271484375,0.5263614821130731,0.7
2026-09-04 13:20:40,multi_repeat_random_states.py,"(1021, 9)",222,sequential_54,Dense 64 -> 16 -> 32 -> 64 -> 64 -> 32 -> 1,mse,adam_54,50,256,1.4572,2965.5302734375,3007.947998046875,3068.438720703125,0.5490264811532604,0.7
2026-09-04 13:20:40,multi_repeat_random_states.py,"(1021, 9)",138,sequential_54,Dense 64 -> 16 -> 32 -> 64 -> 64 -> 32 -> 1,mse,adam_54,50,256,1.4175,3298.956787109375,3202.281982421875,3321.73876953125,0.5259138112789352,0.7
2026-09-04 13:20:41,multi_repeat_random_states.py,"(1021, 9)",54,sequential_54,Dense 64 -> 16 -> 32 -> 64 -> 64 -> 32 -> 1,mse,adam_54,50,256,1.4583,2886.319091796875,3177.245849609375,3363.452880859375,0.458387033605022,0.7
2026-09-04 13:20:43,multi_repeat_random_states.py,"(1021, 9)",223,sequential_55,Dense 64 -> 16 -> 32 -> 64 -> 64 -> 32 -> 1,mse,adam_55,50,256,2.2862,86975.953125,5766.94140625,6014.6181640625,0.11753983497833664,0.7
2026-09-04 13:20:43,multi_repeat_random_states.py,"(1021, 9)",139,sequential_55,Dense 64 -> 16 -> 32 -> 64 -> 64 -> 32 -> 1,mse,adam_55,50,256,2.2646,32428.701171875,3779.427490234375,4198.25048828125,0.3579755857007887,0.7
2026-09-04 13:20:44,multi_repeat_random_states.py,"(1021, 9)",55,sequential_55,Dense 64 -> 16 -> 32 -> 64 -> 64 -> 32 -> 1,mse,adam_55,50,256,2.2697,38005.6953125,3654.570068359375,3401.052978515625,0.4845268518772772,0.7
2026-09-04 13:20:44,multi_repeat_random_states.py,"(1021, 9)",223,sequential_55,Dense 64 -> 16 -> 32 -> 64 -> 64 -> 32 -> 1,mse,adam_55,50,256,1.3882,5720.52099609375,2948.45068359375,2901.214111328125,0.5743361503368613,0.7
2026-09-04 13:20:44,multi_repeat_random_states.py,"(1021, 9)",139,sequential_55,Dense 64 -> 16 -> 32 -> 64 -> 64 -> 32 -> 1,mse,adam_55,50,256,1.4425,3910.221435546875,2973.41845703125,3118.418701171875,0.5231106158946204,0.7
2026-09-04 13:20:45,multi_repeat_random_states.py,"(1021, 9)",55,sequential_55,Dense 64 -> 16 -> 32 -> 64 -> 64 -> 32 -> 1,mse,adam_55,50,256,1.3956,3424.05126953125,3048.49462890625,2947.08154296875,0.5533320716656582,0.7
2026-09-04 13:20:45,multi_repeat_random_states.py,"(1021, 9)",223,sequential_55,Dense 64 -> 16 -> 32 -> 64 -> 64 -> 32 -> 1,mse,adam_55,50,256,1.3867,2864.9453125,2999.66162109375,3110.351318359375,0.5436516586437039,0.7
2026-09-04 13:20:46,multi_repeat_random_states.py,"(1021, 9)",139,sequential_55,Dense 64 -> 16 -> 32 -> 64 -> 64 -> 32 -> 1,mse,adam_55,50,256,1.3839,2875.227783203125,2778.406494140625,3006.773193359375,0.5401842171409671,0.7
2026-09-04 13:20:47,multi_repeat_random_states.py,"(1021, 9)",55,sequential_55,Dense 64 -> 16 -> 32 -> 64 -> 64 -> 32 -> 1,mse,adam_55,50,256,1.375,3001.81201171875,2903.612548828125,3141.7763671875,0.523823675913007,0.7
2026-09-04 13:20:48,multi_repeat_random_states.py,"(1021, 9)",224,sequential_56,Dense 64 -> 16 -> 32 -> 64 -> 64 -> 32 -> 1,mse,adam_56,50,256,2.2264,60356.15234375,5772.5908203125,4996.255859375,0.2211681367166073,0.7
2026-09-04 13:20:48,multi_repeat_random_states.py,"(1021, 9)",140,sequential_56,Dense 64 -> 16 -> 32 -> 64 -> 64 -> 32 -> 1,mse,adam_56,50,256,2.2775,116974.53125,4860.10986328125,5017.8876953125,0.2663737277228184,0.7
2026-09-04 13:20:49,multi_repeat_random_states.py,"(1021, 9)",56,sequential_56,Dense 64 -> 16 -> 32 -> 64 -> 64 -> 32 -> 1,mse,adam_56,50,256,2.2729,19157.814453125,3532.225830078125,2981.631103515625,0.5474897356441786,0.7
2026-09-04 13:20:50,multi_repeat_random_states.py,"(1021, 9)",224,sequential_56,Dense 64 -> 16 -> 32 -> 64 -> 64 -> 32 -> 1,mse,adam_56,50,256,1.4327,5711.15673828125,3370.271240234375,4084.8486328125,0.36324102019991444,0.7
2026-09-04 13:20:50,multi_repeat_random_states.py,"(1021, 9)",140,sequential_56,Dense 64 -> 16 -> 32 -> 64 -> 64 -> 32 -> 1,mse,adam_56,50,256,1.3962,4789.48486328125,2833.287841796875,3255.28271484375,0.5240703040779255,0.7
2026-09-04 13:20:51,multi_repeat_random_states.py,"(1021, 9)",56,sequential_56,Dense 64 -> 16 -> 32 -> 64 -> 64 -> 32 -> 1,mse,adam_56,50,256,1.3909,3486.549072265625,3551.03955078125,2710.730224609375,0.5886032358307888,0.7
2026-09-04 13:20:51,multi_repeat_random_states.py,"(1021, 9)",224,sequential_56,Dense 64 -> 16 -> 32 -> 64 -> 64 -> 32 -> 1,mse,adam_56,50,256,1.3935,3646.220458984375,2935.39208984375,2646.97021484375,0.5873820299293879,0.7
2026-09-04 13:20:51,multi_repeat_random_states.py,"(1021, 9)",140,sequential_56,Dense 64 -> 16 -> 32 -> 64 -> 64 -> 32 -> 1,mse,adam_56,50,256,1.382,2813.952392578125,2820.34326171875,3345.905517578125,0.5108211511460654,0.7
2026-09-04 13:20:52,multi_repeat_random_states.py,"(1021, 9)",56,sequential_56,Dense 64 -> 16 -> 32 -> 64 -> 64 -> 32 -> 1,mse,adam_56,50,256,1.3687,3430.44677734375,3036.594482421875,2628.808837890625,0.601036066660709,0.7
2026-09-04 13:20:53,multi_repeat_random_states.py,"(1021, 9)",225,sequential_57,Dense 64 -> 16 -> 32 -> 64 -> 64 -> 32 -> 1,mse,adam_57,50,256,2.2064,40833.9296875,4178.54150390625,4551.9208984375,0.3746400568554429,0.7
2026-09-04 13:20:54,multi_repeat_random_states.py,"(1021, 9)",141,sequential_57,Dense 64 -> 16 -> 32 -> 64 -> 64 -> 32 -> 1,mse,adam_57,50,256,2.2629,19014.96875,3185.994384765625,2841.59765625,0.5599913659348374,0.7
2026-09-04 13:20:55,multi_repeat_random_states.py,"(1021, 9)",57,sequential_57,Dense 64 -> 16 -> 32 -> 64 -> 64 -> 32 -> 1,mse,adam_57,50,256,2.3185,64714.9609375,5569.25048828125,4737.71826171875,0.22125829282596576,0.7
2026-09-04 13:20:55,multi_repeat_random_states.py,"(1021, 9)",225,sequential_57,Dense 64 -> 16 -> 32 -> 64 -> 64 -> 32 -> 1,mse,adam_57,50,256,1.4025,4093.16162109375,2837.875732421875,3066.437255859375,0.5787214263573826,0.7
2026-09-04 13:20:55,multi_repeat_random_states.py,"(1021, 9)",141,sequential_57,Dense 64 -> 16 -> 32 -> 64 -> 64 -> 32 -> 1,mse,adam_57,50,256,1.3929,3233.101806640625,3115.32666015625,2847.01318359375,0.5591527676628752,0.7
2026-09-04 13:20:56,multi_repeat_random_states.py,"(1021, 9)",57,sequential_57,Dense 64 -> 16 -> 32 -> 64 -> 64 -> 32 -> 1,mse,adam_57,50,256,1.4801,5504.49609375,3533.346435546875,2942.625,0.5163188307721591,0.7
2026-09-04 13:20:56,multi_repeat_random_states.py,"(1021, 9)",225,sequential_57,Dense 64 -> 16 -> 32 -> 64 -> 64 -> 32 -> 1,mse,adam_57,50,256,1.3994,2876.246337890625,2833.106689453125,3095.109130859375,0.5747823741235568,0.7
2026-09-04 13:20:57,multi_repeat_random_states.py,"(1021, 9)",141,sequential_57,Dense 64 -> 16 -> 32 -> 64 -> 64 -> 32 -> 1,mse,adam_57,50,256,1.3921,3380.146484375,2972.928466796875,2623.93359375,0.5936955969577371,0.7
2026-09-04 13:20:58,multi_repeat_random_states.py,"(1021, 9)",57,sequential_57,Dense 64 -> 16 -> 32 -> 64 -> 64 -> 32 -> 1,mse,adam_57,50,256,1.3643,3364.92822265625,3099.9853515625,2481.458984375,0.5921210430998145,0.7
2026-09-04 13:20:59,multi_repeat_random_states.py,"(1021, 9)",226,sequential_58,Dense 64 -> 16 -> 32 -> 64 -> 64 -> 32 -> 1,mse,adam_58,50,256,2.2287,16255.4384765625,3064.706298828125,3196.97998046875,0.5423253544825655,0.7
2026-09-04 13:20:59,multi_repeat_random_states.py,"(1021, 9)",142,sequential_58,Dense 64 -> 16 -> 32 -> 64 -> 64 -> 32 -> 1,mse,adam_58,50,256,2.1967,34302.94921875,4920.66455078125,4849.69580078125,0.2665079800283596,0.7
2026-09-04 13:21:03,multi_repeat_random_states.py,"(1021, 9)",58,sequential_58,Dense 64 -> 16 -> 32 -> 64 -> 64 -> 32 -> 1,mse,adam_58,50,256,4.2309,107352.2734375,5388.25830078125,5534.24609375,0.21359271422809234,0.7
2026-09-04 13:21:04,multi_repeat_random_states.py,"(1021, 9)",226,sequential_58,Dense 64 -> 16 -> 32 -> 64 -> 64 -> 32 -> 1,mse,adam_58,50,256,4.3237,3078.969970703125,3144.735595703125,2985.049072265625,0.5726650336520347,0.7
2026-09-04 13:21:04,multi_repeat_random_states.py,"(1021, 9)",142,sequential_58,Dense 64 -> 16 -> 32 -> 64 -> 64 -> 32 -> 1,mse,adam_58,50,256,4.9189,4617.32080078125,2800.036376953125,3063.94189453125,0.536594278734985,0.7
2026-09-04 13:21:05,multi_repeat_random_states.py,"(1021, 9)",58,sequential_58,Dense 64 -> 16 -> 32 -> 64 -> 64 -> 32 -> 1,mse,adam_58,50,256,2.2003,5316.27197265625,2921.093505859375,2916.026611328125,0.5856373943616293,0.7
2026-09-04 13:21:05,multi_repeat_random_states.py,"(1021, 9)",226,sequential_58,Dense 64 -> 16 -> 32 -> 64 -> 64 -> 32 -> 1,mse,adam_58,50,256,1.5468,3146.97314453125,2920.734619140625,2933.824462890625,0.5799982404071783,0.7
2026-09-04 13:21:06,multi_repeat_random_states.py,"(1021, 9)",142,sequential_58,Dense 64 -> 16 -> 32 -> 64 -> 64 -> 32 -> 1,mse,adam_58,50,256,1.4329,2874.89892578125,2772.8681640625,2971.439453125,0.5505847654095836,0.7
2026-09-04 13:21:07,multi_repeat_random_states.py,"(1021, 9)",58,sequential_58,Dense 64 -> 16 -> 32 -> 64 -> 64 -> 32 -> 1,mse,adam_58,50,256,1.3745,2943.253662109375,2918.333251953125,2862.65771484375,0.5932210518170158,0.7
2026-09-04 13:21:08,multi_repeat_random_states.py,"(1021, 9)",227,sequential_59,Dense 64 -> 16 -> 32 -> 64 -> 64 -> 32 -> 1,mse,adam_59,50,256,2.1905,23768.271484375,3545.96337890625,3663.900634765625,0.5088019610771627,0.7
2026-09-04 13:21:08,multi_repeat_random_states.py,"(1021, 9)",143,sequential_59,Dense 64 -> 16 -> 32 -> 64 -> 64 -> 32 -> 1,mse,adam_59,50,256,2.1953,25533.2421875,3285.73681640625,3450.156005859375,0.4972008455788698,0.7
2026-09-04 13:21:09,multi_repeat_random_states.py,"(1021, 9)",59,sequential_59,Dense 64 -> 16 -> 32 -> 64 -> 64 -> 32 -> 1,mse,adam_59,50,256,2.2442,45354.3828125,3994.765869140625,4397.13916015625,0.3421586784572096,0.7
2026-09-04 13:21:09,multi_repeat_random_states.py,"(1021, 9)",227,sequential_59,Dense 64 -> 16 -> 32 -> 64 -> 64 -> 32 -> 1,mse,adam_59,50,256,1.416,3504.863037109375,2885.657958984375,3677.3544921875,0.5069983910382078,0.7
2026-09-04 13:21:10,multi_repeat_random_states.py,"(1021, 9)",143,sequential_59,Dense 64 -> 16 -> 32 -> 64 -> 64 -> 32 -> 1,mse,adam_59,50,256,1.4112,3047.372802734375,2741.33935546875,3099.251220703125,0.5483390300295526,0.7
2026-09-04 13:21:11,multi_repeat_random_states.py,"(1021, 9)",59,sequential_59,Dense 64 -> 16 -> 32 -> 64 -> 64 -> 32 -> 1,mse,adam_59,50,256,1.4081,3962.8427734375,3034.113037109375,3278.608154296875,0.5094983882450823,0.7
2026-09-04 13:21:11,multi_repeat_random_states.py,"(1021, 9)",227,sequential_59,Dense 64 -> 16 -> 32 -> 64 -> 64 -> 32 -> 1,mse,adam_59,50,256,1.397,3066.778564453125,2783.20361328125,3056.73681640625,0.590200931000148,0.7
2026-09-04 13:21:11,multi_repeat_random_states.py,"(1021, 9)",143,sequential_59,Dense 64 -> 16 -> 32 -> 64 -> 64 -> 32 -> 1,mse,adam_59,50,256,1.4442,2763.299072265625,2744.923095703125,3110.23583984375,0.5467381629654109,0.7
2026-09-04 13:21:12,multi_repeat_random_states.py,"(1021, 9)",59,sequential_59,Dense 64 -> 16 -> 32 -> 64 -> 64 -> 32 -> 1,mse,adam_59,50,256,1.38,3076.09228515625,3144.225341796875,2859.069091796875,0.5722642578646615,0.7
2026-09-04 13:21:14,multi_repeat_random_states.py,"(1021, 9)",228,sequential_60,Dense 64 -> 16 -> 32 -> 64 -> 64 -> 32 -> 1,mse,adam_60,50,256,2.1907,36223.1328125,3606.237060546875,3752.00146484375,0.456591302115135,0.7
2026-09-04 13:21:14,multi_repeat_random_states.py,"(1021, 9)",144,sequential_60,Dense 64 -> 16 -> 32 -> 64 -> 64 -> 32 -> 1,mse,adam_60,50,256,2.2013,27084.900390625,3442.00732421875,3683.628173828125,0.4754846222433936,0.7
2026-09-04 13:21:15,multi_repeat_random_states.py,"(1021, 9)",60,sequential_60,Dense 64 -> 16 -> 32 -> 64 -> 64 -> 32 -> 1,mse,adam_60,50,256,2.2966,17973.306640625,2854.415283203125,3232.255615234375,0.5460143978576089,0.7
2026-09-04 13:21:16,multi_repeat_random_states.py,"(1021, 9)",228,sequential_60,Dense 64 -> 16 -> 32 -> 64 -> 64 -> 32 -> 1,mse,adam_60,50,256,1.4117,3488.3017578125,3189.965087890625,3261.076171875,0.5276927574608852,0.7
2026-09-04 13:21:16,multi_repeat_random_states.py,"(1021, 9)",144,sequential_60,Dense 64 -> 16 -> 32 -> 64 -> 64 -> 32 -> 1,mse,adam_60,50,256,1.4052,3366.184326171875,2906.104736328125,3576.78662109375,0.490697885093615,0.7
2026-09-04 13:21:17,multi_repeat_random_states.py,"(1021, 9)",60,sequential_60,Dense 64 -> 16 -> 32 -> 64 -> 64 -> 32 -> 1,mse,adam_60,50,256,1.4071,2853.31298828125,2749.437255859375,3107.8017578125,0.5634945608196813,0.7
2026-09-04 13:21:17,multi_repeat_random_states.py,"(1021, 9)",228,sequential_60,Dense 64 -> 16 -> 32 -> 64 -> 64 -> 32 -> 1,mse,adam_60,50,256,1.3917,2818.14208984375,2751.34814453125,3199.807861328125,0.5365663774069098,0.7
2026-09-04 13:21:17,multi_repeat_random_states.py,"(1021, 9)",144,sequential_60,Dense 64 -> 16 -> 32 -> 64 -> 64 -> 32 -> 1,mse,adam_60,50,256,1.4156,2849.783935546875,2710.135986328125,3007.55615234375,0.5717511153912153,0.7
2026-09-04 13:21:18,multi_repeat_random_states.py,"(1021, 9)",60,sequential_60,Dense 64 -> 16 -> 32 -> 64 -> 64 -> 32 -> 1,mse,adam_60,50,256,1.4919,2743.431640625,2799.118408203125,3257.00830078125,0.5425377396498452,0.7
2026-09-04 13:21:20,multi_repeat_random_states.py,"(1021, 9)",229,sequential_61,Dense 64 -> 16 -> 32 -> 64 -> 64 -> 32 -> 1,mse,adam_61,50,256,2.3522,43941.81640625,5760.482421875,5431.966796875,0.16707198500289977,0.7
2026-09-04 13:21:20,multi_repeat_random_states.py,"(1021, 9)",145,sequential_61,Dense 64 -> 16 -> 32 -> 64 -> 64 -> 32 -> 1,mse,adam_61,50,256,2.3334,103727.2421875,5631.35009765625,4962.328125,0.21868908559862554,0.7
2026-09-04 13:21:21,multi_repeat_random_states.py,"(1021, 9)",61,sequential_61,Dense 64 -> 16 -> 32 -> 64 -> 64 -> 32 -> 1,mse,adam_61,50,256,2.3143,20395.109375,3666.59912109375,3924.6669921875,0.4461083399942989,0.7
2026-09-04 13:21:21,multi_repeat_random_states.py,"(1021, 9)",229,sequential_61,Dense 64 -> 16 -> 32 -> 64 -> 64 -> 32 -> 1,mse,adam_61,50,256,1.4434,5720.45751953125,3510.64111328125,3754.990966796875,0.42421647228113746,0.7
2026-09-04 13:21:21,multi_repeat_random_states.py,"(1021, 9)",145,sequential_61,Dense 64 -> 16 -> 32 -> 64 -> 64 -> 32 -> 1,mse,adam_61,50,256,1.5049,5547.08544921875,2980.379638671875,2779.251708984375,0.5624111158765527,0.7
2026-09-04 13:21:23,multi_repeat_random_states.py,"(1021, 9)",61,sequential_61,Dense 64 -> 16 -> 32 -> 64 -> 64 -> 32 -> 1,mse,adam_61,50,256,1.5172,3653.505615234375,2818.243896484375,3006.475830078125,0.575693520821275,0.7
2026-09-04 13:21:23,multi_repeat_random_states.py,"(1021, 9)",229,sequential_61,Dense 64 -> 16 -> 32 -> 64 -> 64 -> 32 -> 1,mse,adam_61,50,256,1.5185,3228.625244140625,2812.168701171875,2939.119384765625,0.5493207493888612,0.7
2026-09-04 13:21:23,multi_repeat_random_states.py,"(1021, 9)",145,sequential_61,Dense 64 -> 16 -> 32 -> 64 -> 64 -> 32 -> 1,mse,adam_61,50,256,1.5003,3003.9921875,3267.052490234375,3007.8779296875,0.5264142584938308,0.7
2026-09-04 13:21:24,multi_repeat_random_states.py,"(1021, 9)",61,sequential_61,Dense 64 -> 16 -> 32 -> 64 -> 64 -> 32 -> 1,mse,adam_61,50,256,1.4754,2857.444580078125,2859.43212890625,3018.760009765625,0.5739597941341683,0.7
2026-09-04 13:21:25,multi_repeat_random_states.py,"(1021, 9)",230,sequential_62,Dense 64 -> 16 -> 32 -> 64 -> 64 -> 32 -> 1,mse,adam_62,50,256,2.2762,17654.71875,3193.17333984375,3469.7822265625,0.48086910985522824,0.7
2026-09-04 13:21:26,multi_repeat_random_states.py,"(1021, 9)",146,sequential_62,Dense 64 -> 16 -> 32 -> 64 -> 64 -> 32 -> 1,mse,adam_62,50,256,2.2753,167606.578125,5810.94482421875,5506.5791015625,0.1597413827770402,0.7
2026-09-04 13:21:27,multi_repeat_random_states.py,"(1021, 9)",62,sequential_62,Dense 64 -> 16 -> 32 -> 64 -> 64 -> 32 -> 1,mse,adam_62,50,256,2.2816,34543.65625,4528.83056640625,4284.5791015625,0.3266132155155097,0.7
2026-09-04 13:21:27,multi_repeat_random_states.py,"(1021, 9)",230,sequential_62,Dense 64 -> 16 -> 32 -> 64 -> 64 -> 32 -> 1,mse,adam_62,50,256,1.4249,3385.997314453125,2835.622802734375,3000.88916015625,0.5510224479544255,0.7
2026-09-04 13:21:27,multi_repeat_random_states.py,"(1021, 9)",146,sequential_62,Dense 64 -> 16 -> 32 -> 64 -> 64 -> 32 -> 1,mse,adam_62,50,256,1.4608,5774.86474609375,3062.635498046875,3421.256591796875,0.47794442481262545,0.7
2026-09-04 13:21:28,multi_repeat_random_states.py,"(1021, 9)",62,sequential_62,Dense 64 -> 16 -> 32 -> 64 -> 64 -> 32 -> 1,mse,adam_62,50,256,1.4869,4429.86279296875,3391.1015625,2851.8212890625,0.5517929320166644,0.7
2026-09-04 13:21:28,multi_repeat_random_states.py,"(1021, 9)",230,sequential_62,Dense 64 -> 16 -> 32 -> 64 -> 64 -> 32 -> 1,mse,adam_62,50,256,1.4497,2812.2060546875,2775.54052734375,2921.693603515625,0.5628712725348365,0.7
2026-09-04 13:21:29,multi_repeat_random_states.py,"(1021, 9)",146,sequential_62,Dense 64 -> 16 -> 32 -> 64 -> 64 -> 32 -> 1,mse,adam_62,50,256,1.4822,3216.04248046875,3283.275390625,3422.837890625,0.4777032045685581,0.7
2026-09-04 13:21:30,multi_repeat_random_states.py,"(1021, 9)",62,sequential_62,Dense 64 -> 16 -> 32 -> 64 -> 64 -> 32 -> 1,mse,adam_62,50,256,1.4638,3047.674560546875,3133.871337890625,2748.947021484375,0.5679611460370749,0.7
2026-09-04 13:21:31,multi_repeat_random_states.py,"(1021, 9)",231,sequential_63,Dense 64 -> 16 -> 32 -> 64 -> 64 -> 32 -> 1,mse,adam_63,50,256,2.2944,185641.0,5577.669921875,6463.08349609375,0.14543774868440262,0.7
2026-09-04 13:21:31,multi_repeat_random_states.py,"(1021, 9)",147,sequential_63,Dense 64 -> 16 -> 32 -> 64 -> 64 -> 32 -> 1,mse,adam_63,50,256,2.2927,54732.45703125,4496.11962890625,4923.1240234375,0.3117706484561271,0.7
2026-09-04 13:21:33,multi_repeat_random_states.py,"(1021, 9)",63,sequential_63,Dense 64 -> 16 -> 32 -> 64 -> 64 -> 32 -> 1,mse,adam_63,50,256,2.295,233304.953125,5947.48876953125,5857.365234375,0.11044199791389742,0.7
2026-09-04 13:21:33,multi_repeat_random_states.py,"(1021, 9)",231,sequential_63,Dense 64 -> 16 -> 32 -> 64 -> 64 -> 32 -> 1,mse,adam_63,50,256,1.4563,5553.36669921875,3866.728515625,4294.64013671875,0.4321538586883753,0.7
2026-09-04 13:21:33,multi_repeat_random_states.py,"(1021, 9)",147,sequential_63,Dense 64 -> 16 -> 32 -> 64 -> 64 -> 32 -> 1,mse,adam_63,50,256,1.4503,4459.45947265625,2850.6484375,3374.209716796875,0.5283015076628399,0.7
2026-09-04 13:21:34,multi_repeat_random_states.py,"(1021, 9)",63,sequential_63,Dense 64 -> 16 -> 32 -> 64 -> 64 -> 32 -> 1,mse,adam_63,50,256,1.4902,5920.0751953125,3737.20068359375,3753.447021484375,0.42996406578776103,0.7
2026-09-04 13:21:34,multi_repeat_random_states.py,"(1021, 9)",231,sequential_63,Dense 64 -> 16 -> 32 -> 64 -> 64 -> 32 -> 1,mse,adam_63,50,256,1.5326,3830.65234375,3169.9912109375,3650.139892578125,0.5173709893299654,0.7
2026-09-04 13:21:35,multi_repeat_random_states.py,"(1021, 9)",147,sequential_63,Dense 64 -> 16 -> 32 -> 64 -> 64 -> 32 -> 1,mse,adam_63,50,256,1.4751,2775.759521484375,2720.53662109375,3159.1484375,0.5583660158746704,0.7
2026-09-04 13:21:36,multi_repeat_random_states.py,"(1021, 9)",63,sequential_63,Dense 64 -> 16 -> 32 -> 64 -> 64 -> 32 -> 1,mse,adam_63,50,256,1.5046,3613.632080078125,2870.444091796875,2896.5400390625,0.5601025275744189,0.7
2026-09-04 13:21:37,multi_repeat_random_states.py,"(1021, 9)",232,sequential_64,Dense 64 -> 16 -> 32 -> 64 -> 64 -> 32 -> 1,mse,adam_64,50,256,2.3323,183633.484375,6188.865234375,6017.22021484375,0.05635612842079629,0.7
2026-09-04 13:21:37,multi_repeat_random_states.py,"(1021, 9)",148,sequential_64,Dense 64 -> 16 -> 32 -> 64 -> 64 -> 32 -> 1,mse,adam_64,50,256,2.3046,49910.859375,5241.658203125,4408.00537109375,0.30993954543783264,0.7
2026-09-04 13:21:38,multi_repeat_random_states.py,"(1021, 9)",232,sequential_64,Dense 64 -> 16 -> 32 -> 64 -> 64 -> 32 -> 1,mse,adam_64,50,256,1.4488,6168.38232421875,3514.019775390625,4825.39599609375,0.243262616899103,0.7
2026-09-04 13:21:38,multi_repeat_random_states.py,"(1021, 9)",64,sequential_64,Dense 64 -> 16 -> 32 -> 64 -> 64 -> 32 -> 1,mse,adam_64,50,256,2.3531,47551.19140625,4203.98193359375,3931.541748046875,0.3927800607569152,0.7
2026-09-04 13:21:39,multi_repeat_random_states.py,"(1021, 9)",148,sequential_64,Dense 64 -> 16 -> 32 -> 64 -> 64 -> 32 -> 1,mse,adam_64,50,256,1.4353,5069.396484375,3668.14404296875,3970.4296875,0.3784407171008175,0.7
2026-09-04 13:21:40,multi_repeat_random_states.py,"(1021, 9)",232,sequential_64,Dense 64 -> 16 -> 32 -> 64 -> 64 -> 32 -> 1,mse,adam_64,50,256,1.4433,4100.7548828125,3152.689697265625,3422.546875,0.46326289866882375,0.7
2026-09-04 13:21:40,multi_repeat_random_states.py,"(1021, 9)",64,sequential_64,Dense 64 -> 16 -> 32 -> 64 -> 64 -> 32 -> 1,mse,adam_64,50,256,1.4442,4452.138671875,3557.66845703125,2904.775390625,0.5513623495903093,0.7
2026-09-04 13:21:40,multi_repeat_random_states.py,"(1021, 9)",148,sequential_64,Dense 64 -> 16 -> 32 -> 64 -> 64 -> 32 -> 1,mse,adam_64,50,256,1.4456,3654.62548828125,2956.94091796875,2703.99267578125,0.5766978193173731,0.7
2026-09-04 13:21:42,multi_repeat_random_states.py,"(1021, 9)",64,sequential_64,Dense 64 -> 16 -> 32 -> 64 -> 64 -> 32 -> 1,mse,adam_64,50,256,1.5359,3278.7841796875,2978.969970703125,2787.0927734375,0.5695382005296128,0.7
2026-09-04 13:21:42,multi_repeat_random_states.py,"(1021, 9)",233,sequential_65,Dense 64 -> 16 -> 32 -> 64 -> 64 -> 32 -> 1,mse,adam_65,50,256,2.3689,84293.8828125,5347.52197265625,5364.212890625,0.19995757933018565,0.7
2026-09-04 13:21:43,multi_repeat_random_states.py,"(1021, 9)",149,sequential_65,Dense 64 -> 16 -> 32 -> 64 -> 64 -> 32 -> 1,mse,adam_65,50,256,2.2846,80555.15625,5521.90625,5316.80712890625,0.22868115110014042,0.7
2026-09-04 13:21:44,multi_repeat_random_states.py,"(1021, 9)",233,sequential_65,Dense 64 -> 16 -> 32 -> 64 -> 64 -> 32 -> 1,mse,adam_65,50,256,1.504,5191.9150390625,2893.29931640625,2904.6650390625,0.5667854672798374,0.7
2026-09-04 13:21:44,multi_repeat_random_states.py,"(1021, 9)",65,sequential_65,Dense 64 -> 16 -> 32 -> 64 -> 64 -> 32 -> 1,mse,adam_65,50,256,2.3344,40136.9765625,3723.906494140625,3009.596923828125,0.5021410458673983,0.7
2026-09-04 13:21:44,multi_repeat_random_states.py,"(1021, 9)",149,sequential_65,Dense 64 -> 16 -> 32 -> 64 -> 64 -> 32 -> 1,mse,adam_65,50,256,1.4665,5547.021484375,3180.2294921875,3104.49560546875,0.5496252115289928,0.7
2026-09-04 13:21:46,multi_repeat_random_states.py,"(1021, 9)",233,sequential_65,Dense 64 -> 16 -> 32 -> 64 -> 64 -> 32 -> 1,mse,adam_65,50,256,1.478,3024.501708984375,2885.091796875,2830.930908203125,0.5777824536902603,0.7
2026-09-04 13:21:46,multi_repeat_random_states.py,"(1021, 9)",65,sequential_65,Dense 64 -> 16 -> 32 -> 64 -> 64 -> 32 -> 1,mse,adam_65,50,256,1.4682,3849.305908203125,3198.7548828125,2661.426025390625,0.5597367781271587,0.7
2026-09-04 13:21:46,multi_repeat_random_states.py,"(1021, 9)",149,sequential_65,Dense 64 -> 16 -> 32 -> 64 -> 64 -> 32 -> 1,mse,adam_65,50,256,1.4312,3393.9873046875,3086.373046875,3165.84765625,0.5407248318087565,0.7
2026-09-04 13:21:47,multi_repeat_random_states.py,"(1021, 9)",65,sequential_65,Dense 64 -> 16 -> 32 -> 64 -> 64 -> 32 -> 1,mse,adam_65,50,256,1.5113,3007.663818359375,3486.98046875,2501.473388671875,0.5861967977114914,0.7
2026-09-04 13:21:48,multi_repeat_random_states.py,"(1021, 9)",234,sequential_66,Dense 64 -> 16 -> 32 -> 64 -> 64 -> 32 -> 1,mse,adam_66,50,256,2.3408,8452.0205078125,2884.654296875,3185.447509765625,0.5622841348243639,0.7
2026-09-04 13:21:48,multi_repeat_random_states.py,"(1021, 9)",150,sequential_66,Dense 64 -> 16 -> 32 -> 64 -> 64 -> 32 -> 1,mse,adam_66,50,256,2.2722,22323.728515625,3826.929443359375,4234.21728515625,0.40774614399706766,0.7
2026-09-04 13:21:50,multi_repeat_random_states.py,"(1021, 9)",234,sequential_66,Dense 64 -> 16 -> 32 -> 64 -> 64 -> 32 -> 1,mse,adam_66,50,256,1.4276,2973.062255859375,2969.837890625,3012.839599609375,0.5860023429313647,0.7
2026-09-04 13:21:50,multi_repeat_random_states.py,"(1021, 9)",150,sequential_66,Dense 64 -> 16 -> 32 -> 64 -> 64 -> 32 -> 1,mse,adam_66,50,256,1.4396,3693.09716796875,2794.540771484375,3032.80517578125,0.5757916926662048,0.7
2026-09-04 13:21:50,multi_repeat_random_states.py,"(1021, 9)",66,sequential_66,Dense 64 -> 16 -> 32 -> 64 -> 64 -> 32 -> 1,mse,adam_66,50,256,2.266,63172.39453125,4667.79248046875,4498.0224609375,0.28357087867410313,0.7
2026-09-04 13:21:51,multi_repeat_random_states.py,"(1021, 9)",234,sequential_66,Dense 64 -> 16 -> 32 -> 64 -> 64 -> 32 -> 1,mse,adam_66,50,256,1.4041,2811.331298828125,2807.541015625,3029.4697265625,0.5837171875968405,0.7
2026-09-04 13:21:52,multi_repeat_random_states.py,"(1021, 9)",66,sequential_66,Dense 64 -> 16 -> 32 -> 64 -> 64 -> 32 -> 1,mse,adam_66,50,256,1.4094,4445.7333984375,2901.229248046875,3105.843505859375,0.5053122616300683,0.7
2026-09-04 13:21:52,multi_repeat_random_states.py,"(1021, 9)",150,sequential_66,Dense 64 -> 16 -> 32 -> 64 -> 64 -> 32 -> 1,mse,adam_66,50,256,1.4564,3008.87109375,2956.6015625,4147.40283203125,0.41988926170573526,0.7
2026-09-04 13:21:53,multi_repeat_random_states.py,"(1021, 9)",66,sequential_66,Dense 64 -> 16 -> 32 -> 64 -> 64 -> 32 -> 1,mse,adam_66,50,256,1.3825,2869.98974609375,2888.333984375,3510.351318359375,0.4408836627437904,0.7
2026-09-04 13:21:54,multi_repeat_random_states.py,"(1021, 9)",235,sequential_67,Dense 64 -> 16 -> 32 -> 64 -> 64 -> 32 -> 1,mse,adam_67,50,256,2.2232,24443.435546875,4697.61474609375,4661.69921875,0.25846507164664456,0.7
2026-09-04 13:21:54,multi_repeat_random_states.py,"(1021, 9)",151,sequential_67,Dense 64 -> 16 -> 32 -> 64 -> 64 -> 32 -> 1,mse,adam_67,50,256,2.2146,242273.328125,6023.0478515625,5898.28759765625,0.11542892360510393,0.7
2026-09-04 13:21:55,multi_repeat_random_states.py,"(1021, 9)",235,sequential_67,Dense 64 -> 16 -> 32 -> 64 -> 64 -> 32 -> 1,mse,adam_67,50,256,1.4211,5186.1162109375,3016.802001953125,2931.636962890625,0.5336654854726997,0.7
2026-09-04 13:21:55,multi_repeat_random_states.py,"(1021, 9)",151,sequential_67,Dense 64 -> 16 -> 32 -> 64 -> 64 -> 32 -> 1,mse,adam_67,50,256,1.4245,6004.47998046875,4132.16064453125,4163.55810546875,0.37558770718258605,0.7
2026-09-04 13:21:56,multi_repeat_random_states.py,"(1021, 9)",67,sequential_67,Dense 64 -> 16 -> 32 -> 64 -> 64 -> 32 -> 1,mse,adam_67,50,256,2.2647,147233.890625,5520.70947265625,4716.14599609375,0.1920071378812379,0.7
2026-09-04 13:21:57,multi_repeat_random_states.py,"(1021, 9)",235,sequential_67,Dense 64 -> 16 -> 32 -> 64 -> 64 -> 32 -> 1,mse,adam_67,50,256,1.3969,2876.782470703125,3742.898193359375,2895.075927734375,0.5394812619700666,0.7
2026-09-04 13:21:57,multi_repeat_random_states.py,"(1021, 9)",151,sequential_67,Dense 64 -> 16 -> 32 -> 64 -> 64 -> 32 -> 1,mse,adam_67,50,256,1.4006,3985.106201171875,2747.614501953125,3195.73779296875,0.5207324930987598,0.7
2026-09-04 13:21:57,multi_repeat_random_states.py,"(1021, 9)",67,sequential_67,Dense 64 -> 16 -> 32 -> 64 -> 64 -> 32 -> 1,mse,adam_67,50,256,1.4264,5502.26171875,3076.832763671875,2946.971923828125,0.49511058481819703,0.7
2026-09-04 13:21:59,multi_repeat_random_states.py,"(1021, 9)",67,sequential_67,Dense 64 -> 16 -> 32 -> 64 -> 64 -> 32 -> 1,mse,adam_67,50,256,1.5041,3186.13525390625,3062.96142578125,2886.251220703125,0.5055135798608593,0.7
2026-09-04 13:21:59,multi_repeat_random_states.py,"(1021, 9)",236,sequential_68,Dense 64 -> 16 -> 32 -> 64 -> 64 -> 32 -> 1,mse,adam_68,50,256,2.3092,38438.88671875,4334.0595703125,4652.22265625,0.30591915400639913,0.7
2026-09-04 13:22:00,multi_repeat_random_states.py,"(1021, 9)",152,sequential_68,Dense 64 -> 16 -> 32 -> 64 -> 64 -> 32 -> 1,mse,adam_68,50,256,2.2966,43354.62109375,4136.4130859375,4206.9267578125,0.4012163014420598,0.7
2026-09-04 13:22:01,multi_repeat_random_states.py,"(1021, 9)",236,sequential_68,Dense 64 -> 16 -> 32 -> 64 -> 64 -> 32 -> 1,mse,adam_68,50,256,1.4409,4216.294921875,2963.638671875,2893.97021484375,0.5682387533206219,0.7
2026-09-04 13:22:01,multi_repeat_random_states.py,"(1021, 9)",152,sequential_68,Dense 64 -> 16 -> 32 -> 64 -> 64 -> 32 -> 1,mse,adam_68,50,256,1.4389,4192.88037109375,3170.289306640625,3570.096435546875,0.4918581568259812,0.7
2026-09-04 13:22:01,multi_repeat_random_states.py,"(1021, 9)",68,sequential_68,Dense 64 -> 16 -> 32 -> 64 -> 64 -> 32 -> 1,mse,adam_68,50,256,2.2713,18063.1171875,3487.9150390625,3253.65576171875,0.538199287265009,0.7
2026-09-04 13:22:02,multi_repeat_random_states.py,"(1021, 9)",236,sequential_68,Dense 64 -> 16 -> 32 -> 64 -> 64 -> 32 -> 1,mse,adam_68,50,256,1.46,2892.01318359375,3247.5634765625,3207.88232421875,0.5214051765802509,0.7
2026-09-04 13:22:03,multi_repeat_random_states.py,"(1021, 9)",152,sequential_68,Dense 64 -> 16 -> 32 -> 64 -> 64 -> 32 -> 1,mse,adam_68,50,256,1.4654,3114.18505859375,3003.342041015625,3018.270751953125,0.5704010508672828,0.7
2026-09-04 13:22:03,multi_repeat_random_states.py,"(1021, 9)",68,sequential_68,Dense 64 -> 16 -> 32 -> 64 -> 64 -> 32 -> 1,mse,adam_68,50,256,1.5331,3411.698486328125,3093.34765625,3572.56982421875,0.49293485458961095,0.7
2026-09-04 13:22:04,multi_repeat_random_states.py,"(1021, 9)",68,sequential_68,Dense 64 -> 16 -> 32 -> 64 -> 64 -> 32 -> 1,mse,adam_68,50,256,1.4081,3207.571533203125,3035.763427734375,3393.62646484375,0.5183328620045367,0.7
2026-09-04 13:22:05,multi_repeat_random_states.py,"(1021, 9)",237,sequential_69,Dense 64 -> 16 -> 32 -> 64 -> 64 -> 32 -> 1,mse,adam_69,50,256,2.3567,45639.15625,4083.06494140625,4000.218994140625,0.3679018081699411,0.7
2026-09-04 13:22:05,multi_repeat_random_states.py,"(1021, 9)",153,sequential_69,Dense 64 -> 16 -> 32 -> 64 -> 64 -> 32 -> 1,mse,adam_69,50,256,2.2876,64419.66796875,4902.259765625,4795.5654296875,0.2661674499853901,0.7
2026-09-04 13:22:07,multi_repeat_random_states.py,"(1021, 9)",237,sequential_69,Dense 64 -> 16 -> 32 -> 64 -> 64 -> 32 -> 1,mse,adam_69,50,256,1.4063,3981.131591796875,3039.19873046875,2905.1826171875,0.5409349148872791,0.7
2026-09-04 13:22:07,multi_repeat_random_states.py,"(1021, 9)",153,sequential_69,Dense 64 -> 16 -> 32 -> 64 -> 64 -> 32 -> 1,mse,adam_69,50,256,1.4068,4823.82958984375,3040.75146484375,3289.189453125,0.4966779191181818,0.7
2026-09-04 13:22:07,multi_repeat_random_states.py,"(1021, 9)",69,sequential_69,Dense 64 -> 16 -> 32 -> 64 -> 64 -> 32 -> 1,mse,adam_69,50,256,2.2762,13975.2646484375,3070.50439453125,2980.928955078125,0.5404557119660336,0.7
2026-09-04 13:22:08,multi_repeat_random_states.py,"(1021, 9)",237,sequential_69,Dense 64 -> 16 -> 32 -> 64 -> 64 -> 32 -> 1,mse,adam_69,50,256,1.4679,2948.59130859375,2852.3056640625,2787.0263671875,0.5596055066270507,0.7
2026-09-04 13:22:08,multi_repeat_random_states.py,"(1021, 9)",153,sequential_69,Dense 64 -> 16 -> 32 -> 64 -> 64 -> 32 -> 1,mse,adam_69,50,256,1.4476,2997.5224609375,2851.61865234375,3071.4521484375,0.5299967469234276,0.7
2026-09-04 13:22:09,multi_repeat_random_states.py,"(1021, 9)",69,sequential_69,Dense 64 -> 16 -> 32 -> 64 -> 64 -> 32 -> 1,mse,adam_69,50,256,1.5601,3081.068115234375,2999.612060546875,3322.399658203125,0.4878141131715473,0.7
2026-09-04 13:22:10,multi_repeat_random_states.py,"(1021, 9)",69,sequential_69,Dense 64 -> 16 -> 32 -> 64 -> 64 -> 32 -> 1,mse,adam_69,50,256,1.4545,3088.477783203125,3151.244873046875,3327.70166015625,0.4869967254126093,0.7
2026-09-04 13:22:11,multi_repeat_random_states.py,"(1021, 9)",238,sequential_70,Dense 64 -> 16 -> 32 -> 64 -> 64 -> 32 -> 1,mse,adam_70,50,256,2.3774,38587.8359375,4039.5595703125,3898.78662109375,0.43340545018456633,0.7
2026-09-04 13:22:11,multi_repeat_random_states.py,"(1021, 9)",154,sequential_70,Dense 64 -> 16 -> 32 -> 64 -> 64 -> 32 -> 1,mse,adam_70,50,256,2.315,26981.087890625,3855.615966796875,3722.39697265625,0.45362161537657764,0.7
2026-09-04 13:22:12,multi_repeat_random_states.py,"(1021, 9)",238,sequential_70,Dense 64 -> 16 -> 32 -> 64 -> 64 -> 32 -> 1,mse,adam_70,50,256,1.4364,4073.976806640625,3232.4501953125,2901.837890625,0.5782878832721717,0.7
2026-09-04 13:22:12,multi_repeat_random_states.py,"(1021, 9)",154,sequential_70,Dense 64 -> 16 -> 32 -> 64 -> 64 -> 32 -> 1,mse,adam_70,50,256,1.4708,3870.800048828125,2858.1748046875,2962.589599609375,0.565147148005632,0.7
2026-09-04 13:22:13,multi_repeat_random_states.py,"(1021, 9)",70,sequential_70,Dense 64 -> 16 -> 32 -> 64 -> 64 -> 32 -> 1,mse,adam_70,50,256,2.3068,170073.734375,6174.45068359375,5895.6357421875,0.08857668888407366,0.7
2026-09-04 13:22:14,multi_repeat_random_states.py,"(1021, 9)",238,sequential_70,Dense 64 -> 16 -> 32 -> 64 -> 64 -> 32 -> 1,mse,adam_70,50,256,1.5389,3267.51806640625,3198.45361328125,2718.084228515625,0.6049920253865619,0.7
2026-09-04 13:22:14,multi_repeat_random_states.py,"(1021, 9)",154,sequential_70,Dense 64 -> 16 -> 32 -> 64 -> 64 -> 32 -> 1,mse,adam_70,50,256,1.5006,2875.012451171875,2899.955810546875,3183.021728515625,0.532791859626764,0.7
2026-09-04 13:22:14,multi_repeat_random_states.py,"(1021, 9)",70,sequential_70,Dense 64 -> 16 -> 32 -> 64 -> 64 -> 32 -> 1,mse,adam_70,50,256,1.4668,6161.05322265625,3934.684814453125,3802.68359375,0.4121321713531505,0.7
2026-09-04 13:22:16,multi_repeat_random_states.py,"(1021, 9)",70,sequential_70,Dense 64 -> 16 -> 32 -> 64 -> 64 -> 32 -> 1,mse,adam_70,50,256,1.4981,3750.552490234375,3137.380126953125,3106.073974609375,0.5198230943631814,0.7
2026-09-04 13:22:17,multi_repeat_random_states.py,"(1021, 9)",239,sequential_71,Dense 64 -> 16 -> 32 -> 64 -> 64 -> 32 -> 1,mse,adam_71,50,256,2.3372,12888.2568359375,3879.087158203125,4180.61328125,0.39897448186123585,0.7
2026-09-04 13:22:17,multi_repeat_random_states.py,"(1021, 9)",155,sequential_71,Dense 64 -> 16 -> 32 -> 64 -> 64 -> 32 -> 1,mse,adam_71,50,256,2.348,20245.876953125,3254.779296875,3519.363525390625,0.49882746641497,0.7
2026-09-04 13:22:18,multi_repeat_random_states.py,"(1021, 9)",239,sequential_71,Dense 64 -> 16 -> 32 -> 64 -> 64 -> 32 -> 1,mse,adam_71,50,256,1.4104,3801.8681640625,3192.549560546875,2799.913330078125,0.5974706977981127,0.7
2026-09-04 13:22:18,multi_repeat_random_states.py,"(1021, 9)",155,sequential_71,Dense 64 -> 16 -> 32 -> 64 -> 64 -> 32 -> 1,mse,adam_71,50,256,1.4004,3235.48046875,2966.556396484375,3128.990234375,0.5544183672739554,0.7
2026-09-04 13:22:18,multi_repeat_random_states.py,"(1021, 9)",71,sequential_71,Dense 64 -> 16 -> 32 -> 64 -> 64 -> 32 -> 1,mse,adam_71,50,256,2.3044,37635.56640625,4190.39990234375,4054.177734375,0.3956980981113021,0.7
2026-09-04 13:22:20,multi_repeat_random_states.py,"(1021, 9)",239,sequential_71,Dense 64 -> 16 -> 32 -> 64 -> 64 -> 32 -> 1,mse,adam_71,50,256,1.4068,3184.398681640625,2902.3427734375,2817.322509765625,0.5949678262932153,0.7
2026-09-04 13:22:20,multi_repeat_random_states.py,"(1021, 9)",155,sequential_71,Dense 64 -> 16 -> 32 -> 64 -> 64 -> 32 -> 1,mse,adam_71,50,256,1.4225,2898.721923828125,2889.731201171875,2977.171875,0.5760379310587075,0.7
2026-09-04 13:22:20,multi_repeat_random_states.py,"(1021, 9)",71,sequential_71,Dense 64 -> 16 -> 32 -> 64 -> 64 -> 32 -> 1,mse,adam_71,50,256,1.3975,4089.875244140625,3087.263427734375,3215.391845703125,0.5207246642934725,0.7
2026-09-04 13:22:22,multi_repeat_random_states.py,"(1021, 9)",71,sequential_71,Dense 64 -> 16 -> 32 -> 64 -> 64 -> 32 -> 1,mse,adam_71,50,256,1.5374,3182.8447265625,2948.50390625,2982.009765625,0.555511785768354,0.7
2026-09-04 13:22:22,multi_repeat_random_states.py,"(1021, 9)",156,sequential_72,Dense 64 -> 16 -> 32 -> 64 -> 64 -> 32 -> 1,mse,adam_72,50,256,2.2819,85722.5625,5135.68505859375,5000.7587890625,0.26011228152149757,0.7
2026-09-04 13:22:22,multi_repeat_random_states.py,"(1021, 9)",240,sequential_72,Dense 64 -> 16 -> 32 -> 64 -> 64 -> 32 -> 1,mse,adam_72,50,256,2.2976,34036.56640625,5041.380859375,4512.923828125,0.3273980837660274,0.7
2026-09-04 13:22:24,multi_repeat_random_states.py,"(1021, 9)",156,sequential_72,Dense 64 -> 16 -> 32 -> 64 -> 64 -> 32 -> 1,mse,adam_72,50,256,1.4723,5051.2509765625,3017.686279296875,3149.297119140625,0.534045417432192,0.7
2026-09-04 13:22:24,multi_repeat_random_states.py,"(1021, 9)",240,sequential_72,Dense 64 -> 16 -> 32 -> 64 -> 64 -> 32 -> 1,mse,adam_72,50,256,1.5808,4769.36962890625,2868.214599609375,3067.32080078125,0.5428493802622989,0.7
2026-09-04 13:22:24,multi_repeat_random_states.py,"(1021, 9)",72,sequential_72,Dense 64 -> 16 -> 32 -> 64 -> 64 -> 32 -> 1,mse,adam_72,50,256,2.2962,33861.5,3377.567626953125,3432.252197265625,0.49928801224162256,0.7
2026-09-04 13:22:25,multi_repeat_random_states.py,"(1021, 9)",156,sequential_72,Dense 64 -> 16 -> 32 -> 64 -> 64 -> 32 -> 1,mse,adam_72,50,256,1.437,2896.887451171875,2914.523681640625,3159.349365234375,0.5325581662368343,0.7
2026-09-04 13:22:25,multi_repeat_random_states.py,"(1021, 9)",240,sequential_72,Dense 64 -> 16 -> 32 -> 64 -> 64 -> 32 -> 1,mse,adam_72,50,256,1.397,2983.238525390625,2929.814453125,2944.021484375,0.561225803441988,0.7
2026-09-04 13:22:26,multi_repeat_random_states.py,"(1021, 9)",72,sequential_72,Dense 64 -> 16 -> 32 -> 64 -> 64 -> 32 -> 1,mse,adam_72,50,256,1.4072,3313.6572265625,3007.058349609375,3023.684326171875,0.5588916065937786,0.7
2026-09-04 13:22:27,multi_repeat_random_states.py,"(1021, 9)",72,sequential_72,Dense 64 -> 16 -> 32 -> 64 -> 64 -> 32 -> 1,mse,adam_72,50,256,1.4561,2919.615966796875,3039.791015625,3093.443603515625,0.5487148797184809,0.7
2026-09-04 13:22:30,multi_repeat_random_states.py,"(1021, 9)",157,sequential_73,Dense 64 -> 16 -> 32 -> 64 -> 64 -> 32 -> 1,mse,adam_73,50,256,3.8822,37569.9296875,3650.365966796875,3272.163330078125,0.5054290958853798,0.7
2026-09-04 13:22:31,multi_repeat_random_states.py,"(1021, 9)",241,sequential_73,Dense 64 -> 16 -> 32 -> 64 -> 64 -> 32 -> 1,mse,adam_73,50,256,4.2974,26207.978515625,3368.910888671875,2692.521728515625,0.5818360870047026,0.7
2026-09-04 13:22:38,multi_repeat_random_states.py,"(1021, 9)",157,sequential_73,Dense 64 -> 16 -> 32 -> 64 -> 64 -> 32 -> 1,mse,adam_73,50,256,6.9333,3642.85498046875,3008.933837890625,2746.53857421875,0.5848746246788188,0.7
2026-09-04 13:22:38,multi_repeat_random_states.py,"(1021, 9)",73,sequential_73,Dense 64 -> 16 -> 32 -> 64 -> 64 -> 32 -> 1,mse,adam_73,50,256,10.2767,247075.796875,6111.361328125,5809.8515625,0.1426173328688478,0.7
2026-09-04 13:22:38,multi_repeat_random_states.py,"(1021, 9)",241,sequential_73,Dense 64 -> 16 -> 32 -> 64 -> 64 -> 32 -> 1,mse,adam_73,50,256,7.4693,3407.585205078125,3012.044677734375,2463.037841796875,0.6174761832616267,0.7
2026-09-04 13:22:45,multi_repeat_random_states.py,"(1021, 9)",157,sequential_73,Dense 64 -> 16 -> 32 -> 64 -> 64 -> 32 -> 1,mse,adam_73,50,256,6.6924,2945.78271484375,3183.05517578125,2608.104248046875,0.6057983058243859,0.7
2026-09-04 13:22:45,multi_repeat_random_states.py,"(1021, 9)",73,sequential_73,Dense 64 -> 16 -> 32 -> 64 -> 64 -> 32 -> 1,mse,adam_73,50,256,6.0456,6092.3564453125,3484.577392578125,3613.100341796875,0.4668005966525991,0.7
2026-09-04 13:22:45,multi_repeat_random_states.py,"(1021, 9)",241,sequential_73,Dense 64 -> 16 -> 32 -> 64 -> 64 -> 32 -> 1,mse,adam_73,50,256,6.5515,3027.598876953125,3043.39599609375,2449.693115234375,0.6195486484033331,0.7
2026-09-04 13:22:52,multi_repeat_random_states.py,"(1021, 9)",73,sequential_73,Dense 64 -> 16 -> 32 -> 64 -> 64 -> 32 -> 1,mse,adam_73,50,256,6.8236,3519.102294921875,3051.856201171875,3439.562744140625,0.49241022042580473,0.7
2026-09-04 13:22:56,multi_repeat_random_states.py,"(1021, 9)",158,sequential_74,Dense 64 -> 16 -> 32 -> 64 -> 64 -> 32 -> 1,mse,adam_74,50,256,10.1034,32937.546875,3736.506591796875,4540.31884765625,0.4287637101922892,0.7
2026-09-04 13:22:57,multi_repeat_random_states.py,"(1021, 9)",242,sequential_74,Dense 64 -> 16 -> 32 -> 64 -> 64 -> 32 -> 1,mse,adam_74,50,256,10.5062,63478.28125,5653.6904296875,5882.1865234375,0.16241235506315987,0.7
2026-09-04 13:23:03,multi_repeat_random_states.py,"(1021, 9)",158,sequential_74,Dense 64 -> 16 -> 32 -> 64 -> 64 -> 32 -> 1,mse,adam_74,50,256,6.3599,3783.0537109375,3082.1787109375,3313.928955078125,0.5830609147159136,0.7
2026-09-04 13:23:03,multi_repeat_random_states.py,"(1021, 9)",74,sequential_74,Dense 64 -> 16 -> 32 -> 64 -> 64 -> 32 -> 1,mse,adam_74,50,256,10.0952,17033.58984375,3115.39501953125,2780.33984375,0.5955404008735429,0.7
2026-09-04 13:23:04,multi_repeat_random_states.py,"(1021, 9)",242,sequential_74,Dense 64 -> 16 -> 32 -> 64 -> 64 -> 32 -> 1,mse,adam_74,50,256,6.5479,5660.1708984375,3152.949951171875,3550.187255859375,0.49447488111833204,0.7
2026-09-04 13:23:10,multi_repeat_random_states.py,"(1021, 9)",158,sequential_74,Dense 64 -> 16 -> 32 -> 64 -> 64 -> 32 -> 1,mse,adam_74,50,256,6.7759,2905.53955078125,2767.429931640625,3594.177001953125,0.5478017367741633,0.7
2026-09-04 13:23:10,multi_repeat_random_states.py,"(1021, 9)",242,sequential_74,Dense 64 -> 16 -> 32 -> 64 -> 64 -> 32 -> 1,mse,adam_74,50,256,6.1534,3214.03662109375,2861.85546875,2881.833740234375,0.5896443951860268,0.7
2026-09-04 13:23:11,multi_repeat_random_states.py,"(1021, 9)",74,sequential_74,Dense 64 -> 16 -> 32 -> 64 -> 64 -> 32 -> 1,mse,adam_74,50,256,6.7362,3058.204833984375,3250.720458984375,2605.548828125,0.6209675099565091,0.7
2026-09-04 13:23:18,multi_repeat_random_states.py,"(1021, 9)",74,sequential_74,Dense 64 -> 16 -> 32 -> 64 -> 64 -> 32 -> 1,mse,adam_74,50,256,7.2047,3002.15478515625,2929.462158203125,2631.572998046875,0.617181752273894,0.7
2026-09-04 13:23:21,multi_repeat_random_states.py,"(1021, 9)",159,sequential_75,Dense 64 -> 16 -> 32 -> 64 -> 64 -> 32 -> 1,mse,adam_75,50,256,8.3413,19797.029296875,4225.279296875,3769.215576171875,0.4125945940350553,0.7
2026-09-04 13:23:21,multi_repeat_random_states.py,"(1021, 9)",243,sequential_75,Dense 64 -> 16 -> 32 -> 64 -> 64 -> 32 -> 1,mse,adam_75,50,256,7.961,71655.546875,5794.89794921875,5589.3603515625,0.16568865513505437,0.7
2026-09-04 13:23:22,multi_repeat_random_states.py,"(1021, 9)",159,sequential_75,Dense 64 -> 16 -> 32 -> 64 -> 64 -> 32 -> 1,mse,adam_75,50,256,1.4878,4359.16650390625,3205.77392578125,2604.6396484375,0.5940854566106767,0.7
2026-09-04 13:23:22,multi_repeat_random_states.py,"(1021, 9)",243,sequential_75,Dense 64 -> 16 -> 32 -> 64 -> 64 -> 32 -> 1,mse,adam_75,50,256,1.4531,5787.60693359375,3341.906005859375,2974.13818359375,0.5560569888050302,0.7
2026-09-04 13:23:23,multi_repeat_random_states.py,"(1021, 9)",75,sequential_75,Dense 64 -> 16 -> 32 -> 64 -> 64 -> 32 -> 1,mse,adam_75,50,256,2.3073,113723.40625,5663.755859375,6036.05712890625,0.12277544885730685,0.7
2026-09-04 13:23:24,multi_repeat_random_states.py,"(1021, 9)",159,sequential_75,Dense 64 -> 16 -> 32 -> 64 -> 64 -> 32 -> 1,mse,adam_75,50,256,1.4082,3132.9404296875,3109.818603515625,2744.41064453125,0.5723030803270353,0.7
2026-09-04 13:23:24,multi_repeat_random_states.py,"(1021, 9)",243,sequential_75,Dense 64 -> 16 -> 32 -> 64 -> 64 -> 32 -> 1,mse,adam_75,50,256,1.4077,3244.127685546875,3084.739990234375,3091.230224609375,0.5385789335040998,0.7
2026-09-04 13:23:24,multi_repeat_random_states.py,"(1021, 9)",75,sequential_75,Dense 64 -> 16 -> 32 -> 64 -> 64 -> 32 -> 1,mse,adam_75,50,256,1.3897,5645.29931640625,3120.758056640625,3359.1513671875,0.5118120717584239,0.7
2026-09-04 13:23:26,multi_repeat_random_states.py,"(1021, 9)",75,sequential_75,Dense 64 -> 16 -> 32 -> 64 -> 64 -> 32 -> 1,mse,adam_75,50,256,1.4074,3112.710205078125,2964.093017578125,3486.832275390625,0.49325616437750097,0.7
2026-09-04 13:23:26,multi_repeat_random_states.py,"(1021, 9)",160,sequential_76,Dense 64 -> 16 -> 32 -> 64 -> 64 -> 32 -> 1,mse,adam_76,50,256,2.2237,21685.67578125,3562.37451171875,3939.979248046875,0.44312967356673827,0.7
2026-09-04 13:23:26,multi_repeat_random_states.py,"(1021, 9)",244,sequential_76,Dense 64 -> 16 -> 32 -> 64 -> 64 -> 32 -> 1,mse,adam_76,50,256,2.2392,64241.046875,5222.84814453125,4976.54248046875,0.267251474138235,0.7
2026-09-04 13:23:28,multi_repeat_random_states.py,"(1021, 9)",160,sequential_76,Dense 64 -> 16 -> 32 -> 64 -> 64 -> 32 -> 1,mse,adam_76,50,256,1.3883,3273.139404296875,2869.095947265625,3196.201416015625,0.5482540061934593,0.7
2026-09-04 13:23:28,multi_repeat_random_states.py,"(1021, 9)",244,sequential_76,Dense 64 -> 16 -> 32 -> 64 -> 64 -> 32 -> 1,mse,adam_76,50,256,1.4041,5119.42431640625,3364.085205078125,3340.06884765625,0.508206625347704,0.7
2026-09-04 13:23:28,multi_repeat_random_states.py,"(1021, 9)",76,sequential_76,Dense 64 -> 16 -> 32 -> 64 -> 64 -> 32 -> 1,mse,adam_76,50,256,2.2278,118465.609375,5987.1201171875,5679.43701171875,0.14761683265773007,0.7
2026-09-04 13:23:29,multi_repeat_random_states.py,"(1021, 9)",160,sequential_76,Dense 64 -> 16 -> 32 -> 64 -> 64 -> 32 -> 1,mse,adam_76,50,256,1.4442,2840.4638671875,2759.296875,3281.74267578125,0.5361637633813101,0.7
2026-09-04 13:23:29,multi_repeat_random_states.py,"(1021, 9)",244,sequential_76,Dense 64 -> 16 -> 32 -> 64 -> 64 -> 32 -> 1,mse,adam_76,50,256,1.3971,3306.236083984375,3055.939453125,2751.561279296875,0.5948588088313822,0.7
2026-09-04 13:23:30,multi_repeat_random_states.py,"(1021, 9)",76,sequential_76,Dense 64 -> 16 -> 32 -> 64 -> 64 -> 32 -> 1,mse,adam_76,50,256,1.4248,5961.19189453125,3343.518798828125,2921.413330078125,0.5615474125476961,0.7
2026-09-04 13:23:31,multi_repeat_random_states.py,"(1021, 9)",76,sequential_76,Dense 64 -> 16 -> 32 -> 64 -> 64 -> 32 -> 1,mse,adam_76,50,256,1.3984,3204.907470703125,3347.37158203125,2604.013916015625,0.6091834701704244,0.7
2026-09-04 13:23:32,multi_repeat_random_states.py,"(1021, 9)",161,sequential_77,Dense 64 -> 16 -> 32 -> 64 -> 64 -> 32 -> 1,mse,adam_77,50,256,2.253,45217.01171875,3997.646484375,4356.9765625,0.36418638643627865,0.7
2026-09-04 13:23:32,multi_repeat_random_states.py,"(1021, 9)",245,sequential_77,Dense 64 -> 16 -> 32 -> 64 -> 64 -> 32 -> 1,mse,adam_77,50,256,2.2679,20183.45703125,3683.037109375,4100.02490234375,0.4606337578464881,0.7
2026-09-04 13:23:33,multi_repeat_random_states.py,"(1021, 9)",161,sequential_77,Dense 64 -> 16 -> 32 -> 64 -> 64 -> 32 -> 1,mse,adam_77,50,256,1.4351,3891.281005859375,2911.861572265625,2956.13916015625,0.5686106021676285,0.7
2026-09-04 13:23:33,multi_repeat_random_states.py,"(1021, 9)",245,sequential_77,Dense 64 -> 16 -> 32 -> 64 -> 64 -> 32 -> 1,mse,adam_77,50,256,1.4037,3554.001953125,3160.70654296875,3045.872802734375,0.5993095186866498,0.7
2026-09-04 13:23:34,multi_repeat_random_states.py,"(1021, 9)",77,sequential_77,Dense 64 -> 16 -> 32 -> 64 -> 64 -> 32 -> 1,mse,adam_77,50,256,2.2349,41518.421875,5185.79443359375,4658.4501953125,0.2470431533723354,0.7
2026-09-04 13:23:35,multi_repeat_random_states.py,"(1021, 9)",161,sequential_77,Dense 64 -> 16 -> 32 -> 64 -> 64 -> 32 -> 1,mse,adam_77,50,256,1.3989,2857.49169921875,2927.6669921875,2998.216064453125,0.5624702810234102,0.7
2026-09-04 13:23:35,multi_repeat_random_states.py,"(1021, 9)",245,sequential_77,Dense 64 -> 16 -> 32 -> 64 -> 64 -> 32 -> 1,mse,adam_77,50,256,1.4071,3148.33935546875,2862.5205078125,3016.206787109375,0.603212109574598,0.7
2026-09-04 13:23:35,multi_repeat_random_states.py,"(1021, 9)",77,sequential_77,Dense 64 -> 16 -> 32 -> 64 -> 64 -> 32 -> 1,mse,adam_77,50,256,1.4122,5308.83935546875,2925.847412109375,2747.117919921875,0.5559765119633289,0.7
2026-09-04 13:23:37,multi_repeat_random_states.py,"(1021, 9)",77,sequential_77,Dense 64 -> 16 -> 32 -> 64 -> 64 -> 32 -> 1,mse,adam_77,50,256,1.4428,2904.074462890625,2988.008056640625,2737.654052734375,0.5575061518111442,0.7
2026-09-04 13:23:37,multi_repeat_random_states.py,"(1021, 9)",162,sequential_78,Dense 64 -> 16 -> 32 -> 64 -> 64 -> 32 -> 1,mse,adam_78,50,256,2.2128,31716.8046875,5058.51513671875,4188.14453125,0.4193446387834019,0.7
2026-09-04 13:23:37,multi_repeat_random_states.py,"(1021, 9)",246,sequential_78,Dense 64 -> 16 -> 32 -> 64 -> 64 -> 32 -> 1,mse,adam_78,50,256,2.2126,28934.40234375,4051.029296875,4554.09716796875,0.3543027347299854,0.7
2026-09-04 13:23:39,multi_repeat_random_states.py,"(1021, 9)",162,sequential_78,Dense 64 -> 16 -> 32 -> 64 -> 64 -> 32 -> 1,mse,adam_78,50,256,1.3997,4470.8740234375,2894.670654296875,2899.494384765625,0.5980065169064535,0.7
2026-09-04 13:23:39,multi_repeat_random_states.py,"(1021, 9)",246,sequential_78,Dense 64 -> 16 -> 32 -> 64 -> 64 -> 32 -> 1,mse,adam_78,50,256,1.4154,4370.59814453125,2965.426025390625,3230.530517578125,0.5419630046419852,0.7
2026-09-04 13:23:39,multi_repeat_random_states.py,"(1021, 9)",78,sequential_78,Dense 64 -> 16 -> 32 -> 64 -> 64 -> 32 -> 1,mse,adam_78,50,256,2.2343,25742.078125,3763.605712890625,3510.084228515625,0.49441385682263617,0.7
2026-09-04 13:23:40,multi_repeat_random_states.py,"(1021, 9)",162,sequential_78,Dense 64 -> 16 -> 32 -> 64 -> 64 -> 32 -> 1,mse,adam_78,50,256,1.3981,2962.6123046875,2897.649658203125,3134.744384765625,0.565390855763843,0.7
2026-09-04 13:23:41,multi_repeat_random_states.py,"(1021, 9)",246,sequential_78,Dense 64 -> 16 -> 32 -> 64 -> 64 -> 32 -> 1,mse,adam_78,50,256,1.4614,2792.416015625,2753.620361328125,3304.802001953125,0.5314325648119721,0.7
2026-09-04 13:23:41,multi_repeat_random_states.py,"(1021, 9)",78,sequential_78,Dense 64 -> 16 -> 32 -> 64 -> 64 -> 32 -> 1,mse,adam_78,50,256,1.3871,3888.274658203125,3045.447998046875,2921.9921875,0.5791215190165137,0.7
2026-09-04 13:23:42,multi_repeat_random_states.py,"(1021, 9)",78,sequential_78,Dense 64 -> 16 -> 32 -> 64 -> 64 -> 32 -> 1,mse,adam_78,50,256,1.3804,2932.603759765625,2865.661865234375,2885.636962890625,0.5843580841691072,0.7
2026-09-04 13:23:43,multi_repeat_random_states.py,"(1021, 9)",163,sequential_79,Dense 64 -> 16 -> 32 -> 64 -> 64 -> 32 -> 1,mse,adam_79,50,256,2.2211,91773.0703125,6252.51171875,5057.310546875,0.13765450224199283,0.7
2026-09-04 13:23:43,multi_repeat_random_states.py,"(1021, 9)",247,sequential_79,Dense 64 -> 16 -> 32 -> 64 -> 64 -> 32 -> 1,mse,adam_79,50,256,2.2185,31692.505859375,3999.582763671875,4248.787109375,0.4021869563263494,0.7
2026-09-04 13:23:44,multi_repeat_random_states.py,"(1021, 9)",163,sequential_79,Dense 64 -> 16 -> 32 -> 64 -> 64 -> 32 -> 1,mse,adam_79,50,256,1.4557,6210.75244140625,3315.300537109375,2581.646240234375,0.5597915947299428,0.7
2026-09-04 13:23:45,multi_repeat_random_states.py,"(1021, 9)",247,sequential_79,Dense 64 -> 16 -> 32 -> 64 -> 64 -> 32 -> 1,mse,adam_79,50,256,1.5068,4136.90673828125,3128.2626953125,3475.314453125,0.5110161374850017,0.7
2026-09-04 13:23:45,multi_repeat_random_states.py,"(1021, 9)",79,sequential_79,Dense 64 -> 16 -> 32 -> 64 -> 64 -> 32 -> 1,mse,adam_79,50,256,2.3204,85426.0078125,4940.2705078125,4551.3583984375,0.30256718174994424,0.7
2026-09-04 13:23:46,multi_repeat_random_states.py,"(1021, 9)",163,sequential_79,Dense 64 -> 16 -> 32 -> 64 -> 64 -> 32 -> 1,mse,adam_79,50,256,1.4417,3168.203369140625,3124.225830078125,3034.090576171875,0.48264320449548115,0.7
2026-09-04 13:23:46,multi_repeat_random_states.py,"(1021, 9)",247,sequential_79,Dense 64 -> 16 -> 32 -> 64 -> 64 -> 32 -> 1,mse,adam_79,50,256,1.4425,3237.312744140625,2854.661376953125,2859.98486328125,0.5975942972097812,0.7
2026-09-04 13:23:46,multi_repeat_random_states.py,"(1021, 9)",79,sequential_79,Dense 64 -> 16 -> 32 -> 64 -> 64 -> 32 -> 1,mse,adam_79,50,256,1.4179,4906.27099609375,2902.169921875,2812.959228515625,0.5689529229172013,0.7
2026-09-04 13:23:48,multi_repeat_random_states.py,"(1021, 9)",79,sequential_79,Dense 64 -> 16 -> 32 -> 64 -> 64 -> 32 -> 1,mse,adam_79,50,256,1.3835,2872.062744140625,2938.795654296875,2776.12841796875,0.5745967000136759,0.7
2026-09-04 13:23:48,multi_repeat_random_states.py,"(1021, 9)",164,sequential_80,Dense 64 -> 16 -> 32 -> 64 -> 64 -> 32 -> 1,mse,adam_80,50,256,2.2348,175588.9375,5798.671875,5467.3505859375,0.13732793887969352,0.7
2026-09-04 13:23:49,multi_repeat_random_states.py,"(1021, 9)",248,sequential_80,Dense 64 -> 16 -> 32 -> 64 -> 64 -> 32 -> 1,mse,adam_80,50,256,2.2114,180356.671875,5522.25390625,5843.55517578125,0.15522756144785388,0.7
2026-09-04 13:23:50,multi_repeat_random_states.py,"(1021, 9)",164,sequential_80,Dense 64 -> 16 -> 32 -> 64 -> 64 -> 32 -> 1,mse,adam_80,50,256,1.3948,5768.28857421875,3037.433837890625,2892.40087890625,0.5436193445883991,0.7
2026-09-04 13:23:50,multi_repeat_random_states.py,"(1021, 9)",248,sequential_80,Dense 64 -> 16 -> 32 -> 64 -> 64 -> 32 -> 1,mse,adam_80,50,256,1.414,5483.8330078125,3117.591064453125,3933.0068359375,0.43142559645799905,0.7
2026-09-04 13:23:50,multi_repeat_random_states.py,"(1021, 9)",80,sequential_80,Dense 64 -> 16 -> 32 -> 64 -> 64 -> 32 -> 1,mse,adam_80,50,256,2.2189,180265.640625,5634.1513671875,5276.95556640625,0.18563377241063528,0.7
2026-09-04 13:23:52,multi_repeat_random_states.py,"(1021, 9)",164,sequential_80,Dense 64 -> 16 -> 32 -> 64 -> 64 -> 32 -> 1,mse,adam_80,50,256,1.4212,2994.07177734375,2889.579833984375,2848.203369140625,0.5505930153609451,0.7
2026-09-04 13:23:52,multi_repeat_random_states.py,"(1021, 9)",248,sequential_80,Dense 64 -> 16 -> 32 -> 64 -> 64 -> 32 -> 1,mse,adam_80,50,256,1.4256,3143.160888671875,2714.80615234375,3125.9228515625,0.5481015456698477,0.7
2026-09-04 13:23:52,multi_repeat_random_states.py,"(1021, 9)",80,sequential_80,Dense 64 -> 16 -> 32 -> 64 -> 64 -> 32 -> 1,mse,adam_80,50,256,1.4628,5591.09130859375,3423.1103515625,3099.8564453125,0.5216146243934393,0.7
2026-09-04 13:23:53,multi_repeat_random_states.py,"(1021, 9)",80,sequential_80,Dense 64 -> 16 -> 32 -> 64 -> 64 -> 32 -> 1,mse,adam_80,50,256,1.3785,3279.33251953125,2794.264892578125,2969.701416015625,0.541700783680703,0.7
2026-09-04 13:23:54,multi_repeat_random_states.py,"(1021, 9)",165,sequential_81,Dense 64 -> 16 -> 32 -> 64 -> 64 -> 32 -> 1,mse,adam_81,50,256,2.1846,26544.3203125,3795.517578125,3311.849853515625,0.5467291911505601,0.7
2026-09-04 13:23:54,multi_repeat_random_states.py,"(1021, 9)",249,sequential_81,Dense 64 -> 16 -> 32 -> 64 -> 64 -> 32 -> 1,mse,adam_81,50,256,2.2269,38912.2890625,4256.078125,3749.5048828125,0.3958878372870437,0.7
2026-09-04 13:23:56,multi_repeat_random_states.py,"(1021, 9)",165,sequential_81,Dense 64 -> 16 -> 32 -> 64 -> 64 -> 32 -> 1,mse,adam_81,50,256,1.4449,3260.84033203125,2909.212158203125,2907.666748046875,0.6020470758480381,0.7
2026-09-04 13:23:56,multi_repeat_random_states.py,"(1021, 9)",249,sequential_81,Dense 64 -> 16 -> 32 -> 64 -> 64 -> 32 -> 1,mse,adam_81,50,256,1.3897,4210.96240234375,3157.3642578125,2623.87451171875,0.5772470200902622,0.7
2026-09-04 13:23:56,multi_repeat_random_states.py,"(1021, 9)",81,sequential_81,Dense 64 -> 16 -> 32 -> 64 -> 64 -> 32 -> 1,mse,adam_81,50,256,2.2318,109473.1875,5539.7744140625,5669.2587890625,0.17148041268907788,0.7
2026-09-04 13:23:57,multi_repeat_random_states.py,"(1021, 9)",165,sequential_81,Dense 64 -> 16 -> 32 -> 64 -> 64 -> 32 -> 1,mse,adam_81,50,256,1.3986,2932.8623046875,2851.92236328125,3003.125244140625,0.5889822882585043,0.7
2026-09-04 13:23:57,multi_repeat_random_states.py,"(1021, 9)",249,sequential_81,Dense 64 -> 16 -> 32 -> 64 -> 64 -> 32 -> 1,mse,adam_81,50,256,1.4032,2983.347900390625,2979.62451171875,2661.2470703125,0.5712256342413876,0.7
2026-09-04 13:23:57,multi_repeat_random_states.py,"(1021, 9)",81,sequential_81,Dense 64 -> 16 -> 32 -> 64 -> 64 -> 32 -> 1,mse,adam_81,50,256,1.4053,5510.392578125,2985.16748046875,2913.252685546875,0.5742499893052362,0.7
2026-09-04 13:23:59,multi_repeat_random_states.py,"(1021, 9)",81,sequential_81,Dense 64 -> 16 -> 32 -> 64 -> 64 -> 32 -> 1,mse,adam_81,50,256,1.4322,2932.427490234375,2906.5634765625,2940.658935546875,0.5702446748993386,0.7
2026-09-04 13:23:59,multi_repeat_random_states.py,"(1021, 9)",166,sequential_82,Dense 64 -> 16 -> 32 -> 64 -> 64 -> 32 -> 1,mse,adam_82,50,256,2.2146,77616.96875,4192.63720703125,4521.19677734375,0.36845119792326964,0.7
2026-09-04 13:24:00,multi_repeat_random_states.py,"(1021, 9)",250,sequential_82,Dense 64 -> 16 -> 32 -> 64 -> 64 -> 32 -> 1,mse,adam_82,50,256,2.1955,24931.796875,4119.15966796875,4564.896484375,0.3386661997531988,0.7
2026-09-04 13:24:01,multi_repeat_random_states.py,"(1021, 9)",166,sequential_82,Dense 64 -> 16 -> 32 -> 64 -> 64 -> 32 -> 1,mse,adam_82,50,256,1.414,4146.4658203125,2801.123779296875,3183.08984375,0.5553662647740244,0.7
2026-09-04 13:24:01,multi_repeat_random_states.py,"(1021, 9)",250,sequential_82,Dense 64 -> 16 -> 32 -> 64 -> 64 -> 32 -> 1,mse,adam_82,50,256,1.4025,4030.12060546875,2803.509765625,3609.02490234375,0.4771470537899414,0.7
2026-09-04 13:24:01,multi_repeat_random_states.py,"(1021, 9)",82,sequential_82,Dense 64 -> 16 -> 32 -> 64 -> 64 -> 32 -> 1,mse,adam_82,50,256,2.2346,321522.71875,6253.6455078125,5936.09033203125,0.10515920306906457,0.7
2026-09-04 13:24:03,multi_repeat_random_states.py,"(1021, 9)",166,sequential_82,Dense 64 -> 16 -> 32 -> 64 -> 64 -> 32 -> 1,mse,adam_82,50,256,1.453,2774.068359375,2793.489501953125,3286.171630859375,0.5409672483412846,0.7
2026-09-04 13:24:03,multi_repeat_random_states.py,"(1021, 9)",250,sequential_82,Dense 64 -> 16 -> 32 -> 64 -> 64 -> 32 -> 1,mse,adam_82,50,256,1.3904,3000.5908203125,3068.850830078125,3432.442626953125,0.502729156531349,0.7
2026-09-04 13:24:03,multi_repeat_random_states.py,"(1021, 9)",82,sequential_82,Dense 64 -> 16 -> 32 -> 64 -> 64 -> 32 -> 1,mse,adam_82,50,256,1.4414,6236.279296875,4873.75439453125,4614.3876953125,0.304400288285232,0.7
2026-09-04 13:24:05,multi_repeat_random_states.py,"(1021, 9)",82,sequential_82,Dense 64 -> 16 -> 32 -> 64 -> 64 -> 32 -> 1,mse,adam_82,50,256,1.3917,4752.740234375,2926.55615234375,2870.64404296875,0.5672624107782147,0.7
2026-09-04 13:24:05,multi_repeat_random_states.py,"(1021, 9)",167,sequential_83,Dense 64 -> 16 -> 32 -> 64 -> 64 -> 32 -> 1,mse,adam_83,50,256,2.2083,64901.9140625,5112.51611328125,5173.47998046875,0.26488217445497464,0.7
2026-09-04 13:24:05,multi_repeat_random_states.py,"(1021, 9)",251,sequential_83,Dense 64 -> 16 -> 32 -> 64 -> 64 -> 32 -> 1,mse,adam_83,50,256,2.2088,48719.45703125,3964.1923828125,5051.40673828125,0.34340474575422764,0.7
2026-09-04 13:24:06,multi_repeat_random_states.py,"(1021, 9)",167,sequential_83,Dense 64 -> 16 -> 32 -> 64 -> 64 -> 32 -> 1,mse,adam_83,50,256,1.3884,5065.84814453125,3115.00439453125,2896.486572265625,0.5884281246784183,0.7
2026-09-04 13:24:07,multi_repeat_random_states.py,"(1021, 9)",251,sequential_83,Dense 64 -> 16 -> 32 -> 64 -> 64 -> 32 -> 1,mse,adam_83,50,256,1.4153,3867.97705078125,2869.906494140625,3234.077880859375,0.5796259572754741,0.7
2026-09-04 13:24:07,multi_repeat_random_states.py,"(1021, 9)",83,sequential_83,Dense 64 -> 16 -> 32 -> 64 -> 64 -> 32 -> 1,mse,adam_83,50,256,2.2389,79148.6875,5081.18701171875,5591.1904296875,0.20289631158901622,0.7
2026-09-04 13:24:08,multi_repeat_random_states.py,"(1021, 9)",167,sequential_83,Dense 64 -> 16 -> 32 -> 64 -> 64 -> 32 -> 1,mse,adam_83,50,256,1.3909,3073.131591796875,2939.433349609375,2791.62451171875,0.6033283312369999,0.7
2026-09-04 13:24:08,multi_repeat_random_states.py,"(1021, 9)",251,sequential_83,Dense 64 -> 16 -> 32 -> 64 -> 64 -> 32 -> 1,mse,adam_83,50,256,1.3893,2863.7294921875,2702.01806640625,3489.42431640625,0.5464353708155713,0.7
2026-09-04 13:24:09,multi_repeat_random_states.py,"(1021, 9)",83,sequential_83,Dense 64 -> 16 -> 32 -> 64 -> 64 -> 32 -> 1,mse,adam_83,50,256,1.4002,5000.55908203125,3011.69482421875,3338.7607421875,0.5240120585272676,0.7
2026-09-04 13:24:10,multi_repeat_random_states.py,"(1021, 9)",83,sequential_83,Dense 64 -> 16 -> 32 -> 64 -> 64 -> 32 -> 1,mse,adam_83,50,256,1.3976,2973.40966796875,2895.776611328125,3071.853271484375,0.5620635797645728,0.7
2026-09-04 13:24:10,multi_repeat_random_states.py,"(1021, 9)",252,sequential_84,Dense 64 -> 16 -> 32 -> 64 -> 64 -> 32 -> 1,mse,adam_84,50,256,2.1964,55908.50390625,5618.3388671875,4812.77490234375,0.2186096699436625,0.7
2026-09-04 13:24:10,multi_repeat_random_states.py,"(1021, 9)",336,sequential_84,Dense 64 -> 16 -> 32 -> 64 -> 64 -> 32 -> 1,mse,adam_84,50,256,2.1925,40710.94921875,5560.9658203125,5041.09814453125,0.2436123520311586,0.7
2026-09-04 13:24:12,multi_repeat_random_states.py,"(1021, 9)",252,sequential_84,Dense 64 -> 16 -> 32 -> 64 -> 64 -> 32 -> 1,mse,adam_84,50,256,1.4465,5573.00341796875,3072.889404296875,2644.297607421875,0.5706783727083975,0.7
2026-09-04 13:24:12,multi_repeat_random_states.py,"(1021, 9)",336,sequential_84,Dense 64 -> 16 -> 32 -> 64 -> 64 -> 32 -> 1,mse,adam_84,50,256,1.407,5430.49072265625,3208.383056640625,2996.328857421875,0.5504181572037956,0.7
2026-09-04 13:24:13,multi_repeat_random_states.py,"(1021, 9)",420,sequential_84,Dense 64 -> 16 -> 32 -> 64 -> 64 -> 32 -> 1,mse,adam_84,50,256,2.2343,40957.78125,4264.42724609375,3743.80126953125,0.4202561930507225,0.7
2026-09-04 13:24:14,multi_repeat_random_states.py,"(1021, 9)",336,sequential_84,Dense 64 -> 16 -> 32 -> 64 -> 64 -> 32 -> 1,mse,adam_84,50,256,1.3894,3086.623779296875,3017.52490234375,2806.2060546875,0.578945018717163,0.7
2026-09-04 13:24:14,multi_repeat_random_states.py,"(1021, 9)",252,sequential_84,Dense 64 -> 16 -> 32 -> 64 -> 64 -> 32 -> 1,mse,adam_84,50,256,1.439,3035.7099609375,2934.69287109375,2653.008056640625,0.5692641537380482,0.7
2026-09-04 13:24:14,multi_repeat_random_states.py,"(1021, 9)",420,sequential_84,Dense 64 -> 16 -> 32 -> 64 -> 64 -> 32 -> 1,mse,adam_84,50,256,1.383,4003.47705078125,2867.068359375,2944.430419921875,0.5440422614805189,0.7
2026-09-04 13:24:16,multi_repeat_random_states.py,"(1021, 9)",420,sequential_84,Dense 64 -> 16 -> 32 -> 64 -> 64 -> 32 -> 1,mse,adam_84,50,256,1.3965,2926.050537109375,2836.024169921875,2927.86328125,0.5466077044817584,0.7
2026-09-04 13:24:16,multi_repeat_random_states.py,"(1021, 9)",253,sequential_85,Dense 64 -> 16 -> 32 -> 64 -> 64 -> 32 -> 1,mse,adam_85,50,256,2.2302,29902.25,3629.049072265625,3467.259033203125,0.5277294758526241,0.7
2026-09-04 13:24:16,multi_repeat_random_states.py,"(1021, 9)",337,sequential_85,Dense 64 -> 16 -> 32 -> 64 -> 64 -> 32 -> 1,mse,adam_85,50,256,2.248,77243.5078125,4509.06640625,5010.8505859375,0.3060972871758736,0.7
2026-09-04 13:24:17,multi_repeat_random_states.py,"(1021, 9)",337,sequential_85,Dense 64 -> 16 -> 32 -> 64 -> 64 -> 32 -> 1,mse,adam_85,50,256,1.4133,4410.03564453125,2750.532470703125,3214.875244140625,0.5548040641054519,0.7
2026-09-04 13:24:18,multi_repeat_random_states.py,"(1021, 9)",253,sequential_85,Dense 64 -> 16 -> 32 -> 64 -> 64 -> 32 -> 1,mse,adam_85,50,256,1.4609,3788.565185546875,2858.173828125,3380.6728515625,0.5395232961132358,0.7
2026-09-04 13:24:18,multi_repeat_random_states.py,"(1021, 9)",421,sequential_85,Dense 64 -> 16 -> 32 -> 64 -> 64 -> 32 -> 1,mse,adam_85,50,256,2.2278,65650.8828125,5455.0068359375,5346.7412109375,0.18550427227171262,0.7
2026-09-04 13:24:19,multi_repeat_random_states.py,"(1021, 9)",337,sequential_85,Dense 64 -> 16 -> 32 -> 64 -> 64 -> 32 -> 1,mse,adam_85,50,256,1.4202,2747.33935546875,2961.6923828125,3401.306396484375,0.5289870259303993,0.7
2026-09-04 13:24:19,multi_repeat_random_states.py,"(1021, 9)",253,sequential_85,Dense 64 -> 16 -> 32 -> 64 -> 64 -> 32 -> 1,mse,adam_85,50,256,1.391,3197.14208984375,2840.14453125,2877.1015625,0.6081140041114135,0.7
2026-09-04 13:24:20,multi_repeat_random_states.py,"(1021, 9)",421,sequential_85,Dense 64 -> 16 -> 32 -> 64 -> 64 -> 32 -> 1,mse,adam_85,50,256,1.4446,5394.580078125,2917.010009765625,2785.1318359375,0.5757269847659721,0.7
2026-09-04 13:24:21,multi_repeat_random_states.py,"(1021, 9)",421,sequential_85,Dense 64 -> 16 -> 32 -> 64 -> 64 -> 32 -> 1,mse,adam_85,50,256,1.402,2866.53515625,3002.18115234375,2804.82373046875,0.5727271902647217,0.7
2026-09-04 13:24:22,multi_repeat_random_states.py,"(1021, 9)",338,sequential_86,Dense 64 -> 16 -> 32 -> 64 -> 64 -> 32 -> 1,mse,adam_86,50,256,2.2811,59921.3359375,4119.86474609375,4470.53662109375,0.3857662663530361,0.7
2026-09-04 13:24:22,multi_repeat_random_states.py,"(1021, 9)",254,sequential_86,Dense 64 -> 16 -> 32 -> 64 -> 64 -> 32 -> 1,mse,adam_86,50,256,2.292,37972.7578125,4743.79931640625,4099.7783203125,0.33862679541970087,0.7
2026-09-04 13:24:23,multi_repeat_random_states.py,"(1021, 9)",338,sequential_86,Dense 64 -> 16 -> 32 -> 64 -> 64 -> 32 -> 1,mse,adam_86,50,256,1.3925,4261.71533203125,2901.100341796875,3138.164306640625,0.5688288102147591,0.7
2026-09-04 13:24:23,multi_repeat_random_states.py,"(1021, 9)",254,sequential_86,Dense 64 -> 16 -> 32 -> 64 -> 64 -> 32 -> 1,mse,adam_86,50,256,1.3922,4771.28857421875,3497.4208984375,3482.400634765625,0.43822171964842926,0.7
2026-09-04 13:24:24,multi_repeat_random_states.py,"(1021, 9)",422,sequential_86,Dense 64 -> 16 -> 32 -> 64 -> 64 -> 32 -> 1,mse,adam_86,50,256,2.2643,28191.09765625,4056.96923828125,3534.85791015625,0.4405967444796336,0.7
2026-09-04 13:24:25,multi_repeat_random_states.py,"(1021, 9)",338,sequential_86,Dense 64 -> 16 -> 32 -> 64 -> 64 -> 32 -> 1,mse,adam_86,50,256,1.3982,2824.721435546875,2811.5947265625,3081.663818359375,0.5765917939409579,0.7
2026-09-04 13:24:25,multi_repeat_random_states.py,"(1021, 9)",254,sequential_86,Dense 64 -> 16 -> 32 -> 64 -> 64 -> 32 -> 1,mse,adam_86,50,256,1.4407,3514.63037109375,3090.554931640625,2483.192138671875,0.5994132549897626,0.7
2026-09-04 13:24:25,multi_repeat_random_states.py,"(1021, 9)",422,sequential_86,Dense 64 -> 16 -> 32 -> 64 -> 64 -> 32 -> 1,mse,adam_86,50,256,1.4427,3922.14453125,3365.288818359375,3059.67431640625,0.515796106827928,0.7
2026-09-04 13:24:27,multi_repeat_random_states.py,"(1021, 9)",422,sequential_86,Dense 64 -> 16 -> 32 -> 64 -> 64 -> 32 -> 1,mse,adam_86,50,256,1.4016,3588.107666015625,2999.20703125,2820.256591796875,0.5536848097743001,0.7
2026-09-04 13:24:27,multi_repeat_random_states.py,"(1021, 9)",339,sequential_87,Dense 64 -> 16 -> 32 -> 64 -> 64 -> 32 -> 1,mse,adam_87,50,256,2.2311,117802.296875,6187.1748046875,5532.982421875,0.08078353520473247,0.7
2026-09-04 13:24:27,multi_repeat_random_states.py,"(1021, 9)",255,sequential_87,Dense 64 -> 16 -> 32 -> 64 -> 64 -> 32 -> 1,mse,adam_87,50,256,2.2324,43225.58984375,5697.4296875,5743.74560546875,0.2062728790288606,0.7
2026-09-04 13:24:28,multi_repeat_random_states.py,"(1021, 9)",339,sequential_87,Dense 64 -> 16 -> 32 -> 64 -> 64 -> 32 -> 1,mse,adam_87,50,256,1.4027,6150.53076171875,3944.30859375,2955.822265625,0.5089374343863193,0.7
2026-09-04 13:24:29,multi_repeat_random_states.py,"(1021, 9)",255,sequential_87,Dense 64 -> 16 -> 32 -> 64 -> 64 -> 32 -> 1,mse,adam_87,50,256,1.3854,5580.5615234375,2937.720947265625,3081.756591796875,0.5741326879175228,0.7
2026-09-04 13:24:29,multi_repeat_random_states.py,"(1021, 9)",423,sequential_87,Dense 64 -> 16 -> 32 -> 64 -> 64 -> 32 -> 1,mse,adam_87,50,256,2.2806,34783.2109375,5389.78076171875,5600.8662109375,0.16593909357515513,0.7
2026-09-04 13:24:30,multi_repeat_random_states.py,"(1021, 9)",339,sequential_87,Dense 64 -> 16 -> 32 -> 64 -> 64 -> 32 -> 1,mse,adam_87,50,256,1.4056,3682.68212890625,3247.1396484375,3224.674072265625,0.46427201719018907,0.7
2026-09-04 13:24:30,multi_repeat_random_states.py,"(1021, 9)",255,sequential_87,Dense 64 -> 16 -> 32 -> 64 -> 64 -> 32 -> 1,mse,adam_87,50,256,1.4012,3132.373046875,3023.7236328125,3018.5537109375,0.5828666855977074,0.7
2026-09-04 13:24:31,multi_repeat_random_states.py,"(1021, 9)",423,sequential_87,Dense 64 -> 16 -> 32 -> 64 -> 64 -> 32 -> 1,mse,adam_87,50,256,1.4395,5244.91162109375,3351.43896484375,3577.687744140625,0.46722360570221333,0.7
2026-09-04 13:24:32,multi_repeat_random_states.py,"(1021, 9)",423,sequential_87,Dense 64 -> 16 -> 32 -> 64 -> 64 -> 32 -> 1,mse,adam_87,50,256,1.4124,3150.94287109375,2694.957763671875,3206.734375,0.5224646443102814,0.7
2026-09-04 13:24:32,multi_repeat_random_states.py,"(1021, 9)",340,sequential_88,Dense 64 -> 16 -> 32 -> 64 -> 64 -> 32 -> 1,mse,adam_88,50,256,2.2273,22277.599609375,2987.050048828125,3212.869873046875,0.547897137127948,0.7
2026-09-04 13:24:33,multi_repeat_random_states.py,"(1021, 9)",256,sequential_88,Dense 64 -> 16 -> 32 -> 64 -> 64 -> 32 -> 1,mse,adam_88,50,256,2.2389,125486.7890625,5767.96826171875,6338.4248046875,0.10941573565569362,0.7
2026-09-04 13:24:34,multi_repeat_random_states.py,"(1021, 9)",340,sequential_88,Dense 64 -> 16 -> 32 -> 64 -> 64 -> 32 -> 1,mse,adam_88,50,256,1.398,3035.649169921875,2995.630615234375,3381.48779296875,0.5241698638089928,0.7
2026-09-04 13:24:34,multi_repeat_random_states.py,"(1021, 9)",256,sequential_88,Dense 64 -> 16 -> 32 -> 64 -> 64 -> 32 -> 1,mse,adam_88,50,256,1.3954,5737.89990234375,3331.30810546875,4042.06689453125,0.43206691494560434,0.7
2026-09-04 13:24:35,multi_repeat_random_states.py,"(1021, 9)",424,sequential_88,Dense 64 -> 16 -> 32 -> 64 -> 64 -> 32 -> 1,mse,adam_88,50,256,2.279,31962.83203125,4926.033203125,4942.89892578125,0.2951335068142803,0.7
2026-09-04 13:24:35,multi_repeat_random_states.py,"(1021, 9)",340,sequential_88,Dense 64 -> 16 -> 32 -> 64 -> 64 -> 32 -> 1,mse,adam_88,50,256,1.4078,2920.2607421875,2887.33349609375,3236.59814453125,0.5445582122160112,0.7
2026-09-04 13:24:36,multi_repeat_random_states.py,"(1021, 9)",256,sequential_88,Dense 64 -> 16 -> 32 -> 64 -> 64 -> 32 -> 1,mse,adam_88,50,256,1.4087,3204.73291015625,3060.310546875,3147.283935546875,0.5577888811181821,0.7
2026-09-04 13:24:36,multi_repeat_random_states.py,"(1021, 9)",424,sequential_88,Dense 64 -> 16 -> 32 -> 64 -> 64 -> 32 -> 1,mse,adam_88,50,256,1.3941,4829.78271484375,3174.6123046875,2690.641845703125,0.6163095476593577,0.7
2026-09-04 13:24:38,multi_repeat_random_states.py,"(1021, 9)",424,sequential_88,Dense 64 -> 16 -> 32 -> 64 -> 64 -> 32 -> 1,mse,adam_88,50,256,1.4099,3161.62548828125,3148.24072265625,3129.09912109375,0.5537847372337119,0.7
2026-09-04 13:24:38,multi_repeat_random_states.py,"(1021, 9)",341,sequential_89,Dense 64 -> 16 -> 32 -> 64 -> 64 -> 32 -> 1,mse,adam_89,50,256,2.2179,26176.603515625,3267.383056640625,2386.903076171875,0.5994600638772589,0.7
2026-09-04 13:24:38,multi_repeat_random_states.py,"(1021, 9)",257,sequential_89,Dense 64 -> 16 -> 32 -> 64 -> 64 -> 32 -> 1,mse,adam_89,50,256,2.2061,72141.140625,5373.0078125,6016.583984375,0.185250051193929,0.7
2026-09-04 13:24:39,multi_repeat_random_states.py,"(1021, 9)",341,sequential_89,Dense 64 -> 16 -> 32 -> 64 -> 64 -> 32 -> 1,mse,adam_89,50,256,1.3902,3284.55615234375,3097.93701171875,2230.259765625,0.6257459752117931,0.7
2026-09-04 13:24:40,multi_repeat_random_states.py,"(1021, 9)",257,sequential_89,Dense 64 -> 16 -> 32 -> 64 -> 64 -> 32 -> 1,mse,adam_89,50,256,1.4022,5370.80712890625,3384.79150390625,3235.4033203125,0.5618702579437027,0.7
2026-09-04 13:24:40,multi_repeat_random_states.py,"(1021, 9)",425,sequential_89,Dense 64 -> 16 -> 32 -> 64 -> 64 -> 32 -> 1,mse,adam_89,50,256,2.225,30773.248046875,3119.79638671875,4345.01171875,0.43211651067645995,0.7
2026-09-04 13:24:41,multi_repeat_random_states.py,"(1021, 9)",341,sequential_89,Dense 64 -> 16 -> 32 -> 64 -> 64 -> 32 -> 1,mse,adam_89,50,256,1.4356,3188.27734375,3142.918212890625,2221.023193359375,0.6272959606677406,0.7
2026-09-04 13:24:41,multi_repeat_random_states.py,"(1021, 9)",257,sequential_89,Dense 64 -> 16 -> 32 -> 64 -> 64 -> 32 -> 1,mse,adam_89,50,256,1.3886,3162.384033203125,2792.18017578125,3119.62548828125,0.5775485046657416,0.7
2026-09-04 13:24:42,multi_repeat_random_states.py,"(1021, 9)",425,sequential_89,Dense 64 -> 16 -> 32 -> 64 -> 64 -> 32 -> 1,mse,adam_89,50,256,1.4428,3065.89501953125,2529.404296875,3529.918701171875,0.5386473734883293,0.7
2026-09-04 13:24:43,multi_repeat_random_states.py,"(1021, 9)",425,sequential_89,Dense 64 -> 16 -> 32 -> 64 -> 64 -> 32 -> 1,mse,adam_89,50,256,1.4113,2549.1376953125,2533.013427734375,3516.2685546875,0.540431419628444,0.7
2026-09-04 13:24:43,multi_repeat_random_states.py,"(1021, 9)",258,sequential_90,Dense 64 -> 16 -> 32 -> 64 -> 64 -> 32 -> 1,mse,adam_90,50,256,2.2144,95043.71875,5454.74072265625,5933.55419921875,0.16725390251108352,0.7
2026-09-04 13:24:44,multi_repeat_random_states.py,"(1021, 9)",342,sequential_90,Dense 64 -> 16 -> 32 -> 64 -> 64 -> 32 -> 1,mse,adam_90,50,256,2.3125,52274.609375,4758.10400390625,4500.23876953125,0.30013009412311864,0.7
2026-09-04 13:24:45,multi_repeat_random_states.py,"(1021, 9)",258,sequential_90,Dense 64 -> 16 -> 32 -> 64 -> 64 -> 32 -> 1,mse,adam_90,50,256,1.4042,5433.98193359375,3027.949951171875,3334.496337890625,0.532019282246087,0.7
2026-09-04 13:24:45,multi_repeat_random_states.py,"(1021, 9)",342,sequential_90,Dense 64 -> 16 -> 32 -> 64 -> 64 -> 32 -> 1,mse,adam_90,50,256,1.4087,4643.85400390625,3087.64794921875,3016.75341796875,0.5308393096694749,0.7
2026-09-04 13:24:46,multi_repeat_random_states.py,"(1021, 9)",426,sequential_90,Dense 64 -> 16 -> 32 -> 64 -> 64 -> 32 -> 1,mse,adam_90,50,256,2.2524,79635.5859375,4504.3671875,5249.29833984375,0.2709685685468254,0.7
2026-09-04 13:24:47,multi_repeat_random_states.py,"(1021, 9)",258,sequential_90,Dense 64 -> 16 -> 32 -> 64 -> 64 -> 32 -> 1,mse,adam_90,50,256,1.4363,2880.608154296875,2777.97900390625,3190.0859375,0.5522865882045108,0.7
2026-09-04 13:24:47,multi_repeat_random_states.py,"(1021, 9)",342,sequential_90,Dense 64 -> 16 -> 32 -> 64 -> 64 -> 32 -> 1,mse,adam_90,50,256,1.3899,2926.553955078125,2918.224853515625,2824.269287109375,0.5607741695414773,0.7
2026-09-04 13:24:47,multi_repeat_random_states.py,"(1021, 9)",426,sequential_90,Dense 64 -> 16 -> 32 -> 64 -> 64 -> 32 -> 1,mse,adam_90,50,256,1.4204,4433.1904296875,2828.47705078125,3292.04248046875,0.5427955758012761,0.7
2026-09-04 13:24:49,multi_repeat_random_states.py,"(1021, 9)",426,sequential_90,Dense 64 -> 16 -> 32 -> 64 -> 64 -> 32 -> 1,mse,adam_90,50,256,1.4292,2744.41259765625,2692.42578125,3190.462646484375,0.5569031313662314,0.7
2026-09-04 13:24:50,multi_repeat_random_states.py,"(1021, 9)",343,sequential_91,Dense 64 -> 16 -> 32 -> 64 -> 64 -> 32 -> 1,mse,adam_91,50,256,3.0917,23589.169921875,3684.894287109375,3393.42041015625,0.5170099672150493,0.7
2026-09-04 13:24:50,multi_repeat_random_states.py,"(1021, 9)",259,sequential_91,Dense 64 -> 16 -> 32 -> 64 -> 64 -> 32 -> 1,mse,adam_91,50,256,3.1193,33669.51953125,3578.454833984375,3598.702392578125,0.48354976025281804,0.7
2026-09-04 13:24:51,multi_repeat_random_states.py,"(1021, 9)",343,sequential_91,Dense 64 -> 16 -> 32 -> 64 -> 64 -> 32 -> 1,mse,adam_91,50,256,1.4498,3506.75,3025.243896484375,2904.398193359375,0.5866131407141757,0.7
2026-09-04 13:24:52,multi_repeat_random_states.py,"(1021, 9)",259,sequential_91,Dense 64 -> 16 -> 32 -> 64 -> 64 -> 32 -> 1,mse,adam_91,50,256,1.4495,3635.197021484375,3100.69189453125,2845.459716796875,0.5916477061517981,0.7
2026-09-04 13:24:52,multi_repeat_random_states.py,"(1021, 9)",427,sequential_91,Dense 64 -> 16 -> 32 -> 64 -> 64 -> 32 -> 1,mse,adam_91,50,256,3.0927,50998.50390625,4592.29296875,4968.09912109375,0.30065133397784005,0.7
2026-09-04 13:24:53,multi_repeat_random_states.py,"(1021, 9)",343,sequential_91,Dense 64 -> 16 -> 32 -> 64 -> 64 -> 32 -> 1,mse,adam_91,50,256,1.5006,3007.050048828125,3034.884521484375,2727.458251953125,0.6117972629218154,0.7
2026-09-04 13:24:53,multi_repeat_random_states.py,"(1021, 9)",259,sequential_91,Dense 64 -> 16 -> 32 -> 64 -> 64 -> 32 -> 1,mse,adam_91,50,256,1.4155,3054.359130859375,3131.369873046875,2612.036865234375,0.6251462703025759,0.7
2026-09-04 13:24:54,multi_repeat_random_states.py,"(1021, 9)",427,sequential_91,Dense 64 -> 16 -> 32 -> 64 -> 64 -> 32 -> 1,mse,adam_91,50,256,1.4009,4530.06787109375,3090.9892578125,3141.38818359375,0.5577935195939,0.7
2026-09-04 13:24:55,multi_repeat_random_states.py,"(1021, 9)",427,sequential_91,Dense 64 -> 16 -> 32 -> 64 -> 64 -> 32 -> 1,mse,adam_91,50,256,1.4174,2873.098388671875,2841.412353515625,3217.60205078125,0.5470650608317438,0.7
2026-09-04 13:24:56,multi_repeat_random_states.py,"(1021, 9)",344,sequential_92,Dense 64 -> 16 -> 32 -> 64 -> 64 -> 32 -> 1,mse,adam_92,50,256,2.1962,25334.447265625,3368.46728515625,3374.829345703125,0.5217847391280273,0.7
2026-09-04 13:24:56,multi_repeat_random_states.py,"(1021, 9)",260,sequential_92,Dense 64 -> 16 -> 32 -> 64 -> 64 -> 32 -> 1,mse,adam_92,50,256,2.2119,52529.984375,5265.2880859375,5321.466796875,0.21197991661379412,0.7
2026-09-04 13:24:57,multi_repeat_random_states.py,"(1021, 9)",344,sequential_92,Dense 64 -> 16 -> 32 -> 64 -> 64 -> 32 -> 1,mse,adam_92,50,256,1.4215,3244.245849609375,3009.83544921875,2892.7021484375,0.5901023986774252,0.7
2026-09-04 13:24:57,multi_repeat_random_states.py,"(1021, 9)",260,sequential_92,Dense 64 -> 16 -> 32 -> 64 -> 64 -> 32 -> 1,mse,adam_92,50,256,1.4373,5216.0673828125,3123.4892578125,3019.363037109375,0.5528829394569317,0.7
2026-09-04 13:24:58,multi_repeat_random_states.py,"(1021, 9)",428,sequential_92,Dense 64 -> 16 -> 32 -> 64 -> 64 -> 32 -> 1,mse,adam_92,50,256,2.3517,33024.03125,3381.478759765625,2984.1767578125,0.5285363898091535,0.7
2026-09-04 13:24:59,multi_repeat_random_states.py,"(1021, 9)",260,sequential_92,Dense 64 -> 16 -> 32 -> 64 -> 64 -> 32 -> 1,mse,adam_92,50,256,1.4119,3175.586669921875,3230.51513671875,3602.025146484375,0.4666004654705581,0.7
2026-09-04 13:24:59,multi_repeat_random_states.py,"(1021, 9)",344,sequential_92,Dense 64 -> 16 -> 32 -> 64 -> 64 -> 32 -> 1,mse,adam_92,50,256,1.4624,2922.880859375,3388.74755859375,2926.6533203125,0.5852915420418568,0.7
2026-09-04 13:24:59,multi_repeat_random_states.py,"(1021, 9)",428,sequential_92,Dense 64 -> 16 -> 32 -> 64 -> 64 -> 32 -> 1,mse,adam_92,50,256,1.3799,3245.5322265625,2965.054931640625,3143.986572265625,0.5032882996021176,0.7
2026-09-04 13:25:01,multi_repeat_random_states.py,"(1021, 9)",428,sequential_92,Dense 64 -> 16 -> 32 -> 64 -> 64 -> 32 -> 1,mse,adam_92,50,256,1.4054,2993.24853515625,2912.203369140625,2908.87646484375,0.540432829505632,0.7
2026-09-04 13:25:01,multi_repeat_random_states.py,"(1021, 9)",261,sequential_93,Dense 64 -> 16 -> 32 -> 64 -> 64 -> 32 -> 1,mse,adam_93,50,256,2.2235,37480.265625,4193.4130859375,4221.37451171875,0.4094769115911232,0.7
2026-09-04 13:25:01,multi_repeat_random_states.py,"(1021, 9)",345,sequential_93,Dense 64 -> 16 -> 32 -> 64 -> 64 -> 32 -> 1,mse,adam_93,50,256,2.21,24390.697265625,2899.26806640625,2888.336669921875,0.5612793759769448,0.7
2026-09-04 13:25:03,multi_repeat_random_states.py,"(1021, 9)",261,sequential_93,Dense 64 -> 16 -> 32 -> 64 -> 64 -> 32 -> 1,mse,adam_93,50,256,1.417,3942.189697265625,3003.3037109375,3315.029296875,0.5362644865414985,0.7
2026-09-04 13:25:03,multi_repeat_random_states.py,"(1021, 9)",345,sequential_93,Dense 64 -> 16 -> 32 -> 64 -> 64 -> 32 -> 1,mse,adam_93,50,256,1.417,2907.4990234375,2984.763671875,3284.841552734375,0.5010527226481114,0.7
2026-09-04 13:25:03,multi_repeat_random_states.py,"(1021, 9)",429,sequential_93,Dense 64 -> 16 -> 32 -> 64 -> 64 -> 32 -> 1,mse,adam_93,50,256,2.2537,130894.1484375,5484.25732421875,5533.4921875,0.1829307796325731,0.7
2026-09-04 13:25:04,multi_repeat_random_states.py,"(1021, 9)",345,sequential_93,Dense 64 -> 16 -> 32 -> 64 -> 64 -> 32 -> 1,mse,adam_93,50,256,1.4052,3079.893310546875,3177.98046875,2988.952392578125,0.54599647836449,0.7
2026-09-04 13:25:04,multi_repeat_random_states.py,"(1021, 9)",261,sequential_93,Dense 64 -> 16 -> 32 -> 64 -> 64 -> 32 -> 1,mse,adam_93,50,256,1.4522,3105.6181640625,2843.33251953125,2960.9716796875,0.5857931809391552,0.7
2026-09-04 13:25:05,multi_repeat_random_states.py,"(1021, 9)",429,sequential_93,Dense 64 -> 16 -> 32 -> 64 -> 64 -> 32 -> 1,mse,adam_93,50,256,1.3947,5467.384765625,3292.902099609375,3428.45263671875,0.4937584591652302,0.7
2026-09-04 13:25:06,multi_repeat_random_states.py,"(1021, 9)",429,sequential_93,Dense 64 -> 16 -> 32 -> 64 -> 64 -> 32 -> 1,mse,adam_93,50,256,1.4097,3344.223876953125,3044.16015625,2713.47314453125,0.5993315864180649,0.7
2026-09-04 13:25:07,multi_repeat_random_states.py,"(1021, 9)",346,sequential_94,Dense 64 -> 16 -> 32 -> 64 -> 64 -> 32 -> 1,mse,adam_94,50,256,2.2056,48601.17578125,3881.550048828125,4216.484375,0.4213170035681886,0.7
2026-09-04 13:25:07,multi_repeat_random_states.py,"(1021, 9)",262,sequential_94,Dense 64 -> 16 -> 32 -> 64 -> 64 -> 32 -> 1,mse,adam_94,50,256,2.221,19004.0625,3416.036865234375,3109.685302734375,0.5521848128883529,0.7
2026-09-04 13:25:08,multi_repeat_random_states.py,"(1021, 9)",346,sequential_94,Dense 64 -> 16 -> 32 -> 64 -> 64 -> 32 -> 1,mse,adam_94,50,256,1.4216,3772.0654296875,2774.1181640625,3921.11083984375,0.4618550358880811,0.7
2026-09-04 13:25:08,multi_repeat_random_states.py,"(1021, 9)",262,sequential_94,Dense 64 -> 16 -> 32 -> 64 -> 64 -> 32 -> 1,mse,adam_94,50,256,1.4068,3319.6337890625,3027.838134765625,2702.228271484375,0.6108613192091696,0.7
2026-09-04 13:25:09,multi_repeat_random_states.py,"(1021, 9)",430,sequential_94,Dense 64 -> 16 -> 32 -> 64 -> 64 -> 32 -> 1,mse,adam_94,50,256,2.2609,135155.25,5924.7177734375,6154.0595703125,0.12332017851736243,0.7
2026-09-04 13:25:10,multi_repeat_random_states.py,"(1021, 9)",346,sequential_94,Dense 64 -> 16 -> 32 -> 64 -> 64 -> 32 -> 1,mse,adam_94,50,256,1.4439,3109.23095703125,3094.369873046875,3241.74267578125,0.5550935126188062,0.7
2026-09-04 13:25:10,multi_repeat_random_states.py,"(1021, 9)",262,sequential_94,Dense 64 -> 16 -> 32 -> 64 -> 64 -> 32 -> 1,mse,adam_94,50,256,1.4797,2953.43896484375,2889.3916015625,2729.70263671875,0.6069048345241446,0.7
2026-09-04 13:25:10,multi_repeat_random_states.py,"(1021, 9)",430,sequential_94,Dense 64 -> 16 -> 32 -> 64 -> 64 -> 32 -> 1,mse,adam_94,50,256,1.4679,5925.13232421875,3111.766357421875,3353.1162109375,0.5223300147509318,0.7
2026-09-04 13:25:12,multi_repeat_random_states.py,"(1021, 9)",430,sequential_94,Dense 64 -> 16 -> 32 -> 64 -> 64 -> 32 -> 1,mse,adam_94,50,256,1.4104,3019.94140625,2795.805908203125,3007.765380859375,0.571527147683546,0.7
2026-09-04 13:25:12,multi_repeat_random_states.py,"(1021, 9)",347,sequential_95,Dense 64 -> 16 -> 32 -> 64 -> 64 -> 32 -> 1,mse,adam_95,50,256,2.2274,33483.6640625,4270.6298828125,3891.821044921875,0.4126401103153078,0.7
2026-09-04 13:25:12,multi_repeat_random_states.py,"(1021, 9)",263,sequential_95,Dense 64 -> 16 -> 32 -> 64 -> 64 -> 32 -> 1,mse,adam_95,50,256,2.2111,26803.650390625,4537.82275390625,4132.79443359375,0.29963247024913686,0.7
2026-09-04 13:25:14,multi_repeat_random_states.py,"(1021, 9)",347,sequential_95,Dense 64 -> 16 -> 32 -> 64 -> 64 -> 32 -> 1,mse,adam_95,50,256,1.4497,4102.8603515625,3004.447021484375,2985.197021484375,0.5494692989173259,0.7
2026-09-04 13:25:14,multi_repeat_random_states.py,"(1021, 9)",263,sequential_95,Dense 64 -> 16 -> 32 -> 64 -> 64 -> 32 -> 1,mse,adam_95,50,256,1.4154,4514.666015625,3044.2294921875,2982.855712890625,0.49450787730991896,0.7
2026-09-04 13:25:14,multi_repeat_random_states.py,"(1021, 9)",431,sequential_95,Dense 64 -> 16 -> 32 -> 64 -> 64 -> 32 -> 1,mse,adam_95,50,256,2.2734,67605.234375,4062.826171875,4167.21728515625,0.39863631800178867,0.7
2026-09-04 13:25:15,multi_repeat_random_states.py,"(1021, 9)",263,sequential_95,Dense 64 -> 16 -> 32 -> 64 -> 64 -> 32 -> 1,mse,adam_95,50,256,1.388,2912.1669921875,2913.96142578125,2895.552734375,0.5093026694728395,0.7
2026-09-04 13:25:15,multi_repeat_random_states.py,"(1021, 9)",347,sequential_95,Dense 64 -> 16 -> 32 -> 64 -> 64 -> 32 -> 1,mse,adam_95,50,256,1.436,3170.747314453125,3048.56640625,2607.97998046875,0.6063994713752243,0.7
2026-09-04 13:25:16,multi_repeat_random_states.py,"(1021, 9)",431,sequential_95,Dense 64 -> 16 -> 32 -> 64 -> 64 -> 32 -> 1,mse,adam_95,50,256,1.406,3834.62841796875,3018.217529296875,3028.180419921875,0.5630086722484531,0.7
2026-09-04 13:25:17,multi_repeat_random_states.py,"(1021, 9)",431,sequential_95,Dense 64 -> 16 -> 32 -> 64 -> 64 -> 32 -> 1,mse,adam_95,50,256,1.4171,2929.827880859375,2833.733642578125,3159.9150390625,0.543998277738579,0.7
2026-09-04 13:25:18,multi_repeat_random_states.py,"(1021, 9)",264,sequential_96,Dense 64 -> 16 -> 32 -> 64 -> 64 -> 32 -> 1,mse,adam_96,50,256,2.2389,61725.21484375,4832.177734375,4825.85693359375,0.3215341853222896,0.7
2026-09-04 13:25:18,multi_repeat_random_states.py,"(1021, 9)",348,sequential_96,Dense 64 -> 16 -> 32 -> 64 -> 64 -> 32 -> 1,mse,adam_96,50,256,2.2545,68172.578125,5241.98876953125,5621.27490234375,0.186232477845511,0.7
2026-09-04 13:25:19,multi_repeat_random_states.py,"(1021, 9)",264,sequential_96,Dense 64 -> 16 -> 32 -> 64 -> 64 -> 32 -> 1,mse,adam_96,50,256,1.3921,4726.728515625,3319.54052734375,3633.7236328125,0.4891357722858857,0.7
2026-09-04 13:25:19,multi_repeat_random_states.py,"(1021, 9)",348,sequential_96,Dense 64 -> 16 -> 32 -> 64 -> 64 -> 32 -> 1,mse,adam_96,50,256,1.4123,5207.0546875,2918.7392578125,2944.800048828125,0.5736940906648056,0.7
2026-09-04 13:25:20,multi_repeat_random_states.py,"(1021, 9)",432,sequential_96,Dense 64 -> 16 -> 32 -> 64 -> 64 -> 32 -> 1,mse,adam_96,50,256,2.2521,245413.40625,6253.681640625,6492.75,0.08142178599906658,0.7
2026-09-04 13:25:21,multi_repeat_random_states.py,"(1021, 9)",264,sequential_96,Dense 64 -> 16 -> 32 -> 64 -> 64 -> 32 -> 1,mse,adam_96,50,256,1.3955,3548.3310546875,2951.125732421875,3162.16064453125,0.555432752225294,0.7
2026-09-04 13:25:21,multi_repeat_random_states.py,"(1021, 9)",348,sequential_96,Dense 64 -> 16 -> 32 -> 64 -> 64 -> 32 -> 1,mse,adam_96,50,256,1.4074,2859.11669921875,3231.485107421875,3167.403564453125,0.5414687530818603,0.7
2026-09-04 13:25:21,multi_repeat_random_states.py,"(1021, 9)",432,sequential_96,Dense 64 -> 16 -> 32 -> 64 -> 64 -> 32 -> 1,mse,adam_96,50,256,1.4001,6242.1923828125,5303.38623046875,5550.0751953125,0.21478902684806622,0.7
2026-09-04 13:25:23,multi_repeat_random_states.py,"(1021, 9)",432,sequential_96,Dense 64 -> 16 -> 32 -> 64 -> 64 -> 32 -> 1,mse,adam_96,50,256,1.4167,5259.28076171875,3282.2861328125,3178.87353515625,0.5502608300384515,0.7
2026-09-04 13:25:23,multi_repeat_random_states.py,"(1021, 9)",265,sequential_97,Dense 64 -> 16 -> 32 -> 64 -> 64 -> 32 -> 1,mse,adam_97,50,256,2.2363,64364.49609375,4817.53759765625,4553.546875,0.28087658269307547,0.7
2026-09-04 13:25:23,multi_repeat_random_states.py,"(1021, 9)",349,sequential_97,Dense 64 -> 16 -> 32 -> 64 -> 64 -> 32 -> 1,mse,adam_97,50,256,2.2207,84777.9609375,6067.4384765625,5668.41796875,0.12861153677437753,0.7
2026-09-04 13:25:25,multi_repeat_random_states.py,"(1021, 9)",265,sequential_97,Dense 64 -> 16 -> 32 -> 64 -> 64 -> 32 -> 1,mse,adam_97,50,256,1.4029,4695.7646484375,3061.044677734375,2835.876953125,0.5521412849116534,0.7
2026-09-04 13:25:25,multi_repeat_random_states.py,"(1021, 9)",349,sequential_97,Dense 64 -> 16 -> 32 -> 64 -> 64 -> 32 -> 1,mse,adam_97,50,256,1.4196,6049.87744140625,4317.80712890625,4686.53076171875,0.27955411004677355,0.7
2026-09-04 13:25:25,multi_repeat_random_states.py,"(1021, 9)",433,sequential_97,Dense 64 -> 16 -> 32 -> 64 -> 64 -> 32 -> 1,mse,adam_97,50,256,2.2566,46825.0859375,4922.0205078125,4567.3408203125,0.276612810582356,0.7
2026-09-04 13:25:26,multi_repeat_random_states.py,"(1021, 9)",265,sequential_97,Dense 64 -> 16 -> 32 -> 64 -> 64 -> 32 -> 1,mse,adam_97,50,256,1.4002,3070.9560546875,2974.78076171875,2564.541259765625,0.5949922215022905,0.7
2026-09-04 13:25:26,multi_repeat_random_states.py,"(1021, 9)",349,sequential_97,Dense 64 -> 16 -> 32 -> 64 -> 64 -> 32 -> 1,mse,adam_97,50,256,1.4043,4284.1953125,2928.065673828125,3331.906494140625,0.48779626972146295,0.7
2026-09-04 13:25:27,multi_repeat_random_states.py,"(1021, 9)",433,sequential_97,Dense 64 -> 16 -> 32 -> 64 -> 64 -> 32 -> 1,mse,adam_97,50,256,1.4097,4758.14404296875,2938.610595703125,2947.10595703125,0.5332298061111405,0.7
2026-09-04 13:25:28,multi_repeat_random_states.py,"(1021, 9)",433,sequential_97,Dense 64 -> 16 -> 32 -> 64 -> 64 -> 32 -> 1,mse,adam_97,50,256,1.4357,2894.440673828125,3020.1552734375,2754.603759765625,0.5637187928627501,0.7
2026-09-04 13:25:29,multi_repeat_random_states.py,"(1021, 9)",266,sequential_98,Dense 64 -> 16 -> 32 -> 64 -> 64 -> 32 -> 1,mse,adam_98,50,256,2.2432,51157.1015625,5430.9482421875,4349.61572265625,0.27234589280155763,0.7
2026-09-04 13:25:29,multi_repeat_random_states.py,"(1021, 9)",350,sequential_98,Dense 64 -> 16 -> 32 -> 64 -> 64 -> 32 -> 1,mse,adam_98,50,256,2.2238,62997.23828125,4938.62646484375,5837.93701171875,0.21159759479730655,0.7
2026-09-04 13:25:30,multi_repeat_random_states.py,"(1021, 9)",266,sequential_98,Dense 64 -> 16 -> 32 -> 64 -> 64 -> 32 -> 1,mse,adam_98,50,256,1.4039,5347.76416015625,3491.921142578125,2853.497314453125,0.5226338179283547,0.7
2026-09-04 13:25:30,multi_repeat_random_states.py,"(1021, 9)",350,sequential_98,Dense 64 -> 16 -> 32 -> 64 -> 64 -> 32 -> 1,mse,adam_98,50,256,1.4065,4876.060546875,3140.707275390625,3191.597900390625,0.56898075085033,0.7
2026-09-04 13:25:31,multi_repeat_random_states.py,"(1021, 9)",434,sequential_98,Dense 64 -> 16 -> 32 -> 64 -> 64 -> 32 -> 1,mse,adam_98,50,256,2.2529,25331.83203125,3792.92919921875,4298.54248046875,0.2879090567535365,0.7
2026-09-04 13:25:32,multi_repeat_random_states.py,"(1021, 9)",266,sequential_98,Dense 64 -> 16 -> 32 -> 64 -> 64 -> 32 -> 1,mse,adam_98,50,256,1.4095,3336.684814453125,2986.624267578125,2556.283203125,0.5723553357635269,0.7
2026-09-04 13:25:32,multi_repeat_random_states.py,"(1021, 9)",350,sequential_98,Dense 64 -> 16 -> 32 -> 64 -> 64 -> 32 -> 1,mse,adam_98,50,256,1.4599,3185.976318359375,2750.4404296875,3837.921630859375,0.48169594917132774,0.7
2026-09-04 13:25:32,multi_repeat_random_states.py,"(1021, 9)",434,sequential_98,Dense 64 -> 16 -> 32 -> 64 -> 64 -> 32 -> 1,mse,adam_98,50,256,1.4014,4075.578369140625,3515.773681640625,2770.34521484375,0.5410681176448375,0.7
2026-09-04 13:25:34,multi_repeat_random_states.py,"(1021, 9)",434,sequential_98,Dense 64 -> 16 -> 32 -> 64 -> 64 -> 32 -> 1,mse,adam_98,50,256,1.453,3091.992431640625,3072.489501953125,2560.505126953125,0.5758299766121335,0.7
2026-09-04 13:25:34,multi_repeat_random_states.py,"(1021, 9)",267,sequential_99,Dense 64 -> 16 -> 32 -> 64 -> 64 -> 32 -> 1,mse,adam_99,50,256,2.2413,46719.8984375,4638.923828125,4347.3720703125,0.3461004767484419,0.7
2026-09-04 13:25:34,multi_repeat_random_states.py,"(1021, 9)",351,sequential_99,Dense 64 -> 16 -> 32 -> 64 -> 64 -> 32 -> 1,mse,adam_99,50,256,2.2241,144542.53125,5948.06005859375,6055.20947265625,0.1064133102674577,0.7
2026-09-04 13:25:36,multi_repeat_random_states.py,"(1021, 9)",267,sequential_99,Dense 64 -> 16 -> 32 -> 64 -> 64 -> 32 -> 1,mse,adam_99,50,256,1.4017,4524.125,2972.935546875,2948.47509765625,0.5565121688404988,0.7
2026-09-04 13:25:36,multi_repeat_random_states.py,"(1021, 9)",351,sequential_99,Dense 64 -> 16 -> 32 -> 64 -> 64 -> 32 -> 1,mse,adam_99,50,256,1.4354,5939.783203125,3357.782958984375,3327.99365234375,0.5088773352832001,0.7
2026-09-04 13:25:37,multi_repeat_random_states.py,"(1021, 9)",435,sequential_99,Dense 64 -> 16 -> 32 -> 64 -> 64 -> 32 -> 1,mse,adam_99,50,256,2.2394,19276.18359375,3652.029052734375,3805.490966796875,0.41235249617317915,0.7
2026-09-04 13:25:37,multi_repeat_random_states.py,"(1021, 9)",267,sequential_99,Dense 64 -> 16 -> 32 -> 64 -> 64 -> 32 -> 1,mse,adam_99,50,256,1.4416,2869.119873046875,3033.899658203125,2903.84814453125,0.5632245919137052,0.7
2026-09-04 13:25:37,multi_repeat_random_states.py,"(1021, 9)",351,sequential_99,Dense 64 -> 16 -> 32 -> 64 -> 64 -> 32 -> 1,mse,adam_99,50,256,1.3868,3416.095458984375,2955.484130859375,2776.20458984375,0.5903065813434487,0.7
2026-09-04 13:25:38,multi_repeat_random_states.py,"(1021, 9)",435,sequential_99,Dense 64 -> 16 -> 32 -> 64 -> 64 -> 32 -> 1,mse,adam_99,50,256,1.4472,3586.65673828125,3348.093017578125,3123.646484375,0.5176435747529546,0.7
2026-09-04 13:25:40,multi_repeat_random_states.py,"(1021, 9)",435,sequential_99,Dense 64 -> 16 -> 32 -> 64 -> 64 -> 32 -> 1,mse,adam_99,50,256,1.3979,3084.721435546875,2849.220458984375,2918.14794921875,0.549376846333302,0.7
2026-09-04 13:25:40,multi_repeat_random_states.py,"(1021, 9)",268,sequential_100,Dense 64 -> 16 -> 32 -> 64 -> 64 -> 32 -> 1,mse,adam_100,50,256,2.2195,108076.75,5851.43115234375,5150.79296875,0.2017131667779134,0.7
2026-09-04 13:25:40,multi_repeat_random_states.py,"(1021, 9)",352,sequential_100,Dense 64 -> 16 -> 32 -> 64 -> 64 -> 32 -> 1,mse,adam_100,50,256,2.3062,54199.8359375,5498.39453125,6117.76025390625,0.14452450354486768,0.7
2026-09-04 13:25:41,multi_repeat_random_states.py,"(1021, 9)",268,sequential_100,Dense 64 -> 16 -> 32 -> 64 -> 64 -> 32 -> 1,mse,adam_100,50,256,1.3966,5818.43310546875,3147.572509765625,2809.295166015625,0.5646062286051537,0.7
2026-09-04 13:25:41,multi_repeat_random_states.py,"(1021, 9)",352,sequential_100,Dense 64 -> 16 -> 32 -> 64 -> 64 -> 32 -> 1,mse,adam_100,50,256,1.4139,5452.89697265625,2798.9833984375,3442.675048828125,0.5185944244908629,0.7
2026-09-04 13:25:42,multi_repeat_random_states.py,"(1021, 9)",436,sequential_100,Dense 64 -> 16 -> 32 -> 64 -> 64 -> 32 -> 1,mse,adam_100,50,256,2.2452,56467.6640625,5244.90771484375,5084.3583984375,0.23247122259347774,0.7
2026-09-04 13:25:43,multi_repeat_random_states.py,"(1021, 9)",268,sequential_100,Dense 64 -> 16 -> 32 -> 64 -> 64 -> 32 -> 1,mse,adam_100,50,256,1.4072,3053.551025390625,3029.94140625,3149.446533203125,0.511888349634035,0.7
2026-09-04 13:25:43,multi_repeat_random_states.py,"(1021, 9)",352,sequential_100,Dense 64 -> 16 -> 32 -> 64 -> 64 -> 32 -> 1,mse,adam_100,50,256,1.4157,2801.069580078125,2755.34375,3283.0712890625,0.540912538659084,0.7
2026-09-04 13:25:44,multi_repeat_random_states.py,"(1021, 9)",436,sequential_100,Dense 64 -> 16 -> 32 -> 64 -> 64 -> 32 -> 1,mse,adam_100,50,256,1.3894,5235.619140625,2953.3193359375,2801.48583984375,0.5770909938101103,0.7
2026-09-04 13:25:45,multi_repeat_random_states.py,"(1021, 9)",436,sequential_100,Dense 64 -> 16 -> 32 -> 64 -> 64 -> 32 -> 1,mse,adam_100,50,256,1.4251,3070.2041015625,3041.729736328125,2795.703125,0.5779639367014111,0.7
2026-09-04 13:25:45,multi_repeat_random_states.py,"(1021, 9)",269,sequential_101,Dense 64 -> 16 -> 32 -> 64 -> 64 -> 32 -> 1,mse,adam_101,50,256,2.2007,68989.984375,3989.78466796875,4298.32861328125,0.3720050059393383,0.7
2026-09-04 13:25:45,multi_repeat_random_states.py,"(1021, 9)",353,sequential_101,Dense 64 -> 16 -> 32 -> 64 -> 64 -> 32 -> 1,mse,adam_101,50,256,2.2063,127366.875,5859.8017578125,5084.41259765625,0.09006906120342384,0.7
2026-09-04 13:25:47,multi_repeat_random_states.py,"(1021, 9)",269,sequential_101,Dense 64 -> 16 -> 32 -> 64 -> 64 -> 32 -> 1,mse,adam_101,50,256,1.3951,3875.209228515625,2774.341552734375,3712.67333984375,0.4575705147637946,0.7
2026-09-04 13:25:47,multi_repeat_random_states.py,"(1021, 9)",353,sequential_101,Dense 64 -> 16 -> 32 -> 64 -> 64 -> 32 -> 1,mse,adam_101,50,256,1.3992,5818.10400390625,3246.510498046875,2810.1298828125,0.4970856786097444,0.7
2026-09-04 13:25:48,multi_repeat_random_states.py,"(1021, 9)",437,sequential_101,Dense 64 -> 16 -> 32 -> 64 -> 64 -> 32 -> 1,mse,adam_101,50,256,2.2278,34503.6484375,3494.005859375,4286.94677734375,0.33842567226828224,0.7
2026-09-04 13:25:48,multi_repeat_random_states.py,"(1021, 9)",269,sequential_101,Dense 64 -> 16 -> 32 -> 64 -> 64 -> 32 -> 1,mse,adam_101,50,256,1.4935,3018.62548828125,2804.082763671875,3129.987548828125,0.5427021914509352,0.7
2026-09-04 13:25:48,multi_repeat_random_states.py,"(1021, 9)",353,sequential_101,Dense 64 -> 16 -> 32 -> 64 -> 64 -> 32 -> 1,mse,adam_101,50,256,1.4303,3072.364501953125,2972.264892578125,2640.3564453125,0.5274690855289859,0.7
2026-09-04 13:25:49,multi_repeat_random_states.py,"(1021, 9)",437,sequential_101,Dense 64 -> 16 -> 32 -> 64 -> 64 -> 32 -> 1,mse,adam_101,50,256,1.413,3804.238525390625,2890.428955078125,3000.59814453125,0.5369388423306461,0.7
2026-09-04 13:25:51,multi_repeat_random_states.py,"(1021, 9)",437,sequential_101,Dense 64 -> 16 -> 32 -> 64 -> 64 -> 32 -> 1,mse,adam_101,50,256,1.4139,2946.5576171875,3120.17626953125,3274.2900390625,0.49470196187151794,0.7
2026-09-04 13:25:51,multi_repeat_random_states.py,"(1021, 9)",270,sequential_102,Dense 64 -> 16 -> 32 -> 64 -> 64 -> 32 -> 1,mse,adam_102,50,256,2.2123,60631.453125,5023.47021484375,4130.4873046875,0.34572147386652374,0.7
2026-09-04 13:25:51,multi_repeat_random_states.py,"(1021, 9)",354,sequential_102,Dense 64 -> 16 -> 32 -> 64 -> 64 -> 32 -> 1,mse,adam_102,50,256,2.2124,32990.61328125,3611.966552734375,2819.57275390625,0.5624686978514908,0.7
2026-09-04 13:25:52,multi_repeat_random_states.py,"(1021, 9)",270,sequential_102,Dense 64 -> 16 -> 32 -> 64 -> 64 -> 32 -> 1,mse,adam_102,50,256,1.378,4977.90576171875,3048.896728515625,2610.275390625,0.5865264849759799,0.7
2026-09-04 13:25:52,multi_repeat_random_states.py,"(1021, 9)",354,sequential_102,Dense 64 -> 16 -> 32 -> 64 -> 64 -> 32 -> 1,mse,adam_102,50,256,1.3883,3274.73291015625,3336.978515625,2746.1181640625,0.5738671967619962,0.7
2026-09-04 13:25:53,multi_repeat_random_states.py,"(1021, 9)",438,sequential_102,Dense 64 -> 16 -> 32 -> 64 -> 64 -> 32 -> 1,mse,adam_102,50,256,2.3523,20042.162109375,3202.503662109375,3373.09619140625,0.5175235287573208,0.7
2026-09-04 13:25:54,multi_repeat_random_states.py,"(1021, 9)",270,sequential_102,Dense 64 -> 16 -> 32 -> 64 -> 64 -> 32 -> 1,mse,adam_102,50,256,1.41,3129.422119140625,3045.579833984375,2639.806884765625,0.5818486697906757,0.7
2026-09-04 13:25:54,multi_repeat_random_states.py,"(1021, 9)",354,sequential_102,Dense 64 -> 16 -> 32 -> 64 -> 64 -> 32 -> 1,mse,adam_102,50,256,1.4012,3371.0263671875,3199.42724609375,2976.1396484375,0.5381732072749906,0.7
2026-09-04 13:25:55,multi_repeat_random_states.py,"(1021, 9)",438,sequential_102,Dense 64 -> 16 -> 32 -> 64 -> 64 -> 32 -> 1,mse,adam_102,50,256,1.3913,3149.670166015625,2855.712158203125,2886.61767578125,0.5871078134011427,0.7
2026-09-04 13:25:56,multi_repeat_random_states.py,"(1021, 9)",271,sequential_103,Dense 64 -> 16 -> 32 -> 64 -> 64 -> 32 -> 1,mse,adam_103,50,256,2.2269,90051.0546875,5657.6484375,5353.3251953125,0.16447347838168203,0.7
2026-09-04 13:25:56,multi_repeat_random_states.py,"(1021, 9)",438,sequential_102,Dense 64 -> 16 -> 32 -> 64 -> 64 -> 32 -> 1,mse,adam_102,50,256,1.4185,2830.20703125,2987.8349609375,2884.2529296875,0.5874461019300745,0.7
2026-09-04 13:25:56,multi_repeat_random_states.py,"(1021, 9)",355,sequential_103,Dense 64 -> 16 -> 32 -> 64 -> 64 -> 32 -> 1,mse,adam_103,50,256,2.2319,29484.701171875,3488.8115234375,4121.04296875,0.4244289589914304,0.7
2026-09-04 13:25:58,multi_repeat_random_states.py,"(1021, 9)",271,sequential_103,Dense 64 -> 16 -> 32 -> 64 -> 64 -> 32 -> 1,mse,adam_103,50,256,1.3703,5616.98681640625,3094.36669921875,3918.4306640625,0.38842629808678986,0.7
2026-09-04 13:25:58,multi_repeat_random_states.py,"(1021, 9)",355,sequential_103,Dense 64 -> 16 -> 32 -> 64 -> 64 -> 32 -> 1,mse,adam_103,50,256,1.4045,3345.115234375,3048.831298828125,3456.093017578125,0.5173000662575798,0.7
2026-09-04 13:25:59,multi_repeat_random_states.py,"(1021, 9)",439,sequential_103,Dense 64 -> 16 -> 32 -> 64 -> 64 -> 32 -> 1,mse,adam_103,50,256,2.2527,35359.828125,3445.8955078125,3695.2578125,0.47267111935101414,0.7
2026-09-04 13:25:59,multi_repeat_random_states.py,"(1021, 9)",271,sequential_103,Dense 64 -> 16 -> 32 -> 64 -> 64 -> 32 -> 1,mse,adam_103,50,256,1.4052,3445.464111328125,3188.287353515625,3093.203125,0.5172246653502226,0.7
2026-09-04 13:25:59,multi_repeat_random_states.py,"(1021, 9)",355,sequential_103,Dense 64 -> 16 -> 32 -> 64 -> 64 -> 32 -> 1,mse,adam_103,50,256,1.4088,3194.4775390625,2782.0478515625,2976.2509765625,0.5843179013077132,0.7
2026-09-04 13:26:00,multi_repeat_random_states.py,"(1021, 9)",439,sequential_103,Dense 64 -> 16 -> 32 -> 64 -> 64 -> 32 -> 1,mse,adam_103,50,256,1.5202,3441.484130859375,2881.23291015625,3031.27490234375,0.567424271594322,0.7
2026-09-04 13:26:02,multi_repeat_random_states.py,"(1021, 9)",272,sequential_104,Dense 64 -> 16 -> 32 -> 64 -> 64 -> 32 -> 1,mse,adam_104,50,256,2.1937,16222.7392578125,3849.792236328125,3362.247802734375,0.517428641160137,0.7
2026-09-04 13:26:02,multi_repeat_random_states.py,"(1021, 9)",356,sequential_104,Dense 64 -> 16 -> 32 -> 64 -> 64 -> 32 -> 1,mse,adam_104,50,256,2.209,56609.71875,4018.739501953125,4979.97509765625,0.3100723197687715,0.7
2026-09-04 13:26:02,multi_repeat_random_states.py,"(1021, 9)",439,sequential_103,Dense 64 -> 16 -> 32 -> 64 -> 64 -> 32 -> 1,mse,adam_103,50,256,1.399,2934.2939453125,3231.740966796875,3585.1884765625,0.4883784576442952,0.7
2026-09-04 13:26:03,multi_repeat_random_states.py,"(1021, 9)",272,sequential_104,Dense 64 -> 16 -> 32 -> 64 -> 64 -> 32 -> 1,mse,adam_104,50,256,1.4458,3586.947509765625,3070.341552734375,2701.235107421875,0.6123014550264148,0.7
2026-09-04 13:26:03,multi_repeat_random_states.py,"(1021, 9)",356,sequential_104,Dense 64 -> 16 -> 32 -> 64 -> 64 -> 32 -> 1,mse,adam_104,50,256,1.4034,3999.40869140625,2928.82470703125,3587.528076171875,0.5029824709825119,0.7
2026-09-04 13:26:04,multi_repeat_random_states.py,"(1021, 9)",440,sequential_104,Dense 64 -> 16 -> 32 -> 64 -> 64 -> 32 -> 1,mse,adam_104,50,256,2.3498,35913.28515625,3658.01513671875,2876.894775390625,0.5562522353011813,0.7
2026-09-04 13:26:05,multi_repeat_random_states.py,"(1021, 9)",272,sequential_104,Dense 64 -> 16 -> 32 -> 64 -> 64 -> 32 -> 1,mse,adam_104,50,256,1.5361,3033.677490234375,3434.02734375,2668.3037109375,0.6170279673259818,0.7
2026-09-04 13:26:05,multi_repeat_random_states.py,"(1021, 9)",356,sequential_104,Dense 64 -> 16 -> 32 -> 64 -> 64 -> 32 -> 1,mse,adam_104,50,256,1.5441,2848.966552734375,2699.584716796875,3200.903564453125,0.5565455503789534,0.7
2026-09-04 13:26:06,multi_repeat_random_states.py,"(1021, 9)",440,sequential_104,Dense 64 -> 16 -> 32 -> 64 -> 64 -> 32 -> 1,mse,adam_104,50,256,1.5379,3423.383056640625,3015.335693359375,2548.61669921875,0.6068876469964488,0.7
2026-09-04 13:26:07,multi_repeat_random_states.py,"(1021, 9)",273,sequential_105,Dense 64 -> 16 -> 32 -> 64 -> 64 -> 32 -> 1,mse,adam_105,50,256,2.3667,49586.375,5641.619140625,5077.72412109375,0.2459659163383674,0.7
2026-09-04 13:26:08,multi_repeat_random_states.py,"(1021, 9)",357,sequential_105,Dense 64 -> 16 -> 32 -> 64 -> 64 -> 32 -> 1,mse,adam_105,50,256,2.369,32541.60546875,3910.15234375,4701.935546875,0.34674223104117674,0.7
2026-09-04 13:26:08,multi_repeat_random_states.py,"(1021, 9)",440,sequential_104,Dense 64 -> 16 -> 32 -> 64 -> 64 -> 32 -> 1,mse,adam_104,50,256,1.5268,3067.894287109375,3090.553955078125,2652.258056640625,0.5909014930993997,0.7
2026-09-04 13:26:09,multi_repeat_random_states.py,"(1021, 9)",273,sequential_105,Dense 64 -> 16 -> 32 -> 64 -> 64 -> 32 -> 1,mse,adam_105,50,256,1.5463,5605.328125,3092.348876953125,2962.981201171875,0.5600019073112854,0.7
2026-09-04 13:26:09,multi_repeat_random_states.py,"(1021, 9)",357,sequential_105,Dense 64 -> 16 -> 32 -> 64 -> 64 -> 32 -> 1,mse,adam_105,50,256,1.4914,4154.01171875,2676.245849609375,3649.86865234375,0.49290987266890085,0.7
2026-09-04 13:26:10,multi_repeat_random_states.py,"(1021, 9)",441,sequential_105,Dense 64 -> 16 -> 32 -> 64 -> 64 -> 32 -> 1,mse,adam_105,50,256,2.4209,61382.60546875,4117.84130859375,4214.62744140625,0.4128600875533508,0.7
2026-09-04 13:26:11,multi_repeat_random_states.py,"(1021, 9)",273,sequential_105,Dense 64 -> 16 -> 32 -> 64 -> 64 -> 32 -> 1,mse,adam_105,50,256,1.4919,3122.39697265625,3061.19921875,2874.517578125,0.5731386063855359,0.7
2026-09-04 13:26:11,multi_repeat_random_states.py,"(1021, 9)",357,sequential_105,Dense 64 -> 16 -> 32 -> 64 -> 64 -> 32 -> 1,mse,adam_105,50,256,1.5711,2873.614013671875,2861.14013671875,3325.33984375,0.5379978830595165,0.7
2026-09-04 13:26:12,multi_repeat_random_states.py,"(1021, 9)",441,sequential_105,Dense 64 -> 16 -> 32 -> 64 -> 64 -> 32 -> 1,mse,adam_105,50,256,1.4632,3893.329833984375,2788.0224609375,3080.92333984375,0.5707964567622106,0.7
2026-09-04 13:26:13,multi_repeat_random_states.py,"(1021, 9)",274,sequential_106,Dense 64 -> 16 -> 32 -> 64 -> 64 -> 32 -> 1,mse,adam_106,50,256,2.3665,22618.728515625,2929.0126953125,3490.429443359375,0.5263896610174544,0.7
2026-09-04 13:26:13,multi_repeat_random_states.py,"(1021, 9)",358,sequential_106,Dense 64 -> 16 -> 32 -> 64 -> 64 -> 32 -> 1,mse,adam_106,50,256,2.3248,82684.921875,5584.86865234375,4932.6015625,0.18107142782906582,0.7
2026-09-04 13:26:14,multi_repeat_random_states.py,"(1021, 9)",441,sequential_105,Dense 64 -> 16 -> 32 -> 64 -> 64 -> 32 -> 1,mse,adam_105,50,256,1.468,2819.441650390625,2818.015380859375,3319.444091796875,0.537568118603859,0.7
2026-09-04 13:26:15,multi_repeat_random_states.py,"(1021, 9)",274,sequential_106,Dense 64 -> 16 -> 32 -> 64 -> 64 -> 32 -> 1,mse,adam_106,50,256,1.4013,2804.265380859375,3104.3505859375,3296.5908203125,0.5526913127128268,0.7
2026-09-04 13:26:15,multi_repeat_random_states.py,"(1021, 9)",358,sequential_106,Dense 64 -> 16 -> 32 -> 64 -> 64 -> 32 -> 1,mse,adam_106,50,256,1.3832,5546.51416015625,3117.589111328125,2606.74853515625,0.567218061161912,0.7
2026-09-04 13:26:16,multi_repeat_random_states.py,"(1021, 9)",442,sequential_106,Dense 64 -> 16 -> 32 -> 64 -> 64 -> 32 -> 1,mse,adam_106,50,256,2.2838,42456.30078125,3951.926513671875,3694.1044921875,0.4458018729134192,0.7
2026-09-04 13:26:16,multi_repeat_random_states.py,"(1021, 9)",274,sequential_106,Dense 64 -> 16 -> 32 -> 64 -> 64 -> 32 -> 1,mse,adam_106,50,256,1.4289,2875.664794921875,2696.432373046875,3308.9697265625,0.551011570221398,0.7
2026-09-04 13:26:16,multi_repeat_random_states.py,"(1021, 9)",358,sequential_106,Dense 64 -> 16 -> 32 -> 64 -> 64 -> 32 -> 1,mse,adam_106,50,256,1.4312,3002.324462890625,3125.82763671875,2597.140869140625,0.5688131878553929,0.7
2026-09-04 13:26:18,multi_repeat_random_states.py,"(1021, 9)",442,sequential_106,Dense 64 -> 16 -> 32 -> 64 -> 64 -> 32 -> 1,mse,adam_106,50,256,1.3802,3816.6318359375,3116.214599609375,2907.8193359375,0.5637621432803753,0.7
2026-09-04 13:26:19,multi_repeat_random_states.py,"(1021, 9)",275,sequential_107,Dense 64 -> 16 -> 32 -> 64 -> 64 -> 32 -> 1,mse,adam_107,50,256,2.3286,143977.578125,5681.21826171875,5608.2275390625,0.1717924704162198,0.7
2026-09-04 13:26:19,multi_repeat_random_states.py,"(1021, 9)",359,sequential_107,Dense 64 -> 16 -> 32 -> 64 -> 64 -> 32 -> 1,mse,adam_107,50,256,2.3183,16755.62890625,3930.246826171875,4024.343017578125,0.4197924701841955,0.7
2026-09-04 13:26:19,multi_repeat_random_states.py,"(1021, 9)",442,sequential_106,Dense 64 -> 16 -> 32 -> 64 -> 64 -> 32 -> 1,mse,adam_106,50,256,1.5446,2949.98828125,3000.101318359375,2768.531494140625,0.5846585134300397,0.7
2026-09-04 13:26:20,multi_repeat_random_states.py,"(1021, 9)",275,sequential_107,Dense 64 -> 16 -> 32 -> 64 -> 64 -> 32 -> 1,mse,adam_107,50,256,1.384,5650.6572265625,3046.390869140625,2880.425537109375,0.5746266971869983,0.7
2026-09-04 13:26:21,multi_repeat_random_states.py,"(1021, 9)",359,sequential_107,Dense 64 -> 16 -> 32 -> 64 -> 64 -> 32 -> 1,mse,adam_107,50,256,1.3953,3558.646484375,2991.1484375,2947.28076171875,0.5750774652210016,0.7
2026-09-04 13:26:22,multi_repeat_random_states.py,"(1021, 9)",443,sequential_107,Dense 64 -> 16 -> 32 -> 64 -> 64 -> 32 -> 1,mse,adam_107,50,256,2.3655,100376.953125,5667.18505859375,5458.8779296875,0.22313015567201422,0.7
2026-09-04 13:26:22,multi_repeat_random_states.py,"(1021, 9)",275,sequential_107,Dense 64 -> 16 -> 32 -> 64 -> 64 -> 32 -> 1,mse,adam_107,50,256,1.5084,3052.02587890625,3006.1669921875,2738.211181640625,0.5956284053734788,0.7
2026-09-04 13:26:22,multi_repeat_random_states.py,"(1021, 9)",359,sequential_107,Dense 64 -> 16 -> 32 -> 64 -> 64 -> 32 -> 1,mse,adam_107,50,256,1.5242,3079.087890625,2828.048583984375,2882.520263671875,0.5844142530328666,0.7
2026-09-04 13:26:23,multi_repeat_random_states.py,"(1021, 9)",443,sequential_107,Dense 64 -> 16 -> 32 -> 64 -> 64 -> 32 -> 1,mse,adam_107,50,256,1.4867,5635.7587890625,3015.721923828125,2950.248291015625,0.5801410299267218,0.7
2026-09-04 13:26:25,multi_repeat_random_states.py,"(1021, 9)",276,sequential_108,Dense 64 -> 16 -> 32 -> 64 -> 64 -> 32 -> 1,mse,adam_108,50,256,2.2568,27854.173828125,4416.43603515625,4487.16650390625,0.3721633338880591,0.7
2026-09-04 13:26:25,multi_repeat_random_states.py,"(1021, 9)",360,sequential_108,Dense 64 -> 16 -> 32 -> 64 -> 64 -> 32 -> 1,mse,adam_108,50,256,2.2655,40224.4765625,3691.621337890625,3623.296630859375,0.4263852190556242,0.7
2026-09-04 13:26:25,multi_repeat_random_states.py,"(1021, 9)",443,sequential_107,Dense 64 -> 16 -> 32 -> 64 -> 64 -> 32 -> 1,mse,adam_107,50,256,1.4119,3012.71875,3108.36181640625,2998.1171875,0.5733286656384085,0.7
2026-09-04 13:26:26,multi_repeat_random_states.py,"(1021, 9)",276,sequential_108,Dense 64 -> 16 -> 32 -> 64 -> 64 -> 32 -> 1,mse,adam_108,50,256,1.3854,3865.18310546875,2850.5927734375,3637.12548828125,0.49109958534100795,0.7
2026-09-04 13:26:26,multi_repeat_random_states.py,"(1021, 9)",360,sequential_108,Dense 64 -> 16 -> 32 -> 64 -> 64 -> 32 -> 1,mse,adam_108,50,256,1.5996,3851.470703125,3072.699951171875,2879.5341796875,0.5441324065049522,0.7
2026-09-04 13:26:28,multi_repeat_random_states.py,"(1021, 9)",276,sequential_108,Dense 64 -> 16 -> 32 -> 64 -> 64 -> 32 -> 1,mse,adam_108,50,256,1.426,2914.326171875,2812.634521484375,3229.2294921875,0.5481717400276207,0.7
2026-09-04 13:26:28,multi_repeat_random_states.py,"(1021, 9)",444,sequential_108,Dense 64 -> 16 -> 32 -> 64 -> 64 -> 32 -> 1,mse,adam_108,50,256,2.331,36498.4296875,3878.26611328125,3612.137451171875,0.44547532097326437,0.7
2026-09-04 13:26:28,multi_repeat_random_states.py,"(1021, 9)",360,sequential_108,Dense 64 -> 16 -> 32 -> 64 -> 64 -> 32 -> 1,mse,adam_108,50,256,1.4296,3004.52490234375,3036.911376953125,2752.791015625,0.5641975315419632,0.7
2026-09-04 13:26:29,multi_repeat_random_states.py,"(1021, 9)",444,sequential_108,Dense 64 -> 16 -> 32 -> 64 -> 64 -> 32 -> 1,mse,adam_108,50,256,1.4582,3730.52490234375,3031.910888671875,2777.66064453125,0.5735817898076556,0.7
2026-09-04 13:26:30,multi_repeat_random_states.py,"(1021, 9)",277,sequential_109,Dense 64 -> 16 -> 32 -> 64 -> 64 -> 32 -> 1,mse,adam_109,50,256,2.3561,35582.89453125,3859.544677734375,4593.8125,0.37917611205135937,0.7
2026-09-04 13:26:31,multi_repeat_random_states.py,"(1021, 9)",361,sequential_109,Dense 64 -> 16 -> 32 -> 64 -> 64 -> 32 -> 1,mse,adam_109,50,256,2.3784,84946.7578125,5619.05615234375,5435.16259765625,0.11300268281789672,0.7
2026-09-04 13:26:31,multi_repeat_random_states.py,"(1021, 9)",444,sequential_108,Dense 64 -> 16 -> 32 -> 64 -> 64 -> 32 -> 1,mse,adam_108,50,256,1.5008,2969.351318359375,2919.154296875,2680.186279296875,0.5885457497437194,0.7
2026-09-04 13:26:32,multi_repeat_random_states.py,"(1021, 9)",277,sequential_109,Dense 64 -> 16 -> 32 -> 64 -> 64 -> 32 -> 1,mse,adam_109,50,256,1.4065,3649.293701171875,2898.475830078125,4042.023681640625,0.45374677578291045,0.7
2026-09-04 13:26:32,multi_repeat_random_states.py,"(1021, 9)",361,sequential_109,Dense 64 -> 16 -> 32 -> 64 -> 64 -> 32 -> 1,mse,adam_109,50,256,1.4405,5551.6142578125,3325.917724609375,4059.572021484375,0.3374937165287698,0.7
2026-09-04 13:26:33,multi_repeat_random_states.py,"(1021, 9)",277,sequential_109,Dense 64 -> 16 -> 32 -> 64 -> 64 -> 32 -> 1,mse,adam_109,50,256,1.4295,2736.408203125,2572.360595703125,3457.872314453125,0.5326909751075388,0.7
2026-09-04 13:26:33,multi_repeat_random_states.py,"(1021, 9)",445,sequential_109,Dense 64 -> 16 -> 32 -> 64 -> 64 -> 32 -> 1,mse,adam_109,50,256,2.2491,149523.9375,5703.46337890625,6308.1162109375,0.12421249867886186,0.7
2026-09-04 13:26:34,multi_repeat_random_states.py,"(1021, 9)",361,sequential_109,Dense 64 -> 16 -> 32 -> 64 -> 64 -> 32 -> 1,mse,adam_109,50,256,1.4124,3407.607421875,2895.68701171875,2837.72021484375,0.5368951575304649,0.7
2026-09-04 13:26:35,multi_repeat_random_states.py,"(1021, 9)",445,sequential_109,Dense 64 -> 16 -> 32 -> 64 -> 64 -> 32 -> 1,mse,adam_109,50,256,1.4301,5693.49658203125,3278.728271484375,3228.609375,0.5517558792997848,0.7
2026-09-04 13:26:36,multi_repeat_random_states.py,"(1021, 9)",445,sequential_109,Dense 64 -> 16 -> 32 -> 64 -> 64 -> 32 -> 1,mse,adam_109,50,256,1.4134,2998.109375,2711.7822265625,3144.260009765625,0.5634665638892964,0.7
2026-09-04 13:26:37,multi_repeat_random_states.py,"(1021, 9)",278,sequential_110,Dense 64 -> 16 -> 32 -> 64 -> 64 -> 32 -> 1,mse,adam_110,50,256,2.2678,39345.99609375,5077.017578125,4769.4013671875,0.2934629308816691,0.7
2026-09-04 13:26:37,multi_repeat_random_states.py,"(1021, 9)",362,sequential_110,Dense 64 -> 16 -> 32 -> 64 -> 64 -> 32 -> 1,mse,adam_110,50,256,2.2421,45028.09765625,5324.03857421875,4463.7958984375,0.2172990463039044,0.7
2026-09-04 13:26:38,multi_repeat_random_states.py,"(1021, 9)",278,sequential_110,Dense 64 -> 16 -> 32 -> 64 -> 64 -> 32 -> 1,mse,adam_110,50,256,1.4254,5062.08740234375,3248.01708984375,2768.0966796875,0.58993541185074,0.7
2026-09-04 13:26:39,multi_repeat_random_states.py,"(1021, 9)",362,sequential_110,Dense 64 -> 16 -> 32 -> 64 -> 64 -> 32 -> 1,mse,adam_110,50,256,1.4935,5221.0146484375,3877.965087890625,2620.0927734375,0.5405818337624756,0.7
2026-09-04 13:26:40,multi_repeat_random_states.py,"(1021, 9)",446,sequential_110,Dense 64 -> 16 -> 32 -> 64 -> 64 -> 32 -> 1,mse,adam_110,50,256,2.2566,39924.2890625,4469.685546875,4183.82177734375,0.3386071174300528,0.7
2026-09-04 13:26:40,multi_repeat_random_states.py,"(1021, 9)",278,sequential_110,Dense 64 -> 16 -> 32 -> 64 -> 64 -> 32 -> 1,mse,adam_110,50,256,1.4605,3035.243896484375,3040.351806640625,2782.841796875,0.5877510474417464,0.7
2026-09-04 13:26:40,multi_repeat_random_states.py,"(1021, 9)",362,sequential_110,Dense 64 -> 16 -> 32 -> 64 -> 64 -> 32 -> 1,mse,adam_110,50,256,1.4379,3744.26513671875,3087.229736328125,2492.00341796875,0.5630415687210335,0.7
2026-09-04 13:26:41,multi_repeat_random_states.py,"(1021, 9)",446,sequential_110,Dense 64 -> 16 -> 32 -> 64 -> 64 -> 32 -> 1,mse,adam_110,50,256,1.3727,4606.2119140625,3119.47216796875,3226.34912109375,0.4899676422884949,0.7
2026-09-04 13:26:42,multi_repeat_random_states.py,"(1021, 9)",279,sequential_111,Dense 64 -> 16 -> 32 -> 64 -> 64 -> 32 -> 1,mse,adam_111,50,256,2.2813,49890.234375,3663.2294921875,3753.268798828125,0.4384349055099207,0.7
2026-09-04 13:26:43,multi_repeat_random_states.py,"(1021, 9)",363,sequential_111,Dense 64 -> 16 -> 32 -> 64 -> 64 -> 32 -> 1,mse,adam_111,50,256,2.2416,30097.919921875,4223.64990234375,3959.502685546875,0.40872828065067,0.7
2026-09-04 13:26:43,multi_repeat_random_states.py,"(1021, 9)",446,sequential_110,Dense 64 -> 16 -> 32 -> 64 -> 64 -> 32 -> 1,mse,adam_110,50,256,1.3887,3274.330078125,3141.709716796875,3609.5263671875,0.4293937224786568,0.7
2026-09-04 13:26:44,multi_repeat_random_states.py,"(1021, 9)",279,sequential_111,Dense 64 -> 16 -> 32 -> 64 -> 64 -> 32 -> 1,mse,adam_111,50,256,1.4118,3559.438720703125,2758.513916015625,3181.78857421875,0.5239399511378285,0.7
2026-09-04 13:26:44,multi_repeat_random_states.py,"(1021, 9)",363,sequential_111,Dense 64 -> 16 -> 32 -> 64 -> 64 -> 32 -> 1,mse,adam_111,50,256,1.4706,4222.615234375,2933.818359375,3021.819091796875,0.548752379764806,0.7
2026-09-04 13:26:45,multi_repeat_random_states.py,"(1021, 9)",447,sequential_111,Dense 64 -> 16 -> 32 -> 64 -> 64 -> 32 -> 1,mse,adam_111,50,256,2.2541,28132.509765625,3365.490966796875,3692.009033203125,0.4810965613071111,0.7
2026-09-04 13:26:45,multi_repeat_random_states.py,"(1021, 9)",279,sequential_111,Dense 64 -> 16 -> 32 -> 64 -> 64 -> 32 -> 1,mse,adam_111,50,256,1.4028,2846.576171875,2795.560302734375,3104.175537109375,0.535552416456655,0.7
2026-09-04 13:26:46,multi_repeat_random_states.py,"(1021, 9)",363,sequential_111,Dense 64 -> 16 -> 32 -> 64 -> 64 -> 32 -> 1,mse,adam_111,50,256,1.4441,3150.15771484375,3158.284423828125,2808.60009765625,0.5805922988869316,0.7
2026-09-04 13:26:47,multi_repeat_random_states.py,"(1021, 9)",447,sequential_111,Dense 64 -> 16 -> 32 -> 64 -> 64 -> 32 -> 1,mse,adam_111,50,256,1.4058,3125.24560546875,2860.12255859375,3143.254638671875,0.5582227460671623,0.7
2026-09-04 13:26:48,multi_repeat_random_states.py,"(1021, 9)",280,sequential_112,Dense 64 -> 16 -> 32 -> 64 -> 64 -> 32 -> 1,mse,adam_112,50,256,2.2356,47160.171875,4971.859375,4680.55419921875,0.2768049424066894,0.7
2026-09-04 13:26:48,multi_repeat_random_states.py,"(1021, 9)",364,sequential_112,Dense 64 -> 16 -> 32 -> 64 -> 64 -> 32 -> 1,mse,adam_112,50,256,2.2622,33859.640625,3323.63232421875,3625.60986328125,0.4806283300377052,0.7
2026-09-04 13:26:48,multi_repeat_random_states.py,"(1021, 9)",447,sequential_111,Dense 64 -> 16 -> 32 -> 64 -> 64 -> 32 -> 1,mse,adam_111,50,256,1.4093,2954.611572265625,2943.272216796875,2974.9453125,0.5818782339172195,0.7
2026-09-04 13:26:49,multi_repeat_random_states.py,"(1021, 9)",280,sequential_112,Dense 64 -> 16 -> 32 -> 64 -> 64 -> 32 -> 1,mse,adam_112,50,256,1.406,4852.50146484375,3204.03759765625,2831.561279296875,0.5624938519838216,0.7
2026-09-04 13:26:50,multi_repeat_random_states.py,"(1021, 9)",364,sequential_112,Dense 64 -> 16 -> 32 -> 64 -> 64 -> 32 -> 1,mse,adam_112,50,256,1.4069,3314.998779296875,2835.716064453125,2948.137451171875,0.5776768155345698,0.7
2026-09-04 13:26:51,multi_repeat_random_states.py,"(1021, 9)",448,sequential_112,Dense 64 -> 16 -> 32 -> 64 -> 64 -> 32 -> 1,mse,adam_112,50,256,2.2688,96283.9765625,5268.92236328125,6053.3251953125,0.19756466755618518,0.7
2026-09-04 13:26:51,multi_repeat_random_states.py,"(1021, 9)",280,sequential_112,Dense 64 -> 16 -> 32 -> 64 -> 64 -> 32 -> 1,mse,adam_112,50,256,1.4726,2997.435546875,3145.914306640625,3303.6484375,0.4895515322656464,0.7
2026-09-04 13:26:51,multi_repeat_random_states.py,"(1021, 9)",364,sequential_112,Dense 64 -> 16 -> 32 -> 64 -> 64 -> 32 -> 1,mse,adam_112,50,256,1.4076,2865.206787109375,2821.4267578125,3324.4091796875,0.5237756059073428,0.7
2026-09-04 13:26:52,multi_repeat_random_states.py,"(1021, 9)",448,sequential_112,Dense 64 -> 16 -> 32 -> 64 -> 64 -> 32 -> 1,mse,adam_112,50,256,1.3848,5220.69482421875,2779.96044921875,3245.0263671875,0.5698358454859731,0.7
2026-09-04 13:26:53,multi_repeat_random_states.py,"(1021, 9)",281,sequential_113,Dense 64 -> 16 -> 32 -> 64 -> 64 -> 32 -> 1,mse,adam_113,50,256,2.231,39599.6015625,4178.65234375,4139.6201171875,0.38537044805309695,0.7
2026-09-04 13:26:54,multi_repeat_random_states.py,"(1021, 9)",448,sequential_112,Dense 64 -> 16 -> 32 -> 64 -> 64 -> 32 -> 1,mse,adam_112,50,256,1.4371,2787.3671875,2825.154296875,3212.16943359375,0.5741913821722209,0.7
2026-09-04 13:26:54,multi_repeat_random_states.py,"(1021, 9)",365,sequential_113,Dense 64 -> 16 -> 32 -> 64 -> 64 -> 32 -> 1,mse,adam_113,50,256,2.2663,229074.84375,5861.52734375,5643.10595703125,0.18863438531060228,0.7
2026-09-04 13:26:55,multi_repeat_random_states.py,"(1021, 9)",281,sequential_113,Dense 64 -> 16 -> 32 -> 64 -> 64 -> 32 -> 1,mse,adam_113,50,256,1.4024,4192.90625,3359.199462890625,2988.17626953125,0.5563309177910418,0.7
2026-09-04 13:26:55,multi_repeat_random_states.py,"(1021, 9)",365,sequential_113,Dense 64 -> 16 -> 32 -> 64 -> 64 -> 32 -> 1,mse,adam_113,50,256,1.4178,5832.19482421875,3760.43408203125,3707.71142578125,0.46690540688158955,0.7
2026-09-04 13:26:56,multi_repeat_random_states.py,"(1021, 9)",449,sequential_113,Dense 64 -> 16 -> 32 -> 64 -> 64 -> 32 -> 1,mse,adam_113,50,256,2.2504,56377.31640625,5410.22509765625,5518.53369140625,0.18690054429540703,0.7
2026-09-04 13:26:56,multi_repeat_random_states.py,"(1021, 9)",281,sequential_113,Dense 64 -> 16 -> 32 -> 64 -> 64 -> 32 -> 1,mse,adam_113,50,256,1.395,3253.654296875,2958.43408203125,2761.6650390625,0.5899621975088275,0.7
2026-09-04 13:26:57,multi_repeat_random_states.py,"(1021, 9)",365,sequential_113,Dense 64 -> 16 -> 32 -> 64 -> 64 -> 32 -> 1,mse,adam_113,50,256,1.4341,3784.932861328125,2958.8994140625,2913.913330078125,0.5810376416408998,0.7
2026-09-04 13:26:58,multi_repeat_random_states.py,"(1021, 9)",449,sequential_113,Dense 64 -> 16 -> 32 -> 64 -> 64 -> 32 -> 1,mse,adam_113,50,256,1.3882,5345.1064453125,2889.376708984375,2900.741943359375,0.5726053670623192,0.7
2026-09-04 13:26:59,multi_repeat_random_states.py,"(1021, 9)",282,sequential_114,Dense 64 -> 16 -> 32 -> 64 -> 64 -> 32 -> 1,mse,adam_114,50,256,2.2612,153653.21875,6342.12939453125,5809.806640625,0.10709779102350647,0.7
2026-09-04 13:26:59,multi_repeat_random_states.py,"(1021, 9)",449,sequential_113,Dense 64 -> 16 -> 32 -> 64 -> 64 -> 32 -> 1,mse,adam_113,50,256,1.5421,2842.79736328125,3091.858154296875,3450.993408203125,0.49153149019977904,0.7
2026-09-04 13:27:00,multi_repeat_random_states.py,"(1021, 9)",366,sequential_114,Dense 64 -> 16 -> 32 -> 64 -> 64 -> 32 -> 1,mse,adam_114,50,256,2.3462,24613.078125,3643.709716796875,3290.67431640625,0.48298229440484663,0.7
2026-09-04 13:27:01,multi_repeat_random_states.py,"(1021, 9)",282,sequential_114,Dense 64 -> 16 -> 32 -> 64 -> 64 -> 32 -> 1,mse,adam_114,50,256,1.4538,6326.43701171875,3443.498779296875,4110.85107421875,0.36820832438321616,0.7
2026-09-04 13:27:01,multi_repeat_random_states.py,"(1021, 9)",366,sequential_114,Dense 64 -> 16 -> 32 -> 64 -> 64 -> 32 -> 1,mse,adam_114,50,256,1.4726,3655.443115234375,2955.002685546875,2675.27685546875,0.5796711492953814,0.7
2026-09-04 13:27:02,multi_repeat_random_states.py,"(1021, 9)",450,sequential_114,Dense 64 -> 16 -> 32 -> 64 -> 64 -> 32 -> 1,mse,adam_114,50,256,2.304,32680.673828125,3771.6474609375,3837.1259765625,0.4512856120429797,0.7
2026-09-04 13:27:02,multi_repeat_random_states.py,"(1021, 9)",282,sequential_114,Dense 64 -> 16 -> 32 -> 64 -> 64 -> 32 -> 1,mse,adam_114,50,256,1.4384,3475.571533203125,2744.245849609375,3146.39892578125,0.5164337832898342,0.7
2026-09-04 13:27:03,multi_repeat_random_states.py,"(1021, 9)",366,sequential_114,Dense 64 -> 16 -> 32 -> 64 -> 64 -> 32 -> 1,mse,adam_114,50,256,1.3991,2952.8515625,2899.40576171875,2682.989990234375,0.5784592582702008,0.7
2026-09-04 13:27:04,multi_repeat_random_states.py,"(1021, 9)",450,sequential_114,Dense 64 -> 16 -> 32 -> 64 -> 64 -> 32 -> 1,mse,adam_114,50,256,1.4813,3813.7568359375,2980.18359375,3126.491455078125,0.5529073733959846,0.7
2026-09-04 13:27:05,multi_repeat_random_states.py,"(1021, 9)",283,sequential_115,Dense 64 -> 16 -> 32 -> 64 -> 64 -> 32 -> 1,mse,adam_115,50,256,2.2831,31584.51171875,3555.623046875,3062.71728515625,0.5297416177103849,0.7
2026-09-04 13:27:05,multi_repeat_random_states.py,"(1021, 9)",450,sequential_114,Dense 64 -> 16 -> 32 -> 64 -> 64 -> 32 -> 1,mse,adam_114,50,256,1.4981,3022.82373046875,2770.606201171875,3022.596435546875,0.5677644579666505,0.7
2026-09-04 13:27:05,multi_repeat_random_states.py,"(1021, 9)",367,sequential_115,Dense 64 -> 16 -> 32 -> 64 -> 64 -> 32 -> 1,mse,adam_115,50,256,2.363,22500.89453125,3183.940673828125,3062.309814453125,0.5403230082071444,0.7
2026-09-04 13:27:06,multi_repeat_random_states.py,"(1021, 9)",283,sequential_115,Dense 64 -> 16 -> 32 -> 64 -> 64 -> 32 -> 1,mse,adam_115,50,256,1.5181,3472.4287109375,3106.354248046875,3303.24853515625,0.49280967222442196,0.7
2026-09-04 13:27:07,multi_repeat_random_states.py,"(1021, 9)",367,sequential_115,Dense 64 -> 16 -> 32 -> 64 -> 64 -> 32 -> 1,mse,adam_115,50,256,1.4533,3307.21337890625,2813.3642578125,3029.519287109375,0.5452451597864315,0.7
2026-09-04 13:27:08,multi_repeat_random_states.py,"(1021, 9)",283,sequential_115,Dense 64 -> 16 -> 32 -> 64 -> 64 -> 32 -> 1,mse,adam_115,50,256,1.4836,3193.640625,3211.763916015625,2996.9912109375,0.5398333980002382,0.7
2026-09-04 13:27:08,multi_repeat_random_states.py,"(1021, 9)",451,sequential_115,Dense 64 -> 16 -> 32 -> 64 -> 64 -> 32 -> 1,mse,adam_115,50,256,2.3761,27955.111328125,3202.853515625,3600.780517578125,0.5051302756331743,0.7
2026-09-04 13:27:08,multi_repeat_random_states.py,"(1021, 9)",367,sequential_115,Dense 64 -> 16 -> 32 -> 64 -> 64 -> 32 -> 1,mse,adam_115,50,256,1.4922,2818.247314453125,2989.449462890625,2982.77880859375,0.5522612117795485,0.7
2026-09-04 13:27:09,multi_repeat_random_states.py,"(1021, 9)",451,sequential_115,Dense 64 -> 16 -> 32 -> 64 -> 64 -> 32 -> 1,mse,adam_115,50,256,1.4284,3040.425048828125,2941.964111328125,3529.302490234375,0.5149537330661766,0.7
2026-09-04 13:27:10,multi_repeat_random_states.py,"(1021, 9)",284,sequential_116,Dense 64 -> 16 -> 32 -> 64 -> 64 -> 32 -> 1,mse,adam_116,50,256,2.3461,29135.04296875,3945.9296875,2786.614990234375,0.587291541166502,0.7
2026-09-04 13:27:11,multi_repeat_random_states.py,"(1021, 9)",451,sequential_115,Dense 64 -> 16 -> 32 -> 64 -> 64 -> 32 -> 1,mse,adam_115,50,256,1.4997,2987.75634765625,2704.879150390625,3212.646728515625,0.5584730606836852,0.7
2026-09-04 13:27:11,multi_repeat_random_states.py,"(1021, 9)",368,sequential_116,Dense 64 -> 16 -> 32 -> 64 -> 64 -> 32 -> 1,mse,adam_116,50,256,2.37,73496.8125,5039.3466796875,4801.4638671875,0.23692164291903917,0.7
2026-09-04 13:27:12,multi_repeat_random_states.py,"(1021, 9)",284,sequential_116,Dense 64 -> 16 -> 32 -> 64 -> 64 -> 32 -> 1,mse,adam_116,50,256,1.4536,3607.97998046875,2945.587158203125,2623.23876953125,0.6114881521943724,0.7
2026-09-04 13:27:13,multi_repeat_random_states.py,"(1021, 9)",368,sequential_116,Dense 64 -> 16 -> 32 -> 64 -> 64 -> 32 -> 1,mse,adam_116,50,256,1.4453,4944.68896484375,3104.060791015625,3113.83056640625,0.5051307814797268,0.7
2026-09-04 13:27:14,multi_repeat_random_states.py,"(1021, 9)",284,sequential_116,Dense 64 -> 16 -> 32 -> 64 -> 64 -> 32 -> 1,mse,adam_116,50,256,1.4106,2938.82568359375,3346.78662109375,3426.869873046875,0.4924673305664904,0.7
2026-09-04 13:27:14,multi_repeat_random_states.py,"(1021, 9)",452,sequential_116,Dense 64 -> 16 -> 32 -> 64 -> 64 -> 32 -> 1,mse,adam_116,50,256,2.3076,38902.58203125,4810.43896484375,4770.13671875,0.24553514211600813,0.7
2026-09-04 13:27:14,multi_repeat_random_states.py,"(1021, 9)",368,sequential_116,Dense 64 -> 16 -> 32 -> 64 -> 64 -> 32 -> 1,mse,adam_116,50,256,1.4226,3047.17529296875,3053.1025390625,3034.653076171875,0.517714147608396,0.7
2026-09-04 13:27:15,multi_repeat_random_states.py,"(1021, 9)",452,sequential_116,Dense 64 -> 16 -> 32 -> 64 -> 64 -> 32 -> 1,mse,adam_116,50,256,1.4385,4625.322265625,2994.359375,2909.502197265625,0.539820925149371,0.7
2026-09-04 13:27:16,multi_repeat_random_states.py,"(1021, 9)",285,sequential_117,Dense 64 -> 16 -> 32 -> 64 -> 64 -> 32 -> 1,mse,adam_117,50,256,2.2467,32229.64453125,3701.713134765625,3570.5625,0.4890636782740313,0.7
2026-09-04 13:27:17,multi_repeat_random_states.py,"(1021, 9)",452,sequential_116,Dense 64 -> 16 -> 32 -> 64 -> 64 -> 32 -> 1,mse,adam_116,50,256,1.4646,2901.957763671875,2982.501953125,2839.988525390625,0.5508155097113101,0.7
2026-09-04 13:27:17,multi_repeat_random_states.py,"(1021, 9)",369,sequential_117,Dense 64 -> 16 -> 32 -> 64 -> 64 -> 32 -> 1,mse,adam_117,50,256,2.2766,39604.84765625,3053.640869140625,3439.233642578125,0.5112894259605758,0.7
2026-09-04 13:27:18,multi_repeat_random_states.py,"(1021, 9)",285,sequential_117,Dense 64 -> 16 -> 32 -> 64 -> 64 -> 32 -> 1,mse,adam_117,50,256,1.403,3228.051025390625,2719.1904296875,3117.759765625,0.5538584149540946,0.7
2026-09-04 13:27:18,multi_repeat_random_states.py,"(1021, 9)",369,sequential_117,Dense 64 -> 16 -> 32 -> 64 -> 64 -> 32 -> 1,mse,adam_117,50,256,1.392,3175.869384765625,2953.720947265625,3114.8974609375,0.5573771447560297,0.7
2026-09-04 13:27:19,multi_repeat_random_states.py,"(1021, 9)",285,sequential_117,Dense 64 -> 16 -> 32 -> 64 -> 64 -> 32 -> 1,mse,adam_117,50,256,1.4006,2735.89990234375,2718.910888671875,3118.6240234375,0.5537346727523157,0.7
2026-09-04 13:27:19,multi_repeat_random_states.py,"(1021, 9)",453,sequential_117,Dense 64 -> 16 -> 32 -> 64 -> 64 -> 32 -> 1,mse,adam_117,50,256,2.292,90513.1640625,4611.34033203125,5540.671875,0.2466976018769227,0.7
2026-09-04 13:27:20,multi_repeat_random_states.py,"(1021, 9)",369,sequential_117,Dense 64 -> 16 -> 32 -> 64 -> 64 -> 32 -> 1,mse,adam_117,50,256,1.4065,2887.10888671875,2773.13720703125,3024.587158203125,0.5702101155447166,0.7
2026-09-04 13:27:21,multi_repeat_random_states.py,"(1021, 9)",453,sequential_117,Dense 64 -> 16 -> 32 -> 64 -> 64 -> 32 -> 1,mse,adam_117,50,256,1.4107,4553.8525390625,2969.15625,3513.641357421875,0.5222899290337089,0.7
2026-09-04 13:27:22,multi_repeat_random_states.py,"(1021, 9)",286,sequential_118,Dense 64 -> 16 -> 32 -> 64 -> 64 -> 32 -> 1,mse,adam_118,50,256,2.2524,25603.287109375,4380.3359375,2809.56640625,0.5193303924678203,0.7
2026-09-04 13:27:22,multi_repeat_random_states.py,"(1021, 9)",370,sequential_118,Dense 64 -> 16 -> 32 -> 64 -> 64 -> 32 -> 1,mse,adam_118,50,256,2.2704,49655.5,5042.8876953125,5009.875,0.23513719234025743,0.7
2026-09-04 13:27:22,multi_repeat_random_states.py,"(1021, 9)",453,sequential_117,Dense 64 -> 16 -> 32 -> 64 -> 64 -> 32 -> 1,mse,adam_117,50,256,1.4115,2773.30615234375,2754.11767578125,3410.34326171875,0.536334230211605,0.7
2026-09-04 13:27:23,multi_repeat_random_states.py,"(1021, 9)",286,sequential_118,Dense 64 -> 16 -> 32 -> 64 -> 64 -> 32 -> 1,mse,adam_118,50,256,1.6262,3798.398193359375,3083.484375,2415.2802734375,0.5867860953535027,0.7
2026-09-04 13:27:24,multi_repeat_random_states.py,"(1021, 9)",370,sequential_118,Dense 64 -> 16 -> 32 -> 64 -> 64 -> 32 -> 1,mse,adam_118,50,256,1.517,4966.23388671875,2994.81298828125,2926.015869140625,0.5532821118592282,0.7
2026-09-04 13:27:25,multi_repeat_random_states.py,"(1021, 9)",454,sequential_118,Dense 64 -> 16 -> 32 -> 64 -> 64 -> 32 -> 1,mse,adam_118,50,256,2.3388,32144.837890625,3475.386962890625,3848.517578125,0.44806116481217606,0.7
2026-09-04 13:27:25,multi_repeat_random_states.py,"(1021, 9)",286,sequential_118,Dense 64 -> 16 -> 32 -> 64 -> 64 -> 32 -> 1,mse,adam_118,50,256,1.5262,3092.6572265625,3092.6357421875,2291.883544921875,0.6078972112070105,0.7
2026-09-04 13:27:25,multi_repeat_random_states.py,"(1021, 9)",370,sequential_118,Dense 64 -> 16 -> 32 -> 64 -> 64 -> 32 -> 1,mse,adam_118,50,256,1.4094,2904.99658203125,2911.17724609375,3192.66357421875,0.5125727405691667,0.7
2026-09-04 13:27:26,multi_repeat_random_states.py,"(1021, 9)",454,sequential_118,Dense 64 -> 16 -> 32 -> 64 -> 64 -> 32 -> 1,mse,adam_118,50,256,1.3838,3529.3369140625,2913.172607421875,3112.427001953125,0.5536283603886225,0.7
2026-09-04 13:27:27,multi_repeat_random_states.py,"(1021, 9)",287,sequential_119,Dense 64 -> 16 -> 32 -> 64 -> 64 -> 32 -> 1,mse,adam_119,50,256,2.2791,46848.7109375,3880.79345703125,4837.765625,0.39150130410825945,0.7
2026-09-04 13:27:28,multi_repeat_random_states.py,"(1021, 9)",454,sequential_118,Dense 64 -> 16 -> 32 -> 64 -> 64 -> 32 -> 1,mse,adam_118,50,256,1.5141,2868.3740234375,2837.76416015625,2886.1533203125,0.5860795979861086,0.7
2026-09-04 13:27:28,multi_repeat_random_states.py,"(1021, 9)",371,sequential_119,Dense 64 -> 16 -> 32 -> 64 -> 64 -> 32 -> 1,mse,adam_119,50,256,2.3456,35957.90625,3609.63916015625,4019.708740234375,0.428852308231257,0.7
2026-09-04 13:27:29,multi_repeat_random_states.py,"(1021, 9)",287,sequential_119,Dense 64 -> 16 -> 32 -> 64 -> 64 -> 32 -> 1,mse,adam_119,50,256,1.4881,3804.89892578125,3309.02783203125,3476.241455078125,0.5627550690098706,0.7
2026-09-04 13:27:30,multi_repeat_random_states.py,"(1021, 9)",371,sequential_119,Dense 64 -> 16 -> 32 -> 64 -> 64 -> 32 -> 1,mse,adam_119,50,256,1.4838,3728.300048828125,2924.916748046875,3387.306396484375,0.5187083468444942,0.7
2026-09-04 13:27:31,multi_repeat_random_states.py,"(1021, 9)",455,sequential_119,Dense 64 -> 16 -> 32 -> 64 -> 64 -> 32 -> 1,mse,adam_119,50,256,2.3725,65214.87109375,4753.36865234375,4810.3515625,0.3311393448955159,0.7
2026-09-04 13:27:31,multi_repeat_random_states.py,"(1021, 9)",287,sequential_119,Dense 64 -> 16 -> 32 -> 64 -> 64 -> 32 -> 1,mse,adam_119,50,256,1.5114,2946.715087890625,2817.925537109375,3163.64013671875,0.6020743573760055,0.7
2026-09-04 13:27:31,multi_repeat_random_states.py,"(1021, 9)",371,sequential_119,Dense 64 -> 16 -> 32 -> 64 -> 64 -> 32 -> 1,mse,adam_119,50,256,1.4523,3125.418212890625,2898.583740234375,3053.802978515625,0.5660948057988903,0.7
2026-09-04 13:27:32,multi_repeat_random_states.py,"(1021, 9)",455,sequential_119,Dense 64 -> 16 -> 32 -> 64 -> 64 -> 32 -> 1,mse,adam_119,50,256,1.399,4583.59765625,3062.1162109375,2676.9453125,0.6277811999328957,0.7
2026-09-04 13:27:33,multi_repeat_random_states.py,"(1021, 9)",288,sequential_120,Dense 64 -> 16 -> 32 -> 64 -> 64 -> 32 -> 1,mse,adam_120,50,256,2.3149,39201.51171875,5299.92822265625,5616.66015625,0.21873481021065544,0.7
2026-09-04 13:27:34,multi_repeat_random_states.py,"(1021, 9)",455,sequential_119,Dense 64 -> 16 -> 32 -> 64 -> 64 -> 32 -> 1,mse,adam_119,50,256,1.503,3110.043212890625,3213.1767578125,3020.971923828125,0.5799456795992861,0.7
2026-09-04 13:27:34,multi_repeat_random_states.py,"(1021, 9)",372,sequential_120,Dense 64 -> 16 -> 32 -> 64 -> 64 -> 32 -> 1,mse,adam_120,50,256,2.3537,64885.546875,4856.3017578125,4852.2060546875,0.2724592355973756,0.7
2026-09-04 13:27:35,multi_repeat_random_states.py,"(1021, 9)",288,sequential_120,Dense 64 -> 16 -> 32 -> 64 -> 64 -> 32 -> 1,mse,adam_120,50,256,1.5378,5262.7255859375,3129.218505859375,3075.595703125,0.5721914002329151,0.7
2026-09-04 13:27:35,multi_repeat_random_states.py,"(1021, 9)",372,sequential_120,Dense 64 -> 16 -> 32 -> 64 -> 64 -> 32 -> 1,mse,adam_120,50,256,1.4715,4775.318359375,2894.660400390625,2992.760498046875,0.5512648776124389,0.7
2026-09-04 13:27:36,multi_repeat_random_states.py,"(1021, 9)",456,sequential_120,Dense 64 -> 16 -> 32 -> 64 -> 64 -> 32 -> 1,mse,adam_120,50,256,2.3388,30359.91015625,4027.66796875,3185.96044921875,0.4844148260487978,0.7
2026-09-04 13:27:36,multi_repeat_random_states.py,"(1021, 9)",288,sequential_120,Dense 64 -> 16 -> 32 -> 64 -> 64 -> 32 -> 1,mse,adam_120,50,256,1.4572,2985.105224609375,2905.54833984375,2955.370361328125,0.588914480531077,0.7
2026-09-04 13:27:37,multi_repeat_random_states.py,"(1021, 9)",372,sequential_120,Dense 64 -> 16 -> 32 -> 64 -> 64 -> 32 -> 1,mse,adam_120,50,256,1.5255,2979.9970703125,3001.156005859375,3002.61328125,0.5497875264092331,0.7
2026-09-04 13:27:38,multi_repeat_random_states.py,"(1021, 9)",456,sequential_120,Dense 64 -> 16 -> 32 -> 64 -> 64 -> 32 -> 1,mse,adam_120,50,256,1.4856,3874.403564453125,3247.617431640625,2665.394287109375,0.5686582123444328,0.7
2026-09-04 13:27:39,multi_repeat_random_states.py,"(1021, 9)",289,sequential_121,Dense 64 -> 16 -> 32 -> 64 -> 64 -> 32 -> 1,mse,adam_121,50,256,2.3082,37632.91015625,4624.8740234375,5773.15087890625,0.2687852638824646,0.7
2026-09-04 13:27:39,multi_repeat_random_states.py,"(1021, 9)",456,sequential_120,Dense 64 -> 16 -> 32 -> 64 -> 64 -> 32 -> 1,mse,adam_120,50,256,1.4796,3066.7177734375,2971.427978515625,2593.300537109375,0.580325204471696,0.7
2026-09-04 13:27:39,multi_repeat_random_states.py,"(1021, 9)",373,sequential_121,Dense 64 -> 16 -> 32 -> 64 -> 64 -> 32 -> 1,mse,adam_121,50,256,2.3063,62081.13671875,3581.11083984375,4583.76416015625,0.36688116506041724,0.7
2026-09-04 13:27:41,multi_repeat_random_states.py,"(1021, 9)",289,sequential_121,Dense 64 -> 16 -> 32 -> 64 -> 64 -> 32 -> 1,mse,adam_121,50,256,1.4282,4584.05126953125,3043.059814453125,4169.1025390625,0.4719504943247701,0.7
2026-09-04 13:27:41,multi_repeat_random_states.py,"(1021, 9)",373,sequential_121,Dense 64 -> 16 -> 32 -> 64 -> 64 -> 32 -> 1,mse,adam_121,50,256,1.4391,3588.42724609375,2883.5,3092.40380859375,0.5728709821802094,0.7
2026-09-04 13:27:42,multi_repeat_random_states.py,"(1021, 9)",457,sequential_121,Dense 64 -> 16 -> 32 -> 64 -> 64 -> 32 -> 1,mse,adam_121,50,256,2.3688,28155.115234375,4096.90966796875,4333.94189453125,0.4003065401462709,0.7
2026-09-04 13:27:42,multi_repeat_random_states.py,"(1021, 9)",289,sequential_121,Dense 64 -> 16 -> 32 -> 64 -> 64 -> 32 -> 1,mse,adam_121,50,256,1.4402,2894.020263671875,3181.82666015625,3635.861083984375,0.5394897101999033,0.7
2026-09-04 13:27:43,multi_repeat_random_states.py,"(1021, 9)",373,sequential_121,Dense 64 -> 16 -> 32 -> 64 -> 64 -> 32 -> 1,mse,adam_121,50,256,1.4244,2762.201171875,2730.463134765625,3091.561279296875,0.5729873136722116,0.7
2026-09-04 13:27:44,multi_repeat_random_states.py,"(1021, 9)",457,sequential_121,Dense 64 -> 16 -> 32 -> 64 -> 64 -> 32 -> 1,mse,adam_121,50,256,1.3857,4072.287841796875,2804.109130859375,3220.13525390625,0.5544255368738558,0.7
2026-09-04 13:27:45,multi_repeat_random_states.py,"(1021, 9)",290,sequential_122,Dense 64 -> 16 -> 32 -> 64 -> 64 -> 32 -> 1,mse,adam_122,50,256,2.2452,110500.625,4500.01123046875,4257.35302734375,0.3516645796926767,0.7
2026-09-04 13:27:45,multi_repeat_random_states.py,"(1021, 9)",374,sequential_122,Dense 64 -> 16 -> 32 -> 64 -> 64 -> 32 -> 1,mse,adam_122,50,256,2.2814,242264.515625,6368.3271484375,5341.47412109375,0.09431962664766724,0.7
2026-09-04 13:27:45,multi_repeat_random_states.py,"(1021, 9)",457,sequential_121,Dense 64 -> 16 -> 32 -> 64 -> 64 -> 32 -> 1,mse,adam_121,50,256,1.4173,2804.583740234375,2916.949462890625,3117.9736328125,0.5685617201955528,0.7
2026-09-04 13:27:46,multi_repeat_random_states.py,"(1021, 9)",290,sequential_122,Dense 64 -> 16 -> 32 -> 64 -> 64 -> 32 -> 1,mse,adam_122,50,256,1.4387,4417.3955078125,3137.9482421875,2884.119384765625,0.5607888358966752,0.7
2026-09-04 13:27:47,multi_repeat_random_states.py,"(1021, 9)",374,sequential_122,Dense 64 -> 16 -> 32 -> 64 -> 64 -> 32 -> 1,mse,adam_122,50,256,1.4603,6326.84521484375,3598.95166015625,2710.78662109375,0.5403691404291995,0.7
2026-09-04 13:27:48,multi_repeat_random_states.py,"(1021, 9)",458,sequential_122,Dense 64 -> 16 -> 32 -> 64 -> 64 -> 32 -> 1,mse,adam_122,50,256,2.3143,173516.078125,6273.22412109375,5542.85546875,0.12906600541735747,0.7
2026-09-04 13:27:48,multi_repeat_random_states.py,"(1021, 9)",290,sequential_122,Dense 64 -> 16 -> 32 -> 64 -> 64 -> 32 -> 1,mse,adam_122,50,256,1.5072,2984.446044921875,2899.046142578125,2828.93310546875,0.5691929342011123,0.7
2026-09-04 13:27:48,multi_repeat_random_states.py,"(1021, 9)",374,sequential_122,Dense 64 -> 16 -> 32 -> 64 -> 64 -> 32 -> 1,mse,adam_122,50,256,1.4357,3525.827880859375,3315.606201171875,2673.19921875,0.5467423679356485,0.7
2026-09-04 13:27:49,multi_repeat_random_states.py,"(1021, 9)",458,sequential_122,Dense 64 -> 16 -> 32 -> 64 -> 64 -> 32 -> 1,mse,adam_122,50,256,1.4507,6265.310546875,4381.3271484375,3874.005615234375,0.3912878983589714,0.7
2026-09-04 13:27:50,multi_repeat_random_states.py,"(1021, 9)",291,sequential_123,Dense 64 -> 16 -> 32 -> 64 -> 64 -> 32 -> 1,mse,adam_123,50,256,2.3542,43342.28515625,3889.859619140625,4075.18359375,0.4254063342947253,0.7
2026-09-04 13:27:51,multi_repeat_random_states.py,"(1021, 9)",375,sequential_123,Dense 64 -> 16 -> 32 -> 64 -> 64 -> 32 -> 1,mse,adam_123,50,256,2.3296,85719.8515625,4100.73388671875,3936.788330078125,0.44983159481590385,0.7
2026-09-04 13:27:51,multi_repeat_random_states.py,"(1021, 9)",458,sequential_122,Dense 64 -> 16 -> 32 -> 64 -> 64 -> 32 -> 1,mse,adam_122,50,256,1.5064,4283.10595703125,3036.400146484375,2781.83056640625,0.5628984848071537,0.7
2026-09-04 13:27:52,multi_repeat_random_states.py,"(1021, 9)",291,sequential_123,Dense 64 -> 16 -> 32 -> 64 -> 64 -> 32 -> 1,mse,adam_123,50,256,1.5068,3859.729736328125,2789.731689453125,3120.993896484375,0.5599453709520839,0.7
2026-09-04 13:27:52,multi_repeat_random_states.py,"(1021, 9)",375,sequential_123,Dense 64 -> 16 -> 32 -> 64 -> 64 -> 32 -> 1,mse,adam_123,50,256,1.5004,3871.148681640625,3061.916748046875,2793.54541015625,0.6096004240378663,0.7
2026-09-04 13:27:53,multi_repeat_random_states.py,"(1021, 9)",459,sequential_123,Dense 64 -> 16 -> 32 -> 64 -> 64 -> 32 -> 1,mse,adam_123,50,256,2.3444,24992.73828125,3440.242919921875,3600.889892578125,0.46848654042511595,0.7
2026-09-04 13:27:54,multi_repeat_random_states.py,"(1021, 9)",291,sequential_123,Dense 64 -> 16 -> 32 -> 64 -> 64 -> 32 -> 1,mse,adam_123,50,256,1.4588,2831.93115234375,3086.109619140625,3955.964599609375,0.4422160106553793,0.7
2026-09-04 13:27:54,multi_repeat_random_states.py,"(1021, 9)",375,sequential_123,Dense 64 -> 16 -> 32 -> 64 -> 64 -> 32 -> 1,mse,adam_123,50,256,1.4501,2980.47265625,2997.03466796875,2712.67724609375,0.6209017900336601,0.7
2026-09-04 13:27:55,multi_repeat_random_states.py,"(1021, 9)",459,sequential_123,Dense 64 -> 16 -> 32 -> 64 -> 64 -> 32 -> 1,mse,adam_123,50,256,1.4187,3652.003173828125,2950.49462890625,2747.45458984375,0.5944588046396043,0.7
2026-09-04 13:27:56,multi_repeat_random_states.py,"(1021, 9)",292,sequential_124,Dense 64 -> 16 -> 32 -> 64 -> 64 -> 32 -> 1,mse,adam_124,50,256,2.2771,43238.0625,4963.3583984375,4807.36474609375,0.28965187335741127,0.7
2026-09-04 13:27:56,multi_repeat_random_states.py,"(1021, 9)",376,sequential_124,Dense 64 -> 16 -> 32 -> 64 -> 64 -> 32 -> 1,mse,adam_124,50,256,2.2719,134715.765625,5931.17138671875,6744.19921875,0.11289198296664216,0.7
2026-09-04 13:27:57,multi_repeat_random_states.py,"(1021, 9)",459,sequential_123,Dense 64 -> 16 -> 32 -> 64 -> 64 -> 32 -> 1,mse,adam_123,50,256,1.4464,2976.470703125,3267.32958984375,3430.591064453125,0.49362370674041745,0.7
2026-09-04 13:27:58,multi_repeat_random_states.py,"(1021, 9)",292,sequential_124,Dense 64 -> 16 -> 32 -> 64 -> 64 -> 32 -> 1,mse,adam_124,50,256,1.4598,4758.8271484375,2833.6552734375,2922.991943359375,0.5680914170285898,0.7
2026-09-04 13:27:58,multi_repeat_random_states.py,"(1021, 9)",376,sequential_124,Dense 64 -> 16 -> 32 -> 64 -> 64 -> 32 -> 1,mse,adam_124,50,256,1.5375,5922.3056640625,3379.686279296875,3760.945556640625,0.5052985400153278,0.7
2026-09-04 13:27:59,multi_repeat_random_states.py,"(1021, 9)",460,sequential_124,Dense 64 -> 16 -> 32 -> 64 -> 64 -> 32 -> 1,mse,adam_124,50,256,2.47,29510.5625,3628.756103515625,3989.864990234375,0.37813906134866204,0.7
2026-09-04 13:27:59,multi_repeat_random_states.py,"(1021, 9)",292,sequential_124,Dense 64 -> 16 -> 32 -> 64 -> 64 -> 32 -> 1,mse,adam_124,50,256,1.5397,2900.590576171875,3094.69873046875,3090.770263671875,0.543300116673133,0.7
2026-09-04 13:28:00,multi_repeat_random_states.py,"(1021, 9)",376,sequential_124,Dense 64 -> 16 -> 32 -> 64 -> 64 -> 32 -> 1,mse,adam_124,50,256,1.5516,3278.59423828125,2902.580810546875,3425.569091796875,0.5494126901718899,0.7
2026-09-04 13:28:01,multi_repeat_random_states.py,"(1021, 9)",460,sequential_124,Dense 64 -> 16 -> 32 -> 64 -> 64 -> 32 -> 1,mse,adam_124,50,256,1.4711,3933.570068359375,2957.952392578125,2678.927978515625,0.5824618614625141,0.7
2026-09-04 13:28:02,multi_repeat_random_states.py,"(1021, 9)",293,sequential_125,Dense 64 -> 16 -> 32 -> 64 -> 64 -> 32 -> 1,mse,adam_125,50,256,2.3085,71129.5546875,4812.6171875,4532.55322265625,0.31072397883994385,0.7
2026-09-04 13:28:02,multi_repeat_random_states.py,"(1021, 9)",377,sequential_125,Dense 64 -> 16 -> 32 -> 64 -> 64 -> 32 -> 1,mse,adam_125,50,256,2.2717,37254.22265625,3796.13037109375,3931.795654296875,0.44269182749503744,0.7
2026-09-04 13:28:02,multi_repeat_random_states.py,"(1021, 9)",460,sequential_124,Dense 64 -> 16 -> 32 -> 64 -> 64 -> 32 -> 1,mse,adam_124,50,256,1.4268,2897.92919921875,2964.092529296875,2829.736083984375,0.5589568738528187,0.7
2026-09-04 13:28:03,multi_repeat_random_states.py,"(1021, 9)",293,sequential_125,Dense 64 -> 16 -> 32 -> 64 -> 64 -> 32 -> 1,mse,adam_125,50,256,1.4001,4746.77490234375,2949.05517578125,2856.47412109375,0.565609284447803,0.7
2026-09-04 13:28:04,multi_repeat_random_states.py,"(1021, 9)",377,sequential_125,Dense 64 -> 16 -> 32 -> 64 -> 64 -> 32 -> 1,mse,adam_125,50,256,1.4414,3513.247802734375,2892.001708984375,3119.07666015625,0.5578897927984758,0.7
2026-09-04 13:28:05,multi_repeat_random_states.py,"(1021, 9)",461,sequential_125,Dense 64 -> 16 -> 32 -> 64 -> 64 -> 32 -> 1,mse,adam_125,50,256,2.3423,37189.0859375,4032.5771484375,3515.0478515625,0.46658304414864116,0.7
2026-09-04 13:28:05,multi_repeat_random_states.py,"(1021, 9)",293,sequential_125,Dense 64 -> 16 -> 32 -> 64 -> 64 -> 32 -> 1,mse,adam_125,50,256,1.4841,3091.202392578125,3070.491455078125,2734.533203125,0.5841531541478473,0.7
2026-09-04 13:28:05,multi_repeat_random_states.py,"(1021, 9)",377,sequential_125,Dense 64 -> 16 -> 32 -> 64 -> 64 -> 32 -> 1,mse,adam_125,50,256,1.4592,2958.53759765625,3103.173583984375,3141.9775390625,0.5546437995118225,0.7
2026-09-04 13:28:06,multi_repeat_random_states.py,"(1021, 9)",461,sequential_125,Dense 64 -> 16 -> 32 -> 64 -> 64 -> 32 -> 1,mse,adam_125,50,256,1.419,3799.78173828125,3285.769775390625,2968.76318359375,0.5494831091972447,0.7
2026-09-04 13:28:07,multi_repeat_random_states.py,"(1021, 9)",294,sequential_126,Dense 64 -> 16 -> 32 -> 64 -> 64 -> 32 -> 1,mse,adam_126,50,256,2.2917,184651.90625,6153.1728515625,6039.7216796875,0.06688594053783647,0.7
2026-09-04 13:28:08,multi_repeat_random_states.py,"(1021, 9)",378,sequential_126,Dense 64 -> 16 -> 32 -> 64 -> 64 -> 32 -> 1,mse,adam_126,50,256,2.3129,89427.0078125,5146.09130859375,5811.23681640625,0.1756077262059661,0.7
2026-09-04 13:28:08,multi_repeat_random_states.py,"(1021, 9)",461,sequential_125,Dense 64 -> 16 -> 32 -> 64 -> 64 -> 32 -> 1,mse,adam_125,50,256,1.4342,3103.1279296875,2866.2109375,2738.73095703125,0.5843910363111442,0.7
2026-09-04 13:28:09,multi_repeat_random_states.py,"(1021, 9)",294,sequential_126,Dense 64 -> 16 -> 32 -> 64 -> 64 -> 32 -> 1,mse,adam_126,50,256,1.4518,6139.0546875,3721.677978515625,3995.560546875,0.3827010837489223,0.7
2026-09-04 13:28:10,multi_repeat_random_states.py,"(1021, 9)",378,sequential_126,Dense 64 -> 16 -> 32 -> 64 -> 64 -> 32 -> 1,mse,adam_126,50,256,1.5106,5105.13330078125,3213.30859375,2833.88525390625,0.5979799937454962,0.7
2026-09-04 13:28:11,multi_repeat_random_states.py,"(1021, 9)",462,sequential_126,Dense 64 -> 16 -> 32 -> 64 -> 64 -> 32 -> 1,mse,adam_126,50,256,2.4346,50648.109375,5309.54052734375,5629.74462890625,0.2100734005765008,0.7
2026-09-04 13:28:11,multi_repeat_random_states.py,"(1021, 9)",294,sequential_126,Dense 64 -> 16 -> 32 -> 64 -> 64 -> 32 -> 1,mse,adam_126,50,256,1.5722,3659.843017578125,2799.468994140625,2928.303955078125,0.5475881653625931,0.7
2026-09-04 13:28:11,multi_repeat_random_states.py,"(1021, 9)",378,sequential_126,Dense 64 -> 16 -> 32 -> 64 -> 64 -> 32 -> 1,mse,adam_126,50,256,1.5096,2888.66796875,2880.54833984375,2728.418212890625,0.6129417633307579,0.7
2026-09-04 13:28:12,multi_repeat_random_states.py,"(1021, 9)",462,sequential_126,Dense 64 -> 16 -> 32 -> 64 -> 64 -> 32 -> 1,mse,adam_126,50,256,1.4774,5430.31640625,2910.25048828125,3557.734375,0.5008034945124358,0.7
2026-09-04 13:28:13,multi_repeat_random_states.py,"(1021, 9)",295,sequential_127,Dense 64 -> 16 -> 32 -> 64 -> 64 -> 32 -> 1,mse,adam_127,50,256,2.3414,487207.3125,6540.13720703125,6308.27978515625,0.07112021755744491,0.7
2026-09-04 13:28:14,multi_repeat_random_states.py,"(1021, 9)",379,sequential_127,Dense 64 -> 16 -> 32 -> 64 -> 64 -> 32 -> 1,mse,adam_127,50,256,2.3907,28737.904296875,4624.6083984375,4344.45068359375,0.363769406254689,0.7
2026-09-04 13:28:14,multi_repeat_random_states.py,"(1021, 9)",462,sequential_126,Dense 64 -> 16 -> 32 -> 64 -> 64 -> 32 -> 1,mse,adam_126,50,256,1.4753,2822.51513671875,2677.082275390625,3294.074462890625,0.5377984306847963,0.7
2026-09-04 13:28:15,multi_repeat_random_states.py,"(1021, 9)",295,sequential_127,Dense 64 -> 16 -> 32 -> 64 -> 64 -> 32 -> 1,mse,adam_127,50,256,1.398,6533.0869140625,5867.0634765625,5590.015625,0.17688313760245722,0.7
2026-09-04 13:28:15,multi_repeat_random_states.py,"(1021, 9)",379,sequential_127,Dense 64 -> 16 -> 32 -> 64 -> 64 -> 32 -> 1,mse,adam_127,50,256,1.3813,4393.970703125,3190.779541015625,4362.92626953125,0.3610637327852494,0.7
2026-09-04 13:28:16,multi_repeat_random_states.py,"(1021, 9)",295,sequential_127,Dense 64 -> 16 -> 32 -> 64 -> 64 -> 32 -> 1,mse,adam_127,50,256,1.4304,5846.61962890625,3734.741943359375,3423.02294921875,0.49596774651138864,0.7
2026-09-04 13:28:16,multi_repeat_random_states.py,"(1021, 9)",463,sequential_127,Dense 64 -> 16 -> 32 -> 64 -> 64 -> 32 -> 1,mse,adam_127,50,256,2.2438,97321.8203125,5265.75244140625,4763.845703125,0.28170496720868465,0.7
2026-09-04 13:28:17,multi_repeat_random_states.py,"(1021, 9)",379,sequential_127,Dense 64 -> 16 -> 32 -> 64 -> 64 -> 32 -> 1,mse,adam_127,50,256,1.4696,3342.881591796875,3139.746826171875,3222.000244140625,0.5281485872055458,0.7
2026-09-04 13:28:18,multi_repeat_random_states.py,"(1021, 9)",463,sequential_127,Dense 64 -> 16 -> 32 -> 64 -> 64 -> 32 -> 1,mse,adam_127,50,256,1.4593,5126.41845703125,2968.956787109375,3516.61962890625,0.4697624316156751,0.7
2026-09-04 13:28:19,multi_repeat_random_states.py,"(1021, 9)",296,sequential_128,Dense 64 -> 16 -> 32 -> 64 -> 64 -> 32 -> 1,mse,adam_128,50,256,2.3024,31773.72265625,4082.68310546875,3579.304443359375,0.48440216870798847,0.7
2026-09-04 13:28:20,multi_repeat_random_states.py,"(1021, 9)",380,sequential_128,Dense 64 -> 16 -> 32 -> 64 -> 64 -> 32 -> 1,mse,adam_128,50,256,2.3367,196543.25,5637.337890625,6641.71630859375,0.07169147911466522,0.7
2026-09-04 13:28:20,multi_repeat_random_states.py,"(1021, 9)",463,sequential_127,Dense 64 -> 16 -> 32 -> 64 -> 64 -> 32 -> 1,mse,adam_127,50,256,1.553,3360.563720703125,2964.183837890625,2805.181884765625,0.5770333450168634,0.7
2026-09-04 13:28:21,multi_repeat_random_states.py,"(1021, 9)",296,sequential_128,Dense 64 -> 16 -> 32 -> 64 -> 64 -> 32 -> 1,mse,adam_128,50,256,1.4512,4010.15185546875,3023.35400390625,2682.73681640625,0.6135525049087538,0.7
2026-09-04 13:28:21,multi_repeat_random_states.py,"(1021, 9)",380,sequential_128,Dense 64 -> 16 -> 32 -> 64 -> 64 -> 32 -> 1,mse,adam_128,50,256,1.4168,5618.484375,3201.859619140625,3582.658935546875,0.49925399525313774,0.7
2026-09-04 13:28:22,multi_repeat_random_states.py,"(1021, 9)",296,sequential_128,Dense 64 -> 16 -> 32 -> 64 -> 64 -> 32 -> 1,mse,adam_128,50,256,1.5197,3317.319091796875,3204.104248046875,2523.951171875,0.6364255072601098,0.7
2026-09-04 13:28:22,multi_repeat_random_states.py,"(1021, 9)",464,sequential_128,Dense 64 -> 16 -> 32 -> 64 -> 64 -> 32 -> 1,mse,adam_128,50,256,2.3896,33961.57421875,4647.697265625,3393.8388671875,0.45958636303032563,0.7
2026-09-04 13:28:23,multi_repeat_random_states.py,"(1021, 9)",380,sequential_128,Dense 64 -> 16 -> 32 -> 64 -> 64 -> 32 -> 1,mse,adam_128,50,256,1.5157,3075.115478515625,2778.896240234375,3078.869873046875,0.5696683134444955,0.7
2026-09-04 13:28:24,multi_repeat_random_states.py,"(1021, 9)",464,sequential_128,Dense 64 -> 16 -> 32 -> 64 -> 64 -> 32 -> 1,mse,adam_128,50,256,1.6088,4624.72265625,2888.046142578125,2923.926025390625,0.5344123030698967,0.7
2026-09-04 13:28:25,multi_repeat_random_states.py,"(1021, 9)",297,sequential_129,Dense 64 -> 16 -> 32 -> 64 -> 64 -> 32 -> 1,mse,adam_129,50,256,2.4828,36936.36328125,4325.830078125,4019.027587890625,0.4132393717397498,0.7
2026-09-04 13:28:25,multi_repeat_random_states.py,"(1021, 9)",381,sequential_129,Dense 64 -> 16 -> 32 -> 64 -> 64 -> 32 -> 1,mse,adam_129,50,256,2.5134,52130.5390625,4007.556640625,5776.65234375,0.1809547201115973,0.7
2026-09-04 13:28:26,multi_repeat_random_states.py,"(1021, 9)",464,sequential_128,Dense 64 -> 16 -> 32 -> 64 -> 64 -> 32 -> 1,mse,adam_128,50,256,1.5447,2947.402099609375,2804.282470703125,3037.390625,0.5163449182908227,0.7
2026-09-04 13:28:27,multi_repeat_random_states.py,"(1021, 9)",297,sequential_129,Dense 64 -> 16 -> 32 -> 64 -> 64 -> 32 -> 1,mse,adam_129,50,256,1.527,4239.43798828125,3063.206787109375,2778.197265625,0.5943952557148262,0.7
2026-09-04 13:28:27,multi_repeat_random_states.py,"(1021, 9)",381,sequential_129,Dense 64 -> 16 -> 32 -> 64 -> 64 -> 32 -> 1,mse,adam_129,50,256,1.5479,4609.4814453125,2775.97265625,2971.352783203125,0.5787054028366843,0.7
2026-09-04 13:28:28,multi_repeat_random_states.py,"(1021, 9)",297,sequential_129,Dense 64 -> 16 -> 32 -> 64 -> 64 -> 32 -> 1,mse,adam_129,50,256,1.5978,3025.30615234375,2862.466796875,2714.280029296875,0.6037269108153867,0.7
2026-09-04 13:28:28,multi_repeat_random_states.py,"(1021, 9)",465,sequential_129,Dense 64 -> 16 -> 32 -> 64 -> 64 -> 32 -> 1,mse,adam_129,50,256,2.5152,45812.02734375,3669.917724609375,4079.364501953125,0.44282748273317185,0.7
2026-09-04 13:28:29,multi_repeat_random_states.py,"(1021, 9)",381,sequential_129,Dense 64 -> 16 -> 32 -> 64 -> 64 -> 32 -> 1,mse,adam_129,50,256,1.5417,2826.165771484375,2815.237060546875,3034.954833984375,0.5696875159500896,0.7
2026-09-04 13:28:30,multi_repeat_random_states.py,"(1021, 9)",465,sequential_129,Dense 64 -> 16 -> 32 -> 64 -> 64 -> 32 -> 1,mse,adam_129,50,256,1.4731,3655.1513671875,2819.3916015625,3148.6220703125,0.569951220166739,0.7
2026-09-04 13:28:31,multi_repeat_random_states.py,"(1021, 9)",298,sequential_130,Dense 64 -> 16 -> 32 -> 64 -> 64 -> 32 -> 1,mse,adam_130,50,256,2.3168,36634.59765625,3387.1630859375,3490.05517578125,0.4933088647891707,0.7
2026-09-04 13:28:31,multi_repeat_random_states.py,"(1021, 9)",382,sequential_130,Dense 64 -> 16 -> 32 -> 64 -> 64 -> 32 -> 1,mse,adam_130,50,256,2.3812,23931.9609375,3525.6474609375,2983.709716796875,0.5239009348811079,0.7
2026-09-04 13:28:32,multi_repeat_random_states.py,"(1021, 9)",465,sequential_129,Dense 64 -> 16 -> 32 -> 64 -> 64 -> 32 -> 1,mse,adam_129,50,256,1.5253,3042.09423828125,2808.575439453125,3070.494873046875,0.5806220776099187,0.7
2026-09-04 13:28:32,multi_repeat_random_states.py,"(1021, 9)",298,sequential_130,Dense 64 -> 16 -> 32 -> 64 -> 64 -> 32 -> 1,mse,adam_130,50,256,1.5583,3615.56884765625,2981.149169921875,3083.742919921875,0.5522978616456651,0.7
2026-09-04 13:28:33,multi_repeat_random_states.py,"(1021, 9)",382,sequential_130,Dense 64 -> 16 -> 32 -> 64 -> 64 -> 32 -> 1,mse,adam_130,50,256,1.6129,3397.78369140625,3042.027587890625,2525.9365234375,0.596946032648503,0.7
2026-09-04 13:28:34,multi_repeat_random_states.py,"(1021, 9)",298,sequential_130,Dense 64 -> 16 -> 32 -> 64 -> 64 -> 32 -> 1,mse,adam_130,50,256,1.6617,2864.02001953125,2959.41064453125,3264.4765625,0.5260586876970754,0.7
2026-09-04 13:28:34,multi_repeat_random_states.py,"(1021, 9)",466,sequential_130,Dense 64 -> 16 -> 32 -> 64 -> 64 -> 32 -> 1,mse,adam_130,50,256,2.5489,196740.578125,5970.958984375,6028.75244140625,0.12061328765156687,0.7
2026-09-04 13:28:35,multi_repeat_random_states.py,"(1021, 9)",382,sequential_130,Dense 64 -> 16 -> 32 -> 64 -> 64 -> 32 -> 1,mse,adam_130,50,256,1.5094,2999.23779296875,3115.2119140625,3323.2890625,0.46971562785844034,0.7
2026-09-04 13:28:36,multi_repeat_random_states.py,"(1021, 9)",466,sequential_130,Dense 64 -> 16 -> 32 -> 64 -> 64 -> 32 -> 1,mse,adam_130,50,256,1.5111,5960.845703125,4849.56005859375,4825.3486328125,0.2961482132747786,0.7
2026-09-04 13:28:37,multi_repeat_random_states.py,"(1021, 9)",299,sequential_131,Dense 64 -> 16 -> 32 -> 64 -> 64 -> 32 -> 1,mse,adam_131,50,256,2.379,21836.30859375,3822.906494140625,2810.800537109375,0.5754560910073736,0.7
2026-09-04 13:28:38,multi_repeat_random_states.py,"(1021, 9)",383,sequential_131,Dense 64 -> 16 -> 32 -> 64 -> 64 -> 32 -> 1,mse,adam_131,50,256,2.51,21933.681640625,3036.52783203125,3543.18212890625,0.5378727689506031,0.7
2026-09-04 13:28:38,multi_repeat_random_states.py,"(1021, 9)",466,sequential_130,Dense 64 -> 16 -> 32 -> 64 -> 64 -> 32 -> 1,mse,adam_130,50,256,1.5046,4778.740234375,3071.928466796875,3017.786865234375,0.5598091456103725,0.7
2026-09-04 13:28:39,multi_repeat_random_states.py,"(1021, 9)",299,sequential_131,Dense 64 -> 16 -> 32 -> 64 -> 64 -> 32 -> 1,mse,adam_131,50,256,1.5725,3358.669677734375,2919.59521484375,2703.8662109375,0.5916075635919303,0.7
2026-09-04 13:28:39,multi_repeat_random_states.py,"(1021, 9)",383,sequential_131,Dense 64 -> 16 -> 32 -> 64 -> 64 -> 32 -> 1,mse,adam_131,50,256,1.607,2979.8251953125,3203.756591796875,3321.89013671875,0.5667352817741196,0.7
2026-09-04 13:28:40,multi_repeat_random_states.py,"(1021, 9)",299,sequential_131,Dense 64 -> 16 -> 32 -> 64 -> 64 -> 32 -> 1,mse,adam_131,50,256,1.4839,2904.47900390625,2906.750732421875,2681.748046875,0.5949482908209908,0.7
2026-09-04 13:28:40,multi_repeat_random_states.py,"(1021, 9)",467,sequential_131,Dense 64 -> 16 -> 32 -> 64 -> 64 -> 32 -> 1,mse,adam_131,50,256,2.4718,42554.140625,3829.615966796875,4068.759033203125,0.4000987124953995,0.7
2026-09-04 13:28:41,multi_repeat_random_states.py,"(1021, 9)",383,sequential_131,Dense 64 -> 16 -> 32 -> 64 -> 64 -> 32 -> 1,mse,adam_131,50,256,1.4536,3321.05419921875,2720.090087890625,3412.149658203125,0.5549629810823032,0.7
2026-09-04 13:28:42,multi_repeat_random_states.py,"(1021, 9)",467,sequential_131,Dense 64 -> 16 -> 32 -> 64 -> 64 -> 32 -> 1,mse,adam_131,50,256,1.4849,4026.775634765625,3033.6787109375,2897.165283203125,0.5728394665420249,0.7
2026-09-04 13:28:43,multi_repeat_random_states.py,"(1021, 9)",300,sequential_132,Dense 64 -> 16 -> 32 -> 64 -> 64 -> 32 -> 1,mse,adam_132,50,256,2.3186,17339.482421875,4027.458984375,3519.439208984375,0.5322942662745317,0.7
2026-09-04 13:28:43,multi_repeat_random_states.py,"(1021, 9)",384,sequential_132,Dense 64 -> 16 -> 32 -> 64 -> 64 -> 32 -> 1,mse,adam_132,50,256,2.365,70994.1796875,4996.27197265625,6081.52783203125,0.1754935420304633,0.7
2026-09-04 13:28:44,multi_repeat_random_states.py,"(1021, 9)",467,sequential_131,Dense 64 -> 16 -> 32 -> 64 -> 64 -> 32 -> 1,mse,adam_131,50,256,1.4429,2958.98681640625,2885.111083984375,2765.517578125,0.592249696870851,0.7
2026-09-04 13:28:44,multi_repeat_random_states.py,"(1021, 9)",300,sequential_132,Dense 64 -> 16 -> 32 -> 64 -> 64 -> 32 -> 1,mse,adam_132,50,256,1.4739,3670.60302734375,2866.345703125,3086.942138671875,0.58976966852923,0.7
2026-09-04 13:28:45,multi_repeat_random_states.py,"(1021, 9)",384,sequential_132,Dense 64 -> 16 -> 32 -> 64 -> 64 -> 32 -> 1,mse,adam_132,50,256,1.4662,4935.5087890625,3233.52294921875,3386.22705078125,0.5409103645802245,0.7
2026-09-04 13:28:46,multi_repeat_random_states.py,"(1021, 9)",300,sequential_132,Dense 64 -> 16 -> 32 -> 64 -> 64 -> 32 -> 1,mse,adam_132,50,256,1.4305,2799.529541015625,2736.112548828125,3035.69482421875,0.596580055074913,0.7
2026-09-04 13:28:46,multi_repeat_random_states.py,"(1021, 9)",468,sequential_132,Dense 64 -> 16 -> 32 -> 64 -> 64 -> 32 -> 1,mse,adam_132,50,256,2.442,19642.263671875,3185.522705078125,3285.991943359375,0.5433275276761788,0.7
2026-09-04 13:28:47,multi_repeat_random_states.py,"(1021, 9)",384,sequential_132,Dense 64 -> 16 -> 32 -> 64 -> 64 -> 32 -> 1,mse,adam_132,50,256,1.5268,3330.396728515625,2876.7744140625,3017.877197265625,0.5908496051137331,0.7
2026-09-04 13:28:48,multi_repeat_random_states.py,"(1021, 9)",468,sequential_132,Dense 64 -> 16 -> 32 -> 64 -> 64 -> 32 -> 1,mse,adam_132,50,256,1.6115,3012.95849609375,2823.3740234375,3059.3798828125,0.5748210323825172,0.7
2026-09-04 13:28:50,multi_repeat_random_states.py,"(1021, 9)",468,sequential_132,Dense 64 -> 16 -> 32 -> 64 -> 64 -> 32 -> 1,mse,adam_132,50,256,1.4604,2914.51123046875,2857.923583984375,3277.471435546875,0.5445115866453987,0.7
2026-09-04 13:28:50,multi_repeat_random_states.py,"(1021, 9)",301,sequential_133,Dense 64 -> 16 -> 32 -> 64 -> 64 -> 32 -> 1,mse,adam_133,50,256,3.705,41945.015625,5199.1298828125,4530.12548828125,0.2198869820185747,0.7
2026-09-04 13:28:51,multi_repeat_random_states.py,"(1021, 9)",385,sequential_133,Dense 64 -> 16 -> 32 -> 64 -> 64 -> 32 -> 1,mse,adam_133,50,256,3.6254,35155.2578125,3889.106201171875,3689.434814453125,0.442612953398303,0.7
2026-09-04 13:28:52,multi_repeat_random_states.py,"(1021, 9)",301,sequential_133,Dense 64 -> 16 -> 32 -> 64 -> 64 -> 32 -> 1,mse,adam_133,50,256,1.59,5178.943359375,2879.571533203125,2867.8681640625,0.506136960297783,0.7
2026-09-04 13:28:52,multi_repeat_random_states.py,"(1021, 9)",385,sequential_133,Dense 64 -> 16 -> 32 -> 64 -> 64 -> 32 -> 1,mse,adam_133,50,256,1.537,3856.09521484375,3072.8330078125,3285.303955078125,0.5036675881243872,0.7
2026-09-04 13:28:53,multi_repeat_random_states.py,"(1021, 9)",301,sequential_133,Dense 64 -> 16 -> 32 -> 64 -> 64 -> 32 -> 1,mse,adam_133,50,256,1.5003,2830.26220703125,3618.432861328125,4036.503662109375,0.3048913604052821,0.7
2026-09-04 13:28:54,multi_repeat_random_states.py,"(1021, 9)",469,sequential_133,Dense 64 -> 16 -> 32 -> 64 -> 64 -> 32 -> 1,mse,adam_133,50,256,3.735,72559.1171875,4952.2001953125,4492.36572265625,0.2969899383789799,0.7
2026-09-04 13:28:54,multi_repeat_random_states.py,"(1021, 9)",385,sequential_133,Dense 64 -> 16 -> 32 -> 64 -> 64 -> 32 -> 1,mse,adam_133,50,256,1.6132,2944.204345703125,2762.29345703125,3148.52490234375,0.5243317681687422,0.7
2026-09-04 13:28:55,multi_repeat_random_states.py,"(1021, 9)",469,sequential_133,Dense 64 -> 16 -> 32 -> 64 -> 64 -> 32 -> 1,mse,adam_133,50,256,1.5285,4897.943359375,3738.960205078125,2593.153076171875,0.5941975641531778,0.7
2026-09-04 13:28:56,multi_repeat_random_states.py,"(1021, 9)",302,sequential_134,Dense 64 -> 16 -> 32 -> 64 -> 64 -> 32 -> 1,mse,adam_134,50,256,2.4493,107324.8671875,5610.2666015625,5656.3857421875,0.18651991822141334,0.7
2026-09-04 13:28:57,multi_repeat_random_states.py,"(1021, 9)",386,sequential_134,Dense 64 -> 16 -> 32 -> 64 -> 64 -> 32 -> 1,mse,adam_134,50,256,2.43,74977.6015625,5201.15869140625,5884.20751953125,0.20720014731885283,0.7
2026-09-04 13:28:57,multi_repeat_random_states.py,"(1021, 9)",469,sequential_133,Dense 64 -> 16 -> 32 -> 64 -> 64 -> 32 -> 1,mse,adam_133,50,256,1.5118,3340.62646484375,2950.182861328125,3033.305908203125,0.5253180955876968,0.7
2026-09-04 13:28:58,multi_repeat_random_states.py,"(1021, 9)",302,sequential_134,Dense 64 -> 16 -> 32 -> 64 -> 64 -> 32 -> 1,mse,adam_134,50,256,1.5527,5585.021484375,3018.0654296875,2921.457763671875,0.5798469370992103,0.7
2026-09-04 13:28:58,multi_repeat_random_states.py,"(1021, 9)",386,sequential_134,Dense 64 -> 16 -> 32 -> 64 -> 64 -> 32 -> 1,mse,adam_134,50,256,1.4713,5165.10791015625,3015.424560546875,3225.569091796875,0.5654077394423029,0.7
2026-09-04 13:28:59,multi_repeat_random_states.py,"(1021, 9)",302,sequential_134,Dense 64 -> 16 -> 32 -> 64 -> 64 -> 32 -> 1,mse,adam_134,50,256,1.4932,2998.673095703125,3066.857666015625,2871.4150390625,0.5870439542021286,0.7
2026-09-04 13:29:00,multi_repeat_random_states.py,"(1021, 9)",470,sequential_134,Dense 64 -> 16 -> 32 -> 64 -> 64 -> 32 -> 1,mse,adam_134,50,256,2.3996,20649.98046875,3512.569580078125,3620.638427734375,0.5075150800106629,0.7
2026-09-04 13:29:00,multi_repeat_random_states.py,"(1021, 9)",386,sequential_134,Dense 64 -> 16 -> 32 -> 64 -> 64 -> 32 -> 1,mse,adam_134,50,256,1.585,2945.17919921875,2813.37255859375,3152.95654296875,0.5751911108617891,0.7
2026-09-04 13:29:01,multi_repeat_random_states.py,"(1021, 9)",470,sequential_134,Dense 64 -> 16 -> 32 -> 64 -> 64 -> 32 -> 1,mse,adam_134,50,256,1.4046,3717.97216796875,2826.462890625,2875.367919921875,0.6088879323267381,0.7
2026-09-04 13:29:02,multi_repeat_random_states.py,"(1021, 9)",303,sequential_135,Dense 64 -> 16 -> 32 -> 64 -> 64 -> 32 -> 1,mse,adam_135,50,256,2.3179,33889.80078125,3288.739013671875,3356.171630859375,0.5615604770334088,0.7
2026-09-04 13:29:02,multi_repeat_random_states.py,"(1021, 9)",387,sequential_135,Dense 64 -> 16 -> 32 -> 64 -> 64 -> 32 -> 1,mse,adam_135,50,256,2.2743,23467.259765625,3569.072998046875,4123.76220703125,0.40555146471217796,0.7
2026-09-04 13:29:03,multi_repeat_random_states.py,"(1021, 9)",470,sequential_134,Dense 64 -> 16 -> 32 -> 64 -> 64 -> 32 -> 1,mse,adam_134,50,256,1.4828,2921.353515625,2818.646484375,2867.293701171875,0.6099861872153751,0.7
2026-09-04 13:29:03,multi_repeat_random_states.py,"(1021, 9)",303,sequential_135,Dense 64 -> 16 -> 32 -> 64 -> 64 -> 32 -> 1,mse,adam_135,50,256,1.3851,3285.3408203125,2860.383544921875,2982.048583984375,0.6104347394694987,0.7
2026-09-04 13:29:04,multi_repeat_random_states.py,"(1021, 9)",387,sequential_135,Dense 64 -> 16 -> 32 -> 64 -> 64 -> 32 -> 1,mse,adam_135,50,256,1.4866,3958.866455078125,3105.853515625,3138.177490234375,0.5476253695526354,0.7
2026-09-04 13:29:05,multi_repeat_random_states.py,"(1021, 9)",303,sequential_135,Dense 64 -> 16 -> 32 -> 64 -> 64 -> 32 -> 1,mse,adam_135,50,256,1.4157,2777.261474609375,2802.727294921875,2969.167724609375,0.6121174516908446,0.7
2026-09-04 13:29:05,multi_repeat_random_states.py,"(1021, 9)",471,sequential_135,Dense 64 -> 16 -> 32 -> 64 -> 64 -> 32 -> 1,mse,adam_135,50,256,2.2521,40257.078125,4985.2158203125,5397.0380859375,0.2682598768522445,0.7
2026-09-04 13:29:06,multi_repeat_random_states.py,"(1021, 9)",387,sequential_135,Dense 64 -> 16 -> 32 -> 64 -> 64 -> 32 -> 1,mse,adam_135,50,256,1.4043,3015.447021484375,2802.655517578125,3057.73828125,0.5592208518207407,0.7
2026-09-04 13:29:07,multi_repeat_random_states.py,"(1021, 9)",471,sequential_135,Dense 64 -> 16 -> 32 -> 64 -> 64 -> 32 -> 1,mse,adam_135,50,256,1.3905,4861.447265625,2848.29736328125,2969.55078125,0.5973829268242128,0.7
2026-09-04 13:29:07,multi_repeat_random_states.py,"(1021, 9)",304,sequential_136,Dense 64 -> 16 -> 32 -> 64 -> 64 -> 32 -> 1,mse,adam_136,50,256,2.2386,40452.51171875,4214.98681640625,4269.21484375,0.36685991136831164,0.7
2026-09-04 13:29:08,multi_repeat_random_states.py,"(1021, 9)",388,sequential_136,Dense 64 -> 16 -> 32 -> 64 -> 64 -> 32 -> 1,mse,adam_136,50,256,2.2864,54789.84375,5140.3623046875,5410.7509765625,0.22189704228253093,0.7
2026-09-04 13:29:08,multi_repeat_random_states.py,"(1021, 9)",471,sequential_135,Dense 64 -> 16 -> 32 -> 64 -> 64 -> 32 -> 1,mse,adam_135,50,256,1.4022,2851.88818359375,2994.392333984375,3258.277099609375,0.5582368970306691,0.7
2026-09-04 13:29:09,multi_repeat_random_states.py,"(1021, 9)",304,sequential_136,Dense 64 -> 16 -> 32 -> 64 -> 64 -> 32 -> 1,mse,adam_136,50,256,1.3887,4384.07568359375,2969.797607421875,2688.028564453125,0.6013555432170552,0.7
2026-09-04 13:29:10,multi_repeat_random_states.py,"(1021, 9)",388,sequential_136,Dense 64 -> 16 -> 32 -> 64 -> 64 -> 32 -> 1,mse,adam_136,50,256,1.4478,5101.294921875,2850.891357421875,2970.556396484375,0.5728137239592375,0.7
2026-09-04 13:29:10,multi_repeat_random_states.py,"(1021, 9)",304,sequential_136,Dense 64 -> 16 -> 32 -> 64 -> 64 -> 32 -> 1,mse,adam_136,50,256,1.409,2908.556396484375,3001.757080078125,2747.491455078125,0.5925370642437385,0.7
2026-09-04 13:29:11,multi_repeat_random_states.py,"(1021, 9)",472,sequential_136,Dense 64 -> 16 -> 32 -> 64 -> 64 -> 32 -> 1,mse,adam_136,50,256,2.2518,38754.42578125,3006.87255859375,3040.303955078125,0.5450282778171822,0.7
2026-09-04 13:29:11,multi_repeat_random_states.py,"(1021, 9)",388,sequential_136,Dense 64 -> 16 -> 32 -> 64 -> 64 -> 32 -> 1,mse,adam_136,50,256,1.3894,2883.968505859375,2885.0771484375,2955.6650390625,0.5749551832939146,0.7
2026-09-04 13:29:12,multi_repeat_random_states.py,"(1021, 9)",472,sequential_136,Dense 64 -> 16 -> 32 -> 64 -> 64 -> 32 -> 1,mse,adam_136,50,256,1.3989,2950.235595703125,3015.653564453125,2876.39501953125,0.5695567227743354,0.7
2026-09-04 13:29:13,multi_repeat_random_states.py,"(1021, 9)",305,sequential_137,Dense 64 -> 16 -> 32 -> 64 -> 64 -> 32 -> 1,mse,adam_137,50,256,2.2345,130488.4140625,5597.3525390625,5671.78515625,0.13221644963259604,0.7
2026-09-04 13:29:14,multi_repeat_random_states.py,"(1021, 9)",472,sequential_136,Dense 64 -> 16 -> 32 -> 64 -> 64 -> 32 -> 1,mse,adam_136,50,256,1.3964,3096.94482421875,2791.19287109375,2851.474853515625,0.5732859305070719,0.7
2026-09-04 13:29:14,multi_repeat_random_states.py,"(1021, 9)",389,sequential_137,Dense 64 -> 16 -> 32 -> 64 -> 64 -> 32 -> 1,mse,adam_137,50,256,2.3244,159811.59375,5719.0595703125,5592.20068359375,0.13560102467866508,0.7
2026-09-04 13:29:14,multi_repeat_random_states.py,"(1021, 9)",305,sequential_137,Dense 64 -> 16 -> 32 -> 64 -> 64 -> 32 -> 1,mse,adam_137,50,256,1.3893,5571.92431640625,3192.21240234375,3191.907470703125,0.5116379735861951,0.7
2026-09-04 13:29:15,multi_repeat_random_states.py,"(1021, 9)",389,sequential_137,Dense 64 -> 16 -> 32 -> 64 -> 64 -> 32 -> 1,mse,adam_137,50,256,1.4149,5692.240234375,3062.32080078125,3246.86865234375,0.49812427287295746,0.7
2026-09-04 13:29:16,multi_repeat_random_states.py,"(1021, 9)",305,sequential_137,Dense 64 -> 16 -> 32 -> 64 -> 64 -> 32 -> 1,mse,adam_137,50,256,1.4161,3121.749755859375,3546.89892578125,3747.46240234375,0.4266380195739412,0.7
2026-09-04 13:29:16,multi_repeat_random_states.py,"(1021, 9)",473,sequential_137,Dense 64 -> 16 -> 32 -> 64 -> 64 -> 32 -> 1,mse,adam_137,50,256,2.2687,42439.46875,3763.318359375,5310.314453125,0.25802301487043977,0.7
2026-09-04 13:29:17,multi_repeat_random_states.py,"(1021, 9)",389,sequential_137,Dense 64 -> 16 -> 32 -> 64 -> 64 -> 32 -> 1,mse,adam_137,50,256,1.3856,3207.095947265625,2905.719482421875,2789.691162109375,0.5687912539680652,0.7
2026-09-04 13:29:18,multi_repeat_random_states.py,"(1021, 9)",473,sequential_137,Dense 64 -> 16 -> 32 -> 64 -> 64 -> 32 -> 1,mse,adam_137,50,256,1.4014,4162.14990234375,2815.417236328125,3364.599609375,0.529885601611366,0.7
2026-09-04 13:29:18,multi_repeat_random_states.py,"(1021, 9)",306,sequential_138,Dense 64 -> 16 -> 32 -> 64 -> 64 -> 32 -> 1,mse,adam_138,50,256,2.2362,48742.21484375,5463.001953125,4419.5029296875,0.2392695967579489,0.7
2026-09-04 13:29:19,multi_repeat_random_states.py,"(1021, 9)",473,sequential_137,Dense 64 -> 16 -> 32 -> 64 -> 64 -> 32 -> 1,mse,adam_137,50,256,1.4307,2689.52197265625,2724.877685546875,3469.06396484375,0.5152893970771535,0.7
2026-09-04 13:29:19,multi_repeat_random_states.py,"(1021, 9)",390,sequential_138,Dense 64 -> 16 -> 32 -> 64 -> 64 -> 32 -> 1,mse,adam_138,50,256,2.2851,46467.86328125,4835.1953125,4835.39892578125,0.30170928743557734,0.7
2026-09-04 13:29:20,multi_repeat_random_states.py,"(1021, 9)",306,sequential_138,Dense 64 -> 16 -> 32 -> 64 -> 64 -> 32 -> 1,mse,adam_138,50,256,1.3935,5347.396484375,3179.53076171875,3239.240966796875,0.44242852595974236,0.7
2026-09-04 13:29:21,multi_repeat_random_states.py,"(1021, 9)",390,sequential_138,Dense 64 -> 16 -> 32 -> 64 -> 64 -> 32 -> 1,mse,adam_138,50,256,1.457,4765.1162109375,3076.9736328125,2850.531494140625,0.58834843076556,0.7
2026-09-04 13:29:21,multi_repeat_random_states.py,"(1021, 9)",306,sequential_138,Dense 64 -> 16 -> 32 -> 64 -> 64 -> 32 -> 1,mse,adam_138,50,256,1.4118,3161.404541015625,3207.0009765625,2740.043701171875,0.5283554796909082,0.7
2026-09-04 13:29:22,multi_repeat_random_states.py,"(1021, 9)",474,sequential_138,Dense 64 -> 16 -> 32 -> 64 -> 64 -> 32 -> 1,mse,adam_138,50,256,2.3646,27427.080078125,3546.33154296875,3531.609375,0.45480328767238387,0.7
2026-09-04 13:29:22,multi_repeat_random_states.py,"(1021, 9)",390,sequential_138,Dense 64 -> 16 -> 32 -> 64 -> 64 -> 32 -> 1,mse,adam_138,50,256,1.4301,3015.43603515625,3274.410888671875,4143.16259765625,0.40167665330099755,0.7
2026-09-04 13:29:23,multi_repeat_random_states.py,"(1021, 9)",474,sequential_138,Dense 64 -> 16 -> 32 -> 64 -> 64 -> 32 -> 1,mse,adam_138,50,256,1.3773,3349.037841796875,2789.705078125,3136.607421875,0.5157822333295943,0.7
2026-09-04 13:29:24,multi_repeat_random_states.py,"(1021, 9)",307,sequential_139,Dense 64 -> 16 -> 32 -> 64 -> 64 -> 32 -> 1,mse,adam_139,50,256,2.255,34646.86328125,3344.19140625,3161.148681640625,0.5061916218459821,0.7
2026-09-04 13:29:25,multi_repeat_random_states.py,"(1021, 9)",474,sequential_138,Dense 64 -> 16 -> 32 -> 64 -> 64 -> 32 -> 1,mse,adam_138,50,256,1.405,2800.802734375,3013.71044921875,3040.1982421875,0.5306655110693466,0.7
2026-09-04 13:29:25,multi_repeat_random_states.py,"(1021, 9)",391,sequential_139,Dense 64 -> 16 -> 32 -> 64 -> 64 -> 32 -> 1,mse,adam_139,50,256,2.2976,33790.7421875,3603.02685546875,3876.99560546875,0.3699248576662063,0.7
2026-09-04 13:29:25,multi_repeat_random_states.py,"(1021, 9)",307,sequential_139,Dense 64 -> 16 -> 32 -> 64 -> 64 -> 32 -> 1,mse,adam_139,50,256,1.4078,3253.12109375,3103.568359375,2778.9560546875,0.5658945184854471,0.7
2026-09-04 13:29:26,multi_repeat_random_states.py,"(1021, 9)",391,sequential_139,Dense 64 -> 16 -> 32 -> 64 -> 64 -> 32 -> 1,mse,adam_139,50,256,1.42,3437.121826171875,2916.94921875,2783.343505859375,0.5476612545316367,0.7
2026-09-04 13:29:27,multi_repeat_random_states.py,"(1021, 9)",307,sequential_139,Dense 64 -> 16 -> 32 -> 64 -> 64 -> 32 -> 1,mse,adam_139,50,256,1.4742,3059.49462890625,3336.356689453125,3300.554443359375,0.48441482158576066,0.7
2026-09-04 13:29:27,multi_repeat_random_states.py,"(1021, 9)",475,sequential_139,Dense 64 -> 16 -> 32 -> 64 -> 64 -> 32 -> 1,mse,adam_139,50,256,2.3257,74141.5859375,5538.7431640625,5572.5517578125,0.1814304541763433,0.7
2026-09-04 13:29:28,multi_repeat_random_states.py,"(1021, 9)",391,sequential_139,Dense 64 -> 16 -> 32 -> 64 -> 64 -> 32 -> 1,mse,adam_139,50,256,1.4671,2928.1533203125,3073.15185546875,4113.10791015625,0.3315527181759793,0.7
2026-09-04 13:29:29,multi_repeat_random_states.py,"(1021, 9)",475,sequential_139,Dense 64 -> 16 -> 32 -> 64 -> 64 -> 32 -> 1,mse,adam_139,50,256,1.4878,5495.02294921875,2806.20947265625,2947.039306640625,0.5671001782935474,0.7
2026-09-04 13:29:30,multi_repeat_random_states.py,"(1021, 9)",308,sequential_140,Dense 64 -> 16 -> 32 -> 64 -> 64 -> 32 -> 1,mse,adam_140,50,256,2.4101,53576.0546875,3775.686279296875,3421.1484375,0.44762389044690354,0.7
2026-09-04 13:29:31,multi_repeat_random_states.py,"(1021, 9)",475,sequential_139,Dense 64 -> 16 -> 32 -> 64 -> 64 -> 32 -> 1,mse,adam_139,50,256,1.5242,2789.39306640625,2797.639892578125,3033.943603515625,0.5543346129838049,0.7
2026-09-04 13:29:31,multi_repeat_random_states.py,"(1021, 9)",392,sequential_140,Dense 64 -> 16 -> 32 -> 64 -> 64 -> 32 -> 1,mse,adam_140,50,256,2.3697,42806.6015625,3607.135009765625,3339.67236328125,0.5284428313176546,0.7
2026-09-04 13:29:31,multi_repeat_random_states.py,"(1021, 9)",308,sequential_140,Dense 64 -> 16 -> 32 -> 64 -> 64 -> 32 -> 1,mse,adam_140,50,256,1.4596,3675.735107421875,3041.908935546875,3075.60107421875,0.5034156513206505,0.7
2026-09-04 13:29:32,multi_repeat_random_states.py,"(1021, 9)",392,sequential_140,Dense 64 -> 16 -> 32 -> 64 -> 64 -> 32 -> 1,mse,adam_140,50,256,1.5577,3500.262451171875,3026.45166015625,2854.814453125,0.5969040948623141,0.7
2026-09-04 13:29:33,multi_repeat_random_states.py,"(1021, 9)",308,sequential_140,Dense 64 -> 16 -> 32 -> 64 -> 64 -> 32 -> 1,mse,adam_140,50,256,1.5586,2848.275634765625,2835.063232421875,2800.897216796875,0.5477692182874332,0.7
2026-09-04 13:29:33,multi_repeat_random_states.py,"(1021, 9)",476,sequential_140,Dense 64 -> 16 -> 32 -> 64 -> 64 -> 32 -> 1,mse,adam_140,50,256,2.4507,37552.98046875,4110.00244140625,3853.891845703125,0.42853737076882914,0.7
2026-09-04 13:29:34,multi_repeat_random_states.py,"(1021, 9)",392,sequential_140,Dense 64 -> 16 -> 32 -> 64 -> 64 -> 32 -> 1,mse,adam_140,50,256,1.57,2952.777587890625,2832.82080078125,2833.0234375,0.599980999650517,0.7
2026-09-04 13:29:35,multi_repeat_random_states.py,"(1021, 9)",476,sequential_140,Dense 64 -> 16 -> 32 -> 64 -> 64 -> 32 -> 1,mse,adam_140,50,256,1.4971,3969.237060546875,3173.4130859375,2854.029052734375,0.5767989492674854,0.7
2026-09-04 13:29:35,multi_repeat_random_states.py,"(1021, 9)",309,sequential_141,Dense 64 -> 16 -> 32 -> 64 -> 64 -> 32 -> 1,mse,adam_141,50,256,2.3951,54136.453125,3840.325927734375,2913.31787109375,0.5184788686828372,0.7
2026-09-04 13:29:37,multi_repeat_random_states.py,"(1021, 9)",476,sequential_140,Dense 64 -> 16 -> 32 -> 64 -> 64 -> 32 -> 1,mse,adam_140,50,256,1.4878,2935.65869140625,3048.76416015625,3163.8837890625,0.5308530484185339,0.7
2026-09-04 13:29:37,multi_repeat_random_states.py,"(1021, 9)",393,sequential_141,Dense 64 -> 16 -> 32 -> 64 -> 64 -> 32 -> 1,mse,adam_141,50,256,2.4204,49800.69921875,4316.22705078125,4017.165771484375,0.39034415185884663,0.7
2026-09-04 13:29:37,multi_repeat_random_states.py,"(1021, 9)",309,sequential_141,Dense 64 -> 16 -> 32 -> 64 -> 64 -> 32 -> 1,mse,adam_141,50,256,1.4796,3682.385986328125,3156.91748046875,2755.428955078125,0.5445752115121899,0.7
2026-09-04 13:29:38,multi_repeat_random_states.py,"(1021, 9)",393,sequential_141,Dense 64 -> 16 -> 32 -> 64 -> 64 -> 32 -> 1,mse,adam_141,50,256,1.4135,4177.62451171875,3084.5224609375,2720.79345703125,0.5870850524688231,0.7
2026-09-04 13:29:39,multi_repeat_random_states.py,"(1021, 9)",309,sequential_141,Dense 64 -> 16 -> 32 -> 64 -> 64 -> 32 -> 1,mse,adam_141,50,256,1.4404,3263.812744140625,3107.11669921875,2692.951416015625,0.5549016120868105,0.7
2026-09-04 13:29:39,multi_repeat_random_states.py,"(1021, 9)",477,sequential_141,Dense 64 -> 16 -> 32 -> 64 -> 64 -> 32 -> 1,mse,adam_141,50,256,2.2796,18739.849609375,3236.8642578125,3117.725341796875,0.5131362406243122,0.7
2026-09-04 13:29:40,multi_repeat_random_states.py,"(1021, 9)",393,sequential_141,Dense 64 -> 16 -> 32 -> 64 -> 64 -> 32 -> 1,mse,adam_141,50,256,1.4449,3129.4853515625,2947.10791015625,2665.31103515625,0.595505223622719,0.7
2026-09-04 13:29:41,multi_repeat_random_states.py,"(1021, 9)",477,sequential_141,Dense 64 -> 16 -> 32 -> 64 -> 64 -> 32 -> 1,mse,adam_141,50,256,1.4628,3260.4189453125,2851.717041015625,2913.263671875,0.5450650306164375,0.7
2026-09-04 13:29:41,multi_repeat_random_states.py,"(1021, 9)",310,sequential_142,Dense 64 -> 16 -> 32 -> 64 -> 64 -> 32 -> 1,mse,adam_142,50,256,2.2902,40633.703125,5068.82666015625,4813.640625,0.2698557267928944,0.7
2026-09-04 13:29:42,multi_repeat_random_states.py,"(1021, 9)",477,sequential_141,Dense 64 -> 16 -> 32 -> 64 -> 64 -> 32 -> 1,mse,adam_141,50,256,1.4322,2864.742919921875,2841.401123046875,2984.171142578125,0.5339920764380888,0.7
2026-09-04 13:29:42,multi_repeat_random_states.py,"(1021, 9)",394,sequential_142,Dense 64 -> 16 -> 32 -> 64 -> 64 -> 32 -> 1,mse,adam_142,50,256,2.2804,70655.296875,5284.38916015625,4905.533203125,0.24782186197262435,0.7
2026-09-04 13:29:43,multi_repeat_random_states.py,"(1021, 9)",310,sequential_142,Dense 64 -> 16 -> 32 -> 64 -> 64 -> 32 -> 1,mse,adam_142,50,256,1.4145,4948.7109375,2932.234619140625,2701.4375,0.5902395793316701,0.7
2026-09-04 13:29:44,multi_repeat_random_states.py,"(1021, 9)",394,sequential_142,Dense 64 -> 16 -> 32 -> 64 -> 64 -> 32 -> 1,mse,adam_142,50,256,1.3891,5076.82421875,2989.868896484375,3236.108154296875,0.5037990175821198,0.7
2026-09-04 13:29:44,multi_repeat_random_states.py,"(1021, 9)",310,sequential_142,Dense 64 -> 16 -> 32 -> 64 -> 64 -> 32 -> 1,mse,adam_142,50,256,1.4092,3011.712158203125,3241.46240234375,3702.0302734375,0.4384673416493883,0.7
2026-09-04 13:29:45,multi_repeat_random_states.py,"(1021, 9)",478,sequential_142,Dense 64 -> 16 -> 32 -> 64 -> 64 -> 32 -> 1,mse,adam_142,50,256,2.2441,17231.330078125,3612.26708984375,2723.4990234375,0.5763541931583642,0.7
2026-09-04 13:29:45,multi_repeat_random_states.py,"(1021, 9)",394,sequential_142,Dense 64 -> 16 -> 32 -> 64 -> 64 -> 32 -> 1,mse,adam_142,50,256,1.3936,3050.947509765625,3119.884521484375,2792.41845703125,0.5718311599802604,0.7
2026-09-04 13:29:46,multi_repeat_random_states.py,"(1021, 9)",478,sequential_142,Dense 64 -> 16 -> 32 -> 64 -> 64 -> 32 -> 1,mse,adam_142,50,256,1.3912,3208.07373046875,3047.54248046875,2812.228271484375,0.562552252928865,0.7
2026-09-04 13:29:47,multi_repeat_random_states.py,"(1021, 9)",311,sequential_143,Dense 64 -> 16 -> 32 -> 64 -> 64 -> 32 -> 1,mse,adam_143,50,256,2.2456,146888.875,5760.17431640625,5552.318359375,0.14001731231583292,0.7
2026-09-04 13:29:48,multi_repeat_random_states.py,"(1021, 9)",478,sequential_142,Dense 64 -> 16 -> 32 -> 64 -> 64 -> 32 -> 1,mse,adam_142,50,256,1.4692,3041.452392578125,3120.282958984375,2642.7158203125,0.5889202462472918,0.7
2026-09-04 13:29:48,multi_repeat_random_states.py,"(1021, 9)",395,sequential_143,Dense 64 -> 16 -> 32 -> 64 -> 64 -> 32 -> 1,mse,adam_143,50,256,2.2823,21129.84765625,3085.234619140625,3013.016845703125,0.5743643340371489,0.7
2026-09-04 13:29:48,multi_repeat_random_states.py,"(1021, 9)",311,sequential_143,Dense 64 -> 16 -> 32 -> 64 -> 64 -> 32 -> 1,mse,adam_143,50,256,1.4765,5712.23193359375,2995.929443359375,3179.815185546875,0.5074875826112212,0.7
2026-09-04 13:29:49,multi_repeat_random_states.py,"(1021, 9)",395,sequential_143,Dense 64 -> 16 -> 32 -> 64 -> 64 -> 32 -> 1,mse,adam_143,50,256,1.4103,3078.96337890625,2968.260986328125,3194.59912109375,0.5487130677059544,0.7
2026-09-04 13:29:50,multi_repeat_random_states.py,"(1021, 9)",311,sequential_143,Dense 64 -> 16 -> 32 -> 64 -> 64 -> 32 -> 1,mse,adam_143,50,256,1.3987,3073.66552734375,2864.748291015625,2978.077392578125,0.5387341803546881,0.7
2026-09-04 13:29:50,multi_repeat_random_states.py,"(1021, 9)",479,sequential_143,Dense 64 -> 16 -> 32 -> 64 -> 64 -> 32 -> 1,mse,adam_143,50,256,2.2911,82980.625,5026.52880859375,5723.36865234375,0.2231313057819897,0.7
2026-09-04 13:29:51,multi_repeat_random_states.py,"(1021, 9)",395,sequential_143,Dense 64 -> 16 -> 32 -> 64 -> 64 -> 32 -> 1,mse,adam_143,50,256,1.4023,2979.102783203125,2837.10205078125,3001.787109375,0.5759507393455039,0.7
2026-09-04 13:29:52,multi_repeat_random_states.py,"(1021, 9)",479,sequential_143,Dense 64 -> 16 -> 32 -> 64 -> 64 -> 32 -> 1,mse,adam_143,50,256,1.4378,4988.6435546875,2885.82275390625,3203.73583984375,0.5651369096303457,0.7
2026-09-04 13:29:52,multi_repeat_random_states.py,"(1021, 9)",312,sequential_144,Dense 64 -> 16 -> 32 -> 64 -> 64 -> 32 -> 1,mse,adam_144,50,256,2.2383,106144.7890625,5509.66357421875,5708.1005859375,0.19166749316076914,0.7
2026-09-04 13:29:53,multi_repeat_random_states.py,"(1021, 9)",479,sequential_143,Dense 64 -> 16 -> 32 -> 64 -> 64 -> 32 -> 1,mse,adam_143,50,256,1.409,2783.90234375,2710.97802734375,3104.826416015625,0.5785624483965162,0.7
2026-09-04 13:29:53,multi_repeat_random_states.py,"(1021, 9)",396,sequential_144,Dense 64 -> 16 -> 32 -> 64 -> 64 -> 32 -> 1,mse,adam_144,50,256,2.3475,70763.6328125,4669.1328125,4372.06201171875,0.36919768262097263,0.7
2026-09-04 13:29:54,multi_repeat_random_states.py,"(1021, 9)",312,sequential_144,Dense 64 -> 16 -> 32 -> 64 -> 64 -> 32 -> 1,mse,adam_144,50,256,1.4122,5469.66845703125,3022.554443359375,3653.16259765625,0.48267028501166465,0.7
2026-09-04 13:29:55,multi_repeat_random_states.py,"(1021, 9)",396,sequential_144,Dense 64 -> 16 -> 32 -> 64 -> 64 -> 32 -> 1,mse,adam_144,50,256,1.4281,4645.5126953125,3142.6787109375,2756.807373046875,0.6022470759887893,0.7
2026-09-04 13:29:55,multi_repeat_random_states.py,"(1021, 9)",312,sequential_144,Dense 64 -> 16 -> 32 -> 64 -> 64 -> 32 -> 1,mse,adam_144,50,256,1.4451,3228.362548828125,3003.638916015625,2831.03173828125,0.5990934625741473,0.7
2026-09-04 13:29:56,multi_repeat_random_states.py,"(1021, 9)",480,sequential_144,Dense 64 -> 16 -> 32 -> 64 -> 64 -> 32 -> 1,mse,adam_144,50,256,2.2625,30711.220703125,4038.751953125,4184.91015625,0.40872787206639016,0.7
2026-09-04 13:29:56,multi_repeat_random_states.py,"(1021, 9)",396,sequential_144,Dense 64 -> 16 -> 32 -> 64 -> 64 -> 32 -> 1,mse,adam_144,50,256,1.3793,3234.686767578125,3154.1259765625,2834.575439453125,0.5910267419905165,0.7
2026-09-04 13:29:57,multi_repeat_random_states.py,"(1021, 9)",480,sequential_144,Dense 64 -> 16 -> 32 -> 64 -> 64 -> 32 -> 1,mse,adam_144,50,256,1.4266,3929.030517578125,3265.911376953125,3507.205810546875,0.5044784967260199,0.7
2026-09-04 13:29:58,multi_repeat_random_states.py,"(1021, 9)",313,sequential_145,Dense 64 -> 16 -> 32 -> 64 -> 64 -> 32 -> 1,mse,adam_145,50,256,2.2512,33820.328125,3792.3232421875,3847.58935546875,0.4698828687147276,0.7
2026-09-04 13:29:59,multi_repeat_random_states.py,"(1021, 9)",480,sequential_144,Dense 64 -> 16 -> 32 -> 64 -> 64 -> 32 -> 1,mse,adam_144,50,256,1.4094,2978.649169921875,2769.798583984375,3043.988525390625,0.5699249234866994,0.7
2026-09-04 13:29:59,multi_repeat_random_states.py,"(1021, 9)",397,sequential_145,Dense 64 -> 16 -> 32 -> 64 -> 64 -> 32 -> 1,mse,adam_145,50,256,2.2566,23791.36328125,3700.5693359375,4292.0322265625,0.3670568775331482,0.7
2026-09-04 13:29:59,multi_repeat_random_states.py,"(1021, 9)",313,sequential_145,Dense 64 -> 16 -> 32 -> 64 -> 64 -> 32 -> 1,mse,adam_145,50,256,1.3824,3429.277587890625,2902.0205078125,3139.6728515625,0.5674188798586312,0.7
2026-09-04 13:30:00,multi_repeat_random_states.py,"(1021, 9)",397,sequential_145,Dense 64 -> 16 -> 32 -> 64 -> 64 -> 32 -> 1,mse,adam_145,50,256,1.401,4237.38330078125,2764.013671875,3180.953125,0.5309069688435024,0.7
2026-09-04 13:30:01,multi_repeat_random_states.py,"(1021, 9)",313,sequential_145,Dense 64 -> 16 -> 32 -> 64 -> 64 -> 32 -> 1,mse,adam_145,50,256,1.4086,3119.801025390625,3058.928955078125,3027.056396484375,0.5829350616030622,0.7
2026-09-04 13:30:01,multi_repeat_random_states.py,"(1021, 9)",481,sequential_145,Dense 64 -> 16 -> 32 -> 64 -> 64 -> 32 -> 1,mse,adam_145,50,256,2.2457,34467.62890625,5120.52978515625,5155.97314453125,0.2752155946376008,0.7
2026-09-04 13:30:02,multi_repeat_random_states.py,"(1021, 9)",397,sequential_145,Dense 64 -> 16 -> 32 -> 64 -> 64 -> 32 -> 1,mse,adam_145,50,256,1.4107,2744.921630859375,2733.179443359375,3191.74365234375,0.5293157048415461,0.7
2026-09-04 13:30:03,multi_repeat_random_states.py,"(1021, 9)",481,sequential_145,Dense 64 -> 16 -> 32 -> 64 -> 64 -> 32 -> 1,mse,adam_145,50,256,1.4121,5068.18896484375,3010.744140625,2765.50390625,0.6112481333604214,0.7
2026-09-04 13:30:03,multi_repeat_random_states.py,"(1021, 9)",314,sequential_146,Dense 64 -> 16 -> 32 -> 64 -> 64 -> 32 -> 1,mse,adam_146,50,256,2.2385,55024.97265625,4887.87255859375,4394.38232421875,0.2796707758327168,0.7
2026-09-04 13:30:04,multi_repeat_random_states.py,"(1021, 9)",481,sequential_145,Dense 64 -> 16 -> 32 -> 64 -> 64 -> 32 -> 1,mse,adam_145,50,256,1.41,3040.00927734375,3260.811767578125,3117.814453125,0.5617232033869429,0.7
2026-09-04 13:30:04,multi_repeat_random_states.py,"(1021, 9)",398,sequential_146,Dense 64 -> 16 -> 32 -> 64 -> 64 -> 32 -> 1,mse,adam_146,50,256,2.2261,45343.59765625,5191.24658203125,4920.79150390625,0.2823010747615874,0.7
2026-09-04 13:30:05,multi_repeat_random_states.py,"(1021, 9)",314,sequential_146,Dense 64 -> 16 -> 32 -> 64 -> 64 -> 32 -> 1,mse,adam_146,50,256,1.394,4730.22607421875,3059.294921875,2424.299560546875,0.6026077092468972,0.7
2026-09-04 13:30:06,multi_repeat_random_states.py,"(1021, 9)",398,sequential_146,Dense 64 -> 16 -> 32 -> 64 -> 64 -> 32 -> 1,mse,adam_146,50,256,1.393,5109.0166015625,3067.416748046875,3140.940673828125,0.541892850349255,0.7
2026-09-04 13:30:06,multi_repeat_random_states.py,"(1021, 9)",314,sequential_146,Dense 64 -> 16 -> 32 -> 64 -> 64 -> 32 -> 1,mse,adam_146,50,256,1.3961,3078.49365234375,3380.88623046875,2404.465087890625,0.6058589029395045,0.7
2026-09-04 13:30:07,multi_repeat_random_states.py,"(1021, 9)",482,sequential_146,Dense 64 -> 16 -> 32 -> 64 -> 64 -> 32 -> 1,mse,adam_146,50,256,2.2843,35413.13671875,3572.076171875,3539.218017578125,0.5263935709539498,0.7
2026-09-04 13:30:07,multi_repeat_random_states.py,"(1021, 9)",398,sequential_146,Dense 64 -> 16 -> 32 -> 64 -> 64 -> 32 -> 1,mse,adam_146,50,256,1.4103,3046.4658203125,2932.716796875,3168.7568359375,0.5378358543411947,0.7
2026-09-04 13:30:08,multi_repeat_random_states.py,"(1021, 9)",482,sequential_146,Dense 64 -> 16 -> 32 -> 64 -> 64 -> 32 -> 1,mse,adam_146,50,256,1.3956,3500.168701171875,3488.49072265625,4570.2724609375,0.3884213140640945,0.7
2026-09-04 13:30:09,multi_repeat_random_states.py,"(1021, 9)",315,sequential_147,Dense 64 -> 16 -> 32 -> 64 -> 64 -> 32 -> 1,mse,adam_147,50,256,2.2788,81961.203125,5108.43603515625,5232.54443359375,0.23984031179654985,0.7
2026-09-04 13:30:10,multi_repeat_random_states.py,"(1021, 9)",482,sequential_146,Dense 64 -> 16 -> 32 -> 64 -> 64 -> 32 -> 1,mse,adam_146,50,256,1.4053,3401.268310546875,2968.541015625,3099.12109375,0.5852859273650752,0.7
2026-09-04 13:30:10,multi_repeat_random_states.py,"(1021, 9)",399,sequential_147,Dense 64 -> 16 -> 32 -> 64 -> 64 -> 32 -> 1,mse,adam_147,50,256,2.302,58682.70703125,4032.711181640625,4418.146484375,0.3868474589546531,0.7
2026-09-04 13:30:10,multi_repeat_random_states.py,"(1021, 9)",315,sequential_147,Dense 64 -> 16 -> 32 -> 64 -> 64 -> 32 -> 1,mse,adam_147,50,256,1.384,5027.583984375,3238.88330078125,3156.211181640625,0.541480439765224,0.7
2026-09-04 13:30:11,multi_repeat_random_states.py,"(1021, 9)",399,sequential_147,Dense 64 -> 16 -> 32 -> 64 -> 64 -> 32 -> 1,mse,adam_147,50,256,1.3908,4096.15869140625,2927.0615234375,3631.668701171875,0.49599530519758506,0.7
2026-09-04 13:30:12,multi_repeat_random_states.py,"(1021, 9)",315,sequential_147,Dense 64 -> 16 -> 32 -> 64 -> 64 -> 32 -> 1,mse,adam_147,50,256,1.3946,2982.876220703125,2912.703857421875,2999.432861328125,0.5642564530554268,0.7
2026-09-04 13:30:12,multi_repeat_random_states.py,"(1021, 9)",483,sequential_147,Dense 64 -> 16 -> 32 -> 64 -> 64 -> 32 -> 1,mse,adam_147,50,256,2.2435,28946.76953125,3415.98193359375,3036.897216796875,0.5442486238747458,0.7
2026-09-04 13:30:13,multi_repeat_random_states.py,"(1021, 9)",399,sequential_147,Dense 64 -> 16 -> 32 -> 64 -> 64 -> 32 -> 1,mse,adam_147,50,256,1.4182,2887.0341796875,2846.768310546875,3216.233154296875,0.5536496146070443,0.7
2026-09-04 13:30:14,multi_repeat_random_states.py,"(1021, 9)",483,sequential_147,Dense 64 -> 16 -> 32 -> 64 -> 64 -> 32 -> 1,mse,adam_147,50,256,1.3945,3530.494140625,3132.612060546875,2632.983642578125,0.604864496492008,0.7
2026-09-04 13:30:14,multi_repeat_random_states.py,"(1021, 9)",316,sequential_148,Dense 64 -> 16 -> 32 -> 64 -> 64 -> 32 -> 1,mse,adam_148,50,256,2.2497,82995.7578125,5518.09716796875,5456.927734375,0.192963153385306,0.7
2026-09-04 13:30:15,multi_repeat_random_states.py,"(1021, 9)",483,sequential_147,Dense 64 -> 16 -> 32 -> 64 -> 64 -> 32 -> 1,mse,adam_147,50,256,1.4002,3169.2841796875,3377.33984375,3200.411865234375,0.5197096866804272,0.7
2026-09-04 13:30:15,multi_repeat_random_states.py,"(1021, 9)",400,sequential_148,Dense 64 -> 16 -> 32 -> 64 -> 64 -> 32 -> 1,mse,adam_148,50,256,2.2474,18900.892578125,3616.913330078125,4029.726318359375,0.42132220427831,0.7
2026-09-04 13:30:16,multi_repeat_random_states.py,"(1021, 9)",316,sequential_148,Dense 64 -> 16 -> 32 -> 64 -> 64 -> 32 -> 1,mse,adam_148,50,256,1.4081,5455.6103515625,3021.306640625,3419.658203125,0.4942592924194389,0.7
2026-09-04 13:30:17,multi_repeat_random_states.py,"(1021, 9)",400,sequential_148,Dense 64 -> 16 -> 32 -> 64 -> 64 -> 32 -> 1,mse,adam_148,50,256,1.4076,3711.118408203125,2933.456787109375,3072.6435546875,0.5587614318858327,0.7
2026-09-04 13:30:17,multi_repeat_random_states.py,"(1021, 9)",316,sequential_148,Dense 64 -> 16 -> 32 -> 64 -> 64 -> 32 -> 1,mse,adam_148,50,256,1.4207,3013.64501953125,2791.41796875,3284.283447265625,0.5142801532454371,0.7
2026-09-04 13:30:18,multi_repeat_random_states.py,"(1021, 9)",484,sequential_148,Dense 64 -> 16 -> 32 -> 64 -> 64 -> 32 -> 1,mse,adam_148,50,256,2.2458,91451.7578125,5890.40380859375,5830.353515625,0.09305601659505802,0.7
2026-09-04 13:30:18,multi_repeat_random_states.py,"(1021, 9)",400,sequential_148,Dense 64 -> 16 -> 32 -> 64 -> 64 -> 32 -> 1,mse,adam_148,50,256,1.4057,2760.831298828125,2737.62890625,3071.415771484375,0.5589377421181614,0.7
2026-09-04 13:30:19,multi_repeat_random_states.py,"(1021, 9)",484,sequential_148,Dense 64 -> 16 -> 32 -> 64 -> 64 -> 32 -> 1,mse,adam_148,50,256,1.398,5862.91748046875,3536.738525390625,3387.779296875,0.47301195933051177,0.7
2026-09-04 13:30:20,multi_repeat_random_states.py,"(1021, 9)",317,sequential_149,Dense 64 -> 16 -> 32 -> 64 -> 64 -> 32 -> 1,mse,adam_149,50,256,2.2404,30822.81640625,4145.81298828125,4212.005859375,0.3877362183647378,0.7
2026-09-04 13:30:21,multi_repeat_random_states.py,"(1021, 9)",484,sequential_148,Dense 64 -> 16 -> 32 -> 64 -> 64 -> 32 -> 1,mse,adam_148,50,256,1.406,3163.4501953125,2930.2080078125,2739.0771484375,0.5739211993903783,0.7
2026-09-04 13:30:21,multi_repeat_random_states.py,"(1021, 9)",401,sequential_149,Dense 64 -> 16 -> 32 -> 64 -> 64 -> 32 -> 1,mse,adam_149,50,256,2.2565,41833.484375,4644.724609375,4428.6318359375,0.3498264905369012,0.7
2026-09-04 13:30:21,multi_repeat_random_states.py,"(1021, 9)",317,sequential_149,Dense 64 -> 16 -> 32 -> 64 -> 64 -> 32 -> 1,mse,adam_149,50,256,1.4323,4110.42041015625,3284.085693359375,2993.896240234375,0.5648025571940816,0.7
2026-09-04 13:30:23,multi_repeat_random_states.py,"(1021, 9)",401,sequential_149,Dense 64 -> 16 -> 32 -> 64 -> 64 -> 32 -> 1,mse,adam_149,50,256,1.4905,4556.49658203125,3037.405517578125,2730.939208984375,0.5990671034693109,0.7
2026-09-04 13:30:23,multi_repeat_random_states.py,"(1021, 9)",317,sequential_149,Dense 64 -> 16 -> 32 -> 64 -> 64 -> 32 -> 1,mse,adam_149,50,256,1.5031,3298.058837890625,3022.72412109375,2754.490478515625,0.5996028923969433,0.7
2026-09-04 13:30:23,multi_repeat_random_states.py,"(1021, 9)",485,sequential_149,Dense 64 -> 16 -> 32 -> 64 -> 64 -> 32 -> 1,mse,adam_149,50,256,2.2758,44104.515625,4126.44970703125,4524.638671875,0.37778154299469346,0.7
2026-09-04 13:30:24,multi_repeat_random_states.py,"(1021, 9)",401,sequential_149,Dense 64 -> 16 -> 32 -> 64 -> 64 -> 32 -> 1,mse,adam_149,50,256,1.3924,3061.945556640625,3083.594970703125,3332.38134765625,0.5107685317374662,0.7
2026-09-04 13:30:25,multi_repeat_random_states.py,"(1021, 9)",485,sequential_149,Dense 64 -> 16 -> 32 -> 64 -> 64 -> 32 -> 1,mse,adam_149,50,256,1.388,3938.664794921875,2734.09765625,3212.68359375,0.5581987043551389,0.7
2026-09-04 13:30:25,multi_repeat_random_states.py,"(1021, 9)",318,sequential_150,Dense 64 -> 16 -> 32 -> 64 -> 64 -> 32 -> 1,mse,adam_150,50,256,2.2218,25361.5703125,4303.23583984375,4413.01123046875,0.33913475059049314,0.7
2026-09-04 13:30:26,multi_repeat_random_states.py,"(1021, 9)",485,sequential_149,Dense 64 -> 16 -> 32 -> 64 -> 64 -> 32 -> 1,mse,adam_149,50,256,1.4407,2704.6748046875,3026.535400390625,3512.964111328125,0.5169047567713567,0.7
2026-09-04 13:30:27,multi_repeat_random_states.py,"(1021, 9)",402,sequential_150,Dense 64 -> 16 -> 32 -> 64 -> 64 -> 32 -> 1,mse,adam_150,50,256,2.2543,34408.42578125,5063.4775390625,5725.68701171875,0.23983050688653784,0.7
2026-09-04 13:30:27,multi_repeat_random_states.py,"(1021, 9)",318,sequential_150,Dense 64 -> 16 -> 32 -> 64 -> 64 -> 32 -> 1,mse,adam_150,50,256,1.4118,4586.93359375,3406.19677734375,2895.126953125,0.566443717349302,0.7
2026-09-04 13:30:28,multi_repeat_random_states.py,"(1021, 9)",402,sequential_150,Dense 64 -> 16 -> 32 -> 64 -> 64 -> 32 -> 1,mse,adam_150,50,256,1.474,4735.73388671875,3054.3017578125,3154.017333984375,0.5812577330819939,0.7
2026-09-04 13:30:28,multi_repeat_random_states.py,"(1021, 9)",318,sequential_150,Dense 64 -> 16 -> 32 -> 64 -> 64 -> 32 -> 1,mse,adam_150,50,256,1.4247,3321.556396484375,2964.4912109375,2475.731201171875,0.6292498304707846,0.7
2026-09-04 13:30:29,multi_repeat_random_states.py,"(1021, 9)",486,sequential_150,Dense 64 -> 16 -> 32 -> 64 -> 64 -> 32 -> 1,mse,adam_150,50,256,2.2971,109834.1015625,5791.07470703125,5674.04833984375,0.16566400849613327,0.7
2026-09-04 13:30:30,multi_repeat_random_states.py,"(1021, 9)",402,sequential_150,Dense 64 -> 16 -> 32 -> 64 -> 64 -> 32 -> 1,mse,adam_150,50,256,1.4124,3240.457763671875,2841.618896484375,3628.47119140625,0.5182669434943039,0.7
2026-09-04 13:30:30,multi_repeat_random_states.py,"(1021, 9)",486,sequential_150,Dense 64 -> 16 -> 32 -> 64 -> 64 -> 32 -> 1,mse,adam_150,50,256,1.4444,5787.46337890625,3241.797119140625,2933.75048828125,0.5686089539649826,0.7
2026-09-04 13:30:31,multi_repeat_random_states.py,"(1021, 9)",319,sequential_151,Dense 64 -> 16 -> 32 -> 64 -> 64 -> 32 -> 1,mse,adam_151,50,256,2.2637,15761.173828125,3136.17822265625,3579.8583984375,0.44225624854753,0.7
2026-09-04 13:30:32,multi_repeat_random_states.py,"(1021, 9)",486,sequential_150,Dense 64 -> 16 -> 32 -> 64 -> 64 -> 32 -> 1,mse,adam_150,50,256,1.3911,3205.421875,2961.19189453125,2632.10498046875,0.6129642220999392,0.7
2026-09-04 13:30:32,multi_repeat_random_states.py,"(1021, 9)",403,sequential_151,Dense 64 -> 16 -> 32 -> 64 -> 64 -> 32 -> 1,mse,adam_151,50,256,2.2909,63195.51953125,5185.0439453125,4899.45947265625,0.261413317484096,0.7
2026-09-04 13:30:32,multi_repeat_random_states.py,"(1021, 9)",319,sequential_151,Dense 64 -> 16 -> 32 -> 64 -> 64 -> 32 -> 1,mse,adam_151,50,256,1.4042,3272.7919921875,2972.860107421875,3149.900146484375,0.5092439676000455,0.7
2026-09-04 13:30:34,multi_repeat_random_states.py,"(1021, 9)",403,sequential_151,Dense 64 -> 16 -> 32 -> 64 -> 64 -> 32 -> 1,mse,adam_151,50,256,1.4682,5055.091796875,2911.24072265625,3114.428955078125,0.5305041883266901,0.7
2026-09-04 13:30:34,multi_repeat_random_states.py,"(1021, 9)",319,sequential_151,Dense 64 -> 16 -> 32 -> 64 -> 64 -> 32 -> 1,mse,adam_151,50,256,1.4243,2844.346435546875,2824.72607421875,2939.56884765625,0.5420137454304849,0.7
2026-09-04 13:30:35,multi_repeat_random_states.py,"(1021, 9)",487,sequential_151,Dense 64 -> 16 -> 32 -> 64 -> 64 -> 32 -> 1,mse,adam_151,50,256,2.2952,31618.90234375,3568.28076171875,3602.99658203125,0.5101144360075363,0.7
2026-09-04 13:30:35,multi_repeat_random_states.py,"(1021, 9)",403,sequential_151,Dense 64 -> 16 -> 32 -> 64 -> 64 -> 32 -> 1,mse,adam_151,50,256,1.4332,2806.724365234375,2866.05908203125,3379.614990234375,0.4905277196532811,0.7
2026-09-04 13:30:36,multi_repeat_random_states.py,"(1021, 9)",487,sequential_151,Dense 64 -> 16 -> 32 -> 64 -> 64 -> 32 -> 1,mse,adam_151,50,256,1.3902,3238.6123046875,3138.510498046875,3041.06689453125,0.5865178735320473,0.7
2026-09-04 13:30:36,multi_repeat_random_states.py,"(1021, 9)",320,sequential_152,Dense 64 -> 16 -> 32 -> 64 -> 64 -> 32 -> 1,mse,adam_152,50,256,2.2628,103751.0703125,5230.26416015625,5545.23388671875,0.23296134661907597,0.7
2026-09-04 13:30:38,multi_repeat_random_states.py,"(1021, 9)",487,sequential_151,Dense 64 -> 16 -> 32 -> 64 -> 64 -> 32 -> 1,mse,adam_151,50,256,1.4634,3070.14990234375,2829.933349609375,2977.645751953125,0.5951409139791579,0.7
2026-09-04 13:30:38,multi_repeat_random_states.py,"(1021, 9)",404,sequential_152,Dense 64 -> 16 -> 32 -> 64 -> 64 -> 32 -> 1,mse,adam_152,50,256,2.3142,142966.859375,6130.2666015625,5864.943359375,0.07270930904311401,0.7
2026-09-04 13:30:38,multi_repeat_random_states.py,"(1021, 9)",320,sequential_152,Dense 64 -> 16 -> 32 -> 64 -> 64 -> 32 -> 1,mse,adam_152,50,256,1.4943,5179.46337890625,3114.715576171875,3156.7353515625,0.5633479853820476,0.7
2026-09-04 13:30:40,multi_repeat_random_states.py,"(1021, 9)",404,sequential_152,Dense 64 -> 16 -> 32 -> 64 -> 64 -> 32 -> 1,mse,adam_152,50,256,1.5514,6107.919921875,3382.013671875,2985.26318359375,0.5280080359335211,0.7
2026-09-04 13:30:40,multi_repeat_random_states.py,"(1021, 9)",320,sequential_152,Dense 64 -> 16 -> 32 -> 64 -> 64 -> 32 -> 1,mse,adam_152,50,256,1.536,3105.1630859375,3063.406982421875,2856.331787109375,0.6049009410237258,0.7
2026-09-04 13:30:40,multi_repeat_random_states.py,"(1021, 9)",488,sequential_152,Dense 64 -> 16 -> 32 -> 64 -> 64 -> 32 -> 1,mse,adam_152,50,256,2.4179,32963.3828125,4390.3359375,4289.04931640625,0.3328271697116577,0.7
2026-09-04 13:30:41,multi_repeat_random_states.py,"(1021, 9)",404,sequential_152,Dense 64 -> 16 -> 32 -> 64 -> 64 -> 32 -> 1,mse,adam_152,50,256,1.4776,3365.84765625,2958.2978515625,2855.54052734375,0.5485181095889831,0.7
2026-09-04 13:30:42,multi_repeat_random_states.py,"(1021, 9)",488,sequential_152,Dense 64 -> 16 -> 32 -> 64 -> 64 -> 32 -> 1,mse,adam_152,50,256,1.4576,4350.78857421875,2994.359130859375,2664.02392578125,0.5856041218225172,0.7
2026-09-04 13:30:42,multi_repeat_random_states.py,"(1021, 9)",321,sequential_153,Dense 64 -> 16 -> 32 -> 64 -> 64 -> 32 -> 1,mse,adam_153,50,256,2.3221,73858.4375,4616.01513671875,4062.717529296875,0.38382885487921414,0.7
2026-09-04 13:30:43,multi_repeat_random_states.py,"(1021, 9)",488,sequential_152,Dense 64 -> 16 -> 32 -> 64 -> 64 -> 32 -> 1,mse,adam_152,50,256,1.4132,3216.905029296875,3164.07470703125,3795.7939453125,0.4095543655023839,0.7
2026-09-04 13:30:44,multi_repeat_random_states.py,"(1021, 9)",405,sequential_153,Dense 64 -> 16 -> 32 -> 64 -> 64 -> 32 -> 1,mse,adam_153,50,256,2.2811,47986.11328125,4513.33154296875,3959.78662109375,0.40512203255759915,0.7
2026-09-04 13:30:44,multi_repeat_random_states.py,"(1021, 9)",321,sequential_153,Dense 64 -> 16 -> 32 -> 64 -> 64 -> 32 -> 1,mse,adam_153,50,256,1.4102,4507.162109375,3681.447265625,2819.9599609375,0.5723114315545144,0.7
2026-09-04 13:30:45,multi_repeat_random_states.py,"(1021, 9)",405,sequential_153,Dense 64 -> 16 -> 32 -> 64 -> 64 -> 32 -> 1,mse,adam_153,50,256,1.4021,4333.1796875,2957.087890625,2767.425537109375,0.5842502021949756,0.7
2026-09-04 13:30:45,multi_repeat_random_states.py,"(1021, 9)",321,sequential_153,Dense 64 -> 16 -> 32 -> 64 -> 64 -> 32 -> 1,mse,adam_153,50,256,1.4134,3005.505615234375,2966.3076171875,2575.553466796875,0.6093792436451475,0.7
2026-09-04 13:30:46,multi_repeat_random_states.py,"(1021, 9)",489,sequential_153,Dense 64 -> 16 -> 32 -> 64 -> 64 -> 32 -> 1,mse,adam_153,50,256,2.3299,166004.28125,5546.90283203125,6484.27734375,0.11014450346068472,0.7
2026-09-04 13:30:47,multi_repeat_random_states.py,"(1021, 9)",405,sequential_153,Dense 64 -> 16 -> 32 -> 64 -> 64 -> 32 -> 1,mse,adam_153,50,256,1.4364,3015.5986328125,3080.001953125,3246.363037109375,0.5122995850783967,0.7
2026-09-04 13:30:48,multi_repeat_random_states.py,"(1021, 9)",489,sequential_153,Dense 64 -> 16 -> 32 -> 64 -> 64 -> 32 -> 1,mse,adam_153,50,256,1.4908,5534.61328125,3737.152587890625,4489.95263671875,0.3838313290877179,0.7
2026-09-04 13:30:49,multi_repeat_random_states.py,"(1021, 9)",322,sequential_154,Dense 64 -> 16 -> 32 -> 64 -> 64 -> 32 -> 1,mse,adam_154,50,256,2.4067,101319.2890625,5497.3984375,5046.8388671875,0.22752944500981453,0.7
2026-09-04 13:30:53,multi_repeat_random_states.py,"(1021, 9)",489,sequential_153,Dense 64 -> 16 -> 32 -> 64 -> 64 -> 32 -> 1,mse,adam_153,50,256,5.3266,3587.30712890625,2972.85107421875,4044.090576171875,0.44501820407197223,0.7
2026-09-04 13:30:55,multi_repeat_random_states.py,"(1021, 9)",406,sequential_154,Dense 64 -> 16 -> 32 -> 64 -> 64 -> 32 -> 1,mse,adam_154,50,256,7.1099,126417.734375,5498.12939453125,5319.88525390625,0.19510267963362682,0.7
2026-09-04 13:30:56,multi_repeat_random_states.py,"(1021, 9)",322,sequential_154,Dense 64 -> 16 -> 32 -> 64 -> 64 -> 32 -> 1,mse,adam_154,50,256,6.5563,5440.3193359375,3324.083251953125,3007.50439453125,0.5396705640702804,0.7
2026-09-04 13:30:58,multi_repeat_random_states.py,"(1021, 9)",406,sequential_154,Dense 64 -> 16 -> 32 -> 64 -> 64 -> 32 -> 1,mse,adam_154,50,256,3.3899,5446.85498046875,3145.9208984375,3287.06689453125,0.5026676419090204,0.7
2026-09-04 13:30:58,multi_repeat_random_states.py,"(1021, 9)",322,sequential_154,Dense 64 -> 16 -> 32 -> 64 -> 64 -> 32 -> 1,mse,adam_154,50,256,2.7663,3217.884521484375,2886.751708984375,2724.13818359375,0.5830426749507872,0.7
2026-09-04 13:30:59,multi_repeat_random_states.py,"(1021, 9)",490,sequential_154,Dense 64 -> 16 -> 32 -> 64 -> 64 -> 32 -> 1,mse,adam_154,50,256,5.194,94611.2109375,5011.37939453125,4318.87841796875,0.28274536726303134,0.7
2026-09-04 13:31:00,multi_repeat_random_states.py,"(1021, 9)",406,sequential_154,Dense 64 -> 16 -> 32 -> 64 -> 64 -> 32 -> 1,mse,adam_154,50,256,1.3988,3371.913330078125,3064.88818359375,3172.45068359375,0.520009011346803,0.7
2026-09-04 13:31:00,multi_repeat_random_states.py,"(1021, 9)",490,sequential_154,Dense 64 -> 16 -> 32 -> 64 -> 64 -> 32 -> 1,mse,adam_154,50,256,1.3974,4908.27734375,2997.962890625,2587.697509765625,0.5702500830835826,0.7
2026-09-04 13:31:01,multi_repeat_random_states.py,"(1021, 9)",323,sequential_155,Dense 64 -> 16 -> 32 -> 64 -> 64 -> 32 -> 1,mse,adam_155,50,256,2.2421,67387.5234375,5598.9140625,6492.00732421875,0.13935189402948367,0.7
2026-09-04 13:31:02,multi_repeat_random_states.py,"(1021, 9)",490,sequential_154,Dense 64 -> 16 -> 32 -> 64 -> 64 -> 32 -> 1,mse,adam_154,50,256,1.3889,3020.1923828125,3080.713623046875,2765.775634765625,0.5406758778322385,0.7
2026-09-04 13:31:02,multi_repeat_random_states.py,"(1021, 9)",407,sequential_155,Dense 64 -> 16 -> 32 -> 64 -> 64 -> 32 -> 1,mse,adam_155,50,256,2.2528,21563.828125,3754.028076171875,3975.23486328125,0.3731142508071691,0.7
2026-09-04 13:31:02,multi_repeat_random_states.py,"(1021, 9)",323,sequential_155,Dense 64 -> 16 -> 32 -> 64 -> 64 -> 32 -> 1,mse,adam_155,50,256,1.4029,5502.794921875,3057.305419921875,3397.18603515625,0.5496335998094346,0.7
2026-09-04 13:31:04,multi_repeat_random_states.py,"(1021, 9)",407,sequential_155,Dense 64 -> 16 -> 32 -> 64 -> 64 -> 32 -> 1,mse,adam_155,50,256,1.4274,3674.1416015625,3815.897705078125,3963.388427734375,0.3749825019321005,0.7
2026-09-04 13:31:04,multi_repeat_random_states.py,"(1021, 9)",323,sequential_155,Dense 64 -> 16 -> 32 -> 64 -> 64 -> 32 -> 1,mse,adam_155,50,256,1.3958,3066.423095703125,2784.96337890625,3079.081298828125,0.5918048440341677,0.7
2026-09-04 13:31:04,multi_repeat_random_states.py,"(1021, 9)",491,sequential_155,Dense 64 -> 16 -> 32 -> 64 -> 64 -> 32 -> 1,mse,adam_155,50,256,2.2572,41927.734375,3893.389892578125,4835.1748046875,0.37292068623899677,0.7
2026-09-04 13:31:05,multi_repeat_random_states.py,"(1021, 9)",407,sequential_155,Dense 64 -> 16 -> 32 -> 64 -> 64 -> 32 -> 1,mse,adam_155,50,256,1.3859,3474.730712890625,2981.49169921875,2953.1484375,0.5342950483230644,0.7
2026-09-04 13:31:06,multi_repeat_random_states.py,"(1021, 9)",491,sequential_155,Dense 64 -> 16 -> 32 -> 64 -> 64 -> 32 -> 1,mse,adam_155,50,256,1.3945,3773.589111328125,2774.158447265625,3325.21142578125,0.5687496063554226,0.7
2026-09-04 13:31:07,multi_repeat_random_states.py,"(1021, 9)",324,sequential_156,Dense 64 -> 16 -> 32 -> 64 -> 64 -> 32 -> 1,mse,adam_156,50,256,2.3138,142150.375,5575.76123046875,4674.6845703125,0.17055262186783038,0.7
2026-09-04 13:31:07,multi_repeat_random_states.py,"(1021, 9)",491,sequential_155,Dense 64 -> 16 -> 32 -> 64 -> 64 -> 32 -> 1,mse,adam_155,50,256,1.386,2737.854248046875,2945.002197265625,3869.07763671875,0.4982149138638582,0.7
2026-09-04 13:31:08,multi_repeat_random_states.py,"(1021, 9)",408,sequential_156,Dense 64 -> 16 -> 32 -> 64 -> 64 -> 32 -> 1,mse,adam_156,50,256,2.3173,63920.4609375,4516.87548828125,4624.2001953125,0.3461584518291285,0.7
2026-09-04 13:31:08,multi_repeat_random_states.py,"(1021, 9)",324,sequential_156,Dense 64 -> 16 -> 32 -> 64 -> 64 -> 32 -> 1,mse,adam_156,50,256,1.4077,5532.60107421875,3110.27294921875,2753.387451171875,0.5114557882356687,0.7
2026-09-04 13:31:09,multi_repeat_random_states.py,"(1021, 9)",408,sequential_156,Dense 64 -> 16 -> 32 -> 64 -> 64 -> 32 -> 1,mse,adam_156,50,256,1.4667,4356.3251953125,3047.266357421875,3576.60302734375,0.49428408573820415,0.7
2026-09-04 13:31:10,multi_repeat_random_states.py,"(1021, 9)",324,sequential_156,Dense 64 -> 16 -> 32 -> 64 -> 64 -> 32 -> 1,mse,adam_156,50,256,1.4787,3070.541015625,3171.810546875,2690.16259765625,0.522674108725387,0.7
2026-09-04 13:31:10,multi_repeat_random_states.py,"(1021, 9)",492,sequential_156,Dense 64 -> 16 -> 32 -> 64 -> 64 -> 32 -> 1,mse,adam_156,50,256,2.3221,42209.70703125,3727.23974609375,4150.4296875,0.4394163630992257,0.7
2026-09-04 13:31:11,multi_repeat_random_states.py,"(1021, 9)",408,sequential_156,Dense 64 -> 16 -> 32 -> 64 -> 64 -> 32 -> 1,mse,adam_156,50,256,1.4082,3090.65576171875,3160.764892578125,3497.962646484375,0.5054034990408185,0.7
2026-09-04 13:31:11,multi_repeat_random_states.py,"(1021, 9)",492,sequential_156,Dense 64 -> 16 -> 32 -> 64 -> 64 -> 32 -> 1,mse,adam_156,50,256,1.3964,3529.603759765625,2878.953369140625,3045.784912109375,0.5886167725553966,0.7
2026-09-04 13:31:12,multi_repeat_random_states.py,"(1021, 9)",325,sequential_157,Dense 64 -> 16 -> 32 -> 64 -> 64 -> 32 -> 1,mse,adam_157,50,256,2.2849,61971.9375,4387.373046875,4631.279296875,0.3645841248743782,0.7
2026-09-04 13:31:13,multi_repeat_random_states.py,"(1021, 9)",492,sequential_156,Dense 64 -> 16 -> 32 -> 64 -> 64 -> 32 -> 1,mse,adam_156,50,256,1.4747,2927.67138671875,2770.521484375,3104.8837890625,0.5806344857259111,0.7
2026-09-04 13:31:14,multi_repeat_random_states.py,"(1021, 9)",409,sequential_157,Dense 64 -> 16 -> 32 -> 64 -> 64 -> 32 -> 1,mse,adam_157,50,256,2.3375,202221.90625,5523.66064453125,5544.1904296875,0.14309202127044318,0.7
2026-09-04 13:31:14,multi_repeat_random_states.py,"(1021, 9)",325,sequential_157,Dense 64 -> 16 -> 32 -> 64 -> 64 -> 32 -> 1,mse,adam_157,50,256,1.4178,4349.7021484375,3085.559326171875,3620.119873046875,0.5033161467493423,0.7
2026-09-04 13:31:15,multi_repeat_random_states.py,"(1021, 9)",409,sequential_157,Dense 64 -> 16 -> 32 -> 64 -> 64 -> 32 -> 1,mse,adam_157,50,256,1.5078,5485.203125,2855.7529296875,3153.216064453125,0.5126401768932749,0.7
2026-09-04 13:31:15,multi_repeat_random_states.py,"(1021, 9)",325,sequential_157,Dense 64 -> 16 -> 32 -> 64 -> 64 -> 32 -> 1,mse,adam_157,50,256,1.5346,3173.949951171875,2893.198974609375,2939.77880859375,0.5966595073802007,0.7
2026-09-04 13:31:16,multi_repeat_random_states.py,"(1021, 9)",493,sequential_157,Dense 64 -> 16 -> 32 -> 64 -> 64 -> 32 -> 1,mse,adam_157,50,256,2.3498,15180.7392578125,3582.0400390625,2938.99169921875,0.5300479165111711,0.7
2026-09-04 13:31:17,multi_repeat_random_states.py,"(1021, 9)",409,sequential_157,Dense 64 -> 16 -> 32 -> 64 -> 64 -> 32 -> 1,mse,adam_157,50,256,1.5405,2841.1328125,2861.458740234375,3106.56689453125,0.5198502744836682,0.7
2026-09-04 13:31:17,multi_repeat_random_states.py,"(1021, 9)",493,sequential_157,Dense 64 -> 16 -> 32 -> 64 -> 64 -> 32 -> 1,mse,adam_157,50,256,1.4894,3481.558349609375,3233.216552734375,2807.053466796875,0.5511451570451154,0.7
2026-09-04 13:31:18,multi_repeat_random_states.py,"(1021, 9)",326,sequential_158,Dense 64 -> 16 -> 32 -> 64 -> 64 -> 32 -> 1,mse,adam_158,50,256,2.3981,92152.5703125,4769.3134765625,4770.0712890625,0.2957084947568678,0.7
2026-09-04 13:31:19,multi_repeat_random_states.py,"(1021, 9)",493,sequential_157,Dense 64 -> 16 -> 32 -> 64 -> 64 -> 32 -> 1,mse,adam_157,50,256,1.515,3127.839111328125,2944.51171875,2617.034423828125,0.5815296317628307,0.7
2026-09-04 13:31:19,multi_repeat_random_states.py,"(1021, 9)",410,sequential_158,Dense 64 -> 16 -> 32 -> 64 -> 64 -> 32 -> 1,mse,adam_158,50,256,2.3354,21110.3359375,2952.226806640625,2849.38134765625,0.5846169014801613,0.7
2026-09-04 13:31:20,multi_repeat_random_states.py,"(1021, 9)",326,sequential_158,Dense 64 -> 16 -> 32 -> 64 -> 64 -> 32 -> 1,mse,adam_158,50,256,1.4491,4669.5888671875,3009.451171875,2992.756591796875,0.5581254160707665,0.7
2026-09-04 13:31:21,multi_repeat_random_states.py,"(1021, 9)",410,sequential_158,Dense 64 -> 16 -> 32 -> 64 -> 64 -> 32 -> 1,mse,adam_158,50,256,1.4031,2976.001953125,2912.16845703125,2858.765625,0.5832488885506172,0.7
2026-09-04 13:31:21,multi_repeat_random_states.py,"(1021, 9)",326,sequential_158,Dense 64 -> 16 -> 32 -> 64 -> 64 -> 32 -> 1,mse,adam_158,50,256,1.4339,2970.79443359375,2963.203125,2978.78515625,0.5601883098993505,0.7
2026-09-04 13:31:21,multi_repeat_random_states.py,"(1021, 9)",494,sequential_158,Dense 64 -> 16 -> 32 -> 64 -> 64 -> 32 -> 1,mse,adam_158,50,256,2.2452,152783.90625,6100.41748046875,6149.8681640625,0.15476415541390987,0.7
2026-09-04 13:31:22,multi_repeat_random_states.py,"(1021, 9)",410,sequential_158,Dense 64 -> 16 -> 32 -> 64 -> 64 -> 32 -> 1,mse,adam_158,50,256,1.4951,2958.15185546875,3344.8330078125,3355.68408203125,0.5108080348691156,0.7
2026-09-04 13:31:23,multi_repeat_random_states.py,"(1021, 9)",494,sequential_158,Dense 64 -> 16 -> 32 -> 64 -> 64 -> 32 -> 1,mse,adam_158,50,256,1.5136,6078.8349609375,3875.4697265625,4162.15673828125,0.427954606719806,0.7
2026-09-04 13:31:24,multi_repeat_random_states.py,"(1021, 9)",494,sequential_158,Dense 64 -> 16 -> 32 -> 64 -> 64 -> 32 -> 1,mse,adam_158,50,256,1.4973,3714.185546875,2826.452392578125,3015.34814453125,0.5855715529570591,0.7
2026-09-04 13:31:25,multi_repeat_random_states.py,"(1021, 9)",327,sequential_159,Dense 64 -> 16 -> 32 -> 64 -> 64 -> 32 -> 1,mse,adam_159,50,256,3.8365,26581.849609375,3643.5068359375,3409.32763671875,0.49759669917701077,0.7
2026-09-04 13:31:27,multi_repeat_random_states.py,"(1021, 9)",411,sequential_159,Dense 64 -> 16 -> 32 -> 64 -> 64 -> 32 -> 1,mse,adam_159,50,256,3.8022,29201.2734375,3505.33349609375,2978.866455078125,0.5701225906320002,0.7
2026-09-04 13:31:27,multi_repeat_random_states.py,"(1021, 9)",327,sequential_159,Dense 64 -> 16 -> 32 -> 64 -> 64 -> 32 -> 1,mse,adam_159,50,256,1.4574,3485.656494140625,2930.53515625,2763.291748046875,0.592797439403566,0.7
2026-09-04 13:31:28,multi_repeat_random_states.py,"(1021, 9)",411,sequential_159,Dense 64 -> 16 -> 32 -> 64 -> 64 -> 32 -> 1,mse,adam_159,50,256,1.4396,3454.323974609375,3451.4404296875,3386.295166015625,0.5113269207851423,0.7
2026-09-04 13:31:28,multi_repeat_random_states.py,"(1021, 9)",327,sequential_159,Dense 64 -> 16 -> 32 -> 64 -> 64 -> 32 -> 1,mse,adam_159,50,256,1.4489,2968.671875,3044.757568359375,3401.015625,0.4988215267741526,0.7
2026-09-04 13:31:28,multi_repeat_random_states.py,"(1021, 9)",495,sequential_159,Dense 64 -> 16 -> 32 -> 64 -> 64 -> 32 -> 1,mse,adam_159,50,256,3.7475,112645.078125,5053.82763671875,5876.6162109375,0.19963051873891513,0.7
2026-09-04 13:31:30,multi_repeat_random_states.py,"(1021, 9)",411,sequential_159,Dense 64 -> 16 -> 32 -> 64 -> 64 -> 32 -> 1,mse,adam_159,50,256,1.392,3329.077392578125,3108.80859375,2661.446533203125,0.6159291205894664,0.7
2026-09-04 13:31:30,multi_repeat_random_states.py,"(1021, 9)",495,sequential_159,Dense 64 -> 16 -> 32 -> 64 -> 64 -> 32 -> 1,mse,adam_159,50,256,1.3924,5056.31005859375,2976.58544921875,3112.814697265625,0.5760481934298297,0.7
2026-09-04 13:31:31,multi_repeat_random_states.py,"(1021, 9)",328,sequential_160,Dense 64 -> 16 -> 32 -> 64 -> 64 -> 32 -> 1,mse,adam_160,50,256,2.2899,106887.71875,4962.12158203125,4760.54052734375,0.28308349637128793,0.7
2026-09-04 13:31:31,multi_repeat_random_states.py,"(1021, 9)",495,sequential_159,Dense 64 -> 16 -> 32 -> 64 -> 64 -> 32 -> 1,mse,adam_159,50,256,1.3938,2959.26171875,3007.841796875,3270.812744140625,0.5545295835631354,0.7
2026-09-04 13:31:32,multi_repeat_random_states.py,"(1021, 9)",412,sequential_160,Dense 64 -> 16 -> 32 -> 64 -> 64 -> 32 -> 1,mse,adam_160,50,256,2.2644,33781.72265625,3348.06982421875,2657.201171875,0.5687217074434933,0.7
2026-09-04 13:31:32,multi_repeat_random_states.py,"(1021, 9)",328,sequential_160,Dense 64 -> 16 -> 32 -> 64 -> 64 -> 32 -> 1,mse,adam_160,50,256,1.4092,4902.2958984375,3080.106201171875,3129.792724609375,0.5286669122585779,0.7
2026-09-04 13:31:34,multi_repeat_random_states.py,"(1021, 9)",412,sequential_160,Dense 64 -> 16 -> 32 -> 64 -> 64 -> 32 -> 1,mse,adam_160,50,256,1.419,3224.801025390625,3069.849609375,2945.94189453125,0.5218575526926856,0.7
2026-09-04 13:31:34,multi_repeat_random_states.py,"(1021, 9)",328,sequential_160,Dense 64 -> 16 -> 32 -> 64 -> 64 -> 32 -> 1,mse,adam_160,50,256,1.447,2988.822265625,2819.181884765625,2955.234375,0.5549547143440539,0.7
2026-09-04 13:31:34,multi_repeat_random_states.py,"(1021, 9)",496,sequential_160,Dense 64 -> 16 -> 32 -> 64 -> 64 -> 32 -> 1,mse,adam_160,50,256,2.2731,36864.6796875,3915.9599609375,3755.15478515625,0.45163869416601254,0.7
2026-09-04 13:31:35,multi_repeat_random_states.py,"(1021, 9)",412,sequential_160,Dense 64 -> 16 -> 32 -> 64 -> 64 -> 32 -> 1,mse,adam_160,50,256,1.3944,3194.959228515625,2986.50830078125,2473.584716796875,0.5985236659759077,0.7
2026-09-04 13:31:36,multi_repeat_random_states.py,"(1021, 9)",496,sequential_160,Dense 64 -> 16 -> 32 -> 64 -> 64 -> 32 -> 1,mse,adam_160,50,256,1.4025,3636.6640625,3211.052734375,3470.18701171875,0.49325227880337663,0.7
2026-09-04 13:31:36,multi_repeat_random_states.py,"(1021, 9)",329,sequential_161,Dense 64 -> 16 -> 32 -> 64 -> 64 -> 32 -> 1,mse,adam_161,50,256,2.2895,84462.7109375,5424.46435546875,4828.791015625,0.26060398571442955,0.7
2026-09-04 13:31:37,multi_repeat_random_states.py,"(1021, 9)",496,sequential_160,Dense 64 -> 16 -> 32 -> 64 -> 64 -> 32 -> 1,mse,adam_160,50,256,1.3974,3343.616455078125,3214.62646484375,3076.413818359375,0.5507545040514257,0.7
2026-09-04 13:31:38,multi_repeat_random_states.py,"(1021, 9)",413,sequential_161,Dense 64 -> 16 -> 32 -> 64 -> 64 -> 32 -> 1,mse,adam_161,50,256,2.3619,40958.77734375,3353.210205078125,3046.33642578125,0.5581988817090844,0.7
2026-09-04 13:31:38,multi_repeat_random_states.py,"(1021, 9)",329,sequential_161,Dense 64 -> 16 -> 32 -> 64 -> 64 -> 32 -> 1,mse,adam_161,50,256,1.4326,5392.60400390625,2943.444580078125,2778.962158203125,0.5744786856904309,0.7
2026-09-04 13:31:39,multi_repeat_random_states.py,"(1021, 9)",413,sequential_161,Dense 64 -> 16 -> 32 -> 64 -> 64 -> 32 -> 1,mse,adam_161,50,256,1.4442,3128.750244140625,3024.30224609375,2746.513916015625,0.6016812720877764,0.7
2026-09-04 13:31:40,multi_repeat_random_states.py,"(1021, 9)",329,sequential_161,Dense 64 -> 16 -> 32 -> 64 -> 64 -> 32 -> 1,mse,adam_161,50,256,1.433,2998.48388671875,2980.88330078125,2801.53173828125,0.5710227682388962,0.7
2026-09-04 13:31:40,multi_repeat_random_states.py,"(1021, 9)",497,sequential_161,Dense 64 -> 16 -> 32 -> 64 -> 64 -> 32 -> 1,mse,adam_161,50,256,2.3479,63247.08984375,5177.78466796875,5905.64111328125,0.18772686147427298,0.7
2026-09-04 13:31:41,multi_repeat_random_states.py,"(1021, 9)",413,sequential_161,Dense 64 -> 16 -> 32 -> 64 -> 64 -> 32 -> 1,mse,adam_161,50,256,1.4493,2993.22021484375,2991.948974609375,2820.00146484375,0.5910236294701912,0.7
2026-09-04 13:31:41,multi_repeat_random_states.py,"(1021, 9)",497,sequential_161,Dense 64 -> 16 -> 32 -> 64 -> 64 -> 32 -> 1,mse,adam_161,50,256,1.4617,5115.23779296875,2917.1650390625,3198.474365234375,0.5600757300373989,0.7
2026-09-04 13:31:42,multi_repeat_random_states.py,"(1021, 9)",330,sequential_162,Dense 64 -> 16 -> 32 -> 64 -> 64 -> 32 -> 1,mse,adam_162,50,256,2.3338,18912.7890625,3484.022216796875,3329.08056640625,0.5297027414876216,0.7
2026-09-04 13:31:43,multi_repeat_random_states.py,"(1021, 9)",497,sequential_161,Dense 64 -> 16 -> 32 -> 64 -> 64 -> 32 -> 1,mse,adam_161,50,256,1.4605,2938.368408203125,2884.163330078125,3048.43798828125,0.5807119822340596,0.7
2026-09-04 13:31:43,multi_repeat_random_states.py,"(1021, 9)",414,sequential_162,Dense 64 -> 16 -> 32 -> 64 -> 64 -> 32 -> 1,mse,adam_162,50,256,2.3541,30641.091796875,4278.0625,4523.5595703125,0.3335050446151706,0.7
2026-09-04 13:31:44,multi_repeat_random_states.py,"(1021, 9)",330,sequential_162,Dense 64 -> 16 -> 32 -> 64 -> 64 -> 32 -> 1,mse,adam_162,50,256,1.4537,3175.21875,3029.878662109375,3361.75146484375,0.5250873079463885,0.7
2026-09-04 13:31:45,multi_repeat_random_states.py,"(1021, 9)",414,sequential_162,Dense 64 -> 16 -> 32 -> 64 -> 64 -> 32 -> 1,mse,adam_162,50,256,1.4177,4062.925048828125,3038.74853515625,2950.2919921875,0.5653080799762861,0.7
2026-09-04 13:31:45,multi_repeat_random_states.py,"(1021, 9)",330,sequential_162,Dense 64 -> 16 -> 32 -> 64 -> 64 -> 32 -> 1,mse,adam_162,50,256,1.4135,2965.394287109375,2756.624267578125,3052.784423828125,0.5687349059224605,0.7
2026-09-04 13:31:45,multi_repeat_random_states.py,"(1021, 9)",498,sequential_162,Dense 64 -> 16 -> 32 -> 64 -> 64 -> 32 -> 1,mse,adam_162,50,256,2.2757,46586.859375,3989.118408203125,4316.294921875,0.3973127038621226,0.7
2026-09-04 13:31:46,multi_repeat_random_states.py,"(1021, 9)",414,sequential_162,Dense 64 -> 16 -> 32 -> 64 -> 64 -> 32 -> 1,mse,adam_162,50,256,1.3998,2999.344970703125,3090.73828125,3167.125244140625,0.5333601504007524,0.7
2026-09-04 13:31:47,multi_repeat_random_states.py,"(1021, 9)",498,sequential_162,Dense 64 -> 16 -> 32 -> 64 -> 64 -> 32 -> 1,mse,adam_162,50,256,1.4448,3762.7041015625,2748.026611328125,3307.708251953125,0.5381424237862904,0.7
2026-09-04 13:31:48,multi_repeat_random_states.py,"(1021, 9)",331,sequential_163,Dense 64 -> 16 -> 32 -> 64 -> 64 -> 32 -> 1,mse,adam_163,50,256,2.2606,25997.287109375,3131.48193359375,2773.1044921875,0.5799769630572442,0.7
2026-09-04 13:31:48,multi_repeat_random_states.py,"(1021, 9)",498,sequential_162,Dense 64 -> 16 -> 32 -> 64 -> 64 -> 32 -> 1,mse,adam_162,50,256,1.4222,2819.1103515625,2714.85693359375,3268.17578125,0.5436623278723125,0.7
2026-09-04 13:31:49,multi_repeat_random_states.py,"(1021, 9)",415,sequential_163,Dense 64 -> 16 -> 32 -> 64 -> 64 -> 32 -> 1,mse,adam_163,50,256,2.3498,28832.474609375,3214.6748046875,2800.842529296875,0.5431006671926402,0.7
2026-09-04 13:31:49,multi_repeat_random_states.py,"(1021, 9)",331,sequential_163,Dense 64 -> 16 -> 32 -> 64 -> 64 -> 32 -> 1,mse,adam_163,50,256,1.4295,3124.390869140625,2973.16455078125,2637.8408203125,0.6004643402390977,0.7
2026-09-04 13:31:51,multi_repeat_random_states.py,"(1021, 9)",415,sequential_163,Dense 64 -> 16 -> 32 -> 64 -> 64 -> 32 -> 1,mse,adam_163,50,256,1.4009,3148.730712890625,2981.452392578125,2744.03173828125,0.5523681409442125,0.7
2026-09-04 13:31:51,multi_repeat_random_states.py,"(1021, 9)",331,sequential_163,Dense 64 -> 16 -> 32 -> 64 -> 64 -> 32 -> 1,mse,adam_163,50,256,1.4511,2974.6318359375,3103.6240234375,2660.805908203125,0.5969859938582146,0.7
2026-09-04 13:31:51,multi_repeat_random_states.py,"(1021, 9)",499,sequential_163,Dense 64 -> 16 -> 32 -> 64 -> 64 -> 32 -> 1,mse,adam_163,50,256,2.2925,111563.25,5831.24169921875,5935.94677734375,0.16604197289000022,0.7
2026-09-04 13:31:52,multi_repeat_random_states.py,"(1021, 9)",415,sequential_163,Dense 64 -> 16 -> 32 -> 64 -> 64 -> 32 -> 1,mse,adam_163,50,256,1.4083,2896.2080078125,2945.51904296875,2803.361572265625,0.542689698541283,0.7
2026-09-04 13:31:52,multi_repeat_random_states.py,"(1021, 9)",499,sequential_163,Dense 64 -> 16 -> 32 -> 64 -> 64 -> 32 -> 1,mse,adam_163,50,256,1.4512,5808.22021484375,3067.405517578125,3644.759521484375,0.4879374198907832,0.7
2026-09-04 13:31:53,multi_repeat_random_states.py,"(1021, 9)",332,sequential_164,Dense 64 -> 16 -> 32 -> 64 -> 64 -> 32 -> 1,mse,adam_164,50,256,2.2445,110069.75,5322.52294921875,5656.77099609375,0.21109590681221613,0.7
2026-09-04 13:31:54,multi_repeat_random_states.py,"(1021, 9)",499,sequential_163,Dense 64 -> 16 -> 32 -> 64 -> 64 -> 32 -> 1,mse,adam_163,50,256,1.4202,3098.370849609375,2845.596923828125,3150.6240234375,0.5573599014768591,0.7
2026-09-04 13:31:55,multi_repeat_random_states.py,"(1021, 9)",416,sequential_164,Dense 64 -> 16 -> 32 -> 64 -> 64 -> 32 -> 1,mse,adam_164,50,256,2.3521,17393.63671875,3771.201171875,3813.96728515625,0.4220570028121171,0.7
2026-09-04 13:31:55,multi_repeat_random_states.py,"(1021, 9)",332,sequential_164,Dense 64 -> 16 -> 32 -> 64 -> 64 -> 32 -> 1,mse,adam_164,50,256,1.4463,5293.87939453125,3108.07958984375,3583.7314453125,0.5002059563974801,0.7
2026-09-04 13:31:56,multi_repeat_random_states.py,"(1021, 9)",416,sequential_164,Dense 64 -> 16 -> 32 -> 64 -> 64 -> 32 -> 1,mse,adam_164,50,256,1.4287,4056.367919921875,3242.3974609375,2529.77587890625,0.6166547323288715,0.7
2026-09-04 13:31:56,multi_repeat_random_states.py,"(1021, 9)",332,sequential_164,Dense 64 -> 16 -> 32 -> 64 -> 64 -> 32 -> 1,mse,adam_164,50,256,1.4284,3030.720947265625,2878.767578125,3066.23974609375,0.5723763903476299,0.7
2026-09-04 13:31:56,multi_repeat_random_states.py,"(1021, 9)",500,sequential_164,Dense 64 -> 16 -> 32 -> 64 -> 64 -> 32 -> 1,mse,adam_164,50,256,2.2634,24845.548828125,3325.248291015625,2909.555419921875,0.5731533311861523,0.7
2026-09-04 13:31:58,multi_repeat_random_states.py,"(1021, 9)",416,sequential_164,Dense 64 -> 16 -> 32 -> 64 -> 64 -> 32 -> 1,mse,adam_164,50,256,1.452,3234.252197265625,3478.0048828125,2769.855712890625,0.5802746514220811,0.7
2026-09-04 13:31:58,multi_repeat_random_states.py,"(1021, 9)",500,sequential_164,Dense 64 -> 16 -> 32 -> 64 -> 64 -> 32 -> 1,mse,adam_164,50,256,1.4624,3177.1728515625,2937.709228515625,2682.9833984375,0.6063925929507175,0.7
2026-09-04 13:32:03,multi_repeat_random_states.py,"(1021, 9)",333,sequential_165,Dense 64 -> 16 -> 32 -> 64 -> 64 -> 32 -> 1,mse,adam_165,50,256,5.2389,40827.16796875,4287.40283203125,4212.99462890625,0.3445707013026583,0.7
2026-09-04 13:32:06,multi_repeat_random_states.py,"(1021, 9)",500,sequential_164,Dense 64 -> 16 -> 32 -> 64 -> 64 -> 32 -> 1,mse,adam_164,50,256,7.2217,2987.62744140625,3309.34521484375,2847.30517578125,0.5822857462434349,0.7
2026-09-04 13:32:08,multi_repeat_random_states.py,"(1021, 9)",417,sequential_165,Dense 64 -> 16 -> 32 -> 64 -> 64 -> 32 -> 1,mse,adam_165,50,256,9.6955,58304.0390625,4248.03857421875,4859.6259765625,0.32968846165518884,0.7
2026-09-04 13:32:10,multi_repeat_random_states.py,"(1021, 9)",333,sequential_165,Dense 64 -> 16 -> 32 -> 64 -> 64 -> 32 -> 1,mse,adam_165,50,256,7.1547,4166.27197265625,3835.93212890625,3443.16259765625,0.46433603448047456,0.7
2026-09-04 13:32:16,multi_repeat_random_states.py,"(1021, 9)",417,sequential_165,Dense 64 -> 16 -> 32 -> 64 -> 64 -> 32 -> 1,mse,adam_165,50,256,6.7877,4224.7939453125,2960.51953125,3461.01171875,0.5226060478523771,0.7
2026-09-04 13:32:17,multi_repeat_random_states.py,"(1021, 9)",501,sequential_165,Dense 64 -> 16 -> 32 -> 64 -> 64 -> 32 -> 1,mse,adam_165,50,256,10.0296,41172.92578125,4295.81689453125,4605.4951171875,0.33006951431207665,0.7
2026-09-04 13:32:17,multi_repeat_random_states.py,"(1021, 9)",333,sequential_165,Dense 64 -> 16 -> 32 -> 64 -> 64 -> 32 -> 1,mse,adam_165,50,256,6.6351,3755.353271484375,2962.806640625,2800.181884765625,0.5643666225027636,0.7
2026-09-04 13:32:23,multi_repeat_random_states.py,"(1021, 9)",417,sequential_165,Dense 64 -> 16 -> 32 -> 64 -> 64 -> 32 -> 1,mse,adam_165,50,256,6.7982,2936.52880859375,2964.274169921875,3021.031494140625,0.5832945720317078,0.7
2026-09-04 13:32:25,multi_repeat_random_states.py,"(1021, 9)",501,sequential_165,Dense 64 -> 16 -> 32 -> 64 -> 64 -> 32 -> 1,mse,adam_165,50,256,7.2817,4263.541015625,2958.67724609375,2820.153564453125,0.5897711641143722,0.7
2026-09-04 13:32:28,multi_repeat_random_states.py,"(1021, 9)",334,sequential_166,Dense 64 -> 16 -> 32 -> 64 -> 64 -> 32 -> 1,mse,adam_166,50,256,10.217,62521.1015625,4364.0400390625,3826.871337890625,0.3950514819593397,0.7
2026-09-04 13:32:33,multi_repeat_random_states.py,"(1021, 9)",501,sequential_165,Dense 64 -> 16 -> 32 -> 64 -> 64 -> 32 -> 1,mse,adam_165,50,256,7.6367,3180.93310546875,2983.235595703125,2995.69580078125,0.5642362548212179,0.7
2026-09-04 13:32:34,multi_repeat_random_states.py,"(1021, 9)",418,sequential_166,Dense 64 -> 16 -> 32 -> 64 -> 64 -> 32 -> 1,mse,adam_166,50,256,10.4014,93073.7109375,5529.9482421875,5639.96484375,0.20329902481344175,0.7
2026-09-04 13:32:36,multi_repeat_random_states.py,"(1021, 9)",334,sequential_166,Dense 64 -> 16 -> 32 -> 64 -> 64 -> 32 -> 1,mse,adam_166,50,256,6.8044,4398.05615234375,3056.464599609375,2927.741943359375,0.5371851490004695,0.7
2026-09-04 13:32:42,multi_repeat_random_states.py,"(1021, 9)",418,sequential_166,Dense 64 -> 16 -> 32 -> 64 -> 64 -> 32 -> 1,mse,adam_166,50,256,7.262,5482.23046875,3170.52978515625,3057.381591796875,0.568114549440297,0.7
2026-09-04 13:32:43,multi_repeat_random_states.py,"(1021, 9)",334,sequential_166,Dense 64 -> 16 -> 32 -> 64 -> 64 -> 32 -> 1,mse,adam_166,50,256,6.9762,3025.791259765625,2858.260986328125,2724.683837890625,0.5692843433001766,0.7
2026-09-04 13:32:44,multi_repeat_random_states.py,"(1021, 9)",502,sequential_166,Dense 64 -> 16 -> 32 -> 64 -> 64 -> 32 -> 1,mse,adam_166,50,256,10.2652,138818.421875,5435.46533203125,5498.38232421875,0.19779228626929457,0.7
2026-09-04 13:32:50,multi_repeat_random_states.py,"(1021, 9)",418,sequential_166,Dense 64 -> 16 -> 32 -> 64 -> 64 -> 32 -> 1,mse,adam_166,50,256,7.2452,3081.010498046875,2930.623046875,2906.42724609375,0.5894383513742709,0.7
2026-09-04 13:32:51,multi_repeat_random_states.py,"(1021, 9)",502,sequential_166,Dense 64 -> 16 -> 32 -> 64 -> 64 -> 32 -> 1,mse,adam_166,50,256,6.9524,5367.65576171875,2943.032470703125,2938.961669921875,0.5712088232458259,0.7
2026-09-04 13:32:54,multi_repeat_random_states.py,"(1021, 9)",335,sequential_167,Dense 64 -> 16 -> 32 -> 64 -> 64 -> 32 -> 1,mse,adam_167,50,256,10.1693,21538.625,2978.19921875,3465.685546875,0.5138497979349008,0.7
2026-09-04 13:32:59,multi_repeat_random_states.py,"(1021, 9)",502,sequential_166,Dense 64 -> 16 -> 32 -> 64 -> 64 -> 32 -> 1,mse,adam_166,50,256,6.8642,2947.8798828125,2830.109375,2984.49853515625,0.5645650694773051,0.7
2026-09-04 13:33:02,multi_repeat_random_states.py,"(1021, 9)",419,sequential_167,Dense 64 -> 16 -> 32 -> 64 -> 64 -> 32 -> 1,mse,adam_167,50,256,10.9779,22148.51171875,3651.79638671875,3104.428466796875,0.5216670440096808,0.7
2026-09-04 13:33:02,multi_repeat_random_states.py,"(1021, 9)",335,sequential_167,Dense 64 -> 16 -> 32 -> 64 -> 64 -> 32 -> 1,mse,adam_167,50,256,7.145,3380.6240234375,2855.181640625,3224.83740234375,0.547634857032794,0.7
2026-09-04 13:33:09,multi_repeat_random_states.py,"(1021, 9)",419,sequential_167,Dense 64 -> 16 -> 32 -> 64 -> 64 -> 32 -> 1,mse,adam_167,50,256,6.6094,3253.59716796875,2965.79296875,2869.7138671875,0.5578320535988308,0.7
2026-09-04 13:33:09,multi_repeat_random_states.py,"(1021, 9)",335,sequential_167,Dense 64 -> 16 -> 32 -> 64 -> 64 -> 32 -> 1,mse,adam_167,50,256,6.6326,2833.251708984375,2804.8359375,3161.47998046875,0.556522289433149,0.7
2026-09-04 13:33:10,multi_repeat_random_states.py,"(1021, 9)",503,sequential_167,Dense 64 -> 16 -> 32 -> 64 -> 64 -> 32 -> 1,mse,adam_167,50,256,10.2578,181177.125,6005.8984375,6075.4921875,0.09290973373786227,0.7
2026-09-04 13:33:16,multi_repeat_random_states.py,"(1021, 9)",419,sequential_167,Dense 64 -> 16 -> 32 -> 64 -> 64 -> 32 -> 1,mse,adam_167,50,256,6.7813,2900.107666015625,2827.19580078125,2816.83056640625,0.5659803668380798,0.7
2026-09-04 13:33:17,multi_repeat_random_states.py,"(1021, 9)",503,sequential_167,Dense 64 -> 16 -> 32 -> 64 -> 64 -> 32 -> 1,mse,adam_167,50,256,6.7051,6000.17578125,4101.693359375,4438.84423828125,0.3372664654460845,0.7
2026-09-04 13:33:20,multi_repeat_random_states.py,"(1021, 9)",504,sequential_168,Dense 64 -> 16 -> 32 -> 64 -> 64 -> 32 -> 1,mse,adam_168,50,256,10.1817,69838.359375,5117.70556640625,5884.55712890625,0.23301662378041388,0.7
2026-09-04 13:33:24,multi_repeat_random_states.py,"(1021, 9)",503,sequential_167,Dense 64 -> 16 -> 32 -> 64 -> 64 -> 32 -> 1,mse,adam_167,50,256,7.0439,4115.10693359375,3263.076904296875,3253.086669921875,0.5143038669832006,0.7
2026-09-04 13:33:27,multi_repeat_random_states.py,"(1021, 9)",588,sequential_168,Dense 64 -> 16 -> 32 -> 64 -> 64 -> 32 -> 1,mse,adam_168,50,256,10.4014,44121.84765625,4625.3203125,4020.6240234375,0.35822198222677515,0.7
2026-09-04 13:33:27,multi_repeat_random_states.py,"(1021, 9)",504,sequential_168,Dense 64 -> 16 -> 32 -> 64 -> 64 -> 32 -> 1,mse,adam_168,50,256,6.8706,5034.1171875,2843.55419921875,3339.990478515625,0.5646712043572475,0.7
2026-09-04 13:33:34,multi_repeat_random_states.py,"(1021, 9)",588,sequential_168,Dense 64 -> 16 -> 32 -> 64 -> 64 -> 32 -> 1,mse,adam_168,50,256,6.8334,4433.5390625,2901.591552734375,2934.523193359375,0.531587072910721,0.7
2026-09-04 13:33:34,multi_repeat_random_states.py,"(1021, 9)",504,sequential_168,Dense 64 -> 16 -> 32 -> 64 -> 64 -> 32 -> 1,mse,adam_168,50,256,6.5069,2849.8583984375,2822.9150390625,3265.10693359375,0.5744313448443484,0.7
2026-09-04 13:33:36,multi_repeat_random_states.py,"(1021, 9)",672,sequential_168,Dense 64 -> 16 -> 32 -> 64 -> 64 -> 32 -> 1,mse,adam_168,50,256,10.2426,211812.21875,5954.50146484375,6537.853515625,0.13366601306117765,0.7
2026-09-04 13:33:42,multi_repeat_random_states.py,"(1021, 9)",588,sequential_168,Dense 64 -> 16 -> 32 -> 64 -> 64 -> 32 -> 1,mse,adam_168,50,256,7.089,2889.377197265625,2824.30615234375,2952.981201171875,0.5286407612871846,0.7
2026-09-04 13:33:43,multi_repeat_random_states.py,"(1021, 9)",672,sequential_168,Dense 64 -> 16 -> 32 -> 64 -> 64 -> 32 -> 1,mse,adam_168,50,256,6.5246,5934.0166015625,4018.24853515625,4672.33935546875,0.3808662154964928,0.7
2026-09-04 13:33:46,multi_repeat_random_states.py,"(1021, 9)",505,sequential_169,Dense 64 -> 16 -> 32 -> 64 -> 64 -> 32 -> 1,mse,adam_169,50,256,10.3051,82961.65625,5259.46875,6159.73388671875,0.15943379580896866,0.7
2026-09-04 13:33:50,multi_repeat_random_states.py,"(1021, 9)",672,sequential_168,Dense 64 -> 16 -> 32 -> 64 -> 64 -> 32 -> 1,mse,adam_168,50,256,6.9614,3974.924072265625,2962.49560546875,3352.859375,0.5557110825055535,0.7
2026-09-04 13:33:53,multi_repeat_random_states.py,"(1021, 9)",589,sequential_169,Dense 64 -> 16 -> 32 -> 64 -> 64 -> 32 -> 1,mse,adam_169,50,256,9.9923,118922.0703125,5949.232421875,5553.8115234375,0.13355771103027092,0.7
2026-09-04 13:33:53,multi_repeat_random_states.py,"(1021, 9)",505,sequential_169,Dense 64 -> 16 -> 32 -> 64 -> 64 -> 32 -> 1,mse,adam_169,50,256,7.2212,5215.95166015625,2787.922607421875,3505.970703125,0.5215701964981423,0.7
2026-09-04 13:33:59,multi_repeat_random_states.py,"(1021, 9)",589,sequential_169,Dense 64 -> 16 -> 32 -> 64 -> 64 -> 32 -> 1,mse,adam_169,50,256,5.8817,5917.064453125,3601.3115234375,3370.4853515625,0.4741752495824263,0.7
2026-09-04 13:33:59,multi_repeat_random_states.py,"(1021, 9)",505,sequential_169,Dense 64 -> 16 -> 32 -> 64 -> 64 -> 32 -> 1,mse,adam_169,50,256,5.4016,2761.31201171875,2705.74169921875,3280.4541015625,0.5523444883680146,0.7
2026-09-04 13:33:59,multi_repeat_random_states.py,"(1021, 9)",673,sequential_169,Dense 64 -> 16 -> 32 -> 64 -> 64 -> 32 -> 1,mse,adam_169,50,256,8.6827,29908.08203125,3450.269287109375,3183.568115234375,0.5027007116771995,0.7
2026-09-04 13:34:00,multi_repeat_random_states.py,"(1021, 9)",589,sequential_169,Dense 64 -> 16 -> 32 -> 64 -> 64 -> 32 -> 1,mse,adam_169,50,256,1.4567,3551.632080078125,3628.41162109375,2977.697265625,0.5354536732539329,0.7
2026-09-04 13:34:01,multi_repeat_random_states.py,"(1021, 9)",673,sequential_169,Dense 64 -> 16 -> 32 -> 64 -> 64 -> 32 -> 1,mse,adam_169,50,256,1.4664,3525.336181640625,2864.3125,2901.96484375,0.5466894232634738,0.7
2026-09-04 13:34:02,multi_repeat_random_states.py,"(1021, 9)",506,sequential_170,Dense 64 -> 16 -> 32 -> 64 -> 64 -> 32 -> 1,mse,adam_170,50,256,2.2594,129998.40625,6213.0859375,5140.08837890625,0.15523378239226915,0.7
2026-09-04 13:34:02,multi_repeat_random_states.py,"(1021, 9)",673,sequential_169,Dense 64 -> 16 -> 32 -> 64 -> 64 -> 32 -> 1,mse,adam_169,50,256,1.4491,2813.573486328125,3003.229248046875,3238.312255859375,0.494149322801106,0.7
2026-09-04 13:34:03,multi_repeat_random_states.py,"(1021, 9)",590,sequential_170,Dense 64 -> 16 -> 32 -> 64 -> 64 -> 32 -> 1,mse,adam_170,50,256,2.2406,30353.732421875,3636.255615234375,3233.083740234375,0.4900801754690973,0.7
2026-09-04 13:34:03,multi_repeat_random_states.py,"(1021, 9)",506,sequential_170,Dense 64 -> 16 -> 32 -> 64 -> 64 -> 32 -> 1,mse,adam_170,50,256,1.3982,6173.2587890625,3313.933349609375,2652.528564453125,0.5640607461976865,0.7
2026-09-04 13:34:04,multi_repeat_random_states.py,"(1021, 9)",590,sequential_170,Dense 64 -> 16 -> 32 -> 64 -> 64 -> 32 -> 1,mse,adam_170,50,256,1.4323,3541.0224609375,3009.11328125,2991.30517578125,0.5282133407502787,0.7
2026-09-04 13:34:05,multi_repeat_random_states.py,"(1021, 9)",506,sequential_170,Dense 64 -> 16 -> 32 -> 64 -> 64 -> 32 -> 1,mse,adam_170,50,256,1.4264,3178.768310546875,3300.619384765625,2540.748779296875,0.5824315601261469,0.7
2026-09-04 13:34:05,multi_repeat_random_states.py,"(1021, 9)",674,sequential_170,Dense 64 -> 16 -> 32 -> 64 -> 64 -> 32 -> 1,mse,adam_170,50,256,2.2522,24719.607421875,3475.735107421875,4286.7548828125,0.350117240980242,0.7
2026-09-04 13:34:06,multi_repeat_random_states.py,"(1021, 9)",590,sequential_170,Dense 64 -> 16 -> 32 -> 64 -> 64 -> 32 -> 1,mse,adam_170,50,256,1.3838,2947.258056640625,2847.19580078125,2995.7412109375,0.5275136727684724,0.7
2026-09-04 13:34:06,multi_repeat_random_states.py,"(1021, 9)",674,sequential_170,Dense 64 -> 16 -> 32 -> 64 -> 64 -> 32 -> 1,mse,adam_170,50,256,1.4253,3760.3369140625,2978.7734375,2724.033447265625,0.5870296827378161,0.7
2026-09-04 13:34:07,multi_repeat_random_states.py,"(1021, 9)",507,sequential_171,Dense 64 -> 16 -> 32 -> 64 -> 64 -> 32 -> 1,mse,adam_171,50,256,2.3575,150087.890625,5355.1005859375,6150.26318359375,0.18017714812138586,0.7
2026-09-04 13:34:11,multi_repeat_random_states.py,"(1021, 9)",674,sequential_170,Dense 64 -> 16 -> 32 -> 64 -> 64 -> 32 -> 1,mse,adam_170,50,256,3.7927,3047.066650390625,2924.577880859375,2764.944091796875,0.5808275618456189,0.7
2026-09-04 13:34:13,multi_repeat_random_states.py,"(1021, 9)",591,sequential_171,Dense 64 -> 16 -> 32 -> 64 -> 64 -> 32 -> 1,mse,adam_171,50,256,6.2314,30135.53515625,3933.914306640625,3794.983642578125,0.4572575272219609,0.7
2026-09-04 13:34:14,multi_repeat_random_states.py,"(1021, 9)",507,sequential_171,Dense 64 -> 16 -> 32 -> 64 -> 64 -> 32 -> 1,mse,adam_171,50,256,6.2999,5306.73583984375,3234.447265625,3686.568115234375,0.5085848045501804,0.7
2026-09-04 13:34:20,multi_repeat_random_states.py,"(1021, 9)",591,sequential_171,Dense 64 -> 16 -> 32 -> 64 -> 64 -> 32 -> 1,mse,adam_171,50,256,6.7872,3630.980224609375,2901.76904296875,2931.14697265625,0.5807998347667606,0.7
2026-09-04 13:34:21,multi_repeat_random_states.py,"(1021, 9)",507,sequential_171,Dense 64 -> 16 -> 32 -> 64 -> 64 -> 32 -> 1,mse,adam_171,50,256,6.7913,3154.796875,2822.266357421875,3394.0087890625,0.5475825882044798,0.7
2026-09-04 13:34:22,multi_repeat_random_states.py,"(1021, 9)",675,sequential_171,Dense 64 -> 16 -> 32 -> 64 -> 64 -> 32 -> 1,mse,adam_171,50,256,10.3891,85366.578125,5779.56591796875,5489.32373046875,0.14201690042562454,0.7
2026-09-04 13:34:28,multi_repeat_random_states.py,"(1021, 9)",591,sequential_171,Dense 64 -> 16 -> 32 -> 64 -> 64 -> 32 -> 1,mse,adam_171,50,256,7.1761,2889.36962890625,2918.8564453125,2954.0458984375,0.5775248982529465,0.7
2026-09-04 13:34:30,multi_repeat_random_states.py,"(1021, 9)",675,sequential_171,Dense 64 -> 16 -> 32 -> 64 -> 64 -> 32 -> 1,mse,adam_171,50,256,7.1938,5834.9111328125,3481.1416015625,2591.63720703125,0.5949262512611903,0.7
2026-09-04 13:34:32,multi_repeat_random_states.py,"(1021, 9)",508,sequential_172,Dense 64 -> 16 -> 32 -> 64 -> 64 -> 32 -> 1,mse,adam_172,50,256,10.377,35194.2890625,4191.81640625,4239.47900390625,0.41227621319850927,0.7
2026-09-04 13:34:37,multi_repeat_random_states.py,"(1021, 9)",675,sequential_171,Dense 64 -> 16 -> 32 -> 64 -> 64 -> 32 -> 1,mse,adam_171,50,256,7.1678,3161.76806640625,2998.82666015625,2489.341552734375,0.6109151411801274,0.7
2026-09-04 13:34:39,multi_repeat_random_states.py,"(1021, 9)",592,sequential_172,Dense 64 -> 16 -> 32 -> 64 -> 64 -> 32 -> 1,mse,adam_172,50,256,10.2909,63299.26171875,3767.18212890625,4358.85205078125,0.38872570081164426,0.7
2026-09-04 13:34:39,multi_repeat_random_states.py,"(1021, 9)",508,sequential_172,Dense 64 -> 16 -> 32 -> 64 -> 64 -> 32 -> 1,mse,adam_172,50,256,6.484,3984.792724609375,3060.794189453125,3815.753173828125,0.4710178139137279,0.7
2026-09-04 13:34:46,multi_repeat_random_states.py,"(1021, 9)",592,sequential_172,Dense 64 -> 16 -> 32 -> 64 -> 64 -> 32 -> 1,mse,adam_172,50,256,6.8835,3944.44970703125,2898.980712890625,3027.701171875,0.575402826125291,0.7
2026-09-04 13:34:47,multi_repeat_random_states.py,"(1021, 9)",508,sequential_172,Dense 64 -> 16 -> 32 -> 64 -> 64 -> 32 -> 1,mse,adam_172,50,256,7.0175,3109.575927734375,2844.49755859375,2889.8974609375,0.5993702264570964,0.7
2026-09-04 13:34:48,multi_repeat_random_states.py,"(1021, 9)",676,sequential_172,Dense 64 -> 16 -> 32 -> 64 -> 64 -> 32 -> 1,mse,adam_172,50,256,10.1244,49442.76171875,4884.28369140625,4630.52587890625,0.2960177553555282,0.7
2026-09-04 13:34:54,multi_repeat_random_states.py,"(1021, 9)",592,sequential_172,Dense 64 -> 16 -> 32 -> 64 -> 64 -> 32 -> 1,mse,adam_172,50,256,7.0609,2786.972900390625,2862.7939453125,3010.195556640625,0.5778578534940207,0.7
2026-09-04 13:34:56,multi_repeat_random_states.py,"(1021, 9)",676,sequential_172,Dense 64 -> 16 -> 32 -> 64 -> 64 -> 32 -> 1,mse,adam_172,50,256,7.1689,4759.44287109375,3457.494140625,3161.705078125,0.5193236787991442,0.7
2026-09-04 13:34:59,multi_repeat_random_states.py,"(1021, 9)",509,sequential_173,Dense 64 -> 16 -> 32 -> 64 -> 64 -> 32 -> 1,mse,adam_173,50,256,10.5859,31733.609375,3447.547119140625,3289.029052734375,0.5237104833344363,0.7
2026-09-04 13:35:03,multi_repeat_random_states.py,"(1021, 9)",676,sequential_172,Dense 64 -> 16 -> 32 -> 64 -> 64 -> 32 -> 1,mse,adam_172,50,256,6.4393,3149.36279296875,3078.84326171875,2723.830810546875,0.5858940525909353,0.7
2026-09-04 13:35:05,multi_repeat_random_states.py,"(1021, 9)",593,sequential_173,Dense 64 -> 16 -> 32 -> 64 -> 64 -> 32 -> 1,mse,adam_173,50,256,10.2769,85671.0625,4932.984375,4741.44921875,0.28871699485710167,0.7
2026-09-04 13:35:05,multi_repeat_random_states.py,"(1021, 9)",509,sequential_173,Dense 64 -> 16 -> 32 -> 64 -> 64 -> 32 -> 1,mse,adam_173,50,256,6.6499,3236.135986328125,2866.79248046875,3174.3349609375,0.5403194912952478,0.7
2026-09-04 13:35:07,multi_repeat_random_states.py,"(1021, 9)",593,sequential_173,Dense 64 -> 16 -> 32 -> 64 -> 64 -> 32 -> 1,mse,adam_173,50,256,1.5463,4805.90576171875,3144.9208984375,3097.28271484375,0.5353647589819481,0.7
2026-09-04 13:35:07,multi_repeat_random_states.py,"(1021, 9)",509,sequential_173,Dense 64 -> 16 -> 32 -> 64 -> 64 -> 32 -> 1,mse,adam_173,50,256,1.5097,2873.98046875,2877.3564453125,2858.3349609375,0.586079986741699,0.7
2026-09-04 13:35:07,multi_repeat_random_states.py,"(1021, 9)",677,sequential_173,Dense 64 -> 16 -> 32 -> 64 -> 64 -> 32 -> 1,mse,adam_173,50,256,4.0501,14674.568359375,3723.4638671875,2975.172119140625,0.5768636903910441,0.7
2026-09-04 13:35:11,multi_repeat_random_states.py,"(1021, 9)",593,sequential_173,Dense 64 -> 16 -> 32 -> 64 -> 64 -> 32 -> 1,mse,adam_173,50,256,3.5639,3090.7060546875,3055.928466796875,2777.165283203125,0.5833867975556967,0.7
2026-09-04 13:35:13,multi_repeat_random_states.py,"(1021, 9)",677,sequential_173,Dense 64 -> 16 -> 32 -> 64 -> 64 -> 32 -> 1,mse,adam_173,50,256,5.085,3422.17822265625,3104.30615234375,3167.9375,0.5494481671730487,0.7
2026-09-04 13:35:16,multi_repeat_random_states.py,"(1021, 9)",510,sequential_174,Dense 64 -> 16 -> 32 -> 64 -> 64 -> 32 -> 1,mse,adam_174,50,256,8.4959,36555.64453125,5235.45263671875,4221.0234375,0.3106092413567306,0.7
2026-09-04 13:35:20,multi_repeat_random_states.py,"(1021, 9)",677,sequential_173,Dense 64 -> 16 -> 32 -> 64 -> 64 -> 32 -> 1,mse,adam_173,50,256,7.1648,3107.791259765625,3132.328369140625,3085.94482421875,0.5611093432542691,0.7
2026-09-04 13:35:22,multi_repeat_random_states.py,"(1021, 9)",594,sequential_174,Dense 64 -> 16 -> 32 -> 64 -> 64 -> 32 -> 1,mse,adam_174,50,256,9.8016,26402.666015625,3331.287841796875,3314.45458984375,0.5362712147146279,0.7
2026-09-04 13:35:24,multi_repeat_random_states.py,"(1021, 9)",510,sequential_174,Dense 64 -> 16 -> 32 -> 64 -> 64 -> 32 -> 1,mse,adam_174,50,256,6.7437,4726.90087890625,3102.415771484375,2793.472412109375,0.5437613462729373,0.7
2026-09-04 13:35:29,multi_repeat_random_states.py,"(1021, 9)",594,sequential_174,Dense 64 -> 16 -> 32 -> 64 -> 64 -> 32 -> 1,mse,adam_174,50,256,6.556,3155.13623046875,3176.974365234375,3489.65576171875,0.5117586136057823,0.7
2026-09-04 13:35:31,multi_repeat_random_states.py,"(1021, 9)",510,sequential_174,Dense 64 -> 16 -> 32 -> 64 -> 64 -> 32 -> 1,mse,adam_174,50,256,6.8673,2956.91455078125,3009.456787109375,2979.663818359375,0.5133519781810527,0.7
2026-09-04 13:35:32,multi_repeat_random_states.py,"(1021, 9)",678,sequential_174,Dense 64 -> 16 -> 32 -> 64 -> 64 -> 32 -> 1,mse,adam_174,50,256,10.1385,47096.21875,4820.25439453125,4890.70703125,0.2830010615237598,0.7
2026-09-04 13:35:37,multi_repeat_random_states.py,"(1021, 9)",594,sequential_174,Dense 64 -> 16 -> 32 -> 64 -> 64 -> 32 -> 1,mse,adam_174,50,256,7.443,3247.549560546875,2763.2900390625,2989.337890625,0.5817585657233408,0.7
2026-09-04 13:35:39,multi_repeat_random_states.py,"(1021, 9)",678,sequential_174,Dense 64 -> 16 -> 32 -> 64 -> 64 -> 32 -> 1,mse,adam_174,50,256,6.8582,4711.79248046875,3121.47314453125,3094.737548828125,0.5462980976524912,0.7
2026-09-04 13:35:42,multi_repeat_random_states.py,"(1021, 9)",511,sequential_175,Dense 64 -> 16 -> 32 -> 64 -> 64 -> 32 -> 1,mse,adam_175,50,256,10.442,23728.580078125,3932.3017578125,3442.434814453125,0.47211981304721695,0.7
2026-09-04 13:35:46,multi_repeat_random_states.py,"(1021, 9)",678,sequential_174,Dense 64 -> 16 -> 32 -> 64 -> 64 -> 32 -> 1,mse,adam_174,50,256,6.4669,2900.444580078125,2785.5009765625,3065.33935546875,0.5506079509270566,0.7
2026-09-04 13:35:48,multi_repeat_random_states.py,"(1021, 9)",595,sequential_175,Dense 64 -> 16 -> 32 -> 64 -> 64 -> 32 -> 1,mse,adam_175,50,256,10.1976,48424.56640625,4964.52197265625,4096.83154296875,0.3501974229247209,0.7
2026-09-04 13:35:49,multi_repeat_random_states.py,"(1021, 9)",511,sequential_175,Dense 64 -> 16 -> 32 -> 64 -> 64 -> 32 -> 1,mse,adam_175,50,256,6.5089,3588.45751953125,2962.701171875,2631.290771484375,0.5965046588608249,0.7
2026-09-04 13:35:55,multi_repeat_random_states.py,"(1021, 9)",595,sequential_175,Dense 64 -> 16 -> 32 -> 64 -> 64 -> 32 -> 1,mse,adam_175,50,256,6.7916,4886.7607421875,3217.864013671875,2565.146240234375,0.5931395921631103,0.7
2026-09-04 13:35:56,multi_repeat_random_states.py,"(1021, 9)",511,sequential_175,Dense 64 -> 16 -> 32 -> 64 -> 64 -> 32 -> 1,mse,adam_175,50,256,6.4894,2925.345703125,2916.263427734375,2625.120361328125,0.5974508796529503,0.7
2026-09-04 13:35:57,multi_repeat_random_states.py,"(1021, 9)",679,sequential_175,Dense 64 -> 16 -> 32 -> 64 -> 64 -> 32 -> 1,mse,adam_175,50,256,10.0409,393451.25,6143.5546875,6490.13916015625,0.0694364354910676,0.7
2026-09-04 13:36:03,multi_repeat_random_states.py,"(1021, 9)",595,sequential_175,Dense 64 -> 16 -> 32 -> 64 -> 64 -> 32 -> 1,mse,adam_175,50,256,6.9607,3111.737060546875,3106.795166015625,2739.1806640625,0.565535882532029,0.7
2026-09-04 13:36:04,multi_repeat_random_states.py,"(1021, 9)",679,sequential_175,Dense 64 -> 16 -> 32 -> 64 -> 64 -> 32 -> 1,mse,adam_175,50,256,6.9226,6129.2734375,4323.43896484375,4427.68359375,0.36515363385896105,0.7
2026-09-04 13:36:07,multi_repeat_random_states.py,"(1021, 9)",512,sequential_176,Dense 64 -> 16 -> 32 -> 64 -> 64 -> 32 -> 1,mse,adam_176,50,256,10.1407,31661.412109375,4384.73828125,3792.812255859375,0.39947384846272316,0.7
2026-09-04 13:36:12,multi_repeat_random_states.py,"(1021, 9)",679,sequential_175,Dense 64 -> 16 -> 32 -> 64 -> 64 -> 32 -> 1,mse,adam_175,50,256,6.8507,4277.15283203125,2930.337158203125,3055.5107421875,0.561897336714215,0.7
2026-09-04 13:36:14,multi_repeat_random_states.py,"(1021, 9)",596,sequential_176,Dense 64 -> 16 -> 32 -> 64 -> 64 -> 32 -> 1,mse,adam_176,50,256,10.2959,30478.609375,3816.96875,3849.191162109375,0.4526111017600315,0.7
2026-09-04 13:36:15,multi_repeat_random_states.py,"(1021, 9)",512,sequential_176,Dense 64 -> 16 -> 32 -> 64 -> 64 -> 32 -> 1,mse,adam_176,50,256,7.1671,4239.9453125,3016.275390625,2495.634521484375,0.6048594825155231,0.7
2026-09-04 13:36:21,multi_repeat_random_states.py,"(1021, 9)",596,sequential_176,Dense 64 -> 16 -> 32 -> 64 -> 64 -> 32 -> 1,mse,adam_176,50,256,6.8702,3706.876220703125,2952.388916015625,3098.914306640625,0.5593071117107402,0.7
2026-09-04 13:36:22,multi_repeat_random_states.py,"(1021, 9)",512,sequential_176,Dense 64 -> 16 -> 32 -> 64 -> 64 -> 32 -> 1,mse,adam_176,50,256,6.8553,3029.845947265625,3197.286865234375,2578.040771484375,0.5918118880085447,0.7
2026-09-04 13:36:23,multi_repeat_random_states.py,"(1021, 9)",680,sequential_176,Dense 64 -> 16 -> 32 -> 64 -> 64 -> 32 -> 1,mse,adam_176,50,256,10.2145,29811.478515625,3760.79931640625,3509.083740234375,0.4528362940713365,0.7
2026-09-04 13:36:28,multi_repeat_random_states.py,"(1021, 9)",596,sequential_176,Dense 64 -> 16 -> 32 -> 64 -> 64 -> 32 -> 1,mse,adam_176,50,256,6.5406,3109.752197265625,2974.78369140625,2938.388671875,0.5821352333159783,0.7
2026-09-04 13:36:30,multi_repeat_random_states.py,"(1021, 9)",680,sequential_176,Dense 64 -> 16 -> 32 -> 64 -> 64 -> 32 -> 1,mse,adam_176,50,256,7.1167,3500.67138671875,2970.1845703125,2815.029296875,0.5610586438248886,0.7
2026-09-04 13:36:34,multi_repeat_random_states.py,"(1021, 9)",513,sequential_177,Dense 64 -> 16 -> 32 -> 64 -> 64 -> 32 -> 1,mse,adam_177,50,256,10.795,40821.5234375,4009.8662109375,3632.54736328125,0.4339228631072448,0.7
2026-09-04 13:36:37,multi_repeat_random_states.py,"(1021, 9)",680,sequential_176,Dense 64 -> 16 -> 32 -> 64 -> 64 -> 32 -> 1,mse,adam_176,50,256,6.5504,2978.275634765625,2852.81591796875,3137.461669921875,0.5107824684610555,0.7
2026-09-04 13:36:40,multi_repeat_random_states.py,"(1021, 9)",597,sequential_177,Dense 64 -> 16 -> 32 -> 64 -> 64 -> 32 -> 1,mse,adam_177,50,256,10.2515,45862.15625,3583.845703125,3956.18115234375,0.4630572621786151,0.7
2026-09-04 13:36:41,multi_repeat_random_states.py,"(1021, 9)",513,sequential_177,Dense 64 -> 16 -> 32 -> 64 -> 64 -> 32 -> 1,mse,adam_177,50,256,6.5178,3969.797607421875,3030.800537109375,3121.418212890625,0.51357464288203,0.7
2026-09-04 13:36:44,multi_repeat_random_states.py,"(1021, 9)",597,sequential_177,Dense 64 -> 16 -> 32 -> 64 -> 64 -> 32 -> 1,mse,adam_177,50,256,3.8114,3488.533447265625,2793.730224609375,3043.580810546875,0.5869176454383958,0.7
2026-09-04 13:36:44,multi_repeat_random_states.py,"(1021, 9)",513,sequential_177,Dense 64 -> 16 -> 32 -> 64 -> 64 -> 32 -> 1,mse,adam_177,50,256,2.8185,3256.99169921875,3003.695068359375,2868.793701171875,0.5529422656179525,0.7
2026-09-04 13:36:44,multi_repeat_random_states.py,"(1021, 9)",681,sequential_177,Dense 64 -> 16 -> 32 -> 64 -> 64 -> 32 -> 1,mse,adam_177,50,256,6.2577,95776.1328125,4982.4384765625,4842.42578125,0.27624120237103744,0.7
2026-09-04 13:36:45,multi_repeat_random_states.py,"(1021, 9)",597,sequential_177,Dense 64 -> 16 -> 32 -> 64 -> 64 -> 32 -> 1,mse,adam_177,50,256,1.4001,2771.0732421875,3232.0859375,3551.13818359375,0.5180306999446025,0.7
2026-09-04 13:36:45,multi_repeat_random_states.py,"(1021, 9)",681,sequential_177,Dense 64 -> 16 -> 32 -> 64 -> 64 -> 32 -> 1,mse,adam_177,50,256,1.3947,4932.17724609375,3178.960205078125,2823.140869140625,0.5780475811714592,0.7
2026-09-04 13:36:46,multi_repeat_random_states.py,"(1021, 9)",514,sequential_178,Dense 64 -> 16 -> 32 -> 64 -> 64 -> 32 -> 1,mse,adam_178,50,256,2.2697,74666.4609375,4085.9951171875,4226.15673828125,0.4181522996982272,0.7
2026-09-04 13:36:47,multi_repeat_random_states.py,"(1021, 9)",681,sequential_177,Dense 64 -> 16 -> 32 -> 64 -> 64 -> 32 -> 1,mse,adam_177,50,256,1.4387,3130.47509765625,3022.806884765625,2835.91259765625,0.5761386909396166,0.7
2026-09-04 13:36:48,multi_repeat_random_states.py,"(1021, 9)",598,sequential_178,Dense 64 -> 16 -> 32 -> 64 -> 64 -> 32 -> 1,mse,adam_178,50,256,2.3736,12148.1103515625,3140.03271484375,2563.615234375,0.6083642330294463,0.7
2026-09-04 13:36:48,multi_repeat_random_states.py,"(1021, 9)",514,sequential_178,Dense 64 -> 16 -> 32 -> 64 -> 64 -> 32 -> 1,mse,adam_178,50,256,1.5238,4000.30419921875,2840.09521484375,3251.43115234375,0.5523502766213657,0.7
2026-09-04 13:36:49,multi_repeat_random_states.py,"(1021, 9)",598,sequential_178,Dense 64 -> 16 -> 32 -> 64 -> 64 -> 32 -> 1,mse,adam_178,50,256,1.5247,3296.544921875,3234.6875,2596.16162109375,0.603392176088557,0.7
2026-09-04 13:36:50,multi_repeat_random_states.py,"(1021, 9)",514,sequential_178,Dense 64 -> 16 -> 32 -> 64 -> 64 -> 32 -> 1,mse,adam_178,50,256,1.513,2835.80322265625,3156.543701171875,4682.8603515625,0.3552743068968661,0.7
2026-09-04 13:36:50,multi_repeat_random_states.py,"(1021, 9)",682,sequential_178,Dense 64 -> 16 -> 32 -> 64 -> 64 -> 32 -> 1,mse,adam_178,50,256,2.4955,42037.17578125,4626.08984375,4297.50439453125,0.35435848332153574,0.7
2026-09-04 13:36:51,multi_repeat_random_states.py,"(1021, 9)",598,sequential_178,Dense 64 -> 16 -> 32 -> 64 -> 64 -> 32 -> 1,mse,adam_178,50,256,1.3992,3082.52392578125,2973.391845703125,2479.133056640625,0.621270263487793,0.7
2026-09-04 13:36:51,multi_repeat_random_states.py,"(1021, 9)",682,sequential_178,Dense 64 -> 16 -> 32 -> 64 -> 64 -> 32 -> 1,mse,adam_178,50,256,1.4209,4455.98291015625,3267.769775390625,3101.1328125,0.534097068365937,0.7
2026-09-04 13:36:52,multi_repeat_random_states.py,"(1021, 9)",515,sequential_179,Dense 64 -> 16 -> 32 -> 64 -> 64 -> 32 -> 1,mse,adam_179,50,256,2.2618,44308.12109375,5015.10546875,4837.70166015625,0.26749394187743547,0.7
2026-09-04 13:36:53,multi_repeat_random_states.py,"(1021, 9)",682,sequential_178,Dense 64 -> 16 -> 32 -> 64 -> 64 -> 32 -> 1,mse,adam_178,50,256,1.4407,3389.81982421875,3105.20849609375,2800.375,0.579281773790321,0.7
2026-09-04 13:36:53,multi_repeat_random_states.py,"(1021, 9)",599,sequential_179,Dense 64 -> 16 -> 32 -> 64 -> 64 -> 32 -> 1,mse,adam_179,50,256,2.2652,43871.7421875,3257.905517578125,4165.6328125,0.45102770197817255,0.7
2026-09-04 13:36:54,multi_repeat_random_states.py,"(1021, 9)",515,sequential_179,Dense 64 -> 16 -> 32 -> 64 -> 64 -> 32 -> 1,mse,adam_179,50,256,1.4352,4935.02685546875,2969.120361328125,3228.52880859375,0.5111487381034318,0.7
2026-09-04 13:36:55,multi_repeat_random_states.py,"(1021, 9)",599,sequential_179,Dense 64 -> 16 -> 32 -> 64 -> 64 -> 32 -> 1,mse,adam_179,50,256,1.4223,3240.108642578125,2641.262939453125,3882.78076171875,0.48830375054171604,0.7
2026-09-04 13:36:55,multi_repeat_random_states.py,"(1021, 9)",515,sequential_179,Dense 64 -> 16 -> 32 -> 64 -> 64 -> 32 -> 1,mse,adam_179,50,256,1.3966,2954.30517578125,3617.892822265625,2891.101806640625,0.5622405277113207,0.7
2026-09-04 13:36:55,multi_repeat_random_states.py,"(1021, 9)",683,sequential_179,Dense 64 -> 16 -> 32 -> 64 -> 64 -> 32 -> 1,mse,adam_179,50,256,2.257,66239.8984375,5613.91162109375,5168.54150390625,0.23600676727998848,0.7
2026-09-04 13:36:56,multi_repeat_random_states.py,"(1021, 9)",599,sequential_179,Dense 64 -> 16 -> 32 -> 64 -> 64 -> 32 -> 1,mse,adam_179,50,256,1.4768,2678.705322265625,2625.86865234375,3579.62060546875,0.5282558930669372,0.7
2026-09-04 13:36:57,multi_repeat_random_states.py,"(1021, 9)",683,sequential_179,Dense 64 -> 16 -> 32 -> 64 -> 64 -> 32 -> 1,mse,adam_179,50,256,1.4152,5624.3623046875,2932.388427734375,2733.629638671875,0.5959257737529627,0.7
2026-09-04 13:36:58,multi_repeat_random_states.py,"(1021, 9)",516,sequential_180,Dense 64 -> 16 -> 32 -> 64 -> 64 -> 32 -> 1,mse,adam_180,50,256,2.2777,106980.0859375,5845.921875,5616.24267578125,0.10404485801711416,0.7
2026-09-04 13:36:58,multi_repeat_random_states.py,"(1021, 9)",683,sequential_179,Dense 64 -> 16 -> 32 -> 64 -> 64 -> 32 -> 1,mse,adam_179,50,256,1.4234,3061.4814453125,3238.270751953125,2742.725830078125,0.5945812235967518,0.7
2026-09-04 13:36:59,multi_repeat_random_states.py,"(1021, 9)",600,sequential_180,Dense 64 -> 16 -> 32 -> 64 -> 64 -> 32 -> 1,mse,adam_180,50,256,2.3141,47017.921875,4376.18310546875,4969.6767578125,0.31795251156795123,0.7
2026-09-04 13:36:59,multi_repeat_random_states.py,"(1021, 9)",516,sequential_180,Dense 64 -> 16 -> 32 -> 64 -> 64 -> 32 -> 1,mse,adam_180,50,256,1.4479,5827.681640625,2978.6337890625,2957.62841796875,0.5281717028463576,0.7
2026-09-04 13:37:01,multi_repeat_random_states.py,"(1021, 9)",600,sequential_180,Dense 64 -> 16 -> 32 -> 64 -> 64 -> 32 -> 1,mse,adam_180,50,256,1.3951,4288.443359375,3276.51513671875,3274.634765625,0.5505831337964647,0.7
2026-09-04 13:37:01,multi_repeat_random_states.py,"(1021, 9)",516,sequential_180,Dense 64 -> 16 -> 32 -> 64 -> 64 -> 32 -> 1,mse,adam_180,50,256,1.4422,3019.57666015625,2981.674560546875,3092.104248046875,0.5067188728261682,0.7
2026-09-04 13:37:01,multi_repeat_random_states.py,"(1021, 9)",684,sequential_180,Dense 64 -> 16 -> 32 -> 64 -> 64 -> 32 -> 1,mse,adam_180,50,256,2.259,21422.69921875,5092.29296875,4084.731201171875,0.36103552256647664,0.7
2026-09-04 13:37:02,multi_repeat_random_states.py,"(1021, 9)",600,sequential_180,Dense 64 -> 16 -> 32 -> 64 -> 64 -> 32 -> 1,mse,adam_180,50,256,1.3804,3283.790771484375,2988.734130859375,3022.193603515625,0.585228658377781,0.7
2026-09-04 13:37:02,multi_repeat_random_states.py,"(1021, 9)",684,sequential_180,Dense 64 -> 16 -> 32 -> 64 -> 64 -> 32 -> 1,mse,adam_180,50,256,1.388,4785.5322265625,3310.64501953125,3288.60693359375,0.48557123095573707,0.7
2026-09-04 13:37:03,multi_repeat_random_states.py,"(1021, 9)",517,sequential_181,Dense 64 -> 16 -> 32 -> 64 -> 64 -> 32 -> 1,mse,adam_181,50,256,2.2875,19501.3515625,4215.83935546875,3988.19140625,0.38225352873682905,0.7
2026-09-04 13:37:04,multi_repeat_random_states.py,"(1021, 9)",684,sequential_180,Dense 64 -> 16 -> 32 -> 64 -> 64 -> 32 -> 1,mse,adam_180,50,256,1.4104,3255.4326171875,2992.814697265625,2558.413818359375,0.599793613043364,0.7
2026-09-04 13:37:05,multi_repeat_random_states.py,"(1021, 9)",601,sequential_181,Dense 64 -> 16 -> 32 -> 64 -> 64 -> 32 -> 1,mse,adam_181,50,256,2.2853,29518.375,3216.263916015625,3795.402099609375,0.39262190475046965,0.7
2026-09-04 13:37:05,multi_repeat_random_states.py,"(1021, 9)",517,sequential_181,Dense 64 -> 16 -> 32 -> 64 -> 64 -> 32 -> 1,mse,adam_181,50,256,1.399,3986.017822265625,2920.577880859375,2985.74658203125,0.5375261475703252,0.7
2026-09-04 13:37:06,multi_repeat_random_states.py,"(1021, 9)",601,sequential_181,Dense 64 -> 16 -> 32 -> 64 -> 64 -> 32 -> 1,mse,adam_181,50,256,1.441,3292.016845703125,2887.388427734375,2788.42236328125,0.5537688468816854,0.7
2026-09-04 13:37:06,multi_repeat_random_states.py,"(1021, 9)",517,sequential_181,Dense 64 -> 16 -> 32 -> 64 -> 64 -> 32 -> 1,mse,adam_181,50,256,1.4206,2947.072998046875,3157.191650390625,2751.109375,0.5738700250625688,0.7
2026-09-04 13:37:06,multi_repeat_random_states.py,"(1021, 9)",685,sequential_181,Dense 64 -> 16 -> 32 -> 64 -> 64 -> 32 -> 1,mse,adam_181,50,256,2.2833,93453.96875,5037.7080078125,4082.042236328125,0.3189596866009796,0.7
2026-09-04 13:37:08,multi_repeat_random_states.py,"(1021, 9)",601,sequential_181,Dense 64 -> 16 -> 32 -> 64 -> 64 -> 32 -> 1,mse,adam_181,50,256,1.3784,2886.98583984375,3416.490234375,3151.43017578125,0.4956767472060414,0.7
2026-09-04 13:37:08,multi_repeat_random_states.py,"(1021, 9)",685,sequential_181,Dense 64 -> 16 -> 32 -> 64 -> 64 -> 32 -> 1,mse,adam_181,50,256,1.3813,4955.6591796875,3084.329345703125,2642.263671875,0.5591696147115601,0.7
2026-09-04 13:37:09,multi_repeat_random_states.py,"(1021, 9)",518,sequential_182,Dense 64 -> 16 -> 32 -> 64 -> 64 -> 32 -> 1,mse,adam_182,50,256,2.2742,46868.4140625,5587.78125,5812.78662109375,0.16558052022481284,0.7
2026-09-04 13:37:10,multi_repeat_random_states.py,"(1021, 9)",685,sequential_181,Dense 64 -> 16 -> 32 -> 64 -> 64 -> 32 -> 1,mse,adam_181,50,256,1.4883,3006.518310546875,3335.783935546875,2953.257080078125,0.5072840427743894,0.7
2026-09-04 13:37:10,multi_repeat_random_states.py,"(1021, 9)",602,sequential_182,Dense 64 -> 16 -> 32 -> 64 -> 64 -> 32 -> 1,mse,adam_182,50,256,2.2555,23054.875,3204.50146484375,3005.8076171875,0.5537573853182487,0.7
2026-09-04 13:37:10,multi_repeat_random_states.py,"(1021, 9)",518,sequential_182,Dense 64 -> 16 -> 32 -> 64 -> 64 -> 32 -> 1,mse,adam_182,50,256,1.4419,5598.83740234375,3170.563232421875,2922.575927734375,0.5804671864298527,0.7
2026-09-04 13:37:12,multi_repeat_random_states.py,"(1021, 9)",602,sequential_182,Dense 64 -> 16 -> 32 -> 64 -> 64 -> 32 -> 1,mse,adam_182,50,256,1.4509,3156.58984375,2841.61474609375,2998.974365234375,0.5547717811575803,0.7
2026-09-04 13:37:12,multi_repeat_random_states.py,"(1021, 9)",518,sequential_182,Dense 64 -> 16 -> 32 -> 64 -> 64 -> 32 -> 1,mse,adam_182,50,256,1.5053,3094.8125,2965.87060546875,2985.111328125,0.5714903032090044,0.7
2026-09-04 13:37:12,multi_repeat_random_states.py,"(1021, 9)",686,sequential_182,Dense 64 -> 16 -> 32 -> 64 -> 64 -> 32 -> 1,mse,adam_182,50,256,2.3314,46677.34375,4715.52880859375,4529.0029296875,0.33598713677666014,0.7
2026-09-04 13:37:18,multi_repeat_random_states.py,"(1021, 9)",602,sequential_182,Dense 64 -> 16 -> 32 -> 64 -> 64 -> 32 -> 1,mse,adam_182,50,256,5.4793,2937.560546875,3077.055908203125,3147.337158203125,0.5327459036078024,0.7
2026-09-04 13:37:20,multi_repeat_random_states.py,"(1021, 9)",686,sequential_182,Dense 64 -> 16 -> 32 -> 64 -> 64 -> 32 -> 1,mse,adam_182,50,256,6.9167,4605.92919921875,3172.232666015625,2741.377685546875,0.598077151911149,0.7
2026-09-04 13:37:24,multi_repeat_random_states.py,"(1021, 9)",519,sequential_183,Dense 64 -> 16 -> 32 -> 64 -> 64 -> 32 -> 1,mse,adam_183,50,256,10.7804,24549.58984375,3804.0830078125,3740.2900390625,0.4705543699421041,0.7
2026-09-04 13:37:27,multi_repeat_random_states.py,"(1021, 9)",686,sequential_182,Dense 64 -> 16 -> 32 -> 64 -> 64 -> 32 -> 1,mse,adam_182,50,256,7.3474,3148.757080078125,3019.64990234375,2680.265380859375,0.607037036814801,0.7
2026-09-04 13:37:29,multi_repeat_random_states.py,"(1021, 9)",603,sequential_183,Dense 64 -> 16 -> 32 -> 64 -> 64 -> 32 -> 1,mse,adam_183,50,256,10.5539,57548.46875,4038.9658203125,4443.40478515625,0.4233740050000142,0.7
2026-09-04 13:37:31,multi_repeat_random_states.py,"(1021, 9)",519,sequential_183,Dense 64 -> 16 -> 32 -> 64 -> 64 -> 32 -> 1,mse,adam_183,50,256,6.9776,3718.15576171875,3308.202392578125,2722.658935546875,0.6146020460167848,0.7
2026-09-04 13:37:37,multi_repeat_random_states.py,"(1021, 9)",603,sequential_183,Dense 64 -> 16 -> 32 -> 64 -> 64 -> 32 -> 1,mse,adam_183,50,256,7.2035,3900.867919921875,2800.50341796875,2988.44287109375,0.6121862043309781,0.7
2026-09-04 13:37:39,multi_repeat_random_states.py,"(1021, 9)",687,sequential_183,Dense 64 -> 16 -> 32 -> 64 -> 64 -> 32 -> 1,mse,adam_183,50,256,10.3098,74471.328125,4265.94873046875,4120.04296875,0.3885757900699378,0.7
2026-09-04 13:37:39,multi_repeat_random_states.py,"(1021, 9)",519,sequential_183,Dense 64 -> 16 -> 32 -> 64 -> 64 -> 32 -> 1,mse,adam_183,50,256,7.1329,3246.2392578125,2993.1787109375,2782.559814453125,0.6061229380691001,0.7
2026-09-04 13:37:44,multi_repeat_random_states.py,"(1021, 9)",603,sequential_183,Dense 64 -> 16 -> 32 -> 64 -> 64 -> 32 -> 1,mse,adam_183,50,256,6.8902,2790.748779296875,2812.927978515625,3106.453125,0.5968718462807198,0.7
2026-09-04 13:37:46,multi_repeat_random_states.py,"(1021, 9)",687,sequential_183,Dense 64 -> 16 -> 32 -> 64 -> 64 -> 32 -> 1,mse,adam_183,50,256,7.1913,4177.62353515625,3237.8359375,3947.141845703125,0.41423469433925153,0.7
2026-09-04 13:37:50,multi_repeat_random_states.py,"(1021, 9)",520,sequential_184,Dense 64 -> 16 -> 32 -> 64 -> 64 -> 32 -> 1,mse,adam_184,50,256,10.1227,55475.38671875,4838.99072265625,4655.0634765625,0.3014944781873793,0.7
2026-09-04 13:37:54,multi_repeat_random_states.py,"(1021, 9)",687,sequential_183,Dense 64 -> 16 -> 32 -> 64 -> 64 -> 32 -> 1,mse,adam_183,50,256,6.9263,3482.115966796875,3026.4814453125,2747.071533203125,0.5923280109595155,0.7
2026-09-04 13:37:55,multi_repeat_random_states.py,"(1021, 9)",604,sequential_184,Dense 64 -> 16 -> 32 -> 64 -> 64 -> 32 -> 1,mse,adam_184,50,256,10.039,86563.515625,4209.79736328125,5295.3681640625,0.3035984836096852,0.7
2026-09-04 13:37:58,multi_repeat_random_states.py,"(1021, 9)",520,sequential_184,Dense 64 -> 16 -> 32 -> 64 -> 64 -> 32 -> 1,mse,adam_184,50,256,7.2166,4840.904296875,2972.816650390625,2864.92333984375,0.5701100973403865,0.7
2026-09-04 13:38:02,multi_repeat_random_states.py,"(1021, 9)",604,sequential_184,Dense 64 -> 16 -> 32 -> 64 -> 64 -> 32 -> 1,mse,adam_184,50,256,6.9147,4266.7119140625,2858.593505859375,3261.756591796875,0.5710416813171096,0.7
2026-09-04 13:38:05,multi_repeat_random_states.py,"(1021, 9)",688,sequential_184,Dense 64 -> 16 -> 32 -> 64 -> 64 -> 32 -> 1,mse,adam_184,50,256,10.1275,54562.203125,4904.669921875,4878.0078125,0.2926811537174391,0.7
2026-09-04 13:38:06,multi_repeat_random_states.py,"(1021, 9)",520,sequential_184,Dense 64 -> 16 -> 32 -> 64 -> 64 -> 32 -> 1,mse,adam_184,50,256,6.9678,3103.182373046875,3161.6875,2904.86474609375,0.5641166976460783,0.7
2026-09-04 13:38:10,multi_repeat_random_states.py,"(1021, 9)",604,sequential_184,Dense 64 -> 16 -> 32 -> 64 -> 64 -> 32 -> 1,mse,adam_184,50,256,7.1844,3003.18017578125,2720.37646484375,3086.68115234375,0.5940661043664872,0.7
2026-09-04 13:38:12,multi_repeat_random_states.py,"(1021, 9)",688,sequential_184,Dense 64 -> 16 -> 32 -> 64 -> 64 -> 32 -> 1,mse,adam_184,50,256,6.9735,4982.19873046875,3039.656494140625,3268.6591796875,0.5260392573235245,0.7
2026-09-04 13:38:17,multi_repeat_random_states.py,"(1021, 9)",521,sequential_185,Dense 64 -> 16 -> 32 -> 64 -> 64 -> 32 -> 1,mse,adam_185,50,256,10.8263,23686.23828125,3332.3720703125,3516.214111328125,0.5126629430068675,0.7
2026-09-04 13:38:20,multi_repeat_random_states.py,"(1021, 9)",688,sequential_184,Dense 64 -> 16 -> 32 -> 64 -> 64 -> 32 -> 1,mse,adam_184,50,256,7.0965,3081.302734375,2981.70166015625,2914.948974609375,0.577327777248462,0.7
2026-09-04 13:38:21,multi_repeat_random_states.py,"(1021, 9)",605,sequential_185,Dense 64 -> 16 -> 32 -> 64 -> 64 -> 32 -> 1,mse,adam_185,50,256,10.4445,29782.66796875,3555.9345703125,3613.685302734375,0.49960779993750937,0.7
2026-09-04 13:38:21,multi_repeat_random_states.py,"(1021, 9)",521,sequential_185,Dense 64 -> 16 -> 32 -> 64 -> 64 -> 32 -> 1,mse,adam_185,50,256,3.9678,3281.130126953125,2921.218505859375,3017.18017578125,0.5818275904278873,0.7
2026-09-04 13:38:22,multi_repeat_random_states.py,"(1021, 9)",605,sequential_185,Dense 64 -> 16 -> 32 -> 64 -> 64 -> 32 -> 1,mse,adam_185,50,256,1.4759,3455.5546875,2816.931884765625,2979.108642578125,0.5874785434898748,0.7
2026-09-04 13:38:23,multi_repeat_random_states.py,"(1021, 9)",689,sequential_185,Dense 64 -> 16 -> 32 -> 64 -> 64 -> 32 -> 1,mse,adam_185,50,256,2.7487,272612.65625,6208.37255859375,6058.0673828125,0.06633322327962232,0.7
2026-09-04 13:38:23,multi_repeat_random_states.py,"(1021, 9)",521,sequential_185,Dense 64 -> 16 -> 32 -> 64 -> 64 -> 32 -> 1,mse,adam_185,50,256,1.4482,2844.642578125,3107.6923828125,3099.74169921875,0.5703847685888465,0.7
2026-09-04 13:38:24,multi_repeat_random_states.py,"(1021, 9)",605,sequential_185,Dense 64 -> 16 -> 32 -> 64 -> 64 -> 32 -> 1,mse,adam_185,50,256,1.406,2813.586669921875,3310.6337890625,3210.217529296875,0.5554766194519609,0.7
2026-09-04 13:38:24,multi_repeat_random_states.py,"(1021, 9)",689,sequential_185,Dense 64 -> 16 -> 32 -> 64 -> 64 -> 32 -> 1,mse,adam_185,50,256,1.379,6196.400390625,5233.04541015625,5143.72900390625,0.20725073225268564,0.7
2026-09-04 13:38:26,multi_repeat_random_states.py,"(1021, 9)",522,sequential_186,Dense 64 -> 16 -> 32 -> 64 -> 64 -> 32 -> 1,mse,adam_186,50,256,2.222,201937.359375,5994.99462890625,6358.68994140625,0.07099004380779717,0.7
2026-09-04 13:38:26,multi_repeat_random_states.py,"(1021, 9)",689,sequential_185,Dense 64 -> 16 -> 32 -> 64 -> 64 -> 32 -> 1,mse,adam_185,50,256,1.4036,5227.251953125,3586.64208984375,3239.05419921875,0.5007983904221197,0.7
2026-09-04 13:38:26,multi_repeat_random_states.py,"(1021, 9)",606,sequential_186,Dense 64 -> 16 -> 32 -> 64 -> 64 -> 32 -> 1,mse,adam_186,50,256,2.2581,47436.90625,4983.99609375,5062.55615234375,0.2695433968425732,0.7
2026-09-04 13:38:27,multi_repeat_random_states.py,"(1021, 9)",522,sequential_186,Dense 64 -> 16 -> 32 -> 64 -> 64 -> 32 -> 1,mse,adam_186,50,256,1.4008,5969.18408203125,3926.20703125,3967.73876953125,0.42030998623228655,0.7
2026-09-04 13:38:28,multi_repeat_random_states.py,"(1021, 9)",606,sequential_186,Dense 64 -> 16 -> 32 -> 64 -> 64 -> 32 -> 1,mse,adam_186,50,256,1.3912,4881.7802734375,2874.50341796875,3064.701416015625,0.5578060804072288,0.7
2026-09-04 13:38:28,multi_repeat_random_states.py,"(1021, 9)",690,sequential_186,Dense 64 -> 16 -> 32 -> 64 -> 64 -> 32 -> 1,mse,adam_186,50,256,2.2841,65879.421875,5440.4111328125,4762.8251953125,0.2470987839145239,0.7
2026-09-04 13:38:29,multi_repeat_random_states.py,"(1021, 9)",522,sequential_186,Dense 64 -> 16 -> 32 -> 64 -> 64 -> 32 -> 1,mse,adam_186,50,256,1.3981,3778.003662109375,3241.361328125,2924.451171875,0.572735221420874,0.7
2026-09-04 13:38:29,multi_repeat_random_states.py,"(1021, 9)",606,sequential_186,Dense 64 -> 16 -> 32 -> 64 -> 64 -> 32 -> 1,mse,adam_186,50,256,1.4128,2947.20703125,2875.359375,3008.104736328125,0.5659722404883959,0.7
2026-09-04 13:38:30,multi_repeat_random_states.py,"(1021, 9)",690,sequential_186,Dense 64 -> 16 -> 32 -> 64 -> 64 -> 32 -> 1,mse,adam_186,50,256,1.3892,5336.9775390625,3393.075927734375,3064.186279296875,0.5156174408504588,0.7
2026-09-04 13:38:31,multi_repeat_random_states.py,"(1021, 9)",523,sequential_187,Dense 64 -> 16 -> 32 -> 64 -> 64 -> 32 -> 1,mse,adam_187,50,256,2.2815,42200.609375,3548.938720703125,3506.332275390625,0.5012874325486449,0.7
2026-09-04 13:38:32,multi_repeat_random_states.py,"(1021, 9)",690,sequential_186,Dense 64 -> 16 -> 32 -> 64 -> 64 -> 32 -> 1,mse,adam_186,50,256,1.4763,3442.02587890625,3635.70654296875,2369.5234375,0.6254288226071776,0.7
2026-09-04 13:38:32,multi_repeat_random_states.py,"(1021, 9)",607,sequential_187,Dense 64 -> 16 -> 32 -> 64 -> 64 -> 32 -> 1,mse,adam_187,50,256,2.2772,24730.44921875,3238.363525390625,3443.359130859375,0.5169954232162617,0.7
2026-09-04 13:38:33,multi_repeat_random_states.py,"(1021, 9)",523,sequential_187,Dense 64 -> 16 -> 32 -> 64 -> 64 -> 32 -> 1,mse,adam_187,50,256,1.4075,3360.26806640625,3013.1708984375,2898.763916015625,0.5877030865057701,0.7
2026-09-04 13:38:33,multi_repeat_random_states.py,"(1021, 9)",607,sequential_187,Dense 64 -> 16 -> 32 -> 64 -> 64 -> 32 -> 1,mse,adam_187,50,256,1.4092,3115.688232421875,3058.122314453125,3135.559814453125,0.5601708039245801,0.7
2026-09-04 13:38:34,multi_repeat_random_states.py,"(1021, 9)",691,sequential_187,Dense 64 -> 16 -> 32 -> 64 -> 64 -> 32 -> 1,mse,adam_187,50,256,2.2887,31465.62109375,3749.207763671875,2994.921142578125,0.4979732408533124,0.7
2026-09-04 13:38:34,multi_repeat_random_states.py,"(1021, 9)",523,sequential_187,Dense 64 -> 16 -> 32 -> 64 -> 64 -> 32 -> 1,mse,adam_187,50,256,1.4257,2842.627685546875,2894.60888671875,3165.972412109375,0.5496974057604473,0.7
2026-09-04 13:38:35,multi_repeat_random_states.py,"(1021, 9)",607,sequential_187,Dense 64 -> 16 -> 32 -> 64 -> 64 -> 32 -> 1,mse,adam_187,50,256,1.5409,2892.386474609375,3558.72705078125,3572.33056640625,0.49890436019189055,0.7
2026-09-04 13:38:36,multi_repeat_random_states.py,"(1021, 9)",691,sequential_187,Dense 64 -> 16 -> 32 -> 64 -> 64 -> 32 -> 1,mse,adam_187,50,256,1.523,3556.401611328125,3038.749267578125,2625.64013671875,0.5598743950715617,0.7
2026-09-04 13:38:37,multi_repeat_random_states.py,"(1021, 9)",524,sequential_188,Dense 64 -> 16 -> 32 -> 64 -> 64 -> 32 -> 1,mse,adam_188,50,256,2.36,109192.640625,6194.60546875,4847.38134765625,0.1677651862904026,0.7
2026-09-04 13:38:37,multi_repeat_random_states.py,"(1021, 9)",691,sequential_187,Dense 64 -> 16 -> 32 -> 64 -> 64 -> 32 -> 1,mse,adam_187,50,256,1.4764,3027.12841796875,3114.3173828125,2727.3984375,0.54281704886271,0.7
2026-09-04 13:38:38,multi_repeat_random_states.py,"(1021, 9)",608,sequential_188,Dense 64 -> 16 -> 32 -> 64 -> 64 -> 32 -> 1,mse,adam_188,50,256,2.3896,31940.9453125,2983.845458984375,3326.291748046875,0.5092767867154777,0.7
2026-09-04 13:38:38,multi_repeat_random_states.py,"(1021, 9)",524,sequential_188,Dense 64 -> 16 -> 32 -> 64 -> 64 -> 32 -> 1,mse,adam_188,50,256,1.4243,6148.63525390625,3285.13525390625,2866.221923828125,0.507905402976613,0.7
2026-09-04 13:38:39,multi_repeat_random_states.py,"(1021, 9)",608,sequential_188,Dense 64 -> 16 -> 32 -> 64 -> 64 -> 32 -> 1,mse,adam_188,50,256,1.467,3220.289794921875,2949.273681640625,2715.8818359375,0.5993296669457608,0.7
2026-09-04 13:38:40,multi_repeat_random_states.py,"(1021, 9)",524,sequential_188,Dense 64 -> 16 -> 32 -> 64 -> 64 -> 32 -> 1,mse,adam_188,50,256,1.5149,3381.205810546875,3025.147216796875,2823.120361328125,0.5153054796626637,0.7
2026-09-04 13:38:40,multi_repeat_random_states.py,"(1021, 9)",692,sequential_188,Dense 64 -> 16 -> 32 -> 64 -> 64 -> 32 -> 1,mse,adam_188,50,256,2.4254,21175.826171875,3200.875244140625,3315.23681640625,0.562338860895021,0.7
2026-09-04 13:38:41,multi_repeat_random_states.py,"(1021, 9)",608,sequential_188,Dense 64 -> 16 -> 32 -> 64 -> 64 -> 32 -> 1,mse,adam_188,50,256,1.5547,2960.070068359375,3189.32373046875,2717.380615234375,0.5991085543639423,0.7
2026-09-04 13:38:42,multi_repeat_random_states.py,"(1021, 9)",692,sequential_188,Dense 64 -> 16 -> 32 -> 64 -> 64 -> 32 -> 1,mse,adam_188,50,256,1.5989,3083.234130859375,2967.038330078125,3152.21435546875,0.5838602911069601,0.7
2026-09-04 13:38:43,multi_repeat_random_states.py,"(1021, 9)",525,sequential_189,Dense 64 -> 16 -> 32 -> 64 -> 64 -> 32 -> 1,mse,adam_189,50,256,2.4472,33774.6171875,3765.33544921875,3122.810791015625,0.5278412842045845,0.7
2026-09-04 13:38:43,multi_repeat_random_states.py,"(1021, 9)",692,sequential_188,Dense 64 -> 16 -> 32 -> 64 -> 64 -> 32 -> 1,mse,adam_188,50,256,1.5123,2801.484130859375,2819.7763671875,3298.73486328125,0.5645173983029672,0.7
2026-09-04 13:38:43,multi_repeat_random_states.py,"(1021, 9)",609,sequential_189,Dense 64 -> 16 -> 32 -> 64 -> 64 -> 32 -> 1,mse,adam_189,50,256,2.4137,26145.365234375,3500.80615234375,3875.053466796875,0.4966676517112121,0.7
2026-09-04 13:38:44,multi_repeat_random_states.py,"(1021, 9)",525,sequential_189,Dense 64 -> 16 -> 32 -> 64 -> 64 -> 32 -> 1,mse,adam_189,50,256,1.4214,3578.033203125,2803.590087890625,2938.43115234375,0.5557188783678879,0.7
2026-09-04 13:38:45,multi_repeat_random_states.py,"(1021, 9)",609,sequential_189,Dense 64 -> 16 -> 32 -> 64 -> 64 -> 32 -> 1,mse,adam_189,50,256,1.4318,3489.96533203125,2887.969482421875,3035.88623046875,0.6056674170717087,0.7
2026-09-04 13:38:46,multi_repeat_random_states.py,"(1021, 9)",525,sequential_189,Dense 64 -> 16 -> 32 -> 64 -> 64 -> 32 -> 1,mse,adam_189,50,256,1.479,2795.686279296875,3037.224853515625,3056.017333984375,0.5379402248635261,0.7
2026-09-04 13:38:46,multi_repeat_random_states.py,"(1021, 9)",693,sequential_189,Dense 64 -> 16 -> 32 -> 64 -> 64 -> 32 -> 1,mse,adam_189,50,256,2.3312,114946.796875,5080.87548828125,5469.23193359375,0.23645472680017332,0.7
2026-09-04 13:38:47,multi_repeat_random_states.py,"(1021, 9)",609,sequential_189,Dense 64 -> 16 -> 32 -> 64 -> 64 -> 32 -> 1,mse,adam_189,50,256,1.5355,2824.04736328125,2769.930908203125,3015.474853515625,0.6083186601849071,0.7
2026-09-04 13:38:48,multi_repeat_random_states.py,"(1021, 9)",693,sequential_189,Dense 64 -> 16 -> 32 -> 64 -> 64 -> 32 -> 1,mse,adam_189,50,256,1.571,5050.99169921875,3118.167236328125,3266.68310546875,0.5439468587622944,0.7
2026-09-04 13:38:49,multi_repeat_random_states.py,"(1021, 9)",693,sequential_189,Dense 64 -> 16 -> 32 -> 64 -> 64 -> 32 -> 1,mse,adam_189,50,256,1.5421,3025.6474609375,2942.55419921875,2989.08740234375,0.5827012722805835,0.7
2026-09-04 13:38:50,multi_repeat_random_states.py,"(1021, 9)",526,sequential_190,Dense 64 -> 16 -> 32 -> 64 -> 64 -> 32 -> 1,mse,adam_190,50,256,4.3323,30625.205078125,4206.9794921875,3922.349853515625,0.37161166364535037,0.7
2026-09-04 13:38:51,multi_repeat_random_states.py,"(1021, 9)",610,sequential_190,Dense 64 -> 16 -> 32 -> 64 -> 64 -> 32 -> 1,mse,adam_190,50,256,4.2963,69455.328125,4216.76318359375,3976.0,0.4040066314893781,0.7
2026-09-04 13:38:52,multi_repeat_random_states.py,"(1021, 9)",526,sequential_190,Dense 64 -> 16 -> 32 -> 64 -> 64 -> 32 -> 1,mse,adam_190,50,256,1.7112,3921.494140625,2976.853759765625,2998.49853515625,0.5196191614550907,0.7
2026-09-04 13:38:53,multi_repeat_random_states.py,"(1021, 9)",610,sequential_190,Dense 64 -> 16 -> 32 -> 64 -> 64 -> 32 -> 1,mse,adam_190,50,256,1.5139,4273.55126953125,3308.363037109375,3065.768798828125,0.5404482509158774,0.7
2026-09-04 13:38:54,multi_repeat_random_states.py,"(1021, 9)",526,sequential_190,Dense 64 -> 16 -> 32 -> 64 -> 64 -> 32 -> 1,mse,adam_190,50,256,1.4679,2873.68212890625,3731.56982421875,3242.962646484375,0.48045430853306414,0.7
2026-09-04 13:38:54,multi_repeat_random_states.py,"(1021, 9)",694,sequential_190,Dense 64 -> 16 -> 32 -> 64 -> 64 -> 32 -> 1,mse,adam_190,50,256,4.2215,58862.42578125,5481.34912109375,5517.86279296875,0.19464160403136577,0.7
2026-09-04 13:38:54,multi_repeat_random_states.py,"(1021, 9)",610,sequential_190,Dense 64 -> 16 -> 32 -> 64 -> 64 -> 32 -> 1,mse,adam_190,50,256,1.4738,2996.07470703125,3019.997802734375,3228.64501953125,0.5160334744128878,0.7
2026-09-04 13:38:55,multi_repeat_random_states.py,"(1021, 9)",694,sequential_190,Dense 64 -> 16 -> 32 -> 64 -> 64 -> 32 -> 1,mse,adam_190,50,256,1.4346,5454.9560546875,3114.306884765625,2991.909912109375,0.5633164815486061,0.7
2026-09-04 13:38:56,multi_repeat_random_states.py,"(1021, 9)",527,sequential_191,Dense 64 -> 16 -> 32 -> 64 -> 64 -> 32 -> 1,mse,adam_191,50,256,2.3285,42155.3203125,4032.0234375,3741.13330078125,0.42523050650742245,0.7
2026-09-04 13:38:57,multi_repeat_random_states.py,"(1021, 9)",694,sequential_190,Dense 64 -> 16 -> 32 -> 64 -> 64 -> 32 -> 1,mse,adam_190,50,256,1.483,3053.85546875,2852.172119140625,2933.87158203125,0.5717874288228222,0.7
2026-09-04 13:38:57,multi_repeat_random_states.py,"(1021, 9)",611,sequential_191,Dense 64 -> 16 -> 32 -> 64 -> 64 -> 32 -> 1,mse,adam_191,50,256,2.3343,81359.3515625,5244.943359375,6057.744140625,0.19825453301494533,0.7
2026-09-04 13:38:58,multi_repeat_random_states.py,"(1021, 9)",527,sequential_191,Dense 64 -> 16 -> 32 -> 64 -> 64 -> 32 -> 1,mse,adam_191,50,256,1.5288,4122.01953125,3167.202880859375,2661.300048828125,0.5911308027112052,0.7
2026-09-04 13:38:59,multi_repeat_random_states.py,"(1021, 9)",611,sequential_191,Dense 64 -> 16 -> 32 -> 64 -> 64 -> 32 -> 1,mse,adam_191,50,256,1.4936,5197.82861328125,3001.67822265625,3626.5625,0.5200226087239497,0.7
2026-09-04 13:38:59,multi_repeat_random_states.py,"(1021, 9)",695,sequential_191,Dense 64 -> 16 -> 32 -> 64 -> 64 -> 32 -> 1,mse,adam_191,50,256,2.3622,36605.08203125,4446.255859375,4747.7099609375,0.3229577916340519,0.7
2026-09-04 13:39:00,multi_repeat_random_states.py,"(1021, 9)",527,sequential_191,Dense 64 -> 16 -> 32 -> 64 -> 64 -> 32 -> 1,mse,adam_191,50,256,1.5044,3234.1494140625,3159.0966796875,2872.285888671875,0.5587158897301354,0.7
2026-09-04 13:39:00,multi_repeat_random_states.py,"(1021, 9)",611,sequential_191,Dense 64 -> 16 -> 32 -> 64 -> 64 -> 32 -> 1,mse,adam_191,50,256,1.4796,2830.008544921875,2919.3671875,3865.2412109375,0.48843334582008036,0.7
2026-09-04 13:39:01,multi_repeat_random_states.py,"(1021, 9)",695,sequential_191,Dense 64 -> 16 -> 32 -> 64 -> 64 -> 32 -> 1,mse,adam_191,50,256,1.538,4656.3916015625,3357.426025390625,2784.24853515625,0.6029551504321622,0.7
2026-09-04 13:39:02,multi_repeat_random_states.py,"(1021, 9)",528,sequential_192,Dense 64 -> 16 -> 32 -> 64 -> 64 -> 32 -> 1,mse,adam_192,50,256,2.5269,43557.76953125,3913.318603515625,3812.932373046875,0.47279794913608897,0.7
2026-09-04 13:39:03,multi_repeat_random_states.py,"(1021, 9)",695,sequential_191,Dense 64 -> 16 -> 32 -> 64 -> 64 -> 32 -> 1,mse,adam_191,50,256,1.5724,3416.203857421875,3136.601806640625,2812.365966796875,0.5989455293512308,0.7
2026-09-04 13:39:03,multi_repeat_random_states.py,"(1021, 9)",612,sequential_192,Dense 64 -> 16 -> 32 -> 64 -> 64 -> 32 -> 1,mse,adam_192,50,256,2.5391,388742.5,6267.5576171875,5204.0146484375,0.13019634988295714,0.7
2026-09-04 13:39:04,multi_repeat_random_states.py,"(1021, 9)",528,sequential_192,Dense 64 -> 16 -> 32 -> 64 -> 64 -> 32 -> 1,mse,adam_192,50,256,1.3887,3990.287841796875,3500.83544921875,2960.398681640625,0.5906750361377605,0.7
2026-09-04 13:39:05,multi_repeat_random_states.py,"(1021, 9)",612,sequential_192,Dense 64 -> 16 -> 32 -> 64 -> 64 -> 32 -> 1,mse,adam_192,50,256,1.4124,6257.83056640625,5355.41455078125,4494.4091796875,0.24880048103652386,0.7
2026-09-04 13:39:05,multi_repeat_random_states.py,"(1021, 9)",528,sequential_192,Dense 64 -> 16 -> 32 -> 64 -> 64 -> 32 -> 1,mse,adam_192,50,256,1.4915,3061.587890625,3009.813232421875,2812.12548828125,0.6111762794318135,0.7
2026-09-04 13:39:05,multi_repeat_random_states.py,"(1021, 9)",696,sequential_192,Dense 64 -> 16 -> 32 -> 64 -> 64 -> 32 -> 1,mse,adam_192,50,256,2.3967,31093.705078125,3783.6845703125,3941.32275390625,0.43176578276936706,0.7
2026-09-04 13:39:06,multi_repeat_random_states.py,"(1021, 9)",612,sequential_192,Dense 64 -> 16 -> 32 -> 64 -> 64 -> 32 -> 1,mse,adam_192,50,256,1.5931,5323.53369140625,3378.648193359375,2763.422607421875,0.5381190208891486,0.7
2026-09-04 13:39:07,multi_repeat_random_states.py,"(1021, 9)",696,sequential_192,Dense 64 -> 16 -> 32 -> 64 -> 64 -> 32 -> 1,mse,adam_192,50,256,1.4789,3699.064453125,2793.48779296875,2989.810546875,0.568948565356862,0.7
2026-09-04 13:39:08,multi_repeat_random_states.py,"(1021, 9)",529,sequential_193,Dense 64 -> 16 -> 32 -> 64 -> 64 -> 32 -> 1,mse,adam_193,50,256,2.3946,91147.953125,5530.47802734375,6437.53271484375,0.11318097821365214,0.7
2026-09-04 13:39:09,multi_repeat_random_states.py,"(1021, 9)",696,sequential_192,Dense 64 -> 16 -> 32 -> 64 -> 64 -> 32 -> 1,mse,adam_192,50,256,1.5038,2780.3876953125,2899.673828125,3051.15673828125,0.5601041575117183,0.7
2026-09-04 13:39:09,multi_repeat_random_states.py,"(1021, 9)",613,sequential_193,Dense 64 -> 16 -> 32 -> 64 -> 64 -> 32 -> 1,mse,adam_193,50,256,2.4339,34212.54296875,4051.4423828125,3559.9345703125,0.3745157892074493,0.7
2026-09-04 13:39:10,multi_repeat_random_states.py,"(1021, 9)",529,sequential_193,Dense 64 -> 16 -> 32 -> 64 -> 64 -> 32 -> 1,mse,adam_193,50,256,1.4386,5465.50048828125,3243.91455078125,4070.392333984375,0.43927252176882636,0.7
2026-09-04 13:39:10,multi_repeat_random_states.py,"(1021, 9)",613,sequential_193,Dense 64 -> 16 -> 32 -> 64 -> 64 -> 32 -> 1,mse,adam_193,50,256,1.4191,4011.51318359375,3266.51953125,2541.62939453125,0.5534330245957204,0.7
2026-09-04 13:39:11,multi_repeat_random_states.py,"(1021, 9)",529,sequential_193,Dense 64 -> 16 -> 32 -> 64 -> 64 -> 32 -> 1,mse,adam_193,50,256,1.512,3287.245849609375,2958.115234375,3546.080810546875,0.5115005257650287,0.7
2026-09-04 13:39:11,multi_repeat_random_states.py,"(1021, 9)",697,sequential_193,Dense 64 -> 16 -> 32 -> 64 -> 64 -> 32 -> 1,mse,adam_193,50,256,2.365,40821.87890625,3935.830810546875,4295.60595703125,0.435463553569045,0.7
2026-09-04 13:39:12,multi_repeat_random_states.py,"(1021, 9)",613,sequential_193,Dense 64 -> 16 -> 32 -> 64 -> 64 -> 32 -> 1,mse,adam_193,50,256,1.5368,3121.054443359375,2999.7724609375,2549.004638671875,0.55213720097563,0.7
2026-09-04 13:39:13,multi_repeat_random_states.py,"(1021, 9)",697,sequential_193,Dense 64 -> 16 -> 32 -> 64 -> 64 -> 32 -> 1,mse,adam_193,50,256,1.492,3629.30859375,2865.426025390625,3137.953125,0.587604452043619,0.7
2026-09-04 13:39:14,multi_repeat_random_states.py,"(1021, 9)",530,sequential_194,Dense 64 -> 16 -> 32 -> 64 -> 64 -> 32 -> 1,mse,adam_194,50,256,2.3199,21975.255859375,3193.54736328125,3382.612548828125,0.4953773521793279,0.7
2026-09-04 13:39:15,multi_repeat_random_states.py,"(1021, 9)",697,sequential_193,Dense 64 -> 16 -> 32 -> 64 -> 64 -> 32 -> 1,mse,adam_193,50,256,1.5064,2808.1884765625,2752.376220703125,3104.63232421875,0.5919834633474479,0.7
2026-09-04 13:39:15,multi_repeat_random_states.py,"(1021, 9)",614,sequential_194,Dense 64 -> 16 -> 32 -> 64 -> 64 -> 32 -> 1,mse,adam_194,50,256,2.4379,27657.416015625,3972.30859375,4804.98193359375,0.35140820417325336,0.7
2026-09-04 13:39:15,multi_repeat_random_states.py,"(1021, 9)",530,sequential_194,Dense 64 -> 16 -> 32 -> 64 -> 64 -> 32 -> 1,mse,adam_194,50,256,1.5268,3281.2099609375,2798.32666015625,3334.720703125,0.5025219022060405,0.7
2026-09-04 13:39:16,multi_repeat_random_states.py,"(1021, 9)",614,sequential_194,Dense 64 -> 16 -> 32 -> 64 -> 64 -> 32 -> 1,mse,adam_194,50,256,1.5276,3862.83056640625,3310.697509765625,3307.2685546875,0.5535743082677105,0.7
2026-09-04 13:39:17,multi_repeat_random_states.py,"(1021, 9)",530,sequential_194,Dense 64 -> 16 -> 32 -> 64 -> 64 -> 32 -> 1,mse,adam_194,50,256,1.4879,2778.962646484375,2948.04638671875,3360.38134765625,0.49869380984868106,0.7
2026-09-04 13:39:17,multi_repeat_random_states.py,"(1021, 9)",698,sequential_194,Dense 64 -> 16 -> 32 -> 64 -> 64 -> 32 -> 1,mse,adam_194,50,256,2.4176,19161.0078125,3138.939697265625,3064.155517578125,0.5286540712015084,0.7
2026-09-04 13:39:18,multi_repeat_random_states.py,"(1021, 9)",614,sequential_194,Dense 64 -> 16 -> 32 -> 64 -> 64 -> 32 -> 1,mse,adam_194,50,256,1.5449,3140.064453125,2701.55908203125,3850.46044921875,0.48025257938229204,0.7
2026-09-04 13:39:19,multi_repeat_random_states.py,"(1021, 9)",698,sequential_194,Dense 64 -> 16 -> 32 -> 64 -> 64 -> 32 -> 1,mse,adam_194,50,256,1.4992,3099.672607421875,2858.167236328125,2807.072509765625,0.5682000188158806,0.7
2026-09-04 13:39:20,multi_repeat_random_states.py,"(1021, 9)",531,sequential_195,Dense 64 -> 16 -> 32 -> 64 -> 64 -> 32 -> 1,mse,adam_195,50,256,2.3944,34430.23046875,3603.5283203125,3266.678955078125,0.5198613607750402,0.7
2026-09-04 13:39:20,multi_repeat_random_states.py,"(1021, 9)",698,sequential_194,Dense 64 -> 16 -> 32 -> 64 -> 64 -> 32 -> 1,mse,adam_194,50,256,1.4849,2928.5390625,2930.5009765625,2790.0322265625,0.5708212458643279,0.7
2026-09-04 13:39:21,multi_repeat_random_states.py,"(1021, 9)",615,sequential_195,Dense 64 -> 16 -> 32 -> 64 -> 64 -> 32 -> 1,mse,adam_195,50,256,2.3297,60178.140625,5067.51904296875,5689.53662109375,0.21380827015136228,0.7
2026-09-04 13:39:21,multi_repeat_random_states.py,"(1021, 9)",531,sequential_195,Dense 64 -> 16 -> 32 -> 64 -> 64 -> 32 -> 1,mse,adam_195,50,256,1.4337,3558.80712890625,3084.813720703125,2811.569091796875,0.5867536643501912,0.7
2026-09-04 13:39:22,multi_repeat_random_states.py,"(1021, 9)",615,sequential_195,Dense 64 -> 16 -> 32 -> 64 -> 64 -> 32 -> 1,mse,adam_195,50,256,1.4821,4987.22265625,2835.409912109375,3927.856201171875,0.4572408877684787,0.7
2026-09-04 13:39:23,multi_repeat_random_states.py,"(1021, 9)",531,sequential_195,Dense 64 -> 16 -> 32 -> 64 -> 64 -> 32 -> 1,mse,adam_195,50,256,1.4618,3059.3505859375,3052.435302734375,2678.30126953125,0.6063414075934219,0.7
2026-09-04 13:39:23,multi_repeat_random_states.py,"(1021, 9)",699,sequential_195,Dense 64 -> 16 -> 32 -> 64 -> 64 -> 32 -> 1,mse,adam_195,50,256,2.3114,74780.6640625,5702.578125,5232.78369140625,0.17162243331665838,0.7
2026-09-04 13:39:24,multi_repeat_random_states.py,"(1021, 9)",615,sequential_195,Dense 64 -> 16 -> 32 -> 64 -> 64 -> 32 -> 1,mse,adam_195,50,256,1.4911,2817.0927734375,2818.588134765625,3258.08154296875,0.5497917175120455,0.7
2026-09-04 13:39:25,multi_repeat_random_states.py,"(1021, 9)",699,sequential_195,Dense 64 -> 16 -> 32 -> 64 -> 64 -> 32 -> 1,mse,adam_195,50,256,1.5801,5690.236328125,3217.486328125,2893.390380859375,0.5419608292079972,0.7
2026-09-04 13:39:26,multi_repeat_random_states.py,"(1021, 9)",532,sequential_196,Dense 64 -> 16 -> 32 -> 64 -> 64 -> 32 -> 1,mse,adam_196,50,256,2.4847,56556.44140625,5030.10400390625,4728.43896484375,0.29865936995933806,0.7
2026-09-04 13:39:26,multi_repeat_random_states.py,"(1021, 9)",699,sequential_195,Dense 64 -> 16 -> 32 -> 64 -> 64 -> 32 -> 1,mse,adam_195,50,256,1.5128,3139.354248046875,2968.07568359375,2750.126708984375,0.5646402718314414,0.7
2026-09-04 13:39:27,multi_repeat_random_states.py,"(1021, 9)",616,sequential_196,Dense 64 -> 16 -> 32 -> 64 -> 64 -> 32 -> 1,mse,adam_196,50,256,2.5283,205255.265625,5901.35546875,6485.7294921875,0.08589529091051429,0.7
2026-09-04 13:39:27,multi_repeat_random_states.py,"(1021, 9)",532,sequential_196,Dense 64 -> 16 -> 32 -> 64 -> 64 -> 32 -> 1,mse,adam_196,50,256,1.4859,4910.33544921875,2913.3916015625,3049.990478515625,0.5476134009641268,0.7
2026-09-04 13:39:28,multi_repeat_random_states.py,"(1021, 9)",616,sequential_196,Dense 64 -> 16 -> 32 -> 64 -> 64 -> 32 -> 1,mse,adam_196,50,256,1.4621,5889.42724609375,3195.271728515625,4038.606201171875,0.43079504122002843,0.7
2026-09-04 13:39:29,multi_repeat_random_states.py,"(1021, 9)",532,sequential_196,Dense 64 -> 16 -> 32 -> 64 -> 64 -> 32 -> 1,mse,adam_196,50,256,1.6265,3035.578369140625,3093.80615234375,2982.935302734375,0.5575593646655574,0.7
2026-09-04 13:39:29,multi_repeat_random_states.py,"(1021, 9)",700,sequential_196,Dense 64 -> 16 -> 32 -> 64 -> 64 -> 32 -> 1,mse,adam_196,50,256,2.4548,25710.458984375,4714.2978515625,4110.01416015625,0.4340411139483673,0.7
2026-09-04 13:39:30,multi_repeat_random_states.py,"(1021, 9)",616,sequential_196,Dense 64 -> 16 -> 32 -> 64 -> 64 -> 32 -> 1,mse,adam_196,50,256,1.5307,3274.19921875,2873.3544921875,3666.480712890625,0.4832428419025995,0.7
2026-09-04 13:39:31,multi_repeat_random_states.py,"(1021, 9)",700,sequential_196,Dense 64 -> 16 -> 32 -> 64 -> 64 -> 32 -> 1,mse,adam_196,50,256,1.4392,4074.01708984375,2968.546875,3077.68212890625,0.5761957627165728,0.7
2026-09-04 13:39:31,multi_repeat_random_states.py,"(1021, 9)",533,sequential_197,Dense 64 -> 16 -> 32 -> 64 -> 64 -> 32 -> 1,mse,adam_197,50,256,2.296,71551.7421875,4648.0029296875,4493.8212890625,0.3108843694193719,0.7
2026-09-04 13:39:32,multi_repeat_random_states.py,"(1021, 9)",700,sequential_196,Dense 64 -> 16 -> 32 -> 64 -> 64 -> 32 -> 1,mse,adam_196,50,256,1.4236,2817.241455078125,2883.57275390625,3019.781005859375,0.5841688028992897,0.7
2026-09-04 13:39:32,multi_repeat_random_states.py,"(1021, 9)",617,sequential_197,Dense 64 -> 16 -> 32 -> 64 -> 64 -> 32 -> 1,mse,adam_197,50,256,2.2735,25492.6953125,3677.1337890625,4310.08154296875,0.40553006161417715,0.7
2026-09-04 13:39:33,multi_repeat_random_states.py,"(1021, 9)",533,sequential_197,Dense 64 -> 16 -> 32 -> 64 -> 64 -> 32 -> 1,mse,adam_197,50,256,1.451,4530.2685546875,3379.19482421875,2915.204833984375,0.5529609632872966,0.7
2026-09-04 13:39:34,multi_repeat_random_states.py,"(1021, 9)",617,sequential_197,Dense 64 -> 16 -> 32 -> 64 -> 64 -> 32 -> 1,mse,adam_197,50,256,1.4069,3801.30615234375,2864.27490234375,2877.0078125,0.6031874481585942,0.7
2026-09-04 13:39:35,multi_repeat_random_states.py,"(1021, 9)",533,sequential_197,Dense 64 -> 16 -> 32 -> 64 -> 64 -> 32 -> 1,mse,adam_197,50,256,1.4126,3169.875244140625,2988.028076171875,2623.76025390625,0.5976532628296369,0.7
2026-09-04 13:39:35,multi_repeat_random_states.py,"(1021, 9)",701,sequential_197,Dense 64 -> 16 -> 32 -> 64 -> 64 -> 32 -> 1,mse,adam_197,50,256,2.2514,44437.3828125,3399.372314453125,3056.134521484375,0.5294818570039641,0.7
2026-09-04 13:39:35,multi_repeat_random_states.py,"(1021, 9)",617,sequential_197,Dense 64 -> 16 -> 32 -> 64 -> 64 -> 32 -> 1,mse,adam_197,50,256,1.3955,2865.8193359375,3037.50146484375,2772.066162109375,0.6176615270344932,0.7
2026-09-04 13:39:36,multi_repeat_random_states.py,"(1021, 9)",701,sequential_197,Dense 64 -> 16 -> 32 -> 64 -> 64 -> 32 -> 1,mse,adam_197,50,256,1.4038,3130.5830078125,2986.660888671875,2979.03662109375,0.5413516892290766,0.7
2026-09-04 13:39:37,multi_repeat_random_states.py,"(1021, 9)",534,sequential_198,Dense 64 -> 16 -> 32 -> 64 -> 64 -> 32 -> 1,mse,adam_198,50,256,2.2772,84848.40625,5141.81298828125,6233.27978515625,0.18024075869913436,0.7
2026-09-04 13:39:38,multi_repeat_random_states.py,"(1021, 9)",701,sequential_197,Dense 64 -> 16 -> 32 -> 64 -> 64 -> 32 -> 1,mse,adam_197,50,256,1.465,3075.483642578125,2836.859619140625,2954.314697265625,0.5451578444219882,0.7
2026-09-04 13:39:38,multi_repeat_random_states.py,"(1021, 9)",618,sequential_198,Dense 64 -> 16 -> 32 -> 64 -> 64 -> 32 -> 1,mse,adam_198,50,256,2.3114,122175.03125,5679.0419921875,5003.001953125,0.23682618591405247,0.7
2026-09-04 13:39:39,multi_repeat_random_states.py,"(1021, 9)",534,sequential_198,Dense 64 -> 16 -> 32 -> 64 -> 64 -> 32 -> 1,mse,adam_198,50,256,1.4602,5085.38623046875,3014.573486328125,3515.7236328125,0.5376355538894595,0.7
2026-09-04 13:39:40,multi_repeat_random_states.py,"(1021, 9)",618,sequential_198,Dense 64 -> 16 -> 32 -> 64 -> 64 -> 32 -> 1,mse,adam_198,50,256,1.4014,5544.3642578125,4029.08154296875,2735.24609375,0.5827568213211112,0.7
2026-09-04 13:39:40,multi_repeat_random_states.py,"(1021, 9)",534,sequential_198,Dense 64 -> 16 -> 32 -> 64 -> 64 -> 32 -> 1,mse,adam_198,50,256,1.4158,2870.51904296875,2796.852783203125,3579.954833984375,0.5291882649109672,0.7
2026-09-04 13:39:40,multi_repeat_random_states.py,"(1021, 9)",702,sequential_198,Dense 64 -> 16 -> 32 -> 64 -> 64 -> 32 -> 1,mse,adam_198,50,256,2.3524,44504.55859375,5244.490234375,4843.794921875,0.2551553003271717,0.7
2026-09-04 13:39:41,multi_repeat_random_states.py,"(1021, 9)",618,sequential_198,Dense 64 -> 16 -> 32 -> 64 -> 64 -> 32 -> 1,mse,adam_198,50,256,1.3881,4229.0224609375,3140.2705078125,2563.1044921875,0.6090158797248668,0.7
2026-09-04 13:39:42,multi_repeat_random_states.py,"(1021, 9)",702,sequential_198,Dense 64 -> 16 -> 32 -> 64 -> 64 -> 32 -> 1,mse,adam_198,50,256,1.4048,5203.9375,2982.8681640625,2818.927001953125,0.5665252628967961,0.7
2026-09-04 13:39:43,multi_repeat_random_states.py,"(1021, 9)",535,sequential_199,Dense 64 -> 16 -> 32 -> 64 -> 64 -> 32 -> 1,mse,adam_199,50,256,2.2428,27070.025390625,3604.76318359375,3186.897216796875,0.5291850449644565,0.7
2026-09-04 13:39:43,multi_repeat_random_states.py,"(1021, 9)",702,sequential_198,Dense 64 -> 16 -> 32 -> 64 -> 64 -> 32 -> 1,mse,adam_198,50,256,1.4104,2934.206298828125,2925.407958984375,2838.451171875,0.5635229717138096,0.7
2026-09-04 13:39:44,multi_repeat_random_states.py,"(1021, 9)",619,sequential_199,Dense 64 -> 16 -> 32 -> 64 -> 64 -> 32 -> 1,mse,adam_199,50,256,2.2645,37456.16015625,4431.3505859375,4732.87451171875,0.3390543537216715,0.7
2026-09-04 13:39:44,multi_repeat_random_states.py,"(1021, 9)",535,sequential_199,Dense 64 -> 16 -> 32 -> 64 -> 64 -> 32 -> 1,mse,adam_199,50,256,1.4519,3363.913818359375,3089.65380859375,3123.736572265625,0.5385159779764963,0.7
2026-09-04 13:39:45,multi_repeat_random_states.py,"(1021, 9)",619,sequential_199,Dense 64 -> 16 -> 32 -> 64 -> 64 -> 32 -> 1,mse,adam_199,50,256,1.417,4297.78173828125,2732.596923828125,3309.395751953125,0.5378430808794332,0.7
2026-09-04 13:39:46,multi_repeat_random_states.py,"(1021, 9)",535,sequential_199,Dense 64 -> 16 -> 32 -> 64 -> 64 -> 32 -> 1,mse,adam_199,50,256,1.4178,3257.025146484375,3242.830810546875,3030.033203125,0.5523592733873455,0.7
2026-09-04 13:39:46,multi_repeat_random_states.py,"(1021, 9)",703,sequential_199,Dense 64 -> 16 -> 32 -> 64 -> 64 -> 32 -> 1,mse,adam_199,50,256,2.2793,20926.958984375,4026.67041015625,4190.970703125,0.3775916925596159,0.7
2026-09-04 13:39:47,multi_repeat_random_states.py,"(1021, 9)",619,sequential_199,Dense 64 -> 16 -> 32 -> 64 -> 64 -> 32 -> 1,mse,adam_199,50,256,1.3995,2723.09521484375,2932.120849609375,3173.81298828125,0.5567772212606712,0.7
2026-09-04 13:39:47,multi_repeat_random_states.py,"(1021, 9)",703,sequential_199,Dense 64 -> 16 -> 32 -> 64 -> 64 -> 32 -> 1,mse,adam_199,50,256,1.4796,3723.65185546875,2994.109619140625,2784.626953125,0.5864502351429501,0.7
2026-09-04 13:39:48,multi_repeat_random_states.py,"(1021, 9)",536,sequential_200,Dense 64 -> 16 -> 32 -> 64 -> 64 -> 32 -> 1,mse,adam_200,50,256,2.2335,113655.0234375,5832.5751953125,5912.84228515625,0.15007171682951348,0.7
2026-09-04 13:39:49,multi_repeat_random_states.py,"(1021, 9)",703,sequential_199,Dense 64 -> 16 -> 32 -> 64 -> 64 -> 32 -> 1,mse,adam_199,50,256,1.4903,2995.124755859375,3077.83935546875,2971.207275390625,0.5587408538137318,0.7
2026-09-04 13:39:49,multi_repeat_random_states.py,"(1021, 9)",620,sequential_200,Dense 64 -> 16 -> 32 -> 64 -> 64 -> 32 -> 1,mse,adam_200,50,256,2.318,172480.421875,5723.37841796875,5897.267578125,0.1888629563962967,0.7
2026-09-04 13:39:50,multi_repeat_random_states.py,"(1021, 9)",536,sequential_200,Dense 64 -> 16 -> 32 -> 64 -> 64 -> 32 -> 1,mse,adam_200,50,256,1.3816,5809.6083984375,3136.243896484375,2878.424560546875,0.5862473054541724,0.7
2026-09-04 13:39:51,multi_repeat_random_states.py,"(1021, 9)",620,sequential_200,Dense 64 -> 16 -> 32 -> 64 -> 64 -> 32 -> 1,mse,adam_200,50,256,1.3991,5698.18310546875,3003.513671875,3620.00732421875,0.5020877265955421,0.7
2026-09-04 13:39:51,multi_repeat_random_states.py,"(1021, 9)",536,sequential_200,Dense 64 -> 16 -> 32 -> 64 -> 64 -> 32 -> 1,mse,adam_200,50,256,1.4545,3055.03173828125,2888.65576171875,2865.12353515625,0.5881592996315279,0.7
2026-09-04 13:39:52,multi_repeat_random_states.py,"(1021, 9)",704,sequential_200,Dense 64 -> 16 -> 32 -> 64 -> 64 -> 32 -> 1,mse,adam_200,50,256,2.3318,91093.265625,5332.42138671875,4541.9287109375,0.25337388504358316,0.7
2026-09-04 13:39:52,multi_repeat_random_states.py,"(1021, 9)",620,sequential_200,Dense 64 -> 16 -> 32 -> 64 -> 64 -> 32 -> 1,mse,adam_200,50,256,1.394,3087.562255859375,2809.209716796875,2912.830078125,0.5993561054174896,0.7
2026-09-04 13:39:53,multi_repeat_random_states.py,"(1021, 9)",704,sequential_200,Dense 64 -> 16 -> 32 -> 64 -> 64 -> 32 -> 1,mse,adam_200,50,256,1.4269,5254.1962890625,3173.54833984375,2610.78369140625,0.5708257405746608,0.7
2026-09-04 13:39:54,multi_repeat_random_states.py,"(1021, 9)",537,sequential_201,Dense 64 -> 16 -> 32 -> 64 -> 64 -> 32 -> 1,mse,adam_201,50,256,2.2774,64537.14453125,5861.796875,5523.66796875,0.1260817312423237,0.7
2026-09-04 13:39:55,multi_repeat_random_states.py,"(1021, 9)",704,sequential_200,Dense 64 -> 16 -> 32 -> 64 -> 64 -> 32 -> 1,mse,adam_200,50,256,1.3979,3289.274658203125,3011.91845703125,2599.96435546875,0.5726042706309722,0.7
2026-09-04 13:39:55,multi_repeat_random_states.py,"(1021, 9)",621,sequential_201,Dense 64 -> 16 -> 32 -> 64 -> 64 -> 32 -> 1,mse,adam_201,50,256,2.2963,36209.19921875,3127.49951171875,3712.174560546875,0.45708110668359725,0.7
2026-09-04 13:39:55,multi_repeat_random_states.py,"(1021, 9)",537,sequential_201,Dense 64 -> 16 -> 32 -> 64 -> 64 -> 32 -> 1,mse,adam_201,50,256,1.451,5727.38720703125,2847.720947265625,3035.45068359375,0.5197510197551432,0.7
2026-09-04 13:39:56,multi_repeat_random_states.py,"(1021, 9)",621,sequential_201,Dense 64 -> 16 -> 32 -> 64 -> 64 -> 32 -> 1,mse,adam_201,50,256,1.4099,3127.142822265625,2756.059326171875,3042.41845703125,0.5550353573976118,0.7
2026-09-04 13:39:57,multi_repeat_random_states.py,"(1021, 9)",537,sequential_201,Dense 64 -> 16 -> 32 -> 64 -> 64 -> 32 -> 1,mse,adam_201,50,256,1.4133,2823.654541015625,3104.10693359375,2995.615234375,0.5260535304835388,0.7
2026-09-04 13:39:57,multi_repeat_random_states.py,"(1021, 9)",705,sequential_201,Dense 64 -> 16 -> 32 -> 64 -> 64 -> 32 -> 1,mse,adam_201,50,256,2.2623,29613.5234375,4039.2236328125,4016.206787109375,0.39061913030017203,0.7
2026-09-04 13:39:58,multi_repeat_random_states.py,"(1021, 9)",621,sequential_201,Dense 64 -> 16 -> 32 -> 64 -> 64 -> 32 -> 1,mse,adam_201,50,256,1.4445,2849.69580078125,2816.634765625,3196.3271484375,0.5325256554584834,0.7
2026-09-04 13:39:59,multi_repeat_random_states.py,"(1021, 9)",705,sequential_201,Dense 64 -> 16 -> 32 -> 64 -> 64 -> 32 -> 1,mse,adam_201,50,256,1.4015,3913.728271484375,3411.82763671875,2522.188720703125,0.6173071757802497,0.7
2026-09-04 13:39:59,multi_repeat_random_states.py,"(1021, 9)",538,sequential_202,Dense 64 -> 16 -> 32 -> 64 -> 64 -> 32 -> 1,mse,adam_202,50,256,2.2866,47108.4296875,3748.201416015625,3316.3427734375,0.4941181055478804,0.7
2026-09-04 13:40:00,multi_repeat_random_states.py,"(1021, 9)",705,sequential_201,Dense 64 -> 16 -> 32 -> 64 -> 64 -> 32 -> 1,mse,adam_201,50,256,1.4295,3247.139892578125,3109.66943359375,2500.05029296875,0.6206661943681395,0.7
2026-09-04 13:40:00,multi_repeat_random_states.py,"(1021, 9)",622,sequential_202,Dense 64 -> 16 -> 32 -> 64 -> 64 -> 32 -> 1,mse,adam_202,50,256,2.2557,24143.15625,4618.71875,3998.02734375,0.37868457638431485,0.7
2026-09-04 13:40:01,multi_repeat_random_states.py,"(1021, 9)",538,sequential_202,Dense 64 -> 16 -> 32 -> 64 -> 64 -> 32 -> 1,mse,adam_202,50,256,1.39,3597.3671875,3184.0498046875,3011.43798828125,0.540628887471791,0.7
2026-09-04 13:40:02,multi_repeat_random_states.py,"(1021, 9)",622,sequential_202,Dense 64 -> 16 -> 32 -> 64 -> 64 -> 32 -> 1,mse,adam_202,50,256,1.4027,4427.7734375,3062.099365234375,2705.190673828125,0.5795985648938728,0.7
2026-09-04 13:40:03,multi_repeat_random_states.py,"(1021, 9)",538,sequential_202,Dense 64 -> 16 -> 32 -> 64 -> 64 -> 32 -> 1,mse,adam_202,50,256,1.4363,3077.03564453125,2892.977294921875,2758.8759765625,0.5791552476477265,0.7
2026-09-04 13:40:03,multi_repeat_random_states.py,"(1021, 9)",706,sequential_202,Dense 64 -> 16 -> 32 -> 64 -> 64 -> 32 -> 1,mse,adam_202,50,256,2.2921,39009.15625,3660.53369140625,4332.9111328125,0.38495006283492095,0.7
2026-09-04 13:40:03,multi_repeat_random_states.py,"(1021, 9)",622,sequential_202,Dense 64 -> 16 -> 32 -> 64 -> 64 -> 32 -> 1,mse,adam_202,50,256,1.4937,3140.244873046875,3060.609375,2837.015869140625,0.559112124347165,0.7
2026-09-04 13:40:04,multi_repeat_random_states.py,"(1021, 9)",706,sequential_202,Dense 64 -> 16 -> 32 -> 64 -> 64 -> 32 -> 1,mse,adam_202,50,256,1.4539,3712.6552734375,2931.2998046875,3043.9384765625,0.5679177046871995,0.7
2026-09-04 13:40:05,multi_repeat_random_states.py,"(1021, 9)",539,sequential_203,Dense 64 -> 16 -> 32 -> 64 -> 64 -> 32 -> 1,mse,adam_203,50,256,2.3303,32472.763671875,3459.350341796875,3553.09326171875,0.4252470325506783,0.7
2026-09-04 13:40:06,multi_repeat_random_states.py,"(1021, 9)",706,sequential_202,Dense 64 -> 16 -> 32 -> 64 -> 64 -> 32 -> 1,mse,adam_202,50,256,1.4467,2984.812744140625,2877.441162109375,3119.27734375,0.5572234834508127,0.7
2026-09-04 13:40:06,multi_repeat_random_states.py,"(1021, 9)",623,sequential_203,Dense 64 -> 16 -> 32 -> 64 -> 64 -> 32 -> 1,mse,adam_203,50,256,2.4046,22831.462890625,3099.150146484375,3230.791259765625,0.5486943120969208,0.7
2026-09-04 13:40:07,multi_repeat_random_states.py,"(1021, 9)",539,sequential_203,Dense 64 -> 16 -> 32 -> 64 -> 64 -> 32 -> 1,mse,adam_203,50,256,1.4033,3775.065185546875,3605.598388671875,3225.374755859375,0.4782591854164756,0.7
2026-09-04 13:40:08,multi_repeat_random_states.py,"(1021, 9)",623,sequential_203,Dense 64 -> 16 -> 32 -> 64 -> 64 -> 32 -> 1,mse,adam_203,50,256,1.4301,2973.3310546875,2877.733642578125,3062.16943359375,0.5722489200068701,0.7
2026-09-04 13:40:08,multi_repeat_random_states.py,"(1021, 9)",539,sequential_203,Dense 64 -> 16 -> 32 -> 64 -> 64 -> 32 -> 1,mse,adam_203,50,256,1.4223,3890.18359375,3086.01806640625,2734.68017578125,0.5576345792793789,0.7
2026-09-04 13:40:08,multi_repeat_random_states.py,"(1021, 9)",707,sequential_203,Dense 64 -> 16 -> 32 -> 64 -> 64 -> 32 -> 1,mse,adam_203,50,256,2.2799,30374.732421875,3324.564453125,2872.815673828125,0.5351996602548128,0.7
2026-09-04 13:40:09,multi_repeat_random_states.py,"(1021, 9)",623,sequential_203,Dense 64 -> 16 -> 32 -> 64 -> 64 -> 32 -> 1,mse,adam_203,50,256,1.4724,2933.257080078125,2892.216796875,3073.94384765625,0.5706041788675222,0.7
2026-09-04 13:40:10,multi_repeat_random_states.py,"(1021, 9)",707,sequential_203,Dense 64 -> 16 -> 32 -> 64 -> 64 -> 32 -> 1,mse,adam_203,50,256,1.4245,3247.623779296875,3269.263916015625,2649.19140625,0.5713803937173556,0.7
2026-09-04 13:40:11,multi_repeat_random_states.py,"(1021, 9)",540,sequential_204,Dense 64 -> 16 -> 32 -> 64 -> 64 -> 32 -> 1,mse,adam_204,50,256,2.3157,47219.80859375,4233.0048828125,3871.819580078125,0.4158302043213439,0.7
2026-09-04 13:40:11,multi_repeat_random_states.py,"(1021, 9)",707,sequential_203,Dense 64 -> 16 -> 32 -> 64 -> 64 -> 32 -> 1,mse,adam_203,50,256,1.4818,3116.15185546875,3006.231689453125,2799.47265625,0.5470659876324345,0.7
2026-09-04 13:40:12,multi_repeat_random_states.py,"(1021, 9)",624,sequential_204,Dense 64 -> 16 -> 32 -> 64 -> 64 -> 32 -> 1,mse,adam_204,50,256,2.3434,17791.3515625,2763.188720703125,3416.350830078125,0.55951222656408,0.7
2026-09-04 13:40:12,multi_repeat_random_states.py,"(1021, 9)",540,sequential_204,Dense 64 -> 16 -> 32 -> 64 -> 64 -> 32 -> 1,mse,adam_204,50,256,1.4314,4050.2568359375,2900.99658203125,2753.0849609375,0.5846218539092777,0.7
2026-09-04 13:40:13,multi_repeat_random_states.py,"(1021, 9)",624,sequential_204,Dense 64 -> 16 -> 32 -> 64 -> 64 -> 32 -> 1,mse,adam_204,50,256,1.4711,2793.245849609375,2766.243896484375,4079.716796875,0.47398102691967403,0.7
2026-09-04 13:40:14,multi_repeat_random_states.py,"(1021, 9)",540,sequential_204,Dense 64 -> 16 -> 32 -> 64 -> 64 -> 32 -> 1,mse,adam_204,50,256,1.448,2895.890625,2849.627685546875,2915.868408203125,0.5600614993434339,0.7
2026-09-04 13:40:14,multi_repeat_random_states.py,"(1021, 9)",708,sequential_204,Dense 64 -> 16 -> 32 -> 64 -> 64 -> 32 -> 1,mse,adam_204,50,256,2.2795,34477.15234375,4225.923828125,3523.453125,0.4539744264229316,0.7
2026-09-04 13:40:15,multi_repeat_random_states.py,"(1021, 9)",624,sequential_204,Dense 64 -> 16 -> 32 -> 64 -> 64 -> 32 -> 1,mse,adam_204,50,256,1.4238,2756.392333984375,2640.10205078125,3373.991455078125,0.5649738455459334,0.7
2026-09-04 13:40:16,multi_repeat_random_states.py,"(1021, 9)",708,sequential_204,Dense 64 -> 16 -> 32 -> 64 -> 64 -> 32 -> 1,mse,adam_204,50,256,1.3933,3979.126708984375,2935.221435546875,2776.83642578125,0.5696767644298172,0.7
2026-09-04 13:40:16,multi_repeat_random_states.py,"(1021, 9)",541,sequential_205,Dense 64 -> 16 -> 32 -> 64 -> 64 -> 32 -> 1,mse,adam_205,50,256,2.2563,25159.232421875,3828.861328125,3338.380126953125,0.49344343999625984,0.7
2026-09-04 13:40:17,multi_repeat_random_states.py,"(1021, 9)",708,sequential_204,Dense 64 -> 16 -> 32 -> 64 -> 64 -> 32 -> 1,mse,adam_204,50,256,1.4131,2987.8408203125,2926.796630859375,2770.083984375,0.5707232634306585,0.7
2026-09-04 13:40:17,multi_repeat_random_states.py,"(1021, 9)",625,sequential_205,Dense 64 -> 16 -> 32 -> 64 -> 64 -> 32 -> 1,mse,adam_205,50,256,2.265,90267.296875,5567.7490234375,5038.53662109375,0.19289994668670263,0.7
2026-09-04 13:40:18,multi_repeat_random_states.py,"(1021, 9)",541,sequential_205,Dense 64 -> 16 -> 32 -> 64 -> 64 -> 32 -> 1,mse,adam_205,50,256,1.3936,3634.6845703125,2985.439697265625,2946.331787109375,0.5529317969623814,0.7
2026-09-04 13:40:19,multi_repeat_random_states.py,"(1021, 9)",625,sequential_205,Dense 64 -> 16 -> 32 -> 64 -> 64 -> 32 -> 1,mse,adam_205,50,256,1.4379,5390.58154296875,3150.67578125,2745.345703125,0.5602356530238966,0.7
2026-09-04 13:40:19,multi_repeat_random_states.py,"(1021, 9)",541,sequential_205,Dense 64 -> 16 -> 32 -> 64 -> 64 -> 32 -> 1,mse,adam_205,50,256,1.3918,3160.63525390625,3523.203857421875,3706.975830078125,0.43751378734387525,0.7
2026-09-04 13:40:20,multi_repeat_random_states.py,"(1021, 9)",709,sequential_205,Dense 64 -> 16 -> 32 -> 64 -> 64 -> 32 -> 1,mse,adam_205,50,256,2.2384,80373.078125,5767.41552734375,4901.0234375,0.16134479524682277,0.7
2026-09-04 13:40:20,multi_repeat_random_states.py,"(1021, 9)",625,sequential_205,Dense 64 -> 16 -> 32 -> 64 -> 64 -> 32 -> 1,mse,adam_205,50,256,1.3889,3143.5390625,3414.595947265625,2588.1416015625,0.5854174871256499,0.7
2026-09-04 13:40:21,multi_repeat_random_states.py,"(1021, 9)",709,sequential_205,Dense 64 -> 16 -> 32 -> 64 -> 64 -> 32 -> 1,mse,adam_205,50,256,1.4361,5683.990234375,2969.373046875,3290.072021484375,0.43700828976597905,0.7
2026-09-04 13:40:22,multi_repeat_random_states.py,"(1021, 9)",542,sequential_206,Dense 64 -> 16 -> 32 -> 64 -> 64 -> 32 -> 1,mse,adam_206,50,256,2.2569,93810.7734375,5548.8525390625,5570.1767578125,0.19870194169222755,0.7
2026-09-04 13:40:23,multi_repeat_random_states.py,"(1021, 9)",709,sequential_205,Dense 64 -> 16 -> 32 -> 64 -> 64 -> 32 -> 1,mse,adam_205,50,256,1.3998,3042.621337890625,2815.614990234375,3056.7197265625,0.47693911802062483,0.7
2026-09-04 13:40:23,multi_repeat_random_states.py,"(1021, 9)",626,sequential_206,Dense 64 -> 16 -> 32 -> 64 -> 64 -> 32 -> 1,mse,adam_206,50,256,2.2979,16769.111328125,3065.0283203125,3154.082763671875,0.5330761652219775,0.7
2026-09-04 13:40:23,multi_repeat_random_states.py,"(1021, 9)",542,sequential_206,Dense 64 -> 16 -> 32 -> 64 -> 64 -> 32 -> 1,mse,adam_206,50,256,1.4055,5485.263671875,3000.511474609375,2758.701416015625,0.6031468373946445,0.7
2026-09-04 13:40:24,multi_repeat_random_states.py,"(1021, 9)",626,sequential_206,Dense 64 -> 16 -> 32 -> 64 -> 64 -> 32 -> 1,mse,adam_206,50,256,1.4001,2985.7939453125,2977.468505859375,3067.703369140625,0.5458635946667454,0.7
2026-09-04 13:40:25,multi_repeat_random_states.py,"(1021, 9)",542,sequential_206,Dense 64 -> 16 -> 32 -> 64 -> 64 -> 32 -> 1,mse,adam_206,50,256,1.456,2928.7939453125,3172.1123046875,3375.7578125,0.5143802208759942,0.7
2026-09-04 13:40:25,multi_repeat_random_states.py,"(1021, 9)",710,sequential_206,Dense 64 -> 16 -> 32 -> 64 -> 64 -> 32 -> 1,mse,adam_206,50,256,2.2586,214945.046875,6037.33447265625,5558.53955078125,0.13107816334992484,0.7
2026-09-04 13:40:26,multi_repeat_random_states.py,"(1021, 9)",626,sequential_206,Dense 64 -> 16 -> 32 -> 64 -> 64 -> 32 -> 1,mse,adam_206,50,256,1.3975,2878.077392578125,2790.913818359375,2960.245361328125,0.5617714916410711,0.7
2026-09-04 13:40:27,multi_repeat_random_states.py,"(1021, 9)",710,sequential_206,Dense 64 -> 16 -> 32 -> 64 -> 64 -> 32 -> 1,mse,adam_206,50,256,1.4208,6011.73291015625,3258.990478515625,2994.34912109375,0.5319174695783337,0.7
2026-09-04 13:40:27,multi_repeat_random_states.py,"(1021, 9)",543,sequential_207,Dense 64 -> 16 -> 32 -> 64 -> 64 -> 32 -> 1,mse,adam_207,50,256,2.2723,266767.125,6300.8818359375,6080.0869140625,0.0953451795251401,0.7
2026-09-04 13:40:28,multi_repeat_random_states.py,"(1021, 9)",710,sequential_206,Dense 64 -> 16 -> 32 -> 64 -> 64 -> 32 -> 1,mse,adam_206,50,256,1.3867,3164.5166015625,2865.17333984375,2757.89501953125,0.5688804762223109,0.7
2026-09-04 13:40:28,multi_repeat_random_states.py,"(1021, 9)",627,sequential_207,Dense 64 -> 16 -> 32 -> 64 -> 64 -> 32 -> 1,mse,adam_207,50,256,2.2996,36263.109375,3807.64111328125,4672.857421875,0.3843621405694574,0.7
2026-09-04 13:40:29,multi_repeat_random_states.py,"(1021, 9)",543,sequential_207,Dense 64 -> 16 -> 32 -> 64 -> 64 -> 32 -> 1,mse,adam_207,50,256,1.3835,6292.89404296875,5084.24755859375,4929.3251953125,0.26656682689576716,0.7
2026-09-04 13:40:30,multi_repeat_random_states.py,"(1021, 9)",627,sequential_207,Dense 64 -> 16 -> 32 -> 64 -> 64 -> 32 -> 1,mse,adam_207,50,256,1.3901,3699.611572265625,3321.82177734375,3327.895751953125,0.5615575322545963,0.7
2026-09-04 13:40:30,multi_repeat_random_states.py,"(1021, 9)",543,sequential_207,Dense 64 -> 16 -> 32 -> 64 -> 64 -> 32 -> 1,mse,adam_207,50,256,1.4235,5037.3330078125,3172.28857421875,2996.538330078125,0.5541457353891988,0.7
2026-09-04 13:40:31,multi_repeat_random_states.py,"(1021, 9)",711,sequential_207,Dense 64 -> 16 -> 32 -> 64 -> 64 -> 32 -> 1,mse,adam_207,50,256,2.2663,29562.353515625,3420.32666015625,3968.815673828125,0.4649878076524082,0.7
2026-09-04 13:40:32,multi_repeat_random_states.py,"(1021, 9)",627,sequential_207,Dense 64 -> 16 -> 32 -> 64 -> 64 -> 32 -> 1,mse,adam_207,50,256,1.4505,2898.861328125,2824.114990234375,3202.856689453125,0.5780311668541935,0.7
2026-09-04 13:40:32,multi_repeat_random_states.py,"(1021, 9)",711,sequential_207,Dense 64 -> 16 -> 32 -> 64 -> 64 -> 32 -> 1,mse,adam_207,50,256,1.3995,3330.859375,2800.8505859375,3774.0830078125,0.491238508009876,0.7
2026-09-04 13:40:33,multi_repeat_random_states.py,"(1021, 9)",544,sequential_208,Dense 64 -> 16 -> 32 -> 64 -> 64 -> 32 -> 1,mse,adam_208,50,256,2.2267,49342.2734375,5396.19091796875,4793.98291015625,0.26954276855909265,0.7
2026-09-04 13:40:34,multi_repeat_random_states.py,"(1021, 9)",711,sequential_207,Dense 64 -> 16 -> 32 -> 64 -> 64 -> 32 -> 1,mse,adam_207,50,256,1.4636,3032.1337890625,2797.979736328125,3359.7314453125,0.5470947471919944,0.7
2026-09-04 13:40:34,multi_repeat_random_states.py,"(1021, 9)",628,sequential_208,Dense 64 -> 16 -> 32 -> 64 -> 64 -> 32 -> 1,mse,adam_208,50,256,2.2621,52213.234375,4111.55078125,3925.858642578125,0.4699782442034507,0.7
2026-09-04 13:40:34,multi_repeat_random_states.py,"(1021, 9)",544,sequential_208,Dense 64 -> 16 -> 32 -> 64 -> 64 -> 32 -> 1,mse,adam_208,50,256,1.3862,5255.09228515625,3392.633056640625,2806.807861328125,0.5723278033493329,0.7
2026-09-04 13:40:36,multi_repeat_random_states.py,"(1021, 9)",628,sequential_208,Dense 64 -> 16 -> 32 -> 64 -> 64 -> 32 -> 1,mse,adam_208,50,256,1.3941,3712.542236328125,3262.6474609375,3015.7900390625,0.5928446688521847,0.7
2026-09-04 13:40:36,multi_repeat_random_states.py,"(1021, 9)",544,sequential_208,Dense 64 -> 16 -> 32 -> 64 -> 64 -> 32 -> 1,mse,adam_208,50,256,1.4299,3289.679443359375,3051.580322265625,2756.73193359375,0.579957833125409,0.7
2026-09-04 13:40:36,multi_repeat_random_states.py,"(1021, 9)",712,sequential_208,Dense 64 -> 16 -> 32 -> 64 -> 64 -> 32 -> 1,mse,adam_208,50,256,2.2602,24204.802734375,3431.9482421875,3304.50830078125,0.5289056822812495,0.7
2026-09-04 13:40:37,multi_repeat_random_states.py,"(1021, 9)",628,sequential_208,Dense 64 -> 16 -> 32 -> 64 -> 64 -> 32 -> 1,mse,adam_208,50,256,1.4098,3323.596435546875,2904.48388671875,2864.697265625,0.6132433798213671,0.7
2026-09-04 13:40:38,multi_repeat_random_states.py,"(1021, 9)",712,sequential_208,Dense 64 -> 16 -> 32 -> 64 -> 64 -> 32 -> 1,mse,adam_208,50,256,1.3962,3561.245849609375,2869.14794921875,2857.162841796875,0.5926797390688909,0.7
2026-09-04 13:40:38,multi_repeat_random_states.py,"(1021, 9)",545,sequential_209,Dense 64 -> 16 -> 32 -> 64 -> 64 -> 32 -> 1,mse,adam_209,50,256,2.2346,51837.16796875,5411.6611328125,4460.27099609375,0.28371739285860276,0.7
2026-09-04 13:40:39,multi_repeat_random_states.py,"(1021, 9)",712,sequential_208,Dense 64 -> 16 -> 32 -> 64 -> 64 -> 32 -> 1,mse,adam_208,50,256,1.4004,2857.80126953125,3022.620361328125,2813.682861328125,0.598878237556831,0.7
2026-09-04 13:40:40,multi_repeat_random_states.py,"(1021, 9)",629,sequential_209,Dense 64 -> 16 -> 32 -> 64 -> 64 -> 32 -> 1,mse,adam_209,50,256,2.2642,165064.765625,5948.224609375,5980.2216796875,0.14039012271718032,0.7
2026-09-04 13:40:40,multi_repeat_random_states.py,"(1021, 9)",545,sequential_209,Dense 64 -> 16 -> 32 -> 64 -> 64 -> 32 -> 1,mse,adam_209,50,256,1.3977,5285.5205078125,3372.30126953125,2529.687255859375,0.5937531343911706,0.7
2026-09-04 13:40:41,multi_repeat_random_states.py,"(1021, 9)",629,sequential_209,Dense 64 -> 16 -> 32 -> 64 -> 64 -> 32 -> 1,mse,adam_209,50,256,1.4101,5938.53857421875,3897.608154296875,3795.64501953125,0.45440585527887567,0.7
2026-09-04 13:40:41,multi_repeat_random_states.py,"(1021, 9)",545,sequential_209,Dense 64 -> 16 -> 32 -> 64 -> 64 -> 32 -> 1,mse,adam_209,50,256,1.4291,3302.15771484375,3136.837646484375,2881.44140625,0.5372643620814584,0.7
2026-09-04 13:40:42,multi_repeat_random_states.py,"(1021, 9)",713,sequential_209,Dense 64 -> 16 -> 32 -> 64 -> 64 -> 32 -> 1,mse,adam_209,50,256,2.2659,54576.98046875,4439.15283203125,4056.78662109375,0.37895977431853123,0.7
2026-09-04 13:40:43,multi_repeat_random_states.py,"(1021, 9)",629,sequential_209,Dense 64 -> 16 -> 32 -> 64 -> 64 -> 32 -> 1,mse,adam_209,50,256,1.3973,3922.98583984375,2963.9013671875,2707.796630859375,0.6107754921496283,0.7
2026-09-04 13:40:43,multi_repeat_random_states.py,"(1021, 9)",713,sequential_209,Dense 64 -> 16 -> 32 -> 64 -> 64 -> 32 -> 1,mse,adam_209,50,256,1.3831,4280.58056640625,2982.266845703125,2704.00830078125,0.5860521739846181,0.7
2026-09-04 13:40:44,multi_repeat_random_states.py,"(1021, 9)",546,sequential_210,Dense 64 -> 16 -> 32 -> 64 -> 64 -> 32 -> 1,mse,adam_210,50,256,2.2095,258002.5625,5892.15478515625,6354.609375,0.10383681598777439,0.7
2026-09-04 13:40:45,multi_repeat_random_states.py,"(1021, 9)",713,sequential_209,Dense 64 -> 16 -> 32 -> 64 -> 64 -> 32 -> 1,mse,adam_209,50,256,1.4034,2967.100341796875,2983.668701171875,2625.9287109375,0.5980051385074237,0.7
2026-09-04 13:40:45,multi_repeat_random_states.py,"(1021, 9)",630,sequential_210,Dense 64 -> 16 -> 32 -> 64 -> 64 -> 32 -> 1,mse,adam_210,50,256,2.2302,42271.00390625,5209.1689453125,5436.04150390625,0.21160437626908235,0.7
2026-09-04 13:40:45,multi_repeat_random_states.py,"(1021, 9)",546,sequential_210,Dense 64 -> 16 -> 32 -> 64 -> 64 -> 32 -> 1,mse,adam_210,50,256,1.3853,5870.97607421875,3865.857421875,4264.51611328125,0.39859369270109457,0.7
2026-09-04 13:40:47,multi_repeat_random_states.py,"(1021, 9)",630,sequential_210,Dense 64 -> 16 -> 32 -> 64 -> 64 -> 32 -> 1,mse,adam_210,50,256,1.3968,5115.794921875,2999.346923828125,2942.033935546875,0.5733132224086466,0.7
2026-09-04 13:40:47,multi_repeat_random_states.py,"(1021, 9)",546,sequential_210,Dense 64 -> 16 -> 32 -> 64 -> 64 -> 32 -> 1,mse,adam_210,50,256,1.4112,3798.887939453125,2831.471923828125,2998.959228515625,0.5770697352376815,0.7
2026-09-04 13:40:47,multi_repeat_random_states.py,"(1021, 9)",714,sequential_210,Dense 64 -> 16 -> 32 -> 64 -> 64 -> 32 -> 1,mse,adam_210,50,256,2.2362,18922.9921875,3299.96337890625,2999.77001953125,0.5264351757664109,0.7
2026-09-04 13:40:48,multi_repeat_random_states.py,"(1021, 9)",630,sequential_210,Dense 64 -> 16 -> 32 -> 64 -> 64 -> 32 -> 1,mse,adam_210,50,256,1.4491,3002.267333984375,3008.69482421875,2781.941162109375,0.5965317351655324,0.7
2026-09-04 13:40:49,multi_repeat_random_states.py,"(1021, 9)",714,sequential_210,Dense 64 -> 16 -> 32 -> 64 -> 64 -> 32 -> 1,mse,adam_210,50,256,1.3877,3467.8974609375,2866.255126953125,2797.611328125,0.558349400379919,0.7
2026-09-04 13:40:49,multi_repeat_random_states.py,"(1021, 9)",547,sequential_211,Dense 64 -> 16 -> 32 -> 64 -> 64 -> 32 -> 1,mse,adam_211,50,256,2.2407,27953.484375,3062.414306640625,3313.493408203125,0.5648616068886431,0.7
2026-09-04 13:40:50,multi_repeat_random_states.py,"(1021, 9)",714,sequential_210,Dense 64 -> 16 -> 32 -> 64 -> 64 -> 32 -> 1,mse,adam_210,50,256,1.4146,2860.62646484375,2902.82861328125,2944.11083984375,0.535221947209386,0.7
2026-09-04 13:40:51,multi_repeat_random_states.py,"(1021, 9)",631,sequential_211,Dense 64 -> 16 -> 32 -> 64 -> 64 -> 32 -> 1,mse,adam_211,50,256,2.2345,41483.4609375,4729.9609375,4864.6533203125,0.3206506164424273,0.7
2026-09-04 13:40:51,multi_repeat_random_states.py,"(1021, 9)",547,sequential_211,Dense 64 -> 16 -> 32 -> 64 -> 64 -> 32 -> 1,mse,adam_211,50,256,1.4048,3489.3291015625,3021.0068359375,3226.494873046875,0.576286532469233,0.7
2026-09-04 13:40:52,multi_repeat_random_states.py,"(1021, 9)",631,sequential_211,Dense 64 -> 16 -> 32 -> 64 -> 64 -> 32 -> 1,mse,adam_211,50,256,1.4519,4666.55810546875,3078.33154296875,2774.81689453125,0.6124965756867362,0.7
2026-09-04 13:40:52,multi_repeat_random_states.py,"(1021, 9)",547,sequential_211,Dense 64 -> 16 -> 32 -> 64 -> 64 -> 32 -> 1,mse,adam_211,50,256,1.4171,2898.10986328125,2841.963623046875,3385.474853515625,0.5554088211311299,0.7
2026-09-04 13:40:53,multi_repeat_random_states.py,"(1021, 9)",715,sequential_211,Dense 64 -> 16 -> 32 -> 64 -> 64 -> 32 -> 1,mse,adam_211,50,256,2.2954,48614.51171875,3364.618896484375,2944.13037109375,0.5685488717520738,0.7
2026-09-04 13:40:54,multi_repeat_random_states.py,"(1021, 9)",631,sequential_211,Dense 64 -> 16 -> 32 -> 64 -> 64 -> 32 -> 1,mse,adam_211,50,256,1.3841,3046.037109375,2986.069580078125,2831.5302734375,0.6045764895062726,0.7
2026-09-04 13:40:54,multi_repeat_random_states.py,"(1021, 9)",715,sequential_211,Dense 64 -> 16 -> 32 -> 64 -> 64 -> 32 -> 1,mse,adam_211,50,256,1.3904,3305.05615234375,3034.28076171875,2686.641845703125,0.6062827787232568,0.7
2026-09-04 13:40:55,multi_repeat_random_states.py,"(1021, 9)",548,sequential_212,Dense 64 -> 16 -> 32 -> 64 -> 64 -> 32 -> 1,mse,adam_212,50,256,2.2425,13495.21484375,3304.220458984375,3127.306396484375,0.5406586765978469,0.7
2026-09-04 13:40:56,multi_repeat_random_states.py,"(1021, 9)",715,sequential_211,Dense 64 -> 16 -> 32 -> 64 -> 64 -> 32 -> 1,mse,adam_211,50,256,1.3929,2995.095458984375,3003.289794921875,2650.723388671875,0.6115464957596385,0.7
2026-09-04 13:40:56,multi_repeat_random_states.py,"(1021, 9)",632,sequential_212,Dense 64 -> 16 -> 32 -> 64 -> 64 -> 32 -> 1,mse,adam_212,50,256,2.2784,50135.2109375,4079.846923828125,4640.583984375,0.3670495288745691,0.7
2026-09-04 13:40:56,multi_repeat_random_states.py,"(1021, 9)",548,sequential_212,Dense 64 -> 16 -> 32 -> 64 -> 64 -> 32 -> 1,mse,adam_212,50,256,1.4525,3206.04296875,2893.783203125,2785.15673828125,0.5909139563251988,0.7
2026-09-04 13:40:58,multi_repeat_random_states.py,"(1021, 9)",632,sequential_212,Dense 64 -> 16 -> 32 -> 64 -> 64 -> 32 -> 1,mse,adam_212,50,256,1.4078,4042.469482421875,2814.1875,3296.533203125,0.5503707418660935,0.7
2026-09-04 13:40:58,multi_repeat_random_states.py,"(1021, 9)",548,sequential_212,Dense 64 -> 16 -> 32 -> 64 -> 64 -> 32 -> 1,mse,adam_212,50,256,1.4762,2886.891357421875,2921.279052734375,2715.94287109375,0.6010800808975183,0.7
2026-09-04 13:40:58,multi_repeat_random_states.py,"(1021, 9)",716,sequential_212,Dense 64 -> 16 -> 32 -> 64 -> 64 -> 32 -> 1,mse,adam_212,50,256,2.257,40136.7890625,4412.4873046875,4648.158203125,0.3393006085688133,0.7
2026-09-04 13:40:59,multi_repeat_random_states.py,"(1021, 9)",632,sequential_212,Dense 64 -> 16 -> 32 -> 64 -> 64 -> 32 -> 1,mse,adam_212,50,256,1.4378,2836.17626953125,2805.4677734375,3096.642578125,0.5776347264855093,0.7
2026-09-04 13:41:00,multi_repeat_random_states.py,"(1021, 9)",716,sequential_212,Dense 64 -> 16 -> 32 -> 64 -> 64 -> 32 -> 1,mse,adam_212,50,256,1.3959,4752.2265625,3262.890869140625,2785.906005859375,0.604005211694087,0.7
2026-09-04 13:41:01,multi_repeat_random_states.py,"(1021, 9)",549,sequential_213,Dense 64 -> 16 -> 32 -> 64 -> 64 -> 32 -> 1,mse,adam_213,50,256,2.2647,17279.712890625,3046.50439453125,3160.21435546875,0.5501997693032143,0.7
2026-09-04 13:41:01,multi_repeat_random_states.py,"(1021, 9)",716,sequential_212,Dense 64 -> 16 -> 32 -> 64 -> 64 -> 32 -> 1,mse,adam_212,50,256,1.3868,2963.170654296875,3005.321533203125,2689.29443359375,0.6177378352592677,0.7
2026-09-04 13:41:02,multi_repeat_random_states.py,"(1021, 9)",633,sequential_213,Dense 64 -> 16 -> 32 -> 64 -> 64 -> 32 -> 1,mse,adam_213,50,256,2.2568,24794.703125,4651.1796875,4551.80712890625,0.3687753107294933,0.7
2026-09-04 13:41:02,multi_repeat_random_states.py,"(1021, 9)",549,sequential_213,Dense 64 -> 16 -> 32 -> 64 -> 64 -> 32 -> 1,mse,adam_213,50,256,1.4044,2947.93408203125,2853.396240234375,3065.980712890625,0.5636123061463449,0.7
2026-09-04 13:41:03,multi_repeat_random_states.py,"(1021, 9)",633,sequential_213,Dense 64 -> 16 -> 32 -> 64 -> 64 -> 32 -> 1,mse,adam_213,50,256,1.4564,4476.13232421875,2955.84814453125,2904.1474609375,0.5972655629365253,0.7
2026-09-04 13:41:04,multi_repeat_random_states.py,"(1021, 9)",549,sequential_213,Dense 64 -> 16 -> 32 -> 64 -> 64 -> 32 -> 1,mse,adam_213,50,256,1.4665,2872.067626953125,2845.020751953125,3007.962890625,0.5718700438696784,0.7
2026-09-04 13:41:04,multi_repeat_random_states.py,"(1021, 9)",717,sequential_213,Dense 64 -> 16 -> 32 -> 64 -> 64 -> 32 -> 1,mse,adam_213,50,256,2.2544,55379.4609375,4946.84423828125,4876.794921875,0.2464172387910898,0.7
2026-09-04 13:41:05,multi_repeat_random_states.py,"(1021, 9)",633,sequential_213,Dense 64 -> 16 -> 32 -> 64 -> 64 -> 32 -> 1,mse,adam_213,50,256,1.3754,3047.574462890625,2851.0439453125,3055.52587890625,0.5762730761860522,0.7
2026-09-04 13:41:05,multi_repeat_random_states.py,"(1021, 9)",717,sequential_213,Dense 64 -> 16 -> 32 -> 64 -> 64 -> 32 -> 1,mse,adam_213,50,256,1.3934,4890.79931640625,2938.564697265625,2681.775634765625,0.5856008637040961,0.7
2026-09-04 13:41:06,multi_repeat_random_states.py,"(1021, 9)",550,sequential_214,Dense 64 -> 16 -> 32 -> 64 -> 64 -> 32 -> 1,mse,adam_214,50,256,2.2489,29618.205078125,3215.45068359375,2941.337890625,0.5873632477017021,0.7
2026-09-04 13:41:07,multi_repeat_random_states.py,"(1021, 9)",717,sequential_213,Dense 64 -> 16 -> 32 -> 64 -> 64 -> 32 -> 1,mse,adam_213,50,256,1.4363,2993.1484375,3007.2314453125,2717.145263671875,0.5801353684493057,0.7
2026-09-04 13:41:07,multi_repeat_random_states.py,"(1021, 9)",634,sequential_214,Dense 64 -> 16 -> 32 -> 64 -> 64 -> 32 -> 1,mse,adam_214,50,256,2.2906,24845.36328125,3888.90771484375,4007.166748046875,0.4302416707117871,0.7
2026-09-04 13:41:08,multi_repeat_random_states.py,"(1021, 9)",550,sequential_214,Dense 64 -> 16 -> 32 -> 64 -> 64 -> 32 -> 1,mse,adam_214,50,256,1.4811,3105.67578125,2973.81103515625,2843.7783203125,0.6010497617132053,0.7
2026-09-04 13:41:09,multi_repeat_random_states.py,"(1021, 9)",634,sequential_214,Dense 64 -> 16 -> 32 -> 64 -> 64 -> 32 -> 1,mse,adam_214,50,256,1.4768,3520.679931640625,2847.93994140625,3272.356689453125,0.5347205010203313,0.7
2026-09-04 13:41:09,multi_repeat_random_states.py,"(1021, 9)",718,sequential_214,Dense 64 -> 16 -> 32 -> 64 -> 64 -> 32 -> 1,mse,adam_214,50,256,2.2622,124299.4453125,5552.349609375,5321.361328125,0.18572116958453966,0.7
2026-09-04 13:41:09,multi_repeat_random_states.py,"(1021, 9)",550,sequential_214,Dense 64 -> 16 -> 32 -> 64 -> 64 -> 32 -> 1,mse,adam_214,50,256,1.4548,3078.177001953125,2876.433837890625,2765.88671875,0.6119770557560061,0.7
2026-09-04 13:41:11,multi_repeat_random_states.py,"(1021, 9)",634,sequential_214,Dense 64 -> 16 -> 32 -> 64 -> 64 -> 32 -> 1,mse,adam_214,50,256,1.465,2911.0859375,3071.120361328125,3117.54052734375,0.5567330068598603,0.7
2026-09-04 13:41:11,multi_repeat_random_states.py,"(1021, 9)",718,sequential_214,Dense 64 -> 16 -> 32 -> 64 -> 64 -> 32 -> 1,mse,adam_214,50,256,1.4652,5520.96875,3070.087158203125,2828.692626953125,0.567151276425989,0.7
2026-09-04 13:41:12,multi_repeat_random_states.py,"(1021, 9)",551,sequential_215,Dense 64 -> 16 -> 32 -> 64 -> 64 -> 32 -> 1,mse,adam_215,50,256,2.3902,40436.7421875,4465.00732421875,4468.02392578125,0.3641760771359116,0.7
2026-09-04 13:41:12,multi_repeat_random_states.py,"(1021, 9)",718,sequential_214,Dense 64 -> 16 -> 32 -> 64 -> 64 -> 32 -> 1,mse,adam_214,50,256,1.5192,3023.677734375,3291.6328125,2745.3447265625,0.5799051929574801,0.7
2026-09-04 13:41:13,multi_repeat_random_states.py,"(1021, 9)",635,sequential_215,Dense 64 -> 16 -> 32 -> 64 -> 64 -> 32 -> 1,mse,adam_215,50,256,2.4213,57604.16796875,3614.8212890625,3555.27978515625,0.4656596170306784,0.7
2026-09-04 13:41:14,multi_repeat_random_states.py,"(1021, 9)",551,sequential_215,Dense 64 -> 16 -> 32 -> 64 -> 64 -> 32 -> 1,mse,adam_215,50,256,1.5541,4198.06640625,3086.724365234375,2981.172119140625,0.5757630809789771,0.7
2026-09-04 13:41:15,multi_repeat_random_states.py,"(1021, 9)",635,sequential_215,Dense 64 -> 16 -> 32 -> 64 -> 64 -> 32 -> 1,mse,adam_215,50,256,1.9924,3667.287353515625,3068.114990234375,2625.185791015625,0.6054480161253124,0.7
2026-09-04 13:41:16,multi_repeat_random_states.py,"(1021, 9)",719,sequential_215,Dense 64 -> 16 -> 32 -> 64 -> 64 -> 32 -> 1,mse,adam_215,50,256,2.9273,62160.15625,4237.556640625,4053.22021484375,0.41096636971752465,0.7
2026-09-04 13:41:16,multi_repeat_random_states.py,"(1021, 9)",551,sequential_215,Dense 64 -> 16 -> 32 -> 64 -> 64 -> 32 -> 1,mse,adam_215,50,256,1.999,3238.908447265625,2904.6005859375,3333.364990234375,0.5256441433585176,0.7
2026-09-04 13:41:17,multi_repeat_random_states.py,"(1021, 9)",635,sequential_215,Dense 64 -> 16 -> 32 -> 64 -> 64 -> 32 -> 1,mse,adam_215,50,256,1.7336,3040.739990234375,3017.276123046875,2603.06787109375,0.6087721747910598,0.7
2026-09-04 13:41:18,multi_repeat_random_states.py,"(1021, 9)",719,sequential_215,Dense 64 -> 16 -> 32 -> 64 -> 64 -> 32 -> 1,mse,adam_215,50,256,1.7814,4090.96044921875,3122.065673828125,2952.949462890625,0.5708630705266386,0.7
2026-09-04 13:41:19,multi_repeat_random_states.py,"(1021, 9)",552,sequential_216,Dense 64 -> 16 -> 32 -> 64 -> 64 -> 32 -> 1,mse,adam_216,50,256,2.9173,67417.9765625,4963.62158203125,4150.41650390625,0.3603413925239798,0.7
2026-09-04 13:41:20,multi_repeat_random_states.py,"(1021, 9)",719,sequential_215,Dense 64 -> 16 -> 32 -> 64 -> 64 -> 32 -> 1,mse,adam_215,50,256,1.8912,3073.452392578125,2898.424560546875,2938.623291015625,0.5729450715904956,0.7
2026-09-04 13:41:20,multi_repeat_random_states.py,"(1021, 9)",636,sequential_216,Dense 64 -> 16 -> 32 -> 64 -> 64 -> 32 -> 1,mse,adam_216,50,256,2.884,22523.798828125,3068.789306640625,3109.40771484375,0.4702029084067597,0.7
2026-09-04 13:41:21,multi_repeat_random_states.py,"(1021, 9)",552,sequential_216,Dense 64 -> 16 -> 32 -> 64 -> 64 -> 32 -> 1,mse,adam_216,50,256,1.5744,4833.0810546875,3588.655517578125,3273.78857421875,0.4954465375347187,0.7
2026-09-04 13:41:22,multi_repeat_random_states.py,"(1021, 9)",636,sequential_216,Dense 64 -> 16 -> 32 -> 64 -> 64 -> 32 -> 1,mse,adam_216,50,256,1.6209,2978.220458984375,2834.857421875,2886.696044921875,0.5081496970788961,0.7
2026-09-04 13:41:22,multi_repeat_random_states.py,"(1021, 9)",552,sequential_216,Dense 64 -> 16 -> 32 -> 64 -> 64 -> 32 -> 1,mse,adam_216,50,256,1.6693,3537.32275390625,3071.183349609375,2764.906005859375,0.573875121656368,0.7
2026-09-04 13:41:22,multi_repeat_random_states.py,"(1021, 9)",720,sequential_216,Dense 64 -> 16 -> 32 -> 64 -> 64 -> 32 -> 1,mse,adam_216,50,256,2.5493,27412.951171875,3729.281494140625,3538.6826171875,0.47576001888703634,0.7
2026-09-04 13:41:24,multi_repeat_random_states.py,"(1021, 9)",636,sequential_216,Dense 64 -> 16 -> 32 -> 64 -> 64 -> 32 -> 1,mse,adam_216,50,256,1.5124,2893.220703125,3027.80029296875,2856.54541015625,0.5132869454581753,0.7
2026-09-04 13:41:24,multi_repeat_random_states.py,"(1021, 9)",720,sequential_216,Dense 64 -> 16 -> 32 -> 64 -> 64 -> 32 -> 1,mse,adam_216,50,256,1.479,3523.995361328125,3272.331298828125,3184.390380859375,0.5282468426345175,0.7
2026-09-04 13:41:25,multi_repeat_random_states.py,"(1021, 9)",553,sequential_217,Dense 64 -> 16 -> 32 -> 64 -> 64 -> 32 -> 1,mse,adam_217,50,256,2.3452,26033.783203125,3304.748779296875,4148.2099609375,0.37170878197802637,0.7
2026-09-04 13:41:26,multi_repeat_random_states.py,"(1021, 9)",720,sequential_216,Dense 64 -> 16 -> 32 -> 64 -> 64 -> 32 -> 1,mse,adam_216,50,256,1.4178,3164.1298828125,2958.23974609375,2682.910888671875,0.6025387349663948,0.7
2026-09-04 13:41:26,multi_repeat_random_states.py,"(1021, 9)",637,sequential_217,Dense 64 -> 16 -> 32 -> 64 -> 64 -> 32 -> 1,mse,adam_217,50,256,2.2979,31519.732421875,3492.0673828125,3712.235107421875,0.4563961926371318,0.7
2026-09-04 13:41:27,multi_repeat_random_states.py,"(1021, 9)",553,sequential_217,Dense 64 -> 16 -> 32 -> 64 -> 64 -> 32 -> 1,mse,adam_217,50,256,1.4184,3379.22509765625,2916.901611328125,3033.220947265625,0.5405859444706084,0.7
2026-09-04 13:41:28,multi_repeat_random_states.py,"(1021, 9)",637,sequential_217,Dense 64 -> 16 -> 32 -> 64 -> 64 -> 32 -> 1,mse,adam_217,50,256,1.5015,3403.312744140625,3290.406005859375,3058.818115234375,0.5520797416489471,0.7
2026-09-04 13:41:28,multi_repeat_random_states.py,"(1021, 9)",721,sequential_217,Dense 64 -> 16 -> 32 -> 64 -> 64 -> 32 -> 1,mse,adam_217,50,256,2.3837,301235.9375,6202.07421875,5931.6474609375,0.10540618746564678,0.7
2026-09-04 13:41:28,multi_repeat_random_states.py,"(1021, 9)",553,sequential_217,Dense 64 -> 16 -> 32 -> 64 -> 64 -> 32 -> 1,mse,adam_217,50,256,1.5362,3023.774169921875,3022.361572265625,3020.801025390625,0.542467048620902,0.7
2026-09-04 13:41:30,multi_repeat_random_states.py,"(1021, 9)",637,sequential_217,Dense 64 -> 16 -> 32 -> 64 -> 64 -> 32 -> 1,mse,adam_217,50,256,1.5212,3001.365478515625,3513.60107421875,3057.612060546875,0.5522563692103483,0.7
2026-09-04 13:41:30,multi_repeat_random_states.py,"(1021, 9)",721,sequential_217,Dense 64 -> 16 -> 32 -> 64 -> 64 -> 32 -> 1,mse,adam_217,50,256,1.4761,6187.52734375,4591.44287109375,4530.43994140625,0.31673223344567425,0.7
2026-09-04 13:41:31,multi_repeat_random_states.py,"(1021, 9)",554,sequential_218,Dense 64 -> 16 -> 32 -> 64 -> 64 -> 32 -> 1,mse,adam_218,50,256,2.4416,75636.7265625,5235.390625,4749.59521484375,0.2585920720495616,0.7
2026-09-04 13:41:31,multi_repeat_random_states.py,"(1021, 9)",721,sequential_217,Dense 64 -> 16 -> 32 -> 64 -> 64 -> 32 -> 1,mse,adam_217,50,256,1.5288,4580.04052734375,2890.996337890625,3055.725830078125,0.5391443343047374,0.7
2026-09-04 13:41:32,multi_repeat_random_states.py,"(1021, 9)",638,sequential_218,Dense 64 -> 16 -> 32 -> 64 -> 64 -> 32 -> 1,mse,adam_218,50,256,2.3945,143009.6875,6028.46533203125,5958.69287109375,0.11181867726605033,0.7
2026-09-04 13:41:33,multi_repeat_random_states.py,"(1021, 9)",554,sequential_218,Dense 64 -> 16 -> 32 -> 64 -> 64 -> 32 -> 1,mse,adam_218,50,256,1.459,5191.5888671875,2949.220947265625,2943.443603515625,0.5405308449874937,0.7
2026-09-04 13:41:34,multi_repeat_random_states.py,"(1021, 9)",638,sequential_218,Dense 64 -> 16 -> 32 -> 64 -> 64 -> 32 -> 1,mse,adam_218,50,256,1.6095,5999.07666015625,3196.270263671875,3288.027587890625,0.5098984788783667,0.7
2026-09-04 13:41:34,multi_repeat_random_states.py,"(1021, 9)",722,sequential_218,Dense 64 -> 16 -> 32 -> 64 -> 64 -> 32 -> 1,mse,adam_218,50,256,2.3252,20978.33984375,3809.181884765625,4117.29541015625,0.4118040993944687,0.7
2026-09-04 13:41:34,multi_repeat_random_states.py,"(1021, 9)",554,sequential_218,Dense 64 -> 16 -> 32 -> 64 -> 64 -> 32 -> 1,mse,adam_218,50,256,1.5634,3049.083984375,2862.070068359375,2778.001708984375,0.5663561665217527,0.7
2026-09-04 13:41:36,multi_repeat_random_states.py,"(1021, 9)",638,sequential_218,Dense 64 -> 16 -> 32 -> 64 -> 64 -> 32 -> 1,mse,adam_218,50,256,1.5038,3183.280029296875,2942.456787109375,3271.48095703125,0.5123648942357215,0.7
2026-09-04 13:41:36,multi_repeat_random_states.py,"(1021, 9)",722,sequential_218,Dense 64 -> 16 -> 32 -> 64 -> 64 -> 32 -> 1,mse,adam_218,50,256,1.4568,4096.08154296875,3228.6376953125,2631.51318359375,0.624062575653727,0.7
2026-09-04 13:41:37,multi_repeat_random_states.py,"(1021, 9)",555,sequential_219,Dense 64 -> 16 -> 32 -> 64 -> 64 -> 32 -> 1,mse,adam_219,50,256,2.3326,37337.07421875,4431.59619140625,3422.53076171875,0.4602253528631659,0.7
2026-09-04 13:41:37,multi_repeat_random_states.py,"(1021, 9)",722,sequential_218,Dense 64 -> 16 -> 32 -> 64 -> 64 -> 32 -> 1,mse,adam_218,50,256,1.4212,3005.67138671875,2996.218994140625,2518.842529296875,0.6401587387478331,0.7
2026-09-04 13:41:41,multi_repeat_random_states.py,"(1021, 9)",639,sequential_219,Dense 64 -> 16 -> 32 -> 64 -> 64 -> 32 -> 1,mse,adam_219,50,256,4.3457,128409.421875,5308.85986328125,5066.3505859375,0.23001806637087652,0.7
2026-09-04 13:41:42,multi_repeat_random_states.py,"(1021, 9)",555,sequential_219,Dense 64 -> 16 -> 32 -> 64 -> 64 -> 32 -> 1,mse,adam_219,50,256,4.6261,4597.87451171875,3237.523193359375,2587.3955078125,0.5919363730735305,0.7
2026-09-04 13:41:47,multi_repeat_random_states.py,"(1021, 9)",723,sequential_219,Dense 64 -> 16 -> 32 -> 64 -> 64 -> 32 -> 1,mse,adam_219,50,256,9.0533,20822.23828125,4445.24267578125,4251.384765625,0.38048760515328706,0.7
2026-09-04 13:41:48,multi_repeat_random_states.py,"(1021, 9)",639,sequential_219,Dense 64 -> 16 -> 32 -> 64 -> 64 -> 32 -> 1,mse,adam_219,50,256,6.6013,5245.77294921875,3028.80078125,2908.789306640625,0.5579232959082122,0.7
2026-09-04 13:41:49,multi_repeat_random_states.py,"(1021, 9)",555,sequential_219,Dense 64 -> 16 -> 32 -> 64 -> 64 -> 32 -> 1,mse,adam_219,50,256,7.068,3147.91748046875,3074.511474609375,2443.159423828125,0.614684136350681,0.7
2026-09-04 13:41:54,multi_repeat_random_states.py,"(1021, 9)",723,sequential_219,Dense 64 -> 16 -> 32 -> 64 -> 64 -> 32 -> 1,mse,adam_219,50,256,6.3533,4128.734375,2950.725830078125,2916.4072265625,0.5750207512712051,0.7
2026-09-04 13:41:55,multi_repeat_random_states.py,"(1021, 9)",639,sequential_219,Dense 64 -> 16 -> 32 -> 64 -> 64 -> 32 -> 1,mse,adam_219,50,256,6.1828,3128.607666015625,3545.85009765625,2814.946044921875,0.5721855805887192,0.7
2026-09-04 13:42:00,multi_repeat_random_states.py,"(1021, 9)",556,sequential_220,Dense 64 -> 16 -> 32 -> 64 -> 64 -> 32 -> 1,mse,adam_220,50,256,9.8092,24170.06640625,3575.754638671875,4064.738525390625,0.44561868804964,0.7
2026-09-04 13:42:01,multi_repeat_random_states.py,"(1021, 9)",723,sequential_219,Dense 64 -> 16 -> 32 -> 64 -> 64 -> 32 -> 1,mse,adam_219,50,256,6.1722,2931.374755859375,2808.578369140625,2868.758056640625,0.581964148518709,0.7
2026-09-04 13:42:05,multi_repeat_random_states.py,"(1021, 9)",640,sequential_220,Dense 64 -> 16 -> 32 -> 64 -> 64 -> 32 -> 1,mse,adam_220,50,256,9.8366,112670.734375,5170.3310546875,5080.037109375,0.2522396187170518,0.7
2026-09-04 13:42:08,multi_repeat_random_states.py,"(1021, 9)",556,sequential_220,Dense 64 -> 16 -> 32 -> 64 -> 64 -> 32 -> 1,mse,adam_220,50,256,7.2419,3569.50439453125,3787.353515625,3443.45654296875,0.5303540635337849,0.7
2026-09-04 13:42:11,multi_repeat_random_states.py,"(1021, 9)",724,sequential_220,Dense 64 -> 16 -> 32 -> 64 -> 64 -> 32 -> 1,mse,adam_220,50,256,9.6691,44842.63671875,3644.956787109375,3522.978515625,0.5004227684656961,0.7
2026-09-04 13:42:12,multi_repeat_random_states.py,"(1021, 9)",640,sequential_220,Dense 64 -> 16 -> 32 -> 64 -> 64 -> 32 -> 1,mse,adam_220,50,256,6.4691,5065.17919921875,3090.098388671875,3053.169921875,0.5505861358851418,0.7
2026-09-04 13:42:13,multi_repeat_random_states.py,"(1021, 9)",556,sequential_220,Dense 64 -> 16 -> 32 -> 64 -> 64 -> 32 -> 1,mse,adam_220,50,256,4.4641,3234.279541015625,2812.0966796875,2916.6572265625,0.6022031148601434,0.7
2026-09-04 13:42:15,multi_repeat_random_states.py,"(1021, 9)",724,sequential_220,Dense 64 -> 16 -> 32 -> 64 -> 64 -> 32 -> 1,mse,adam_220,50,256,3.0063,3691.910400390625,2858.833251953125,2911.656005859375,0.587111570789062,0.7
2026-09-04 13:42:16,multi_repeat_random_states.py,"(1021, 9)",640,sequential_220,Dense 64 -> 16 -> 32 -> 64 -> 64 -> 32 -> 1,mse,adam_220,50,256,3.6129,3066.607421875,2985.775146484375,2904.5732421875,0.5724588309509115,0.7
2026-09-04 13:42:18,multi_repeat_random_states.py,"(1021, 9)",724,sequential_220,Dense 64 -> 16 -> 32 -> 64 -> 64 -> 32 -> 1,mse,adam_220,50,256,2.7732,2859.4892578125,2838.193603515625,2901.90478515625,0.588494381025727,0.7
2026-09-04 13:42:18,multi_repeat_random_states.py,"(1021, 9)",557,sequential_221,Dense 64 -> 16 -> 32 -> 64 -> 64 -> 32 -> 1,mse,adam_221,50,256,5.0565,126650.6484375,5659.88818359375,6859.603515625,0.08837634537026962,0.7
2026-09-04 13:42:19,multi_repeat_random_states.py,"(1021, 9)",641,sequential_221,Dense 64 -> 16 -> 32 -> 64 -> 64 -> 32 -> 1,mse,adam_221,50,256,2.6785,93131.0625,5655.6669921875,5337.61865234375,0.1835105145915693,0.7
2026-09-04 13:42:20,multi_repeat_random_states.py,"(1021, 9)",557,sequential_221,Dense 64 -> 16 -> 32 -> 64 -> 64 -> 32 -> 1,mse,adam_221,50,256,1.6193,5643.58447265625,3813.32275390625,4430.19140625,0.4112389081957274,0.7
2026-09-04 13:42:20,multi_repeat_random_states.py,"(1021, 9)",725,sequential_221,Dense 64 -> 16 -> 32 -> 64 -> 64 -> 32 -> 1,mse,adam_221,50,256,2.6202,68837.484375,5173.37060546875,5439.140625,0.204820790747671,0.7
2026-09-04 13:42:21,multi_repeat_random_states.py,"(1021, 9)",641,sequential_221,Dense 64 -> 16 -> 32 -> 64 -> 64 -> 32 -> 1,mse,adam_221,50,256,1.5696,5576.3212890625,2961.347900390625,2796.11962890625,0.5722807996969459,0.7
2026-09-04 13:42:21,multi_repeat_random_states.py,"(1021, 9)",557,sequential_221,Dense 64 -> 16 -> 32 -> 64 -> 64 -> 32 -> 1,mse,adam_221,50,256,1.5053,3709.587158203125,2851.0478515625,3204.932373046875,0.5740726871381061,0.7
2026-09-04 13:42:22,multi_repeat_random_states.py,"(1021, 9)",725,sequential_221,Dense 64 -> 16 -> 32 -> 64 -> 64 -> 32 -> 1,mse,adam_221,50,256,1.4309,5106.34033203125,2853.30029296875,3403.1259765625,0.5024774854605961,0.7
2026-09-04 13:42:22,multi_repeat_random_states.py,"(1021, 9)",641,sequential_221,Dense 64 -> 16 -> 32 -> 64 -> 64 -> 32 -> 1,mse,adam_221,50,256,1.4666,2969.086669921875,2845.14599609375,2745.115478515625,0.580082855444316,0.7
2026-09-04 13:42:24,multi_repeat_random_states.py,"(1021, 9)",725,sequential_221,Dense 64 -> 16 -> 32 -> 64 -> 64 -> 32 -> 1,mse,adam_221,50,256,1.4818,2763.4755859375,2802.883056640625,3450.810546875,0.4955062196843252,0.7
2026-09-04 13:42:24,multi_repeat_random_states.py,"(1021, 9)",558,sequential_222,Dense 64 -> 16 -> 32 -> 64 -> 64 -> 32 -> 1,mse,adam_222,50,256,2.3164,37426.625,4557.42041015625,4533.87939453125,0.34025057481091914,0.7
2026-09-04 13:42:25,multi_repeat_random_states.py,"(1021, 9)",642,sequential_222,Dense 64 -> 16 -> 32 -> 64 -> 64 -> 32 -> 1,mse,adam_222,50,256,2.3999,73807.515625,5067.41845703125,4158.51953125,0.294496114683958,0.7
2026-09-04 13:42:26,multi_repeat_random_states.py,"(1021, 9)",558,sequential_222,Dense 64 -> 16 -> 32 -> 64 -> 64 -> 32 -> 1,mse,adam_222,50,256,1.6684,4550.80615234375,3007.935791015625,3057.972412109375,0.5550178024704859,0.7
2026-09-04 13:42:26,multi_repeat_random_states.py,"(1021, 9)",726,sequential_222,Dense 64 -> 16 -> 32 -> 64 -> 64 -> 32 -> 1,mse,adam_222,50,256,2.5237,39929.13671875,4842.88818359375,4626.318359375,0.3031520425316325,0.7
2026-09-04 13:42:27,multi_repeat_random_states.py,"(1021, 9)",642,sequential_222,Dense 64 -> 16 -> 32 -> 64 -> 64 -> 32 -> 1,mse,adam_222,50,256,1.5612,4959.77490234375,3307.572021484375,2665.685546875,0.5477592996916743,0.7
2026-09-04 13:42:27,multi_repeat_random_states.py,"(1021, 9)",558,sequential_222,Dense 64 -> 16 -> 32 -> 64 -> 64 -> 32 -> 1,mse,adam_222,50,256,1.5801,3007.803955078125,2916.0771484375,2835.817626953125,0.5873447579399671,0.7
2026-09-04 13:42:28,multi_repeat_random_states.py,"(1021, 9)",726,sequential_222,Dense 64 -> 16 -> 32 -> 64 -> 64 -> 32 -> 1,mse,adam_222,50,256,1.5689,4777.5654296875,2937.340087890625,2768.7177734375,0.5829566267041341,0.7
2026-09-04 13:42:28,multi_repeat_random_states.py,"(1021, 9)",642,sequential_222,Dense 64 -> 16 -> 32 -> 64 -> 64 -> 32 -> 1,mse,adam_222,50,256,1.506,3209.912841796875,3048.108642578125,2755.615478515625,0.532502427976002,0.7
2026-09-04 13:42:30,multi_repeat_random_states.py,"(1021, 9)",726,sequential_222,Dense 64 -> 16 -> 32 -> 64 -> 64 -> 32 -> 1,mse,adam_222,50,256,1.5588,2944.312255859375,2842.661865234375,2808.197998046875,0.5770097897057316,0.7
2026-09-04 13:42:30,multi_repeat_random_states.py,"(1021, 9)",559,sequential_223,Dense 64 -> 16 -> 32 -> 64 -> 64 -> 32 -> 1,mse,adam_223,50,256,2.368,151387.203125,5541.31103515625,5852.7119140625,0.18277818971598125,0.7
2026-09-04 13:42:31,multi_repeat_random_states.py,"(1021, 9)",643,sequential_223,Dense 64 -> 16 -> 32 -> 64 -> 64 -> 32 -> 1,mse,adam_223,50,256,2.4679,85651.8671875,5294.447265625,5678.31494140625,0.199577405432254,0.7
2026-09-04 13:42:32,multi_repeat_random_states.py,"(1021, 9)",559,sequential_223,Dense 64 -> 16 -> 32 -> 64 -> 64 -> 32 -> 1,mse,adam_223,50,256,1.6688,5507.68701171875,3082.44580078125,3632.736328125,0.49275635382456806,0.7
2026-09-04 13:42:33,multi_repeat_random_states.py,"(1021, 9)",727,sequential_223,Dense 64 -> 16 -> 32 -> 64 -> 64 -> 32 -> 1,mse,adam_223,50,256,2.5555,32929.01953125,3894.18115234375,4148.7177734375,0.42666929260868125,0.7
2026-09-04 13:42:33,multi_repeat_random_states.py,"(1021, 9)",643,sequential_223,Dense 64 -> 16 -> 32 -> 64 -> 64 -> 32 -> 1,mse,adam_223,50,256,1.6219,5211.27734375,3056.805419921875,3203.68408203125,0.5484045699113109,0.7
2026-09-04 13:42:33,multi_repeat_random_states.py,"(1021, 9)",559,sequential_223,Dense 64 -> 16 -> 32 -> 64 -> 64 -> 32 -> 1,mse,adam_223,50,256,1.615,3071.13916015625,2854.857421875,3348.2080078125,0.5324853798624974,0.7
2026-09-04 13:42:34,multi_repeat_random_states.py,"(1021, 9)",727,sequential_223,Dense 64 -> 16 -> 32 -> 64 -> 64 -> 32 -> 1,mse,adam_223,50,256,1.5742,3743.939697265625,2896.0048828125,3073.18798828125,0.5753018449276324,0.7
2026-09-04 13:42:34,multi_repeat_random_states.py,"(1021, 9)",643,sequential_223,Dense 64 -> 16 -> 32 -> 64 -> 64 -> 32 -> 1,mse,adam_223,50,256,1.5569,3017.464599609375,2833.365234375,2941.749755859375,0.5853271223271574,0.7
2026-09-04 13:42:36,multi_repeat_random_states.py,"(1021, 9)",727,sequential_223,Dense 64 -> 16 -> 32 -> 64 -> 64 -> 32 -> 1,mse,adam_223,50,256,1.4802,2880.373779296875,2866.158203125,3107.419921875,0.5705711605813715,0.7
2026-09-04 13:42:36,multi_repeat_random_states.py,"(1021, 9)",560,sequential_224,Dense 64 -> 16 -> 32 -> 64 -> 64 -> 32 -> 1,mse,adam_224,50,256,2.2964,289232.6875,6700.47119140625,5756.30126953125,0.0801600338297982,0.7
2026-09-04 13:42:37,multi_repeat_random_states.py,"(1021, 9)",644,sequential_224,Dense 64 -> 16 -> 32 -> 64 -> 64 -> 32 -> 1,mse,adam_224,50,256,2.406,108903.109375,5568.572265625,5210.2783203125,0.20290103037604867,0.7
2026-09-04 13:42:38,multi_repeat_random_states.py,"(1021, 9)",560,sequential_224,Dense 64 -> 16 -> 32 -> 64 -> 64 -> 32 -> 1,mse,adam_224,50,256,1.6163,6684.19482421875,5241.970703125,4242.84423828125,0.3220059260687994,0.7
2026-09-04 13:42:39,multi_repeat_random_states.py,"(1021, 9)",728,sequential_224,Dense 64 -> 16 -> 32 -> 64 -> 64 -> 32 -> 1,mse,adam_224,50,256,2.6064,75072.4375,5342.27197265625,5360.51025390625,0.2128005816370433,0.7
2026-09-04 13:42:39,multi_repeat_random_states.py,"(1021, 9)",644,sequential_224,Dense 64 -> 16 -> 32 -> 64 -> 64 -> 32 -> 1,mse,adam_224,50,256,1.703,5504.5009765625,3035.03369140625,2725.281494140625,0.5830704083166189,0.7
2026-09-04 13:42:39,multi_repeat_random_states.py,"(1021, 9)",560,sequential_224,Dense 64 -> 16 -> 32 -> 64 -> 64 -> 32 -> 1,mse,adam_224,50,256,1.6521,5175.52490234375,3060.984130859375,2694.27001953125,0.5694635816047011,0.7
2026-09-04 13:42:40,multi_repeat_random_states.py,"(1021, 9)",728,sequential_224,Dense 64 -> 16 -> 32 -> 64 -> 64 -> 32 -> 1,mse,adam_224,50,256,1.4381,5199.62109375,3064.16748046875,2854.48583984375,0.5808142290197417,0.7
2026-09-04 13:42:41,multi_repeat_random_states.py,"(1021, 9)",644,sequential_224,Dense 64 -> 16 -> 32 -> 64 -> 64 -> 32 -> 1,mse,adam_224,50,256,1.4711,3039.357666015625,3124.94873046875,2997.271240234375,0.5414598013989708,0.7
2026-09-04 13:42:42,multi_repeat_random_states.py,"(1021, 9)",728,sequential_224,Dense 64 -> 16 -> 32 -> 64 -> 64 -> 32 -> 1,mse,adam_224,50,256,1.5626,3031.072021484375,2890.4658203125,3334.766357421875,0.5102842929326319,0.7
2026-09-04 13:42:42,multi_repeat_random_states.py,"(1021, 9)",561,sequential_225,Dense 64 -> 16 -> 32 -> 64 -> 64 -> 32 -> 1,mse,adam_225,50,256,2.4511,35538.5703125,5015.87890625,4073.434326171875,0.3254749772095412,0.7
2026-09-04 13:42:43,multi_repeat_random_states.py,"(1021, 9)",645,sequential_225,Dense 64 -> 16 -> 32 -> 64 -> 64 -> 32 -> 1,mse,adam_225,50,256,2.5191,90028.359375,5680.33251953125,5600.04736328125,0.15708307172949765,0.7
2026-09-04 13:42:44,multi_repeat_random_states.py,"(1021, 9)",561,sequential_225,Dense 64 -> 16 -> 32 -> 64 -> 64 -> 32 -> 1,mse,adam_225,50,256,1.4804,4889.986328125,3231.876708984375,2632.018310546875,0.5641608172395602,0.7
2026-09-04 13:42:45,multi_repeat_random_states.py,"(1021, 9)",729,sequential_225,Dense 64 -> 16 -> 32 -> 64 -> 64 -> 32 -> 1,mse,adam_225,50,256,2.4591,22433.09765625,2953.092529296875,3360.333251953125,0.5613549127190622,0.7
2026-09-04 13:42:45,multi_repeat_random_states.py,"(1021, 9)",645,sequential_225,Dense 64 -> 16 -> 32 -> 64 -> 64 -> 32 -> 1,mse,adam_225,50,256,1.7137,5603.318359375,2912.82666015625,2746.178955078125,0.586646267701677,0.7
2026-09-04 13:42:46,multi_repeat_random_states.py,"(1021, 9)",561,sequential_225,Dense 64 -> 16 -> 32 -> 64 -> 64 -> 32 -> 1,mse,adam_225,50,256,1.6593,3039.896484375,2981.53662109375,2891.825927734375,0.5211389488837948,0.7
2026-09-04 13:42:46,multi_repeat_random_states.py,"(1021, 9)",729,sequential_225,Dense 64 -> 16 -> 32 -> 64 -> 64 -> 32 -> 1,mse,adam_225,50,256,1.5561,2911.109130859375,3063.2314453125,3131.961669921875,0.5911657338942793,0.7
2026-09-04 13:42:47,multi_repeat_random_states.py,"(1021, 9)",645,sequential_225,Dense 64 -> 16 -> 32 -> 64 -> 64 -> 32 -> 1,mse,adam_225,50,256,1.4695,2905.220703125,3172.152099609375,3038.55029296875,0.5426386224476447,0.7
2026-09-04 13:42:48,multi_repeat_random_states.py,"(1021, 9)",729,sequential_225,Dense 64 -> 16 -> 32 -> 64 -> 64 -> 32 -> 1,mse,adam_225,50,256,1.5428,3118.885986328125,2875.189208984375,3115.947265625,0.5932562203165381,0.7
2026-09-04 13:42:50,multi_repeat_random_states.py,"(1021, 9)",562,sequential_226,Dense 64 -> 16 -> 32 -> 64 -> 64 -> 32 -> 1,mse,adam_226,50,256,4.4958,26503.85546875,3182.4052734375,3520.861572265625,0.494032566227278,0.7
2026-09-04 13:42:52,multi_repeat_random_states.py,"(1021, 9)",646,sequential_226,Dense 64 -> 16 -> 32 -> 64 -> 64 -> 32 -> 1,mse,adam_226,50,256,4.7423,13812.01171875,3157.65625,3989.764892578125,0.4678172866940197,0.7
2026-09-04 13:42:52,multi_repeat_random_states.py,"(1021, 9)",562,sequential_226,Dense 64 -> 16 -> 32 -> 64 -> 64 -> 32 -> 1,mse,adam_226,50,256,1.7757,3265.745361328125,2788.928955078125,3129.926025390625,0.5502121982446231,0.7
2026-09-04 13:42:53,multi_repeat_random_states.py,"(1021, 9)",730,sequential_226,Dense 64 -> 16 -> 32 -> 64 -> 64 -> 32 -> 1,mse,adam_226,50,256,4.9522,274733.625,5741.31982421875,6223.83447265625,0.14267438449517456,0.7
2026-09-04 13:42:54,multi_repeat_random_states.py,"(1021, 9)",646,sequential_226,Dense 64 -> 16 -> 32 -> 64 -> 64 -> 32 -> 1,mse,adam_226,50,256,1.7888,3050.98681640625,2845.050048828125,3099.84814453125,0.5865205058931746,0.7
2026-09-04 13:42:54,multi_repeat_random_states.py,"(1021, 9)",562,sequential_226,Dense 64 -> 16 -> 32 -> 64 -> 64 -> 32 -> 1,mse,adam_226,50,256,1.8151,2800.41748046875,3076.618896484375,3855.712158203125,0.44591263266301817,0.7
2026-09-04 13:42:55,multi_repeat_random_states.py,"(1021, 9)",730,sequential_226,Dense 64 -> 16 -> 32 -> 64 -> 64 -> 32 -> 1,mse,adam_226,50,256,1.8687,5724.09619140625,3891.048828125,4199.83349609375,0.42147811863741813,0.7
2026-09-04 13:42:56,multi_repeat_random_states.py,"(1021, 9)",646,sequential_226,Dense 64 -> 16 -> 32 -> 64 -> 64 -> 32 -> 1,mse,adam_226,50,256,1.8674,2824.22509765625,2786.76611328125,3277.90234375,0.5627704192531335,0.7
2026-09-04 13:42:57,multi_repeat_random_states.py,"(1021, 9)",730,sequential_226,Dense 64 -> 16 -> 32 -> 64 -> 64 -> 32 -> 1,mse,adam_226,50,256,1.6212,3686.35986328125,2952.75830078125,3219.294189453125,0.5565461443248981,0.7
2026-09-04 13:42:57,multi_repeat_random_states.py,"(1021, 9)",563,sequential_227,Dense 64 -> 16 -> 32 -> 64 -> 64 -> 32 -> 1,mse,adam_227,50,256,2.6548,26079.140625,3950.53076171875,3472.55712890625,0.44312145241356604,0.7
2026-09-04 13:42:58,multi_repeat_random_states.py,"(1021, 9)",647,sequential_227,Dense 64 -> 16 -> 32 -> 64 -> 64 -> 32 -> 1,mse,adam_227,50,256,2.4019,41152.25,5124.39599609375,5086.0595703125,0.25105661944145796,0.7
2026-09-04 13:42:59,multi_repeat_random_states.py,"(1021, 9)",563,sequential_227,Dense 64 -> 16 -> 32 -> 64 -> 64 -> 32 -> 1,mse,adam_227,50,256,1.4729,3779.889892578125,2938.544921875,2802.364501953125,0.5505972733758423,0.7
2026-09-04 13:43:00,multi_repeat_random_states.py,"(1021, 9)",731,sequential_227,Dense 64 -> 16 -> 32 -> 64 -> 64 -> 32 -> 1,mse,adam_227,50,256,2.3381,173209.953125,6006.53955078125,6673.013671875,0.09488258212836975,0.7
2026-09-04 13:43:00,multi_repeat_random_states.py,"(1021, 9)",647,sequential_227,Dense 64 -> 16 -> 32 -> 64 -> 64 -> 32 -> 1,mse,adam_227,50,256,1.4789,5008.3525390625,2957.70947265625,3312.32421875,0.5122464693393814,0.7
2026-09-04 13:43:00,multi_repeat_random_states.py,"(1021, 9)",563,sequential_227,Dense 64 -> 16 -> 32 -> 64 -> 64 -> 32 -> 1,mse,adam_227,50,256,1.4645,3078.938720703125,3046.90283203125,2709.034423828125,0.5655641937775612,0.7
2026-09-04 13:43:01,multi_repeat_random_states.py,"(1021, 9)",731,sequential_227,Dense 64 -> 16 -> 32 -> 64 -> 64 -> 32 -> 1,mse,adam_227,50,256,1.4968,5990.89453125,3953.251220703125,4562.10205078125,0.381203336817172,0.7
2026-09-04 13:43:02,multi_repeat_random_states.py,"(1021, 9)",647,sequential_227,Dense 64 -> 16 -> 32 -> 64 -> 64 -> 32 -> 1,mse,adam_227,50,256,1.5227,2835.963623046875,3139.265869140625,3138.70654296875,0.5378123731189008,0.7
2026-09-04 13:43:03,multi_repeat_random_states.py,"(1021, 9)",731,sequential_227,Dense 64 -> 16 -> 32 -> 64 -> 64 -> 32 -> 1,mse,adam_227,50,256,1.5787,3955.623779296875,2901.67822265625,3006.083251953125,0.5922594550834983,0.7
2026-09-04 13:43:03,multi_repeat_random_states.py,"(1021, 9)",564,sequential_228,Dense 64 -> 16 -> 32 -> 64 -> 64 -> 32 -> 1,mse,adam_228,50,256,2.3841,27663.384765625,3449.534423828125,3809.5673828125,0.488448623838863,0.7
2026-09-04 13:43:04,multi_repeat_random_states.py,"(1021, 9)",648,sequential_228,Dense 64 -> 16 -> 32 -> 64 -> 64 -> 32 -> 1,mse,adam_228,50,256,2.445,33091.3046875,4294.21435546875,3253.997314453125,0.501624928086086,0.7
2026-09-04 13:43:05,multi_repeat_random_states.py,"(1021, 9)",564,sequential_228,Dense 64 -> 16 -> 32 -> 64 -> 64 -> 32 -> 1,mse,adam_228,50,256,1.6066,3288.236328125,2837.536376953125,3032.859619140625,0.5927454360532272,0.7
2026-09-04 13:43:06,multi_repeat_random_states.py,"(1021, 9)",732,sequential_228,Dense 64 -> 16 -> 32 -> 64 -> 64 -> 32 -> 1,mse,adam_228,50,256,2.8065,42557.9140625,4444.0927734375,4240.220703125,0.38608251106573044,0.7
2026-09-04 13:43:07,multi_repeat_random_states.py,"(1021, 9)",648,sequential_228,Dense 64 -> 16 -> 32 -> 64 -> 64 -> 32 -> 1,mse,adam_228,50,256,2.0069,3993.81787109375,3072.415283203125,2997.38232421875,0.5409273800863481,0.7
2026-09-04 13:43:07,multi_repeat_random_states.py,"(1021, 9)",564,sequential_228,Dense 64 -> 16 -> 32 -> 64 -> 64 -> 32 -> 1,mse,adam_228,50,256,1.9303,3059.97119140625,2858.3359375,3090.8486328125,0.5849586529556644,0.7
2026-09-04 13:43:08,multi_repeat_random_states.py,"(1021, 9)",732,sequential_228,Dense 64 -> 16 -> 32 -> 64 -> 64 -> 32 -> 1,mse,adam_228,50,256,1.585,4210.89794921875,2770.311279296875,3038.420166015625,0.5600843827344215,0.7
2026-09-04 13:43:08,multi_repeat_random_states.py,"(1021, 9)",648,sequential_228,Dense 64 -> 16 -> 32 -> 64 -> 64 -> 32 -> 1,mse,adam_228,50,256,1.579,3452.01708984375,3051.884521484375,3017.475341796875,0.5378501323270484,0.7
2026-09-04 13:43:09,multi_repeat_random_states.py,"(1021, 9)",732,sequential_228,Dense 64 -> 16 -> 32 -> 64 -> 64 -> 32 -> 1,mse,adam_228,50,256,1.6046,2773.15185546875,3070.6103515625,3517.092529296875,0.49078012780146063,0.7
2026-09-04 13:43:09,multi_repeat_random_states.py,"(1021, 9)",565,sequential_229,Dense 64 -> 16 -> 32 -> 64 -> 64 -> 32 -> 1,mse,adam_229,50,256,2.4024,25886.41015625,4166.20751953125,4634.86962890625,0.33668715176117303,0.7
2026-09-04 13:43:11,multi_repeat_random_states.py,"(1021, 9)",649,sequential_229,Dense 64 -> 16 -> 32 -> 64 -> 64 -> 32 -> 1,mse,adam_229,50,256,2.4984,46820.96484375,5275.8515625,5185.05712890625,0.25068059753646477,0.7
2026-09-04 13:43:11,multi_repeat_random_states.py,"(1021, 9)",565,sequential_229,Dense 64 -> 16 -> 32 -> 64 -> 64 -> 32 -> 1,mse,adam_229,50,256,1.613,4765.8505859375,2991.24755859375,3406.439208984375,0.5124923189396604,0.7
2026-09-04 13:43:12,multi_repeat_random_states.py,"(1021, 9)",733,sequential_229,Dense 64 -> 16 -> 32 -> 64 -> 64 -> 32 -> 1,mse,adam_229,50,256,2.5531,100436.7734375,6144.8876953125,5646.9921875,0.14570880589292767,0.7
2026-09-04 13:43:13,multi_repeat_random_states.py,"(1021, 9)",649,sequential_229,Dense 64 -> 16 -> 32 -> 64 -> 64 -> 32 -> 1,mse,adam_229,50,256,1.5282,5196.0283203125,2914.33251953125,2861.87646484375,0.5864154632105141,0.7
2026-09-04 13:43:13,multi_repeat_random_states.py,"(1021, 9)",565,sequential_229,Dense 64 -> 16 -> 32 -> 64 -> 64 -> 32 -> 1,mse,adam_229,50,256,1.5503,2929.415771484375,2853.669189453125,3098.252685546875,0.556597991367892,0.7
2026-09-04 13:43:14,multi_repeat_random_states.py,"(1021, 9)",733,sequential_229,Dense 64 -> 16 -> 32 -> 64 -> 64 -> 32 -> 1,mse,adam_229,50,256,1.5626,6109.9404296875,3230.423828125,2727.58837890625,0.5873636057193132,0.7
2026-09-04 13:43:14,multi_repeat_random_states.py,"(1021, 9)",649,sequential_229,Dense 64 -> 16 -> 32 -> 64 -> 64 -> 32 -> 1,mse,adam_229,50,256,1.4977,2886.2978515625,2926.18310546875,2894.40234375,0.5817149212697408,0.7
2026-09-04 13:43:15,multi_repeat_random_states.py,"(1021, 9)",566,sequential_230,Dense 64 -> 16 -> 32 -> 64 -> 64 -> 32 -> 1,mse,adam_230,50,256,2.3564,40924.46875,4084.19189453125,3977.058837890625,0.3989778312284,0.7
2026-09-04 13:43:15,multi_repeat_random_states.py,"(1021, 9)",733,sequential_229,Dense 64 -> 16 -> 32 -> 64 -> 64 -> 32 -> 1,mse,adam_229,50,256,1.4768,3232.138916015625,3238.610107421875,2969.83837890625,0.5507153307301341,0.7
2026-09-04 13:43:17,multi_repeat_random_states.py,"(1021, 9)",650,sequential_230,Dense 64 -> 16 -> 32 -> 64 -> 64 -> 32 -> 1,mse,adam_230,50,256,2.5663,47096.796875,4874.6591796875,4693.10400390625,0.3123129022390281,0.7
2026-09-04 13:43:17,multi_repeat_random_states.py,"(1021, 9)",566,sequential_230,Dense 64 -> 16 -> 32 -> 64 -> 64 -> 32 -> 1,mse,adam_230,50,256,1.6603,4080.974853515625,3325.076416015625,2905.42236328125,0.5609259923150322,0.7
2026-09-04 13:43:19,multi_repeat_random_states.py,"(1021, 9)",734,sequential_230,Dense 64 -> 16 -> 32 -> 64 -> 64 -> 32 -> 1,mse,adam_230,50,256,2.9126,21482.02734375,3507.37841796875,2867.720947265625,0.5568628401029457,0.7
2026-09-04 13:43:19,multi_repeat_random_states.py,"(1021, 9)",650,sequential_230,Dense 64 -> 16 -> 32 -> 64 -> 64 -> 32 -> 1,mse,adam_230,50,256,1.7872,4862.064453125,3052.954833984375,2929.151611328125,0.5707873701394496,0.7
2026-09-04 13:43:19,multi_repeat_random_states.py,"(1021, 9)",566,sequential_230,Dense 64 -> 16 -> 32 -> 64 -> 64 -> 32 -> 1,mse,adam_230,50,256,1.8022,2944.89599609375,2869.0849609375,2838.13720703125,0.5710942594669977,0.7
2026-09-04 13:43:21,multi_repeat_random_states.py,"(1021, 9)",734,sequential_230,Dense 64 -> 16 -> 32 -> 64 -> 64 -> 32 -> 1,mse,adam_230,50,256,1.904,3121.84228515625,2953.573486328125,2928.06103515625,0.5475387753720815,0.7
2026-09-04 13:43:21,multi_repeat_random_states.py,"(1021, 9)",650,sequential_230,Dense 64 -> 16 -> 32 -> 64 -> 64 -> 32 -> 1,mse,adam_230,50,256,1.9978,2946.959228515625,3052.4794921875,3155.667236328125,0.5375957157675699,0.7
2026-09-04 13:43:26,multi_repeat_random_states.py,"(1021, 9)",567,sequential_231,Dense 64 -> 16 -> 32 -> 64 -> 64 -> 32 -> 1,mse,adam_231,50,256,5.7189,148437.03125,6070.61279296875,5812.27392578125,0.11986244069328023,0.7
2026-09-04 13:43:26,multi_repeat_random_states.py,"(1021, 9)",734,sequential_230,Dense 64 -> 16 -> 32 -> 64 -> 64 -> 32 -> 1,mse,adam_230,50,256,5.1452,3193.27685546875,3167.924560546875,3421.787109375,0.4712452817419591,0.7
2026-09-04 13:43:32,multi_repeat_random_states.py,"(1021, 9)",651,sequential_231,Dense 64 -> 16 -> 32 -> 64 -> 64 -> 32 -> 1,mse,adam_231,50,256,10.1626,31799.8203125,4027.289306640625,4571.44287109375,0.3719766780707352,0.7
2026-09-04 13:43:33,multi_repeat_random_states.py,"(1021, 9)",567,sequential_231,Dense 64 -> 16 -> 32 -> 64 -> 64 -> 32 -> 1,mse,adam_231,50,256,6.9108,6054.4599609375,3195.2578125,3146.431884765625,0.5235440023855344,0.7
2026-09-04 13:43:38,multi_repeat_random_states.py,"(1021, 9)",735,sequential_231,Dense 64 -> 16 -> 32 -> 64 -> 64 -> 32 -> 1,mse,adam_231,50,256,10.4842,68902.40625,5986.47900390625,5658.935546875,0.1678792994495899,0.7
2026-09-04 13:43:40,multi_repeat_random_states.py,"(1021, 9)",651,sequential_231,Dense 64 -> 16 -> 32 -> 64 -> 64 -> 32 -> 1,mse,adam_231,50,256,6.9246,4043.986083984375,2745.337890625,3561.3642578125,0.5107409557581349,0.7
2026-09-04 13:43:40,multi_repeat_random_states.py,"(1021, 9)",567,sequential_231,Dense 64 -> 16 -> 32 -> 64 -> 64 -> 32 -> 1,mse,adam_231,50,256,6.4797,3150.06005859375,2861.078369140625,3106.569091796875,0.5295802977141766,0.7
2026-09-04 13:43:44,multi_repeat_random_states.py,"(1021, 9)",735,sequential_231,Dense 64 -> 16 -> 32 -> 64 -> 64 -> 32 -> 1,mse,adam_231,50,256,6.2574,5972.28662109375,3470.94580078125,3191.0146484375,0.5307758752564775,0.7
2026-09-04 13:43:47,multi_repeat_random_states.py,"(1021, 9)",651,sequential_231,Dense 64 -> 16 -> 32 -> 64 -> 64 -> 32 -> 1,mse,adam_231,50,256,6.392,2825.496826171875,2787.52099609375,3276.73779296875,0.5498428120947256,0.7
2026-09-04 13:43:51,multi_repeat_random_states.py,"(1021, 9)",568,sequential_232,Dense 64 -> 16 -> 32 -> 64 -> 64 -> 32 -> 1,mse,adam_232,50,256,10.3885,19253.77734375,2888.990234375,2992.33837890625,0.5423886811679749,0.7
2026-09-04 13:43:52,multi_repeat_random_states.py,"(1021, 9)",735,sequential_231,Dense 64 -> 16 -> 32 -> 64 -> 64 -> 32 -> 1,mse,adam_231,50,256,6.8896,3561.47509765625,2826.653076171875,2846.799072265625,0.5813912722441261,0.7
2026-09-04 13:43:58,multi_repeat_random_states.py,"(1021, 9)",568,sequential_232,Dense 64 -> 16 -> 32 -> 64 -> 64 -> 32 -> 1,mse,adam_232,50,256,6.0677,2880.148193359375,3193.1806640625,3095.238037109375,0.526652529634709,0.7
2026-09-04 13:43:58,multi_repeat_random_states.py,"(1021, 9)",652,sequential_232,Dense 64 -> 16 -> 32 -> 64 -> 64 -> 32 -> 1,mse,adam_232,50,256,10.2644,114310.9765625,4976.3076171875,5980.10498046875,0.21796253110606623,0.7
2026-09-04 13:44:03,multi_repeat_random_states.py,"(1021, 9)",736,sequential_232,Dense 64 -> 16 -> 32 -> 64 -> 64 -> 32 -> 1,mse,adam_232,50,256,10.0195,32876.7734375,4496.7119140625,4490.83056640625,0.35810670936918776,0.7
2026-09-04 13:44:05,multi_repeat_random_states.py,"(1021, 9)",652,sequential_232,Dense 64 -> 16 -> 32 -> 64 -> 64 -> 32 -> 1,mse,adam_232,50,256,6.7396,4923.68212890625,2881.657958984375,3371.04833984375,0.5591572894363455,0.7
2026-09-04 13:44:05,multi_repeat_random_states.py,"(1021, 9)",568,sequential_232,Dense 64 -> 16 -> 32 -> 64 -> 64 -> 32 -> 1,mse,adam_232,50,256,6.7655,3059.22412109375,2779.171630859375,2930.625,0.5518264172530385,0.7
2026-09-04 13:44:10,multi_repeat_random_states.py,"(1021, 9)",736,sequential_232,Dense 64 -> 16 -> 32 -> 64 -> 64 -> 32 -> 1,mse,adam_232,50,256,7.2188,4472.78369140625,3054.65869140625,2664.096923828125,0.6192094060626004,0.7
2026-09-04 13:44:12,multi_repeat_random_states.py,"(1021, 9)",652,sequential_232,Dense 64 -> 16 -> 32 -> 64 -> 64 -> 32 -> 1,mse,adam_232,50,256,6.6654,2769.3095703125,2909.40185546875,3471.3154296875,0.5460450514314992,0.7
2026-09-04 13:44:16,multi_repeat_random_states.py,"(1021, 9)",569,sequential_233,Dense 64 -> 16 -> 32 -> 64 -> 64 -> 32 -> 1,mse,adam_233,50,256,10.2277,37483.00390625,5086.43359375,4942.1767578125,0.24653716058773978,0.7
2026-09-04 13:44:17,multi_repeat_random_states.py,"(1021, 9)",736,sequential_232,Dense 64 -> 16 -> 32 -> 64 -> 64 -> 32 -> 1,mse,adam_232,50,256,6.5303,2956.4990234375,3029.255126953125,2708.137451171875,0.6129144894594544,0.7
2026-09-04 13:44:22,multi_repeat_random_states.py,"(1021, 9)",653,sequential_233,Dense 64 -> 16 -> 32 -> 64 -> 64 -> 32 -> 1,mse,adam_233,50,256,9.588,119599.4921875,5453.294921875,4992.8154296875,0.23899920984962053,0.7
2026-09-04 13:44:22,multi_repeat_random_states.py,"(1021, 9)",569,sequential_233,Dense 64 -> 16 -> 32 -> 64 -> 64 -> 32 -> 1,mse,adam_233,50,256,5.4818,4955.17138671875,2864.64892578125,2899.455078125,0.5579617151134008,0.7
2026-09-04 13:44:23,multi_repeat_random_states.py,"(1021, 9)",737,sequential_233,Dense 64 -> 16 -> 32 -> 64 -> 64 -> 32 -> 1,mse,adam_233,50,256,5.3009,86323.125,5908.78857421875,5016.35791015625,0.21224370042215346,0.7
2026-09-04 13:44:24,multi_repeat_random_states.py,"(1021, 9)",653,sequential_233,Dense 64 -> 16 -> 32 -> 64 -> 64 -> 32 -> 1,mse,adam_233,50,256,1.5119,5365.09375,2936.31005859375,2947.131103515625,0.5508007460792887,0.7
2026-09-04 13:44:24,multi_repeat_random_states.py,"(1021, 9)",569,sequential_233,Dense 64 -> 16 -> 32 -> 64 -> 64 -> 32 -> 1,mse,adam_233,50,256,1.5255,2923.2197265625,3031.031005859375,3577.487548828125,0.45459179757879,0.7
2026-09-04 13:44:25,multi_repeat_random_states.py,"(1021, 9)",737,sequential_233,Dense 64 -> 16 -> 32 -> 64 -> 64 -> 32 -> 1,mse,adam_233,50,256,1.482,5844.2529296875,3222.171875,3026.617919921875,0.5247075503226115,0.7
2026-09-04 13:44:25,multi_repeat_random_states.py,"(1021, 9)",653,sequential_233,Dense 64 -> 16 -> 32 -> 64 -> 64 -> 32 -> 1,mse,adam_233,50,256,1.4656,2952.99755859375,3043.006591796875,2993.650390625,0.543710297018869,0.7
2026-09-04 13:44:26,multi_repeat_random_states.py,"(1021, 9)",570,sequential_234,Dense 64 -> 16 -> 32 -> 64 -> 64 -> 32 -> 1,mse,adam_234,50,256,2.4346,36496.82421875,5054.16064453125,4517.92041015625,0.2537337254238623,0.7
2026-09-04 13:44:27,multi_repeat_random_states.py,"(1021, 9)",737,sequential_233,Dense 64 -> 16 -> 32 -> 64 -> 64 -> 32 -> 1,mse,adam_233,50,256,1.5576,3088.051513671875,3023.814453125,2971.5703125,0.533352079804853,0.7
2026-09-04 13:44:28,multi_repeat_random_states.py,"(1021, 9)",570,sequential_234,Dense 64 -> 16 -> 32 -> 64 -> 64 -> 32 -> 1,mse,adam_234,50,256,1.5677,4959.5048828125,3378.091552734375,3186.6953125,0.473624410884257,0.7
2026-09-04 13:44:28,multi_repeat_random_states.py,"(1021, 9)",654,sequential_234,Dense 64 -> 16 -> 32 -> 64 -> 64 -> 32 -> 1,mse,adam_234,50,256,2.526,45145.13671875,4119.63623046875,4552.8271484375,0.4128335950443359,0.7
2026-09-04 13:44:29,multi_repeat_random_states.py,"(1021, 9)",738,sequential_234,Dense 64 -> 16 -> 32 -> 64 -> 64 -> 32 -> 1,mse,adam_234,50,256,2.5003,23037.208984375,3591.029052734375,3318.665771484375,0.4838355108575043,0.7
2026-09-04 13:44:30,multi_repeat_random_states.py,"(1021, 9)",654,sequential_234,Dense 64 -> 16 -> 32 -> 64 -> 64 -> 32 -> 1,mse,adam_234,50,256,1.4869,4177.830078125,3285.622802734375,3576.153564453125,0.5387927126784688,0.7
2026-09-04 13:44:30,multi_repeat_random_states.py,"(1021, 9)",570,sequential_234,Dense 64 -> 16 -> 32 -> 64 -> 64 -> 32 -> 1,mse,adam_234,50,256,1.5068,3210.567138671875,3124.55078125,2718.98876953125,0.5508796706108117,0.7
2026-09-04 13:44:31,multi_repeat_random_states.py,"(1021, 9)",738,sequential_234,Dense 64 -> 16 -> 32 -> 64 -> 64 -> 32 -> 1,mse,adam_234,50,256,1.444,3911.032470703125,2974.4169921875,2645.790283203125,0.5884903120247633,0.7
2026-09-04 13:44:31,multi_repeat_random_states.py,"(1021, 9)",654,sequential_234,Dense 64 -> 16 -> 32 -> 64 -> 64 -> 32 -> 1,mse,adam_234,50,256,1.454,3080.1572265625,2717.143310546875,3134.7353515625,0.5957212092072519,0.7
2026-09-04 13:44:32,multi_repeat_random_states.py,"(1021, 9)",571,sequential_235,Dense 64 -> 16 -> 32 -> 64 -> 64 -> 32 -> 1,mse,adam_235,50,256,2.4397,30694.892578125,4437.943359375,4773.5712890625,0.34055099827771595,0.7
2026-09-04 13:44:33,multi_repeat_random_states.py,"(1021, 9)",738,sequential_234,Dense 64 -> 16 -> 32 -> 64 -> 64 -> 32 -> 1,mse,adam_234,50,256,1.5694,3007.023193359375,2959.66162109375,2652.081298828125,0.5875118761057303,0.7
2026-09-04 13:44:34,multi_repeat_random_states.py,"(1021, 9)",655,sequential_235,Dense 64 -> 16 -> 32 -> 64 -> 64 -> 32 -> 1,mse,adam_235,50,256,2.5049,27637.28515625,4124.181640625,4843.56787109375,0.3506615882283317,0.7
2026-09-04 13:44:34,multi_repeat_random_states.py,"(1021, 9)",571,sequential_235,Dense 64 -> 16 -> 32 -> 64 -> 64 -> 32 -> 1,mse,adam_235,50,256,1.6421,4251.0732421875,2941.821044921875,2967.996337890625,0.5899836360661642,0.7
2026-09-04 13:44:35,multi_repeat_random_states.py,"(1021, 9)",739,sequential_235,Dense 64 -> 16 -> 32 -> 64 -> 64 -> 32 -> 1,mse,adam_235,50,256,2.5412,137655.9375,5145.49658203125,5320.587890625,0.22084509851251222,0.7
2026-09-04 13:44:36,multi_repeat_random_states.py,"(1021, 9)",655,sequential_235,Dense 64 -> 16 -> 32 -> 64 -> 64 -> 32 -> 1,mse,adam_235,50,256,1.5544,4043.173828125,3152.79150390625,3812.670166015625,0.488865855762335,0.7
2026-09-04 13:44:36,multi_repeat_random_states.py,"(1021, 9)",571,sequential_235,Dense 64 -> 16 -> 32 -> 64 -> 64 -> 32 -> 1,mse,adam_235,50,256,1.5401,2925.219482421875,2810.60302734375,2940.414306640625,0.5937939492022164,0.7
2026-09-04 13:44:37,multi_repeat_random_states.py,"(1021, 9)",739,sequential_235,Dense 64 -> 16 -> 32 -> 64 -> 64 -> 32 -> 1,mse,adam_235,50,256,1.4303,5075.3935546875,2812.433837890625,2952.8515625,0.5675798897982547,0.7
2026-09-04 13:44:37,multi_repeat_random_states.py,"(1021, 9)",655,sequential_235,Dense 64 -> 16 -> 32 -> 64 -> 64 -> 32 -> 1,mse,adam_235,50,256,1.5033,2977.844970703125,2848.52587890625,3372.336669921875,0.5478978900975802,0.7
2026-09-04 13:44:38,multi_repeat_random_states.py,"(1021, 9)",739,sequential_235,Dense 64 -> 16 -> 32 -> 64 -> 64 -> 32 -> 1,mse,adam_235,50,256,1.4417,2833.83349609375,2809.00439453125,2871.147216796875,0.579544853819689,0.7
2026-09-04 13:44:38,multi_repeat_random_states.py,"(1021, 9)",572,sequential_236,Dense 64 -> 16 -> 32 -> 64 -> 64 -> 32 -> 1,mse,adam_236,50,256,2.3734,30703.8203125,3325.314208984375,3289.2216796875,0.5725144682813157,0.7
2026-09-04 13:44:40,multi_repeat_random_states.py,"(1021, 9)",656,sequential_236,Dense 64 -> 16 -> 32 -> 64 -> 64 -> 32 -> 1,mse,adam_236,50,256,2.4057,125702.5234375,5138.33935546875,5119.2275390625,0.24147190705058397,0.7
2026-09-04 13:44:40,multi_repeat_random_states.py,"(1021, 9)",572,sequential_236,Dense 64 -> 16 -> 32 -> 64 -> 64 -> 32 -> 1,mse,adam_236,50,256,1.5996,3172.17626953125,2847.840576171875,3023.318603515625,0.6070726838370316,0.7
2026-09-04 13:44:41,multi_repeat_random_states.py,"(1021, 9)",740,sequential_236,Dense 64 -> 16 -> 32 -> 64 -> 64 -> 32 -> 1,mse,adam_236,50,256,2.4553,57943.6015625,5312.068359375,5165.67578125,0.22673378861969862,0.7
2026-09-04 13:44:42,multi_repeat_random_states.py,"(1021, 9)",656,sequential_236,Dense 64 -> 16 -> 32 -> 64 -> 64 -> 32 -> 1,mse,adam_236,50,256,1.4792,5060.2744140625,2941.9521484375,3146.32421875,0.5338016439311695,0.7
2026-09-04 13:44:42,multi_repeat_random_states.py,"(1021, 9)",572,sequential_236,Dense 64 -> 16 -> 32 -> 64 -> 64 -> 32 -> 1,mse,adam_236,50,256,1.5377,2776.672607421875,2803.6943359375,3112.738037109375,0.5954513354104283,0.7
2026-09-04 13:44:44,multi_repeat_random_states.py,"(1021, 9)",740,sequential_236,Dense 64 -> 16 -> 32 -> 64 -> 64 -> 32 -> 1,mse,adam_236,50,256,2.6815,5439.001953125,3480.072509765625,3044.043701171875,0.5443275783587391,0.7
2026-09-04 13:44:46,multi_repeat_random_states.py,"(1021, 9)",656,sequential_236,Dense 64 -> 16 -> 32 -> 64 -> 64 -> 32 -> 1,mse,adam_236,50,256,4.2495,2995.71337890625,2879.7041015625,2958.866455078125,0.5615777238516786,0.7
2026-09-04 13:44:51,multi_repeat_random_states.py,"(1021, 9)",740,sequential_236,Dense 64 -> 16 -> 32 -> 64 -> 64 -> 32 -> 1,mse,adam_236,50,256,6.7044,3097.739990234375,2968.522216796875,2599.98681640625,0.6107998097461034,0.7
2026-09-04 13:44:52,multi_repeat_random_states.py,"(1021, 9)",573,sequential_237,Dense 64 -> 16 -> 32 -> 64 -> 64 -> 32 -> 1,mse,adam_237,50,256,8.9182,95296.71875,5627.7734375,5474.30126953125,0.18095630198874402,0.7
2026-09-04 13:44:58,multi_repeat_random_states.py,"(1021, 9)",657,sequential_237,Dense 64 -> 16 -> 32 -> 64 -> 64 -> 32 -> 1,mse,adam_237,50,256,10.5477,70212.9921875,4302.01220703125,4654.171875,0.3267482618668214,0.7
2026-09-04 13:44:59,multi_repeat_random_states.py,"(1021, 9)",573,sequential_237,Dense 64 -> 16 -> 32 -> 64 -> 64 -> 32 -> 1,mse,adam_237,50,256,6.6559,5591.6142578125,3271.09130859375,2895.917724609375,0.5667240427569669,0.7
2026-09-04 13:45:03,multi_repeat_random_states.py,"(1021, 9)",741,sequential_237,Dense 64 -> 16 -> 32 -> 64 -> 64 -> 32 -> 1,mse,adam_237,50,256,9.9749,21140.9609375,3363.00146484375,3609.109619140625,0.4088852776169217,0.7
2026-09-04 13:45:05,multi_repeat_random_states.py,"(1021, 9)",657,sequential_237,Dense 64 -> 16 -> 32 -> 64 -> 64 -> 32 -> 1,mse,adam_237,50,256,6.7654,4378.4384765625,3638.74365234375,3040.215087890625,0.5602160124652071,0.7
2026-09-04 13:45:06,multi_repeat_random_states.py,"(1021, 9)",573,sequential_237,Dense 64 -> 16 -> 32 -> 64 -> 64 -> 32 -> 1,mse,adam_237,50,256,6.529,3200.85693359375,2868.781494140625,2897.721435546875,0.5664541520755391,0.7
2026-09-04 13:45:10,multi_repeat_random_states.py,"(1021, 9)",741,sequential_237,Dense 64 -> 16 -> 32 -> 64 -> 64 -> 32 -> 1,mse,adam_237,50,256,6.9479,3468.705078125,2880.1025390625,2850.587158203125,0.5331191925649952,0.7
2026-09-04 13:45:12,multi_repeat_random_states.py,"(1021, 9)",657,sequential_237,Dense 64 -> 16 -> 32 -> 64 -> 64 -> 32 -> 1,mse,adam_237,50,256,6.4269,3442.98291015625,3150.406494140625,3109.66064453125,0.550170318036198,0.7
2026-09-04 13:45:16,multi_repeat_random_states.py,"(1021, 9)",574,sequential_238,Dense 64 -> 16 -> 32 -> 64 -> 64 -> 32 -> 1,mse,adam_238,50,256,8.9817,20437.52734375,3450.72412109375,3748.222900390625,0.3901061254483802,0.7
2026-09-04 13:45:16,multi_repeat_random_states.py,"(1021, 9)",741,sequential_237,Dense 64 -> 16 -> 32 -> 64 -> 64 -> 32 -> 1,mse,adam_237,50,256,5.7642,2875.13916015625,3073.2978515625,2825.840087890625,0.5371723336988531,0.7
2026-09-04 13:45:22,multi_repeat_random_states.py,"(1021, 9)",658,sequential_238,Dense 64 -> 16 -> 32 -> 64 -> 64 -> 32 -> 1,mse,adam_238,50,256,9.0445,23731.943359375,3875.984619140625,4101.93994140625,0.41833737504757784,0.7
2026-09-04 13:45:23,multi_repeat_random_states.py,"(1021, 9)",574,sequential_238,Dense 64 -> 16 -> 32 -> 64 -> 64 -> 32 -> 1,mse,adam_238,50,256,6.6364,3576.473388671875,2933.23974609375,2638.521240234375,0.570671794316755,0.7
2026-09-04 13:45:27,multi_repeat_random_states.py,"(1021, 9)",742,sequential_238,Dense 64 -> 16 -> 32 -> 64 -> 64 -> 32 -> 1,mse,adam_238,50,256,10.0,82455.7734375,4587.818359375,4888.2197265625,0.2725876554655553,0.7
2026-09-04 13:45:29,multi_repeat_random_states.py,"(1021, 9)",658,sequential_238,Dense 64 -> 16 -> 32 -> 64 -> 64 -> 32 -> 1,mse,adam_238,50,256,6.7941,3669.94580078125,3289.82080078125,4234.8232421875,0.3994943311962582,0.7
2026-09-04 13:45:30,multi_repeat_random_states.py,"(1021, 9)",574,sequential_238,Dense 64 -> 16 -> 32 -> 64 -> 64 -> 32 -> 1,mse,adam_238,50,256,6.3768,2926.007080078125,3527.77734375,3519.422119140625,0.4273355018614834,0.7
2026-09-04 13:45:34,multi_repeat_random_states.py,"(1021, 9)",742,sequential_238,Dense 64 -> 16 -> 32 -> 64 -> 64 -> 32 -> 1,mse,adam_238,50,256,6.3363,4590.1826171875,2997.274169921875,3224.263671875,0.5201997302067791,0.7
2026-09-04 13:45:35,multi_repeat_random_states.py,"(1021, 9)",658,sequential_238,Dense 64 -> 16 -> 32 -> 64 -> 64 -> 32 -> 1,mse,adam_238,50,256,5.9008,3340.80517578125,2756.077392578125,3184.27490234375,0.5484640227726909,0.7
2026-09-04 13:45:40,multi_repeat_random_states.py,"(1021, 9)",575,sequential_239,Dense 64 -> 16 -> 32 -> 64 -> 64 -> 32 -> 1,mse,adam_239,50,256,9.8297,102449.6171875,5539.015625,5437.40234375,0.18277191205313104,0.7
2026-09-04 13:45:40,multi_repeat_random_states.py,"(1021, 9)",742,sequential_238,Dense 64 -> 16 -> 32 -> 64 -> 64 -> 32 -> 1,mse,adam_238,50,256,6.146,3020.367919921875,2899.669677734375,3246.230712890625,0.5169308604363393,0.7
2026-09-04 13:45:47,multi_repeat_random_states.py,"(1021, 9)",659,sequential_239,Dense 64 -> 16 -> 32 -> 64 -> 64 -> 32 -> 1,mse,adam_239,50,256,10.3452,63964.2265625,4976.6484375,5185.04296875,0.26103764392264284,0.7
2026-09-04 13:45:47,multi_repeat_random_states.py,"(1021, 9)",575,sequential_239,Dense 64 -> 16 -> 32 -> 64 -> 64 -> 32 -> 1,mse,adam_239,50,256,6.582,5495.17626953125,3401.37353515625,3134.6455078125,0.5288706172110292,0.7
2026-09-04 13:45:51,multi_repeat_random_states.py,"(1021, 9)",743,sequential_239,Dense 64 -> 16 -> 32 -> 64 -> 64 -> 32 -> 1,mse,adam_239,50,256,9.8961,30782.56640625,4178.658203125,3607.12451171875,0.3557913092176084,0.7
2026-09-04 13:45:54,multi_repeat_random_states.py,"(1021, 9)",659,sequential_239,Dense 64 -> 16 -> 32 -> 64 -> 64 -> 32 -> 1,mse,adam_239,50,256,6.6478,4921.38330078125,2929.654052734375,3064.059814453125,0.5633161237506359,0.7
2026-09-04 13:45:55,multi_repeat_random_states.py,"(1021, 9)",575,sequential_239,Dense 64 -> 16 -> 32 -> 64 -> 64 -> 32 -> 1,mse,adam_239,50,256,6.7772,3250.3232421875,2886.364501953125,3145.51025390625,0.5272376010036592,0.7
2026-09-04 13:45:59,multi_repeat_random_states.py,"(1021, 9)",743,sequential_239,Dense 64 -> 16 -> 32 -> 64 -> 64 -> 32 -> 1,mse,adam_239,50,256,6.869,3975.733642578125,3091.1962890625,2597.928955078125,0.5360269607296693,0.7
2026-09-04 13:46:01,multi_repeat_random_states.py,"(1021, 9)",659,sequential_239,Dense 64 -> 16 -> 32 -> 64 -> 64 -> 32 -> 1,mse,adam_239,50,256,6.7543,3049.435302734375,2817.3701171875,2886.05615234375,0.5886848290348967,0.7
2026-09-04 13:46:06,multi_repeat_random_states.py,"(1021, 9)",576,sequential_240,Dense 64 -> 16 -> 32 -> 64 -> 64 -> 32 -> 1,mse,adam_240,50,256,10.0726,67884.2265625,4225.099609375,4841.32666015625,0.3367515313244802,0.7
2026-09-04 13:46:06,multi_repeat_random_states.py,"(1021, 9)",743,sequential_239,Dense 64 -> 16 -> 32 -> 64 -> 64 -> 32 -> 1,mse,adam_239,50,256,6.6911,3094.0634765625,3336.114501953125,2622.050537109375,0.5317189575379175,0.7
2026-09-04 13:46:12,multi_repeat_random_states.py,"(1021, 9)",660,sequential_240,Dense 64 -> 16 -> 32 -> 64 -> 64 -> 32 -> 1,mse,adam_240,50,256,10.518,40027.03125,4829.02880859375,4026.755126953125,0.41901615810348125,0.7
2026-09-04 13:46:13,multi_repeat_random_states.py,"(1021, 9)",576,sequential_240,Dense 64 -> 16 -> 32 -> 64 -> 64 -> 32 -> 1,mse,adam_240,50,256,7.124,4202.6416015625,2821.86767578125,3222.2138671875,0.5585655012350763,0.7
2026-09-04 13:46:17,multi_repeat_random_states.py,"(1021, 9)",744,sequential_240,Dense 64 -> 16 -> 32 -> 64 -> 64 -> 32 -> 1,mse,adam_240,50,256,10.1392,67471.6015625,4782.05419921875,5166.87744140625,0.31009198277800043,0.7
2026-09-04 13:46:19,multi_repeat_random_states.py,"(1021, 9)",660,sequential_240,Dense 64 -> 16 -> 32 -> 64 -> 64 -> 32 -> 1,mse,adam_240,50,256,6.6443,4417.79638671875,2803.060302734375,2934.269287109375,0.5766410078236818,0.7
2026-09-04 13:46:21,multi_repeat_random_states.py,"(1021, 9)",576,sequential_240,Dense 64 -> 16 -> 32 -> 64 -> 64 -> 32 -> 1,mse,adam_240,50,256,6.8495,2882.1396484375,2766.06103515625,3511.74267578125,0.518900880221722,0.7
2026-09-04 13:46:24,multi_repeat_random_states.py,"(1021, 9)",744,sequential_240,Dense 64 -> 16 -> 32 -> 64 -> 64 -> 32 -> 1,mse,adam_240,50,256,6.6789,4628.3232421875,2927.967529296875,2993.2177734375,0.600330144173316,0.7
2026-09-04 13:46:27,multi_repeat_random_states.py,"(1021, 9)",660,sequential_240,Dense 64 -> 16 -> 32 -> 64 -> 64 -> 32 -> 1,mse,adam_240,50,256,6.6359,2804.19140625,2849.1357421875,2861.218994140625,0.5871807199949964,0.7
2026-09-04 13:46:32,multi_repeat_random_states.py,"(1021, 9)",744,sequential_240,Dense 64 -> 16 -> 32 -> 64 -> 64 -> 32 -> 1,mse,adam_240,50,256,6.9275,2898.89501953125,2862.80712890625,2885.983154296875,0.6146486487305944,0.7
2026-09-04 13:46:32,multi_repeat_random_states.py,"(1021, 9)",577,sequential_241,Dense 64 -> 16 -> 32 -> 64 -> 64 -> 32 -> 1,mse,adam_241,50,256,10.1739,47361.48046875,4817.57177734375,4915.6474609375,0.2872592430442791,0.7
2026-09-04 13:46:38,multi_repeat_random_states.py,"(1021, 9)",661,sequential_241,Dense 64 -> 16 -> 32 -> 64 -> 64 -> 32 -> 1,mse,adam_241,50,256,10.62,151392.6875,5972.3271484375,5338.6474609375,0.15178487425413312,0.7
2026-09-04 13:46:40,multi_repeat_random_states.py,"(1021, 9)",577,sequential_241,Dense 64 -> 16 -> 32 -> 64 -> 64 -> 32 -> 1,mse,adam_241,50,256,7.2724,4666.4384765625,3667.69921875,3486.454345703125,0.49448408775072894,0.7
2026-09-04 13:46:43,multi_repeat_random_states.py,"(1021, 9)",745,sequential_241,Dense 64 -> 16 -> 32 -> 64 -> 64 -> 32 -> 1,mse,adam_241,50,256,10.2837,309777.6875,5388.119140625,6330.75341796875,0.1454739874319344,0.7
2026-09-04 13:46:46,multi_repeat_random_states.py,"(1021, 9)",661,sequential_241,Dense 64 -> 16 -> 32 -> 64 -> 64 -> 32 -> 1,mse,adam_241,50,256,7.0575,5949.06982421875,3156.79248046875,2586.2158203125,0.589096750454886,0.7
2026-09-04 13:46:47,multi_repeat_random_states.py,"(1021, 9)",577,sequential_241,Dense 64 -> 16 -> 32 -> 64 -> 64 -> 32 -> 1,mse,adam_241,50,256,6.8439,3274.55078125,3158.133544921875,3479.064453125,0.49555553839042255,0.7
2026-09-04 13:46:50,multi_repeat_random_states.py,"(1021, 9)",745,sequential_241,Dense 64 -> 16 -> 32 -> 64 -> 64 -> 32 -> 1,mse,adam_241,50,256,6.7959,5373.90087890625,4354.72705078125,4919.732421875,0.3359337763760799,0.7
2026-09-04 13:46:53,multi_repeat_random_states.py,"(1021, 9)",661,sequential_241,Dense 64 -> 16 -> 32 -> 64 -> 64 -> 32 -> 1,mse,adam_241,50,256,6.4232,3123.97802734375,3060.5966796875,2749.884033203125,0.5630928393747024,0.7
2026-09-04 13:46:57,multi_repeat_random_states.py,"(1021, 9)",745,sequential_241,Dense 64 -> 16 -> 32 -> 64 -> 64 -> 32 -> 1,mse,adam_241,50,256,6.807,4303.6279296875,3121.12646484375,3127.868896484375,0.5777997473178723,0.7
2026-09-04 13:46:58,multi_repeat_random_states.py,"(1021, 9)",578,sequential_242,Dense 64 -> 16 -> 32 -> 64 -> 64 -> 32 -> 1,mse,adam_242,50,256,10.3872,39766.98828125,4025.819580078125,4569.96142578125,0.35892347282537473,0.7
2026-09-04 13:47:04,multi_repeat_random_states.py,"(1021, 9)",662,sequential_242,Dense 64 -> 16 -> 32 -> 64 -> 64 -> 32 -> 1,mse,adam_242,50,256,10.404,49733.44140625,4244.4072265625,3548.50732421875,0.46859927849782745,0.7
2026-09-04 13:47:06,multi_repeat_random_states.py,"(1021, 9)",578,sequential_242,Dense 64 -> 16 -> 32 -> 64 -> 64 -> 32 -> 1,mse,adam_242,50,256,6.9087,3736.015625,2894.727294921875,3410.83642578125,0.5215261603013225,0.7
2026-09-04 13:47:09,multi_repeat_random_states.py,"(1021, 9)",746,sequential_242,Dense 64 -> 16 -> 32 -> 64 -> 64 -> 32 -> 1,mse,adam_242,50,256,10.8364,45229.2265625,4916.49169921875,5166.30859375,0.29557366143566777,0.7
2026-09-04 13:47:12,multi_repeat_random_states.py,"(1021, 9)",662,sequential_242,Dense 64 -> 16 -> 32 -> 64 -> 64 -> 32 -> 1,mse,adam_242,50,256,6.8741,3904.4521484375,3037.843994140625,2740.767333984375,0.5895609923686977,0.7
2026-09-04 13:47:13,multi_repeat_random_states.py,"(1021, 9)",578,sequential_242,Dense 64 -> 16 -> 32 -> 64 -> 64 -> 32 -> 1,mse,adam_242,50,256,6.7656,2647.063232421875,2712.2490234375,3436.83740234375,0.5178787566879355,0.7
2026-09-04 13:47:17,multi_repeat_random_states.py,"(1021, 9)",746,sequential_242,Dense 64 -> 16 -> 32 -> 64 -> 64 -> 32 -> 1,mse,adam_242,50,256,7.0516,4848.81982421875,2852.4765625,3096.7451171875,0.5777587333253408,0.7
2026-09-04 13:47:19,multi_repeat_random_states.py,"(1021, 9)",662,sequential_242,Dense 64 -> 16 -> 32 -> 64 -> 64 -> 32 -> 1,mse,adam_242,50,256,6.8937,3050.485595703125,3373.244140625,2651.09423828125,0.6029898673958889,0.7
2026-09-04 13:47:24,multi_repeat_random_states.py,"(1021, 9)",746,sequential_242,Dense 64 -> 16 -> 32 -> 64 -> 64 -> 32 -> 1,mse,adam_242,50,256,6.571,3027.855224609375,3100.947021484375,3022.716796875,0.5878525292854567,0.7
2026-09-04 13:47:24,multi_repeat_random_states.py,"(1021, 9)",579,sequential_243,Dense 64 -> 16 -> 32 -> 64 -> 64 -> 32 -> 1,mse,adam_243,50,256,10.142,118757.765625,5860.89892578125,5894.25927734375,0.09308478903252515,0.7
2026-09-04 13:47:30,multi_repeat_random_states.py,"(1021, 9)",663,sequential_243,Dense 64 -> 16 -> 32 -> 64 -> 64 -> 32 -> 1,mse,adam_243,50,256,10.4023,26415.75,3114.92041015625,3471.838134765625,0.5035016666307157,0.7
2026-09-04 13:47:32,multi_repeat_random_states.py,"(1021, 9)",579,sequential_243,Dense 64 -> 16 -> 32 -> 64 -> 64 -> 32 -> 1,mse,adam_243,50,256,6.9846,5831.28515625,3112.225341796875,2857.28271484375,0.5603665790734649,0.7
2026-09-04 13:47:35,multi_repeat_random_states.py,"(1021, 9)",747,sequential_243,Dense 64 -> 16 -> 32 -> 64 -> 64 -> 32 -> 1,mse,adam_243,50,256,10.3219,75783.4453125,5657.82470703125,5736.21875,0.1733286809954303,0.7
2026-09-04 13:47:37,multi_repeat_random_states.py,"(1021, 9)",663,sequential_243,Dense 64 -> 16 -> 32 -> 64 -> 64 -> 32 -> 1,mse,adam_243,50,256,6.424,2932.033447265625,2849.598876953125,3263.240966796875,0.5333326619502718,0.7
2026-09-04 13:47:39,multi_repeat_random_states.py,"(1021, 9)",579,sequential_243,Dense 64 -> 16 -> 32 -> 64 -> 64 -> 32 -> 1,mse,adam_243,50,256,6.7024,3116.818603515625,2934.200439453125,2753.3017578125,0.5763656027341804,0.7
2026-09-04 13:47:43,multi_repeat_random_states.py,"(1021, 9)",747,sequential_243,Dense 64 -> 16 -> 32 -> 64 -> 64 -> 32 -> 1,mse,adam_243,50,256,6.8876,5614.93017578125,2894.146484375,3095.453125,0.5539008123526987,0.7
2026-09-04 13:47:44,multi_repeat_random_states.py,"(1021, 9)",663,sequential_243,Dense 64 -> 16 -> 32 -> 64 -> 64 -> 32 -> 1,mse,adam_243,50,256,6.535,2751.388916015625,2654.674072265625,3499.031982421875,0.4996127083326489,0.7
2026-09-04 13:47:50,multi_repeat_random_states.py,"(1021, 9)",747,sequential_243,Dense 64 -> 16 -> 32 -> 64 -> 64 -> 32 -> 1,mse,adam_243,50,256,6.7176,2866.281982421875,2810.421142578125,2974.712890625,0.5713012147159342,0.7
2026-09-04 13:47:50,multi_repeat_random_states.py,"(1021, 9)",580,sequential_244,Dense 64 -> 16 -> 32 -> 64 -> 64 -> 32 -> 1,mse,adam_244,50,256,10.2789,40780.7890625,4135.08935546875,4854.9453125,0.3347920821768564,0.7
2026-09-04 13:47:55,multi_repeat_random_states.py,"(1021, 9)",664,sequential_244,Dense 64 -> 16 -> 32 -> 64 -> 64 -> 32 -> 1,mse,adam_244,50,256,9.839,74903.609375,6013.15673828125,6353.4111328125,0.11032612025485755,0.7
2026-09-04 13:47:57,multi_repeat_random_states.py,"(1021, 9)",580,sequential_244,Dense 64 -> 16 -> 32 -> 64 -> 64 -> 32 -> 1,mse,adam_244,50,256,6.3237,4004.9638671875,2811.400146484375,3456.065185546875,0.5264618355912074,0.7
2026-09-04 13:48:01,multi_repeat_random_states.py,"(1021, 9)",748,sequential_244,Dense 64 -> 16 -> 32 -> 64 -> 64 -> 32 -> 1,mse,adam_244,50,256,10.1766,14758.6962890625,3683.391357421875,2815.994384765625,0.5685844787113169,0.7
2026-09-04 13:48:02,multi_repeat_random_states.py,"(1021, 9)",664,sequential_244,Dense 64 -> 16 -> 32 -> 64 -> 64 -> 32 -> 1,mse,adam_244,50,256,6.3439,5978.33203125,3753.994140625,3167.724609375,0.5564206811565025,0.7
2026-09-04 13:48:04,multi_repeat_random_states.py,"(1021, 9)",580,sequential_244,Dense 64 -> 16 -> 32 -> 64 -> 64 -> 32 -> 1,mse,adam_244,50,256,6.4027,2755.721923828125,2661.470703125,3359.664306640625,0.5396703644845208,0.7
2026-09-04 13:48:07,multi_repeat_random_states.py,"(1021, 9)",748,sequential_244,Dense 64 -> 16 -> 32 -> 64 -> 64 -> 32 -> 1,mse,adam_244,50,256,6.0227,3482.3486328125,3041.729248046875,2512.92919921875,0.6150145834195286,0.7
2026-09-04 13:48:08,multi_repeat_random_states.py,"(1021, 9)",664,sequential_244,Dense 64 -> 16 -> 32 -> 64 -> 64 -> 32 -> 1,mse,adam_244,50,256,5.9321,3497.029052734375,3340.307373046875,2874.02294921875,0.5975480197418981,0.7
2026-09-04 13:48:13,multi_repeat_random_states.py,"(1021, 9)",748,sequential_244,Dense 64 -> 16 -> 32 -> 64 -> 64 -> 32 -> 1,mse,adam_244,50,256,5.2987,2995.327880859375,2948.593017578125,2573.90234375,0.6056733508038488,0.7
2026-09-04 13:48:13,multi_repeat_random_states.py,"(1021, 9)",581,sequential_245,Dense 64 -> 16 -> 32 -> 64 -> 64 -> 32 -> 1,mse,adam_245,50,256,8.4584,16898.302734375,3893.243896484375,3858.778564453125,0.4209698579755504,0.7
2026-09-04 13:48:15,multi_repeat_random_states.py,"(1021, 9)",665,sequential_245,Dense 64 -> 16 -> 32 -> 64 -> 64 -> 32 -> 1,mse,adam_245,50,256,6.8878,33167.12109375,4266.38916015625,4418.8671875,0.32192937983490855,0.7
2026-09-04 13:48:16,multi_repeat_random_states.py,"(1021, 9)",581,sequential_245,Dense 64 -> 16 -> 32 -> 64 -> 64 -> 32 -> 1,mse,adam_245,50,256,2.5628,3743.2548828125,3007.468505859375,2636.133056640625,0.6044343425759497,0.7
2026-09-04 13:48:17,multi_repeat_random_states.py,"(1021, 9)",749,sequential_245,Dense 64 -> 16 -> 32 -> 64 -> 64 -> 32 -> 1,mse,adam_245,50,256,3.5333,23515.291015625,3216.67724609375,3493.809814453125,0.5037034413375935,0.7
2026-09-04 13:48:17,multi_repeat_random_states.py,"(1021, 9)",665,sequential_245,Dense 64 -> 16 -> 32 -> 64 -> 64 -> 32 -> 1,mse,adam_245,50,256,1.4979,4063.5234375,3025.043701171875,2731.692138671875,0.5808245768458048,0.7
2026-09-04 13:48:17,multi_repeat_random_states.py,"(1021, 9)",581,sequential_245,Dense 64 -> 16 -> 32 -> 64 -> 64 -> 32 -> 1,mse,adam_245,50,256,1.4979,3052.4453125,3040.318603515625,2776.295166015625,0.5834022139053443,0.7
2026-09-04 13:48:18,multi_repeat_random_states.py,"(1021, 9)",749,sequential_245,Dense 64 -> 16 -> 32 -> 64 -> 64 -> 32 -> 1,mse,adam_245,50,256,1.4829,3171.676513671875,2855.774169921875,3064.653076171875,0.5646653399612704,0.7
2026-09-04 13:48:18,multi_repeat_random_states.py,"(1021, 9)",665,sequential_245,Dense 64 -> 16 -> 32 -> 64 -> 64 -> 32 -> 1,mse,adam_245,50,256,1.5214,3124.1123046875,2995.00830078125,2659.047119140625,0.5919719205282246,0.7
2026-09-04 13:48:20,multi_repeat_random_states.py,"(1021, 9)",749,sequential_245,Dense 64 -> 16 -> 32 -> 64 -> 64 -> 32 -> 1,mse,adam_245,50,256,1.443,2880.138671875,3095.346435546875,3390.90087890625,0.5183217799313817,0.7
2026-09-04 13:48:20,multi_repeat_random_states.py,"(1021, 9)",582,sequential_246,Dense 64 -> 16 -> 32 -> 64 -> 64 -> 32 -> 1,mse,adam_246,50,256,2.3504,40334.55859375,3788.842041015625,3829.47021484375,0.4513391855931298,0.7
2026-09-04 13:48:21,multi_repeat_random_states.py,"(1021, 9)",666,sequential_246,Dense 64 -> 16 -> 32 -> 64 -> 64 -> 32 -> 1,mse,adam_246,50,256,2.3078,37137.22265625,3963.130615234375,3569.004638671875,0.4596821947059967,0.7
2026-09-04 13:48:21,multi_repeat_random_states.py,"(1021, 9)",582,sequential_246,Dense 64 -> 16 -> 32 -> 64 -> 64 -> 32 -> 1,mse,adam_246,50,256,1.4426,3656.501708984375,2952.642822265625,3082.393798828125,0.558375308146196,0.7
2026-09-04 13:48:22,multi_repeat_random_states.py,"(1021, 9)",750,sequential_246,Dense 64 -> 16 -> 32 -> 64 -> 64 -> 32 -> 1,mse,adam_246,50,256,2.3286,44393.15625,3548.345458984375,3500.9287109375,0.5005121419891729,0.7
2026-09-04 13:48:22,multi_repeat_random_states.py,"(1021, 9)",666,sequential_246,Dense 64 -> 16 -> 32 -> 64 -> 64 -> 32 -> 1,mse,adam_246,50,256,1.4505,3652.405517578125,3253.310546875,3736.90576171875,0.4342633079786644,0.7
2026-09-04 13:48:23,multi_repeat_random_states.py,"(1021, 9)",582,sequential_246,Dense 64 -> 16 -> 32 -> 64 -> 64 -> 32 -> 1,mse,adam_246,50,256,1.5131,3033.05224609375,2910.8740234375,2924.226806640625,0.5810363926938164,0.7
2026-09-04 13:48:24,multi_repeat_random_states.py,"(1021, 9)",750,sequential_246,Dense 64 -> 16 -> 32 -> 64 -> 64 -> 32 -> 1,mse,adam_246,50,256,1.483,3218.218017578125,2843.947509765625,3215.22119140625,0.5412748700511819,0.7
2026-09-04 13:48:24,multi_repeat_random_states.py,"(1021, 9)",666,sequential_246,Dense 64 -> 16 -> 32 -> 64 -> 64 -> 32 -> 1,mse,adam_246,50,256,1.5687,3262.700439453125,2894.090087890625,2702.863037109375,0.5908088527208393,0.7
2026-09-04 13:48:25,multi_repeat_random_states.py,"(1021, 9)",750,sequential_246,Dense 64 -> 16 -> 32 -> 64 -> 64 -> 32 -> 1,mse,adam_246,50,256,1.4079,2805.5009765625,2975.4091796875,3442.049072265625,0.5089127300682785,0.7
2026-09-04 13:48:25,multi_repeat_random_states.py,"(1021, 9)",583,sequential_247,Dense 64 -> 16 -> 32 -> 64 -> 64 -> 32 -> 1,mse,adam_247,50,256,2.3204,35763.19921875,3877.18359375,3994.160888671875,0.42103945394583553,0.7
2026-09-04 13:48:27,multi_repeat_random_states.py,"(1021, 9)",667,sequential_247,Dense 64 -> 16 -> 32 -> 64 -> 64 -> 32 -> 1,mse,adam_247,50,256,2.2794,25305.92578125,3697.064208984375,3354.17919921875,0.503585225492134,0.7
2026-09-04 13:48:27,multi_repeat_random_states.py,"(1021, 9)",583,sequential_247,Dense 64 -> 16 -> 32 -> 64 -> 64 -> 32 -> 1,mse,adam_247,50,256,1.4481,3691.73974609375,2879.9736328125,3178.919921875,0.5392100652497339,0.7
2026-09-04 13:48:28,multi_repeat_random_states.py,"(1021, 9)",751,sequential_247,Dense 64 -> 16 -> 32 -> 64 -> 64 -> 32 -> 1,mse,adam_247,50,256,2.321,71960.5546875,4553.8212890625,5626.9482421875,0.29263958733096873,0.7
2026-09-04 13:48:28,multi_repeat_random_states.py,"(1021, 9)",667,sequential_247,Dense 64 -> 16 -> 32 -> 64 -> 64 -> 32 -> 1,mse,adam_247,50,256,1.4754,3953.6435546875,3610.6767578125,2763.6328125,0.5909854604630675,0.7
2026-09-04 13:48:29,multi_repeat_random_states.py,"(1021, 9)",583,sequential_247,Dense 64 -> 16 -> 32 -> 64 -> 64 -> 32 -> 1,mse,adam_247,50,256,1.4171,2819.327392578125,2762.177734375,3228.968994140625,0.5319553639506978,0.7
2026-09-04 13:48:30,multi_repeat_random_states.py,"(1021, 9)",751,sequential_247,Dense 64 -> 16 -> 32 -> 64 -> 64 -> 32 -> 1,mse,adam_247,50,256,1.4455,4464.0166015625,3115.777099609375,3457.302490234375,0.5653844667729538,0.7
2026-09-04 13:48:30,multi_repeat_random_states.py,"(1021, 9)",667,sequential_247,Dense 64 -> 16 -> 32 -> 64 -> 64 -> 32 -> 1,mse,adam_247,50,256,1.4446,3473.569580078125,3000.749267578125,2546.197509765625,0.6231656093668865,0.7
2026-09-04 13:48:31,multi_repeat_random_states.py,"(1021, 9)",751,sequential_247,Dense 64 -> 16 -> 32 -> 64 -> 64 -> 32 -> 1,mse,adam_247,50,256,1.4424,3004.508056640625,2810.689208984375,3101.98974609375,0.6100506829547099,0.7
2026-09-04 13:48:31,multi_repeat_random_states.py,"(1021, 9)",584,sequential_248,Dense 64 -> 16 -> 32 -> 64 -> 64 -> 32 -> 1,mse,adam_248,50,256,2.3412,125583.859375,6241.494140625,5323.46044921875,0.13034865677872753,0.7
2026-09-04 13:48:32,multi_repeat_random_states.py,"(1021, 9)",668,sequential_248,Dense 64 -> 16 -> 32 -> 64 -> 64 -> 32 -> 1,mse,adam_248,50,256,2.359,50626.48828125,3932.6484375,3186.892333984375,0.48646560545734563,0.7
2026-09-04 13:48:33,multi_repeat_random_states.py,"(1021, 9)",584,sequential_248,Dense 64 -> 16 -> 32 -> 64 -> 64 -> 32 -> 1,mse,adam_248,50,256,1.5333,6217.58056640625,3717.25439453125,2690.871826171875,0.560413719225668,0.7
2026-09-04 13:48:34,multi_repeat_random_states.py,"(1021, 9)",752,sequential_248,Dense 64 -> 16 -> 32 -> 64 -> 64 -> 32 -> 1,mse,adam_248,50,256,2.4095,170364.828125,5763.3955078125,6335.00244140625,0.12183200934302929,0.7
2026-09-04 13:48:34,multi_repeat_random_states.py,"(1021, 9)",668,sequential_248,Dense 64 -> 16 -> 32 -> 64 -> 64 -> 32 -> 1,mse,adam_248,50,256,1.4789,4216.427734375,2987.441650390625,2602.302490234375,0.5806661361387659,0.7
2026-09-04 13:48:34,multi_repeat_random_states.py,"(1021, 9)",584,sequential_248,Dense 64 -> 16 -> 32 -> 64 -> 64 -> 32 -> 1,mse,adam_248,50,256,1.4425,3415.738037109375,3097.715576171875,2571.6826171875,0.5798847491712351,0.7
2026-09-04 13:48:35,multi_repeat_random_states.py,"(1021, 9)",752,sequential_248,Dense 64 -> 16 -> 32 -> 64 -> 64 -> 32 -> 1,mse,adam_248,50,256,1.5279,5735.3955078125,3279.995361328125,3466.61328125,0.5194526172730467,0.7
2026-09-04 13:48:36,multi_repeat_random_states.py,"(1021, 9)",668,sequential_248,Dense 64 -> 16 -> 32 -> 64 -> 64 -> 32 -> 1,mse,adam_248,50,256,1.4859,2960.372314453125,3159.986083984375,2640.002685546875,0.574591208474507,0.7
2026-09-04 13:48:37,multi_repeat_random_states.py,"(1021, 9)",752,sequential_248,Dense 64 -> 16 -> 32 -> 64 -> 64 -> 32 -> 1,mse,adam_248,50,256,1.4297,3217.408447265625,2987.33984375,2912.5673828125,0.5962553446151855,0.7
2026-09-04 13:48:37,multi_repeat_random_states.py,"(1021, 9)",585,sequential_249,Dense 64 -> 16 -> 32 -> 64 -> 64 -> 32 -> 1,mse,adam_249,50,256,2.2698,47261.46484375,5749.17626953125,5323.26806640625,0.16467777689680962,0.7
2026-09-04 13:48:38,multi_repeat_random_states.py,"(1021, 9)",669,sequential_249,Dense 64 -> 16 -> 32 -> 64 -> 64 -> 32 -> 1,mse,adam_249,50,256,2.2806,60525.453125,5489.22705078125,4858.17333984375,0.2341721408902564,0.7
2026-09-04 13:48:38,multi_repeat_random_states.py,"(1021, 9)",585,sequential_249,Dense 64 -> 16 -> 32 -> 64 -> 64 -> 32 -> 1,mse,adam_249,50,256,1.3925,5711.51220703125,3009.532958984375,2844.638916015625,0.553621987002016,0.7
2026-09-04 13:48:39,multi_repeat_random_states.py,"(1021, 9)",753,sequential_249,Dense 64 -> 16 -> 32 -> 64 -> 64 -> 32 -> 1,mse,adam_249,50,256,2.2414,47177.52734375,5660.77294921875,6139.08837890625,0.1685097847330863,0.7
2026-09-04 13:48:40,multi_repeat_random_states.py,"(1021, 9)",669,sequential_249,Dense 64 -> 16 -> 32 -> 64 -> 64 -> 32 -> 1,mse,adam_249,50,256,1.4045,5430.17578125,3119.3232421875,2913.594970703125,0.5407095911236004,0.7
2026-09-04 13:48:40,multi_repeat_random_states.py,"(1021, 9)",585,sequential_249,Dense 64 -> 16 -> 32 -> 64 -> 64 -> 32 -> 1,mse,adam_249,50,256,1.4093,3055.81396484375,3113.432861328125,3284.458740234375,0.4846058754540725,0.7
2026-09-04 13:48:41,multi_repeat_random_states.py,"(1021, 9)",753,sequential_249,Dense 64 -> 16 -> 32 -> 64 -> 64 -> 32 -> 1,mse,adam_249,50,256,1.4051,5635.314453125,3379.050537109375,4087.546875,0.4463746189210619,0.7
2026-09-04 13:48:41,multi_repeat_random_states.py,"(1021, 9)",669,sequential_249,Dense 64 -> 16 -> 32 -> 64 -> 64 -> 32 -> 1,mse,adam_249,50,256,1.4159,3124.67919921875,3184.762939453125,3446.130126953125,0.45676235793364683,0.7
2026-09-04 13:48:42,multi_repeat_random_states.py,"(1021, 9)",753,sequential_249,Dense 64 -> 16 -> 32 -> 64 -> 64 -> 32 -> 1,mse,adam_249,50,256,1.3944,3612.928955078125,3110.11572265625,2954.340087890625,0.5998583198930632,0.7
2026-09-04 13:48:42,multi_repeat_random_states.py,"(1021, 9)",586,sequential_250,Dense 64 -> 16 -> 32 -> 64 -> 64 -> 32 -> 1,mse,adam_250,50,256,2.2317,37358.84375,3368.0341796875,4413.02001953125,0.42552202998142585,0.7
2026-09-04 13:48:44,multi_repeat_random_states.py,"(1021, 9)",670,sequential_250,Dense 64 -> 16 -> 32 -> 64 -> 64 -> 32 -> 1,mse,adam_250,50,256,2.2995,12695.78125,3496.410888671875,3267.814697265625,0.5272338383125661,0.7
2026-09-04 13:48:44,multi_repeat_random_states.py,"(1021, 9)",586,sequential_250,Dense 64 -> 16 -> 32 -> 64 -> 64 -> 32 -> 1,mse,adam_250,50,256,1.4399,3455.818359375,2841.70947265625,3141.355224609375,0.5910647809869802,0.7
2026-09-04 13:48:45,multi_repeat_random_states.py,"(1021, 9)",754,sequential_250,Dense 64 -> 16 -> 32 -> 64 -> 64 -> 32 -> 1,mse,adam_250,50,256,2.2659,63006.75390625,4589.44189453125,4641.6328125,0.3545546743073764,0.7
2026-09-04 13:48:45,multi_repeat_random_states.py,"(1021, 9)",670,sequential_250,Dense 64 -> 16 -> 32 -> 64 -> 64 -> 32 -> 1,mse,adam_250,50,256,1.4641,3313.58740234375,2923.642578125,3040.163330078125,0.5601690375536237,0.7
2026-09-04 13:48:46,multi_repeat_random_states.py,"(1021, 9)",586,sequential_250,Dense 64 -> 16 -> 32 -> 64 -> 64 -> 32 -> 1,mse,adam_250,50,256,1.4753,2772.4873046875,3032.873291015625,3171.071044921875,0.5871964170517694,0.7
2026-09-04 13:48:46,multi_repeat_random_states.py,"(1021, 9)",754,sequential_250,Dense 64 -> 16 -> 32 -> 64 -> 64 -> 32 -> 1,mse,adam_250,50,256,1.4178,4554.94384765625,2941.75,3083.80810546875,0.5711790185230088,0.7
2026-09-04 13:48:47,multi_repeat_random_states.py,"(1021, 9)",670,sequential_250,Dense 64 -> 16 -> 32 -> 64 -> 64 -> 32 -> 1,mse,adam_250,50,256,1.3892,3036.230224609375,2847.230224609375,2864.72802734375,0.5855498138403136,0.7
2026-09-04 13:48:48,multi_repeat_random_states.py,"(1021, 9)",754,sequential_250,Dense 64 -> 16 -> 32 -> 64 -> 64 -> 32 -> 1,mse,adam_250,50,256,1.3942,2888.58251953125,2881.584716796875,3568.247314453125,0.5038150364074111,0.7
2026-09-04 13:48:48,multi_repeat_random_states.py,"(1021, 9)",587,sequential_251,Dense 64 -> 16 -> 32 -> 64 -> 64 -> 32 -> 1,mse,adam_251,50,256,2.2927,18422.609375,4290.826171875,4380.52490234375,0.3219778791824678,0.7
2026-09-04 13:48:49,multi_repeat_random_states.py,"(1021, 9)",671,sequential_251,Dense 64 -> 16 -> 32 -> 64 -> 64 -> 32 -> 1,mse,adam_251,50,256,2.3721,25346.310546875,3945.418701171875,3128.770263671875,0.5202658868035066,0.7
2026-09-04 13:48:50,multi_repeat_random_states.py,"(1021, 9)",587,sequential_251,Dense 64 -> 16 -> 32 -> 64 -> 64 -> 32 -> 1,mse,adam_251,50,256,1.399,4006.488525390625,2987.444580078125,3120.730712890625,0.5169700983158019,0.7
2026-09-04 13:48:50,multi_repeat_random_states.py,"(1021, 9)",755,sequential_251,Dense 64 -> 16 -> 32 -> 64 -> 64 -> 32 -> 1,mse,adam_251,50,256,2.2688,43918.59765625,4168.1484375,4418.146484375,0.3743615118282223,0.7
2026-09-04 13:48:51,multi_repeat_random_states.py,"(1021, 9)",671,sequential_251,Dense 64 -> 16 -> 32 -> 64 -> 64 -> 32 -> 1,mse,adam_251,50,256,1.4349,3751.261962890625,2903.677001953125,2946.5791015625,0.5482012781115723,0.7
2026-09-04 13:48:51,multi_repeat_random_states.py,"(1021, 9)",587,sequential_251,Dense 64 -> 16 -> 32 -> 64 -> 64 -> 32 -> 1,mse,adam_251,50,256,1.4347,3049.304931640625,2901.583740234375,2870.248046875,0.5557400732555539,0.7
2026-09-04 13:48:52,multi_repeat_random_states.py,"(1021, 9)",755,sequential_251,Dense 64 -> 16 -> 32 -> 64 -> 64 -> 32 -> 1,mse,adam_251,50,256,1.4112,4138.6796875,2954.33154296875,2810.796875,0.6019727510785782,0.7
2026-09-04 13:48:52,multi_repeat_random_states.py,"(1021, 9)",671,sequential_251,Dense 64 -> 16 -> 32 -> 64 -> 64 -> 32 -> 1,mse,adam_251,50,256,1.4398,3062.50732421875,3080.675048828125,2681.7392578125,0.588809134833201,0.7
2026-09-04 13:48:53,multi_repeat_random_states.py,"(1021, 9)",755,sequential_251,Dense 64 -> 16 -> 32 -> 64 -> 64 -> 32 -> 1,mse,adam_251,50,256,1.3844,2907.093017578125,2940.3154296875,2800.54443359375,0.6034245710856041,0.7
2026-09-04 13:48:54,multi_repeat_random_states.py,"(1021, 9)",756,sequential_252,Dense 64 -> 16 -> 32 -> 64 -> 64 -> 32 -> 1,mse,adam_252,50,256,2.2382,105167.953125,5589.26025390625,4766.50634765625,0.2322640643408712,0.7
2026-09-04 13:48:55,multi_repeat_random_states.py,"(1021, 9)",840,sequential_252,Dense 64 -> 16 -> 32 -> 64 -> 64 -> 32 -> 1,mse,adam_252,50,256,2.2962,85024.703125,4598.38525390625,5390.40966796875,0.2768802024767054,0.7
2026-09-04 13:48:55,multi_repeat_random_states.py,"(1021, 9)",756,sequential_252,Dense 64 -> 16 -> 32 -> 64 -> 64 -> 32 -> 1,mse,adam_252,50,256,1.3882,5606.298828125,3267.152587890625,2745.2568359375,0.5578245159119006,0.7
2026-09-04 13:48:56,multi_repeat_random_states.py,"(1021, 9)",924,sequential_252,Dense 64 -> 16 -> 32 -> 64 -> 64 -> 32 -> 1,mse,adam_252,50,256,2.2749,20315.048828125,2955.474853515625,3055.626708984375,0.5616305116788898,0.7
2026-09-04 13:48:57,multi_repeat_random_states.py,"(1021, 9)",840,sequential_252,Dense 64 -> 16 -> 32 -> 64 -> 64 -> 32 -> 1,mse,adam_252,50,256,1.4309,4599.7314453125,2983.961181640625,3573.494384765625,0.5206181060892733,0.7
2026-09-04 13:48:57,multi_repeat_random_states.py,"(1021, 9)",756,sequential_252,Dense 64 -> 16 -> 32 -> 64 -> 64 -> 32 -> 1,mse,adam_252,50,256,1.4145,3207.749267578125,3047.23486328125,2616.197021484375,0.5786120811276527,0.7
2026-09-04 13:48:57,multi_repeat_random_states.py,"(1021, 9)",924,sequential_252,Dense 64 -> 16 -> 32 -> 64 -> 64 -> 32 -> 1,mse,adam_252,50,256,1.4355,3053.912109375,3166.955810546875,3372.817626953125,0.5161253636076242,0.7
2026-09-04 13:48:58,multi_repeat_random_states.py,"(1021, 9)",840,sequential_252,Dense 64 -> 16 -> 32 -> 64 -> 64 -> 32 -> 1,mse,adam_252,50,256,1.3989,2850.172607421875,2655.8212890625,3365.2021484375,0.5485603275946693,0.7
2026-09-04 13:48:59,multi_repeat_random_states.py,"(1021, 9)",924,sequential_252,Dense 64 -> 16 -> 32 -> 64 -> 64 -> 32 -> 1,mse,adam_252,50,256,1.393,3066.746826171875,2795.335693359375,3242.94775390625,0.5347568579273603,0.7
2026-09-04 13:48:59,multi_repeat_random_states.py,"(1021, 9)",757,sequential_253,Dense 64 -> 16 -> 32 -> 64 -> 64 -> 32 -> 1,mse,adam_253,50,256,2.2347,22927.080078125,3245.525634765625,3257.052490234375,0.4788755875213847,0.7
2026-09-04 13:49:01,multi_repeat_random_states.py,"(1021, 9)",841,sequential_253,Dense 64 -> 16 -> 32 -> 64 -> 64 -> 32 -> 1,mse,adam_253,50,256,2.2519,32772.83984375,3444.90673828125,3677.16357421875,0.5225417300849948,0.7
2026-09-04 13:49:01,multi_repeat_random_states.py,"(1021, 9)",757,sequential_253,Dense 64 -> 16 -> 32 -> 64 -> 64 -> 32 -> 1,mse,adam_253,50,256,1.3965,3163.0078125,3180.061279296875,3103.509521484375,0.5034423274460044,0.7
2026-09-04 13:49:02,multi_repeat_random_states.py,"(1021, 9)",925,sequential_253,Dense 64 -> 16 -> 32 -> 64 -> 64 -> 32 -> 1,mse,adam_253,50,256,2.3991,387800.90625,6329.4111328125,6634.5263671875,0.035540721365690975,0.7
2026-09-04 13:49:02,multi_repeat_random_states.py,"(1021, 9)",841,sequential_253,Dense 64 -> 16 -> 32 -> 64 -> 64 -> 32 -> 1,mse,adam_253,50,256,1.4169,3055.76953125,2739.583740234375,3635.787353515625,0.5279142054917978,0.7
2026-09-04 13:49:02,multi_repeat_random_states.py,"(1021, 9)",757,sequential_253,Dense 64 -> 16 -> 32 -> 64 -> 64 -> 32 -> 1,mse,adam_253,50,256,1.3813,3033.82666015625,3007.3388671875,2944.8291015625,0.5288309150041202,0.7
2026-09-04 13:49:03,multi_repeat_random_states.py,"(1021, 9)",925,sequential_253,Dense 64 -> 16 -> 32 -> 64 -> 64 -> 32 -> 1,mse,adam_253,50,256,1.3862,6323.3818359375,5418.26611328125,5664.2158203125,0.17659448740730943,0.7
2026-09-04 13:49:04,multi_repeat_random_states.py,"(1021, 9)",841,sequential_253,Dense 64 -> 16 -> 32 -> 64 -> 64 -> 32 -> 1,mse,adam_253,50,256,1.4652,2786.1240234375,2697.421875,3214.72265625,0.5825869708203695,0.7
2026-09-04 13:49:05,multi_repeat_random_states.py,"(1021, 9)",758,sequential_254,Dense 64 -> 16 -> 32 -> 64 -> 64 -> 32 -> 1,mse,adam_254,50,256,2.2433,116218.9609375,5380.3828125,5591.92822265625,0.20848372523137593,0.7
2026-09-04 13:49:05,multi_repeat_random_states.py,"(1021, 9)",925,sequential_253,Dense 64 -> 16 -> 32 -> 64 -> 64 -> 32 -> 1,mse,adam_253,50,256,1.4355,5380.3046875,3223.32373046875,3165.929443359375,0.5397697747322884,0.7
2026-09-04 13:49:06,multi_repeat_random_states.py,"(1021, 9)",758,sequential_254,Dense 64 -> 16 -> 32 -> 64 -> 64 -> 32 -> 1,mse,adam_254,50,256,1.4054,5270.5791015625,3184.597412109375,3297.580810546875,0.5332399471414484,0.7
2026-09-04 13:49:06,multi_repeat_random_states.py,"(1021, 9)",842,sequential_254,Dense 64 -> 16 -> 32 -> 64 -> 64 -> 32 -> 1,mse,adam_254,50,256,2.2387,26377.97265625,3515.947998046875,4117.001953125,0.4243626987625012,0.7
2026-09-04 13:49:07,multi_repeat_random_states.py,"(1021, 9)",926,sequential_254,Dense 64 -> 16 -> 32 -> 64 -> 64 -> 32 -> 1,mse,adam_254,50,256,2.273,29896.16796875,3828.937255859375,4404.265625,0.3813597389258899,0.7
2026-09-04 13:49:08,multi_repeat_random_states.py,"(1021, 9)",842,sequential_254,Dense 64 -> 16 -> 32 -> 64 -> 64 -> 32 -> 1,mse,adam_254,50,256,1.4023,3449.27099609375,2831.563720703125,3343.06396484375,0.5325743233459064,0.7
2026-09-04 13:49:08,multi_repeat_random_states.py,"(1021, 9)",758,sequential_254,Dense 64 -> 16 -> 32 -> 64 -> 64 -> 32 -> 1,mse,adam_254,50,256,1.5012,3248.47119140625,3261.742919921875,3088.03369140625,0.5629005197206859,0.7
2026-09-04 13:49:09,multi_repeat_random_states.py,"(1021, 9)",926,sequential_254,Dense 64 -> 16 -> 32 -> 64 -> 64 -> 32 -> 1,mse,adam_254,50,256,1.4226,3706.362060546875,3191.85888671875,3892.73876953125,0.45321076766488066,0.7
2026-09-04 13:49:09,multi_repeat_random_states.py,"(1021, 9)",842,sequential_254,Dense 64 -> 16 -> 32 -> 64 -> 64 -> 32 -> 1,mse,adam_254,50,256,1.3955,2825.66796875,2722.943115234375,3172.466552734375,0.5564272307994163,0.7
2026-09-04 13:49:10,multi_repeat_random_states.py,"(1021, 9)",926,sequential_254,Dense 64 -> 16 -> 32 -> 64 -> 64 -> 32 -> 1,mse,adam_254,50,256,1.3904,3164.4697265625,2782.650146484375,3145.538818359375,0.5581653599684225,0.7
2026-09-04 13:49:10,multi_repeat_random_states.py,"(1021, 9)",759,sequential_255,Dense 64 -> 16 -> 32 -> 64 -> 64 -> 32 -> 1,mse,adam_255,50,256,2.2725,33270.28515625,4091.12255859375,4723.611328125,0.3912976199050966,0.7
2026-09-04 13:49:12,multi_repeat_random_states.py,"(1021, 9)",843,sequential_255,Dense 64 -> 16 -> 32 -> 64 -> 64 -> 32 -> 1,mse,adam_255,50,256,2.2967,41472.859375,3877.784423828125,4075.500244140625,0.42357660320413537,0.7
2026-09-04 13:49:12,multi_repeat_random_states.py,"(1021, 9)",759,sequential_255,Dense 64 -> 16 -> 32 -> 64 -> 64 -> 32 -> 1,mse,adam_255,50,256,1.4582,3908.061279296875,2766.439697265625,3145.5966796875,0.5946465571724966,0.7
2026-09-04 13:49:13,multi_repeat_random_states.py,"(1021, 9)",927,sequential_255,Dense 64 -> 16 -> 32 -> 64 -> 64 -> 32 -> 1,mse,adam_255,50,256,2.2657,184622.4375,5649.6533203125,6257.6416015625,0.13097244000174535,0.7
2026-09-04 13:49:13,multi_repeat_random_states.py,"(1021, 9)",843,sequential_255,Dense 64 -> 16 -> 32 -> 64 -> 64 -> 32 -> 1,mse,adam_255,50,256,1.4861,3849.904541015625,3219.80859375,4018.01708984375,0.4317068486044703,0.7
2026-09-04 13:49:13,multi_repeat_random_states.py,"(1021, 9)",759,sequential_255,Dense 64 -> 16 -> 32 -> 64 -> 64 -> 32 -> 1,mse,adam_255,50,256,1.4131,2776.086181640625,2701.51513671875,3155.166015625,0.5934134256954926,0.7
2026-09-04 13:49:14,multi_repeat_random_states.py,"(1021, 9)",927,sequential_255,Dense 64 -> 16 -> 32 -> 64 -> 64 -> 32 -> 1,mse,adam_255,50,256,1.3786,5626.841796875,3667.045654296875,4105.947265625,0.42978814036276924,0.7
2026-09-04 13:49:15,multi_repeat_random_states.py,"(1021, 9)",843,sequential_255,Dense 64 -> 16 -> 32 -> 64 -> 64 -> 32 -> 1,mse,adam_255,50,256,1.3962,3351.34375,2820.072265625,3346.888671875,0.5266287133950596,0.7
2026-09-04 13:49:16,multi_repeat_random_states.py,"(1021, 9)",927,sequential_255,Dense 64 -> 16 -> 32 -> 64 -> 64 -> 32 -> 1,mse,adam_255,50,256,1.438,3584.892578125,2972.085693359375,3073.428955078125,0.5731786971446846,0.7
2026-09-04 13:49:16,multi_repeat_random_states.py,"(1021, 9)",760,sequential_256,Dense 64 -> 16 -> 32 -> 64 -> 64 -> 32 -> 1,mse,adam_256,50,256,2.3181,33291.3671875,3538.228759765625,3828.8203125,0.4117918560808219,0.7
2026-09-04 13:49:17,multi_repeat_random_states.py,"(1021, 9)",844,sequential_256,Dense 64 -> 16 -> 32 -> 64 -> 64 -> 32 -> 1,mse,adam_256,50,256,2.2543,82590.765625,5686.3095703125,5881.54052734375,0.1815735016307869,0.7
2026-09-04 13:49:17,multi_repeat_random_states.py,"(1021, 9)",760,sequential_256,Dense 64 -> 16 -> 32 -> 64 -> 64 -> 32 -> 1,mse,adam_256,50,256,1.4797,3492.075927734375,3565.30419921875,2924.849853515625,0.5506655769959945,0.7
2026-09-04 13:49:18,multi_repeat_random_states.py,"(1021, 9)",928,sequential_256,Dense 64 -> 16 -> 32 -> 64 -> 64 -> 32 -> 1,mse,adam_256,50,256,2.2484,31037.48046875,3796.09130859375,3528.54248046875,0.4430760377078772,0.7
2026-09-04 13:49:19,multi_repeat_random_states.py,"(1021, 9)",844,sequential_256,Dense 64 -> 16 -> 32 -> 64 -> 64 -> 32 -> 1,mse,adam_256,50,256,1.4071,5654.58056640625,2971.29248046875,3108.801025390625,0.5674049400824206,0.7
2026-09-04 13:49:19,multi_repeat_random_states.py,"(1021, 9)",760,sequential_256,Dense 64 -> 16 -> 32 -> 64 -> 64 -> 32 -> 1,mse,adam_256,50,256,1.3942,4056.65087890625,2865.841064453125,2869.39794921875,0.559184517314931,0.7
2026-09-04 13:49:20,multi_repeat_random_states.py,"(1021, 9)",928,sequential_256,Dense 64 -> 16 -> 32 -> 64 -> 64 -> 32 -> 1,mse,adam_256,50,256,1.3985,4222.58203125,3093.33447265625,2721.79443359375,0.5704082815302925,0.7
2026-09-04 13:49:20,multi_repeat_random_states.py,"(1021, 9)",844,sequential_256,Dense 64 -> 16 -> 32 -> 64 -> 64 -> 32 -> 1,mse,adam_256,50,256,1.4332,2953.766357421875,3069.863037109375,3165.087890625,0.5595725367995552,0.7
2026-09-04 13:49:21,multi_repeat_random_states.py,"(1021, 9)",928,sequential_256,Dense 64 -> 16 -> 32 -> 64 -> 64 -> 32 -> 1,mse,adam_256,50,256,1.4023,3301.2060546875,3073.548095703125,2470.876953125,0.6100116266886451,0.7
2026-09-04 13:49:21,multi_repeat_random_states.py,"(1021, 9)",761,sequential_257,Dense 64 -> 16 -> 32 -> 64 -> 64 -> 32 -> 1,mse,adam_257,50,256,2.2291,38823.8984375,4288.802734375,4986.703125,0.3168121492510968,0.7
2026-09-04 13:49:23,multi_repeat_random_states.py,"(1021, 9)",845,sequential_257,Dense 64 -> 16 -> 32 -> 64 -> 64 -> 32 -> 1,mse,adam_257,50,256,2.2499,28204.919921875,3041.766357421875,3219.4736328125,0.5470709509526674,0.7
2026-09-04 13:49:23,multi_repeat_random_states.py,"(1021, 9)",761,sequential_257,Dense 64 -> 16 -> 32 -> 64 -> 64 -> 32 -> 1,mse,adam_257,50,256,1.4467,4321.4091796875,3155.99072265625,3056.05126953125,0.5813150789676745,0.7
2026-09-04 13:49:24,multi_repeat_random_states.py,"(1021, 9)",929,sequential_257,Dense 64 -> 16 -> 32 -> 64 -> 64 -> 32 -> 1,mse,adam_257,50,256,2.3146,55565.3515625,3334.515625,3084.503662109375,0.5345322998421764,0.7
2026-09-04 13:49:24,multi_repeat_random_states.py,"(1021, 9)",845,sequential_257,Dense 64 -> 16 -> 32 -> 64 -> 64 -> 32 -> 1,mse,adam_257,50,256,1.4194,3083.0556640625,3141.761474609375,3078.57958984375,0.566892495580595,0.7
2026-09-04 13:49:24,multi_repeat_random_states.py,"(1021, 9)",761,sequential_257,Dense 64 -> 16 -> 32 -> 64 -> 64 -> 32 -> 1,mse,adam_257,50,256,1.436,2989.263671875,2863.874755859375,3639.2509765625,0.5014156473446402,0.7
2026-09-04 13:49:25,multi_repeat_random_states.py,"(1021, 9)",929,sequential_257,Dense 64 -> 16 -> 32 -> 64 -> 64 -> 32 -> 1,mse,adam_257,50,256,1.4337,3318.21923828125,2969.42626953125,2750.247314453125,0.5849732967275326,0.7
2026-09-04 13:49:26,multi_repeat_random_states.py,"(1021, 9)",845,sequential_257,Dense 64 -> 16 -> 32 -> 64 -> 64 -> 32 -> 1,mse,adam_257,50,256,1.3893,2991.542236328125,3019.31005859375,2999.187744140625,0.5780617044597269,0.7
2026-09-04 13:49:27,multi_repeat_random_states.py,"(1021, 9)",929,sequential_257,Dense 64 -> 16 -> 32 -> 64 -> 64 -> 32 -> 1,mse,adam_257,50,256,1.4315,3138.53125,3035.803955078125,2692.1181640625,0.5937452663924694,0.7
2026-09-04 13:49:27,multi_repeat_random_states.py,"(1021, 9)",762,sequential_258,Dense 64 -> 16 -> 32 -> 64 -> 64 -> 32 -> 1,mse,adam_258,50,256,2.2578,20117.34375,2932.85498046875,3327.716552734375,0.5608373728578424,0.7
2026-09-04 13:49:28,multi_repeat_random_states.py,"(1021, 9)",846,sequential_258,Dense 64 -> 16 -> 32 -> 64 -> 64 -> 32 -> 1,mse,adam_258,50,256,2.253,33087.38671875,4698.75732421875,5113.63232421875,0.31237008387703746,0.7
2026-09-04 13:49:29,multi_repeat_random_states.py,"(1021, 9)",762,sequential_258,Dense 64 -> 16 -> 32 -> 64 -> 64 -> 32 -> 1,mse,adam_258,50,256,1.4833,2920.97607421875,2772.7744140625,3229.92919921875,0.5737424544327713,0.7
2026-09-04 13:49:30,multi_repeat_random_states.py,"(1021, 9)",930,sequential_258,Dense 64 -> 16 -> 32 -> 64 -> 64 -> 32 -> 1,mse,adam_258,50,256,2.3532,131606.828125,5387.8837890625,5732.80419921875,0.19118736516856316,0.7
2026-09-04 13:49:30,multi_repeat_random_states.py,"(1021, 9)",846,sequential_258,Dense 64 -> 16 -> 32 -> 64 -> 64 -> 32 -> 1,mse,adam_258,50,256,1.4253,4550.89501953125,2824.937255859375,3087.9931640625,0.5847577483668619,0.7
2026-09-04 13:49:30,multi_repeat_random_states.py,"(1021, 9)",762,sequential_258,Dense 64 -> 16 -> 32 -> 64 -> 64 -> 32 -> 1,mse,adam_258,50,256,1.413,2803.917236328125,2674.875732421875,3606.19140625,0.5240866377430187,0.7
2026-09-04 13:49:31,multi_repeat_random_states.py,"(1021, 9)",930,sequential_258,Dense 64 -> 16 -> 32 -> 64 -> 64 -> 32 -> 1,mse,adam_258,50,256,1.4197,5339.13037109375,3080.84130859375,3327.166748046875,0.5305868068241981,0.7
2026-09-04 13:49:31,multi_repeat_random_states.py,"(1021, 9)",846,sequential_258,Dense 64 -> 16 -> 32 -> 64 -> 64 -> 32 -> 1,mse,adam_258,50,256,1.4227,2791.890869140625,2839.084716796875,3079.93310546875,0.585841555347115,0.7
2026-09-04 13:49:33,multi_repeat_random_states.py,"(1021, 9)",930,sequential_258,Dense 64 -> 16 -> 32 -> 64 -> 64 -> 32 -> 1,mse,adam_258,50,256,1.424,3037.685302734375,2980.736572265625,3035.649658203125,0.5717154378343117,0.7
2026-09-04 13:49:33,multi_repeat_random_states.py,"(1021, 9)",763,sequential_259,Dense 64 -> 16 -> 32 -> 64 -> 64 -> 32 -> 1,mse,adam_259,50,256,2.3142,51681.3671875,3492.551025390625,3174.11181640625,0.5358467484882876,0.7
2026-09-04 13:49:34,multi_repeat_random_states.py,"(1021, 9)",847,sequential_259,Dense 64 -> 16 -> 32 -> 64 -> 64 -> 32 -> 1,mse,adam_259,50,256,2.3644,26979.671875,3774.076416015625,4273.828125,0.3971044754857581,0.7
2026-09-04 13:49:34,multi_repeat_random_states.py,"(1021, 9)",763,sequential_259,Dense 64 -> 16 -> 32 -> 64 -> 64 -> 32 -> 1,mse,adam_259,50,256,1.3871,3287.29541015625,3472.900634765625,2819.94287109375,0.5876372359974096,0.7
2026-09-04 13:49:35,multi_repeat_random_states.py,"(1021, 9)",931,sequential_259,Dense 64 -> 16 -> 32 -> 64 -> 64 -> 32 -> 1,mse,adam_259,50,256,2.315,103253.46875,4808.7578125,5713.66748046875,0.2533968380678443,0.7
2026-09-04 13:49:36,multi_repeat_random_states.py,"(1021, 9)",847,sequential_259,Dense 64 -> 16 -> 32 -> 64 -> 64 -> 32 -> 1,mse,adam_259,50,256,1.4004,3697.98583984375,2960.730224609375,3567.74365234375,0.4967095920462832,0.7
2026-09-04 13:49:36,multi_repeat_random_states.py,"(1021, 9)",763,sequential_259,Dense 64 -> 16 -> 32 -> 64 -> 64 -> 32 -> 1,mse,adam_259,50,256,1.393,3486.37353515625,3232.376220703125,2698.953369140625,0.6053296187893621,0.7
2026-09-04 13:49:37,multi_repeat_random_states.py,"(1021, 9)",931,sequential_259,Dense 64 -> 16 -> 32 -> 64 -> 64 -> 32 -> 1,mse,adam_259,50,256,1.4989,4750.7783203125,2936.035400390625,3549.272216796875,0.536217641766455,0.7
2026-09-04 13:49:37,multi_repeat_random_states.py,"(1021, 9)",847,sequential_259,Dense 64 -> 16 -> 32 -> 64 -> 64 -> 32 -> 1,mse,adam_259,50,256,1.4674,3339.64404296875,2801.261474609375,3793.04345703125,0.46492733572272715,0.7
2026-09-04 13:49:38,multi_repeat_random_states.py,"(1021, 9)",764,sequential_260,Dense 64 -> 16 -> 32 -> 64 -> 64 -> 32 -> 1,mse,adam_260,50,256,2.2408,35998.15234375,3377.255859375,3862.8740234375,0.48913346970928306,0.7
2026-09-04 13:49:38,multi_repeat_random_states.py,"(1021, 9)",931,sequential_259,Dense 64 -> 16 -> 32 -> 64 -> 64 -> 32 -> 1,mse,adam_259,50,256,1.401,2995.6259765625,2749.033935546875,3124.708251953125,0.5916952989412392,0.7
2026-09-04 13:49:40,multi_repeat_random_states.py,"(1021, 9)",848,sequential_260,Dense 64 -> 16 -> 32 -> 64 -> 64 -> 32 -> 1,mse,adam_260,50,256,2.2341,43054.421875,4284.9990234375,3792.97412109375,0.42058033840038467,0.7
2026-09-04 13:49:40,multi_repeat_random_states.py,"(1021, 9)",764,sequential_260,Dense 64 -> 16 -> 32 -> 64 -> 64 -> 32 -> 1,mse,adam_260,50,256,1.4308,3398.673828125,2733.15185546875,3315.57568359375,0.5615139316907718,0.7
2026-09-04 13:49:41,multi_repeat_random_states.py,"(1021, 9)",932,sequential_260,Dense 64 -> 16 -> 32 -> 64 -> 64 -> 32 -> 1,mse,adam_260,50,256,2.2751,53493.70703125,3971.234619140625,3829.90576171875,0.39588033448281224,0.7
2026-09-04 13:49:41,multi_repeat_random_states.py,"(1021, 9)",848,sequential_260,Dense 64 -> 16 -> 32 -> 64 -> 64 -> 32 -> 1,mse,adam_260,50,256,1.3998,4217.1416015625,2927.65966796875,2871.8427734375,0.5612935245096263,0.7
2026-09-04 13:49:41,multi_repeat_random_states.py,"(1021, 9)",764,sequential_260,Dense 64 -> 16 -> 32 -> 64 -> 64 -> 32 -> 1,mse,adam_260,50,256,1.4066,2969.72265625,2698.2744140625,3115.94873046875,0.5879146002681864,0.7
2026-09-04 13:49:42,multi_repeat_random_states.py,"(1021, 9)",932,sequential_260,Dense 64 -> 16 -> 32 -> 64 -> 64 -> 32 -> 1,mse,adam_260,50,256,1.3885,3893.71728515625,3094.209716796875,3347.583740234375,0.4719606663964322,0.7
2026-09-04 13:49:43,multi_repeat_random_states.py,"(1021, 9)",848,sequential_260,Dense 64 -> 16 -> 32 -> 64 -> 64 -> 32 -> 1,mse,adam_260,50,256,1.3947,2981.248291015625,2946.798583984375,2784.81982421875,0.5745872920331215,0.7
2026-09-04 13:49:44,multi_repeat_random_states.py,"(1021, 9)",932,sequential_260,Dense 64 -> 16 -> 32 -> 64 -> 64 -> 32 -> 1,mse,adam_260,50,256,1.3878,3091.132568359375,2857.79736328125,2908.619873046875,0.5412017332009732,0.7
2026-09-04 13:49:44,multi_repeat_random_states.py,"(1021, 9)",765,sequential_261,Dense 64 -> 16 -> 32 -> 64 -> 64 -> 32 -> 1,mse,adam_261,50,256,2.2299,236261.765625,5959.2958984375,6291.7705078125,0.10818768697175207,0.7
2026-09-04 13:49:45,multi_repeat_random_states.py,"(1021, 9)",849,sequential_261,Dense 64 -> 16 -> 32 -> 64 -> 64 -> 32 -> 1,mse,adam_261,50,256,2.2281,91266.6484375,5642.29052734375,5349.90478515625,0.22428218530942312,0.7
2026-09-04 13:49:45,multi_repeat_random_states.py,"(1021, 9)",765,sequential_261,Dense 64 -> 16 -> 32 -> 64 -> 64 -> 32 -> 1,mse,adam_261,50,256,1.4541,5938.45751953125,4952.41357421875,5306.97412109375,0.24777525934970301,0.7
2026-09-04 13:49:46,multi_repeat_random_states.py,"(1021, 9)",933,sequential_261,Dense 64 -> 16 -> 32 -> 64 -> 64 -> 32 -> 1,mse,adam_261,50,256,2.2536,542092.5625,6553.80224609375,5673.5205078125,0.0770228805201355,0.7
2026-09-04 13:49:47,multi_repeat_random_states.py,"(1021, 9)",849,sequential_261,Dense 64 -> 16 -> 32 -> 64 -> 64 -> 32 -> 1,mse,adam_261,50,256,1.4026,5597.45703125,3175.071044921875,3181.938720703125,0.5386298575202737,0.7
2026-09-04 13:49:47,multi_repeat_random_states.py,"(1021, 9)",765,sequential_261,Dense 64 -> 16 -> 32 -> 64 -> 64 -> 32 -> 1,mse,adam_261,50,256,1.4322,4910.001953125,2956.611083984375,3276.541748046875,0.5355742262183569,0.7
2026-09-04 13:49:48,multi_repeat_random_states.py,"(1021, 9)",933,sequential_261,Dense 64 -> 16 -> 32 -> 64 -> 64 -> 32 -> 1,mse,adam_261,50,256,1.3881,6538.30126953125,5544.15869140625,4781.185546875,0.22218926876037637,0.7
2026-09-04 13:49:48,multi_repeat_random_states.py,"(1021, 9)",849,sequential_261,Dense 64 -> 16 -> 32 -> 64 -> 64 -> 32 -> 1,mse,adam_261,50,256,1.4814,3418.285888671875,3023.234130859375,2711.491943359375,0.6068429967778435,0.7
2026-09-04 13:49:49,multi_repeat_random_states.py,"(1021, 9)",933,sequential_261,Dense 64 -> 16 -> 32 -> 64 -> 64 -> 32 -> 1,mse,adam_261,50,256,1.3771,5512.724609375,3531.09765625,3137.25146484375,0.48962710051349534,0.7
2026-09-04 13:49:49,multi_repeat_random_states.py,"(1021, 9)",766,sequential_262,Dense 64 -> 16 -> 32 -> 64 -> 64 -> 32 -> 1,mse,adam_262,50,256,2.2122,85792.59375,5288.2958984375,4634.76171875,0.2749261669884322,0.7
2026-09-04 13:49:51,multi_repeat_random_states.py,"(1021, 9)",850,sequential_262,Dense 64 -> 16 -> 32 -> 64 -> 64 -> 32 -> 1,mse,adam_262,50,256,2.2396,29845.888671875,3658.901123046875,3638.31787109375,0.4770657838996263,0.7
2026-09-04 13:49:51,multi_repeat_random_states.py,"(1021, 9)",766,sequential_262,Dense 64 -> 16 -> 32 -> 64 -> 64 -> 32 -> 1,mse,adam_262,50,256,1.3895,5228.90380859375,3003.31005859375,2639.699951171875,0.5870387273637234,0.7
2026-09-04 13:49:52,multi_repeat_random_states.py,"(1021, 9)",934,sequential_262,Dense 64 -> 16 -> 32 -> 64 -> 64 -> 32 -> 1,mse,adam_262,50,256,2.2549,51065.25,3942.922607421875,4019.389892578125,0.3668512790133417,0.7
2026-09-04 13:49:52,multi_repeat_random_states.py,"(1021, 9)",850,sequential_262,Dense 64 -> 16 -> 32 -> 64 -> 64 -> 32 -> 1,mse,adam_262,50,256,1.4134,3570.07177734375,2824.991455078125,3134.33935546875,0.5495024741022171,0.7
2026-09-04 13:49:52,multi_repeat_random_states.py,"(1021, 9)",766,sequential_262,Dense 64 -> 16 -> 32 -> 64 -> 64 -> 32 -> 1,mse,adam_262,50,256,1.4325,3066.525390625,3135.01806640625,2572.435791015625,0.5975616941562354,0.7
2026-09-04 13:49:53,multi_repeat_random_states.py,"(1021, 9)",934,sequential_262,Dense 64 -> 16 -> 32 -> 64 -> 64 -> 32 -> 1,mse,adam_262,50,256,1.3994,3983.059814453125,3042.916259765625,3203.89013671875,0.49531167706105406,0.7
2026-09-04 13:49:54,multi_repeat_random_states.py,"(1021, 9)",850,sequential_262,Dense 64 -> 16 -> 32 -> 64 -> 64 -> 32 -> 1,mse,adam_262,50,256,1.3894,2861.214599609375,3061.729736328125,4120.80224609375,0.4077185506103528,0.7
2026-09-04 13:49:55,multi_repeat_random_states.py,"(1021, 9)",934,sequential_262,Dense 64 -> 16 -> 32 -> 64 -> 64 -> 32 -> 1,mse,adam_262,50,256,1.4395,2988.49951171875,2770.65771484375,2969.560546875,0.5322241815212941,0.7
2026-09-04 13:49:55,multi_repeat_random_states.py,"(1021, 9)",767,sequential_263,Dense 64 -> 16 -> 32 -> 64 -> 64 -> 32 -> 1,mse,adam_263,50,256,2.2193,92180.1796875,5359.19189453125,4603.841796875,0.22689784078593567,0.7
2026-09-04 13:49:56,multi_repeat_random_states.py,"(1021, 9)",851,sequential_263,Dense 64 -> 16 -> 32 -> 64 -> 64 -> 32 -> 1,mse,adam_263,50,256,2.2577,31460.998046875,4393.3056640625,3438.3154296875,0.45004140875417065,0.7
2026-09-04 13:49:56,multi_repeat_random_states.py,"(1021, 9)",767,sequential_263,Dense 64 -> 16 -> 32 -> 64 -> 64 -> 32 -> 1,mse,adam_263,50,256,1.3917,5253.6103515625,2938.727783203125,3078.45263671875,0.48304952454964156,0.7
2026-09-04 13:49:57,multi_repeat_random_states.py,"(1021, 9)",935,sequential_263,Dense 64 -> 16 -> 32 -> 64 -> 64 -> 32 -> 1,mse,adam_263,50,256,2.3277,43318.57421875,4624.3115234375,5198.35498046875,0.19016843185409582,0.7
2026-09-04 13:49:58,multi_repeat_random_states.py,"(1021, 9)",851,sequential_263,Dense 64 -> 16 -> 32 -> 64 -> 64 -> 32 -> 1,mse,adam_263,50,256,1.4239,4246.666015625,3198.820556640625,2656.0341796875,0.575167285049841,0.7
2026-09-04 13:49:58,multi_repeat_random_states.py,"(1021, 9)",767,sequential_263,Dense 64 -> 16 -> 32 -> 64 -> 64 -> 32 -> 1,mse,adam_263,50,256,1.467,2969.806884765625,2792.035888671875,2977.981201171875,0.499921223264821,0.7
2026-09-04 13:49:59,multi_repeat_random_states.py,"(1021, 9)",935,sequential_263,Dense 64 -> 16 -> 32 -> 64 -> 64 -> 32 -> 1,mse,adam_263,50,256,1.3983,4565.5205078125,3032.4951171875,3042.388427734375,0.5260380632726853,0.7
2026-09-04 13:49:59,multi_repeat_random_states.py,"(1021, 9)",851,sequential_263,Dense 64 -> 16 -> 32 -> 64 -> 64 -> 32 -> 1,mse,adam_263,50,256,1.4032,3047.202880859375,3061.855224609375,3033.37646484375,0.5148114468442626,0.7
2026-09-04 13:50:00,multi_repeat_random_states.py,"(1021, 9)",935,sequential_263,Dense 64 -> 16 -> 32 -> 64 -> 64 -> 32 -> 1,mse,adam_263,50,256,1.3872,3157.81201171875,3003.68408203125,2978.459228515625,0.5359973426157865,0.7
2026-09-04 13:50:00,multi_repeat_random_states.py,"(1021, 9)",768,sequential_264,Dense 64 -> 16 -> 32 -> 64 -> 64 -> 32 -> 1,mse,adam_264,50,256,2.2191,21667.46875,3376.347900390625,3583.640380859375,0.5049383507190196,0.7
2026-09-04 13:50:02,multi_repeat_random_states.py,"(1021, 9)",852,sequential_264,Dense 64 -> 16 -> 32 -> 64 -> 64 -> 32 -> 1,mse,adam_264,50,256,2.2267,96052.0625,5766.37353515625,6048.4208984375,0.1530163212938347,0.7
2026-09-04 13:50:02,multi_repeat_random_states.py,"(1021, 9)",768,sequential_264,Dense 64 -> 16 -> 32 -> 64 -> 64 -> 32 -> 1,mse,adam_264,50,256,1.4098,3260.894287109375,2938.5869140625,2990.75830078125,0.586841995580325,0.7
2026-09-04 13:50:03,multi_repeat_random_states.py,"(1021, 9)",936,sequential_264,Dense 64 -> 16 -> 32 -> 64 -> 64 -> 32 -> 1,mse,adam_264,50,256,2.2561,60025.20703125,4044.81494140625,4367.09228515625,0.37137206374453013,0.7
2026-09-04 13:50:03,multi_repeat_random_states.py,"(1021, 9)",852,sequential_264,Dense 64 -> 16 -> 32 -> 64 -> 64 -> 32 -> 1,mse,adam_264,50,256,1.4211,5735.845703125,2972.49755859375,3604.7392578125,0.4952144177435187,0.7
2026-09-04 13:50:03,multi_repeat_random_states.py,"(1021, 9)",768,sequential_264,Dense 64 -> 16 -> 32 -> 64 -> 64 -> 32 -> 1,mse,adam_264,50,256,1.3838,2825.6142578125,3086.097412109375,3005.422119140625,0.5848162227788607,0.7
2026-09-04 13:50:04,multi_repeat_random_states.py,"(1021, 9)",936,sequential_264,Dense 64 -> 16 -> 32 -> 64 -> 64 -> 32 -> 1,mse,adam_264,50,256,1.4326,3936.28271484375,2982.160400390625,3593.528564453125,0.4827239009203299,0.7
2026-09-04 13:50:05,multi_repeat_random_states.py,"(1021, 9)",852,sequential_264,Dense 64 -> 16 -> 32 -> 64 -> 64 -> 32 -> 1,mse,adam_264,50,256,1.4397,3073.481689453125,3109.731689453125,3044.302734375,0.5736944900012082,0.7
2026-09-04 13:50:06,multi_repeat_random_states.py,"(1021, 9)",936,sequential_264,Dense 64 -> 16 -> 32 -> 64 -> 64 -> 32 -> 1,mse,adam_264,50,256,1.3962,3122.738037109375,2749.37451171875,3089.497314453125,0.5552774518824817,0.7
2026-09-04 13:50:06,multi_repeat_random_states.py,"(1021, 9)",769,sequential_265,Dense 64 -> 16 -> 32 -> 64 -> 64 -> 32 -> 1,mse,adam_265,50,256,2.2859,18752.841796875,3189.2666015625,3802.642333984375,0.4473590967678165,0.7
2026-09-04 13:50:07,multi_repeat_random_states.py,"(1021, 9)",853,sequential_265,Dense 64 -> 16 -> 32 -> 64 -> 64 -> 32 -> 1,mse,adam_265,50,256,2.2907,36289.03125,4402.71875,3644.251708984375,0.4068772936943399,0.7
2026-09-04 13:50:07,multi_repeat_random_states.py,"(1021, 9)",769,sequential_265,Dense 64 -> 16 -> 32 -> 64 -> 64 -> 32 -> 1,mse,adam_265,50,256,1.4743,3251.766357421875,2904.873291015625,2941.052734375,0.5725745861386977,0.7
2026-09-04 13:50:08,multi_repeat_random_states.py,"(1021, 9)",937,sequential_265,Dense 64 -> 16 -> 32 -> 64 -> 64 -> 32 -> 1,mse,adam_265,50,256,2.3311,41242.890625,4040.559326171875,4435.30859375,0.4121448634653968,0.7
2026-09-04 13:50:09,multi_repeat_random_states.py,"(1021, 9)",853,sequential_265,Dense 64 -> 16 -> 32 -> 64 -> 64 -> 32 -> 1,mse,adam_265,50,256,1.431,4148.0947265625,3414.419189453125,3027.7509765625,0.5072162220833056,0.7
2026-09-04 13:50:09,multi_repeat_random_states.py,"(1021, 9)",769,sequential_265,Dense 64 -> 16 -> 32 -> 64 -> 64 -> 32 -> 1,mse,adam_265,50,256,1.4717,2933.782470703125,2986.901611328125,2811.048583984375,0.5914681784657561,0.7
2026-09-04 13:50:10,multi_repeat_random_states.py,"(1021, 9)",937,sequential_265,Dense 64 -> 16 -> 32 -> 64 -> 64 -> 32 -> 1,mse,adam_265,50,256,1.4069,4001.00537109375,3004.0419921875,2889.6552734375,0.6170054892264887,0.7
2026-09-04 13:50:10,multi_repeat_random_states.py,"(1021, 9)",853,sequential_265,Dense 64 -> 16 -> 32 -> 64 -> 64 -> 32 -> 1,mse,adam_265,50,256,1.3994,3058.824462890625,2980.503173828125,2915.57080078125,0.5254741563811193,0.7
2026-09-04 13:50:11,multi_repeat_random_states.py,"(1021, 9)",937,sequential_265,Dense 64 -> 16 -> 32 -> 64 -> 64 -> 32 -> 1,mse,adam_265,50,256,1.3723,2862.37353515625,2851.51611328125,2942.69189453125,0.6099760463590542,0.7
2026-09-04 13:50:12,multi_repeat_random_states.py,"(1021, 9)",770,sequential_266,Dense 64 -> 16 -> 32 -> 64 -> 64 -> 32 -> 1,mse,adam_266,50,256,2.2403,75374.1328125,4426.986328125,4714.38427734375,0.34822326630840184,0.7
2026-09-04 13:50:13,multi_repeat_random_states.py,"(1021, 9)",854,sequential_266,Dense 64 -> 16 -> 32 -> 64 -> 64 -> 32 -> 1,mse,adam_266,50,256,2.2968,24186.1953125,3872.29736328125,6168.08740234375,0.20151211070729802,0.7
2026-09-04 13:50:13,multi_repeat_random_states.py,"(1021, 9)",770,sequential_266,Dense 64 -> 16 -> 32 -> 64 -> 64 -> 32 -> 1,mse,adam_266,50,256,1.4106,4230.16943359375,2856.572021484375,3151.9599609375,0.5642327088500587,0.7
2026-09-04 13:50:14,multi_repeat_random_states.py,"(1021, 9)",938,sequential_266,Dense 64 -> 16 -> 32 -> 64 -> 64 -> 32 -> 1,mse,adam_266,50,256,2.2821,50570.38671875,4489.6748046875,4145.357421875,0.36986290667437216,0.7
2026-09-04 13:50:14,multi_repeat_random_states.py,"(1021, 9)",854,sequential_266,Dense 64 -> 16 -> 32 -> 64 -> 64 -> 32 -> 1,mse,adam_266,50,256,1.396,4003.404296875,2987.467041015625,4104.140625,0.46869972089870304,0.7
2026-09-04 13:50:15,multi_repeat_random_states.py,"(1021, 9)",770,sequential_266,Dense 64 -> 16 -> 32 -> 64 -> 64 -> 32 -> 1,mse,adam_266,50,256,1.3892,3031.1044921875,2866.4482421875,3086.480712890625,0.5732854678112822,0.7
2026-09-04 13:50:16,multi_repeat_random_states.py,"(1021, 9)",938,sequential_266,Dense 64 -> 16 -> 32 -> 64 -> 64 -> 32 -> 1,mse,adam_266,50,256,1.4264,4533.4609375,2878.82177734375,2831.881591796875,0.5695248442213601,0.7
2026-09-04 13:50:16,multi_repeat_random_states.py,"(1021, 9)",854,sequential_266,Dense 64 -> 16 -> 32 -> 64 -> 64 -> 32 -> 1,mse,adam_266,50,256,1.3945,2965.1533203125,2764.8251953125,3257.574951171875,0.5782916399277247,0.7
2026-09-04 13:50:17,multi_repeat_random_states.py,"(1021, 9)",938,sequential_266,Dense 64 -> 16 -> 32 -> 64 -> 64 -> 32 -> 1,mse,adam_266,50,256,1.3835,2911.347900390625,2857.068359375,2773.634521484375,0.5783789502319947,0.7
2026-09-04 13:50:17,multi_repeat_random_states.py,"(1021, 9)",771,sequential_267,Dense 64 -> 16 -> 32 -> 64 -> 64 -> 32 -> 1,mse,adam_267,50,256,2.2244,16472.607421875,3046.85791015625,2870.48681640625,0.5990946346727241,0.7
2026-09-04 13:50:18,multi_repeat_random_states.py,"(1021, 9)",855,sequential_267,Dense 64 -> 16 -> 32 -> 64 -> 64 -> 32 -> 1,mse,adam_267,50,256,2.2905,33308.80859375,3391.56201171875,3362.73779296875,0.5084215214969132,0.7
2026-09-04 13:50:19,multi_repeat_random_states.py,"(1021, 9)",771,sequential_267,Dense 64 -> 16 -> 32 -> 64 -> 64 -> 32 -> 1,mse,adam_267,50,256,1.3982,3068.905029296875,3014.11962890625,3007.54931640625,0.5799518294256574,0.7
2026-09-04 13:50:20,multi_repeat_random_states.py,"(1021, 9)",939,sequential_267,Dense 64 -> 16 -> 32 -> 64 -> 64 -> 32 -> 1,mse,adam_267,50,256,2.2473,13668.5625,2970.6689453125,3005.012939453125,0.580298046468658,0.7
2026-09-04 13:50:20,multi_repeat_random_states.py,"(1021, 9)",855,sequential_267,Dense 64 -> 16 -> 32 -> 64 -> 64 -> 32 -> 1,mse,adam_267,50,256,1.4214,3317.851318359375,3189.83837890625,3359.7158203125,0.5088632357365412,0.7
2026-09-04 13:50:20,multi_repeat_random_states.py,"(1021, 9)",771,sequential_267,Dense 64 -> 16 -> 32 -> 64 -> 64 -> 32 -> 1,mse,adam_267,50,256,1.3888,3025.5283203125,2935.975830078125,2938.606689453125,0.5895806917871653,0.7
2026-09-04 13:50:21,multi_repeat_random_states.py,"(1021, 9)",939,sequential_267,Dense 64 -> 16 -> 32 -> 64 -> 64 -> 32 -> 1,mse,adam_267,50,256,1.4803,3207.426025390625,3253.550048828125,3335.91162109375,0.534082295630002,0.7
2026-09-04 13:50:22,multi_repeat_random_states.py,"(1021, 9)",855,sequential_267,Dense 64 -> 16 -> 32 -> 64 -> 64 -> 32 -> 1,mse,adam_267,50,256,1.4726,3073.65576171875,2886.17138671875,2985.957275390625,0.563500752682109,0.7
2026-09-04 13:50:23,multi_repeat_random_states.py,"(1021, 9)",939,sequential_267,Dense 64 -> 16 -> 32 -> 64 -> 64 -> 32 -> 1,mse,adam_267,50,256,1.524,3261.96875,2861.995361328125,2774.002685546875,0.6125626112354579,0.7
2026-09-04 13:50:25,multi_repeat_random_states.py,"(1021, 9)",772,sequential_268,Dense 64 -> 16 -> 32 -> 64 -> 64 -> 32 -> 1,mse,adam_268,50,256,4.8506,29590.5,4382.55615234375,4439.20458984375,0.3574160500207888,0.7
2026-09-04 13:50:27,multi_repeat_random_states.py,"(1021, 9)",856,sequential_268,Dense 64 -> 16 -> 32 -> 64 -> 64 -> 32 -> 1,mse,adam_268,50,256,4.8052,99230.1953125,5778.4677734375,5677.291015625,0.13166233095898805,0.7
2026-09-04 13:50:27,multi_repeat_random_states.py,"(1021, 9)",772,sequential_268,Dense 64 -> 16 -> 32 -> 64 -> 64 -> 32 -> 1,mse,adam_268,50,256,1.4387,4258.1552734375,3042.748046875,3723.410888671875,0.46102866434302436,0.7
2026-09-04 13:50:28,multi_repeat_random_states.py,"(1021, 9)",940,sequential_268,Dense 64 -> 16 -> 32 -> 64 -> 64 -> 32 -> 1,mse,adam_268,50,256,4.7261,15548.19921875,3302.396240234375,2760.697021484375,0.5439602526417588,0.7
2026-09-04 13:50:28,multi_repeat_random_states.py,"(1021, 9)",772,sequential_268,Dense 64 -> 16 -> 32 -> 64 -> 64 -> 32 -> 1,mse,adam_268,50,256,1.4056,3242.075927734375,3093.19677734375,2876.606689453125,0.5836053188738597,0.7
2026-09-04 13:50:28,multi_repeat_random_states.py,"(1021, 9)",856,sequential_268,Dense 64 -> 16 -> 32 -> 64 -> 64 -> 32 -> 1,mse,adam_268,50,256,1.4849,5741.265625,3021.29345703125,3196.11181640625,0.5111569717216313,0.7
2026-09-04 13:50:29,multi_repeat_random_states.py,"(1021, 9)",940,sequential_268,Dense 64 -> 16 -> 32 -> 64 -> 64 -> 32 -> 1,mse,adam_268,50,256,1.4121,3099.34326171875,3181.294189453125,2622.035400390625,0.5668657751192683,0.7
2026-09-04 13:50:30,multi_repeat_random_states.py,"(1021, 9)",856,sequential_268,Dense 64 -> 16 -> 32 -> 64 -> 64 -> 32 -> 1,mse,adam_268,50,256,1.4218,3014.62060546875,2838.0009765625,3177.64794921875,0.5139810003111469,0.7
2026-09-04 13:50:31,multi_repeat_random_states.py,"(1021, 9)",773,sequential_269,Dense 64 -> 16 -> 32 -> 64 -> 64 -> 32 -> 1,mse,adam_269,50,256,2.3055,29219.544921875,3162.3515625,3214.39794921875,0.5496989431746733,0.7
2026-09-04 13:50:31,multi_repeat_random_states.py,"(1021, 9)",940,sequential_268,Dense 64 -> 16 -> 32 -> 64 -> 64 -> 32 -> 1,mse,adam_268,50,256,1.4474,3168.535400390625,3034.419677734375,2934.11767578125,0.5153128964464171,0.7
2026-09-04 13:50:32,multi_repeat_random_states.py,"(1021, 9)",857,sequential_269,Dense 64 -> 16 -> 32 -> 64 -> 64 -> 32 -> 1,mse,adam_269,50,256,2.2871,30884.2578125,4324.384765625,4767.728515625,0.35770858759602253,0.7
2026-09-04 13:50:32,multi_repeat_random_states.py,"(1021, 9)",773,sequential_269,Dense 64 -> 16 -> 32 -> 64 -> 64 -> 32 -> 1,mse,adam_269,50,256,1.4721,3135.8388671875,2933.431396484375,3074.58837890625,0.5692846443182659,0.7
2026-09-04 13:50:33,multi_repeat_random_states.py,"(1021, 9)",941,sequential_269,Dense 64 -> 16 -> 32 -> 64 -> 64 -> 32 -> 1,mse,adam_269,50,256,2.313,23198.375,3036.801025390625,3635.88525390625,0.5059860739242372,0.7
2026-09-04 13:50:34,multi_repeat_random_states.py,"(1021, 9)",857,sequential_269,Dense 64 -> 16 -> 32 -> 64 -> 64 -> 32 -> 1,mse,adam_269,50,256,1.4222,4110.560546875,2836.96533203125,3150.88916015625,0.5755233628070078,0.7
2026-09-04 13:50:35,multi_repeat_random_states.py,"(1021, 9)",941,sequential_269,Dense 64 -> 16 -> 32 -> 64 -> 64 -> 32 -> 1,mse,adam_269,50,256,1.4032,2986.70556640625,2799.5419921875,3197.185791015625,0.5655929133019302,0.7
2026-09-04 13:50:35,multi_repeat_random_states.py,"(1021, 9)",857,sequential_269,Dense 64 -> 16 -> 32 -> 64 -> 64 -> 32 -> 1,mse,adam_269,50,256,1.4059,2842.17041015625,2816.35302734375,3039.347900390625,0.5905497800038948,0.7
2026-09-04 13:50:36,multi_repeat_random_states.py,"(1021, 9)",941,sequential_269,Dense 64 -> 16 -> 32 -> 64 -> 64 -> 32 -> 1,mse,adam_269,50,256,1.4091,2834.953857421875,2711.41650390625,3180.222412109375,0.5678977860627912,0.7
2026-09-04 13:50:36,multi_repeat_random_states.py,"(1021, 9)",774,sequential_270,Dense 64 -> 16 -> 32 -> 64 -> 64 -> 32 -> 1,mse,adam_270,50,256,2.3846,35722.50390625,4411.34814453125,5168.95654296875,0.326907286439439,0.7
2026-09-04 13:50:38,multi_repeat_random_states.py,"(1021, 9)",858,sequential_270,Dense 64 -> 16 -> 32 -> 64 -> 64 -> 32 -> 1,mse,adam_270,50,256,2.2778,28065.63671875,3630.1962890625,3243.54052734375,0.5316171220187587,0.7
2026-09-04 13:50:38,multi_repeat_random_states.py,"(1021, 9)",774,sequential_270,Dense 64 -> 16 -> 32 -> 64 -> 64 -> 32 -> 1,mse,adam_270,50,256,1.4658,4117.3876953125,2721.80517578125,3172.546875,0.5868763591605505,0.7
2026-09-04 13:50:39,multi_repeat_random_states.py,"(1021, 9)",942,sequential_270,Dense 64 -> 16 -> 32 -> 64 -> 64 -> 32 -> 1,mse,adam_270,50,256,2.2959,110895.7734375,5447.77978515625,4989.08642578125,0.2477211412489384,0.7
2026-09-04 13:50:39,multi_repeat_random_states.py,"(1021, 9)",858,sequential_270,Dense 64 -> 16 -> 32 -> 64 -> 64 -> 32 -> 1,mse,adam_270,50,256,1.4261,3407.0322265625,3004.281005859375,3128.77490234375,0.5481898101891407,0.7
2026-09-04 13:50:40,multi_repeat_random_states.py,"(1021, 9)",774,sequential_270,Dense 64 -> 16 -> 32 -> 64 -> 64 -> 32 -> 1,mse,adam_270,50,256,1.4743,2808.937255859375,2691.3759765625,3152.78369140625,0.5894498606074068,0.7
2026-09-04 13:50:40,multi_repeat_random_states.py,"(1021, 9)",942,sequential_270,Dense 64 -> 16 -> 32 -> 64 -> 64 -> 32 -> 1,mse,adam_270,50,256,1.3993,5390.970703125,3259.64404296875,2844.7431640625,0.5710557245988177,0.7
2026-09-04 13:50:41,multi_repeat_random_states.py,"(1021, 9)",858,sequential_270,Dense 64 -> 16 -> 32 -> 64 -> 64 -> 32 -> 1,mse,adam_270,50,256,1.4175,3041.249755859375,2801.6796875,2808.799560546875,0.5943957442906198,0.7
2026-09-04 13:50:42,multi_repeat_random_states.py,"(1021, 9)",942,sequential_270,Dense 64 -> 16 -> 32 -> 64 -> 64 -> 32 -> 1,mse,adam_270,50,256,1.4056,2948.6875,3242.020263671875,3029.614501953125,0.5431799597473794,0.7
2026-09-04 13:50:42,multi_repeat_random_states.py,"(1021, 9)",775,sequential_271,Dense 64 -> 16 -> 32 -> 64 -> 64 -> 32 -> 1,mse,adam_271,50,256,2.297,36712.91796875,4555.39013671875,4501.3876953125,0.34592472467871427,0.7
2026-09-04 13:50:44,multi_repeat_random_states.py,"(1021, 9)",859,sequential_271,Dense 64 -> 16 -> 32 -> 64 -> 64 -> 32 -> 1,mse,adam_271,50,256,2.3126,28931.568359375,3028.0478515625,3855.581787109375,0.4825002998518564,0.7
2026-09-04 13:50:44,multi_repeat_random_states.py,"(1021, 9)",775,sequential_271,Dense 64 -> 16 -> 32 -> 64 -> 64 -> 32 -> 1,mse,adam_271,50,256,1.4239,4536.46240234375,2982.762939453125,3286.52197265625,0.5224510393167998,0.7
2026-09-04 13:50:44,multi_repeat_random_states.py,"(1021, 9)",943,sequential_271,Dense 64 -> 16 -> 32 -> 64 -> 64 -> 32 -> 1,mse,adam_271,50,256,2.2933,17714.705078125,3378.00390625,2870.4326171875,0.5712310137011867,0.7
2026-09-04 13:50:45,multi_repeat_random_states.py,"(1021, 9)",859,sequential_271,Dense 64 -> 16 -> 32 -> 64 -> 64 -> 32 -> 1,mse,adam_271,50,256,1.4081,3151.699951171875,2826.642578125,3183.41064453125,0.5727197567924471,0.7
2026-09-04 13:50:45,multi_repeat_random_states.py,"(1021, 9)",775,sequential_271,Dense 64 -> 16 -> 32 -> 64 -> 64 -> 32 -> 1,mse,adam_271,50,256,1.41,3005.310546875,2902.748291015625,2982.12939453125,0.5666809777363918,0.7
2026-09-04 13:50:46,multi_repeat_random_states.py,"(1021, 9)",943,sequential_271,Dense 64 -> 16 -> 32 -> 64 -> 64 -> 32 -> 1,mse,adam_271,50,256,1.4778,3096.541015625,2996.9775390625,2862.155517578125,0.5724674105795736,0.7
2026-09-04 13:50:47,multi_repeat_random_states.py,"(1021, 9)",859,sequential_271,Dense 64 -> 16 -> 32 -> 64 -> 64 -> 32 -> 1,mse,adam_271,50,256,1.4244,2961.883056640625,2972.3671875,3894.772216796875,0.47724014456402886,0.7
2026-09-04 13:50:47,multi_repeat_random_states.py,"(1021, 9)",943,sequential_271,Dense 64 -> 16 -> 32 -> 64 -> 64 -> 32 -> 1,mse,adam_271,50,256,1.4133,3040.6181640625,2975.167724609375,2770.338134765625,0.5861825469582654,0.7
2026-09-04 13:50:48,multi_repeat_random_states.py,"(1021, 9)",776,sequential_272,Dense 64 -> 16 -> 32 -> 64 -> 64 -> 32 -> 1,mse,adam_272,50,256,2.2825,30849.58203125,4130.46435546875,4039.618408203125,0.4365109505674175,0.7
2026-09-04 13:50:49,multi_repeat_random_states.py,"(1021, 9)",860,sequential_272,Dense 64 -> 16 -> 32 -> 64 -> 64 -> 32 -> 1,mse,adam_272,50,256,2.2637,37146.83203125,4166.10302734375,5298.12158203125,0.3076659373051478,0.7
2026-09-04 13:50:49,multi_repeat_random_states.py,"(1021, 9)",776,sequential_272,Dense 64 -> 16 -> 32 -> 64 -> 64 -> 32 -> 1,mse,adam_272,50,256,1.4808,4111.4453125,3067.283203125,2893.998046875,0.5963143422535752,0.7
2026-09-04 13:50:50,multi_repeat_random_states.py,"(1021, 9)",944,sequential_272,Dense 64 -> 16 -> 32 -> 64 -> 64 -> 32 -> 1,mse,adam_272,50,256,2.288,40027.27734375,4205.92626953125,3697.069580078125,0.40060563488227885,0.7
2026-09-04 13:50:51,multi_repeat_random_states.py,"(1021, 9)",860,sequential_272,Dense 64 -> 16 -> 32 -> 64 -> 64 -> 32 -> 1,mse,adam_272,50,256,1.413,3962.84765625,2884.948486328125,3539.42333984375,0.5374845153318057,0.7
2026-09-04 13:50:51,multi_repeat_random_states.py,"(1021, 9)",776,sequential_272,Dense 64 -> 16 -> 32 -> 64 -> 64 -> 32 -> 1,mse,adam_272,50,256,1.3987,2996.91259765625,2991.644775390625,2880.893310546875,0.5981422991884052,0.7
2026-09-04 13:50:52,multi_repeat_random_states.py,"(1021, 9)",944,sequential_272,Dense 64 -> 16 -> 32 -> 64 -> 64 -> 32 -> 1,mse,adam_272,50,256,1.416,4118.5107421875,2947.003173828125,2682.077392578125,0.5651632143612138,0.7
2026-09-04 13:50:52,multi_repeat_random_states.py,"(1021, 9)",860,sequential_272,Dense 64 -> 16 -> 32 -> 64 -> 64 -> 32 -> 1,mse,adam_272,50,256,1.4209,2930.602783203125,2995.326171875,3039.332275390625,0.602834114785024,0.7
2026-09-04 13:50:53,multi_repeat_random_states.py,"(1021, 9)",944,sequential_272,Dense 64 -> 16 -> 32 -> 64 -> 64 -> 32 -> 1,mse,adam_272,50,256,1.4171,2975.0576171875,3024.255126953125,3054.45556640625,0.5047906774879922,0.7
2026-09-04 13:50:53,multi_repeat_random_states.py,"(1021, 9)",777,sequential_273,Dense 64 -> 16 -> 32 -> 64 -> 64 -> 32 -> 1,mse,adam_273,50,256,2.3301,49314.27734375,4629.7900390625,5166.9873046875,0.22343846001898993,0.7
2026-09-04 13:50:55,multi_repeat_random_states.py,"(1021, 9)",861,sequential_273,Dense 64 -> 16 -> 32 -> 64 -> 64 -> 32 -> 1,mse,adam_273,50,256,2.2768,19146.150390625,3515.190185546875,3379.51025390625,0.4879703302473286,0.7
2026-09-04 13:50:55,multi_repeat_random_states.py,"(1021, 9)",777,sequential_273,Dense 64 -> 16 -> 32 -> 64 -> 64 -> 32 -> 1,mse,adam_273,50,256,1.4518,4663.5927734375,2913.92529296875,2888.46240234375,0.5658846131413595,0.7
2026-09-04 13:50:56,multi_repeat_random_states.py,"(1021, 9)",945,sequential_273,Dense 64 -> 16 -> 32 -> 64 -> 64 -> 32 -> 1,mse,adam_273,50,256,2.2777,105106.421875,5067.79443359375,4378.583984375,0.3005205564834986,0.7
2026-09-04 13:50:56,multi_repeat_random_states.py,"(1021, 9)",861,sequential_273,Dense 64 -> 16 -> 32 -> 64 -> 64 -> 32 -> 1,mse,adam_273,50,256,1.4616,3984.88330078125,3236.557373046875,4008.338134765625,0.39269658629700377,0.7
2026-09-04 13:50:56,multi_repeat_random_states.py,"(1021, 9)",777,sequential_273,Dense 64 -> 16 -> 32 -> 64 -> 64 -> 32 -> 1,mse,adam_273,50,256,1.4009,2899.60009765625,3001.6455078125,3089.5673828125,0.5356599509455273,0.7
2026-09-04 13:50:57,multi_repeat_random_states.py,"(1021, 9)",945,sequential_273,Dense 64 -> 16 -> 32 -> 64 -> 64 -> 32 -> 1,mse,adam_273,50,256,1.4052,5006.16064453125,3060.85009765625,2893.0302734375,0.5378379171571981,0.7
2026-09-04 13:50:58,multi_repeat_random_states.py,"(1021, 9)",861,sequential_273,Dense 64 -> 16 -> 32 -> 64 -> 64 -> 32 -> 1,mse,adam_273,50,256,1.3981,3245.30615234375,3127.199951171875,3578.12158203125,0.45787879162028133,0.7
2026-09-04 13:50:59,multi_repeat_random_states.py,"(1021, 9)",945,sequential_273,Dense 64 -> 16 -> 32 -> 64 -> 64 -> 32 -> 1,mse,adam_273,50,256,1.4899,3150.82275390625,2913.814208984375,2781.3408203125,0.5556803617688704,0.7
2026-09-04 13:50:59,multi_repeat_random_states.py,"(1021, 9)",778,sequential_274,Dense 64 -> 16 -> 32 -> 64 -> 64 -> 32 -> 1,mse,adam_274,50,256,2.2439,36659.4921875,4215.38525390625,3918.205078125,0.43288822717211217,0.7
2026-09-04 13:51:00,multi_repeat_random_states.py,"(1021, 9)",862,sequential_274,Dense 64 -> 16 -> 32 -> 64 -> 64 -> 32 -> 1,mse,adam_274,50,256,2.395,42252.93359375,3689.01123046875,3991.087890625,0.44573498261541644,0.7
2026-09-04 13:51:01,multi_repeat_random_states.py,"(1021, 9)",778,sequential_274,Dense 64 -> 16 -> 32 -> 64 -> 64 -> 32 -> 1,mse,adam_274,50,256,1.4422,3755.01611328125,3011.17919921875,2896.496826171875,0.580767823568566,0.7
2026-09-04 13:51:01,multi_repeat_random_states.py,"(1021, 9)",946,sequential_274,Dense 64 -> 16 -> 32 -> 64 -> 64 -> 32 -> 1,mse,adam_274,50,256,2.3415,33394.37890625,3821.149658203125,3238.664306640625,0.5097786653667432,0.7
2026-09-04 13:51:02,multi_repeat_random_states.py,"(1021, 9)",862,sequential_274,Dense 64 -> 16 -> 32 -> 64 -> 64 -> 32 -> 1,mse,adam_274,50,256,1.4192,3962.46337890625,2869.2763671875,3324.189453125,0.538350908528141,0.7
2026-09-04 13:51:02,multi_repeat_random_states.py,"(1021, 9)",778,sequential_274,Dense 64 -> 16 -> 32 -> 64 -> 64 -> 32 -> 1,mse,adam_274,50,256,1.4172,2993.32568359375,2858.115478515625,2851.45654296875,0.587286854325941,0.7
2026-09-04 13:51:03,multi_repeat_random_states.py,"(1021, 9)",946,sequential_274,Dense 64 -> 16 -> 32 -> 64 -> 64 -> 32 -> 1,mse,adam_274,50,256,1.4946,3428.333984375,3249.359130859375,3951.0849609375,0.40194293839327366,0.7
2026-09-04 13:51:03,multi_repeat_random_states.py,"(1021, 9)",862,sequential_274,Dense 64 -> 16 -> 32 -> 64 -> 64 -> 32 -> 1,mse,adam_274,50,256,1.4228,2818.16162109375,2765.39697265625,4084.4541015625,0.4327686472316241,0.7
2026-09-04 13:51:04,multi_repeat_random_states.py,"(1021, 9)",946,sequential_274,Dense 64 -> 16 -> 32 -> 64 -> 64 -> 32 -> 1,mse,adam_274,50,256,1.4028,3384.72802734375,3045.5634765625,2900.29345703125,0.5609962980881624,0.7
2026-09-04 13:51:05,multi_repeat_random_states.py,"(1021, 9)",779,sequential_275,Dense 64 -> 16 -> 32 -> 64 -> 64 -> 32 -> 1,mse,adam_275,50,256,2.2652,33729.25390625,4336.578125,4828.26416015625,0.30887329994738355,0.7
2026-09-04 13:51:06,multi_repeat_random_states.py,"(1021, 9)",863,sequential_275,Dense 64 -> 16 -> 32 -> 64 -> 64 -> 32 -> 1,mse,adam_275,50,256,2.3223,57440.03125,4931.6728515625,5294.32080078125,0.24796630709369794,0.7
2026-09-04 13:51:06,multi_repeat_random_states.py,"(1021, 9)",779,sequential_275,Dense 64 -> 16 -> 32 -> 64 -> 64 -> 32 -> 1,mse,adam_275,50,256,1.4853,4097.17578125,2879.916748046875,2895.794921875,0.5854905760999825,0.7
2026-09-04 13:51:07,multi_repeat_random_states.py,"(1021, 9)",947,sequential_275,Dense 64 -> 16 -> 32 -> 64 -> 64 -> 32 -> 1,mse,adam_275,50,256,2.3686,24867.642578125,3122.364013671875,3222.98876953125,0.5962898676222084,0.7
2026-09-04 13:51:08,multi_repeat_random_states.py,"(1021, 9)",863,sequential_275,Dense 64 -> 16 -> 32 -> 64 -> 64 -> 32 -> 1,mse,adam_275,50,256,1.4303,4825.162109375,2733.23388671875,3172.9443359375,0.5492980276574344,0.7
2026-09-04 13:51:08,multi_repeat_random_states.py,"(1021, 9)",779,sequential_275,Dense 64 -> 16 -> 32 -> 64 -> 64 -> 32 -> 1,mse,adam_275,50,256,1.4027,3054.403076171875,2856.51708984375,2879.1142578125,0.5878782303707903,0.7
2026-09-04 13:51:09,multi_repeat_random_states.py,"(1021, 9)",947,sequential_275,Dense 64 -> 16 -> 32 -> 64 -> 64 -> 32 -> 1,mse,adam_275,50,256,1.4045,3538.094970703125,2872.113525390625,2926.354248046875,0.6334462087473162,0.7
2026-09-04 13:51:09,multi_repeat_random_states.py,"(1021, 9)",863,sequential_275,Dense 64 -> 16 -> 32 -> 64 -> 64 -> 32 -> 1,mse,adam_275,50,256,1.403,2891.65380859375,2856.854736328125,3272.631591796875,0.5351378965121572,0.7
2026-09-04 13:51:10,multi_repeat_random_states.py,"(1021, 9)",947,sequential_275,Dense 64 -> 16 -> 32 -> 64 -> 64 -> 32 -> 1,mse,adam_275,50,256,1.4035,2905.43115234375,2827.848388671875,3077.567138671875,0.614505324227421,0.7
2026-09-04 13:51:10,multi_repeat_random_states.py,"(1021, 9)",780,sequential_276,Dense 64 -> 16 -> 32 -> 64 -> 64 -> 32 -> 1,mse,adam_276,50,256,2.2409,201643.75,5782.7412109375,4898.17138671875,0.2148497170731315,0.7
2026-09-04 13:51:12,multi_repeat_random_states.py,"(1021, 9)",864,sequential_276,Dense 64 -> 16 -> 32 -> 64 -> 64 -> 32 -> 1,mse,adam_276,50,256,2.2823,53349.09375,3604.43798828125,3770.38916015625,0.4470831931460385,0.7
2026-09-04 13:51:12,multi_repeat_random_states.py,"(1021, 9)",780,sequential_276,Dense 64 -> 16 -> 32 -> 64 -> 64 -> 32 -> 1,mse,adam_276,50,256,1.4401,5745.02734375,3182.070068359375,2686.934814453125,0.5692988909339076,0.7
2026-09-04 13:51:13,multi_repeat_random_states.py,"(1021, 9)",948,sequential_276,Dense 64 -> 16 -> 32 -> 64 -> 64 -> 32 -> 1,mse,adam_276,50,256,2.2954,34022.015625,4210.60888671875,4525.27001953125,0.3081240356491003,0.7
2026-09-04 13:51:13,multi_repeat_random_states.py,"(1021, 9)",864,sequential_276,Dense 64 -> 16 -> 32 -> 64 -> 64 -> 32 -> 1,mse,adam_276,50,256,1.4168,3435.4775390625,2739.53173828125,3169.62109375,0.5351841919743107,0.7
2026-09-04 13:51:13,multi_repeat_random_states.py,"(1021, 9)",780,sequential_276,Dense 64 -> 16 -> 32 -> 64 -> 64 -> 32 -> 1,mse,adam_276,50,256,1.4054,3305.867919921875,3128.411865234375,2394.97705078125,0.616098149351685,0.7
2026-09-04 13:51:14,multi_repeat_random_states.py,"(1021, 9)",948,sequential_276,Dense 64 -> 16 -> 32 -> 64 -> 64 -> 32 -> 1,mse,adam_276,50,256,1.4043,4325.4609375,2914.314697265625,3006.98974609375,0.540256451268581,0.7
2026-09-04 13:51:15,multi_repeat_random_states.py,"(1021, 9)",864,sequential_276,Dense 64 -> 16 -> 32 -> 64 -> 64 -> 32 -> 1,mse,adam_276,50,256,1.4535,2795.75439453125,2771.062744140625,3607.94873046875,0.47090468878775504,0.7
2026-09-04 13:51:16,multi_repeat_random_states.py,"(1021, 9)",948,sequential_276,Dense 64 -> 16 -> 32 -> 64 -> 64 -> 32 -> 1,mse,adam_276,50,256,1.4044,2911.1298828125,2875.878662109375,3016.462890625,0.5388080500870783,0.7
2026-09-04 13:51:16,multi_repeat_random_states.py,"(1021, 9)",781,sequential_277,Dense 64 -> 16 -> 32 -> 64 -> 64 -> 32 -> 1,mse,adam_277,50,256,2.2335,39981.44921875,4180.98779296875,3875.860107421875,0.45608882967424147,0.7
2026-09-04 13:51:17,multi_repeat_random_states.py,"(1021, 9)",865,sequential_277,Dense 64 -> 16 -> 32 -> 64 -> 64 -> 32 -> 1,mse,adam_277,50,256,2.2721,111259.53125,4839.53662109375,4830.3681640625,0.2766055580110921,0.7
2026-09-04 13:51:17,multi_repeat_random_states.py,"(1021, 9)",781,sequential_277,Dense 64 -> 16 -> 32 -> 64 -> 64 -> 32 -> 1,mse,adam_277,50,256,1.4086,3978.992431640625,3232.54736328125,3022.55810546875,0.5758352997223601,0.7
2026-09-04 13:51:18,multi_repeat_random_states.py,"(1021, 9)",949,sequential_277,Dense 64 -> 16 -> 32 -> 64 -> 64 -> 32 -> 1,mse,adam_277,50,256,2.36,51722.3984375,5175.04296875,4734.384765625,0.27117575380594916,0.7
2026-09-04 13:51:19,multi_repeat_random_states.py,"(1021, 9)",865,sequential_277,Dense 64 -> 16 -> 32 -> 64 -> 64 -> 32 -> 1,mse,adam_277,50,256,1.4479,4798.787109375,2948.071044921875,3136.203125,0.5303232560223332,0.7
2026-09-04 13:51:19,multi_repeat_random_states.py,"(1021, 9)",781,sequential_277,Dense 64 -> 16 -> 32 -> 64 -> 64 -> 32 -> 1,mse,adam_277,50,256,1.4351,3026.259765625,3056.011962890625,3285.47607421875,0.5389392679543511,0.7
2026-09-04 13:51:20,multi_repeat_random_states.py,"(1021, 9)",949,sequential_277,Dense 64 -> 16 -> 32 -> 64 -> 64 -> 32 -> 1,mse,adam_277,50,256,1.3993,5028.06689453125,3192.923095703125,3240.531494140625,0.501143690844946,0.7
2026-09-04 13:51:20,multi_repeat_random_states.py,"(1021, 9)",865,sequential_277,Dense 64 -> 16 -> 32 -> 64 -> 64 -> 32 -> 1,mse,adam_277,50,256,1.4193,2963.858154296875,2942.16845703125,3032.841064453125,0.5458026900424782,0.7
2026-09-04 13:51:21,multi_repeat_random_states.py,"(1021, 9)",949,sequential_277,Dense 64 -> 16 -> 32 -> 64 -> 64 -> 32 -> 1,mse,adam_277,50,256,1.4138,3531.70556640625,2805.783203125,2975.10107421875,0.5420047299588535,0.7
2026-09-04 13:51:21,multi_repeat_random_states.py,"(1021, 9)",782,sequential_278,Dense 64 -> 16 -> 32 -> 64 -> 64 -> 32 -> 1,mse,adam_278,50,256,2.2463,40348.3515625,4891.958984375,5500.18701171875,0.24651002989108461,0.7
2026-09-04 13:51:23,multi_repeat_random_states.py,"(1021, 9)",866,sequential_278,Dense 64 -> 16 -> 32 -> 64 -> 64 -> 32 -> 1,mse,adam_278,50,256,2.2594,118485.6953125,5474.8623046875,5850.64453125,0.1569535971852567,0.7
2026-09-04 13:51:23,multi_repeat_random_states.py,"(1021, 9)",782,sequential_278,Dense 64 -> 16 -> 32 -> 64 -> 64 -> 32 -> 1,mse,adam_278,50,256,1.4619,4884.740234375,3146.864501953125,3267.28662109375,0.5524029345001569,0.7
2026-09-04 13:51:24,multi_repeat_random_states.py,"(1021, 9)",950,sequential_278,Dense 64 -> 16 -> 32 -> 64 -> 64 -> 32 -> 1,mse,adam_278,50,256,2.3803,23576.65234375,3859.9853515625,4234.8544921875,0.3756970291831335,0.7
2026-09-04 13:51:24,multi_repeat_random_states.py,"(1021, 9)",866,sequential_278,Dense 64 -> 16 -> 32 -> 64 -> 64 -> 32 -> 1,mse,adam_278,50,256,1.4511,5435.33837890625,2927.0693359375,3094.415283203125,0.5541114599175405,0.7
2026-09-04 13:51:24,multi_repeat_random_states.py,"(1021, 9)",782,sequential_278,Dense 64 -> 16 -> 32 -> 64 -> 64 -> 32 -> 1,mse,adam_278,50,256,1.4172,2790.3486328125,2958.561767578125,3120.61328125,0.5724962418281407,0.7
2026-09-04 13:51:25,multi_repeat_random_states.py,"(1021, 9)",950,sequential_278,Dense 64 -> 16 -> 32 -> 64 -> 64 -> 32 -> 1,mse,adam_278,50,256,1.5718,4192.15380859375,2832.459716796875,2913.237548828125,0.5705300299551399,0.7
2026-09-04 13:51:26,multi_repeat_random_states.py,"(1021, 9)",866,sequential_278,Dense 64 -> 16 -> 32 -> 64 -> 64 -> 32 -> 1,mse,adam_278,50,256,1.3964,2936.010986328125,2975.82861328125,2951.802001953125,0.5746612363128396,0.7
2026-09-04 13:51:27,multi_repeat_random_states.py,"(1021, 9)",783,sequential_279,Dense 64 -> 16 -> 32 -> 64 -> 64 -> 32 -> 1,mse,adam_279,50,256,2.3197,40790.9296875,5081.2265625,5132.4775390625,0.2662378863360193,0.7
2026-09-04 13:51:27,multi_repeat_random_states.py,"(1021, 9)",950,sequential_278,Dense 64 -> 16 -> 32 -> 64 -> 64 -> 32 -> 1,mse,adam_278,50,256,1.386,2842.589599609375,3183.787353515625,2973.619384765625,0.5616285162741113,0.7
2026-09-04 13:51:28,multi_repeat_random_states.py,"(1021, 9)",867,sequential_279,Dense 64 -> 16 -> 32 -> 64 -> 64 -> 32 -> 1,mse,adam_279,50,256,2.2721,15441.4423828125,2806.739990234375,4352.53271484375,0.3655944350084256,0.7
2026-09-04 13:51:29,multi_repeat_random_states.py,"(1021, 9)",783,sequential_279,Dense 64 -> 16 -> 32 -> 64 -> 64 -> 32 -> 1,mse,adam_279,50,256,1.4277,4998.65625,3033.29638671875,3094.025146484375,0.5576642684662637,0.7
2026-09-04 13:51:30,multi_repeat_random_states.py,"(1021, 9)",951,sequential_279,Dense 64 -> 16 -> 32 -> 64 -> 64 -> 32 -> 1,mse,adam_279,50,256,2.2868,32360.037109375,3720.415771484375,3391.591796875,0.4664877901248027,0.7
2026-09-04 13:51:30,multi_repeat_random_states.py,"(1021, 9)",867,sequential_279,Dense 64 -> 16 -> 32 -> 64 -> 64 -> 32 -> 1,mse,adam_279,50,256,1.4673,3594.114990234375,3700.227294921875,4295.23388671875,0.37394608369811766,0.7
2026-09-04 13:51:30,multi_repeat_random_states.py,"(1021, 9)",783,sequential_279,Dense 64 -> 16 -> 32 -> 64 -> 64 -> 32 -> 1,mse,adam_279,50,256,1.4195,3129.83935546875,2794.046142578125,2957.642333984375,0.5771621695088556,0.7
2026-09-04 13:51:31,multi_repeat_random_states.py,"(1021, 9)",951,sequential_279,Dense 64 -> 16 -> 32 -> 64 -> 64 -> 32 -> 1,mse,adam_279,50,256,1.4206,3660.828369140625,3689.13720703125,3131.596435546875,0.5073862341285966,0.7
2026-09-04 13:51:31,multi_repeat_random_states.py,"(1021, 9)",867,sequential_279,Dense 64 -> 16 -> 32 -> 64 -> 64 -> 32 -> 1,mse,adam_279,50,256,1.4016,2960.69921875,2741.869384765625,3276.7734375,0.5223922263709598,0.7
2026-09-04 13:51:33,multi_repeat_random_states.py,"(1021, 9)",951,sequential_279,Dense 64 -> 16 -> 32 -> 64 -> 64 -> 32 -> 1,mse,adam_279,50,256,1.4555,3653.4931640625,2929.5302734375,2637.802001953125,0.5850622518191042,0.7
2026-09-04 13:51:33,multi_repeat_random_states.py,"(1021, 9)",784,sequential_280,Dense 64 -> 16 -> 32 -> 64 -> 64 -> 32 -> 1,mse,adam_280,50,256,2.4097,18539.427734375,3049.22412109375,2778.0390625,0.5537668733913281,0.7
2026-09-04 13:51:34,multi_repeat_random_states.py,"(1021, 9)",868,sequential_280,Dense 64 -> 16 -> 32 -> 64 -> 64 -> 32 -> 1,mse,adam_280,50,256,2.2792,19539.2109375,3254.80908203125,2583.7568359375,0.5946375227714842,0.7
2026-09-04 13:51:34,multi_repeat_random_states.py,"(1021, 9)",784,sequential_280,Dense 64 -> 16 -> 32 -> 64 -> 64 -> 32 -> 1,mse,adam_280,50,256,1.4445,3042.182373046875,3156.398193359375,2791.41259765625,0.5516187009493281,0.7
2026-09-04 13:51:35,multi_repeat_random_states.py,"(1021, 9)",952,sequential_280,Dense 64 -> 16 -> 32 -> 64 -> 64 -> 32 -> 1,mse,adam_280,50,256,2.2546,61325.4921875,4395.55419921875,4989.23583984375,0.3006676591223485,0.7
2026-09-04 13:51:36,multi_repeat_random_states.py,"(1021, 9)",868,sequential_280,Dense 64 -> 16 -> 32 -> 64 -> 64 -> 32 -> 1,mse,adam_280,50,256,1.497,3502.9765625,2997.245361328125,2556.08935546875,0.598978296871961,0.7
2026-09-04 13:51:36,multi_repeat_random_states.py,"(1021, 9)",784,sequential_280,Dense 64 -> 16 -> 32 -> 64 -> 64 -> 32 -> 1,mse,adam_280,50,256,1.4113,3128.742919921875,2989.86328125,2735.734619140625,0.5605621795523885,0.7
2026-09-04 13:51:37,multi_repeat_random_states.py,"(1021, 9)",952,sequential_280,Dense 64 -> 16 -> 32 -> 64 -> 64 -> 32 -> 1,mse,adam_280,50,256,1.4286,4383.1630859375,3972.364990234375,4394.9990234375,0.3839607481872327,0.7
2026-09-04 13:51:37,multi_repeat_random_states.py,"(1021, 9)",868,sequential_280,Dense 64 -> 16 -> 32 -> 64 -> 64 -> 32 -> 1,mse,adam_280,50,256,1.4041,2968.966064453125,3047.81884765625,2800.045654296875,0.5607042782322689,0.7
2026-09-04 13:51:38,multi_repeat_random_states.py,"(1021, 9)",952,sequential_280,Dense 64 -> 16 -> 32 -> 64 -> 64 -> 32 -> 1,mse,adam_280,50,256,1.4287,3796.082275390625,2711.809814453125,3275.052734375,0.5409416942291548,0.7
2026-09-04 13:51:38,multi_repeat_random_states.py,"(1021, 9)",785,sequential_281,Dense 64 -> 16 -> 32 -> 64 -> 64 -> 32 -> 1,mse,adam_281,50,256,2.2794,361869.78125,5940.59765625,6551.529296875,0.0737503974657917,0.7
2026-09-04 13:51:40,multi_repeat_random_states.py,"(1021, 9)",869,sequential_281,Dense 64 -> 16 -> 32 -> 64 -> 64 -> 32 -> 1,mse,adam_281,50,256,2.257,170631.734375,6201.03125,6118.90234375,-0.02111293195774344,0.7
2026-09-04 13:51:40,multi_repeat_random_states.py,"(1021, 9)",785,sequential_281,Dense 64 -> 16 -> 32 -> 64 -> 64 -> 32 -> 1,mse,adam_281,50,256,1.4627,5915.005859375,4263.16162109375,4751.67919921875,0.32821165940088326,0.7
2026-09-04 13:51:41,multi_repeat_random_states.py,"(1021, 9)",953,sequential_281,Dense 64 -> 16 -> 32 -> 64 -> 64 -> 32 -> 1,mse,adam_281,50,256,2.2614,113199.7734375,5580.87841796875,6400.23046875,0.162654570446358,0.7
2026-09-04 13:51:41,multi_repeat_random_states.py,"(1021, 9)",869,sequential_281,Dense 64 -> 16 -> 32 -> 64 -> 64 -> 32 -> 1,mse,adam_281,50,256,1.4138,6177.22900390625,3499.315673828125,2951.836181640625,0.5074022438502721,0.7
2026-09-04 13:51:41,multi_repeat_random_states.py,"(1021, 9)",785,sequential_281,Dense 64 -> 16 -> 32 -> 64 -> 64 -> 32 -> 1,mse,adam_281,50,256,1.4211,4220.20751953125,2860.880859375,3365.732421875,0.5241556891281482,0.7
2026-09-04 13:51:42,multi_repeat_random_states.py,"(1021, 9)",953,sequential_281,Dense 64 -> 16 -> 32 -> 64 -> 64 -> 32 -> 1,mse,adam_281,50,256,1.3946,5532.5009765625,2758.76318359375,3472.82275390625,0.5456488131713624,0.7
2026-09-04 13:51:43,multi_repeat_random_states.py,"(1021, 9)",869,sequential_281,Dense 64 -> 16 -> 32 -> 64 -> 64 -> 32 -> 1,mse,adam_281,50,256,1.3977,3379.38037109375,3014.200439453125,2632.769287109375,0.5606475669829253,0.7
2026-09-04 13:51:44,multi_repeat_random_states.py,"(1021, 9)",953,sequential_281,Dense 64 -> 16 -> 32 -> 64 -> 64 -> 32 -> 1,mse,adam_281,50,256,1.4044,2807.9853515625,2732.55029296875,3293.59765625,0.5690969424317704,0.7
2026-09-04 13:51:44,multi_repeat_random_states.py,"(1021, 9)",786,sequential_282,Dense 64 -> 16 -> 32 -> 64 -> 64 -> 32 -> 1,mse,adam_282,50,256,2.2664,29748.693359375,3512.16357421875,3873.7431640625,0.48522001694310934,0.7
2026-09-04 13:51:45,multi_repeat_random_states.py,"(1021, 9)",870,sequential_282,Dense 64 -> 16 -> 32 -> 64 -> 64 -> 32 -> 1,mse,adam_282,50,256,2.2768,65249.73828125,4634.1103515625,4405.255859375,0.32842838417482567,0.7
2026-09-04 13:51:45,multi_repeat_random_states.py,"(1021, 9)",786,sequential_282,Dense 64 -> 16 -> 32 -> 64 -> 64 -> 32 -> 1,mse,adam_282,50,256,1.4252,3347.089599609375,2818.373046875,3366.7587890625,0.5525929467861761,0.7
2026-09-04 13:51:46,multi_repeat_random_states.py,"(1021, 9)",954,sequential_282,Dense 64 -> 16 -> 32 -> 64 -> 64 -> 32 -> 1,mse,adam_282,50,256,2.2853,94097.09375,5620.9794921875,5615.3671875,0.1816803795822889,0.7
2026-09-04 13:51:47,multi_repeat_random_states.py,"(1021, 9)",870,sequential_282,Dense 64 -> 16 -> 32 -> 64 -> 64 -> 32 -> 1,mse,adam_282,50,256,1.414,4483.5087890625,2949.5,3176.716552734375,0.5157164989397655,0.7
2026-09-04 13:51:47,multi_repeat_random_states.py,"(1021, 9)",786,sequential_282,Dense 64 -> 16 -> 32 -> 64 -> 64 -> 32 -> 1,mse,adam_282,50,256,1.3983,2951.103271484375,2779.1123046875,3237.64501953125,0.5697508459236839,0.7
2026-09-04 13:51:48,multi_repeat_random_states.py,"(1021, 9)",954,sequential_282,Dense 64 -> 16 -> 32 -> 64 -> 64 -> 32 -> 1,mse,adam_282,50,256,1.4103,5599.81787109375,3177.126953125,2729.730712890625,0.6022001794548707,0.7
2026-09-04 13:51:48,multi_repeat_random_states.py,"(1021, 9)",870,sequential_282,Dense 64 -> 16 -> 32 -> 64 -> 64 -> 32 -> 1,mse,adam_282,50,256,1.4263,2985.73095703125,2946.63720703125,3407.6533203125,0.48051068390724383,0.7
2026-09-04 13:51:49,multi_repeat_random_states.py,"(1021, 9)",954,sequential_282,Dense 64 -> 16 -> 32 -> 64 -> 64 -> 32 -> 1,mse,adam_282,50,256,1.4067,3196.376220703125,3190.248779296875,2598.0615234375,0.6213880949739435,0.7
2026-09-04 13:51:49,multi_repeat_random_states.py,"(1021, 9)",787,sequential_283,Dense 64 -> 16 -> 32 -> 64 -> 64 -> 32 -> 1,mse,adam_283,50,256,2.2784,65778.65625,5340.59228515625,4929.97265625,0.2309894486708155,0.7
2026-09-04 13:51:51,multi_repeat_random_states.py,"(1021, 9)",871,sequential_283,Dense 64 -> 16 -> 32 -> 64 -> 64 -> 32 -> 1,mse,adam_283,50,256,2.2523,73042.3828125,5565.57421875,5469.77783203125,0.19735931301242615,0.7
2026-09-04 13:51:51,multi_repeat_random_states.py,"(1021, 9)",787,sequential_283,Dense 64 -> 16 -> 32 -> 64 -> 64 -> 32 -> 1,mse,adam_283,50,256,1.401,5379.8447265625,2876.04296875,2999.072509765625,0.532184316271892,0.7
2026-09-04 13:51:52,multi_repeat_random_states.py,"(1021, 9)",955,sequential_283,Dense 64 -> 16 -> 32 -> 64 -> 64 -> 32 -> 1,mse,adam_283,50,256,2.3061,33004.22265625,3721.587158203125,2766.53759765625,0.5570726340379182,0.7
2026-09-04 13:51:52,multi_repeat_random_states.py,"(1021, 9)",871,sequential_283,Dense 64 -> 16 -> 32 -> 64 -> 64 -> 32 -> 1,mse,adam_283,50,256,1.479,5495.95361328125,3087.602294921875,3553.4892578125,0.4785575299285838,0.7
2026-09-04 13:51:52,multi_repeat_random_states.py,"(1021, 9)",787,sequential_283,Dense 64 -> 16 -> 32 -> 64 -> 64 -> 32 -> 1,mse,adam_283,50,256,1.4269,2980.673828125,2982.59423828125,2822.59130859375,0.5597130229518992,0.7
2026-09-04 13:51:53,multi_repeat_random_states.py,"(1021, 9)",955,sequential_283,Dense 64 -> 16 -> 32 -> 64 -> 64 -> 32 -> 1,mse,adam_283,50,256,1.413,3334.51708984375,3313.9189453125,2726.80712890625,0.5634336021195869,0.7
2026-09-04 13:51:54,multi_repeat_random_states.py,"(1021, 9)",871,sequential_283,Dense 64 -> 16 -> 32 -> 64 -> 64 -> 32 -> 1,mse,adam_283,50,256,1.4171,3239.60009765625,2918.03271484375,2862.214599609375,0.5799958296735181,0.7
2026-09-04 13:51:55,multi_repeat_random_states.py,"(1021, 9)",955,sequential_283,Dense 64 -> 16 -> 32 -> 64 -> 64 -> 32 -> 1,mse,adam_283,50,256,1.3901,3113.120361328125,2941.677978515625,2710.846923828125,0.5659888345778556,0.7
2026-09-04 13:51:55,multi_repeat_random_states.py,"(1021, 9)",788,sequential_284,Dense 64 -> 16 -> 32 -> 64 -> 64 -> 32 -> 1,mse,adam_284,50,256,2.2735,28087.373046875,3078.9189453125,3151.3388671875,0.4687845006668834,0.7
2026-09-04 13:51:56,multi_repeat_random_states.py,"(1021, 9)",872,sequential_284,Dense 64 -> 16 -> 32 -> 64 -> 64 -> 32 -> 1,mse,adam_284,50,256,2.2455,38657.73046875,4439.6904296875,3433.565185546875,0.41580939313744447,0.7
2026-09-04 13:51:57,multi_repeat_random_states.py,"(1021, 9)",788,sequential_284,Dense 64 -> 16 -> 32 -> 64 -> 64 -> 32 -> 1,mse,adam_284,50,256,1.3998,3254.005615234375,3049.521728515625,2787.758056640625,0.530072712523349,0.7
2026-09-04 13:51:57,multi_repeat_random_states.py,"(1021, 9)",956,sequential_284,Dense 64 -> 16 -> 32 -> 64 -> 64 -> 32 -> 1,mse,adam_284,50,256,2.2797,190815.875,5714.7744140625,5642.85107421875,0.13320740953010113,0.7
2026-09-04 13:51:58,multi_repeat_random_states.py,"(1021, 9)",872,sequential_284,Dense 64 -> 16 -> 32 -> 64 -> 64 -> 32 -> 1,mse,adam_284,50,256,1.5575,3885.237548828125,3127.717041015625,3010.305908203125,0.48782310360100223,0.7
2026-09-04 13:51:58,multi_repeat_random_states.py,"(1021, 9)",788,sequential_284,Dense 64 -> 16 -> 32 -> 64 -> 64 -> 32 -> 1,mse,adam_284,50,256,1.4548,2894.328125,2876.609619140625,3305.25,0.4428399561622952,0.7
2026-09-04 13:51:59,multi_repeat_random_states.py,"(1021, 9)",956,sequential_284,Dense 64 -> 16 -> 32 -> 64 -> 64 -> 32 -> 1,mse,adam_284,50,256,1.4471,5656.31689453125,3586.382568359375,3591.021240234375,0.4483868690925198,0.7
2026-09-04 13:52:00,multi_repeat_random_states.py,"(1021, 9)",872,sequential_284,Dense 64 -> 16 -> 32 -> 64 -> 64 -> 32 -> 1,mse,adam_284,50,256,1.4356,3313.12939453125,3361.1611328125,3034.887939453125,0.48364072571219563,0.7
2026-09-04 13:52:01,multi_repeat_random_states.py,"(1021, 9)",789,sequential_285,Dense 64 -> 16 -> 32 -> 64 -> 64 -> 32 -> 1,mse,adam_285,50,256,2.2432,48376.9609375,3972.68798828125,3889.790283203125,0.4116576650307653,0.7
2026-09-04 13:52:01,multi_repeat_random_states.py,"(1021, 9)",956,sequential_284,Dense 64 -> 16 -> 32 -> 64 -> 64 -> 32 -> 1,mse,adam_284,50,256,1.5726,3512.708984375,2874.907470703125,3064.841064453125,0.5292128686653567,0.7
2026-09-04 13:52:02,multi_repeat_random_states.py,"(1021, 9)",789,sequential_285,Dense 64 -> 16 -> 32 -> 64 -> 64 -> 32 -> 1,mse,adam_285,50,256,1.455,4048.4765625,3293.135009765625,3226.714111328125,0.511949859706657,0.7
2026-09-04 13:52:02,multi_repeat_random_states.py,"(1021, 9)",873,sequential_285,Dense 64 -> 16 -> 32 -> 64 -> 64 -> 32 -> 1,mse,adam_285,50,256,2.3127,185010.890625,5748.76806640625,6385.9873046875,0.10634966928038103,0.7
2026-09-04 13:52:03,multi_repeat_random_states.py,"(1021, 9)",957,sequential_285,Dense 64 -> 16 -> 32 -> 64 -> 64 -> 32 -> 1,mse,adam_285,50,256,2.2692,30714.013671875,4027.718505859375,4998.80615234375,0.3516824002455987,0.7
2026-09-04 13:52:04,multi_repeat_random_states.py,"(1021, 9)",789,sequential_285,Dense 64 -> 16 -> 32 -> 64 -> 64 -> 32 -> 1,mse,adam_285,50,256,1.4683,3132.09130859375,2852.671630859375,2906.837890625,0.5603320623015189,0.7
2026-09-04 13:52:04,multi_repeat_random_states.py,"(1021, 9)",873,sequential_285,Dense 64 -> 16 -> 32 -> 64 -> 64 -> 32 -> 1,mse,adam_285,50,256,1.5143,5731.232421875,3195.709716796875,3727.386962890625,0.4783922792808931,0.7
2026-09-04 13:52:05,multi_repeat_random_states.py,"(1021, 9)",957,sequential_285,Dense 64 -> 16 -> 32 -> 64 -> 64 -> 32 -> 1,mse,adam_285,50,256,1.383,3972.291259765625,3110.664306640625,4178.0810546875,0.4581259296447717,0.7
2026-09-04 13:52:05,multi_repeat_random_states.py,"(1021, 9)",873,sequential_285,Dense 64 -> 16 -> 32 -> 64 -> 64 -> 32 -> 1,mse,adam_285,50,256,1.391,3145.1435546875,2798.01953125,3434.119384765625,0.5194318750539979,0.7
2026-09-04 13:52:06,multi_repeat_random_states.py,"(1021, 9)",790,sequential_286,Dense 64 -> 16 -> 32 -> 64 -> 64 -> 32 -> 1,mse,adam_286,50,256,2.2435,45849.78515625,4916.31396484375,4669.12890625,0.3025935090850155,0.7
2026-09-04 13:52:06,multi_repeat_random_states.py,"(1021, 9)",957,sequential_285,Dense 64 -> 16 -> 32 -> 64 -> 64 -> 32 -> 1,mse,adam_285,50,256,1.4334,3134.921630859375,2712.062744140625,3252.612548828125,0.5781541303977645,0.7
2026-09-04 13:52:08,multi_repeat_random_states.py,"(1021, 9)",790,sequential_286,Dense 64 -> 16 -> 32 -> 64 -> 64 -> 32 -> 1,mse,adam_286,50,256,1.3926,4617.15771484375,3584.384033203125,2573.43408203125,0.6156178924453646,0.7
2026-09-04 13:52:08,multi_repeat_random_states.py,"(1021, 9)",874,sequential_286,Dense 64 -> 16 -> 32 -> 64 -> 64 -> 32 -> 1,mse,adam_286,50,256,2.3883,33333.8125,4504.45947265625,3582.440673828125,0.43497000984672907,0.7
2026-09-04 13:52:09,multi_repeat_random_states.py,"(1021, 9)",958,sequential_286,Dense 64 -> 16 -> 32 -> 64 -> 64 -> 32 -> 1,mse,adam_286,50,256,2.2932,38993.78125,3626.750732421875,3241.037353515625,0.5036233891168935,0.7
2026-09-04 13:52:09,multi_repeat_random_states.py,"(1021, 9)",790,sequential_286,Dense 64 -> 16 -> 32 -> 64 -> 64 -> 32 -> 1,mse,adam_286,50,256,1.3987,3082.31298828125,3285.525390625,2768.4814453125,0.5864846133425714,0.7
2026-09-04 13:52:09,multi_repeat_random_states.py,"(1021, 9)",874,sequential_286,Dense 64 -> 16 -> 32 -> 64 -> 64 -> 32 -> 1,mse,adam_286,50,256,1.4747,4163.6337890625,3099.86181640625,2474.071533203125,0.6097842550389788,0.7
2026-09-04 13:52:10,multi_repeat_random_states.py,"(1021, 9)",958,sequential_286,Dense 64 -> 16 -> 32 -> 64 -> 64 -> 32 -> 1,mse,adam_286,50,256,1.4348,3491.787353515625,2961.62841796875,2869.63916015625,0.5605042816020942,0.7
2026-09-04 13:52:11,multi_repeat_random_states.py,"(1021, 9)",874,sequential_286,Dense 64 -> 16 -> 32 -> 64 -> 64 -> 32 -> 1,mse,adam_286,50,256,1.389,3087.704345703125,3734.572998046875,2473.430908203125,0.609885322562852,0.7
2026-09-04 13:52:12,multi_repeat_random_states.py,"(1021, 9)",791,sequential_287,Dense 64 -> 16 -> 32 -> 64 -> 64 -> 32 -> 1,mse,adam_287,50,256,2.2437,47656.16015625,3837.464111328125,3473.013916015625,0.48193303912661767,0.7
2026-09-04 13:52:12,multi_repeat_random_states.py,"(1021, 9)",958,sequential_286,Dense 64 -> 16 -> 32 -> 64 -> 64 -> 32 -> 1,mse,adam_286,50,256,1.3993,3107.773681640625,3114.390869140625,3275.619384765625,0.49832700382455763,0.7
2026-09-04 13:52:13,multi_repeat_random_states.py,"(1021, 9)",791,sequential_287,Dense 64 -> 16 -> 32 -> 64 -> 64 -> 32 -> 1,mse,adam_287,50,256,1.4184,3571.32470703125,3305.937255859375,3228.28076171875,0.5184396876511826,0.7
2026-09-04 13:52:14,multi_repeat_random_states.py,"(1021, 9)",875,sequential_287,Dense 64 -> 16 -> 32 -> 64 -> 64 -> 32 -> 1,mse,adam_287,50,256,2.2868,82640.6875,5229.16064453125,5263.07177734375,0.20211880172665597,0.7
2026-09-04 13:52:14,multi_repeat_random_states.py,"(1021, 9)",959,sequential_287,Dense 64 -> 16 -> 32 -> 64 -> 64 -> 32 -> 1,mse,adam_287,50,256,2.2715,28635.255859375,3613.0322265625,2990.248779296875,0.5733867131153385,0.7
2026-09-04 13:52:15,multi_repeat_random_states.py,"(1021, 9)",791,sequential_287,Dense 64 -> 16 -> 32 -> 64 -> 64 -> 32 -> 1,mse,adam_287,50,256,1.4239,3260.752197265625,2982.759521484375,2809.132080078125,0.5809638081534378,0.7
2026-09-04 13:52:15,multi_repeat_random_states.py,"(1021, 9)",875,sequential_287,Dense 64 -> 16 -> 32 -> 64 -> 64 -> 32 -> 1,mse,adam_287,50,256,1.4718,5176.92822265625,2951.405517578125,3130.543212890625,0.5254099141266169,0.7
2026-09-04 13:52:16,multi_repeat_random_states.py,"(1021, 9)",959,sequential_287,Dense 64 -> 16 -> 32 -> 64 -> 64 -> 32 -> 1,mse,adam_287,50,256,1.3835,3370.86865234375,3143.280517578125,3013.30419921875,0.5700974914526806,0.7
2026-09-04 13:52:17,multi_repeat_random_states.py,"(1021, 9)",875,sequential_287,Dense 64 -> 16 -> 32 -> 64 -> 64 -> 32 -> 1,mse,adam_287,50,256,1.4018,2885.931396484375,2823.244140625,3008.9208984375,0.5438478576545953,0.7
2026-09-04 13:52:17,multi_repeat_random_states.py,"(1021, 9)",792,sequential_288,Dense 64 -> 16 -> 32 -> 64 -> 64 -> 32 -> 1,mse,adam_288,50,256,2.2786,216315.484375,5710.82861328125,6524.40576171875,0.09840526266823868,0.7
2026-09-04 13:52:17,multi_repeat_random_states.py,"(1021, 9)",959,sequential_287,Dense 64 -> 16 -> 32 -> 64 -> 64 -> 32 -> 1,mse,adam_287,50,256,1.4141,3212.02685546875,3101.8408203125,2796.82958984375,0.6009815309103805,0.7
2026-09-04 13:52:19,multi_repeat_random_states.py,"(1021, 9)",792,sequential_288,Dense 64 -> 16 -> 32 -> 64 -> 64 -> 32 -> 1,mse,adam_288,50,256,1.4138,5673.5478515625,3182.1201171875,3589.98291015625,0.5039073300852731,0.7
2026-09-04 13:52:19,multi_repeat_random_states.py,"(1021, 9)",876,sequential_288,Dense 64 -> 16 -> 32 -> 64 -> 64 -> 32 -> 1,mse,adam_288,50,256,2.2549,18126.5859375,3557.35498046875,3452.878662109375,0.5165689156533713,0.7
2026-09-04 13:52:21,multi_repeat_random_states.py,"(1021, 9)",960,sequential_288,Dense 64 -> 16 -> 32 -> 64 -> 64 -> 32 -> 1,mse,adam_288,50,256,2.3873,44916.7734375,4877.12744140625,4059.94140625,0.33417172378352056,0.7
2026-09-04 13:52:22,multi_repeat_random_states.py,"(1021, 9)",792,sequential_288,Dense 64 -> 16 -> 32 -> 64 -> 64 -> 32 -> 1,mse,adam_288,50,256,3.2224,3113.1767578125,2946.703369140625,3207.708984375,0.5567330530095842,0.7
2026-09-04 13:52:24,multi_repeat_random_states.py,"(1021, 9)",876,sequential_288,Dense 64 -> 16 -> 32 -> 64 -> 64 -> 32 -> 1,mse,adam_288,50,256,4.7526,3733.577392578125,2961.014892578125,3354.468505859375,0.5303470856387043,0.7
2026-09-04 13:52:28,multi_repeat_random_states.py,"(1021, 9)",960,sequential_288,Dense 64 -> 16 -> 32 -> 64 -> 64 -> 32 -> 1,mse,adam_288,50,256,6.5781,4710.72119140625,3144.881591796875,2689.640625,0.5589003464663307,0.7
2026-09-04 13:52:29,multi_repeat_random_states.py,"(1021, 9)",876,sequential_288,Dense 64 -> 16 -> 32 -> 64 -> 64 -> 32 -> 1,mse,adam_288,50,256,4.0556,3226.545654296875,2968.32421875,3432.529296875,0.5194179486062002,0.7
2026-09-04 13:52:29,multi_repeat_random_states.py,"(1021, 9)",793,sequential_289,Dense 64 -> 16 -> 32 -> 64 -> 64 -> 32 -> 1,mse,adam_289,50,256,6.2736,74980.6875,5877.49072265625,5213.0107421875,0.15519518394832943,0.7
2026-09-04 13:52:29,multi_repeat_random_states.py,"(1021, 9)",960,sequential_288,Dense 64 -> 16 -> 32 -> 64 -> 64 -> 32 -> 1,mse,adam_288,50,256,1.4917,3125.4765625,2949.613037109375,2678.79248046875,0.5606794359375916,0.7
2026-09-04 13:52:31,multi_repeat_random_states.py,"(1021, 9)",793,sequential_289,Dense 64 -> 16 -> 32 -> 64 -> 64 -> 32 -> 1,mse,adam_289,50,256,1.416,5906.55712890625,3068.236328125,3040.550537109375,0.5072575047477116,0.7
2026-09-04 13:52:31,multi_repeat_random_states.py,"(1021, 9)",877,sequential_289,Dense 64 -> 16 -> 32 -> 64 -> 64 -> 32 -> 1,mse,adam_289,50,256,2.2809,73743.3359375,5085.52783203125,5123.8837890625,0.27815123405581477,0.7
2026-09-04 13:52:32,multi_repeat_random_states.py,"(1021, 9)",961,sequential_289,Dense 64 -> 16 -> 32 -> 64 -> 64 -> 32 -> 1,mse,adam_289,50,256,2.3181,68288.8671875,5074.2197265625,5351.94970703125,0.2303968022621049,0.7
2026-09-04 13:52:32,multi_repeat_random_states.py,"(1021, 9)",793,sequential_289,Dense 64 -> 16 -> 32 -> 64 -> 64 -> 32 -> 1,mse,adam_289,50,256,1.4115,3019.575927734375,2953.295166015625,3013.014892578125,0.5117198895424233,0.7
2026-09-04 13:52:33,multi_repeat_random_states.py,"(1021, 9)",877,sequential_289,Dense 64 -> 16 -> 32 -> 64 -> 64 -> 32 -> 1,mse,adam_289,50,256,1.4858,4974.8857421875,2952.178955078125,2939.126220703125,0.5859381507133133,0.7
2026-09-04 13:52:33,multi_repeat_random_states.py,"(1021, 9)",961,sequential_289,Dense 64 -> 16 -> 32 -> 64 -> 64 -> 32 -> 1,mse,adam_289,50,256,1.4832,5007.83203125,2973.239990234375,3419.78759765625,0.5082390917918816,0.7
2026-09-04 13:52:34,multi_repeat_random_states.py,"(1021, 9)",877,sequential_289,Dense 64 -> 16 -> 32 -> 64 -> 64 -> 32 -> 1,mse,adam_289,50,256,1.5023,3021.151611328125,2891.3896484375,3080.376220703125,0.5660390174064132,0.7
2026-09-04 13:52:35,multi_repeat_random_states.py,"(1021, 9)",794,sequential_290,Dense 64 -> 16 -> 32 -> 64 -> 64 -> 32 -> 1,mse,adam_290,50,256,2.2841,32137.478515625,3220.443603515625,3158.158447265625,0.5421648172735354,0.7
2026-09-04 13:52:35,multi_repeat_random_states.py,"(1021, 9)",961,sequential_289,Dense 64 -> 16 -> 32 -> 64 -> 64 -> 32 -> 1,mse,adam_289,50,256,1.3896,3038.103271484375,2768.895751953125,3028.6357421875,0.5644862757760395,0.7
2026-09-04 13:52:36,multi_repeat_random_states.py,"(1021, 9)",794,sequential_290,Dense 64 -> 16 -> 32 -> 64 -> 64 -> 32 -> 1,mse,adam_290,50,256,1.4064,3175.407470703125,3026.16796875,2828.427734375,0.5899656132525064,0.7
2026-09-04 13:52:37,multi_repeat_random_states.py,"(1021, 9)",878,sequential_290,Dense 64 -> 16 -> 32 -> 64 -> 64 -> 32 -> 1,mse,adam_290,50,256,2.2302,117310.109375,5231.6083984375,4958.04150390625,0.24829297010349816,0.7
2026-09-04 13:52:37,multi_repeat_random_states.py,"(1021, 9)",962,sequential_290,Dense 64 -> 16 -> 32 -> 64 -> 64 -> 32 -> 1,mse,adam_290,50,256,2.3063,78250.8828125,5448.60009765625,4436.171875,0.25290255363595493,0.7
2026-09-04 13:52:38,multi_repeat_random_states.py,"(1021, 9)",794,sequential_290,Dense 64 -> 16 -> 32 -> 64 -> 64 -> 32 -> 1,mse,adam_290,50,256,1.4144,2925.80078125,3102.5615234375,2799.114990234375,0.594215033072827,0.7
2026-09-04 13:52:38,multi_repeat_random_states.py,"(1021, 9)",878,sequential_290,Dense 64 -> 16 -> 32 -> 64 -> 64 -> 32 -> 1,mse,adam_290,50,256,1.4995,5160.31396484375,3051.427490234375,3230.669921875,0.5101861343805816,0.7
2026-09-04 13:52:39,multi_repeat_random_states.py,"(1021, 9)",962,sequential_290,Dense 64 -> 16 -> 32 -> 64 -> 64 -> 32 -> 1,mse,adam_290,50,256,1.4087,5335.00634765625,3050.2392578125,3001.732666015625,0.49447712730355253,0.7
2026-09-04 13:52:40,multi_repeat_random_states.py,"(1021, 9)",878,sequential_290,Dense 64 -> 16 -> 32 -> 64 -> 64 -> 32 -> 1,mse,adam_290,50,256,1.4165,3048.577880859375,2900.994873046875,2867.669189453125,0.5652219999906247,0.7
2026-09-04 13:52:40,multi_repeat_random_states.py,"(1021, 9)",795,sequential_291,Dense 64 -> 16 -> 32 -> 64 -> 64 -> 32 -> 1,mse,adam_291,50,256,2.2575,367363.59375,6403.40234375,6090.45947265625,0.05554055305551364,0.7
2026-09-04 13:52:40,multi_repeat_random_states.py,"(1021, 9)",962,sequential_290,Dense 64 -> 16 -> 32 -> 64 -> 64 -> 32 -> 1,mse,adam_290,50,256,1.3957,3236.759033203125,2960.288330078125,2564.133544921875,0.568173325477966,0.7
2026-09-04 13:52:42,multi_repeat_random_states.py,"(1021, 9)",795,sequential_291,Dense 64 -> 16 -> 32 -> 64 -> 64 -> 32 -> 1,mse,adam_291,50,256,1.389,6392.40771484375,5263.89990234375,5082.966796875,0.21177451842536454,0.7
2026-09-04 13:52:42,multi_repeat_random_states.py,"(1021, 9)",879,sequential_291,Dense 64 -> 16 -> 32 -> 64 -> 64 -> 32 -> 1,mse,adam_291,50,256,2.2274,61101.0,5283.81005859375,5409.62060546875,0.24130377829243577,0.7
2026-09-04 13:52:43,multi_repeat_random_states.py,"(1021, 9)",963,sequential_291,Dense 64 -> 16 -> 32 -> 64 -> 64 -> 32 -> 1,mse,adam_291,50,256,2.2716,22321.05859375,3629.62255859375,5386.95361328125,0.2700760512457878,0.7
2026-09-04 13:52:43,multi_repeat_random_states.py,"(1021, 9)",795,sequential_291,Dense 64 -> 16 -> 32 -> 64 -> 64 -> 32 -> 1,mse,adam_291,50,256,1.4797,5243.50439453125,3071.03857421875,3343.202392578125,0.48156312577781646,0.7
2026-09-04 13:52:44,multi_repeat_random_states.py,"(1021, 9)",879,sequential_291,Dense 64 -> 16 -> 32 -> 64 -> 64 -> 32 -> 1,mse,adam_291,50,256,1.4737,5245.939453125,2912.044677734375,2838.3330078125,0.6019253271951233,0.7
2026-09-04 13:52:45,multi_repeat_random_states.py,"(1021, 9)",963,sequential_291,Dense 64 -> 16 -> 32 -> 64 -> 64 -> 32 -> 1,mse,adam_291,50,256,1.4953,4265.17041015625,2747.33837890625,3619.40087890625,0.5095767890158376,0.7
2026-09-04 13:52:45,multi_repeat_random_states.py,"(1021, 9)",879,sequential_291,Dense 64 -> 16 -> 32 -> 64 -> 64 -> 32 -> 1,mse,adam_291,50,256,1.41,2946.385986328125,2855.669189453125,2762.4716796875,0.6125648635440206,0.7
2026-09-04 13:52:46,multi_repeat_random_states.py,"(1021, 9)",796,sequential_292,Dense 64 -> 16 -> 32 -> 64 -> 64 -> 32 -> 1,mse,adam_292,50,256,2.2581,21089.6015625,3420.166748046875,3414.821044921875,0.49524551070241885,0.7
2026-09-04 13:52:46,multi_repeat_random_states.py,"(1021, 9)",963,sequential_291,Dense 64 -> 16 -> 32 -> 64 -> 64 -> 32 -> 1,mse,adam_291,50,256,1.3882,2929.6083984375,2771.798095703125,3445.88330078125,0.5330881078439207,0.7
2026-09-04 13:52:47,multi_repeat_random_states.py,"(1021, 9)",796,sequential_292,Dense 64 -> 16 -> 32 -> 64 -> 64 -> 32 -> 1,mse,adam_292,50,256,1.3878,3114.283203125,2906.576171875,2861.712646484375,0.577001986644849,0.7
2026-09-04 13:52:48,multi_repeat_random_states.py,"(1021, 9)",880,sequential_292,Dense 64 -> 16 -> 32 -> 64 -> 64 -> 32 -> 1,mse,adam_292,50,256,2.233,39306.7265625,4678.54736328125,4423.62255859375,0.36979866978448706,0.7
2026-09-04 13:52:49,multi_repeat_random_states.py,"(1021, 9)",964,sequential_292,Dense 64 -> 16 -> 32 -> 64 -> 64 -> 32 -> 1,mse,adam_292,50,256,2.2606,97546.796875,5497.53857421875,5395.97607421875,0.21356240027196438,0.7
2026-09-04 13:52:49,multi_repeat_random_states.py,"(1021, 9)",796,sequential_292,Dense 64 -> 16 -> 32 -> 64 -> 64 -> 32 -> 1,mse,adam_292,50,256,1.4228,2944.219482421875,2832.36962890625,2832.5205078125,0.581316928146827,0.7
2026-09-04 13:52:49,multi_repeat_random_states.py,"(1021, 9)",880,sequential_292,Dense 64 -> 16 -> 32 -> 64 -> 64 -> 32 -> 1,mse,adam_292,50,256,1.421,4526.65185546875,2950.24169921875,2940.456298828125,0.581094561436218,0.7
2026-09-04 13:52:50,multi_repeat_random_states.py,"(1021, 9)",964,sequential_292,Dense 64 -> 16 -> 32 -> 64 -> 64 -> 32 -> 1,mse,adam_292,50,256,1.4452,5420.4912109375,2942.7080078125,2933.5830078125,0.5724444464552416,0.7
2026-09-04 13:52:51,multi_repeat_random_states.py,"(1021, 9)",880,sequential_292,Dense 64 -> 16 -> 32 -> 64 -> 64 -> 32 -> 1,mse,adam_292,50,256,1.4445,3177.677978515625,2932.987548828125,2814.630126953125,0.5990202142357909,0.7
2026-09-04 13:52:51,multi_repeat_random_states.py,"(1021, 9)",797,sequential_293,Dense 64 -> 16 -> 32 -> 64 -> 64 -> 32 -> 1,mse,adam_293,50,256,2.2769,16601.759765625,2974.8408203125,2843.5478515625,0.5852779767944871,0.7
2026-09-04 13:52:52,multi_repeat_random_states.py,"(1021, 9)",964,sequential_292,Dense 64 -> 16 -> 32 -> 64 -> 64 -> 32 -> 1,mse,adam_292,50,256,1.4575,3000.99853515625,2965.2705078125,2746.071044921875,0.5997733292017011,0.7
2026-09-04 13:52:53,multi_repeat_random_states.py,"(1021, 9)",797,sequential_293,Dense 64 -> 16 -> 32 -> 64 -> 64 -> 32 -> 1,mse,adam_293,50,256,1.4086,3012.116455078125,2985.3076171875,3132.06640625,0.5431985280861101,0.7
2026-09-04 13:52:54,multi_repeat_random_states.py,"(1021, 9)",881,sequential_293,Dense 64 -> 16 -> 32 -> 64 -> 64 -> 32 -> 1,mse,adam_293,50,256,2.3648,22974.189453125,3027.04150390625,2977.272216796875,0.5616694493844543,0.7
2026-09-04 13:52:54,multi_repeat_random_states.py,"(1021, 9)",797,sequential_293,Dense 64 -> 16 -> 32 -> 64 -> 64 -> 32 -> 1,mse,adam_293,50,256,1.4306,3121.2470703125,3026.0263671875,2674.7587890625,0.6098953378470388,0.7
2026-09-04 13:52:54,multi_repeat_random_states.py,"(1021, 9)",965,sequential_293,Dense 64 -> 16 -> 32 -> 64 -> 64 -> 32 -> 1,mse,adam_293,50,256,2.2848,38566.91015625,4780.5703125,4496.96533203125,0.3174909591141972,0.7
2026-09-04 13:52:55,multi_repeat_random_states.py,"(1021, 9)",881,sequential_293,Dense 64 -> 16 -> 32 -> 64 -> 64 -> 32 -> 1,mse,adam_293,50,256,1.4376,3040.089599609375,2835.71728515625,2987.66943359375,0.5601387587095294,0.7
2026-09-04 13:52:56,multi_repeat_random_states.py,"(1021, 9)",965,sequential_293,Dense 64 -> 16 -> 32 -> 64 -> 64 -> 32 -> 1,mse,adam_293,50,256,1.4384,4901.01171875,3046.34375,2513.609619140625,0.6185067927594909,0.7
2026-09-04 13:52:57,multi_repeat_random_states.py,"(1021, 9)",881,sequential_293,Dense 64 -> 16 -> 32 -> 64 -> 64 -> 32 -> 1,mse,adam_293,50,256,1.4436,2855.446044921875,2919.437744140625,2972.211669921875,0.56241454828617,0.7
2026-09-04 13:52:57,multi_repeat_random_states.py,"(1021, 9)",798,sequential_294,Dense 64 -> 16 -> 32 -> 64 -> 64 -> 32 -> 1,mse,adam_294,50,256,2.2726,22728.525390625,3345.65087890625,2880.879638671875,0.5612101500590976,0.7
2026-09-04 13:52:57,multi_repeat_random_states.py,"(1021, 9)",965,sequential_293,Dense 64 -> 16 -> 32 -> 64 -> 64 -> 32 -> 1,mse,adam_293,50,256,1.4,3046.729736328125,3669.4140625,3501.981201171875,0.4685006771852598,0.7
2026-09-04 13:52:58,multi_repeat_random_states.py,"(1021, 9)",798,sequential_294,Dense 64 -> 16 -> 32 -> 64 -> 64 -> 32 -> 1,mse,adam_294,50,256,1.3956,3103.61328125,3826.818359375,4208.36767578125,0.3590189853904858,0.7
2026-09-04 13:52:59,multi_repeat_random_states.py,"(1021, 9)",882,sequential_294,Dense 64 -> 16 -> 32 -> 64 -> 64 -> 32 -> 1,mse,adam_294,50,256,2.2885,21991.572265625,3620.278076171875,3072.61328125,0.5007225236634567,0.7
2026-09-04 13:53:00,multi_repeat_random_states.py,"(1021, 9)",966,sequential_294,Dense 64 -> 16 -> 32 -> 64 -> 64 -> 32 -> 1,mse,adam_294,50,256,2.266,95493.6484375,4982.3388671875,5442.59814453125,0.23146323415929604,0.7
2026-09-04 13:53:00,multi_repeat_random_states.py,"(1021, 9)",798,sequential_294,Dense 64 -> 16 -> 32 -> 64 -> 64 -> 32 -> 1,mse,adam_294,50,256,1.448,4507.30419921875,3024.87353515625,2881.701171875,0.5610850059064316,0.7
2026-09-04 13:53:01,multi_repeat_random_states.py,"(1021, 9)",882,sequential_294,Dense 64 -> 16 -> 32 -> 64 -> 64 -> 32 -> 1,mse,adam_294,50,256,1.4501,3381.59375,3082.474609375,2626.060791015625,0.5732840748476498,0.7
2026-09-04 13:53:01,multi_repeat_random_states.py,"(1021, 9)",966,sequential_294,Dense 64 -> 16 -> 32 -> 64 -> 64 -> 32 -> 1,mse,adam_294,50,256,1.4033,4907.52490234375,3147.04248046875,3104.2392578125,0.5616575414718763,0.7
2026-09-04 13:53:02,multi_repeat_random_states.py,"(1021, 9)",882,sequential_294,Dense 64 -> 16 -> 32 -> 64 -> 64 -> 32 -> 1,mse,adam_294,50,256,1.4414,3006.37890625,3282.60693359375,2706.7392578125,0.5601744960157566,0.7
2026-09-04 13:53:02,multi_repeat_random_states.py,"(1021, 9)",799,sequential_295,Dense 64 -> 16 -> 32 -> 64 -> 64 -> 32 -> 1,mse,adam_295,50,256,2.3332,56169.79296875,4497.96240234375,3947.828125,0.398527637156998,0.7
2026-09-04 13:53:03,multi_repeat_random_states.py,"(1021, 9)",966,sequential_294,Dense 64 -> 16 -> 32 -> 64 -> 64 -> 32 -> 1,mse,adam_294,50,256,1.4407,2912.005615234375,2873.66796875,2924.179443359375,0.5870833339412896,0.7
2026-09-04 13:53:04,multi_repeat_random_states.py,"(1021, 9)",799,sequential_295,Dense 64 -> 16 -> 32 -> 64 -> 64 -> 32 -> 1,mse,adam_295,50,256,1.4419,4419.5595703125,3271.800048828125,3023.30810546875,0.5393831087923191,0.7
2026-09-04 13:53:05,multi_repeat_random_states.py,"(1021, 9)",883,sequential_295,Dense 64 -> 16 -> 32 -> 64 -> 64 -> 32 -> 1,mse,adam_295,50,256,2.2568,38720.57421875,3669.90087890625,3190.434814453125,0.5133433627639576,0.7
2026-09-04 13:53:05,multi_repeat_random_states.py,"(1021, 9)",967,sequential_295,Dense 64 -> 16 -> 32 -> 64 -> 64 -> 32 -> 1,mse,adam_295,50,256,2.2775,93649.1171875,4924.5849609375,5733.146484375,0.22663693721707145,0.7
2026-09-04 13:53:06,multi_repeat_random_states.py,"(1021, 9)",799,sequential_295,Dense 64 -> 16 -> 32 -> 64 -> 64 -> 32 -> 1,mse,adam_295,50,256,1.4158,3048.994873046875,3343.781982421875,3044.190673828125,0.5362016033524659,0.7
2026-09-04 13:53:06,multi_repeat_random_states.py,"(1021, 9)",883,sequential_295,Dense 64 -> 16 -> 32 -> 64 -> 64 -> 32 -> 1,mse,adam_295,50,256,1.4007,3696.44775390625,3416.490478515625,3578.144775390625,0.4542035690250046,0.7
2026-09-04 13:53:07,multi_repeat_random_states.py,"(1021, 9)",967,sequential_295,Dense 64 -> 16 -> 32 -> 64 -> 64 -> 32 -> 1,mse,adam_295,50,256,1.3949,4869.42041015625,2846.070556640625,3699.167236328125,0.5010071366554626,0.7
2026-09-04 13:53:08,multi_repeat_random_states.py,"(1021, 9)",883,sequential_295,Dense 64 -> 16 -> 32 -> 64 -> 64 -> 32 -> 1,mse,adam_295,50,256,1.4199,3271.99755859375,2988.48681640625,2796.476318359375,0.5734362572614842,0.7
2026-09-04 13:53:08,multi_repeat_random_states.py,"(1021, 9)",800,sequential_296,Dense 64 -> 16 -> 32 -> 64 -> 64 -> 32 -> 1,mse,adam_296,50,256,2.2608,14426.8525390625,3191.385498046875,3571.42041015625,0.4450309262743648,0.7
2026-09-04 13:53:08,multi_repeat_random_states.py,"(1021, 9)",967,sequential_295,Dense 64 -> 16 -> 32 -> 64 -> 64 -> 32 -> 1,mse,adam_295,50,256,1.4235,2870.040771484375,2759.487060546875,3268.525634765625,0.5590978799640525,0.7
2026-09-04 13:53:10,multi_repeat_random_states.py,"(1021, 9)",800,sequential_296,Dense 64 -> 16 -> 32 -> 64 -> 64 -> 32 -> 1,mse,adam_296,50,256,1.4021,3137.451904296875,2848.005615234375,2985.2431640625,0.5361179474621995,0.7
2026-09-04 13:53:10,multi_repeat_random_states.py,"(1021, 9)",884,sequential_296,Dense 64 -> 16 -> 32 -> 64 -> 64 -> 32 -> 1,mse,adam_296,50,256,2.2635,27770.23828125,3969.34375,3334.255615234375,0.5101072168226453,0.7
2026-09-04 13:53:11,multi_repeat_random_states.py,"(1021, 9)",968,sequential_296,Dense 64 -> 16 -> 32 -> 64 -> 64 -> 32 -> 1,mse,adam_296,50,256,2.287,32468.75390625,3954.862060546875,3345.94287109375,0.4679662881859271,0.7
2026-09-04 13:53:11,multi_repeat_random_states.py,"(1021, 9)",800,sequential_296,Dense 64 -> 16 -> 32 -> 64 -> 64 -> 32 -> 1,mse,adam_296,50,256,1.4604,2927.68359375,2798.195068359375,2983.07470703125,0.536454991936854,0.7
2026-09-04 13:53:12,multi_repeat_random_states.py,"(1021, 9)",884,sequential_296,Dense 64 -> 16 -> 32 -> 64 -> 64 -> 32 -> 1,mse,adam_296,50,256,1.412,4360.79345703125,2808.3798828125,3046.609375,0.5523702637700366,0.7
2026-09-04 13:53:13,multi_repeat_random_states.py,"(1021, 9)",968,sequential_296,Dense 64 -> 16 -> 32 -> 64 -> 64 -> 32 -> 1,mse,adam_296,50,256,1.444,4065.356201171875,2914.84033203125,2689.390380859375,0.5723637849586396,0.7
2026-09-04 13:53:14,multi_repeat_random_states.py,"(1021, 9)",884,sequential_296,Dense 64 -> 16 -> 32 -> 64 -> 64 -> 32 -> 1,mse,adam_296,50,256,1.5026,2805.722900390625,2748.553955078125,3172.6103515625,0.5338573034501353,0.7
2026-09-04 13:53:14,multi_repeat_random_states.py,"(1021, 9)",801,sequential_297,Dense 64 -> 16 -> 32 -> 64 -> 64 -> 32 -> 1,mse,adam_297,50,256,2.2562,29940.103515625,3073.895751953125,3421.98681640625,0.5108231729760162,0.7
2026-09-04 13:53:14,multi_repeat_random_states.py,"(1021, 9)",968,sequential_296,Dense 64 -> 16 -> 32 -> 64 -> 64 -> 32 -> 1,mse,adam_296,50,256,1.4553,3025.072998046875,3089.47705078125,2895.594482421875,0.5395755629463598,0.7
2026-09-04 13:53:15,multi_repeat_random_states.py,"(1021, 9)",801,sequential_297,Dense 64 -> 16 -> 32 -> 64 -> 64 -> 32 -> 1,mse,adam_297,50,256,1.4439,3022.3251953125,3082.576904296875,3225.469482421875,0.5389155569699464,0.7
2026-09-04 13:53:16,multi_repeat_random_states.py,"(1021, 9)",885,sequential_297,Dense 64 -> 16 -> 32 -> 64 -> 64 -> 32 -> 1,mse,adam_297,50,256,2.317,55106.3359375,3933.856689453125,4233.39111328125,0.42037917803860403,0.7
2026-09-04 13:53:17,multi_repeat_random_states.py,"(1021, 9)",969,sequential_297,Dense 64 -> 16 -> 32 -> 64 -> 64 -> 32 -> 1,mse,adam_297,50,256,2.3279,69935.921875,3847.08642578125,4388.267578125,0.41888362978022864,0.7
2026-09-04 13:53:17,multi_repeat_random_states.py,"(1021, 9)",801,sequential_297,Dense 64 -> 16 -> 32 -> 64 -> 64 -> 32 -> 1,mse,adam_297,50,256,1.427,2965.548583984375,2761.711669921875,3102.150146484375,0.5565442146873829,0.7
2026-09-04 13:53:18,multi_repeat_random_states.py,"(1021, 9)",885,sequential_297,Dense 64 -> 16 -> 32 -> 64 -> 64 -> 32 -> 1,mse,adam_297,50,256,1.49,3802.549560546875,2950.61865234375,2954.940673828125,0.5954201308222333,0.7
2026-09-04 13:53:18,multi_repeat_random_states.py,"(1021, 9)",969,sequential_297,Dense 64 -> 16 -> 32 -> 64 -> 64 -> 32 -> 1,mse,adam_297,50,256,1.4032,3771.470703125,3041.11572265625,3306.226806640625,0.5621727907740883,0.7
2026-09-04 13:53:19,multi_repeat_random_states.py,"(1021, 9)",885,sequential_297,Dense 64 -> 16 -> 32 -> 64 -> 64 -> 32 -> 1,mse,adam_297,50,256,1.4177,2883.818359375,3137.7587890625,3607.708251953125,0.5060455074781932,0.7
2026-09-04 13:53:19,multi_repeat_random_states.py,"(1021, 9)",802,sequential_298,Dense 64 -> 16 -> 32 -> 64 -> 64 -> 32 -> 1,mse,adam_298,50,256,2.2574,39020.859375,3819.267333984375,3810.822509765625,0.4497768432556769,0.7
2026-09-04 13:53:20,multi_repeat_random_states.py,"(1021, 9)",969,sequential_297,Dense 64 -> 16 -> 32 -> 64 -> 64 -> 32 -> 1,mse,adam_297,50,256,1.4525,2884.992431640625,2931.490478515625,3082.012451171875,0.5918644238596638,0.7
2026-09-04 13:53:21,multi_repeat_random_states.py,"(1021, 9)",802,sequential_298,Dense 64 -> 16 -> 32 -> 64 -> 64 -> 32 -> 1,mse,adam_298,50,256,1.3885,3691.53662109375,2973.363037109375,2982.35595703125,0.5693944485426146,0.7
2026-09-04 13:53:22,multi_repeat_random_states.py,"(1021, 9)",886,sequential_298,Dense 64 -> 16 -> 32 -> 64 -> 64 -> 32 -> 1,mse,adam_298,50,256,2.2631,59262.58984375,5162.892578125,4307.6640625,0.2625362115053944,0.7
2026-09-04 13:53:22,multi_repeat_random_states.py,"(1021, 9)",802,sequential_298,Dense 64 -> 16 -> 32 -> 64 -> 64 -> 32 -> 1,mse,adam_298,50,256,1.4118,2827.85986328125,2875.236328125,2963.72705078125,0.5720841152911347,0.7
2026-09-04 13:53:22,multi_repeat_random_states.py,"(1021, 9)",970,sequential_298,Dense 64 -> 16 -> 32 -> 64 -> 64 -> 32 -> 1,mse,adam_298,50,256,2.2937,148433.140625,5874.18798828125,6572.6162109375,0.0852488330131832,0.7
2026-09-04 13:53:23,multi_repeat_random_states.py,"(1021, 9)",886,sequential_298,Dense 64 -> 16 -> 32 -> 64 -> 64 -> 32 -> 1,mse,adam_298,50,256,1.4028,5070.30078125,3030.00390625,2431.48974609375,0.5837336778312676,0.7
2026-09-04 13:53:24,multi_repeat_random_states.py,"(1021, 9)",970,sequential_298,Dense 64 -> 16 -> 32 -> 64 -> 64 -> 32 -> 1,mse,adam_298,50,256,1.3984,5854.1982421875,3151.739501953125,3798.11181640625,0.47139362804489904,0.7
2026-09-04 13:53:25,multi_repeat_random_states.py,"(1021, 9)",886,sequential_298,Dense 64 -> 16 -> 32 -> 64 -> 64 -> 32 -> 1,mse,adam_298,50,256,1.4395,3072.2626953125,3005.3955078125,2539.111083984375,0.5653090765950028,0.7
2026-09-04 13:53:25,multi_repeat_random_states.py,"(1021, 9)",803,sequential_299,Dense 64 -> 16 -> 32 -> 64 -> 64 -> 32 -> 1,mse,adam_299,50,256,2.2877,167483.828125,5716.9296875,5452.81640625,0.20649237673727916,0.7
2026-09-04 13:53:25,multi_repeat_random_states.py,"(1021, 9)",970,sequential_298,Dense 64 -> 16 -> 32 -> 64 -> 64 -> 32 -> 1,mse,adam_298,50,256,1.406,3232.870361328125,2880.423583984375,3417.82080078125,0.524321110906833,0.7
2026-09-04 13:53:26,multi_repeat_random_states.py,"(1021, 9)",803,sequential_299,Dense 64 -> 16 -> 32 -> 64 -> 64 -> 32 -> 1,mse,adam_299,50,256,1.3945,5675.5673828125,3205.955810546875,3087.42529296875,0.5507100844567483,0.7
2026-09-04 13:53:27,multi_repeat_random_states.py,"(1021, 9)",887,sequential_299,Dense 64 -> 16 -> 32 -> 64 -> 64 -> 32 -> 1,mse,adam_299,50,256,2.2306,170196.890625,6016.22998046875,5650.5068359375,0.13493890352004723,0.7
2026-09-04 13:53:28,multi_repeat_random_states.py,"(1021, 9)",971,sequential_299,Dense 64 -> 16 -> 32 -> 64 -> 64 -> 32 -> 1,mse,adam_299,50,256,2.2632,58761.51171875,4885.82666015625,4811.21923828125,0.3043012639306061,0.7
2026-09-04 13:53:28,multi_repeat_random_states.py,"(1021, 9)",803,sequential_299,Dense 64 -> 16 -> 32 -> 64 -> 64 -> 32 -> 1,mse,adam_299,50,256,1.4584,3178.38623046875,2905.494384765625,3135.226806640625,0.5437538579178838,0.7
2026-09-04 13:53:29,multi_repeat_random_states.py,"(1021, 9)",887,sequential_299,Dense 64 -> 16 -> 32 -> 64 -> 64 -> 32 -> 1,mse,adam_299,50,256,1.399,6001.3681640625,4031.563720703125,3621.224853515625,0.4456106895044446,0.7
2026-09-04 13:53:29,multi_repeat_random_states.py,"(1021, 9)",971,sequential_299,Dense 64 -> 16 -> 32 -> 64 -> 64 -> 32 -> 1,mse,adam_299,50,256,1.3997,4817.0771484375,3023.068359375,3174.57421875,0.5409589057964524,0.7
2026-09-04 13:53:30,multi_repeat_random_states.py,"(1021, 9)",887,sequential_299,Dense 64 -> 16 -> 32 -> 64 -> 64 -> 32 -> 1,mse,adam_299,50,256,1.4106,4069.099365234375,2908.294677734375,2905.660400390625,0.5551596130424987,0.7
2026-09-04 13:53:30,multi_repeat_random_states.py,"(1021, 9)",804,sequential_300,Dense 64 -> 16 -> 32 -> 64 -> 64 -> 32 -> 1,mse,adam_300,50,256,2.3486,28171.490234375,4480.40869140625,4376.017578125,0.3849823703996822,0.7
2026-09-04 13:53:31,multi_repeat_random_states.py,"(1021, 9)",971,sequential_299,Dense 64 -> 16 -> 32 -> 64 -> 64 -> 32 -> 1,mse,adam_299,50,256,1.4011,3068.2333984375,2898.8349609375,2905.733154296875,0.5798331509333308,0.7
2026-09-04 13:53:32,multi_repeat_random_states.py,"(1021, 9)",804,sequential_300,Dense 64 -> 16 -> 32 -> 64 -> 64 -> 32 -> 1,mse,adam_300,50,256,1.4003,4312.06689453125,3027.108642578125,3092.462646484375,0.5653767600400093,0.7
2026-09-04 13:53:33,multi_repeat_random_states.py,"(1021, 9)",888,sequential_300,Dense 64 -> 16 -> 32 -> 64 -> 64 -> 32 -> 1,mse,adam_300,50,256,2.2739,25462.986328125,3430.009765625,3146.31201171875,0.509534078498845,0.7
2026-09-04 13:53:33,multi_repeat_random_states.py,"(1021, 9)",972,sequential_300,Dense 64 -> 16 -> 32 -> 64 -> 64 -> 32 -> 1,mse,adam_300,50,256,2.2786,21297.298828125,3486.313720703125,2968.478271484375,0.5722743774842437,0.7
2026-09-04 13:53:33,multi_repeat_random_states.py,"(1021, 9)",804,sequential_300,Dense 64 -> 16 -> 32 -> 64 -> 64 -> 32 -> 1,mse,adam_300,50,256,1.4181,2925.3671875,2921.374267578125,2954.9453125,0.5847038625602343,0.7
2026-09-04 13:53:34,multi_repeat_random_states.py,"(1021, 9)",888,sequential_300,Dense 64 -> 16 -> 32 -> 64 -> 64 -> 32 -> 1,mse,adam_300,50,256,1.4497,3403.0947265625,2810.9677734375,2910.2587890625,0.5463314457278581,0.7
2026-09-04 13:53:35,multi_repeat_random_states.py,"(1021, 9)",972,sequential_300,Dense 64 -> 16 -> 32 -> 64 -> 64 -> 32 -> 1,mse,adam_300,50,256,1.4026,3073.754150390625,2997.4501953125,3022.751220703125,0.5644542902860672,0.7
2026-09-04 13:53:36,multi_repeat_random_states.py,"(1021, 9)",888,sequential_300,Dense 64 -> 16 -> 32 -> 64 -> 64 -> 32 -> 1,mse,adam_300,50,256,1.4226,2834.9033203125,3146.08984375,2866.4541015625,0.5531600414069845,0.7
2026-09-04 13:53:36,multi_repeat_random_states.py,"(1021, 9)",805,sequential_301,Dense 64 -> 16 -> 32 -> 64 -> 64 -> 32 -> 1,mse,adam_301,50,256,2.2468,27186.705078125,4340.17041015625,4935.20068359375,0.2760883394706557,0.7
2026-09-04 13:53:36,multi_repeat_random_states.py,"(1021, 9)",972,sequential_300,Dense 64 -> 16 -> 32 -> 64 -> 64 -> 32 -> 1,mse,adam_300,50,256,1.3991,2942.580810546875,3008.258544921875,3225.081787109375,0.5353005284550177,0.7
2026-09-04 13:53:37,multi_repeat_random_states.py,"(1021, 9)",805,sequential_301,Dense 64 -> 16 -> 32 -> 64 -> 64 -> 32 -> 1,mse,adam_301,50,256,1.3983,4239.6630859375,2971.18359375,3333.442626953125,0.5110395962584577,0.7
2026-09-04 13:53:38,multi_repeat_random_states.py,"(1021, 9)",889,sequential_301,Dense 64 -> 16 -> 32 -> 64 -> 64 -> 32 -> 1,mse,adam_301,50,256,2.2884,30973.701171875,3745.19921875,3532.432373046875,0.4628871291121288,0.7
2026-09-04 13:53:39,multi_repeat_random_states.py,"(1021, 9)",973,sequential_301,Dense 64 -> 16 -> 32 -> 64 -> 64 -> 32 -> 1,mse,adam_301,50,256,2.3657,22199.2109375,3166.2421875,3445.567626953125,0.5188764439892719,0.7
2026-09-04 13:53:39,multi_repeat_random_states.py,"(1021, 9)",805,sequential_301,Dense 64 -> 16 -> 32 -> 64 -> 64 -> 32 -> 1,mse,adam_301,50,256,1.4335,2870.701171875,3078.082763671875,3374.824951171875,0.5049694922738202,0.7
2026-09-04 13:53:40,multi_repeat_random_states.py,"(1021, 9)",889,sequential_301,Dense 64 -> 16 -> 32 -> 64 -> 64 -> 32 -> 1,mse,adam_301,50,256,1.4121,3437.600341796875,2914.619384765625,2763.32470703125,0.5798313715512338,0.7
2026-09-04 13:53:41,multi_repeat_random_states.py,"(1021, 9)",973,sequential_301,Dense 64 -> 16 -> 32 -> 64 -> 64 -> 32 -> 1,mse,adam_301,50,256,1.4989,3339.264404296875,2684.206298828125,3266.791748046875,0.543839957875549,0.7
2026-09-04 13:53:41,multi_repeat_random_states.py,"(1021, 9)",889,sequential_301,Dense 64 -> 16 -> 32 -> 64 -> 64 -> 32 -> 1,mse,adam_301,50,256,1.4261,3084.575439453125,2903.0341796875,2734.8134765625,0.5841665820356989,0.7
2026-09-04 13:53:42,multi_repeat_random_states.py,"(1021, 9)",806,sequential_302,Dense 64 -> 16 -> 32 -> 64 -> 64 -> 32 -> 1,mse,adam_302,50,256,2.3183,81220.0078125,5491.50244140625,5295.0810546875,0.20861813320111688,0.7
2026-09-04 13:53:42,multi_repeat_random_states.py,"(1021, 9)",973,sequential_301,Dense 64 -> 16 -> 32 -> 64 -> 64 -> 32 -> 1,mse,adam_301,50,256,1.4141,2733.755615234375,2665.50537109375,3183.934814453125,0.5554096230813281,0.7
2026-09-04 13:53:43,multi_repeat_random_states.py,"(1021, 9)",806,sequential_302,Dense 64 -> 16 -> 32 -> 64 -> 64 -> 32 -> 1,mse,adam_302,50,256,1.4162,5462.599609375,2923.115966796875,3133.530517578125,0.5316749565730278,0.7
2026-09-04 13:53:44,multi_repeat_random_states.py,"(1021, 9)",890,sequential_302,Dense 64 -> 16 -> 32 -> 64 -> 64 -> 32 -> 1,mse,adam_302,50,256,2.2749,57723.66015625,5427.31298828125,5336.95654296875,0.2527657335152341,0.7
2026-09-04 13:53:45,multi_repeat_random_states.py,"(1021, 9)",974,sequential_302,Dense 64 -> 16 -> 32 -> 64 -> 64 -> 32 -> 1,mse,adam_302,50,256,2.2757,18034.328125,3449.560791015625,3495.9150390625,0.4797810824218586,0.7
2026-09-04 13:53:45,multi_repeat_random_states.py,"(1021, 9)",806,sequential_302,Dense 64 -> 16 -> 32 -> 64 -> 64 -> 32 -> 1,mse,adam_302,50,256,1.4499,2888.84716796875,3135.564208984375,3244.628173828125,0.5150707291604177,0.7
2026-09-04 13:53:45,multi_repeat_random_states.py,"(1021, 9)",890,sequential_302,Dense 64 -> 16 -> 32 -> 64 -> 64 -> 32 -> 1,mse,adam_302,50,256,1.4084,5362.52294921875,3087.299072265625,2856.52587890625,0.6000541105648289,0.7
2026-09-04 13:53:46,multi_repeat_random_states.py,"(1021, 9)",974,sequential_302,Dense 64 -> 16 -> 32 -> 64 -> 64 -> 32 -> 1,mse,adam_302,50,256,1.3996,3515.949951171875,2981.5732421875,2859.912841796875,0.5744230606492853,0.7
2026-09-04 13:53:47,multi_repeat_random_states.py,"(1021, 9)",890,sequential_302,Dense 64 -> 16 -> 32 -> 64 -> 64 -> 32 -> 1,mse,adam_302,50,256,1.5382,2962.764404296875,2894.176025390625,2768.9521484375,0.6123154591039636,0.7
2026-09-04 13:53:47,multi_repeat_random_states.py,"(1021, 9)",807,sequential_303,Dense 64 -> 16 -> 32 -> 64 -> 64 -> 32 -> 1,mse,adam_303,50,256,2.2432,28873.4453125,4848.81591796875,4672.27294921875,0.30895318269581906,0.7
2026-09-04 13:53:48,multi_repeat_random_states.py,"(1021, 9)",974,sequential_302,Dense 64 -> 16 -> 32 -> 64 -> 64 -> 32 -> 1,mse,adam_302,50,256,1.5199,3015.35595703125,3074.4677734375,2875.8720703125,0.5720482549827792,0.7
2026-09-04 13:53:49,multi_repeat_random_states.py,"(1021, 9)",807,sequential_303,Dense 64 -> 16 -> 32 -> 64 -> 64 -> 32 -> 1,mse,adam_303,50,256,1.4024,4628.79833984375,2999.81298828125,2953.362060546875,0.563186582269799,0.7
2026-09-04 13:53:50,multi_repeat_random_states.py,"(1021, 9)",891,sequential_303,Dense 64 -> 16 -> 32 -> 64 -> 64 -> 32 -> 1,mse,adam_303,50,256,2.2575,63068.75390625,3901.93115234375,4534.91259765625,0.4192362277614713,0.7
2026-09-04 13:53:50,multi_repeat_random_states.py,"(1021, 9)",807,sequential_303,Dense 64 -> 16 -> 32 -> 64 -> 64 -> 32 -> 1,mse,adam_303,50,256,1.4103,2902.62646484375,2871.877197265625,2796.8759765625,0.5863315263805713,0.7
2026-09-04 13:53:50,multi_repeat_random_states.py,"(1021, 9)",975,sequential_303,Dense 64 -> 16 -> 32 -> 64 -> 64 -> 32 -> 1,mse,adam_303,50,256,2.319,38397.92578125,3493.99267578125,4073.52001953125,0.4110400507077733,0.7
2026-09-04 13:53:51,multi_repeat_random_states.py,"(1021, 9)",891,sequential_303,Dense 64 -> 16 -> 32 -> 64 -> 64 -> 32 -> 1,mse,adam_303,50,256,1.3959,3842.945556640625,3368.37451171875,3317.524169921875,0.575141107148349,0.7
2026-09-04 13:53:52,multi_repeat_random_states.py,"(1021, 9)",975,sequential_303,Dense 64 -> 16 -> 32 -> 64 -> 64 -> 32 -> 1,mse,adam_303,50,256,1.4,3445.420166015625,2812.004638671875,2945.954345703125,0.5740663745769088,0.7
2026-09-04 13:53:53,multi_repeat_random_states.py,"(1021, 9)",808,sequential_304,Dense 64 -> 16 -> 32 -> 64 -> 64 -> 32 -> 1,mse,adam_304,50,256,2.2703,39524.875,4173.16650390625,3441.203369140625,0.4220398880588193,0.7
2026-09-04 13:53:53,multi_repeat_random_states.py,"(1021, 9)",891,sequential_303,Dense 64 -> 16 -> 32 -> 64 -> 64 -> 32 -> 1,mse,adam_303,50,256,1.4807,2920.183349609375,2712.31787109375,3180.52490234375,0.5926859092566301,0.7
2026-09-04 13:53:53,multi_repeat_random_states.py,"(1021, 9)",975,sequential_303,Dense 64 -> 16 -> 32 -> 64 -> 64 -> 32 -> 1,mse,adam_303,50,256,1.468,2889.842529296875,3015.796142578125,3031.168701171875,0.5617458704921806,0.7
2026-09-04 13:53:54,multi_repeat_random_states.py,"(1021, 9)",808,sequential_304,Dense 64 -> 16 -> 32 -> 64 -> 64 -> 32 -> 1,mse,adam_304,50,256,1.4484,4062.605224609375,3127.37255859375,3389.716552734375,0.43068721588688175,0.7
2026-09-04 13:53:55,multi_repeat_random_states.py,"(1021, 9)",892,sequential_304,Dense 64 -> 16 -> 32 -> 64 -> 64 -> 32 -> 1,mse,adam_304,50,256,2.2365,67909.984375,5888.11328125,5115.986328125,0.18902644632266086,0.7
2026-09-04 13:53:56,multi_repeat_random_states.py,"(1021, 9)",808,sequential_304,Dense 64 -> 16 -> 32 -> 64 -> 64 -> 32 -> 1,mse,adam_304,50,256,1.4182,3237.410400390625,3318.8291015625,3037.056884765625,0.4899175038827902,0.7
2026-09-04 13:53:56,multi_repeat_random_states.py,"(1021, 9)",976,sequential_304,Dense 64 -> 16 -> 32 -> 64 -> 64 -> 32 -> 1,mse,adam_304,50,256,2.2655,25405.044921875,3068.806396484375,3328.81103515625,0.49431109758471636,0.7
2026-09-04 13:53:57,multi_repeat_random_states.py,"(1021, 9)",892,sequential_304,Dense 64 -> 16 -> 32 -> 64 -> 64 -> 32 -> 1,mse,adam_304,50,256,1.3995,5863.52783203125,3170.4853515625,2409.0263671875,0.6181270831633977,0.7
2026-09-04 13:53:57,multi_repeat_random_states.py,"(1021, 9)",976,sequential_304,Dense 64 -> 16 -> 32 -> 64 -> 64 -> 32 -> 1,mse,adam_304,50,256,1.3854,3070.778564453125,2730.47216796875,3158.447265625,0.5201916164483908,0.7
2026-09-04 13:53:58,multi_repeat_random_states.py,"(1021, 9)",892,sequential_304,Dense 64 -> 16 -> 32 -> 64 -> 64 -> 32 -> 1,mse,adam_304,50,256,1.3994,3117.3125,3124.388427734375,2439.28759765625,0.6133301264863525,0.7
2026-09-04 13:53:58,multi_repeat_random_states.py,"(1021, 9)",809,sequential_305,Dense 64 -> 16 -> 32 -> 64 -> 64 -> 32 -> 1,mse,adam_305,50,256,2.2952,23731.900390625,4509.1474609375,5216.47509765625,0.30831203651711125,0.7
2026-09-04 13:53:59,multi_repeat_random_states.py,"(1021, 9)",976,sequential_304,Dense 64 -> 16 -> 32 -> 64 -> 64 -> 32 -> 1,mse,adam_304,50,256,1.4034,2709.457763671875,2832.776123046875,3216.341552734375,0.5113966760438371,0.7
2026-09-04 13:54:00,multi_repeat_random_states.py,"(1021, 9)",809,sequential_305,Dense 64 -> 16 -> 32 -> 64 -> 64 -> 32 -> 1,mse,adam_305,50,256,1.3914,4399.21337890625,2874.3359375,3232.6640625,0.5713589942634998,0.7
2026-09-04 13:54:01,multi_repeat_random_states.py,"(1021, 9)",893,sequential_305,Dense 64 -> 16 -> 32 -> 64 -> 64 -> 32 -> 1,mse,adam_305,50,256,2.2475,18847.623046875,3212.93701171875,3257.434814453125,0.5187812906684437,0.7
2026-09-04 13:54:01,multi_repeat_random_states.py,"(1021, 9)",809,sequential_305,Dense 64 -> 16 -> 32 -> 64 -> 64 -> 32 -> 1,mse,adam_305,50,256,1.4413,2794.91943359375,2783.55322265625,3155.54443359375,0.5815848717231851,0.7
2026-09-04 13:54:01,multi_repeat_random_states.py,"(1021, 9)",977,sequential_305,Dense 64 -> 16 -> 32 -> 64 -> 64 -> 32 -> 1,mse,adam_305,50,256,2.3244,50927.16015625,5550.7578125,4825.12451171875,0.23407445671294913,0.7
2026-09-04 13:54:02,multi_repeat_random_states.py,"(1021, 9)",893,sequential_305,Dense 64 -> 16 -> 32 -> 64 -> 64 -> 32 -> 1,mse,adam_305,50,256,1.4293,3168.228515625,2867.379638671875,2980.343017578125,0.5597159598493993,0.7
2026-09-04 13:54:03,multi_repeat_random_states.py,"(1021, 9)",977,sequential_305,Dense 64 -> 16 -> 32 -> 64 -> 64 -> 32 -> 1,mse,adam_305,50,256,1.391,5484.66552734375,2995.5146484375,2994.16015625,0.5247161380411305,0.7
2026-09-04 13:54:04,multi_repeat_random_states.py,"(1021, 9)",893,sequential_305,Dense 64 -> 16 -> 32 -> 64 -> 64 -> 32 -> 1,mse,adam_305,50,256,1.4112,2862.173095703125,3277.886962890625,2930.770751953125,0.5670391896790045,0.7
2026-09-04 13:54:04,multi_repeat_random_states.py,"(1021, 9)",810,sequential_306,Dense 64 -> 16 -> 32 -> 64 -> 64 -> 32 -> 1,mse,adam_306,50,256,2.2521,37563.0,3011.553955078125,4071.53173828125,0.3914010585401,0.7
2026-09-04 13:54:04,multi_repeat_random_states.py,"(1021, 9)",977,sequential_305,Dense 64 -> 16 -> 32 -> 64 -> 64 -> 32 -> 1,mse,adam_305,50,256,1.4046,3061.634765625,2879.349609375,2845.23583984375,0.5483559387966102,0.7
2026-09-04 13:54:05,multi_repeat_random_states.py,"(1021, 9)",810,sequential_306,Dense 64 -> 16 -> 32 -> 64 -> 64 -> 32 -> 1,mse,adam_306,50,256,1.3998,3229.8115234375,2806.48779296875,2987.680419921875,0.5534115546425737,0.7
2026-09-04 13:54:06,multi_repeat_random_states.py,"(1021, 9)",894,sequential_306,Dense 64 -> 16 -> 32 -> 64 -> 64 -> 32 -> 1,mse,adam_306,50,256,2.286,22446.53125,2968.977294921875,3535.059326171875,0.5067198635656992,0.7
2026-09-04 13:54:07,multi_repeat_random_states.py,"(1021, 9)",810,sequential_306,Dense 64 -> 16 -> 32 -> 64 -> 64 -> 32 -> 1,mse,adam_306,50,256,1.4037,2816.837890625,2828.6962890625,3468.981201171875,0.48146827798637315,0.7
2026-09-04 13:54:07,multi_repeat_random_states.py,"(1021, 9)",978,sequential_306,Dense 64 -> 16 -> 32 -> 64 -> 64 -> 32 -> 1,mse,adam_306,50,256,2.2534,34225.19921875,4400.22509765625,3922.5361328125,0.3903143431695312,0.7
2026-09-04 13:54:08,multi_repeat_random_states.py,"(1021, 9)",894,sequential_306,Dense 64 -> 16 -> 32 -> 64 -> 64 -> 32 -> 1,mse,adam_306,50,256,1.4042,3075.439697265625,2871.7314453125,3402.361083984375,0.5252365147548044,0.7
2026-09-04 13:54:08,multi_repeat_random_states.py,"(1021, 9)",978,sequential_306,Dense 64 -> 16 -> 32 -> 64 -> 64 -> 32 -> 1,mse,adam_306,50,256,1.3939,4788.41259765625,3176.84765625,3572.271484375,0.4447565111059567,0.7
2026-09-04 13:54:09,multi_repeat_random_states.py,"(1021, 9)",894,sequential_306,Dense 64 -> 16 -> 32 -> 64 -> 64 -> 32 -> 1,mse,adam_306,50,256,1.4087,3187.19970703125,2655.385498046875,3323.480224609375,0.5362435616524592,0.7
2026-09-04 13:54:09,multi_repeat_random_states.py,"(1021, 9)",811,sequential_307,Dense 64 -> 16 -> 32 -> 64 -> 64 -> 32 -> 1,mse,adam_307,50,256,2.2926,21309.724609375,3629.53515625,3392.227783203125,0.46505636826225516,0.7
2026-09-04 13:54:10,multi_repeat_random_states.py,"(1021, 9)",978,sequential_306,Dense 64 -> 16 -> 32 -> 64 -> 64 -> 32 -> 1,mse,adam_306,50,256,1.4036,3112.84619140625,2858.6650390625,2968.44140625,0.5386107255573966,0.7
2026-09-04 13:54:11,multi_repeat_random_states.py,"(1021, 9)",811,sequential_307,Dense 64 -> 16 -> 32 -> 64 -> 64 -> 32 -> 1,mse,adam_307,50,256,1.3905,3503.506591796875,2981.65576171875,2947.266845703125,0.5352252714134098,0.7
2026-09-04 13:54:12,multi_repeat_random_states.py,"(1021, 9)",895,sequential_307,Dense 64 -> 16 -> 32 -> 64 -> 64 -> 32 -> 1,mse,adam_307,50,256,2.2972,21682.591796875,3218.56494140625,2978.321533203125,0.5678965938958384,0.7
2026-09-04 13:54:12,multi_repeat_random_states.py,"(1021, 9)",811,sequential_307,Dense 64 -> 16 -> 32 -> 64 -> 64 -> 32 -> 1,mse,adam_307,50,256,1.4306,2951.5322265625,3160.067626953125,2915.5546875,0.5402262239992126,0.7
2026-09-04 13:54:12,multi_repeat_random_states.py,"(1021, 9)",979,sequential_307,Dense 64 -> 16 -> 32 -> 64 -> 64 -> 32 -> 1,mse,adam_307,50,256,2.2927,28794.06640625,3626.204345703125,2606.07666015625,0.546025257189727,0.7
2026-09-04 13:54:13,multi_repeat_random_states.py,"(1021, 9)",895,sequential_307,Dense 64 -> 16 -> 32 -> 64 -> 64 -> 32 -> 1,mse,adam_307,50,256,1.4735,3172.4609375,2828.932373046875,2894.08642578125,0.5801176103253218,0.7
2026-09-04 13:54:14,multi_repeat_random_states.py,"(1021, 9)",979,sequential_307,Dense 64 -> 16 -> 32 -> 64 -> 64 -> 32 -> 1,mse,adam_307,50,256,1.3961,3784.480712890625,3179.98974609375,2247.159912109375,0.6085480808586637,0.7
2026-09-04 13:54:15,multi_repeat_random_states.py,"(1021, 9)",812,sequential_308,Dense 64 -> 16 -> 32 -> 64 -> 64 -> 32 -> 1,mse,adam_308,50,256,2.2584,31565.27734375,5646.5283203125,4937.58740234375,0.22367329255605972,0.7
2026-09-04 13:54:15,multi_repeat_random_states.py,"(1021, 9)",895,sequential_307,Dense 64 -> 16 -> 32 -> 64 -> 64 -> 32 -> 1,mse,adam_307,50,256,1.4211,2935.83984375,2830.542236328125,2831.2734375,0.589230745124308,0.7
2026-09-04 13:54:15,multi_repeat_random_states.py,"(1021, 9)",979,sequential_307,Dense 64 -> 16 -> 32 -> 64 -> 64 -> 32 -> 1,mse,adam_307,50,256,1.4054,3451.146240234375,3142.285400390625,2467.586669921875,0.5701500566856713,0.7
2026-09-04 13:54:16,multi_repeat_random_states.py,"(1021, 9)",812,sequential_308,Dense 64 -> 16 -> 32 -> 64 -> 64 -> 32 -> 1,mse,adam_308,50,256,1.4409,5588.6396484375,3298.6396484375,3908.8212890625,0.38542405614646036,0.7
2026-09-04 13:54:18,multi_repeat_random_states.py,"(1021, 9)",896,sequential_308,Dense 64 -> 16 -> 32 -> 64 -> 64 -> 32 -> 1,mse,adam_308,50,256,2.255,145064.109375,5700.748046875,5010.57373046875,0.16352174803611919,0.7
2026-09-04 13:54:18,multi_repeat_random_states.py,"(1021, 9)",812,sequential_308,Dense 64 -> 16 -> 32 -> 64 -> 64 -> 32 -> 1,mse,adam_308,50,256,1.4269,3544.03076171875,2984.230712890625,2612.80615234375,0.5891938395198952,0.7
2026-09-04 13:54:18,multi_repeat_random_states.py,"(1021, 9)",980,sequential_308,Dense 64 -> 16 -> 32 -> 64 -> 64 -> 32 -> 1,mse,adam_308,50,256,2.2733,57670.84765625,4662.171875,4780.54638671875,0.3179907187942208,0.7
2026-09-04 13:54:19,multi_repeat_random_states.py,"(1021, 9)",896,sequential_308,Dense 64 -> 16 -> 32 -> 64 -> 64 -> 32 -> 1,mse,adam_308,50,256,1.4356,5657.23681640625,3242.772705078125,3091.248046875,0.483938918330462,0.7
2026-09-04 13:54:20,multi_repeat_random_states.py,"(1021, 9)",980,sequential_308,Dense 64 -> 16 -> 32 -> 64 -> 64 -> 32 -> 1,mse,adam_308,50,256,1.509,4554.3525390625,3100.841552734375,3064.38720703125,0.5628239215843438,0.7
2026-09-04 13:54:21,multi_repeat_random_states.py,"(1021, 9)",813,sequential_309,Dense 64 -> 16 -> 32 -> 64 -> 64 -> 32 -> 1,mse,adam_309,50,256,2.2979,61427.7421875,5388.95703125,5506.16015625,0.2374021264096544,0.7
2026-09-04 13:54:21,multi_repeat_random_states.py,"(1021, 9)",896,sequential_308,Dense 64 -> 16 -> 32 -> 64 -> 64 -> 32 -> 1,mse,adam_308,50,256,1.4187,3163.218505859375,3496.250244140625,2833.0419921875,0.5270445113336564,0.7
2026-09-04 13:54:21,multi_repeat_random_states.py,"(1021, 9)",980,sequential_308,Dense 64 -> 16 -> 32 -> 64 -> 64 -> 32 -> 1,mse,adam_308,50,256,1.3987,3142.599853515625,2879.129150390625,2734.987548828125,0.6098172404078449,0.7
2026-09-04 13:54:22,multi_repeat_random_states.py,"(1021, 9)",813,sequential_309,Dense 64 -> 16 -> 32 -> 64 -> 64 -> 32 -> 1,mse,adam_309,50,256,1.3923,5287.57763671875,3239.80126953125,2941.270751953125,0.5926367317544929,0.7
2026-09-04 13:54:23,multi_repeat_random_states.py,"(1021, 9)",897,sequential_309,Dense 64 -> 16 -> 32 -> 64 -> 64 -> 32 -> 1,mse,adam_309,50,256,2.2866,22387.33984375,3931.546875,3615.067138671875,0.4263500600445306,0.7
2026-09-04 13:54:24,multi_repeat_random_states.py,"(1021, 9)",981,sequential_309,Dense 64 -> 16 -> 32 -> 64 -> 64 -> 32 -> 1,mse,adam_309,50,256,2.2431,25187.587890625,4002.542724609375,3559.41259765625,0.3997316258102166,0.7
2026-09-04 13:54:24,multi_repeat_random_states.py,"(1021, 9)",813,sequential_309,Dense 64 -> 16 -> 32 -> 64 -> 64 -> 32 -> 1,mse,adam_309,50,256,1.4642,2986.501708984375,3029.994384765625,3168.73828125,0.5611327398090411,0.7
2026-09-04 13:54:25,multi_repeat_random_states.py,"(1021, 9)",897,sequential_309,Dense 64 -> 16 -> 32 -> 64 -> 64 -> 32 -> 1,mse,adam_309,50,256,1.4157,3723.04052734375,2938.025634765625,3033.71923828125,0.5186000823940086,0.7
2026-09-04 13:54:25,multi_repeat_random_states.py,"(1021, 9)",981,sequential_309,Dense 64 -> 16 -> 32 -> 64 -> 64 -> 32 -> 1,mse,adam_309,50,256,1.433,3851.3046875,3017.20703125,2785.152587890625,0.5303048047019188,0.7
2026-09-04 13:54:26,multi_repeat_random_states.py,"(1021, 9)",814,sequential_310,Dense 64 -> 16 -> 32 -> 64 -> 64 -> 32 -> 1,mse,adam_310,50,256,2.2742,100221.0078125,5822.9208984375,4839.4501953125,0.2072687348867065,0.7
2026-09-04 13:54:26,multi_repeat_random_states.py,"(1021, 9)",897,sequential_309,Dense 64 -> 16 -> 32 -> 64 -> 64 -> 32 -> 1,mse,adam_309,50,256,1.4287,2992.334228515625,3048.2373046875,2807.60986328125,0.5544798501418954,0.7
2026-09-04 13:54:27,multi_repeat_random_states.py,"(1021, 9)",981,sequential_309,Dense 64 -> 16 -> 32 -> 64 -> 64 -> 32 -> 1,mse,adam_309,50,256,1.4136,2920.085205078125,3082.453125,2796.48828125,0.528393104239613,0.7
2026-09-04 13:54:28,multi_repeat_random_states.py,"(1021, 9)",814,sequential_310,Dense 64 -> 16 -> 32 -> 64 -> 64 -> 32 -> 1,mse,adam_310,50,256,1.4184,5786.17626953125,2993.421630859375,2812.415283203125,0.5393093234955904,0.7
2026-09-04 13:54:29,multi_repeat_random_states.py,"(1021, 9)",898,sequential_310,Dense 64 -> 16 -> 32 -> 64 -> 64 -> 32 -> 1,mse,adam_310,50,256,2.249,17720.7109375,3496.025390625,3214.32958984375,0.5286196292839886,0.7
2026-09-04 13:54:29,multi_repeat_random_states.py,"(1021, 9)",982,sequential_310,Dense 64 -> 16 -> 32 -> 64 -> 64 -> 32 -> 1,mse,adam_310,50,256,2.2645,21062.048828125,3617.9091796875,3263.81201171875,0.537754066157506,0.7
2026-09-04 13:54:29,multi_repeat_random_states.py,"(1021, 9)",814,sequential_310,Dense 64 -> 16 -> 32 -> 64 -> 64 -> 32 -> 1,mse,adam_310,50,256,1.4214,2929.28076171875,3237.659912109375,3583.099853515625,0.4130665844792143,0.7
2026-09-04 13:54:30,multi_repeat_random_states.py,"(1021, 9)",898,sequential_310,Dense 64 -> 16 -> 32 -> 64 -> 64 -> 32 -> 1,mse,adam_310,50,256,1.4128,3710.890380859375,2857.8896484375,3001.062255859375,0.5598952513495431,0.7
2026-09-04 13:54:31,multi_repeat_random_states.py,"(1021, 9)",982,sequential_310,Dense 64 -> 16 -> 32 -> 64 -> 64 -> 32 -> 1,mse,adam_310,50,256,1.446,3534.477783203125,2827.227294921875,3107.1357421875,0.5599437976996756,0.7
2026-09-04 13:54:32,multi_repeat_random_states.py,"(1021, 9)",815,sequential_311,Dense 64 -> 16 -> 32 -> 64 -> 64 -> 32 -> 1,mse,adam_311,50,256,2.2479,44840.5546875,3934.209716796875,3202.493408203125,0.5118652123907703,0.7
2026-09-04 13:54:32,multi_repeat_random_states.py,"(1021, 9)",898,sequential_310,Dense 64 -> 16 -> 32 -> 64 -> 64 -> 32 -> 1,mse,adam_310,50,256,1.4167,2931.165283203125,2925.427001953125,2786.187255859375,0.5914065827394934,0.7
2026-09-04 13:54:32,multi_repeat_random_states.py,"(1021, 9)",982,sequential_310,Dense 64 -> 16 -> 32 -> 64 -> 64 -> 32 -> 1,mse,adam_310,50,256,1.3967,2900.462646484375,3194.36865234375,2902.789306640625,0.5888848414049463,0.7
2026-09-04 13:54:33,multi_repeat_random_states.py,"(1021, 9)",815,sequential_311,Dense 64 -> 16 -> 32 -> 64 -> 64 -> 32 -> 1,mse,adam_311,50,256,1.402,3525.659912109375,3003.4365234375,2856.329833984375,0.5646285782803173,0.7
2026-09-04 13:54:34,multi_repeat_random_states.py,"(1021, 9)",899,sequential_311,Dense 64 -> 16 -> 32 -> 64 -> 64 -> 32 -> 1,mse,adam_311,50,256,2.247,38874.5078125,4450.6796875,3880.937744140625,0.3952282557207565,0.7
2026-09-04 13:54:35,multi_repeat_random_states.py,"(1021, 9)",983,sequential_311,Dense 64 -> 16 -> 32 -> 64 -> 64 -> 32 -> 1,mse,adam_311,50,256,2.2852,19404.373046875,3630.73291015625,3107.265625,0.555882701693676,0.7
2026-09-04 13:54:35,multi_repeat_random_states.py,"(1021, 9)",815,sequential_311,Dense 64 -> 16 -> 32 -> 64 -> 64 -> 32 -> 1,mse,adam_311,50,256,1.4935,3090.68359375,2939.729248046875,2819.22021484375,0.5702849662360661,0.7
2026-09-04 13:54:36,multi_repeat_random_states.py,"(1021, 9)",899,sequential_311,Dense 64 -> 16 -> 32 -> 64 -> 64 -> 32 -> 1,mse,adam_311,50,256,1.4304,4333.28271484375,3207.431396484375,2916.196044921875,0.5455653393096112,0.7
2026-09-04 13:54:36,multi_repeat_random_states.py,"(1021, 9)",983,sequential_311,Dense 64 -> 16 -> 32 -> 64 -> 64 -> 32 -> 1,mse,adam_311,50,256,1.4122,3607.981201171875,2994.756103515625,3184.013427734375,0.5449132950898002,0.7
2026-09-04 13:54:37,multi_repeat_random_states.py,"(1021, 9)",899,sequential_311,Dense 64 -> 16 -> 32 -> 64 -> 64 -> 32 -> 1,mse,adam_311,50,256,1.4221,3370.117431640625,3188.7939453125,3066.162353515625,0.5221957927167109,0.7
2026-09-04 13:54:37,multi_repeat_random_states.py,"(1021, 9)",816,sequential_312,Dense 64 -> 16 -> 32 -> 64 -> 64 -> 32 -> 1,mse,adam_312,50,256,2.278,16280.8544921875,3276.2431640625,2900.34814453125,0.5572240314391244,0.7
2026-09-04 13:54:38,multi_repeat_random_states.py,"(1021, 9)",983,sequential_311,Dense 64 -> 16 -> 32 -> 64 -> 64 -> 32 -> 1,mse,adam_311,50,256,1.4586,3120.57177734375,3060.96923828125,2885.71435546875,0.5875487808060568,0.7
2026-09-04 13:54:39,multi_repeat_random_states.py,"(1021, 9)",816,sequential_312,Dense 64 -> 16 -> 32 -> 64 -> 64 -> 32 -> 1,mse,adam_312,50,256,1.4017,3140.773193359375,2971.623046875,2756.158935546875,0.579236436217353,0.7
2026-09-04 13:54:40,multi_repeat_random_states.py,"(1021, 9)",900,sequential_312,Dense 64 -> 16 -> 32 -> 64 -> 64 -> 32 -> 1,mse,adam_312,50,256,2.2638,31270.869140625,4141.72216796875,5356.34130859375,0.29023155510056386,0.7
2026-09-04 13:54:40,multi_repeat_random_states.py,"(1021, 9)",816,sequential_312,Dense 64 -> 16 -> 32 -> 64 -> 64 -> 32 -> 1,mse,adam_312,50,256,1.4364,3103.41796875,2856.83837890625,2747.958984375,0.580488281299805,0.7
2026-09-04 13:54:40,multi_repeat_random_states.py,"(1021, 9)",984,sequential_312,Dense 64 -> 16 -> 32 -> 64 -> 64 -> 32 -> 1,mse,adam_312,50,256,2.3143,19740.67578125,3102.81591796875,3095.64501953125,0.564859241965813,0.7
2026-09-04 13:54:41,multi_repeat_random_states.py,"(1021, 9)",900,sequential_312,Dense 64 -> 16 -> 32 -> 64 -> 64 -> 32 -> 1,mse,adam_312,50,256,1.4468,4111.3564453125,2899.228271484375,3525.927734375,0.5327795004061322,0.7
2026-09-04 13:54:42,multi_repeat_random_states.py,"(1021, 9)",984,sequential_312,Dense 64 -> 16 -> 32 -> 64 -> 64 -> 32 -> 1,mse,adam_312,50,256,1.4062,3007.31298828125,3208.490234375,3091.99267578125,0.5653726921914484,0.7
2026-09-04 13:54:43,multi_repeat_random_states.py,"(1021, 9)",817,sequential_313,Dense 64 -> 16 -> 32 -> 64 -> 64 -> 32 -> 1,mse,adam_313,50,256,2.2657,87440.7265625,5434.1435546875,5607.1796875,0.18402663303480715,0.7
2026-09-04 13:54:43,multi_repeat_random_states.py,"(1021, 9)",900,sequential_312,Dense 64 -> 16 -> 32 -> 64 -> 64 -> 32 -> 1,mse,adam_312,50,256,1.4345,2925.7158203125,2888.322265625,3543.963134765625,0.5303896305963012,0.7
2026-09-04 13:54:43,multi_repeat_random_states.py,"(1021, 9)",984,sequential_312,Dense 64 -> 16 -> 32 -> 64 -> 64 -> 32 -> 1,mse,adam_312,50,256,1.4647,3171.177001953125,2893.521240234375,2859.224609375,0.5980917515075055,0.7
2026-09-04 13:54:44,multi_repeat_random_states.py,"(1021, 9)",817,sequential_313,Dense 64 -> 16 -> 32 -> 64 -> 64 -> 32 -> 1,mse,adam_313,50,256,1.456,5401.34326171875,3087.853271484375,3718.493408203125,0.45887397445262057,0.7
2026-09-04 13:54:45,multi_repeat_random_states.py,"(1021, 9)",901,sequential_313,Dense 64 -> 16 -> 32 -> 64 -> 64 -> 32 -> 1,mse,adam_313,50,256,2.2555,20503.630859375,3527.4150390625,3606.235107421875,0.4321409207763349,0.7
2026-09-04 13:54:46,multi_repeat_random_states.py,"(1021, 9)",985,sequential_313,Dense 64 -> 16 -> 32 -> 64 -> 64 -> 32 -> 1,mse,adam_313,50,256,2.2531,19168.625,3184.48779296875,2654.5703125,0.5674019113155315,0.7
2026-09-04 13:54:46,multi_repeat_random_states.py,"(1021, 9)",817,sequential_313,Dense 64 -> 16 -> 32 -> 64 -> 64 -> 32 -> 1,mse,adam_313,50,256,1.4547,3221.67333984375,3026.142333984375,2935.027587890625,0.5728861737828759,0.7
2026-09-04 13:54:47,multi_repeat_random_states.py,"(1021, 9)",901,sequential_313,Dense 64 -> 16 -> 32 -> 64 -> 64 -> 32 -> 1,mse,adam_313,50,256,1.4159,3322.916259765625,2931.7236328125,2866.5322265625,0.5486189310429421,0.7
2026-09-04 13:54:48,multi_repeat_random_states.py,"(1021, 9)",985,sequential_313,Dense 64 -> 16 -> 32 -> 64 -> 64 -> 32 -> 1,mse,adam_313,50,256,1.5062,3076.734130859375,3055.025390625,2841.90673828125,0.5368728925628475,0.7
2026-09-04 13:54:48,multi_repeat_random_states.py,"(1021, 9)",901,sequential_313,Dense 64 -> 16 -> 32 -> 64 -> 64 -> 32 -> 1,mse,adam_313,50,256,1.4657,3289.17919921875,3177.5361328125,3259.861572265625,0.48668290934057534,0.7
2026-09-04 13:54:49,multi_repeat_random_states.py,"(1021, 9)",818,sequential_314,Dense 64 -> 16 -> 32 -> 64 -> 64 -> 32 -> 1,mse,adam_314,50,256,2.304,20592.560546875,3324.133544921875,2918.753173828125,0.5556677505368122,0.7
2026-09-04 13:54:49,multi_repeat_random_states.py,"(1021, 9)",985,sequential_313,Dense 64 -> 16 -> 32 -> 64 -> 64 -> 32 -> 1,mse,adam_313,50,256,1.3983,2967.334716796875,3123.849853515625,2703.740966796875,0.5593888473168128,0.7
2026-09-04 13:54:50,multi_repeat_random_states.py,"(1021, 9)",818,sequential_314,Dense 64 -> 16 -> 32 -> 64 -> 64 -> 32 -> 1,mse,adam_314,50,256,1.4026,3317.653076171875,3183.2890625,3081.064453125,0.5309585429896173,0.7
2026-09-04 13:54:51,multi_repeat_random_states.py,"(1021, 9)",902,sequential_314,Dense 64 -> 16 -> 32 -> 64 -> 64 -> 32 -> 1,mse,adam_314,50,256,2.3094,78858.921875,5553.13330078125,6516.0439453125,0.14627022428980607,0.7
2026-09-04 13:54:52,multi_repeat_random_states.py,"(1021, 9)",818,sequential_314,Dense 64 -> 16 -> 32 -> 64 -> 64 -> 32 -> 1,mse,adam_314,50,256,1.4913,2967.87255859375,2994.804931640625,2616.170654296875,0.6017309961600092,0.7
2026-09-04 13:54:52,multi_repeat_random_states.py,"(1021, 9)",986,sequential_314,Dense 64 -> 16 -> 32 -> 64 -> 64 -> 32 -> 1,mse,adam_314,50,256,2.3019,27376.07421875,3502.18017578125,3411.9072265625,0.4664233758601187,0.7
2026-09-04 13:54:53,multi_repeat_random_states.py,"(1021, 9)",902,sequential_314,Dense 64 -> 16 -> 32 -> 64 -> 64 -> 32 -> 1,mse,adam_314,50,256,1.4644,5531.95654296875,3223.29833984375,3520.1982421875,0.5387848952086605,0.7
2026-09-04 13:54:53,multi_repeat_random_states.py,"(1021, 9)",986,sequential_314,Dense 64 -> 16 -> 32 -> 64 -> 64 -> 32 -> 1,mse,adam_314,50,256,1.4068,3499.118896484375,3104.86962890625,2724.46923828125,0.5739294269727686,0.7
2026-09-04 13:54:54,multi_repeat_random_states.py,"(1021, 9)",902,sequential_314,Dense 64 -> 16 -> 32 -> 64 -> 64 -> 32 -> 1,mse,adam_314,50,256,1.421,3095.87353515625,2941.84130859375,3334.670654296875,0.5630927109683839,0.7
2026-09-04 13:54:54,multi_repeat_random_states.py,"(1021, 9)",819,sequential_315,Dense 64 -> 16 -> 32 -> 64 -> 64 -> 32 -> 1,mse,adam_315,50,256,2.2781,21211.294921875,3898.814453125,3764.818115234375,0.44418555086106615,0.7
2026-09-04 13:54:55,multi_repeat_random_states.py,"(1021, 9)",986,sequential_314,Dense 64 -> 16 -> 32 -> 64 -> 64 -> 32 -> 1,mse,adam_314,50,256,1.4524,3156.612548828125,2940.326171875,2698.27392578125,0.5780260388831926,0.7
2026-09-04 13:54:56,multi_repeat_random_states.py,"(1021, 9)",819,sequential_315,Dense 64 -> 16 -> 32 -> 64 -> 64 -> 32 -> 1,mse,adam_315,50,256,1.4873,3685.713134765625,2870.619384765625,2802.615234375,0.5862392827010483,0.7
2026-09-04 13:54:57,multi_repeat_random_states.py,"(1021, 9)",903,sequential_315,Dense 64 -> 16 -> 32 -> 64 -> 64 -> 32 -> 1,mse,adam_315,50,256,2.3514,72879.78125,5288.4326171875,5351.431640625,0.20697765344169727,0.7
2026-09-04 13:54:58,multi_repeat_random_states.py,"(1021, 9)",987,sequential_315,Dense 64 -> 16 -> 32 -> 64 -> 64 -> 32 -> 1,mse,adam_315,50,256,2.7796,57704.92578125,4757.49169921875,4604.40625,0.3373628142304499,0.7
2026-09-04 13:54:59,multi_repeat_random_states.py,"(1021, 9)",819,sequential_315,Dense 64 -> 16 -> 32 -> 64 -> 64 -> 32 -> 1,mse,adam_315,50,256,2.5177,2903.357421875,2933.97900390625,2935.36865234375,0.5666404066170261,0.7
2026-09-04 13:55:03,multi_repeat_random_states.py,"(1021, 9)",903,sequential_315,Dense 64 -> 16 -> 32 -> 64 -> 64 -> 32 -> 1,mse,adam_315,50,256,5.9578,5224.56884765625,3136.5302734375,3131.68701171875,0.5359189891150056,0.7
2026-09-04 13:55:05,multi_repeat_random_states.py,"(1021, 9)",987,sequential_315,Dense 64 -> 16 -> 32 -> 64 -> 64 -> 32 -> 1,mse,adam_315,50,256,6.5019,4626.21630859375,3123.4658203125,2980.8173828125,0.5710194336915164,0.7
2026-09-04 13:55:09,multi_repeat_random_states.py,"(1021, 9)",820,sequential_316,Dense 64 -> 16 -> 32 -> 64 -> 64 -> 32 -> 1,mse,adam_316,50,256,9.6067,27862.029296875,3310.77001953125,4080.810546875,0.4536240641631061,0.7
2026-09-04 13:55:10,multi_repeat_random_states.py,"(1021, 9)",903,sequential_315,Dense 64 -> 16 -> 32 -> 64 -> 64 -> 32 -> 1,mse,adam_315,50,256,6.615,3306.901611328125,3041.82421875,3067.484619140625,0.5454330445078517,0.7
2026-09-04 13:55:12,multi_repeat_random_states.py,"(1021, 9)",987,sequential_315,Dense 64 -> 16 -> 32 -> 64 -> 64 -> 32 -> 1,mse,adam_315,50,256,6.6309,3098.77685546875,2845.906005859375,2838.552978515625,0.5914932630658252,0.7
2026-09-04 13:55:17,multi_repeat_random_states.py,"(1021, 9)",820,sequential_316,Dense 64 -> 16 -> 32 -> 64 -> 64 -> 32 -> 1,mse,adam_316,50,256,6.8591,3149.802734375,2806.76025390625,3247.740478515625,0.5651630155880554,0.7
2026-09-04 13:55:22,multi_repeat_random_states.py,"(1021, 9)",904,sequential_316,Dense 64 -> 16 -> 32 -> 64 -> 64 -> 32 -> 1,mse,adam_316,50,256,10.6048,30323.208984375,4585.1328125,5975.3505859375,0.17440333288262566,0.7
2026-09-04 13:55:24,multi_repeat_random_states.py,"(1021, 9)",988,sequential_316,Dense 64 -> 16 -> 32 -> 64 -> 64 -> 32 -> 1,mse,adam_316,50,256,10.6788,28530.888671875,4006.278564453125,4286.359375,0.3873690031916961,0.7
2026-09-04 13:55:24,multi_repeat_random_states.py,"(1021, 9)",820,sequential_316,Dense 64 -> 16 -> 32 -> 64 -> 64 -> 32 -> 1,mse,adam_316,50,256,7.5009,3047.58203125,2809.778564453125,3468.0068359375,0.5356717470728827,0.7
2026-09-04 13:55:29,multi_repeat_random_states.py,"(1021, 9)",904,sequential_316,Dense 64 -> 16 -> 32 -> 64 -> 64 -> 32 -> 1,mse,adam_316,50,256,6.3518,4747.0576171875,2980.695068359375,3175.993896484375,0.5611823019212715,0.7
2026-09-04 13:55:32,multi_repeat_random_states.py,"(1021, 9)",988,sequential_316,Dense 64 -> 16 -> 32 -> 64 -> 64 -> 32 -> 1,mse,adam_316,50,256,7.3798,3927.755126953125,2997.296875,2918.212890625,0.5829122900185106,0.7
2026-09-04 13:55:38,multi_repeat_random_states.py,"(1021, 9)",904,sequential_316,Dense 64 -> 16 -> 32 -> 64 -> 64 -> 32 -> 1,mse,adam_316,50,256,9.1683,2807.773193359375,2824.620361328125,3355.96337890625,0.5363164368122064,0.7
2026-09-04 13:55:41,multi_repeat_random_states.py,"(1021, 9)",988,sequential_316,Dense 64 -> 16 -> 32 -> 64 -> 64 -> 32 -> 1,mse,adam_316,50,256,7.8674,3112.551513671875,2883.041259765625,3065.564697265625,0.5618519524311087,0.7
2026-09-04 13:55:47,multi_repeat_random_states.py,"(1021, 9)",821,sequential_317,Dense 64 -> 16 -> 32 -> 64 -> 64 -> 32 -> 1,mse,adam_317,50,256,21.0383,53259.1328125,3803.09521484375,4502.07861328125,0.39990961460878816,0.7
2026-09-04 13:55:56,multi_repeat_random_states.py,"(1021, 9)",821,sequential_317,Dense 64 -> 16 -> 32 -> 64 -> 64 -> 32 -> 1,mse,adam_317,50,256,8.5173,3593.738525390625,2973.715087890625,3528.17626953125,0.5297228810581406,0.7
2026-09-04 13:55:58,multi_repeat_random_states.py,"(1021, 9)",905,sequential_317,Dense 64 -> 16 -> 32 -> 64 -> 64 -> 32 -> 1,mse,adam_317,50,256,19.062,61367.99609375,4399.24462890625,5427.64501953125,0.25419671906565644,0.7
2026-09-04 13:56:00,multi_repeat_random_states.py,"(1021, 9)",989,sequential_317,Dense 64 -> 16 -> 32 -> 64 -> 64 -> 32 -> 1,mse,adam_317,50,256,19.0778,33318.67578125,3946.26953125,3100.30126953125,0.49833147144476675,0.7
2026-09-04 13:56:02,multi_repeat_random_states.py,"(1021, 9)",821,sequential_317,Dense 64 -> 16 -> 32 -> 64 -> 64 -> 32 -> 1,mse,adam_317,50,256,5.9234,2808.418212890625,2636.442138671875,3230.87890625,0.5693501293145983,0.7
2026-09-04 13:56:05,multi_repeat_random_states.py,"(1021, 9)",905,sequential_317,Dense 64 -> 16 -> 32 -> 64 -> 64 -> 32 -> 1,mse,adam_317,50,256,6.0172,4421.3095703125,2909.377197265625,3021.715576171875,0.5847913214621634,0.7
2026-09-04 13:56:07,multi_repeat_random_states.py,"(1021, 9)",989,sequential_317,Dense 64 -> 16 -> 32 -> 64 -> 64 -> 32 -> 1,mse,adam_317,50,256,6.2518,3722.03369140625,3008.944091796875,2517.8837890625,0.5925740481916881,0.7
2026-09-04 13:56:12,multi_repeat_random_states.py,"(1021, 9)",905,sequential_317,Dense 64 -> 16 -> 32 -> 64 -> 64 -> 32 -> 1,mse,adam_317,50,256,6.9261,2824.15869140625,2999.91748046875,2966.446044921875,0.5923857668969654,0.7
2026-09-04 13:56:13,multi_repeat_random_states.py,"(1021, 9)",822,sequential_318,Dense 64 -> 16 -> 32 -> 64 -> 64 -> 32 -> 1,mse,adam_318,50,256,10.3349,53878.31640625,4026.65966796875,4486.95166015625,0.402330619163599,0.7
2026-09-04 13:56:15,multi_repeat_random_states.py,"(1021, 9)",989,sequential_317,Dense 64 -> 16 -> 32 -> 64 -> 64 -> 32 -> 1,mse,adam_317,50,256,6.8266,2993.129638671875,3414.945556640625,2963.1396484375,0.5205259647252878,0.7
2026-09-04 13:56:21,multi_repeat_random_states.py,"(1021, 9)",822,sequential_318,Dense 64 -> 16 -> 32 -> 64 -> 64 -> 32 -> 1,mse,adam_318,50,256,7.0657,3898.476318359375,2873.344970703125,4059.019287109375,0.4593318482777955,0.7
2026-09-04 13:56:23,multi_repeat_random_states.py,"(1021, 9)",906,sequential_318,Dense 64 -> 16 -> 32 -> 64 -> 64 -> 32 -> 1,mse,adam_318,50,256,10.4278,50754.1328125,3891.1630859375,3856.47314453125,0.41169600912186666,0.7
2026-09-04 13:56:25,multi_repeat_random_states.py,"(1021, 9)",990,sequential_318,Dense 64 -> 16 -> 32 -> 64 -> 64 -> 32 -> 1,mse,adam_318,50,256,9.7166,47121.24609375,5039.013671875,4439.06298828125,0.30557247699029555,0.7
2026-09-04 13:56:27,multi_repeat_random_states.py,"(1021, 9)",822,sequential_318,Dense 64 -> 16 -> 32 -> 64 -> 64 -> 32 -> 1,mse,adam_318,50,256,6.044,3092.7421875,2697.1767578125,3114.174072265625,0.5851868219501686,0.7
2026-09-04 13:56:31,multi_repeat_random_states.py,"(1021, 9)",906,sequential_318,Dense 64 -> 16 -> 32 -> 64 -> 64 -> 32 -> 1,mse,adam_318,50,256,6.9039,3645.0849609375,2742.522216796875,3056.84228515625,0.5336794478220566,0.7
2026-09-04 13:56:33,multi_repeat_random_states.py,"(1021, 9)",990,sequential_318,Dense 64 -> 16 -> 32 -> 64 -> 64 -> 32 -> 1,mse,adam_318,50,256,7.0501,5012.77001953125,3077.21142578125,2725.912841796875,0.5735701340750325,0.7
2026-09-04 13:56:38,multi_repeat_random_states.py,"(1021, 9)",906,sequential_318,Dense 64 -> 16 -> 32 -> 64 -> 64 -> 32 -> 1,mse,adam_318,50,256,7.0711,2732.722900390625,3019.375244140625,3745.234130859375,0.4286654787618578,0.7
2026-09-04 13:56:39,multi_repeat_random_states.py,"(1021, 9)",823,sequential_319,Dense 64 -> 16 -> 32 -> 64 -> 64 -> 32 -> 1,mse,adam_319,50,256,10.1574,42575.3984375,3217.579345703125,3692.801025390625,0.48574446671353655,0.7
2026-09-04 13:56:40,multi_repeat_random_states.py,"(1021, 9)",990,sequential_318,Dense 64 -> 16 -> 32 -> 64 -> 64 -> 32 -> 1,mse,adam_318,50,256,6.6994,3186.474853515625,3061.85693359375,2379.32275390625,0.627789219194356,0.7
2026-09-04 13:56:46,multi_repeat_random_states.py,"(1021, 9)",823,sequential_319,Dense 64 -> 16 -> 32 -> 64 -> 64 -> 32 -> 1,mse,adam_319,50,256,6.3676,3136.98046875,3291.81005859375,3437.82763671875,0.5212518157471366,0.7
2026-09-04 13:56:49,multi_repeat_random_states.py,"(1021, 9)",907,sequential_319,Dense 64 -> 16 -> 32 -> 64 -> 64 -> 32 -> 1,mse,adam_319,50,256,9.4536,53217.9921875,3733.757080078125,3389.738037109375,0.48839123834263864,0.7
2026-09-04 13:56:51,multi_repeat_random_states.py,"(1021, 9)",991,sequential_319,Dense 64 -> 16 -> 32 -> 64 -> 64 -> 32 -> 1,mse,adam_319,50,256,9.6588,99608.6640625,5780.3427734375,6280.0888671875,0.1367003791596656,0.7
2026-09-04 13:56:52,multi_repeat_random_states.py,"(1021, 9)",823,sequential_319,Dense 64 -> 16 -> 32 -> 64 -> 64 -> 32 -> 1,mse,adam_319,50,256,6.1605,3247.30517578125,2873.397705078125,3224.187744140625,0.5510030733085871,0.7
2026-09-04 13:56:56,multi_repeat_random_states.py,"(1021, 9)",907,sequential_319,Dense 64 -> 16 -> 32 -> 64 -> 64 -> 32 -> 1,mse,adam_319,50,256,6.5384,3688.93408203125,2866.233642578125,2811.406494140625,0.5756780531360904,0.7
2026-09-04 13:56:58,multi_repeat_random_states.py,"(1021, 9)",991,sequential_319,Dense 64 -> 16 -> 32 -> 64 -> 64 -> 32 -> 1,mse,adam_319,50,256,6.5861,5740.16162109375,3199.2861328125,3195.119873046875,0.5607791186840219,0.7
2026-09-04 13:57:03,multi_repeat_random_states.py,"(1021, 9)",907,sequential_319,Dense 64 -> 16 -> 32 -> 64 -> 64 -> 32 -> 1,mse,adam_319,50,256,6.622,2873.2568359375,2873.90380859375,2745.17041015625,0.585675027863773,0.7
2026-09-04 13:57:04,multi_repeat_random_states.py,"(1021, 9)",824,sequential_320,Dense 64 -> 16 -> 32 -> 64 -> 64 -> 32 -> 1,mse,adam_320,50,256,10.7187,37394.3203125,3860.668212890625,4066.134765625,0.4112282810670067,0.7
2026-09-04 13:57:05,multi_repeat_random_states.py,"(1021, 9)",991,sequential_319,Dense 64 -> 16 -> 32 -> 64 -> 64 -> 32 -> 1,mse,adam_319,50,256,6.912,3108.645263671875,2855.367919921875,2980.47607421875,0.5902854392865182,0.7
2026-09-04 13:57:11,multi_repeat_random_states.py,"(1021, 9)",824,sequential_320,Dense 64 -> 16 -> 32 -> 64 -> 64 -> 32 -> 1,mse,adam_320,50,256,7.027,3923.941650390625,3294.0322265625,3440.256103515625,0.5018547928476796,0.7
2026-09-04 13:57:14,multi_repeat_random_states.py,"(1021, 9)",908,sequential_320,Dense 64 -> 16 -> 32 -> 64 -> 64 -> 32 -> 1,mse,adam_320,50,256,9.9668,19515.62890625,3375.463623046875,3311.5546875,0.5263625987813056,0.7
2026-09-04 13:57:16,multi_repeat_random_states.py,"(1021, 9)",992,sequential_320,Dense 64 -> 16 -> 32 -> 64 -> 64 -> 32 -> 1,mse,adam_320,50,256,10.3378,107736.5625,5403.41015625,4544.36181640625,0.2588311588945357,0.7
2026-09-04 13:57:18,multi_repeat_random_states.py,"(1021, 9)",824,sequential_320,Dense 64 -> 16 -> 32 -> 64 -> 64 -> 32 -> 1,mse,adam_320,50,256,6.5904,2996.11572265625,2735.456787109375,3153.87353515625,0.5433226735575545,0.7
2026-09-04 13:57:21,multi_repeat_random_states.py,"(1021, 9)",908,sequential_320,Dense 64 -> 16 -> 32 -> 64 -> 64 -> 32 -> 1,mse,adam_320,50,256,6.3254,3099.567626953125,3002.256591796875,3319.725341796875,0.5251940044003065,0.7
2026-09-04 13:57:23,multi_repeat_random_states.py,"(1021, 9)",992,sequential_320,Dense 64 -> 16 -> 32 -> 64 -> 64 -> 32 -> 1,mse,adam_320,50,256,6.6556,5264.94091796875,3151.607666015625,2688.266357421875,0.5615535721831204,0.7
2026-09-04 13:57:28,multi_repeat_random_states.py,"(1021, 9)",908,sequential_320,Dense 64 -> 16 -> 32 -> 64 -> 64 -> 32 -> 1,mse,adam_320,50,256,6.696,3020.261474609375,3003.955322265625,2942.064453125,0.5792092024232338,0.7
2026-09-04 13:57:29,multi_repeat_random_states.py,"(1021, 9)",825,sequential_321,Dense 64 -> 16 -> 32 -> 64 -> 64 -> 32 -> 1,mse,adam_321,50,256,9.9298,24901.283203125,3589.506103515625,3004.5068359375,0.5549270589384623,0.7
2026-09-04 13:57:30,multi_repeat_random_states.py,"(1021, 9)",992,sequential_320,Dense 64 -> 16 -> 32 -> 64 -> 64 -> 32 -> 1,mse,adam_320,50,256,6.3694,3161.827392578125,3079.265869140625,3641.7177734375,0.40604907630286147,0.7
2026-09-04 13:57:37,multi_repeat_random_states.py,"(1021, 9)",825,sequential_321,Dense 64 -> 16 -> 32 -> 64 -> 64 -> 32 -> 1,mse,adam_321,50,256,7.0284,3745.69580078125,2948.781005859375,2790.948974609375,0.5865625147860938,0.7
2026-09-04 13:57:39,multi_repeat_random_states.py,"(1021, 9)",909,sequential_321,Dense 64 -> 16 -> 32 -> 64 -> 64 -> 32 -> 1,mse,adam_321,50,256,10.0186,20218.751953125,3673.287353515625,3324.32958984375,0.5125016057045422,0.7
2026-09-04 13:57:41,multi_repeat_random_states.py,"(1021, 9)",993,sequential_321,Dense 64 -> 16 -> 32 -> 64 -> 64 -> 32 -> 1,mse,adam_321,50,256,10.0918,41051.89453125,3877.0302734375,3666.2451171875,0.41543834688810355,0.7
2026-09-04 13:57:44,multi_repeat_random_states.py,"(1021, 9)",825,sequential_321,Dense 64 -> 16 -> 32 -> 64 -> 64 -> 32 -> 1,mse,adam_321,50,256,6.9985,2945.0166015625,3124.9150390625,2951.77734375,0.5627381885446585,0.7
2026-09-04 13:57:47,multi_repeat_random_states.py,"(1021, 9)",909,sequential_321,Dense 64 -> 16 -> 32 -> 64 -> 64 -> 32 -> 1,mse,adam_321,50,256,7.0209,3516.309814453125,2889.76513671875,2964.75146484375,0.5652321543211373,0.7
2026-09-04 13:57:49,multi_repeat_random_states.py,"(1021, 9)",993,sequential_321,Dense 64 -> 16 -> 32 -> 64 -> 64 -> 32 -> 1,mse,adam_321,50,256,6.8937,3796.764404296875,3610.599365234375,2589.2275390625,0.5871626758140724,0.7
2026-09-04 13:57:53,multi_repeat_random_states.py,"(1021, 9)",909,sequential_321,Dense 64 -> 16 -> 32 -> 64 -> 64 -> 32 -> 1,mse,adam_321,50,256,6.0533,2878.730712890625,2870.40478515625,2899.97265625,0.5747316885306304,0.7
2026-09-04 13:57:55,multi_repeat_random_states.py,"(1021, 9)",826,sequential_322,Dense 64 -> 16 -> 32 -> 64 -> 64 -> 32 -> 1,mse,adam_322,50,256,9.5875,251519.203125,5618.36181640625,6227.95849609375,0.09925460906580241,0.7
2026-09-04 13:57:56,multi_repeat_random_states.py,"(1021, 9)",993,sequential_321,Dense 64 -> 16 -> 32 -> 64 -> 64 -> 32 -> 1,mse,adam_321,50,256,6.492,3184.321533203125,2982.75390625,2538.035888671875,0.5953247872660405,0.7
2026-09-04 13:58:01,multi_repeat_random_states.py,"(1021, 9)",826,sequential_322,Dense 64 -> 16 -> 32 -> 64 -> 64 -> 32 -> 1,mse,adam_322,50,256,5.9162,5598.86962890625,3540.417724609375,3991.376220703125,0.4227299345741924,0.7
2026-09-04 13:58:03,multi_repeat_random_states.py,"(1021, 9)",910,sequential_322,Dense 64 -> 16 -> 32 -> 64 -> 64 -> 32 -> 1,mse,adam_322,50,256,8.6403,19538.767578125,3289.879150390625,3222.57958984375,0.49219674988615414,0.7
2026-09-04 13:58:06,multi_repeat_random_states.py,"(1021, 9)",994,sequential_322,Dense 64 -> 16 -> 32 -> 64 -> 64 -> 32 -> 1,mse,adam_322,50,256,9.6569,24224.580078125,3153.480712890625,2898.34228515625,0.569719624042701,0.7
2026-09-04 13:58:07,multi_repeat_random_states.py,"(1021, 9)",826,sequential_322,Dense 64 -> 16 -> 32 -> 64 -> 64 -> 32 -> 1,mse,adam_322,50,256,6.2039,3478.456298828125,2797.98876953125,3181.306396484375,0.539889794930112,0.7
2026-09-04 13:58:10,multi_repeat_random_states.py,"(1021, 9)",910,sequential_322,Dense 64 -> 16 -> 32 -> 64 -> 64 -> 32 -> 1,mse,adam_322,50,256,6.7045,3192.912841796875,2777.774658203125,3048.470947265625,0.5196322086624925,0.7
2026-09-04 13:58:14,multi_repeat_random_states.py,"(1021, 9)",994,sequential_322,Dense 64 -> 16 -> 32 -> 64 -> 64 -> 32 -> 1,mse,adam_322,50,256,6.8017,2999.984619140625,3200.8623046875,3103.18017578125,0.5393098738176392,0.7
2026-09-04 13:58:17,multi_repeat_random_states.py,"(1021, 9)",910,sequential_322,Dense 64 -> 16 -> 32 -> 64 -> 64 -> 32 -> 1,mse,adam_322,50,256,6.7179,2782.92919921875,2734.346435546875,3090.0,0.5130882592822124,0.7
2026-09-04 13:58:19,multi_repeat_random_states.py,"(1021, 9)",827,sequential_323,Dense 64 -> 16 -> 32 -> 64 -> 64 -> 32 -> 1,mse,adam_323,50,256,10.151,160708.484375,5913.14453125,6057.78076171875,0.13208165058256005,0.7
2026-09-04 13:58:20,multi_repeat_random_states.py,"(1021, 9)",994,sequential_322,Dense 64 -> 16 -> 32 -> 64 -> 64 -> 32 -> 1,mse,adam_322,50,256,6.546,3174.954345703125,2958.824462890625,3184.6767578125,0.5272111035400054,0.7
2026-09-04 13:58:25,multi_repeat_random_states.py,"(1021, 9)",827,sequential_323,Dense 64 -> 16 -> 32 -> 64 -> 64 -> 32 -> 1,mse,adam_323,50,256,6.4262,5905.33544921875,3136.7451171875,2886.906494140625,0.5863833532805085,0.7
2026-09-04 13:58:28,multi_repeat_random_states.py,"(1021, 9)",911,sequential_323,Dense 64 -> 16 -> 32 -> 64 -> 64 -> 32 -> 1,mse,adam_323,50,256,10.0662,30914.240234375,4678.17333984375,4299.9619140625,0.3254419257229858,0.7
2026-09-04 13:58:32,multi_repeat_random_states.py,"(1021, 9)",995,sequential_323,Dense 64 -> 16 -> 32 -> 64 -> 64 -> 32 -> 1,mse,adam_323,50,256,10.1379,271366.8125,5870.10986328125,6592.30126953125,0.07910178931457534,0.7
2026-09-04 13:58:33,multi_repeat_random_states.py,"(1021, 9)",827,sequential_323,Dense 64 -> 16 -> 32 -> 64 -> 64 -> 32 -> 1,mse,adam_323,50,256,6.8625,3094.11669921875,3037.34521484375,2814.11279296875,0.5968127797732692,0.7
2026-09-04 13:58:35,multi_repeat_random_states.py,"(1021, 9)",911,sequential_323,Dense 64 -> 16 -> 32 -> 64 -> 64 -> 32 -> 1,mse,adam_323,50,256,6.737,4598.51611328125,2982.4990234375,3317.7939453125,0.4795198241243007,0.7
2026-09-04 13:58:39,multi_repeat_random_states.py,"(1021, 9)",995,sequential_323,Dense 64 -> 16 -> 32 -> 64 -> 64 -> 32 -> 1,mse,adam_323,50,256,7.0249,5856.5205078125,3595.658447265625,3911.86181640625,0.45354032390915844,0.7
2026-09-04 13:58:42,multi_repeat_random_states.py,"(1021, 9)",911,sequential_323,Dense 64 -> 16 -> 32 -> 64 -> 64 -> 32 -> 1,mse,adam_323,50,256,6.679,3041.84912109375,2964.20361328125,2846.503662109375,0.5534537071706107,0.7
2026-09-04 13:58:44,multi_repeat_random_states.py,"(1021, 9)",828,sequential_324,Dense 64 -> 16 -> 32 -> 64 -> 64 -> 32 -> 1,mse,adam_324,50,256,10.5778,23980.224609375,3710.113037109375,4974.34423828125,0.37970637914550176,0.7
2026-09-04 13:58:47,multi_repeat_random_states.py,"(1021, 9)",995,sequential_323,Dense 64 -> 16 -> 32 -> 64 -> 64 -> 32 -> 1,mse,adam_323,50,256,6.9875,3579.61962890625,2947.78564453125,2944.0224609375,0.5887406725612911,0.7
2026-09-04 13:58:51,multi_repeat_random_states.py,"(1021, 9)",828,sequential_324,Dense 64 -> 16 -> 32 -> 64 -> 64 -> 32 -> 1,mse,adam_324,50,256,6.6124,3579.815673828125,2776.207275390625,3559.45751953125,0.5561406853843084,0.7
2026-09-04 13:58:54,multi_repeat_random_states.py,"(1021, 9)",912,sequential_324,Dense 64 -> 16 -> 32 -> 64 -> 64 -> 32 -> 1,mse,adam_324,50,256,10.5949,28098.86328125,3487.67578125,3437.78564453125,0.5098313792930448,0.7
2026-09-04 13:58:59,multi_repeat_random_states.py,"(1021, 9)",996,sequential_324,Dense 64 -> 16 -> 32 -> 64 -> 64 -> 32 -> 1,mse,adam_324,50,256,11.0797,313522.90625,6099.51171875,6648.8046875,0.060702947182351585,0.7
2026-09-04 13:58:59,multi_repeat_random_states.py,"(1021, 9)",828,sequential_324,Dense 64 -> 16 -> 32 -> 64 -> 64 -> 32 -> 1,mse,adam_324,50,256,7.4065,2881.4130859375,2733.577392578125,3408.782470703125,0.5749297114092909,0.7
2026-09-04 13:59:02,multi_repeat_random_states.py,"(1021, 9)",912,sequential_324,Dense 64 -> 16 -> 32 -> 64 -> 64 -> 32 -> 1,mse,adam_324,50,256,7.1384,3384.777587890625,3020.73779296875,2877.071533203125,0.5897794517425028,0.7
2026-09-04 13:59:06,multi_repeat_random_states.py,"(1021, 9)",996,sequential_324,Dense 64 -> 16 -> 32 -> 64 -> 64 -> 32 -> 1,mse,adam_324,50,256,7.0419,6087.02587890625,5012.95068359375,5451.93505859375,0.22978841013324502,0.7
2026-09-04 13:59:09,multi_repeat_random_states.py,"(1021, 9)",912,sequential_324,Dense 64 -> 16 -> 32 -> 64 -> 64 -> 32 -> 1,mse,adam_324,50,256,7.0989,2883.908447265625,2961.681396484375,2863.323974609375,0.5917396591983712,0.7
2026-09-04 13:59:10,multi_repeat_random_states.py,"(1021, 9)",829,sequential_325,Dense 64 -> 16 -> 32 -> 64 -> 64 -> 32 -> 1,mse,adam_325,50,256,10.2304,51244.3359375,4367.66064453125,4493.4248046875,0.3152047002079812,0.7
2026-09-04 13:59:13,multi_repeat_random_states.py,"(1021, 9)",996,sequential_324,Dense 64 -> 16 -> 32 -> 64 -> 64 -> 32 -> 1,mse,adam_324,50,256,6.66,4977.88720703125,2916.421630859375,3193.868408203125,0.5487924038850669,0.7
2026-09-04 13:59:18,multi_repeat_random_states.py,"(1021, 9)",829,sequential_325,Dense 64 -> 16 -> 32 -> 64 -> 64 -> 32 -> 1,mse,adam_325,50,256,6.8193,4223.349609375,3341.046875,2783.063720703125,0.5758627233080784,0.7
2026-09-04 13:59:20,multi_repeat_random_states.py,"(1021, 9)",913,sequential_325,Dense 64 -> 16 -> 32 -> 64 -> 64 -> 32 -> 1,mse,adam_325,50,256,9.7837,33858.05078125,3002.563720703125,3354.024658203125,0.5360075114757192,0.7
2026-09-04 13:59:25,multi_repeat_random_states.py,"(1021, 9)",997,sequential_325,Dense 64 -> 16 -> 32 -> 64 -> 64 -> 32 -> 1,mse,adam_325,50,256,10.1526,19843.150390625,3161.253662109375,3110.489990234375,0.5609352232154126,0.7
2026-09-04 13:59:25,multi_repeat_random_states.py,"(1021, 9)",829,sequential_325,Dense 64 -> 16 -> 32 -> 64 -> 64 -> 32 -> 1,mse,adam_325,50,256,6.7727,3479.480712890625,2993.113037109375,3104.201171875,0.5269215378691203,0.7
2026-09-04 13:59:28,multi_repeat_random_states.py,"(1021, 9)",913,sequential_325,Dense 64 -> 16 -> 32 -> 64 -> 64 -> 32 -> 1,mse,adam_325,50,256,7.0952,2931.666748046875,2888.8212890625,3393.056396484375,0.5306078652102515,0.7
2026-09-04 13:59:32,multi_repeat_random_states.py,"(1021, 9)",997,sequential_325,Dense 64 -> 16 -> 32 -> 64 -> 64 -> 32 -> 1,mse,adam_325,50,256,7.0141,3108.403564453125,2844.96923828125,3112.692138671875,0.5606243760717111,0.7
2026-09-04 13:59:35,multi_repeat_random_states.py,"(1021, 9)",913,sequential_325,Dense 64 -> 16 -> 32 -> 64 -> 64 -> 32 -> 1,mse,adam_325,50,256,6.7728,2799.0078125,2838.65087890625,3421.908203125,0.5266165947852176,0.7
2026-09-04 13:59:36,multi_repeat_random_states.py,"(1021, 9)",830,sequential_326,Dense 64 -> 16 -> 32 -> 64 -> 64 -> 32 -> 1,mse,adam_326,50,256,10.0654,356626.625,5986.1533203125,6378.11376953125,0.11189668837967615,0.7
2026-09-04 13:59:40,multi_repeat_random_states.py,"(1021, 9)",997,sequential_325,Dense 64 -> 16 -> 32 -> 64 -> 64 -> 32 -> 1,mse,adam_325,50,256,6.8595,3100.309326171875,2825.77880859375,2796.77197265625,0.6052184161088359,0.7
2026-09-04 13:59:43,multi_repeat_random_states.py,"(1021, 9)",830,sequential_326,Dense 64 -> 16 -> 32 -> 64 -> 64 -> 32 -> 1,mse,adam_326,50,256,6.8461,5960.3916015625,4656.060546875,4950.38720703125,0.3106966020308497,0.7
2026-09-04 13:59:46,multi_repeat_random_states.py,"(1021, 9)",914,sequential_326,Dense 64 -> 16 -> 32 -> 64 -> 64 -> 32 -> 1,mse,adam_326,50,256,10.3026,36672.546875,4152.07421875,4032.7548828125,0.35103977052844404,0.7
2026-09-04 13:59:50,multi_repeat_random_states.py,"(1021, 9)",830,sequential_326,Dense 64 -> 16 -> 32 -> 64 -> 64 -> 32 -> 1,mse,adam_326,50,256,6.6152,4611.8857421875,2776.54296875,3083.08935546875,0.5707034335435146,0.7
2026-09-04 13:59:51,multi_repeat_random_states.py,"(1021, 9)",998,sequential_326,Dense 64 -> 16 -> 32 -> 64 -> 64 -> 32 -> 1,mse,adam_326,50,256,10.247,60070.5078125,4764.75634765625,4409.47021484375,0.31133927210055223,0.7
2026-09-04 13:59:54,multi_repeat_random_states.py,"(1021, 9)",914,sequential_326,Dense 64 -> 16 -> 32 -> 64 -> 64 -> 32 -> 1,mse,adam_326,50,256,6.8288,3799.229248046875,3575.31689453125,2805.294921875,0.5485655104572172,0.7
2026-09-04 13:59:58,multi_repeat_random_states.py,"(1021, 9)",998,sequential_326,Dense 64 -> 16 -> 32 -> 64 -> 64 -> 32 -> 1,mse,adam_326,50,256,6.4109,4590.54150390625,3175.359130859375,3907.42578125,0.389747351021712,0.7
2026-09-04 14:00:01,multi_repeat_random_states.py,"(1021, 9)",914,sequential_326,Dense 64 -> 16 -> 32 -> 64 -> 64 -> 32 -> 1,mse,adam_326,50,256,6.7178,3260.708740234375,3086.6337890625,2626.60595703125,0.5773205099791516,0.7
2026-09-04 14:00:02,multi_repeat_random_states.py,"(1021, 9)",831,sequential_327,Dense 64 -> 16 -> 32 -> 64 -> 64 -> 32 -> 1,mse,adam_327,50,256,10.3042,27238.087890625,3395.046875,3337.033935546875,0.502405533444862,0.7
2026-09-04 14:00:05,multi_repeat_random_states.py,"(1021, 9)",998,sequential_326,Dense 64 -> 16 -> 32 -> 64 -> 64 -> 32 -> 1,mse,adam_326,50,256,7.0484,3411.46142578125,2766.542724609375,2984.2529296875,0.5339263553668026,0.7
2026-09-04 14:00:09,multi_repeat_random_states.py,"(1021, 9)",831,sequential_327,Dense 64 -> 16 -> 32 -> 64 -> 64 -> 32 -> 1,mse,adam_327,50,256,6.9496,3335.8544921875,2929.0234375,2792.108642578125,0.5836608533012784,0.7
2026-09-04 14:00:12,multi_repeat_random_states.py,"(1021, 9)",915,sequential_327,Dense 64 -> 16 -> 32 -> 64 -> 64 -> 32 -> 1,mse,adam_327,50,256,9.937,39348.12890625,3775.22314453125,3526.340087890625,0.4527317422107695,0.7
2026-09-04 14:00:16,multi_repeat_random_states.py,"(1021, 9)",999,sequential_327,Dense 64 -> 16 -> 32 -> 64 -> 64 -> 32 -> 1,mse,adam_327,50,256,10.3138,150211.640625,5580.6826171875,6318.68212890625,0.1653692087928521,0.7
2026-09-04 14:00:17,multi_repeat_random_states.py,"(1021, 9)",831,sequential_327,Dense 64 -> 16 -> 32 -> 64 -> 64 -> 32 -> 1,mse,adam_327,50,256,7.2537,2937.614990234375,2939.84228515625,3093.730224609375,0.5386852152416783,0.7
2026-09-04 14:00:19,multi_repeat_random_states.py,"(1021, 9)",915,sequential_327,Dense 64 -> 16 -> 32 -> 64 -> 64 -> 32 -> 1,mse,adam_327,50,256,7.1497,3530.01416015625,3001.5185546875,3041.30224609375,0.5280069433029585,0.7
2026-09-04 14:00:24,multi_repeat_random_states.py,"(1021, 9)",999,sequential_327,Dense 64 -> 16 -> 32 -> 64 -> 64 -> 32 -> 1,mse,adam_327,50,256,7.064,5562.71484375,3293.242919921875,3627.5361328125,0.5208409340963146,0.7
2026-09-04 14:00:27,multi_repeat_random_states.py,"(1021, 9)",915,sequential_327,Dense 64 -> 16 -> 32 -> 64 -> 64 -> 32 -> 1,mse,adam_327,50,256,7.0648,2991.19970703125,3170.067138671875,3197.450927734375,0.5037735605289178,0.7
2026-09-04 14:00:29,multi_repeat_random_states.py,"(1021, 9)",832,sequential_328,Dense 64 -> 16 -> 32 -> 64 -> 64 -> 32 -> 1,mse,adam_328,50,256,10.855,465463.5,6044.4609375,5863.82080078125,0.12079906639282834,0.7
2026-09-04 14:00:32,multi_repeat_random_states.py,"(1021, 9)",999,sequential_327,Dense 64 -> 16 -> 32 -> 64 -> 64 -> 32 -> 1,mse,adam_327,50,256,7.1868,3208.551513671875,2945.52685546875,3158.782470703125,0.5827583330922704,0.7
2026-09-04 14:00:38,multi_repeat_random_states.py,"(1021, 9)",832,sequential_328,Dense 64 -> 16 -> 32 -> 64 -> 64 -> 32 -> 1,mse,adam_328,50,256,8.3427,6025.3017578125,5218.22314453125,5101.51220703125,0.2350970286595736,0.7
2026-09-04 14:00:41,multi_repeat_random_states.py,"(1021, 9)",916,sequential_328,Dense 64 -> 16 -> 32 -> 64 -> 64 -> 32 -> 1,mse,adam_328,50,256,12.414,42087.609375,5702.02294921875,4981.3095703125,0.17375606489861695,0.7
2026-09-04 14:00:48,multi_repeat_random_states.py,"(1021, 9)",832,sequential_328,Dense 64 -> 16 -> 32 -> 64 -> 64 -> 32 -> 1,mse,adam_328,50,256,9.8607,5172.341796875,3499.234619140625,3674.23876953125,0.44909741763879707,0.7
2026-09-04 14:00:51,multi_repeat_random_states.py,"(1021, 9)",916,sequential_328,Dense 64 -> 16 -> 32 -> 64 -> 64 -> 32 -> 1,mse,adam_328,50,256,9.6344,5679.0576171875,3202.15869140625,2706.780517578125,0.5510294862817182,0.7
2026-09-04 14:01:01,multi_repeat_random_states.py,"(1021, 9)",916,sequential_328,Dense 64 -> 16 -> 32 -> 64 -> 64 -> 32 -> 1,mse,adam_328,50,256,8.8464,3015.405029296875,2952.949951171875,2792.529296875,0.5368064284648593,0.7
2026-09-04 14:01:02,multi_repeat_random_states.py,"(1021, 9)",833,sequential_329,Dense 64 -> 16 -> 32 -> 64 -> 64 -> 32 -> 1,mse,adam_329,50,256,12.9147,26255.216796875,2829.841064453125,3268.983154296875,0.5544717208587646,0.7
2026-09-04 14:01:11,multi_repeat_random_states.py,"(1021, 9)",833,sequential_329,Dense 64 -> 16 -> 32 -> 64 -> 64 -> 32 -> 1,mse,adam_329,50,256,8.0905,2983.67626953125,2811.54638671875,3229.2939453125,0.559880899239346,0.7
2026-09-04 14:01:13,multi_repeat_random_states.py,"(1021, 9)",917,sequential_329,Dense 64 -> 16 -> 32 -> 64 -> 64 -> 32 -> 1,mse,adam_329,50,256,11.1377,70576.3125,5832.6875,5054.2939453125,0.22604775662115761,0.7
2026-09-04 14:01:20,multi_repeat_random_states.py,"(1021, 9)",833,sequential_329,Dense 64 -> 16 -> 32 -> 64 -> 64 -> 32 -> 1,mse,adam_329,50,256,9.0328,2921.203857421875,2884.59765625,3025.766845703125,0.5876195062016598,0.7
2026-09-04 14:01:23,multi_repeat_random_states.py,"(1021, 9)",917,sequential_329,Dense 64 -> 16 -> 32 -> 64 -> 64 -> 32 -> 1,mse,adam_329,50,256,9.4432,5848.3017578125,3314.679931640625,2954.269287109375,0.5476195915126735,0.7
2026-09-04 14:01:31,multi_repeat_random_states.py,"(1021, 9)",917,sequential_329,Dense 64 -> 16 -> 32 -> 64 -> 64 -> 32 -> 1,mse,adam_329,50,256,7.9495,3340.61328125,2993.123779296875,2666.82373046875,0.5916355403501143,0.7
2026-09-04 14:01:33,multi_repeat_random_states.py,"(1021, 9)",834,sequential_330,Dense 64 -> 16 -> 32 -> 64 -> 64 -> 32 -> 1,mse,adam_330,50,256,12.0239,37523.28515625,3716.109130859375,3248.91455078125,0.5061391595712791,0.7
2026-09-04 14:01:42,multi_repeat_random_states.py,"(1021, 9)",834,sequential_330,Dense 64 -> 16 -> 32 -> 64 -> 64 -> 32 -> 1,mse,adam_330,50,256,8.843,3845.96728515625,3042.61279296875,2586.70166015625,0.6068008292692348,0.7
2026-09-04 14:01:44,multi_repeat_random_states.py,"(1021, 9)",918,sequential_330,Dense 64 -> 16 -> 32 -> 64 -> 64 -> 32 -> 1,mse,adam_330,50,256,12.2937,258878.25,6277.267578125,6121.58642578125,0.0882356266720592,0.7
2026-09-04 14:01:51,multi_repeat_random_states.py,"(1021, 9)",834,sequential_330,Dense 64 -> 16 -> 32 -> 64 -> 64 -> 32 -> 1,mse,adam_330,50,256,8.2549,3000.47265625,3418.4287109375,2665.233642578125,0.5948632920758712,0.7
2026-09-04 14:01:52,multi_repeat_random_states.py,"(1021, 9)",918,sequential_330,Dense 64 -> 16 -> 32 -> 64 -> 64 -> 32 -> 1,mse,adam_330,50,256,7.4373,6245.24169921875,4718.09521484375,4530.31982421875,0.3252428416094404,0.7
2026-09-04 14:02:01,multi_repeat_random_states.py,"(1021, 9)",918,sequential_330,Dense 64 -> 16 -> 32 -> 64 -> 64 -> 32 -> 1,mse,adam_330,50,256,8.4755,4666.5771484375,3258.16552734375,3178.386962890625,0.5266030696472024,0.7
2026-09-04 14:02:04,multi_repeat_random_states.py,"(1021, 9)",835,sequential_331,Dense 64 -> 16 -> 32 -> 64 -> 64 -> 32 -> 1,mse,adam_331,50,256,11.8665,20607.203125,2992.094482421875,3031.723388671875,0.5542574912509421,0.7
2026-09-04 14:02:13,multi_repeat_random_states.py,"(1021, 9)",835,sequential_331,Dense 64 -> 16 -> 32 -> 64 -> 64 -> 32 -> 1,mse,adam_331,50,256,8.5252,3044.40576171875,3007.532470703125,2948.19775390625,0.5665379114191603,0.7
2026-09-04 14:02:14,multi_repeat_random_states.py,"(1021, 9)",919,sequential_331,Dense 64 -> 16 -> 32 -> 64 -> 64 -> 32 -> 1,mse,adam_331,50,256,12.0408,41736.1875,4592.0078125,4583.5029296875,0.33985974835207744,0.7
2026-09-04 14:02:21,multi_repeat_random_states.py,"(1021, 9)",835,sequential_331,Dense 64 -> 16 -> 32 -> 64 -> 64 -> 32 -> 1,mse,adam_331,50,256,7.6773,3052.50634765625,3109.277099609375,2746.526611328125,0.5961888202233772,0.7
2026-09-04 14:02:23,multi_repeat_random_states.py,"(1021, 9)",919,sequential_331,Dense 64 -> 16 -> 32 -> 64 -> 64 -> 32 -> 1,mse,adam_331,50,256,8.0694,4426.98486328125,2924.01171875,2914.317626953125,0.5802645800319446,0.7
2026-09-04 14:02:34,multi_repeat_random_states.py,"(1021, 9)",919,sequential_331,Dense 64 -> 16 -> 32 -> 64 -> 64 -> 32 -> 1,mse,adam_331,50,256,10.0874,2926.17919921875,2991.787109375,3117.111572265625,0.551057150072456,0.7
2026-09-04 14:02:35,multi_repeat_random_states.py,"(1021, 9)",836,sequential_332,Dense 64 -> 16 -> 32 -> 64 -> 64 -> 32 -> 1,mse,adam_332,50,256,13.1806,21231.138671875,3400.79736328125,3660.91064453125,0.45675258723191103,0.7
2026-09-04 14:02:45,multi_repeat_random_states.py,"(1021, 9)",836,sequential_332,Dense 64 -> 16 -> 32 -> 64 -> 64 -> 32 -> 1,mse,adam_332,50,256,9.0314,3490.10107421875,2936.036865234375,3096.051025390625,0.5405729267896536,0.7
2026-09-04 14:02:48,multi_repeat_random_states.py,"(1021, 9)",920,sequential_332,Dense 64 -> 16 -> 32 -> 64 -> 64 -> 32 -> 1,mse,adam_332,50,256,12.6621,121368.0703125,5393.54638671875,6262.77490234375,0.14489461178037877,0.7
2026-09-04 14:02:55,multi_repeat_random_states.py,"(1021, 9)",836,sequential_332,Dense 64 -> 16 -> 32 -> 64 -> 64 -> 32 -> 1,mse,adam_332,50,256,9.4805,3064.393798828125,2824.01318359375,2985.82763671875,0.5569290934140942,0.7
2026-09-04 14:02:56,multi_repeat_random_states.py,"(1021, 9)",920,sequential_332,Dense 64 -> 16 -> 32 -> 64 -> 64 -> 32 -> 1,mse,adam_332,50,256,8.2548,5363.02197265625,3042.609619140625,3642.17529296875,0.5027054911357388,0.7
2026-09-04 14:03:03,multi_repeat_random_states.py,"(1021, 9)",920,sequential_332,Dense 64 -> 16 -> 32 -> 64 -> 64 -> 32 -> 1,mse,adam_332,50,256,6.3671,3298.057373046875,2853.4375,3483.4072265625,0.5243832626097082,0.7
2026-09-04 14:03:05,multi_repeat_random_states.py,"(1021, 9)",837,sequential_333,Dense 64 -> 16 -> 32 -> 64 -> 64 -> 32 -> 1,mse,adam_333,50,256,9.4317,66855.1875,5331.33349609375,4896.56005859375,0.24039868678652032,0.7
2026-09-04 14:03:13,multi_repeat_random_states.py,"(1021, 9)",837,sequential_333,Dense 64 -> 16 -> 32 -> 64 -> 64 -> 32 -> 1,mse,adam_333,50,256,6.819,5258.09228515625,2842.902099609375,3154.285400390625,0.5106770442465244,0.7
2026-09-04 14:03:14,multi_repeat_random_states.py,"(1021, 9)",921,sequential_333,Dense 64 -> 16 -> 32 -> 64 -> 64 -> 32 -> 1,mse,adam_333,50,256,10.336,40978.29296875,4904.3173828125,3584.0322265625,0.3878803803632319,0.7
2026-09-04 14:03:22,multi_repeat_random_states.py,"(1021, 9)",837,sequential_333,Dense 64 -> 16 -> 32 -> 64 -> 64 -> 32 -> 1,mse,adam_333,50,256,8.9929,3023.55517578125,3191.47412109375,3518.281982421875,0.4542103853222159,0.7
2026-09-04 14:03:24,multi_repeat_random_states.py,"(1021, 9)",921,sequential_333,Dense 64 -> 16 -> 32 -> 64 -> 64 -> 32 -> 1,mse,adam_333,50,256,9.0779,4532.267578125,3439.307373046875,2617.7421875,0.5529138020870163,0.7
2026-09-04 14:03:32,multi_repeat_random_states.py,"(1021, 9)",921,sequential_333,Dense 64 -> 16 -> 32 -> 64 -> 64 -> 32 -> 1,mse,adam_333,50,256,7.7101,3115.905517578125,3108.98291015625,2526.95654296875,0.5684191561288142,0.7
2026-09-04 14:03:34,multi_repeat_random_states.py,"(1021, 9)",838,sequential_334,Dense 64 -> 16 -> 32 -> 64 -> 64 -> 32 -> 1,mse,adam_334,50,256,10.5959,27042.80859375,3272.887451171875,2807.796875,0.5391466118870711,0.7
2026-09-04 14:03:42,multi_repeat_random_states.py,"(1021, 9)",838,sequential_334,Dense 64 -> 16 -> 32 -> 64 -> 64 -> 32 -> 1,mse,adam_334,50,256,8.3161,3294.45703125,2852.5166015625,2711.84619140625,0.5548953555443698,0.7
2026-09-04 14:03:45,multi_repeat_random_states.py,"(1021, 9)",922,sequential_334,Dense 64 -> 16 -> 32 -> 64 -> 64 -> 32 -> 1,mse,adam_334,50,256,12.0192,40752.2109375,5222.4716796875,4769.3271484375,0.25728989795925594,0.7
2026-09-04 14:03:53,multi_repeat_random_states.py,"(1021, 9)",838,sequential_334,Dense 64 -> 16 -> 32 -> 64 -> 64 -> 32 -> 1,mse,adam_334,50,256,9.8648,2931.187744140625,2895.306640625,3313.22314453125,0.45618923166920866,0.7
2026-09-04 14:03:54,multi_repeat_random_states.py,"(1021, 9)",922,sequential_334,Dense 64 -> 16 -> 32 -> 64 -> 64 -> 32 -> 1,mse,adam_334,50,256,8.4901,5110.19384765625,3549.02587890625,2694.116455078125,0.5804549084727878,0.7
2026-09-04 14:03:55,multi_repeat_random_states.py,"(1021, 9)",922,sequential_334,Dense 64 -> 16 -> 32 -> 64 -> 64 -> 32 -> 1,mse,adam_334,50,256,1.4687,3254.5302734375,3063.4853515625,2634.01123046875,0.5898148799407584,0.7
2026-09-04 14:03:56,multi_repeat_random_states.py,"(1021, 9)",839,sequential_335,Dense 64 -> 16 -> 32 -> 64 -> 64 -> 32 -> 1,mse,adam_335,50,256,2.7084,19957.931640625,3223.1611328125,2700.408447265625,0.5635470182372251,0.7
2026-09-04 14:03:57,multi_repeat_random_states.py,"(1021, 9)",839,sequential_335,Dense 64 -> 16 -> 32 -> 64 -> 64 -> 32 -> 1,mse,adam_335,50,256,1.4284,3365.8251953125,2946.10888671875,2631.765380859375,0.5746414162567466,0.7
2026-09-04 14:03:58,multi_repeat_random_states.py,"(1021, 9)",923,sequential_335,Dense 64 -> 16 -> 32 -> 64 -> 64 -> 32 -> 1,mse,adam_335,50,256,2.2137,73659.484375,4207.6015625,4253.04345703125,0.37260563743045927,0.7
2026-09-04 14:03:59,multi_repeat_random_states.py,"(1021, 9)",839,sequential_335,Dense 64 -> 16 -> 32 -> 64 -> 64 -> 32 -> 1,mse,adam_335,50,256,1.4581,2945.68359375,2915.9892578125,2675.974853515625,0.5674961044877052,0.7
2026-09-04 14:03:59,multi_repeat_random_states.py,"(1021, 9)",923,sequential_335,Dense 64 -> 16 -> 32 -> 64 -> 64 -> 32 -> 1,mse,adam_335,50,256,1.3703,4066.33251953125,3034.41943359375,3318.36083984375,0.5104868744928501,0.7
2026-09-04 14:04:01,multi_repeat_random_states.py,"(1021, 9)",923,sequential_335,Dense 64 -> 16 -> 32 -> 64 -> 64 -> 32 -> 1,mse,adam_335,50,256,1.3497,2895.27880859375,2786.533447265625,3086.665283203125,0.5446658222487506,0.7
