time,pyfile,data_shape,random_num,model,model_structure,loss,optimizer,epochs,batch_size,train_second,first_loss,last_loss,test_loss,r2_score,train_ration
2026-09-04 14:36:45,repeat_random_model.py,"(1021, 9)",858,sequential,Dense 128 -> 128 -> 128 -> 128 -> 128 -> 128 -> 1,mse,adam,20,128,1.4992,250915.078125,5953.58203125,5732.60595703125,0.17218407576435046,0.7
2026-09-04 14:36:47,repeat_random_model.py,"(1021, 9)",858,sequential_1,Dense 128 -> 128 -> 128 -> 128 -> 128 -> 64 -> 1,mse,adam_1,20,128,1.5726,306454.75,6314.9423828125,6069.40234375,0.1235490292295447,0.7
2026-09-04 14:36:49,repeat_random_model.py,"(1021, 9)",858,sequential_2,Dense 128 -> 128 -> 128 -> 128 -> 128 -> 32 -> 1,mse,adam_2,20,128,1.4946,282604.46875,5994.61474609375,5730.4248046875,0.1724990410199163,0.7
2026-09-04 14:36:51,repeat_random_model.py,"(1021, 9)",858,sequential_3,Dense 128 -> 128 -> 128 -> 128 -> 128 -> 16 -> 1,mse,adam_3,20,128,1.3485,503356.3125,6263.5927734375,5987.85400390625,0.1353249652551618,0.7
2026-09-04 14:36:52,repeat_random_model.py,"(1021, 9)",858,sequential_4,Dense 128 -> 128 -> 128 -> 128 -> 64 -> 128 -> 1,mse,adam_4,20,128,1.6205,308801.65625,6296.85498046875,6007.94970703125,0.1324231836575297,0.7
2026-09-04 14:36:54,repeat_random_model.py,"(1021, 9)",858,sequential_5,Dense 128 -> 128 -> 128 -> 128 -> 64 -> 64 -> 1,mse,adam_5,20,128,1.5388,284979.75,6032.62890625,5748.994140625,0.16981748012725595,0.7
2026-09-04 14:36:56,repeat_random_model.py,"(1021, 9)",858,sequential_6,Dense 128 -> 128 -> 128 -> 128 -> 64 -> 32 -> 1,mse,adam_6,20,128,1.3558,177054.796875,6044.533203125,5829.88525390625,0.15813646670581027,0.7
2026-09-04 14:36:57,repeat_random_model.py,"(1021, 9)",858,sequential_7,Dense 128 -> 128 -> 128 -> 128 -> 64 -> 16 -> 1,mse,adam_7,20,128,1.3765,431113.59375,6086.6240234375,5886.12109375,0.15001569180279017,0.7
2026-09-04 14:36:59,repeat_random_model.py,"(1021, 9)",858,sequential_8,Dense 128 -> 128 -> 128 -> 128 -> 32 -> 128 -> 1,mse,adam_8,20,128,1.467,63323.50390625,5967.0947265625,5727.904296875,0.17286295486079106,0.7
2026-09-04 14:37:01,repeat_random_model.py,"(1021, 9)",858,sequential_9,Dense 128 -> 128 -> 128 -> 128 -> 32 -> 64 -> 1,mse,adam_9,20,128,1.4013,136544.296875,6149.62841796875,5856.49658203125,0.15429364384521116,0.7
2026-09-04 14:37:03,repeat_random_model.py,"(1021, 9)",858,sequential_10,Dense 128 -> 128 -> 128 -> 128 -> 32 -> 32 -> 1,mse,adam_10,20,128,1.5375,159771.734375,5997.28857421875,5765.2763671875,0.16746642473302964,0.7
2026-09-04 14:37:04,repeat_random_model.py,"(1021, 9)",858,sequential_11,Dense 128 -> 128 -> 128 -> 128 -> 32 -> 16 -> 1,mse,adam_11,20,128,1.376,97757.859375,5578.58837890625,5335.380859375,0.2295452891481654,0.7
2026-09-04 14:37:06,repeat_random_model.py,"(1021, 9)",858,sequential_12,Dense 128 -> 128 -> 128 -> 128 -> 16 -> 128 -> 1,mse,adam_12,20,128,1.3404,37312.84375,5176.2236328125,4836.6337890625,0.3015667260814229,0.7
2026-09-04 14:37:07,repeat_random_model.py,"(1021, 9)",858,sequential_13,Dense 128 -> 128 -> 128 -> 128 -> 16 -> 64 -> 1,mse,adam_13,20,128,1.4152,123401.71875,6304.15869140625,5980.0107421875,0.13645758227886984,0.7
2026-09-04 14:37:09,repeat_random_model.py,"(1021, 9)",858,sequential_14,Dense 128 -> 128 -> 128 -> 128 -> 16 -> 32 -> 1,mse,adam_14,20,128,1.3824,93546.4296875,6018.78173828125,5725.6484375,0.17318886499829034,0.7
2026-09-04 14:37:11,repeat_random_model.py,"(1021, 9)",858,sequential_15,Dense 128 -> 128 -> 128 -> 128 -> 16 -> 16 -> 1,mse,adam_15,20,128,1.5286,153815.109375,5916.2080078125,5714.77587890625,0.17475885753828768,0.7
2026-09-04 14:37:13,repeat_random_model.py,"(1021, 9)",858,sequential_16,Dense 128 -> 128 -> 128 -> 64 -> 128 -> 128 -> 1,mse,adam_16,20,128,1.5762,138613.03125,5980.6357421875,6153.1708984375,0.11145242794784305,0.7
2026-09-04 14:37:14,repeat_random_model.py,"(1021, 9)",858,sequential_17,Dense 128 -> 128 -> 128 -> 64 -> 128 -> 64 -> 1,mse,adam_17,20,128,1.4075,279522.09375,6105.85107421875,5854.97021484375,0.15451402216996846,0.7
2026-09-04 14:37:16,repeat_random_model.py,"(1021, 9)",858,sequential_18,Dense 128 -> 128 -> 128 -> 64 -> 128 -> 32 -> 1,mse,adam_18,20,128,1.3461,184062.1875,6245.033203125,5990.38623046875,0.13495939404954016,0.7
2026-09-04 14:37:18,repeat_random_model.py,"(1021, 9)",858,sequential_19,Dense 128 -> 128 -> 128 -> 64 -> 128 -> 16 -> 1,mse,adam_19,20,128,1.4056,243484.484375,6178.830078125,5920.564453125,0.145041891094859,0.7
2026-09-04 14:37:19,repeat_random_model.py,"(1021, 9)",858,sequential_20,Dense 128 -> 128 -> 128 -> 64 -> 64 -> 128 -> 1,mse,adam_20,20,128,1.3972,168858.84375,5917.4150390625,5685.50634765625,0.17898546555305417,0.7
2026-09-04 14:37:21,repeat_random_model.py,"(1021, 9)",858,sequential_21,Dense 128 -> 128 -> 128 -> 64 -> 64 -> 64 -> 1,mse,adam_21,20,128,1.3545,78662.4609375,5598.21533203125,5300.07666015625,0.23464340180551146,0.7
2026-09-04 14:37:22,repeat_random_model.py,"(1021, 9)",858,sequential_22,Dense 128 -> 128 -> 128 -> 64 -> 64 -> 32 -> 1,mse,adam_22,20,128,1.444,163693.828125,5969.9521484375,5655.8974609375,0.18326111368755482,0.7
2026-09-04 14:37:24,repeat_random_model.py,"(1021, 9)",858,sequential_23,Dense 128 -> 128 -> 128 -> 64 -> 64 -> 16 -> 1,mse,adam_23,20,128,1.6792,120472.796875,5869.84326171875,5551.3505859375,0.1983582043771397,0.7
2026-09-04 14:37:26,repeat_random_model.py,"(1021, 9)",858,sequential_24,Dense 128 -> 128 -> 128 -> 64 -> 32 -> 128 -> 1,mse,adam_24,20,128,1.42,114344.796875,6100.9296875,5885.30322265625,0.15013387518807275,0.7
2026-09-04 14:37:28,repeat_random_model.py,"(1021, 9)",858,sequential_25,Dense 128 -> 128 -> 128 -> 64 -> 32 -> 64 -> 1,mse,adam_25,20,128,1.3637,120041.140625,6176.87890625,5940.306640625,0.1421910617234352,0.7
2026-09-04 14:37:29,repeat_random_model.py,"(1021, 9)",858,sequential_26,Dense 128 -> 128 -> 128 -> 64 -> 32 -> 32 -> 1,mse,adam_26,20,128,1.3461,164317.078125,6005.3583984375,5761.62841796875,0.16799308358173926,0.7
2026-09-04 14:37:31,repeat_random_model.py,"(1021, 9)",858,sequential_27,Dense 128 -> 128 -> 128 -> 64 -> 32 -> 16 -> 1,mse,adam_27,20,128,1.3489,266793.625,6087.98291015625,5815.48583984375,0.1602158525831524,0.7
2026-09-04 14:37:32,repeat_random_model.py,"(1021, 9)",858,sequential_28,Dense 128 -> 128 -> 128 -> 64 -> 16 -> 128 -> 1,mse,adam_28,20,128,1.4114,107162.328125,6036.55029296875,5764.24755859375,0.16761481876833595,0.7
2026-09-04 14:37:34,repeat_random_model.py,"(1021, 9)",858,sequential_29,Dense 128 -> 128 -> 128 -> 64 -> 16 -> 64 -> 1,mse,adam_29,20,128,1.3706,98966.0,6071.08935546875,5745.9384765625,0.17025872087889427,0.7
2026-09-04 14:37:36,repeat_random_model.py,"(1021, 9)",858,sequential_30,Dense 128 -> 128 -> 128 -> 64 -> 16 -> 32 -> 1,mse,adam_30,20,128,1.5156,256187.90625,6086.95263671875,5817.94140625,0.15986118175203867,0.7
2026-09-04 14:37:38,repeat_random_model.py,"(1021, 9)",858,sequential_31,Dense 128 -> 128 -> 128 -> 64 -> 16 -> 16 -> 1,mse,adam_31,20,128,1.7259,87574.5625,5804.03173828125,5897.3203125,0.14839858132816974,0.7
2026-09-04 14:37:39,repeat_random_model.py,"(1021, 9)",858,sequential_32,Dense 128 -> 128 -> 128 -> 32 -> 128 -> 128 -> 1,mse,adam_32,20,128,1.3491,98863.7109375,5516.3935546875,5171.87060546875,0.2531569597429604,0.7
2026-09-04 14:37:41,repeat_random_model.py,"(1021, 9)",858,sequential_33,Dense 128 -> 128 -> 128 -> 32 -> 128 -> 64 -> 1,mse,adam_33,20,128,1.5014,130531.078125,6003.267578125,5731.6650390625,0.17231990676433562,0.7
2026-09-04 14:37:43,repeat_random_model.py,"(1021, 9)",858,sequential_34,Dense 128 -> 128 -> 128 -> 32 -> 128 -> 32 -> 1,mse,adam_34,20,128,1.3842,83675.21875,5880.23779296875,5604.10791015625,0.19073983772526326,0.7
2026-09-04 14:37:44,repeat_random_model.py,"(1021, 9)",858,sequential_35,Dense 128 -> 128 -> 128 -> 32 -> 128 -> 16 -> 1,mse,adam_35,20,128,1.4285,189065.0,6361.43896484375,6058.998046875,0.12505136794971727,0.7
2026-09-04 14:37:46,repeat_random_model.py,"(1021, 9)",858,sequential_36,Dense 128 -> 128 -> 128 -> 32 -> 64 -> 128 -> 1,mse,adam_36,20,128,1.3299,102289.015625,5891.36669921875,5941.56494140625,0.14200935240632628,0.7
2026-09-04 14:37:48,repeat_random_model.py,"(1021, 9)",858,sequential_37,Dense 128 -> 128 -> 128 -> 32 -> 64 -> 64 -> 1,mse,adam_37,20,128,1.5429,179021.078125,6196.240234375,5933.7216796875,0.143142015713982,0.7
2026-09-04 14:37:49,repeat_random_model.py,"(1021, 9)",858,sequential_38,Dense 128 -> 128 -> 128 -> 32 -> 64 -> 32 -> 1,mse,adam_38,20,128,1.3437,140786.890625,6256.44580078125,5924.65966796875,0.14445056012265467,0.7
2026-09-04 14:37:51,repeat_random_model.py,"(1021, 9)",858,sequential_39,Dense 128 -> 128 -> 128 -> 32 -> 64 -> 16 -> 1,mse,adam_39,20,128,1.4607,519605.71875,6107.81787109375,5794.82373046875,0.1631994702629418,0.7
2026-09-04 14:37:53,repeat_random_model.py,"(1021, 9)",858,sequential_40,Dense 128 -> 128 -> 128 -> 32 -> 32 -> 128 -> 1,mse,adam_40,20,128,1.7034,54524.9296875,6187.08154296875,5887.46240234375,0.1498220334521766,0.7
2026-09-04 14:37:54,repeat_random_model.py,"(1021, 9)",858,sequential_41,Dense 128 -> 128 -> 128 -> 32 -> 32 -> 64 -> 1,mse,adam_41,20,128,1.431,54696.26171875,5890.6376953125,5614.9248046875,0.1891778516984226,0.7
2026-09-04 14:37:56,repeat_random_model.py,"(1021, 9)",858,sequential_42,Dense 128 -> 128 -> 128 -> 32 -> 32 -> 32 -> 1,mse,adam_42,20,128,1.4698,215026.65625,5983.3955078125,5730.80615234375,0.17244395146397273,0.7
2026-09-04 14:37:58,repeat_random_model.py,"(1021, 9)",858,sequential_43,Dense 128 -> 128 -> 128 -> 32 -> 32 -> 16 -> 1,mse,adam_43,20,128,1.3744,314100.96875,6026.20654296875,5821.595703125,0.15933359029994043,0.7
2026-09-04 14:37:59,repeat_random_model.py,"(1021, 9)",858,sequential_44,Dense 128 -> 128 -> 128 -> 32 -> 16 -> 128 -> 1,mse,adam_44,20,128,1.4202,27664.49609375,5703.966796875,6167.8955078125,0.10932621287432565,0.7
2026-09-04 14:38:01,repeat_random_model.py,"(1021, 9)",858,sequential_45,Dense 128 -> 128 -> 128 -> 32 -> 16 -> 64 -> 1,mse,adam_45,20,128,1.4269,166475.890625,6086.287109375,5839.8076171875,0.15670355468072528,0.7
2026-09-04 14:38:03,repeat_random_model.py,"(1021, 9)",858,sequential_46,Dense 128 -> 128 -> 128 -> 32 -> 16 -> 32 -> 1,mse,adam_46,20,128,1.3843,89689.171875,5871.9716796875,5697.9423828125,0.17718970101019438,0.7
2026-09-04 14:38:04,repeat_random_model.py,"(1021, 9)",858,sequential_47,Dense 128 -> 128 -> 128 -> 32 -> 16 -> 16 -> 1,mse,adam_47,20,128,1.4035,79331.6875,6159.36181640625,5898.138671875,0.14828032786075374,0.7
2026-09-04 14:38:06,repeat_random_model.py,"(1021, 9)",858,sequential_48,Dense 128 -> 128 -> 128 -> 16 -> 128 -> 128 -> 1,mse,adam_48,20,128,1.5107,40957.4140625,4725.912109375,4278.09521484375,0.3822223836544487,0.7
2026-09-04 14:38:08,repeat_random_model.py,"(1021, 9)",858,sequential_49,Dense 128 -> 128 -> 128 -> 16 -> 128 -> 64 -> 1,mse,adam_49,20,128,1.5601,24998.208984375,4771.48046875,5110.1396484375,0.26207110105425135,0.7
2026-09-04 14:38:10,repeat_random_model.py,"(1021, 9)",858,sequential_50,Dense 128 -> 128 -> 128 -> 16 -> 128 -> 32 -> 1,mse,adam_50,20,128,1.5776,35932.453125,5715.75390625,5237.40087890625,0.24369405392232213,0.7
2026-09-04 14:38:12,repeat_random_model.py,"(1021, 9)",858,sequential_51,Dense 128 -> 128 -> 128 -> 16 -> 128 -> 16 -> 1,mse,adam_51,20,128,1.4295,34149.9921875,5959.0419921875,5503.068359375,0.20533046807232402,0.7
2026-09-04 14:38:14,repeat_random_model.py,"(1021, 9)",858,sequential_52,Dense 128 -> 128 -> 128 -> 16 -> 64 -> 128 -> 1,mse,adam_52,20,128,1.3602,47938.42578125,5890.61572265625,5716.73876953125,0.17447537038697525,0.7
2026-09-04 14:38:15,repeat_random_model.py,"(1021, 9)",858,sequential_53,Dense 128 -> 128 -> 128 -> 16 -> 64 -> 64 -> 1,mse,adam_53,20,128,1.431,73241.71875,6309.92822265625,5756.81005859375,0.16868887489210593,0.7
2026-09-04 14:38:17,repeat_random_model.py,"(1021, 9)",858,sequential_54,Dense 128 -> 128 -> 128 -> 16 -> 64 -> 32 -> 1,mse,adam_54,20,128,1.3545,59229.5546875,5924.0537109375,5714.23046875,0.17483739447607494,0.7
2026-09-04 14:38:18,repeat_random_model.py,"(1021, 9)",858,sequential_55,Dense 128 -> 128 -> 128 -> 16 -> 64 -> 16 -> 1,mse,adam_55,20,128,1.4116,75790.1796875,6087.0908203125,5847.5205078125,0.15558987813319314,0.7
2026-09-04 14:38:20,repeat_random_model.py,"(1021, 9)",858,sequential_56,Dense 128 -> 128 -> 128 -> 16 -> 32 -> 128 -> 1,mse,adam_56,20,128,1.3913,45476.50390625,6277.36865234375,6029.3037109375,0.12933950778378556,0.7
2026-09-04 14:38:22,repeat_random_model.py,"(1021, 9)",858,sequential_57,Dense 128 -> 128 -> 128 -> 16 -> 32 -> 64 -> 1,mse,adam_57,20,128,1.3909,43002.15234375,6152.333984375,5951.5888671875,0.1405617563204805,0.7
2026-09-04 14:38:23,repeat_random_model.py,"(1021, 9)",858,sequential_58,Dense 128 -> 128 -> 128 -> 16 -> 32 -> 32 -> 1,mse,adam_58,20,128,1.3743,63529.36328125,6155.03271484375,5825.83447265625,0.1587213833692438,0.7
2026-09-04 14:38:25,repeat_random_model.py,"(1021, 9)",858,sequential_59,Dense 128 -> 128 -> 128 -> 16 -> 32 -> 16 -> 1,mse,adam_59,20,128,1.4049,101958.40625,5653.73486328125,5506.783203125,0.20479395152542512,0.7
2026-09-04 14:38:27,repeat_random_model.py,"(1021, 9)",858,sequential_60,Dense 128 -> 128 -> 128 -> 16 -> 16 -> 128 -> 1,mse,adam_60,20,128,1.4621,52805.35546875,6123.513671875,5882.0517578125,0.15060334087839167,0.7
2026-09-04 14:38:28,repeat_random_model.py,"(1021, 9)",858,sequential_61,Dense 128 -> 128 -> 128 -> 16 -> 16 -> 64 -> 1,mse,adam_61,20,128,1.3842,95945.9375,6136.419921875,5879.9921875,0.1509008633082617,0.7
2026-09-04 14:38:30,repeat_random_model.py,"(1021, 9)",858,sequential_62,Dense 128 -> 128 -> 128 -> 16 -> 16 -> 32 -> 1,mse,adam_62,20,128,1.371,116213.5703125,6082.6123046875,5852.40771484375,0.15488410009655307,0.7
2026-09-04 14:38:31,repeat_random_model.py,"(1021, 9)",858,sequential_63,Dense 128 -> 128 -> 128 -> 16 -> 16 -> 16 -> 1,mse,adam_63,20,128,1.3529,142935.5625,5992.94970703125,5743.04296875,0.17067700746167536,0.7
2026-09-04 14:38:34,repeat_random_model.py,"(1021, 9)",858,sequential_64,Dense 128 -> 128 -> 64 -> 128 -> 128 -> 128 -> 1,mse,adam_64,20,128,2.1094,104132.46875,5496.20068359375,5173.47998046875,0.25292450222042073,0.7
2026-09-04 14:38:36,repeat_random_model.py,"(1021, 9)",858,sequential_65,Dense 128 -> 128 -> 64 -> 128 -> 128 -> 64 -> 1,mse,adam_65,20,128,1.4405,303125.8125,6328.1337890625,5975.84423828125,0.1370593082934669,0.7
2026-09-04 14:38:37,repeat_random_model.py,"(1021, 9)",858,sequential_66,Dense 128 -> 128 -> 64 -> 128 -> 128 -> 32 -> 1,mse,adam_66,20,128,1.4551,317202.46875,6216.095703125,5938.15087890625,0.14250247076007383,0.7
2026-09-04 14:38:39,repeat_random_model.py,"(1021, 9)",858,sequential_67,Dense 128 -> 128 -> 64 -> 128 -> 128 -> 16 -> 1,mse,adam_67,20,128,1.3625,302805.875,6127.57958984375,5892.376953125,0.1491124370827488,0.7
2026-09-04 14:38:40,repeat_random_model.py,"(1021, 9)",858,sequential_68,Dense 128 -> 128 -> 64 -> 128 -> 64 -> 128 -> 1,mse,adam_68,20,128,1.3914,84778.328125,5956.8046875,5674.9892578125,0.18050415072990444,0.7
2026-09-04 14:38:42,repeat_random_model.py,"(1021, 9)",858,sequential_69,Dense 128 -> 128 -> 64 -> 128 -> 64 -> 64 -> 1,mse,adam_69,20,128,1.5223,86980.953125,5874.39111328125,5694.978515625,0.17761776100036875,0.7
2026-09-04 14:38:44,repeat_random_model.py,"(1021, 9)",858,sequential_70,Dense 128 -> 128 -> 64 -> 128 -> 64 -> 32 -> 1,mse,adam_70,20,128,1.4194,80073.7578125,5925.23681640625,5657.45263671875,0.18303665385158485,0.7
2026-09-04 14:38:45,repeat_random_model.py,"(1021, 9)",858,sequential_71,Dense 128 -> 128 -> 64 -> 128 -> 64 -> 16 -> 1,mse,adam_71,20,128,1.3932,148748.0,6025.046875,5746.013671875,0.1702479371665645,0.7
2026-09-04 14:38:47,repeat_random_model.py,"(1021, 9)",858,sequential_72,Dense 128 -> 128 -> 64 -> 128 -> 32 -> 128 -> 1,mse,adam_72,20,128,1.3991,42851.515625,6041.46044921875,5618.72607421875,0.18862881078724003,0.7
2026-09-04 14:38:49,repeat_random_model.py,"(1021, 9)",858,sequential_73,Dense 128 -> 128 -> 64 -> 128 -> 32 -> 64 -> 1,mse,adam_73,20,128,1.3688,105741.46875,6233.59716796875,5955.134765625,0.14004973015269961,0.7
2026-09-04 14:38:50,repeat_random_model.py,"(1021, 9)",858,sequential_74,Dense 128 -> 128 -> 64 -> 128 -> 32 -> 32 -> 1,mse,adam_74,20,128,1.3969,122745.4921875,6187.0693359375,5919.046875,0.14526108253627534,0.7
2026-09-04 14:38:52,repeat_random_model.py,"(1021, 9)",858,sequential_75,Dense 128 -> 128 -> 64 -> 128 -> 32 -> 16 -> 1,mse,adam_75,20,128,1.356,116641.09375,5903.18310546875,5695.6025390625,0.1775275204538891,0.7
2026-09-04 14:38:54,repeat_random_model.py,"(1021, 9)",858,sequential_76,Dense 128 -> 128 -> 64 -> 128 -> 16 -> 128 -> 1,mse,adam_76,20,128,1.4418,19088.8125,4848.0703125,4546.265625,0.3434972950306959,0.7
2026-09-04 14:38:55,repeat_random_model.py,"(1021, 9)",858,sequential_77,Dense 128 -> 128 -> 64 -> 128 -> 16 -> 64 -> 1,mse,adam_77,20,128,1.3906,48735.41796875,5544.26806640625,5299.98583984375,0.2346564869702601,0.7
2026-09-04 14:38:57,repeat_random_model.py,"(1021, 9)",858,sequential_78,Dense 128 -> 128 -> 64 -> 128 -> 16 -> 32 -> 1,mse,adam_78,20,128,1.3503,58101.46484375,6156.71142578125,5844.5732421875,0.156015451153389,0.7
2026-09-04 14:38:58,repeat_random_model.py,"(1021, 9)",858,sequential_79,Dense 128 -> 128 -> 64 -> 128 -> 16 -> 16 -> 1,mse,adam_79,20,128,1.3996,242928.28125,6171.37451171875,5914.76953125,0.14587879468152154,0.7
2026-09-04 14:39:01,repeat_random_model.py,"(1021, 9)",858,sequential_80,Dense 128 -> 128 -> 64 -> 64 -> 128 -> 128 -> 1,mse,adam_80,20,128,2.4384,119356.3203125,5979.81884765625,5750.767578125,0.16956146599402988,0.7
2026-09-04 14:39:03,repeat_random_model.py,"(1021, 9)",858,sequential_81,Dense 128 -> 128 -> 64 -> 64 -> 128 -> 64 -> 1,mse,adam_81,20,128,1.4187,141421.875,6142.005859375,5841.71337890625,0.15642834993435684,0.7
2026-09-04 14:39:04,repeat_random_model.py,"(1021, 9)",858,sequential_82,Dense 128 -> 128 -> 64 -> 64 -> 128 -> 32 -> 1,mse,adam_82,20,128,1.3803,366104.21875,6510.25537109375,6215.64794921875,0.10243047934901817,0.7
2026-09-04 14:39:06,repeat_random_model.py,"(1021, 9)",858,sequential_83,Dense 128 -> 128 -> 64 -> 64 -> 128 -> 16 -> 1,mse,adam_83,20,128,1.3446,229229.65625,6185.158203125,5916.970703125,0.14556085625635984,0.7
2026-09-04 14:39:08,repeat_random_model.py,"(1021, 9)",858,sequential_84,Dense 128 -> 128 -> 64 -> 64 -> 64 -> 128 -> 1,mse,adam_84,20,128,1.4601,54839.671875,5438.119140625,4873.96240234375,0.2961763036049737,0.7
2026-09-04 14:39:10,repeat_random_model.py,"(1021, 9)",858,sequential_85,Dense 128 -> 128 -> 64 -> 64 -> 64 -> 64 -> 1,mse,adam_85,20,128,1.5203,133109.078125,5942.79638671875,5708.71826171875,0.17563351258701054,0.7
2026-09-04 14:39:11,repeat_random_model.py,"(1021, 9)",858,sequential_86,Dense 128 -> 128 -> 64 -> 64 -> 64 -> 32 -> 1,mse,adam_86,20,128,1.5823,201923.75,6035.267578125,5831.490234375,0.15790460583430777,0.7
2026-09-04 14:39:13,repeat_random_model.py,"(1021, 9)",858,sequential_87,Dense 128 -> 128 -> 64 -> 64 -> 64 -> 16 -> 1,mse,adam_87,20,128,1.503,176592.15625,6094.0859375,5846.89208984375,0.15568054368779471,0.7
2026-09-04 14:39:15,repeat_random_model.py,"(1021, 9)",858,sequential_88,Dense 128 -> 128 -> 64 -> 64 -> 32 -> 128 -> 1,mse,adam_88,20,128,1.4072,62338.4375,5969.9990234375,5554.6533203125,0.19788136778440013,0.7
2026-09-04 14:39:16,repeat_random_model.py,"(1021, 9)",858,sequential_89,Dense 128 -> 128 -> 64 -> 64 -> 32 -> 64 -> 1,mse,adam_89,20,128,1.4007,135570.09375,6137.54443359375,5924.0546875,0.14453792347234862,0.7
2026-09-04 14:39:18,repeat_random_model.py,"(1021, 9)",858,sequential_90,Dense 128 -> 128 -> 64 -> 64 -> 32 -> 32 -> 1,mse,adam_90,20,128,1.4418,64812.12109375,5855.3779296875,5466.216796875,0.2106518787434476,0.7
2026-09-04 14:39:20,repeat_random_model.py,"(1021, 9)",858,sequential_91,Dense 128 -> 128 -> 64 -> 64 -> 32 -> 16 -> 1,mse,adam_91,20,128,1.4466,250166.265625,6069.74609375,5813.76220703125,0.1604646863349659,0.7
2026-09-04 14:39:22,repeat_random_model.py,"(1021, 9)",858,sequential_92,Dense 128 -> 128 -> 64 -> 64 -> 16 -> 128 -> 1,mse,adam_92,20,128,1.4925,28563.314453125,5980.12255859375,5515.3447265625,0.2035576213788517,0.7
2026-09-04 14:39:23,repeat_random_model.py,"(1021, 9)",858,sequential_93,Dense 128 -> 128 -> 64 -> 64 -> 16 -> 64 -> 1,mse,adam_93,20,128,1.4593,52597.78515625,5741.64892578125,5501.91796875,0.20549642176703897,0.7
2026-09-04 14:39:25,repeat_random_model.py,"(1021, 9)",858,sequential_94,Dense 128 -> 128 -> 64 -> 64 -> 16 -> 32 -> 1,mse,adam_94,20,128,1.4155,46654.40234375,5779.40771484375,5559.73681640625,0.1971471431798576,0.7
2026-09-04 14:39:27,repeat_random_model.py,"(1021, 9)",858,sequential_95,Dense 128 -> 128 -> 64 -> 64 -> 16 -> 16 -> 1,mse,adam_95,20,128,1.3428,155924.28125,6117.1337890625,5854.1845703125,0.15462751046991607,0.7
2026-09-04 14:39:28,repeat_random_model.py,"(1021, 9)",858,sequential_96,Dense 128 -> 128 -> 64 -> 32 -> 128 -> 128 -> 1,mse,adam_96,20,128,1.5821,53559.3203125,5240.859375,4882.208984375,0.29498543997152993,0.7
2026-09-04 14:39:30,repeat_random_model.py,"(1021, 9)",858,sequential_97,Dense 128 -> 128 -> 64 -> 32 -> 128 -> 64 -> 1,mse,adam_97,20,128,1.4186,42411.8984375,5692.27001953125,6185.6162109375,0.10676711125704363,0.7
2026-09-04 14:39:32,repeat_random_model.py,"(1021, 9)",858,sequential_98,Dense 128 -> 128 -> 64 -> 32 -> 128 -> 32 -> 1,mse,adam_98,20,128,2.2403,94529.296875,6192.2099609375,5921.33251953125,0.14493100766218647,0.7
2026-09-04 14:39:34,repeat_random_model.py,"(1021, 9)",858,sequential_99,Dense 128 -> 128 -> 64 -> 32 -> 128 -> 16 -> 1,mse,adam_99,20,128,1.3412,121947.6953125,6263.34326171875,6014.6982421875,0.13144859641265572,0.7
2026-09-04 14:39:36,repeat_random_model.py,"(1021, 9)",858,sequential_100,Dense 128 -> 128 -> 64 -> 32 -> 64 -> 128 -> 1,mse,adam_100,20,128,1.5041,76053.6015625,5880.51904296875,5652.4853515625,0.18375388732141618,0.7
2026-09-04 14:39:37,repeat_random_model.py,"(1021, 9)",858,sequential_101,Dense 128 -> 128 -> 64 -> 32 -> 64 -> 64 -> 1,mse,adam_101,20,128,1.4042,66709.1796875,5948.5791015625,5663.5380859375,0.1821576227370536,0.7
2026-09-04 14:39:39,repeat_random_model.py,"(1021, 9)",858,sequential_102,Dense 128 -> 128 -> 64 -> 32 -> 64 -> 32 -> 1,mse,adam_102,20,128,1.3991,135215.828125,5696.900390625,5467.7880859375,0.2104250177806023,0.7
2026-09-04 14:39:41,repeat_random_model.py,"(1021, 9)",858,sequential_103,Dense 128 -> 128 -> 64 -> 32 -> 64 -> 16 -> 1,mse,adam_103,20,128,1.3411,128864.359375,6211.6884765625,5934.72705078125,0.14299671251622936,0.7
2026-09-04 14:39:42,repeat_random_model.py,"(1021, 9)",858,sequential_104,Dense 128 -> 128 -> 64 -> 32 -> 32 -> 128 -> 1,mse,adam_104,20,128,1.3754,20383.9296875,4276.14013671875,3838.386474609375,0.4457184963198464,0.7
2026-09-04 14:39:44,repeat_random_model.py,"(1021, 9)",858,sequential_105,Dense 128 -> 128 -> 64 -> 32 -> 32 -> 64 -> 1,mse,adam_105,20,128,1.3525,51724.0546875,5320.48046875,4980.3505859375,0.28081347941806434,0.7
2026-09-04 14:39:46,repeat_random_model.py,"(1021, 9)",858,sequential_106,Dense 128 -> 128 -> 64 -> 32 -> 32 -> 32 -> 1,mse,adam_106,20,128,1.3379,99183.71875,5806.6826171875,5563.54052734375,0.19659795244104983,0.7
2026-09-04 14:39:47,repeat_random_model.py,"(1021, 9)",858,sequential_107,Dense 128 -> 128 -> 64 -> 32 -> 32 -> 16 -> 1,mse,adam_107,20,128,1.3845,58768.1875,5916.0126953125,5535.6796875,0.20062116636284988,0.7
2026-09-04 14:39:49,repeat_random_model.py,"(1021, 9)",858,sequential_108,Dense 128 -> 128 -> 64 -> 32 -> 16 -> 128 -> 1,mse,adam_108,20,128,1.389,31671.984375,6034.13232421875,5703.15869140625,0.17643638150566465,0.7
2026-09-04 14:39:50,repeat_random_model.py,"(1021, 9)",858,sequential_109,Dense 128 -> 128 -> 64 -> 32 -> 16 -> 64 -> 1,mse,adam_109,20,128,1.355,25173.740234375,6002.896484375,5768.2294921875,0.16703991580657285,0.7
2026-09-04 14:39:52,repeat_random_model.py,"(1021, 9)",858,sequential_110,Dense 128 -> 128 -> 64 -> 32 -> 16 -> 32 -> 1,mse,adam_110,20,128,1.3483,89409.390625,5482.0341796875,5282.962890625,0.23711461958178537,0.7
2026-09-04 14:39:54,repeat_random_model.py,"(1021, 9)",858,sequential_111,Dense 128 -> 128 -> 64 -> 32 -> 16 -> 16 -> 1,mse,adam_111,20,128,1.3839,298551.4375,6150.51708984375,5843.8505859375,0.15611977925509024,0.7
2026-09-04 14:39:55,repeat_random_model.py,"(1021, 9)",858,sequential_112,Dense 128 -> 128 -> 64 -> 16 -> 128 -> 128 -> 1,mse,adam_112,20,128,1.331,34705.62109375,5042.27001953125,4560.27392578125,0.34147447859047175,0.7
2026-09-04 14:39:57,repeat_random_model.py,"(1021, 9)",858,sequential_113,Dense 128 -> 128 -> 64 -> 16 -> 128 -> 64 -> 1,mse,adam_113,20,128,1.4303,71903.25,5707.9130859375,5416.244140625,0.2178681871822783,0.7
2026-09-04 14:39:58,repeat_random_model.py,"(1021, 9)",858,sequential_114,Dense 128 -> 128 -> 64 -> 16 -> 128 -> 32 -> 1,mse,adam_114,20,128,1.4279,69715.953125,5973.705078125,5774.103515625,0.1661915789438626,0.7
2026-09-04 14:40:00,repeat_random_model.py,"(1021, 9)",858,sequential_115,Dense 128 -> 128 -> 64 -> 16 -> 128 -> 16 -> 1,mse,adam_115,20,128,1.3316,27687.38671875,5715.458984375,5607.43505859375,0.19025931521383666,0.7
2026-09-04 14:40:02,repeat_random_model.py,"(1021, 9)",858,sequential_116,Dense 128 -> 128 -> 64 -> 16 -> 64 -> 128 -> 1,mse,adam_116,20,128,1.4041,31079.861328125,6037.431640625,5670.62109375,0.18113496600735213,0.7
2026-09-04 14:40:03,repeat_random_model.py,"(1021, 9)",858,sequential_117,Dense 128 -> 128 -> 64 -> 16 -> 64 -> 64 -> 1,mse,adam_117,20,128,1.4368,100200.9296875,5841.6865234375,5568.54931640625,0.19587457680899156,0.7
2026-09-04 14:40:06,repeat_random_model.py,"(1021, 9)",858,sequential_118,Dense 128 -> 128 -> 64 -> 16 -> 64 -> 32 -> 1,mse,adam_118,20,128,1.478,28912.826171875,5517.85498046875,5272.58349609375,0.2386135792220211,0.7
2026-09-04 14:40:08,repeat_random_model.py,"(1021, 9)",858,sequential_119,Dense 128 -> 128 -> 64 -> 16 -> 64 -> 16 -> 1,mse,adam_119,20,128,1.3436,26074.56640625,5650.8466796875,5378.35498046875,0.22333969030398237,0.7
2026-09-04 14:40:09,repeat_random_model.py,"(1021, 9)",858,sequential_120,Dense 128 -> 128 -> 64 -> 16 -> 32 -> 128 -> 1,mse,adam_120,20,128,1.352,49535.8125,6109.77734375,5916.1650390625,0.1456772044594299,0.7
2026-09-04 14:40:11,repeat_random_model.py,"(1021, 9)",858,sequential_121,Dense 128 -> 128 -> 64 -> 16 -> 32 -> 64 -> 1,mse,adam_121,20,128,1.3534,65485.9140625,5960.13916015625,5633.56787109375,0.18648577303167946,0.7
2026-09-04 14:40:12,repeat_random_model.py,"(1021, 9)",858,sequential_122,Dense 128 -> 128 -> 64 -> 16 -> 32 -> 32 -> 1,mse,adam_122,20,128,1.349,76123.5,5873.73291015625,5629.41845703125,0.18708487053376066,0.7
2026-09-04 14:40:14,repeat_random_model.py,"(1021, 9)",858,sequential_123,Dense 128 -> 128 -> 64 -> 16 -> 32 -> 16 -> 1,mse,adam_123,20,128,1.3801,77521.09375,5937.2744140625,5723.84814453125,0.17344866097456346,0.7
2026-09-04 14:40:16,repeat_random_model.py,"(1021, 9)",858,sequential_124,Dense 128 -> 128 -> 64 -> 16 -> 16 -> 128 -> 1,mse,adam_124,20,128,1.4869,18208.564453125,4866.4609375,4655.6376953125,0.3277034725066874,0.7
2026-09-04 14:40:17,repeat_random_model.py,"(1021, 9)",858,sequential_125,Dense 128 -> 128 -> 64 -> 16 -> 16 -> 64 -> 1,mse,adam_125,20,128,1.3432,38951.859375,5837.11865234375,5556.2666015625,0.19764828148442137,0.7
2026-09-04 14:40:19,repeat_random_model.py,"(1021, 9)",858,sequential_126,Dense 128 -> 128 -> 64 -> 16 -> 16 -> 32 -> 1,mse,adam_126,20,128,1.5357,31461.30859375,5443.91259765625,4966.6787109375,0.28278770559886324,0.7
2026-09-04 14:40:21,repeat_random_model.py,"(1021, 9)",858,sequential_127,Dense 128 -> 128 -> 64 -> 16 -> 16 -> 16 -> 1,mse,adam_127,20,128,1.3302,42789.80859375,5310.28857421875,5453.58544921875,0.21247586962122889,0.7
2026-09-04 14:40:22,repeat_random_model.py,"(1021, 9)",858,sequential_128,Dense 128 -> 128 -> 32 -> 128 -> 128 -> 128 -> 1,mse,adam_128,20,128,1.3548,146759.90625,5946.47412109375,5753.3505859375,0.16918845601014887,0.7
2026-09-04 14:40:24,repeat_random_model.py,"(1021, 9)",858,sequential_129,Dense 128 -> 128 -> 32 -> 128 -> 128 -> 64 -> 1,mse,adam_129,20,128,1.4342,87013.3203125,5875.91845703125,5684.79150390625,0.1790885478429839,0.7
2026-09-04 14:40:26,repeat_random_model.py,"(1021, 9)",858,sequential_130,Dense 128 -> 128 -> 32 -> 128 -> 128 -> 32 -> 1,mse,adam_130,20,128,1.3724,68064.9375,5456.56689453125,4914.86083984375,0.2902703730147491,0.7
2026-09-04 14:40:27,repeat_random_model.py,"(1021, 9)",858,sequential_131,Dense 128 -> 128 -> 32 -> 128 -> 128 -> 16 -> 1,mse,adam_131,20,128,1.3708,42152.203125,5670.3994140625,5337.65185546875,0.22921723949909867,0.7
2026-09-04 14:40:29,repeat_random_model.py,"(1021, 9)",858,sequential_132,Dense 128 -> 128 -> 32 -> 128 -> 64 -> 128 -> 1,mse,adam_132,20,128,1.3672,87556.9765625,6045.1904296875,5867.0615234375,0.15276791173487336,0.7
2026-09-04 14:40:30,repeat_random_model.py,"(1021, 9)",858,sequential_133,Dense 128 -> 128 -> 32 -> 128 -> 64 -> 64 -> 1,mse,adam_133,20,128,1.3994,74184.3828125,5760.38232421875,5327.23681640625,0.23072121589014616,0.7
2026-09-04 14:40:32,repeat_random_model.py,"(1021, 9)",858,sequential_134,Dense 128 -> 128 -> 32 -> 128 -> 64 -> 32 -> 1,mse,adam_134,20,128,1.3575,151912.796875,5903.62060546875,5685.8857421875,0.17893063793359765,0.7
2026-09-04 14:40:34,repeat_random_model.py,"(1021, 9)",858,sequential_135,Dense 128 -> 128 -> 32 -> 128 -> 64 -> 16 -> 1,mse,adam_135,20,128,1.4808,96875.8046875,5795.19921875,5583.4755859375,0.19371924844239552,0.7
2026-09-04 14:40:35,repeat_random_model.py,"(1021, 9)",858,sequential_136,Dense 128 -> 128 -> 32 -> 128 -> 32 -> 128 -> 1,mse,adam_136,20,128,1.3928,29847.58984375,5658.39404296875,5091.88037109375,0.26470804720587204,0.7
2026-09-04 14:40:37,repeat_random_model.py,"(1021, 9)",858,sequential_137,Dense 128 -> 128 -> 32 -> 128 -> 32 -> 64 -> 1,mse,adam_137,20,128,1.351,56917.73046875,6072.951171875,5859.88134765625,0.15380500722896606,0.7
2026-09-04 14:40:39,repeat_random_model.py,"(1021, 9)",858,sequential_138,Dense 128 -> 128 -> 32 -> 128 -> 32 -> 32 -> 1,mse,adam_138,20,128,1.4077,104457.0234375,6275.9306640625,5979.45361328125,0.13653808836695436,0.7
2026-09-04 14:40:40,repeat_random_model.py,"(1021, 9)",858,sequential_139,Dense 128 -> 128 -> 32 -> 128 -> 32 -> 16 -> 1,mse,adam_139,20,128,1.3353,50541.984375,5914.70166015625,5742.3984375,0.17076996803090272,0.7
2026-09-04 14:40:42,repeat_random_model.py,"(1021, 9)",858,sequential_140,Dense 128 -> 128 -> 32 -> 128 -> 16 -> 128 -> 1,mse,adam_140,20,128,1.3402,13066.4580078125,5130.958984375,5032.47705078125,0.27328605549317186,0.7
2026-09-04 14:40:43,repeat_random_model.py,"(1021, 9)",858,sequential_141,Dense 128 -> 128 -> 32 -> 128 -> 16 -> 64 -> 1,mse,adam_141,20,128,1.4242,44816.26953125,5928.01123046875,5663.52490234375,0.1821597778080989,0.7
2026-09-04 14:40:45,repeat_random_model.py,"(1021, 9)",858,sequential_142,Dense 128 -> 128 -> 32 -> 128 -> 16 -> 32 -> 1,mse,adam_142,20,128,1.384,26687.41015625,5380.0244140625,5112.26123046875,0.26176481072655955,0.7
2026-09-04 14:40:48,repeat_random_model.py,"(1021, 9)",858,sequential_143,Dense 128 -> 128 -> 32 -> 128 -> 16 -> 16 -> 1,mse,adam_143,20,128,2.6316,19118.4375,5387.3291015625,4724.0224609375,0.3178283513238437,0.7
2026-09-04 14:40:49,repeat_random_model.py,"(1021, 9)",858,sequential_144,Dense 128 -> 128 -> 32 -> 64 -> 128 -> 128 -> 1,mse,adam_144,20,128,1.3519,118035.359375,5574.78759765625,5475.611328125,0.20929539215785387,0.7
2026-09-04 14:40:51,repeat_random_model.py,"(1021, 9)",858,sequential_145,Dense 128 -> 128 -> 32 -> 64 -> 128 -> 64 -> 1,mse,adam_145,20,128,1.4192,143253.859375,6439.19873046875,6038.22021484375,0.12805182607399557,0.7
2026-09-04 14:40:53,repeat_random_model.py,"(1021, 9)",858,sequential_146,Dense 128 -> 128 -> 32 -> 64 -> 128 -> 32 -> 1,mse,adam_146,20,128,1.4181,58147.9609375,5773.8369140625,5771.14111328125,0.16661932944086588,0.7
2026-09-04 14:40:54,repeat_random_model.py,"(1021, 9)",858,sequential_147,Dense 128 -> 128 -> 32 -> 64 -> 128 -> 16 -> 1,mse,adam_147,20,128,1.4101,62024.3125,6071.79248046875,5756.8671875,0.1686806436265671,0.7
2026-09-04 14:40:56,repeat_random_model.py,"(1021, 9)",858,sequential_148,Dense 128 -> 128 -> 32 -> 64 -> 64 -> 128 -> 1,mse,adam_148,20,128,1.4148,41551.92578125,5412.322265625,5190.48291015625,0.25046927491817184,0.7
2026-09-04 14:40:58,repeat_random_model.py,"(1021, 9)",858,sequential_149,Dense 128 -> 128 -> 32 -> 64 -> 64 -> 64 -> 1,mse,adam_149,20,128,1.3581,106663.7109375,6125.68505859375,5889.0615234375,0.14959110979249135,0.7
2026-09-04 14:40:59,repeat_random_model.py,"(1021, 9)",858,sequential_150,Dense 128 -> 128 -> 32 -> 64 -> 64 -> 32 -> 1,mse,adam_150,20,128,1.3918,178983.75,6006.3193359375,5739.18798828125,0.171233642240481,0.7
2026-09-04 14:41:01,repeat_random_model.py,"(1021, 9)",858,sequential_151,Dense 128 -> 128 -> 32 -> 64 -> 64 -> 16 -> 1,mse,adam_151,20,128,1.386,83177.953125,6003.72412109375,5765.40771484375,0.1674474620864429,0.7
2026-09-04 14:41:02,repeat_random_model.py,"(1021, 9)",858,sequential_152,Dense 128 -> 128 -> 32 -> 64 -> 32 -> 128 -> 1,mse,adam_152,20,128,1.3575,52674.60546875,5982.80126953125,5703.41943359375,0.17639870134826297,0.7
2026-09-04 14:41:04,repeat_random_model.py,"(1021, 9)",858,sequential_153,Dense 128 -> 128 -> 32 -> 64 -> 32 -> 64 -> 1,mse,adam_153,20,128,1.3606,50912.1171875,5888.31640625,5711.66162109375,0.17520855571728,0.7
2026-09-04 14:41:06,repeat_random_model.py,"(1021, 9)",858,sequential_154,Dense 128 -> 128 -> 32 -> 64 -> 32 -> 32 -> 1,mse,adam_154,20,128,1.3966,86739.7578125,5826.97412109375,5614.72998046875,0.18920595643095406,0.7
2026-09-04 14:41:07,repeat_random_model.py,"(1021, 9)",858,sequential_155,Dense 128 -> 128 -> 32 -> 64 -> 32 -> 16 -> 1,mse,adam_155,20,128,1.3285,167923.75,6157.859375,5940.7978515625,0.14212014145906493,0.7
2026-09-04 14:41:09,repeat_random_model.py,"(1021, 9)",858,sequential_156,Dense 128 -> 128 -> 32 -> 64 -> 16 -> 128 -> 1,mse,adam_156,20,128,1.4706,39608.87109375,6072.349609375,5817.544921875,0.15991847380080426,0.7
2026-09-04 14:41:11,repeat_random_model.py,"(1021, 9)",858,sequential_157,Dense 128 -> 128 -> 32 -> 64 -> 16 -> 64 -> 1,mse,adam_157,20,128,1.4715,37328.09375,5900.52197265625,5602.88916015625,0.1909157972312452,0.7
2026-09-04 14:41:12,repeat_random_model.py,"(1021, 9)",858,sequential_158,Dense 128 -> 128 -> 32 -> 64 -> 16 -> 32 -> 1,mse,adam_158,20,128,1.358,63043.95703125,5791.8564453125,5536.06640625,0.2005652948648199,0.7
2026-09-04 14:41:14,repeat_random_model.py,"(1021, 9)",858,sequential_159,Dense 128 -> 128 -> 32 -> 64 -> 16 -> 16 -> 1,mse,adam_159,20,128,1.4915,48109.4375,5833.8447265625,5505.56005859375,0.2049705270822717,0.7
2026-09-04 14:41:16,repeat_random_model.py,"(1021, 9)",858,sequential_160,Dense 128 -> 128 -> 32 -> 32 -> 128 -> 128 -> 1,mse,adam_160,20,128,1.5266,41598.8125,5487.1767578125,5177.71337890625,0.2523131961969286,0.7
2026-09-04 14:41:17,repeat_random_model.py,"(1021, 9)",858,sequential_161,Dense 128 -> 128 -> 32 -> 32 -> 128 -> 64 -> 1,mse,adam_161,20,128,1.3609,50408.5390625,5892.89208984375,5436.5810546875,0.21493138210009421,0.7
2026-09-04 14:41:19,repeat_random_model.py,"(1021, 9)",858,sequential_162,Dense 128 -> 128 -> 32 -> 32 -> 128 -> 32 -> 1,mse,adam_162,20,128,1.4094,71184.3984375,6124.76025390625,5891.66796875,0.14921465780590148,0.7
2026-09-04 14:41:20,repeat_random_model.py,"(1021, 9)",858,sequential_163,Dense 128 -> 128 -> 32 -> 32 -> 128 -> 16 -> 1,mse,adam_163,20,128,1.329,38428.91015625,5637.40380859375,5330.71484375,0.23021914568495494,0.7
2026-09-04 14:41:22,repeat_random_model.py,"(1021, 9)",858,sequential_164,Dense 128 -> 128 -> 32 -> 32 -> 64 -> 128 -> 1,mse,adam_164,20,128,1.4044,22531.857421875,4623.34765625,4237.46044921875,0.3880902136924498,0.7
2026-09-04 14:41:24,repeat_random_model.py,"(1021, 9)",858,sequential_165,Dense 128 -> 128 -> 32 -> 32 -> 64 -> 64 -> 1,mse,adam_165,20,128,1.3937,60182.453125,5919.51953125,5819.7744140625,0.15959646372850866,0.7
2026-09-04 14:41:25,repeat_random_model.py,"(1021, 9)",858,sequential_166,Dense 128 -> 128 -> 32 -> 32 -> 64 -> 32 -> 1,mse,adam_166,20,128,1.3409,119330.8515625,5977.05908203125,5742.6240234375,0.17073738628816804,0.7
2026-09-04 14:41:27,repeat_random_model.py,"(1021, 9)",858,sequential_167,Dense 128 -> 128 -> 32 -> 32 -> 64 -> 16 -> 1,mse,adam_167,20,128,1.3365,42569.546875,5970.4921875,5493.41943359375,0.20672377855240132,0.7
2026-09-04 14:41:28,repeat_random_model.py,"(1021, 9)",858,sequential_168,Dense 128 -> 128 -> 32 -> 32 -> 32 -> 128 -> 1,mse,adam_168,20,128,1.3388,20606.236328125,4981.47314453125,4681.2353515625,0.3240070696241987,0.7
2026-09-04 14:41:30,repeat_random_model.py,"(1021, 9)",858,sequential_169,Dense 128 -> 128 -> 32 -> 32 -> 32 -> 64 -> 1,mse,adam_169,20,128,1.3405,49836.06640625,5730.27392578125,5579.90234375,0.19423511651733605,0.7
2026-09-04 14:41:32,repeat_random_model.py,"(1021, 9)",858,sequential_170,Dense 128 -> 128 -> 32 -> 32 -> 32 -> 32 -> 1,mse,adam_170,20,128,1.38,77274.5859375,5815.1640625,5575.125,0.19492514497849212,0.7
2026-09-04 14:41:33,repeat_random_model.py,"(1021, 9)",858,sequential_171,Dense 128 -> 128 -> 32 -> 32 -> 32 -> 16 -> 1,mse,adam_171,20,128,1.4581,140382.078125,5822.94140625,5437.40283203125,0.21481271530155477,0.7
2026-09-04 14:41:36,repeat_random_model.py,"(1021, 9)",858,sequential_172,Dense 128 -> 128 -> 32 -> 32 -> 16 -> 128 -> 1,mse,adam_172,20,128,2.8684,25886.697265625,5897.61669921875,6327.93896484375,0.0862149828794877,0.7
2026-09-04 14:41:38,repeat_random_model.py,"(1021, 9)",858,sequential_173,Dense 128 -> 128 -> 32 -> 32 -> 16 -> 64 -> 1,mse,adam_173,20,128,1.3561,48952.01171875,6031.71240234375,5804.03662109375,0.16186925261181906,0.7
2026-09-04 14:41:40,repeat_random_model.py,"(1021, 9)",858,sequential_174,Dense 128 -> 128 -> 32 -> 32 -> 16 -> 32 -> 1,mse,adam_174,20,128,1.3501,64142.2421875,5967.6591796875,5655.67626953125,0.18329304885333586,0.7
2026-09-04 14:41:41,repeat_random_model.py,"(1021, 9)",858,sequential_175,Dense 128 -> 128 -> 32 -> 32 -> 16 -> 16 -> 1,mse,adam_175,20,128,1.4085,28552.69921875,5308.333984375,5059.6279296875,0.2693653254070689,0.7
2026-09-04 14:41:43,repeat_random_model.py,"(1021, 9)",858,sequential_176,Dense 128 -> 128 -> 32 -> 16 -> 128 -> 128 -> 1,mse,adam_176,20,128,1.3629,42544.12890625,6133.1591796875,6167.01708984375,0.10945309145109328,0.7
2026-09-04 14:41:45,repeat_random_model.py,"(1021, 9)",858,sequential_177,Dense 128 -> 128 -> 32 -> 16 -> 128 -> 64 -> 1,mse,adam_177,20,128,1.497,37490.63671875,5425.85400390625,5142.390625,0.25741397118053344,0.7
2026-09-04 14:41:46,repeat_random_model.py,"(1021, 9)",858,sequential_178,Dense 128 -> 128 -> 32 -> 16 -> 128 -> 32 -> 1,mse,adam_178,20,128,1.3495,27074.29296875,5469.33642578125,5260.91259765625,0.24029877675289635,0.7
2026-09-04 14:41:48,repeat_random_model.py,"(1021, 9)",858,sequential_179,Dense 128 -> 128 -> 32 -> 16 -> 128 -> 16 -> 1,mse,adam_179,20,128,1.3522,21802.75390625,4592.57373046875,3754.597900390625,0.4578179816227732,0.7
2026-09-04 14:41:49,repeat_random_model.py,"(1021, 9)",858,sequential_180,Dense 128 -> 128 -> 32 -> 16 -> 64 -> 128 -> 1,mse,adam_180,20,128,1.3623,21568.4140625,4817.63232421875,4324.111328125,0.37557743004097843,0.7
2026-09-04 14:41:51,repeat_random_model.py,"(1021, 9)",858,sequential_181,Dense 128 -> 128 -> 32 -> 16 -> 64 -> 64 -> 1,mse,adam_181,20,128,1.3403,48709.66796875,5474.12451171875,5162.96240234375,0.25444342063556735,0.7
2026-09-04 14:41:53,repeat_random_model.py,"(1021, 9)",858,sequential_182,Dense 128 -> 128 -> 32 -> 16 -> 64 -> 32 -> 1,mse,adam_182,20,128,1.3393,29527.515625,5850.23828125,5649.84521484375,0.1841351455305531,0.7
2026-09-04 14:41:54,repeat_random_model.py,"(1021, 9)",858,sequential_183,Dense 128 -> 128 -> 32 -> 16 -> 64 -> 16 -> 1,mse,adam_183,20,128,1.4188,27968.705078125,5714.3759765625,5392.29443359375,0.2213267583358649,0.7
2026-09-04 14:41:56,repeat_random_model.py,"(1021, 9)",858,sequential_184,Dense 128 -> 128 -> 32 -> 16 -> 32 -> 128 -> 1,mse,adam_184,20,128,1.3378,37629.03125,5898.4287109375,6070.794921875,0.12334793289367374,0.7
2026-09-04 14:41:57,repeat_random_model.py,"(1021, 9)",858,sequential_185,Dense 128 -> 128 -> 32 -> 16 -> 32 -> 64 -> 1,mse,adam_185,20,128,1.4083,35753.94140625,5910.951171875,5649.408203125,0.18419822073848557,0.7
2026-09-04 14:41:59,repeat_random_model.py,"(1021, 9)",858,sequential_186,Dense 128 -> 128 -> 32 -> 16 -> 32 -> 32 -> 1,mse,adam_186,20,128,1.3394,49570.3984375,5563.0185546875,5286.765625,0.23656564256254176,0.7
2026-09-04 14:42:01,repeat_random_model.py,"(1021, 9)",858,sequential_187,Dense 128 -> 128 -> 32 -> 16 -> 32 -> 16 -> 1,mse,adam_187,20,128,1.3745,60633.03515625,5930.1875,5757.5263671875,0.16858545004590653,0.7
2026-09-04 14:42:02,repeat_random_model.py,"(1021, 9)",858,sequential_188,Dense 128 -> 128 -> 32 -> 16 -> 16 -> 128 -> 1,mse,adam_188,20,128,1.4467,52959.9140625,5997.87353515625,5855.10205078125,0.15449492434253698,0.7
2026-09-04 14:42:04,repeat_random_model.py,"(1021, 9)",858,sequential_189,Dense 128 -> 128 -> 32 -> 16 -> 16 -> 64 -> 1,mse,adam_189,20,128,1.4021,44054.83984375,5727.05029296875,5517.57421875,0.20323556383243213,0.7
2026-09-04 14:42:06,repeat_random_model.py,"(1021, 9)",858,sequential_190,Dense 128 -> 128 -> 32 -> 16 -> 16 -> 32 -> 1,mse,adam_190,20,128,1.4382,66243.3046875,5970.271484375,5772.85888671875,0.16637133291963768,0.7
2026-09-04 14:42:07,repeat_random_model.py,"(1021, 9)",858,sequential_191,Dense 128 -> 128 -> 32 -> 16 -> 16 -> 16 -> 1,mse,adam_191,20,128,1.47,90095.484375,5129.37109375,5064.52978515625,0.26865745039136935,0.7
2026-09-04 14:42:09,repeat_random_model.py,"(1021, 9)",858,sequential_192,Dense 128 -> 128 -> 16 -> 128 -> 128 -> 128 -> 1,mse,adam_192,20,128,1.4779,50986.28125,4885.29541015625,5039.78662109375,0.2722304996244871,0.7
2026-09-04 14:42:11,repeat_random_model.py,"(1021, 9)",858,sequential_193,Dense 128 -> 128 -> 16 -> 128 -> 128 -> 64 -> 1,mse,adam_193,20,128,1.433,46928.37890625,5043.59033203125,5390.19189453125,0.22163025143688386,0.7
2026-09-04 14:42:12,repeat_random_model.py,"(1021, 9)",858,sequential_194,Dense 128 -> 128 -> 16 -> 128 -> 128 -> 32 -> 1,mse,adam_194,20,128,1.3885,31188.98828125,5309.76513671875,4316.51708984375,0.37667411051573296,0.7
2026-09-04 14:42:14,repeat_random_model.py,"(1021, 9)",858,sequential_195,Dense 128 -> 128 -> 16 -> 128 -> 128 -> 16 -> 1,mse,adam_195,20,128,1.3528,95124.890625,5677.111328125,5444.2841796875,0.21381907865263883,0.7
2026-09-04 14:42:16,repeat_random_model.py,"(1021, 9)",858,sequential_196,Dense 128 -> 128 -> 16 -> 128 -> 64 -> 128 -> 1,mse,adam_196,20,128,1.4708,29699.45703125,5546.921875,5293.67626953125,0.23556761637393442,0.7
2026-09-04 14:42:17,repeat_random_model.py,"(1021, 9)",858,sequential_197,Dense 128 -> 128 -> 16 -> 128 -> 64 -> 64 -> 1,mse,adam_197,20,128,1.4943,23380.26953125,4735.9267578125,5363.68603515625,0.22545777484890106,0.7
2026-09-04 14:42:19,repeat_random_model.py,"(1021, 9)",858,sequential_198,Dense 128 -> 128 -> 16 -> 128 -> 64 -> 32 -> 1,mse,adam_198,20,128,1.3661,23108.40625,4288.919921875,3707.1943359375,0.4646632252265275,0.7
2026-09-04 14:42:21,repeat_random_model.py,"(1021, 9)",858,sequential_199,Dense 128 -> 128 -> 16 -> 128 -> 64 -> 16 -> 1,mse,adam_199,20,128,1.4073,27851.775390625,5620.029296875,4599.51416015625,0.33580798782901145,0.7
2026-09-04 14:42:22,repeat_random_model.py,"(1021, 9)",858,sequential_200,Dense 128 -> 128 -> 16 -> 128 -> 32 -> 128 -> 1,mse,adam_200,20,128,1.3335,22656.3359375,5837.5068359375,4763.28076171875,0.31215928059267406,0.7
2026-09-04 14:42:24,repeat_random_model.py,"(1021, 9)",858,sequential_201,Dense 128 -> 128 -> 16 -> 128 -> 32 -> 64 -> 1,mse,adam_201,20,128,1.3622,32437.37890625,5125.88037109375,4843.333984375,0.30059920233955784,0.7
2026-09-04 14:42:25,repeat_random_model.py,"(1021, 9)",858,sequential_202,Dense 128 -> 128 -> 16 -> 128 -> 32 -> 32 -> 1,mse,adam_202,20,128,1.5097,54777.6796875,5824.86572265625,5940.419921875,0.1421747711585465,0.7
2026-09-04 14:42:27,repeat_random_model.py,"(1021, 9)",858,sequential_203,Dense 128 -> 128 -> 16 -> 128 -> 32 -> 16 -> 1,mse,adam_203,20,128,1.3287,54637.7734375,5814.986328125,5645.359375,0.18478288388195419,0.7
2026-09-04 14:42:29,repeat_random_model.py,"(1021, 9)",858,sequential_204,Dense 128 -> 128 -> 16 -> 128 -> 16 -> 128 -> 1,mse,adam_204,20,128,1.3524,18782.005859375,5460.6923828125,5110.2255859375,0.2620588106715177,0.7
2026-09-04 14:42:30,repeat_random_model.py,"(1021, 9)",858,sequential_205,Dense 128 -> 128 -> 16 -> 128 -> 16 -> 64 -> 1,mse,adam_205,20,128,1.3958,30879.20703125,5770.40380859375,5408.654296875,0.21896423071565596,0.7
2026-09-04 14:42:34,repeat_random_model.py,"(1021, 9)",858,sequential_206,Dense 128 -> 128 -> 16 -> 128 -> 16 -> 32 -> 1,mse,adam_206,20,128,3.1266,108558.8671875,6355.333984375,6039.27978515625,0.1278988742995958,0.7
2026-09-04 14:42:35,repeat_random_model.py,"(1021, 9)",858,sequential_207,Dense 128 -> 128 -> 16 -> 128 -> 16 -> 16 -> 1,mse,adam_207,20,128,1.3667,13841.001953125,4942.3837890625,5321.677734375,0.2315240472109722,0.7
2026-09-04 14:42:37,repeat_random_model.py,"(1021, 9)",858,sequential_208,Dense 128 -> 128 -> 16 -> 64 -> 128 -> 128 -> 1,mse,adam_208,20,128,1.4735,77943.6171875,5973.12646484375,5600.03173828125,0.19132838412132247,0.7
2026-09-04 14:42:38,repeat_random_model.py,"(1021, 9)",858,sequential_209,Dense 128 -> 128 -> 16 -> 64 -> 128 -> 64 -> 1,mse,adam_209,20,128,1.375,42847.21484375,5427.7431640625,5237.50537109375,0.24367896284386237,0.7
2026-09-04 14:42:40,repeat_random_model.py,"(1021, 9)",858,sequential_210,Dense 128 -> 128 -> 16 -> 64 -> 128 -> 32 -> 1,mse,adam_210,20,128,1.4786,51775.25390625,5259.47216796875,4963.390625,0.2832624170899438,0.7
2026-09-04 14:42:42,repeat_random_model.py,"(1021, 9)",858,sequential_211,Dense 128 -> 128 -> 16 -> 64 -> 128 -> 16 -> 1,mse,adam_211,20,128,1.3357,49847.1953125,5587.54833984375,5339.90478515625,0.22889198856073945,0.7
2026-09-04 14:42:44,repeat_random_model.py,"(1021, 9)",858,sequential_212,Dense 128 -> 128 -> 16 -> 64 -> 64 -> 128 -> 1,mse,adam_212,20,128,1.5358,25446.09375,5116.3251953125,5129.87548828125,0.2592212301650475,0.7
2026-09-04 14:42:45,repeat_random_model.py,"(1021, 9)",858,sequential_213,Dense 128 -> 128 -> 16 -> 64 -> 64 -> 64 -> 1,mse,adam_213,20,128,1.3748,21556.626953125,5246.42626953125,5548.02978515625,0.19883767750366588,0.7
2026-09-04 14:42:47,repeat_random_model.py,"(1021, 9)",858,sequential_214,Dense 128 -> 128 -> 16 -> 64 -> 64 -> 32 -> 1,mse,adam_214,20,128,1.3347,34711.18359375,5332.9638671875,4947.37451171875,0.28557523034492804,0.7
2026-09-04 14:42:48,repeat_random_model.py,"(1021, 9)",858,sequential_215,Dense 128 -> 128 -> 16 -> 64 -> 64 -> 16 -> 1,mse,adam_215,20,128,1.3396,35168.4140625,5288.52685546875,4985.59521484375,0.28005599305420736,0.7
2026-09-04 14:42:50,repeat_random_model.py,"(1021, 9)",858,sequential_216,Dense 128 -> 128 -> 16 -> 64 -> 32 -> 128 -> 1,mse,adam_216,20,128,1.3554,22775.294921875,5421.08642578125,4797.09765625,0.3072759561655254,0.7
2026-09-04 14:42:52,repeat_random_model.py,"(1021, 9)",858,sequential_217,Dense 128 -> 128 -> 16 -> 64 -> 32 -> 64 -> 1,mse,adam_217,20,128,1.4817,15740.9111328125,5310.14501953125,4320.37158203125,0.37611744624607024,0.7
2026-09-04 14:42:53,repeat_random_model.py,"(1021, 9)",858,sequential_218,Dense 128 -> 128 -> 16 -> 64 -> 32 -> 32 -> 1,mse,adam_218,20,128,1.3183,38156.65234375,6083.8837890625,5763.9228515625,0.1676617719974789,0.7
2026-09-04 14:42:55,repeat_random_model.py,"(1021, 9)",858,sequential_219,Dense 128 -> 128 -> 16 -> 64 -> 32 -> 16 -> 1,mse,adam_219,20,128,1.3683,38707.15234375,5439.37890625,5255.97265625,0.24101219389036332,0.7
2026-09-04 14:42:56,repeat_random_model.py,"(1021, 9)",858,sequential_220,Dense 128 -> 128 -> 16 -> 64 -> 16 -> 128 -> 1,mse,adam_220,20,128,1.5001,20612.595703125,5688.1064453125,5597.49267578125,0.19169519053342143,0.7
2026-09-04 14:42:58,repeat_random_model.py,"(1021, 9)",858,sequential_221,Dense 128 -> 128 -> 16 -> 64 -> 16 -> 64 -> 1,mse,adam_221,20,128,1.3467,17018.833984375,5762.8212890625,5455.81689453125,0.21215358301538023,0.7
2026-09-04 14:43:00,repeat_random_model.py,"(1021, 9)",858,sequential_222,Dense 128 -> 128 -> 16 -> 64 -> 16 -> 32 -> 1,mse,adam_222,20,128,1.3369,61461.84765625,5932.77783203125,5724.00390625,0.1734262130095583,0.7
2026-09-04 14:43:01,repeat_random_model.py,"(1021, 9)",858,sequential_223,Dense 128 -> 128 -> 16 -> 64 -> 16 -> 16 -> 1,mse,adam_223,20,128,1.3834,50758.94140625,5786.880859375,5564.27490234375,0.1964917799861814,0.7
2026-09-04 14:43:03,repeat_random_model.py,"(1021, 9)",858,sequential_224,Dense 128 -> 128 -> 16 -> 32 -> 128 -> 128 -> 1,mse,adam_224,20,128,1.4039,29651.794921875,4770.6015625,4598.27587890625,0.3359868362665749,0.7
2026-09-04 14:43:04,repeat_random_model.py,"(1021, 9)",858,sequential_225,Dense 128 -> 128 -> 16 -> 32 -> 128 -> 64 -> 1,mse,adam_225,20,128,1.3903,48401.14453125,4762.16455078125,4437.96142578125,0.35913697924670607,0.7
2026-09-04 14:43:06,repeat_random_model.py,"(1021, 9)",858,sequential_226,Dense 128 -> 128 -> 16 -> 32 -> 128 -> 32 -> 1,mse,adam_226,20,128,1.3996,52165.88671875,5922.4892578125,5681.80126953125,0.17952052085790904,0.7
2026-09-04 14:43:08,repeat_random_model.py,"(1021, 9)",858,sequential_227,Dense 128 -> 128 -> 16 -> 32 -> 128 -> 16 -> 1,mse,adam_227,20,128,1.3172,86367.7578125,6088.75634765625,5876.623046875,0.151387285931332,0.7
2026-09-04 14:43:09,repeat_random_model.py,"(1021, 9)",858,sequential_228,Dense 128 -> 128 -> 16 -> 32 -> 64 -> 128 -> 1,mse,adam_228,20,128,1.3591,20937.9921875,5017.09814453125,4595.689453125,0.3363602763588327,0.7
2026-09-04 14:43:11,repeat_random_model.py,"(1021, 9)",858,sequential_229,Dense 128 -> 128 -> 16 -> 32 -> 64 -> 64 -> 1,mse,adam_229,20,128,1.4117,37217.00390625,5538.08154296875,5608.2802734375,0.19013732070550593,0.7
2026-09-04 14:43:12,repeat_random_model.py,"(1021, 9)",858,sequential_230,Dense 128 -> 128 -> 16 -> 32 -> 64 -> 32 -> 1,mse,adam_230,20,128,1.3332,22678.76171875,4953.61474609375,4535.0556640625,0.3451161024258853,0.7
2026-09-04 14:43:14,repeat_random_model.py,"(1021, 9)",858,sequential_231,Dense 128 -> 128 -> 16 -> 32 -> 64 -> 16 -> 1,mse,adam_231,20,128,1.391,32231.294921875,5944.00439453125,5367.13037109375,0.22496050932962086,0.7
2026-09-04 14:43:16,repeat_random_model.py,"(1021, 9)",858,sequential_232,Dense 128 -> 128 -> 16 -> 32 -> 32 -> 128 -> 1,mse,adam_232,20,128,1.332,17733.966796875,4431.0205078125,4260.25341796875,0.38479884025482236,0.7
2026-09-04 14:43:17,repeat_random_model.py,"(1021, 9)",858,sequential_233,Dense 128 -> 128 -> 16 -> 32 -> 32 -> 64 -> 1,mse,adam_233,20,128,1.3332,48408.87109375,5910.310546875,5703.1728515625,0.17643430998842657,0.7
2026-09-04 14:43:19,repeat_random_model.py,"(1021, 9)",858,sequential_234,Dense 128 -> 128 -> 16 -> 32 -> 32 -> 32 -> 1,mse,adam_234,20,128,1.3997,63371.515625,5969.50732421875,5757.6083984375,0.16857360778349528,0.7
2026-09-04 14:43:20,repeat_random_model.py,"(1021, 9)",858,sequential_235,Dense 128 -> 128 -> 16 -> 32 -> 32 -> 16 -> 1,mse,adam_235,20,128,1.3435,67158.3046875,5608.07958984375,5370.69189453125,0.2244461416108272,0.7
2026-09-04 14:43:22,repeat_random_model.py,"(1021, 9)",858,sequential_236,Dense 128 -> 128 -> 16 -> 32 -> 16 -> 128 -> 1,mse,adam_236,20,128,1.3269,29793.38671875,5601.05078125,5311.2939453125,0.23302348997011724,0.7
2026-09-04 14:43:24,repeat_random_model.py,"(1021, 9)",858,sequential_237,Dense 128 -> 128 -> 16 -> 32 -> 16 -> 64 -> 1,mse,adam_237,20,128,1.4969,47799.609375,5983.728515625,5820.23876953125,0.15952946658961953,0.7
2026-09-04 14:43:25,repeat_random_model.py,"(1021, 9)",858,sequential_238,Dense 128 -> 128 -> 16 -> 32 -> 16 -> 32 -> 1,mse,adam_238,20,128,1.3813,36115.91796875,5735.697265625,5451.25732421875,0.21281217109892558,0.7
2026-09-04 14:43:27,repeat_random_model.py,"(1021, 9)",858,sequential_239,Dense 128 -> 128 -> 16 -> 32 -> 16 -> 16 -> 1,mse,adam_239,20,128,1.459,26991.458984375,5672.833984375,5468.38232421875,0.21033924005798743,0.7
2026-09-04 14:43:29,repeat_random_model.py,"(1021, 9)",858,sequential_240,Dense 128 -> 128 -> 16 -> 16 -> 128 -> 128 -> 1,mse,adam_240,20,128,1.3978,23316.38671875,5229.70068359375,5051.64404296875,0.2705182897362044,0.7
2026-09-04 14:43:30,repeat_random_model.py,"(1021, 9)",858,sequential_241,Dense 128 -> 128 -> 16 -> 16 -> 128 -> 64 -> 1,mse,adam_241,20,128,1.3385,30504.546875,5326.18798828125,5147.46533203125,0.25668126776284717,0.7
2026-09-04 14:43:32,repeat_random_model.py,"(1021, 9)",858,sequential_242,Dense 128 -> 128 -> 16 -> 16 -> 128 -> 32 -> 1,mse,adam_242,20,128,1.3293,61940.00390625,5887.63232421875,5613.9833984375,0.1893137142119362,0.7
2026-09-04 14:43:33,repeat_random_model.py,"(1021, 9)",858,sequential_243,Dense 128 -> 128 -> 16 -> 16 -> 128 -> 16 -> 1,mse,adam_243,20,128,1.3945,30369.458984375,6309.5078125,6197.5537109375,0.10504348166227018,0.7
2026-09-04 14:43:35,repeat_random_model.py,"(1021, 9)",858,sequential_244,Dense 128 -> 128 -> 16 -> 16 -> 64 -> 128 -> 1,mse,adam_244,20,128,1.4074,18466.06640625,5571.34521484375,5218.82177734375,0.24637694600908921,0.7
2026-09-04 14:43:39,repeat_random_model.py,"(1021, 9)",858,sequential_245,Dense 128 -> 128 -> 16 -> 16 -> 64 -> 64 -> 1,mse,adam_245,20,128,1.3328,43068.12109375,6143.09619140625,5650.38916015625,0.18405657496559114,0.7
2026-09-04 14:43:40,repeat_random_model.py,"(1021, 9)",858,sequential_246,Dense 128 -> 128 -> 16 -> 16 -> 64 -> 32 -> 1,mse,adam_246,20,128,1.4158,22481.876953125,5411.11962890625,4099.43408203125,0.4080219743494842,0.7
2026-09-04 14:43:42,repeat_random_model.py,"(1021, 9)",858,sequential_247,Dense 128 -> 128 -> 16 -> 16 -> 64 -> 16 -> 1,mse,adam_247,20,128,1.3323,116584.203125,6132.35791015625,5943.4384765625,0.1417388787308742,0.7
2026-09-04 14:43:43,repeat_random_model.py,"(1021, 9)",858,sequential_248,Dense 128 -> 128 -> 16 -> 16 -> 32 -> 128 -> 1,mse,adam_248,20,128,1.3905,18904.607421875,5129.89013671875,4921.4326171875,0.2893213865097114,0.7
2026-09-04 14:43:45,repeat_random_model.py,"(1021, 9)",858,sequential_249,Dense 128 -> 128 -> 16 -> 16 -> 32 -> 64 -> 1,mse,adam_249,20,128,1.4026,14377.0595703125,4476.35595703125,4223.919921875,0.3900455433832125,0.7
2026-09-04 14:43:47,repeat_random_model.py,"(1021, 9)",858,sequential_250,Dense 128 -> 128 -> 16 -> 16 -> 32 -> 32 -> 1,mse,adam_250,20,128,1.3683,13829.4794921875,4818.31884765625,3875.9453125,0.44029482097126516,0.7
2026-09-04 14:43:48,repeat_random_model.py,"(1021, 9)",858,sequential_251,Dense 128 -> 128 -> 16 -> 16 -> 32 -> 16 -> 1,mse,adam_251,20,128,1.3355,24708.10546875,6106.16064453125,5927.271484375,0.14407337134016496,0.7
2026-09-04 14:43:50,repeat_random_model.py,"(1021, 9)",858,sequential_252,Dense 128 -> 128 -> 16 -> 16 -> 16 -> 128 -> 1,mse,adam_252,20,128,1.3522,17333.873046875,6050.68017578125,5633.5205078125,0.18649249652173616,0.7
2026-09-04 14:43:51,repeat_random_model.py,"(1021, 9)",858,sequential_253,Dense 128 -> 128 -> 16 -> 16 -> 16 -> 64 -> 1,mse,adam_253,20,128,1.3396,41143.265625,5872.43408203125,5680.65966796875,0.17968526099171422,0.7
2026-09-04 14:43:53,repeat_random_model.py,"(1021, 9)",858,sequential_254,Dense 128 -> 128 -> 16 -> 16 -> 16 -> 32 -> 1,mse,adam_254,20,128,1.3857,15065.01953125,5135.1025390625,5482.5107421875,0.20829908785322238,0.7
2026-09-04 14:43:55,repeat_random_model.py,"(1021, 9)",858,sequential_255,Dense 128 -> 128 -> 16 -> 16 -> 16 -> 16 -> 1,mse,adam_255,20,128,1.3732,44038.34765625,5508.59130859375,5245.36767578125,0.2425436217952326,0.7
2026-09-04 14:43:56,repeat_random_model.py,"(1021, 9)",858,sequential_256,Dense 128 -> 64 -> 128 -> 128 -> 128 -> 128 -> 1,mse,adam_256,20,128,1.377,243952.609375,5899.98876953125,5667.09228515625,0.18164450255602682,0.7
2026-09-04 14:43:58,repeat_random_model.py,"(1021, 9)",858,sequential_257,Dense 128 -> 64 -> 128 -> 128 -> 128 -> 64 -> 1,mse,adam_257,20,128,1.3749,138552.0625,5456.12890625,5255.65087890625,0.24105869747032704,0.7
2026-09-04 14:44:00,repeat_random_model.py,"(1021, 9)",858,sequential_258,Dense 128 -> 64 -> 128 -> 128 -> 128 -> 32 -> 1,mse,adam_258,20,128,1.4549,339713.75,6008.6328125,5788.080078125,0.16417330991650148,0.7
2026-09-04 14:44:01,repeat_random_model.py,"(1021, 9)",858,sequential_259,Dense 128 -> 64 -> 128 -> 128 -> 128 -> 16 -> 1,mse,adam_259,20,128,1.4433,350842.0,6213.306640625,5923.2763671875,0.14465035251471126,0.7
2026-09-04 14:44:03,repeat_random_model.py,"(1021, 9)",858,sequential_260,Dense 128 -> 64 -> 128 -> 128 -> 64 -> 128 -> 1,mse,adam_260,20,128,1.3483,141592.625,5911.08837890625,5706.92529296875,0.17589250667624556,0.7
2026-09-04 14:44:04,repeat_random_model.py,"(1021, 9)",858,sequential_261,Dense 128 -> 64 -> 128 -> 128 -> 64 -> 64 -> 1,mse,adam_261,20,128,1.3936,261461.390625,6169.14697265625,5933.45556640625,0.14318050623171763,0.7
2026-09-04 14:44:06,repeat_random_model.py,"(1021, 9)",858,sequential_262,Dense 128 -> 64 -> 128 -> 128 -> 64 -> 32 -> 1,mse,adam_262,20,128,1.4196,129300.75,5966.24169921875,5734.728515625,0.17187760257492002,0.7
2026-09-04 14:44:08,repeat_random_model.py,"(1021, 9)",858,sequential_263,Dense 128 -> 64 -> 128 -> 128 -> 64 -> 16 -> 1,mse,adam_263,20,128,1.3584,197488.546875,5983.84423828125,5720.70654296875,0.17390235808960008,0.7
2026-09-04 14:44:09,repeat_random_model.py,"(1021, 9)",858,sequential_264,Dense 128 -> 64 -> 128 -> 128 -> 32 -> 128 -> 1,mse,adam_264,20,128,1.3488,30900.20703125,4911.86474609375,4426.076171875,0.3608533067395723,0.7
2026-09-04 14:44:11,repeat_random_model.py,"(1021, 9)",858,sequential_265,Dense 128 -> 64 -> 128 -> 128 -> 32 -> 64 -> 1,mse,adam_265,20,128,1.3406,77980.4609375,5951.1923828125,5740.53515625,0.1710389988059322,0.7
2026-09-04 14:44:12,repeat_random_model.py,"(1021, 9)",858,sequential_266,Dense 128 -> 64 -> 128 -> 128 -> 32 -> 32 -> 1,mse,adam_266,20,128,1.3856,97124.9609375,6218.92822265625,6050.28125,0.1263101575595581,0.7
2026-09-04 14:44:14,repeat_random_model.py,"(1021, 9)",858,sequential_267,Dense 128 -> 64 -> 128 -> 128 -> 32 -> 16 -> 1,mse,adam_267,20,128,1.4047,338042.8125,6153.0986328125,5891.59228515625,0.1492255412259802,0.7
2026-09-04 14:44:16,repeat_random_model.py,"(1021, 9)",858,sequential_268,Dense 128 -> 64 -> 128 -> 128 -> 16 -> 128 -> 1,mse,adam_268,20,128,1.4095,35165.6171875,5912.87060546875,5710.58642578125,0.17536391982409794,0.7
2026-09-04 14:44:17,repeat_random_model.py,"(1021, 9)",858,sequential_269,Dense 128 -> 64 -> 128 -> 128 -> 16 -> 64 -> 1,mse,adam_269,20,128,1.3616,35475.578125,5692.27880859375,5883.296875,0.1504235076578473,0.7
2026-09-04 14:44:19,repeat_random_model.py,"(1021, 9)",858,sequential_270,Dense 128 -> 64 -> 128 -> 128 -> 16 -> 32 -> 1,mse,adam_270,20,128,1.4805,69003.46875,5440.3525390625,5400.00634765625,0.22021304411739406,0.7
2026-09-04 14:44:21,repeat_random_model.py,"(1021, 9)",858,sequential_271,Dense 128 -> 64 -> 128 -> 128 -> 16 -> 16 -> 1,mse,adam_271,20,128,1.4581,59326.01171875,5456.5400390625,5204.3828125,0.24846203323329397,0.7
2026-09-04 14:44:22,repeat_random_model.py,"(1021, 9)",858,sequential_272,Dense 128 -> 64 -> 128 -> 64 -> 128 -> 128 -> 1,mse,adam_272,20,128,1.3894,239859.21875,6230.20849609375,5952.35107421875,0.14045175262240694,0.7
2026-09-04 14:44:24,repeat_random_model.py,"(1021, 9)",858,sequential_273,Dense 128 -> 64 -> 128 -> 64 -> 128 -> 64 -> 1,mse,adam_273,20,128,1.5406,127573.1015625,5711.29296875,5658.64404296875,0.1828645289550077,0.7
2026-09-04 14:44:26,repeat_random_model.py,"(1021, 9)",858,sequential_274,Dense 128 -> 64 -> 128 -> 64 -> 128 -> 32 -> 1,mse,adam_274,20,128,1.5712,73828.078125,6018.1884765625,5773.68896484375,0.16625139518473708,0.7
2026-09-04 14:44:32,repeat_random_model.py,"(1021, 9)",858,sequential_275,Dense 128 -> 64 -> 128 -> 64 -> 128 -> 16 -> 1,mse,adam_275,20,128,4.9444,105490.140625,5932.5556640625,5647.5478515625,0.1844668604640154,0.7
2026-09-04 14:44:43,repeat_random_model.py,"(1021, 9)",858,sequential_276,Dense 128 -> 64 -> 128 -> 64 -> 64 -> 128 -> 1,mse,adam_276,20,128,9.6883,94687.1875,6109.52880859375,5875.10107421875,0.15160701417099698,0.7
2026-09-04 14:44:56,repeat_random_model.py,"(1021, 9)",858,sequential_277,Dense 128 -> 64 -> 128 -> 64 -> 64 -> 64 -> 1,mse,adam_277,20,128,11.2331,109338.2421875,5924.44921875,5631.5341796875,0.18677932324450108,0.7
2026-09-04 14:45:07,repeat_random_model.py,"(1021, 9)",858,sequential_278,Dense 128 -> 64 -> 128 -> 64 -> 64 -> 32 -> 1,mse,adam_278,20,128,10.1215,71086.1015625,5490.87451171875,5287.31982421875,0.23648545951985145,0.7
2026-09-04 14:45:18,repeat_random_model.py,"(1021, 9)",858,sequential_279,Dense 128 -> 64 -> 128 -> 64 -> 64 -> 16 -> 1,mse,adam_279,20,128,8.7852,124095.0703125,5680.7978515625,5514.55810546875,0.20367114198496905,0.7
2026-09-04 14:45:26,repeat_random_model.py,"(1021, 9)",858,sequential_280,Dense 128 -> 64 -> 128 -> 64 -> 32 -> 128 -> 1,mse,adam_280,20,128,8.0128,34516.7265625,5366.724609375,5206.1025390625,0.24821363128962592,0.7
2026-09-04 14:45:28,repeat_random_model.py,"(1021, 9)",858,sequential_281,Dense 128 -> 64 -> 128 -> 64 -> 32 -> 64 -> 1,mse,adam_281,20,128,1.3749,56551.9296875,5571.96337890625,5203.41162109375,0.2486022491012828,0.7
2026-09-04 14:45:29,repeat_random_model.py,"(1021, 9)",858,sequential_282,Dense 128 -> 64 -> 128 -> 64 -> 32 -> 32 -> 1,mse,adam_282,20,128,1.3498,105096.609375,5936.478515625,5674.9365234375,0.18051173731658143,0.7
2026-09-04 14:45:31,repeat_random_model.py,"(1021, 9)",858,sequential_283,Dense 128 -> 64 -> 128 -> 64 -> 32 -> 16 -> 1,mse,adam_283,20,128,1.3367,161033.625,5887.6279296875,5689.3759765625,0.1784266531065677,0.7
2026-09-04 14:45:32,repeat_random_model.py,"(1021, 9)",858,sequential_284,Dense 128 -> 64 -> 128 -> 64 -> 16 -> 128 -> 1,mse,adam_284,20,128,1.3541,35332.015625,5169.9912109375,4991.05859375,0.27926701212214866,0.7
2026-09-04 14:45:34,repeat_random_model.py,"(1021, 9)",858,sequential_285,Dense 128 -> 64 -> 128 -> 64 -> 16 -> 64 -> 1,mse,adam_285,20,128,1.3987,65522.04296875,5858.21533203125,5655.794921875,0.18327598362087028,0.7
2026-09-04 14:45:36,repeat_random_model.py,"(1021, 9)",858,sequential_286,Dense 128 -> 64 -> 128 -> 64 -> 16 -> 32 -> 1,mse,adam_286,20,128,1.3827,107530.9453125,5965.7890625,5694.0810546875,0.17774710264180182,0.7
2026-09-04 14:45:37,repeat_random_model.py,"(1021, 9)",858,sequential_287,Dense 128 -> 64 -> 128 -> 64 -> 16 -> 16 -> 1,mse,adam_287,20,128,1.3503,81907.4609375,5918.7529296875,5739.3779296875,0.17120614033821036,0.7
2026-09-04 14:45:39,repeat_random_model.py,"(1021, 9)",858,sequential_288,Dense 128 -> 64 -> 128 -> 32 -> 128 -> 128 -> 1,mse,adam_288,20,128,1.3468,70188.2421875,5216.55615234375,4906.81640625,0.2914320442849765,0.7
2026-09-04 14:45:40,repeat_random_model.py,"(1021, 9)",858,sequential_289,Dense 128 -> 64 -> 128 -> 32 -> 128 -> 64 -> 1,mse,adam_289,20,128,1.3389,33988.54296875,5286.43505859375,4925.9638671875,0.28866697769664407,0.7
2026-09-04 14:45:42,repeat_random_model.py,"(1021, 9)",858,sequential_290,Dense 128 -> 64 -> 128 -> 32 -> 128 -> 32 -> 1,mse,adam_290,20,128,1.3637,55834.7265625,5778.4130859375,5463.83740234375,0.2109955445103644,0.7
2026-09-04 14:45:43,repeat_random_model.py,"(1021, 9)",858,sequential_291,Dense 128 -> 64 -> 128 -> 32 -> 128 -> 16 -> 1,mse,adam_291,20,128,1.3313,44473.4609375,5904.2548828125,5589.14501953125,0.1929005316349265,0.7
2026-09-04 14:45:47,repeat_random_model.py,"(1021, 9)",858,sequential_292,Dense 128 -> 64 -> 128 -> 32 -> 64 -> 128 -> 1,mse,adam_292,20,128,3.7633,26652.109375,5276.56201171875,5137.54345703125,0.25811393539835525,0.7
2026-09-04 14:45:49,repeat_random_model.py,"(1021, 9)",858,sequential_293,Dense 128 -> 64 -> 128 -> 32 -> 64 -> 64 -> 1,mse,adam_293,20,128,1.3569,107054.4453125,6148.9677734375,5877.90185546875,0.15120257116804703,0.7
2026-09-04 14:45:51,repeat_random_model.py,"(1021, 9)",858,sequential_294,Dense 128 -> 64 -> 128 -> 32 -> 64 -> 32 -> 1,mse,adam_294,20,128,1.3993,49104.44921875,5447.37744140625,5226.955078125,0.2452025400504826,0.7
2026-09-04 14:45:52,repeat_random_model.py,"(1021, 9)",858,sequential_295,Dense 128 -> 64 -> 128 -> 32 -> 64 -> 16 -> 1,mse,adam_295,20,128,1.4183,74764.6484375,5868.07080078125,5653.55419921875,0.18359947256285702,0.7
2026-09-04 14:45:54,repeat_random_model.py,"(1021, 9)",858,sequential_296,Dense 128 -> 64 -> 128 -> 32 -> 32 -> 128 -> 1,mse,adam_296,20,128,1.3987,26236.197265625,5177.90185546875,5288.83984375,0.2362659212663859,0.7
2026-09-04 14:45:56,repeat_random_model.py,"(1021, 9)",858,sequential_297,Dense 128 -> 64 -> 128 -> 32 -> 32 -> 64 -> 1,mse,adam_297,20,128,1.4199,46010.57421875,5706.11572265625,5415.3154296875,0.218002227018135,0.7
2026-09-04 14:45:57,repeat_random_model.py,"(1021, 9)",858,sequential_298,Dense 128 -> 64 -> 128 -> 32 -> 32 -> 32 -> 1,mse,adam_298,20,128,1.3578,91682.8984375,6050.353515625,5775.78759765625,0.1659483704230681,0.7
2026-09-04 14:45:59,repeat_random_model.py,"(1021, 9)",858,sequential_299,Dense 128 -> 64 -> 128 -> 32 -> 32 -> 16 -> 1,mse,adam_299,20,128,1.3875,32875.078125,5192.11279296875,4917.7578125,0.28985197277216745,0.7
2026-09-04 14:46:00,repeat_random_model.py,"(1021, 9)",858,sequential_300,Dense 128 -> 64 -> 128 -> 32 -> 16 -> 128 -> 1,mse,adam_300,20,128,1.3326,18214.142578125,5519.3134765625,5160.59814453125,0.2547846795678407,0.7
2026-09-04 14:46:02,repeat_random_model.py,"(1021, 9)",858,sequential_301,Dense 128 -> 64 -> 128 -> 32 -> 16 -> 64 -> 1,mse,adam_301,20,128,1.3742,41384.828125,5832.017578125,5579.3662109375,0.1943125822766394,0.7
2026-09-04 14:46:04,repeat_random_model.py,"(1021, 9)",858,sequential_302,Dense 128 -> 64 -> 128 -> 32 -> 16 -> 32 -> 1,mse,adam_302,20,128,1.4139,35690.1015625,5576.67919921875,5216.7099609375,0.24668182887078527,0.7
2026-09-04 14:46:05,repeat_random_model.py,"(1021, 9)",858,sequential_303,Dense 128 -> 64 -> 128 -> 32 -> 16 -> 16 -> 1,mse,adam_303,20,128,1.3936,109662.5078125,5843.70703125,5897.81982421875,0.14832645115777432,0.7
2026-09-04 14:46:07,repeat_random_model.py,"(1021, 9)",858,sequential_304,Dense 128 -> 64 -> 128 -> 16 -> 128 -> 128 -> 1,mse,adam_304,20,128,1.3543,61408.28125,5227.8427734375,5019.033203125,0.27522743547992523,0.7
2026-09-04 14:46:08,repeat_random_model.py,"(1021, 9)",858,sequential_305,Dense 128 -> 64 -> 128 -> 16 -> 128 -> 64 -> 1,mse,adam_305,20,128,1.3605,36159.19140625,5447.22216796875,5087.6015625,0.2653257423118248,0.7
2026-09-04 14:46:10,repeat_random_model.py,"(1021, 9)",858,sequential_306,Dense 128 -> 64 -> 128 -> 16 -> 128 -> 32 -> 1,mse,adam_306,20,128,1.3965,25855.408203125,6018.27734375,4756.841796875,0.31308912232992236,0.7
2026-09-04 14:46:12,repeat_random_model.py,"(1021, 9)",858,sequential_307,Dense 128 -> 64 -> 128 -> 16 -> 128 -> 16 -> 1,mse,adam_307,20,128,1.4299,14495.0,4271.98486328125,3858.79248046875,0.44277170822970713,0.7
2026-09-04 14:46:14,repeat_random_model.py,"(1021, 9)",858,sequential_308,Dense 128 -> 64 -> 128 -> 16 -> 64 -> 128 -> 1,mse,adam_308,20,128,1.5497,22570.67578125,5446.78466796875,4742.20166015625,0.3152032753942403,0.7
2026-09-04 14:46:15,repeat_random_model.py,"(1021, 9)",858,sequential_309,Dense 128 -> 64 -> 128 -> 16 -> 64 -> 64 -> 1,mse,adam_309,20,128,1.3383,33687.62109375,5454.931640625,5090.5107421875,0.2649057625955209,0.7
2026-09-04 14:46:17,repeat_random_model.py,"(1021, 9)",858,sequential_310,Dense 128 -> 64 -> 128 -> 16 -> 64 -> 32 -> 1,mse,adam_310,20,128,1.4363,52568.765625,5903.1513671875,5585.431640625,0.1934366845527662,0.7
2026-09-04 14:46:18,repeat_random_model.py,"(1021, 9)",858,sequential_311,Dense 128 -> 64 -> 128 -> 16 -> 64 -> 16 -> 1,mse,adam_311,20,128,1.3364,99668.3125,6202.3857421875,5943.61767578125,0.14171296344435858,0.7
2026-09-04 14:46:20,repeat_random_model.py,"(1021, 9)",858,sequential_312,Dense 128 -> 64 -> 128 -> 16 -> 32 -> 128 -> 1,mse,adam_312,20,128,1.3707,20025.7265625,4997.1259765625,4559.10498046875,0.34164323188063217,0.7
2026-09-04 14:46:22,repeat_random_model.py,"(1021, 9)",858,sequential_313,Dense 128 -> 64 -> 128 -> 16 -> 32 -> 64 -> 1,mse,adam_313,20,128,1.4595,67060.3515625,5966.4443359375,5730.20947265625,0.17253007870160542,0.7
2026-09-04 14:46:23,repeat_random_model.py,"(1021, 9)",858,sequential_314,Dense 128 -> 64 -> 128 -> 16 -> 32 -> 32 -> 1,mse,adam_314,20,128,1.3987,93656.8046875,5500.48046875,5343.67626953125,0.22834737385772197,0.7
2026-09-04 14:46:25,repeat_random_model.py,"(1021, 9)",858,sequential_315,Dense 128 -> 64 -> 128 -> 16 -> 32 -> 16 -> 1,mse,adam_315,20,128,1.5199,70557.6328125,5842.97119140625,5725.04833984375,0.17327538667423825,0.7
2026-09-04 14:46:27,repeat_random_model.py,"(1021, 9)",858,sequential_316,Dense 128 -> 64 -> 128 -> 16 -> 16 -> 128 -> 1,mse,adam_316,20,128,1.3311,20994.681640625,5330.53076171875,5122.640625,0.26026589778976716,0.7
2026-09-04 14:46:28,repeat_random_model.py,"(1021, 9)",858,sequential_317,Dense 128 -> 64 -> 128 -> 16 -> 16 -> 64 -> 1,mse,adam_317,20,128,1.3648,25574.9765625,5800.95947265625,5474.62255859375,0.209438121409121,0.7
2026-09-04 14:46:30,repeat_random_model.py,"(1021, 9)",858,sequential_318,Dense 128 -> 64 -> 128 -> 16 -> 16 -> 32 -> 1,mse,adam_318,20,128,1.4641,73674.46875,5783.322265625,5693.57470703125,0.17782034290535942,0.7
2026-09-04 14:46:31,repeat_random_model.py,"(1021, 9)",858,sequential_319,Dense 128 -> 64 -> 128 -> 16 -> 16 -> 16 -> 1,mse,adam_319,20,128,1.3174,45147.20703125,5694.498046875,5683.587890625,0.1792624742456449,0.7
2026-09-04 14:46:33,repeat_random_model.py,"(1021, 9)",858,sequential_320,Dense 128 -> 64 -> 64 -> 128 -> 128 -> 128 -> 1,mse,adam_320,20,128,1.4737,115545.1015625,5933.9296875,5721.62158203125,0.17377018595524374,0.7
2026-09-04 14:46:35,repeat_random_model.py,"(1021, 9)",858,sequential_321,Dense 128 -> 64 -> 64 -> 128 -> 128 -> 64 -> 1,mse,adam_321,20,128,1.3451,82741.890625,5806.2177734375,5360.50927734375,0.22591671310032369,0.7
2026-09-04 14:46:36,repeat_random_model.py,"(1021, 9)",858,sequential_322,Dense 128 -> 64 -> 64 -> 128 -> 128 -> 32 -> 1,mse,adam_322,20,128,1.342,109168.765625,5773.08740234375,5507.3134765625,0.2047174191917539,0.7
2026-09-04 14:46:38,repeat_random_model.py,"(1021, 9)",858,sequential_323,Dense 128 -> 64 -> 64 -> 128 -> 128 -> 16 -> 1,mse,adam_323,20,128,1.3401,152265.875,5796.3056640625,5779.15625,0.16546191477791172,0.7
2026-09-04 14:46:39,repeat_random_model.py,"(1021, 9)",858,sequential_324,Dense 128 -> 64 -> 64 -> 128 -> 64 -> 128 -> 1,mse,adam_324,20,128,1.3317,59355.39453125,5703.97119140625,5509.18505859375,0.20444711364378942,0.7
2026-09-04 14:46:41,repeat_random_model.py,"(1021, 9)",858,sequential_325,Dense 128 -> 64 -> 64 -> 128 -> 64 -> 64 -> 1,mse,adam_325,20,128,1.327,83658.40625,5676.341796875,5518.345703125,0.20312438384033515,0.7
2026-09-04 14:46:43,repeat_random_model.py,"(1021, 9)",858,sequential_326,Dense 128 -> 64 -> 64 -> 128 -> 64 -> 32 -> 1,mse,adam_326,20,128,1.3346,77017.3515625,5511.37353515625,5314.1689453125,0.23260840271475758,0.7
2026-09-04 14:46:44,repeat_random_model.py,"(1021, 9)",858,sequential_327,Dense 128 -> 64 -> 64 -> 128 -> 64 -> 16 -> 1,mse,adam_327,20,128,1.3469,207079.8125,6016.30908203125,5778.6611328125,0.16553359868140027,0.7
2026-09-04 14:46:46,repeat_random_model.py,"(1021, 9)",858,sequential_328,Dense 128 -> 64 -> 64 -> 128 -> 32 -> 128 -> 1,mse,adam_328,20,128,1.3386,64628.7109375,5898.40234375,5617.5849609375,0.18879365928851666,0.7
2026-09-04 14:46:47,repeat_random_model.py,"(1021, 9)",858,sequential_329,Dense 128 -> 64 -> 64 -> 128 -> 32 -> 64 -> 1,mse,adam_329,20,128,1.3337,152344.21875,5967.05224609375,5709.697265625,0.17549222519117225,0.7
2026-09-04 14:46:49,repeat_random_model.py,"(1021, 9)",858,sequential_330,Dense 128 -> 64 -> 64 -> 128 -> 32 -> 32 -> 1,mse,adam_330,20,128,1.3621,214032.96875,6049.98828125,5795.890625,0.16304551230631237,0.7
2026-09-04 14:46:50,repeat_random_model.py,"(1021, 9)",858,sequential_331,Dense 128 -> 64 -> 64 -> 128 -> 32 -> 16 -> 1,mse,adam_331,20,128,1.3823,32095.763671875,4446.10791015625,4126.8681640625,0.4040602873287089,0.7
2026-09-04 14:46:52,repeat_random_model.py,"(1021, 9)",858,sequential_332,Dense 128 -> 64 -> 64 -> 128 -> 16 -> 128 -> 1,mse,adam_332,20,128,1.3192,31144.625,5809.57763671875,5597.939453125,0.1916305533489714,0.7
2026-09-04 14:46:54,repeat_random_model.py,"(1021, 9)",858,sequential_333,Dense 128 -> 64 -> 64 -> 128 -> 16 -> 64 -> 1,mse,adam_333,20,128,1.3672,44575.875,5916.93310546875,5675.3310546875,0.1804548206277764,0.7
2026-09-04 14:46:55,repeat_random_model.py,"(1021, 9)",858,sequential_334,Dense 128 -> 64 -> 64 -> 128 -> 16 -> 32 -> 1,mse,adam_334,20,128,1.4084,42059.0,5058.55908203125,4885.7392578125,0.2944756645670513,0.7
2026-09-04 14:46:57,repeat_random_model.py,"(1021, 9)",858,sequential_335,Dense 128 -> 64 -> 64 -> 128 -> 16 -> 16 -> 1,mse,adam_335,20,128,1.3276,57128.99609375,5887.49853515625,5387.13525390625,0.22207164830429293,0.7
2026-09-04 14:46:59,repeat_random_model.py,"(1021, 9)",858,sequential_336,Dense 128 -> 64 -> 64 -> 64 -> 128 -> 128 -> 1,mse,adam_336,20,128,1.4557,78969.3046875,5739.52490234375,5276.48974609375,0.23804940926493157,0.7
2026-09-04 14:47:00,repeat_random_model.py,"(1021, 9)",858,sequential_337,Dense 128 -> 64 -> 64 -> 64 -> 128 -> 64 -> 1,mse,adam_337,20,128,1.3385,49592.60546875,3935.61328125,3676.708984375,0.4690654503801077,0.7
2026-09-04 14:47:02,repeat_random_model.py,"(1021, 9)",858,sequential_338,Dense 128 -> 64 -> 64 -> 64 -> 128 -> 32 -> 1,mse,adam_338,20,128,1.3258,95795.71875,6064.23974609375,5819.03173828125,0.15970369753964286,0.7
2026-09-04 14:47:03,repeat_random_model.py,"(1021, 9)",858,sequential_339,Dense 128 -> 64 -> 64 -> 64 -> 128 -> 16 -> 1,mse,adam_339,20,128,1.3503,159907.515625,5952.13818359375,5756.791015625,0.16869162289766426,0.7
2026-09-04 14:47:05,repeat_random_model.py,"(1021, 9)",858,sequential_340,Dense 128 -> 64 -> 64 -> 64 -> 64 -> 128 -> 1,mse,adam_340,20,128,1.3408,31371.923828125,4993.4287109375,5139.53369140625,0.25782654218481327,0.7
2026-09-04 14:47:07,repeat_random_model.py,"(1021, 9)",858,sequential_341,Dense 128 -> 64 -> 64 -> 64 -> 64 -> 64 -> 1,mse,adam_341,20,128,1.4057,76255.5625,5960.57861328125,5760.44873046875,0.16816346844969543,0.7
2026-09-04 14:47:08,repeat_random_model.py,"(1021, 9)",858,sequential_342,Dense 128 -> 64 -> 64 -> 64 -> 64 -> 32 -> 1,mse,adam_342,20,128,1.3447,49838.42578125,5824.44970703125,5842.81396484375,0.15626957606340852,0.7
2026-09-04 14:47:10,repeat_random_model.py,"(1021, 9)",858,sequential_343,Dense 128 -> 64 -> 64 -> 64 -> 64 -> 16 -> 1,mse,adam_343,20,128,1.3249,118602.78125,6169.10009765625,5941.97705078125,0.14194987141654736,0.7
2026-09-04 14:47:11,repeat_random_model.py,"(1021, 9)",858,sequential_344,Dense 128 -> 64 -> 64 -> 64 -> 32 -> 128 -> 1,mse,adam_344,20,128,1.4678,83950.453125,6131.82861328125,5850.20068359375,0.15520277045172215,0.7
2026-09-04 14:47:13,repeat_random_model.py,"(1021, 9)",858,sequential_345,Dense 128 -> 64 -> 64 -> 64 -> 32 -> 64 -> 1,mse,adam_345,20,128,1.4005,158579.984375,6210.734375,5885.76611328125,0.15006711011290863,0.7
2026-09-04 14:47:17,repeat_random_model.py,"(1021, 9)",858,sequential_346,Dense 128 -> 64 -> 64 -> 64 -> 32 -> 32 -> 1,mse,adam_346,20,128,4.102,61604.97265625,5737.91455078125,5523.1689453125,0.2024277777296528,0.7
2026-09-04 14:47:19,repeat_random_model.py,"(1021, 9)",858,sequential_347,Dense 128 -> 64 -> 64 -> 64 -> 32 -> 16 -> 1,mse,adam_347,20,128,1.3586,107061.6640625,5794.35986328125,5514.15625,0.2037292684521944,0.7
2026-09-04 14:47:21,repeat_random_model.py,"(1021, 9)",858,sequential_348,Dense 128 -> 64 -> 64 -> 64 -> 16 -> 128 -> 1,mse,adam_348,20,128,1.3974,19580.1875,6037.27587890625,5574.94189453125,0.19495157760562032,0.7
2026-09-04 14:47:22,repeat_random_model.py,"(1021, 9)",858,sequential_349,Dense 128 -> 64 -> 64 -> 64 -> 16 -> 64 -> 1,mse,adam_349,20,128,1.4102,18464.896484375,5742.73486328125,5555.302734375,0.1977875346479404,0.7
2026-09-04 14:47:24,repeat_random_model.py,"(1021, 9)",858,sequential_350,Dense 128 -> 64 -> 64 -> 64 -> 16 -> 32 -> 1,mse,adam_350,20,128,1.4099,27847.232421875,4917.869140625,4264.13623046875,0.3842381613180562,0.7
2026-09-04 14:47:26,repeat_random_model.py,"(1021, 9)",858,sequential_351,Dense 128 -> 64 -> 64 -> 64 -> 16 -> 16 -> 1,mse,adam_351,20,128,1.5241,57597.6484375,5027.470703125,4698.19580078125,0.32155789662389356,0.7
2026-09-04 14:47:27,repeat_random_model.py,"(1021, 9)",858,sequential_352,Dense 128 -> 64 -> 64 -> 32 -> 128 -> 128 -> 1,mse,adam_352,20,128,1.5434,62432.61328125,5876.388671875,5647.22021484375,0.18451410747241848,0.7
2026-09-04 14:47:29,repeat_random_model.py,"(1021, 9)",858,sequential_353,Dense 128 -> 64 -> 64 -> 32 -> 128 -> 64 -> 1,mse,adam_353,20,128,1.3568,75046.4453125,5949.7373046875,5806.71630859375,0.16148210212641922,0.7
2026-09-04 14:47:31,repeat_random_model.py,"(1021, 9)",858,sequential_354,Dense 128 -> 64 -> 64 -> 32 -> 128 -> 32 -> 1,mse,adam_354,20,128,1.446,55104.87890625,5304.38330078125,5386.99755859375,0.2220916733831345,0.7
2026-09-04 14:47:32,repeat_random_model.py,"(1021, 9)",858,sequential_355,Dense 128 -> 64 -> 64 -> 32 -> 128 -> 16 -> 1,mse,adam_355,20,128,1.4214,30718.890625,4828.7822265625,4676.84228515625,0.32464139502709266,0.7
2026-09-04 14:47:34,repeat_random_model.py,"(1021, 9)",858,sequential_356,Dense 128 -> 64 -> 64 -> 32 -> 64 -> 128 -> 1,mse,adam_356,20,128,1.3443,42474.34765625,5670.6513671875,5379.27685546875,0.2232065128596925,0.7
2026-09-04 14:47:35,repeat_random_model.py,"(1021, 9)",858,sequential_357,Dense 128 -> 64 -> 64 -> 32 -> 64 -> 64 -> 1,mse,adam_357,20,128,1.4044,69051.453125,5941.2099609375,5690.4052734375,0.17827804010117754,0.7
2026-09-04 14:47:37,repeat_random_model.py,"(1021, 9)",858,sequential_358,Dense 128 -> 64 -> 64 -> 32 -> 64 -> 32 -> 1,mse,adam_358,20,128,1.3182,80425.4296875,5792.302734375,5566.52392578125,0.19616706837515785,0.7
2026-09-04 14:47:39,repeat_random_model.py,"(1021, 9)",858,sequential_359,Dense 128 -> 64 -> 64 -> 32 -> 64 -> 16 -> 1,mse,adam_359,20,128,1.4006,187239.078125,6071.13330078125,5772.75048828125,0.16638698994762935,0.7
2026-09-04 14:47:40,repeat_random_model.py,"(1021, 9)",858,sequential_360,Dense 128 -> 64 -> 64 -> 32 -> 32 -> 128 -> 1,mse,adam_360,20,128,1.338,25691.1328125,4759.46240234375,4120.3310546875,0.40500424654195866,0.7
2026-09-04 14:47:42,repeat_random_model.py,"(1021, 9)",858,sequential_361,Dense 128 -> 64 -> 64 -> 32 -> 32 -> 64 -> 1,mse,adam_361,20,128,1.4149,22048.3203125,4906.38427734375,4596.38623046875,0.3362596798168491,0.7
2026-09-04 14:47:43,repeat_random_model.py,"(1021, 9)",858,sequential_362,Dense 128 -> 64 -> 64 -> 32 -> 32 -> 32 -> 1,mse,adam_362,20,128,1.3425,90012.671875,5521.6083984375,5283.10400390625,0.23709423754001202,0.7
2026-09-04 14:47:45,repeat_random_model.py,"(1021, 9)",858,sequential_363,Dense 128 -> 64 -> 64 -> 32 -> 32 -> 16 -> 1,mse,adam_363,20,128,1.3387,75014.8984375,5933.4150390625,5690.19140625,0.17830892233358697,0.7
2026-09-04 14:47:47,repeat_random_model.py,"(1021, 9)",858,sequential_364,Dense 128 -> 64 -> 64 -> 32 -> 16 -> 128 -> 1,mse,adam_364,20,128,1.4044,41143.0546875,5944.94140625,6129.55078125,0.11486332165068491,0.7
2026-09-04 14:47:48,repeat_random_model.py,"(1021, 9)",858,sequential_365,Dense 128 -> 64 -> 64 -> 32 -> 16 -> 64 -> 1,mse,adam_365,20,128,1.561,21634.55859375,5464.14501953125,5524.95556640625,0.20216984900405355,0.7
2026-09-04 14:47:50,repeat_random_model.py,"(1021, 9)",858,sequential_366,Dense 128 -> 64 -> 64 -> 32 -> 16 -> 32 -> 1,mse,adam_366,20,128,1.552,77569.71875,5973.8603515625,5773.84765625,0.16622854068940007,0.7
2026-09-04 14:47:52,repeat_random_model.py,"(1021, 9)",858,sequential_367,Dense 128 -> 64 -> 64 -> 32 -> 16 -> 16 -> 1,mse,adam_367,20,128,1.637,49018.6796875,5858.201171875,5562.92431640625,0.19668686383602463,0.7
2026-09-04 14:47:54,repeat_random_model.py,"(1021, 9)",858,sequential_368,Dense 128 -> 64 -> 64 -> 16 -> 128 -> 128 -> 1,mse,adam_368,20,128,1.5047,76201.3515625,6279.6904296875,6131.33447265625,0.11460580971994472,0.7
2026-09-04 14:47:56,repeat_random_model.py,"(1021, 9)",858,sequential_369,Dense 128 -> 64 -> 64 -> 16 -> 128 -> 64 -> 1,mse,adam_369,20,128,1.469,27938.2265625,5045.0751953125,4841.7783203125,0.30082379856700847,0.7
2026-09-04 14:47:57,repeat_random_model.py,"(1021, 9)",858,sequential_370,Dense 128 -> 64 -> 64 -> 16 -> 128 -> 32 -> 1,mse,adam_370,20,128,1.4539,59865.578125,5963.033203125,5775.66357421875,0.1659662612693067,0.7
2026-09-04 14:47:59,repeat_random_model.py,"(1021, 9)",858,sequential_371,Dense 128 -> 64 -> 64 -> 16 -> 128 -> 16 -> 1,mse,adam_371,20,128,1.4552,31940.369140625,5854.14404296875,5420.53125,0.21724915106816534,0.7
2026-09-04 14:48:01,repeat_random_model.py,"(1021, 9)",858,sequential_372,Dense 128 -> 64 -> 64 -> 16 -> 64 -> 128 -> 1,mse,adam_372,20,128,1.4298,36989.09765625,5465.90673828125,5165.892578125,0.2540200739269961,0.7
2026-09-04 14:48:02,repeat_random_model.py,"(1021, 9)",858,sequential_373,Dense 128 -> 64 -> 64 -> 16 -> 64 -> 64 -> 1,mse,adam_373,20,128,1.521,23007.9921875,5417.76416015625,5401.56787109375,0.2199875209181511,0.7
2026-09-04 14:48:04,repeat_random_model.py,"(1021, 9)",858,sequential_374,Dense 128 -> 64 -> 64 -> 16 -> 64 -> 32 -> 1,mse,adam_374,20,128,1.4936,21733.810546875,5394.3759765625,4911.01953125,0.29082512087698975,0.7
2026-09-04 14:48:06,repeat_random_model.py,"(1021, 9)",858,sequential_375,Dense 128 -> 64 -> 64 -> 16 -> 64 -> 16 -> 1,mse,adam_375,20,128,1.5771,13272.72265625,5378.79931640625,6662.85205078125,0.03785201566427365,0.7
2026-09-04 14:48:08,repeat_random_model.py,"(1021, 9)",858,sequential_376,Dense 128 -> 64 -> 64 -> 16 -> 32 -> 128 -> 1,mse,adam_376,20,128,1.4807,76801.109375,6105.42431640625,5806.3974609375,0.1615282848386932,0.7
2026-09-04 14:48:09,repeat_random_model.py,"(1021, 9)",858,sequential_377,Dense 128 -> 64 -> 64 -> 16 -> 32 -> 64 -> 1,mse,adam_377,20,128,1.4311,16659.14453125,5590.36181640625,5233.74365234375,0.2442221584005706,0.7
2026-09-04 14:48:11,repeat_random_model.py,"(1021, 9)",858,sequential_378,Dense 128 -> 64 -> 64 -> 16 -> 32 -> 32 -> 1,mse,adam_378,20,128,1.3411,31812.384765625,5813.93408203125,5584.47900390625,0.19357429496956902,0.7
2026-09-04 14:48:13,repeat_random_model.py,"(1021, 9)",858,sequential_379,Dense 128 -> 64 -> 64 -> 16 -> 32 -> 16 -> 1,mse,adam_379,20,128,1.3352,54843.43359375,5458.26708984375,5236.95361328125,0.24375859855011517,0.7
2026-09-04 14:48:14,repeat_random_model.py,"(1021, 9)",858,sequential_380,Dense 128 -> 64 -> 64 -> 16 -> 16 -> 128 -> 1,mse,adam_380,20,128,1.3466,14209.2080078125,5395.701171875,6205.95068359375,0.10383070928369531,0.7
2026-09-04 14:48:16,repeat_random_model.py,"(1021, 9)",858,sequential_381,Dense 128 -> 64 -> 64 -> 16 -> 16 -> 64 -> 1,mse,adam_381,20,128,1.4012,30467.958984375,5789.05859375,5696.66552734375,0.1773739119313068,0.7
2026-09-04 14:48:17,repeat_random_model.py,"(1021, 9)",858,sequential_382,Dense 128 -> 64 -> 64 -> 16 -> 16 -> 32 -> 1,mse,adam_382,20,128,1.3466,22176.048828125,5200.966796875,4842.328125,0.30074438211127175,0.7
2026-09-04 14:48:19,repeat_random_model.py,"(1021, 9)",858,sequential_383,Dense 128 -> 64 -> 64 -> 16 -> 16 -> 16 -> 1,mse,adam_383,20,128,1.3222,45512.41796875,5370.3701171875,5255.68896484375,0.24105313253956473,0.7
2026-09-04 14:48:21,repeat_random_model.py,"(1021, 9)",858,sequential_384,Dense 128 -> 64 -> 32 -> 128 -> 128 -> 128 -> 1,mse,adam_384,20,128,1.4286,102622.9921875,5667.0078125,5341.7529296875,0.22862516575816338,0.7
2026-09-04 14:48:22,repeat_random_model.py,"(1021, 9)",858,sequential_385,Dense 128 -> 64 -> 32 -> 128 -> 128 -> 64 -> 1,mse,adam_385,20,128,1.3609,72577.296875,5274.7099609375,4946.203125,0.28574448777824246,0.7
2026-09-04 14:48:24,repeat_random_model.py,"(1021, 9)",858,sequential_386,Dense 128 -> 64 -> 32 -> 128 -> 128 -> 32 -> 1,mse,adam_386,20,128,1.3922,88869.8359375,6095.5244140625,5843.19580078125,0.15621429447131363,0.7
2026-09-04 14:48:26,repeat_random_model.py,"(1021, 9)",858,sequential_387,Dense 128 -> 64 -> 32 -> 128 -> 128 -> 16 -> 1,mse,adam_387,20,128,1.5794,91099.5859375,5524.77490234375,5257.80810546875,0.2407471241497996,0.7
2026-09-04 14:48:27,repeat_random_model.py,"(1021, 9)",858,sequential_388,Dense 128 -> 64 -> 32 -> 128 -> 64 -> 128 -> 1,mse,adam_388,20,128,1.4723,112159.1640625,6219.9140625,5960.08984375,0.1393343857568058,0.7
2026-09-04 14:48:29,repeat_random_model.py,"(1021, 9)",858,sequential_389,Dense 128 -> 64 -> 32 -> 128 -> 64 -> 64 -> 1,mse,adam_389,20,128,1.655,70501.6796875,5791.15625,5523.19140625,0.20242463095460106,0.7
2026-09-04 14:48:31,repeat_random_model.py,"(1021, 9)",858,sequential_390,Dense 128 -> 64 -> 32 -> 128 -> 64 -> 32 -> 1,mse,adam_390,20,128,1.3319,38746.37890625,5818.91162109375,5306.42529296875,0.23372660440893922,0.7
2026-09-04 14:48:32,repeat_random_model.py,"(1021, 9)",858,sequential_391,Dense 128 -> 64 -> 32 -> 128 -> 64 -> 16 -> 1,mse,adam_391,20,128,1.397,91524.5703125,5831.689453125,5585.3154296875,0.19345351173769498,0.7
2026-09-04 14:48:34,repeat_random_model.py,"(1021, 9)",858,sequential_392,Dense 128 -> 64 -> 32 -> 128 -> 32 -> 128 -> 1,mse,adam_392,20,128,1.3403,21476.078125,4898.3759765625,4336.6650390625,0.3737646814007817,0.7
2026-09-04 14:48:36,repeat_random_model.py,"(1021, 9)",858,sequential_393,Dense 128 -> 64 -> 32 -> 128 -> 32 -> 64 -> 1,mse,adam_393,20,128,1.406,23116.3203125,5663.666015625,5628.5908203125,0.1872043975799852,0.7
2026-09-04 14:48:37,repeat_random_model.py,"(1021, 9)",858,sequential_394,Dense 128 -> 64 -> 32 -> 128 -> 32 -> 32 -> 1,mse,adam_394,20,128,1.3254,56196.92578125,5738.0576171875,5502.658203125,0.20538955188002295,0.7
2026-09-04 14:48:39,repeat_random_model.py,"(1021, 9)",858,sequential_395,Dense 128 -> 64 -> 32 -> 128 -> 32 -> 16 -> 1,mse,adam_395,20,128,1.407,49117.5859375,5222.6630859375,4849.30419921875,0.29973705164742215,0.7
2026-09-04 14:48:40,repeat_random_model.py,"(1021, 9)",858,sequential_396,Dense 128 -> 64 -> 32 -> 128 -> 16 -> 128 -> 1,mse,adam_396,20,128,1.3627,14712.9560546875,5204.74951171875,4934.306640625,0.2874623320471651,0.7
2026-09-04 14:48:42,repeat_random_model.py,"(1021, 9)",858,sequential_397,Dense 128 -> 64 -> 32 -> 128 -> 16 -> 64 -> 1,mse,adam_397,20,128,1.3251,119478.984375,6358.9638671875,5988.50341796875,0.13523127816767067,0.7
2026-09-04 14:48:44,repeat_random_model.py,"(1021, 9)",858,sequential_398,Dense 128 -> 64 -> 32 -> 128 -> 16 -> 32 -> 1,mse,adam_398,20,128,1.3978,43045.74609375,5915.12890625,5691.15966796875,0.17816907993747955,0.7
2026-09-04 14:48:45,repeat_random_model.py,"(1021, 9)",858,sequential_399,Dense 128 -> 64 -> 32 -> 128 -> 16 -> 16 -> 1,mse,adam_399,20,128,1.3567,22331.34765625,4273.30419921875,3969.850341796875,0.4267344274515016,0.7
2026-09-04 14:48:47,repeat_random_model.py,"(1021, 9)",858,sequential_400,Dense 128 -> 64 -> 32 -> 64 -> 128 -> 128 -> 1,mse,adam_400,20,128,1.3914,46031.875,4584.99609375,3894.94140625,0.437551607666669,0.7
2026-09-04 14:48:48,repeat_random_model.py,"(1021, 9)",858,sequential_401,Dense 128 -> 64 -> 32 -> 64 -> 128 -> 64 -> 1,mse,adam_401,20,128,1.4019,91059.5234375,5927.73681640625,5743.3310546875,0.17063524562350096,0.7
2026-09-04 14:48:50,repeat_random_model.py,"(1021, 9)",858,sequential_402,Dense 128 -> 64 -> 32 -> 64 -> 128 -> 32 -> 1,mse,adam_402,20,128,1.4075,50963.578125,5996.4951171875,5906.806640625,0.1470286291015771,0.7
2026-09-04 14:48:52,repeat_random_model.py,"(1021, 9)",858,sequential_403,Dense 128 -> 64 -> 32 -> 64 -> 128 -> 16 -> 1,mse,adam_403,20,128,1.4146,51679.109375,6029.67578125,5738.98876953125,0.17126231807292636,0.7
2026-09-04 14:48:53,repeat_random_model.py,"(1021, 9)",858,sequential_404,Dense 128 -> 64 -> 32 -> 64 -> 64 -> 128 -> 1,mse,adam_404,20,128,1.4935,51298.70703125,5147.28173828125,4915.06005859375,0.29024149615804296,0.7
2026-09-04 14:48:55,repeat_random_model.py,"(1021, 9)",858,sequential_405,Dense 128 -> 64 -> 32 -> 64 -> 64 -> 64 -> 1,mse,adam_405,20,128,1.3767,25690.29296875,4579.060546875,4020.638916015625,0.4194003230895378,0.7
2026-09-04 14:48:57,repeat_random_model.py,"(1021, 9)",858,sequential_406,Dense 128 -> 64 -> 32 -> 64 -> 64 -> 32 -> 1,mse,adam_406,20,128,1.3897,42257.28125,5304.57275390625,5441.63427734375,0.2142017305700793,0.7
2026-09-04 14:48:58,repeat_random_model.py,"(1021, 9)",858,sequential_407,Dense 128 -> 64 -> 32 -> 64 -> 64 -> 16 -> 1,mse,adam_407,20,128,1.3396,50731.15625,5599.77001953125,5354.05859375,0.22684807056243905,0.7
2026-09-04 14:49:00,repeat_random_model.py,"(1021, 9)",858,sequential_408,Dense 128 -> 64 -> 32 -> 64 -> 32 -> 128 -> 1,mse,adam_408,20,128,1.3748,81120.296875,6262.22412109375,5989.33203125,0.13511146344743474,0.7
2026-09-04 14:49:02,repeat_random_model.py,"(1021, 9)",858,sequential_409,Dense 128 -> 64 -> 32 -> 64 -> 32 -> 64 -> 1,mse,adam_409,20,128,1.3655,21862.8046875,5852.4541015625,5805.32373046875,0.16168328299498003,0.7
2026-09-04 14:49:07,repeat_random_model.py,"(1021, 9)",858,sequential_410,Dense 128 -> 64 -> 32 -> 64 -> 32 -> 32 -> 1,mse,adam_410,20,128,4.9297,54569.46875,5372.1748046875,5092.234375,0.26465671270295643,0.7
2026-09-04 14:49:08,repeat_random_model.py,"(1021, 9)",858,sequential_411,Dense 128 -> 64 -> 32 -> 64 -> 32 -> 16 -> 1,mse,adam_411,20,128,1.3937,43573.171875,5551.83251953125,5267.61083984375,0.2393316368168159,0.7
2026-09-04 14:49:10,repeat_random_model.py,"(1021, 9)",858,sequential_412,Dense 128 -> 64 -> 32 -> 64 -> 16 -> 128 -> 1,mse,adam_412,20,128,1.4392,33020.3203125,5755.8857421875,5507.49609375,0.20469091505807946,0.7
2026-09-04 14:49:12,repeat_random_model.py,"(1021, 9)",858,sequential_413,Dense 128 -> 64 -> 32 -> 64 -> 16 -> 64 -> 1,mse,adam_413,20,128,1.3654,26386.5546875,4991.150390625,4686.12158203125,0.32330142147474494,0.7
2026-09-04 14:49:13,repeat_random_model.py,"(1021, 9)",858,sequential_414,Dense 128 -> 64 -> 32 -> 64 -> 16 -> 32 -> 1,mse,adam_414,20,128,1.3529,22715.943359375,5527.09521484375,5219.33154296875,0.24630337241858802,0.7
2026-09-04 14:49:15,repeat_random_model.py,"(1021, 9)",858,sequential_415,Dense 128 -> 64 -> 32 -> 64 -> 16 -> 16 -> 1,mse,adam_415,20,128,1.3941,42072.75,5620.728515625,4949.77099609375,0.28522913169509234,0.7
2026-09-04 14:49:16,repeat_random_model.py,"(1021, 9)",858,sequential_416,Dense 128 -> 64 -> 32 -> 32 -> 128 -> 128 -> 1,mse,adam_416,20,128,1.3916,153323.53125,6108.41552734375,5837.876953125,0.15698244804502826,0.7
2026-09-04 14:49:18,repeat_random_model.py,"(1021, 9)",858,sequential_417,Dense 128 -> 64 -> 32 -> 32 -> 128 -> 64 -> 1,mse,adam_417,20,128,1.4868,46092.39453125,5615.4765625,5317.287109375,0.23215808384180792,0.7
2026-09-04 14:49:20,repeat_random_model.py,"(1021, 9)",858,sequential_418,Dense 128 -> 64 -> 32 -> 32 -> 128 -> 32 -> 1,mse,adam_418,20,128,1.4104,35660.28125,6006.0244140625,5412.4453125,0.21841681800671786,0.7
2026-09-04 14:49:21,repeat_random_model.py,"(1021, 9)",858,sequential_419,Dense 128 -> 64 -> 32 -> 32 -> 128 -> 16 -> 1,mse,adam_419,20,128,1.4198,42187.7421875,4850.7705078125,4349.939453125,0.3718477726819779,0.7
2026-09-04 14:49:23,repeat_random_model.py,"(1021, 9)",858,sequential_420,Dense 128 -> 64 -> 32 -> 32 -> 64 -> 128 -> 1,mse,adam_420,20,128,1.405,30072.05078125,4932.11083984375,4780.376953125,0.3096905040587028,0.7
2026-09-04 14:49:25,repeat_random_model.py,"(1021, 9)",858,sequential_421,Dense 128 -> 64 -> 32 -> 32 -> 64 -> 64 -> 1,mse,adam_421,20,128,1.3625,24530.57421875,4792.9609375,4387.29833984375,0.3664529836523496,0.7
2026-09-04 14:49:26,repeat_random_model.py,"(1021, 9)",858,sequential_422,Dense 128 -> 64 -> 32 -> 32 -> 64 -> 32 -> 1,mse,adam_422,20,128,1.3632,13539.6396484375,3766.60107421875,3420.833740234375,0.5060151453623449,0.7
2026-09-04 14:49:28,repeat_random_model.py,"(1021, 9)",858,sequential_423,Dense 128 -> 64 -> 32 -> 32 -> 64 -> 16 -> 1,mse,adam_423,20,128,1.3333,48101.84375,5813.0283203125,5411.86083984375,0.21850119896364883,0.7
2026-09-04 14:49:29,repeat_random_model.py,"(1021, 9)",858,sequential_424,Dense 128 -> 64 -> 32 -> 32 -> 32 -> 128 -> 1,mse,adam_424,20,128,1.3809,35629.33984375,5196.24853515625,4862.98193359375,0.2977619402243856,0.7
2026-09-04 14:49:31,repeat_random_model.py,"(1021, 9)",858,sequential_425,Dense 128 -> 64 -> 32 -> 32 -> 32 -> 64 -> 1,mse,adam_425,20,128,1.3278,35986.85546875,5891.888671875,5656.169921875,0.18322177731276623,0.7
2026-09-04 14:49:33,repeat_random_model.py,"(1021, 9)",858,sequential_426,Dense 128 -> 64 -> 32 -> 32 -> 32 -> 32 -> 1,mse,adam_426,20,128,1.3385,31489.189453125,5528.46240234375,5433.947265625,0.21531177901665144,0.7
2026-09-04 14:49:34,repeat_random_model.py,"(1021, 9)",858,sequential_427,Dense 128 -> 64 -> 32 -> 32 -> 32 -> 16 -> 1,mse,adam_427,20,128,1.334,77016.859375,5769.60888671875,5571.431640625,0.19545847523641557,0.7
2026-09-04 14:49:36,repeat_random_model.py,"(1021, 9)",858,sequential_428,Dense 128 -> 64 -> 32 -> 32 -> 16 -> 128 -> 1,mse,adam_428,20,128,1.4034,16461.052734375,4649.7177734375,4035.502685546875,0.4172539596573752,0.7
2026-09-04 14:49:38,repeat_random_model.py,"(1021, 9)",858,sequential_429,Dense 128 -> 64 -> 32 -> 32 -> 16 -> 64 -> 1,mse,adam_429,20,128,1.4788,55179.11328125,6118.76416015625,5851.3994140625,0.1550297009028544,0.7
2026-09-04 14:49:39,repeat_random_model.py,"(1021, 9)",858,sequential_430,Dense 128 -> 64 -> 32 -> 32 -> 16 -> 32 -> 1,mse,adam_430,20,128,1.4728,15887.1240234375,4308.7255859375,4404.6298828125,0.3639502269588094,0.7
2026-09-04 14:49:47,repeat_random_model.py,"(1021, 9)",858,sequential_431,Dense 128 -> 64 -> 32 -> 32 -> 16 -> 16 -> 1,mse,adam_431,20,128,7.1911,19508.953125,5489.03173828125,4875.8369140625,0.29590560448012737,0.7
2026-09-04 14:49:51,repeat_random_model.py,"(1021, 9)",858,sequential_432,Dense 128 -> 64 -> 32 -> 16 -> 128 -> 128 -> 1,mse,adam_432,20,128,3.6415,15813.9384765625,3983.555419921875,3231.37890625,0.5333733141867056,0.7
2026-09-04 14:50:03,repeat_random_model.py,"(1021, 9)",858,sequential_433,Dense 128 -> 64 -> 32 -> 16 -> 128 -> 64 -> 1,mse,adam_433,20,128,9.8126,25987.57421875,4009.401611328125,3643.1015625,0.4739185424476251,0.7
2026-09-04 14:50:12,repeat_random_model.py,"(1021, 9)",858,sequential_434,Dense 128 -> 64 -> 32 -> 16 -> 128 -> 32 -> 1,mse,adam_434,20,128,7.9144,49168.30078125,5749.83837890625,5662.57177734375,0.1822972823457032,0.7
2026-09-04 14:50:22,repeat_random_model.py,"(1021, 9)",858,sequential_435,Dense 128 -> 64 -> 32 -> 16 -> 128 -> 16 -> 1,mse,adam_435,20,128,8.7452,18703.03515625,5239.67578125,5629.53076171875,0.18706863890368375,0.7
2026-09-04 14:50:33,repeat_random_model.py,"(1021, 9)",858,sequential_436,Dense 128 -> 64 -> 32 -> 16 -> 64 -> 128 -> 1,mse,adam_436,20,128,9.6404,21194.46484375,4008.790771484375,3525.818603515625,0.49085481776036644,0.7
2026-09-04 14:50:44,repeat_random_model.py,"(1021, 9)",858,sequential_437,Dense 128 -> 64 -> 32 -> 16 -> 64 -> 64 -> 1,mse,adam_437,20,128,10.1905,22255.2109375,5541.81396484375,5259.5205078125,0.2404999277113351,0.7
2026-09-04 14:50:56,repeat_random_model.py,"(1021, 9)",858,sequential_438,Dense 128 -> 64 -> 32 -> 16 -> 64 -> 32 -> 1,mse,adam_438,20,128,10.1931,32441.38671875,6026.59423828125,5963.33447265625,0.1388657636502325,0.7
2026-09-04 14:51:07,repeat_random_model.py,"(1021, 9)",858,sequential_439,Dense 128 -> 64 -> 32 -> 16 -> 64 -> 16 -> 1,mse,adam_439,20,128,9.9428,21352.90234375,5160.7421875,5187.6025390625,0.2508851452023434,0.7
2026-09-04 14:51:17,repeat_random_model.py,"(1021, 9)",858,sequential_440,Dense 128 -> 64 -> 32 -> 16 -> 32 -> 128 -> 1,mse,adam_440,20,128,9.472,13835.212890625,5390.53662109375,4703.00390625,0.3208635884137979,0.7
2026-09-04 14:51:28,repeat_random_model.py,"(1021, 9)",858,sequential_441,Dense 128 -> 64 -> 32 -> 16 -> 32 -> 64 -> 1,mse,adam_441,20,128,9.3733,20744.205078125,5668.259765625,5361.21630859375,0.22581457735028931,0.7
2026-09-04 14:51:38,repeat_random_model.py,"(1021, 9)",858,sequential_442,Dense 128 -> 64 -> 32 -> 16 -> 32 -> 32 -> 1,mse,adam_442,20,128,9.0214,44609.40234375,5937.603515625,5757.73974609375,0.16855464534533704,0.7
2026-09-04 14:51:48,repeat_random_model.py,"(1021, 9)",858,sequential_443,Dense 128 -> 64 -> 32 -> 16 -> 32 -> 16 -> 1,mse,adam_443,20,128,8.9127,22103.98046875,4590.75244140625,4431.8017578125,0.36002645651117726,0.7
2026-09-04 14:51:59,repeat_random_model.py,"(1021, 9)",858,sequential_444,Dense 128 -> 64 -> 32 -> 16 -> 16 -> 128 -> 1,mse,adam_444,20,128,9.1324,13259.998046875,5421.1591796875,6487.96875,0.06310598380541022,0.7
2026-09-04 14:52:08,repeat_random_model.py,"(1021, 9)",858,sequential_445,Dense 128 -> 64 -> 32 -> 16 -> 16 -> 64 -> 1,mse,adam_445,20,128,8.3671,41015.15625,5859.3330078125,5620.013671875,0.18844288980647805,0.7
2026-09-04 14:52:19,repeat_random_model.py,"(1021, 9)",858,sequential_446,Dense 128 -> 64 -> 32 -> 16 -> 16 -> 32 -> 1,mse,adam_446,20,128,9.9024,44557.30859375,6149.5185546875,5793.6337890625,0.16337144951064597,0.7
2026-09-04 14:52:31,repeat_random_model.py,"(1021, 9)",858,sequential_447,Dense 128 -> 64 -> 32 -> 16 -> 16 -> 16 -> 1,mse,adam_447,20,128,10.1258,156351.90625,5788.80029296875,5390.375,0.22160396598925902,0.7
2026-09-04 14:52:42,repeat_random_model.py,"(1021, 9)",858,sequential_448,Dense 128 -> 64 -> 16 -> 128 -> 128 -> 128 -> 1,mse,adam_448,20,128,10.5521,43052.7890625,5619.37646484375,5659.61767578125,0.1827239381089426,0.7
2026-09-04 14:52:56,repeat_random_model.py,"(1021, 9)",858,sequential_449,Dense 128 -> 64 -> 16 -> 128 -> 128 -> 64 -> 1,mse,adam_449,20,128,11.4432,39157.3359375,5069.96923828125,4827.1982421875,0.3029293735282049,0.7
2026-09-04 14:53:07,repeat_random_model.py,"(1021, 9)",858,sequential_450,Dense 128 -> 64 -> 16 -> 128 -> 128 -> 32 -> 1,mse,adam_450,20,128,10.6322,60487.7109375,5483.10791015625,5085.072265625,0.2656910782818017,0.7
2026-09-04 14:53:20,repeat_random_model.py,"(1021, 9)",858,sequential_451,Dense 128 -> 64 -> 16 -> 128 -> 128 -> 16 -> 1,mse,adam_451,20,128,11.0884,48417.72265625,5663.1845703125,5875.4287109375,0.15155983160696385,0.7
2026-09-04 14:53:31,repeat_random_model.py,"(1021, 9)",858,sequential_452,Dense 128 -> 64 -> 16 -> 128 -> 64 -> 128 -> 1,mse,adam_452,20,128,9.4415,21246.58203125,5379.64306640625,4878.13818359375,0.29557330976657337,0.7
2026-09-04 14:53:43,repeat_random_model.py,"(1021, 9)",858,sequential_453,Dense 128 -> 64 -> 16 -> 128 -> 64 -> 64 -> 1,mse,adam_453,20,128,10.3084,17271.013671875,4044.783447265625,3641.908203125,0.47409093087411636,0.7
2026-09-04 14:53:53,repeat_random_model.py,"(1021, 9)",858,sequential_454,Dense 128 -> 64 -> 16 -> 128 -> 64 -> 32 -> 1,mse,adam_454,20,128,9.435,69285.78125,5923.318359375,5723.24658203125,0.17353560012501668,0.7
2026-09-04 14:54:02,repeat_random_model.py,"(1021, 9)",858,sequential_455,Dense 128 -> 64 -> 16 -> 128 -> 64 -> 16 -> 1,mse,adam_455,20,128,7.1682,50544.55078125,5574.435546875,5322.044921875,0.2314709648117803,0.7
2026-09-04 14:54:13,repeat_random_model.py,"(1021, 9)",858,sequential_456,Dense 128 -> 64 -> 16 -> 128 -> 32 -> 128 -> 1,mse,adam_456,20,128,9.9631,16111.3603515625,6002.70556640625,5610.6845703125,0.18979009594671037,0.7
2026-09-04 14:54:24,repeat_random_model.py,"(1021, 9)",858,sequential_457,Dense 128 -> 64 -> 16 -> 128 -> 32 -> 64 -> 1,mse,adam_457,20,128,10.3026,27243.998046875,4709.46142578125,6641.99462890625,0.0408638532178609,0.7
2026-09-04 14:54:37,repeat_random_model.py,"(1021, 9)",858,sequential_458,Dense 128 -> 64 -> 16 -> 128 -> 32 -> 32 -> 1,mse,adam_458,20,128,11.1236,23579.93359375,3836.5419921875,3536.020263671875,0.48938161228103527,0.7
2026-09-04 14:54:45,repeat_random_model.py,"(1021, 9)",858,sequential_459,Dense 128 -> 64 -> 16 -> 128 -> 32 -> 16 -> 1,mse,adam_459,20,128,7.7499,39599.78515625,5003.3466796875,4620.865234375,0.33272474983998357,0.7
2026-09-04 14:54:55,repeat_random_model.py,"(1021, 9)",858,sequential_460,Dense 128 -> 64 -> 16 -> 128 -> 16 -> 128 -> 1,mse,adam_460,20,128,7.7633,11746.4619140625,4464.09033203125,4366.58203125,0.36944447259850366,0.7
2026-09-04 14:55:06,repeat_random_model.py,"(1021, 9)",858,sequential_461,Dense 128 -> 64 -> 16 -> 128 -> 16 -> 64 -> 1,mse,adam_461,20,128,10.368,28697.1328125,5817.98291015625,5581.1484375,0.19405520592674397,0.7
2026-09-04 14:55:18,repeat_random_model.py,"(1021, 9)",858,sequential_462,Dense 128 -> 64 -> 16 -> 128 -> 16 -> 32 -> 1,mse,adam_462,20,128,10.4702,12485.681640625,5452.7138671875,5396.79931640625,0.2206760985259998,0.7
2026-09-04 14:55:29,repeat_random_model.py,"(1021, 9)",858,sequential_463,Dense 128 -> 64 -> 16 -> 128 -> 16 -> 16 -> 1,mse,adam_463,20,128,9.7204,12880.638671875,4221.705078125,4489.09228515625,0.35175340571103875,0.7
2026-09-04 14:55:40,repeat_random_model.py,"(1021, 9)",858,sequential_464,Dense 128 -> 64 -> 16 -> 64 -> 128 -> 128 -> 1,mse,adam_464,20,128,9.8623,69679.7109375,5736.84619140625,4955.443359375,0.28441005554242516,0.7
2026-09-04 14:55:52,repeat_random_model.py,"(1021, 9)",858,sequential_465,Dense 128 -> 64 -> 16 -> 64 -> 128 -> 64 -> 1,mse,adam_465,20,128,10.0842,18937.361328125,4625.75146484375,4444.29833984375,0.3582218394376542,0.7
2026-09-04 14:56:03,repeat_random_model.py,"(1021, 9)",858,sequential_466,Dense 128 -> 64 -> 16 -> 64 -> 128 -> 32 -> 1,mse,adam_466,20,128,9.3748,51235.765625,5580.81982421875,5263.111328125,0.23998142292195346,0.7
2026-09-04 14:56:11,repeat_random_model.py,"(1021, 9)",858,sequential_467,Dense 128 -> 64 -> 16 -> 64 -> 128 -> 16 -> 1,mse,adam_467,20,128,7.3962,20744.046875,3833.211669921875,3477.576171875,0.4978212136856359,0.7
2026-09-04 14:56:21,repeat_random_model.py,"(1021, 9)",858,sequential_468,Dense 128 -> 64 -> 16 -> 64 -> 64 -> 128 -> 1,mse,adam_468,20,128,8.925,28936.75,5508.7138671875,5081.5244140625,0.2662032759265539,0.7
2026-09-04 14:56:32,repeat_random_model.py,"(1021, 9)",858,sequential_469,Dense 128 -> 64 -> 16 -> 64 -> 64 -> 64 -> 1,mse,adam_469,20,128,9.5281,42389.515625,6117.21435546875,5296.0517578125,0.23522462670565025,0.7
2026-09-04 14:56:43,repeat_random_model.py,"(1021, 9)",858,sequential_470,Dense 128 -> 64 -> 16 -> 64 -> 64 -> 32 -> 1,mse,adam_470,20,128,10.1525,72498.21875,6035.71630859375,5784.35400390625,0.16471137300213878,0.7
2026-09-04 14:56:54,repeat_random_model.py,"(1021, 9)",858,sequential_471,Dense 128 -> 64 -> 16 -> 64 -> 64 -> 16 -> 1,mse,adam_471,20,128,9.7692,95103.65625,6171.0419921875,5926.89404296875,0.14412792691334708,0.7
2026-09-04 14:57:05,repeat_random_model.py,"(1021, 9)",858,sequential_472,Dense 128 -> 64 -> 16 -> 64 -> 32 -> 128 -> 1,mse,adam_472,20,128,9.6621,37266.796875,5955.62744140625,5763.564453125,0.16771362602163775,0.7
2026-09-04 14:57:17,repeat_random_model.py,"(1021, 9)",858,sequential_473,Dense 128 -> 64 -> 16 -> 64 -> 32 -> 64 -> 1,mse,adam_473,20,128,10.4503,25033.703125,5297.353515625,5339.05517578125,0.22901467701501066,0.7
2026-09-04 14:57:28,repeat_random_model.py,"(1021, 9)",858,sequential_474,Dense 128 -> 64 -> 16 -> 64 -> 32 -> 32 -> 1,mse,adam_474,20,128,9.884,17822.54296875,5090.09814453125,4619.775390625,0.3328821744091106,0.7
2026-09-04 14:57:39,repeat_random_model.py,"(1021, 9)",858,sequential_475,Dense 128 -> 64 -> 16 -> 64 -> 32 -> 16 -> 1,mse,adam_475,20,128,9.3841,20162.71484375,4825.81298828125,5756.2802734375,0.16876528943911662,0.7
2026-09-04 14:57:49,repeat_random_model.py,"(1021, 9)",858,sequential_476,Dense 128 -> 64 -> 16 -> 64 -> 16 -> 128 -> 1,mse,adam_476,20,128,8.9148,16169.931640625,5421.7275390625,4785.603515625,0.3089357695117656,0.7
2026-09-04 14:58:00,repeat_random_model.py,"(1021, 9)",858,sequential_477,Dense 128 -> 64 -> 16 -> 64 -> 16 -> 64 -> 1,mse,adam_477,20,128,9.0384,12340.4814453125,3684.309814453125,5040.1689453125,0.27217533752110235,0.7
2026-09-04 14:58:10,repeat_random_model.py,"(1021, 9)",858,sequential_478,Dense 128 -> 64 -> 16 -> 64 -> 16 -> 32 -> 1,mse,adam_478,20,128,9.1076,15222.634765625,3886.00634765625,4062.255126953125,0.4133907276898542,0.7
2026-09-04 14:58:21,repeat_random_model.py,"(1021, 9)",858,sequential_479,Dense 128 -> 64 -> 16 -> 64 -> 16 -> 16 -> 1,mse,adam_479,20,128,9.4563,38067.6484375,5042.3984375,4889.2412109375,0.29396998686730247,0.7
2026-09-04 14:58:31,repeat_random_model.py,"(1021, 9)",858,sequential_480,Dense 128 -> 64 -> 16 -> 32 -> 128 -> 128 -> 1,mse,adam_480,20,128,9.0861,21314.533203125,4368.37939453125,6715.5283203125,0.030245285536981914,0.7
2026-09-04 14:58:41,repeat_random_model.py,"(1021, 9)",858,sequential_481,Dense 128 -> 64 -> 16 -> 32 -> 128 -> 64 -> 1,mse,adam_481,20,128,9.0202,16742.927734375,5359.3642578125,5824.92138671875,0.15885328232694018,0.7
2026-09-04 14:58:51,repeat_random_model.py,"(1021, 9)",858,sequential_482,Dense 128 -> 64 -> 16 -> 32 -> 128 -> 32 -> 1,mse,adam_482,20,128,8.5231,24961.693359375,4067.062255859375,3726.356689453125,0.4618961373897663,0.7
2026-09-04 14:59:01,repeat_random_model.py,"(1021, 9)",858,sequential_483,Dense 128 -> 64 -> 16 -> 32 -> 128 -> 16 -> 1,mse,adam_483,20,128,8.0857,25012.80078125,5155.96533203125,4556.55712890625,0.34201115601978627,0.7
2026-09-04 14:59:11,repeat_random_model.py,"(1021, 9)",858,sequential_484,Dense 128 -> 64 -> 16 -> 32 -> 64 -> 128 -> 1,mse,adam_484,20,128,9.5715,38690.3671875,5330.486328125,5016.3408203125,0.2756162049107175,0.7
2026-09-04 14:59:41,repeat_random_model.py,"(1021, 9)",858,sequential_485,Dense 128 -> 64 -> 16 -> 32 -> 64 -> 64 -> 1,mse,adam_485,20,128,28.2167,19530.416015625,5464.03369140625,5165.5078125,0.25407571950725294,0.7
2026-09-04 14:59:50,repeat_random_model.py,"(1021, 9)",858,sequential_486,Dense 128 -> 64 -> 16 -> 32 -> 64 -> 32 -> 1,mse,adam_486,20,128,8.2091,188411.765625,6341.04248046875,6051.32421875,0.12615960586767871,0.7
2026-09-04 15:00:01,repeat_random_model.py,"(1021, 9)",858,sequential_487,Dense 128 -> 64 -> 16 -> 32 -> 64 -> 16 -> 1,mse,adam_487,20,128,9.6818,72703.5859375,5995.6123046875,5757.7861328125,0.16854786746092876,0.7
2026-09-04 15:00:12,repeat_random_model.py,"(1021, 9)",858,sequential_488,Dense 128 -> 64 -> 16 -> 32 -> 32 -> 128 -> 1,mse,adam_488,20,128,9.608,16061.123046875,4722.7138671875,4049.60595703125,0.4152174287444438,0.7
2026-09-04 15:00:23,repeat_random_model.py,"(1021, 9)",858,sequential_489,Dense 128 -> 64 -> 16 -> 32 -> 32 -> 64 -> 1,mse,adam_489,20,128,9.5606,32228.7265625,5919.44287109375,5850.65966796875,0.15513651107280246,0.7
2026-09-04 15:00:35,repeat_random_model.py,"(1021, 9)",858,sequential_490,Dense 128 -> 64 -> 16 -> 32 -> 32 -> 32 -> 1,mse,adam_490,20,128,10.6099,29588.3125,5857.57568359375,5709.455078125,0.17552727789667744,0.7
2026-09-04 15:00:44,repeat_random_model.py,"(1021, 9)",858,sequential_491,Dense 128 -> 64 -> 16 -> 32 -> 32 -> 16 -> 1,mse,adam_491,20,128,8.15,22008.92578125,5178.46875,4954.33056640625,0.2845708035141714,0.7
2026-09-04 15:00:56,repeat_random_model.py,"(1021, 9)",858,sequential_492,Dense 128 -> 64 -> 16 -> 32 -> 16 -> 128 -> 1,mse,adam_492,20,128,10.2691,12181.6787109375,5624.361328125,4758.56005859375,0.3128409557829944,0.7
2026-09-04 15:01:05,repeat_random_model.py,"(1021, 9)",858,sequential_493,Dense 128 -> 64 -> 16 -> 32 -> 16 -> 64 -> 1,mse,adam_493,20,128,8.495,74502.203125,5988.779296875,5729.6162109375,0.17261577344972712,0.7
2026-09-04 15:01:16,repeat_random_model.py,"(1021, 9)",858,sequential_494,Dense 128 -> 64 -> 16 -> 32 -> 16 -> 32 -> 1,mse,adam_494,20,128,9.8336,12026.10546875,4365.25244140625,4087.814453125,0.4096999043865154,0.7
2026-09-04 15:01:27,repeat_random_model.py,"(1021, 9)",858,sequential_495,Dense 128 -> 64 -> 16 -> 32 -> 16 -> 16 -> 1,mse,adam_495,20,128,9.368,51631.7265625,5339.60888671875,5029.73388671875,0.2736820802134833,0.7
2026-09-04 15:01:38,repeat_random_model.py,"(1021, 9)",858,sequential_496,Dense 128 -> 64 -> 16 -> 16 -> 128 -> 128 -> 1,mse,adam_496,20,128,9.5654,37992.328125,4981.08935546875,4442.8994140625,0.3584239066808248,0.7
2026-09-04 15:01:49,repeat_random_model.py,"(1021, 9)",858,sequential_497,Dense 128 -> 64 -> 16 -> 16 -> 128 -> 64 -> 1,mse,adam_497,20,128,9.8534,36224.32421875,5518.546875,5174.96728515625,0.2527097977895544,0.7
2026-09-04 15:01:59,repeat_random_model.py,"(1021, 9)",858,sequential_498,Dense 128 -> 64 -> 16 -> 16 -> 128 -> 32 -> 1,mse,adam_498,20,128,8.7343,31764.58984375,5288.9970703125,5036.52685546875,0.2727013210046525,0.7
2026-09-04 15:02:11,repeat_random_model.py,"(1021, 9)",858,sequential_499,Dense 128 -> 64 -> 16 -> 16 -> 128 -> 16 -> 1,mse,adam_499,20,128,9.9703,16929.890625,5600.15576171875,5158.4267578125,0.25509819937584155,0.7
2026-09-04 15:02:22,repeat_random_model.py,"(1021, 9)",858,sequential_500,Dense 128 -> 64 -> 16 -> 16 -> 64 -> 128 -> 1,mse,adam_500,20,128,10.1422,18481.46484375,5609.02001953125,5017.302734375,0.27547739813092553,0.7
2026-09-04 15:02:33,repeat_random_model.py,"(1021, 9)",858,sequential_501,Dense 128 -> 64 -> 16 -> 16 -> 64 -> 64 -> 1,mse,adam_501,20,128,9.3502,36200.08984375,5760.46826171875,5115.60205078125,0.2612823994987865,0.7
2026-09-04 15:02:44,repeat_random_model.py,"(1021, 9)",858,sequential_502,Dense 128 -> 64 -> 16 -> 16 -> 64 -> 32 -> 1,mse,adam_502,20,128,9.39,30912.498046875,5974.8525390625,5936.232421875,0.14277946426874955,0.7
2026-09-04 15:02:48,repeat_random_model.py,"(1021, 9)",858,sequential_503,Dense 128 -> 64 -> 16 -> 16 -> 64 -> 16 -> 1,mse,adam_503,20,128,3.9073,10247.5322265625,4562.81396484375,5227.15185546875,0.24517410745902457,0.7
2026-09-04 15:02:50,repeat_random_model.py,"(1021, 9)",858,sequential_504,Dense 128 -> 64 -> 16 -> 16 -> 32 -> 128 -> 1,mse,adam_504,20,128,1.3696,16261.89453125,5239.8974609375,4631.2744140625,0.3312216493870729,0.7
2026-09-04 15:02:51,repeat_random_model.py,"(1021, 9)",858,sequential_505,Dense 128 -> 64 -> 16 -> 16 -> 32 -> 64 -> 1,mse,adam_505,20,128,1.4734,25001.486328125,5529.5478515625,5287.9462890625,0.23639505533852856,0.7
2026-09-04 15:02:53,repeat_random_model.py,"(1021, 9)",858,sequential_506,Dense 128 -> 64 -> 16 -> 16 -> 32 -> 32 -> 1,mse,adam_506,20,128,1.3293,31704.845703125,5275.8896484375,5277.11376953125,0.237959348888666,0.7
2026-09-04 15:02:55,repeat_random_model.py,"(1021, 9)",858,sequential_507,Dense 128 -> 64 -> 16 -> 16 -> 32 -> 16 -> 1,mse,adam_507,20,128,1.4492,17854.51953125,4459.75341796875,4191.0673828125,0.39478963038254,0.7
2026-09-04 15:02:56,repeat_random_model.py,"(1021, 9)",858,sequential_508,Dense 128 -> 64 -> 16 -> 16 -> 16 -> 128 -> 1,mse,adam_508,20,128,1.3338,55602.953125,6065.0751953125,5980.50048828125,0.13638691813997939,0.7
2026-09-04 15:02:58,repeat_random_model.py,"(1021, 9)",858,sequential_509,Dense 128 -> 64 -> 16 -> 16 -> 16 -> 64 -> 1,mse,adam_509,20,128,1.3706,13203.40234375,5674.7177734375,5696.54443359375,0.17739151477519577,0.7
2026-09-04 15:02:59,repeat_random_model.py,"(1021, 9)",858,sequential_510,Dense 128 -> 64 -> 16 -> 16 -> 16 -> 32 -> 1,mse,adam_510,20,128,1.3401,15506.830078125,5168.95263671875,4829.73876953125,0.3025625003889819,0.7
2026-09-04 15:03:01,repeat_random_model.py,"(1021, 9)",858,sequential_511,Dense 128 -> 64 -> 16 -> 16 -> 16 -> 16 -> 1,mse,adam_511,20,128,1.3436,162753.109375,5951.2001953125,5746.12451171875,0.17023190035921654,0.7
2026-09-04 15:03:03,repeat_random_model.py,"(1021, 9)",858,sequential_512,Dense 128 -> 32 -> 128 -> 128 -> 128 -> 128 -> 1,mse,adam_512,20,128,1.3813,94012.8671875,5529.2421875,5324.3115234375,0.2311436672666286,0.7
2026-09-04 15:03:04,repeat_random_model.py,"(1021, 9)",858,sequential_513,Dense 128 -> 32 -> 128 -> 128 -> 128 -> 64 -> 1,mse,adam_513,20,128,1.3974,89421.078125,5117.59912109375,4786.28076171875,0.30883793373641577,0.7
2026-09-04 15:03:06,repeat_random_model.py,"(1021, 9)",858,sequential_514,Dense 128 -> 32 -> 128 -> 128 -> 128 -> 32 -> 1,mse,adam_514,20,128,1.4325,73902.4140625,5298.42822265625,4949.013671875,0.28533860241470377,0.7
2026-09-04 15:03:07,repeat_random_model.py,"(1021, 9)",858,sequential_515,Dense 128 -> 32 -> 128 -> 128 -> 128 -> 16 -> 1,mse,adam_515,20,128,1.359,55418.015625,5851.576171875,6408.3173828125,0.07460791519658005,0.7
2026-09-04 15:03:09,repeat_random_model.py,"(1021, 9)",858,sequential_516,Dense 128 -> 32 -> 128 -> 128 -> 64 -> 128 -> 1,mse,adam_516,20,128,1.3616,39563.48828125,4783.6044921875,4487.03857421875,0.35204985258831434,0.7
2026-09-04 15:03:11,repeat_random_model.py,"(1021, 9)",858,sequential_517,Dense 128 -> 32 -> 128 -> 128 -> 64 -> 64 -> 1,mse,adam_517,20,128,1.5555,134656.875,6043.46923828125,5769.87109375,0.16680272253846373,0.7
2026-09-04 15:03:13,repeat_random_model.py,"(1021, 9)",858,sequential_518,Dense 128 -> 32 -> 128 -> 128 -> 64 -> 32 -> 1,mse,adam_518,20,128,1.3586,95382.421875,5562.71435546875,5375.17822265625,0.22379838882231473,0.7
2026-09-04 15:03:14,repeat_random_model.py,"(1021, 9)",858,sequential_519,Dense 128 -> 32 -> 128 -> 128 -> 64 -> 16 -> 1,mse,adam_519,20,128,1.3504,43637.04296875,4507.1904296875,3907.00634765625,0.4358094311088523,0.7
2026-09-04 15:03:16,repeat_random_model.py,"(1021, 9)",858,sequential_520,Dense 128 -> 32 -> 128 -> 128 -> 32 -> 128 -> 1,mse,adam_520,20,128,1.337,23266.7421875,5655.46875,5426.22900390625,0.21642628402137964,0.7
2026-09-04 15:03:17,repeat_random_model.py,"(1021, 9)",858,sequential_521,Dense 128 -> 32 -> 128 -> 128 -> 32 -> 64 -> 1,mse,adam_521,20,128,1.5198,22581.06640625,4660.6376953125,4049.550537109375,0.4152253327998713,0.7
2026-09-04 15:03:19,repeat_random_model.py,"(1021, 9)",858,sequential_522,Dense 128 -> 32 -> 128 -> 128 -> 32 -> 32 -> 1,mse,adam_522,20,128,1.4706,54310.65625,5643.66357421875,5368.07080078125,0.22482473680765425,0.7
2026-09-04 15:03:21,repeat_random_model.py,"(1021, 9)",858,sequential_523,Dense 128 -> 32 -> 128 -> 128 -> 32 -> 16 -> 1,mse,adam_523,20,128,1.3652,82478.0,5662.15576171875,5469.3095703125,0.21020537431556208,0.7
2026-09-04 15:03:22,repeat_random_model.py,"(1021, 9)",858,sequential_524,Dense 128 -> 32 -> 128 -> 128 -> 16 -> 128 -> 1,mse,adam_524,20,128,1.4869,11156.39453125,3995.666015625,3838.62353515625,0.44568415682362306,0.7
2026-09-04 15:03:24,repeat_random_model.py,"(1021, 9)",858,sequential_525,Dense 128 -> 32 -> 128 -> 128 -> 16 -> 64 -> 1,mse,adam_525,20,128,1.3774,86795.03125,5930.8818359375,5640.13427734375,0.18553740394624674,0.7
2026-09-04 15:03:26,repeat_random_model.py,"(1021, 9)",858,sequential_526,Dense 128 -> 32 -> 128 -> 128 -> 16 -> 32 -> 1,mse,adam_526,20,128,1.4631,18731.953125,5268.115234375,4528.89599609375,0.3460055734360188,0.7
2026-09-04 15:03:27,repeat_random_model.py,"(1021, 9)",858,sequential_527,Dense 128 -> 32 -> 128 -> 128 -> 16 -> 16 -> 1,mse,adam_527,20,128,1.3418,44553.31640625,5724.86865234375,5442.70654296875,0.21404687205805584,0.7
2026-09-04 15:03:29,repeat_random_model.py,"(1021, 9)",858,sequential_528,Dense 128 -> 32 -> 128 -> 64 -> 128 -> 128 -> 1,mse,adam_528,20,128,1.4479,51940.76953125,4930.34130859375,5079.29296875,0.2665256188075098,0.7
2026-09-04 15:03:31,repeat_random_model.py,"(1021, 9)",858,sequential_529,Dense 128 -> 32 -> 128 -> 64 -> 128 -> 64 -> 1,mse,adam_529,20,128,1.4936,49532.8046875,5593.7255859375,5301.912109375,0.23437832646903944,0.7
2026-09-04 15:03:32,repeat_random_model.py,"(1021, 9)",858,sequential_530,Dense 128 -> 32 -> 128 -> 64 -> 128 -> 32 -> 1,mse,adam_530,20,128,1.3318,97768.9609375,5959.4248046875,5753.78125,0.16912622600354055,0.7
2026-09-04 15:03:34,repeat_random_model.py,"(1021, 9)",858,sequential_531,Dense 128 -> 32 -> 128 -> 64 -> 128 -> 16 -> 1,mse,adam_531,20,128,1.3554,77760.734375,5902.16162109375,5688.119140625,0.17860820983235326,0.7
2026-09-04 15:03:35,repeat_random_model.py,"(1021, 9)",858,sequential_532,Dense 128 -> 32 -> 128 -> 64 -> 64 -> 128 -> 1,mse,adam_532,20,128,1.3291,24986.5390625,4991.7470703125,4432.4423828125,0.3599339452787148,0.7
2026-09-04 15:03:37,repeat_random_model.py,"(1021, 9)",858,sequential_533,Dense 128 -> 32 -> 128 -> 64 -> 64 -> 64 -> 1,mse,adam_533,20,128,1.3306,71739.3359375,5937.9931640625,5550.30517578125,0.1985091144994141,0.7
2026-09-04 15:03:39,repeat_random_model.py,"(1021, 9)",858,sequential_534,Dense 128 -> 32 -> 128 -> 64 -> 64 -> 32 -> 1,mse,adam_534,20,128,1.4282,61277.90234375,5990.748046875,5759.9638671875,0.16823344619791225,0.7
2026-09-04 15:03:40,repeat_random_model.py,"(1021, 9)",858,sequential_535,Dense 128 -> 32 -> 128 -> 64 -> 64 -> 16 -> 1,mse,adam_535,20,128,1.328,49509.9609375,5196.74365234375,4768.81494140625,0.3113601203795312,0.7
2026-09-04 15:03:42,repeat_random_model.py,"(1021, 9)",858,sequential_536,Dense 128 -> 32 -> 128 -> 64 -> 32 -> 128 -> 1,mse,adam_536,20,128,1.3281,23255.20703125,4722.71533203125,4923.96044921875,0.2889563380952447,0.7
2026-09-04 15:03:43,repeat_random_model.py,"(1021, 9)",858,sequential_537,Dense 128 -> 32 -> 128 -> 64 -> 32 -> 64 -> 1,mse,adam_537,20,128,1.3428,44853.0078125,5666.3193359375,5408.1728515625,0.21903370546816858,0.7
2026-09-04 15:03:45,repeat_random_model.py,"(1021, 9)",858,sequential_538,Dense 128 -> 32 -> 128 -> 64 -> 32 -> 32 -> 1,mse,adam_538,20,128,1.3958,51244.1875,5761.02001953125,5630.36865234375,0.18694762346085547,0.7
2026-09-04 15:03:47,repeat_random_model.py,"(1021, 9)",858,sequential_539,Dense 128 -> 32 -> 128 -> 64 -> 32 -> 16 -> 1,mse,adam_539,20,128,1.4485,138584.84375,5941.35986328125,5692.921875,0.17791465528098405,0.7
2026-09-04 15:03:48,repeat_random_model.py,"(1021, 9)",858,sequential_540,Dense 128 -> 32 -> 128 -> 64 -> 16 -> 128 -> 1,mse,adam_540,20,128,1.3448,24918.017578125,4921.37841796875,4472.60498046875,0.35413426952302973,0.7
2026-09-04 15:03:50,repeat_random_model.py,"(1021, 9)",858,sequential_541,Dense 128 -> 32 -> 128 -> 64 -> 16 -> 64 -> 1,mse,adam_541,20,128,1.3392,18437.876953125,4983.314453125,4904.0283203125,0.29183466886401566,0.7
2026-09-04 15:03:51,repeat_random_model.py,"(1021, 9)",858,sequential_542,Dense 128 -> 32 -> 128 -> 64 -> 16 -> 32 -> 1,mse,adam_542,20,128,1.4049,44898.98828125,5480.13916015625,5266.96728515625,0.23942446310605725,0.7
2026-09-04 15:03:53,repeat_random_model.py,"(1021, 9)",858,sequential_543,Dense 128 -> 32 -> 128 -> 64 -> 16 -> 16 -> 1,mse,adam_543,20,128,1.3342,46410.69921875,5662.08056640625,5528.26806640625,0.20169148858998132,0.7
2026-09-04 15:03:55,repeat_random_model.py,"(1021, 9)",858,sequential_544,Dense 128 -> 32 -> 128 -> 32 -> 128 -> 128 -> 1,mse,adam_544,20,128,1.4891,27177.779296875,4534.0556640625,4953.5107421875,0.28468916113129195,0.7
2026-09-04 15:03:56,repeat_random_model.py,"(1021, 9)",858,sequential_545,Dense 128 -> 32 -> 128 -> 32 -> 128 -> 64 -> 1,mse,adam_545,20,128,1.3322,23933.2109375,4023.83935546875,3943.71240234375,0.4305089585527836,0.7
2026-09-04 15:03:58,repeat_random_model.py,"(1021, 9)",858,sequential_546,Dense 128 -> 32 -> 128 -> 32 -> 128 -> 32 -> 1,mse,adam_546,20,128,1.4339,29703.453125,5417.041015625,4787.4599609375,0.3086677939479544,0.7
2026-09-04 15:04:00,repeat_random_model.py,"(1021, 9)",858,sequential_547,Dense 128 -> 32 -> 128 -> 32 -> 128 -> 16 -> 1,mse,adam_547,20,128,1.3486,28089.54296875,5339.623046875,4871.24658203125,0.2965684464229198,0.7
2026-09-04 15:04:01,repeat_random_model.py,"(1021, 9)",858,sequential_548,Dense 128 -> 32 -> 128 -> 32 -> 64 -> 128 -> 1,mse,adam_548,20,128,1.3277,20006.69140625,4673.23388671875,4559.427734375,0.3415966252904973,0.7
2026-09-04 15:04:03,repeat_random_model.py,"(1021, 9)",858,sequential_549,Dense 128 -> 32 -> 128 -> 32 -> 64 -> 64 -> 1,mse,adam_549,20,128,1.3305,21651.4140625,5535.09228515625,4920.59326171875,0.2894425690473512,0.7
2026-09-04 15:04:04,repeat_random_model.py,"(1021, 9)",858,sequential_550,Dense 128 -> 32 -> 128 -> 32 -> 64 -> 32 -> 1,mse,adam_550,20,128,1.4548,38003.9296875,5829.205078125,5351.93017578125,0.22715546305125223,0.7
2026-09-04 15:04:06,repeat_random_model.py,"(1021, 9)",858,sequential_551,Dense 128 -> 32 -> 128 -> 32 -> 64 -> 16 -> 1,mse,adam_551,20,128,1.3842,18282.8984375,5109.9453125,4681.431640625,0.3239786907448131,0.7
2026-09-04 15:04:08,repeat_random_model.py,"(1021, 9)",858,sequential_552,Dense 128 -> 32 -> 128 -> 32 -> 32 -> 128 -> 1,mse,adam_552,20,128,1.3727,17329.009765625,4302.6123046875,3779.58251953125,0.45421004796193887,0.7
2026-09-04 15:04:09,repeat_random_model.py,"(1021, 9)",858,sequential_553,Dense 128 -> 32 -> 128 -> 32 -> 32 -> 64 -> 1,mse,adam_553,20,128,1.3721,60792.76953125,5907.83447265625,5656.84423828125,0.18312442611096424,0.7
2026-09-04 15:04:11,repeat_random_model.py,"(1021, 9)",858,sequential_554,Dense 128 -> 32 -> 128 -> 32 -> 32 -> 32 -> 1,mse,adam_554,20,128,1.35,108094.640625,6131.8046875,5872.1591796875,0.15203202368586233,0.7
2026-09-04 15:04:12,repeat_random_model.py,"(1021, 9)",858,sequential_555,Dense 128 -> 32 -> 128 -> 32 -> 32 -> 16 -> 1,mse,adam_555,20,128,1.3372,18187.880859375,4181.64990234375,3744.078369140625,0.45933698576479276,0.7
2026-09-04 15:04:14,repeat_random_model.py,"(1021, 9)",858,sequential_556,Dense 128 -> 32 -> 128 -> 32 -> 16 -> 128 -> 1,mse,adam_556,20,128,1.3304,27538.111328125,5961.8642578125,5981.32177734375,0.1362683420416141,0.7
2026-09-04 15:04:16,repeat_random_model.py,"(1021, 9)",858,sequential_557,Dense 128 -> 32 -> 128 -> 32 -> 16 -> 64 -> 1,mse,adam_557,20,128,1.4868,19586.123046875,4454.419921875,4383.23779296875,0.36703933321630966,0.7
2026-09-04 15:04:17,repeat_random_model.py,"(1021, 9)",858,sequential_558,Dense 128 -> 32 -> 128 -> 32 -> 16 -> 32 -> 1,mse,adam_558,20,128,1.3284,33926.90625,5890.63427734375,5681.22314453125,0.17960393281266795,0.7
2026-09-04 15:04:19,repeat_random_model.py,"(1021, 9)",858,sequential_559,Dense 128 -> 32 -> 128 -> 32 -> 16 -> 16 -> 1,mse,adam_559,20,128,1.3451,27984.748046875,5084.83544921875,5250.90087890625,0.2417445647296793,0.7
2026-09-04 15:04:20,repeat_random_model.py,"(1021, 9)",858,sequential_560,Dense 128 -> 32 -> 128 -> 16 -> 128 -> 128 -> 1,mse,adam_560,20,128,1.3964,11795.4375,4195.16162109375,4903.38525390625,0.2919275333803488,0.7
2026-09-04 15:04:22,repeat_random_model.py,"(1021, 9)",858,sequential_561,Dense 128 -> 32 -> 128 -> 16 -> 128 -> 64 -> 1,mse,adam_561,20,128,1.3463,32335.515625,5559.599609375,5181.07080078125,0.2518284266621512,0.7
2026-09-04 15:04:24,repeat_random_model.py,"(1021, 9)",858,sequential_562,Dense 128 -> 32 -> 128 -> 16 -> 128 -> 32 -> 1,mse,adam_562,20,128,1.4493,12281.275390625,4355.1328125,4660.98046875,0.32693199608908263,0.7
2026-09-04 15:04:25,repeat_random_model.py,"(1021, 9)",858,sequential_563,Dense 128 -> 32 -> 128 -> 16 -> 128 -> 16 -> 1,mse,adam_563,20,128,1.3399,18833.30078125,5570.51123046875,4832.70166015625,0.30213461369440453,0.7
2026-09-04 15:04:27,repeat_random_model.py,"(1021, 9)",858,sequential_564,Dense 128 -> 32 -> 128 -> 16 -> 64 -> 128 -> 1,mse,adam_564,20,128,1.4099,12717.46875,3689.3115234375,3367.06982421875,0.5137788479647472,0.7
2026-09-04 15:04:29,repeat_random_model.py,"(1021, 9)",858,sequential_565,Dense 128 -> 32 -> 128 -> 16 -> 64 -> 64 -> 1,mse,adam_565,20,128,1.3919,16873.982421875,4311.10693359375,3276.5234375,0.5268542626993241,0.7
2026-09-04 15:04:30,repeat_random_model.py,"(1021, 9)",858,sequential_566,Dense 128 -> 32 -> 128 -> 16 -> 64 -> 32 -> 1,mse,adam_566,20,128,1.335,22614.359375,4928.47412109375,4802.83349609375,0.30644772315987234,0.7
2026-09-04 15:04:32,repeat_random_model.py,"(1021, 9)",858,sequential_567,Dense 128 -> 32 -> 128 -> 16 -> 64 -> 16 -> 1,mse,adam_567,20,128,1.3209,19122.6796875,4691.34814453125,4321.591796875,0.3759412750569576,0.7
2026-09-04 15:04:33,repeat_random_model.py,"(1021, 9)",858,sequential_568,Dense 128 -> 32 -> 128 -> 16 -> 32 -> 128 -> 1,mse,adam_568,20,128,1.3545,24821.658203125,5476.052734375,5088.99462890625,0.265124658832534,0.7
2026-09-04 15:04:35,repeat_random_model.py,"(1021, 9)",858,sequential_569,Dense 128 -> 32 -> 128 -> 16 -> 32 -> 64 -> 1,mse,adam_569,20,128,1.3315,24706.798828125,5879.35009765625,5393.68359375,0.22112598221724233,0.7
2026-09-04 15:04:36,repeat_random_model.py,"(1021, 9)",858,sequential_570,Dense 128 -> 32 -> 128 -> 16 -> 32 -> 32 -> 1,mse,adam_570,20,128,1.3466,15364.62890625,5446.220703125,5080.8525390625,0.26630033959992694,0.7
2026-09-04 15:04:38,repeat_random_model.py,"(1021, 9)",858,sequential_571,Dense 128 -> 32 -> 128 -> 16 -> 32 -> 16 -> 1,mse,adam_571,20,128,1.3737,17867.7109375,4764.32763671875,4534.22216796875,0.34523643184028974,0.7
2026-09-04 15:04:45,repeat_random_model.py,"(1021, 9)",858,sequential_572,Dense 128 -> 32 -> 128 -> 16 -> 16 -> 128 -> 1,mse,adam_572,20,128,1.4075,11810.921875,4616.8291015625,4387.5380859375,0.3664183510617084,0.7
2026-09-04 15:04:46,repeat_random_model.py,"(1021, 9)",858,sequential_573,Dense 128 -> 32 -> 128 -> 16 -> 16 -> 64 -> 1,mse,adam_573,20,128,1.3616,13412.0400390625,4868.53662109375,4497.71240234375,0.35050862554095885,0.7
2026-09-04 15:04:48,repeat_random_model.py,"(1021, 9)",858,sequential_574,Dense 128 -> 32 -> 128 -> 16 -> 16 -> 32 -> 1,mse,adam_574,20,128,1.4566,24259.869140625,4945.9873046875,4402.05615234375,0.3643218939315933,0.7
2026-09-04 15:04:50,repeat_random_model.py,"(1021, 9)",858,sequential_575,Dense 128 -> 32 -> 128 -> 16 -> 16 -> 16 -> 1,mse,adam_575,20,128,1.3589,30266.197265625,5854.86474609375,5577.54638671875,0.19457543040627667,0.7
2026-09-04 15:04:51,repeat_random_model.py,"(1021, 9)",858,sequential_576,Dense 128 -> 32 -> 64 -> 128 -> 128 -> 128 -> 1,mse,adam_576,20,128,1.4587,205047.4375,6293.28515625,6024.5224609375,0.1300299451616218,0.7
2026-09-04 15:04:53,repeat_random_model.py,"(1021, 9)",858,sequential_577,Dense 128 -> 32 -> 64 -> 128 -> 128 -> 64 -> 1,mse,adam_577,20,128,1.4403,100124.3671875,5733.2900390625,5525.0888671875,0.20215059340085761,0.7
2026-09-04 15:04:55,repeat_random_model.py,"(1021, 9)",858,sequential_578,Dense 128 -> 32 -> 64 -> 128 -> 128 -> 32 -> 1,mse,adam_578,20,128,1.4824,79845.609375,5457.6689453125,5215.37841796875,0.2468741659365551,0.7
2026-09-04 15:04:56,repeat_random_model.py,"(1021, 9)",858,sequential_579,Dense 128 -> 32 -> 64 -> 128 -> 128 -> 16 -> 1,mse,adam_579,20,128,1.3854,239946.59375,5879.09619140625,5673.90478515625,0.18066081930319644,0.7
2026-09-04 15:04:58,repeat_random_model.py,"(1021, 9)",858,sequential_580,Dense 128 -> 32 -> 64 -> 128 -> 64 -> 128 -> 1,mse,adam_580,20,128,1.486,50319.26953125,5810.44580078125,5542.9365234375,0.19957326328591019,0.7
2026-09-04 15:05:00,repeat_random_model.py,"(1021, 9)",858,sequential_581,Dense 128 -> 32 -> 64 -> 128 -> 64 -> 64 -> 1,mse,adam_581,20,128,1.5855,93887.65625,5950.30517578125,5737.33251953125,0.17150146050632675,0.7
2026-09-04 15:05:01,repeat_random_model.py,"(1021, 9)",858,sequential_582,Dense 128 -> 32 -> 64 -> 128 -> 64 -> 32 -> 1,mse,adam_582,20,128,1.3535,51465.11328125,5292.96142578125,5109.53076171875,0.26215918887339407,0.7
2026-09-04 15:05:03,repeat_random_model.py,"(1021, 9)",858,sequential_583,Dense 128 -> 32 -> 64 -> 128 -> 64 -> 16 -> 1,mse,adam_583,20,128,1.3901,42097.765625,5567.5224609375,5146.6025390625,0.2568057399070174,0.7
2026-09-04 15:05:05,repeat_random_model.py,"(1021, 9)",858,sequential_584,Dense 128 -> 32 -> 64 -> 128 -> 32 -> 128 -> 1,mse,adam_584,20,128,1.3673,21205.388671875,5502.7646484375,5129.7001953125,0.25924655613454395,0.7
2026-09-04 15:05:06,repeat_random_model.py,"(1021, 9)",858,sequential_585,Dense 128 -> 32 -> 64 -> 128 -> 32 -> 64 -> 1,mse,adam_585,20,128,1.4112,46374.77734375,5813.58203125,5586.91650390625,0.1932222167651685,0.7
2026-09-04 15:05:08,repeat_random_model.py,"(1021, 9)",858,sequential_586,Dense 128 -> 32 -> 64 -> 128 -> 32 -> 32 -> 1,mse,adam_586,20,128,1.4771,20174.87890625,4700.8212890625,4455.40771484375,0.3566176393528515,0.7
2026-09-04 15:05:10,repeat_random_model.py,"(1021, 9)",858,sequential_587,Dense 128 -> 32 -> 64 -> 128 -> 32 -> 16 -> 1,mse,adam_587,20,128,1.5085,53990.05078125,4987.77978515625,4734.7021484375,0.3162861220794311,0.7
2026-09-04 15:05:11,repeat_random_model.py,"(1021, 9)",858,sequential_588,Dense 128 -> 32 -> 64 -> 128 -> 16 -> 128 -> 1,mse,adam_588,20,128,1.3313,11128.263671875,3296.1572265625,2946.230712890625,0.5745501078327488,0.7
2026-09-04 15:05:13,repeat_random_model.py,"(1021, 9)",858,sequential_589,Dense 128 -> 32 -> 64 -> 128 -> 16 -> 64 -> 1,mse,adam_589,20,128,1.3376,28042.423828125,6072.9345703125,5847.21875,0.15563350843290868,0.7
2026-09-04 15:05:15,repeat_random_model.py,"(1021, 9)",858,sequential_590,Dense 128 -> 32 -> 64 -> 128 -> 16 -> 32 -> 1,mse,adam_590,20,128,1.4353,12628.4736328125,3673.940673828125,3420.398681640625,0.506077928808555,0.7
2026-09-04 15:05:16,repeat_random_model.py,"(1021, 9)",858,sequential_591,Dense 128 -> 32 -> 64 -> 128 -> 16 -> 16 -> 1,mse,adam_591,20,128,1.3448,109445.5859375,6128.734375,5926.05419921875,0.14424915126956273,0.7
2026-09-04 15:05:18,repeat_random_model.py,"(1021, 9)",858,sequential_592,Dense 128 -> 32 -> 64 -> 64 -> 128 -> 128 -> 1,mse,adam_592,20,128,1.4622,57037.703125,5198.984375,4941.513671875,0.2864215623548684,0.7
2026-09-04 15:05:19,repeat_random_model.py,"(1021, 9)",858,sequential_593,Dense 128 -> 32 -> 64 -> 64 -> 128 -> 64 -> 1,mse,adam_593,20,128,1.3419,52447.2578125,5530.771484375,5161.609375,0.2546385745859402,0.7
2026-09-04 15:05:21,repeat_random_model.py,"(1021, 9)",858,sequential_594,Dense 128 -> 32 -> 64 -> 64 -> 128 -> 32 -> 1,mse,adam_594,20,128,1.3598,34519.1953125,5248.3642578125,5179.93896484375,0.25199181122297,0.7
2026-09-04 15:05:23,repeat_random_model.py,"(1021, 9)",858,sequential_595,Dense 128 -> 32 -> 64 -> 64 -> 128 -> 16 -> 1,mse,adam_595,20,128,1.4783,38217.546875,5398.84912109375,5030.66796875,0.27354729292964164,0.7
2026-09-04 15:05:24,repeat_random_model.py,"(1021, 9)",858,sequential_596,Dense 128 -> 32 -> 64 -> 64 -> 64 -> 128 -> 1,mse,adam_596,20,128,1.4035,28615.162109375,6059.37890625,4867.96337890625,0.29704259493825724,0.7
2026-09-04 15:05:26,repeat_random_model.py,"(1021, 9)",858,sequential_597,Dense 128 -> 32 -> 64 -> 64 -> 64 -> 64 -> 1,mse,adam_597,20,128,1.3394,44039.8515625,5493.79150390625,5357.630859375,0.22633235206928226,0.7
2026-09-04 15:05:28,repeat_random_model.py,"(1021, 9)",858,sequential_598,Dense 128 -> 32 -> 64 -> 64 -> 64 -> 32 -> 1,mse,adam_598,20,128,1.3332,25766.083984375,5116.32373046875,4627.302734375,0.3317951742888605,0.7
2026-09-04 15:05:29,repeat_random_model.py,"(1021, 9)",858,sequential_599,Dense 128 -> 32 -> 64 -> 64 -> 64 -> 16 -> 1,mse,adam_599,20,128,1.3389,71392.734375,5716.2802734375,5280.533203125,0.23746560541360717,0.7
2026-09-04 15:05:31,repeat_random_model.py,"(1021, 9)",858,sequential_600,Dense 128 -> 32 -> 64 -> 64 -> 32 -> 128 -> 1,mse,adam_600,20,128,1.3528,22605.767578125,5479.99169921875,4403.58203125,0.36410152707223087,0.7
2026-09-04 15:05:32,repeat_random_model.py,"(1021, 9)",858,sequential_601,Dense 128 -> 32 -> 64 -> 64 -> 32 -> 64 -> 1,mse,adam_601,20,128,1.3297,34526.37109375,5330.39208984375,5160.31640625,0.2548254876070043,0.7
2026-09-04 15:05:34,repeat_random_model.py,"(1021, 9)",858,sequential_602,Dense 128 -> 32 -> 64 -> 64 -> 32 -> 32 -> 1,mse,adam_602,20,128,1.5034,121725.625,5912.7607421875,5625.115234375,0.1877062751474733,0.7
2026-09-04 15:05:36,repeat_random_model.py,"(1021, 9)",858,sequential_603,Dense 128 -> 32 -> 64 -> 64 -> 32 -> 16 -> 1,mse,adam_603,20,128,1.3247,23572.43359375,4886.267578125,4861.1826171875,0.29802177347476355,0.7
2026-09-04 15:05:37,repeat_random_model.py,"(1021, 9)",858,sequential_604,Dense 128 -> 32 -> 64 -> 64 -> 16 -> 128 -> 1,mse,adam_604,20,128,1.3757,16357.3037109375,5174.07421875,4572.3916015625,0.33972458092027946,0.7
2026-09-04 15:05:39,repeat_random_model.py,"(1021, 9)",858,sequential_605,Dense 128 -> 32 -> 64 -> 64 -> 16 -> 64 -> 1,mse,adam_605,20,128,1.3755,42569.75,5602.57763671875,5454.74462890625,0.21230849305001942,0.7
2026-09-04 15:05:40,repeat_random_model.py,"(1021, 9)",858,sequential_606,Dense 128 -> 32 -> 64 -> 64 -> 16 -> 32 -> 1,mse,adam_606,20,128,1.4274,90959.0625,6011.4560546875,5730.04296875,0.17255424450712786,0.7
2026-09-04 15:05:42,repeat_random_model.py,"(1021, 9)",858,sequential_607,Dense 128 -> 32 -> 64 -> 64 -> 16 -> 16 -> 1,mse,adam_607,20,128,1.4567,32711.3125,5689.4091796875,5565.9365234375,0.1962519375249825,0.7
2026-09-04 15:05:44,repeat_random_model.py,"(1021, 9)",858,sequential_608,Dense 128 -> 32 -> 64 -> 32 -> 128 -> 128 -> 1,mse,adam_608,20,128,1.3433,40652.484375,5922.171875,5646.6796875,0.1845921534871796,0.7
2026-09-04 15:05:45,repeat_random_model.py,"(1021, 9)",858,sequential_609,Dense 128 -> 32 -> 64 -> 32 -> 128 -> 64 -> 1,mse,adam_609,20,128,1.3395,60968.50390625,5614.70458984375,5387.9794921875,0.221949668293135,0.7
2026-09-04 15:05:47,repeat_random_model.py,"(1021, 9)",858,sequential_610,Dense 128 -> 32 -> 64 -> 32 -> 128 -> 32 -> 1,mse,adam_610,20,128,1.4385,33306.14453125,5011.6103515625,4639.26513671875,0.33006774867697697,0.7
2026-09-04 15:05:49,repeat_random_model.py,"(1021, 9)",858,sequential_611,Dense 128 -> 32 -> 64 -> 32 -> 128 -> 16 -> 1,mse,adam_611,20,128,1.319,30739.23828125,5228.26708984375,4937.83056640625,0.2869534341523443,0.7
2026-09-04 15:05:50,repeat_random_model.py,"(1021, 9)",858,sequential_612,Dense 128 -> 32 -> 64 -> 32 -> 64 -> 128 -> 1,mse,adam_612,20,128,1.3655,26857.8515625,4963.21923828125,5145.84814453125,0.2569146519195523,0.7
2026-09-04 15:05:52,repeat_random_model.py,"(1021, 9)",858,sequential_613,Dense 128 -> 32 -> 64 -> 32 -> 64 -> 64 -> 1,mse,adam_613,20,128,1.3377,26291.40234375,5332.85791015625,4961.48046875,0.2835383173109418,0.7
2026-09-04 15:05:53,repeat_random_model.py,"(1021, 9)",858,sequential_614,Dense 128 -> 32 -> 64 -> 32 -> 64 -> 32 -> 1,mse,adam_614,20,128,1.3303,31453.466796875,5305.2470703125,5027.5615234375,0.27399587343044396,0.7
2026-09-04 15:05:55,repeat_random_model.py,"(1021, 9)",858,sequential_615,Dense 128 -> 32 -> 64 -> 32 -> 64 -> 16 -> 1,mse,adam_615,20,128,1.3233,41139.1953125,5555.7138671875,5330.43505859375,0.2302595590323685,0.7
2026-09-04 15:05:56,repeat_random_model.py,"(1021, 9)",858,sequential_616,Dense 128 -> 32 -> 64 -> 32 -> 32 -> 128 -> 1,mse,adam_616,20,128,1.3659,34738.12890625,5825.40234375,5554.36572265625,0.1979227467342468,0.7
2026-09-04 15:05:58,repeat_random_model.py,"(1021, 9)",858,sequential_617,Dense 128 -> 32 -> 64 -> 32 -> 32 -> 64 -> 1,mse,adam_617,20,128,1.3304,33687.2265625,5501.625,5028.25732421875,0.27389539316737166,0.7
2026-09-04 15:06:00,repeat_random_model.py,"(1021, 9)",858,sequential_618,Dense 128 -> 32 -> 64 -> 32 -> 32 -> 32 -> 1,mse,adam_618,20,128,1.3351,23302.4921875,3864.970947265625,3856.21826171875,0.44314346647335323,0.7
2026-09-04 15:06:01,repeat_random_model.py,"(1021, 9)",858,sequential_619,Dense 128 -> 32 -> 64 -> 32 -> 32 -> 16 -> 1,mse,adam_619,20,128,1.3499,138052.59375,5970.912109375,5684.8740234375,0.17907688629071894,0.7
2026-09-04 15:06:03,repeat_random_model.py,"(1021, 9)",858,sequential_620,Dense 128 -> 32 -> 64 -> 32 -> 16 -> 128 -> 1,mse,adam_620,20,128,1.3364,34847.28515625,6034.0380859375,5895.86962890625,0.1486080300814122,0.7
2026-09-04 15:06:04,repeat_random_model.py,"(1021, 9)",858,sequential_621,Dense 128 -> 32 -> 64 -> 32 -> 16 -> 64 -> 1,mse,adam_621,20,128,1.3238,12790.064453125,4146.23681640625,3660.27734375,0.4714383586662597,0.7
2026-09-04 15:06:06,repeat_random_model.py,"(1021, 9)",858,sequential_622,Dense 128 -> 32 -> 64 -> 32 -> 16 -> 32 -> 1,mse,adam_622,20,128,1.4034,16378.2626953125,4788.42626953125,4550.93212890625,0.3428234245343613,0.7
2026-09-04 15:06:08,repeat_random_model.py,"(1021, 9)",858,sequential_623,Dense 128 -> 32 -> 64 -> 32 -> 16 -> 16 -> 1,mse,adam_623,20,128,1.4408,46740.2734375,5892.779296875,5685.56005859375,0.17897773751031032,0.7
2026-09-04 15:06:09,repeat_random_model.py,"(1021, 9)",858,sequential_624,Dense 128 -> 32 -> 64 -> 16 -> 128 -> 128 -> 1,mse,adam_624,20,128,1.3505,26036.4609375,4284.39990234375,3615.3642578125,0.47792400421002856,0.7
2026-09-04 15:06:11,repeat_random_model.py,"(1021, 9)",858,sequential_625,Dense 128 -> 32 -> 64 -> 16 -> 128 -> 64 -> 1,mse,adam_625,20,128,1.3409,39146.58203125,5581.3984375,5335.2294921875,0.22956712075085806,0.7
2026-09-04 15:06:12,repeat_random_model.py,"(1021, 9)",858,sequential_626,Dense 128 -> 32 -> 64 -> 16 -> 128 -> 32 -> 1,mse,adam_626,20,128,1.4089,17111.46484375,5303.23291015625,5340.271484375,0.22883899940488261,0.7
2026-09-04 15:06:14,repeat_random_model.py,"(1021, 9)",858,sequential_627,Dense 128 -> 32 -> 64 -> 16 -> 128 -> 16 -> 1,mse,adam_627,20,128,1.3422,30081.314453125,5477.2197265625,5305.27734375,0.23389244516991736,0.7
2026-09-04 15:06:16,repeat_random_model.py,"(1021, 9)",858,sequential_628,Dense 128 -> 32 -> 64 -> 16 -> 64 -> 128 -> 1,mse,adam_628,20,128,1.3868,30949.28125,5807.53466796875,5558.54296875,0.19731965784301142,0.7
2026-09-04 15:06:17,repeat_random_model.py,"(1021, 9)",858,sequential_629,Dense 128 -> 32 -> 64 -> 16 -> 64 -> 64 -> 1,mse,adam_629,20,128,1.3596,28857.39453125,5657.96337890625,5430.93505859375,0.21574677628801353,0.7
2026-09-04 15:06:19,repeat_random_model.py,"(1021, 9)",858,sequential_630,Dense 128 -> 32 -> 64 -> 16 -> 64 -> 32 -> 1,mse,adam_630,20,128,1.395,36744.31640625,5878.76904296875,5579.49462890625,0.19429397418102856,0.7
2026-09-04 15:06:20,repeat_random_model.py,"(1021, 9)",858,sequential_631,Dense 128 -> 32 -> 64 -> 16 -> 64 -> 16 -> 1,mse,adam_631,20,128,1.4003,44765.79296875,5143.83740234375,4863.72509765625,0.297654623432277,0.7
2026-09-04 15:06:22,repeat_random_model.py,"(1021, 9)",858,sequential_632,Dense 128 -> 32 -> 64 -> 16 -> 32 -> 128 -> 1,mse,adam_632,20,128,1.4503,20063.197265625,4973.63623046875,5025.52490234375,0.27428993105013855,0.7
2026-09-04 15:06:24,repeat_random_model.py,"(1021, 9)",858,sequential_633,Dense 128 -> 32 -> 64 -> 16 -> 32 -> 64 -> 1,mse,adam_633,20,128,1.4666,14245.06640625,4269.5537109375,4443.85107421875,0.35828637252079987,0.7
2026-09-04 15:06:25,repeat_random_model.py,"(1021, 9)",858,sequential_634,Dense 128 -> 32 -> 64 -> 16 -> 32 -> 32 -> 1,mse,adam_634,20,128,1.319,68374.515625,6090.091796875,5786.8203125,0.16435531821356042,0.7
2026-09-04 15:06:27,repeat_random_model.py,"(1021, 9)",858,sequential_635,Dense 128 -> 32 -> 64 -> 16 -> 32 -> 16 -> 1,mse,adam_635,20,128,1.3446,55559.99609375,6007.087890625,5721.65087890625,0.17376608532209825,0.7
2026-09-04 15:06:29,repeat_random_model.py,"(1021, 9)",858,sequential_636,Dense 128 -> 32 -> 64 -> 16 -> 16 -> 128 -> 1,mse,adam_636,20,128,1.3807,8687.25,4020.06494140625,4107.25,0.4068932480379529,0.7
2026-09-04 15:06:30,repeat_random_model.py,"(1021, 9)",858,sequential_637,Dense 128 -> 32 -> 64 -> 16 -> 16 -> 64 -> 1,mse,adam_637,20,128,1.3578,25270.75390625,5449.251953125,5344.87744140625,0.2281738789108918,0.7
2026-09-04 15:06:32,repeat_random_model.py,"(1021, 9)",858,sequential_638,Dense 128 -> 32 -> 64 -> 16 -> 16 -> 32 -> 1,mse,adam_638,20,128,1.3206,47011.64453125,5985.1044921875,5742.5087890625,0.1707539933773704,0.7
2026-09-04 15:06:33,repeat_random_model.py,"(1021, 9)",858,sequential_639,Dense 128 -> 32 -> 64 -> 16 -> 16 -> 16 -> 1,mse,adam_639,20,128,1.3709,20970.57421875,4217.32421875,3820.16015625,0.44835044259837686,0.7
2026-09-04 15:06:35,repeat_random_model.py,"(1021, 9)",858,sequential_640,Dense 128 -> 32 -> 32 -> 128 -> 128 -> 128 -> 1,mse,adam_640,20,128,1.5334,85659.2421875,6051.04638671875,5744.83056640625,0.17041880356332018,0.7
2026-09-04 15:06:37,repeat_random_model.py,"(1021, 9)",858,sequential_641,Dense 128 -> 32 -> 32 -> 128 -> 128 -> 64 -> 1,mse,adam_641,20,128,1.3551,51849.8046875,5173.1953125,5597.2255859375,0.1917337300665617,0.7
2026-09-04 15:06:38,repeat_random_model.py,"(1021, 9)",858,sequential_642,Dense 128 -> 32 -> 32 -> 128 -> 128 -> 32 -> 1,mse,adam_642,20,128,1.5008,47680.8984375,5587.09814453125,5359.267578125,0.2260959171783412,0.7
2026-09-04 15:06:40,repeat_random_model.py,"(1021, 9)",858,sequential_643,Dense 128 -> 32 -> 32 -> 128 -> 128 -> 16 -> 1,mse,adam_643,20,128,1.3569,38522.5390625,4898.30859375,4059.1298828125,0.41384208232807695,0.7
2026-09-04 15:06:42,repeat_random_model.py,"(1021, 9)",858,sequential_644,Dense 128 -> 32 -> 32 -> 128 -> 64 -> 128 -> 1,mse,adam_644,20,128,1.357,44188.15625,5318.27734375,5051.46728515625,0.2705437552475718,0.7
2026-09-04 15:06:43,repeat_random_model.py,"(1021, 9)",858,sequential_645,Dense 128 -> 32 -> 32 -> 128 -> 64 -> 64 -> 1,mse,adam_645,20,128,1.4007,43615.60546875,4820.22900390625,4445.1572265625,0.3580978475739379,0.7
2026-09-04 15:06:45,repeat_random_model.py,"(1021, 9)",858,sequential_646,Dense 128 -> 32 -> 32 -> 128 -> 64 -> 32 -> 1,mse,adam_646,20,128,1.3364,123292.15625,6143.388671875,5901.70361328125,0.14776552264615783,0.7
2026-09-04 15:06:46,repeat_random_model.py,"(1021, 9)",858,sequential_647,Dense 128 -> 32 -> 32 -> 128 -> 64 -> 16 -> 1,mse,adam_647,20,128,1.4108,44581.328125,5321.89306640625,5037.912109375,0.27250118666777734,0.7
2026-09-04 15:06:48,repeat_random_model.py,"(1021, 9)",858,sequential_648,Dense 128 -> 32 -> 32 -> 128 -> 32 -> 128 -> 1,mse,adam_648,20,128,1.3461,22427.923828125,4459.9404296875,3642.18896484375,0.47405033028791543,0.7
2026-09-04 15:06:50,repeat_random_model.py,"(1021, 9)",858,sequential_649,Dense 128 -> 32 -> 32 -> 128 -> 32 -> 64 -> 1,mse,adam_649,20,128,1.4316,56534.75,5854.20458984375,5603.3642578125,0.19084716797940837,0.7
2026-09-04 15:06:51,repeat_random_model.py,"(1021, 9)",858,sequential_650,Dense 128 -> 32 -> 32 -> 128 -> 32 -> 32 -> 1,mse,adam_650,20,128,1.3674,35142.48828125,5720.68603515625,5297.88623046875,0.23495964626243881,0.7
2026-09-04 15:06:53,repeat_random_model.py,"(1021, 9)",858,sequential_651,Dense 128 -> 32 -> 32 -> 128 -> 32 -> 16 -> 1,mse,adam_651,20,128,1.3957,66575.40625,5923.70166015625,5660.46533203125,0.182601554128895,0.7
2026-09-04 15:06:55,repeat_random_model.py,"(1021, 9)",858,sequential_652,Dense 128 -> 32 -> 32 -> 128 -> 16 -> 128 -> 1,mse,adam_652,20,128,1.4038,15632.3515625,5133.8623046875,4893.28466796875,0.29338606261551936,0.7
2026-09-04 15:06:56,repeat_random_model.py,"(1021, 9)",858,sequential_653,Dense 128 -> 32 -> 32 -> 128 -> 16 -> 64 -> 1,mse,adam_653,20,128,1.3803,11151.18359375,4499.73876953125,4089.968505859375,0.4093888302932662,0.7
2026-09-04 15:06:58,repeat_random_model.py,"(1021, 9)",858,sequential_654,Dense 128 -> 32 -> 32 -> 128 -> 16 -> 32 -> 1,mse,adam_654,20,128,1.3511,20975.181640625,4956.66748046875,4586.31689453125,0.33771371614400314,0.7
2026-09-04 15:06:59,repeat_random_model.py,"(1021, 9)",858,sequential_655,Dense 128 -> 32 -> 32 -> 128 -> 16 -> 16 -> 1,mse,adam_655,20,128,1.3342,18409.00390625,5620.26025390625,5155.41796875,0.2555328017067747,0.7
2026-09-04 15:07:01,repeat_random_model.py,"(1021, 9)",858,sequential_656,Dense 128 -> 32 -> 32 -> 64 -> 128 -> 128 -> 1,mse,adam_656,20,128,1.3616,72837.234375,5791.14990234375,5549.04833984375,0.19869069132220285,0.7
2026-09-04 15:07:03,repeat_random_model.py,"(1021, 9)",858,sequential_657,Dense 128 -> 32 -> 32 -> 64 -> 128 -> 64 -> 1,mse,adam_657,20,128,1.3393,82742.1171875,5405.423828125,5125.71826171875,0.25982153207459235,0.7
2026-09-04 15:07:04,repeat_random_model.py,"(1021, 9)",858,sequential_658,Dense 128 -> 32 -> 32 -> 64 -> 128 -> 32 -> 1,mse,adam_658,20,128,1.4325,51942.14453125,5439.0810546875,5286.6552734375,0.23658152717495406,0.7
2026-09-04 15:07:06,repeat_random_model.py,"(1021, 9)",858,sequential_659,Dense 128 -> 32 -> 32 -> 64 -> 128 -> 16 -> 1,mse,adam_659,20,128,1.3444,43444.4296875,5616.3671875,5333.66357421875,0.22979322346651887,0.7
2026-09-04 15:07:07,repeat_random_model.py,"(1021, 9)",858,sequential_660,Dense 128 -> 32 -> 32 -> 64 -> 64 -> 128 -> 1,mse,adam_660,20,128,1.3483,36301.66796875,5933.982421875,4532.40673828125,0.34549861168731466,0.7
2026-09-04 15:07:09,repeat_random_model.py,"(1021, 9)",858,sequential_661,Dense 128 -> 32 -> 32 -> 64 -> 64 -> 64 -> 1,mse,adam_661,20,128,1.651,30417.583984375,5252.84912109375,4947.41259765625,0.28556973450048084,0.7
2026-09-04 15:07:11,repeat_random_model.py,"(1021, 9)",858,sequential_662,Dense 128 -> 32 -> 32 -> 64 -> 64 -> 32 -> 1,mse,adam_662,20,128,1.332,24192.62890625,4707.70947265625,4427.80859375,0.36060307707921524,0.7
2026-09-04 15:07:12,repeat_random_model.py,"(1021, 9)",858,sequential_663,Dense 128 -> 32 -> 32 -> 64 -> 64 -> 16 -> 1,mse,adam_663,20,128,1.3951,91161.3984375,6165.5458984375,5891.00732421875,0.14931016809229036,0.7
2026-09-04 15:07:14,repeat_random_model.py,"(1021, 9)",858,sequential_664,Dense 128 -> 32 -> 32 -> 64 -> 32 -> 128 -> 1,mse,adam_664,20,128,1.5265,46574.2578125,5871.84716796875,5633.73876953125,0.18646104728858826,0.7
2026-09-04 15:07:16,repeat_random_model.py,"(1021, 9)",858,sequential_665,Dense 128 -> 32 -> 32 -> 64 -> 32 -> 64 -> 1,mse,adam_665,20,128,1.3877,51464.1171875,5756.70361328125,5469.1796875,0.2102240082089334,0.7
2026-09-04 15:07:18,repeat_random_model.py,"(1021, 9)",858,sequential_666,Dense 128 -> 32 -> 32 -> 64 -> 32 -> 32 -> 1,mse,adam_666,20,128,1.4792,23953.65234375,5215.76953125,5050.30859375,0.27071101180048474,0.7
2026-09-04 15:07:19,repeat_random_model.py,"(1021, 9)",858,sequential_667,Dense 128 -> 32 -> 32 -> 64 -> 32 -> 16 -> 1,mse,adam_667,20,128,1.3892,28058.556640625,5361.17529296875,5158.36279296875,0.25510741419953686,0.7
2026-09-04 15:07:21,repeat_random_model.py,"(1021, 9)",858,sequential_668,Dense 128 -> 32 -> 32 -> 64 -> 16 -> 128 -> 1,mse,adam_668,20,128,1.4038,16932.3359375,4470.2919921875,4615.859375,0.3334476147602151,0.7
2026-09-04 15:07:22,repeat_random_model.py,"(1021, 9)",858,sequential_669,Dense 128 -> 32 -> 32 -> 64 -> 16 -> 64 -> 1,mse,adam_669,20,128,1.3538,37399.26171875,6048.4921875,5753.4716796875,0.16917096485096217,0.7
2026-09-04 15:07:24,repeat_random_model.py,"(1021, 9)",858,sequential_670,Dense 128 -> 32 -> 32 -> 64 -> 16 -> 32 -> 1,mse,adam_670,20,128,1.6415,32416.05078125,5808.1416015625,5599.9365234375,0.19134224438217518,0.7
2026-09-04 15:07:26,repeat_random_model.py,"(1021, 9)",858,sequential_671,Dense 128 -> 32 -> 32 -> 64 -> 16 -> 16 -> 1,mse,adam_671,20,128,1.5045,13582.5625,4983.84619140625,4442.76806640625,0.3584428103766455,0.7
2026-09-04 15:07:28,repeat_random_model.py,"(1021, 9)",858,sequential_672,Dense 128 -> 32 -> 32 -> 32 -> 128 -> 128 -> 1,mse,adam_672,20,128,1.4097,33080.5,4733.43408203125,4355.93359375,0.37098216671272777,0.7
2026-09-04 15:07:29,repeat_random_model.py,"(1021, 9)",858,sequential_673,Dense 128 -> 32 -> 32 -> 32 -> 128 -> 64 -> 1,mse,adam_673,20,128,1.3299,50789.1328125,5739.9765625,5503.830078125,0.2052204196267957,0.7
2026-09-04 15:07:31,repeat_random_model.py,"(1021, 9)",858,sequential_674,Dense 128 -> 32 -> 32 -> 32 -> 128 -> 32 -> 1,mse,adam_674,20,128,1.3325,33594.5390625,4405.052734375,4175.23193359375,0.3970763671396873,0.7
2026-09-04 15:07:38,repeat_random_model.py,"(1021, 9)",858,sequential_675,Dense 128 -> 32 -> 32 -> 32 -> 128 -> 16 -> 1,mse,adam_675,20,128,7.5189,53299.36328125,5745.4208984375,5364.72607421875,0.22530774323406377,0.7
2026-09-04 15:07:40,repeat_random_model.py,"(1021, 9)",858,sequential_676,Dense 128 -> 32 -> 32 -> 32 -> 64 -> 128 -> 1,mse,adam_676,20,128,1.4336,21699.205078125,5002.0146484375,4503.92333984375,0.3496117041676503,0.7
2026-09-04 15:07:42,repeat_random_model.py,"(1021, 9)",858,sequential_677,Dense 128 -> 32 -> 32 -> 32 -> 64 -> 64 -> 1,mse,adam_677,20,128,1.3551,61666.125,5480.44677734375,5198.70703125,0.249281572480324,0.7
2026-09-04 15:07:43,repeat_random_model.py,"(1021, 9)",858,sequential_678,Dense 128 -> 32 -> 32 -> 32 -> 64 -> 32 -> 1,mse,adam_678,20,128,1.3596,14197.2802734375,3993.367919921875,4647.41748046875,0.3288905349158854,0.7
2026-09-04 15:07:45,repeat_random_model.py,"(1021, 9)",858,sequential_679,Dense 128 -> 32 -> 32 -> 32 -> 64 -> 16 -> 1,mse,adam_679,20,128,1.4149,33858.4296875,5236.53076171875,5035.9052734375,0.27279098268956603,0.7
2026-09-04 15:07:47,repeat_random_model.py,"(1021, 9)",858,sequential_680,Dense 128 -> 32 -> 32 -> 32 -> 32 -> 128 -> 1,mse,adam_680,20,128,1.4788,19778.39453125,5066.52392578125,4839.79443359375,0.30111035707607026,0.7
2026-09-04 15:07:48,repeat_random_model.py,"(1021, 9)",858,sequential_681,Dense 128 -> 32 -> 32 -> 32 -> 32 -> 64 -> 1,mse,adam_681,20,128,1.3331,14175.083984375,4500.1201171875,3816.55419921875,0.4488711795088417,0.7
2026-09-04 15:07:50,repeat_random_model.py,"(1021, 9)",858,sequential_682,Dense 128 -> 32 -> 32 -> 32 -> 32 -> 32 -> 1,mse,adam_682,20,128,1.3817,65834.546875,6103.86376953125,5886.3642578125,0.14998064426381041,0.7
2026-09-04 15:07:52,repeat_random_model.py,"(1021, 9)",858,sequential_683,Dense 128 -> 32 -> 32 -> 32 -> 32 -> 16 -> 1,mse,adam_683,20,128,1.3566,22010.1796875,5975.17822265625,5434.44580078125,0.2152399036266177,0.7
2026-09-04 15:07:53,repeat_random_model.py,"(1021, 9)",858,sequential_684,Dense 128 -> 32 -> 32 -> 32 -> 16 -> 128 -> 1,mse,adam_684,20,128,1.3679,10179.7666015625,3841.88916015625,3248.82080078125,0.5308546050653187,0.7
2026-09-04 15:07:55,repeat_random_model.py,"(1021, 9)",858,sequential_685,Dense 128 -> 32 -> 32 -> 32 -> 16 -> 64 -> 1,mse,adam_685,20,128,1.3551,13565.92578125,4192.75244140625,4057.672119140625,0.41405260256796894,0.7
2026-09-04 15:07:56,repeat_random_model.py,"(1021, 9)",858,sequential_686,Dense 128 -> 32 -> 32 -> 32 -> 16 -> 32 -> 1,mse,adam_686,20,128,1.3672,11174.9990234375,4567.03662109375,4079.437744140625,0.4109095671867835,0.7
2026-09-04 15:07:58,repeat_random_model.py,"(1021, 9)",858,sequential_687,Dense 128 -> 32 -> 32 -> 32 -> 16 -> 16 -> 1,mse,adam_687,20,128,1.341,212876.65625,6207.10400390625,6014.10595703125,0.1315340972117658,0.7
2026-09-04 15:08:00,repeat_random_model.py,"(1021, 9)",858,sequential_688,Dense 128 -> 32 -> 32 -> 16 -> 128 -> 128 -> 1,mse,adam_688,20,128,1.4253,35270.640625,5547.5439453125,5006.6611328125,0.27701395981282806,0.7
2026-09-04 15:08:01,repeat_random_model.py,"(1021, 9)",858,sequential_689,Dense 128 -> 32 -> 32 -> 16 -> 128 -> 64 -> 1,mse,adam_689,20,128,1.3913,27401.16796875,5804.49560546875,5026.98583984375,0.27407901247566224,0.7
2026-09-04 15:08:03,repeat_random_model.py,"(1021, 9)",858,sequential_690,Dense 128 -> 32 -> 32 -> 16 -> 128 -> 32 -> 1,mse,adam_690,20,128,1.3517,22556.111328125,5443.875,5171.77001953125,0.25317151158325923,0.7
2026-09-04 15:08:04,repeat_random_model.py,"(1021, 9)",858,sequential_691,Dense 128 -> 32 -> 32 -> 16 -> 128 -> 16 -> 1,mse,adam_691,20,128,1.3536,101148.640625,6163.376953125,5859.94384765625,0.15379585274252705,0.7
2026-09-04 15:08:06,repeat_random_model.py,"(1021, 9)",858,sequential_692,Dense 128 -> 32 -> 32 -> 16 -> 64 -> 128 -> 1,mse,adam_692,20,128,1.3866,34439.1484375,5782.6943359375,5508.11181640625,0.2046020930633109,0.7
2026-09-04 15:08:08,repeat_random_model.py,"(1021, 9)",858,sequential_693,Dense 128 -> 32 -> 32 -> 16 -> 64 -> 64 -> 1,mse,adam_693,20,128,1.3605,9948.5419921875,3583.1416015625,3022.653076171875,0.5635142952669985,0.7
2026-09-04 15:08:09,repeat_random_model.py,"(1021, 9)",858,sequential_694,Dense 128 -> 32 -> 32 -> 16 -> 64 -> 32 -> 1,mse,adam_694,20,128,1.3645,16690.953125,4057.6494140625,3641.80419921875,0.47410588257583797,0.7
2026-09-04 15:08:11,repeat_random_model.py,"(1021, 9)",858,sequential_695,Dense 128 -> 32 -> 32 -> 16 -> 64 -> 16 -> 1,mse,adam_695,20,128,1.3948,76369.0859375,5948.47265625,5658.734375,0.1828513183608479,0.7
2026-09-04 15:08:12,repeat_random_model.py,"(1021, 9)",858,sequential_696,Dense 128 -> 32 -> 32 -> 16 -> 32 -> 128 -> 1,mse,adam_696,20,128,1.3618,15743.1923828125,5711.05615234375,5578.84130859375,0.19438837503195772,0.7
2026-09-04 15:08:14,repeat_random_model.py,"(1021, 9)",858,sequential_697,Dense 128 -> 32 -> 32 -> 16 -> 32 -> 64 -> 1,mse,adam_697,20,128,1.3609,10241.6064453125,4077.107421875,4064.807373046875,0.4130222323052952,0.7
2026-09-04 15:08:16,repeat_random_model.py,"(1021, 9)",858,sequential_698,Dense 128 -> 32 -> 32 -> 16 -> 32 -> 32 -> 1,mse,adam_698,20,128,1.4216,22383.90234375,5254.32666015625,5214.33349609375,0.2470250620919674,0.7
2026-09-04 15:08:17,repeat_random_model.py,"(1021, 9)",858,sequential_699,Dense 128 -> 32 -> 32 -> 16 -> 32 -> 16 -> 1,mse,adam_699,20,128,1.3272,27452.494140625,5511.51025390625,5314.06689453125,0.23262303583844057,0.7
2026-09-04 15:08:19,repeat_random_model.py,"(1021, 9)",858,sequential_700,Dense 128 -> 32 -> 32 -> 16 -> 16 -> 128 -> 1,mse,adam_700,20,128,1.4092,20762.314453125,5644.4375,6146.994140625,0.1123444405311369,0.7
2026-09-04 15:08:21,repeat_random_model.py,"(1021, 9)",858,sequential_701,Dense 128 -> 32 -> 32 -> 16 -> 16 -> 64 -> 1,mse,adam_701,20,128,1.4579,14524.771484375,5208.0615234375,5075.35546875,0.2670941133098781,0.7
2026-09-04 15:08:22,repeat_random_model.py,"(1021, 9)",858,sequential_702,Dense 128 -> 32 -> 32 -> 16 -> 16 -> 32 -> 1,mse,adam_702,20,128,1.3327,19806.021484375,5052.3330078125,4914.95068359375,0.2902573733201991,0.7
2026-09-04 15:08:24,repeat_random_model.py,"(1021, 9)",858,sequential_703,Dense 128 -> 32 -> 32 -> 16 -> 16 -> 16 -> 1,mse,adam_703,20,128,1.4989,20568.3046875,5072.4658203125,4828.060546875,0.30280482789710916,0.7
2026-09-04 15:08:26,repeat_random_model.py,"(1021, 9)",858,sequential_704,Dense 128 -> 32 -> 16 -> 128 -> 128 -> 128 -> 1,mse,adam_704,20,128,1.4506,57750.9140625,5898.7958984375,5770.50537109375,0.16671108485255504,0.7
2026-09-04 15:08:27,repeat_random_model.py,"(1021, 9)",858,sequential_705,Dense 128 -> 32 -> 16 -> 128 -> 128 -> 64 -> 1,mse,adam_705,20,128,1.3989,49028.67578125,5580.0302734375,5399.67236328125,0.22026121508938545,0.7
2026-09-04 15:08:29,repeat_random_model.py,"(1021, 9)",858,sequential_706,Dense 128 -> 32 -> 16 -> 128 -> 128 -> 32 -> 1,mse,adam_706,20,128,1.3429,28034.93359375,3955.122314453125,3871.14501953125,0.44098800115800296,0.7
2026-09-04 15:08:31,repeat_random_model.py,"(1021, 9)",858,sequential_707,Dense 128 -> 32 -> 16 -> 128 -> 128 -> 16 -> 1,mse,adam_707,20,128,1.5083,26773.09765625,3979.186279296875,3398.562255859375,0.5092311945479204,0.7
2026-09-04 15:08:32,repeat_random_model.py,"(1021, 9)",858,sequential_708,Dense 128 -> 32 -> 16 -> 128 -> 64 -> 128 -> 1,mse,adam_708,20,128,1.3534,22591.427734375,4728.8134765625,4340.80712890625,0.37316654053522946,0.7
2026-09-04 15:08:34,repeat_random_model.py,"(1021, 9)",858,sequential_709,Dense 128 -> 32 -> 16 -> 128 -> 64 -> 64 -> 1,mse,adam_709,20,128,1.3996,13147.5576171875,3031.3857421875,3092.298583984375,0.5534571325990567,0.7
2026-09-04 15:08:36,repeat_random_model.py,"(1021, 9)",858,sequential_710,Dense 128 -> 32 -> 16 -> 128 -> 64 -> 32 -> 1,mse,adam_710,20,128,1.457,42435.05078125,5226.49169921875,4994.248046875,0.27880650720481415,0.7
2026-09-04 15:08:43,repeat_random_model.py,"(1021, 9)",858,sequential_711,Dense 128 -> 32 -> 16 -> 128 -> 64 -> 16 -> 1,mse,adam_711,20,128,6.3641,14952.732421875,5776.98388671875,4513.27099609375,0.3482618502980188,0.7
2026-09-04 15:08:53,repeat_random_model.py,"(1021, 9)",858,sequential_712,Dense 128 -> 32 -> 16 -> 128 -> 32 -> 128 -> 1,mse,adam_712,20,128,8.795,25301.17578125,5299.47509765625,5021.3310546875,0.27489560620822084,0.7
2026-09-04 15:09:04,repeat_random_model.py,"(1021, 9)",858,sequential_713,Dense 128 -> 32 -> 16 -> 128 -> 32 -> 64 -> 1,mse,adam_713,20,128,9.7114,23308.720703125,4991.22119140625,4419.53125,0.36179836383764985,0.7
2026-09-04 15:09:15,repeat_random_model.py,"(1021, 9)",858,sequential_714,Dense 128 -> 32 -> 16 -> 128 -> 32 -> 32 -> 1,mse,adam_714,20,128,9.7339,9601.0361328125,4184.31005859375,3372.8212890625,0.5129482828525125,0.7
2026-09-04 15:09:23,repeat_random_model.py,"(1021, 9)",858,sequential_715,Dense 128 -> 32 -> 16 -> 128 -> 32 -> 16 -> 1,mse,adam_715,20,128,7.5046,11863.4951171875,4048.83203125,3801.9033203125,0.4509868268459938,0.7
2026-09-04 15:09:30,repeat_random_model.py,"(1021, 9)",858,sequential_716,Dense 128 -> 32 -> 16 -> 128 -> 16 -> 128 -> 1,mse,adam_716,20,128,5.9749,13022.654296875,4749.3828125,4039.40771484375,0.41669006578693046,0.7
2026-09-04 15:09:40,repeat_random_model.py,"(1021, 9)",858,sequential_717,Dense 128 -> 32 -> 16 -> 128 -> 16 -> 64 -> 1,mse,adam_717,20,128,9.2854,17735.095703125,4988.61376953125,5057.47216796875,0.2696766364823081,0.7
2026-09-04 15:09:52,repeat_random_model.py,"(1021, 9)",858,sequential_718,Dense 128 -> 32 -> 16 -> 128 -> 16 -> 32 -> 1,mse,adam_718,20,128,9.7908,19554.81640625,5272.81005859375,5003.18359375,0.2775161078196341,0.7
2026-09-04 15:10:02,repeat_random_model.py,"(1021, 9)",858,sequential_719,Dense 128 -> 32 -> 16 -> 128 -> 16 -> 16 -> 1,mse,adam_719,20,128,9.1579,32040.88671875,5077.83642578125,5359.52587890625,0.22605868078864277,0.7
2026-09-04 15:10:14,repeat_random_model.py,"(1021, 9)",858,sequential_720,Dense 128 -> 32 -> 16 -> 64 -> 128 -> 128 -> 1,mse,adam_720,20,128,10.1663,36015.20703125,4481.9970703125,3731.33642578125,0.46117704727509734,0.7
2026-09-04 15:10:25,repeat_random_model.py,"(1021, 9)",858,sequential_721,Dense 128 -> 32 -> 16 -> 64 -> 128 -> 64 -> 1,mse,adam_721,20,128,9.975,35794.515625,4894.8564453125,4547.3544921875,0.34334006855002086,0.7
2026-09-04 15:10:34,repeat_random_model.py,"(1021, 9)",858,sequential_722,Dense 128 -> 32 -> 16 -> 64 -> 128 -> 32 -> 1,mse,adam_722,20,128,7.8149,70911.1015625,5721.3095703125,5563.83642578125,0.19655517473052841,0.7
2026-09-04 15:10:45,repeat_random_model.py,"(1021, 9)",858,sequential_723,Dense 128 -> 32 -> 16 -> 64 -> 128 -> 16 -> 1,mse,adam_723,20,128,9.6583,13448.875,4261.6982421875,5979.74755859375,0.13649558078510982,0.7
2026-09-04 15:10:56,repeat_random_model.py,"(1021, 9)",858,sequential_724,Dense 128 -> 32 -> 16 -> 64 -> 64 -> 128 -> 1,mse,adam_724,20,128,10.1049,30402.25,4442.0458984375,3992.209228515625,0.4235057860036747,0.7
2026-09-04 15:11:07,repeat_random_model.py,"(1021, 9)",858,sequential_725,Dense 128 -> 32 -> 16 -> 64 -> 64 -> 64 -> 1,mse,adam_725,20,128,9.4767,24339.466796875,5051.18310546875,4578.51171875,0.3388408860713793,0.7
2026-09-04 15:11:17,repeat_random_model.py,"(1021, 9)",858,sequential_726,Dense 128 -> 32 -> 16 -> 64 -> 64 -> 32 -> 1,mse,adam_726,20,128,9.585,15736.333984375,4431.3701171875,3651.083251953125,0.47276594816327555,0.7
2026-09-04 15:11:28,repeat_random_model.py,"(1021, 9)",858,sequential_727,Dense 128 -> 32 -> 16 -> 64 -> 64 -> 16 -> 1,mse,adam_727,20,128,9.7857,21208.494140625,4095.12548828125,4937.7626953125,0.286963246642735,0.7
2026-09-04 15:11:39,repeat_random_model.py,"(1021, 9)",858,sequential_728,Dense 128 -> 32 -> 16 -> 64 -> 32 -> 128 -> 1,mse,adam_728,20,128,9.3356,26483.802734375,4542.53759765625,4101.16357421875,0.4077721361863488,0.7
2026-09-04 15:11:48,repeat_random_model.py,"(1021, 9)",858,sequential_729,Dense 128 -> 32 -> 16 -> 64 -> 32 -> 64 -> 1,mse,adam_729,20,128,7.6787,29984.6171875,6004.95947265625,5746.35546875,0.17019854951102042,0.7
2026-09-04 15:11:54,repeat_random_model.py,"(1021, 9)",858,sequential_730,Dense 128 -> 32 -> 16 -> 64 -> 32 -> 32 -> 1,mse,adam_730,20,128,5.6033,35243.015625,5808.43603515625,5540.80859375,0.19988041811090418,0.7
2026-09-04 15:12:02,repeat_random_model.py,"(1021, 9)",858,sequential_731,Dense 128 -> 32 -> 16 -> 64 -> 32 -> 16 -> 1,mse,adam_731,20,128,6.0595,182557.171875,6353.75537109375,6058.9052734375,0.125064839004141,0.7
2026-09-04 15:12:14,repeat_random_model.py,"(1021, 9)",858,sequential_732,Dense 128 -> 32 -> 16 -> 64 -> 16 -> 128 -> 1,mse,adam_732,20,128,11.0425,10472.1953125,3963.010986328125,3513.53515625,0.4926285840579059,0.7
2026-09-04 15:12:24,repeat_random_model.py,"(1021, 9)",858,sequential_733,Dense 128 -> 32 -> 16 -> 64 -> 16 -> 64 -> 1,mse,adam_733,20,128,9.1651,14031.6376953125,5325.45947265625,5101.19384765625,0.26336296594110387,0.7
2026-09-04 15:12:36,repeat_random_model.py,"(1021, 9)",858,sequential_734,Dense 128 -> 32 -> 16 -> 64 -> 16 -> 32 -> 1,mse,adam_734,20,128,10.1272,15847.7451171875,5257.00732421875,5494.60009765625,0.20655334071359255,0.7
2026-09-04 15:12:46,repeat_random_model.py,"(1021, 9)",858,sequential_735,Dense 128 -> 32 -> 16 -> 64 -> 16 -> 16 -> 1,mse,adam_735,20,128,8.8656,15751.0927734375,4631.9794921875,4116.15771484375,0.4056069419014474,0.7
2026-09-04 15:12:59,repeat_random_model.py,"(1021, 9)",858,sequential_736,Dense 128 -> 32 -> 16 -> 32 -> 128 -> 128 -> 1,mse,adam_736,20,128,11.3097,41692.875,5207.7294921875,5191.59033203125,0.2503093820493818,0.7
2026-09-04 15:13:08,repeat_random_model.py,"(1021, 9)",858,sequential_737,Dense 128 -> 32 -> 16 -> 32 -> 128 -> 64 -> 1,mse,adam_737,20,128,8.4221,28386.517578125,4720.39501953125,4423.91943359375,0.3611646755905681,0.7
2026-09-04 15:13:17,repeat_random_model.py,"(1021, 9)",858,sequential_738,Dense 128 -> 32 -> 16 -> 32 -> 128 -> 32 -> 1,mse,adam_738,20,128,7.7024,32934.80859375,5522.4755859375,5395.98583984375,0.2207936951454067,0.7
2026-09-04 15:13:24,repeat_random_model.py,"(1021, 9)",858,sequential_739,Dense 128 -> 32 -> 16 -> 32 -> 128 -> 16 -> 1,mse,adam_739,20,128,5.4478,35430.30078125,5534.7548828125,5139.185546875,0.25787682327627004,0.7
2026-09-04 15:13:30,repeat_random_model.py,"(1021, 9)",858,sequential_740,Dense 128 -> 32 -> 16 -> 32 -> 64 -> 128 -> 1,mse,adam_740,20,128,5.7999,26941.65234375,5515.8994140625,5320.3984375,0.2317087928610274,0.7
2026-09-04 15:13:37,repeat_random_model.py,"(1021, 9)",858,sequential_741,Dense 128 -> 32 -> 16 -> 32 -> 64 -> 64 -> 1,mse,adam_741,20,128,5.7887,58472.21484375,5538.0048828125,5338.67529296875,0.22906957266682904,0.7
2026-09-04 15:13:47,repeat_random_model.py,"(1021, 9)",858,sequential_742,Dense 128 -> 32 -> 16 -> 32 -> 64 -> 32 -> 1,mse,adam_742,20,128,8.2698,29941.966796875,5707.2080078125,5471.7001953125,0.20986007548753816,0.7
2026-09-04 15:13:58,repeat_random_model.py,"(1021, 9)",858,sequential_743,Dense 128 -> 32 -> 16 -> 32 -> 64 -> 16 -> 1,mse,adam_743,20,128,10.5094,21791.541015625,4354.7421875,5087.38818359375,0.2653566836598418,0.7
2026-09-04 15:14:11,repeat_random_model.py,"(1021, 9)",858,sequential_744,Dense 128 -> 32 -> 16 -> 32 -> 32 -> 128 -> 1,mse,adam_744,20,128,10.9093,20867.13671875,5860.4052734375,5543.59814453125,0.1994776241951991,0.7
2026-09-04 15:14:14,repeat_random_model.py,"(1021, 9)",858,sequential_745,Dense 128 -> 32 -> 16 -> 32 -> 32 -> 64 -> 1,mse,adam_745,20,128,2.6199,38131.0234375,5883.90185546875,5678.14794921875,0.18004799874684818,0.7
2026-09-04 15:14:15,repeat_random_model.py,"(1021, 9)",858,sequential_746,Dense 128 -> 32 -> 16 -> 32 -> 32 -> 32 -> 1,mse,adam_746,20,128,1.4033,33170.03515625,5574.8935546875,5559.67236328125,0.1971565223642292,0.7
2026-09-04 15:14:17,repeat_random_model.py,"(1021, 9)",858,sequential_747,Dense 128 -> 32 -> 16 -> 32 -> 32 -> 16 -> 1,mse,adam_747,20,128,1.4274,52984.05859375,5330.8271484375,5090.609375,0.26489137424346876,0.7
2026-09-04 15:14:18,repeat_random_model.py,"(1021, 9)",858,sequential_748,Dense 128 -> 32 -> 16 -> 32 -> 16 -> 128 -> 1,mse,adam_748,20,128,1.4042,20816.486328125,5322.85400390625,5120.57568359375,0.2605640647868499,0.7
2026-09-04 15:14:20,repeat_random_model.py,"(1021, 9)",858,sequential_749,Dense 128 -> 32 -> 16 -> 32 -> 16 -> 64 -> 1,mse,adam_749,20,128,1.4728,12488.712890625,5252.15234375,5012.41259765625,0.27618340974355493,0.7
2026-09-04 15:14:22,repeat_random_model.py,"(1021, 9)",858,sequential_750,Dense 128 -> 32 -> 16 -> 32 -> 16 -> 32 -> 1,mse,adam_750,20,128,1.4254,22654.36328125,6092.6650390625,5217.197265625,0.24661152050101987,0.7
2026-09-04 15:14:23,repeat_random_model.py,"(1021, 9)",858,sequential_751,Dense 128 -> 32 -> 16 -> 32 -> 16 -> 16 -> 1,mse,adam_751,20,128,1.3089,30986.423828125,5522.17041015625,5413.02978515625,0.21833241234732914,0.7
2026-09-04 15:14:25,repeat_random_model.py,"(1021, 9)",858,sequential_752,Dense 128 -> 32 -> 16 -> 16 -> 128 -> 128 -> 1,mse,adam_752,20,128,1.4177,13985.111328125,3491.1591796875,3157.921142578125,0.5439809107403933,0.7
2026-09-04 15:14:27,repeat_random_model.py,"(1021, 9)",858,sequential_753,Dense 128 -> 32 -> 16 -> 16 -> 128 -> 64 -> 1,mse,adam_753,20,128,1.5588,16396.87109375,4264.01611328125,4210.2939453125,0.3920132831326518,0.7
2026-09-04 15:14:29,repeat_random_model.py,"(1021, 9)",858,sequential_754,Dense 128 -> 32 -> 16 -> 16 -> 128 -> 32 -> 1,mse,adam_754,20,128,1.5196,10005.3486328125,3841.36279296875,3591.9375,0.4813068974315645,0.7
2026-09-04 15:14:30,repeat_random_model.py,"(1021, 9)",858,sequential_755,Dense 128 -> 32 -> 16 -> 16 -> 128 -> 16 -> 1,mse,adam_755,20,128,1.3808,162356.65625,5718.09228515625,5485.90966796875,0.20780804029006839,0.7
2026-09-04 15:14:32,repeat_random_model.py,"(1021, 9)",858,sequential_756,Dense 128 -> 32 -> 16 -> 16 -> 64 -> 128 -> 1,mse,adam_756,20,128,1.3627,22177.841796875,5841.462890625,6733.953125,0.027584692966468927,0.7
2026-09-04 15:14:34,repeat_random_model.py,"(1021, 9)",858,sequential_757,Dense 128 -> 32 -> 16 -> 16 -> 64 -> 64 -> 1,mse,adam_757,20,128,1.4838,18796.681640625,4846.05419921875,4469.87890625,0.3545279290072435,0.7
2026-09-04 15:14:35,repeat_random_model.py,"(1021, 9)",858,sequential_758,Dense 128 -> 32 -> 16 -> 16 -> 64 -> 32 -> 1,mse,adam_758,20,128,1.3444,10275.08203125,3604.65234375,3540.08984375,0.4887939727432161,0.7
2026-09-04 15:14:37,repeat_random_model.py,"(1021, 9)",858,sequential_759,Dense 128 -> 32 -> 16 -> 16 -> 64 -> 16 -> 1,mse,adam_759,20,128,1.4173,17556.13671875,5365.48486328125,5095.880859375,0.2641303158167865,0.7
2026-09-04 15:14:38,repeat_random_model.py,"(1021, 9)",858,sequential_760,Dense 128 -> 32 -> 16 -> 16 -> 32 -> 128 -> 1,mse,adam_760,20,128,1.4032,12963.5439453125,5188.9140625,4839.64990234375,0.3011311226773171,0.7
2026-09-04 15:14:40,repeat_random_model.py,"(1021, 9)",858,sequential_761,Dense 128 -> 32 -> 16 -> 16 -> 32 -> 64 -> 1,mse,adam_761,20,128,1.4515,16022.927734375,4960.2783203125,4518.49560546875,0.34750740178648387,0.7
2026-09-04 15:14:42,repeat_random_model.py,"(1021, 9)",858,sequential_762,Dense 128 -> 32 -> 16 -> 16 -> 32 -> 32 -> 1,mse,adam_762,20,128,1.4,19459.30859375,5217.19482421875,4949.46484375,0.2852733858336578,0.7
2026-09-04 15:14:43,repeat_random_model.py,"(1021, 9)",858,sequential_763,Dense 128 -> 32 -> 16 -> 16 -> 32 -> 16 -> 1,mse,adam_763,20,128,1.3489,117201.84375,6294.0341796875,5981.32763671875,0.13626755882136066,0.7
2026-09-04 15:14:45,repeat_random_model.py,"(1021, 9)",858,sequential_764,Dense 128 -> 32 -> 16 -> 16 -> 16 -> 128 -> 1,mse,adam_764,20,128,1.3929,13451.0361328125,3789.48974609375,3546.018310546875,0.48793783642959443,0.7
2026-09-04 15:14:46,repeat_random_model.py,"(1021, 9)",858,sequential_765,Dense 128 -> 32 -> 16 -> 16 -> 16 -> 64 -> 1,mse,adam_765,20,128,1.3605,30644.787109375,5838.60888671875,5580.818359375,0.19410289785616897,0.7
2026-09-04 15:14:48,repeat_random_model.py,"(1021, 9)",858,sequential_766,Dense 128 -> 32 -> 16 -> 16 -> 16 -> 32 -> 1,mse,adam_766,20,128,1.4052,74807.171875,5756.251953125,5497.8017578125,0.20609098713852414,0.7
2026-09-04 15:14:50,repeat_random_model.py,"(1021, 9)",858,sequential_767,Dense 128 -> 32 -> 16 -> 16 -> 16 -> 16 -> 1,mse,adam_767,20,128,1.3224,253069.703125,5973.16796875,5690.96337890625,0.17819742710485897,0.7
2026-09-04 15:14:51,repeat_random_model.py,"(1021, 9)",858,sequential_768,Dense 128 -> 16 -> 128 -> 128 -> 128 -> 128 -> 1,mse,adam_768,20,128,1.3641,110865.8359375,5992.53564453125,5853.0439453125,0.15479227965926246,0.7
2026-09-04 15:14:53,repeat_random_model.py,"(1021, 9)",858,sequential_769,Dense 128 -> 16 -> 128 -> 128 -> 128 -> 64 -> 1,mse,adam_769,20,128,1.3991,62904.98828125,5670.87255859375,5350.81494140625,0.22731645009028978,0.7
2026-09-04 15:14:55,repeat_random_model.py,"(1021, 9)",858,sequential_770,Dense 128 -> 16 -> 128 -> 128 -> 128 -> 32 -> 1,mse,adam_770,20,128,1.3884,26162.62109375,4261.05712890625,3733.3330078125,0.46088868459319365,0.7
2026-09-04 15:14:56,repeat_random_model.py,"(1021, 9)",858,sequential_771,Dense 128 -> 16 -> 128 -> 128 -> 128 -> 16 -> 1,mse,adam_771,20,128,1.5078,74404.890625,4945.1494140625,4759.5107421875,0.31270369973337353,0.7
2026-09-04 15:14:58,repeat_random_model.py,"(1021, 9)",858,sequential_772,Dense 128 -> 16 -> 128 -> 128 -> 64 -> 128 -> 1,mse,adam_772,20,128,1.4806,78447.5859375,6134.06005859375,5754.20556640625,0.16906501908018745,0.7
2026-09-04 15:15:00,repeat_random_model.py,"(1021, 9)",858,sequential_773,Dense 128 -> 16 -> 128 -> 128 -> 64 -> 64 -> 1,mse,adam_773,20,128,1.3588,57626.29296875,5608.94384765625,5354.18994140625,0.2268290100326552,0.7
2026-09-04 15:15:01,repeat_random_model.py,"(1021, 9)",858,sequential_774,Dense 128 -> 16 -> 128 -> 128 -> 64 -> 32 -> 1,mse,adam_774,20,128,1.4387,44389.96875,5079.91455078125,4977.037109375,0.281291840651841,0.7
2026-09-04 15:15:03,repeat_random_model.py,"(1021, 9)",858,sequential_775,Dense 128 -> 16 -> 128 -> 128 -> 64 -> 16 -> 1,mse,adam_775,20,128,1.3591,51146.9296875,4945.650390625,4622.5703125,0.3324785344759421,0.7
2026-09-04 15:15:05,repeat_random_model.py,"(1021, 9)",858,sequential_776,Dense 128 -> 16 -> 128 -> 128 -> 32 -> 128 -> 1,mse,adam_776,20,128,1.3665,27581.1640625,4899.43115234375,4764.85888671875,0.31193139210402465,0.7
2026-09-04 15:15:06,repeat_random_model.py,"(1021, 9)",858,sequential_777,Dense 128 -> 16 -> 128 -> 128 -> 32 -> 64 -> 1,mse,adam_777,20,128,1.5078,51552.515625,5582.0615234375,5357.31884765625,0.22637728978523097,0.7
2026-09-04 15:15:08,repeat_random_model.py,"(1021, 9)",858,sequential_778,Dense 128 -> 16 -> 128 -> 128 -> 32 -> 32 -> 1,mse,adam_778,20,128,1.3438,30961.18359375,4146.16015625,3802.060791015625,0.4509640905244455,0.7
2026-09-04 15:15:09,repeat_random_model.py,"(1021, 9)",858,sequential_779,Dense 128 -> 16 -> 128 -> 128 -> 32 -> 16 -> 1,mse,adam_779,20,128,1.4274,72874.5390625,6095.89599609375,5786.1005859375,0.1644592203393762,0.7
2026-09-04 15:15:11,repeat_random_model.py,"(1021, 9)",858,sequential_780,Dense 128 -> 16 -> 128 -> 128 -> 16 -> 128 -> 1,mse,adam_780,20,128,1.3916,12928.583984375,3262.979248046875,3292.02490234375,0.5246157560600258,0.7
2026-09-04 15:15:13,repeat_random_model.py,"(1021, 9)",858,sequential_781,Dense 128 -> 16 -> 128 -> 128 -> 16 -> 64 -> 1,mse,adam_781,20,128,1.3816,13049.0556640625,3843.899169921875,3999.822265625,0.42240640072383484,0.7
2026-09-04 15:15:14,repeat_random_model.py,"(1021, 9)",858,sequential_782,Dense 128 -> 16 -> 128 -> 128 -> 16 -> 32 -> 1,mse,adam_782,20,128,1.4604,21240.716796875,4846.93408203125,4453.2041015625,0.3569357864461802,0.7
2026-09-04 15:15:16,repeat_random_model.py,"(1021, 9)",858,sequential_783,Dense 128 -> 16 -> 128 -> 128 -> 16 -> 16 -> 1,mse,adam_783,20,128,1.3433,21153.544921875,4285.52783203125,3824.4677734375,0.4477283664115401,0.7
2026-09-04 15:15:18,repeat_random_model.py,"(1021, 9)",858,sequential_784,Dense 128 -> 16 -> 128 -> 64 -> 128 -> 128 -> 1,mse,adam_784,20,128,1.4213,18713.43359375,3560.97314453125,3134.7939453125,0.5473206288600727,0.7
2026-09-04 15:15:19,repeat_random_model.py,"(1021, 9)",858,sequential_785,Dense 128 -> 16 -> 128 -> 64 -> 128 -> 64 -> 1,mse,adam_785,20,128,1.5874,19444.130859375,4587.5498046875,4088.910400390625,0.40954156814796483,0.7
2026-09-04 15:15:21,repeat_random_model.py,"(1021, 9)",858,sequential_786,Dense 128 -> 16 -> 128 -> 64 -> 128 -> 32 -> 1,mse,adam_786,20,128,1.4065,37423.46875,4433.44482421875,4134.11474609375,0.403013907565945,0.7
2026-09-04 15:15:33,repeat_random_model.py,"(1021, 9)",858,sequential_787,Dense 128 -> 16 -> 128 -> 64 -> 128 -> 16 -> 1,mse,adam_787,20,128,10.4616,21909.140625,3612.1328125,3260.947021484375,0.5291035114352118,0.7
2026-09-04 15:15:44,repeat_random_model.py,"(1021, 9)",858,sequential_788,Dense 128 -> 16 -> 128 -> 64 -> 64 -> 128 -> 1,mse,adam_788,20,128,9.2173,47832.12109375,5266.9296875,5025.9404296875,0.27422986753810874,0.7
2026-09-04 15:15:52,repeat_random_model.py,"(1021, 9)",858,sequential_789,Dense 128 -> 16 -> 128 -> 64 -> 64 -> 64 -> 1,mse,adam_789,20,128,7.5145,31030.068359375,4673.09765625,4293.18798828125,0.380042974579746,0.7
2026-09-04 15:15:54,repeat_random_model.py,"(1021, 9)",858,sequential_790,Dense 128 -> 16 -> 128 -> 64 -> 64 -> 32 -> 1,mse,adam_790,20,128,1.4573,52287.91015625,5422.56787109375,5039.88623046875,0.2722160159504172,0.7
2026-09-04 15:15:55,repeat_random_model.py,"(1021, 9)",858,sequential_791,Dense 128 -> 16 -> 128 -> 64 -> 64 -> 16 -> 1,mse,adam_791,20,128,1.4499,77129.1171875,6048.26123046875,5832.40087890625,0.157773159230725,0.7
2026-09-04 15:15:57,repeat_random_model.py,"(1021, 9)",858,sequential_792,Dense 128 -> 16 -> 128 -> 64 -> 32 -> 128 -> 1,mse,adam_792,20,128,1.4403,19006.216796875,4994.0263671875,4527.33837890625,0.3462304940652856,0.7
2026-09-04 15:15:59,repeat_random_model.py,"(1021, 9)",858,sequential_793,Dense 128 -> 16 -> 128 -> 64 -> 32 -> 64 -> 1,mse,adam_793,20,128,1.4882,18288.30078125,4343.52880859375,4238.72900390625,0.387907105670822,0.7
2026-09-04 15:16:00,repeat_random_model.py,"(1021, 9)",858,sequential_794,Dense 128 -> 16 -> 128 -> 64 -> 32 -> 32 -> 1,mse,adam_794,20,128,1.3421,21201.48046875,4468.76611328125,4206.86376953125,0.39250862548983023,0.7
2026-09-04 15:16:02,repeat_random_model.py,"(1021, 9)",858,sequential_795,Dense 128 -> 16 -> 128 -> 64 -> 32 -> 16 -> 1,mse,adam_795,20,128,1.4061,32188.982421875,5137.56640625,4876.66259765625,0.29578638772954946,0.7
2026-09-04 15:16:11,repeat_random_model.py,"(1021, 9)",858,sequential_796,Dense 128 -> 16 -> 128 -> 64 -> 16 -> 128 -> 1,mse,adam_796,20,128,8.6228,8897.1123046875,3150.407958984375,2948.91455078125,0.5741624959664229,0.7
2026-09-04 15:16:13,repeat_random_model.py,"(1021, 9)",858,sequential_797,Dense 128 -> 16 -> 128 -> 64 -> 16 -> 64 -> 1,mse,adam_797,20,128,1.419,17184.23828125,4853.35107421875,3589.947998046875,0.48159414842717374,0.7
2026-09-04 15:16:14,repeat_random_model.py,"(1021, 9)",858,sequential_798,Dense 128 -> 16 -> 128 -> 64 -> 16 -> 32 -> 1,mse,adam_798,20,128,1.3856,14701.9580078125,4413.8115234375,3728.748046875,0.4615508238695889,0.7
2026-09-04 15:16:16,repeat_random_model.py,"(1021, 9)",858,sequential_799,Dense 128 -> 16 -> 128 -> 64 -> 16 -> 16 -> 1,mse,adam_799,20,128,1.3763,32353.296875,4995.06884765625,4344.75732421875,0.3725960841349807,0.7
2026-09-04 15:16:18,repeat_random_model.py,"(1021, 9)",858,sequential_800,Dense 128 -> 16 -> 128 -> 32 -> 128 -> 128 -> 1,mse,adam_800,20,128,1.5795,26525.552734375,3745.646484375,3328.228515625,0.5193877605648463,0.7
2026-09-04 15:16:20,repeat_random_model.py,"(1021, 9)",858,sequential_801,Dense 128 -> 16 -> 128 -> 32 -> 128 -> 64 -> 1,mse,adam_801,20,128,1.6035,20413.650390625,3790.494384765625,3445.989501953125,0.5023825261004531,0.7
2026-09-04 15:16:21,repeat_random_model.py,"(1021, 9)",858,sequential_802,Dense 128 -> 16 -> 128 -> 32 -> 128 -> 32 -> 1,mse,adam_802,20,128,1.6498,19907.015625,3884.229736328125,5416.802734375,0.21778767703344204,0.7
2026-09-04 15:16:23,repeat_random_model.py,"(1021, 9)",858,sequential_803,Dense 128 -> 16 -> 128 -> 32 -> 128 -> 16 -> 1,mse,adam_803,20,128,1.4764,14591.3134765625,3926.45068359375,4200.67626953125,0.39340209526047143,0.7
2026-09-04 15:16:25,repeat_random_model.py,"(1021, 9)",858,sequential_804,Dense 128 -> 16 -> 128 -> 32 -> 64 -> 128 -> 1,mse,adam_804,20,128,1.434,21815.25390625,5082.3046875,3976.33837890625,0.42579756120706536,0.7
2026-09-04 15:16:27,repeat_random_model.py,"(1021, 9)",858,sequential_805,Dense 128 -> 16 -> 128 -> 32 -> 64 -> 64 -> 1,mse,adam_805,20,128,1.5699,13843.03515625,4392.56982421875,4115.2919921875,0.4057319873673898,0.7
2026-09-04 15:16:28,repeat_random_model.py,"(1021, 9)",858,sequential_806,Dense 128 -> 16 -> 128 -> 32 -> 64 -> 32 -> 1,mse,adam_806,20,128,1.3803,16648.478515625,4698.5478515625,4356.37744140625,0.37091801481312137,0.7
2026-09-04 15:16:30,repeat_random_model.py,"(1021, 9)",858,sequential_807,Dense 128 -> 16 -> 128 -> 32 -> 64 -> 16 -> 1,mse,adam_807,20,128,1.4103,10071.8994140625,3481.32666015625,3114.59765625,0.5502371441896281,0.7
2026-09-04 15:16:32,repeat_random_model.py,"(1021, 9)",858,sequential_808,Dense 128 -> 16 -> 128 -> 32 -> 32 -> 128 -> 1,mse,adam_808,20,128,1.4923,12893.9765625,4124.0703125,3765.34814453125,0.45626556354707515,0.7
2026-09-04 15:16:33,repeat_random_model.py,"(1021, 9)",858,sequential_809,Dense 128 -> 16 -> 128 -> 32 -> 32 -> 64 -> 1,mse,adam_809,20,128,1.3981,14567.33203125,5086.0751953125,4512.2255859375,0.3484129242843427,0.7
2026-09-04 15:16:35,repeat_random_model.py,"(1021, 9)",858,sequential_810,Dense 128 -> 16 -> 128 -> 32 -> 32 -> 32 -> 1,mse,adam_810,20,128,1.3936,13142.36328125,3960.457275390625,3440.081787109375,0.5032355497429948,0.7
2026-09-04 15:16:36,repeat_random_model.py,"(1021, 9)",858,sequential_811,Dense 128 -> 16 -> 128 -> 32 -> 32 -> 16 -> 1,mse,adam_811,20,128,1.3485,11591.6318359375,3277.367919921875,2905.623046875,0.5804140101337386,0.7
2026-09-04 15:16:38,repeat_random_model.py,"(1021, 9)",858,sequential_812,Dense 128 -> 16 -> 128 -> 32 -> 16 -> 128 -> 1,mse,adam_812,20,128,1.4239,13594.515625,4725.42626953125,4346.38037109375,0.37236181493064724,0.7
2026-09-04 15:16:40,repeat_random_model.py,"(1021, 9)",858,sequential_813,Dense 128 -> 16 -> 128 -> 32 -> 16 -> 64 -> 1,mse,adam_813,20,128,1.491,29646.236328125,5496.98046875,5256.28173828125,0.24096749132508477,0.7
2026-09-04 15:16:41,repeat_random_model.py,"(1021, 9)",858,sequential_814,Dense 128 -> 16 -> 128 -> 32 -> 16 -> 32 -> 1,mse,adam_814,20,128,1.3608,25075.365234375,5967.79296875,5797.9296875,0.16275096203184503,0.7
2026-09-04 15:16:43,repeat_random_model.py,"(1021, 9)",858,sequential_815,Dense 128 -> 16 -> 128 -> 32 -> 16 -> 16 -> 1,mse,adam_815,20,128,1.5175,21032.146484375,4353.6025390625,3910.809326171875,0.43526024335176583,0.7
2026-09-04 15:16:45,repeat_random_model.py,"(1021, 9)",858,sequential_816,Dense 128 -> 16 -> 128 -> 16 -> 128 -> 128 -> 1,mse,adam_816,20,128,1.498,14422.9326171875,4217.51708984375,4721.6630859375,0.31816909373242563,0.7
2026-09-04 15:16:47,repeat_random_model.py,"(1021, 9)",858,sequential_817,Dense 128 -> 16 -> 128 -> 16 -> 128 -> 64 -> 1,mse,adam_817,20,128,1.4286,25572.13671875,5297.5888671875,5686.638671875,0.17882200657315062,0.7
2026-09-04 15:16:48,repeat_random_model.py,"(1021, 9)",858,sequential_818,Dense 128 -> 16 -> 128 -> 16 -> 128 -> 32 -> 1,mse,adam_818,20,128,1.4865,16453.1328125,4568.97119140625,4134.32958984375,0.40298287222500173,0.7
2026-09-04 15:16:50,repeat_random_model.py,"(1021, 9)",858,sequential_819,Dense 128 -> 16 -> 128 -> 16 -> 128 -> 16 -> 1,mse,adam_819,20,128,1.4616,17697.4296875,4262.38916015625,3956.818115234375,0.4286163061103436,0.7
2026-09-04 15:16:52,repeat_random_model.py,"(1021, 9)",858,sequential_820,Dense 128 -> 16 -> 128 -> 16 -> 64 -> 128 -> 1,mse,adam_820,20,128,1.4333,15818.443359375,4613.103515625,4114.63623046875,0.40582670660185205,0.7
2026-09-04 15:16:54,repeat_random_model.py,"(1021, 9)",858,sequential_821,Dense 128 -> 16 -> 128 -> 16 -> 64 -> 64 -> 1,mse,adam_821,20,128,1.5147,9289.8955078125,4461.22900390625,3853.094970703125,0.4435945054208925,0.7
2026-09-04 15:16:55,repeat_random_model.py,"(1021, 9)",858,sequential_822,Dense 128 -> 16 -> 128 -> 16 -> 64 -> 32 -> 1,mse,adam_822,20,128,1.405,17116.150390625,4962.693359375,4764.478515625,0.3119862570055292,0.7
2026-09-04 15:16:57,repeat_random_model.py,"(1021, 9)",858,sequential_823,Dense 128 -> 16 -> 128 -> 16 -> 64 -> 16 -> 1,mse,adam_823,20,128,1.3862,16576.951171875,4953.69287109375,4518.64892578125,0.34748535150694204,0.7
2026-09-04 15:16:59,repeat_random_model.py,"(1021, 9)",858,sequential_824,Dense 128 -> 16 -> 128 -> 16 -> 32 -> 128 -> 1,mse,adam_824,20,128,1.3904,10565.8857421875,5093.56591796875,5351.71337890625,0.227186822107307,0.7
2026-09-04 15:17:00,repeat_random_model.py,"(1021, 9)",858,sequential_825,Dense 128 -> 16 -> 128 -> 16 -> 32 -> 64 -> 1,mse,adam_825,20,128,1.4572,13142.361328125,4669.58447265625,4559.39990234375,0.3416006226296816,0.7
2026-09-04 15:17:02,repeat_random_model.py,"(1021, 9)",858,sequential_826,Dense 128 -> 16 -> 128 -> 16 -> 32 -> 32 -> 1,mse,adam_826,20,128,1.452,13888.3232421875,4860.89453125,4581.30908203125,0.33843683873998176,0.7
2026-09-04 15:17:04,repeat_random_model.py,"(1021, 9)",858,sequential_827,Dense 128 -> 16 -> 128 -> 16 -> 32 -> 16 -> 1,mse,adam_827,20,128,1.401,10278.4931640625,3557.908935546875,3598.602783203125,0.4803443986071094,0.7
2026-09-04 15:17:05,repeat_random_model.py,"(1021, 9)",858,sequential_828,Dense 128 -> 16 -> 128 -> 16 -> 16 -> 128 -> 1,mse,adam_828,20,128,1.6091,8760.73046875,3450.451904296875,3597.135498046875,0.48055627315004845,0.7
2026-09-04 15:17:07,repeat_random_model.py,"(1021, 9)",858,sequential_829,Dense 128 -> 16 -> 128 -> 16 -> 16 -> 64 -> 1,mse,adam_829,20,128,1.407,10681.0537109375,4095.220703125,5072.60205078125,0.2674917106963711,0.7
2026-09-04 15:17:09,repeat_random_model.py,"(1021, 9)",858,sequential_830,Dense 128 -> 16 -> 128 -> 16 -> 16 -> 32 -> 1,mse,adam_830,20,128,1.3944,11740.43359375,4439.8779296875,4057.56201171875,0.41406848215535363,0.7
2026-09-04 15:17:10,repeat_random_model.py,"(1021, 9)",858,sequential_831,Dense 128 -> 16 -> 128 -> 16 -> 16 -> 16 -> 1,mse,adam_831,20,128,1.3954,18430.19921875,4684.53955078125,4729.1533203125,0.31708743063639033,0.7
2026-09-04 15:17:12,repeat_random_model.py,"(1021, 9)",858,sequential_832,Dense 128 -> 16 -> 64 -> 128 -> 128 -> 128 -> 1,mse,adam_832,20,128,1.633,37218.17578125,4071.342041015625,4286.8037109375,0.38096478986668747,0.7
2026-09-04 15:17:14,repeat_random_model.py,"(1021, 9)",858,sequential_833,Dense 128 -> 16 -> 64 -> 128 -> 128 -> 64 -> 1,mse,adam_833,20,128,1.4288,73966.0625,5659.357421875,5426.96826171875,0.21631964574868856,0.7
2026-09-04 15:17:15,repeat_random_model.py,"(1021, 9)",858,sequential_834,Dense 128 -> 16 -> 64 -> 128 -> 128 -> 32 -> 1,mse,adam_834,20,128,1.3587,66199.109375,5686.12939453125,5436.72900390625,0.2149101101579468,0.7
2026-09-04 15:17:17,repeat_random_model.py,"(1021, 9)",858,sequential_835,Dense 128 -> 16 -> 64 -> 128 -> 128 -> 16 -> 1,mse,adam_835,20,128,1.3771,22985.296875,3973.14892578125,3682.8564453125,0.46817776518400067,0.7
2026-09-04 15:17:19,repeat_random_model.py,"(1021, 9)",858,sequential_836,Dense 128 -> 16 -> 64 -> 128 -> 64 -> 128 -> 1,mse,adam_836,20,128,1.4195,24913.84765625,5146.73779296875,3930.134033203125,0.43246968021579413,0.7
2026-09-04 15:17:20,repeat_random_model.py,"(1021, 9)",858,sequential_837,Dense 128 -> 16 -> 64 -> 128 -> 64 -> 64 -> 1,mse,adam_837,20,128,1.3603,30613.21875,5297.107421875,5235.3046875,0.2439967646440221,0.7
2026-09-04 15:17:22,repeat_random_model.py,"(1021, 9)",858,sequential_838,Dense 128 -> 16 -> 64 -> 128 -> 64 -> 32 -> 1,mse,adam_838,20,128,1.4615,23916.724609375,3570.31298828125,3758.540283203125,0.45724867529757884,0.7
2026-09-04 15:17:24,repeat_random_model.py,"(1021, 9)",858,sequential_839,Dense 128 -> 16 -> 64 -> 128 -> 64 -> 16 -> 1,mse,adam_839,20,128,1.4786,38572.9921875,5267.05029296875,4919.92333984375,0.2895393183711299,0.7
2026-09-04 15:17:25,repeat_random_model.py,"(1021, 9)",858,sequential_840,Dense 128 -> 16 -> 64 -> 128 -> 32 -> 128 -> 1,mse,adam_840,20,128,1.3949,20875.7421875,4757.00146484375,4243.45361328125,0.38722477166851643,0.7
2026-09-04 15:17:27,repeat_random_model.py,"(1021, 9)",858,sequential_841,Dense 128 -> 16 -> 64 -> 128 -> 32 -> 64 -> 1,mse,adam_841,20,128,1.4181,17285.953125,4551.77783203125,4739.859375,0.3155414224676498,0.7
2026-09-04 15:17:29,repeat_random_model.py,"(1021, 9)",858,sequential_842,Dense 128 -> 16 -> 64 -> 128 -> 32 -> 32 -> 1,mse,adam_842,20,128,1.4626,25969.685546875,4172.78076171875,4818.75439453125,0.30414866041915767,0.7
2026-09-04 15:17:30,repeat_random_model.py,"(1021, 9)",858,sequential_843,Dense 128 -> 16 -> 64 -> 128 -> 32 -> 16 -> 1,mse,adam_843,20,128,1.4304,37914.51953125,4705.44189453125,4495.40869140625,0.3508412961814974,0.7
2026-09-04 15:17:32,repeat_random_model.py,"(1021, 9)",858,sequential_844,Dense 128 -> 16 -> 64 -> 128 -> 16 -> 128 -> 1,mse,adam_844,20,128,1.3863,15113.0166015625,5136.18994140625,4206.05712890625,0.39262509604405016,0.7
2026-09-04 15:17:34,repeat_random_model.py,"(1021, 9)",858,sequential_845,Dense 128 -> 16 -> 64 -> 128 -> 16 -> 64 -> 1,mse,adam_845,20,128,1.4752,15545.99609375,5030.392578125,5117.484375,0.26101055724125977,0.7
2026-09-04 15:17:35,repeat_random_model.py,"(1021, 9)",858,sequential_846,Dense 128 -> 16 -> 64 -> 128 -> 16 -> 32 -> 1,mse,adam_846,20,128,1.4554,25896.8671875,5126.634765625,4685.29638671875,0.3234205881622658,0.7
2026-09-04 15:17:37,repeat_random_model.py,"(1021, 9)",858,sequential_847,Dense 128 -> 16 -> 64 -> 128 -> 16 -> 16 -> 1,mse,adam_847,20,128,1.6178,36249.16015625,5363.056640625,5102.82177734375,0.2631279161842749,0.7
2026-09-04 15:17:39,repeat_random_model.py,"(1021, 9)",858,sequential_848,Dense 128 -> 16 -> 64 -> 64 -> 128 -> 128 -> 1,mse,adam_848,20,128,1.4316,36155.8828125,3938.43505859375,3437.422119140625,0.5036196938522617,0.7
2026-09-04 15:17:40,repeat_random_model.py,"(1021, 9)",858,sequential_849,Dense 128 -> 16 -> 64 -> 64 -> 128 -> 64 -> 1,mse,adam_849,20,128,1.4016,28565.193359375,5131.6826171875,4575.3486328125,0.3392975934161556,0.7
2026-09-04 15:17:42,repeat_random_model.py,"(1021, 9)",858,sequential_850,Dense 128 -> 16 -> 64 -> 64 -> 128 -> 32 -> 1,mse,adam_850,20,128,1.4029,47316.42578125,5894.13134765625,5705.1552734375,0.1761480659983159,0.7
2026-09-04 15:17:44,repeat_random_model.py,"(1021, 9)",858,sequential_851,Dense 128 -> 16 -> 64 -> 64 -> 128 -> 16 -> 1,mse,adam_851,20,128,1.4309,41808.93359375,5608.2041015625,5976.9423828125,0.13690072525709696,0.7
2026-09-04 15:17:45,repeat_random_model.py,"(1021, 9)",858,sequential_852,Dense 128 -> 16 -> 64 -> 64 -> 64 -> 128 -> 1,mse,adam_852,20,128,1.3477,22032.072265625,3433.681640625,3088.340087890625,0.5540288188665612,0.7
2026-09-04 15:17:47,repeat_random_model.py,"(1021, 9)",858,sequential_853,Dense 128 -> 16 -> 64 -> 64 -> 64 -> 64 -> 1,mse,adam_853,20,128,1.4562,45975.6875,4982.79052734375,4740.2705078125,0.31548209234849256,0.7
2026-09-04 15:17:49,repeat_random_model.py,"(1021, 9)",858,sequential_854,Dense 128 -> 16 -> 64 -> 64 -> 64 -> 32 -> 1,mse,adam_854,20,128,1.6281,18617.228515625,3679.014892578125,3219.607666015625,0.5350731234370791,0.7
2026-09-04 15:17:50,repeat_random_model.py,"(1021, 9)",858,sequential_855,Dense 128 -> 16 -> 64 -> 64 -> 64 -> 16 -> 1,mse,adam_855,20,128,1.3286,25850.103515625,5191.48291015625,4858.2431640625,0.2984463091948698,0.7
2026-09-04 15:17:52,repeat_random_model.py,"(1021, 9)",858,sequential_856,Dense 128 -> 16 -> 64 -> 64 -> 32 -> 128 -> 1,mse,adam_856,20,128,1.5519,15788.2919921875,4418.63671875,4034.663818359375,0.4173751131927985,0.7
2026-09-04 15:17:54,repeat_random_model.py,"(1021, 9)",858,sequential_857,Dense 128 -> 16 -> 64 -> 64 -> 32 -> 64 -> 1,mse,adam_857,20,128,1.5141,20002.8984375,4610.60546875,4374.83056640625,0.36825337242567524,0.7
2026-09-04 15:17:56,repeat_random_model.py,"(1021, 9)",858,sequential_858,Dense 128 -> 16 -> 64 -> 64 -> 32 -> 32 -> 1,mse,adam_858,20,128,1.3185,34750.703125,5010.576171875,4700.79541015625,0.321182463693359,0.7
2026-09-04 15:17:57,repeat_random_model.py,"(1021, 9)",858,sequential_859,Dense 128 -> 16 -> 64 -> 64 -> 32 -> 16 -> 1,mse,adam_859,20,128,1.5089,91667.4375,6181.10400390625,5932.44970703125,0.1433255493328005,0.7
2026-09-04 15:17:59,repeat_random_model.py,"(1021, 9)",858,sequential_860,Dense 128 -> 16 -> 64 -> 64 -> 16 -> 128 -> 1,mse,adam_860,20,128,1.3893,14290.150390625,5082.84521484375,4208.9462890625,0.3922078301511037,0.7
2026-09-04 15:18:01,repeat_random_model.py,"(1021, 9)",858,sequential_861,Dense 128 -> 16 -> 64 -> 64 -> 16 -> 64 -> 1,mse,adam_861,20,128,1.5086,12101.2568359375,3564.980712890625,3236.317138671875,0.5326601912077427,0.7
2026-09-04 15:18:03,repeat_random_model.py,"(1021, 9)",858,sequential_862,Dense 128 -> 16 -> 64 -> 64 -> 16 -> 32 -> 1,mse,adam_862,20,128,1.6625,14578.3017578125,4320.25927734375,4485.12646484375,0.35232614398508755,0.7
2026-09-04 15:18:04,repeat_random_model.py,"(1021, 9)",858,sequential_863,Dense 128 -> 16 -> 64 -> 64 -> 16 -> 16 -> 1,mse,adam_863,20,128,1.4625,15960.2421875,4438.21044921875,3763.849853515625,0.4564819181543006,0.7
2026-09-04 15:18:06,repeat_random_model.py,"(1021, 9)",858,sequential_864,Dense 128 -> 16 -> 64 -> 32 -> 128 -> 128 -> 1,mse,adam_864,20,128,1.3425,49561.5234375,5588.09033203125,5590.79833984375,0.19266173181001478,0.7
2026-09-04 15:18:08,repeat_random_model.py,"(1021, 9)",858,sequential_865,Dense 128 -> 16 -> 64 -> 32 -> 128 -> 64 -> 1,mse,adam_865,20,128,1.5279,10794.9951171875,5409.0126953125,3549.815673828125,0.48738951224040505,0.7
2026-09-04 15:18:09,repeat_random_model.py,"(1021, 9)",858,sequential_866,Dense 128 -> 16 -> 64 -> 32 -> 128 -> 32 -> 1,mse,adam_866,20,128,1.4393,23319.857421875,5498.3134765625,5354.2392578125,0.2268221110789138,0.7
2026-09-04 15:18:11,repeat_random_model.py,"(1021, 9)",858,sequential_867,Dense 128 -> 16 -> 64 -> 32 -> 128 -> 16 -> 1,mse,adam_867,20,128,1.3792,18467.837890625,4074.67919921875,3722.491943359375,0.46245415113496624,0.7
2026-09-04 15:18:13,repeat_random_model.py,"(1021, 9)",858,sequential_868,Dense 128 -> 16 -> 64 -> 32 -> 64 -> 128 -> 1,mse,adam_868,20,128,1.4109,9946.0087890625,3318.67041015625,3115.643310546875,0.5500860620728316,0.7
2026-09-04 15:18:14,repeat_random_model.py,"(1021, 9)",858,sequential_869,Dense 128 -> 16 -> 64 -> 32 -> 64 -> 64 -> 1,mse,adam_869,20,128,1.5695,23987.171875,5353.34228515625,4842.4873046875,0.3007214862539017,0.7
2026-09-04 15:18:16,repeat_random_model.py,"(1021, 9)",858,sequential_870,Dense 128 -> 16 -> 64 -> 32 -> 64 -> 32 -> 1,mse,adam_870,20,128,1.4257,20827.5390625,4248.3671875,3808.471435546875,0.4500383730944788,0.7
2026-09-04 15:18:18,repeat_random_model.py,"(1021, 9)",858,sequential_871,Dense 128 -> 16 -> 64 -> 32 -> 64 -> 16 -> 1,mse,adam_871,20,128,1.5771,62294.859375,6169.51416015625,5893.75927734375,0.1489127062179505,0.7
2026-09-04 15:18:20,repeat_random_model.py,"(1021, 9)",858,sequential_872,Dense 128 -> 16 -> 64 -> 32 -> 32 -> 128 -> 1,mse,adam_872,20,128,1.5148,13044.638671875,4362.91162109375,3599.4306640625,0.4802249348458425,0.7
2026-09-04 15:18:22,repeat_random_model.py,"(1021, 9)",858,sequential_873,Dense 128 -> 16 -> 64 -> 32 -> 32 -> 64 -> 1,mse,adam_873,20,128,1.5934,25495.248046875,5561.8740234375,5299.57080078125,0.23471645218989912,0.7
2026-09-04 15:18:23,repeat_random_model.py,"(1021, 9)",858,sequential_874,Dense 128 -> 16 -> 64 -> 32 -> 32 -> 32 -> 1,mse,adam_874,20,128,1.5233,14670.798828125,4260.84228515625,4023.506591796875,0.4189862428460873,0.7
2026-09-04 15:18:25,repeat_random_model.py,"(1021, 9)",858,sequential_875,Dense 128 -> 16 -> 64 -> 32 -> 32 -> 16 -> 1,mse,adam_875,20,128,1.4031,23386.51171875,3924.8056640625,3583.825439453125,0.4824783350325226,0.7
2026-09-04 15:18:27,repeat_random_model.py,"(1021, 9)",858,sequential_876,Dense 128 -> 16 -> 64 -> 32 -> 16 -> 128 -> 1,mse,adam_876,20,128,1.4125,7959.7392578125,3644.392822265625,3079.802001953125,0.5552617362725163,0.7
2026-09-04 15:18:28,repeat_random_model.py,"(1021, 9)",858,sequential_877,Dense 128 -> 16 -> 64 -> 32 -> 16 -> 64 -> 1,mse,adam_877,20,128,1.5014,10285.1240234375,3785.5517578125,3671.076171875,0.46987887590329636,0.7
2026-09-04 15:18:30,repeat_random_model.py,"(1021, 9)",858,sequential_878,Dense 128 -> 16 -> 64 -> 32 -> 16 -> 32 -> 1,mse,adam_878,20,128,1.4526,62180.96875,5877.509765625,5622.841796875,0.1880345177854139,0.7
2026-09-04 15:18:32,repeat_random_model.py,"(1021, 9)",858,sequential_879,Dense 128 -> 16 -> 64 -> 32 -> 16 -> 16 -> 1,mse,adam_879,20,128,1.4002,11332.8701171875,3360.433349609375,3400.59326171875,0.5089378834887552,0.7
2026-09-04 15:18:33,repeat_random_model.py,"(1021, 9)",858,sequential_880,Dense 128 -> 16 -> 64 -> 16 -> 128 -> 128 -> 1,mse,adam_880,20,128,1.4116,14348.0205078125,3152.3779296875,2949.04541015625,0.5741436521058829,0.7
2026-09-04 15:18:35,repeat_random_model.py,"(1021, 9)",858,sequential_881,Dense 128 -> 16 -> 64 -> 16 -> 128 -> 64 -> 1,mse,adam_881,20,128,1.3947,21619.310546875,4149.48974609375,5784.38525390625,0.16470683071457648,0.7
2026-09-04 15:18:37,repeat_random_model.py,"(1021, 9)",858,sequential_882,Dense 128 -> 16 -> 64 -> 16 -> 128 -> 32 -> 1,mse,adam_882,20,128,1.4294,26100.15234375,5910.62841796875,5489.6865234375,0.20726276046888437,0.7
2026-09-04 15:18:38,repeat_random_model.py,"(1021, 9)",858,sequential_883,Dense 128 -> 16 -> 64 -> 16 -> 128 -> 16 -> 1,mse,adam_883,20,128,1.3411,11941.9853515625,4021.90966796875,3523.419189453125,0.4912012714877446,0.7
2026-09-04 15:18:40,repeat_random_model.py,"(1021, 9)",858,sequential_884,Dense 128 -> 16 -> 64 -> 16 -> 64 -> 128 -> 1,mse,adam_884,20,128,1.3838,17013.23828125,4150.7080078125,3671.24365234375,0.46985464737552185,0.7
2026-09-04 15:18:42,repeat_random_model.py,"(1021, 9)",858,sequential_885,Dense 128 -> 16 -> 64 -> 16 -> 64 -> 64 -> 1,mse,adam_885,20,128,1.4482,13723.841796875,4879.1572265625,4197.42333984375,0.3938717623773924,0.7
2026-09-04 15:18:43,repeat_random_model.py,"(1021, 9)",858,sequential_886,Dense 128 -> 16 -> 64 -> 16 -> 64 -> 32 -> 1,mse,adam_886,20,128,1.5319,24858.861328125,4977.61328125,4793.15771484375,0.30784492576787326,0.7
2026-09-04 15:18:45,repeat_random_model.py,"(1021, 9)",858,sequential_887,Dense 128 -> 16 -> 64 -> 16 -> 64 -> 16 -> 1,mse,adam_887,20,128,1.4803,15782.1005859375,4743.78173828125,4392.2763671875,0.3657340966660183,0.7
2026-09-04 15:18:47,repeat_random_model.py,"(1021, 9)",858,sequential_888,Dense 128 -> 16 -> 64 -> 16 -> 32 -> 128 -> 1,mse,adam_888,20,128,1.3759,14407.3681640625,4438.55322265625,4498.35888671875,0.35041529447544295,0.7
2026-09-04 15:18:48,repeat_random_model.py,"(1021, 9)",858,sequential_889,Dense 128 -> 16 -> 64 -> 16 -> 32 -> 64 -> 1,mse,adam_889,20,128,1.3343,21126.02734375,5659.57373046875,5062.0703125,0.26901264249559953,0.7
2026-09-04 15:18:50,repeat_random_model.py,"(1021, 9)",858,sequential_890,Dense 128 -> 16 -> 64 -> 16 -> 32 -> 32 -> 1,mse,adam_890,20,128,1.3221,20958.412109375,5484.26953125,5181.7763671875,0.2517264773260419,0.7
2026-09-04 15:18:52,repeat_random_model.py,"(1021, 9)",858,sequential_891,Dense 128 -> 16 -> 64 -> 16 -> 32 -> 16 -> 1,mse,adam_891,20,128,1.4755,8078.3857421875,3394.900146484375,3311.8671875,0.5217504045021631,0.7
2026-09-04 15:18:53,repeat_random_model.py,"(1021, 9)",858,sequential_892,Dense 128 -> 16 -> 64 -> 16 -> 16 -> 128 -> 1,mse,adam_892,20,128,1.466,10290.9501953125,4474.06640625,3712.2578125,0.4639321449962739,0.7
2026-09-04 15:18:55,repeat_random_model.py,"(1021, 9)",858,sequential_893,Dense 128 -> 16 -> 64 -> 16 -> 16 -> 64 -> 1,mse,adam_893,20,128,1.4423,10237.3740234375,4930.431640625,4209.6279296875,0.39210941801965704,0.7
2026-09-04 15:18:57,repeat_random_model.py,"(1021, 9)",858,sequential_894,Dense 128 -> 16 -> 64 -> 16 -> 16 -> 32 -> 1,mse,adam_894,20,128,1.433,105864.6796875,6292.36767578125,6014.87158203125,0.13142355193516642,0.7
2026-09-04 15:18:58,repeat_random_model.py,"(1021, 9)",858,sequential_895,Dense 128 -> 16 -> 64 -> 16 -> 16 -> 16 -> 1,mse,adam_895,20,128,1.4203,16176.1220703125,4832.14404296875,4642.26318359375,0.3296348401755106,0.7
2026-09-04 15:19:00,repeat_random_model.py,"(1021, 9)",858,sequential_896,Dense 128 -> 16 -> 32 -> 128 -> 128 -> 128 -> 1,mse,adam_896,20,128,1.4404,23964.67578125,4011.785888671875,3617.7314453125,0.4775821681653276,0.7
2026-09-04 15:19:02,repeat_random_model.py,"(1021, 9)",858,sequential_897,Dense 128 -> 16 -> 32 -> 128 -> 128 -> 64 -> 1,mse,adam_897,20,128,1.3996,29183.77734375,5181.91357421875,5980.3818359375,0.13640407261394738,0.7
2026-09-04 15:19:03,repeat_random_model.py,"(1021, 9)",858,sequential_898,Dense 128 -> 16 -> 32 -> 128 -> 128 -> 32 -> 1,mse,adam_898,20,128,1.3305,30436.876953125,5397.6611328125,6177.76025390625,0.1079015475608961,0.7
2026-09-04 15:19:05,repeat_random_model.py,"(1021, 9)",858,sequential_899,Dense 128 -> 16 -> 32 -> 128 -> 128 -> 16 -> 1,mse,adam_899,20,128,1.3234,50767.69140625,5316.60205078125,5381.10791015625,0.2229421560520537,0.7
2026-09-04 15:19:06,repeat_random_model.py,"(1021, 9)",858,sequential_900,Dense 128 -> 16 -> 32 -> 128 -> 64 -> 128 -> 1,mse,adam_900,20,128,1.4578,29665.943359375,4974.58935546875,4579.01220703125,0.3387685351225027,0.7
2026-09-04 15:19:08,repeat_random_model.py,"(1021, 9)",858,sequential_901,Dense 128 -> 16 -> 32 -> 128 -> 64 -> 64 -> 1,mse,adam_901,20,128,1.3931,24988.466796875,4643.650390625,4156.9658203125,0.39971414402332417,0.7
2026-09-04 15:19:10,repeat_random_model.py,"(1021, 9)",858,sequential_902,Dense 128 -> 16 -> 32 -> 128 -> 64 -> 32 -> 1,mse,adam_902,20,128,1.4179,40228.23828125,5450.6357421875,5202.6025390625,0.24871907637942703,0.7
2026-09-04 15:19:11,repeat_random_model.py,"(1021, 9)",858,sequential_903,Dense 128 -> 16 -> 32 -> 128 -> 64 -> 16 -> 1,mse,adam_903,20,128,1.4063,48663.17578125,5864.39990234375,5614.15673828125,0.18928865700320885,0.7
2026-09-04 15:19:13,repeat_random_model.py,"(1021, 9)",858,sequential_904,Dense 128 -> 16 -> 32 -> 128 -> 32 -> 128 -> 1,mse,adam_904,20,128,1.3909,11628.4873046875,3589.676513671875,3093.257080078125,0.5533187485697775,0.7
2026-09-04 15:19:15,repeat_random_model.py,"(1021, 9)",858,sequential_905,Dense 128 -> 16 -> 32 -> 128 -> 32 -> 64 -> 1,mse,adam_905,20,128,1.4735,62528.4765625,5773.1337890625,5567.2275390625,0.19606543054485803,0.7
2026-09-04 15:19:16,repeat_random_model.py,"(1021, 9)",858,sequential_906,Dense 128 -> 16 -> 32 -> 128 -> 32 -> 32 -> 1,mse,adam_906,20,128,1.4704,28503.2734375,5519.28759765625,4901.60546875,0.2921845896141959,0.7
2026-09-04 15:19:18,repeat_random_model.py,"(1021, 9)",858,sequential_907,Dense 128 -> 16 -> 32 -> 128 -> 32 -> 16 -> 1,mse,adam_907,20,128,1.3711,27207.123046875,3868.42822265625,3392.052490234375,0.5101712352395709,0.7
2026-09-04 15:19:20,repeat_random_model.py,"(1021, 9)",858,sequential_908,Dense 128 -> 16 -> 32 -> 128 -> 16 -> 128 -> 1,mse,adam_908,20,128,1.4867,9627.5498046875,3184.875732421875,3121.002197265625,0.5493122134604302,0.7
2026-09-04 15:19:21,repeat_random_model.py,"(1021, 9)",858,sequential_909,Dense 128 -> 16 -> 32 -> 128 -> 16 -> 64 -> 1,mse,adam_909,20,128,1.4186,21453.416015625,5247.01611328125,5470.5869140625,0.21002088613790126,0.7
2026-09-04 15:19:23,repeat_random_model.py,"(1021, 9)",858,sequential_910,Dense 128 -> 16 -> 32 -> 128 -> 16 -> 32 -> 1,mse,adam_910,20,128,1.5246,10198.990234375,3616.82958984375,3120.520751953125,0.549381737855158,0.7
2026-09-04 15:19:25,repeat_random_model.py,"(1021, 9)",858,sequential_911,Dense 128 -> 16 -> 32 -> 128 -> 16 -> 16 -> 1,mse,adam_911,20,128,1.472,14456.4677734375,4379.5771484375,3836.202880859375,0.44603380659765113,0.7
2026-09-04 15:19:27,repeat_random_model.py,"(1021, 9)",858,sequential_912,Dense 128 -> 16 -> 32 -> 64 -> 128 -> 128 -> 1,mse,adam_912,20,128,1.4052,26900.138671875,4242.56689453125,3350.33935546875,0.5161948946286528,0.7
2026-09-04 15:19:28,repeat_random_model.py,"(1021, 9)",858,sequential_913,Dense 128 -> 16 -> 32 -> 64 -> 128 -> 64 -> 1,mse,adam_913,20,128,1.4758,22167.10546875,3827.277099609375,3633.56982421875,0.4752949336980039,0.7
2026-09-04 15:19:30,repeat_random_model.py,"(1021, 9)",858,sequential_914,Dense 128 -> 16 -> 32 -> 64 -> 128 -> 32 -> 1,mse,adam_914,20,128,1.4684,20714.970703125,3747.53857421875,3558.28662109375,0.48616627554997427,0.7
2026-09-04 15:19:32,repeat_random_model.py,"(1021, 9)",858,sequential_915,Dense 128 -> 16 -> 32 -> 64 -> 128 -> 16 -> 1,mse,adam_915,20,128,1.4832,35105.87109375,4859.078125,4580.119140625,0.3386086775736339,0.7
2026-09-04 15:19:33,repeat_random_model.py,"(1021, 9)",858,sequential_916,Dense 128 -> 16 -> 32 -> 64 -> 64 -> 128 -> 1,mse,adam_916,20,128,1.396,62285.3203125,5166.8134765625,4861.42431640625,0.29798692979807717,0.7
2026-09-04 15:19:35,repeat_random_model.py,"(1021, 9)",858,sequential_917,Dense 128 -> 16 -> 32 -> 64 -> 64 -> 64 -> 1,mse,adam_917,20,128,1.4516,18593.4921875,4273.4345703125,3677.9306640625,0.4688890630132032,0.7
2026-09-04 15:19:37,repeat_random_model.py,"(1021, 9)",858,sequential_918,Dense 128 -> 16 -> 32 -> 64 -> 64 -> 32 -> 1,mse,adam_918,20,128,1.3649,88696.6171875,5778.87939453125,5600.80615234375,0.19121656146879007,0.7
2026-09-04 15:19:38,repeat_random_model.py,"(1021, 9)",858,sequential_919,Dense 128 -> 16 -> 32 -> 64 -> 64 -> 16 -> 1,mse,adam_919,20,128,1.4195,28027.826171875,4726.19677734375,4398.744140625,0.36480009877658526,0.7
2026-09-04 15:19:40,repeat_random_model.py,"(1021, 9)",858,sequential_920,Dense 128 -> 16 -> 32 -> 64 -> 32 -> 128 -> 1,mse,adam_920,20,128,1.3321,17183.94140625,4639.2783203125,4418.5263671875,0.36194351575039296,0.7
2026-09-04 15:19:41,repeat_random_model.py,"(1021, 9)",858,sequential_921,Dense 128 -> 16 -> 32 -> 64 -> 32 -> 64 -> 1,mse,adam_921,20,128,1.3544,16471.326171875,4675.4189453125,4295.474609375,0.37971274578879777,0.7
2026-09-04 15:19:43,repeat_random_model.py,"(1021, 9)",858,sequential_922,Dense 128 -> 16 -> 32 -> 64 -> 32 -> 32 -> 1,mse,adam_922,20,128,1.4495,13958.14453125,4363.03662109375,3886.801025390625,0.4387271897695916,0.7
2026-09-04 15:19:45,repeat_random_model.py,"(1021, 9)",858,sequential_923,Dense 128 -> 16 -> 32 -> 64 -> 32 -> 16 -> 1,mse,adam_923,20,128,1.3198,47254.5,5979.630859375,5763.8759765625,0.16766854330727754,0.7
2026-09-04 15:19:46,repeat_random_model.py,"(1021, 9)",858,sequential_924,Dense 128 -> 16 -> 32 -> 64 -> 16 -> 128 -> 1,mse,adam_924,20,128,1.3544,15372.41796875,4495.29541015625,3988.21435546875,0.42408261794751334,0.7
2026-09-04 15:19:48,repeat_random_model.py,"(1021, 9)",858,sequential_925,Dense 128 -> 16 -> 32 -> 64 -> 16 -> 64 -> 1,mse,adam_925,20,128,1.3903,9488.78125,3422.003662109375,3111.91162109375,0.5506250113285642,0.7
2026-09-04 15:19:49,repeat_random_model.py,"(1021, 9)",858,sequential_926,Dense 128 -> 16 -> 32 -> 64 -> 16 -> 32 -> 1,mse,adam_926,20,128,1.3605,13625.2626953125,4707.43115234375,5365.15966796875,0.22524503784451155,0.7
2026-09-04 15:19:51,repeat_random_model.py,"(1021, 9)",858,sequential_927,Dense 128 -> 16 -> 32 -> 64 -> 16 -> 16 -> 1,mse,adam_927,20,128,1.3349,18151.044921875,4292.0400390625,3637.243896484375,0.47476443728676554,0.7
2026-09-04 15:19:53,repeat_random_model.py,"(1021, 9)",858,sequential_928,Dense 128 -> 16 -> 32 -> 32 -> 128 -> 128 -> 1,mse,adam_928,20,128,1.3368,37840.80078125,5827.2568359375,5612.89501953125,0.1894708105656644,0.7
2026-09-04 15:19:54,repeat_random_model.py,"(1021, 9)",858,sequential_929,Dense 128 -> 16 -> 32 -> 32 -> 128 -> 64 -> 1,mse,adam_929,20,128,1.3925,71621.8125,6084.0498046875,5841.72216796875,0.15642711831057232,0.7
2026-09-04 15:19:56,repeat_random_model.py,"(1021, 9)",858,sequential_930,Dense 128 -> 16 -> 32 -> 32 -> 128 -> 32 -> 1,mse,adam_930,20,128,1.5117,94545.4140625,5916.31640625,5796.9267578125,0.16289578207624122,0.7
2026-09-04 15:19:57,repeat_random_model.py,"(1021, 9)",858,sequential_931,Dense 128 -> 16 -> 32 -> 32 -> 128 -> 16 -> 1,mse,adam_931,20,128,1.3696,25273.06640625,5331.564453125,5030.38427734375,0.27358823525333564,0.7
2026-09-04 15:19:59,repeat_random_model.py,"(1021, 9)",858,sequential_932,Dense 128 -> 16 -> 32 -> 32 -> 64 -> 128 -> 1,mse,adam_932,20,128,1.392,18407.578125,4207.3095703125,3645.873291015625,0.47351831463506133,0.7
2026-09-04 15:20:01,repeat_random_model.py,"(1021, 9)",858,sequential_933,Dense 128 -> 16 -> 32 -> 32 -> 64 -> 64 -> 1,mse,adam_933,20,128,1.5085,14220.8798828125,3737.5810546875,3341.28369140625,0.5175025006199923,0.7
2026-09-04 15:20:02,repeat_random_model.py,"(1021, 9)",858,sequential_934,Dense 128 -> 16 -> 32 -> 32 -> 64 -> 32 -> 1,mse,adam_934,20,128,1.383,21982.12890625,4601.63134765625,4343.02734375,0.3728458708410868,0.7
2026-09-04 15:20:04,repeat_random_model.py,"(1021, 9)",858,sequential_935,Dense 128 -> 16 -> 32 -> 32 -> 64 -> 16 -> 1,mse,adam_935,20,128,1.463,31144.873046875,5664.3427734375,5430.845703125,0.2157596418193165,0.7
2026-09-04 15:20:06,repeat_random_model.py,"(1021, 9)",858,sequential_936,Dense 128 -> 16 -> 32 -> 32 -> 32 -> 128 -> 1,mse,adam_936,20,128,1.3259,39332.203125,6078.84033203125,5805.28271484375,0.161689290108598,0.7
2026-09-04 15:20:16,repeat_random_model.py,"(1021, 9)",858,sequential_937,Dense 128 -> 16 -> 32 -> 32 -> 32 -> 64 -> 1,mse,adam_937,20,128,10.1287,14409.056640625,4824.38818359375,4300.837890625,0.37893820919386345,0.7
2026-09-04 15:20:18,repeat_random_model.py,"(1021, 9)",858,sequential_938,Dense 128 -> 16 -> 32 -> 32 -> 32 -> 32 -> 1,mse,adam_938,20,128,1.4436,22463.142578125,4809.88330078125,4576.5966796875,0.33911734621077316,0.7
2026-09-04 15:20:20,repeat_random_model.py,"(1021, 9)",858,sequential_939,Dense 128 -> 16 -> 32 -> 32 -> 32 -> 16 -> 1,mse,adam_939,20,128,1.5037,67596.2578125,6285.33837890625,6003.318359375,0.13309183824491078,0.7
2026-09-04 15:20:21,repeat_random_model.py,"(1021, 9)",858,sequential_940,Dense 128 -> 16 -> 32 -> 32 -> 16 -> 128 -> 1,mse,adam_940,20,128,1.4287,12375.2861328125,4989.189453125,4452.56494140625,0.357028158663542,0.7
2026-09-04 15:20:23,repeat_random_model.py,"(1021, 9)",858,sequential_941,Dense 128 -> 16 -> 32 -> 32 -> 16 -> 64 -> 1,mse,adam_941,20,128,1.4422,35464.53125,5933.67578125,5674.26611328125,0.18060863752291034,0.7
2026-09-04 15:20:25,repeat_random_model.py,"(1021, 9)",858,sequential_942,Dense 128 -> 16 -> 32 -> 32 -> 16 -> 32 -> 1,mse,adam_942,20,128,1.396,12768.7060546875,5002.439453125,4714.52685546875,0.3191995787602623,0.7
2026-09-04 15:20:26,repeat_random_model.py,"(1021, 9)",858,sequential_943,Dense 128 -> 16 -> 32 -> 32 -> 16 -> 16 -> 1,mse,adam_943,20,128,1.3703,87002.890625,5845.76611328125,5592.6845703125,0.1923894568939296,0.7
2026-09-04 15:20:28,repeat_random_model.py,"(1021, 9)",858,sequential_944,Dense 128 -> 16 -> 32 -> 16 -> 128 -> 128 -> 1,mse,adam_944,20,128,1.5721,11710.4521484375,3560.864501953125,3529.53515625,0.4903181286567281,0.7
2026-09-04 15:20:30,repeat_random_model.py,"(1021, 9)",858,sequential_945,Dense 128 -> 16 -> 32 -> 16 -> 128 -> 64 -> 1,mse,adam_945,20,128,1.4552,34647.171875,5566.7353515625,5309.5849609375,0.23327030626780243,0.7
2026-09-04 15:20:31,repeat_random_model.py,"(1021, 9)",858,sequential_946,Dense 128 -> 16 -> 32 -> 16 -> 128 -> 32 -> 1,mse,adam_946,20,128,1.377,10406.25,3197.649658203125,2945.001708984375,0.5747275507530869,0.7
2026-09-04 15:20:33,repeat_random_model.py,"(1021, 9)",858,sequential_947,Dense 128 -> 16 -> 32 -> 16 -> 128 -> 16 -> 1,mse,adam_947,20,128,1.4228,18731.81640625,5075.05859375,4268.25048828125,0.38364407093540176,0.7
2026-09-04 15:20:35,repeat_random_model.py,"(1021, 9)",858,sequential_948,Dense 128 -> 16 -> 32 -> 16 -> 64 -> 128 -> 1,mse,adam_948,20,128,1.6011,15841.5654296875,4930.90478515625,5080.7275390625,0.2663184082084169,0.7
2026-09-04 15:20:37,repeat_random_model.py,"(1021, 9)",858,sequential_949,Dense 128 -> 16 -> 32 -> 16 -> 64 -> 64 -> 1,mse,adam_949,20,128,1.4556,52422.9296875,5471.5029296875,5282.51318359375,0.23717962200215448,0.7
2026-09-04 15:20:38,repeat_random_model.py,"(1021, 9)",858,sequential_950,Dense 128 -> 16 -> 32 -> 16 -> 64 -> 32 -> 1,mse,adam_950,20,128,1.4398,9467.5107421875,3637.8046875,2963.87646484375,0.5720019420727165,0.7
2026-09-04 15:20:40,repeat_random_model.py,"(1021, 9)",858,sequential_951,Dense 128 -> 16 -> 32 -> 16 -> 64 -> 16 -> 1,mse,adam_951,20,128,1.4183,44777.9921875,5997.908203125,5772.20068359375,0.16646629633468923,0.7
2026-09-04 15:20:42,repeat_random_model.py,"(1021, 9)",858,sequential_952,Dense 128 -> 16 -> 32 -> 16 -> 32 -> 128 -> 1,mse,adam_952,20,128,1.3569,12751.5595703125,4303.8837890625,4178.06689453125,0.39666699258013727,0.7
2026-09-04 15:20:43,repeat_random_model.py,"(1021, 9)",858,sequential_953,Dense 128 -> 16 -> 32 -> 16 -> 32 -> 64 -> 1,mse,adam_953,20,128,1.4218,45610.9453125,5645.7109375,5348.837890625,0.2276019886141717,0.7
2026-09-04 15:20:45,repeat_random_model.py,"(1021, 9)",858,sequential_954,Dense 128 -> 16 -> 32 -> 16 -> 32 -> 32 -> 1,mse,adam_954,20,128,1.4349,10286.2060546875,3832.901123046875,3473.6357421875,0.49839020752597685,0.7
2026-09-04 15:20:47,repeat_random_model.py,"(1021, 9)",858,sequential_955,Dense 128 -> 16 -> 32 -> 16 -> 32 -> 16 -> 1,mse,adam_955,20,128,1.4672,11761.6064453125,4460.3974609375,4281.00732421875,0.3818018992799742,0.7
2026-09-04 15:20:48,repeat_random_model.py,"(1021, 9)",858,sequential_956,Dense 128 -> 16 -> 32 -> 16 -> 16 -> 128 -> 1,mse,adam_956,20,128,1.3708,46849.5234375,6207.32861328125,5932.3349609375,0.14334214136623258,0.7
2026-09-04 15:20:50,repeat_random_model.py,"(1021, 9)",858,sequential_957,Dense 128 -> 16 -> 32 -> 16 -> 16 -> 64 -> 1,mse,adam_957,20,128,1.4202,9203.541015625,5675.23486328125,5118.21044921875,0.26090568979175854,0.7
2026-09-04 15:20:51,repeat_random_model.py,"(1021, 9)",858,sequential_958,Dense 128 -> 16 -> 32 -> 16 -> 16 -> 32 -> 1,mse,adam_958,20,128,1.3392,12732.818359375,4730.35107421875,4568.56982421875,0.3402764885094186,0.7
2026-09-04 15:20:54,repeat_random_model.py,"(1021, 9)",858,sequential_959,Dense 128 -> 16 -> 32 -> 16 -> 16 -> 16 -> 1,mse,adam_959,20,128,1.473,11194.3603515625,4641.6572265625,5286.29248046875,0.2366338946252241,0.7
2026-09-04 15:21:06,repeat_random_model.py,"(1021, 9)",858,sequential_960,Dense 128 -> 16 -> 16 -> 128 -> 128 -> 128 -> 1,mse,adam_960,20,128,10.6532,74025.578125,5356.79541015625,5116.0,0.2612250353818405,0.7
2026-09-04 15:21:20,repeat_random_model.py,"(1021, 9)",858,sequential_961,Dense 128 -> 16 -> 16 -> 128 -> 128 -> 64 -> 1,mse,adam_961,20,128,12.1843,39115.8203125,5223.544921875,5196.2529296875,0.24963593661925132,0.7
2026-09-04 15:21:32,repeat_random_model.py,"(1021, 9)",858,sequential_962,Dense 128 -> 16 -> 16 -> 128 -> 128 -> 32 -> 1,mse,adam_962,20,128,10.9694,34077.26171875,5283.310546875,5192.0517578125,0.2502426643024005,0.7
2026-09-04 15:21:44,repeat_random_model.py,"(1021, 9)",858,sequential_963,Dense 128 -> 16 -> 16 -> 128 -> 128 -> 16 -> 1,mse,adam_963,20,128,10.8896,21384.099609375,4156.7578125,4369.71337890625,0.36899235088386284,0.7
2026-09-04 15:21:55,repeat_random_model.py,"(1021, 9)",858,sequential_964,Dense 128 -> 16 -> 16 -> 128 -> 64 -> 128 -> 1,mse,adam_964,20,128,10.0263,16603.826171875,4594.1806640625,3671.42333984375,0.46982878748664936,0.7
2026-09-04 15:22:07,repeat_random_model.py,"(1021, 9)",858,sequential_965,Dense 128 -> 16 -> 16 -> 128 -> 64 -> 64 -> 1,mse,adam_965,20,128,10.4841,33724.7421875,5069.650390625,5031.60888671875,0.27341138091914563,0.7
2026-09-04 15:22:19,repeat_random_model.py,"(1021, 9)",858,sequential_966,Dense 128 -> 16 -> 16 -> 128 -> 64 -> 32 -> 1,mse,adam_966,20,128,10.1703,32776.6484375,5153.8583984375,5045.234375,0.27144377695657407,0.7
2026-09-04 15:22:29,repeat_random_model.py,"(1021, 9)",858,sequential_967,Dense 128 -> 16 -> 16 -> 128 -> 64 -> 16 -> 1,mse,adam_967,20,128,8.9851,22247.671875,4984.60693359375,4956.50439453125,0.2842568389053559,0.7
2026-09-04 15:22:41,repeat_random_model.py,"(1021, 9)",858,sequential_968,Dense 128 -> 16 -> 16 -> 128 -> 32 -> 128 -> 1,mse,adam_968,20,128,10.1862,25516.865234375,5749.9404296875,5704.94873046875,0.17617787238100158,0.7
2026-09-04 15:22:54,repeat_random_model.py,"(1021, 9)",858,sequential_969,Dense 128 -> 16 -> 16 -> 128 -> 32 -> 64 -> 1,mse,adam_969,20,128,11.6442,10844.5869140625,3193.006103515625,3326.29248046875,0.5196673478424417,0.7
2026-09-04 15:23:05,repeat_random_model.py,"(1021, 9)",858,sequential_970,Dense 128 -> 16 -> 16 -> 128 -> 32 -> 32 -> 1,mse,adam_970,20,128,9.9999,50866.203125,5818.64404296875,5513.140625,0.20387594460411707,0.7
2026-09-04 15:23:14,repeat_random_model.py,"(1021, 9)",858,sequential_971,Dense 128 -> 16 -> 16 -> 128 -> 32 -> 16 -> 1,mse,adam_971,20,128,8.7548,15168.6318359375,5129.43310546875,4348.62255859375,0.3720378991541322,0.7
2026-09-04 15:23:21,repeat_random_model.py,"(1021, 9)",858,sequential_972,Dense 128 -> 16 -> 16 -> 128 -> 16 -> 128 -> 1,mse,adam_972,20,128,5.6152,13651.013671875,5006.453125,4155.80322265625,0.39988202948785534,0.7
2026-09-04 15:23:28,repeat_random_model.py,"(1021, 9)",858,sequential_973,Dense 128 -> 16 -> 16 -> 128 -> 16 -> 64 -> 1,mse,adam_973,20,128,6.3158,9424.62109375,4800.92138671875,4703.248046875,0.3208282724470962,0.7
2026-09-04 15:23:35,repeat_random_model.py,"(1021, 9)",858,sequential_974,Dense 128 -> 16 -> 16 -> 128 -> 16 -> 32 -> 1,mse,adam_974,20,128,5.4573,26378.5234375,5947.9267578125,5545.244140625,0.19923999709961615,0.7
2026-09-04 15:23:45,repeat_random_model.py,"(1021, 9)",858,sequential_975,Dense 128 -> 16 -> 16 -> 128 -> 16 -> 16 -> 1,mse,adam_975,20,128,8.4542,19106.765625,4845.166015625,4342.72216796875,0.37288998353572866,0.7
2026-09-04 15:23:58,repeat_random_model.py,"(1021, 9)",858,sequential_976,Dense 128 -> 16 -> 16 -> 64 -> 128 -> 128 -> 1,mse,adam_976,20,128,11.34,19382.45703125,4944.5390625,3997.894775390625,0.42268476877662686,0.7
2026-09-04 15:24:08,repeat_random_model.py,"(1021, 9)",858,sequential_977,Dense 128 -> 16 -> 16 -> 64 -> 128 -> 64 -> 1,mse,adam_977,20,128,9.4365,18753.994140625,4531.21533203125,3623.7822265625,0.476708363876168,0.7
2026-09-04 15:24:19,repeat_random_model.py,"(1021, 9)",858,sequential_978,Dense 128 -> 16 -> 16 -> 64 -> 128 -> 32 -> 1,mse,adam_978,20,128,9.1337,18722.810546875,4083.68603515625,3782.755126953125,0.4537518706077647,0.7
2026-09-04 15:24:30,repeat_random_model.py,"(1021, 9)",858,sequential_979,Dense 128 -> 16 -> 16 -> 64 -> 128 -> 16 -> 1,mse,adam_979,20,128,10.4529,34245.45703125,5068.8642578125,4801.44580078125,0.3066479566978376,0.7
2026-09-04 15:24:42,repeat_random_model.py,"(1021, 9)",858,sequential_980,Dense 128 -> 16 -> 16 -> 64 -> 64 -> 128 -> 1,mse,adam_980,20,128,10.7717,9445.2265625,3069.72412109375,3332.096435546875,0.5188292050766674,0.7
2026-09-04 15:24:54,repeat_random_model.py,"(1021, 9)",858,sequential_981,Dense 128 -> 16 -> 16 -> 64 -> 64 -> 64 -> 1,mse,adam_981,20,128,10.9137,24851.84375,5336.7646484375,5048.478515625,0.27097539787240843,0.7
2026-09-04 15:25:06,repeat_random_model.py,"(1021, 9)",858,sequential_982,Dense 128 -> 16 -> 16 -> 64 -> 64 -> 32 -> 1,mse,adam_982,20,128,10.8148,23241.896484375,5324.2451171875,5103.3955078125,0.2630450662886954,0.7
2026-09-04 15:25:18,repeat_random_model.py,"(1021, 9)",858,sequential_983,Dense 128 -> 16 -> 16 -> 64 -> 64 -> 16 -> 1,mse,adam_983,20,128,9.7941,11987.0654296875,3394.59326171875,3367.962646484375,0.5136499616321375,0.7
2026-09-04 15:25:21,repeat_random_model.py,"(1021, 9)",858,sequential_984,Dense 128 -> 16 -> 16 -> 64 -> 32 -> 128 -> 1,mse,adam_984,20,128,3.1789,23400.0,4929.1943359375,4591.6357421875,0.3369457341907681,0.7
2026-09-04 15:25:23,repeat_random_model.py,"(1021, 9)",858,sequential_985,Dense 128 -> 16 -> 16 -> 64 -> 32 -> 64 -> 1,mse,adam_985,20,128,1.4283,50459.90625,5881.0009765625,5607.5283203125,0.19024570447575018,0.7
2026-09-04 15:25:25,repeat_random_model.py,"(1021, 9)",858,sequential_986,Dense 128 -> 16 -> 16 -> 64 -> 32 -> 32 -> 1,mse,adam_986,20,128,1.4347,12462.90625,4152.982421875,3741.18603515625,0.4597547157437454,0.7
2026-09-04 15:25:26,repeat_random_model.py,"(1021, 9)",858,sequential_987,Dense 128 -> 16 -> 16 -> 64 -> 32 -> 16 -> 1,mse,adam_987,20,128,1.4432,9921.5263671875,3737.71826171875,3029.431884765625,0.5625354075527126,0.7
2026-09-04 15:25:28,repeat_random_model.py,"(1021, 9)",858,sequential_988,Dense 128 -> 16 -> 16 -> 64 -> 16 -> 128 -> 1,mse,adam_988,20,128,1.4646,8242.3408203125,3699.37353515625,3319.37353515625,0.520666432078692,0.7
2026-09-04 15:25:30,repeat_random_model.py,"(1021, 9)",858,sequential_989,Dense 128 -> 16 -> 16 -> 64 -> 16 -> 64 -> 1,mse,adam_989,20,128,1.4372,11243.49609375,3744.913818359375,3144.8486328125,0.5458686495539813,0.7
2026-09-04 15:25:31,repeat_random_model.py,"(1021, 9)",858,sequential_990,Dense 128 -> 16 -> 16 -> 64 -> 16 -> 32 -> 1,mse,adam_990,20,128,1.4009,11605.5712890625,4161.56396484375,5145.20361328125,0.2570076683818552,0.7
2026-09-04 15:25:33,repeat_random_model.py,"(1021, 9)",858,sequential_991,Dense 128 -> 16 -> 16 -> 64 -> 16 -> 16 -> 1,mse,adam_991,20,128,1.5257,14471.0625,4200.53955078125,3969.623046875,0.42676726314787006,0.7
2026-09-04 15:25:35,repeat_random_model.py,"(1021, 9)",858,sequential_992,Dense 128 -> 16 -> 16 -> 32 -> 128 -> 128 -> 1,mse,adam_992,20,128,1.4258,53157.18359375,4906.7666015625,4750.640625,0.3139845862372155,0.7
2026-09-04 15:25:36,repeat_random_model.py,"(1021, 9)",858,sequential_993,Dense 128 -> 16 -> 16 -> 32 -> 128 -> 64 -> 1,mse,adam_993,20,128,1.3491,19902.361328125,4394.90234375,3987.19140625,0.4242302718249422,0.7
2026-09-04 15:25:38,repeat_random_model.py,"(1021, 9)",858,sequential_994,Dense 128 -> 16 -> 16 -> 32 -> 128 -> 32 -> 1,mse,adam_994,20,128,1.3599,62462.8984375,5458.70947265625,5062.0205078125,0.26901985995569977,0.7
2026-09-04 15:25:40,repeat_random_model.py,"(1021, 9)",858,sequential_995,Dense 128 -> 16 -> 16 -> 32 -> 128 -> 16 -> 1,mse,adam_995,20,128,1.5401,11882.9599609375,5203.90576171875,4692.65234375,0.3223583829197212,0.7
2026-09-04 15:25:41,repeat_random_model.py,"(1021, 9)",858,sequential_996,Dense 128 -> 16 -> 16 -> 32 -> 64 -> 128 -> 1,mse,adam_996,20,128,1.4022,30188.25390625,5615.77685546875,5273.47021484375,0.23848547576319246,0.7
2026-09-04 15:25:43,repeat_random_model.py,"(1021, 9)",858,sequential_997,Dense 128 -> 16 -> 16 -> 32 -> 64 -> 64 -> 1,mse,adam_997,20,128,1.51,21051.583984375,4280.451171875,3886.859130859375,0.43871879700986216,0.7
2026-09-04 15:25:45,repeat_random_model.py,"(1021, 9)",858,sequential_998,Dense 128 -> 16 -> 16 -> 32 -> 64 -> 32 -> 1,mse,adam_998,20,128,1.4214,13794.2880859375,4870.55029296875,3892.949462890625,0.437839272527601,0.7
2026-09-04 15:25:47,repeat_random_model.py,"(1021, 9)",858,sequential_999,Dense 128 -> 16 -> 16 -> 32 -> 64 -> 16 -> 1,mse,adam_999,20,128,1.479,9621.568359375,3465.605224609375,4691.18359375,0.32257048604129324,0.7
2026-09-04 15:25:48,repeat_random_model.py,"(1021, 9)",858,sequential_1000,Dense 128 -> 16 -> 16 -> 32 -> 32 -> 128 -> 1,mse,adam_1000,20,128,1.4575,24128.513671875,4958.4072265625,4629.3779296875,0.3314954950218968,0.7
2026-09-04 15:25:50,repeat_random_model.py,"(1021, 9)",858,sequential_1001,Dense 128 -> 16 -> 16 -> 32 -> 32 -> 64 -> 1,mse,adam_1001,20,128,1.3658,15411.2158203125,5306.15673828125,4984.48095703125,0.28021688511933107,0.7
2026-09-04 15:25:51,repeat_random_model.py,"(1021, 9)",858,sequential_1002,Dense 128 -> 16 -> 16 -> 32 -> 32 -> 32 -> 1,mse,adam_1002,20,128,1.4022,8949.396484375,3492.66796875,3249.069580078125,0.5308186495645166,0.7
2026-09-04 15:25:53,repeat_random_model.py,"(1021, 9)",858,sequential_1003,Dense 128 -> 16 -> 16 -> 32 -> 32 -> 16 -> 1,mse,adam_1003,20,128,1.3603,42161.27734375,6003.4111328125,5790.26904296875,0.1638572288734249,0.7
2026-09-04 15:25:55,repeat_random_model.py,"(1021, 9)",858,sequential_1004,Dense 128 -> 16 -> 16 -> 32 -> 16 -> 128 -> 1,mse,adam_1004,20,128,1.3794,7431.7060546875,3610.459228515625,3094.696533203125,0.5531108782265913,0.7
2026-09-04 15:25:56,repeat_random_model.py,"(1021, 9)",858,sequential_1005,Dense 128 -> 16 -> 16 -> 32 -> 16 -> 64 -> 1,mse,adam_1005,20,128,1.3827,10747.0322265625,3582.79443359375,3485.055419921875,0.49674117060860945,0.7
2026-09-04 15:25:58,repeat_random_model.py,"(1021, 9)",858,sequential_1006,Dense 128 -> 16 -> 16 -> 32 -> 16 -> 32 -> 1,mse,adam_1006,20,128,1.4551,21887.3984375,5610.24609375,5296.36376953125,0.2351795115929497,0.7
2026-09-04 15:26:00,repeat_random_model.py,"(1021, 9)",858,sequential_1007,Dense 128 -> 16 -> 16 -> 32 -> 16 -> 16 -> 1,mse,adam_1007,20,128,1.3669,15735.5888671875,5500.080078125,5148.18359375,0.2565774435164897,0.7
2026-09-04 15:26:01,repeat_random_model.py,"(1021, 9)",858,sequential_1008,Dense 128 -> 16 -> 16 -> 16 -> 128 -> 128 -> 1,mse,adam_1008,20,128,1.4509,16608.384765625,4248.82763671875,4564.28076171875,0.34089585815725953,0.7
2026-09-04 15:26:03,repeat_random_model.py,"(1021, 9)",858,sequential_1009,Dense 128 -> 16 -> 16 -> 16 -> 128 -> 64 -> 1,mse,adam_1009,20,128,1.39,13580.37109375,3473.237060546875,3536.72314453125,0.4892800754921037,0.7
2026-09-04 15:26:05,repeat_random_model.py,"(1021, 9)",858,sequential_1010,Dense 128 -> 16 -> 16 -> 16 -> 128 -> 32 -> 1,mse,adam_1010,20,128,1.3801,15959.59765625,4716.1416015625,4519.02734375,0.34743066762662633,0.7
2026-09-04 15:26:06,repeat_random_model.py,"(1021, 9)",858,sequential_1011,Dense 128 -> 16 -> 16 -> 16 -> 128 -> 16 -> 1,mse,adam_1011,20,128,1.4489,11526.8408203125,4205.80322265625,3822.908203125,0.4479536431152853,0.7
2026-09-04 15:26:08,repeat_random_model.py,"(1021, 9)",858,sequential_1012,Dense 128 -> 16 -> 16 -> 16 -> 64 -> 128 -> 1,mse,adam_1012,20,128,1.4294,13323.818359375,4243.0498046875,3838.607421875,0.44568659373069053,0.7
2026-09-04 15:26:10,repeat_random_model.py,"(1021, 9)",858,sequential_1013,Dense 128 -> 16 -> 16 -> 16 -> 64 -> 64 -> 1,mse,adam_1013,20,128,1.5348,11182.4501953125,3608.505615234375,3465.3232421875,0.49959059651536897,0.7
2026-09-04 15:26:11,repeat_random_model.py,"(1021, 9)",858,sequential_1014,Dense 128 -> 16 -> 16 -> 16 -> 64 -> 32 -> 1,mse,adam_1014,20,128,1.4228,9392.0634765625,3544.515380859375,3694.291015625,0.4665265679442486,0.7
2026-09-04 15:26:13,repeat_random_model.py,"(1021, 9)",858,sequential_1015,Dense 128 -> 16 -> 16 -> 16 -> 64 -> 16 -> 1,mse,adam_1015,20,128,1.4547,65865.875,6050.134765625,5765.9248046875,0.16737268520652304,0.7
2026-09-04 15:26:15,repeat_random_model.py,"(1021, 9)",858,sequential_1016,Dense 128 -> 16 -> 16 -> 16 -> 32 -> 128 -> 1,mse,adam_1016,20,128,1.4018,22399.06640625,5599.6923828125,5441.58837890625,0.2142084098705488,0.7
2026-09-04 15:26:16,repeat_random_model.py,"(1021, 9)",858,sequential_1017,Dense 128 -> 16 -> 16 -> 16 -> 32 -> 64 -> 1,mse,adam_1017,20,128,1.4371,20755.427734375,5698.59814453125,5430.6162109375,0.2157927485197607,0.7
2026-09-04 15:26:18,repeat_random_model.py,"(1021, 9)",858,sequential_1018,Dense 128 -> 16 -> 16 -> 16 -> 32 -> 32 -> 1,mse,adam_1018,20,128,1.5266,163511.09375,6106.720703125,5824.5673828125,0.1589043948981541,0.7
2026-09-04 15:26:20,repeat_random_model.py,"(1021, 9)",858,sequential_1019,Dense 128 -> 16 -> 16 -> 16 -> 32 -> 16 -> 1,mse,adam_1019,20,128,1.4836,9112.1650390625,4451.13134765625,3926.49853515625,0.4329947161561486,0.7
2026-09-04 15:26:22,repeat_random_model.py,"(1021, 9)",858,sequential_1020,Dense 128 -> 16 -> 16 -> 16 -> 16 -> 128 -> 1,mse,adam_1020,20,128,1.4794,13486.5380859375,5232.7802734375,5187.16943359375,0.25094775515379797,0.7
2026-09-04 15:26:23,repeat_random_model.py,"(1021, 9)",858,sequential_1021,Dense 128 -> 16 -> 16 -> 16 -> 16 -> 64 -> 1,mse,adam_1021,20,128,1.4932,40937.546875,5653.41455078125,5398.11083984375,0.22048679311813635,0.7
2026-09-04 15:26:25,repeat_random_model.py,"(1021, 9)",858,sequential_1022,Dense 128 -> 16 -> 16 -> 16 -> 16 -> 32 -> 1,mse,adam_1022,20,128,1.3621,27243.400390625,5455.3662109375,5298.560546875,0.2348623336236324,0.7
2026-09-04 15:26:27,repeat_random_model.py,"(1021, 9)",858,sequential_1023,Dense 128 -> 16 -> 16 -> 16 -> 16 -> 16 -> 1,mse,adam_1023,20,128,1.414,99733.1796875,6142.94580078125,5909.48095703125,0.14664239572696036,0.7
2026-09-04 15:26:28,repeat_random_model.py,"(1021, 9)",858,sequential_1024,Dense 64 -> 128 -> 128 -> 128 -> 128 -> 128 -> 1,mse,adam_1024,20,128,1.4668,301843.0,6085.10986328125,5808.69482421875,0.161196484340286,0.7
2026-09-04 15:26:30,repeat_random_model.py,"(1021, 9)",858,sequential_1025,Dense 64 -> 128 -> 128 -> 128 -> 128 -> 64 -> 1,mse,adam_1025,20,128,1.5655,235935.328125,5810.9580078125,5577.14501953125,0.194633409171457,0.7
2026-09-04 15:26:32,repeat_random_model.py,"(1021, 9)",858,sequential_1026,Dense 64 -> 128 -> 128 -> 128 -> 128 -> 32 -> 1,mse,adam_1026,20,128,1.4403,206003.0,5718.88525390625,5540.4462890625,0.19993278339852494,0.7
2026-09-04 15:26:33,repeat_random_model.py,"(1021, 9)",858,sequential_1027,Dense 64 -> 128 -> 128 -> 128 -> 128 -> 16 -> 1,mse,adam_1027,20,128,1.4442,680059.75,6080.65673828125,5842.095703125,0.1563732147990191,0.7
2026-09-04 15:26:35,repeat_random_model.py,"(1021, 9)",858,sequential_1028,Dense 64 -> 128 -> 128 -> 128 -> 64 -> 128 -> 1,mse,adam_1028,20,128,1.4379,233688.234375,6240.22802734375,5983.130859375,0.13600708784979,0.7
2026-09-04 15:26:37,repeat_random_model.py,"(1021, 9)",858,sequential_1029,Dense 64 -> 128 -> 128 -> 128 -> 64 -> 64 -> 1,mse,adam_1029,20,128,1.4657,336351.15625,6175.9248046875,5929.4990234375,0.1437517115597302,0.7
2026-09-04 15:26:39,repeat_random_model.py,"(1021, 9)",858,sequential_1030,Dense 64 -> 128 -> 128 -> 128 -> 64 -> 32 -> 1,mse,adam_1030,20,128,1.5193,158786.953125,6082.0751953125,5909.1328125,0.14669274006948207,0.7
2026-09-04 15:26:40,repeat_random_model.py,"(1021, 9)",858,sequential_1031,Dense 64 -> 128 -> 128 -> 128 -> 64 -> 16 -> 1,mse,adam_1031,20,128,1.4553,364368.1875,6212.97705078125,5968.263671875,0.13815381347605948,0.7
2026-09-04 15:26:42,repeat_random_model.py,"(1021, 9)",858,sequential_1032,Dense 64 -> 128 -> 128 -> 128 -> 32 -> 128 -> 1,mse,adam_1032,20,128,1.4714,176876.25,6381.9287109375,6084.5634765625,0.12135971252639399,0.7
2026-09-04 15:26:44,repeat_random_model.py,"(1021, 9)",858,sequential_1033,Dense 64 -> 128 -> 128 -> 128 -> 32 -> 64 -> 1,mse,adam_1033,20,128,1.4662,265668.09375,6090.54150390625,5809.64208984375,0.1610596694588471,0.7
2026-09-04 15:26:45,repeat_random_model.py,"(1021, 9)",858,sequential_1034,Dense 64 -> 128 -> 128 -> 128 -> 32 -> 32 -> 1,mse,adam_1034,20,128,1.4109,543195.8125,6194.55810546875,5902.64306640625,0.1476298823789829,0.7
2026-09-04 15:26:47,repeat_random_model.py,"(1021, 9)",858,sequential_1035,Dense 64 -> 128 -> 128 -> 128 -> 32 -> 16 -> 1,mse,adam_1035,20,128,1.4747,120044.265625,6158.6123046875,5887.7783203125,0.14977637720950732,0.7
2026-09-04 15:26:49,repeat_random_model.py,"(1021, 9)",858,sequential_1036,Dense 64 -> 128 -> 128 -> 128 -> 16 -> 128 -> 1,mse,adam_1036,20,128,1.4255,46232.8046875,6002.462890625,5739.58544921875,0.17117611927070797,0.7
2026-09-04 15:26:51,repeat_random_model.py,"(1021, 9)",858,sequential_1037,Dense 64 -> 128 -> 128 -> 128 -> 16 -> 64 -> 1,mse,adam_1037,20,128,1.4554,170099.078125,6085.72412109375,5797.23779296875,0.16285091072665192,0.7
2026-09-04 15:26:52,repeat_random_model.py,"(1021, 9)",858,sequential_1038,Dense 64 -> 128 -> 128 -> 128 -> 16 -> 32 -> 1,mse,adam_1038,20,128,1.4528,100221.8359375,6248.4638671875,5877.619140625,0.15124338639722812,0.7
2026-09-04 15:26:54,repeat_random_model.py,"(1021, 9)",858,sequential_1039,Dense 64 -> 128 -> 128 -> 128 -> 16 -> 16 -> 1,mse,adam_1039,20,128,1.4389,404282.34375,6205.5048828125,5961.1220703125,0.13918522540663592,0.7
2026-09-04 15:26:56,repeat_random_model.py,"(1021, 9)",858,sequential_1040,Dense 64 -> 128 -> 128 -> 64 -> 128 -> 128 -> 1,mse,adam_1040,20,128,1.4508,241754.390625,6380.50048828125,6066.689453125,0.12394071252157901,0.7
2026-09-04 15:26:57,repeat_random_model.py,"(1021, 9)",858,sequential_1041,Dense 64 -> 128 -> 128 -> 64 -> 128 -> 64 -> 1,mse,adam_1041,20,128,1.4366,89286.28125,5747.17529296875,5556.7705078125,0.19757552885797125,0.7
2026-09-04 15:26:59,repeat_random_model.py,"(1021, 9)",858,sequential_1042,Dense 64 -> 128 -> 128 -> 64 -> 128 -> 32 -> 1,mse,adam_1042,20,128,1.4265,138998.453125,6127.287109375,5860.51220703125,0.1537137830674118,0.7
2026-09-04 15:27:01,repeat_random_model.py,"(1021, 9)",858,sequential_1043,Dense 64 -> 128 -> 128 -> 64 -> 128 -> 16 -> 1,mse,adam_1043,20,128,1.46,378153.03125,6394.033203125,6076.07080078125,0.1225860571811187,0.7
2026-09-04 15:27:03,repeat_random_model.py,"(1021, 9)",858,sequential_1044,Dense 64 -> 128 -> 128 -> 64 -> 64 -> 128 -> 1,mse,adam_1044,20,128,1.7628,119201.0703125,5940.3369140625,5997.6552734375,0.1339097306446395,0.7
2026-09-04 15:27:04,repeat_random_model.py,"(1021, 9)",858,sequential_1045,Dense 64 -> 128 -> 128 -> 64 -> 64 -> 64 -> 1,mse,adam_1045,20,128,1.4003,120754.28125,5695.611328125,5541.00927734375,0.1998516451848612,0.7
2026-09-04 15:27:06,repeat_random_model.py,"(1021, 9)",858,sequential_1046,Dense 64 -> 128 -> 128 -> 64 -> 64 -> 32 -> 1,mse,adam_1046,20,128,1.5268,169287.921875,5967.46826171875,5637.56298828125,0.1859086567534759,0.7
2026-09-04 15:27:08,repeat_random_model.py,"(1021, 9)",858,sequential_1047,Dense 64 -> 128 -> 128 -> 64 -> 64 -> 16 -> 1,mse,adam_1047,20,128,1.507,200311.5625,5551.69140625,5324.2646484375,0.23115054903181975,0.7
2026-09-04 15:27:10,repeat_random_model.py,"(1021, 9)",858,sequential_1048,Dense 64 -> 128 -> 128 -> 64 -> 32 -> 128 -> 1,mse,adam_1048,20,128,1.5786,59082.5859375,5798.25927734375,5621.39990234375,0.1882426708915086,0.7
2026-09-04 15:27:11,repeat_random_model.py,"(1021, 9)",858,sequential_1049,Dense 64 -> 128 -> 128 -> 64 -> 32 -> 64 -> 1,mse,adam_1049,20,128,1.4419,157989.75,6115.958984375,5897.34375,0.1483951217157975,0.7
2026-09-04 15:27:13,repeat_random_model.py,"(1021, 9)",858,sequential_1050,Dense 64 -> 128 -> 128 -> 64 -> 32 -> 32 -> 1,mse,adam_1050,20,128,1.4492,158222.6875,5999.0771484375,5750.43701171875,0.1696091238842169,0.7
2026-09-04 15:27:15,repeat_random_model.py,"(1021, 9)",858,sequential_1051,Dense 64 -> 128 -> 128 -> 64 -> 32 -> 16 -> 1,mse,adam_1051,20,128,1.4904,142798.890625,6321.96533203125,6076.9228515625,0.12246311615242034,0.7
2026-09-04 15:27:16,repeat_random_model.py,"(1021, 9)",858,sequential_1052,Dense 64 -> 128 -> 128 -> 64 -> 16 -> 128 -> 1,mse,adam_1052,20,128,1.4933,45598.78515625,6096.46875,5776.13818359375,0.16589778826361556,0.7
2026-09-04 15:27:18,repeat_random_model.py,"(1021, 9)",858,sequential_1053,Dense 64 -> 128 -> 128 -> 64 -> 16 -> 64 -> 1,mse,adam_1053,20,128,1.4724,70575.8828125,5762.90087890625,5538.734375,0.20017994582129517,0.7
2026-09-04 15:27:20,repeat_random_model.py,"(1021, 9)",858,sequential_1054,Dense 64 -> 128 -> 128 -> 64 -> 16 -> 32 -> 1,mse,adam_1054,20,128,1.4334,99091.265625,6145.22705078125,5968.96484375,0.13805270809806547,0.7
2026-09-04 15:27:21,repeat_random_model.py,"(1021, 9)",858,sequential_1055,Dense 64 -> 128 -> 128 -> 64 -> 16 -> 16 -> 1,mse,adam_1055,20,128,1.4264,353060.03125,6208.966796875,5965.1083984375,0.13860946642542427,0.7
2026-09-04 15:27:23,repeat_random_model.py,"(1021, 9)",858,sequential_1056,Dense 64 -> 128 -> 128 -> 32 -> 128 -> 128 -> 1,mse,adam_1056,20,128,1.5415,124846.3359375,6284.158203125,5941.29296875,0.14204872453550255,0.7
2026-09-04 15:27:25,repeat_random_model.py,"(1021, 9)",858,sequential_1057,Dense 64 -> 128 -> 128 -> 32 -> 128 -> 64 -> 1,mse,adam_1057,20,128,1.4445,173428.515625,6077.57080078125,5836.19677734375,0.1572251416910767,0.7
2026-09-04 15:27:27,repeat_random_model.py,"(1021, 9)",858,sequential_1058,Dense 64 -> 128 -> 128 -> 32 -> 128 -> 32 -> 1,mse,adam_1058,20,128,1.508,84173.984375,5703.5146484375,5491.97607421875,0.2069321136511455,0.7
2026-09-04 15:27:28,repeat_random_model.py,"(1021, 9)",858,sequential_1059,Dense 64 -> 128 -> 128 -> 32 -> 128 -> 16 -> 1,mse,adam_1059,20,128,1.4929,67406.015625,6162.37451171875,5838.55126953125,0.15688496425646214,0.7
2026-09-04 15:27:30,repeat_random_model.py,"(1021, 9)",858,sequential_1060,Dense 64 -> 128 -> 128 -> 32 -> 64 -> 128 -> 1,mse,adam_1060,20,128,1.5183,38007.37109375,5388.22607421875,5149.77685546875,0.25634741896879865,0.7
2026-09-04 15:27:32,repeat_random_model.py,"(1021, 9)",858,sequential_1061,Dense 64 -> 128 -> 128 -> 32 -> 64 -> 64 -> 1,mse,adam_1061,20,128,1.4269,109003.84375,6289.373046875,6017.75048828125,0.13100774797111603,0.7
2026-09-04 15:27:34,repeat_random_model.py,"(1021, 9)",858,sequential_1062,Dense 64 -> 128 -> 128 -> 32 -> 64 -> 32 -> 1,mse,adam_1062,20,128,1.5117,103016.5625,6186.810546875,5956.1787109375,0.13989906283680764,0.7
2026-09-04 15:27:35,repeat_random_model.py,"(1021, 9)",858,sequential_1063,Dense 64 -> 128 -> 128 -> 32 -> 64 -> 16 -> 1,mse,adam_1063,20,128,1.4078,187575.921875,6338.60009765625,6040.6865234375,0.12769574213131551,0.7
2026-09-04 15:27:37,repeat_random_model.py,"(1021, 9)",858,sequential_1064,Dense 64 -> 128 -> 128 -> 32 -> 32 -> 128 -> 1,mse,adam_1064,20,128,1.4377,32731.70703125,5845.00927734375,5710.9228515625,0.1753152413589033,0.7
2026-09-04 15:27:39,repeat_random_model.py,"(1021, 9)",858,sequential_1065,Dense 64 -> 128 -> 128 -> 32 -> 32 -> 64 -> 1,mse,adam_1065,20,128,1.4641,79771.515625,5971.03369140625,5752.2333984375,0.169349721106409,0.7
2026-09-04 15:27:40,repeat_random_model.py,"(1021, 9)",858,sequential_1066,Dense 64 -> 128 -> 128 -> 32 -> 32 -> 32 -> 1,mse,adam_1066,20,128,1.4116,208657.9375,6225.00927734375,5913.00244140625,0.14613399732858023,0.7
2026-09-04 15:27:42,repeat_random_model.py,"(1021, 9)",858,sequential_1067,Dense 64 -> 128 -> 128 -> 32 -> 32 -> 16 -> 1,mse,adam_1067,20,128,1.4046,91875.7109375,5755.2763671875,5511.66796875,0.20408853421182505,0.7
2026-09-04 15:27:44,repeat_random_model.py,"(1021, 9)",858,sequential_1068,Dense 64 -> 128 -> 128 -> 32 -> 16 -> 128 -> 1,mse,adam_1068,20,128,1.4526,21183.83984375,5054.69189453125,4715.84912109375,0.3190086347253557,0.7
2026-09-04 15:27:45,repeat_random_model.py,"(1021, 9)",858,sequential_1069,Dense 64 -> 128 -> 128 -> 32 -> 16 -> 64 -> 1,mse,adam_1069,20,128,1.4009,67449.4765625,6038.0234375,5774.00537109375,0.16620585288735912,0.7
2026-09-04 15:27:47,repeat_random_model.py,"(1021, 9)",858,sequential_1070,Dense 64 -> 128 -> 128 -> 32 -> 16 -> 32 -> 1,mse,adam_1070,20,128,1.4176,128483.0234375,5775.1787109375,5472.4404296875,0.20975323826795167,0.7
2026-09-04 15:27:49,repeat_random_model.py,"(1021, 9)",858,sequential_1071,Dense 64 -> 128 -> 128 -> 32 -> 16 -> 16 -> 1,mse,adam_1071,20,128,1.3927,358214.625,6155.1591796875,6350.66845703125,0.08293280299233341,0.7
2026-09-04 15:27:50,repeat_random_model.py,"(1021, 9)",858,sequential_1072,Dense 64 -> 128 -> 128 -> 16 -> 128 -> 128 -> 1,mse,adam_1072,20,128,1.4245,97731.65625,6445.517578125,6083.14208984375,0.12156488396107212,0.7
2026-09-04 15:27:52,repeat_random_model.py,"(1021, 9)",858,sequential_1073,Dense 64 -> 128 -> 128 -> 16 -> 128 -> 64 -> 1,mse,adam_1073,20,128,1.4755,77990.1875,5786.15234375,5472.998046875,0.20967272867509235,0.7
2026-09-04 15:27:54,repeat_random_model.py,"(1021, 9)",858,sequential_1074,Dense 64 -> 128 -> 128 -> 16 -> 128 -> 32 -> 1,mse,adam_1074,20,128,1.4319,101465.6796875,6164.64111328125,5834.3486328125,0.15749180161841947,0.7
2026-09-04 15:27:55,repeat_random_model.py,"(1021, 9)",858,sequential_1075,Dense 64 -> 128 -> 128 -> 16 -> 128 -> 16 -> 1,mse,adam_1075,20,128,1.4194,61083.92578125,6157.19091796875,5909.9326171875,0.1465771759739165,0.7
2026-09-04 15:27:57,repeat_random_model.py,"(1021, 9)",858,sequential_1076,Dense 64 -> 128 -> 128 -> 16 -> 64 -> 128 -> 1,mse,adam_1076,20,128,1.4395,113082.5703125,6210.48974609375,6011.6865234375,0.13188347525406185,0.7
2026-09-04 15:27:59,repeat_random_model.py,"(1021, 9)",858,sequential_1077,Dense 64 -> 128 -> 128 -> 16 -> 64 -> 64 -> 1,mse,adam_1077,20,128,1.4592,27722.833984375,5682.23681640625,5521.66748046875,0.20264463054822268,0.7
2026-09-04 15:28:01,repeat_random_model.py,"(1021, 9)",858,sequential_1078,Dense 64 -> 128 -> 128 -> 16 -> 64 -> 32 -> 1,mse,adam_1078,20,128,1.4465,52267.6484375,5976.7529296875,5756.4697265625,0.16873800039717013,0.7
2026-09-04 15:28:02,repeat_random_model.py,"(1021, 9)",858,sequential_1079,Dense 64 -> 128 -> 128 -> 16 -> 64 -> 16 -> 1,mse,adam_1079,20,128,1.48,69393.3125,5864.24755859375,5669.77734375,0.18125683777517354,0.7
2026-09-04 15:28:04,repeat_random_model.py,"(1021, 9)",858,sequential_1080,Dense 64 -> 128 -> 128 -> 16 -> 32 -> 128 -> 1,mse,adam_1080,20,128,1.4496,65267.703125,5859.8359375,5582.47509765625,0.19386365294135888,0.7
2026-09-04 15:28:06,repeat_random_model.py,"(1021, 9)",858,sequential_1081,Dense 64 -> 128 -> 128 -> 16 -> 32 -> 64 -> 1,mse,adam_1081,20,128,1.391,95414.1953125,6136.15869140625,5879.88525390625,0.15091615088620858,0.7
2026-09-04 15:28:07,repeat_random_model.py,"(1021, 9)",858,sequential_1082,Dense 64 -> 128 -> 128 -> 16 -> 32 -> 32 -> 1,mse,adam_1082,20,128,1.4625,102817.3515625,6129.49755859375,5873.15576171875,0.1518879603951283,0.7
2026-09-04 15:28:09,repeat_random_model.py,"(1021, 9)",858,sequential_1083,Dense 64 -> 128 -> 128 -> 16 -> 32 -> 16 -> 1,mse,adam_1083,20,128,1.4849,86326.984375,5966.216796875,5678.56884765625,0.1799872805727447,0.7
2026-09-04 15:28:11,repeat_random_model.py,"(1021, 9)",858,sequential_1084,Dense 64 -> 128 -> 128 -> 16 -> 16 -> 128 -> 1,mse,adam_1084,20,128,1.4221,32814.5078125,5792.5322265625,5539.6376953125,0.20004956569635446,0.7
2026-09-04 15:28:12,repeat_random_model.py,"(1021, 9)",858,sequential_1085,Dense 64 -> 128 -> 128 -> 16 -> 16 -> 64 -> 1,mse,adam_1085,20,128,1.4468,37461.7578125,6190.591796875,6061.7138671875,0.12465933810752561,0.7
2026-09-04 15:28:14,repeat_random_model.py,"(1021, 9)",858,sequential_1086,Dense 64 -> 128 -> 128 -> 16 -> 16 -> 32 -> 1,mse,adam_1086,20,128,1.4066,231309.8125,6275.7939453125,5981.79931640625,0.13619931847195088,0.7
2026-09-04 15:28:16,repeat_random_model.py,"(1021, 9)",858,sequential_1087,Dense 64 -> 128 -> 128 -> 16 -> 16 -> 16 -> 1,mse,adam_1087,20,128,1.3575,63049.671875,5846.98193359375,5666.12841796875,0.1817837271552235,0.7
2026-09-04 15:28:17,repeat_random_model.py,"(1021, 9)",858,sequential_1088,Dense 64 -> 128 -> 64 -> 128 -> 128 -> 128 -> 1,mse,adam_1088,20,128,1.4425,289925.53125,6164.287109375,5935.26953125,0.1429185201918639,0.7
2026-09-04 15:28:19,repeat_random_model.py,"(1021, 9)",858,sequential_1089,Dense 64 -> 128 -> 64 -> 128 -> 128 -> 64 -> 1,mse,adam_1089,20,128,1.5293,220411.921875,6098.95654296875,5854.46044921875,0.1545875704042048,0.7
2026-09-04 15:28:21,repeat_random_model.py,"(1021, 9)",858,sequential_1090,Dense 64 -> 128 -> 64 -> 128 -> 128 -> 32 -> 1,mse,adam_1090,20,128,1.5115,163464.9375,6167.97021484375,5909.0546875,0.14670393234678158,0.7
2026-09-04 15:28:23,repeat_random_model.py,"(1021, 9)",858,sequential_1091,Dense 64 -> 128 -> 64 -> 128 -> 128 -> 16 -> 1,mse,adam_1091,20,128,1.5107,189465.78125,6062.91748046875,5835.6826171875,0.1572993091572309,0.7
2026-09-04 15:28:24,repeat_random_model.py,"(1021, 9)",858,sequential_1092,Dense 64 -> 128 -> 64 -> 128 -> 64 -> 128 -> 1,mse,adam_1092,20,128,1.4184,59752.37109375,5917.06591796875,5694.21728515625,0.17772747893977925,0.7
2026-09-04 15:28:26,repeat_random_model.py,"(1021, 9)",858,sequential_1093,Dense 64 -> 128 -> 64 -> 128 -> 64 -> 64 -> 1,mse,adam_1093,20,128,1.4222,199900.234375,6070.166015625,5824.36474609375,0.1589336764765582,0.7
2026-09-04 15:28:27,repeat_random_model.py,"(1021, 9)",858,sequential_1094,Dense 64 -> 128 -> 64 -> 128 -> 64 -> 32 -> 1,mse,adam_1094,20,128,1.3709,116445.5859375,6164.52490234375,5907.7724609375,0.14688917215344188,0.7
2026-09-04 15:28:29,repeat_random_model.py,"(1021, 9)",858,sequential_1095,Dense 64 -> 128 -> 64 -> 128 -> 64 -> 16 -> 1,mse,adam_1095,20,128,1.3954,130034.3515625,5930.18701171875,5718.4345703125,0.1742304930111115,0.7
2026-09-04 15:28:31,repeat_random_model.py,"(1021, 9)",858,sequential_1096,Dense 64 -> 128 -> 64 -> 128 -> 32 -> 128 -> 1,mse,adam_1096,20,128,1.4699,74984.8203125,6127.08154296875,5817.52392578125,0.1599214388843364,0.7
2026-09-04 15:28:32,repeat_random_model.py,"(1021, 9)",858,sequential_1097,Dense 64 -> 128 -> 64 -> 128 -> 32 -> 64 -> 1,mse,adam_1097,20,128,1.3639,43988.28125,5659.87109375,5269.470703125,0.23906303238187077,0.7
2026-09-04 15:28:34,repeat_random_model.py,"(1021, 9)",858,sequential_1098,Dense 64 -> 128 -> 64 -> 128 -> 32 -> 32 -> 1,mse,adam_1098,20,128,1.4327,89086.09375,6164.48681640625,5862.822265625,0.1533801166665255,0.7
2026-09-04 15:28:36,repeat_random_model.py,"(1021, 9)",858,sequential_1099,Dense 64 -> 128 -> 64 -> 128 -> 32 -> 16 -> 1,mse,adam_1099,20,128,1.4201,95585.1015625,5785.39892578125,5570.111328125,0.1956490177186656,0.7
2026-09-04 15:28:37,repeat_random_model.py,"(1021, 9)",858,sequential_1100,Dense 64 -> 128 -> 64 -> 128 -> 16 -> 128 -> 1,mse,adam_1100,20,128,1.382,32745.21484375,6057.04345703125,5779.44482421875,0.16542033142050694,0.7
2026-09-04 15:28:39,repeat_random_model.py,"(1021, 9)",858,sequential_1101,Dense 64 -> 128 -> 64 -> 128 -> 16 -> 64 -> 1,mse,adam_1101,20,128,1.4761,63549.09765625,6260.18212890625,5921.88134765625,0.14485172912387212,0.7
2026-09-04 15:28:41,repeat_random_model.py,"(1021, 9)",858,sequential_1102,Dense 64 -> 128 -> 64 -> 128 -> 16 -> 32 -> 1,mse,adam_1102,20,128,1.4486,143158.90625,6039.57666015625,5762.33642578125,0.16789082899103747,0.7
2026-09-04 15:28:54,repeat_random_model.py,"(1021, 9)",858,sequential_1103,Dense 64 -> 128 -> 64 -> 128 -> 16 -> 16 -> 1,mse,adam_1103,20,128,1.4194,74982.9765625,6010.806640625,5712.67626953125,0.17506191677164973,0.7
2026-09-04 15:28:55,repeat_random_model.py,"(1021, 9)",858,sequential_1104,Dense 64 -> 128 -> 64 -> 64 -> 128 -> 128 -> 1,mse,adam_1104,20,128,1.6618,104049.8125,6053.10498046875,5865.07470703125,0.153054982116114,0.7
2026-09-04 15:28:57,repeat_random_model.py,"(1021, 9)",858,sequential_1105,Dense 64 -> 128 -> 64 -> 64 -> 128 -> 64 -> 1,mse,adam_1105,20,128,1.6407,179498.078125,5870.744140625,5577.25341796875,0.19461780036247456,0.7
2026-09-04 15:28:59,repeat_random_model.py,"(1021, 9)",858,sequential_1106,Dense 64 -> 128 -> 64 -> 64 -> 128 -> 32 -> 1,mse,adam_1106,20,128,1.558,89299.90625,5903.10546875,5668.3662109375,0.18146059005791515,0.7
2026-09-04 15:29:01,repeat_random_model.py,"(1021, 9)",858,sequential_1107,Dense 64 -> 128 -> 64 -> 64 -> 128 -> 16 -> 1,mse,adam_1107,20,128,1.5368,82330.3828125,6178.65283203125,5969.31201171875,0.13800255313875032,0.7
2026-09-04 15:29:03,repeat_random_model.py,"(1021, 9)",858,sequential_1108,Dense 64 -> 128 -> 64 -> 64 -> 64 -> 128 -> 1,mse,adam_1108,20,128,1.6436,71573.125,5442.5947265625,5199.982421875,0.24909748630271444,0.7
2026-09-04 15:29:05,repeat_random_model.py,"(1021, 9)",858,sequential_1109,Dense 64 -> 128 -> 64 -> 64 -> 64 -> 64 -> 1,mse,adam_1109,20,128,1.5215,89516.3828125,5900.1357421875,5661.375,0.18247009306020423,0.7
2026-09-04 15:29:06,repeat_random_model.py,"(1021, 9)",858,sequential_1110,Dense 64 -> 128 -> 64 -> 64 -> 64 -> 32 -> 1,mse,adam_1110,20,128,1.5027,144473.265625,6254.48291015625,5954.59521484375,0.14012768285665433,0.7
2026-09-04 15:29:08,repeat_random_model.py,"(1021, 9)",858,sequential_1111,Dense 64 -> 128 -> 64 -> 64 -> 64 -> 16 -> 1,mse,adam_1111,20,128,1.4468,119821.96875,6030.18603515625,5825.0517578125,0.15883441114496,0.7
2026-09-04 15:29:10,repeat_random_model.py,"(1021, 9)",858,sequential_1112,Dense 64 -> 128 -> 64 -> 64 -> 32 -> 128 -> 1,mse,adam_1112,20,128,1.549,56932.99609375,5922.20361328125,5600.5810546875,0.19124902516435482,0.7
2026-09-04 15:29:12,repeat_random_model.py,"(1021, 9)",858,sequential_1113,Dense 64 -> 128 -> 64 -> 64 -> 32 -> 64 -> 1,mse,adam_1113,20,128,1.4596,70391.9453125,5957.11962890625,5685.7275390625,0.1789535339328988,0.7
2026-09-04 15:29:13,repeat_random_model.py,"(1021, 9)",858,sequential_1114,Dense 64 -> 128 -> 64 -> 64 -> 32 -> 32 -> 1,mse,adam_1114,20,128,1.4149,102944.078125,6000.5927734375,5726.13134765625,0.1731188967447982,0.7
2026-09-04 15:29:15,repeat_random_model.py,"(1021, 9)",858,sequential_1115,Dense 64 -> 128 -> 64 -> 64 -> 32 -> 16 -> 1,mse,adam_1115,20,128,1.5415,177432.109375,6001.6064453125,5718.5439453125,0.17421465910804146,0.7
2026-09-04 15:29:17,repeat_random_model.py,"(1021, 9)",858,sequential_1116,Dense 64 -> 128 -> 64 -> 64 -> 16 -> 128 -> 1,mse,adam_1116,20,128,1.4601,28462.0859375,5878.21435546875,5623.6904296875,0.1879118573713794,0.7
2026-09-04 15:29:18,repeat_random_model.py,"(1021, 9)",858,sequential_1117,Dense 64 -> 128 -> 64 -> 64 -> 16 -> 64 -> 1,mse,adam_1117,20,128,1.3855,69022.0703125,6229.57861328125,5820.0732421875,0.15955338044808776,0.7
2026-09-04 15:29:20,repeat_random_model.py,"(1021, 9)",858,sequential_1118,Dense 64 -> 128 -> 64 -> 64 -> 16 -> 32 -> 1,mse,adam_1118,20,128,1.4367,103120.8203125,6226.0693359375,5858.0966796875,0.15406262253998282,0.7
2026-09-04 15:29:22,repeat_random_model.py,"(1021, 9)",858,sequential_1119,Dense 64 -> 128 -> 64 -> 64 -> 16 -> 16 -> 1,mse,adam_1119,20,128,1.5016,114492.7109375,5922.9521484375,5756.7470703125,0.16869799069725777,0.7
2026-09-04 15:29:24,repeat_random_model.py,"(1021, 9)",858,sequential_1120,Dense 64 -> 128 -> 64 -> 32 -> 128 -> 128 -> 1,mse,adam_1120,20,128,1.5638,50811.57421875,5600.97900390625,5493.560546875,0.206703358629597,0.7
2026-09-04 15:29:25,repeat_random_model.py,"(1021, 9)",858,sequential_1121,Dense 64 -> 128 -> 64 -> 32 -> 128 -> 64 -> 1,mse,adam_1121,20,128,1.4846,124779.21875,5846.5283203125,5906.6103515625,0.1470570816480734,0.7
2026-09-04 15:29:27,repeat_random_model.py,"(1021, 9)",858,sequential_1122,Dense 64 -> 128 -> 64 -> 32 -> 128 -> 32 -> 1,mse,adam_1122,20,128,1.5013,57136.90234375,5631.13427734375,5402.56298828125,0.21984383556788278,0.7
2026-09-04 15:29:29,repeat_random_model.py,"(1021, 9)",858,sequential_1123,Dense 64 -> 128 -> 64 -> 32 -> 128 -> 16 -> 1,mse,adam_1123,20,128,1.4642,45670.16796875,5445.9345703125,5361.84521484375,0.22572365224275137,0.7
2026-09-04 15:29:32,repeat_random_model.py,"(1021, 9)",858,sequential_1124,Dense 64 -> 128 -> 64 -> 32 -> 64 -> 128 -> 1,mse,adam_1124,20,128,2.6002,64487.80078125,5940.2109375,5925.40576171875,0.14434279248852167,0.7
2026-09-04 15:29:33,repeat_random_model.py,"(1021, 9)",858,sequential_1125,Dense 64 -> 128 -> 64 -> 32 -> 64 -> 64 -> 1,mse,adam_1125,20,128,1.5361,79911.1953125,6270.8662109375,5994.708984375,0.13433512859491425,0.7
2026-09-04 15:29:35,repeat_random_model.py,"(1021, 9)",858,sequential_1126,Dense 64 -> 128 -> 64 -> 32 -> 64 -> 32 -> 1,mse,adam_1126,20,128,1.6226,132408.21875,6281.9443359375,5996.845703125,0.1340264728493632,0.7
2026-09-04 15:29:37,repeat_random_model.py,"(1021, 9)",858,sequential_1127,Dense 64 -> 128 -> 64 -> 32 -> 64 -> 16 -> 1,mse,adam_1127,20,128,1.5505,86733.1015625,5805.74560546875,5556.9326171875,0.19755205237832774,0.7
2026-09-04 15:29:39,repeat_random_model.py,"(1021, 9)",858,sequential_1128,Dense 64 -> 128 -> 64 -> 32 -> 32 -> 128 -> 1,mse,adam_1128,20,128,1.4196,67455.921875,5992.08935546875,5809.89794921875,0.1610227046569671,0.7
2026-09-04 15:29:41,repeat_random_model.py,"(1021, 9)",858,sequential_1129,Dense 64 -> 128 -> 64 -> 32 -> 32 -> 64 -> 1,mse,adam_1129,20,128,1.4659,106400.921875,6143.1396484375,5945.04443359375,0.14150688221558416,0.7
2026-09-04 15:29:42,repeat_random_model.py,"(1021, 9)",858,sequential_1130,Dense 64 -> 128 -> 64 -> 32 -> 32 -> 32 -> 1,mse,adam_1130,20,128,1.4007,65350.36328125,6022.5048828125,5752.33154296875,0.16933567489400603,0.7
2026-09-04 15:29:44,repeat_random_model.py,"(1021, 9)",858,sequential_1131,Dense 64 -> 128 -> 64 -> 32 -> 32 -> 16 -> 1,mse,adam_1131,20,128,1.5499,156910.5625,5639.17333984375,5296.14208984375,0.23521152450191696,0.7
2026-09-04 15:29:46,repeat_random_model.py,"(1021, 9)",858,sequential_1132,Dense 64 -> 128 -> 64 -> 32 -> 16 -> 128 -> 1,mse,adam_1132,20,128,1.5827,21377.265625,5425.3388671875,5318.3349609375,0.2320066861396468,0.7
2026-09-04 15:29:48,repeat_random_model.py,"(1021, 9)",858,sequential_1133,Dense 64 -> 128 -> 64 -> 32 -> 16 -> 64 -> 1,mse,adam_1133,20,128,1.4526,58192.8984375,6102.57568359375,5818.12841796875,0.1598340765031444,0.7
2026-09-04 15:29:52,repeat_random_model.py,"(1021, 9)",858,sequential_1134,Dense 64 -> 128 -> 64 -> 32 -> 16 -> 32 -> 1,mse,adam_1134,20,128,3.8379,120836.8359375,6102.9365234375,5782.89208984375,0.16492238096513057,0.7
2026-09-04 15:29:53,repeat_random_model.py,"(1021, 9)",858,sequential_1135,Dense 64 -> 128 -> 64 -> 32 -> 16 -> 16 -> 1,mse,adam_1135,20,128,1.4116,177662.390625,6275.28857421875,5954.17431640625,0.1401886243629138,0.7
2026-09-04 15:29:55,repeat_random_model.py,"(1021, 9)",858,sequential_1136,Dense 64 -> 128 -> 64 -> 16 -> 128 -> 128 -> 1,mse,adam_1136,20,128,1.4516,41383.83984375,5376.591796875,5133.96240234375,0.258631119570205,0.7
2026-09-04 15:29:57,repeat_random_model.py,"(1021, 9)",858,sequential_1137,Dense 64 -> 128 -> 64 -> 16 -> 128 -> 64 -> 1,mse,adam_1137,20,128,1.4623,47986.39453125,5977.2939453125,5826.31640625,0.15865187856075402,0.7
2026-09-04 15:29:59,repeat_random_model.py,"(1021, 9)",858,sequential_1138,Dense 64 -> 128 -> 64 -> 16 -> 128 -> 32 -> 1,mse,adam_1138,20,128,1.5321,96125.1953125,6317.6591796875,6006.26953125,0.1326656809208816,0.7
2026-09-04 15:30:00,repeat_random_model.py,"(1021, 9)",858,sequential_1139,Dense 64 -> 128 -> 64 -> 16 -> 128 -> 16 -> 1,mse,adam_1139,20,128,1.4866,14734.8642578125,4744.60546875,4585.876953125,0.3377773259656647,0.7
2026-09-04 15:30:02,repeat_random_model.py,"(1021, 9)",858,sequential_1140,Dense 64 -> 128 -> 64 -> 16 -> 64 -> 128 -> 1,mse,adam_1140,20,128,1.4832,130903.4453125,6169.728515625,5974.54150390625,0.13724739413523013,0.7
2026-09-04 15:30:04,repeat_random_model.py,"(1021, 9)",858,sequential_1141,Dense 64 -> 128 -> 64 -> 16 -> 64 -> 64 -> 1,mse,adam_1141,20,128,1.5065,45246.0078125,5910.96875,6022.2392578125,0.130359533979149,0.7
2026-09-04 15:30:06,repeat_random_model.py,"(1021, 9)",858,sequential_1142,Dense 64 -> 128 -> 64 -> 16 -> 64 -> 32 -> 1,mse,adam_1142,20,128,1.4736,211447.59375,6365.0830078125,6068.0478515625,0.12374458303623947,0.7
2026-09-04 15:30:07,repeat_random_model.py,"(1021, 9)",858,sequential_1143,Dense 64 -> 128 -> 64 -> 16 -> 64 -> 16 -> 1,mse,adam_1143,20,128,1.4503,32096.083984375,5933.7509765625,5652.68505859375,0.18372498075177524,0.7
2026-09-04 15:30:09,repeat_random_model.py,"(1021, 9)",858,sequential_1144,Dense 64 -> 128 -> 64 -> 16 -> 32 -> 128 -> 1,mse,adam_1144,20,128,1.4697,66923.1015625,6200.18408203125,6314.939453125,0.08809232188021054,0.7
2026-09-04 15:30:11,repeat_random_model.py,"(1021, 9)",858,sequential_1145,Dense 64 -> 128 -> 64 -> 16 -> 32 -> 64 -> 1,mse,adam_1145,20,128,1.553,69994.90625,6227.34814453125,5949.8876953125,0.14080750211204385,0.7
2026-09-04 15:30:12,repeat_random_model.py,"(1021, 9)",858,sequential_1146,Dense 64 -> 128 -> 64 -> 16 -> 32 -> 32 -> 1,mse,adam_1146,20,128,1.4838,28597.91015625,5317.26953125,5258.2841796875,0.24067833129094107,0.7
2026-09-04 15:30:14,repeat_random_model.py,"(1021, 9)",858,sequential_1147,Dense 64 -> 128 -> 64 -> 16 -> 32 -> 16 -> 1,mse,adam_1147,20,128,1.4507,88111.6640625,6111.43505859375,5832.69384765625,0.15773074690332922,0.7
2026-09-04 15:30:16,repeat_random_model.py,"(1021, 9)",858,sequential_1148,Dense 64 -> 128 -> 64 -> 16 -> 16 -> 128 -> 1,mse,adam_1148,20,128,1.4256,23172.869140625,5576.53662109375,5518.021484375,0.20317102053523017,0.7
2026-09-04 15:30:17,repeat_random_model.py,"(1021, 9)",858,sequential_1149,Dense 64 -> 128 -> 64 -> 16 -> 16 -> 64 -> 1,mse,adam_1149,20,128,1.4446,20934.439453125,5559.25732421875,5410.169921875,0.21874528374902047,0.7
2026-09-04 15:30:19,repeat_random_model.py,"(1021, 9)",858,sequential_1150,Dense 64 -> 128 -> 64 -> 16 -> 16 -> 32 -> 1,mse,adam_1150,20,128,1.4975,82977.3046875,5772.78271484375,5771.32763671875,0.16659253952199016,0.7
2026-09-04 15:30:21,repeat_random_model.py,"(1021, 9)",858,sequential_1151,Dense 64 -> 128 -> 64 -> 16 -> 16 -> 16 -> 1,mse,adam_1151,20,128,1.5888,154960.390625,5913.9375,5707.6455078125,0.17578855294979456,0.7
2026-09-04 15:30:23,repeat_random_model.py,"(1021, 9)",858,sequential_1152,Dense 64 -> 128 -> 32 -> 128 -> 128 -> 128 -> 1,mse,adam_1152,20,128,1.5087,146986.21875,5957.0,5674.677734375,0.18054920001101593,0.7
2026-09-04 15:30:25,repeat_random_model.py,"(1021, 9)",858,sequential_1153,Dense 64 -> 128 -> 32 -> 128 -> 128 -> 64 -> 1,mse,adam_1153,20,128,1.4137,70694.3046875,5738.47216796875,5467.55517578125,0.21045858424272812,0.7
2026-09-04 15:30:26,repeat_random_model.py,"(1021, 9)",858,sequential_1154,Dense 64 -> 128 -> 32 -> 128 -> 128 -> 32 -> 1,mse,adam_1154,20,128,1.4227,78039.03125,5788.27392578125,5527.1484375,0.2018531025486956,0.7
2026-09-04 15:30:28,repeat_random_model.py,"(1021, 9)",858,sequential_1155,Dense 64 -> 128 -> 32 -> 128 -> 128 -> 16 -> 1,mse,adam_1155,20,128,1.4422,71043.1875,6085.4599609375,5834.19287109375,0.15751435083069154,0.7
2026-09-04 15:30:30,repeat_random_model.py,"(1021, 9)",858,sequential_1156,Dense 64 -> 128 -> 32 -> 128 -> 64 -> 128 -> 1,mse,adam_1156,20,128,1.4869,33430.63671875,5417.52197265625,5221.78466796875,0.24594911185704804,0.7
2026-09-04 15:30:31,repeat_random_model.py,"(1021, 9)",858,sequential_1157,Dense 64 -> 128 -> 32 -> 128 -> 64 -> 64 -> 1,mse,adam_1157,20,128,1.417,33581.66015625,5213.521484375,4545.501953125,0.34360762298063263,0.7
2026-09-04 15:30:33,repeat_random_model.py,"(1021, 9)",858,sequential_1158,Dense 64 -> 128 -> 32 -> 128 -> 64 -> 32 -> 1,mse,adam_1158,20,128,1.4502,65634.7734375,5861.583984375,6075.56787109375,0.12265867549110021,0.7
2026-09-04 15:30:35,repeat_random_model.py,"(1021, 9)",858,sequential_1159,Dense 64 -> 128 -> 32 -> 128 -> 64 -> 16 -> 1,mse,adam_1159,20,128,1.3896,132055.34375,6014.10302734375,5782.63818359375,0.16495913403735663,0.7
2026-09-04 15:30:36,repeat_random_model.py,"(1021, 9)",858,sequential_1160,Dense 64 -> 128 -> 32 -> 128 -> 32 -> 128 -> 1,mse,adam_1160,20,128,1.4458,26802.7265625,5481.185546875,5090.61767578125,0.2648902838546847,0.7
2026-09-04 15:30:38,repeat_random_model.py,"(1021, 9)",858,sequential_1161,Dense 64 -> 128 -> 32 -> 128 -> 32 -> 64 -> 1,mse,adam_1161,20,128,1.4784,28570.76953125,4813.587890625,4535.5048828125,0.3450512365988193,0.7
2026-09-04 15:30:40,repeat_random_model.py,"(1021, 9)",858,sequential_1162,Dense 64 -> 128 -> 32 -> 128 -> 32 -> 32 -> 1,mse,adam_1162,20,128,1.418,58406.87890625,5648.4345703125,5690.75927734375,0.17822695608599437,0.7
2026-09-04 15:30:41,repeat_random_model.py,"(1021, 9)",858,sequential_1163,Dense 64 -> 128 -> 32 -> 128 -> 32 -> 16 -> 1,mse,adam_1163,20,128,1.5223,88680.953125,6129.45166015625,5955.94287109375,0.13993311490476223,0.7
2026-09-04 15:30:43,repeat_random_model.py,"(1021, 9)",858,sequential_1164,Dense 64 -> 128 -> 32 -> 128 -> 16 -> 128 -> 1,mse,adam_1164,20,128,1.5173,24934.017578125,6018.0380859375,5519.33544921875,0.20298132075570963,0.7
2026-09-04 15:30:45,repeat_random_model.py,"(1021, 9)",858,sequential_1165,Dense 64 -> 128 -> 32 -> 128 -> 16 -> 64 -> 1,mse,adam_1165,20,128,1.4482,15196.4990234375,5504.873046875,4858.296875,0.29843847812808544,0.7
2026-09-04 15:30:47,repeat_random_model.py,"(1021, 9)",858,sequential_1166,Dense 64 -> 128 -> 32 -> 128 -> 16 -> 32 -> 1,mse,adam_1166,20,128,1.3554,53972.7578125,5863.06787109375,5644.69677734375,0.1848786022147907,0.7
2026-09-04 15:30:48,repeat_random_model.py,"(1021, 9)",858,sequential_1167,Dense 64 -> 128 -> 32 -> 128 -> 16 -> 16 -> 1,mse,adam_1167,20,128,1.4017,47048.19140625,5367.099609375,5214.10009765625,0.24705890962114718,0.7
2026-09-04 15:30:50,repeat_random_model.py,"(1021, 9)",858,sequential_1168,Dense 64 -> 128 -> 32 -> 64 -> 128 -> 128 -> 1,mse,adam_1168,20,128,1.5405,72777.25,5948.25341796875,5893.53125,0.14894559173608757,0.7
2026-09-04 15:30:52,repeat_random_model.py,"(1021, 9)",858,sequential_1169,Dense 64 -> 128 -> 32 -> 64 -> 128 -> 64 -> 1,mse,adam_1169,20,128,1.4638,119554.03125,6376.87060546875,6162.19482421875,0.11014943830605184,0.7
2026-09-04 15:30:53,repeat_random_model.py,"(1021, 9)",858,sequential_1170,Dense 64 -> 128 -> 32 -> 64 -> 128 -> 32 -> 1,mse,adam_1170,20,128,1.5271,55137.921875,5778.0166015625,5613.1103515625,0.18943979542521505,0.7
2026-09-04 15:30:55,repeat_random_model.py,"(1021, 9)",858,sequential_1171,Dense 64 -> 128 -> 32 -> 64 -> 128 -> 16 -> 1,mse,adam_1171,20,128,1.4172,77532.734375,5905.36279296875,5561.390625,0.19690846253913863,0.7
2026-09-04 15:30:57,repeat_random_model.py,"(1021, 9)",858,sequential_1172,Dense 64 -> 128 -> 32 -> 64 -> 64 -> 128 -> 1,mse,adam_1172,20,128,1.4575,92217.2109375,6191.07763671875,5944.64501953125,0.1415645030648962,0.7
2026-09-04 15:30:58,repeat_random_model.py,"(1021, 9)",858,sequential_1173,Dense 64 -> 128 -> 32 -> 64 -> 64 -> 64 -> 1,mse,adam_1173,20,128,1.3729,100329.171875,6131.6298828125,5849.3349609375,0.15532778082539234,0.7
2026-09-04 15:31:00,repeat_random_model.py,"(1021, 9)",858,sequential_1174,Dense 64 -> 128 -> 32 -> 64 -> 64 -> 32 -> 1,mse,adam_1174,20,128,1.3551,53119.3984375,5988.33251953125,5801.2197265625,0.16227592602554963,0.7
2026-09-04 15:31:02,repeat_random_model.py,"(1021, 9)",858,sequential_1175,Dense 64 -> 128 -> 32 -> 64 -> 64 -> 16 -> 1,mse,adam_1175,20,128,1.4303,128828.3671875,6002.23681640625,5777.0205078125,0.1657704052762995,0.7
2026-09-04 15:31:03,repeat_random_model.py,"(1021, 9)",858,sequential_1176,Dense 64 -> 128 -> 32 -> 64 -> 32 -> 128 -> 1,mse,adam_1176,20,128,1.3847,31855.9375,5623.53564453125,5042.6533203125,0.27181647690356237,0.7
2026-09-04 15:31:05,repeat_random_model.py,"(1021, 9)",858,sequential_1177,Dense 64 -> 128 -> 32 -> 64 -> 32 -> 64 -> 1,mse,adam_1177,20,128,1.5056,41747.34765625,6054.48974609375,5966.67529296875,0.13838329919988324,0.7
2026-09-04 15:31:07,repeat_random_model.py,"(1021, 9)",858,sequential_1178,Dense 64 -> 128 -> 32 -> 64 -> 32 -> 32 -> 1,mse,adam_1178,20,128,1.4703,52150.16015625,5693.52197265625,5541.83837890625,0.19973177322395952,0.7
2026-09-04 15:31:08,repeat_random_model.py,"(1021, 9)",858,sequential_1179,Dense 64 -> 128 -> 32 -> 64 -> 32 -> 16 -> 1,mse,adam_1179,20,128,1.366,54222.73046875,5539.4365234375,5348.4765625,0.22765415912425657,0.7
2026-09-04 15:31:10,repeat_random_model.py,"(1021, 9)",858,sequential_1180,Dense 64 -> 128 -> 32 -> 64 -> 16 -> 128 -> 1,mse,adam_1180,20,128,1.3518,35228.5546875,6012.7138671875,5941.31005859375,0.14204622570890502,0.7
2026-09-04 15:31:12,repeat_random_model.py,"(1021, 9)",858,sequential_1181,Dense 64 -> 128 -> 32 -> 64 -> 16 -> 64 -> 1,mse,adam_1181,20,128,1.4229,76054.5703125,6226.66064453125,5953.625,0.14026782099308333,0.7
2026-09-04 15:31:13,repeat_random_model.py,"(1021, 9)",858,sequential_1182,Dense 64 -> 128 -> 32 -> 64 -> 16 -> 32 -> 1,mse,adam_1182,20,128,1.3932,45127.5078125,5952.42626953125,5760.5078125,0.16815489388803317,0.7
2026-09-04 15:31:15,repeat_random_model.py,"(1021, 9)",858,sequential_1183,Dense 64 -> 128 -> 32 -> 64 -> 16 -> 16 -> 1,mse,adam_1183,20,128,1.4126,131837.875,5772.3701171875,5519.70849609375,0.2029274880795402,0.7
2026-09-04 15:31:17,repeat_random_model.py,"(1021, 9)",858,sequential_1184,Dense 64 -> 128 -> 32 -> 32 -> 128 -> 128 -> 1,mse,adam_1184,20,128,1.4868,115103.734375,6121.0673828125,5761.65966796875,0.16798857881437612,0.7
2026-09-04 15:31:18,repeat_random_model.py,"(1021, 9)",858,sequential_1185,Dense 64 -> 128 -> 32 -> 32 -> 128 -> 64 -> 1,mse,adam_1185,20,128,1.4291,50751.91015625,5974.341796875,5776.9599609375,0.16577907819067383,0.7
2026-09-04 15:31:20,repeat_random_model.py,"(1021, 9)",858,sequential_1186,Dense 64 -> 128 -> 32 -> 32 -> 128 -> 32 -> 1,mse,adam_1186,20,128,1.3573,81022.96875,5991.1474609375,5719.9423828125,0.17401274159835411,0.7
2026-09-04 15:31:22,repeat_random_model.py,"(1021, 9)",858,sequential_1187,Dense 64 -> 128 -> 32 -> 32 -> 128 -> 16 -> 1,mse,adam_1187,20,128,1.3749,61545.91796875,6146.208984375,5926.7373046875,0.14415041406495877,0.7
2026-09-04 15:31:23,repeat_random_model.py,"(1021, 9)",858,sequential_1188,Dense 64 -> 128 -> 32 -> 32 -> 64 -> 128 -> 1,mse,adam_1188,20,128,1.5224,24702.97265625,5207.73828125,4934.263671875,0.2874684517678776,0.7
2026-09-04 15:31:25,repeat_random_model.py,"(1021, 9)",858,sequential_1189,Dense 64 -> 128 -> 32 -> 32 -> 64 -> 64 -> 1,mse,adam_1189,20,128,1.4997,30913.06640625,5517.072265625,4721.873046875,0.31813871629739754,0.7
2026-09-04 15:31:27,repeat_random_model.py,"(1021, 9)",858,sequential_1190,Dense 64 -> 128 -> 32 -> 32 -> 64 -> 32 -> 1,mse,adam_1190,20,128,1.4399,34634.71484375,5881.51318359375,5468.5615234375,0.210313260530536,0.7
2026-09-04 15:31:29,repeat_random_model.py,"(1021, 9)",858,sequential_1191,Dense 64 -> 128 -> 32 -> 32 -> 64 -> 16 -> 1,mse,adam_1191,20,128,1.4546,27011.052734375,5369.685546875,5104.1103515625,0.26294191292666613,0.7
2026-09-04 15:31:30,repeat_random_model.py,"(1021, 9)",858,sequential_1192,Dense 64 -> 128 -> 32 -> 32 -> 32 -> 128 -> 1,mse,adam_1192,20,128,1.3908,21927.453125,5295.046875,5046.16552734375,0.2713092362175047,0.7
2026-09-04 15:31:32,repeat_random_model.py,"(1021, 9)",858,sequential_1193,Dense 64 -> 128 -> 32 -> 32 -> 32 -> 64 -> 1,mse,adam_1193,20,128,1.3493,35103.26171875,6056.19091796875,5685.4384765625,0.1789953420935324,0.7
2026-09-04 15:31:33,repeat_random_model.py,"(1021, 9)",858,sequential_1194,Dense 64 -> 128 -> 32 -> 32 -> 32 -> 32 -> 1,mse,adam_1194,20,128,1.35,26988.685546875,5444.66943359375,5219.6865234375,0.24625204037106663,0.7
2026-09-04 15:31:35,repeat_random_model.py,"(1021, 9)",858,sequential_1195,Dense 64 -> 128 -> 32 -> 32 -> 32 -> 16 -> 1,mse,adam_1195,20,128,1.5331,23746.595703125,5437.18115234375,5349.21044921875,0.22754819881163835,0.7
2026-09-04 15:31:37,repeat_random_model.py,"(1021, 9)",858,sequential_1196,Dense 64 -> 128 -> 32 -> 32 -> 16 -> 128 -> 1,mse,adam_1196,20,128,1.3564,23272.404296875,5567.95751953125,5533.541015625,0.20093006494396015,0.7
2026-09-04 15:31:38,repeat_random_model.py,"(1021, 9)",858,sequential_1197,Dense 64 -> 128 -> 32 -> 32 -> 16 -> 64 -> 1,mse,adam_1197,20,128,1.4879,28635.515625,6056.78662109375,6110.78271484375,0.11757362188915532,0.7
2026-09-04 15:31:40,repeat_random_model.py,"(1021, 9)",858,sequential_1198,Dense 64 -> 128 -> 32 -> 32 -> 16 -> 32 -> 1,mse,adam_1198,20,128,1.4703,30140.96484375,5801.0517578125,5592.9326171875,0.19235346629680405,0.7
2026-09-04 15:31:42,repeat_random_model.py,"(1021, 9)",858,sequential_1199,Dense 64 -> 128 -> 32 -> 32 -> 16 -> 16 -> 1,mse,adam_1199,20,128,1.4841,56558.02734375,5980.94970703125,5707.91259765625,0.17574989807702457,0.7
2026-09-04 15:31:44,repeat_random_model.py,"(1021, 9)",858,sequential_1200,Dense 64 -> 128 -> 32 -> 16 -> 128 -> 128 -> 1,mse,adam_1200,20,128,1.518,33607.2421875,5396.11474609375,5736.71728515625,0.1715902911463386,0.7
2026-09-04 15:31:45,repeat_random_model.py,"(1021, 9)",858,sequential_1201,Dense 64 -> 128 -> 32 -> 16 -> 128 -> 64 -> 1,mse,adam_1201,20,128,1.3973,24531.455078125,4977.09521484375,4002.888916015625,0.42196360598170524,0.7
2026-09-04 15:31:47,repeat_random_model.py,"(1021, 9)",858,sequential_1202,Dense 64 -> 128 -> 32 -> 16 -> 128 -> 32 -> 1,mse,adam_1202,20,128,1.6198,20948.2421875,5525.2177734375,5449.52294921875,0.21306256751405273,0.7
2026-09-04 15:31:49,repeat_random_model.py,"(1021, 9)",858,sequential_1203,Dense 64 -> 128 -> 32 -> 16 -> 128 -> 16 -> 1,mse,adam_1203,20,128,1.3724,14615.48828125,5290.90380859375,4915.712890625,0.2901473768526287,0.7
2026-09-04 15:31:50,repeat_random_model.py,"(1021, 9)",858,sequential_1204,Dense 64 -> 128 -> 32 -> 16 -> 64 -> 128 -> 1,mse,adam_1204,20,128,1.3643,22648.87109375,5522.94482421875,5273.3984375,0.23849588363000285,0.7
2026-09-04 15:31:52,repeat_random_model.py,"(1021, 9)",858,sequential_1205,Dense 64 -> 128 -> 32 -> 16 -> 64 -> 64 -> 1,mse,adam_1205,20,128,1.4955,35113.6953125,6241.6240234375,5747.42236328125,0.17004451702673784,0.7
2026-09-04 15:32:02,repeat_random_model.py,"(1021, 9)",858,sequential_1206,Dense 64 -> 128 -> 32 -> 16 -> 64 -> 32 -> 1,mse,adam_1206,20,128,8.5172,38541.96875,5959.21533203125,5712.005859375,0.17515880210731516,0.7
2026-09-04 15:32:07,repeat_random_model.py,"(1021, 9)",858,sequential_1207,Dense 64 -> 128 -> 32 -> 16 -> 64 -> 16 -> 1,mse,adam_1207,20,128,5.4393,49430.28125,5900.01953125,5604.408203125,0.19069647537656675,0.7
2026-09-04 15:32:09,repeat_random_model.py,"(1021, 9)",858,sequential_1208,Dense 64 -> 128 -> 32 -> 16 -> 32 -> 128 -> 1,mse,adam_1208,20,128,1.4875,33974.4765625,5903.61279296875,5768.6025390625,0.16698598319862812,0.7
2026-09-04 15:32:11,repeat_random_model.py,"(1021, 9)",858,sequential_1209,Dense 64 -> 128 -> 32 -> 16 -> 32 -> 64 -> 1,mse,adam_1209,20,128,1.4369,55691.83203125,5973.6806640625,5657.3046875,0.1830579756734897,0.7
2026-09-04 15:32:13,repeat_random_model.py,"(1021, 9)",858,sequential_1210,Dense 64 -> 128 -> 32 -> 16 -> 32 -> 32 -> 1,mse,adam_1210,20,128,1.4378,50002.9140625,5643.2822265625,5348.427734375,0.22766133798816046,0.7
2026-09-04 15:32:14,repeat_random_model.py,"(1021, 9)",858,sequential_1211,Dense 64 -> 128 -> 32 -> 16 -> 32 -> 16 -> 1,mse,adam_1211,20,128,1.454,20171.185546875,5401.0205078125,5312.9716796875,0.2327813386562444,0.7
2026-09-04 15:32:16,repeat_random_model.py,"(1021, 9)",858,sequential_1212,Dense 64 -> 128 -> 32 -> 16 -> 16 -> 128 -> 1,mse,adam_1212,20,128,1.4368,51767.8515625,5993.16064453125,5766.87451171875,0.16723555785068211,0.7
2026-09-04 15:32:18,repeat_random_model.py,"(1021, 9)",858,sequential_1213,Dense 64 -> 128 -> 32 -> 16 -> 16 -> 64 -> 1,mse,adam_1213,20,128,1.488,27916.306640625,5768.1728515625,5566.5703125,0.19616046427701384,0.7
2026-09-04 15:32:19,repeat_random_model.py,"(1021, 9)",858,sequential_1214,Dense 64 -> 128 -> 32 -> 16 -> 16 -> 32 -> 1,mse,adam_1214,20,128,1.4788,24778.3046875,5342.07666015625,6230.6630859375,0.10026224815088758,0.7
2026-09-04 15:32:21,repeat_random_model.py,"(1021, 9)",858,sequential_1215,Dense 64 -> 128 -> 32 -> 16 -> 16 -> 16 -> 1,mse,adam_1215,20,128,1.3901,296145.46875,6634.115234375,6278.67578125,0.09332888806217776,0.7
2026-09-04 15:32:23,repeat_random_model.py,"(1021, 9)",858,sequential_1216,Dense 64 -> 128 -> 16 -> 128 -> 128 -> 128 -> 1,mse,adam_1216,20,128,1.4226,45839.31640625,5480.6337890625,5690.6240234375,0.17824649995735498,0.7
2026-09-04 15:32:25,repeat_random_model.py,"(1021, 9)",858,sequential_1217,Dense 64 -> 128 -> 16 -> 128 -> 128 -> 64 -> 1,mse,adam_1217,20,128,1.477,85613.640625,5315.021484375,5047.92578125,0.2710550966197568,0.7
2026-09-04 15:32:26,repeat_random_model.py,"(1021, 9)",858,sequential_1218,Dense 64 -> 128 -> 16 -> 128 -> 128 -> 32 -> 1,mse,adam_1218,20,128,1.5581,68701.984375,5933.80517578125,5690.03173828125,0.17833195456328976,0.7
2026-09-04 15:32:28,repeat_random_model.py,"(1021, 9)",858,sequential_1219,Dense 64 -> 128 -> 16 -> 128 -> 128 -> 16 -> 1,mse,adam_1219,20,128,1.5886,24046.046875,4497.18994140625,4229.173828125,0.38928686813562463,0.7
2026-09-04 15:32:30,repeat_random_model.py,"(1021, 9)",858,sequential_1220,Dense 64 -> 128 -> 16 -> 128 -> 64 -> 128 -> 1,mse,adam_1220,20,128,1.5855,25816.291015625,5358.0439453125,4796.3046875,0.307390380064818,0.7
2026-09-04 15:32:32,repeat_random_model.py,"(1021, 9)",858,sequential_1221,Dense 64 -> 128 -> 16 -> 128 -> 64 -> 64 -> 1,mse,adam_1221,20,128,1.5087,56396.390625,5716.845703125,5493.60009765625,0.20669760110419366,0.7
2026-09-04 15:32:34,repeat_random_model.py,"(1021, 9)",858,sequential_1222,Dense 64 -> 128 -> 16 -> 128 -> 64 -> 32 -> 1,mse,adam_1222,20,128,1.5129,43460.015625,5460.73095703125,5158.083984375,0.25514784370709787,0.7
2026-09-04 15:32:35,repeat_random_model.py,"(1021, 9)",858,sequential_1223,Dense 64 -> 128 -> 16 -> 128 -> 64 -> 16 -> 1,mse,adam_1223,20,128,1.462,26041.6015625,5275.294921875,5104.3818359375,0.26290265231484833,0.7
2026-09-04 15:32:37,repeat_random_model.py,"(1021, 9)",858,sequential_1224,Dense 64 -> 128 -> 16 -> 128 -> 32 -> 128 -> 1,mse,adam_1224,20,128,1.5922,26604.294921875,5297.18408203125,5035.67578125,0.2728241823947979,0.7
2026-09-04 15:32:39,repeat_random_model.py,"(1021, 9)",858,sequential_1225,Dense 64 -> 128 -> 16 -> 128 -> 32 -> 64 -> 1,mse,adam_1225,20,128,1.5106,42740.515625,5939.27001953125,5899.732421875,0.14805020183417883,0.7
2026-09-04 15:32:41,repeat_random_model.py,"(1021, 9)",858,sequential_1226,Dense 64 -> 128 -> 16 -> 128 -> 32 -> 32 -> 1,mse,adam_1226,20,128,1.5166,20179.412109375,4778.80712890625,4739.52294921875,0.3155900263113435,0.7
2026-09-04 15:32:42,repeat_random_model.py,"(1021, 9)",858,sequential_1227,Dense 64 -> 128 -> 16 -> 128 -> 32 -> 16 -> 1,mse,adam_1227,20,128,1.471,22575.578125,5223.9033203125,5363.68603515625,0.2254578987990673,0.7
2026-09-04 15:32:44,repeat_random_model.py,"(1021, 9)",858,sequential_1228,Dense 64 -> 128 -> 16 -> 128 -> 16 -> 128 -> 1,mse,adam_1228,20,128,1.5382,21558.966796875,6003.546875,5783.4013671875,0.1648489820314588,0.7
2026-09-04 15:32:46,repeat_random_model.py,"(1021, 9)",858,sequential_1229,Dense 64 -> 128 -> 16 -> 128 -> 16 -> 64 -> 1,mse,adam_1229,20,128,1.4409,11312.830078125,5046.7392578125,4677.27587890625,0.3245788352285802,0.7
2026-09-04 15:32:47,repeat_random_model.py,"(1021, 9)",858,sequential_1230,Dense 64 -> 128 -> 16 -> 128 -> 16 -> 32 -> 1,mse,adam_1230,20,128,1.3841,22770.853515625,6028.5029296875,5758.5068359375,0.16844390744475068,0.7
2026-09-04 15:32:49,repeat_random_model.py,"(1021, 9)",858,sequential_1231,Dense 64 -> 128 -> 16 -> 128 -> 16 -> 16 -> 1,mse,adam_1231,20,128,1.619,21532.95703125,6233.6171875,5970.9287109375,0.13776916052604427,0.7
2026-09-04 15:32:51,repeat_random_model.py,"(1021, 9)",858,sequential_1232,Dense 64 -> 128 -> 16 -> 64 -> 128 -> 128 -> 1,mse,adam_1232,20,128,1.5034,28811.111328125,4564.775390625,4101.7099609375,0.40769333979565836,0.7
2026-09-04 15:32:53,repeat_random_model.py,"(1021, 9)",858,sequential_1233,Dense 64 -> 128 -> 16 -> 64 -> 128 -> 64 -> 1,mse,adam_1233,20,128,1.603,38591.41796875,5294.79541015625,4786.96142578125,0.3087396688736731,0.7
2026-09-04 15:32:55,repeat_random_model.py,"(1021, 9)",858,sequential_1234,Dense 64 -> 128 -> 16 -> 64 -> 128 -> 32 -> 1,mse,adam_1234,20,128,1.635,84274.796875,6171.525390625,5791.03271484375,0.16374697140324368,0.7
2026-09-04 15:32:56,repeat_random_model.py,"(1021, 9)",858,sequential_1235,Dense 64 -> 128 -> 16 -> 64 -> 128 -> 16 -> 1,mse,adam_1235,20,128,1.3636,180021.59375,6397.373046875,6099.75048828125,0.11916663139322048,0.7
2026-09-04 15:32:58,repeat_random_model.py,"(1021, 9)",858,sequential_1236,Dense 64 -> 128 -> 16 -> 64 -> 64 -> 128 -> 1,mse,adam_1236,20,128,1.4133,17771.234375,4606.35009765625,4791.56640625,0.30807467344523,0.7
2026-09-04 15:33:00,repeat_random_model.py,"(1021, 9)",858,sequential_1237,Dense 64 -> 128 -> 16 -> 64 -> 64 -> 64 -> 1,mse,adam_1237,20,128,1.3974,43955.2421875,5685.7275390625,5707.32080078125,0.1758353914201808,0.7
2026-09-04 15:33:01,repeat_random_model.py,"(1021, 9)",858,sequential_1238,Dense 64 -> 128 -> 16 -> 64 -> 64 -> 32 -> 1,mse,adam_1238,20,128,1.4652,17919.166015625,6058.32275390625,6571.29345703125,0.0510735530755938,0.7
2026-09-04 15:33:03,repeat_random_model.py,"(1021, 9)",858,sequential_1239,Dense 64 -> 128 -> 16 -> 64 -> 64 -> 16 -> 1,mse,adam_1239,20,128,1.359,25530.705078125,6107.4638671875,5880.43115234375,0.15083730214438662,0.7
2026-09-04 15:33:05,repeat_random_model.py,"(1021, 9)",858,sequential_1240,Dense 64 -> 128 -> 16 -> 64 -> 32 -> 128 -> 1,mse,adam_1240,20,128,1.3616,22462.1875,5363.57373046875,5560.17333984375,0.19708410540738142,0.7
2026-09-04 15:33:06,repeat_random_model.py,"(1021, 9)",858,sequential_1241,Dense 64 -> 128 -> 16 -> 64 -> 32 -> 64 -> 1,mse,adam_1241,20,128,1.3585,10576.1337890625,4770.46435546875,5333.14599609375,0.22986797945261628,0.7
2026-09-04 15:33:08,repeat_random_model.py,"(1021, 9)",858,sequential_1242,Dense 64 -> 128 -> 16 -> 64 -> 32 -> 32 -> 1,mse,adam_1242,20,128,1.4647,37142.10546875,5997.31884765625,5638.33056640625,0.18579794690887974,0.7
2026-09-04 15:33:10,repeat_random_model.py,"(1021, 9)",858,sequential_1243,Dense 64 -> 128 -> 16 -> 64 -> 32 -> 16 -> 1,mse,adam_1243,20,128,1.4858,26497.14453125,6202.76708984375,6131.25927734375,0.11461656614728633,0.7
2026-09-04 15:33:11,repeat_random_model.py,"(1021, 9)",858,sequential_1244,Dense 64 -> 128 -> 16 -> 64 -> 16 -> 128 -> 1,mse,adam_1244,20,128,1.4109,18561.48046875,5080.37939453125,5741.89794921875,0.17084230459237648,0.7
2026-09-04 15:33:13,repeat_random_model.py,"(1021, 9)",858,sequential_1245,Dense 64 -> 128 -> 16 -> 64 -> 16 -> 64 -> 1,mse,adam_1245,20,128,1.5817,67885.4453125,6362.37255859375,6035.390625,0.1284605213756943,0.7
2026-09-04 15:33:15,repeat_random_model.py,"(1021, 9)",858,sequential_1246,Dense 64 -> 128 -> 16 -> 64 -> 16 -> 32 -> 1,mse,adam_1246,20,128,1.4789,23747.3984375,5827.84326171875,5470.77099609375,0.2099942339970584,0.7
2026-09-04 15:33:17,repeat_random_model.py,"(1021, 9)",858,sequential_1247,Dense 64 -> 128 -> 16 -> 64 -> 16 -> 16 -> 1,mse,adam_1247,20,128,1.4325,28736.986328125,5563.826171875,5717.65771484375,0.17434264663419108,0.7
2026-09-04 15:33:18,repeat_random_model.py,"(1021, 9)",858,sequential_1248,Dense 64 -> 128 -> 16 -> 32 -> 128 -> 128 -> 1,mse,adam_1248,20,128,1.4562,56784.57421875,6150.8046875,5795.6533203125,0.1630796241883673,0.7
2026-09-04 15:33:20,repeat_random_model.py,"(1021, 9)",858,sequential_1249,Dense 64 -> 128 -> 16 -> 32 -> 128 -> 64 -> 1,mse,adam_1249,20,128,1.3955,40371.37109375,5542.0576171875,5269.36962890625,0.2390775439184557,0.7
2026-09-04 15:33:22,repeat_random_model.py,"(1021, 9)",858,sequential_1250,Dense 64 -> 128 -> 16 -> 32 -> 128 -> 32 -> 1,mse,adam_1250,20,128,1.3984,27214.32421875,5441.4609375,5619.2939453125,0.18854685012168382,0.7
2026-09-04 15:33:25,repeat_random_model.py,"(1021, 9)",858,sequential_1251,Dense 64 -> 128 -> 16 -> 32 -> 128 -> 16 -> 1,mse,adam_1251,20,128,2.867,42532.49609375,5871.08935546875,5745.80517578125,0.1702780955393175,0.7
2026-09-04 15:33:27,repeat_random_model.py,"(1021, 9)",858,sequential_1252,Dense 64 -> 128 -> 16 -> 32 -> 64 -> 128 -> 1,mse,adam_1252,20,128,1.5015,42878.703125,6033.4892578125,5803.73291015625,0.16191291135057673,0.7
2026-09-04 15:33:29,repeat_random_model.py,"(1021, 9)",858,sequential_1253,Dense 64 -> 128 -> 16 -> 32 -> 64 -> 64 -> 1,mse,adam_1253,20,128,1.4527,19493.76953125,6016.84326171875,4569.3740234375,0.34016028597584935,0.7
2026-09-04 15:33:31,repeat_random_model.py,"(1021, 9)",858,sequential_1254,Dense 64 -> 128 -> 16 -> 32 -> 64 -> 32 -> 1,mse,adam_1254,20,128,1.4339,30155.76953125,5754.8876953125,5466.08349609375,0.21067115572675366,0.7
2026-09-04 15:33:32,repeat_random_model.py,"(1021, 9)",858,sequential_1255,Dense 64 -> 128 -> 16 -> 32 -> 64 -> 16 -> 1,mse,adam_1255,20,128,1.3997,108699.265625,6034.1689453125,5773.62451171875,0.16626079418158568,0.7
2026-09-04 15:33:34,repeat_random_model.py,"(1021, 9)",858,sequential_1256,Dense 64 -> 128 -> 16 -> 32 -> 32 -> 128 -> 1,mse,adam_1256,20,128,1.5288,17732.9140625,4547.25537109375,3952.950927734375,0.4291748305908354,0.7
2026-09-04 15:33:36,repeat_random_model.py,"(1021, 9)",858,sequential_1257,Dense 64 -> 128 -> 16 -> 32 -> 32 -> 64 -> 1,mse,adam_1257,20,128,1.4739,57218.46484375,6370.10400390625,6052.9013671875,0.12593185299833431,0.7
2026-09-04 15:33:37,repeat_random_model.py,"(1021, 9)",858,sequential_1258,Dense 64 -> 128 -> 16 -> 32 -> 32 -> 32 -> 1,mse,adam_1258,20,128,1.4117,68676.3359375,5941.3486328125,5679.31005859375,0.17988035290080684,0.7
2026-09-04 15:33:39,repeat_random_model.py,"(1021, 9)",858,sequential_1259,Dense 64 -> 128 -> 16 -> 32 -> 32 -> 16 -> 1,mse,adam_1259,20,128,1.3845,31609.513671875,5952.60009765625,5681.88232421875,0.1795087646128698,0.7
2026-09-04 15:33:41,repeat_random_model.py,"(1021, 9)",858,sequential_1260,Dense 64 -> 128 -> 16 -> 32 -> 16 -> 128 -> 1,mse,adam_1260,20,128,1.5585,16697.97265625,6053.72900390625,5703.380859375,0.1764043317243068,0.7
2026-09-04 15:33:42,repeat_random_model.py,"(1021, 9)",858,sequential_1261,Dense 64 -> 128 -> 16 -> 32 -> 16 -> 64 -> 1,mse,adam_1261,20,128,1.3439,17072.673828125,5432.28369140625,5372.08642578125,0.22424482107437593,0.7
2026-09-04 15:33:44,repeat_random_model.py,"(1021, 9)",858,sequential_1262,Dense 64 -> 128 -> 16 -> 32 -> 16 -> 32 -> 1,mse,adam_1262,20,128,1.3469,13585.970703125,5655.95703125,6305.8291015625,0.08940783744289316,0.7
2026-09-04 15:33:46,repeat_random_model.py,"(1021, 9)",858,sequential_1263,Dense 64 -> 128 -> 16 -> 32 -> 16 -> 16 -> 1,mse,adam_1263,20,128,1.5598,30007.3828125,5349.49755859375,5254.47607421875,0.2412283477032422,0.7
2026-09-04 15:33:48,repeat_random_model.py,"(1021, 9)",858,sequential_1264,Dense 64 -> 128 -> 16 -> 16 -> 128 -> 128 -> 1,mse,adam_1264,20,128,1.5266,13609.49609375,4783.39013671875,5538.05419921875,0.20027825422682288,0.7
2026-09-04 15:33:49,repeat_random_model.py,"(1021, 9)",858,sequential_1265,Dense 64 -> 128 -> 16 -> 16 -> 128 -> 64 -> 1,mse,adam_1265,20,128,1.3932,20322.423828125,4885.884765625,4807.4560546875,0.30578016942716824,0.7
2026-09-04 15:33:51,repeat_random_model.py,"(1021, 9)",858,sequential_1266,Dense 64 -> 128 -> 16 -> 16 -> 128 -> 32 -> 1,mse,adam_1266,20,128,1.4293,14588.9482421875,4367.99853515625,3690.43701171875,0.46708307638105906,0.7
2026-09-04 15:33:53,repeat_random_model.py,"(1021, 9)",858,sequential_1267,Dense 64 -> 128 -> 16 -> 16 -> 128 -> 16 -> 1,mse,adam_1267,20,128,1.4742,25692.3984375,5279.7431640625,5516.3994140625,0.20340528828589788,0.7
2026-09-04 15:33:54,repeat_random_model.py,"(1021, 9)",858,sequential_1268,Dense 64 -> 128 -> 16 -> 16 -> 64 -> 128 -> 1,mse,adam_1268,20,128,1.3746,13905.15234375,4678.72265625,4330.52490234375,0.3746513444118258,0.7
2026-09-04 15:33:56,repeat_random_model.py,"(1021, 9)",858,sequential_1269,Dense 64 -> 128 -> 16 -> 16 -> 64 -> 64 -> 1,mse,adam_1269,20,128,1.4366,15258.2314453125,5740.8916015625,5934.68603515625,0.14300268166726116,0.7
2026-09-04 15:33:58,repeat_random_model.py,"(1021, 9)",858,sequential_1270,Dense 64 -> 128 -> 16 -> 16 -> 64 -> 32 -> 1,mse,adam_1270,20,128,1.4258,45028.4609375,6464.822265625,5995.42138671875,0.13423224833184044,0.7
2026-09-04 15:33:59,repeat_random_model.py,"(1021, 9)",858,sequential_1271,Dense 64 -> 128 -> 16 -> 16 -> 64 -> 16 -> 1,mse,adam_1271,20,128,1.4046,16693.04296875,4951.13232421875,4919.83447265625,0.28955219703893176,0.7
2026-09-04 15:34:01,repeat_random_model.py,"(1021, 9)",858,sequential_1272,Dense 64 -> 128 -> 16 -> 16 -> 32 -> 128 -> 1,mse,adam_1272,20,128,1.6154,30421.94921875,6390.77734375,5967.37451171875,0.1382823760509907,0.7
2026-09-04 15:34:03,repeat_random_model.py,"(1021, 9)",858,sequential_1273,Dense 64 -> 128 -> 16 -> 16 -> 32 -> 64 -> 1,mse,adam_1273,20,128,1.3567,90632.890625,6246.041015625,5959.32470703125,0.1394447998173427,0.7
2026-09-04 15:34:05,repeat_random_model.py,"(1021, 9)",858,sequential_1274,Dense 64 -> 128 -> 16 -> 16 -> 32 -> 32 -> 1,mse,adam_1274,20,128,1.4556,28835.6015625,5941.1162109375,5737.58251953125,0.17146547928308398,0.7
2026-09-04 15:34:06,repeat_random_model.py,"(1021, 9)",858,sequential_1275,Dense 64 -> 128 -> 16 -> 16 -> 32 -> 16 -> 1,mse,adam_1275,20,128,1.4659,25082.958984375,5744.8916015625,5458.94287109375,0.2117022950558588,0.7
2026-09-04 15:34:08,repeat_random_model.py,"(1021, 9)",858,sequential_1276,Dense 64 -> 128 -> 16 -> 16 -> 16 -> 128 -> 1,mse,adam_1276,20,128,1.6119,13559.1494140625,5352.509765625,6222.61865234375,0.10142386200950304,0.7
2026-09-04 15:34:10,repeat_random_model.py,"(1021, 9)",858,sequential_1277,Dense 64 -> 128 -> 16 -> 16 -> 16 -> 64 -> 1,mse,adam_1277,20,128,1.4114,38944.9140625,5830.0830078125,5481.37158203125,0.20846350747864983,0.7
2026-09-04 15:34:11,repeat_random_model.py,"(1021, 9)",858,sequential_1278,Dense 64 -> 128 -> 16 -> 16 -> 16 -> 32 -> 1,mse,adam_1278,20,128,1.3492,13298.8720703125,5306.48876953125,4076.548583984375,0.4113267343149144,0.7
2026-09-04 15:34:13,repeat_random_model.py,"(1021, 9)",858,sequential_1279,Dense 64 -> 128 -> 16 -> 16 -> 16 -> 16 -> 1,mse,adam_1279,20,128,1.3703,29564.064453125,5473.9404296875,5252.10546875,0.241570719527194,0.7
2026-09-04 15:34:15,repeat_random_model.py,"(1021, 9)",858,sequential_1280,Dense 64 -> 64 -> 128 -> 128 -> 128 -> 128 -> 1,mse,adam_1280,20,128,1.4506,225160.046875,5990.15087890625,5770.36572265625,0.1667312851508591,0.7
2026-09-04 15:34:16,repeat_random_model.py,"(1021, 9)",858,sequential_1281,Dense 64 -> 64 -> 128 -> 128 -> 128 -> 64 -> 1,mse,adam_1281,20,128,1.4007,119283.59375,5301.9013671875,5134.29248046875,0.25858333533597755,0.7
2026-09-04 15:34:18,repeat_random_model.py,"(1021, 9)",858,sequential_1282,Dense 64 -> 64 -> 128 -> 128 -> 128 -> 32 -> 1,mse,adam_1282,20,128,1.4413,108036.5,5481.78662109375,5261.955078125,0.2401482818006635,0.7
2026-09-04 15:34:20,repeat_random_model.py,"(1021, 9)",858,sequential_1283,Dense 64 -> 64 -> 128 -> 128 -> 128 -> 16 -> 1,mse,adam_1283,20,128,1.5195,319909.71875,6097.427734375,5794.01708984375,0.1633159565652781,0.7
2026-09-04 15:34:22,repeat_random_model.py,"(1021, 9)",858,sequential_1284,Dense 64 -> 64 -> 128 -> 128 -> 64 -> 128 -> 1,mse,adam_1284,20,128,1.6287,63606.25390625,5682.9619140625,5465.564453125,0.21074606826016484,0.7
2026-09-04 15:34:23,repeat_random_model.py,"(1021, 9)",858,sequential_1285,Dense 64 -> 64 -> 128 -> 128 -> 64 -> 64 -> 1,mse,adam_1285,20,128,1.4388,207654.515625,6096.49365234375,5812.55712890625,0.16063862994048816,0.7
2026-09-04 15:34:25,repeat_random_model.py,"(1021, 9)",858,sequential_1286,Dense 64 -> 64 -> 128 -> 128 -> 64 -> 32 -> 1,mse,adam_1286,20,128,1.5014,308027.75,6284.00048828125,6030.26904296875,0.12920007809492473,0.7
2026-09-04 15:34:27,repeat_random_model.py,"(1021, 9)",858,sequential_1287,Dense 64 -> 64 -> 128 -> 128 -> 64 -> 16 -> 1,mse,adam_1287,20,128,1.4165,220706.0625,6024.34619140625,5788.18115234375,0.1641587115785227,0.7
2026-09-04 15:34:28,repeat_random_model.py,"(1021, 9)",858,sequential_1288,Dense 64 -> 64 -> 128 -> 128 -> 32 -> 128 -> 1,mse,adam_1288,20,128,1.3934,72289.234375,6046.56884765625,5856.2265625,0.15433260035051433,0.7
2026-09-04 15:34:30,repeat_random_model.py,"(1021, 9)",858,sequential_1289,Dense 64 -> 64 -> 128 -> 128 -> 32 -> 64 -> 1,mse,adam_1289,20,128,1.3707,139956.1875,6223.81494140625,5950.556640625,0.14071092837506005,0.7
2026-09-04 15:34:32,repeat_random_model.py,"(1021, 9)",858,sequential_1290,Dense 64 -> 64 -> 128 -> 128 -> 32 -> 32 -> 1,mse,adam_1290,20,128,1.535,178449.953125,6117.9248046875,5840.47412109375,0.15660728935691104,0.7
2026-09-04 15:34:33,repeat_random_model.py,"(1021, 9)",858,sequential_1291,Dense 64 -> 64 -> 128 -> 128 -> 32 -> 16 -> 1,mse,adam_1291,20,128,1.4415,97670.8203125,5660.48681640625,5414.4970703125,0.21812048663027428,0.7
2026-09-04 15:34:35,repeat_random_model.py,"(1021, 9)",858,sequential_1292,Dense 64 -> 64 -> 128 -> 128 -> 16 -> 128 -> 1,mse,adam_1292,20,128,1.369,48830.8671875,6117.5908203125,5896.109375,0.14857339425572347,0.7
2026-09-04 15:34:37,repeat_random_model.py,"(1021, 9)",858,sequential_1293,Dense 64 -> 64 -> 128 -> 128 -> 16 -> 64 -> 1,mse,adam_1293,20,128,1.4607,50774.578125,5730.2197265625,5443.8837890625,0.21387689627745532,0.7
2026-09-04 15:34:38,repeat_random_model.py,"(1021, 9)",858,sequential_1294,Dense 64 -> 64 -> 128 -> 128 -> 16 -> 32 -> 1,mse,adam_1294,20,128,1.4095,53640.5625,6023.15234375,5767.60400390625,0.16713023952628858,0.7
2026-09-04 15:34:40,repeat_random_model.py,"(1021, 9)",858,sequential_1295,Dense 64 -> 64 -> 128 -> 128 -> 16 -> 16 -> 1,mse,adam_1295,20,128,1.4802,130573.703125,6081.42333984375,5703.75927734375,0.1763496876120727,0.7
2026-09-04 15:34:42,repeat_random_model.py,"(1021, 9)",858,sequential_1296,Dense 64 -> 64 -> 128 -> 64 -> 128 -> 128 -> 1,mse,adam_1296,20,128,1.506,68278.1484375,5331.5634765625,5057.6494140625,0.26965098973460055,0.7
2026-09-04 15:34:44,repeat_random_model.py,"(1021, 9)",858,sequential_1297,Dense 64 -> 64 -> 128 -> 64 -> 128 -> 64 -> 1,mse,adam_1297,20,128,1.4584,176545.96875,6146.71240234375,5861.94970703125,0.1535063016127215,0.7
2026-09-04 15:34:58,repeat_random_model.py,"(1021, 9)",858,sequential_1298,Dense 64 -> 64 -> 128 -> 64 -> 128 -> 32 -> 1,mse,adam_1298,20,128,13.7871,77453.3984375,6336.70703125,5764.3310546875,0.16760274052760415,0.7
2026-09-04 15:34:59,repeat_random_model.py,"(1021, 9)",858,sequential_1299,Dense 64 -> 64 -> 128 -> 64 -> 128 -> 16 -> 1,mse,adam_1299,20,128,1.5211,138965.390625,6161.42578125,5949.39892578125,0.1408779621326287,0.7
2026-09-04 15:35:01,repeat_random_model.py,"(1021, 9)",858,sequential_1300,Dense 64 -> 64 -> 128 -> 64 -> 64 -> 128 -> 1,mse,adam_1300,20,128,1.568,60261.546875,5469.53125,5086.01708984375,0.26555454512397836,0.7
2026-09-04 15:35:03,repeat_random_model.py,"(1021, 9)",858,sequential_1301,Dense 64 -> 64 -> 128 -> 64 -> 64 -> 64 -> 1,mse,adam_1301,20,128,1.4855,79568.1875,5962.73583984375,5690.01708984375,0.17833401211923805,0.7
2026-09-04 15:35:05,repeat_random_model.py,"(1021, 9)",858,sequential_1302,Dense 64 -> 64 -> 128 -> 64 -> 64 -> 32 -> 1,mse,adam_1302,20,128,1.569,68282.8515625,5664.1982421875,5425.67919921875,0.2165056911628701,0.7
2026-09-04 15:35:06,repeat_random_model.py,"(1021, 9)",858,sequential_1303,Dense 64 -> 64 -> 128 -> 64 -> 64 -> 16 -> 1,mse,adam_1303,20,128,1.4444,167181.59375,5866.205078125,5690.7705078125,0.17822524560345898,0.7
2026-09-04 15:35:08,repeat_random_model.py,"(1021, 9)",858,sequential_1304,Dense 64 -> 64 -> 128 -> 64 -> 32 -> 128 -> 1,mse,adam_1304,20,128,1.5103,55103.76171875,6063.6005859375,5787.3759765625,0.1642748725405998,0.7
2026-09-04 15:35:10,repeat_random_model.py,"(1021, 9)",858,sequential_1305,Dense 64 -> 64 -> 128 -> 64 -> 32 -> 64 -> 1,mse,adam_1305,20,128,1.4478,44508.56640625,5419.88232421875,5108.337890625,0.2623314036656844,0.7
2026-09-04 15:35:11,repeat_random_model.py,"(1021, 9)",858,sequential_1306,Dense 64 -> 64 -> 128 -> 64 -> 32 -> 32 -> 1,mse,adam_1306,20,128,1.4531,126504.2109375,5737.39208984375,5533.06787109375,0.2009982719761645,0.7
2026-09-04 15:35:13,repeat_random_model.py,"(1021, 9)",858,sequential_1307,Dense 64 -> 64 -> 128 -> 64 -> 32 -> 16 -> 1,mse,adam_1307,20,128,1.5602,43748.67578125,5281.21630859375,5027.18310546875,0.274050430817833,0.7
2026-09-04 15:35:15,repeat_random_model.py,"(1021, 9)",858,sequential_1308,Dense 64 -> 64 -> 128 -> 64 -> 16 -> 128 -> 1,mse,adam_1308,20,128,1.438,22477.083984375,5468.748046875,5302.99609375,0.234221783940195,0.7
2026-09-04 15:35:17,repeat_random_model.py,"(1021, 9)",858,sequential_1309,Dense 64 -> 64 -> 128 -> 64 -> 16 -> 64 -> 1,mse,adam_1309,20,128,1.4032,65261.5,6136.33837890625,5896.15087890625,0.14856734777751002,0.7
2026-09-04 15:35:18,repeat_random_model.py,"(1021, 9)",858,sequential_1310,Dense 64 -> 64 -> 128 -> 64 -> 16 -> 32 -> 1,mse,adam_1310,20,128,1.5215,130239.71875,6285.3623046875,6080.78662109375,0.12190508868415573,0.7
2026-09-04 15:35:20,repeat_random_model.py,"(1021, 9)",858,sequential_1311,Dense 64 -> 64 -> 128 -> 64 -> 16 -> 16 -> 1,mse,adam_1311,20,128,1.4665,54190.8984375,6069.54833984375,6080.2255859375,0.12198611307517704,0.7
2026-09-04 15:35:22,repeat_random_model.py,"(1021, 9)",858,sequential_1312,Dense 64 -> 64 -> 128 -> 32 -> 128 -> 128 -> 1,mse,adam_1312,20,128,1.4926,65392.87109375,5650.9404296875,5290.6494140625,0.2360046348457404,0.7
2026-09-04 15:35:24,repeat_random_model.py,"(1021, 9)",858,sequential_1313,Dense 64 -> 64 -> 128 -> 32 -> 128 -> 64 -> 1,mse,adam_1313,20,128,1.6234,97673.1640625,6178.54833984375,5783.58251953125,0.16482276033046594,0.7
2026-09-04 15:35:25,repeat_random_model.py,"(1021, 9)",858,sequential_1314,Dense 64 -> 64 -> 128 -> 32 -> 128 -> 32 -> 1,mse,adam_1314,20,128,1.4906,39318.984375,5489.2646484375,5192.70703125,0.2501480126677458,0.7
2026-09-04 15:35:27,repeat_random_model.py,"(1021, 9)",858,sequential_1315,Dense 64 -> 64 -> 128 -> 32 -> 128 -> 16 -> 1,mse,adam_1315,20,128,1.4513,102514.4140625,5959.044921875,5789.59716796875,0.16395425963429155,0.7
2026-09-04 15:35:29,repeat_random_model.py,"(1021, 9)",858,sequential_1316,Dense 64 -> 64 -> 128 -> 32 -> 64 -> 128 -> 1,mse,adam_1316,20,128,1.4815,34908.0546875,4775.38330078125,4418.6630859375,0.3619236876620352,0.7
2026-09-04 15:35:31,repeat_random_model.py,"(1021, 9)",858,sequential_1317,Dense 64 -> 64 -> 128 -> 32 -> 64 -> 64 -> 1,mse,adam_1317,20,128,1.4898,65145.23046875,5678.052734375,5379.2578125,0.22320914204017817,0.7
2026-09-04 15:35:32,repeat_random_model.py,"(1021, 9)",858,sequential_1318,Dense 64 -> 64 -> 128 -> 32 -> 64 -> 32 -> 1,mse,adam_1318,20,128,1.3988,59753.234375,5893.7353515625,5653.205078125,0.18364987014448486,0.7
2026-09-04 15:35:34,repeat_random_model.py,"(1021, 9)",858,sequential_1319,Dense 64 -> 64 -> 128 -> 32 -> 64 -> 16 -> 1,mse,adam_1319,20,128,1.5005,55934.9765625,6009.255859375,5719.65625,0.17405399760872897,0.7
2026-09-04 15:35:36,repeat_random_model.py,"(1021, 9)",858,sequential_1320,Dense 64 -> 64 -> 128 -> 32 -> 32 -> 128 -> 1,mse,adam_1320,20,128,1.5505,36534.1953125,6150.17822265625,5785.68017578125,0.16451975785361228,0.7
2026-09-04 15:35:37,repeat_random_model.py,"(1021, 9)",858,sequential_1321,Dense 64 -> 64 -> 128 -> 32 -> 32 -> 64 -> 1,mse,adam_1321,20,128,1.4247,54735.59765625,5871.32958984375,5579.8623046875,0.19424099034081088,0.7
2026-09-04 15:35:39,repeat_random_model.py,"(1021, 9)",858,sequential_1322,Dense 64 -> 64 -> 128 -> 32 -> 32 -> 32 -> 1,mse,adam_1322,20,128,1.4483,111546.09375,6261.34814453125,6017.30029296875,0.13107284760891713,0.7
2026-09-04 15:35:41,repeat_random_model.py,"(1021, 9)",858,sequential_1323,Dense 64 -> 64 -> 128 -> 32 -> 32 -> 16 -> 1,mse,adam_1323,20,128,1.4813,193680.34375,6329.40625,6052.91552734375,0.12592986276829532,0.7
2026-09-04 15:35:43,repeat_random_model.py,"(1021, 9)",858,sequential_1324,Dense 64 -> 64 -> 128 -> 32 -> 16 -> 128 -> 1,mse,adam_1324,20,128,1.4581,56379.87109375,6012.83203125,5736.41748046875,0.17163366440515382,0.7
2026-09-04 15:35:44,repeat_random_model.py,"(1021, 9)",858,sequential_1325,Dense 64 -> 64 -> 128 -> 32 -> 16 -> 64 -> 1,mse,adam_1325,20,128,1.4068,66899.8828125,6296.88916015625,5966.07568359375,0.1384698253554849,0.7
2026-09-04 15:35:46,repeat_random_model.py,"(1021, 9)",858,sequential_1326,Dense 64 -> 64 -> 128 -> 32 -> 16 -> 32 -> 1,mse,adam_1326,20,128,1.634,50600.16015625,5688.48046875,5556.7939453125,0.19757211877381542,0.7
2026-09-04 15:35:48,repeat_random_model.py,"(1021, 9)",858,sequential_1327,Dense 64 -> 64 -> 128 -> 32 -> 16 -> 16 -> 1,mse,adam_1327,20,128,1.5013,48971.89453125,5613.44677734375,5339.509765625,0.22894914619022455,0.7
2026-09-04 15:35:50,repeat_random_model.py,"(1021, 9)",858,sequential_1328,Dense 64 -> 64 -> 128 -> 16 -> 128 -> 128 -> 1,mse,adam_1328,20,128,1.4815,71572.2734375,5326.81640625,4815.4462890625,0.304626364124591,0.7
2026-09-04 15:35:51,repeat_random_model.py,"(1021, 9)",858,sequential_1329,Dense 64 -> 64 -> 128 -> 16 -> 128 -> 64 -> 1,mse,adam_1329,20,128,1.5237,38239.78125,5516.49951171875,5417.89306640625,0.21763008578849952,0.7
2026-09-04 15:35:53,repeat_random_model.py,"(1021, 9)",858,sequential_1330,Dense 64 -> 64 -> 128 -> 16 -> 128 -> 32 -> 1,mse,adam_1330,20,128,1.4435,13798.2587890625,4351.08740234375,3971.452392578125,0.42650310884911735,0.7
2026-09-04 15:35:55,repeat_random_model.py,"(1021, 9)",858,sequential_1331,Dense 64 -> 64 -> 128 -> 16 -> 128 -> 16 -> 1,mse,adam_1331,20,128,1.489,15180.8466796875,4986.6845703125,4369.30224609375,0.3690517158180925,0.7
2026-09-04 15:35:56,repeat_random_model.py,"(1021, 9)",858,sequential_1332,Dense 64 -> 64 -> 128 -> 16 -> 64 -> 128 -> 1,mse,adam_1332,20,128,1.497,18576.896484375,5232.7255859375,4840.76611328125,0.3009701008122291,0.7
2026-09-04 15:35:58,repeat_random_model.py,"(1021, 9)",858,sequential_1333,Dense 64 -> 64 -> 128 -> 16 -> 64 -> 64 -> 1,mse,adam_1333,20,128,1.4138,26799.369140625,5649.3125,5361.30810546875,0.22580121006722798,0.7
2026-09-04 15:36:00,repeat_random_model.py,"(1021, 9)",858,sequential_1334,Dense 64 -> 64 -> 128 -> 16 -> 64 -> 32 -> 1,mse,adam_1334,20,128,1.4716,17235.283203125,4576.2587890625,4316.419921875,0.37668811430743765,0.7
2026-09-04 15:36:01,repeat_random_model.py,"(1021, 9)",858,sequential_1335,Dense 64 -> 64 -> 128 -> 16 -> 64 -> 16 -> 1,mse,adam_1335,20,128,1.3754,71462.7734375,6341.404296875,6041.78662109375,0.12753679480063718,0.7
2026-09-04 15:36:03,repeat_random_model.py,"(1021, 9)",858,sequential_1336,Dense 64 -> 64 -> 128 -> 16 -> 32 -> 128 -> 1,mse,adam_1336,20,128,1.4736,31359.181640625,4795.9375,4531.66259765625,0.3456060422286378,0.7
2026-09-04 15:36:05,repeat_random_model.py,"(1021, 9)",858,sequential_1337,Dense 64 -> 64 -> 128 -> 16 -> 32 -> 64 -> 1,mse,adam_1337,20,128,1.51,35476.703125,5939.00048828125,5722.21240234375,0.1736848813151768,0.7
2026-09-04 15:36:07,repeat_random_model.py,"(1021, 9)",858,sequential_1338,Dense 64 -> 64 -> 128 -> 16 -> 32 -> 32 -> 1,mse,adam_1338,20,128,1.4,50762.3125,6103.6962890625,5659.2763671875,0.1827731893597293,0.7
2026-09-04 15:36:08,repeat_random_model.py,"(1021, 9)",858,sequential_1339,Dense 64 -> 64 -> 128 -> 16 -> 32 -> 16 -> 1,mse,adam_1339,20,128,1.4174,32811.97265625,5080.28466796875,4860.05517578125,0.2981845947896007,0.7
2026-09-04 15:36:10,repeat_random_model.py,"(1021, 9)",858,sequential_1340,Dense 64 -> 64 -> 128 -> 16 -> 16 -> 128 -> 1,mse,adam_1340,20,128,1.5192,64456.74609375,6180.59423828125,5937.31787109375,0.1426227229450765,0.7
2026-09-04 15:36:12,repeat_random_model.py,"(1021, 9)",858,sequential_1341,Dense 64 -> 64 -> 128 -> 16 -> 16 -> 64 -> 1,mse,adam_1341,20,128,1.4389,21141.333984375,6180.111328125,5590.7275390625,0.19267192305495418,0.7
2026-09-04 15:36:13,repeat_random_model.py,"(1021, 9)",858,sequential_1342,Dense 64 -> 64 -> 128 -> 16 -> 16 -> 32 -> 1,mse,adam_1342,20,128,1.4465,28109.755859375,5829.66357421875,5583.49755859375,0.19371597798147078,0.7
2026-09-04 15:36:15,repeat_random_model.py,"(1021, 9)",858,sequential_1343,Dense 64 -> 64 -> 128 -> 16 -> 16 -> 16 -> 1,mse,adam_1343,20,128,1.3711,52997.4375,6027.21875,5674.4541015625,0.18058139942919338,0.7
2026-09-04 15:36:17,repeat_random_model.py,"(1021, 9)",858,sequential_1344,Dense 64 -> 64 -> 64 -> 128 -> 128 -> 128 -> 1,mse,adam_1344,20,128,1.5109,143517.9375,6162.52197265625,5896.28271484375,0.14854829741898568,0.7
2026-09-04 15:36:18,repeat_random_model.py,"(1021, 9)",858,sequential_1345,Dense 64 -> 64 -> 64 -> 128 -> 128 -> 64 -> 1,mse,adam_1345,20,128,1.4866,334872.8125,6028.22998046875,5822.44970703125,0.15921018342071935,0.7
2026-09-04 15:36:20,repeat_random_model.py,"(1021, 9)",858,sequential_1346,Dense 64 -> 64 -> 64 -> 128 -> 128 -> 32 -> 1,mse,adam_1346,20,128,1.6436,207706.484375,5955.10595703125,5771.08349609375,0.16662775238710592,0.7
2026-09-04 15:36:22,repeat_random_model.py,"(1021, 9)",858,sequential_1347,Dense 64 -> 64 -> 64 -> 128 -> 128 -> 16 -> 1,mse,adam_1347,20,128,1.505,117855.234375,5402.587890625,5436.681640625,0.2149168896442244,0.7
2026-09-04 15:36:24,repeat_random_model.py,"(1021, 9)",858,sequential_1348,Dense 64 -> 64 -> 64 -> 128 -> 64 -> 128 -> 1,mse,adam_1348,20,128,1.4507,55669.02734375,5844.45703125,5684.73193359375,0.1790972854387608,0.7
2026-09-04 15:36:26,repeat_random_model.py,"(1021, 9)",858,sequential_1349,Dense 64 -> 64 -> 64 -> 128 -> 64 -> 64 -> 1,mse,adam_1349,20,128,1.4986,176727.5,5809.73291015625,5567.56494140625,0.19601678431336056,0.7
2026-09-04 15:36:27,repeat_random_model.py,"(1021, 9)",858,sequential_1350,Dense 64 -> 64 -> 64 -> 128 -> 64 -> 32 -> 1,mse,adam_1350,20,128,1.4151,95398.9296875,5928.919921875,5734.314453125,0.1719373155262558,0.7
2026-09-04 15:36:29,repeat_random_model.py,"(1021, 9)",858,sequential_1351,Dense 64 -> 64 -> 64 -> 128 -> 64 -> 16 -> 1,mse,adam_1351,20,128,1.4923,187081.4375,6090.595703125,5917.22265625,0.14552456968710037,0.7
2026-09-04 15:36:31,repeat_random_model.py,"(1021, 9)",858,sequential_1352,Dense 64 -> 64 -> 64 -> 128 -> 32 -> 128 -> 1,mse,adam_1352,20,128,1.5077,53326.37890625,5782.16357421875,5411.88818359375,0.2184972577182338,0.7
2026-09-04 15:36:32,repeat_random_model.py,"(1021, 9)",858,sequential_1353,Dense 64 -> 64 -> 64 -> 128 -> 32 -> 64 -> 1,mse,adam_1353,20,128,1.4208,38557.90625,4614.767578125,4252.45849609375,0.38592443631256645,0.7
2026-09-04 15:36:34,repeat_random_model.py,"(1021, 9)",858,sequential_1354,Dense 64 -> 64 -> 64 -> 128 -> 32 -> 32 -> 1,mse,adam_1354,20,128,1.489,272068.40625,6034.26220703125,5773.52587890625,0.166275016725139,0.7
2026-09-04 15:36:36,repeat_random_model.py,"(1021, 9)",858,sequential_1355,Dense 64 -> 64 -> 64 -> 128 -> 32 -> 16 -> 1,mse,adam_1355,20,128,1.561,104613.890625,5960.82373046875,5897.06396484375,0.14843551789341236,0.7
2026-09-04 15:36:38,repeat_random_model.py,"(1021, 9)",858,sequential_1356,Dense 64 -> 64 -> 64 -> 128 -> 16 -> 128 -> 1,mse,adam_1356,20,128,1.4594,22281.697265625,5588.3525390625,6048.810546875,0.12652256647530435,0.7
2026-09-04 15:36:39,repeat_random_model.py,"(1021, 9)",858,sequential_1357,Dense 64 -> 64 -> 64 -> 128 -> 16 -> 64 -> 1,mse,adam_1357,20,128,1.4947,21969.765625,5907.21923828125,5280.51611328125,0.23746803990211718,0.7
2026-09-04 15:36:41,repeat_random_model.py,"(1021, 9)",858,sequential_1358,Dense 64 -> 64 -> 64 -> 128 -> 16 -> 32 -> 1,mse,adam_1358,20,128,1.4579,84272.171875,5979.16455078125,5786.7529296875,0.16436493497876714,0.7
2026-09-04 15:36:43,repeat_random_model.py,"(1021, 9)",858,sequential_1359,Dense 64 -> 64 -> 64 -> 128 -> 16 -> 16 -> 1,mse,adam_1359,20,128,1.4496,68010.0625,5897.267578125,5481.44921875,0.20845228551003692,0.7
2026-09-04 15:36:44,repeat_random_model.py,"(1021, 9)",858,sequential_1360,Dense 64 -> 64 -> 64 -> 64 -> 128 -> 128 -> 1,mse,adam_1360,20,128,1.421,213269.421875,6216.09716796875,5953.4921875,0.14028710269104627,0.7
2026-09-04 15:36:46,repeat_random_model.py,"(1021, 9)",858,sequential_1361,Dense 64 -> 64 -> 64 -> 64 -> 128 -> 64 -> 1,mse,adam_1361,20,128,1.5285,156417.0,5982.61962890625,5852.64794921875,0.15484942104179011,0.7
2026-09-04 15:36:48,repeat_random_model.py,"(1021, 9)",858,sequential_1362,Dense 64 -> 64 -> 64 -> 64 -> 128 -> 32 -> 1,mse,adam_1362,20,128,1.4601,63019.35546875,5046.64697265625,5274.97314453125,0.23826849864786348,0.7
2026-09-04 15:36:49,repeat_random_model.py,"(1021, 9)",858,sequential_1363,Dense 64 -> 64 -> 64 -> 64 -> 128 -> 16 -> 1,mse,adam_1363,20,128,1.4275,295827.0625,6267.2412109375,6010.86083984375,0.13200266007445283,0.7
2026-09-04 15:36:51,repeat_random_model.py,"(1021, 9)",858,sequential_1364,Dense 64 -> 64 -> 64 -> 64 -> 64 -> 128 -> 1,mse,adam_1364,20,128,1.4975,61989.91015625,5479.99560546875,5408.8037109375,0.21894266355519443,0.7
2026-09-04 15:36:53,repeat_random_model.py,"(1021, 9)",858,sequential_1365,Dense 64 -> 64 -> 64 -> 64 -> 64 -> 64 -> 1,mse,adam_1365,20,128,1.4273,103815.8828125,5793.22900390625,5513.64404296875,0.20380320117081185,0.7
2026-09-04 15:36:55,repeat_random_model.py,"(1021, 9)",858,sequential_1366,Dense 64 -> 64 -> 64 -> 64 -> 64 -> 32 -> 1,mse,adam_1366,20,128,1.4756,83752.1796875,5840.3671875,5898.48291015625,0.14823057067919665,0.7
2026-09-04 15:36:56,repeat_random_model.py,"(1021, 9)",858,sequential_1367,Dense 64 -> 64 -> 64 -> 64 -> 64 -> 16 -> 1,mse,adam_1367,20,128,1.4401,40663.12109375,5196.97119140625,4946.52587890625,0.2856977683029276,0.7
2026-09-04 15:36:58,repeat_random_model.py,"(1021, 9)",858,sequential_1368,Dense 64 -> 64 -> 64 -> 64 -> 32 -> 128 -> 1,mse,adam_1368,20,128,1.5863,101271.9921875,6031.1484375,5773.94970703125,0.16621375941239103,0.7
2026-09-04 15:37:00,repeat_random_model.py,"(1021, 9)",858,sequential_1369,Dense 64 -> 64 -> 64 -> 64 -> 32 -> 64 -> 1,mse,adam_1369,20,128,1.417,42941.0390625,5614.0517578125,5363.720703125,0.22545290535765505,0.7
2026-09-04 15:37:01,repeat_random_model.py,"(1021, 9)",858,sequential_1370,Dense 64 -> 64 -> 64 -> 64 -> 32 -> 32 -> 1,mse,adam_1370,20,128,1.4643,91526.625,5988.560546875,5670.57177734375,0.18114207971496388,0.7
2026-09-04 15:37:03,repeat_random_model.py,"(1021, 9)",858,sequential_1371,Dense 64 -> 64 -> 64 -> 64 -> 32 -> 16 -> 1,mse,adam_1371,20,128,1.4538,97559.390625,5930.46044921875,5822.7861328125,0.15916159561123588,0.7
2026-09-04 15:37:05,repeat_random_model.py,"(1021, 9)",858,sequential_1372,Dense 64 -> 64 -> 64 -> 64 -> 16 -> 128 -> 1,mse,adam_1372,20,128,1.4923,13875.9658203125,5013.0634765625,4540.306640625,0.3443577488349283,0.7
2026-09-04 15:37:07,repeat_random_model.py,"(1021, 9)",858,sequential_1373,Dense 64 -> 64 -> 64 -> 64 -> 16 -> 64 -> 1,mse,adam_1373,20,128,1.4362,28602.7109375,5072.1572265625,4765.38671875,0.3118552273609754,0.7
2026-09-04 15:37:08,repeat_random_model.py,"(1021, 9)",858,sequential_1374,Dense 64 -> 64 -> 64 -> 64 -> 16 -> 32 -> 1,mse,adam_1374,20,128,1.495,157662.625,5914.67724609375,5700.005859375,0.17689168131060795,0.7
2026-09-04 15:37:10,repeat_random_model.py,"(1021, 9)",858,sequential_1375,Dense 64 -> 64 -> 64 -> 64 -> 16 -> 16 -> 1,mse,adam_1375,20,128,1.4309,67735.1328125,5661.85009765625,5269.55517578125,0.23905082304259018,0.7
2026-09-04 15:37:12,repeat_random_model.py,"(1021, 9)",858,sequential_1376,Dense 64 -> 64 -> 64 -> 32 -> 128 -> 128 -> 1,mse,adam_1376,20,128,1.4652,99976.734375,6030.35546875,5700.6689453125,0.1767959295357261,0.7
2026-09-04 15:37:13,repeat_random_model.py,"(1021, 9)",858,sequential_1377,Dense 64 -> 64 -> 64 -> 32 -> 128 -> 64 -> 1,mse,adam_1377,20,128,1.5176,65610.5390625,5837.986328125,5714.40869140625,0.1748118047265872,0.7
2026-09-04 15:37:15,repeat_random_model.py,"(1021, 9)",858,sequential_1378,Dense 64 -> 64 -> 64 -> 32 -> 128 -> 32 -> 1,mse,adam_1378,20,128,1.378,67078.3515625,5689.84912109375,5449.8779296875,0.2130113146668775,0.7
2026-09-04 15:37:17,repeat_random_model.py,"(1021, 9)",858,sequential_1379,Dense 64 -> 64 -> 64 -> 32 -> 128 -> 16 -> 1,mse,adam_1379,20,128,1.3598,40759.9140625,5576.66943359375,5562.21044921875,0.19678994569082775,0.7
2026-09-04 15:37:18,repeat_random_model.py,"(1021, 9)",858,sequential_1380,Dense 64 -> 64 -> 64 -> 32 -> 64 -> 128 -> 1,mse,adam_1380,20,128,1.4801,100105.25,6074.943359375,5801.69580078125,0.1622071239173528,0.7
2026-09-04 15:37:20,repeat_random_model.py,"(1021, 9)",858,sequential_1381,Dense 64 -> 64 -> 64 -> 32 -> 64 -> 64 -> 1,mse,adam_1381,20,128,1.4564,179035.09375,6365.9345703125,6066.53271484375,0.12396356469985081,0.7
2026-09-04 15:37:22,repeat_random_model.py,"(1021, 9)",858,sequential_1382,Dense 64 -> 64 -> 64 -> 32 -> 64 -> 32 -> 1,mse,adam_1382,20,128,1.4693,30300.173828125,5535.7080078125,6718.693359375,0.029788192469254682,0.7
2026-09-04 15:37:24,repeat_random_model.py,"(1021, 9)",858,sequential_1383,Dense 64 -> 64 -> 64 -> 32 -> 64 -> 16 -> 1,mse,adam_1383,20,128,1.4716,64704.90625,6167.91845703125,5886.658203125,0.14993815910884434,0.7
2026-09-04 15:37:25,repeat_random_model.py,"(1021, 9)",858,sequential_1384,Dense 64 -> 64 -> 64 -> 32 -> 32 -> 128 -> 1,mse,adam_1384,20,128,1.5446,25013.220703125,5640.2685546875,5333.2998046875,0.22984585478139652,0.7
2026-09-04 15:37:27,repeat_random_model.py,"(1021, 9)",858,sequential_1385,Dense 64 -> 64 -> 64 -> 32 -> 32 -> 64 -> 1,mse,adam_1385,20,128,1.4109,23492.40625,5403.45751953125,5151.5283203125,0.25609434571860523,0.7
2026-09-04 15:37:29,repeat_random_model.py,"(1021, 9)",858,sequential_1386,Dense 64 -> 64 -> 64 -> 32 -> 32 -> 32 -> 1,mse,adam_1386,20,128,1.4528,26714.236328125,5183.18798828125,5305.65625,0.23383759528555914,0.7
2026-09-04 15:37:30,repeat_random_model.py,"(1021, 9)",858,sequential_1387,Dense 64 -> 64 -> 64 -> 32 -> 32 -> 16 -> 1,mse,adam_1387,20,128,1.4164,29783.390625,5482.3642578125,5291.35595703125,0.23590268424456784,0.7
2026-09-04 15:37:32,repeat_random_model.py,"(1021, 9)",858,sequential_1388,Dense 64 -> 64 -> 64 -> 32 -> 16 -> 128 -> 1,mse,adam_1388,20,128,1.4393,28727.607421875,6123.806640625,5860.21484375,0.153756726862182,0.7
2026-09-04 15:37:34,repeat_random_model.py,"(1021, 9)",858,sequential_1389,Dense 64 -> 64 -> 64 -> 32 -> 16 -> 64 -> 1,mse,adam_1389,20,128,1.3604,114433.4921875,6060.8154296875,5827.64111328125,0.1584605826687776,0.7
2026-09-04 15:37:35,repeat_random_model.py,"(1021, 9)",858,sequential_1390,Dense 64 -> 64 -> 64 -> 32 -> 16 -> 32 -> 1,mse,adam_1390,20,128,1.5606,20204.841796875,5007.3291015625,4640.1923828125,0.329933853974295,0.7
2026-09-04 15:37:37,repeat_random_model.py,"(1021, 9)",858,sequential_1391,Dense 64 -> 64 -> 64 -> 32 -> 16 -> 16 -> 1,mse,adam_1391,20,128,1.4941,85015.828125,6371.61181640625,6265.86767578125,0.09517852474488087,0.7
2026-09-04 15:37:39,repeat_random_model.py,"(1021, 9)",858,sequential_1392,Dense 64 -> 64 -> 64 -> 16 -> 128 -> 128 -> 1,mse,adam_1392,20,128,1.3906,52664.03515625,5571.3486328125,5210.396484375,0.24759364912587045,0.7
2026-09-04 15:37:40,repeat_random_model.py,"(1021, 9)",858,sequential_1393,Dense 64 -> 64 -> 64 -> 16 -> 128 -> 64 -> 1,mse,adam_1393,20,128,1.3528,53909.55078125,5839.7177734375,5629.85400390625,0.18702203841298193,0.7
2026-09-04 15:37:42,repeat_random_model.py,"(1021, 9)",858,sequential_1394,Dense 64 -> 64 -> 64 -> 16 -> 128 -> 32 -> 1,mse,adam_1394,20,128,1.409,44393.2421875,5926.01025390625,5697.5166015625,0.17725123490739625,0.7
2026-09-04 15:37:44,repeat_random_model.py,"(1021, 9)",858,sequential_1395,Dense 64 -> 64 -> 64 -> 16 -> 128 -> 16 -> 1,mse,adam_1395,20,128,1.3784,18862.814453125,5433.212890625,4952.6025390625,0.2848203528750465,0.7
2026-09-04 15:37:45,repeat_random_model.py,"(1021, 9)",858,sequential_1396,Dense 64 -> 64 -> 64 -> 16 -> 64 -> 128 -> 1,mse,adam_1396,20,128,1.3696,34261.328125,5636.88232421875,5306.9970703125,0.23364403693488922,0.7
2026-09-04 15:37:47,repeat_random_model.py,"(1021, 9)",858,sequential_1397,Dense 64 -> 64 -> 64 -> 16 -> 64 -> 64 -> 1,mse,adam_1397,20,128,1.362,88541.90625,6326.66845703125,5976.98583984375,0.13689435446268983,0.7
2026-09-04 15:37:48,repeat_random_model.py,"(1021, 9)",858,sequential_1398,Dense 64 -> 64 -> 64 -> 16 -> 64 -> 32 -> 1,mse,adam_1398,20,128,1.3787,100409.8203125,5948.47412109375,5735.4130859375,0.17177879227129045,0.7
2026-09-04 15:37:50,repeat_random_model.py,"(1021, 9)",858,sequential_1399,Dense 64 -> 64 -> 64 -> 16 -> 64 -> 16 -> 1,mse,adam_1399,20,128,1.4859,58090.87109375,5977.208984375,6135.3486328125,0.11402605455289228,0.7
2026-09-04 15:37:52,repeat_random_model.py,"(1021, 9)",858,sequential_1400,Dense 64 -> 64 -> 64 -> 16 -> 32 -> 128 -> 1,mse,adam_1400,20,128,1.3908,64821.453125,6356.9365234375,6082.6123046875,0.12164146078512128,0.7
2026-09-04 15:37:53,repeat_random_model.py,"(1021, 9)",858,sequential_1401,Dense 64 -> 64 -> 64 -> 16 -> 32 -> 64 -> 1,mse,adam_1401,20,128,1.3732,153579.1875,6222.57275390625,5948.18359375,0.14105354970290307,0.7
2026-09-04 15:37:55,repeat_random_model.py,"(1021, 9)",858,sequential_1402,Dense 64 -> 64 -> 64 -> 16 -> 32 -> 32 -> 1,mse,adam_1402,20,128,1.3498,23803.28125,5634.93505859375,5291.66357421875,0.23585825326829923,0.7
2026-09-04 15:37:57,repeat_random_model.py,"(1021, 9)",858,sequential_1403,Dense 64 -> 64 -> 64 -> 16 -> 32 -> 16 -> 1,mse,adam_1403,20,128,1.4641,14499.724609375,5342.4833984375,4799.1025390625,0.3069864084429581,0.7
2026-09-04 15:37:58,repeat_random_model.py,"(1021, 9)",858,sequential_1404,Dense 64 -> 64 -> 64 -> 16 -> 16 -> 128 -> 1,mse,adam_1404,20,128,1.3672,49959.3515625,6368.9169921875,6070.90283203125,0.12333224914463825,0.7
2026-09-04 15:38:00,repeat_random_model.py,"(1021, 9)",858,sequential_1405,Dense 64 -> 64 -> 64 -> 16 -> 16 -> 64 -> 1,mse,adam_1405,20,128,1.3556,20368.07421875,5080.99609375,4775.17529296875,0.3104416270643584,0.7
2026-09-04 15:38:01,repeat_random_model.py,"(1021, 9)",858,sequential_1406,Dense 64 -> 64 -> 64 -> 16 -> 16 -> 32 -> 1,mse,adam_1406,20,128,1.3559,18972.033203125,5686.67724609375,5407.0029296875,0.21920265075420675,0.7
2026-09-04 15:38:03,repeat_random_model.py,"(1021, 9)",858,sequential_1407,Dense 64 -> 64 -> 64 -> 16 -> 16 -> 16 -> 1,mse,adam_1407,20,128,1.3499,53039.35546875,6155.033203125,5855.00244140625,0.1545094119328746,0.7
2026-09-04 15:38:05,repeat_random_model.py,"(1021, 9)",858,sequential_1408,Dense 64 -> 64 -> 32 -> 128 -> 128 -> 128 -> 1,mse,adam_1408,20,128,1.4942,71049.8203125,5654.69189453125,5432.4912109375,0.2155220155751547,0.7
2026-09-04 15:38:06,repeat_random_model.py,"(1021, 9)",858,sequential_1409,Dense 64 -> 64 -> 32 -> 128 -> 128 -> 64 -> 1,mse,adam_1409,20,128,1.3837,75166.4765625,5766.03955078125,5444.84814453125,0.21373763297510973,0.7
2026-09-04 15:38:08,repeat_random_model.py,"(1021, 9)",858,sequential_1410,Dense 64 -> 64 -> 32 -> 128 -> 128 -> 32 -> 1,mse,adam_1410,20,128,1.4482,102469.3671875,5655.97265625,5320.1318359375,0.2317472885705847,0.7
2026-09-04 15:38:10,repeat_random_model.py,"(1021, 9)",858,sequential_1411,Dense 64 -> 64 -> 32 -> 128 -> 128 -> 16 -> 1,mse,adam_1411,20,128,1.3943,83843.515625,5861.35546875,5626.50927734375,0.18750497405859556,0.7
2026-09-04 15:38:11,repeat_random_model.py,"(1021, 9)",858,sequential_1412,Dense 64 -> 64 -> 32 -> 128 -> 64 -> 128 -> 1,mse,adam_1412,20,128,1.3836,75741.515625,6175.20703125,5934.9482421875,0.1429649387261116,0.7
2026-09-04 15:38:13,repeat_random_model.py,"(1021, 9)",858,sequential_1413,Dense 64 -> 64 -> 32 -> 128 -> 64 -> 64 -> 1,mse,adam_1413,20,128,1.37,37304.4375,5507.80419921875,5342.9384765625,0.22845395253173284,0.7
2026-09-04 15:38:15,repeat_random_model.py,"(1021, 9)",858,sequential_1414,Dense 64 -> 64 -> 32 -> 128 -> 64 -> 32 -> 1,mse,adam_1414,20,128,1.5201,65625.1328125,5947.5537109375,5895.12158203125,0.14871590861373762,0.7
2026-09-04 15:38:16,repeat_random_model.py,"(1021, 9)",858,sequential_1415,Dense 64 -> 64 -> 32 -> 128 -> 64 -> 16 -> 1,mse,adam_1415,20,128,1.5447,120721.046875,6094.748046875,5873.9248046875,0.15177682972552853,0.7
2026-09-04 15:38:18,repeat_random_model.py,"(1021, 9)",858,sequential_1416,Dense 64 -> 64 -> 32 -> 128 -> 32 -> 128 -> 1,mse,adam_1416,20,128,1.4,33197.27734375,5645.416015625,5524.970703125,0.20216747682585534,0.7
2026-09-04 15:38:20,repeat_random_model.py,"(1021, 9)",858,sequential_1417,Dense 64 -> 64 -> 32 -> 128 -> 32 -> 64 -> 1,mse,adam_1417,20,128,1.4217,19501.818359375,5604.29052734375,5387.017578125,0.2220886812243118,0.7
2026-09-04 15:38:21,repeat_random_model.py,"(1021, 9)",858,sequential_1418,Dense 64 -> 64 -> 32 -> 128 -> 32 -> 32 -> 1,mse,adam_1418,20,128,1.387,88880.3046875,5971.818359375,5714.43212890625,0.17480842535397245,0.7
2026-09-04 15:38:23,repeat_random_model.py,"(1021, 9)",858,sequential_1419,Dense 64 -> 64 -> 32 -> 128 -> 32 -> 16 -> 1,mse,adam_1419,20,128,1.3807,24472.2578125,5025.625,5650.58203125,0.18402867840031867,0.7
2026-09-04 15:38:25,repeat_random_model.py,"(1021, 9)",858,sequential_1420,Dense 64 -> 64 -> 32 -> 128 -> 16 -> 128 -> 1,mse,adam_1420,20,128,1.3961,17447.248046875,5134.1748046875,4723.0966796875,0.3179620585285319,0.7
2026-09-04 15:38:26,repeat_random_model.py,"(1021, 9)",858,sequential_1421,Dense 64 -> 64 -> 32 -> 128 -> 16 -> 64 -> 1,mse,adam_1421,20,128,1.3817,36645.92578125,5800.12548828125,5571.19189453125,0.19549301637278294,0.7
2026-09-04 15:38:28,repeat_random_model.py,"(1021, 9)",858,sequential_1422,Dense 64 -> 64 -> 32 -> 128 -> 16 -> 32 -> 1,mse,adam_1422,20,128,1.4464,35343.23046875,6046.00732421875,5832.79443359375,0.15771637922565107,0.7
2026-09-04 15:38:29,repeat_random_model.py,"(1021, 9)",858,sequential_1423,Dense 64 -> 64 -> 32 -> 128 -> 16 -> 16 -> 1,mse,adam_1423,20,128,1.3524,29327.82421875,5262.6796875,5036.4345703125,0.27271457629306994,0.7
2026-09-04 15:38:31,repeat_random_model.py,"(1021, 9)",858,sequential_1424,Dense 64 -> 64 -> 32 -> 64 -> 128 -> 128 -> 1,mse,adam_1424,20,128,1.423,66178.0078125,5694.42626953125,5474.38037109375,0.20947310157216759,0.7
2026-09-04 15:38:33,repeat_random_model.py,"(1021, 9)",858,sequential_1425,Dense 64 -> 64 -> 32 -> 64 -> 128 -> 64 -> 1,mse,adam_1425,20,128,1.3742,66352.3046875,5678.484375,5426.85009765625,0.21633668949614526,0.7
2026-09-04 15:38:34,repeat_random_model.py,"(1021, 9)",858,sequential_1426,Dense 64 -> 64 -> 32 -> 64 -> 128 -> 32 -> 1,mse,adam_1426,20,128,1.3745,39623.55078125,5582.18017578125,5110.44287109375,0.26202741118194994,0.7
2026-09-04 15:38:36,repeat_random_model.py,"(1021, 9)",858,sequential_1427,Dense 64 -> 64 -> 32 -> 64 -> 128 -> 16 -> 1,mse,adam_1427,20,128,1.3592,37289.2890625,5443.015625,5056.732421875,0.26978343809423866,0.7
2026-09-04 15:38:37,repeat_random_model.py,"(1021, 9)",858,sequential_1428,Dense 64 -> 64 -> 32 -> 64 -> 64 -> 128 -> 1,mse,adam_1428,20,128,1.3634,23050.0625,5379.58837890625,4810.0576171875,0.30540446252320463,0.7
2026-09-04 15:38:39,repeat_random_model.py,"(1021, 9)",858,sequential_1429,Dense 64 -> 64 -> 32 -> 64 -> 64 -> 64 -> 1,mse,adam_1429,20,128,1.4948,38725.34375,5575.15087890625,5313.66259765625,0.23268140235065538,0.7
2026-09-04 15:38:41,repeat_random_model.py,"(1021, 9)",858,sequential_1430,Dense 64 -> 64 -> 32 -> 64 -> 64 -> 32 -> 1,mse,adam_1430,20,128,1.3891,73669.3359375,5878.24755859375,5624.07421875,0.18785660614076882,0.7
2026-09-04 15:38:43,repeat_random_model.py,"(1021, 9)",858,sequential_1431,Dense 64 -> 64 -> 32 -> 64 -> 64 -> 16 -> 1,mse,adam_1431,20,128,1.4515,54469.17578125,5620.29248046875,5565.37548828125,0.19633301996672237,0.7
2026-09-04 15:38:44,repeat_random_model.py,"(1021, 9)",858,sequential_1432,Dense 64 -> 64 -> 32 -> 64 -> 32 -> 128 -> 1,mse,adam_1432,20,128,1.4865,31547.830078125,5600.06640625,5299.35009765625,0.23474839735212139,0.7
2026-09-04 15:38:46,repeat_random_model.py,"(1021, 9)",858,sequential_1433,Dense 64 -> 64 -> 32 -> 64 -> 32 -> 64 -> 1,mse,adam_1433,20,128,1.3948,24828.494140625,5661.06982421875,5679.6689453125,0.17982843474850885,0.7
2026-09-04 15:38:48,repeat_random_model.py,"(1021, 9)",858,sequential_1434,Dense 64 -> 64 -> 32 -> 64 -> 32 -> 32 -> 1,mse,adam_1434,20,128,1.4423,34871.2109375,5793.60546875,5401.75244140625,0.21996082458158417,0.7
2026-09-04 15:38:49,repeat_random_model.py,"(1021, 9)",858,sequential_1435,Dense 64 -> 64 -> 32 -> 64 -> 32 -> 16 -> 1,mse,adam_1435,20,128,1.41,405796.9375,6346.697265625,6030.892578125,0.12911000755869184,0.7
2026-09-04 15:38:51,repeat_random_model.py,"(1021, 9)",858,sequential_1436,Dense 64 -> 64 -> 32 -> 64 -> 16 -> 128 -> 1,mse,adam_1436,20,128,1.345,12629.7431640625,5315.84521484375,5569.65234375,0.1957154017764532,0.7
2026-09-04 15:38:53,repeat_random_model.py,"(1021, 9)",858,sequential_1437,Dense 64 -> 64 -> 32 -> 64 -> 16 -> 64 -> 1,mse,adam_1437,20,128,1.3535,21452.296875,4825.7333984375,4744.44384765625,0.31487928215565897,0.7
2026-09-04 15:38:54,repeat_random_model.py,"(1021, 9)",858,sequential_1438,Dense 64 -> 64 -> 32 -> 64 -> 16 -> 32 -> 1,mse,adam_1438,20,128,1.487,41617.98046875,5744.220703125,5284.6044921875,0.23687756539129567,0.7
2026-09-04 15:38:56,repeat_random_model.py,"(1021, 9)",858,sequential_1439,Dense 64 -> 64 -> 32 -> 64 -> 16 -> 16 -> 1,mse,adam_1439,20,128,1.3496,213530.328125,6252.57763671875,5995.3525390625,0.13424206507427094,0.7
2026-09-04 15:38:57,repeat_random_model.py,"(1021, 9)",858,sequential_1440,Dense 64 -> 64 -> 32 -> 32 -> 128 -> 128 -> 1,mse,adam_1440,20,128,1.3944,31781.431640625,4740.18310546875,5465.2998046875,0.21078440059519887,0.7
2026-09-04 15:38:59,repeat_random_model.py,"(1021, 9)",858,sequential_1441,Dense 64 -> 64 -> 32 -> 32 -> 128 -> 64 -> 1,mse,adam_1441,20,128,1.4181,54001.83984375,5508.90673828125,5326.10009765625,0.23088549316409301,0.7
2026-09-04 15:39:01,repeat_random_model.py,"(1021, 9)",858,sequential_1442,Dense 64 -> 64 -> 32 -> 32 -> 128 -> 32 -> 1,mse,adam_1442,20,128,1.3755,29167.890625,4409.27099609375,4018.3330078125,0.419733296373893,0.7
2026-09-04 15:39:02,repeat_random_model.py,"(1021, 9)",858,sequential_1443,Dense 64 -> 64 -> 32 -> 32 -> 128 -> 16 -> 1,mse,adam_1443,20,128,1.4111,100394.515625,6052.78125,5829.08056640625,0.1582526367917786,0.7
2026-09-04 15:39:04,repeat_random_model.py,"(1021, 9)",858,sequential_1444,Dense 64 -> 64 -> 32 -> 32 -> 64 -> 128 -> 1,mse,adam_1444,20,128,1.4861,59628.07421875,6001.16748046875,5761.869140625,0.16795834504871898,0.7
2026-09-04 15:39:06,repeat_random_model.py,"(1021, 9)",858,sequential_1445,Dense 64 -> 64 -> 32 -> 32 -> 64 -> 64 -> 1,mse,adam_1445,20,128,1.4679,99043.265625,5935.6328125,5676.50439453125,0.18028531418503224,0.7
2026-09-04 15:39:07,repeat_random_model.py,"(1021, 9)",858,sequential_1446,Dense 64 -> 64 -> 32 -> 32 -> 64 -> 32 -> 1,mse,adam_1446,20,128,1.3776,33126.328125,5627.6396484375,5614.40283203125,0.18925312428300012,0.7
2026-09-04 15:39:09,repeat_random_model.py,"(1021, 9)",858,sequential_1447,Dense 64 -> 64 -> 32 -> 32 -> 64 -> 16 -> 1,mse,adam_1447,20,128,1.3985,181522.609375,6479.24951171875,6175.27685546875,0.10826021751272685,0.7
2026-09-04 15:39:11,repeat_random_model.py,"(1021, 9)",858,sequential_1448,Dense 64 -> 64 -> 32 -> 32 -> 32 -> 128 -> 1,mse,adam_1448,20,128,1.517,28938.052734375,5874.27685546875,5696.48583984375,0.177399938621575,0.7
2026-09-04 15:39:13,repeat_random_model.py,"(1021, 9)",858,sequential_1449,Dense 64 -> 64 -> 32 -> 32 -> 32 -> 64 -> 1,mse,adam_1449,20,128,1.5132,67286.390625,6056.6787109375,5839.56103515625,0.15673928033860296,0.7
2026-09-04 15:39:14,repeat_random_model.py,"(1021, 9)",858,sequential_1450,Dense 64 -> 64 -> 32 -> 32 -> 32 -> 32 -> 1,mse,adam_1450,20,128,1.4126,29881.220703125,4970.83642578125,4792.20849609375,0.3079819506903966,0.7
2026-09-04 15:39:16,repeat_random_model.py,"(1021, 9)",858,sequential_1451,Dense 64 -> 64 -> 32 -> 32 -> 32 -> 16 -> 1,mse,adam_1451,20,128,1.4049,39708.69140625,5044.22216796875,4870.22998046875,0.29671523798046306,0.7
2026-09-04 15:39:18,repeat_random_model.py,"(1021, 9)",858,sequential_1452,Dense 64 -> 64 -> 32 -> 32 -> 16 -> 128 -> 1,mse,adam_1452,20,128,1.3897,18016.158203125,5931.431640625,5656.8662109375,0.1831211545780712,0.7
2026-09-04 15:39:19,repeat_random_model.py,"(1021, 9)",858,sequential_1453,Dense 64 -> 64 -> 32 -> 32 -> 16 -> 64 -> 1,mse,adam_1453,20,128,1.4761,64652.8515625,6141.43994140625,5842.2841796875,0.15634596843705406,0.7
2026-09-04 15:39:21,repeat_random_model.py,"(1021, 9)",858,sequential_1454,Dense 64 -> 64 -> 32 -> 32 -> 16 -> 32 -> 1,mse,adam_1454,20,128,1.5764,79134.6171875,6161.697265625,5768.51953125,0.16699793181439615,0.7
2026-09-04 15:39:23,repeat_random_model.py,"(1021, 9)",858,sequential_1455,Dense 64 -> 64 -> 32 -> 32 -> 16 -> 16 -> 1,mse,adam_1455,20,128,1.4326,14590.978515625,4985.11474609375,4496.87890625,0.35062897959383643,0.7
2026-09-04 15:39:24,repeat_random_model.py,"(1021, 9)",858,sequential_1456,Dense 64 -> 64 -> 32 -> 16 -> 128 -> 128 -> 1,mse,adam_1456,20,128,1.4233,43545.4765625,5734.56201171875,5373.005859375,0.22411202562371102,0.7
2026-09-04 15:39:26,repeat_random_model.py,"(1021, 9)",858,sequential_1457,Dense 64 -> 64 -> 32 -> 16 -> 128 -> 64 -> 1,mse,adam_1457,20,128,1.4214,24667.927734375,5451.9609375,5009.89892578125,0.2765463197133605,0.7
2026-09-04 15:39:28,repeat_random_model.py,"(1021, 9)",858,sequential_1458,Dense 64 -> 64 -> 32 -> 16 -> 128 -> 32 -> 1,mse,adam_1458,20,128,1.4961,16294.2734375,4763.8994140625,4975.5654296875,0.28150438246750087,0.7
2026-09-04 15:39:29,repeat_random_model.py,"(1021, 9)",858,sequential_1459,Dense 64 -> 64 -> 32 -> 16 -> 128 -> 16 -> 1,mse,adam_1459,20,128,1.367,15586.0029296875,5360.611328125,4835.25634765625,0.3017657507926218,0.7
2026-09-04 15:39:31,repeat_random_model.py,"(1021, 9)",858,sequential_1460,Dense 64 -> 64 -> 32 -> 16 -> 64 -> 128 -> 1,mse,adam_1460,20,128,1.3972,32745.810546875,5696.20361328125,5435.861328125,0.21503542294901945,0.7
2026-09-04 15:39:33,repeat_random_model.py,"(1021, 9)",858,sequential_1461,Dense 64 -> 64 -> 32 -> 16 -> 64 -> 64 -> 1,mse,adam_1461,20,128,1.4066,150019.75,6249.6064453125,5897.064453125,0.1484354553872338,0.7
2026-09-04 15:39:34,repeat_random_model.py,"(1021, 9)",858,sequential_1462,Dense 64 -> 64 -> 32 -> 16 -> 64 -> 32 -> 1,mse,adam_1462,20,128,1.5197,46194.375,5960.65234375,5803.66455078125,0.1619228439681405,0.7
2026-09-04 15:39:36,repeat_random_model.py,"(1021, 9)",858,sequential_1463,Dense 64 -> 64 -> 32 -> 16 -> 64 -> 16 -> 1,mse,adam_1463,20,128,1.3582,24793.71875,5384.89990234375,5337.361328125,0.2292591900857328,0.7
2026-09-04 15:39:38,repeat_random_model.py,"(1021, 9)",858,sequential_1464,Dense 64 -> 64 -> 32 -> 16 -> 32 -> 128 -> 1,mse,adam_1464,20,128,1.4399,37064.609375,5510.8037109375,5327.97216796875,0.23061517682605248,0.7
2026-09-04 15:39:39,repeat_random_model.py,"(1021, 9)",858,sequential_1465,Dense 64 -> 64 -> 32 -> 16 -> 32 -> 64 -> 1,mse,adam_1465,20,128,1.3487,18613.04296875,5686.67626953125,5353.1708984375,0.22697625814551514,0.7
2026-09-04 15:39:41,repeat_random_model.py,"(1021, 9)",858,sequential_1466,Dense 64 -> 64 -> 32 -> 16 -> 32 -> 32 -> 1,mse,adam_1466,20,128,1.3807,65203.90625,6475.80810546875,6150.357421875,0.11185871280115289,0.7
2026-09-04 15:39:42,repeat_random_model.py,"(1021, 9)",858,sequential_1467,Dense 64 -> 64 -> 32 -> 16 -> 32 -> 16 -> 1,mse,adam_1467,20,128,1.3557,66166.90625,6335.5400390625,6029.81494140625,0.12926565107119126,0.7
2026-09-04 15:39:44,repeat_random_model.py,"(1021, 9)",858,sequential_1468,Dense 64 -> 64 -> 32 -> 16 -> 16 -> 128 -> 1,mse,adam_1468,20,128,1.3534,80012.25,6442.3837890625,5932.4208984375,0.14332985728753178,0.7
2026-09-04 15:39:46,repeat_random_model.py,"(1021, 9)",858,sequential_1469,Dense 64 -> 64 -> 32 -> 16 -> 16 -> 64 -> 1,mse,adam_1469,20,128,1.3536,9728.1494140625,5066.5615234375,4710.13671875,0.31983360984721676,0.7
2026-09-04 15:39:47,repeat_random_model.py,"(1021, 9)",858,sequential_1470,Dense 64 -> 64 -> 32 -> 16 -> 16 -> 32 -> 1,mse,adam_1470,20,128,1.3418,52352.73046875,5303.88720703125,5082.88623046875,0.2660066908648452,0.7
2026-09-04 15:39:49,repeat_random_model.py,"(1021, 9)",858,sequential_1471,Dense 64 -> 64 -> 32 -> 16 -> 16 -> 16 -> 1,mse,adam_1471,20,128,1.4528,312452.03125,6186.61083984375,5963.69384765625,0.13881387212494944,0.7
2026-09-04 15:39:51,repeat_random_model.py,"(1021, 9)",858,sequential_1472,Dense 64 -> 64 -> 16 -> 128 -> 128 -> 128 -> 1,mse,adam_1472,20,128,1.5561,60810.5703125,5291.86669921875,4941.32861328125,0.28644825858179546,0.7
2026-09-04 15:39:52,repeat_random_model.py,"(1021, 9)",858,sequential_1473,Dense 64 -> 64 -> 16 -> 128 -> 128 -> 64 -> 1,mse,adam_1473,20,128,1.4002,41745.06640625,5922.94384765625,5675.90478515625,0.1803718905566316,0.7
2026-09-04 15:39:54,repeat_random_model.py,"(1021, 9)",858,sequential_1474,Dense 64 -> 64 -> 16 -> 128 -> 128 -> 32 -> 1,mse,adam_1474,20,128,1.4473,47832.35546875,5611.09326171875,4939.1416015625,0.28676409356590293,0.7
2026-09-04 15:39:56,repeat_random_model.py,"(1021, 9)",858,sequential_1475,Dense 64 -> 64 -> 16 -> 128 -> 128 -> 16 -> 1,mse,adam_1475,20,128,1.3908,163261.421875,5874.59326171875,5626.458984375,0.18751219747400738,0.7
2026-09-04 15:39:57,repeat_random_model.py,"(1021, 9)",858,sequential_1476,Dense 64 -> 64 -> 16 -> 128 -> 64 -> 128 -> 1,mse,adam_1476,20,128,1.4166,28738.455078125,4846.25732421875,4488.73095703125,0.35180555986789996,0.7
2026-09-04 15:39:59,repeat_random_model.py,"(1021, 9)",858,sequential_1477,Dense 64 -> 64 -> 16 -> 128 -> 64 -> 64 -> 1,mse,adam_1477,20,128,1.4308,35835.484375,5547.41748046875,5622.00048828125,0.18815601364002055,0.7
2026-09-04 15:40:01,repeat_random_model.py,"(1021, 9)",858,sequential_1478,Dense 64 -> 64 -> 16 -> 128 -> 64 -> 32 -> 1,mse,adam_1478,20,128,1.3782,63837.2265625,5529.70068359375,5112.39990234375,0.2617447989814381,0.7
2026-09-04 15:40:02,repeat_random_model.py,"(1021, 9)",858,sequential_1479,Dense 64 -> 64 -> 16 -> 128 -> 64 -> 16 -> 1,mse,adam_1479,20,128,1.3609,51198.4375,5927.44384765625,5597.09716796875,0.19175213966486349,0.7
2026-09-04 15:40:04,repeat_random_model.py,"(1021, 9)",858,sequential_1480,Dense 64 -> 64 -> 16 -> 128 -> 32 -> 128 -> 1,mse,adam_1480,20,128,1.3767,10070.6259765625,4158.38623046875,4355.76416015625,0.3710066063372669,0.7
2026-09-04 15:40:05,repeat_random_model.py,"(1021, 9)",858,sequential_1481,Dense 64 -> 64 -> 16 -> 128 -> 32 -> 64 -> 1,mse,adam_1481,20,128,1.4292,39063.6328125,5923.77978515625,5676.12841796875,0.1803395805620961,0.7
2026-09-04 15:40:07,repeat_random_model.py,"(1021, 9)",858,sequential_1482,Dense 64 -> 64 -> 16 -> 128 -> 32 -> 32 -> 1,mse,adam_1482,20,128,1.3726,47864.05859375,6021.77880859375,5722.19580078125,0.1736873963300526,0.7
2026-09-04 15:40:09,repeat_random_model.py,"(1021, 9)",858,sequential_1483,Dense 64 -> 64 -> 16 -> 128 -> 32 -> 16 -> 1,mse,adam_1483,20,128,1.4233,46189.76171875,5885.3466796875,5684.03369140625,0.17919815837306652,0.7
2026-09-04 15:40:10,repeat_random_model.py,"(1021, 9)",858,sequential_1484,Dense 64 -> 64 -> 16 -> 128 -> 16 -> 128 -> 1,mse,adam_1484,20,128,1.3573,11425.0537109375,4409.044921875,3965.4931640625,0.42736365738473103,0.7
2026-09-04 15:40:12,repeat_random_model.py,"(1021, 9)",858,sequential_1485,Dense 64 -> 64 -> 16 -> 128 -> 16 -> 64 -> 1,mse,adam_1485,20,128,1.3985,10324.22265625,5568.9453125,4165.20654296875,0.39852401695311657,0.7
2026-09-04 15:40:14,repeat_random_model.py,"(1021, 9)",858,sequential_1486,Dense 64 -> 64 -> 16 -> 128 -> 16 -> 32 -> 1,mse,adam_1486,20,128,1.4687,9280.654296875,5056.19091796875,5225.64111328125,0.24539208283916425,0.7
2026-09-04 15:40:15,repeat_random_model.py,"(1021, 9)",858,sequential_1487,Dense 64 -> 64 -> 16 -> 128 -> 16 -> 16 -> 1,mse,adam_1487,20,128,1.3491,20624.0078125,6004.40625,5521.4345703125,0.20267835934698608,0.7
2026-09-04 15:40:17,repeat_random_model.py,"(1021, 9)",858,sequential_1488,Dense 64 -> 64 -> 16 -> 64 -> 128 -> 128 -> 1,mse,adam_1488,20,128,1.4236,101212.03125,5994.166015625,5760.93310546875,0.16809331882891954,0.7
2026-09-04 15:40:19,repeat_random_model.py,"(1021, 9)",858,sequential_1489,Dense 64 -> 64 -> 16 -> 64 -> 128 -> 64 -> 1,mse,adam_1489,20,128,1.3618,34259.94140625,5208.0283203125,4557.568359375,0.34186514932725254,0.7
2026-09-04 15:40:20,repeat_random_model.py,"(1021, 9)",858,sequential_1490,Dense 64 -> 64 -> 16 -> 64 -> 128 -> 32 -> 1,mse,adam_1490,20,128,1.4836,28394.01171875,4616.58544921875,4284.57861328125,0.3812862295783285,0.7
2026-09-04 15:40:22,repeat_random_model.py,"(1021, 9)",858,sequential_1491,Dense 64 -> 64 -> 16 -> 64 -> 128 -> 16 -> 1,mse,adam_1491,20,128,1.5064,21223.615234375,3935.938720703125,3900.649169921875,0.43672739241224323,0.7
2026-09-04 15:40:24,repeat_random_model.py,"(1021, 9)",858,sequential_1492,Dense 64 -> 64 -> 16 -> 64 -> 64 -> 128 -> 1,mse,adam_1492,20,128,1.3813,24783.0703125,5470.0380859375,5010.97607421875,0.2763908729162631,0.7
2026-09-04 15:40:25,repeat_random_model.py,"(1021, 9)",858,sequential_1493,Dense 64 -> 64 -> 16 -> 64 -> 64 -> 64 -> 1,mse,adam_1493,20,128,1.3603,36737.97265625,6120.08935546875,5796.361328125,0.1629775149563727,0.7
2026-09-04 15:40:27,repeat_random_model.py,"(1021, 9)",858,sequential_1494,Dense 64 -> 64 -> 16 -> 64 -> 64 -> 32 -> 1,mse,adam_1494,20,128,1.3731,64736.53125,6152.82861328125,5813.69287109375,0.16047465050659726,0.7
2026-09-04 15:40:28,repeat_random_model.py,"(1021, 9)",858,sequential_1495,Dense 64 -> 64 -> 16 -> 64 -> 64 -> 16 -> 1,mse,adam_1495,20,128,1.3585,45412.5078125,6079.6142578125,5876.57861328125,0.1513937109318716,0.7
2026-09-04 15:40:30,repeat_random_model.py,"(1021, 9)",858,sequential_1496,Dense 64 -> 64 -> 16 -> 64 -> 32 -> 128 -> 1,mse,adam_1496,20,128,1.3757,17311.9765625,5191.36474609375,5118.0634765625,0.26092690747929903,0.7
2026-09-04 15:40:32,repeat_random_model.py,"(1021, 9)",858,sequential_1497,Dense 64 -> 64 -> 16 -> 64 -> 32 -> 64 -> 1,mse,adam_1497,20,128,1.3923,19038.556640625,5412.9921875,5564.1884765625,0.19650431515403533,0.7
2026-09-04 15:40:33,repeat_random_model.py,"(1021, 9)",858,sequential_1498,Dense 64 -> 64 -> 16 -> 64 -> 32 -> 32 -> 1,mse,adam_1498,20,128,1.3487,40527.8671875,5281.8037109375,5359.51953125,0.22605950238771033,0.7
2026-09-04 15:40:35,repeat_random_model.py,"(1021, 9)",858,sequential_1499,Dense 64 -> 64 -> 16 -> 64 -> 32 -> 16 -> 1,mse,adam_1499,20,128,1.4044,121249.28125,5883.82470703125,5700.08447265625,0.1768802682628181,0.7
2026-09-04 15:40:36,repeat_random_model.py,"(1021, 9)",858,sequential_1500,Dense 64 -> 64 -> 16 -> 64 -> 16 -> 128 -> 1,mse,adam_1500,20,128,1.3788,15325.91015625,5321.7109375,5182.83740234375,0.25157323791735187,0.7
2026-09-04 15:40:38,repeat_random_model.py,"(1021, 9)",858,sequential_1501,Dense 64 -> 64 -> 16 -> 64 -> 16 -> 64 -> 1,mse,adam_1501,20,128,1.3525,80630.859375,6260.18408203125,6004.2021484375,0.13296430634069833,0.7
2026-09-04 15:40:40,repeat_random_model.py,"(1021, 9)",858,sequential_1502,Dense 64 -> 64 -> 16 -> 64 -> 16 -> 32 -> 1,mse,adam_1502,20,128,1.4024,14898.205078125,5342.39794921875,5178.59375,0.25218609469713005,0.7
2026-09-04 15:40:41,repeat_random_model.py,"(1021, 9)",858,sequential_1503,Dense 64 -> 64 -> 16 -> 64 -> 16 -> 16 -> 1,mse,adam_1503,20,128,1.3501,42618.171875,5842.3935546875,5505.73779296875,0.20494489260676052,0.7
2026-09-04 15:40:43,repeat_random_model.py,"(1021, 9)",858,sequential_1504,Dense 64 -> 64 -> 16 -> 32 -> 128 -> 128 -> 1,mse,adam_1504,20,128,1.404,29003.41015625,5868.20849609375,5603.30322265625,0.19085600935094083,0.7
2026-09-04 15:40:44,repeat_random_model.py,"(1021, 9)",858,sequential_1505,Dense 64 -> 64 -> 16 -> 32 -> 128 -> 64 -> 1,mse,adam_1505,20,128,1.3631,41722.12890625,6056.83447265625,5901.3134765625,0.1478219009188284,0.7
2026-09-04 15:40:46,repeat_random_model.py,"(1021, 9)",858,sequential_1506,Dense 64 -> 64 -> 16 -> 32 -> 128 -> 32 -> 1,mse,adam_1506,20,128,1.3952,38427.76171875,5672.814453125,5410.7900390625,0.21865583489349605,0.7
2026-09-04 15:40:48,repeat_random_model.py,"(1021, 9)",858,sequential_1507,Dense 64 -> 64 -> 16 -> 32 -> 128 -> 16 -> 1,mse,adam_1507,20,128,1.4204,29564.818359375,5734.17138671875,5500.1171875,0.20575659601255936,0.7
2026-09-04 15:40:49,repeat_random_model.py,"(1021, 9)",858,sequential_1508,Dense 64 -> 64 -> 16 -> 32 -> 64 -> 128 -> 1,mse,adam_1508,20,128,1.4776,20458.205078125,6190.07421875,3718.34228515625,0.46305344749746224,0.7
2026-09-04 15:40:51,repeat_random_model.py,"(1021, 9)",858,sequential_1509,Dense 64 -> 64 -> 16 -> 32 -> 64 -> 64 -> 1,mse,adam_1509,20,128,1.442,24223.369140625,5558.34326171875,5091.58740234375,0.2647500829235525,0.7
2026-09-04 15:40:53,repeat_random_model.py,"(1021, 9)",858,sequential_1510,Dense 64 -> 64 -> 16 -> 32 -> 64 -> 32 -> 1,mse,adam_1510,20,128,1.4277,24572.68359375,5775.34765625,5329.251953125,0.23043032729948865,0.7
2026-09-04 15:40:55,repeat_random_model.py,"(1021, 9)",858,sequential_1511,Dense 64 -> 64 -> 16 -> 32 -> 64 -> 16 -> 1,mse,adam_1511,20,128,1.5083,38973.04296875,5928.9208984375,5739.61865234375,0.1711713488491361,0.7
2026-09-04 15:40:56,repeat_random_model.py,"(1021, 9)",858,sequential_1512,Dense 64 -> 64 -> 16 -> 32 -> 32 -> 128 -> 1,mse,adam_1512,20,128,1.4687,28099.85546875,6223.15087890625,5632.55419921875,0.18663191410611968,0.7
2026-09-04 15:40:58,repeat_random_model.py,"(1021, 9)",858,sequential_1513,Dense 64 -> 64 -> 16 -> 32 -> 32 -> 64 -> 1,mse,adam_1513,20,128,1.3903,17333.4921875,5049.05126953125,4849.904296875,0.2996504877074052,0.7
2026-09-04 15:41:00,repeat_random_model.py,"(1021, 9)",858,sequential_1514,Dense 64 -> 64 -> 16 -> 32 -> 32 -> 32 -> 1,mse,adam_1514,20,128,1.352,25704.966796875,5906.6689453125,5608.34765625,0.19012758766342464,0.7
2026-09-04 15:41:01,repeat_random_model.py,"(1021, 9)",858,sequential_1515,Dense 64 -> 64 -> 16 -> 32 -> 32 -> 16 -> 1,mse,adam_1515,20,128,1.3849,55124.84375,5926.15087890625,5642.05712890625,0.1852596734473264,0.7
2026-09-04 15:41:03,repeat_random_model.py,"(1021, 9)",858,sequential_1516,Dense 64 -> 64 -> 16 -> 32 -> 16 -> 128 -> 1,mse,adam_1516,20,128,1.4139,34856.16796875,6225.32275390625,5919.49462890625,0.14519639797355122,0.7
2026-09-04 15:41:04,repeat_random_model.py,"(1021, 9)",858,sequential_1517,Dense 64 -> 64 -> 16 -> 32 -> 16 -> 64 -> 1,mse,adam_1517,20,128,1.3617,45558.7734375,6269.22705078125,5928.5341796875,0.14389107612851693,0.7
2026-09-04 15:41:06,repeat_random_model.py,"(1021, 9)",858,sequential_1518,Dense 64 -> 64 -> 16 -> 32 -> 16 -> 32 -> 1,mse,adam_1518,20,128,1.3724,120657.9609375,5642.60791015625,5389.3349609375,0.22175394542894478,0.7
2026-09-04 15:41:08,repeat_random_model.py,"(1021, 9)",858,sequential_1519,Dense 64 -> 64 -> 16 -> 32 -> 16 -> 16 -> 1,mse,adam_1519,20,128,1.415,26055.244140625,5570.9404296875,5635.552734375,0.1861990849350611,0.7
2026-09-04 15:41:09,repeat_random_model.py,"(1021, 9)",858,sequential_1520,Dense 64 -> 64 -> 16 -> 16 -> 128 -> 128 -> 1,mse,adam_1520,20,128,1.4821,41209.1796875,5774.24365234375,5671.93212890625,0.18094565947975594,0.7
2026-09-04 15:41:11,repeat_random_model.py,"(1021, 9)",858,sequential_1521,Dense 64 -> 64 -> 16 -> 16 -> 128 -> 64 -> 1,mse,adam_1521,20,128,1.3871,21161.65625,5352.30810546875,5020.1220703125,0.27507011660452685,0.7
2026-09-04 15:41:13,repeat_random_model.py,"(1021, 9)",858,sequential_1522,Dense 64 -> 64 -> 16 -> 16 -> 128 -> 32 -> 1,mse,adam_1522,20,128,1.4331,42630.95703125,5858.6484375,5627.1982421875,0.18740552367954344,0.7
2026-09-04 15:41:14,repeat_random_model.py,"(1021, 9)",858,sequential_1523,Dense 64 -> 64 -> 16 -> 16 -> 128 -> 16 -> 1,mse,adam_1523,20,128,1.4077,24124.212890625,5724.39599609375,5345.25927734375,0.22811877268994085,0.7
2026-09-04 15:41:16,repeat_random_model.py,"(1021, 9)",858,sequential_1524,Dense 64 -> 64 -> 16 -> 16 -> 64 -> 128 -> 1,mse,adam_1524,20,128,1.4853,16346.228515625,4959.32958984375,4588.39990234375,0.33741291733078094,0.7
2026-09-04 15:41:18,repeat_random_model.py,"(1021, 9)",858,sequential_1525,Dense 64 -> 64 -> 16 -> 16 -> 64 -> 64 -> 1,mse,adam_1525,20,128,1.4297,67255.265625,6286.20166015625,5963.33740234375,0.13886536318092746,0.7
2026-09-04 15:41:35,repeat_random_model.py,"(1021, 9)",858,sequential_1526,Dense 64 -> 64 -> 16 -> 16 -> 64 -> 32 -> 1,mse,adam_1526,20,128,1.4962,16179.037109375,5624.56396484375,5778.66650390625,0.16553278358416945,0.7
2026-09-04 15:41:36,repeat_random_model.py,"(1021, 9)",858,sequential_1527,Dense 64 -> 64 -> 16 -> 16 -> 64 -> 16 -> 1,mse,adam_1527,20,128,1.4934,92130.8984375,6266.09130859375,5920.11962890625,0.14510617367103684,0.7
2026-09-04 15:41:38,repeat_random_model.py,"(1021, 9)",858,sequential_1528,Dense 64 -> 64 -> 16 -> 16 -> 32 -> 128 -> 1,mse,adam_1528,20,128,1.4912,39428.26953125,5902.33984375,5697.93017578125,0.17719122844245738,0.7
2026-09-04 15:41:40,repeat_random_model.py,"(1021, 9)",858,sequential_1529,Dense 64 -> 64 -> 16 -> 16 -> 32 -> 64 -> 1,mse,adam_1529,20,128,1.4368,19417.330078125,5929.7626953125,5686.66552734375,0.17881803666313922,0.7
2026-09-04 15:41:42,repeat_random_model.py,"(1021, 9)",858,sequential_1530,Dense 64 -> 64 -> 16 -> 16 -> 32 -> 32 -> 1,mse,adam_1530,20,128,1.5797,29492.83203125,5759.92236328125,5536.31982421875,0.20052866993102236,0.7
2026-09-04 15:41:43,repeat_random_model.py,"(1021, 9)",858,sequential_1531,Dense 64 -> 64 -> 16 -> 16 -> 32 -> 16 -> 1,mse,adam_1531,20,128,1.5371,89235.2890625,5884.98095703125,5631.12841796875,0.1868379001545416,0.7
2026-09-04 15:41:45,repeat_random_model.py,"(1021, 9)",858,sequential_1532,Dense 64 -> 64 -> 16 -> 16 -> 16 -> 128 -> 1,mse,adam_1532,20,128,1.5167,13408.294921875,5230.43505859375,4363.86279296875,0.3698371268046621,0.7
2026-09-04 15:41:47,repeat_random_model.py,"(1021, 9)",858,sequential_1533,Dense 64 -> 64 -> 16 -> 16 -> 16 -> 64 -> 1,mse,adam_1533,20,128,1.5524,72442.484375,6452.1298828125,6062.1630859375,0.12459433355174643,0.7
2026-09-04 15:41:49,repeat_random_model.py,"(1021, 9)",858,sequential_1534,Dense 64 -> 64 -> 16 -> 16 -> 16 -> 32 -> 1,mse,adam_1534,20,128,1.6105,10338.2197265625,4860.61279296875,4484.60302734375,0.3524016617839436,0.7
2026-09-04 15:41:51,repeat_random_model.py,"(1021, 9)",858,sequential_1535,Dense 64 -> 64 -> 16 -> 16 -> 16 -> 16 -> 1,mse,adam_1535,20,128,1.544,36824.12109375,5490.96435546875,5329.04931640625,0.23045968275184037,0.7
2026-09-04 15:41:53,repeat_random_model.py,"(1021, 9)",858,sequential_1536,Dense 64 -> 32 -> 128 -> 128 -> 128 -> 128 -> 1,mse,adam_1536,20,128,1.8013,169131.84375,5629.0556640625,5332.53662109375,0.22995604765801736,0.7
2026-09-04 15:41:55,repeat_random_model.py,"(1021, 9)",858,sequential_1537,Dense 64 -> 32 -> 128 -> 128 -> 128 -> 64 -> 1,mse,adam_1537,20,128,1.6585,93603.4921875,5775.13525390625,5565.36865234375,0.19633383616421318,0.7
2026-09-04 15:41:57,repeat_random_model.py,"(1021, 9)",858,sequential_1538,Dense 64 -> 32 -> 128 -> 128 -> 128 -> 32 -> 1,mse,adam_1538,20,128,1.663,90650.3359375,5157.3232421875,4903.00341796875,0.29198263056239093,0.7
2026-09-04 15:41:58,repeat_random_model.py,"(1021, 9)",858,sequential_1539,Dense 64 -> 32 -> 128 -> 128 -> 128 -> 16 -> 1,mse,adam_1539,20,128,1.6367,297792.375,6221.6865234375,5976.15234375,0.1370149066879579,0.7
2026-09-04 15:42:00,repeat_random_model.py,"(1021, 9)",858,sequential_1540,Dense 64 -> 32 -> 128 -> 128 -> 64 -> 128 -> 1,mse,adam_1540,20,128,1.5599,85458.171875,5977.6484375,5660.99072265625,0.1825256094285549,0.7
2026-09-04 15:42:02,repeat_random_model.py,"(1021, 9)",858,sequential_1541,Dense 64 -> 32 -> 128 -> 128 -> 64 -> 64 -> 1,mse,adam_1541,20,128,1.5531,101787.78125,5978.29296875,5740.9267578125,0.17098251553481147,0.7
2026-09-04 15:42:04,repeat_random_model.py,"(1021, 9)",858,sequential_1542,Dense 64 -> 32 -> 128 -> 128 -> 64 -> 32 -> 1,mse,adam_1542,20,128,1.5817,152746.90625,5721.12060546875,5567.634765625,0.1960065987424907,0.7
2026-09-04 15:42:06,repeat_random_model.py,"(1021, 9)",858,sequential_1543,Dense 64 -> 32 -> 128 -> 128 -> 64 -> 16 -> 1,mse,adam_1543,20,128,1.7521,70480.7890625,5374.10595703125,5171.8974609375,0.2531530595263397,0.7
2026-09-04 15:42:08,repeat_random_model.py,"(1021, 9)",858,sequential_1544,Dense 64 -> 32 -> 128 -> 128 -> 32 -> 128 -> 1,mse,adam_1544,20,128,1.6232,34926.515625,5317.08251953125,4982.09716796875,0.2805611419582815,0.7
2026-09-04 15:42:10,repeat_random_model.py,"(1021, 9)",858,sequential_1545,Dense 64 -> 32 -> 128 -> 128 -> 32 -> 64 -> 1,mse,adam_1545,20,128,1.6711,68110.203125,6020.16259765625,5879.58349609375,0.15095978157996626,0.7
2026-09-04 15:42:12,repeat_random_model.py,"(1021, 9)",858,sequential_1546,Dense 64 -> 32 -> 128 -> 128 -> 32 -> 32 -> 1,mse,adam_1546,20,128,1.6698,73318.0390625,5728.10400390625,5503.7275390625,0.20523519735156115,0.7
2026-09-04 15:42:13,repeat_random_model.py,"(1021, 9)",858,sequential_1547,Dense 64 -> 32 -> 128 -> 128 -> 32 -> 16 -> 1,mse,adam_1547,20,128,1.6345,88076.4140625,5795.126953125,5481.85400390625,0.20839395794670057,0.7
2026-09-04 15:42:15,repeat_random_model.py,"(1021, 9)",858,sequential_1548,Dense 64 -> 32 -> 128 -> 128 -> 16 -> 128 -> 1,mse,adam_1548,20,128,1.6551,19548.6796875,4236.48974609375,3642.668701171875,0.4739810286205912,0.7
2026-09-04 15:42:17,repeat_random_model.py,"(1021, 9)",858,sequential_1549,Dense 64 -> 32 -> 128 -> 128 -> 16 -> 64 -> 1,mse,adam_1549,20,128,1.4941,31523.134765625,6245.07568359375,5935.14453125,0.142936508619128,0.7
2026-09-04 15:42:19,repeat_random_model.py,"(1021, 9)",858,sequential_1550,Dense 64 -> 32 -> 128 -> 128 -> 16 -> 32 -> 1,mse,adam_1550,20,128,1.6478,62161.76953125,5956.00634765625,5848.53125,0.1554438877008658,0.7
2026-09-04 15:42:21,repeat_random_model.py,"(1021, 9)",858,sequential_1551,Dense 64 -> 32 -> 128 -> 128 -> 16 -> 16 -> 1,mse,adam_1551,20,128,1.6058,87564.6484375,5233.54443359375,5047.2666015625,0.2711504090427278,0.7
2026-09-04 15:42:23,repeat_random_model.py,"(1021, 9)",858,sequential_1552,Dense 64 -> 32 -> 128 -> 64 -> 128 -> 128 -> 1,mse,adam_1552,20,128,1.583,141063.484375,6343.650390625,6035.12255859375,0.12849924151814396,0.7
2026-09-04 15:42:24,repeat_random_model.py,"(1021, 9)",858,sequential_1553,Dense 64 -> 32 -> 128 -> 64 -> 128 -> 64 -> 1,mse,adam_1553,20,128,1.5798,81176.28125,5458.693359375,5161.16357421875,0.2547030562248557,0.7
2026-09-04 15:42:26,repeat_random_model.py,"(1021, 9)",858,sequential_1554,Dense 64 -> 32 -> 128 -> 64 -> 128 -> 32 -> 1,mse,adam_1554,20,128,1.6305,87262.5546875,5780.10595703125,5523.24365234375,0.20241699445514216,0.7
2026-09-04 15:42:28,repeat_random_model.py,"(1021, 9)",858,sequential_1555,Dense 64 -> 32 -> 128 -> 64 -> 128 -> 16 -> 1,mse,adam_1555,20,128,1.4841,36985.6640625,5124.02978515625,5045.181640625,0.27145152446190857,0.7
2026-09-04 15:42:30,repeat_random_model.py,"(1021, 9)",858,sequential_1556,Dense 64 -> 32 -> 128 -> 64 -> 64 -> 128 -> 1,mse,adam_1556,20,128,1.6283,49794.4296875,5852.2158203125,5530.09326171875,0.20142797564298376,0.7
2026-09-04 15:42:32,repeat_random_model.py,"(1021, 9)",858,sequential_1557,Dense 64 -> 32 -> 128 -> 64 -> 64 -> 64 -> 1,mse,adam_1557,20,128,1.5024,109409.328125,6061.47802734375,5783.32080078125,0.16486053171146153,0.7
2026-09-04 15:42:33,repeat_random_model.py,"(1021, 9)",858,sequential_1558,Dense 64 -> 32 -> 128 -> 64 -> 64 -> 32 -> 1,mse,adam_1558,20,128,1.4148,100723.90625,5656.291015625,5419.8955078125,0.21734097248675732,0.7
2026-09-04 15:42:35,repeat_random_model.py,"(1021, 9)",858,sequential_1559,Dense 64 -> 32 -> 128 -> 64 -> 64 -> 16 -> 1,mse,adam_1559,20,128,1.4488,137198.78125,5961.30224609375,5637.47314453125,0.1859216600079081,0.7
2026-09-04 15:42:37,repeat_random_model.py,"(1021, 9)",858,sequential_1560,Dense 64 -> 32 -> 128 -> 64 -> 32 -> 128 -> 1,mse,adam_1560,20,128,1.7115,25604.4296875,5242.63037109375,4968.96923828125,0.28245693624318957,0.7
2026-09-04 15:42:39,repeat_random_model.py,"(1021, 9)",858,sequential_1561,Dense 64 -> 32 -> 128 -> 64 -> 32 -> 64 -> 1,mse,adam_1561,20,128,1.5809,28909.21875,4917.3251953125,4527.92724609375,0.34614542274519766,0.7
2026-09-04 15:42:41,repeat_random_model.py,"(1021, 9)",858,sequential_1562,Dense 64 -> 32 -> 128 -> 64 -> 32 -> 32 -> 1,mse,adam_1562,20,128,1.5587,23548.798828125,5202.92578125,4875.6494140625,0.29593276618775854,0.7
2026-09-04 15:42:42,repeat_random_model.py,"(1021, 9)",858,sequential_1563,Dense 64 -> 32 -> 128 -> 64 -> 32 -> 16 -> 1,mse,adam_1563,20,128,1.5276,131857.359375,6078.794921875,5813.55517578125,0.16049448222119944,0.7
2026-09-04 15:42:44,repeat_random_model.py,"(1021, 9)",858,sequential_1564,Dense 64 -> 32 -> 128 -> 64 -> 16 -> 128 -> 1,mse,adam_1564,20,128,1.5471,20937.861328125,5313.49951171875,4977.01220703125,0.2812954233325443,0.7
2026-09-04 15:42:46,repeat_random_model.py,"(1021, 9)",858,sequential_1565,Dense 64 -> 32 -> 128 -> 64 -> 16 -> 64 -> 1,mse,adam_1565,20,128,1.4743,50197.06640625,6062.86279296875,5853.06640625,0.15478900671570484,0.7
2026-09-04 15:42:48,repeat_random_model.py,"(1021, 9)",858,sequential_1566,Dense 64 -> 32 -> 128 -> 64 -> 16 -> 32 -> 1,mse,adam_1566,20,128,1.4735,54499.0390625,5800.3095703125,5718.81640625,0.1741752617867215,0.7
2026-09-04 15:42:49,repeat_random_model.py,"(1021, 9)",858,sequential_1567,Dense 64 -> 32 -> 128 -> 64 -> 16 -> 16 -> 1,mse,adam_1567,20,128,1.5581,51215.31640625,4992.09423828125,4670.6982421875,0.3255286492522993,0.7
2026-09-04 15:42:51,repeat_random_model.py,"(1021, 9)",858,sequential_1568,Dense 64 -> 32 -> 128 -> 32 -> 128 -> 128 -> 1,mse,adam_1568,20,128,1.6394,79853.703125,5865.86376953125,5661.51416015625,0.18244995918355655,0.7
2026-09-04 15:42:53,repeat_random_model.py,"(1021, 9)",858,sequential_1569,Dense 64 -> 32 -> 128 -> 32 -> 128 -> 64 -> 1,mse,adam_1569,20,128,1.5483,31663.251953125,5008.77978515625,4248.4326171875,0.3865058201854966,0.7
2026-09-04 15:42:55,repeat_random_model.py,"(1021, 9)",858,sequential_1570,Dense 64 -> 32 -> 128 -> 32 -> 128 -> 32 -> 1,mse,adam_1570,20,128,1.5274,51022.56640625,6081.74267578125,5696.79296875,0.17735562948256367,0.7
2026-09-04 15:42:57,repeat_random_model.py,"(1021, 9)",858,sequential_1571,Dense 64 -> 32 -> 128 -> 32 -> 128 -> 16 -> 1,mse,adam_1571,20,128,1.435,34484.18359375,5415.8994140625,5110.615234375,0.2620023981670768,0.7
2026-09-04 15:42:58,repeat_random_model.py,"(1021, 9)",858,sequential_1572,Dense 64 -> 32 -> 128 -> 32 -> 64 -> 128 -> 1,mse,adam_1572,20,128,1.5142,23574.76171875,5336.28125,4536.03759765625,0.34497425161968387,0.7
2026-09-04 15:43:00,repeat_random_model.py,"(1021, 9)",858,sequential_1573,Dense 64 -> 32 -> 128 -> 32 -> 64 -> 64 -> 1,mse,adam_1573,20,128,1.4117,38515.59765625,5966.0263671875,5728.10791015625,0.17283358654724235,0.7
2026-09-04 15:43:02,repeat_random_model.py,"(1021, 9)",858,sequential_1574,Dense 64 -> 32 -> 128 -> 32 -> 64 -> 32 -> 1,mse,adam_1574,20,128,1.5041,39841.45703125,5584.40576171875,5497.91455078125,0.2060745675996839,0.7
2026-09-04 15:43:03,repeat_random_model.py,"(1021, 9)",858,sequential_1575,Dense 64 -> 32 -> 128 -> 32 -> 64 -> 16 -> 1,mse,adam_1575,20,128,1.5033,59806.8203125,6018.1552734375,5779.59375,0.16539881072531126,0.7
2026-09-04 15:43:05,repeat_random_model.py,"(1021, 9)",858,sequential_1576,Dense 64 -> 32 -> 128 -> 32 -> 32 -> 128 -> 1,mse,adam_1576,20,128,1.6722,17517.4140625,4411.4951171875,4662.94970703125,0.32664757556439217,0.7
2026-09-04 15:43:07,repeat_random_model.py,"(1021, 9)",858,sequential_1577,Dense 64 -> 32 -> 128 -> 32 -> 32 -> 64 -> 1,mse,adam_1577,20,128,1.4593,25322.8515625,5940.6943359375,6171.02490234375,0.10887428058472026,0.7
2026-09-04 15:43:09,repeat_random_model.py,"(1021, 9)",858,sequential_1578,Dense 64 -> 32 -> 128 -> 32 -> 32 -> 32 -> 1,mse,adam_1578,20,128,1.4892,64749.5859375,6109.02392578125,5896.35107421875,0.14853848314179496,0.7
2026-09-04 15:43:11,repeat_random_model.py,"(1021, 9)",858,sequential_1579,Dense 64 -> 32 -> 128 -> 32 -> 32 -> 16 -> 1,mse,adam_1579,20,128,1.556,41487.03515625,5727.4296875,5279.353515625,0.23763585980637603,0.7
2026-09-04 15:43:12,repeat_random_model.py,"(1021, 9)",858,sequential_1580,Dense 64 -> 32 -> 128 -> 32 -> 16 -> 128 -> 1,mse,adam_1580,20,128,1.5713,17257.7890625,5832.552734375,5841.1708984375,0.15650678504987658,0.7
2026-09-04 15:43:14,repeat_random_model.py,"(1021, 9)",858,sequential_1581,Dense 64 -> 32 -> 128 -> 32 -> 16 -> 64 -> 1,mse,adam_1581,20,128,1.4833,29853.798828125,5701.95068359375,5530.130859375,0.20142255512915608,0.7
2026-09-04 15:43:16,repeat_random_model.py,"(1021, 9)",858,sequential_1582,Dense 64 -> 32 -> 128 -> 32 -> 16 -> 32 -> 1,mse,adam_1582,20,128,1.4377,20126.814453125,5975.0771484375,5744.30126953125,0.1704951538893814,0.7
2026-09-04 15:43:17,repeat_random_model.py,"(1021, 9)",858,sequential_1583,Dense 64 -> 32 -> 128 -> 32 -> 16 -> 16 -> 1,mse,adam_1583,20,128,1.4056,22662.041015625,5638.3701171875,5660.0791015625,0.18265722214442515,0.7
2026-09-04 15:43:19,repeat_random_model.py,"(1021, 9)",858,sequential_1584,Dense 64 -> 32 -> 128 -> 16 -> 128 -> 128 -> 1,mse,adam_1584,20,128,1.4692,28631.99609375,5409.9091796875,5107.947265625,0.26238776420413856,0.7
2026-09-04 15:43:21,repeat_random_model.py,"(1021, 9)",858,sequential_1585,Dense 64 -> 32 -> 128 -> 16 -> 128 -> 64 -> 1,mse,adam_1585,20,128,1.4253,34005.0,6044.3349609375,5737.16650390625,0.17152548740216167,0.7
2026-09-04 15:43:23,repeat_random_model.py,"(1021, 9)",858,sequential_1586,Dense 64 -> 32 -> 128 -> 16 -> 128 -> 32 -> 1,mse,adam_1586,20,128,1.5465,68130.984375,6436.90478515625,6122.50341796875,0.1158808808430466,0.7
2026-09-04 15:43:24,repeat_random_model.py,"(1021, 9)",858,sequential_1587,Dense 64 -> 32 -> 128 -> 16 -> 128 -> 16 -> 1,mse,adam_1587,20,128,1.364,24085.26171875,5784.33837890625,5475.63427734375,0.20929207843651143,0.7
2026-09-04 15:43:26,repeat_random_model.py,"(1021, 9)",858,sequential_1588,Dense 64 -> 32 -> 128 -> 16 -> 64 -> 128 -> 1,mse,adam_1588,20,128,1.3826,11836.3916015625,3266.517333984375,4200.19384765625,0.3934717087837539,0.7
2026-09-04 15:43:28,repeat_random_model.py,"(1021, 9)",858,sequential_1589,Dense 64 -> 32 -> 128 -> 16 -> 64 -> 64 -> 1,mse,adam_1589,20,128,1.5524,16438.6171875,4562.3388671875,3896.756591796875,0.43728960306706843,0.7
2026-09-04 15:43:29,repeat_random_model.py,"(1021, 9)",858,sequential_1590,Dense 64 -> 32 -> 128 -> 16 -> 64 -> 32 -> 1,mse,adam_1590,20,128,1.4343,16609.982421875,5040.68505859375,4863.3466796875,0.2977093016587187,0.7
2026-09-04 15:43:31,repeat_random_model.py,"(1021, 9)",858,sequential_1591,Dense 64 -> 32 -> 128 -> 16 -> 64 -> 16 -> 1,mse,adam_1591,20,128,1.5269,25824.65625,5513.298828125,5260.97509765625,0.24028985884979592,0.7
2026-09-04 15:43:33,repeat_random_model.py,"(1021, 9)",858,sequential_1592,Dense 64 -> 32 -> 128 -> 16 -> 32 -> 128 -> 1,mse,adam_1592,20,128,1.4524,24280.90234375,5682.35205078125,5622.65771484375,0.1880611235186861,0.7
2026-09-04 15:43:34,repeat_random_model.py,"(1021, 9)",858,sequential_1593,Dense 64 -> 32 -> 128 -> 16 -> 32 -> 64 -> 1,mse,adam_1593,20,128,1.3573,27432.478515625,6086.9560546875,5773.16845703125,0.1663265834393941,0.7
2026-09-04 15:43:36,repeat_random_model.py,"(1021, 9)",858,sequential_1594,Dense 64 -> 32 -> 128 -> 16 -> 32 -> 32 -> 1,mse,adam_1594,20,128,1.4024,40708.29296875,5831.86572265625,5644.52392578125,0.1849035460695042,0.7
2026-09-04 15:43:38,repeat_random_model.py,"(1021, 9)",858,sequential_1595,Dense 64 -> 32 -> 128 -> 16 -> 32 -> 16 -> 1,mse,adam_1595,20,128,1.4515,141204.5625,6423.76904296875,6111.822265625,0.1174232551730855,0.7
2026-09-04 15:43:39,repeat_random_model.py,"(1021, 9)",858,sequential_1596,Dense 64 -> 32 -> 128 -> 16 -> 16 -> 128 -> 1,mse,adam_1596,20,128,1.3735,15990.658203125,5002.30224609375,4540.7060546875,0.34430014667289155,0.7
2026-09-04 15:43:41,repeat_random_model.py,"(1021, 9)",858,sequential_1597,Dense 64 -> 32 -> 128 -> 16 -> 16 -> 64 -> 1,mse,adam_1597,20,128,1.4846,59797.79296875,6318.2001953125,5978.2607421875,0.13671026565820188,0.7
2026-09-04 15:43:43,repeat_random_model.py,"(1021, 9)",858,sequential_1598,Dense 64 -> 32 -> 128 -> 16 -> 16 -> 32 -> 1,mse,adam_1598,20,128,1.4715,15695.6484375,5711.02490234375,5285.56298828125,0.23673916888298785,0.7
2026-09-04 15:43:44,repeat_random_model.py,"(1021, 9)",858,sequential_1599,Dense 64 -> 32 -> 128 -> 16 -> 16 -> 16 -> 1,mse,adam_1599,20,128,1.3997,19964.953125,4738.30224609375,4365.921875,0.36953976393815413,0.7
2026-09-04 15:43:46,repeat_random_model.py,"(1021, 9)",858,sequential_1600,Dense 64 -> 32 -> 64 -> 128 -> 128 -> 128 -> 1,mse,adam_1600,20,128,1.3841,103155.6640625,5976.27197265625,5728.939453125,0.17271351491806897,0.7
2026-09-04 15:43:48,repeat_random_model.py,"(1021, 9)",858,sequential_1601,Dense 64 -> 32 -> 64 -> 128 -> 128 -> 64 -> 1,mse,adam_1601,20,128,1.5178,121867.171875,5566.19189453125,5352.73388671875,0.22703932558641526,0.7
2026-09-04 15:43:49,repeat_random_model.py,"(1021, 9)",858,sequential_1602,Dense 64 -> 32 -> 64 -> 128 -> 128 -> 32 -> 1,mse,adam_1602,20,128,1.398,92810.0546875,5726.5419921875,5480.5263671875,0.2085857228434691,0.7
2026-09-04 15:43:51,repeat_random_model.py,"(1021, 9)",858,sequential_1603,Dense 64 -> 32 -> 64 -> 128 -> 128 -> 16 -> 1,mse,adam_1603,20,128,1.5477,145260.59375,5863.0029296875,5647.80810546875,0.18442924819059003,0.7
2026-09-04 15:43:53,repeat_random_model.py,"(1021, 9)",858,sequential_1604,Dense 64 -> 32 -> 64 -> 128 -> 64 -> 128 -> 1,mse,adam_1604,20,128,1.3702,52499.2109375,5196.02978515625,5488.91748046875,0.20737394139002896,0.7
2026-09-04 15:43:55,repeat_random_model.py,"(1021, 9)",858,sequential_1605,Dense 64 -> 32 -> 64 -> 128 -> 64 -> 64 -> 1,mse,adam_1605,20,128,1.459,101298.1484375,6249.77099609375,6019.18896484375,0.13080008707703528,0.7
2026-09-04 15:43:56,repeat_random_model.py,"(1021, 9)",858,sequential_1606,Dense 64 -> 32 -> 64 -> 128 -> 64 -> 32 -> 1,mse,adam_1606,20,128,1.5799,55799.58203125,4591.427734375,4162.6474609375,0.3988937062809178,0.7
2026-09-04 15:43:58,repeat_random_model.py,"(1021, 9)",858,sequential_1607,Dense 64 -> 32 -> 64 -> 128 -> 64 -> 16 -> 1,mse,adam_1607,20,128,1.4531,59670.796875,5003.6240234375,4912.1328125,0.2906642827252288,0.7
2026-09-04 15:44:00,repeat_random_model.py,"(1021, 9)",858,sequential_1608,Dense 64 -> 32 -> 64 -> 128 -> 32 -> 128 -> 1,mse,adam_1608,20,128,1.4947,42299.484375,5803.1552734375,5584.8642578125,0.19351865437061433,0.7
2026-09-04 15:44:01,repeat_random_model.py,"(1021, 9)",858,sequential_1609,Dense 64 -> 32 -> 64 -> 128 -> 32 -> 64 -> 1,mse,adam_1609,20,128,1.4078,57046.1953125,5693.30615234375,5214.77001953125,0.24696212439304022,0.7
2026-09-04 15:44:03,repeat_random_model.py,"(1021, 9)",858,sequential_1610,Dense 64 -> 32 -> 64 -> 128 -> 32 -> 32 -> 1,mse,adam_1610,20,128,1.6158,122818.09375,5978.59423828125,5663.580078125,0.18215169235160344,0.7
2026-09-04 15:44:05,repeat_random_model.py,"(1021, 9)",858,sequential_1611,Dense 64 -> 32 -> 64 -> 128 -> 32 -> 16 -> 1,mse,adam_1611,20,128,1.4701,76173.609375,5524.42919921875,5404.70068359375,0.21953512505590955,0.7
2026-09-04 15:44:07,repeat_random_model.py,"(1021, 9)",858,sequential_1612,Dense 64 -> 32 -> 64 -> 128 -> 16 -> 128 -> 1,mse,adam_1612,20,128,1.3669,28536.587890625,6213.412109375,5808.31005859375,0.16125200555874952,0.7
2026-09-04 15:44:08,repeat_random_model.py,"(1021, 9)",858,sequential_1613,Dense 64 -> 32 -> 64 -> 128 -> 16 -> 64 -> 1,mse,adam_1613,20,128,1.366,20921.861328125,5107.94482421875,4501.46240234375,0.3499671000126593,0.7
2026-09-04 15:44:10,repeat_random_model.py,"(1021, 9)",858,sequential_1614,Dense 64 -> 32 -> 64 -> 128 -> 16 -> 32 -> 1,mse,adam_1614,20,128,1.5069,23977.328125,5147.9521484375,4854.27490234375,0.2990192484979577,0.7
2026-09-04 15:44:12,repeat_random_model.py,"(1021, 9)",858,sequential_1615,Dense 64 -> 32 -> 64 -> 128 -> 16 -> 16 -> 1,mse,adam_1615,20,128,1.4177,59060.57421875,5153.23388671875,5034.16455078125,0.27304231624675745,0.7
2026-09-04 15:44:13,repeat_random_model.py,"(1021, 9)",858,sequential_1616,Dense 64 -> 32 -> 64 -> 64 -> 128 -> 128 -> 1,mse,adam_1616,20,128,1.3894,54675.41015625,4621.875,5074.99951171875,0.26714559606876087,0.7
2026-09-04 15:44:15,repeat_random_model.py,"(1021, 9)",858,sequential_1617,Dense 64 -> 32 -> 64 -> 64 -> 128 -> 64 -> 1,mse,adam_1617,20,128,1.4627,83031.484375,5908.67626953125,5728.1884765625,0.17282194406121087,0.7
2026-09-04 15:44:17,repeat_random_model.py,"(1021, 9)",858,sequential_1618,Dense 64 -> 32 -> 64 -> 64 -> 128 -> 32 -> 1,mse,adam_1618,20,128,1.43,26309.189453125,4850.642578125,4234.05322265625,0.3885822489565629,0.7
2026-09-04 15:44:18,repeat_random_model.py,"(1021, 9)",858,sequential_1619,Dense 64 -> 32 -> 64 -> 64 -> 128 -> 16 -> 1,mse,adam_1619,20,128,1.4167,61741.17578125,5785.7734375,5672.833984375,0.18081539556386605,0.7
2026-09-04 15:44:20,repeat_random_model.py,"(1021, 9)",858,sequential_1620,Dense 64 -> 32 -> 64 -> 64 -> 64 -> 128 -> 1,mse,adam_1620,20,128,1.4409,40592.60546875,5342.10986328125,5041.5302734375,0.2719786799763708,0.7
2026-09-04 15:44:22,repeat_random_model.py,"(1021, 9)",858,sequential_1621,Dense 64 -> 32 -> 64 -> 64 -> 64 -> 64 -> 1,mse,adam_1621,20,128,1.4647,28435.736328125,4880.103515625,4588.26416015625,0.3374325391598869,0.7
2026-09-04 15:44:23,repeat_random_model.py,"(1021, 9)",858,sequential_1622,Dense 64 -> 32 -> 64 -> 64 -> 64 -> 32 -> 1,mse,adam_1622,20,128,1.4076,30175.453125,5748.25634765625,5509.91796875,0.2043413111806297,0.7
2026-09-04 15:44:25,repeat_random_model.py,"(1021, 9)",858,sequential_1623,Dense 64 -> 32 -> 64 -> 64 -> 64 -> 16 -> 1,mse,adam_1623,20,128,1.523,34396.06640625,5071.4794921875,5257.9501953125,0.2407266249714558,0.7
2026-09-04 15:44:27,repeat_random_model.py,"(1021, 9)",858,sequential_1624,Dense 64 -> 32 -> 64 -> 64 -> 32 -> 128 -> 1,mse,adam_1624,20,128,1.4108,40444.8359375,5695.06884765625,5534.017578125,0.2008610843262073,0.7
2026-09-04 15:44:28,repeat_random_model.py,"(1021, 9)",858,sequential_1625,Dense 64 -> 32 -> 64 -> 64 -> 32 -> 64 -> 1,mse,adam_1625,20,128,1.3776,32654.00390625,5845.38818359375,5516.95263671875,0.20332550298152186,0.7
2026-09-04 15:44:30,repeat_random_model.py,"(1021, 9)",858,sequential_1626,Dense 64 -> 32 -> 64 -> 64 -> 32 -> 32 -> 1,mse,adam_1626,20,128,1.5061,16609.77734375,4638.36669921875,4348.41015625,0.37206862641463945,0.7
2026-09-04 15:44:32,repeat_random_model.py,"(1021, 9)",858,sequential_1627,Dense 64 -> 32 -> 64 -> 64 -> 32 -> 16 -> 1,mse,adam_1627,20,128,1.4703,94002.203125,5815.49169921875,5524.8466796875,0.2021855048310971,0.7
2026-09-04 15:44:33,repeat_random_model.py,"(1021, 9)",858,sequential_1628,Dense 64 -> 32 -> 64 -> 64 -> 16 -> 128 -> 1,mse,adam_1628,20,128,1.4086,23762.12890625,5441.47705078125,5263.18994140625,0.23996994249563497,0.7
2026-09-04 15:44:35,repeat_random_model.py,"(1021, 9)",858,sequential_1629,Dense 64 -> 32 -> 64 -> 64 -> 16 -> 64 -> 1,mse,adam_1629,20,128,1.4707,22576.41796875,5989.90966796875,5465.41455078125,0.21076775480978005,0.7
2026-09-04 15:44:37,repeat_random_model.py,"(1021, 9)",858,sequential_1630,Dense 64 -> 32 -> 64 -> 64 -> 16 -> 32 -> 1,mse,adam_1630,20,128,1.4004,254099.125,6400.2197265625,6076.61962890625,0.12250677000368637,0.7
2026-09-04 15:44:39,repeat_random_model.py,"(1021, 9)",858,sequential_1631,Dense 64 -> 32 -> 64 -> 64 -> 16 -> 16 -> 1,mse,adam_1631,20,128,1.4184,17971.87109375,5302.41455078125,4880.4658203125,0.2952372292656711,0.7
2026-09-04 15:44:40,repeat_random_model.py,"(1021, 9)",858,sequential_1632,Dense 64 -> 32 -> 64 -> 32 -> 128 -> 128 -> 1,mse,adam_1632,20,128,1.5022,19187.068359375,5149.34521484375,4472.52685546875,0.3541455567830092,0.7
2026-09-04 15:44:42,repeat_random_model.py,"(1021, 9)",858,sequential_1633,Dense 64 -> 32 -> 64 -> 32 -> 128 -> 64 -> 1,mse,adam_1633,20,128,1.3953,30350.40234375,5872.849609375,5895.79638671875,0.14861848838136793,0.7
2026-09-04 15:44:44,repeat_random_model.py,"(1021, 9)",858,sequential_1634,Dense 64 -> 32 -> 64 -> 32 -> 128 -> 32 -> 1,mse,adam_1634,20,128,1.5826,24536.919921875,4400.56884765625,4014.74951171875,0.42025087504140346,0.7
2026-09-04 15:44:46,repeat_random_model.py,"(1021, 9)",858,sequential_1635,Dense 64 -> 32 -> 64 -> 32 -> 128 -> 16 -> 1,mse,adam_1635,20,128,1.4996,25684.59375,4761.5556640625,4260.78173828125,0.3847224428368641,0.7
2026-09-04 15:44:47,repeat_random_model.py,"(1021, 9)",858,sequential_1636,Dense 64 -> 32 -> 64 -> 32 -> 64 -> 128 -> 1,mse,adam_1636,20,128,1.5552,34124.6171875,5491.0498046875,5251.0595703125,0.24172165135014856,0.7
2026-09-04 15:44:49,repeat_random_model.py,"(1021, 9)",858,sequential_1637,Dense 64 -> 32 -> 64 -> 32 -> 64 -> 64 -> 1,mse,adam_1637,20,128,1.5948,51359.1171875,5946.5,5706.29638671875,0.17598327439443096,0.7
2026-09-04 15:44:51,repeat_random_model.py,"(1021, 9)",858,sequential_1638,Dense 64 -> 32 -> 64 -> 32 -> 64 -> 32 -> 1,mse,adam_1638,20,128,1.4218,24111.4609375,6297.380859375,6526.01953125,0.057611268586738484,0.7
2026-09-04 15:44:52,repeat_random_model.py,"(1021, 9)",858,sequential_1639,Dense 64 -> 32 -> 64 -> 32 -> 64 -> 16 -> 1,mse,adam_1639,20,128,1.3382,33169.3046875,5630.69384765625,5446.35595703125,0.21351997519738886,0.7
2026-09-04 15:44:54,repeat_random_model.py,"(1021, 9)",858,sequential_1640,Dense 64 -> 32 -> 64 -> 32 -> 32 -> 128 -> 1,mse,adam_1640,20,128,1.4252,13789.8701171875,4174.478515625,4276.734375,0.3824188561916365,0.7
2026-09-04 15:44:56,repeat_random_model.py,"(1021, 9)",858,sequential_1641,Dense 64 -> 32 -> 64 -> 32 -> 32 -> 64 -> 1,mse,adam_1641,20,128,1.4284,130368.78125,6535.767578125,6285.39990234375,0.0923579086439048,0.7
2026-09-04 15:44:57,repeat_random_model.py,"(1021, 9)",858,sequential_1642,Dense 64 -> 32 -> 64 -> 32 -> 32 -> 32 -> 1,mse,adam_1642,20,128,1.4116,104959.8046875,6178.26220703125,5920.2392578125,0.14508891630419707,0.7
2026-09-04 15:44:59,repeat_random_model.py,"(1021, 9)",858,sequential_1643,Dense 64 -> 32 -> 64 -> 32 -> 32 -> 16 -> 1,mse,adam_1643,20,128,1.4141,20564.703125,4112.19677734375,4165.88916015625,0.3984254525087887,0.7
2026-09-04 15:45:01,repeat_random_model.py,"(1021, 9)",858,sequential_1644,Dense 64 -> 32 -> 64 -> 32 -> 16 -> 128 -> 1,mse,adam_1644,20,128,1.4709,9223.78125,3016.368896484375,3210.370361328125,0.5364070261264413,0.7
2026-09-04 15:45:03,repeat_random_model.py,"(1021, 9)",858,sequential_1645,Dense 64 -> 32 -> 64 -> 32 -> 16 -> 64 -> 1,mse,adam_1645,20,128,1.6366,120192.890625,6251.93408203125,5950.1650390625,0.14076746301957033,0.7
2026-09-04 15:45:04,repeat_random_model.py,"(1021, 9)",858,sequential_1646,Dense 64 -> 32 -> 64 -> 32 -> 16 -> 32 -> 1,mse,adam_1646,20,128,1.5258,122751.90625,6539.54248046875,6162.28369140625,0.1101365113691638,0.7
2026-09-04 15:45:06,repeat_random_model.py,"(1021, 9)",858,sequential_1647,Dense 64 -> 32 -> 64 -> 32 -> 16 -> 16 -> 1,mse,adam_1647,20,128,1.5261,101656.9609375,5820.19873046875,5562.05078125,0.19681299403786146,0.7
2026-09-04 15:45:08,repeat_random_model.py,"(1021, 9)",858,sequential_1648,Dense 64 -> 32 -> 64 -> 16 -> 128 -> 128 -> 1,mse,adam_1648,20,128,1.5637,76317.8671875,5816.99169921875,5663.060546875,0.1822267306858485,0.7
2026-09-04 15:45:10,repeat_random_model.py,"(1021, 9)",858,sequential_1649,Dense 64 -> 32 -> 64 -> 16 -> 128 -> 64 -> 1,mse,adam_1649,20,128,1.4278,64327.8125,5902.47802734375,5637.72509765625,0.18588527078989558,0.7
2026-09-04 15:45:11,repeat_random_model.py,"(1021, 9)",858,sequential_1650,Dense 64 -> 32 -> 64 -> 16 -> 128 -> 32 -> 1,mse,adam_1650,20,128,1.4207,13185.22265625,4117.84423828125,3835.937744140625,0.4460721408649799,0.7
2026-09-04 15:45:13,repeat_random_model.py,"(1021, 9)",858,sequential_1651,Dense 64 -> 32 -> 64 -> 16 -> 128 -> 16 -> 1,mse,adam_1651,20,128,1.3854,32758.59765625,5512.1689453125,5180.94140625,0.25184716645104566,0.7
2026-09-04 15:45:15,repeat_random_model.py,"(1021, 9)",858,sequential_1652,Dense 64 -> 32 -> 64 -> 16 -> 64 -> 128 -> 1,mse,adam_1652,20,128,1.3758,18963.21484375,5759.9443359375,5812.5,0.16064699870336474,0.7
2026-09-04 15:45:16,repeat_random_model.py,"(1021, 9)",858,sequential_1653,Dense 64 -> 32 -> 64 -> 16 -> 64 -> 64 -> 1,mse,adam_1653,20,128,1.4753,72644.84375,6345.5966796875,6092.63232421875,0.12019455813938473,0.7
2026-09-04 15:45:18,repeat_random_model.py,"(1021, 9)",858,sequential_1654,Dense 64 -> 32 -> 64 -> 16 -> 64 -> 32 -> 1,mse,adam_1654,20,128,1.463,60786.2578125,5500.17138671875,5281.994140625,0.2372545351682679,0.7
2026-09-04 15:45:20,repeat_random_model.py,"(1021, 9)",858,sequential_1655,Dense 64 -> 32 -> 64 -> 16 -> 64 -> 16 -> 1,mse,adam_1655,20,128,1.4368,21424.1640625,5506.17236328125,5452.2060546875,0.21267515112603752,0.7
2026-09-04 15:45:21,repeat_random_model.py,"(1021, 9)",858,sequential_1656,Dense 64 -> 32 -> 64 -> 16 -> 32 -> 128 -> 1,mse,adam_1656,20,128,1.4294,22334.41796875,5865.42236328125,5882.07861328125,0.15059943585117763,0.7
2026-09-04 15:45:23,repeat_random_model.py,"(1021, 9)",858,sequential_1657,Dense 64 -> 32 -> 64 -> 16 -> 32 -> 64 -> 1,mse,adam_1657,20,128,1.4868,26915.474609375,5852.57666015625,5775.552734375,0.1659823568917863,0.7
2026-09-04 15:45:25,repeat_random_model.py,"(1021, 9)",858,sequential_1658,Dense 64 -> 32 -> 64 -> 16 -> 32 -> 32 -> 1,mse,adam_1658,20,128,1.3531,70610.5625,6184.544921875,5839.30126953125,0.15677665431825005,0.7
2026-09-04 15:45:26,repeat_random_model.py,"(1021, 9)",858,sequential_1659,Dense 64 -> 32 -> 64 -> 16 -> 32 -> 16 -> 1,mse,adam_1659,20,128,1.392,20958.3203125,5384.091796875,5146.3583984375,0.2568410038196707,0.7
2026-09-04 15:45:28,repeat_random_model.py,"(1021, 9)",858,sequential_1660,Dense 64 -> 32 -> 64 -> 16 -> 16 -> 128 -> 1,mse,adam_1660,20,128,1.4337,23351.146484375,6127.40234375,5803.19384765625,0.16199078817818258,0.7
2026-09-04 15:45:30,repeat_random_model.py,"(1021, 9)",858,sequential_1661,Dense 64 -> 32 -> 64 -> 16 -> 16 -> 64 -> 1,mse,adam_1661,20,128,1.4064,13106.890625,4665.23876953125,4283.87060546875,0.3813884446201401,0.7
2026-09-04 15:45:31,repeat_random_model.py,"(1021, 9)",858,sequential_1662,Dense 64 -> 32 -> 64 -> 16 -> 16 -> 32 -> 1,mse,adam_1662,20,128,1.4595,16242.5869140625,5299.6181640625,5118.779296875,0.26082361594555425,0.7
2026-09-04 15:45:33,repeat_random_model.py,"(1021, 9)",858,sequential_1663,Dense 64 -> 32 -> 64 -> 16 -> 16 -> 16 -> 1,mse,adam_1663,20,128,1.464,14033.43359375,4928.1923828125,4880.4404296875,0.295240828274563,0.7
2026-09-04 15:45:35,repeat_random_model.py,"(1021, 9)",858,sequential_1664,Dense 64 -> 32 -> 32 -> 128 -> 128 -> 128 -> 1,mse,adam_1664,20,128,1.4205,79699.2734375,5842.05517578125,5503.49267578125,0.20526914366325621,0.7
2026-09-04 15:45:36,repeat_random_model.py,"(1021, 9)",858,sequential_1665,Dense 64 -> 32 -> 32 -> 128 -> 128 -> 64 -> 1,mse,adam_1665,20,128,1.4132,100903.875,5817.49951171875,5614.60009765625,0.18922464184843102,0.7
2026-09-04 15:45:38,repeat_random_model.py,"(1021, 9)",858,sequential_1666,Dense 64 -> 32 -> 32 -> 128 -> 128 -> 32 -> 1,mse,adam_1666,20,128,1.3813,65299.49609375,5704.5478515625,5620.18701171875,0.18841785247359755,0.7
2026-09-04 15:45:40,repeat_random_model.py,"(1021, 9)",858,sequential_1667,Dense 64 -> 32 -> 32 -> 128 -> 128 -> 16 -> 1,mse,adam_1667,20,128,1.3613,80252.96875,6227.48583984375,5944.7744140625,0.14154581826823542,0.7
2026-09-04 15:45:41,repeat_random_model.py,"(1021, 9)",858,sequential_1668,Dense 64 -> 32 -> 32 -> 128 -> 64 -> 128 -> 1,mse,adam_1668,20,128,1.3804,55393.890625,5582.052734375,5291.97216796875,0.2358138094887552,0.7
2026-09-04 15:45:43,repeat_random_model.py,"(1021, 9)",858,sequential_1669,Dense 64 -> 32 -> 32 -> 128 -> 64 -> 64 -> 1,mse,adam_1669,20,128,1.4299,39216.9609375,5453.39794921875,5196.28662109375,0.249631154698165,0.7
2026-09-04 15:45:45,repeat_random_model.py,"(1021, 9)",858,sequential_1670,Dense 64 -> 32 -> 32 -> 128 -> 64 -> 32 -> 1,mse,adam_1670,20,128,1.405,28580.7109375,5692.6201171875,5363.66748046875,0.22546054245912706,0.7
2026-09-04 15:45:46,repeat_random_model.py,"(1021, 9)",858,sequential_1671,Dense 64 -> 32 -> 32 -> 128 -> 64 -> 16 -> 1,mse,adam_1671,20,128,1.4624,64701.6171875,5288.30517578125,4919.34228515625,0.28962315480808143,0.7
2026-09-04 15:45:48,repeat_random_model.py,"(1021, 9)",858,sequential_1672,Dense 64 -> 32 -> 32 -> 128 -> 32 -> 128 -> 1,mse,adam_1672,20,128,1.3746,47369.578125,5571.0986328125,5209.9921875,0.2476519856730195,0.7
2026-09-04 15:45:49,repeat_random_model.py,"(1021, 9)",858,sequential_1673,Dense 64 -> 32 -> 32 -> 128 -> 32 -> 64 -> 1,mse,adam_1673,20,128,1.3985,17758.283203125,4544.91552734375,4221.994140625,0.39032366335138224,0.7
2026-09-04 15:45:51,repeat_random_model.py,"(1021, 9)",858,sequential_1674,Dense 64 -> 32 -> 32 -> 128 -> 32 -> 32 -> 1,mse,adam_1674,20,128,1.3741,47268.9921875,5518.3681640625,5314.95703125,0.2324945464823992,0.7
2026-09-04 15:45:53,repeat_random_model.py,"(1021, 9)",858,sequential_1675,Dense 64 -> 32 -> 32 -> 128 -> 32 -> 16 -> 1,mse,adam_1675,20,128,1.3666,93232.7890625,6189.2958984375,5834.14990234375,0.15752053315733983,0.7
2026-09-04 15:45:54,repeat_random_model.py,"(1021, 9)",858,sequential_1676,Dense 64 -> 32 -> 32 -> 128 -> 16 -> 128 -> 1,mse,adam_1676,20,128,1.3661,9351.51171875,3530.748046875,3549.24658203125,0.48747167633152266,0.7
2026-09-04 15:45:56,repeat_random_model.py,"(1021, 9)",858,sequential_1677,Dense 64 -> 32 -> 32 -> 128 -> 16 -> 64 -> 1,mse,adam_1677,20,128,1.4192,21881.111328125,6043.0087890625,6230.50537109375,0.10028499030683613,0.7
2026-09-04 15:46:04,repeat_random_model.py,"(1021, 9)",858,sequential_1678,Dense 64 -> 32 -> 32 -> 128 -> 16 -> 32 -> 1,mse,adam_1678,20,128,6.3635,14754.2353515625,5369.3994140625,4883.50048828125,0.2947990354977277,0.7
2026-09-04 15:46:16,repeat_random_model.py,"(1021, 9)",858,sequential_1679,Dense 64 -> 32 -> 32 -> 128 -> 16 -> 16 -> 1,mse,adam_1679,20,128,10.4672,73318.75,6135.939453125,5842.72021484375,0.15628298685094533,0.7
2026-09-04 15:46:29,repeat_random_model.py,"(1021, 9)",858,sequential_1680,Dense 64 -> 32 -> 32 -> 64 -> 128 -> 128 -> 1,mse,adam_1680,20,128,11.6681,76327.6015625,5946.3642578125,5562.427734375,0.19675861650147752,0.7
2026-09-04 15:46:41,repeat_random_model.py,"(1021, 9)",858,sequential_1681,Dense 64 -> 32 -> 32 -> 64 -> 128 -> 64 -> 1,mse,adam_1681,20,128,10.5484,34622.8203125,4825.2294921875,4598.85205078125,0.33590354009880374,0.7
2026-09-04 15:46:43,repeat_random_model.py,"(1021, 9)",858,sequential_1682,Dense 64 -> 32 -> 32 -> 64 -> 128 -> 32 -> 1,mse,adam_1682,20,128,1.5025,40114.2578125,4892.13134765625,4878.55615234375,0.2955130559992447,0.7
2026-09-04 15:46:44,repeat_random_model.py,"(1021, 9)",858,sequential_1683,Dense 64 -> 32 -> 32 -> 64 -> 128 -> 16 -> 1,mse,adam_1683,20,128,1.4257,46098.8515625,5239.00048828125,4960.30712890625,0.2837077598752067,0.7
2026-09-04 15:46:46,repeat_random_model.py,"(1021, 9)",858,sequential_1684,Dense 64 -> 32 -> 32 -> 64 -> 64 -> 128 -> 1,mse,adam_1684,20,128,1.4257,53483.87109375,5500.9560546875,5298.705078125,0.23484147728931337,0.7
2026-09-04 15:46:48,repeat_random_model.py,"(1021, 9)",858,sequential_1685,Dense 64 -> 32 -> 32 -> 64 -> 64 -> 64 -> 1,mse,adam_1685,20,128,1.455,15817.45703125,3869.286376953125,3386.604736328125,0.5109579579702852,0.7
2026-09-04 15:46:49,repeat_random_model.py,"(1021, 9)",858,sequential_1686,Dense 64 -> 32 -> 32 -> 64 -> 64 -> 32 -> 1,mse,adam_1686,20,128,1.4132,28799.865234375,4868.86962890625,4827.99072265625,0.30281483390778263,0.7
2026-09-04 15:46:51,repeat_random_model.py,"(1021, 9)",858,sequential_1687,Dense 64 -> 32 -> 32 -> 64 -> 64 -> 16 -> 1,mse,adam_1687,20,128,1.4163,26179.744140625,5438.271484375,5160.94580078125,0.2547345172480374,0.7
2026-09-04 15:46:53,repeat_random_model.py,"(1021, 9)",858,sequential_1688,Dense 64 -> 32 -> 32 -> 64 -> 32 -> 128 -> 1,mse,adam_1688,20,128,1.4758,41628.98046875,6317.35595703125,6070.61572265625,0.12337379481769384,0.7
2026-09-04 15:46:54,repeat_random_model.py,"(1021, 9)",858,sequential_1689,Dense 64 -> 32 -> 32 -> 64 -> 32 -> 64 -> 1,mse,adam_1689,20,128,1.4286,28194.408203125,5218.173828125,4810.76025390625,0.30530307950238056,0.7
2026-09-04 15:46:56,repeat_random_model.py,"(1021, 9)",858,sequential_1690,Dense 64 -> 32 -> 32 -> 64 -> 32 -> 32 -> 1,mse,adam_1690,20,128,1.4405,268822.125,6056.921875,5757.77392578125,0.16854967577114355,0.7
2026-09-04 15:46:58,repeat_random_model.py,"(1021, 9)",858,sequential_1691,Dense 64 -> 32 -> 32 -> 64 -> 32 -> 16 -> 1,mse,adam_1691,20,128,1.3993,57419.52734375,5863.65185546875,5687.20263671875,0.1787404442195849,0.7
2026-09-04 15:46:59,repeat_random_model.py,"(1021, 9)",858,sequential_1692,Dense 64 -> 32 -> 32 -> 64 -> 16 -> 128 -> 1,mse,adam_1692,20,128,1.4756,14503.5078125,6113.626953125,4948.90283203125,0.28535457649228957,0.7
2026-09-04 15:47:01,repeat_random_model.py,"(1021, 9)",858,sequential_1693,Dense 64 -> 32 -> 32 -> 64 -> 16 -> 64 -> 1,mse,adam_1693,20,128,1.3872,13687.0068359375,5509.837890625,5399.40576171875,0.2202998201732289,0.7
2026-09-04 15:47:03,repeat_random_model.py,"(1021, 9)",858,sequential_1694,Dense 64 -> 32 -> 32 -> 64 -> 16 -> 32 -> 1,mse,adam_1694,20,128,1.3691,40234.625,5753.31884765625,5460.20654296875,0.21151978298141827,0.7
2026-09-04 15:47:04,repeat_random_model.py,"(1021, 9)",858,sequential_1695,Dense 64 -> 32 -> 32 -> 64 -> 16 -> 16 -> 1,mse,adam_1695,20,128,1.3692,14873.890625,4808.22265625,4564.740234375,0.34082949835466514,0.7
2026-09-04 15:47:06,repeat_random_model.py,"(1021, 9)",858,sequential_1696,Dense 64 -> 32 -> 32 -> 32 -> 128 -> 128 -> 1,mse,adam_1696,20,128,1.3734,21740.603515625,4611.30224609375,3906.44140625,0.43589107210358613,0.7
2026-09-04 15:47:08,repeat_random_model.py,"(1021, 9)",858,sequential_1697,Dense 64 -> 32 -> 32 -> 32 -> 128 -> 64 -> 1,mse,adam_1697,20,128,1.4204,34628.98046875,5369.658203125,5089.0634765625,0.2651146855040971,0.7
2026-09-04 15:47:09,repeat_random_model.py,"(1021, 9)",858,sequential_1698,Dense 64 -> 32 -> 32 -> 32 -> 128 -> 32 -> 1,mse,adam_1698,20,128,1.3947,46678.7578125,5780.91259765625,5673.392578125,0.1807346497152592,0.7
2026-09-04 15:47:11,repeat_random_model.py,"(1021, 9)",858,sequential_1699,Dense 64 -> 32 -> 32 -> 32 -> 128 -> 16 -> 1,mse,adam_1699,20,128,1.4451,21086.556640625,6337.53271484375,6105.32666015625,0.11836141941255807,0.7
2026-09-04 15:47:13,repeat_random_model.py,"(1021, 9)",858,sequential_1700,Dense 64 -> 32 -> 32 -> 32 -> 64 -> 128 -> 1,mse,adam_1700,20,128,1.4212,168295.796875,6310.4111328125,5994.705078125,0.1343356755802978,0.7
2026-09-04 15:47:14,repeat_random_model.py,"(1021, 9)",858,sequential_1701,Dense 64 -> 32 -> 32 -> 32 -> 64 -> 64 -> 1,mse,adam_1701,20,128,1.5634,65172.3359375,5765.51318359375,5711.12109375,0.17528655758854894,0.7
2026-09-04 15:47:16,repeat_random_model.py,"(1021, 9)",858,sequential_1702,Dense 64 -> 32 -> 32 -> 32 -> 64 -> 32 -> 1,mse,adam_1702,20,128,1.3867,19519.548828125,5376.46875,5136.6376953125,0.258244771340589,0.7
2026-09-04 15:47:18,repeat_random_model.py,"(1021, 9)",858,sequential_1703,Dense 64 -> 32 -> 32 -> 32 -> 64 -> 16 -> 1,mse,adam_1703,20,128,1.4604,28253.80859375,4821.646484375,4588.93408203125,0.3373357542167327,0.7
2026-09-04 15:47:19,repeat_random_model.py,"(1021, 9)",858,sequential_1704,Dense 64 -> 32 -> 32 -> 32 -> 32 -> 128 -> 1,mse,adam_1704,20,128,1.3948,33283.04296875,5720.72314453125,5580.91748046875,0.19408867001414132,0.7
2026-09-04 15:47:21,repeat_random_model.py,"(1021, 9)",858,sequential_1705,Dense 64 -> 32 -> 32 -> 32 -> 32 -> 64 -> 1,mse,adam_1705,20,128,1.3727,25126.802734375,5637.6572265625,5504.04150390625,0.20518989259959308,0.7
2026-09-04 15:47:23,repeat_random_model.py,"(1021, 9)",858,sequential_1706,Dense 64 -> 32 -> 32 -> 32 -> 32 -> 32 -> 1,mse,adam_1706,20,128,1.4771,20048.84765625,5620.20947265625,5296.81298828125,0.23511469396710372,0.7
2026-09-04 15:47:24,repeat_random_model.py,"(1021, 9)",858,sequential_1707,Dense 64 -> 32 -> 32 -> 32 -> 32 -> 16 -> 1,mse,adam_1707,20,128,1.4242,70436.2421875,6304.6962890625,5835.69873046875,0.1572969910793306,0.7
2026-09-04 15:47:26,repeat_random_model.py,"(1021, 9)",858,sequential_1708,Dense 64 -> 32 -> 32 -> 32 -> 16 -> 128 -> 1,mse,adam_1708,20,128,1.4131,16921.173828125,5358.0283203125,4954.80712890625,0.2845018975311723,0.7
2026-09-04 15:47:28,repeat_random_model.py,"(1021, 9)",858,sequential_1709,Dense 64 -> 32 -> 32 -> 32 -> 16 -> 64 -> 1,mse,adam_1709,20,128,1.4051,16441.47265625,4908.15234375,4657.6640625,0.32741086570990385,0.7
2026-09-04 15:47:29,repeat_random_model.py,"(1021, 9)",858,sequential_1710,Dense 64 -> 32 -> 32 -> 32 -> 16 -> 32 -> 1,mse,adam_1710,20,128,1.4015,19925.134765625,5231.65380859375,4960.76318359375,0.2836419456410436,0.7
2026-09-04 15:47:31,repeat_random_model.py,"(1021, 9)",858,sequential_1711,Dense 64 -> 32 -> 32 -> 32 -> 16 -> 16 -> 1,mse,adam_1711,20,128,1.4592,256703.5,6108.779296875,5879.40869140625,0.150985061205824,0.7
2026-09-04 15:47:33,repeat_random_model.py,"(1021, 9)",858,sequential_1712,Dense 64 -> 32 -> 32 -> 16 -> 128 -> 128 -> 1,mse,adam_1712,20,128,1.5442,19693.984375,4796.9208984375,3973.530029296875,0.42620310902345837,0.7
2026-09-04 15:47:35,repeat_random_model.py,"(1021, 9)",858,sequential_1713,Dense 64 -> 32 -> 32 -> 16 -> 128 -> 64 -> 1,mse,adam_1713,20,128,1.4326,27619.501953125,5148.3310546875,5007.091796875,0.2769518290475741,0.7
2026-09-04 15:47:36,repeat_random_model.py,"(1021, 9)",858,sequential_1714,Dense 64 -> 32 -> 32 -> 16 -> 128 -> 32 -> 1,mse,adam_1714,20,128,1.5447,35096.82421875,5553.17724609375,5162.55078125,0.2545028281669304,0.7
2026-09-04 15:47:38,repeat_random_model.py,"(1021, 9)",858,sequential_1715,Dense 64 -> 32 -> 32 -> 16 -> 128 -> 16 -> 1,mse,adam_1715,20,128,1.4031,21843.388671875,4313.88525390625,3881.5576171875,0.4394843916794764,0.7
2026-09-04 15:47:40,repeat_random_model.py,"(1021, 9)",858,sequential_1716,Dense 64 -> 32 -> 32 -> 16 -> 64 -> 128 -> 1,mse,adam_1716,20,128,1.4174,14558.1826171875,5387.1044921875,4856.3916015625,0.2987136684263928,0.7
2026-09-04 15:47:41,repeat_random_model.py,"(1021, 9)",858,sequential_1717,Dense 64 -> 32 -> 32 -> 16 -> 64 -> 64 -> 1,mse,adam_1717,20,128,1.4177,43852.14453125,5526.783203125,5265.24609375,0.23967303568953935,0.7
2026-09-04 15:47:43,repeat_random_model.py,"(1021, 9)",858,sequential_1718,Dense 64 -> 32 -> 32 -> 16 -> 64 -> 32 -> 1,mse,adam_1718,20,128,1.4088,24669.904296875,4496.10009765625,4223.0830078125,0.3901664277511875,0.7
2026-09-04 15:47:45,repeat_random_model.py,"(1021, 9)",858,sequential_1719,Dense 64 -> 32 -> 32 -> 16 -> 64 -> 16 -> 1,mse,adam_1719,20,128,1.4807,24594.517578125,5422.80419921875,5210.8408203125,0.24752954354744738,0.7
2026-09-04 15:47:46,repeat_random_model.py,"(1021, 9)",858,sequential_1720,Dense 64 -> 32 -> 32 -> 16 -> 32 -> 128 -> 1,mse,adam_1720,20,128,1.3909,25390.291015625,5468.5751953125,5091.50732421875,0.26476184091328214,0.7
2026-09-04 15:47:48,repeat_random_model.py,"(1021, 9)",858,sequential_1721,Dense 64 -> 32 -> 32 -> 16 -> 32 -> 64 -> 1,mse,adam_1721,20,128,1.3588,59768.26171875,6152.0859375,5869.03076171875,0.15248352270675092,0.7
2026-09-04 15:47:50,repeat_random_model.py,"(1021, 9)",858,sequential_1722,Dense 64 -> 32 -> 32 -> 16 -> 32 -> 32 -> 1,mse,adam_1722,20,128,1.3973,17301.732421875,4885.5986328125,4238.83544921875,0.387891695145554,0.7
2026-09-04 15:47:51,repeat_random_model.py,"(1021, 9)",858,sequential_1723,Dense 64 -> 32 -> 32 -> 16 -> 32 -> 16 -> 1,mse,adam_1723,20,128,1.445,17522.193359375,5064.20703125,4815.462890625,0.30462393808654986,0.7
2026-09-04 15:47:53,repeat_random_model.py,"(1021, 9)",858,sequential_1724,Dense 64 -> 32 -> 32 -> 16 -> 16 -> 128 -> 1,mse,adam_1724,20,128,1.4494,14637.998046875,5791.90771484375,5376.396484375,0.22362243508551627,0.7
2026-09-04 15:47:55,repeat_random_model.py,"(1021, 9)",858,sequential_1725,Dense 64 -> 32 -> 32 -> 16 -> 16 -> 64 -> 1,mse,adam_1725,20,128,1.5231,19542.736328125,5372.59716796875,5152.697265625,0.255925600788971,0.7
2026-09-04 15:47:56,repeat_random_model.py,"(1021, 9)",858,sequential_1726,Dense 64 -> 32 -> 32 -> 16 -> 16 -> 32 -> 1,mse,adam_1726,20,128,1.3845,109168.78125,6089.54150390625,5853.03662109375,0.1547932329909527,0.7
2026-09-04 15:47:58,repeat_random_model.py,"(1021, 9)",858,sequential_1727,Dense 64 -> 32 -> 32 -> 16 -> 16 -> 16 -> 1,mse,adam_1727,20,128,1.4778,212252.21875,6176.44384765625,5927.96484375,0.1439732231773222,0.7
2026-09-04 15:48:00,repeat_random_model.py,"(1021, 9)",858,sequential_1728,Dense 64 -> 32 -> 16 -> 128 -> 128 -> 128 -> 1,mse,adam_1728,20,128,1.5016,60357.85546875,6065.36572265625,5968.86474609375,0.13806714247422935,0.7
2026-09-04 15:48:02,repeat_random_model.py,"(1021, 9)",858,sequential_1729,Dense 64 -> 32 -> 16 -> 128 -> 128 -> 64 -> 1,mse,adam_1729,20,128,1.4587,35815.015625,5506.89501953125,5548.1123046875,0.19882577551923453,0.7
2026-09-04 15:48:03,repeat_random_model.py,"(1021, 9)",858,sequential_1730,Dense 64 -> 32 -> 16 -> 128 -> 128 -> 32 -> 1,mse,adam_1730,20,128,1.5024,59954.12109375,5452.853515625,5021.52001953125,0.27486835541397747,0.7
2026-09-04 15:48:05,repeat_random_model.py,"(1021, 9)",858,sequential_1731,Dense 64 -> 32 -> 16 -> 128 -> 128 -> 16 -> 1,mse,adam_1731,20,128,1.4188,56406.93359375,5994.3701171875,5386.5478515625,0.22215642673734404,0.7
2026-09-04 15:48:07,repeat_random_model.py,"(1021, 9)",858,sequential_1732,Dense 64 -> 32 -> 16 -> 128 -> 64 -> 128 -> 1,mse,adam_1732,20,128,1.4464,23236.3046875,5130.388671875,4642.49609375,0.3296011966911617,0.7
2026-09-04 15:48:08,repeat_random_model.py,"(1021, 9)",858,sequential_1733,Dense 64 -> 32 -> 16 -> 128 -> 64 -> 64 -> 1,mse,adam_1733,20,128,1.4298,32758.34765625,5442.109375,5104.99658203125,0.2628139244163168,0.7
2026-09-04 15:48:10,repeat_random_model.py,"(1021, 9)",858,sequential_1734,Dense 64 -> 32 -> 16 -> 128 -> 64 -> 32 -> 1,mse,adam_1734,20,128,1.4413,19069.2890625,3800.52392578125,3959.44482421875,0.4282370816139913,0.7
2026-09-04 15:48:12,repeat_random_model.py,"(1021, 9)",858,sequential_1735,Dense 64 -> 32 -> 16 -> 128 -> 64 -> 16 -> 1,mse,adam_1735,20,128,1.3735,38089.78515625,5300.61767578125,4925.1376953125,0.28878646220513005,0.7
2026-09-04 15:48:13,repeat_random_model.py,"(1021, 9)",858,sequential_1736,Dense 64 -> 32 -> 16 -> 128 -> 32 -> 128 -> 1,mse,adam_1736,20,128,1.4045,14998.154296875,5200.65625,4830.92919921875,0.30239052914075226,0.7
2026-09-04 15:48:15,repeat_random_model.py,"(1021, 9)",858,sequential_1737,Dense 64 -> 32 -> 16 -> 128 -> 32 -> 64 -> 1,mse,adam_1737,20,128,1.3603,29890.337890625,5769.708984375,5592.41455078125,0.19242853645414892,0.7
2026-09-04 15:48:16,repeat_random_model.py,"(1021, 9)",858,sequential_1738,Dense 64 -> 32 -> 16 -> 128 -> 32 -> 32 -> 1,mse,adam_1738,20,128,1.3717,21937.3828125,4410.6533203125,4093.275146484375,0.4089113333685579,0.7
2026-09-04 15:48:18,repeat_random_model.py,"(1021, 9)",858,sequential_1739,Dense 64 -> 32 -> 16 -> 128 -> 32 -> 16 -> 1,mse,adam_1739,20,128,1.4382,33900.3203125,5588.84033203125,4831.05419921875,0.30237251824288436,0.7
2026-09-04 15:48:20,repeat_random_model.py,"(1021, 9)",858,sequential_1740,Dense 64 -> 32 -> 16 -> 128 -> 16 -> 128 -> 1,mse,adam_1740,20,128,1.3808,12697.3681640625,5361.1005859375,4810.66357421875,0.3053169528926314,0.7
2026-09-04 15:48:21,repeat_random_model.py,"(1021, 9)",858,sequential_1741,Dense 64 -> 32 -> 16 -> 128 -> 16 -> 64 -> 1,mse,adam_1741,20,128,1.4023,20102.705078125,5853.7626953125,5492.24609375,0.2068930746648331,0.7
2026-09-04 15:48:23,repeat_random_model.py,"(1021, 9)",858,sequential_1742,Dense 64 -> 32 -> 16 -> 128 -> 16 -> 32 -> 1,mse,adam_1742,20,128,1.4199,11291.240234375,5161.71630859375,4852.1787109375,0.2993220026466453,0.7
2026-09-04 15:48:25,repeat_random_model.py,"(1021, 9)",858,sequential_1743,Dense 64 -> 32 -> 16 -> 128 -> 16 -> 16 -> 1,mse,adam_1743,20,128,1.3872,57295.71484375,6257.1220703125,5969.6708984375,0.13795074486531989,0.7
2026-09-04 15:48:26,repeat_random_model.py,"(1021, 9)",858,sequential_1744,Dense 64 -> 32 -> 16 -> 64 -> 128 -> 128 -> 1,mse,adam_1744,20,128,1.5062,54264.85546875,5883.130859375,5702.1396484375,0.17658351583410326,0.7
2026-09-04 15:48:28,repeat_random_model.py,"(1021, 9)",858,sequential_1745,Dense 64 -> 32 -> 16 -> 64 -> 128 -> 64 -> 1,mse,adam_1745,20,128,1.3598,47042.90234375,6055.3505859375,5793.76220703125,0.16335279756501841,0.7
2026-09-04 15:48:30,repeat_random_model.py,"(1021, 9)",858,sequential_1746,Dense 64 -> 32 -> 16 -> 64 -> 128 -> 32 -> 1,mse,adam_1746,20,128,1.3871,37057.12890625,5814.32470703125,5534.8388671875,0.20074262412926192,0.7
2026-09-04 15:48:31,repeat_random_model.py,"(1021, 9)",858,sequential_1747,Dense 64 -> 32 -> 16 -> 64 -> 128 -> 16 -> 1,mse,adam_1747,20,128,1.3635,17363.068359375,4158.8447265625,4032.122314453125,0.4177420587201017,0.7
2026-09-04 15:48:33,repeat_random_model.py,"(1021, 9)",858,sequential_1748,Dense 64 -> 32 -> 16 -> 64 -> 64 -> 128 -> 1,mse,adam_1748,20,128,1.365,17221.0859375,4607.9189453125,4186.95458984375,0.3953835199378364,0.7
2026-09-04 15:48:35,repeat_random_model.py,"(1021, 9)",858,sequential_1749,Dense 64 -> 32 -> 16 -> 64 -> 64 -> 64 -> 1,mse,adam_1749,20,128,1.4451,24098.84765625,4167.3984375,3823.36669921875,0.44788738073248746,0.7
2026-09-04 15:48:36,repeat_random_model.py,"(1021, 9)",858,sequential_1750,Dense 64 -> 32 -> 16 -> 64 -> 64 -> 32 -> 1,mse,adam_1750,20,128,1.3482,15075.130859375,4305.78759765625,4131.40478515625,0.40340524125369703,0.7
2026-09-04 15:48:38,repeat_random_model.py,"(1021, 9)",858,sequential_1751,Dense 64 -> 32 -> 16 -> 64 -> 64 -> 16 -> 1,mse,adam_1751,20,128,1.3446,55562.90234375,5446.318359375,5189.20166015625,0.2506542191766924,0.7
2026-09-04 15:48:39,repeat_random_model.py,"(1021, 9)",858,sequential_1752,Dense 64 -> 32 -> 16 -> 64 -> 32 -> 128 -> 1,mse,adam_1752,20,128,1.3925,23565.376953125,5045.10205078125,4737.16455078125,0.31593055348878696,0.7
2026-09-04 15:48:41,repeat_random_model.py,"(1021, 9)",858,sequential_1753,Dense 64 -> 32 -> 16 -> 64 -> 32 -> 64 -> 1,mse,adam_1753,20,128,1.3467,19577.748046875,4216.1298828125,4356.82177734375,0.37085394009646655,0.7
2026-09-04 15:48:43,repeat_random_model.py,"(1021, 9)",858,sequential_1754,Dense 64 -> 32 -> 16 -> 64 -> 32 -> 32 -> 1,mse,adam_1754,20,128,1.3498,114984.9140625,6168.51611328125,5846.19970703125,0.155780470649848,0.7
2026-09-04 15:48:44,repeat_random_model.py,"(1021, 9)",858,sequential_1755,Dense 64 -> 32 -> 16 -> 64 -> 32 -> 16 -> 1,mse,adam_1755,20,128,1.4683,14941.375,4325.4501953125,4144.36767578125,0.40153325734380396,0.7
2026-09-04 15:48:46,repeat_random_model.py,"(1021, 9)",858,sequential_1756,Dense 64 -> 32 -> 16 -> 64 -> 16 -> 128 -> 1,mse,adam_1756,20,128,1.3339,9651.8125,4136.56005859375,3553.560302734375,0.486848684527193,0.7
2026-09-04 15:48:47,repeat_random_model.py,"(1021, 9)",858,sequential_1757,Dense 64 -> 32 -> 16 -> 64 -> 16 -> 64 -> 1,mse,adam_1757,20,128,1.3448,9565.0029296875,4138.78125,3699.86865234375,0.46572110194476224,0.7
2026-09-04 15:48:49,repeat_random_model.py,"(1021, 9)",858,sequential_1758,Dense 64 -> 32 -> 16 -> 64 -> 16 -> 32 -> 1,mse,adam_1758,20,128,1.3539,31768.947265625,5908.3935546875,5656.2734375,0.18320681339120926,0.7
2026-09-04 15:48:51,repeat_random_model.py,"(1021, 9)",858,sequential_1759,Dense 64 -> 32 -> 16 -> 64 -> 16 -> 16 -> 1,mse,adam_1759,20,128,1.3732,35424.70703125,5766.9501953125,5656.66015625,0.18315096491511984,0.7
2026-09-04 15:48:52,repeat_random_model.py,"(1021, 9)",858,sequential_1760,Dense 64 -> 32 -> 16 -> 32 -> 128 -> 128 -> 1,mse,adam_1760,20,128,1.48,50062.52734375,5403.71630859375,5055.6708984375,0.26993679097706436,0.7
2026-09-04 15:48:54,repeat_random_model.py,"(1021, 9)",858,sequential_1761,Dense 64 -> 32 -> 16 -> 32 -> 128 -> 64 -> 1,mse,adam_1761,20,128,1.365,31647.62890625,5278.8564453125,5063.1611328125,0.2688550820574236,0.7
2026-09-04 15:48:56,repeat_random_model.py,"(1021, 9)",858,sequential_1762,Dense 64 -> 32 -> 16 -> 32 -> 128 -> 32 -> 1,mse,adam_1762,20,128,1.3659,25346.244140625,5038.99755859375,4651.02783203125,0.328369181828157,0.7
2026-09-04 15:48:57,repeat_random_model.py,"(1021, 9)",858,sequential_1763,Dense 64 -> 32 -> 16 -> 32 -> 128 -> 16 -> 1,mse,adam_1763,20,128,1.4946,18283.921875,5211.93896484375,4886.666015625,0.2943417919761625,0.7
2026-09-04 15:48:59,repeat_random_model.py,"(1021, 9)",858,sequential_1764,Dense 64 -> 32 -> 16 -> 32 -> 64 -> 128 -> 1,mse,adam_1764,20,128,1.3731,51547.25390625,6200.00048828125,5886.5283203125,0.1499568621814883,0.7
2026-09-04 15:49:01,repeat_random_model.py,"(1021, 9)",858,sequential_1765,Dense 64 -> 32 -> 16 -> 32 -> 64 -> 64 -> 1,mse,adam_1765,20,128,1.367,19201.91015625,6021.33740234375,5714.7158203125,0.17476752195072498,0.7
2026-09-04 15:49:02,repeat_random_model.py,"(1021, 9)",858,sequential_1766,Dense 64 -> 32 -> 16 -> 32 -> 64 -> 32 -> 1,mse,adam_1766,20,128,1.4089,29637.70703125,6043.68017578125,5742.8017578125,0.17071167413734567,0.7
2026-09-04 15:49:04,repeat_random_model.py,"(1021, 9)",858,sequential_1767,Dense 64 -> 32 -> 16 -> 32 -> 64 -> 16 -> 1,mse,adam_1767,20,128,1.4279,42794.390625,5892.681640625,5794.3642578125,0.16326592010138563,0.7
2026-09-04 15:49:05,repeat_random_model.py,"(1021, 9)",858,sequential_1768,Dense 64 -> 32 -> 16 -> 32 -> 32 -> 128 -> 1,mse,adam_1768,20,128,1.3924,126468.5078125,6518.984375,6195.38916015625,0.10535591268493472,0.7
2026-09-04 15:49:07,repeat_random_model.py,"(1021, 9)",858,sequential_1769,Dense 64 -> 32 -> 16 -> 32 -> 32 -> 64 -> 1,mse,adam_1769,20,128,1.5102,17986.88671875,5711.22314453125,5824.216796875,0.1589550321790254,0.7
2026-09-04 15:49:09,repeat_random_model.py,"(1021, 9)",858,sequential_1770,Dense 64 -> 32 -> 16 -> 32 -> 32 -> 32 -> 1,mse,adam_1770,20,128,1.5438,178308.921875,6548.49267578125,6201.328125,0.10449823786571089,0.7
2026-09-04 15:49:11,repeat_random_model.py,"(1021, 9)",858,sequential_1771,Dense 64 -> 32 -> 16 -> 32 -> 32 -> 16 -> 1,mse,adam_1771,20,128,1.4474,219764.234375,5727.4658203125,5433.81494140625,0.21533083542212006,0.7
2026-09-04 15:49:12,repeat_random_model.py,"(1021, 9)",858,sequential_1772,Dense 64 -> 32 -> 16 -> 32 -> 16 -> 128 -> 1,mse,adam_1772,20,128,1.4453,11989.8173828125,5276.7314453125,4695.11328125,0.322002908306673,0.7
2026-09-04 15:49:14,repeat_random_model.py,"(1021, 9)",858,sequential_1773,Dense 64 -> 32 -> 16 -> 32 -> 16 -> 64 -> 1,mse,adam_1773,20,128,1.5283,31713.171875,5791.00439453125,5960.9130859375,0.13921520640179075,0.7
2026-09-04 15:49:16,repeat_random_model.py,"(1021, 9)",858,sequential_1774,Dense 64 -> 32 -> 16 -> 32 -> 16 -> 32 -> 1,mse,adam_1774,20,128,1.3916,27248.6015625,5986.5703125,5759.2294921875,0.16833946127166521,0.7
2026-09-04 15:49:18,repeat_random_model.py,"(1021, 9)",858,sequential_1775,Dense 64 -> 32 -> 16 -> 32 -> 16 -> 16 -> 1,mse,adam_1775,20,128,1.4455,18730.8359375,5260.9794921875,5090.18212890625,0.26495316497521837,0.7
2026-09-04 15:49:19,repeat_random_model.py,"(1021, 9)",858,sequential_1776,Dense 64 -> 32 -> 16 -> 16 -> 128 -> 128 -> 1,mse,adam_1776,20,128,1.4549,38019.48046875,5030.7412109375,4865.92431640625,0.2973371232377553,0.7
2026-09-04 15:49:21,repeat_random_model.py,"(1021, 9)",858,sequential_1777,Dense 64 -> 32 -> 16 -> 16 -> 128 -> 64 -> 1,mse,adam_1777,20,128,1.4766,13206.08984375,4538.72021484375,3684.115234375,0.46799600187026236,0.7
2026-09-04 15:49:23,repeat_random_model.py,"(1021, 9)",858,sequential_1778,Dense 64 -> 32 -> 16 -> 16 -> 128 -> 32 -> 1,mse,adam_1778,20,128,1.4193,13599.2392578125,4747.6005859375,6405.1591796875,0.0750641686766299,0.7
2026-09-04 15:49:24,repeat_random_model.py,"(1021, 9)",858,sequential_1779,Dense 64 -> 32 -> 16 -> 16 -> 128 -> 16 -> 1,mse,adam_1779,20,128,1.4628,17290.224609375,4595.3544921875,4138.1806640625,0.402426745965787,0.7
2026-09-04 15:49:26,repeat_random_model.py,"(1021, 9)",858,sequential_1780,Dense 64 -> 32 -> 16 -> 16 -> 64 -> 128 -> 1,mse,adam_1780,20,128,1.4482,59580.75,6090.79443359375,6176.810546875,0.10803879419667417,0.7
2026-09-04 15:49:28,repeat_random_model.py,"(1021, 9)",858,sequential_1781,Dense 64 -> 32 -> 16 -> 16 -> 64 -> 64 -> 1,mse,adam_1781,20,128,1.4819,30557.953125,6091.16748046875,5821.05078125,0.1594121443738955,0.7
2026-09-04 15:49:29,repeat_random_model.py,"(1021, 9)",858,sequential_1782,Dense 64 -> 32 -> 16 -> 16 -> 64 -> 32 -> 1,mse,adam_1782,20,128,1.441,18180.470703125,5683.07373046875,5544.990234375,0.19927670555368882,0.7
2026-09-04 15:49:31,repeat_random_model.py,"(1021, 9)",858,sequential_1783,Dense 64 -> 32 -> 16 -> 16 -> 64 -> 16 -> 1,mse,adam_1783,20,128,1.3845,23752.419921875,5652.28125,5456.40478515625,0.21206883646583818,0.7
2026-09-04 15:49:33,repeat_random_model.py,"(1021, 9)",858,sequential_1784,Dense 64 -> 32 -> 16 -> 16 -> 32 -> 128 -> 1,mse,adam_1784,20,128,1.4056,27432.224609375,5637.890625,5417.7802734375,0.21764641154310416,0.7
2026-09-04 15:49:34,repeat_random_model.py,"(1021, 9)",858,sequential_1785,Dense 64 -> 32 -> 16 -> 16 -> 32 -> 64 -> 1,mse,adam_1785,20,128,1.3471,57829.890625,5962.21728515625,5587.263671875,0.19317218731949048,0.7
2026-09-04 15:49:36,repeat_random_model.py,"(1021, 9)",858,sequential_1786,Dense 64 -> 32 -> 16 -> 16 -> 32 -> 32 -> 1,mse,adam_1786,20,128,1.3495,27046.51953125,5836.53515625,5519.263671875,0.20299174612971116,0.7
2026-09-04 15:49:38,repeat_random_model.py,"(1021, 9)",858,sequential_1787,Dense 64 -> 32 -> 16 -> 16 -> 32 -> 16 -> 1,mse,adam_1787,20,128,1.6259,14152.806640625,5211.44873046875,4804.677734375,0.306181392984443,0.7
2026-09-04 15:49:39,repeat_random_model.py,"(1021, 9)",858,sequential_1788,Dense 64 -> 32 -> 16 -> 16 -> 16 -> 128 -> 1,mse,adam_1788,20,128,1.4371,11584.103515625,4702.06982421875,4510.38720703125,0.3486783620076326,0.7
2026-09-04 15:49:41,repeat_random_model.py,"(1021, 9)",858,sequential_1789,Dense 64 -> 32 -> 16 -> 16 -> 16 -> 64 -> 1,mse,adam_1789,20,128,1.3337,9651.9443359375,5209.205078125,4846.7353515625,0.3001080470020073,0.7
2026-09-04 15:49:42,repeat_random_model.py,"(1021, 9)",858,sequential_1790,Dense 64 -> 32 -> 16 -> 16 -> 16 -> 32 -> 1,mse,adam_1790,20,128,1.3202,19770.796875,5609.05029296875,5573.71142578125,0.19512928443568167,0.7
2026-09-04 15:49:44,repeat_random_model.py,"(1021, 9)",858,sequential_1791,Dense 64 -> 32 -> 16 -> 16 -> 16 -> 16 -> 1,mse,adam_1791,20,128,1.4212,975602.0,6768.4052734375,6493.869140625,0.062253936381867714,0.7
2026-09-04 15:49:46,repeat_random_model.py,"(1021, 9)",858,sequential_1792,Dense 64 -> 16 -> 128 -> 128 -> 128 -> 128 -> 1,mse,adam_1792,20,128,1.4919,85406.171875,5734.396484375,5487.53369140625,0.2075737629772073,0.7
2026-09-04 15:49:48,repeat_random_model.py,"(1021, 9)",858,sequential_1793,Dense 64 -> 16 -> 128 -> 128 -> 128 -> 64 -> 1,mse,adam_1793,20,128,1.3847,107512.3125,5774.15869140625,5622.34765625,0.18810601325229448,0.7
2026-09-04 15:50:07,repeat_random_model.py,"(1021, 9)",858,sequential_1794,Dense 64 -> 16 -> 128 -> 128 -> 128 -> 32 -> 1,mse,adam_1794,20,128,19.1904,77165.1953125,5543.7216796875,5403.94970703125,0.2196435134815129,0.7
2026-09-04 15:50:09,repeat_random_model.py,"(1021, 9)",858,sequential_1795,Dense 64 -> 16 -> 128 -> 128 -> 128 -> 16 -> 1,mse,adam_1795,20,128,1.8034,176079.65625,5887.5400390625,5613.44140625,0.18939203658683335,0.7
2026-09-04 15:50:11,repeat_random_model.py,"(1021, 9)",858,sequential_1796,Dense 64 -> 16 -> 128 -> 128 -> 64 -> 128 -> 1,mse,adam_1796,20,128,1.7524,92314.5,6211.07177734375,5929.9990234375,0.14367955922785536,0.7
2026-09-04 15:50:13,repeat_random_model.py,"(1021, 9)",858,sequential_1797,Dense 64 -> 16 -> 128 -> 128 -> 64 -> 64 -> 1,mse,adam_1797,20,128,1.6631,46666.98046875,5508.59765625,5248.619140625,0.24207413013286472,0.7
2026-09-04 15:50:15,repeat_random_model.py,"(1021, 9)",858,sequential_1798,Dense 64 -> 16 -> 128 -> 128 -> 64 -> 32 -> 1,mse,adam_1798,20,128,1.7716,218124.40625,6501.55908203125,6098.27001953125,0.11938037854991457,0.7
2026-09-04 15:50:17,repeat_random_model.py,"(1021, 9)",858,sequential_1799,Dense 64 -> 16 -> 128 -> 128 -> 64 -> 16 -> 1,mse,adam_1799,20,128,1.6681,113526.84375,5141.6513671875,4959.4697265625,0.283828636922677,0.7
2026-09-04 15:50:19,repeat_random_model.py,"(1021, 9)",858,sequential_1800,Dense 64 -> 16 -> 128 -> 128 -> 32 -> 128 -> 1,mse,adam_1800,20,128,1.6633,38057.9375,5473.5615234375,5260.16796875,0.2404063899815242,0.7
2026-09-04 15:50:21,repeat_random_model.py,"(1021, 9)",858,sequential_1801,Dense 64 -> 16 -> 128 -> 128 -> 32 -> 64 -> 1,mse,adam_1801,20,128,1.6863,20978.083984375,5291.72802734375,5093.73291015625,0.2644404499452331,0.7
2026-09-04 15:50:23,repeat_random_model.py,"(1021, 9)",858,sequential_1802,Dense 64 -> 16 -> 128 -> 128 -> 32 -> 32 -> 1,mse,adam_1802,20,128,1.7629,68368.875,6057.6083984375,5925.1904296875,0.14437393395961817,0.7
2026-09-04 15:50:25,repeat_random_model.py,"(1021, 9)",858,sequential_1803,Dense 64 -> 16 -> 128 -> 128 -> 32 -> 16 -> 1,mse,adam_1803,20,128,1.6331,106369.9921875,5634.32763671875,5563.60693359375,0.1965883258464708,0.7
2026-09-04 15:50:27,repeat_random_model.py,"(1021, 9)",858,sequential_1804,Dense 64 -> 16 -> 128 -> 128 -> 16 -> 128 -> 1,mse,adam_1804,20,128,1.7699,13927.505859375,3877.55224609375,5239.212890625,0.24343226906815763,0.7
2026-09-04 15:50:29,repeat_random_model.py,"(1021, 9)",858,sequential_1805,Dense 64 -> 16 -> 128 -> 128 -> 16 -> 64 -> 1,mse,adam_1805,20,128,1.7342,34818.0546875,6095.9453125,5834.55712890625,0.15746168935577998,0.7
2026-09-04 15:50:31,repeat_random_model.py,"(1021, 9)",858,sequential_1806,Dense 64 -> 16 -> 128 -> 128 -> 16 -> 32 -> 1,mse,adam_1806,20,128,1.7188,40049.4375,5448.3623046875,5212.50634765625,0.24728905744677732,0.7
2026-09-04 15:50:33,repeat_random_model.py,"(1021, 9)",858,sequential_1807,Dense 64 -> 16 -> 128 -> 128 -> 16 -> 16 -> 1,mse,adam_1807,20,128,1.6709,46205.66796875,5697.353515625,5494.49560546875,0.20656840372716812,0.7
2026-09-04 15:50:45,repeat_random_model.py,"(1021, 9)",858,sequential_1808,Dense 64 -> 16 -> 128 -> 64 -> 128 -> 128 -> 1,mse,adam_1808,20,128,10.7307,28937.388671875,4723.83544921875,4541.109375,0.34424186818705604,0.7
2026-09-04 15:50:56,repeat_random_model.py,"(1021, 9)",858,sequential_1809,Dense 64 -> 16 -> 128 -> 64 -> 128 -> 64 -> 1,mse,adam_1809,20,128,10.6344,110681.9296875,6011.17333984375,5780.54248046875,0.16526178107146305,0.7
2026-09-04 15:51:10,repeat_random_model.py,"(1021, 9)",858,sequential_1810,Dense 64 -> 16 -> 128 -> 64 -> 128 -> 32 -> 1,mse,adam_1810,20,128,12.6495,42350.49609375,5149.880859375,5030.8076171875,0.2735270948474635,0.7
2026-09-04 15:51:23,repeat_random_model.py,"(1021, 9)",858,sequential_1811,Dense 64 -> 16 -> 128 -> 64 -> 128 -> 16 -> 1,mse,adam_1811,20,128,10.6403,58883.71875,5849.29345703125,5595.45947265625,0.19198867464819147,0.7
2026-09-04 15:51:36,repeat_random_model.py,"(1021, 9)",858,sequential_1812,Dense 64 -> 16 -> 128 -> 64 -> 64 -> 128 -> 1,mse,adam_1812,20,128,11.773,37567.97265625,5791.66845703125,5967.154296875,0.13831409009471107,0.7
2026-09-04 15:51:49,repeat_random_model.py,"(1021, 9)",858,sequential_1813,Dense 64 -> 16 -> 128 -> 64 -> 64 -> 64 -> 1,mse,adam_1813,20,128,11.6503,29725.763671875,5633.46826171875,5300.716796875,0.23455088578338934,0.7
2026-09-04 15:52:00,repeat_random_model.py,"(1021, 9)",858,sequential_1814,Dense 64 -> 16 -> 128 -> 64 -> 64 -> 32 -> 1,mse,adam_1814,20,128,9.7396,27150.919921875,5434.47900390625,5277.177734375,0.23795012527222503,0.7
2026-09-04 15:52:12,repeat_random_model.py,"(1021, 9)",858,sequential_1815,Dense 64 -> 16 -> 128 -> 64 -> 64 -> 16 -> 1,mse,adam_1815,20,128,11.1375,39997.828125,4974.18115234375,4805.70166015625,0.3060335690240896,0.7
2026-09-04 15:52:25,repeat_random_model.py,"(1021, 9)",858,sequential_1816,Dense 64 -> 16 -> 128 -> 64 -> 32 -> 128 -> 1,mse,adam_1816,20,128,11.3685,18082.591796875,5952.4169921875,5832.359375,0.15777918455568507,0.7
2026-09-04 15:52:39,repeat_random_model.py,"(1021, 9)",858,sequential_1817,Dense 64 -> 16 -> 128 -> 64 -> 32 -> 64 -> 1,mse,adam_1817,20,128,12.502,12744.7255859375,4181.75390625,3697.562255859375,0.46605419242070945,0.7
2026-09-04 15:52:51,repeat_random_model.py,"(1021, 9)",858,sequential_1818,Dense 64 -> 16 -> 128 -> 64 -> 32 -> 32 -> 1,mse,adam_1818,20,128,11.25,28386.96484375,6083.18359375,5791.43017578125,0.16368956879646512,0.7
2026-09-04 15:53:02,repeat_random_model.py,"(1021, 9)",858,sequential_1819,Dense 64 -> 16 -> 128 -> 64 -> 32 -> 16 -> 1,mse,adam_1819,20,128,9.5671,88891.9609375,5967.830078125,5753.64599609375,0.1691456970266052,0.7
2026-09-04 15:53:14,repeat_random_model.py,"(1021, 9)",858,sequential_1820,Dense 64 -> 16 -> 128 -> 64 -> 16 -> 128 -> 1,mse,adam_1820,20,128,10.4338,22293.541015625,5751.9716796875,5557.21044921875,0.19751196664695492,0.7
2026-09-04 15:53:24,repeat_random_model.py,"(1021, 9)",858,sequential_1821,Dense 64 -> 16 -> 128 -> 64 -> 16 -> 64 -> 1,mse,adam_1821,20,128,9.0086,17582.849609375,5123.1796875,4980.5546875,0.28078383629719805,0.7
2026-09-04 15:53:31,repeat_random_model.py,"(1021, 9)",858,sequential_1822,Dense 64 -> 16 -> 128 -> 64 -> 16 -> 32 -> 1,mse,adam_1822,20,128,5.524,16824.478515625,5500.0341796875,5360.2333984375,0.22595644808400162,0.7
2026-09-04 15:53:42,repeat_random_model.py,"(1021, 9)",858,sequential_1823,Dense 64 -> 16 -> 128 -> 64 -> 16 -> 16 -> 1,mse,adam_1823,20,128,9.6222,23815.478515625,5709.77294921875,5422.85400390625,0.2169137919691142,0.7
2026-09-04 15:53:57,repeat_random_model.py,"(1021, 9)",858,sequential_1824,Dense 64 -> 16 -> 128 -> 32 -> 128 -> 128 -> 1,mse,adam_1824,20,128,12.8852,19144.01953125,3601.2177734375,3446.945556640625,0.50224447905721,0.7
2026-09-04 15:54:08,repeat_random_model.py,"(1021, 9)",858,sequential_1825,Dense 64 -> 16 -> 128 -> 32 -> 128 -> 64 -> 1,mse,adam_1825,20,128,9.9134,47356.484375,5894.40673828125,5612.037109375,0.18959482069445965,0.7
2026-09-04 15:54:20,repeat_random_model.py,"(1021, 9)",858,sequential_1826,Dense 64 -> 16 -> 128 -> 32 -> 128 -> 32 -> 1,mse,adam_1826,20,128,10.3488,28874.337890625,5471.6484375,5804.142578125,0.16185378566018738,0.7
2026-09-04 15:54:31,repeat_random_model.py,"(1021, 9)",858,sequential_1827,Dense 64 -> 16 -> 128 -> 32 -> 128 -> 16 -> 1,mse,adam_1827,20,128,9.6032,37624.19921875,5958.4677734375,5623.90478515625,0.1878811357505369,0.7
2026-09-04 15:54:43,repeat_random_model.py,"(1021, 9)",858,sequential_1828,Dense 64 -> 16 -> 128 -> 32 -> 64 -> 128 -> 1,mse,adam_1828,20,128,10.7002,14308.6357421875,3431.4599609375,3105.976318359375,0.5514820239926186,0.7
2026-09-04 15:54:51,repeat_random_model.py,"(1021, 9)",858,sequential_1829,Dense 64 -> 16 -> 128 -> 32 -> 64 -> 64 -> 1,mse,adam_1829,20,128,7.7706,25226.6484375,5088.4267578125,4923.55712890625,0.28901454396012893,0.7
2026-09-04 15:54:53,repeat_random_model.py,"(1021, 9)",858,sequential_1830,Dense 64 -> 16 -> 128 -> 32 -> 64 -> 32 -> 1,mse,adam_1830,20,128,1.548,61160.3828125,5928.73828125,5765.666015625,0.16740996619197934,0.7
2026-09-04 15:54:54,repeat_random_model.py,"(1021, 9)",858,sequential_1831,Dense 64 -> 16 -> 128 -> 32 -> 64 -> 16 -> 1,mse,adam_1831,20,128,1.4277,14402.412109375,4271.51513671875,3807.3544921875,0.45019961925126206,0.7
2026-09-04 15:54:56,repeat_random_model.py,"(1021, 9)",858,sequential_1832,Dense 64 -> 16 -> 128 -> 32 -> 32 -> 128 -> 1,mse,adam_1832,20,128,1.5037,19902.365234375,5400.720703125,4698.91943359375,0.3214533481404379,0.7
2026-09-04 15:54:58,repeat_random_model.py,"(1021, 9)",858,sequential_1833,Dense 64 -> 16 -> 128 -> 32 -> 32 -> 64 -> 1,mse,adam_1833,20,128,1.4736,17554.599609375,5228.6572265625,5621.48974609375,0.18822970320321897,0.7
2026-09-04 15:55:00,repeat_random_model.py,"(1021, 9)",858,sequential_1834,Dense 64 -> 16 -> 128 -> 32 -> 32 -> 32 -> 1,mse,adam_1834,20,128,1.5872,14885.3212890625,3921.544921875,4733.16748046875,0.3165078366945834,0.7
2026-09-04 15:55:01,repeat_random_model.py,"(1021, 9)",858,sequential_1835,Dense 64 -> 16 -> 128 -> 32 -> 32 -> 16 -> 1,mse,adam_1835,20,128,1.4691,18295.236328125,5248.33056640625,4282.12451171875,0.38164058772212106,0.7
2026-09-04 15:55:03,repeat_random_model.py,"(1021, 9)",858,sequential_1836,Dense 64 -> 16 -> 128 -> 32 -> 16 -> 128 -> 1,mse,adam_1836,20,128,1.498,17422.83984375,4542.5634765625,4266.052734375,0.38396140967311665,0.7
2026-09-04 15:55:05,repeat_random_model.py,"(1021, 9)",858,sequential_1837,Dense 64 -> 16 -> 128 -> 32 -> 16 -> 64 -> 1,mse,adam_1837,20,128,1.4163,23780.923828125,5581.5869140625,5273.36279296875,0.238500918027158,0.7
2026-09-04 15:55:06,repeat_random_model.py,"(1021, 9)",858,sequential_1838,Dense 64 -> 16 -> 128 -> 32 -> 16 -> 32 -> 1,mse,adam_1838,20,128,1.4752,62415.234375,6080.44580078125,5791.2421875,0.16371674292350402,0.7
2026-09-04 15:55:08,repeat_random_model.py,"(1021, 9)",858,sequential_1839,Dense 64 -> 16 -> 128 -> 32 -> 16 -> 16 -> 1,mse,adam_1839,20,128,1.4637,18861.1640625,5074.12744140625,5089.82421875,0.2650048272491642,0.7
2026-09-04 15:55:10,repeat_random_model.py,"(1021, 9)",858,sequential_1840,Dense 64 -> 16 -> 128 -> 16 -> 128 -> 128 -> 1,mse,adam_1840,20,128,1.5532,19959.60546875,4686.27197265625,5984.04345703125,0.13587530145191662,0.7
2026-09-04 15:55:12,repeat_random_model.py,"(1021, 9)",858,sequential_1841,Dense 64 -> 16 -> 128 -> 16 -> 128 -> 64 -> 1,mse,adam_1841,20,128,1.4917,16262.5244140625,5314.515625,5067.80419921875,0.26818458654960453,0.7
2026-09-04 15:55:13,repeat_random_model.py,"(1021, 9)",858,sequential_1842,Dense 64 -> 16 -> 128 -> 16 -> 128 -> 32 -> 1,mse,adam_1842,20,128,1.4675,18681.35546875,5072.8046875,4760.53955078125,0.31255514305727383,0.7
2026-09-04 15:55:15,repeat_random_model.py,"(1021, 9)",858,sequential_1843,Dense 64 -> 16 -> 128 -> 16 -> 128 -> 16 -> 1,mse,adam_1843,20,128,1.5521,12635.0419921875,5748.0068359375,5280.11865234375,0.23752540022856994,0.7
2026-09-04 15:55:17,repeat_random_model.py,"(1021, 9)",858,sequential_1844,Dense 64 -> 16 -> 128 -> 16 -> 64 -> 128 -> 1,mse,adam_1844,20,128,1.511,19424.484375,5176.27685546875,4627.66357421875,0.3317430626812292,0.7
2026-09-04 15:55:19,repeat_random_model.py,"(1021, 9)",858,sequential_1845,Dense 64 -> 16 -> 128 -> 16 -> 64 -> 64 -> 1,mse,adam_1845,20,128,1.4744,11055.1953125,4402.1142578125,4332.01220703125,0.37443653057673865,0.7
2026-09-04 15:55:20,repeat_random_model.py,"(1021, 9)",858,sequential_1846,Dense 64 -> 16 -> 128 -> 16 -> 64 -> 32 -> 1,mse,adam_1846,20,128,1.4399,16561.998046875,4791.1552734375,4468.00244140625,0.3547989495140035,0.7
2026-09-04 15:55:22,repeat_random_model.py,"(1021, 9)",858,sequential_1847,Dense 64 -> 16 -> 128 -> 16 -> 64 -> 16 -> 1,mse,adam_1847,20,128,1.4518,12259.583984375,3836.65771484375,3750.482421875,0.45841232890927774,0.7
2026-09-04 15:55:24,repeat_random_model.py,"(1021, 9)",858,sequential_1848,Dense 64 -> 16 -> 128 -> 16 -> 32 -> 128 -> 1,mse,adam_1848,20,128,1.4729,21321.81640625,5223.00048828125,4965.9462890625,0.2828933595999258,0.7
2026-09-04 15:55:26,repeat_random_model.py,"(1021, 9)",858,sequential_1849,Dense 64 -> 16 -> 128 -> 16 -> 32 -> 64 -> 1,mse,adam_1849,20,128,1.5042,19330.595703125,4794.529296875,4909.740234375,0.2910098071447279,0.7
2026-09-04 15:55:27,repeat_random_model.py,"(1021, 9)",858,sequential_1850,Dense 64 -> 16 -> 128 -> 16 -> 32 -> 32 -> 1,mse,adam_1850,20,128,1.4687,14284.7646484375,5232.4130859375,5166.22265625,0.2539724480580049,0.7
2026-09-04 15:55:29,repeat_random_model.py,"(1021, 9)",858,sequential_1851,Dense 64 -> 16 -> 128 -> 16 -> 32 -> 16 -> 1,mse,adam_1851,20,128,1.4903,25817.048828125,5434.46923828125,5256.1552734375,0.24098578813691107,0.7
2026-09-04 15:55:31,repeat_random_model.py,"(1021, 9)",858,sequential_1852,Dense 64 -> 16 -> 128 -> 16 -> 16 -> 128 -> 1,mse,adam_1852,20,128,1.4964,11483.68359375,5265.57470703125,4889.2421875,0.29396986151797966,0.7
2026-09-04 15:55:32,repeat_random_model.py,"(1021, 9)",858,sequential_1853,Dense 64 -> 16 -> 128 -> 16 -> 16 -> 64 -> 1,mse,adam_1853,20,128,1.4252,12119.0166015625,4835.7158203125,4804.58056640625,0.3061953870820002,0.7
2026-09-04 15:55:34,repeat_random_model.py,"(1021, 9)",858,sequential_1854,Dense 64 -> 16 -> 128 -> 16 -> 16 -> 32 -> 1,mse,adam_1854,20,128,1.5393,15027.3876953125,5173.48974609375,5322.185546875,0.23145064964934192,0.7
2026-09-04 15:55:36,repeat_random_model.py,"(1021, 9)",858,sequential_1855,Dense 64 -> 16 -> 128 -> 16 -> 16 -> 16 -> 1,mse,adam_1855,20,128,1.46,11117.576171875,5090.1279296875,4477.61865234375,0.3534103444894039,0.7
2026-09-04 15:55:51,repeat_random_model.py,"(1021, 9)",858,sequential_1856,Dense 64 -> 16 -> 64 -> 128 -> 128 -> 128 -> 1,mse,adam_1856,20,128,13.9411,99541.484375,5480.3857421875,5047.7529296875,0.2710800538123036,0.7
2026-09-04 15:56:00,repeat_random_model.py,"(1021, 9)",858,sequential_1857,Dense 64 -> 16 -> 64 -> 128 -> 128 -> 64 -> 1,mse,adam_1857,20,128,7.9543,53867.23828125,5420.76025390625,6197.1083984375,0.10510780672463693,0.7
2026-09-04 15:56:10,repeat_random_model.py,"(1021, 9)",858,sequential_1858,Dense 64 -> 16 -> 64 -> 128 -> 128 -> 32 -> 1,mse,adam_1858,20,128,8.0025,76529.359375,6103.16357421875,5885.1904296875,0.15015011219143592,0.7
2026-09-04 15:56:22,repeat_random_model.py,"(1021, 9)",858,sequential_1859,Dense 64 -> 16 -> 64 -> 128 -> 128 -> 16 -> 1,mse,adam_1859,20,128,10.5543,86122.34375,5030.98779296875,4717.28759765625,0.31880094559167627,0.7
2026-09-04 15:56:36,repeat_random_model.py,"(1021, 9)",858,sequential_1860,Dense 64 -> 16 -> 64 -> 128 -> 64 -> 128 -> 1,mse,adam_1860,20,128,12.4917,26253.267578125,4770.423828125,4186.25634765625,0.3954843840130646,0.7
2026-09-04 15:56:47,repeat_random_model.py,"(1021, 9)",858,sequential_1861,Dense 64 -> 16 -> 64 -> 128 -> 64 -> 64 -> 1,mse,adam_1861,20,128,9.9772,94183.453125,6142.11279296875,5885.37109375,0.15012402389939028,0.7
2026-09-04 15:57:00,repeat_random_model.py,"(1021, 9)",858,sequential_1862,Dense 64 -> 16 -> 64 -> 128 -> 64 -> 32 -> 1,mse,adam_1862,20,128,10.9285,50944.44140625,5931.7998046875,5780.1728515625,0.16531512849812602,0.7
2026-09-04 15:57:13,repeat_random_model.py,"(1021, 9)",858,sequential_1863,Dense 64 -> 16 -> 64 -> 128 -> 64 -> 16 -> 1,mse,adam_1863,20,128,11.7257,56061.6953125,5652.55322265625,5440.4833984375,0.2143679270180051,0.7
2026-09-04 15:57:25,repeat_random_model.py,"(1021, 9)",858,sequential_1864,Dense 64 -> 16 -> 64 -> 128 -> 32 -> 128 -> 1,mse,adam_1864,20,128,10.5214,21649.796875,5405.50244140625,4630.498046875,0.3313337141732494,0.7
2026-09-04 15:57:37,repeat_random_model.py,"(1021, 9)",858,sequential_1865,Dense 64 -> 16 -> 64 -> 128 -> 32 -> 64 -> 1,mse,adam_1865,20,128,10.2207,22516.611328125,4272.3857421875,4180.56494140625,0.3963062777489479,0.7
2026-09-04 15:57:47,repeat_random_model.py,"(1021, 9)",858,sequential_1866,Dense 64 -> 16 -> 64 -> 128 -> 32 -> 32 -> 1,mse,adam_1866,20,128,9.7267,22670.53125,4760.7666015625,4891.82080078125,0.2935974728468238,0.7
2026-09-04 15:58:00,repeat_random_model.py,"(1021, 9)",858,sequential_1867,Dense 64 -> 16 -> 64 -> 128 -> 32 -> 16 -> 1,mse,adam_1867,20,128,10.8969,15156.177734375,4277.04638671875,3922.4375,0.43358112930188974,0.7
2026-09-04 15:58:12,repeat_random_model.py,"(1021, 9)",858,sequential_1868,Dense 64 -> 16 -> 64 -> 128 -> 16 -> 128 -> 1,mse,adam_1868,20,128,10.6693,10651.5498046875,3534.0400390625,3426.2099609375,0.5052387238949428,0.7
2026-09-04 15:58:23,repeat_random_model.py,"(1021, 9)",858,sequential_1869,Dense 64 -> 16 -> 64 -> 128 -> 16 -> 64 -> 1,mse,adam_1869,20,128,10.0452,64588.16015625,6360.1640625,6095.697265625,0.11975183903068887,0.7
2026-09-04 15:58:32,repeat_random_model.py,"(1021, 9)",858,sequential_1870,Dense 64 -> 16 -> 64 -> 128 -> 16 -> 32 -> 1,mse,adam_1870,20,128,7.2068,35909.67578125,5687.9033203125,5590.21923828125,0.19274537407326398,0.7
2026-09-04 15:58:39,repeat_random_model.py,"(1021, 9)",858,sequential_1871,Dense 64 -> 16 -> 64 -> 128 -> 16 -> 16 -> 1,mse,adam_1871,20,128,6.3734,40586.69140625,5796.82421875,5491.86083984375,0.2069488917338469,0.7
2026-09-04 15:58:51,repeat_random_model.py,"(1021, 9)",858,sequential_1872,Dense 64 -> 16 -> 64 -> 64 -> 128 -> 128 -> 1,mse,adam_1872,20,128,10.8029,98718.96875,5893.04541015625,5623.01904296875,0.18800890075519583,0.7
2026-09-04 15:59:02,repeat_random_model.py,"(1021, 9)",858,sequential_1873,Dense 64 -> 16 -> 64 -> 64 -> 128 -> 64 -> 1,mse,adam_1873,20,128,8.7449,60536.65234375,5788.61669921875,5630.0849609375,0.18698847245480088,0.7
2026-09-04 15:59:13,repeat_random_model.py,"(1021, 9)",858,sequential_1874,Dense 64 -> 16 -> 64 -> 64 -> 128 -> 32 -> 1,mse,adam_1874,20,128,10.4569,23746.353515625,4381.69189453125,3809.804443359375,0.44984580916356653,0.7
2026-09-04 15:59:25,repeat_random_model.py,"(1021, 9)",858,sequential_1875,Dense 64 -> 16 -> 64 -> 64 -> 128 -> 16 -> 1,mse,adam_1875,20,128,10.2035,37724.828125,4954.5517578125,4993.7275390625,0.27888159942629864,0.7
2026-09-04 15:59:36,repeat_random_model.py,"(1021, 9)",858,sequential_1876,Dense 64 -> 16 -> 64 -> 64 -> 64 -> 128 -> 1,mse,adam_1876,20,128,9.7506,66902.78125,6260.85205078125,5961.65478515625,0.13910827222858002,0.7
2026-09-04 15:59:48,repeat_random_model.py,"(1021, 9)",858,sequential_1877,Dense 64 -> 16 -> 64 -> 64 -> 64 -> 64 -> 1,mse,adam_1877,20,128,10.3924,35980.77734375,5574.77880859375,5328.4697265625,0.23054330387594213,0.7
2026-09-04 15:59:59,repeat_random_model.py,"(1021, 9)",858,sequential_1878,Dense 64 -> 16 -> 64 -> 64 -> 64 -> 32 -> 1,mse,adam_1878,20,128,10.2828,74940.296875,5886.39990234375,5634.55859375,0.18634243198366018,0.7
2026-09-04 16:00:12,repeat_random_model.py,"(1021, 9)",858,sequential_1879,Dense 64 -> 16 -> 64 -> 64 -> 64 -> 16 -> 1,mse,adam_1879,20,128,10.9384,22459.89453125,4898.34912109375,4525.15625,0.34654562032221203,0.7
2026-09-04 16:00:22,repeat_random_model.py,"(1021, 9)",858,sequential_1880,Dense 64 -> 16 -> 64 -> 64 -> 32 -> 128 -> 1,mse,adam_1880,20,128,10.0564,15612.3408203125,4240.43017578125,4016.2978515625,0.4200272026791493,0.7
2026-09-04 16:00:34,repeat_random_model.py,"(1021, 9)",858,sequential_1881,Dense 64 -> 16 -> 64 -> 64 -> 32 -> 64 -> 1,mse,adam_1881,20,128,10.4166,18590.3671875,3551.03662109375,3403.58154296875,0.5085064236537515,0.7
2026-09-04 16:00:46,repeat_random_model.py,"(1021, 9)",858,sequential_1882,Dense 64 -> 16 -> 64 -> 64 -> 32 -> 32 -> 1,mse,adam_1882,20,128,10.1655,25383.439453125,5126.8212890625,4934.619140625,0.28741713706201566,0.7
2026-09-04 16:00:57,repeat_random_model.py,"(1021, 9)",858,sequential_1883,Dense 64 -> 16 -> 64 -> 64 -> 32 -> 16 -> 1,mse,adam_1883,20,128,10.0388,61439.671875,6260.72900390625,6002.21630859375,0.13325104013103206,0.7
2026-09-04 16:01:04,repeat_random_model.py,"(1021, 9)",858,sequential_1884,Dense 64 -> 16 -> 64 -> 64 -> 16 -> 128 -> 1,mse,adam_1884,20,128,6.6636,17845.896484375,4926.2626953125,4658.89599609375,0.3272330175602599,0.7
2026-09-04 16:01:06,repeat_random_model.py,"(1021, 9)",858,sequential_1885,Dense 64 -> 16 -> 64 -> 64 -> 16 -> 64 -> 1,mse,adam_1885,20,128,1.4662,21163.162109375,5336.50732421875,5361.3681640625,0.22579268157740184,0.7
2026-09-04 16:01:08,repeat_random_model.py,"(1021, 9)",858,sequential_1886,Dense 64 -> 16 -> 64 -> 64 -> 16 -> 32 -> 1,mse,adam_1886,20,128,1.5538,26899.509765625,5005.3486328125,4748.51904296875,0.3142909765982075,0.7
2026-09-04 16:01:10,repeat_random_model.py,"(1021, 9)",858,sequential_1887,Dense 64 -> 16 -> 64 -> 64 -> 16 -> 16 -> 1,mse,adam_1887,20,128,1.4392,36084.50390625,5619.09033203125,5424.5576171875,0.21666772117040367,0.7
2026-09-04 16:01:11,repeat_random_model.py,"(1021, 9)",858,sequential_1888,Dense 64 -> 16 -> 64 -> 32 -> 128 -> 128 -> 1,mse,adam_1888,20,128,1.4862,30103.0078125,4089.487548828125,3711.90234375,0.46398343377212525,0.7
2026-09-04 16:01:13,repeat_random_model.py,"(1021, 9)",858,sequential_1889,Dense 64 -> 16 -> 64 -> 32 -> 128 -> 64 -> 1,mse,adam_1889,20,128,1.4757,18958.99609375,4797.78662109375,5027.03076171875,0.2740725273527638,0.7
2026-09-04 16:01:15,repeat_random_model.py,"(1021, 9)",858,sequential_1890,Dense 64 -> 16 -> 64 -> 32 -> 128 -> 32 -> 1,mse,adam_1890,20,128,1.4126,37264.69921875,5038.85791015625,4885.498046875,0.2945105224357004,0.7
2026-09-04 16:01:16,repeat_random_model.py,"(1021, 9)",858,sequential_1891,Dense 64 -> 16 -> 64 -> 32 -> 128 -> 16 -> 1,mse,adam_1891,20,128,1.489,82783.96875,6247.97216796875,5925.8154296875,0.144283679313973,0.7
2026-09-04 16:01:18,repeat_random_model.py,"(1021, 9)",858,sequential_1892,Dense 64 -> 16 -> 64 -> 32 -> 64 -> 128 -> 1,mse,adam_1892,20,128,1.483,18728.150390625,4010.820068359375,3963.35693359375,0.4276721344347467,0.7
2026-09-04 16:01:20,repeat_random_model.py,"(1021, 9)",858,sequential_1893,Dense 64 -> 16 -> 64 -> 32 -> 64 -> 64 -> 1,mse,adam_1893,20,128,1.4226,25695.376953125,5484.01708984375,5407.52392578125,0.2191274372778792,0.7
2026-09-04 16:01:22,repeat_random_model.py,"(1021, 9)",858,sequential_1894,Dense 64 -> 16 -> 64 -> 32 -> 64 -> 32 -> 1,mse,adam_1894,20,128,1.4357,30719.62890625,5425.10791015625,5134.306640625,0.2585813859475866,0.7
2026-09-04 16:01:23,repeat_random_model.py,"(1021, 9)",858,sequential_1895,Dense 64 -> 16 -> 64 -> 32 -> 64 -> 16 -> 1,mse,adam_1895,20,128,1.4576,135047.21875,6277.3310546875,5959.833984375,0.13937125934025263,0.7
2026-09-04 16:01:25,repeat_random_model.py,"(1021, 9)",858,sequential_1896,Dense 64 -> 16 -> 64 -> 32 -> 32 -> 128 -> 1,mse,adam_1896,20,128,1.4197,14623.7734375,5029.03955078125,4587.81640625,0.33749714348439286,0.7
2026-09-04 16:01:27,repeat_random_model.py,"(1021, 9)",858,sequential_1897,Dense 64 -> 16 -> 64 -> 32 -> 32 -> 64 -> 1,mse,adam_1897,20,128,1.4117,11855.6396484375,5537.05712890625,5151.71826171875,0.25606705880377056,0.7
2026-09-04 16:01:28,repeat_random_model.py,"(1021, 9)",858,sequential_1898,Dense 64 -> 16 -> 64 -> 32 -> 32 -> 32 -> 1,mse,adam_1898,20,128,1.3898,20856.30859375,4966.21826171875,4671.017578125,0.32548255950845784,0.7
2026-09-04 16:01:30,repeat_random_model.py,"(1021, 9)",858,sequential_1899,Dense 64 -> 16 -> 64 -> 32 -> 32 -> 16 -> 1,mse,adam_1899,20,128,1.4968,68842.4140625,6201.4853515625,5912.52685546875,0.14620256510390328,0.7
2026-09-04 16:01:32,repeat_random_model.py,"(1021, 9)",858,sequential_1900,Dense 64 -> 16 -> 64 -> 32 -> 16 -> 128 -> 1,mse,adam_1900,20,128,1.4106,15364.12109375,5858.49072265625,5601.265625,0.19115025125046914,0.7
2026-09-04 16:01:33,repeat_random_model.py,"(1021, 9)",858,sequential_1901,Dense 64 -> 16 -> 64 -> 32 -> 16 -> 64 -> 1,mse,adam_1901,20,128,1.4191,8961.0634765625,3753.367919921875,3527.2548828125,0.4906473838134777,0.7
2026-09-04 16:01:35,repeat_random_model.py,"(1021, 9)",858,sequential_1902,Dense 64 -> 16 -> 64 -> 32 -> 16 -> 32 -> 1,mse,adam_1902,20,128,1.4337,15438.2431640625,4871.716796875,5290.6396484375,0.2360061005115508,0.7
2026-09-04 16:01:37,repeat_random_model.py,"(1021, 9)",858,sequential_1903,Dense 64 -> 16 -> 64 -> 32 -> 16 -> 16 -> 1,mse,adam_1903,20,128,1.4177,20123.150390625,5432.87060546875,5257.10400390625,0.2408488824040187,0.7
2026-09-04 16:01:38,repeat_random_model.py,"(1021, 9)",858,sequential_1904,Dense 64 -> 16 -> 64 -> 16 -> 128 -> 128 -> 1,mse,adam_1904,20,128,1.4979,17483.3359375,4534.12646484375,3616.052001953125,0.4778246329494096,0.7
2026-09-04 16:01:40,repeat_random_model.py,"(1021, 9)",858,sequential_1905,Dense 64 -> 16 -> 64 -> 16 -> 128 -> 64 -> 1,mse,adam_1905,20,128,1.4278,29936.896484375,4326.70166015625,4304.9609375,0.37834288226247137,0.7
2026-09-04 16:01:42,repeat_random_model.py,"(1021, 9)",858,sequential_1906,Dense 64 -> 16 -> 64 -> 16 -> 128 -> 32 -> 1,mse,adam_1906,20,128,1.4926,46271.30859375,6387.23193359375,6009.32861328125,0.13222391427472124,0.7
2026-09-04 16:01:43,repeat_random_model.py,"(1021, 9)",858,sequential_1907,Dense 64 -> 16 -> 64 -> 16 -> 128 -> 16 -> 1,mse,adam_1907,20,128,1.3813,18546.974609375,5026.9716796875,4875.72265625,0.29592214497846836,0.7
2026-09-04 16:01:45,repeat_random_model.py,"(1021, 9)",858,sequential_1908,Dense 64 -> 16 -> 64 -> 16 -> 64 -> 128 -> 1,mse,adam_1908,20,128,1.4867,13393.3212890625,4211.42626953125,3898.272216796875,0.43707070858415975,0.7
2026-09-04 16:01:47,repeat_random_model.py,"(1021, 9)",858,sequential_1909,Dense 64 -> 16 -> 64 -> 16 -> 64 -> 64 -> 1,mse,adam_1909,20,128,1.4329,41182.86328125,5550.6806640625,5337.80859375,0.2291947496447705,0.7
2026-09-04 16:01:48,repeat_random_model.py,"(1021, 9)",858,sequential_1910,Dense 64 -> 16 -> 64 -> 16 -> 64 -> 32 -> 1,mse,adam_1910,20,128,1.3874,12329.8779296875,5177.15283203125,4727.2041015625,0.31736895295245915,0.7
2026-09-04 16:01:50,repeat_random_model.py,"(1021, 9)",858,sequential_1911,Dense 64 -> 16 -> 64 -> 16 -> 64 -> 16 -> 1,mse,adam_1911,20,128,1.4577,28570.263671875,6047.69140625,5926.4912109375,0.1441860111961416,0.7
2026-09-04 16:01:52,repeat_random_model.py,"(1021, 9)",858,sequential_1912,Dense 64 -> 16 -> 64 -> 16 -> 32 -> 128 -> 1,mse,adam_1912,20,128,1.4216,26121.4921875,5675.142578125,5601.79638671875,0.19107366378199975,0.7
2026-09-04 16:01:53,repeat_random_model.py,"(1021, 9)",858,sequential_1913,Dense 64 -> 16 -> 64 -> 16 -> 32 -> 64 -> 1,mse,adam_1913,20,128,1.409,19864.123046875,4939.05517578125,5327.2744140625,0.230715780823031,0.7
2026-09-04 16:01:55,repeat_random_model.py,"(1021, 9)",858,sequential_1914,Dense 64 -> 16 -> 64 -> 16 -> 32 -> 32 -> 1,mse,adam_1914,20,128,1.4235,16875.451171875,5542.12353515625,5010.60546875,0.2764443637033468,0.7
2026-09-04 16:01:57,repeat_random_model.py,"(1021, 9)",858,sequential_1915,Dense 64 -> 16 -> 64 -> 16 -> 32 -> 16 -> 1,mse,adam_1915,20,128,1.4344,11144.837890625,5385.65576171875,5258.20849609375,0.24068933278169258,0.7
2026-09-04 16:01:58,repeat_random_model.py,"(1021, 9)",858,sequential_1916,Dense 64 -> 16 -> 64 -> 16 -> 16 -> 128 -> 1,mse,adam_1916,20,128,1.4792,10317.8310546875,5061.728515625,3996.062255859375,0.4229493452309837,0.7
2026-09-04 16:02:00,repeat_random_model.py,"(1021, 9)",858,sequential_1917,Dense 64 -> 16 -> 64 -> 16 -> 16 -> 64 -> 1,mse,adam_1917,20,128,1.4099,19457.0390625,5550.09033203125,5392.7216796875,0.221265098286769,0.7
2026-09-04 16:02:02,repeat_random_model.py,"(1021, 9)",858,sequential_1918,Dense 64 -> 16 -> 64 -> 16 -> 16 -> 32 -> 1,mse,adam_1918,20,128,1.4882,9777.30078125,4569.32763671875,4213.88427734375,0.3914947479722296,0.7
2026-09-04 16:02:04,repeat_random_model.py,"(1021, 9)",858,sequential_1919,Dense 64 -> 16 -> 64 -> 16 -> 16 -> 16 -> 1,mse,adam_1919,20,128,1.4549,15545.0986328125,6084.1689453125,5286.18798828125,0.2366489705046304,0.7
2026-09-04 16:02:06,repeat_random_model.py,"(1021, 9)",858,sequential_1920,Dense 64 -> 16 -> 32 -> 128 -> 128 -> 128 -> 1,mse,adam_1920,20,128,1.4674,81254.8125,6107.451171875,5842.107421875,0.1563714876934883,0.7
2026-09-04 16:02:19,repeat_random_model.py,"(1021, 9)",858,sequential_1921,Dense 64 -> 16 -> 32 -> 128 -> 128 -> 64 -> 1,mse,adam_1921,20,128,11.7923,43494.09765625,5391.53271484375,5166.5029296875,0.2539320643706724,0.7
2026-09-04 16:02:31,repeat_random_model.py,"(1021, 9)",858,sequential_1922,Dense 64 -> 16 -> 32 -> 128 -> 128 -> 32 -> 1,mse,adam_1922,20,128,10.8575,76897.3984375,5752.23779296875,5507.111328125,0.20474655349242232,0.7
2026-09-04 16:02:43,repeat_random_model.py,"(1021, 9)",858,sequential_1923,Dense 64 -> 16 -> 32 -> 128 -> 128 -> 16 -> 1,mse,adam_1923,20,128,10.5733,40172.17578125,5280.11669921875,4801.56787109375,0.3066304860949828,0.7
2026-09-04 16:02:45,repeat_random_model.py,"(1021, 9)",858,sequential_1924,Dense 64 -> 16 -> 32 -> 128 -> 64 -> 128 -> 1,mse,adam_1924,20,128,1.7559,20263.40625,4182.81884765625,4659.45556640625,0.3271521085306597,0.7
2026-09-04 16:02:47,repeat_random_model.py,"(1021, 9)",858,sequential_1925,Dense 64 -> 16 -> 32 -> 128 -> 64 -> 64 -> 1,mse,adam_1925,20,128,1.4443,49025.98046875,5150.56689453125,4917.4541015625,0.2898958686028602,0.7
2026-09-04 16:02:49,repeat_random_model.py,"(1021, 9)",858,sequential_1926,Dense 64 -> 16 -> 32 -> 128 -> 64 -> 32 -> 1,mse,adam_1926,20,128,1.4291,19049.939453125,4703.67626953125,5196.86767578125,0.24954734273660206,0.7
2026-09-04 16:02:50,repeat_random_model.py,"(1021, 9)",858,sequential_1927,Dense 64 -> 16 -> 32 -> 128 -> 64 -> 16 -> 1,mse,adam_1927,20,128,1.557,52874.640625,5509.38525390625,5398.484375,0.22043275551526975,0.7
2026-09-04 16:02:52,repeat_random_model.py,"(1021, 9)",858,sequential_1928,Dense 64 -> 16 -> 32 -> 128 -> 32 -> 128 -> 1,mse,adam_1928,20,128,1.4599,16969.99609375,4332.04296875,3685.9677734375,0.46772849919866666,0.7
2026-09-04 16:02:54,repeat_random_model.py,"(1021, 9)",858,sequential_1929,Dense 64 -> 16 -> 32 -> 128 -> 32 -> 64 -> 1,mse,adam_1929,20,128,1.4641,31351.361328125,5710.5927734375,5306.69970703125,0.23368691185108148,0.7
2026-09-04 16:02:56,repeat_random_model.py,"(1021, 9)",858,sequential_1930,Dense 64 -> 16 -> 32 -> 128 -> 32 -> 32 -> 1,mse,adam_1930,20,128,1.5043,22377.525390625,5317.431640625,5013.337890625,0.2760498260956642,0.7
2026-09-04 16:02:57,repeat_random_model.py,"(1021, 9)",858,sequential_1931,Dense 64 -> 16 -> 32 -> 128 -> 32 -> 16 -> 1,mse,adam_1931,20,128,1.4512,41141.61328125,5622.8515625,5389.45556640625,0.22173658740193447,0.7
2026-09-04 16:02:59,repeat_random_model.py,"(1021, 9)",858,sequential_1932,Dense 64 -> 16 -> 32 -> 128 -> 16 -> 128 -> 1,mse,adam_1932,20,128,1.3766,9386.416015625,3859.833984375,3155.8359375,0.5442821050089581,0.7
2026-09-04 16:03:01,repeat_random_model.py,"(1021, 9)",858,sequential_1933,Dense 64 -> 16 -> 32 -> 128 -> 16 -> 64 -> 1,mse,adam_1933,20,128,1.4169,23664.4375,4389.46044921875,4000.7861328125,0.42226715047304253,0.7
2026-09-04 16:03:02,repeat_random_model.py,"(1021, 9)",858,sequential_1934,Dense 64 -> 16 -> 32 -> 128 -> 16 -> 32 -> 1,mse,adam_1934,20,128,1.5964,38963.16796875,5813.9658203125,5564.6728515625,0.19643439789721961,0.7
2026-09-04 16:03:04,repeat_random_model.py,"(1021, 9)",858,sequential_1935,Dense 64 -> 16 -> 32 -> 128 -> 16 -> 16 -> 1,mse,adam_1935,20,128,1.4041,26223.94921875,5302.06494140625,4996.11083984375,0.2785374631064984,0.7
2026-09-04 16:03:06,repeat_random_model.py,"(1021, 9)",858,sequential_1936,Dense 64 -> 16 -> 32 -> 64 -> 128 -> 128 -> 1,mse,adam_1936,20,128,1.4488,35555.67578125,5238.07958984375,5015.48876953125,0.2757392698415636,0.7
2026-09-04 16:03:07,repeat_random_model.py,"(1021, 9)",858,sequential_1937,Dense 64 -> 16 -> 32 -> 64 -> 128 -> 64 -> 1,mse,adam_1937,20,128,1.3904,48574.65234375,5874.4287109375,5576.6044921875,0.1947113744197151,0.7
2026-09-04 16:03:09,repeat_random_model.py,"(1021, 9)",858,sequential_1938,Dense 64 -> 16 -> 32 -> 64 -> 128 -> 32 -> 1,mse,adam_1938,20,128,1.3652,71521.4921875,5836.630859375,5589.87158203125,0.19279565560947354,0.7
2026-09-04 16:03:11,repeat_random_model.py,"(1021, 9)",858,sequential_1939,Dense 64 -> 16 -> 32 -> 64 -> 128 -> 16 -> 1,mse,adam_1939,20,128,1.5068,34216.08984375,5598.89501953125,5366.61279296875,0.22503518820588886,0.7
2026-09-04 16:03:12,repeat_random_model.py,"(1021, 9)",858,sequential_1940,Dense 64 -> 16 -> 32 -> 64 -> 64 -> 128 -> 1,mse,adam_1940,20,128,1.3712,24898.37109375,4433.5546875,5784.36279296875,0.1647100221295138,0.7
2026-09-04 16:03:14,repeat_random_model.py,"(1021, 9)",858,sequential_1941,Dense 64 -> 16 -> 32 -> 64 -> 64 -> 64 -> 1,mse,adam_1941,20,128,1.3498,120137.5625,6173.39697265625,5930.884765625,0.14355160623398688,0.7
2026-09-04 16:03:16,repeat_random_model.py,"(1021, 9)",858,sequential_1942,Dense 64 -> 16 -> 32 -> 64 -> 64 -> 32 -> 1,mse,adam_1942,20,128,1.4275,20597.22265625,4465.8388671875,4224.666015625,0.389937857973935,0.7
2026-09-04 16:03:17,repeat_random_model.py,"(1021, 9)",858,sequential_1943,Dense 64 -> 16 -> 32 -> 64 -> 64 -> 16 -> 1,mse,adam_1943,20,128,1.5208,26740.390625,4948.93994140625,4647.7626953125,0.32884060413300176,0.7
2026-09-04 16:03:19,repeat_random_model.py,"(1021, 9)",858,sequential_1944,Dense 64 -> 16 -> 32 -> 64 -> 32 -> 128 -> 1,mse,adam_1944,20,128,1.3665,23944.625,5329.20751953125,4777.09326171875,0.3101647158777163,0.7
2026-09-04 16:03:21,repeat_random_model.py,"(1021, 9)",858,sequential_1945,Dense 64 -> 16 -> 32 -> 64 -> 32 -> 64 -> 1,mse,adam_1945,20,128,1.3507,12621.474609375,4321.4306640625,4327.4384765625,0.3750970070755937,0.7
2026-09-04 16:03:22,repeat_random_model.py,"(1021, 9)",858,sequential_1946,Dense 64 -> 16 -> 32 -> 64 -> 32 -> 32 -> 1,mse,adam_1946,20,128,1.348,65088.8359375,5999.73828125,5713.625,0.1749249974632867,0.7
2026-09-04 16:03:24,repeat_random_model.py,"(1021, 9)",858,sequential_1947,Dense 64 -> 16 -> 32 -> 64 -> 32 -> 16 -> 1,mse,adam_1947,20,128,1.3401,15509.92578125,5638.0791015625,5652.5166015625,0.1837494175596841,0.7
2026-09-04 16:03:25,repeat_random_model.py,"(1021, 9)",858,sequential_1948,Dense 64 -> 16 -> 32 -> 64 -> 16 -> 128 -> 1,mse,adam_1948,20,128,1.357,21301.701171875,5136.009765625,4983.09423828125,0.28041718560372975,0.7
2026-09-04 16:03:27,repeat_random_model.py,"(1021, 9)",858,sequential_1949,Dense 64 -> 16 -> 32 -> 64 -> 16 -> 64 -> 1,mse,adam_1949,20,128,1.4657,31703.361328125,5806.3076171875,5545.82080078125,0.19915674744575318,0.7
2026-09-04 16:03:29,repeat_random_model.py,"(1021, 9)",858,sequential_1950,Dense 64 -> 16 -> 32 -> 64 -> 16 -> 32 -> 1,mse,adam_1950,20,128,1.394,116507.109375,6190.23583984375,5939.541015625,0.1423016698000552,0.7
2026-09-04 16:03:30,repeat_random_model.py,"(1021, 9)",858,sequential_1951,Dense 64 -> 16 -> 32 -> 64 -> 16 -> 16 -> 1,mse,adam_1951,20,128,1.389,131760.703125,6078.876953125,5868.287109375,0.15259104472094787,0.7
2026-09-04 16:03:32,repeat_random_model.py,"(1021, 9)",858,sequential_1952,Dense 64 -> 16 -> 32 -> 32 -> 128 -> 128 -> 1,mse,adam_1952,20,128,1.4952,48658.1796875,5668.77294921875,5508.47412109375,0.20454976320907658,0.7
2026-09-04 16:03:34,repeat_random_model.py,"(1021, 9)",858,sequential_1953,Dense 64 -> 16 -> 32 -> 32 -> 128 -> 64 -> 1,mse,adam_1953,20,128,1.4356,29624.611328125,5771.57763671875,5256.86376953125,0.24088357214208667,0.7
2026-09-04 16:03:35,repeat_random_model.py,"(1021, 9)",858,sequential_1954,Dense 64 -> 16 -> 32 -> 32 -> 128 -> 32 -> 1,mse,adam_1954,20,128,1.5403,14454.1025390625,3602.82470703125,3337.534912109375,0.5180438599079016,0.7
2026-09-04 16:03:37,repeat_random_model.py,"(1021, 9)",858,sequential_1955,Dense 64 -> 16 -> 32 -> 32 -> 128 -> 16 -> 1,mse,adam_1955,20,128,1.5004,35347.90625,5790.380859375,5550.1767578125,0.19852762958129666,0.7
2026-09-04 16:03:39,repeat_random_model.py,"(1021, 9)",858,sequential_1956,Dense 64 -> 16 -> 32 -> 32 -> 64 -> 128 -> 1,mse,adam_1956,20,128,1.4554,23202.13671875,3762.9267578125,3403.8984375,0.5084606850314619,0.7
2026-09-04 16:03:40,repeat_random_model.py,"(1021, 9)",858,sequential_1957,Dense 64 -> 16 -> 32 -> 32 -> 64 -> 64 -> 1,mse,adam_1957,20,128,1.3704,47409.11328125,5932.865234375,5601.015625,0.19118636676118617,0.7
2026-09-04 16:03:42,repeat_random_model.py,"(1021, 9)",858,sequential_1958,Dense 64 -> 16 -> 32 -> 32 -> 64 -> 32 -> 1,mse,adam_1958,20,128,1.4224,12859.7138671875,4714.427734375,4503.5263671875,0.34966907653184043,0.7
2026-09-04 16:03:44,repeat_random_model.py,"(1021, 9)",858,sequential_1959,Dense 64 -> 16 -> 32 -> 32 -> 64 -> 16 -> 1,mse,adam_1959,20,128,1.3807,39952.46484375,5829.18505859375,5626.62939453125,0.18748759763274603,0.7
2026-09-04 16:03:45,repeat_random_model.py,"(1021, 9)",858,sequential_1960,Dense 64 -> 16 -> 32 -> 32 -> 32 -> 128 -> 1,mse,adam_1960,20,128,1.4175,41098.37109375,5884.0537109375,5620.1962890625,0.18841652225136463,0.7
2026-09-04 16:03:47,repeat_random_model.py,"(1021, 9)",858,sequential_1961,Dense 64 -> 16 -> 32 -> 32 -> 32 -> 64 -> 1,mse,adam_1961,20,128,1.4072,13913.4951171875,4427.353515625,4394.31396484375,0.3654398681499488,0.7
2026-09-04 16:03:49,repeat_random_model.py,"(1021, 9)",858,sequential_1962,Dense 64 -> 16 -> 32 -> 32 -> 32 -> 32 -> 1,mse,adam_1962,20,128,1.3282,17408.076171875,5534.14404296875,5295.52685546875,0.2353003507820387,0.7
2026-09-04 16:03:50,repeat_random_model.py,"(1021, 9)",858,sequential_1963,Dense 64 -> 16 -> 32 -> 32 -> 32 -> 16 -> 1,mse,adam_1963,20,128,1.4574,64770.078125,5856.11083984375,5580.07373046875,0.1942103646510568,0.7
2026-09-04 16:03:52,repeat_random_model.py,"(1021, 9)",858,sequential_1964,Dense 64 -> 16 -> 32 -> 32 -> 16 -> 128 -> 1,mse,adam_1964,20,128,1.4382,8172.89306640625,3545.401123046875,3355.04052734375,0.5155160424819156,0.7
2026-09-04 16:03:54,repeat_random_model.py,"(1021, 9)",858,sequential_1965,Dense 64 -> 16 -> 32 -> 32 -> 16 -> 64 -> 1,mse,adam_1965,20,128,1.379,32396.033203125,5872.85693359375,5553.96923828125,0.1979800468490044,0.7
2026-09-04 16:03:55,repeat_random_model.py,"(1021, 9)",858,sequential_1966,Dense 64 -> 16 -> 32 -> 32 -> 16 -> 32 -> 1,mse,adam_1966,20,128,1.4312,46950.890625,6187.482421875,5928.2041015625,0.14393867287675444,0.7
2026-09-04 16:03:57,repeat_random_model.py,"(1021, 9)",858,sequential_1967,Dense 64 -> 16 -> 32 -> 32 -> 16 -> 16 -> 1,mse,adam_1967,20,128,1.3982,18678.931640625,4846.43896484375,4709.12744140625,0.3199793774596702,0.7
2026-09-04 16:03:59,repeat_random_model.py,"(1021, 9)",858,sequential_1968,Dense 64 -> 16 -> 32 -> 16 -> 128 -> 128 -> 1,mse,adam_1968,20,128,1.4644,163263.234375,6357.92724609375,6046.92578125,0.12679472935380287,0.7
2026-09-04 16:04:00,repeat_random_model.py,"(1021, 9)",858,sequential_1969,Dense 64 -> 16 -> 32 -> 16 -> 128 -> 64 -> 1,mse,adam_1969,20,128,1.4061,14747.0791015625,3404.8388671875,3201.06103515625,0.5377513576794903,0.7
2026-09-04 16:04:02,repeat_random_model.py,"(1021, 9)",858,sequential_1970,Dense 64 -> 16 -> 32 -> 16 -> 128 -> 32 -> 1,mse,adam_1970,20,128,1.3649,16372.408203125,4976.6240234375,4379.30859375,0.3676067056304917,0.7
2026-09-04 16:04:04,repeat_random_model.py,"(1021, 9)",858,sequential_1971,Dense 64 -> 16 -> 32 -> 16 -> 128 -> 16 -> 1,mse,adam_1971,20,128,1.3928,19537.04296875,5355.97021484375,5597.0908203125,0.19175305208313131,0.7
2026-09-04 16:04:05,repeat_random_model.py,"(1021, 9)",858,sequential_1972,Dense 64 -> 16 -> 32 -> 16 -> 64 -> 128 -> 1,mse,adam_1972,20,128,1.3672,14062.7763671875,4508.953125,4020.91162109375,0.41936098128826726,0.7
2026-09-04 16:04:07,repeat_random_model.py,"(1021, 9)",858,sequential_1973,Dense 64 -> 16 -> 32 -> 16 -> 64 -> 64 -> 1,mse,adam_1973,20,128,1.3605,72147.65625,6058.060546875,5807.64501953125,0.16134805945734054,0.7
2026-09-04 16:04:08,repeat_random_model.py,"(1021, 9)",858,sequential_1974,Dense 64 -> 16 -> 32 -> 16 -> 64 -> 32 -> 1,mse,adam_1974,20,128,1.471,41288.87890625,6286.6533203125,5980.3486328125,0.13640885640595923,0.7
2026-09-04 16:04:10,repeat_random_model.py,"(1021, 9)",858,sequential_1975,Dense 64 -> 16 -> 32 -> 16 -> 64 -> 16 -> 1,mse,adam_1975,20,128,1.3753,15332.5625,5547.58056640625,5330.4482421875,0.2302575926276963,0.7
2026-09-04 16:04:12,repeat_random_model.py,"(1021, 9)",858,sequential_1976,Dense 64 -> 16 -> 32 -> 16 -> 32 -> 128 -> 1,mse,adam_1976,20,128,1.4344,8585.322265625,3488.4677734375,4097.48095703125,0.40830394938472014,0.7
2026-09-04 16:04:13,repeat_random_model.py,"(1021, 9)",858,sequential_1977,Dense 64 -> 16 -> 32 -> 16 -> 32 -> 64 -> 1,mse,adam_1977,20,128,1.3855,10771.9345703125,4558.9521484375,3760.75537109375,0.4569287381789301,0.7
2026-09-04 16:04:15,repeat_random_model.py,"(1021, 9)",858,sequential_1978,Dense 64 -> 16 -> 32 -> 16 -> 32 -> 32 -> 1,mse,adam_1978,20,128,1.4227,16337.7197265625,5001.9169921875,4902.35205078125,0.2920766682407072,0.7
2026-09-04 16:04:17,repeat_random_model.py,"(1021, 9)",858,sequential_1979,Dense 64 -> 16 -> 32 -> 16 -> 32 -> 16 -> 1,mse,adam_1979,20,128,1.4271,51452.15625,6118.333984375,5933.931640625,0.14311165254915337,0.7
2026-09-04 16:04:18,repeat_random_model.py,"(1021, 9)",858,sequential_1980,Dense 64 -> 16 -> 32 -> 16 -> 16 -> 128 -> 1,mse,adam_1980,20,128,1.4168,15063.439453125,5296.16015625,5119.26220703125,0.26075385420540276,0.7
2026-09-04 16:04:20,repeat_random_model.py,"(1021, 9)",858,sequential_1981,Dense 64 -> 16 -> 32 -> 16 -> 16 -> 64 -> 1,mse,adam_1981,20,128,1.4443,10694.1376953125,4188.60888671875,3668.950927734375,0.4701858914030014,0.7
2026-09-04 16:04:22,repeat_random_model.py,"(1021, 9)",858,sequential_1982,Dense 64 -> 16 -> 32 -> 16 -> 16 -> 32 -> 1,mse,adam_1982,20,128,1.3814,59908.48046875,6026.9462890625,5850.31689453125,0.15518607308050514,0.7
2026-09-04 16:04:23,repeat_random_model.py,"(1021, 9)",858,sequential_1983,Dense 64 -> 16 -> 32 -> 16 -> 16 -> 16 -> 1,mse,adam_1983,20,128,1.3717,26844.552734375,5857.091796875,5875.126953125,0.15160342667629267,0.7
2026-09-04 16:04:25,repeat_random_model.py,"(1021, 9)",858,sequential_1984,Dense 64 -> 16 -> 16 -> 128 -> 128 -> 128 -> 1,mse,adam_1984,20,128,1.4462,24351.8125,4531.26708984375,4009.71435546875,0.4209779387373055,0.7
2026-09-04 16:04:27,repeat_random_model.py,"(1021, 9)",858,sequential_1985,Dense 64 -> 16 -> 16 -> 128 -> 128 -> 64 -> 1,mse,adam_1985,20,128,1.4751,67351.5078125,5784.8046875,5577.470703125,0.19458620236246493,0.7
2026-09-04 16:04:28,repeat_random_model.py,"(1021, 9)",858,sequential_1986,Dense 64 -> 16 -> 16 -> 128 -> 128 -> 32 -> 1,mse,adam_1986,20,128,1.383,67426.2421875,5854.18603515625,6082.728515625,0.12162463810293456,0.7
2026-09-04 16:04:30,repeat_random_model.py,"(1021, 9)",858,sequential_1987,Dense 64 -> 16 -> 16 -> 128 -> 128 -> 16 -> 1,mse,adam_1987,20,128,1.4127,38149.078125,4927.58935546875,4384.6533203125,0.3668348354826031,0.7
2026-09-04 16:04:32,repeat_random_model.py,"(1021, 9)",858,sequential_1988,Dense 64 -> 16 -> 16 -> 128 -> 64 -> 128 -> 1,mse,adam_1988,20,128,1.5045,55616.0546875,5973.173828125,5772.4658203125,0.1664281892126258,0.7
2026-09-04 16:04:34,repeat_random_model.py,"(1021, 9)",858,sequential_1989,Dense 64 -> 16 -> 16 -> 128 -> 64 -> 64 -> 1,mse,adam_1989,20,128,1.4122,16857.0078125,3962.048583984375,3303.3125,0.5229857523053281,0.7
2026-09-04 16:04:35,repeat_random_model.py,"(1021, 9)",858,sequential_1990,Dense 64 -> 16 -> 16 -> 128 -> 64 -> 32 -> 1,mse,adam_1990,20,128,1.4213,35065.3515625,5653.3515625,5350.9033203125,0.22730375059461427,0.7
2026-09-04 16:04:37,repeat_random_model.py,"(1021, 9)",858,sequential_1991,Dense 64 -> 16 -> 16 -> 128 -> 64 -> 16 -> 1,mse,adam_1991,20,128,1.3832,15151.3251953125,4629.001953125,4431.7724609375,0.36003062866434077,0.7
2026-09-04 16:04:39,repeat_random_model.py,"(1021, 9)",858,sequential_1992,Dense 64 -> 16 -> 16 -> 128 -> 32 -> 128 -> 1,mse,adam_1992,20,128,1.5153,11242.8115234375,4413.98828125,3821.016845703125,0.44822672010835807,0.7
2026-09-04 16:04:40,repeat_random_model.py,"(1021, 9)",858,sequential_1993,Dense 64 -> 16 -> 16 -> 128 -> 32 -> 64 -> 1,mse,adam_1993,20,128,1.4528,44682.74609375,6462.00830078125,5925.263671875,0.14436325981141307,0.7
2026-09-04 16:04:42,repeat_random_model.py,"(1021, 9)",858,sequential_1994,Dense 64 -> 16 -> 16 -> 128 -> 32 -> 32 -> 1,mse,adam_1994,20,128,1.4607,11047.17578125,3778.569091796875,3444.89892578125,0.502539939175692,0.7
2026-09-04 16:04:44,repeat_random_model.py,"(1021, 9)",858,sequential_1995,Dense 64 -> 16 -> 16 -> 128 -> 32 -> 16 -> 1,mse,adam_1995,20,128,1.5463,30918.318359375,5746.46142578125,5344.384765625,0.2282450723909778,0.7
2026-09-04 16:04:45,repeat_random_model.py,"(1021, 9)",858,sequential_1996,Dense 64 -> 16 -> 16 -> 128 -> 16 -> 128 -> 1,mse,adam_1996,20,128,1.445,10806.8701171875,5416.28662109375,4957.177734375,0.28415960782820515,0.7
2026-09-04 16:04:47,repeat_random_model.py,"(1021, 9)",858,sequential_1997,Dense 64 -> 16 -> 16 -> 128 -> 16 -> 64 -> 1,mse,adam_1997,20,128,1.3978,9120.0400390625,3981.691650390625,3978.763916015625,0.42544730234943673,0.7
2026-09-04 16:04:49,repeat_random_model.py,"(1021, 9)",858,sequential_1998,Dense 64 -> 16 -> 16 -> 128 -> 16 -> 32 -> 1,mse,adam_1998,20,128,1.3415,20842.365234375,5814.0712890625,5723.4228515625,0.17351018542693475,0.7
2026-09-04 16:04:50,repeat_random_model.py,"(1021, 9)",858,sequential_1999,Dense 64 -> 16 -> 16 -> 128 -> 16 -> 16 -> 1,mse,adam_1999,20,128,1.344,10911.5029296875,4550.6826171875,4468.30419921875,0.35475535697249405,0.7
2026-09-04 16:04:52,repeat_random_model.py,"(1021, 9)",858,sequential_2000,Dense 64 -> 16 -> 16 -> 64 -> 128 -> 128 -> 1,mse,adam_2000,20,128,1.4907,44682.18359375,5226.6572265625,4825.55029296875,0.30316723738436235,0.7
2026-09-04 16:04:54,repeat_random_model.py,"(1021, 9)",858,sequential_2001,Dense 64 -> 16 -> 16 -> 64 -> 128 -> 64 -> 1,mse,adam_2001,20,128,1.4377,24165.435546875,5007.40380859375,4662.55078125,0.3267051196688572,0.7
2026-09-04 16:04:55,repeat_random_model.py,"(1021, 9)",858,sequential_2002,Dense 64 -> 16 -> 16 -> 64 -> 128 -> 32 -> 1,mse,adam_2002,20,128,1.4691,34527.984375,5656.171875,5360.109375,0.22597434136954864,0.7
2026-09-04 16:04:57,repeat_random_model.py,"(1021, 9)",858,sequential_2003,Dense 64 -> 16 -> 16 -> 64 -> 128 -> 16 -> 1,mse,adam_2003,20,128,1.4004,41252.65234375,5574.76220703125,5347.11376953125,0.22785101363329485,0.7
2026-09-04 16:04:59,repeat_random_model.py,"(1021, 9)",858,sequential_2004,Dense 64 -> 16 -> 16 -> 64 -> 64 -> 128 -> 1,mse,adam_2004,20,128,1.4412,12384.00390625,3094.61474609375,2923.115966796875,0.5778879730649742,0.7
2026-09-04 16:05:00,repeat_random_model.py,"(1021, 9)",858,sequential_2005,Dense 64 -> 16 -> 16 -> 64 -> 64 -> 64 -> 1,mse,adam_2005,20,128,1.5053,15997.3974609375,4601.609375,4210.501953125,0.3919831633693087,0.7
2026-09-04 16:05:02,repeat_random_model.py,"(1021, 9)",858,sequential_2006,Dense 64 -> 16 -> 16 -> 64 -> 64 -> 32 -> 1,mse,adam_2006,20,128,1.5622,17113.865234375,5037.14599609375,4944.5283203125,0.2859862823679027,0.7
2026-09-04 16:05:04,repeat_random_model.py,"(1021, 9)",858,sequential_2007,Dense 64 -> 16 -> 16 -> 64 -> 64 -> 16 -> 1,mse,adam_2007,20,128,1.4255,139248.109375,6549.76708984375,6196.1328125,0.10524847711327345,0.7
2026-09-04 16:05:06,repeat_random_model.py,"(1021, 9)",858,sequential_2008,Dense 64 -> 16 -> 16 -> 64 -> 32 -> 128 -> 1,mse,adam_2008,20,128,1.5298,11199.625,4468.89306640625,4170.8759765625,0.397705439133918,0.7
2026-09-04 16:05:07,repeat_random_model.py,"(1021, 9)",858,sequential_2009,Dense 64 -> 16 -> 16 -> 64 -> 32 -> 64 -> 1,mse,adam_2009,20,128,1.432,28430.005859375,6189.64501953125,5933.2333984375,0.14321246212280314,0.7
2026-09-04 16:05:09,repeat_random_model.py,"(1021, 9)",858,sequential_2010,Dense 64 -> 16 -> 16 -> 64 -> 32 -> 32 -> 1,mse,adam_2010,20,128,1.3687,13675.5478515625,4975.03857421875,4623.0361328125,0.33241125404619287,0.7
2026-09-04 16:05:11,repeat_random_model.py,"(1021, 9)",858,sequential_2011,Dense 64 -> 16 -> 16 -> 64 -> 32 -> 16 -> 1,mse,adam_2011,20,128,1.3551,10416.7109375,5863.55908203125,4913.56884765625,0.29045693363790936,0.7
2026-09-04 16:05:12,repeat_random_model.py,"(1021, 9)",858,sequential_2012,Dense 64 -> 16 -> 16 -> 64 -> 16 -> 128 -> 1,mse,adam_2012,20,128,1.4019,33524.671875,6012.984375,5708.537109375,0.17565964483461283,0.7
2026-09-04 16:05:14,repeat_random_model.py,"(1021, 9)",858,sequential_2013,Dense 64 -> 16 -> 16 -> 64 -> 16 -> 64 -> 1,mse,adam_2013,20,128,1.3588,26693.806640625,5943.60107421875,5752.89453125,0.16925433768831877,0.7
2026-09-04 16:05:15,repeat_random_model.py,"(1021, 9)",858,sequential_2014,Dense 64 -> 16 -> 16 -> 64 -> 16 -> 32 -> 1,mse,adam_2014,20,128,1.4222,37121.3203125,5772.55615234375,5571.9521484375,0.19538318409665545,0.7
2026-09-04 16:05:17,repeat_random_model.py,"(1021, 9)",858,sequential_2015,Dense 64 -> 16 -> 16 -> 64 -> 16 -> 16 -> 1,mse,adam_2015,20,128,1.352,23631.68359375,5538.25927734375,5370.47412109375,0.2244775861243391,0.7
2026-09-04 16:05:19,repeat_random_model.py,"(1021, 9)",858,sequential_2016,Dense 64 -> 16 -> 16 -> 32 -> 128 -> 128 -> 1,mse,adam_2016,20,128,1.507,159453.953125,5652.77783203125,5506.3974609375,0.20484956025041634,0.7
2026-09-04 16:05:20,repeat_random_model.py,"(1021, 9)",858,sequential_2017,Dense 64 -> 16 -> 16 -> 32 -> 128 -> 64 -> 1,mse,adam_2017,20,128,1.3723,116208.9453125,6149.9375,5815.21728515625,0.16025449181209483,0.7
2026-09-04 16:05:22,repeat_random_model.py,"(1021, 9)",858,sequential_2018,Dense 64 -> 16 -> 16 -> 32 -> 128 -> 32 -> 1,mse,adam_2018,20,128,1.4996,44370.125,6117.775390625,5877.20849609375,0.151302718681525,0.7
2026-09-04 16:05:24,repeat_random_model.py,"(1021, 9)",858,sequential_2019,Dense 64 -> 16 -> 16 -> 32 -> 128 -> 16 -> 1,mse,adam_2019,20,128,1.509,68377.8828125,6300.81396484375,5979.3447265625,0.13655376649682727,0.7
2026-09-04 16:05:26,repeat_random_model.py,"(1021, 9)",858,sequential_2020,Dense 64 -> 16 -> 16 -> 32 -> 64 -> 128 -> 1,mse,adam_2020,20,128,1.4598,18003.70703125,4528.21875,4467.1337890625,0.3549243204673357,0.7
2026-09-04 16:05:27,repeat_random_model.py,"(1021, 9)",858,sequential_2021,Dense 64 -> 16 -> 16 -> 32 -> 64 -> 64 -> 1,mse,adam_2021,20,128,1.4964,13124.197265625,4255.7373046875,4626.76318359375,0.3318731232600465,0.7
2026-09-04 16:05:29,repeat_random_model.py,"(1021, 9)",858,sequential_2022,Dense 64 -> 16 -> 16 -> 32 -> 64 -> 32 -> 1,mse,adam_2022,20,128,1.3721,102001.7734375,6105.8544921875,5832.203125,0.15780171657105846,0.7
2026-09-04 16:05:31,repeat_random_model.py,"(1021, 9)",858,sequential_2023,Dense 64 -> 16 -> 16 -> 32 -> 64 -> 16 -> 1,mse,adam_2023,20,128,1.3974,17971.734375,4228.76123046875,3903.590087890625,0.4363026898743221,0.7
2026-09-04 16:05:32,repeat_random_model.py,"(1021, 9)",858,sequential_2024,Dense 64 -> 16 -> 16 -> 32 -> 32 -> 128 -> 1,mse,adam_2024,20,128,1.4876,14609.25,4686.5908203125,4746.6767578125,0.3145569821829136,0.7
2026-09-04 16:05:34,repeat_random_model.py,"(1021, 9)",858,sequential_2025,Dense 64 -> 16 -> 16 -> 32 -> 32 -> 64 -> 1,mse,adam_2025,20,128,1.4543,19251.95703125,5031.21142578125,4833.68017578125,0.30199319972113636,0.7
2026-09-04 16:05:36,repeat_random_model.py,"(1021, 9)",858,sequential_2026,Dense 64 -> 16 -> 16 -> 32 -> 32 -> 32 -> 1,mse,adam_2026,20,128,1.3465,21211.501953125,5653.7080078125,6090.18017578125,0.12054856540364622,0.7
2026-09-04 16:05:37,repeat_random_model.py,"(1021, 9)",858,sequential_2027,Dense 64 -> 16 -> 16 -> 32 -> 32 -> 16 -> 1,mse,adam_2027,20,128,1.3529,12113.205078125,5029.85302734375,4800.41162109375,0.3067974487853945,0.7
2026-09-04 16:05:39,repeat_random_model.py,"(1021, 9)",858,sequential_2028,Dense 64 -> 16 -> 16 -> 32 -> 16 -> 128 -> 1,mse,adam_2028,20,128,1.4234,33437.86328125,6009.10498046875,5682.83203125,0.17937160800314234,0.7
2026-09-04 16:05:40,repeat_random_model.py,"(1021, 9)",858,sequential_2029,Dense 64 -> 16 -> 16 -> 32 -> 16 -> 64 -> 1,mse,adam_2029,20,128,1.4371,50134.9765625,6249.9267578125,5963.97412109375,0.13877336586253397,0.7
2026-09-04 16:05:42,repeat_random_model.py,"(1021, 9)",858,sequential_2030,Dense 64 -> 16 -> 16 -> 32 -> 16 -> 32 -> 1,mse,adam_2030,20,128,1.4442,10626.3994140625,3897.33740234375,4658.046875,0.32735551809274177,0.7
2026-09-04 16:05:44,repeat_random_model.py,"(1021, 9)",858,sequential_2031,Dense 64 -> 16 -> 16 -> 32 -> 16 -> 16 -> 1,mse,adam_2031,20,128,1.4267,131813.484375,6220.41943359375,5980.53076171875,0.13638239904846683,0.7
2026-09-04 16:05:46,repeat_random_model.py,"(1021, 9)",858,sequential_2032,Dense 64 -> 16 -> 16 -> 16 -> 128 -> 128 -> 1,mse,adam_2032,20,128,1.4331,11577.8427734375,3474.943115234375,3582.537109375,0.48266431881217464,0.7
2026-09-04 16:05:47,repeat_random_model.py,"(1021, 9)",858,sequential_2033,Dense 64 -> 16 -> 16 -> 16 -> 128 -> 64 -> 1,mse,adam_2033,20,128,1.4546,26601.462890625,5381.54052734375,5200.05712890625,0.24908666143738978,0.7
2026-09-04 16:05:49,repeat_random_model.py,"(1021, 9)",858,sequential_2034,Dense 64 -> 16 -> 16 -> 16 -> 128 -> 32 -> 1,mse,adam_2034,20,128,1.4342,8555.619140625,4446.71923828125,4027.405029296875,0.4184232873476803,0.7
2026-09-04 16:05:51,repeat_random_model.py,"(1021, 9)",858,sequential_2035,Dense 64 -> 16 -> 16 -> 16 -> 128 -> 16 -> 1,mse,adam_2035,20,128,1.413,88152.0234375,5617.24609375,5446.83837890625,0.21345010096394545,0.7
2026-09-04 16:05:52,repeat_random_model.py,"(1021, 9)",858,sequential_2036,Dense 64 -> 16 -> 16 -> 16 -> 64 -> 128 -> 1,mse,adam_2036,20,128,1.4356,24623.904296875,5333.10498046875,5768.91748046875,0.16694046436023557,0.7
2026-09-04 16:05:54,repeat_random_model.py,"(1021, 9)",858,sequential_2037,Dense 64 -> 16 -> 16 -> 16 -> 64 -> 64 -> 1,mse,adam_2037,20,128,1.4157,163798.65625,6474.81396484375,6140.6005859375,0.11326764777955933,0.7
2026-09-04 16:05:56,repeat_random_model.py,"(1021, 9)",858,sequential_2038,Dense 64 -> 16 -> 16 -> 16 -> 64 -> 32 -> 1,mse,adam_2038,20,128,1.4063,36055.109375,6098.76123046875,5836.61962890625,0.15716390502219346,0.7
2026-09-04 16:05:57,repeat_random_model.py,"(1021, 9)",858,sequential_2039,Dense 64 -> 16 -> 16 -> 16 -> 64 -> 16 -> 1,mse,adam_2039,20,128,1.4381,267248.3125,6286.27392578125,5979.9765625,0.13646256957690817,0.7
2026-09-04 16:05:59,repeat_random_model.py,"(1021, 9)",858,sequential_2040,Dense 64 -> 16 -> 16 -> 16 -> 32 -> 128 -> 1,mse,adam_2040,20,128,1.4382,19414.416015625,4575.03271484375,4241.7373046875,0.38747269549177576,0.7
2026-09-04 16:06:01,repeat_random_model.py,"(1021, 9)",858,sequential_2041,Dense 64 -> 16 -> 16 -> 16 -> 32 -> 64 -> 1,mse,adam_2041,20,128,1.4116,18023.353515625,5770.4990234375,5574.36962890625,0.19503414464832203,0.7
2026-09-04 16:06:02,repeat_random_model.py,"(1021, 9)",858,sequential_2042,Dense 64 -> 16 -> 16 -> 16 -> 32 -> 32 -> 1,mse,adam_2042,20,128,1.3907,13299.154296875,4689.16845703125,4255.908203125,0.38542629127173866,0.7
2026-09-04 16:06:04,repeat_random_model.py,"(1021, 9)",858,sequential_2043,Dense 64 -> 16 -> 16 -> 16 -> 32 -> 16 -> 1,mse,adam_2043,20,128,1.3754,16102.8203125,5531.72900390625,5648.9560546875,0.18426345577947045,0.7
2026-09-04 16:06:05,repeat_random_model.py,"(1021, 9)",858,sequential_2044,Dense 64 -> 16 -> 16 -> 16 -> 16 -> 128 -> 1,mse,adam_2044,20,128,1.3735,21852.966796875,5028.111328125,4836.5517578125,0.30157855945262035,0.7
2026-09-04 16:06:07,repeat_random_model.py,"(1021, 9)",858,sequential_2045,Dense 64 -> 16 -> 16 -> 16 -> 16 -> 64 -> 1,mse,adam_2045,20,128,1.3853,26894.283203125,5554.27197265625,5387.4716796875,0.22202312040141725,0.7
2026-09-04 16:06:09,repeat_random_model.py,"(1021, 9)",858,sequential_2046,Dense 64 -> 16 -> 16 -> 16 -> 16 -> 32 -> 1,mse,adam_2046,20,128,1.3989,245306.609375,6382.97998046875,6024.41650390625,0.13004517242857738,0.7
2026-09-04 16:06:11,repeat_random_model.py,"(1021, 9)",858,sequential_2047,Dense 64 -> 16 -> 16 -> 16 -> 16 -> 16 -> 1,mse,adam_2047,20,128,1.554,42673.3515625,5618.57958984375,5406.888671875,0.21921921548065493,0.7
2026-09-04 16:06:12,repeat_random_model.py,"(1021, 9)",858,sequential_2048,Dense 32 -> 128 -> 128 -> 128 -> 128 -> 128 -> 1,mse,adam_2048,20,128,1.5035,145901.96875,5979.78515625,5690.22900390625,0.17830352937421967,0.7
2026-09-04 16:06:14,repeat_random_model.py,"(1021, 9)",858,sequential_2049,Dense 32 -> 128 -> 128 -> 128 -> 128 -> 64 -> 1,mse,adam_2049,20,128,1.4765,254304.96875,6282.04736328125,6019.95703125,0.13068912100150698,0.7
2026-09-04 16:06:16,repeat_random_model.py,"(1021, 9)",858,sequential_2050,Dense 32 -> 128 -> 128 -> 128 -> 128 -> 32 -> 1,mse,adam_2050,20,128,1.6106,279491.4375,6108.048828125,5913.73193359375,0.14602861018032876,0.7
2026-09-04 16:06:18,repeat_random_model.py,"(1021, 9)",858,sequential_2051,Dense 32 -> 128 -> 128 -> 128 -> 128 -> 16 -> 1,mse,adam_2051,20,128,1.555,165527.234375,5622.85888671875,5362.66455078125,0.22560542407308048,0.7
2026-09-04 16:06:19,repeat_random_model.py,"(1021, 9)",858,sequential_2052,Dense 32 -> 128 -> 128 -> 128 -> 64 -> 128 -> 1,mse,adam_2052,20,128,1.468,142918.71875,6216.42822265625,6014.41845703125,0.13148894519973608,0.7
2026-09-04 16:06:21,repeat_random_model.py,"(1021, 9)",858,sequential_2053,Dense 32 -> 128 -> 128 -> 128 -> 64 -> 64 -> 1,mse,adam_2053,20,128,1.4875,261300.53125,6103.76708984375,5824.67236328125,0.15888922913248493,0.7
2026-09-04 16:06:23,repeat_random_model.py,"(1021, 9)",858,sequential_2054,Dense 32 -> 128 -> 128 -> 128 -> 64 -> 32 -> 1,mse,adam_2054,20,128,1.4791,175356.5625,6157.958984375,5992.65869140625,0.13463125103819606,0.7
2026-09-04 16:06:25,repeat_random_model.py,"(1021, 9)",858,sequential_2055,Dense 32 -> 128 -> 128 -> 128 -> 64 -> 16 -> 1,mse,adam_2055,20,128,1.4803,165206.109375,6062.482421875,5824.3076171875,0.15894189409805226,0.7
2026-09-04 16:06:26,repeat_random_model.py,"(1021, 9)",858,sequential_2056,Dense 32 -> 128 -> 128 -> 128 -> 32 -> 128 -> 1,mse,adam_2056,20,128,1.4827,76671.5078125,6205.01611328125,5860.95263671875,0.153650166389813,0.7
2026-09-04 16:06:28,repeat_random_model.py,"(1021, 9)",858,sequential_2057,Dense 32 -> 128 -> 128 -> 128 -> 32 -> 64 -> 1,mse,adam_2057,20,128,1.5634,165180.96875,6209.57958984375,5899.5078125,0.14808256468422198,0.7
2026-09-04 16:06:30,repeat_random_model.py,"(1021, 9)",858,sequential_2058,Dense 32 -> 128 -> 128 -> 128 -> 32 -> 32 -> 1,mse,adam_2058,20,128,1.6429,158603.671875,5923.50048828125,5670.76904296875,0.18111366732310463,0.7
2026-09-04 16:06:32,repeat_random_model.py,"(1021, 9)",858,sequential_2059,Dense 32 -> 128 -> 128 -> 128 -> 32 -> 16 -> 1,mse,adam_2059,20,128,1.5163,253162.140625,5952.55322265625,5758.9931640625,0.1683736056609667,0.7
2026-09-04 16:06:33,repeat_random_model.py,"(1021, 9)",858,sequential_2060,Dense 32 -> 128 -> 128 -> 128 -> 16 -> 128 -> 1,mse,adam_2060,20,128,1.4466,58771.92578125,6197.7314453125,6004.744140625,0.1328859225696305,0.7
2026-09-04 16:06:35,repeat_random_model.py,"(1021, 9)",858,sequential_2061,Dense 32 -> 128 -> 128 -> 128 -> 16 -> 64 -> 1,mse,adam_2061,20,128,1.4226,108881.953125,6115.82080078125,5980.54736328125,0.13638014718091251,0.7
2026-09-04 16:06:37,repeat_random_model.py,"(1021, 9)",858,sequential_2062,Dense 32 -> 128 -> 128 -> 128 -> 16 -> 32 -> 1,mse,adam_2062,20,128,1.3877,31415.015625,5738.68115234375,5517.95849609375,0.20318020710608653,0.7
2026-09-04 16:06:38,repeat_random_model.py,"(1021, 9)",858,sequential_2063,Dense 32 -> 128 -> 128 -> 128 -> 16 -> 16 -> 1,mse,adam_2063,20,128,1.3917,129461.328125,6087.20703125,5946.7744140625,0.14125714118925248,0.7
2026-09-04 16:06:40,repeat_random_model.py,"(1021, 9)",858,sequential_2064,Dense 32 -> 128 -> 128 -> 64 -> 128 -> 128 -> 1,mse,adam_2064,20,128,1.5858,320577.34375,6345.21044921875,6034.65966796875,0.1285659871205943,0.7
2026-09-04 16:06:44,repeat_random_model.py,"(1021, 9)",858,sequential_2065,Dense 32 -> 128 -> 128 -> 64 -> 128 -> 64 -> 1,mse,adam_2065,20,128,2.8718,217088.03125,6050.6962890625,5800.38623046875,0.162396242923031,0.7
2026-09-04 16:06:53,repeat_random_model.py,"(1021, 9)",858,sequential_2066,Dense 32 -> 128 -> 128 -> 64 -> 128 -> 32 -> 1,mse,adam_2066,20,128,7.2491,184220.109375,6088.67724609375,5899.931640625,0.14802137686667505,0.7
2026-09-04 16:06:55,repeat_random_model.py,"(1021, 9)",858,sequential_2067,Dense 32 -> 128 -> 128 -> 64 -> 128 -> 16 -> 1,mse,adam_2067,20,128,1.5296,152963.625,5824.24365234375,5544.80126953125,0.19930398514165293,0.7
2026-09-04 16:06:57,repeat_random_model.py,"(1021, 9)",858,sequential_2068,Dense 32 -> 128 -> 128 -> 64 -> 64 -> 128 -> 1,mse,adam_2068,20,128,1.3946,58808.12109375,5734.38623046875,5191.59326171875,0.250308920695003,0.7
2026-09-04 16:06:58,repeat_random_model.py,"(1021, 9)",858,sequential_2069,Dense 32 -> 128 -> 128 -> 64 -> 64 -> 64 -> 1,mse,adam_2069,20,128,1.4148,164833.390625,6094.55810546875,5895.07177734375,0.1487232311562916,0.7
2026-09-04 16:07:00,repeat_random_model.py,"(1021, 9)",858,sequential_2070,Dense 32 -> 128 -> 128 -> 64 -> 64 -> 32 -> 1,mse,adam_2070,20,128,1.4292,93008.7578125,5428.46923828125,5237.0849609375,0.24373972045963233,0.7
2026-09-04 16:07:02,repeat_random_model.py,"(1021, 9)",858,sequential_2071,Dense 32 -> 128 -> 128 -> 64 -> 64 -> 16 -> 1,mse,adam_2071,20,128,1.3849,251262.359375,5997.9033203125,5832.537109375,0.15775355161745352,0.7
2026-09-04 16:07:03,repeat_random_model.py,"(1021, 9)",858,sequential_2072,Dense 32 -> 128 -> 128 -> 64 -> 32 -> 128 -> 1,mse,adam_2072,20,128,1.5288,90963.96875,6149.69140625,5919.4013671875,0.1452099262979475,0.7
2026-09-04 16:07:05,repeat_random_model.py,"(1021, 9)",858,sequential_2073,Dense 32 -> 128 -> 128 -> 64 -> 32 -> 64 -> 1,mse,adam_2073,20,128,1.4256,42187.2109375,5772.68994140625,5586.544921875,0.19327589031570402,0.7
2026-09-04 16:07:07,repeat_random_model.py,"(1021, 9)",858,sequential_2074,Dense 32 -> 128 -> 128 -> 64 -> 32 -> 32 -> 1,mse,adam_2074,20,128,1.3921,107634.703125,6053.90380859375,5793.11767578125,0.16344595520759986,0.7
2026-09-04 16:07:08,repeat_random_model.py,"(1021, 9)",858,sequential_2075,Dense 32 -> 128 -> 128 -> 64 -> 32 -> 16 -> 1,mse,adam_2075,20,128,1.4538,274493.0625,6355.888671875,6075.25341796875,0.1227042461606167,0.7
2026-09-04 16:07:10,repeat_random_model.py,"(1021, 9)",858,sequential_2076,Dense 32 -> 128 -> 128 -> 64 -> 16 -> 128 -> 1,mse,adam_2076,20,128,1.4344,70678.40625,6086.02001953125,5770.79248046875,0.1666697468552265,0.7
2026-09-04 16:07:12,repeat_random_model.py,"(1021, 9)",858,sequential_2077,Dense 32 -> 128 -> 128 -> 64 -> 16 -> 64 -> 1,mse,adam_2077,20,128,1.3775,91507.0703125,6180.0322265625,5905.7421875,0.14718244284406057,0.7
2026-09-04 16:07:14,repeat_random_model.py,"(1021, 9)",858,sequential_2078,Dense 32 -> 128 -> 128 -> 64 -> 16 -> 32 -> 1,mse,adam_2078,20,128,2.1479,70949.3828125,6283.708984375,5991.60888671875,0.13478270120622815,0.7
2026-09-04 16:07:16,repeat_random_model.py,"(1021, 9)",858,sequential_2079,Dense 32 -> 128 -> 128 -> 64 -> 16 -> 16 -> 1,mse,adam_2079,20,128,1.3823,158735.890625,6225.9716796875,5943.08056640625,0.1417905399214313,0.7
2026-09-04 16:07:17,repeat_random_model.py,"(1021, 9)",858,sequential_2080,Dense 32 -> 128 -> 128 -> 32 -> 128 -> 128 -> 1,mse,adam_2080,20,128,1.3946,72439.3046875,5613.6796875,5421.32177734375,0.21713497154480155,0.7
2026-09-04 16:07:19,repeat_random_model.py,"(1021, 9)",858,sequential_2081,Dense 32 -> 128 -> 128 -> 32 -> 128 -> 64 -> 1,mse,adam_2081,20,128,1.4977,36368.765625,5579.330078125,6130.19189453125,0.11477073318890663,0.7
2026-09-04 16:07:21,repeat_random_model.py,"(1021, 9)",858,sequential_2082,Dense 32 -> 128 -> 128 -> 32 -> 128 -> 32 -> 1,mse,adam_2082,20,128,1.4248,136789.015625,6156.87890625,5845.65087890625,0.15585978449076754,0.7
2026-09-04 16:07:22,repeat_random_model.py,"(1021, 9)",858,sequential_2083,Dense 32 -> 128 -> 128 -> 32 -> 128 -> 16 -> 1,mse,adam_2083,20,128,1.5128,57132.0703125,5617.86865234375,5351.9150390625,0.2271576822527952,0.7
2026-09-04 16:07:24,repeat_random_model.py,"(1021, 9)",858,sequential_2084,Dense 32 -> 128 -> 128 -> 32 -> 64 -> 128 -> 1,mse,adam_2084,20,128,1.4367,106578.0859375,6118.6611328125,5933.93017578125,0.14311176772519751,0.7
2026-09-04 16:07:26,repeat_random_model.py,"(1021, 9)",858,sequential_2085,Dense 32 -> 128 -> 128 -> 32 -> 64 -> 64 -> 1,mse,adam_2085,20,128,1.4192,104928.6953125,6286.26416015625,6029.5166015625,0.12930875376501472,0.7
2026-09-04 16:07:27,repeat_random_model.py,"(1021, 9)",858,sequential_2086,Dense 32 -> 128 -> 128 -> 32 -> 64 -> 32 -> 1,mse,adam_2086,20,128,1.4002,81150.6015625,6337.37109375,5946.51806640625,0.14129405676732731,0.7
2026-09-04 16:07:29,repeat_random_model.py,"(1021, 9)",858,sequential_2087,Dense 32 -> 128 -> 128 -> 32 -> 64 -> 16 -> 1,mse,adam_2087,20,128,1.5033,73711.359375,6093.46630859375,5927.92333984375,0.14397926793588423,0.7
2026-09-04 16:07:31,repeat_random_model.py,"(1021, 9)",858,sequential_2088,Dense 32 -> 128 -> 128 -> 32 -> 32 -> 128 -> 1,mse,adam_2088,20,128,1.4596,56463.77734375,5577.07568359375,5456.58447265625,0.212042841006015,0.7
2026-09-04 16:07:33,repeat_random_model.py,"(1021, 9)",858,sequential_2089,Dense 32 -> 128 -> 128 -> 32 -> 32 -> 64 -> 1,mse,adam_2089,20,128,1.4461,36227.76953125,5665.78271484375,5272.37744140625,0.23864335494283762,0.7
2026-09-04 16:07:34,repeat_random_model.py,"(1021, 9)",858,sequential_2090,Dense 32 -> 128 -> 128 -> 32 -> 32 -> 32 -> 1,mse,adam_2090,20,128,1.6007,83688.703125,6329.361328125,6029.8837890625,0.12925570265617392,0.7
2026-09-04 16:07:36,repeat_random_model.py,"(1021, 9)",858,sequential_2091,Dense 32 -> 128 -> 128 -> 32 -> 32 -> 16 -> 1,mse,adam_2091,20,128,1.4753,67784.359375,5612.650390625,5329.1005859375,0.23045219551773233,0.7
2026-09-04 16:07:38,repeat_random_model.py,"(1021, 9)",858,sequential_2092,Dense 32 -> 128 -> 128 -> 32 -> 16 -> 128 -> 1,mse,adam_2092,20,128,1.5413,35630.69921875,6056.20703125,5825.0546875,0.15883398464855614,0.7
2026-09-04 16:07:40,repeat_random_model.py,"(1021, 9)",858,sequential_2093,Dense 32 -> 128 -> 128 -> 32 -> 16 -> 64 -> 1,mse,adam_2093,20,128,1.4386,23764.015625,5774.62646484375,5564.443359375,0.1964674441089348,0.7
2026-09-04 16:07:41,repeat_random_model.py,"(1021, 9)",858,sequential_2094,Dense 32 -> 128 -> 128 -> 32 -> 16 -> 32 -> 1,mse,adam_2094,20,128,1.3955,48522.0859375,6245.6201171875,5942.4853515625,0.1418764650123111,0.7
2026-09-04 16:07:43,repeat_random_model.py,"(1021, 9)",858,sequential_2095,Dense 32 -> 128 -> 128 -> 32 -> 16 -> 16 -> 1,mse,adam_2095,20,128,1.4576,96189.0,6110.50830078125,5873.5087890625,0.15183700703013947,0.7
2026-09-04 16:07:45,repeat_random_model.py,"(1021, 9)",858,sequential_2096,Dense 32 -> 128 -> 128 -> 16 -> 128 -> 128 -> 1,mse,adam_2096,20,128,1.4166,28316.38671875,5836.18603515625,4573.0517578125,0.3396292632662611,0.7
2026-09-04 16:07:46,repeat_random_model.py,"(1021, 9)",858,sequential_2097,Dense 32 -> 128 -> 128 -> 16 -> 128 -> 64 -> 1,mse,adam_2097,20,128,1.3925,35726.5625,6306.6708984375,6284.009765625,0.09255862870816556,0.7
2026-09-04 16:07:48,repeat_random_model.py,"(1021, 9)",858,sequential_2098,Dense 32 -> 128 -> 128 -> 16 -> 128 -> 32 -> 1,mse,adam_2098,20,128,1.4411,42185.2421875,5892.037109375,5556.33837890625,0.19763799652188085,0.7
2026-09-04 16:07:50,repeat_random_model.py,"(1021, 9)",858,sequential_2099,Dense 32 -> 128 -> 128 -> 16 -> 128 -> 16 -> 1,mse,adam_2099,20,128,1.3861,48122.86328125,6423.017578125,6178.36767578125,0.10781396508461472,0.7
2026-09-04 16:07:51,repeat_random_model.py,"(1021, 9)",858,sequential_2100,Dense 32 -> 128 -> 128 -> 16 -> 64 -> 128 -> 1,mse,adam_2100,20,128,1.3783,21612.48046875,5920.9501953125,4663.2099609375,0.3266099940899365,0.7
2026-09-04 16:07:53,repeat_random_model.py,"(1021, 9)",858,sequential_2101,Dense 32 -> 128 -> 128 -> 16 -> 64 -> 64 -> 1,mse,adam_2101,20,128,1.384,48482.8203125,6195.6240234375,5957.25,0.1397443963121603,0.7
2026-09-04 16:07:55,repeat_random_model.py,"(1021, 9)",858,sequential_2102,Dense 32 -> 128 -> 128 -> 16 -> 64 -> 32 -> 1,mse,adam_2102,20,128,1.4674,20909.203125,5727.57666015625,5457.14990234375,0.2119611061207265,0.7
2026-09-04 16:07:56,repeat_random_model.py,"(1021, 9)",858,sequential_2103,Dense 32 -> 128 -> 128 -> 16 -> 64 -> 16 -> 1,mse,adam_2103,20,128,1.4911,60458.24609375,6121.0634765625,5903.0478515625,0.14757134255744886,0.7
2026-09-04 16:07:58,repeat_random_model.py,"(1021, 9)",858,sequential_2104,Dense 32 -> 128 -> 128 -> 16 -> 32 -> 128 -> 1,mse,adam_2104,20,128,1.4282,32599.06640625,6326.013671875,5924.77685546875,0.14443371986795306,0.7
2026-09-04 16:08:00,repeat_random_model.py,"(1021, 9)",858,sequential_2105,Dense 32 -> 128 -> 128 -> 16 -> 32 -> 64 -> 1,mse,adam_2105,20,128,1.5812,45349.02734375,6177.6552734375,5843.9052734375,0.15611187039505614,0.7
2026-09-04 16:08:02,repeat_random_model.py,"(1021, 9)",858,sequential_2106,Dense 32 -> 128 -> 128 -> 16 -> 32 -> 32 -> 1,mse,adam_2106,20,128,1.5729,55348.68359375,5818.12158203125,5410.4013671875,0.21871189311833705,0.7
2026-09-04 16:08:03,repeat_random_model.py,"(1021, 9)",858,sequential_2107,Dense 32 -> 128 -> 128 -> 16 -> 32 -> 16 -> 1,mse,adam_2107,20,128,1.4853,65685.1875,5544.98046875,5252.193359375,0.24155789852160925,0.7
2026-09-04 16:08:27,repeat_random_model.py,"(1021, 9)",858,sequential_2108,Dense 32 -> 128 -> 128 -> 16 -> 16 -> 128 -> 1,mse,adam_2108,20,128,23.6662,18141.28515625,5836.38720703125,5748.68798828125,0.1698618087176207,0.7
2026-09-04 16:08:29,repeat_random_model.py,"(1021, 9)",858,sequential_2109,Dense 32 -> 128 -> 128 -> 16 -> 16 -> 64 -> 1,mse,adam_2109,20,128,1.718,89508.7421875,6235.0732421875,5923.1826171875,0.144663876592536,0.7
2026-09-04 16:08:31,repeat_random_model.py,"(1021, 9)",858,sequential_2110,Dense 32 -> 128 -> 128 -> 16 -> 16 -> 32 -> 1,mse,adam_2110,20,128,1.6897,108707.6484375,6165.46875,6053.70947265625,0.12581510957639952,0.7
2026-09-04 16:08:33,repeat_random_model.py,"(1021, 9)",858,sequential_2111,Dense 32 -> 128 -> 128 -> 16 -> 16 -> 16 -> 1,mse,adam_2111,20,128,1.6311,222453.875,6292.70263671875,5990.88623046875,0.13488711589508795,0.7
2026-09-04 16:08:36,repeat_random_model.py,"(1021, 9)",858,sequential_2112,Dense 32 -> 128 -> 64 -> 128 -> 128 -> 128 -> 1,mse,adam_2112,20,128,2.2637,177530.453125,5942.5498046875,5674.76806640625,0.18053609058727638,0.7
2026-09-04 16:08:38,repeat_random_model.py,"(1021, 9)",858,sequential_2113,Dense 32 -> 128 -> 64 -> 128 -> 128 -> 64 -> 1,mse,adam_2113,20,128,1.9255,98759.7265625,5637.75048828125,5329.39453125,0.23040973345442006,0.7
2026-09-04 16:08:40,repeat_random_model.py,"(1021, 9)",858,sequential_2114,Dense 32 -> 128 -> 64 -> 128 -> 128 -> 32 -> 1,mse,adam_2114,20,128,1.9682,243492.171875,6192.2880859375,5938.07763671875,0.1425130162011251,0.7
2026-09-04 16:08:42,repeat_random_model.py,"(1021, 9)",858,sequential_2115,Dense 32 -> 128 -> 64 -> 128 -> 128 -> 16 -> 1,mse,adam_2115,20,128,1.8211,209109.390625,5757.80224609375,5552.64892578125,0.1981706829897666,0.7
2026-09-04 16:08:44,repeat_random_model.py,"(1021, 9)",858,sequential_2116,Dense 32 -> 128 -> 64 -> 128 -> 64 -> 128 -> 1,mse,adam_2116,20,128,1.7528,54544.859375,6091.0107421875,5823.96875,0.15899094717957507,0.7
2026-09-04 16:08:46,repeat_random_model.py,"(1021, 9)",858,sequential_2117,Dense 32 -> 128 -> 64 -> 128 -> 64 -> 64 -> 1,mse,adam_2117,20,128,1.6887,115375.359375,6158.48681640625,6055.0751953125,0.12561799868557955,0.7
2026-09-04 16:08:48,repeat_random_model.py,"(1021, 9)",858,sequential_2118,Dense 32 -> 128 -> 64 -> 128 -> 64 -> 32 -> 1,mse,adam_2118,20,128,1.6323,245554.5,5862.25048828125,5678.14599609375,0.18004827353932173,0.7
2026-09-04 16:08:50,repeat_random_model.py,"(1021, 9)",858,sequential_2119,Dense 32 -> 128 -> 64 -> 128 -> 64 -> 16 -> 1,mse,adam_2119,20,128,1.6538,162607.625,6162.83349609375,5912.14501953125,0.1462576802364277,0.7
2026-09-04 16:08:52,repeat_random_model.py,"(1021, 9)",858,sequential_2120,Dense 32 -> 128 -> 64 -> 128 -> 32 -> 128 -> 1,mse,adam_2120,20,128,1.7521,18690.806640625,5148.23193359375,4754.3525390625,0.31344857497944967,0.7
2026-09-04 16:08:54,repeat_random_model.py,"(1021, 9)",858,sequential_2121,Dense 32 -> 128 -> 64 -> 128 -> 32 -> 64 -> 1,mse,adam_2121,20,128,1.7738,42700.94140625,5954.07958984375,5912.33154296875,0.14623084556952182,0.7
2026-09-04 16:08:56,repeat_random_model.py,"(1021, 9)",858,sequential_2122,Dense 32 -> 128 -> 64 -> 128 -> 32 -> 32 -> 1,mse,adam_2122,20,128,1.7209,139489.0,6213.2490234375,5979.125,0.1365854751525708,0.7
2026-09-04 16:08:58,repeat_random_model.py,"(1021, 9)",858,sequential_2123,Dense 32 -> 128 -> 64 -> 128 -> 32 -> 16 -> 1,mse,adam_2123,20,128,1.702,73110.875,6026.3154296875,5810.22216796875,0.1609759938720703,0.7
2026-09-04 16:09:00,repeat_random_model.py,"(1021, 9)",858,sequential_2124,Dense 32 -> 128 -> 64 -> 128 -> 16 -> 128 -> 1,mse,adam_2124,20,128,1.6922,22568.017578125,6483.1728515625,6288.5400390625,0.09190449998032768,0.7
2026-09-04 16:09:02,repeat_random_model.py,"(1021, 9)",858,sequential_2125,Dense 32 -> 128 -> 64 -> 128 -> 16 -> 64 -> 1,mse,adam_2125,20,128,1.5697,51587.9140625,5702.27001953125,5518.3720703125,0.20312050650644586,0.7
2026-09-04 16:09:04,repeat_random_model.py,"(1021, 9)",858,sequential_2126,Dense 32 -> 128 -> 64 -> 128 -> 16 -> 32 -> 1,mse,adam_2126,20,128,1.6371,34049.34765625,5333.30029296875,5141.43994140625,0.25755121959599236,0.7
2026-09-04 16:09:06,repeat_random_model.py,"(1021, 9)",858,sequential_2127,Dense 32 -> 128 -> 64 -> 128 -> 16 -> 16 -> 1,mse,adam_2127,20,128,1.5751,56939.42578125,5091.43115234375,4971.314453125,0.28211828910854264,0.7
2026-09-04 16:09:08,repeat_random_model.py,"(1021, 9)",858,sequential_2128,Dense 32 -> 128 -> 64 -> 64 -> 128 -> 128 -> 1,mse,adam_2128,20,128,1.7942,124736.59375,5986.826171875,5946.64794921875,0.14127524215630094,0.7
2026-09-04 16:09:10,repeat_random_model.py,"(1021, 9)",858,sequential_2129,Dense 32 -> 128 -> 64 -> 64 -> 128 -> 64 -> 1,mse,adam_2129,20,128,1.6338,138814.140625,5840.25537109375,5586.80712890625,0.19323817171134394,0.7
2026-09-04 16:09:12,repeat_random_model.py,"(1021, 9)",858,sequential_2130,Dense 32 -> 128 -> 64 -> 64 -> 128 -> 32 -> 1,mse,adam_2130,20,128,1.6593,125912.265625,5896.48779296875,5636.0234375,0.18613103784926321,0.7
2026-09-04 16:09:13,repeat_random_model.py,"(1021, 9)",858,sequential_2131,Dense 32 -> 128 -> 64 -> 64 -> 128 -> 16 -> 1,mse,adam_2131,20,128,1.6535,45998.69921875,5381.3984375,4958.2412109375,0.2840059845931252,0.7
2026-09-04 16:09:15,repeat_random_model.py,"(1021, 9)",858,sequential_2132,Dense 32 -> 128 -> 64 -> 64 -> 64 -> 128 -> 1,mse,adam_2132,20,128,1.5938,109585.875,6395.5302734375,6086.99755859375,0.12100818022403936,0.7
2026-09-04 16:09:17,repeat_random_model.py,"(1021, 9)",858,sequential_2133,Dense 32 -> 128 -> 64 -> 64 -> 64 -> 64 -> 1,mse,adam_2133,20,128,1.555,182391.1875,6399.89208984375,6129.6923828125,0.11484290914877837,0.7
2026-09-04 16:09:19,repeat_random_model.py,"(1021, 9)",858,sequential_2134,Dense 32 -> 128 -> 64 -> 64 -> 64 -> 32 -> 1,mse,adam_2134,20,128,1.5802,67577.9375,5747.3720703125,5491.77490234375,0.20696118572800626,0.7
2026-09-04 16:09:21,repeat_random_model.py,"(1021, 9)",858,sequential_2135,Dense 32 -> 128 -> 64 -> 64 -> 64 -> 16 -> 1,mse,adam_2135,20,128,1.5368,85720.8046875,6412.984375,6135.19677734375,0.11404798316930453,0.7
2026-09-04 16:09:23,repeat_random_model.py,"(1021, 9)",858,sequential_2136,Dense 32 -> 128 -> 64 -> 64 -> 32 -> 128 -> 1,mse,adam_2136,20,128,1.5817,17940.61328125,5961.38818359375,5515.4560546875,0.20354149385327736,0.7
2026-09-04 16:09:24,repeat_random_model.py,"(1021, 9)",858,sequential_2137,Dense 32 -> 128 -> 64 -> 64 -> 32 -> 64 -> 1,mse,adam_2137,20,128,1.5299,37202.65625,6154.5341796875,6439.869140625,0.0700517675896305,0.7
2026-09-04 16:09:26,repeat_random_model.py,"(1021, 9)",858,sequential_2138,Dense 32 -> 128 -> 64 -> 64 -> 32 -> 32 -> 1,mse,adam_2138,20,128,1.5861,36869.26953125,5444.18017578125,5016.54150390625,0.2755872262933329,0.7
2026-09-04 16:09:28,repeat_random_model.py,"(1021, 9)",858,sequential_2139,Dense 32 -> 128 -> 64 -> 64 -> 32 -> 16 -> 1,mse,adam_2139,20,128,1.533,86230.9453125,5698.97265625,5494.4287109375,0.2065780266389282,0.7
2026-09-04 16:09:30,repeat_random_model.py,"(1021, 9)",858,sequential_2140,Dense 32 -> 128 -> 64 -> 64 -> 16 -> 128 -> 1,mse,adam_2140,20,128,1.5761,61200.6484375,5919.71630859375,5711.07177734375,0.17529362578862118,0.7
2026-09-04 16:09:32,repeat_random_model.py,"(1021, 9)",858,sequential_2141,Dense 32 -> 128 -> 64 -> 64 -> 16 -> 64 -> 1,mse,adam_2141,20,128,1.5774,27433.873046875,5690.275390625,5443.0966796875,0.2139905339785827,0.7
2026-09-04 16:09:33,repeat_random_model.py,"(1021, 9)",858,sequential_2142,Dense 32 -> 128 -> 64 -> 64 -> 16 -> 32 -> 1,mse,adam_2142,20,128,1.4933,106792.4921875,5923.390625,5691.44287109375,0.17812811750591628,0.7
2026-09-04 16:09:35,repeat_random_model.py,"(1021, 9)",858,sequential_2143,Dense 32 -> 128 -> 64 -> 64 -> 16 -> 16 -> 1,mse,adam_2143,20,128,1.4922,180225.375,6407.48291015625,6182.9287109375,0.10715522260273269,0.7
2026-09-04 16:09:37,repeat_random_model.py,"(1021, 9)",858,sequential_2144,Dense 32 -> 128 -> 64 -> 32 -> 128 -> 128 -> 1,mse,adam_2144,20,128,1.689,78677.8515625,6046.02734375,5543.73779296875,0.19945746881677384,0.7
2026-09-04 16:09:39,repeat_random_model.py,"(1021, 9)",858,sequential_2145,Dense 32 -> 128 -> 64 -> 32 -> 128 -> 64 -> 1,mse,adam_2145,20,128,1.6773,126864.5859375,5918.9990234375,5672.74365234375,0.1808284739962207,0.7
2026-09-04 16:09:41,repeat_random_model.py,"(1021, 9)",858,sequential_2146,Dense 32 -> 128 -> 64 -> 32 -> 128 -> 32 -> 1,mse,adam_2146,20,128,1.5534,37743.01171875,5390.88916015625,5214.13818359375,0.24705322477796865,0.7
2026-09-04 16:09:43,repeat_random_model.py,"(1021, 9)",858,sequential_2147,Dense 32 -> 128 -> 64 -> 32 -> 128 -> 16 -> 1,mse,adam_2147,20,128,1.5242,68510.1171875,5945.45947265625,5721.94189453125,0.17372399940105987,0.7
2026-09-04 16:09:44,repeat_random_model.py,"(1021, 9)",858,sequential_2148,Dense 32 -> 128 -> 64 -> 32 -> 64 -> 128 -> 1,mse,adam_2148,20,128,1.5426,38652.80859375,6069.802734375,5810.95556640625,0.1608699188084899,0.7
2026-09-04 16:09:46,repeat_random_model.py,"(1021, 9)",858,sequential_2149,Dense 32 -> 128 -> 64 -> 32 -> 64 -> 64 -> 1,mse,adam_2149,20,128,1.5906,24823.576171875,5795.91455078125,5472.1708984375,0.20979216894816344,0.7
2026-09-04 16:09:48,repeat_random_model.py,"(1021, 9)",858,sequential_2150,Dense 32 -> 128 -> 64 -> 32 -> 64 -> 32 -> 1,mse,adam_2150,20,128,1.5273,50010.5625,5857.25537109375,5565.13427734375,0.19636781758969413,0.7
2026-09-04 16:09:50,repeat_random_model.py,"(1021, 9)",858,sequential_2151,Dense 32 -> 128 -> 64 -> 32 -> 64 -> 16 -> 1,mse,adam_2151,20,128,1.4855,102147.1015625,6138.7548828125,5804.10595703125,0.16185903456572914,0.7
2026-09-04 16:09:52,repeat_random_model.py,"(1021, 9)",858,sequential_2152,Dense 32 -> 128 -> 64 -> 32 -> 32 -> 128 -> 1,mse,adam_2152,20,128,1.55,49199.90234375,6071.33349609375,5728.15966796875,0.17282616337700996,0.7
2026-09-04 16:09:53,repeat_random_model.py,"(1021, 9)",858,sequential_2153,Dense 32 -> 128 -> 64 -> 32 -> 32 -> 64 -> 1,mse,adam_2153,20,128,1.511,24700.529296875,5939.68701171875,5441.7373046875,0.21418691428234693,0.7
2026-09-04 16:09:55,repeat_random_model.py,"(1021, 9)",858,sequential_2154,Dense 32 -> 128 -> 64 -> 32 -> 32 -> 32 -> 1,mse,adam_2154,20,128,1.5449,43870.203125,6070.27294921875,5769.70263671875,0.1668270875776816,0.7
2026-09-04 16:09:57,repeat_random_model.py,"(1021, 9)",858,sequential_2155,Dense 32 -> 128 -> 64 -> 32 -> 32 -> 16 -> 1,mse,adam_2155,20,128,1.5284,33036.859375,5875.33984375,5722.7490234375,0.17360746768637703,0.7
2026-09-04 16:09:59,repeat_random_model.py,"(1021, 9)",858,sequential_2156,Dense 32 -> 128 -> 64 -> 32 -> 16 -> 128 -> 1,mse,adam_2156,20,128,1.6367,36070.18359375,5802.8798828125,5545.919921875,0.1991423654993607,0.7
2026-09-04 16:10:00,repeat_random_model.py,"(1021, 9)",858,sequential_2157,Dense 32 -> 128 -> 64 -> 32 -> 16 -> 64 -> 1,mse,adam_2157,20,128,1.5251,106511.390625,6392.9560546875,6060.65185546875,0.12481265271984765,0.7
2026-09-04 16:10:02,repeat_random_model.py,"(1021, 9)",858,sequential_2158,Dense 32 -> 128 -> 64 -> 32 -> 16 -> 32 -> 1,mse,adam_2158,20,128,1.5065,219767.640625,6501.9404296875,6220.03173828125,0.10179739963908119,0.7
2026-09-04 16:10:04,repeat_random_model.py,"(1021, 9)",858,sequential_2159,Dense 32 -> 128 -> 64 -> 32 -> 16 -> 16 -> 1,mse,adam_2159,20,128,1.4624,27173.515625,6052.72998046875,5687.7900390625,0.17865570299843536,0.7
2026-09-04 16:10:06,repeat_random_model.py,"(1021, 9)",858,sequential_2160,Dense 32 -> 128 -> 64 -> 16 -> 128 -> 128 -> 1,mse,adam_2160,20,128,1.6204,74513.625,7121.89599609375,5863.15185546875,0.153332585778034,0.7
2026-09-04 16:10:08,repeat_random_model.py,"(1021, 9)",858,sequential_2161,Dense 32 -> 128 -> 64 -> 16 -> 128 -> 64 -> 1,mse,adam_2161,20,128,1.5546,48709.20703125,5723.7607421875,5375.6513671875,0.22373001984487795,0.7
2026-09-04 16:10:09,repeat_random_model.py,"(1021, 9)",858,sequential_2162,Dense 32 -> 128 -> 64 -> 16 -> 128 -> 32 -> 1,mse,adam_2162,20,128,1.526,51055.35546875,6202.26318359375,5920.69921875,0.1450224040095519,0.7
2026-09-04 16:10:11,repeat_random_model.py,"(1021, 9)",858,sequential_2163,Dense 32 -> 128 -> 64 -> 16 -> 128 -> 16 -> 1,mse,adam_2163,20,128,1.4782,58522.89453125,6138.302734375,5807.14404296875,0.16142036287409411,0.7
2026-09-04 16:10:13,repeat_random_model.py,"(1021, 9)",858,sequential_2164,Dense 32 -> 128 -> 64 -> 16 -> 64 -> 128 -> 1,mse,adam_2164,20,128,1.6304,59289.02734375,6372.51904296875,6809.00634765625,0.016746665577882403,0.7
2026-09-04 16:10:15,repeat_random_model.py,"(1021, 9)",858,sequential_2165,Dense 32 -> 128 -> 64 -> 16 -> 64 -> 64 -> 1,mse,adam_2165,20,128,1.5588,49488.5234375,5985.7255859375,5947.0634765625,0.14121536427977688,0.7
2026-09-04 16:10:17,repeat_random_model.py,"(1021, 9)",858,sequential_2166,Dense 32 -> 128 -> 64 -> 16 -> 64 -> 32 -> 1,mse,adam_2166,20,128,1.4852,122031.6171875,6111.53564453125,5816.8740234375,0.16001533457941663,0.7
2026-09-04 16:10:18,repeat_random_model.py,"(1021, 9)",858,sequential_2167,Dense 32 -> 128 -> 64 -> 16 -> 64 -> 16 -> 1,mse,adam_2167,20,128,1.5212,43279.5625,6140.27099609375,5874.31640625,0.15172041786127044,0.7
2026-09-04 16:10:20,repeat_random_model.py,"(1021, 9)",858,sequential_2168,Dense 32 -> 128 -> 64 -> 16 -> 32 -> 128 -> 1,mse,adam_2168,20,128,1.561,31243.52734375,5861.35009765625,5330.36279296875,0.23026986824165452,0.7
2026-09-04 16:10:22,repeat_random_model.py,"(1021, 9)",858,sequential_2169,Dense 32 -> 128 -> 64 -> 16 -> 32 -> 64 -> 1,mse,adam_2169,20,128,1.533,30631.45703125,6204.2666015625,6034.806640625,0.12854475948175426,0.7
2026-09-04 16:10:24,repeat_random_model.py,"(1021, 9)",858,sequential_2170,Dense 32 -> 128 -> 64 -> 16 -> 32 -> 32 -> 1,mse,adam_2170,20,128,1.5685,143110.8125,6341.5458984375,6025.34765625,0.12991069132837885,0.7
2026-09-04 16:10:26,repeat_random_model.py,"(1021, 9)",858,sequential_2171,Dense 32 -> 128 -> 64 -> 16 -> 32 -> 16 -> 1,mse,adam_2171,20,128,1.548,44729.0078125,5880.43896484375,5679.53857421875,0.1798472320599901,0.7
2026-09-04 16:10:27,repeat_random_model.py,"(1021, 9)",858,sequential_2172,Dense 32 -> 128 -> 64 -> 16 -> 16 -> 128 -> 1,mse,adam_2172,20,128,1.5056,22118.806640625,5922.8115234375,5606.43505859375,0.19040376949410398,0.7
2026-09-04 16:10:29,repeat_random_model.py,"(1021, 9)",858,sequential_2173,Dense 32 -> 128 -> 64 -> 16 -> 16 -> 64 -> 1,mse,adam_2173,20,128,1.5395,18640.865234375,5895.16796875,5777.541015625,0.16569528665741673,0.7
2026-09-04 16:10:31,repeat_random_model.py,"(1021, 9)",858,sequential_2174,Dense 32 -> 128 -> 64 -> 16 -> 16 -> 32 -> 1,mse,adam_2174,20,128,1.4744,73569.4140625,5753.24462890625,5534.81982421875,0.20074547078597194,0.7
2026-09-04 16:10:33,repeat_random_model.py,"(1021, 9)",858,sequential_2175,Dense 32 -> 128 -> 64 -> 16 -> 16 -> 16 -> 1,mse,adam_2175,20,128,1.4731,113149.8359375,6354.82666015625,5965.287109375,0.13858383503227145,0.7
2026-09-04 16:10:34,repeat_random_model.py,"(1021, 9)",858,sequential_2176,Dense 32 -> 128 -> 32 -> 128 -> 128 -> 128 -> 1,mse,adam_2176,20,128,1.5599,51456.73828125,5467.25146484375,5382.48876953125,0.22274270128392393,0.7
2026-09-04 16:10:36,repeat_random_model.py,"(1021, 9)",858,sequential_2177,Dense 32 -> 128 -> 32 -> 128 -> 128 -> 64 -> 1,mse,adam_2177,20,128,1.5742,92799.2890625,5488.01123046875,5260.640625,0.24033816320066836,0.7
2026-09-04 16:10:38,repeat_random_model.py,"(1021, 9)",858,sequential_2178,Dense 32 -> 128 -> 32 -> 128 -> 128 -> 32 -> 1,mse,adam_2178,20,128,1.5512,61576.94921875,5986.32373046875,5729.7353515625,0.17259867257782235,0.7
2026-09-04 16:10:40,repeat_random_model.py,"(1021, 9)",858,sequential_2179,Dense 32 -> 128 -> 32 -> 128 -> 128 -> 16 -> 1,mse,adam_2179,20,128,1.6062,117112.546875,6280.0146484375,5984.05419921875,0.1358738026077786,0.7
2026-09-04 16:10:42,repeat_random_model.py,"(1021, 9)",858,sequential_2180,Dense 32 -> 128 -> 32 -> 128 -> 64 -> 128 -> 1,mse,adam_2180,20,128,1.5721,58221.29296875,6185.33203125,5713.306640625,0.17497094514255085,0.7
2026-09-04 16:10:44,repeat_random_model.py,"(1021, 9)",858,sequential_2181,Dense 32 -> 128 -> 32 -> 128 -> 64 -> 64 -> 1,mse,adam_2181,20,128,1.562,41680.50390625,5503.57958984375,5298.44873046875,0.23487849380600845,0.7
2026-09-04 16:10:45,repeat_random_model.py,"(1021, 9)",858,sequential_2182,Dense 32 -> 128 -> 32 -> 128 -> 64 -> 32 -> 1,mse,adam_2182,20,128,1.5535,143374.0,6071.6708984375,5841.07568359375,0.15652053593922455,0.7
2026-09-04 16:10:47,repeat_random_model.py,"(1021, 9)",858,sequential_2183,Dense 32 -> 128 -> 32 -> 128 -> 64 -> 16 -> 1,mse,adam_2183,20,128,1.5267,54241.4296875,5805.396484375,5532.9365234375,0.2010173139071213,0.7
2026-09-04 16:10:49,repeat_random_model.py,"(1021, 9)",858,sequential_2184,Dense 32 -> 128 -> 32 -> 128 -> 32 -> 128 -> 1,mse,adam_2184,20,128,1.6476,42092.5234375,5877.70654296875,5686.63037109375,0.1788232315736169,0.7
2026-09-04 16:10:51,repeat_random_model.py,"(1021, 9)",858,sequential_2185,Dense 32 -> 128 -> 32 -> 128 -> 32 -> 64 -> 1,mse,adam_2185,20,128,1.5268,53595.61328125,6301.609375,5912.99267578125,0.14613530954656162,0.7
2026-09-04 16:10:53,repeat_random_model.py,"(1021, 9)",858,sequential_2186,Dense 32 -> 128 -> 32 -> 128 -> 32 -> 32 -> 1,mse,adam_2186,20,128,1.4857,77432.4765625,6280.64892578125,6026.12255859375,0.12979889822199098,0.7
2026-09-04 16:10:54,repeat_random_model.py,"(1021, 9)",858,sequential_2187,Dense 32 -> 128 -> 32 -> 128 -> 32 -> 16 -> 1,mse,adam_2187,20,128,1.4877,46761.7578125,6069.93359375,5754.51806640625,0.16901984416720406,0.7
2026-09-04 16:10:56,repeat_random_model.py,"(1021, 9)",858,sequential_2188,Dense 32 -> 128 -> 32 -> 128 -> 16 -> 128 -> 1,mse,adam_2188,20,128,1.4715,22182.494140625,6069.2509765625,5920.98193359375,0.14498166570962512,0.7
2026-09-04 16:10:58,repeat_random_model.py,"(1021, 9)",858,sequential_2189,Dense 32 -> 128 -> 32 -> 128 -> 16 -> 64 -> 1,mse,adam_2189,20,128,1.5367,80460.8671875,6189.30224609375,5948.8076171875,0.14096356509565977,0.7
2026-09-04 16:11:00,repeat_random_model.py,"(1021, 9)",858,sequential_2190,Dense 32 -> 128 -> 32 -> 128 -> 16 -> 32 -> 1,mse,adam_2190,20,128,1.5668,34142.515625,5684.810546875,5950.8037109375,0.1406752317799541,0.7
2026-09-04 16:11:01,repeat_random_model.py,"(1021, 9)",858,sequential_2191,Dense 32 -> 128 -> 32 -> 128 -> 16 -> 16 -> 1,mse,adam_2191,20,128,1.4621,24407.71875,6269.68310546875,5382.1025390625,0.2227983468878808,0.7
2026-09-04 16:11:03,repeat_random_model.py,"(1021, 9)",858,sequential_2192,Dense 32 -> 128 -> 32 -> 64 -> 128 -> 128 -> 1,mse,adam_2192,20,128,1.5283,37455.69921875,5491.59228515625,5930.91796875,0.14354682089975235,0.7
2026-09-04 16:11:05,repeat_random_model.py,"(1021, 9)",858,sequential_2193,Dense 32 -> 128 -> 32 -> 64 -> 128 -> 64 -> 1,mse,adam_2193,20,128,1.5733,56030.9140625,6239.9150390625,5644.75927734375,0.1848694239921963,0.7
2026-09-04 16:11:07,repeat_random_model.py,"(1021, 9)",858,sequential_2194,Dense 32 -> 128 -> 32 -> 64 -> 128 -> 32 -> 1,mse,adam_2194,20,128,1.5887,37074.5234375,5838.12451171875,5554.23583984375,0.19794155275392034,0.7
2026-09-04 16:11:09,repeat_random_model.py,"(1021, 9)",858,sequential_2195,Dense 32 -> 128 -> 32 -> 64 -> 128 -> 16 -> 1,mse,adam_2195,20,128,1.4619,181638.765625,6512.654296875,6102.85888671875,0.1187177042461629,0.7
2026-09-04 16:11:10,repeat_random_model.py,"(1021, 9)",858,sequential_2196,Dense 32 -> 128 -> 32 -> 64 -> 64 -> 128 -> 1,mse,adam_2196,20,128,1.493,56551.234375,6091.396484375,5821.68701171875,0.1593202472062305,0.7
2026-09-04 16:11:12,repeat_random_model.py,"(1021, 9)",858,sequential_2197,Dense 32 -> 128 -> 32 -> 64 -> 64 -> 64 -> 1,mse,adam_2197,20,128,1.4715,48777.546875,6111.13427734375,5956.17138671875,0.13990007007551664,0.7
2026-09-04 16:11:14,repeat_random_model.py,"(1021, 9)",858,sequential_2198,Dense 32 -> 128 -> 32 -> 64 -> 64 -> 32 -> 1,mse,adam_2198,20,128,1.4567,55089.06640625,5866.4853515625,5860.33984375,0.15373861119263332,0.7
2026-09-04 16:11:15,repeat_random_model.py,"(1021, 9)",858,sequential_2199,Dense 32 -> 128 -> 32 -> 64 -> 64 -> 16 -> 1,mse,adam_2199,20,128,1.4932,155802.484375,6108.103515625,5758.3759765625,0.16846268232290784,0.7
2026-09-04 16:11:17,repeat_random_model.py,"(1021, 9)",858,sequential_2200,Dense 32 -> 128 -> 32 -> 64 -> 32 -> 128 -> 1,mse,adam_2200,20,128,1.4716,41261.9609375,5886.1953125,5674.31005859375,0.18060234086071014,0.7
2026-09-04 16:11:19,repeat_random_model.py,"(1021, 9)",858,sequential_2201,Dense 32 -> 128 -> 32 -> 64 -> 32 -> 64 -> 1,mse,adam_2201,20,128,1.4732,60196.6328125,5997.22119140625,5763.654296875,0.16770049809632392,0.7
2026-09-04 16:11:21,repeat_random_model.py,"(1021, 9)",858,sequential_2202,Dense 32 -> 128 -> 32 -> 64 -> 32 -> 32 -> 1,mse,adam_2202,20,128,1.5951,64248.1484375,6079.68896484375,5731.19384765625,0.17238787396782174,0.7
2026-09-04 16:11:22,repeat_random_model.py,"(1021, 9)",858,sequential_2203,Dense 32 -> 128 -> 32 -> 64 -> 32 -> 16 -> 1,mse,adam_2203,20,128,1.4532,23616.892578125,5567.9345703125,5345.7900390625,0.2280420177071728,0.7
2026-09-04 16:11:24,repeat_random_model.py,"(1021, 9)",858,sequential_2204,Dense 32 -> 128 -> 32 -> 64 -> 16 -> 128 -> 1,mse,adam_2204,20,128,1.4556,14923.2392578125,5386.32080078125,5053.3515625,0.27027167727294177,0.7
2026-09-04 16:11:26,repeat_random_model.py,"(1021, 9)",858,sequential_2205,Dense 32 -> 128 -> 32 -> 64 -> 16 -> 64 -> 1,mse,adam_2205,20,128,1.4808,43679.8359375,6325.064453125,5957.75,0.13967217293050938,0.7
2026-09-04 16:11:28,repeat_random_model.py,"(1021, 9)",858,sequential_2206,Dense 32 -> 128 -> 32 -> 64 -> 16 -> 32 -> 1,mse,adam_2206,20,128,1.4617,32594.25390625,5885.5048828125,5506.34423828125,0.20485725074480277,0.7
2026-09-04 16:11:29,repeat_random_model.py,"(1021, 9)",858,sequential_2207,Dense 32 -> 128 -> 32 -> 64 -> 16 -> 16 -> 1,mse,adam_2207,20,128,1.5367,49843.2265625,6168.052734375,5930.24755859375,0.14364362010846998,0.7
2026-09-04 16:11:31,repeat_random_model.py,"(1021, 9)",858,sequential_2208,Dense 32 -> 128 -> 32 -> 32 -> 128 -> 128 -> 1,mse,adam_2208,20,128,1.527,24055.021484375,6946.96533203125,4786.228515625,0.3088456006042354,0.7
2026-09-04 16:11:33,repeat_random_model.py,"(1021, 9)",858,sequential_2209,Dense 32 -> 128 -> 32 -> 32 -> 128 -> 64 -> 1,mse,adam_2209,20,128,1.6291,42166.5,5634.34326171875,5357.6240234375,0.22633327691586436,0.7
2026-09-04 16:11:35,repeat_random_model.py,"(1021, 9)",858,sequential_2210,Dense 32 -> 128 -> 32 -> 32 -> 128 -> 32 -> 1,mse,adam_2210,20,128,1.4646,38529.23046875,5454.86328125,5215.1328125,0.24690959959781067,0.7
2026-09-04 16:11:36,repeat_random_model.py,"(1021, 9)",858,sequential_2211,Dense 32 -> 128 -> 32 -> 32 -> 128 -> 16 -> 1,mse,adam_2211,20,128,1.505,21456.4453125,5833.5595703125,5921.837890625,0.14485799277901823,0.7
2026-09-04 16:11:38,repeat_random_model.py,"(1021, 9)",858,sequential_2212,Dense 32 -> 128 -> 32 -> 32 -> 64 -> 128 -> 1,mse,adam_2212,20,128,1.4974,44128.41796875,5930.869140625,5737.54052734375,0.17147153316072383,0.7
2026-09-04 16:11:40,repeat_random_model.py,"(1021, 9)",858,sequential_2213,Dense 32 -> 128 -> 32 -> 32 -> 64 -> 64 -> 1,mse,adam_2213,20,128,1.476,63993.2109375,6007.5595703125,5780.73974609375,0.1652333952285281,0.7
2026-09-04 16:11:42,repeat_random_model.py,"(1021, 9)",858,sequential_2214,Dense 32 -> 128 -> 32 -> 32 -> 64 -> 32 -> 1,mse,adam_2214,20,128,1.4375,22598.537109375,5287.75244140625,5636.3837890625,0.1860790267334903,0.7
2026-09-04 16:11:43,repeat_random_model.py,"(1021, 9)",858,sequential_2215,Dense 32 -> 128 -> 32 -> 32 -> 64 -> 16 -> 1,mse,adam_2215,20,128,1.495,51533.0859375,5988.53955078125,5620.84228515625,0.18832322373625898,0.7
2026-09-04 16:11:45,repeat_random_model.py,"(1021, 9)",858,sequential_2216,Dense 32 -> 128 -> 32 -> 32 -> 32 -> 128 -> 1,mse,adam_2216,20,128,1.4898,27048.01953125,6393.42626953125,5769.10693359375,0.16691314083672526,0.7
2026-09-04 16:11:47,repeat_random_model.py,"(1021, 9)",858,sequential_2217,Dense 32 -> 128 -> 32 -> 32 -> 32 -> 64 -> 1,mse,adam_2217,20,128,1.4336,49247.72265625,5776.546875,5605.416015625,0.19055081215114644,0.7
2026-09-04 16:11:48,repeat_random_model.py,"(1021, 9)",858,sequential_2218,Dense 32 -> 128 -> 32 -> 32 -> 32 -> 32 -> 1,mse,adam_2218,20,128,1.4427,24373.38671875,5729.6279296875,5725.46533203125,0.17321519240501826,0.7
2026-09-04 16:11:50,repeat_random_model.py,"(1021, 9)",858,sequential_2219,Dense 32 -> 128 -> 32 -> 32 -> 32 -> 16 -> 1,mse,adam_2219,20,128,1.4197,82999.75,6109.51220703125,5894.1171875,0.14886101485812264,0.7
2026-09-04 16:11:52,repeat_random_model.py,"(1021, 9)",858,sequential_2220,Dense 32 -> 128 -> 32 -> 32 -> 16 -> 128 -> 1,mse,adam_2220,20,128,1.3907,12601.310546875,5606.669921875,6136.10205078125,0.11391729637341763,0.7
2026-09-04 16:11:53,repeat_random_model.py,"(1021, 9)",858,sequential_2221,Dense 32 -> 128 -> 32 -> 32 -> 16 -> 64 -> 1,mse,adam_2221,20,128,1.3934,49249.17578125,6006.12939453125,5719.130859375,0.17412989009813962,0.7
2026-09-04 16:11:55,repeat_random_model.py,"(1021, 9)",858,sequential_2222,Dense 32 -> 128 -> 32 -> 32 -> 16 -> 32 -> 1,mse,adam_2222,20,128,1.5013,85303.9609375,6362.04833984375,6079.064453125,0.12215367467923288,0.7
2026-09-04 16:11:57,repeat_random_model.py,"(1021, 9)",858,sequential_2223,Dense 32 -> 128 -> 32 -> 32 -> 16 -> 16 -> 1,mse,adam_2223,20,128,1.4162,545100.625,6085.64794921875,5890.15283203125,0.149433486818761,0.7
2026-09-04 16:11:58,repeat_random_model.py,"(1021, 9)",858,sequential_2224,Dense 32 -> 128 -> 32 -> 16 -> 128 -> 128 -> 1,mse,adam_2224,20,128,1.4675,31752.7890625,5432.36474609375,5121.69970703125,0.26040180192575846,0.7
2026-09-04 16:12:00,repeat_random_model.py,"(1021, 9)",858,sequential_2225,Dense 32 -> 128 -> 32 -> 16 -> 128 -> 64 -> 1,mse,adam_2225,20,128,1.484,27170.427734375,6049.9462890625,6157.07373046875,0.11088882114337506,0.7
2026-09-04 16:12:02,repeat_random_model.py,"(1021, 9)",858,sequential_2226,Dense 32 -> 128 -> 32 -> 16 -> 128 -> 32 -> 1,mse,adam_2226,20,128,1.458,39438.5546875,6230.80712890625,5659.181640625,0.1827869443447131,0.7
2026-09-04 16:12:04,repeat_random_model.py,"(1021, 9)",858,sequential_2227,Dense 32 -> 128 -> 32 -> 16 -> 128 -> 16 -> 1,mse,adam_2227,20,128,1.5109,34571.265625,6198.052734375,5875.26318359375,0.15158358058906274,0.7
2026-09-04 16:12:05,repeat_random_model.py,"(1021, 9)",858,sequential_2228,Dense 32 -> 128 -> 32 -> 16 -> 64 -> 128 -> 1,mse,adam_2228,20,128,1.5183,33583.484375,5952.09033203125,5771.0029296875,0.16663937867008294,0.7
2026-09-04 16:12:07,repeat_random_model.py,"(1021, 9)",858,sequential_2229,Dense 32 -> 128 -> 32 -> 16 -> 64 -> 64 -> 1,mse,adam_2229,20,128,1.4334,36238.60546875,6018.72216796875,5778.77001953125,0.16551774775798522,0.7
2026-09-04 16:12:09,repeat_random_model.py,"(1021, 9)",858,sequential_2230,Dense 32 -> 128 -> 32 -> 16 -> 64 -> 32 -> 1,mse,adam_2230,20,128,1.3943,19063.3671875,5772.49755859375,5335.39990234375,0.2295425679293026,0.7
2026-09-04 16:12:11,repeat_random_model.py,"(1021, 9)",858,sequential_2231,Dense 32 -> 128 -> 32 -> 16 -> 64 -> 16 -> 1,mse,adam_2231,20,128,1.5424,14100.876953125,4957.60107421875,4663.2978515625,0.3265972413138364,0.7
2026-09-04 16:12:12,repeat_random_model.py,"(1021, 9)",858,sequential_2232,Dense 32 -> 128 -> 32 -> 16 -> 32 -> 128 -> 1,mse,adam_2232,20,128,1.425,22503.52734375,5667.7822265625,5830.1552734375,0.1580973826566071,0.7
2026-09-04 16:12:14,repeat_random_model.py,"(1021, 9)",858,sequential_2233,Dense 32 -> 128 -> 32 -> 16 -> 32 -> 64 -> 1,mse,adam_2233,20,128,1.4694,19023.234375,4607.890625,4364.81787109375,0.36969927089149435,0.7
2026-09-04 16:12:16,repeat_random_model.py,"(1021, 9)",858,sequential_2234,Dense 32 -> 128 -> 32 -> 16 -> 32 -> 32 -> 1,mse,adam_2234,20,128,1.4566,30204.41796875,6291.6474609375,5930.50634765625,0.14360630849744682,0.7
2026-09-04 16:12:17,repeat_random_model.py,"(1021, 9)",858,sequential_2235,Dense 32 -> 128 -> 32 -> 16 -> 32 -> 16 -> 1,mse,adam_2235,20,128,1.3939,11850.119140625,5049.669921875,5035.24755859375,0.2728859778535486,0.7
2026-09-04 16:12:19,repeat_random_model.py,"(1021, 9)",858,sequential_2236,Dense 32 -> 128 -> 32 -> 16 -> 16 -> 128 -> 1,mse,adam_2236,20,128,1.4833,12528.87109375,5941.0966796875,5711.96533203125,0.17516459184852584,0.7
2026-09-04 16:12:21,repeat_random_model.py,"(1021, 9)",858,sequential_2237,Dense 32 -> 128 -> 32 -> 16 -> 16 -> 64 -> 1,mse,adam_2237,20,128,1.4711,16443.88671875,6480.15771484375,6198.2353515625,0.10494502199547384,0.7
2026-09-04 16:12:22,repeat_random_model.py,"(1021, 9)",858,sequential_2238,Dense 32 -> 128 -> 32 -> 16 -> 16 -> 32 -> 1,mse,adam_2238,20,128,1.4851,14484.6806640625,5253.212890625,5272.11865234375,0.23868057962963696,0.7
2026-09-04 16:12:24,repeat_random_model.py,"(1021, 9)",858,sequential_2239,Dense 32 -> 128 -> 32 -> 16 -> 16 -> 16 -> 1,mse,adam_2239,20,128,1.3894,77866.625,6262.04248046875,6024.60546875,0.13001780610803138,0.7
2026-09-04 16:12:26,repeat_random_model.py,"(1021, 9)",858,sequential_2240,Dense 32 -> 128 -> 16 -> 128 -> 128 -> 128 -> 1,mse,adam_2240,20,128,1.5706,39721.04296875,5818.24267578125,5326.83251953125,0.2307796091096197,0.7
2026-09-04 16:12:28,repeat_random_model.py,"(1021, 9)",858,sequential_2241,Dense 32 -> 128 -> 16 -> 128 -> 128 -> 64 -> 1,mse,adam_2241,20,128,1.4758,45933.8515625,5855.939453125,5679.5576171875,0.17984450490478188,0.7
2026-09-04 16:12:29,repeat_random_model.py,"(1021, 9)",858,sequential_2242,Dense 32 -> 128 -> 16 -> 128 -> 128 -> 32 -> 1,mse,adam_2242,20,128,1.5843,25154.64453125,5164.40283203125,6005.28515625,0.13280772561838883,0.7
2026-09-04 16:12:31,repeat_random_model.py,"(1021, 9)",858,sequential_2243,Dense 32 -> 128 -> 16 -> 128 -> 128 -> 16 -> 1,mse,adam_2243,20,128,1.6201,55589.12890625,5954.97412109375,5697.55126953125,0.17724619390258933,0.7
2026-09-04 16:12:33,repeat_random_model.py,"(1021, 9)",858,sequential_2244,Dense 32 -> 128 -> 16 -> 128 -> 64 -> 128 -> 1,mse,adam_2244,20,128,1.4884,58683.5234375,6072.03466796875,5890.44189453125,0.14939176095543727,0.7
2026-09-04 16:12:35,repeat_random_model.py,"(1021, 9)",858,sequential_2245,Dense 32 -> 128 -> 16 -> 128 -> 64 -> 64 -> 1,mse,adam_2245,20,128,1.4587,47658.0625,6096.91162109375,5904.01318359375,0.14743207989102125,0.7
2026-09-04 16:12:36,repeat_random_model.py,"(1021, 9)",858,sequential_2246,Dense 32 -> 128 -> 16 -> 128 -> 64 -> 32 -> 1,mse,adam_2246,20,128,1.3698,19614.166015625,5881.98486328125,5628.87451171875,0.18716328101598545,0.7
2026-09-04 16:12:38,repeat_random_model.py,"(1021, 9)",858,sequential_2247,Dense 32 -> 128 -> 16 -> 128 -> 64 -> 16 -> 1,mse,adam_2247,20,128,1.4854,31972.853515625,5638.35888671875,5263.2021484375,0.23996822015223374,0.7
2026-09-04 16:12:40,repeat_random_model.py,"(1021, 9)",858,sequential_2248,Dense 32 -> 128 -> 16 -> 128 -> 32 -> 128 -> 1,mse,adam_2248,20,128,1.4662,11535.1337890625,4368.93408203125,3940.552734375,0.4309651609592111,0.7
2026-09-04 16:12:41,repeat_random_model.py,"(1021, 9)",858,sequential_2249,Dense 32 -> 128 -> 16 -> 128 -> 32 -> 64 -> 1,mse,adam_2249,20,128,1.483,16925.107421875,5892.1650390625,6006.3046875,0.13266060991219697,0.7
2026-09-04 16:12:43,repeat_random_model.py,"(1021, 9)",858,sequential_2250,Dense 32 -> 128 -> 16 -> 128 -> 32 -> 32 -> 1,mse,adam_2250,20,128,1.4716,30115.98828125,5713.05126953125,5414.17822265625,0.21816645133389667,0.7
2026-09-04 16:12:45,repeat_random_model.py,"(1021, 9)",858,sequential_2251,Dense 32 -> 128 -> 16 -> 128 -> 32 -> 16 -> 1,mse,adam_2251,20,128,1.4668,23123.951171875,6061.04150390625,5243.65771484375,0.24279057288197115,0.7
2026-09-04 16:12:47,repeat_random_model.py,"(1021, 9)",858,sequential_2252,Dense 32 -> 128 -> 16 -> 128 -> 16 -> 128 -> 1,mse,adam_2252,20,128,1.4657,13535.0283203125,5558.22998046875,5320.845703125,0.2316442565844118,0.7
2026-09-04 16:12:48,repeat_random_model.py,"(1021, 9)",858,sequential_2253,Dense 32 -> 128 -> 16 -> 128 -> 16 -> 64 -> 1,mse,adam_2253,20,128,1.4561,12354.8115234375,5911.4189453125,5953.21875,0.1403264113337288,0.7
2026-09-04 16:12:50,repeat_random_model.py,"(1021, 9)",858,sequential_2254,Dense 32 -> 128 -> 16 -> 128 -> 16 -> 32 -> 1,mse,adam_2254,20,128,1.4509,13291.0888671875,5029.662109375,4616.560546875,0.3333464392842749,0.7
2026-09-04 16:12:52,repeat_random_model.py,"(1021, 9)",858,sequential_2255,Dense 32 -> 128 -> 16 -> 128 -> 16 -> 16 -> 1,mse,adam_2255,20,128,1.4684,35683.375,6261.6826171875,5991.841796875,0.1347492051364556,0.7
2026-09-04 16:12:54,repeat_random_model.py,"(1021, 9)",858,sequential_2256,Dense 32 -> 128 -> 16 -> 64 -> 128 -> 128 -> 1,mse,adam_2256,20,128,1.6099,83460.7734375,6016.4375,5993.06640625,0.13457236132601702,0.7
2026-09-04 16:12:55,repeat_random_model.py,"(1021, 9)",858,sequential_2257,Dense 32 -> 128 -> 16 -> 64 -> 128 -> 64 -> 1,mse,adam_2257,20,128,1.3834,34921.234375,5976.79443359375,5664.42822265625,0.18202929214305008,0.7
2026-09-04 16:12:57,repeat_random_model.py,"(1021, 9)",858,sequential_2258,Dense 32 -> 128 -> 16 -> 64 -> 128 -> 32 -> 1,mse,adam_2258,20,128,1.3859,39901.09765625,6244.798828125,5863.60693359375,0.15326694135149177,0.7
2026-09-04 16:12:58,repeat_random_model.py,"(1021, 9)",858,sequential_2259,Dense 32 -> 128 -> 16 -> 64 -> 128 -> 16 -> 1,mse,adam_2259,20,128,1.3924,55191.11328125,5755.7890625,5626.49755859375,0.1875065207073625,0.7
2026-09-04 16:13:00,repeat_random_model.py,"(1021, 9)",858,sequential_2260,Dense 32 -> 128 -> 16 -> 64 -> 64 -> 128 -> 1,mse,adam_2260,20,128,1.403,45872.6484375,6144.8896484375,5934.47265625,0.14303343067106666,0.7
2026-09-04 16:13:02,repeat_random_model.py,"(1021, 9)",858,sequential_2261,Dense 32 -> 128 -> 16 -> 64 -> 64 -> 64 -> 1,mse,adam_2261,20,128,1.4083,39932.23828125,6044.86474609375,5780.853515625,0.16521690026328462,0.7
2026-09-04 16:13:03,repeat_random_model.py,"(1021, 9)",858,sequential_2262,Dense 32 -> 128 -> 16 -> 64 -> 64 -> 32 -> 1,mse,adam_2262,20,128,1.4046,65202.8203125,6395.75439453125,6042.58544921875,0.12742156047981124,0.7
2026-09-04 16:13:05,repeat_random_model.py,"(1021, 9)",858,sequential_2263,Dense 32 -> 128 -> 16 -> 64 -> 64 -> 16 -> 1,mse,adam_2263,20,128,1.4761,77956.53125,5956.318359375,5781.62548828125,0.16510531662498962,0.7
2026-09-04 16:13:07,repeat_random_model.py,"(1021, 9)",858,sequential_2264,Dense 32 -> 128 -> 16 -> 64 -> 32 -> 128 -> 1,mse,adam_2264,20,128,1.3713,30769.37109375,6158.69482421875,6403.55078125,0.07529629018398976,0.7
2026-09-04 16:13:08,repeat_random_model.py,"(1021, 9)",858,sequential_2265,Dense 32 -> 128 -> 16 -> 64 -> 32 -> 64 -> 1,mse,adam_2265,20,128,1.3785,49618.44140625,6038.07177734375,6271.55615234375,0.09435704531652156,0.7
2026-09-04 16:13:10,repeat_random_model.py,"(1021, 9)",858,sequential_2266,Dense 32 -> 128 -> 16 -> 64 -> 32 -> 32 -> 1,mse,adam_2266,20,128,1.3883,57558.77734375,5933.92333984375,5678.23779296875,0.18003500100137715,0.7
2026-09-04 16:13:12,repeat_random_model.py,"(1021, 9)",858,sequential_2267,Dense 32 -> 128 -> 16 -> 64 -> 32 -> 16 -> 1,mse,adam_2267,20,128,1.4332,23223.841796875,5471.56494140625,5321.06982421875,0.2316119527410614,0.7
2026-09-04 16:13:13,repeat_random_model.py,"(1021, 9)",858,sequential_2268,Dense 32 -> 128 -> 16 -> 64 -> 16 -> 128 -> 1,mse,adam_2268,20,128,1.4203,10069.0576171875,4166.2470703125,3898.19580078125,0.43708173509707415,0.7
2026-09-04 16:13:15,repeat_random_model.py,"(1021, 9)",858,sequential_2269,Dense 32 -> 128 -> 16 -> 64 -> 16 -> 64 -> 1,mse,adam_2269,20,128,1.4226,51872.7578125,6503.44384765625,6134.560546875,0.1141399298542376,0.7
2026-09-04 16:13:17,repeat_random_model.py,"(1021, 9)",858,sequential_2270,Dense 32 -> 128 -> 16 -> 64 -> 16 -> 32 -> 1,mse,adam_2270,20,128,1.4521,15354.12890625,6222.259765625,5998.06201171875,0.13385086031117022,0.7
2026-09-04 16:13:18,repeat_random_model.py,"(1021, 9)",858,sequential_2271,Dense 32 -> 128 -> 16 -> 64 -> 16 -> 16 -> 1,mse,adam_2271,20,128,1.4416,20923.083984375,5899.09423828125,5654.86865234375,0.18340964520877123,0.7
2026-09-04 16:13:20,repeat_random_model.py,"(1021, 9)",858,sequential_2272,Dense 32 -> 128 -> 16 -> 32 -> 128 -> 128 -> 1,mse,adam_2272,20,128,1.5533,22200.958984375,4310.685546875,3228.06103515625,0.5338524492729915,0.7
2026-09-04 16:13:22,repeat_random_model.py,"(1021, 9)",858,sequential_2273,Dense 32 -> 128 -> 16 -> 32 -> 128 -> 64 -> 1,mse,adam_2273,20,128,1.4655,42325.41796875,5730.91162109375,5483.86865234375,0.20810292043638923,0.7
2026-09-04 16:13:24,repeat_random_model.py,"(1021, 9)",858,sequential_2274,Dense 32 -> 128 -> 16 -> 32 -> 128 -> 32 -> 1,mse,adam_2274,20,128,1.5056,25761.783203125,5711.33056640625,5482.03125,0.20836829913492827,0.7
2026-09-04 16:13:25,repeat_random_model.py,"(1021, 9)",858,sequential_2275,Dense 32 -> 128 -> 16 -> 32 -> 128 -> 16 -> 1,mse,adam_2275,20,128,1.4389,49298.0078125,6261.47265625,5980.05126953125,0.13645170778896265,0.7
2026-09-04 16:13:27,repeat_random_model.py,"(1021, 9)",858,sequential_2276,Dense 32 -> 128 -> 16 -> 32 -> 64 -> 128 -> 1,mse,adam_2276,20,128,1.4511,23975.5625,5937.90771484375,5700.81103515625,0.17677528390221753,0.7
2026-09-04 16:13:29,repeat_random_model.py,"(1021, 9)",858,sequential_2277,Dense 32 -> 128 -> 16 -> 32 -> 64 -> 64 -> 1,mse,adam_2277,20,128,1.452,113050.84375,6403.3857421875,6063.15625,0.12445088191495102,0.7
2026-09-04 16:13:30,repeat_random_model.py,"(1021, 9)",858,sequential_2278,Dense 32 -> 128 -> 16 -> 32 -> 64 -> 32 -> 1,mse,adam_2278,20,128,1.4743,58809.92578125,6099.7470703125,5834.58740234375,0.15745746784535464,0.7
2026-09-04 16:13:32,repeat_random_model.py,"(1021, 9)",858,sequential_2279,Dense 32 -> 128 -> 16 -> 32 -> 64 -> 16 -> 1,mse,adam_2279,20,128,1.5192,71338.765625,6056.6005859375,5905.80078125,0.14717380828832993,0.7
2026-09-04 16:13:34,repeat_random_model.py,"(1021, 9)",858,sequential_2280,Dense 32 -> 128 -> 16 -> 32 -> 32 -> 128 -> 1,mse,adam_2280,20,128,1.4853,17584.630859375,5397.025390625,5679.62109375,0.1798352970922812,0.7
2026-09-04 16:13:35,repeat_random_model.py,"(1021, 9)",858,sequential_2281,Dense 32 -> 128 -> 16 -> 32 -> 32 -> 64 -> 1,mse,adam_2281,20,128,1.4573,11742.0625,6005.82421875,4861.27490234375,0.29800847543679176,0.7
2026-09-04 16:13:37,repeat_random_model.py,"(1021, 9)",858,sequential_2282,Dense 32 -> 128 -> 16 -> 32 -> 32 -> 32 -> 1,mse,adam_2282,20,128,1.4552,13351.3916015625,5428.52783203125,5177.33349609375,0.252368075823328,0.7
2026-09-04 16:13:39,repeat_random_model.py,"(1021, 9)",858,sequential_2283,Dense 32 -> 128 -> 16 -> 32 -> 32 -> 16 -> 1,mse,adam_2283,20,128,1.4548,81402.4140625,6232.9296875,5982.50244140625,0.13609792074161486,0.7
2026-09-04 16:13:41,repeat_random_model.py,"(1021, 9)",858,sequential_2284,Dense 32 -> 128 -> 16 -> 32 -> 16 -> 128 -> 1,mse,adam_2284,20,128,1.5007,39549.11328125,6169.87158203125,6044.84033203125,0.1270959956240848,0.7
2026-09-04 16:13:42,repeat_random_model.py,"(1021, 9)",858,sequential_2285,Dense 32 -> 128 -> 16 -> 32 -> 16 -> 64 -> 1,mse,adam_2285,20,128,1.4216,19818.328125,5907.328125,5641.44921875,0.18534749376599757,0.7
2026-09-04 16:13:44,repeat_random_model.py,"(1021, 9)",858,sequential_2286,Dense 32 -> 128 -> 16 -> 32 -> 16 -> 32 -> 1,mse,adam_2286,20,128,1.5037,20484.62109375,6161.10400390625,5847.234375,0.15563111235009475,0.7
2026-09-04 16:13:46,repeat_random_model.py,"(1021, 9)",858,sequential_2287,Dense 32 -> 128 -> 16 -> 32 -> 16 -> 16 -> 1,mse,adam_2287,20,128,1.5697,111334.5078125,5839.18408203125,5633.51904296875,0.18649278919634737,0.7
2026-09-04 16:13:48,repeat_random_model.py,"(1021, 9)",858,sequential_2288,Dense 32 -> 128 -> 16 -> 16 -> 128 -> 128 -> 1,mse,adam_2288,20,128,1.4801,21994.244140625,6524.34521484375,5991.7744140625,0.1347587987042197,0.7
2026-09-04 16:13:49,repeat_random_model.py,"(1021, 9)",858,sequential_2289,Dense 32 -> 128 -> 16 -> 16 -> 128 -> 64 -> 1,mse,adam_2289,20,128,1.3727,32619.052734375,5660.66796875,5422.55810546875,0.21695630871945104,0.7
2026-09-04 16:13:51,repeat_random_model.py,"(1021, 9)",858,sequential_2290,Dense 32 -> 128 -> 16 -> 16 -> 128 -> 32 -> 1,mse,adam_2290,20,128,1.446,15933.0517578125,4703.79150390625,3944.98095703125,0.43032572451076356,0.7
2026-09-04 16:13:53,repeat_random_model.py,"(1021, 9)",858,sequential_2291,Dense 32 -> 128 -> 16 -> 16 -> 128 -> 16 -> 1,mse,adam_2291,20,128,1.4734,117588.8828125,6536.203125,6049.89794921875,0.12636562178328925,0.7
2026-09-04 16:13:54,repeat_random_model.py,"(1021, 9)",858,sequential_2292,Dense 32 -> 128 -> 16 -> 16 -> 64 -> 128 -> 1,mse,adam_2292,20,128,1.4594,22082.806640625,5996.0126953125,5749.751953125,0.1697080848585354,0.7
2026-09-04 16:13:56,repeat_random_model.py,"(1021, 9)",858,sequential_2293,Dense 32 -> 128 -> 16 -> 16 -> 64 -> 64 -> 1,mse,adam_2293,20,128,1.4968,24198.34765625,6107.16259765625,5704.49609375,0.1762431787956854,0.7
2026-09-04 16:13:58,repeat_random_model.py,"(1021, 9)",858,sequential_2294,Dense 32 -> 128 -> 16 -> 16 -> 64 -> 32 -> 1,mse,adam_2294,20,128,1.5023,40319.26953125,6209.43310546875,5911.392578125,0.14636640861171435,0.7
2026-09-04 16:14:00,repeat_random_model.py,"(1021, 9)",858,sequential_2295,Dense 32 -> 128 -> 16 -> 16 -> 64 -> 16 -> 1,mse,adam_2295,20,128,1.4542,32348.71484375,5787.4423828125,5653.49267578125,0.18360835845107826,0.7
2026-09-04 16:14:01,repeat_random_model.py,"(1021, 9)",858,sequential_2296,Dense 32 -> 128 -> 16 -> 16 -> 32 -> 128 -> 1,mse,adam_2296,20,128,1.4095,14619.193359375,4156.27490234375,3338.236083984375,0.5179426067758731,0.7
2026-09-04 16:14:03,repeat_random_model.py,"(1021, 9)",858,sequential_2297,Dense 32 -> 128 -> 16 -> 16 -> 32 -> 64 -> 1,mse,adam_2297,20,128,1.3868,55970.8671875,6277.453125,6006.0234375,0.13270127928126596,0.7
2026-09-04 16:14:05,repeat_random_model.py,"(1021, 9)",858,sequential_2298,Dense 32 -> 128 -> 16 -> 16 -> 32 -> 32 -> 1,mse,adam_2298,20,128,1.4507,11916.873046875,4854.27099609375,4404.22900390625,0.36400804624687266,0.7
2026-09-04 16:14:06,repeat_random_model.py,"(1021, 9)",858,sequential_2299,Dense 32 -> 128 -> 16 -> 16 -> 32 -> 16 -> 1,mse,adam_2299,20,128,1.4486,33359.9375,5878.7197265625,5641.21484375,0.18538142561198934,0.7
2026-09-04 16:14:08,repeat_random_model.py,"(1021, 9)",858,sequential_2300,Dense 32 -> 128 -> 16 -> 16 -> 16 -> 128 -> 1,mse,adam_2300,20,128,1.395,22458.587890625,6125.5986328125,5849.4150390625,0.1553161085642628,0.7
2026-09-04 16:14:10,repeat_random_model.py,"(1021, 9)",858,sequential_2301,Dense 32 -> 128 -> 16 -> 16 -> 16 -> 64 -> 1,mse,adam_2301,20,128,1.4363,17131.357421875,5828.89111328125,5568.5849609375,0.19586949465825032,0.7
2026-09-04 16:14:11,repeat_random_model.py,"(1021, 9)",858,sequential_2302,Dense 32 -> 128 -> 16 -> 16 -> 16 -> 32 -> 1,mse,adam_2302,20,128,1.4853,19343.7890625,5914.82568359375,5799.95068359375,0.16245898456305174,0.7
2026-09-04 16:14:13,repeat_random_model.py,"(1021, 9)",858,sequential_2303,Dense 32 -> 128 -> 16 -> 16 -> 16 -> 16 -> 1,mse,adam_2303,20,128,1.4647,104864.3359375,6332.70166015625,6071.74755859375,0.12321040229304192,0.7
2026-09-04 16:14:15,repeat_random_model.py,"(1021, 9)",858,sequential_2304,Dense 32 -> 64 -> 128 -> 128 -> 128 -> 128 -> 1,mse,adam_2304,20,128,1.598,152092.25,6093.32861328125,5854.49755859375,0.15458226090297822,0.7
2026-09-04 16:14:17,repeat_random_model.py,"(1021, 9)",858,sequential_2305,Dense 32 -> 64 -> 128 -> 128 -> 128 -> 64 -> 1,mse,adam_2305,20,128,1.4994,226184.921875,6081.7978515625,5877.1611328125,0.15130958895234747,0.7
2026-09-04 16:14:18,repeat_random_model.py,"(1021, 9)",858,sequential_2306,Dense 32 -> 64 -> 128 -> 128 -> 128 -> 32 -> 1,mse,adam_2306,20,128,1.4501,325511.4375,6350.69677734375,6056.96533203125,0.12534495661369027,0.7
2026-09-04 16:14:20,repeat_random_model.py,"(1021, 9)",858,sequential_2307,Dense 32 -> 64 -> 128 -> 128 -> 128 -> 16 -> 1,mse,adam_2307,20,128,1.5838,193105.703125,5831.94970703125,5611.7392578125,0.18963768442382545,0.7
2026-09-04 16:14:22,repeat_random_model.py,"(1021, 9)",858,sequential_2308,Dense 32 -> 64 -> 128 -> 128 -> 64 -> 128 -> 1,mse,adam_2308,20,128,1.5473,156157.265625,6054.37451171875,5859.513671875,0.15385800447185538,0.7
2026-09-04 16:14:24,repeat_random_model.py,"(1021, 9)",858,sequential_2309,Dense 32 -> 64 -> 128 -> 128 -> 64 -> 64 -> 1,mse,adam_2309,20,128,1.551,152863.625,6089.91357421875,6105.19384765625,0.11838045282377208,0.7
2026-09-04 16:14:26,repeat_random_model.py,"(1021, 9)",858,sequential_2310,Dense 32 -> 64 -> 128 -> 128 -> 64 -> 32 -> 1,mse,adam_2310,20,128,1.5127,177375.484375,5720.42578125,5528.8818359375,0.20160276104826924,0.7
2026-09-04 16:14:27,repeat_random_model.py,"(1021, 9)",858,sequential_2311,Dense 32 -> 64 -> 128 -> 128 -> 64 -> 16 -> 1,mse,adam_2311,20,128,1.3835,167410.5,5788.69384765625,5598.65478515625,0.19152729590044304,0.7
2026-09-04 16:14:29,repeat_random_model.py,"(1021, 9)",858,sequential_2312,Dense 32 -> 64 -> 128 -> 128 -> 32 -> 128 -> 1,mse,adam_2312,20,128,1.461,66221.4296875,5940.271484375,5699.13623046875,0.1770172349238014,0.7
2026-09-04 16:14:31,repeat_random_model.py,"(1021, 9)",858,sequential_2313,Dense 32 -> 64 -> 128 -> 128 -> 32 -> 64 -> 1,mse,adam_2313,20,128,1.4844,295170.28125,6255.97998046875,5995.197265625,0.13426447872213954,0.7
2026-09-04 16:14:32,repeat_random_model.py,"(1021, 9)",858,sequential_2314,Dense 32 -> 64 -> 128 -> 128 -> 32 -> 32 -> 1,mse,adam_2314,20,128,1.6852,173853.421875,5927.099609375,5818.37109375,0.15979913197630058,0.7
2026-09-04 16:14:34,repeat_random_model.py,"(1021, 9)",858,sequential_2315,Dense 32 -> 64 -> 128 -> 128 -> 32 -> 16 -> 1,mse,adam_2315,20,128,1.5148,97163.3984375,6184.685546875,5642.41845703125,0.18520750575613887,0.7
2026-09-04 16:14:36,repeat_random_model.py,"(1021, 9)",858,sequential_2316,Dense 32 -> 64 -> 128 -> 128 -> 16 -> 128 -> 1,mse,adam_2316,20,128,1.4172,84022.03125,6199.634765625,5895.36962890625,0.14868014509714866,0.7
2026-09-04 16:14:38,repeat_random_model.py,"(1021, 9)",858,sequential_2317,Dense 32 -> 64 -> 128 -> 128 -> 16 -> 64 -> 1,mse,adam_2317,20,128,1.6435,86418.3203125,6145.1064453125,5845.3017578125,0.15591020988958826,0.7
2026-09-04 16:14:39,repeat_random_model.py,"(1021, 9)",858,sequential_2318,Dense 32 -> 64 -> 128 -> 128 -> 16 -> 32 -> 1,mse,adam_2318,20,128,1.4581,220036.890625,5969.935546875,5749.11376953125,0.16980019856932604,0.7
2026-09-04 16:14:41,repeat_random_model.py,"(1021, 9)",858,sequential_2319,Dense 32 -> 64 -> 128 -> 128 -> 16 -> 16 -> 1,mse,adam_2319,20,128,1.5654,220976.890625,6115.58447265625,5871.00048828125,0.1521991785449296,0.7
2026-09-04 16:14:43,repeat_random_model.py,"(1021, 9)",858,sequential_2320,Dense 32 -> 64 -> 128 -> 64 -> 128 -> 128 -> 1,mse,adam_2320,20,128,1.5903,110906.296875,6331.560546875,6052.5068359375,0.12598873461659155,0.7
2026-09-04 16:14:45,repeat_random_model.py,"(1021, 9)",858,sequential_2321,Dense 32 -> 64 -> 128 -> 64 -> 128 -> 64 -> 1,mse,adam_2321,20,128,1.5313,60768.71875,5286.81982421875,4950.8486328125,0.28507352318808366,0.7
2026-09-04 16:14:47,repeat_random_model.py,"(1021, 9)",858,sequential_2322,Dense 32 -> 64 -> 128 -> 64 -> 128 -> 32 -> 1,mse,adam_2322,20,128,1.5719,103148.78125,6146.94677734375,6048.93505859375,0.12650456008305944,0.7
2026-09-04 16:14:49,repeat_random_model.py,"(1021, 9)",858,sequential_2323,Dense 32 -> 64 -> 128 -> 64 -> 128 -> 16 -> 1,mse,adam_2323,20,128,1.5989,276761.8125,5811.267578125,5903.2431640625,0.14754322024521305,0.7
2026-09-04 16:14:50,repeat_random_model.py,"(1021, 9)",858,sequential_2324,Dense 32 -> 64 -> 128 -> 64 -> 64 -> 128 -> 1,mse,adam_2324,20,128,1.5163,85374.9375,5728.6533203125,5519.119140625,0.20301262557557043,0.7
2026-09-04 16:14:52,repeat_random_model.py,"(1021, 9)",858,sequential_2325,Dense 32 -> 64 -> 128 -> 64 -> 64 -> 64 -> 1,mse,adam_2325,20,128,1.5739,84077.921875,5873.677734375,5636.9853515625,0.18599217652534028,0.7
2026-09-04 16:14:54,repeat_random_model.py,"(1021, 9)",858,sequential_2326,Dense 32 -> 64 -> 128 -> 64 -> 64 -> 32 -> 1,mse,adam_2326,20,128,1.5769,39891.41015625,5603.48486328125,5447.66552734375,0.21333091485803557,0.7
2026-09-04 16:14:56,repeat_random_model.py,"(1021, 9)",858,sequential_2327,Dense 32 -> 64 -> 128 -> 64 -> 64 -> 16 -> 1,mse,adam_2327,20,128,1.5656,42857.625,5319.93359375,5140.0,0.25775923469731044,0.7
2026-09-04 16:14:58,repeat_random_model.py,"(1021, 9)",858,sequential_2328,Dense 32 -> 64 -> 128 -> 64 -> 32 -> 128 -> 1,mse,adam_2328,20,128,1.5185,125723.421875,6422.8134765625,6075.7119140625,0.12263796149289541,0.7
2026-09-04 16:14:59,repeat_random_model.py,"(1021, 9)",858,sequential_2329,Dense 32 -> 64 -> 128 -> 64 -> 32 -> 64 -> 1,mse,adam_2329,20,128,1.4387,64474.36328125,5934.0234375,5640.296875,0.1855138709942753,0.7
2026-09-04 16:15:01,repeat_random_model.py,"(1021, 9)",858,sequential_2330,Dense 32 -> 64 -> 128 -> 64 -> 32 -> 32 -> 1,mse,adam_2330,20,128,1.493,221268.078125,6337.40966796875,6143.42333984375,0.11286003098936015,0.7
2026-09-04 16:15:03,repeat_random_model.py,"(1021, 9)",858,sequential_2331,Dense 32 -> 64 -> 128 -> 64 -> 32 -> 16 -> 1,mse,adam_2331,20,128,1.4154,116711.359375,5933.97314453125,5528.0224609375,0.20172695731521562,0.7
2026-09-04 16:15:05,repeat_random_model.py,"(1021, 9)",858,sequential_2332,Dense 32 -> 64 -> 128 -> 64 -> 16 -> 128 -> 1,mse,adam_2332,20,128,1.5631,58127.64453125,6192.43798828125,5908.6357421875,0.14676447636113066,0.7
2026-09-04 16:15:06,repeat_random_model.py,"(1021, 9)",858,sequential_2333,Dense 32 -> 64 -> 128 -> 64 -> 16 -> 64 -> 1,mse,adam_2333,20,128,1.5895,32402.423828125,6078.9951171875,5777.95166015625,0.16563595535224018,0.7
2026-09-04 16:15:08,repeat_random_model.py,"(1021, 9)",858,sequential_2334,Dense 32 -> 64 -> 128 -> 64 -> 16 -> 32 -> 1,mse,adam_2334,20,128,1.5729,113218.078125,6072.90087890625,5875.33740234375,0.15157294798258159,0.7
2026-09-04 16:15:10,repeat_random_model.py,"(1021, 9)",858,sequential_2335,Dense 32 -> 64 -> 128 -> 64 -> 16 -> 16 -> 1,mse,adam_2335,20,128,1.6106,95127.640625,5045.708984375,5508.2041015625,0.2045887331170111,0.7
2026-09-04 16:15:12,repeat_random_model.py,"(1021, 9)",858,sequential_2336,Dense 32 -> 64 -> 128 -> 32 -> 128 -> 128 -> 1,mse,adam_2336,20,128,1.6038,110617.6796875,6163.01220703125,5830.6220703125,0.15803004478921556,0.7
2026-09-04 16:15:14,repeat_random_model.py,"(1021, 9)",858,sequential_2337,Dense 32 -> 64 -> 128 -> 32 -> 128 -> 64 -> 1,mse,adam_2337,20,128,1.6316,90906.4453125,6000.22900390625,5777.66357421875,0.16567752827262916,0.7
2026-09-04 16:15:16,repeat_random_model.py,"(1021, 9)",858,sequential_2338,Dense 32 -> 64 -> 128 -> 32 -> 128 -> 32 -> 1,mse,adam_2338,20,128,1.5829,158474.71875,6024.98193359375,5835.220703125,0.1573659488043384,0.7
2026-09-04 16:15:17,repeat_random_model.py,"(1021, 9)",858,sequential_2339,Dense 32 -> 64 -> 128 -> 32 -> 128 -> 16 -> 1,mse,adam_2339,20,128,1.5622,33725.87890625,5851.44384765625,5210.67333984375,0.2475536113809157,0.7
2026-09-04 16:15:19,repeat_random_model.py,"(1021, 9)",858,sequential_2340,Dense 32 -> 64 -> 128 -> 32 -> 64 -> 128 -> 1,mse,adam_2340,20,128,1.4394,35956.52734375,5654.84814453125,5471.12744140625,0.2099429329447774,0.7
2026-09-04 16:15:21,repeat_random_model.py,"(1021, 9)",858,sequential_2341,Dense 32 -> 64 -> 128 -> 32 -> 64 -> 64 -> 1,mse,adam_2341,20,128,1.5828,53042.375,5979.98193359375,5614.57080078125,0.18922891222871097,0.7
2026-09-04 16:15:23,repeat_random_model.py,"(1021, 9)",858,sequential_2342,Dense 32 -> 64 -> 128 -> 32 -> 64 -> 32 -> 1,mse,adam_2342,20,128,1.5741,153733.6875,6113.1162109375,5834.6923828125,0.1574423281115912,0.7
2026-09-04 16:15:25,repeat_random_model.py,"(1021, 9)",858,sequential_2343,Dense 32 -> 64 -> 128 -> 32 -> 64 -> 16 -> 1,mse,adam_2343,20,128,1.6302,138071.0,6072.287109375,5766.970703125,0.16722166565499696,0.7
2026-09-04 16:15:27,repeat_random_model.py,"(1021, 9)",858,sequential_2344,Dense 32 -> 64 -> 128 -> 32 -> 32 -> 128 -> 1,mse,adam_2344,20,128,1.5687,34493.078125,5821.58740234375,5517.767578125,0.20320774432486888,0.7
2026-09-04 16:15:28,repeat_random_model.py,"(1021, 9)",858,sequential_2345,Dense 32 -> 64 -> 128 -> 32 -> 32 -> 64 -> 1,mse,adam_2345,20,128,1.4043,50332.84765625,6199.048828125,5909.318359375,0.14666591302702126,0.7
2026-09-04 16:15:30,repeat_random_model.py,"(1021, 9)",858,sequential_2346,Dense 32 -> 64 -> 128 -> 32 -> 32 -> 32 -> 1,mse,adam_2346,20,128,1.4954,57315.30859375,5987.93701171875,5640.01318359375,0.18555491776310984,0.7
2026-09-04 16:15:32,repeat_random_model.py,"(1021, 9)",858,sequential_2347,Dense 32 -> 64 -> 128 -> 32 -> 32 -> 16 -> 1,mse,adam_2347,20,128,1.553,35145.8515625,5382.857421875,4962.6337890625,0.28337166660462254,0.7
2026-09-04 16:15:33,repeat_random_model.py,"(1021, 9)",858,sequential_2348,Dense 32 -> 64 -> 128 -> 32 -> 16 -> 128 -> 1,mse,adam_2348,20,128,1.5578,22791.2109375,5809.21533203125,5620.39453125,0.18838809209317509,0.7
2026-09-04 16:15:35,repeat_random_model.py,"(1021, 9)",858,sequential_2349,Dense 32 -> 64 -> 128 -> 32 -> 16 -> 64 -> 1,mse,adam_2349,20,128,1.5649,23050.408203125,5395.46875,5282.93310546875,0.23711889356418314,0.7
2026-09-04 16:15:37,repeat_random_model.py,"(1021, 9)",858,sequential_2350,Dense 32 -> 64 -> 128 -> 32 -> 16 -> 32 -> 1,mse,adam_2350,20,128,1.4613,34608.44921875,5425.84326171875,5215.46484375,0.2468618086748431,0.7
2026-09-04 16:15:39,repeat_random_model.py,"(1021, 9)",858,sequential_2351,Dense 32 -> 64 -> 128 -> 32 -> 16 -> 16 -> 1,mse,adam_2351,20,128,1.4961,75140.9609375,5612.56005859375,5444.94873046875,0.2137232163254824,0.7
2026-09-04 16:15:40,repeat_random_model.py,"(1021, 9)",858,sequential_2352,Dense 32 -> 64 -> 128 -> 16 -> 128 -> 128 -> 1,mse,adam_2352,20,128,1.4297,42654.0703125,5804.07861328125,5592.56787109375,0.1924062042628737,0.7
2026-09-04 16:15:42,repeat_random_model.py,"(1021, 9)",858,sequential_2353,Dense 32 -> 64 -> 128 -> 16 -> 128 -> 64 -> 1,mse,adam_2353,20,128,1.3794,31811.1015625,5543.32275390625,5114.1923828125,0.261485904155936,0.7
2026-09-04 16:15:44,repeat_random_model.py,"(1021, 9)",858,sequential_2354,Dense 32 -> 64 -> 128 -> 16 -> 128 -> 32 -> 1,mse,adam_2354,20,128,1.6076,24592.203125,5065.46826171875,4889.20263671875,0.2939755522933346,0.7
2026-09-04 16:15:46,repeat_random_model.py,"(1021, 9)",858,sequential_2355,Dense 32 -> 64 -> 128 -> 16 -> 128 -> 16 -> 1,mse,adam_2355,20,128,1.4383,24356.3828125,4770.64990234375,4320.89990234375,0.3760412482031694,0.7
2026-09-04 16:15:52,repeat_random_model.py,"(1021, 9)",858,sequential_2356,Dense 32 -> 64 -> 128 -> 16 -> 64 -> 128 -> 1,mse,adam_2356,20,128,5.5331,25496.19140625,5853.744140625,5548.3779296875,0.19878743415911138,0.7
2026-09-04 16:16:04,repeat_random_model.py,"(1021, 9)",858,sequential_2357,Dense 32 -> 64 -> 128 -> 16 -> 64 -> 64 -> 1,mse,adam_2357,20,128,10.4717,96769.7421875,6317.3017578125,6030.4453125,0.12917463026235088,0.7
2026-09-04 16:16:09,repeat_random_model.py,"(1021, 9)",858,sequential_2358,Dense 32 -> 64 -> 128 -> 16 -> 64 -> 32 -> 1,mse,adam_2358,20,128,4.2292,27838.169921875,5874.607421875,5651.8017578125,0.18385252169902622,0.7
2026-09-04 16:16:10,repeat_random_model.py,"(1021, 9)",858,sequential_2359,Dense 32 -> 64 -> 128 -> 16 -> 64 -> 16 -> 1,mse,adam_2359,20,128,1.3748,183120.015625,6345.89453125,6045.203125,0.12704353041470973,0.7
2026-09-04 16:16:12,repeat_random_model.py,"(1021, 9)",858,sequential_2360,Dense 32 -> 64 -> 128 -> 16 -> 32 -> 128 -> 1,mse,adam_2360,20,128,1.4302,16178.9541015625,6943.2607421875,5270.27294921875,0.2389471781417727,0.7
2026-09-04 16:16:14,repeat_random_model.py,"(1021, 9)",858,sequential_2361,Dense 32 -> 64 -> 128 -> 16 -> 32 -> 64 -> 1,mse,adam_2361,20,128,1.4232,80417.34375,6219.9775390625,5931.91162109375,0.1434034180377044,0.7
2026-09-04 16:16:22,repeat_random_model.py,"(1021, 9)",858,sequential_2362,Dense 32 -> 64 -> 128 -> 16 -> 32 -> 32 -> 1,mse,adam_2362,20,128,6.6009,36940.5,6008.08740234375,5800.283203125,0.16241110688244742,0.7
2026-09-04 16:16:34,repeat_random_model.py,"(1021, 9)",858,sequential_2363,Dense 32 -> 64 -> 128 -> 16 -> 32 -> 16 -> 1,mse,adam_2363,20,128,10.4133,33764.3203125,5833.83935546875,5567.615234375,0.196009586208861,0.7
2026-09-04 16:16:44,repeat_random_model.py,"(1021, 9)",858,sequential_2364,Dense 32 -> 64 -> 128 -> 16 -> 16 -> 128 -> 1,mse,adam_2364,20,128,8.6868,14075.94140625,5345.5390625,5126.236328125,0.25974676268597485,0.7
2026-09-04 16:16:55,repeat_random_model.py,"(1021, 9)",858,sequential_2365,Dense 32 -> 64 -> 128 -> 16 -> 16 -> 64 -> 1,mse,adam_2365,20,128,10.5249,22285.015625,5027.43359375,4951.59716796875,0.2849655543359042,0.7
2026-09-04 16:16:57,repeat_random_model.py,"(1021, 9)",858,sequential_2366,Dense 32 -> 64 -> 128 -> 16 -> 16 -> 32 -> 1,mse,adam_2366,20,128,1.5158,47673.2578125,5834.5341796875,5590.5458984375,0.19269840500181856,0.7
2026-09-04 16:16:58,repeat_random_model.py,"(1021, 9)",858,sequential_2367,Dense 32 -> 64 -> 128 -> 16 -> 16 -> 16 -> 1,mse,adam_2367,20,128,1.3956,120519.0078125,6467.2841796875,6233.17431640625,0.09989966083063728,0.7
2026-09-04 16:17:00,repeat_random_model.py,"(1021, 9)",858,sequential_2368,Dense 32 -> 64 -> 64 -> 128 -> 128 -> 128 -> 1,mse,adam_2368,20,128,1.5481,89073.875,5388.4931640625,5134.25439453125,0.25858894026363055,0.7
2026-09-04 16:17:02,repeat_random_model.py,"(1021, 9)",858,sequential_2369,Dense 32 -> 64 -> 64 -> 128 -> 128 -> 64 -> 1,mse,adam_2369,20,128,1.5267,122164.4609375,5073.30810546875,4798.6171875,0.3070566411344827,0.7
2026-09-04 16:17:04,repeat_random_model.py,"(1021, 9)",858,sequential_2370,Dense 32 -> 64 -> 64 -> 128 -> 128 -> 32 -> 1,mse,adam_2370,20,128,1.4431,165979.578125,5951.515625,5738.8310546875,0.1712851545713503,0.7
2026-09-04 16:17:05,repeat_random_model.py,"(1021, 9)",858,sequential_2371,Dense 32 -> 64 -> 64 -> 128 -> 128 -> 16 -> 1,mse,adam_2371,20,128,1.4497,289245.0625,5969.5830078125,5756.17138671875,0.16878106748793875,0.7
2026-09-04 16:17:07,repeat_random_model.py,"(1021, 9)",858,sequential_2372,Dense 32 -> 64 -> 64 -> 128 -> 64 -> 128 -> 1,mse,adam_2372,20,128,1.4206,51311.87109375,5571.3251953125,5303.06005859375,0.2342125069918395,0.7
2026-09-04 16:17:09,repeat_random_model.py,"(1021, 9)",858,sequential_2373,Dense 32 -> 64 -> 64 -> 128 -> 64 -> 64 -> 1,mse,adam_2373,20,128,1.4191,87835.171875,5155.2578125,4905.89306640625,0.29156539001716864,0.7
2026-09-04 16:17:10,repeat_random_model.py,"(1021, 9)",858,sequential_2374,Dense 32 -> 64 -> 64 -> 128 -> 64 -> 32 -> 1,mse,adam_2374,20,128,1.4783,81447.4453125,5794.23828125,5435.3017578125,0.21511615957615549,0.7
2026-09-04 16:17:12,repeat_random_model.py,"(1021, 9)",858,sequential_2375,Dense 32 -> 64 -> 64 -> 128 -> 64 -> 16 -> 1,mse,adam_2375,20,128,1.4433,94204.65625,6097.923828125,5774.09228515625,0.16619315959656167,0.7
2026-09-04 16:17:14,repeat_random_model.py,"(1021, 9)",858,sequential_2376,Dense 32 -> 64 -> 64 -> 128 -> 32 -> 128 -> 1,mse,adam_2376,20,128,1.4841,26983.5546875,5843.77197265625,5533.6337890625,0.2009166481987924,0.7
2026-09-04 16:17:16,repeat_random_model.py,"(1021, 9)",858,sequential_2377,Dense 32 -> 64 -> 64 -> 128 -> 32 -> 64 -> 1,mse,adam_2377,20,128,1.5043,45927.796875,6104.91455078125,5833.4208984375,0.15762595909309673,0.7
2026-09-04 16:17:17,repeat_random_model.py,"(1021, 9)",858,sequential_2378,Dense 32 -> 64 -> 64 -> 128 -> 32 -> 32 -> 1,mse,adam_2378,20,128,1.4155,646005.9375,6259.76318359375,5924.8876953125,0.14441758866438015,0.7
2026-09-04 16:17:19,repeat_random_model.py,"(1021, 9)",858,sequential_2379,Dense 32 -> 64 -> 64 -> 128 -> 32 -> 16 -> 1,mse,adam_2379,20,128,1.3985,78080.2890625,5782.62109375,5600.1728515625,0.19130789905390655,0.7
2026-09-04 16:17:21,repeat_random_model.py,"(1021, 9)",858,sequential_2380,Dense 32 -> 64 -> 64 -> 128 -> 16 -> 128 -> 1,mse,adam_2380,20,128,1.4691,66968.03125,6401.72802734375,6062.25244140625,0.12458146580046292,0.7
2026-09-04 16:17:22,repeat_random_model.py,"(1021, 9)",858,sequential_2381,Dense 32 -> 64 -> 64 -> 128 -> 16 -> 64 -> 1,mse,adam_2381,20,128,1.5095,54154.95703125,5517.23974609375,5356.94580078125,0.22643118981768628,0.7
2026-09-04 16:17:24,repeat_random_model.py,"(1021, 9)",858,sequential_2382,Dense 32 -> 64 -> 64 -> 128 -> 16 -> 32 -> 1,mse,adam_2382,20,128,1.471,311637.375,6101.091796875,5873.84375,0.15178871729654764,0.7
2026-09-04 16:17:26,repeat_random_model.py,"(1021, 9)",858,sequential_2383,Dense 32 -> 64 -> 64 -> 128 -> 16 -> 16 -> 1,mse,adam_2383,20,128,1.4388,82063.96875,6179.3876953125,5927.654296875,0.14401820274748312,0.7
2026-09-04 16:17:27,repeat_random_model.py,"(1021, 9)",858,sequential_2384,Dense 32 -> 64 -> 64 -> 64 -> 128 -> 128 -> 1,mse,adam_2384,20,128,1.4557,86622.84375,5852.30859375,5564.94482421875,0.1963950913963457,0.7
2026-09-04 16:17:29,repeat_random_model.py,"(1021, 9)",858,sequential_2385,Dense 32 -> 64 -> 64 -> 64 -> 128 -> 64 -> 1,mse,adam_2385,20,128,1.429,50508.7734375,5683.34130859375,5409.9873046875,0.21877174135807043,0.7
2026-09-04 16:17:31,repeat_random_model.py,"(1021, 9)",858,sequential_2386,Dense 32 -> 64 -> 64 -> 64 -> 128 -> 32 -> 1,mse,adam_2386,20,128,1.4474,71243.109375,5698.19384765625,5680.59814453125,0.1796941591848652,0.7
2026-09-04 16:17:33,repeat_random_model.py,"(1021, 9)",858,sequential_2387,Dense 32 -> 64 -> 64 -> 64 -> 128 -> 16 -> 1,mse,adam_2387,20,128,1.5891,79159.0546875,5868.87109375,5792.86572265625,0.16348223807634465,0.7
2026-09-04 16:17:34,repeat_random_model.py,"(1021, 9)",858,sequential_2388,Dense 32 -> 64 -> 64 -> 64 -> 64 -> 128 -> 1,mse,adam_2388,20,128,1.6044,44157.8046875,5964.14306640625,5681.4892578125,0.1795655743979021,0.7
2026-09-04 16:17:36,repeat_random_model.py,"(1021, 9)",858,sequential_2389,Dense 32 -> 64 -> 64 -> 64 -> 64 -> 64 -> 1,mse,adam_2389,20,128,1.5019,47099.84375,5350.2900390625,5297.17138671875,0.23506293618196517,0.7
2026-09-04 16:17:38,repeat_random_model.py,"(1021, 9)",858,sequential_2390,Dense 32 -> 64 -> 64 -> 64 -> 64 -> 32 -> 1,mse,adam_2390,20,128,1.4685,119432.1640625,5694.34521484375,5615.33642578125,0.18911840427031368,0.7
2026-09-04 16:17:40,repeat_random_model.py,"(1021, 9)",858,sequential_2391,Dense 32 -> 64 -> 64 -> 64 -> 64 -> 16 -> 1,mse,adam_2391,20,128,1.4121,79106.7734375,6084.6796875,5739.72998046875,0.17115535287058603,0.7
2026-09-04 16:17:41,repeat_random_model.py,"(1021, 9)",858,sequential_2392,Dense 32 -> 64 -> 64 -> 64 -> 32 -> 128 -> 1,mse,adam_2392,20,128,1.4626,53260.21484375,6088.9052734375,5846.6015625,0.15572247729004696,0.7
2026-09-04 16:17:43,repeat_random_model.py,"(1021, 9)",858,sequential_2393,Dense 32 -> 64 -> 64 -> 64 -> 32 -> 64 -> 1,mse,adam_2393,20,128,1.4193,31572.642578125,6137.56884765625,5634.07177734375,0.18641282769334333,0.7
2026-09-04 16:17:45,repeat_random_model.py,"(1021, 9)",858,sequential_2394,Dense 32 -> 64 -> 64 -> 64 -> 32 -> 32 -> 1,mse,adam_2394,20,128,1.5374,35602.96484375,5136.21728515625,4578.0654296875,0.33890519822665843,0.7
2026-09-04 16:17:47,repeat_random_model.py,"(1021, 9)",858,sequential_2395,Dense 32 -> 64 -> 64 -> 64 -> 32 -> 16 -> 1,mse,adam_2395,20,128,1.4922,125260.0234375,6110.9541015625,5920.966796875,0.14498377678233176,0.7
2026-09-04 16:17:48,repeat_random_model.py,"(1021, 9)",858,sequential_2396,Dense 32 -> 64 -> 64 -> 64 -> 16 -> 128 -> 1,mse,adam_2396,20,128,1.4204,78063.0703125,6141.10693359375,5842.5595703125,0.15630626007826864,0.7
2026-09-04 16:17:50,repeat_random_model.py,"(1021, 9)",858,sequential_2397,Dense 32 -> 64 -> 64 -> 64 -> 16 -> 64 -> 1,mse,adam_2397,20,128,1.4267,53367.76953125,6431.974609375,6274.40087890625,0.09394630351155453,0.7
2026-09-04 16:17:52,repeat_random_model.py,"(1021, 9)",858,sequential_2398,Dense 32 -> 64 -> 64 -> 64 -> 16 -> 32 -> 1,mse,adam_2398,20,128,1.4926,71226.2734375,6214.12109375,5903.341796875,0.14752894420690876,0.7
2026-09-04 16:17:53,repeat_random_model.py,"(1021, 9)",858,sequential_2399,Dense 32 -> 64 -> 64 -> 64 -> 16 -> 16 -> 1,mse,adam_2399,20,128,1.5222,218597.328125,6194.89404296875,5912.1337890625,0.1462594176168086,0.7
2026-09-04 16:17:55,repeat_random_model.py,"(1021, 9)",858,sequential_2400,Dense 32 -> 64 -> 64 -> 32 -> 128 -> 128 -> 1,mse,adam_2400,20,128,1.4657,88752.9296875,5756.9443359375,5394.70849609375,0.22097802933242072,0.7
2026-09-04 16:17:57,repeat_random_model.py,"(1021, 9)",858,sequential_2401,Dense 32 -> 64 -> 64 -> 32 -> 128 -> 64 -> 1,mse,adam_2401,20,128,1.5378,48344.03515625,5460.89306640625,5232.97607421875,0.24433304306549974,0.7
2026-09-04 16:17:59,repeat_random_model.py,"(1021, 9)",858,sequential_2402,Dense 32 -> 64 -> 64 -> 32 -> 128 -> 32 -> 1,mse,adam_2402,20,128,1.4731,125718.9140625,5389.33935546875,5239.896484375,0.24333364105337296,0.7
2026-09-04 16:18:00,repeat_random_model.py,"(1021, 9)",858,sequential_2403,Dense 32 -> 64 -> 64 -> 32 -> 128 -> 16 -> 1,mse,adam_2403,20,128,1.4411,484862.0625,6283.75341796875,6013.4501953125,0.1316286572861537,0.7
2026-09-04 16:18:02,repeat_random_model.py,"(1021, 9)",858,sequential_2404,Dense 32 -> 64 -> 64 -> 32 -> 64 -> 128 -> 1,mse,adam_2404,20,128,1.4104,37342.73046875,5098.35986328125,6122.5302734375,0.1158771059853464,0.7
2026-09-04 16:18:04,repeat_random_model.py,"(1021, 9)",858,sequential_2405,Dense 32 -> 64 -> 64 -> 32 -> 64 -> 64 -> 1,mse,adam_2405,20,128,1.4889,205275.75,6241.59326171875,5897.138671875,0.148424749400064,0.7
2026-09-04 16:18:05,repeat_random_model.py,"(1021, 9)",858,sequential_2406,Dense 32 -> 64 -> 64 -> 32 -> 64 -> 32 -> 1,mse,adam_2406,20,128,1.4366,36514.5,5652.82861328125,5812.73974609375,0.16061236446884508,0.7
2026-09-04 16:18:07,repeat_random_model.py,"(1021, 9)",858,sequential_2407,Dense 32 -> 64 -> 64 -> 32 -> 64 -> 16 -> 1,mse,adam_2407,20,128,1.6212,51444.6796875,5450.71337890625,5226.7490234375,0.24523223522973747,0.7
2026-09-04 16:18:09,repeat_random_model.py,"(1021, 9)",858,sequential_2408,Dense 32 -> 64 -> 64 -> 32 -> 32 -> 128 -> 1,mse,adam_2408,20,128,1.6082,30664.240234375,6059.916015625,5506.28662109375,0.20486566012024598,0.7
2026-09-04 16:18:11,repeat_random_model.py,"(1021, 9)",858,sequential_2409,Dense 32 -> 64 -> 64 -> 32 -> 32 -> 64 -> 1,mse,adam_2409,20,128,1.4897,56314.8125,5941.3251953125,5683.7763671875,0.17923536341307178,0.7
2026-09-04 16:18:13,repeat_random_model.py,"(1021, 9)",858,sequential_2410,Dense 32 -> 64 -> 64 -> 32 -> 32 -> 32 -> 1,mse,adam_2410,20,128,1.4798,44830.74609375,5764.18017578125,5466.212890625,0.21065247286996902,0.7
2026-09-04 16:18:14,repeat_random_model.py,"(1021, 9)",858,sequential_2411,Dense 32 -> 64 -> 64 -> 32 -> 32 -> 16 -> 1,mse,adam_2411,20,128,1.4398,42667.58984375,5056.3740234375,4690.3095703125,0.32269668612304014,0.7
2026-09-04 16:18:16,repeat_random_model.py,"(1021, 9)",858,sequential_2412,Dense 32 -> 64 -> 64 -> 32 -> 16 -> 128 -> 1,mse,adam_2412,20,128,1.4662,21829.6328125,5532.14599609375,5353.162109375,0.2269776683188578,0.7
2026-09-04 16:18:18,repeat_random_model.py,"(1021, 9)",858,sequential_2413,Dense 32 -> 64 -> 64 -> 32 -> 16 -> 64 -> 1,mse,adam_2413,20,128,1.5041,15618.791015625,6003.25634765625,5792.9873046875,0.16346468952765003,0.7
2026-09-04 16:18:20,repeat_random_model.py,"(1021, 9)",858,sequential_2414,Dense 32 -> 64 -> 64 -> 32 -> 16 -> 32 -> 1,mse,adam_2414,20,128,1.5311,31379.82421875,5287.92431640625,4960.6083984375,0.2836641991511404,0.7
2026-09-04 16:18:21,repeat_random_model.py,"(1021, 9)",858,sequential_2415,Dense 32 -> 64 -> 64 -> 32 -> 16 -> 16 -> 1,mse,adam_2415,20,128,1.4831,28368.984375,5049.98681640625,5068.20166015625,0.2681273556790218,0.7
2026-09-04 16:18:23,repeat_random_model.py,"(1021, 9)",858,sequential_2416,Dense 32 -> 64 -> 64 -> 16 -> 128 -> 128 -> 1,mse,adam_2416,20,128,1.6161,19738.63671875,5282.138671875,3855.3232421875,0.4432726767022135,0.7
2026-09-04 16:18:25,repeat_random_model.py,"(1021, 9)",858,sequential_2417,Dense 32 -> 64 -> 64 -> 16 -> 128 -> 64 -> 1,mse,adam_2417,20,128,1.5986,35395.59375,5777.71630859375,5568.38623046875,0.19589806213370142,0.7
2026-09-04 16:18:27,repeat_random_model.py,"(1021, 9)",858,sequential_2418,Dense 32 -> 64 -> 64 -> 16 -> 128 -> 32 -> 1,mse,adam_2418,20,128,1.5971,24274.4296875,5565.84228515625,5255.6826171875,0.24105405629055687,0.7
2026-09-04 16:18:29,repeat_random_model.py,"(1021, 9)",858,sequential_2419,Dense 32 -> 64 -> 64 -> 16 -> 128 -> 16 -> 1,mse,adam_2419,20,128,1.5698,21098.294921875,5848.18017578125,5684.1376953125,0.17918311817174049,0.7
2026-09-04 16:18:31,repeat_random_model.py,"(1021, 9)",858,sequential_2420,Dense 32 -> 64 -> 64 -> 16 -> 64 -> 128 -> 1,mse,adam_2420,20,128,1.6168,52596.64453125,6093.28125,5764.45751953125,0.1675844904076672,0.7
2026-09-04 16:18:33,repeat_random_model.py,"(1021, 9)",858,sequential_2421,Dense 32 -> 64 -> 64 -> 16 -> 64 -> 64 -> 1,mse,adam_2421,20,128,1.5624,43319.90625,6220.0517578125,6055.984375,0.1254865952089863,0.7
2026-09-04 16:18:34,repeat_random_model.py,"(1021, 9)",858,sequential_2422,Dense 32 -> 64 -> 64 -> 16 -> 64 -> 32 -> 1,mse,adam_2422,20,128,1.5889,43342.58984375,6074.2978515625,5804.39501953125,0.16181737333852697,0.7
2026-09-04 16:18:36,repeat_random_model.py,"(1021, 9)",858,sequential_2423,Dense 32 -> 64 -> 64 -> 16 -> 64 -> 16 -> 1,mse,adam_2423,20,128,1.562,108195.8828125,5990.38671875,5808.98046875,0.1611551756681594,0.7
2026-09-04 16:18:38,repeat_random_model.py,"(1021, 9)",858,sequential_2424,Dense 32 -> 64 -> 64 -> 16 -> 32 -> 128 -> 1,mse,adam_2424,20,128,1.5959,19301.994140625,5533.4716796875,5568.78271484375,0.19584095237378418,0.7
2026-09-04 16:18:46,repeat_random_model.py,"(1021, 9)",858,sequential_2425,Dense 32 -> 64 -> 64 -> 16 -> 32 -> 64 -> 1,mse,adam_2425,20,128,6.7472,23587.529296875,5732.654296875,5684.15283203125,0.17918082726914675,0.7
2026-09-04 16:18:57,repeat_random_model.py,"(1021, 9)",858,sequential_2426,Dense 32 -> 64 -> 64 -> 16 -> 32 -> 32 -> 1,mse,adam_2426,20,128,10.5846,23899.216796875,5953.15625,6137.30029296875,0.11374432046944072,0.7
2026-09-04 16:18:59,repeat_random_model.py,"(1021, 9)",858,sequential_2427,Dense 32 -> 64 -> 64 -> 16 -> 32 -> 16 -> 1,mse,adam_2427,20,128,1.4753,81001.5,6086.64111328125,5907.2734375,0.14696122713924398,0.7
2026-09-04 16:19:00,repeat_random_model.py,"(1021, 9)",858,sequential_2428,Dense 32 -> 64 -> 64 -> 16 -> 16 -> 128 -> 1,mse,adam_2428,20,128,1.4638,13109.3271484375,5864.45361328125,5397.58837890625,0.22056218481136047,0.7
2026-09-04 16:19:02,repeat_random_model.py,"(1021, 9)",858,sequential_2429,Dense 32 -> 64 -> 64 -> 16 -> 16 -> 64 -> 1,mse,adam_2429,20,128,1.4408,13158.1845703125,5552.490234375,4742.97607421875,0.31509133761803376,0.7
2026-09-04 16:19:04,repeat_random_model.py,"(1021, 9)",858,sequential_2430,Dense 32 -> 64 -> 64 -> 16 -> 16 -> 32 -> 1,mse,adam_2430,20,128,1.4795,17996.3359375,5643.18310546875,5444.71923828125,0.21375638724104418,0.7
2026-09-04 16:19:06,repeat_random_model.py,"(1021, 9)",858,sequential_2431,Dense 32 -> 64 -> 64 -> 16 -> 16 -> 16 -> 1,mse,adam_2431,20,128,1.6149,24452.3828125,5768.76171875,5446.6484375,0.21347773222498068,0.7
2026-09-04 16:19:07,repeat_random_model.py,"(1021, 9)",858,sequential_2432,Dense 32 -> 64 -> 32 -> 128 -> 128 -> 128 -> 1,mse,adam_2432,20,128,1.6041,107660.484375,4775.5205078125,4667.859375,0.325938549866571,0.7
2026-09-04 16:19:09,repeat_random_model.py,"(1021, 9)",858,sequential_2433,Dense 32 -> 64 -> 32 -> 128 -> 128 -> 64 -> 1,mse,adam_2433,20,128,1.587,143933.46875,6269.2255859375,5997.94677734375,0.1338674811702314,0.7
2026-09-04 16:19:11,repeat_random_model.py,"(1021, 9)",858,sequential_2434,Dense 32 -> 64 -> 32 -> 128 -> 128 -> 32 -> 1,mse,adam_2434,20,128,1.5578,135066.265625,6215.7138671875,6262.73681640625,0.0956305850662501,0.7
2026-09-04 16:19:13,repeat_random_model.py,"(1021, 9)",858,sequential_2435,Dense 32 -> 64 -> 32 -> 128 -> 128 -> 16 -> 1,mse,adam_2435,20,128,1.4719,180912.484375,6049.625,5974.18994140625,0.13729802003384195,0.7
2026-09-04 16:19:15,repeat_random_model.py,"(1021, 9)",858,sequential_2436,Dense 32 -> 64 -> 32 -> 128 -> 64 -> 128 -> 1,mse,adam_2436,20,128,1.6073,21834.900390625,5761.0048828125,6121.169921875,0.11607352769606982,0.7
2026-09-04 16:19:16,repeat_random_model.py,"(1021, 9)",858,sequential_2437,Dense 32 -> 64 -> 32 -> 128 -> 64 -> 64 -> 1,mse,adam_2437,20,128,1.5856,38001.72265625,5172.4111328125,4754.79638671875,0.3133846104409158,0.7
2026-09-04 16:19:18,repeat_random_model.py,"(1021, 9)",858,sequential_2438,Dense 32 -> 64 -> 32 -> 128 -> 64 -> 32 -> 1,mse,adam_2438,20,128,1.5243,106316.0390625,5645.39501953125,5606.41943359375,0.1904059936585315,0.7
2026-09-04 16:19:20,repeat_random_model.py,"(1021, 9)",858,sequential_2439,Dense 32 -> 64 -> 32 -> 128 -> 64 -> 16 -> 1,mse,adam_2439,20,128,1.5302,88204.71875,6104.27734375,5913.353515625,0.1460831680149035,0.7
2026-09-04 16:19:22,repeat_random_model.py,"(1021, 9)",858,sequential_2440,Dense 32 -> 64 -> 32 -> 128 -> 32 -> 128 -> 1,mse,adam_2440,20,128,1.61,23578.78515625,5306.10107421875,4811.927734375,0.30513444295320147,0.7
2026-09-04 16:19:23,repeat_random_model.py,"(1021, 9)",858,sequential_2441,Dense 32 -> 64 -> 32 -> 128 -> 32 -> 64 -> 1,mse,adam_2441,20,128,1.4142,28023.755859375,5934.6328125,5546.0458984375,0.19912422662192553,0.7
2026-09-04 16:19:25,repeat_random_model.py,"(1021, 9)",858,sequential_2442,Dense 32 -> 64 -> 32 -> 128 -> 32 -> 32 -> 1,mse,adam_2442,20,128,1.5037,22704.099609375,5849.19287109375,5391.7509765625,0.22140516130555543,0.7
2026-09-04 16:19:27,repeat_random_model.py,"(1021, 9)",858,sequential_2443,Dense 32 -> 64 -> 32 -> 128 -> 32 -> 16 -> 1,mse,adam_2443,20,128,1.4423,20511.662109375,5615.37451171875,5273.9287109375,0.23841933158799244,0.7
2026-09-04 16:19:29,repeat_random_model.py,"(1021, 9)",858,sequential_2444,Dense 32 -> 64 -> 32 -> 128 -> 16 -> 128 -> 1,mse,adam_2444,20,128,1.4214,28851.345703125,6299.85986328125,5876.93701171875,0.15134205132291567,0.7
2026-09-04 16:19:30,repeat_random_model.py,"(1021, 9)",858,sequential_2445,Dense 32 -> 64 -> 32 -> 128 -> 16 -> 64 -> 1,mse,adam_2445,20,128,1.3699,14015.5341796875,4637.01171875,3820.550048828125,0.4482941391545697,0.7
2026-09-04 16:19:32,repeat_random_model.py,"(1021, 9)",858,sequential_2446,Dense 32 -> 64 -> 32 -> 128 -> 16 -> 32 -> 1,mse,adam_2446,20,128,1.3726,213585.078125,6333.7734375,6005.25634765625,0.13281201283874533,0.7
2026-09-04 16:19:34,repeat_random_model.py,"(1021, 9)",858,sequential_2447,Dense 32 -> 64 -> 32 -> 128 -> 16 -> 16 -> 1,mse,adam_2447,20,128,1.4713,79237.1328125,6074.24609375,5808.2021484375,0.1612676632835528,0.7
2026-09-04 16:19:35,repeat_random_model.py,"(1021, 9)",858,sequential_2448,Dense 32 -> 64 -> 32 -> 64 -> 128 -> 128 -> 1,mse,adam_2448,20,128,1.4402,76704.6015625,6015.67529296875,5536.267578125,0.20053622493337708,0.7
2026-09-04 16:19:37,repeat_random_model.py,"(1021, 9)",858,sequential_2449,Dense 32 -> 64 -> 32 -> 64 -> 128 -> 64 -> 1,mse,adam_2449,20,128,1.6569,164580.921875,6065.73779296875,5772.25927734375,0.16645794869272856,0.7
2026-09-04 16:19:39,repeat_random_model.py,"(1021, 9)",858,sequential_2450,Dense 32 -> 64 -> 32 -> 64 -> 128 -> 32 -> 1,mse,adam_2450,20,128,1.3977,67965.1484375,6039.09619140625,5597.94970703125,0.19162901381302133,0.7
2026-09-04 16:19:41,repeat_random_model.py,"(1021, 9)",858,sequential_2451,Dense 32 -> 64 -> 32 -> 64 -> 128 -> 16 -> 1,mse,adam_2451,20,128,1.4656,43634.07421875,5713.33251953125,5568.00341796875,0.19595355174400553,0.7
2026-09-04 16:19:46,repeat_random_model.py,"(1021, 9)",858,sequential_2452,Dense 32 -> 64 -> 32 -> 64 -> 64 -> 128 -> 1,mse,adam_2452,20,128,5.2821,33790.22265625,6008.45361328125,5693.97265625,0.17776295019324828,0.7
2026-09-04 16:19:48,repeat_random_model.py,"(1021, 9)",858,sequential_2453,Dense 32 -> 64 -> 32 -> 64 -> 64 -> 64 -> 1,mse,adam_2453,20,128,1.6048,22109.7109375,4982.80908203125,4487.03271484375,0.35205085556950977,0.7
2026-09-04 16:19:50,repeat_random_model.py,"(1021, 9)",858,sequential_2454,Dense 32 -> 64 -> 32 -> 64 -> 64 -> 32 -> 1,mse,adam_2454,20,128,1.4372,31908.5859375,4836.88818359375,4580.58251953125,0.33854181774252823,0.7
2026-09-04 16:19:51,repeat_random_model.py,"(1021, 9)",858,sequential_2455,Dense 32 -> 64 -> 32 -> 64 -> 64 -> 16 -> 1,mse,adam_2455,20,128,1.5357,53927.32421875,5489.0908203125,5277.68359375,0.23787694286213057,0.7
2026-09-04 16:19:53,repeat_random_model.py,"(1021, 9)",858,sequential_2456,Dense 32 -> 64 -> 32 -> 64 -> 32 -> 128 -> 1,mse,adam_2456,20,128,1.4724,36313.01953125,5809.16943359375,5720.3671875,0.1739514741026259,0.7
2026-09-04 16:19:55,repeat_random_model.py,"(1021, 9)",858,sequential_2457,Dense 32 -> 64 -> 32 -> 64 -> 32 -> 64 -> 1,mse,adam_2457,20,128,1.3775,219560.71875,6332.259765625,6076.03173828125,0.12259173051746275,0.7
2026-09-04 16:19:56,repeat_random_model.py,"(1021, 9)",858,sequential_2458,Dense 32 -> 64 -> 32 -> 64 -> 32 -> 32 -> 1,mse,adam_2458,20,128,1.4181,75074.6015625,6217.10107421875,5857.634765625,0.15412922841266885,0.7
2026-09-04 16:19:58,repeat_random_model.py,"(1021, 9)",858,sequential_2459,Dense 32 -> 64 -> 32 -> 64 -> 32 -> 16 -> 1,mse,adam_2459,20,128,1.3593,253566.0625,6504.771484375,6123.89892578125,0.11567944874521463,0.7
2026-09-04 16:20:00,repeat_random_model.py,"(1021, 9)",858,sequential_2460,Dense 32 -> 64 -> 32 -> 64 -> 16 -> 128 -> 1,mse,adam_2460,20,128,1.3786,12060.974609375,5931.31640625,5701.53759765625,0.17667052968099906,0.7
2026-09-04 16:20:01,repeat_random_model.py,"(1021, 9)",858,sequential_2461,Dense 32 -> 64 -> 32 -> 64 -> 16 -> 64 -> 1,mse,adam_2461,20,128,1.4727,25958.005859375,6308.40576171875,5927.3896484375,0.1440563162112396,0.7
2026-09-04 16:20:03,repeat_random_model.py,"(1021, 9)",858,sequential_2462,Dense 32 -> 64 -> 32 -> 64 -> 16 -> 32 -> 1,mse,adam_2462,20,128,1.5775,16576.40625,5251.29638671875,4793.36572265625,0.30781489220858727,0.7
2026-09-04 16:20:05,repeat_random_model.py,"(1021, 9)",858,sequential_2463,Dense 32 -> 64 -> 32 -> 64 -> 16 -> 16 -> 1,mse,adam_2463,20,128,1.5019,20020.38671875,6046.54541015625,5643.6865234375,0.18502435801025097,0.7
2026-09-04 16:20:07,repeat_random_model.py,"(1021, 9)",858,sequential_2464,Dense 32 -> 64 -> 32 -> 32 -> 128 -> 128 -> 1,mse,adam_2464,20,128,1.5564,49368.18359375,6096.640625,5749.052734375,0.1698090644617476,0.7
2026-09-04 16:20:09,repeat_random_model.py,"(1021, 9)",858,sequential_2465,Dense 32 -> 64 -> 32 -> 32 -> 128 -> 64 -> 1,mse,adam_2465,20,128,1.4667,92190.2109375,5961.07763671875,5745.7626953125,0.17028422976369084,0.7
2026-09-04 16:20:10,repeat_random_model.py,"(1021, 9)",858,sequential_2466,Dense 32 -> 64 -> 32 -> 32 -> 128 -> 32 -> 1,mse,adam_2466,20,128,1.5069,86522.53125,6222.0771484375,5968.06982421875,0.13818188675786758,0.7
2026-09-04 16:20:12,repeat_random_model.py,"(1021, 9)",858,sequential_2467,Dense 32 -> 64 -> 32 -> 32 -> 128 -> 16 -> 1,mse,adam_2467,20,128,1.4115,47467.3515625,5729.08837890625,5437.623046875,0.21478099434495457,0.7
2026-09-04 16:20:14,repeat_random_model.py,"(1021, 9)",858,sequential_2468,Dense 32 -> 64 -> 32 -> 32 -> 64 -> 128 -> 1,mse,adam_2468,20,128,1.5187,27417.998046875,6629.9853515625,6293.56982421875,0.09117825242736144,0.7
2026-09-04 16:20:15,repeat_random_model.py,"(1021, 9)",858,sequential_2469,Dense 32 -> 64 -> 32 -> 32 -> 64 -> 64 -> 1,mse,adam_2469,20,128,1.4791,168654.6875,6028.0966796875,5762.658203125,0.167844362548764,0.7
2026-09-04 16:20:17,repeat_random_model.py,"(1021, 9)",858,sequential_2470,Dense 32 -> 64 -> 32 -> 32 -> 64 -> 32 -> 1,mse,adam_2470,20,128,1.5817,54591.453125,6278.81689453125,6025.17529296875,0.12993558885268908,0.7
2026-09-04 16:20:19,repeat_random_model.py,"(1021, 9)",858,sequential_2471,Dense 32 -> 64 -> 32 -> 32 -> 64 -> 16 -> 1,mse,adam_2471,20,128,1.4571,42713.09765625,6355.47802734375,6177.2236328125,0.10797911025967455,0.7
2026-09-04 16:20:21,repeat_random_model.py,"(1021, 9)",858,sequential_2472,Dense 32 -> 64 -> 32 -> 32 -> 32 -> 128 -> 1,mse,adam_2472,20,128,1.4477,58929.67578125,5647.37646484375,5547.84326171875,0.19886473643367875,0.7
2026-09-04 16:20:23,repeat_random_model.py,"(1021, 9)",858,sequential_2473,Dense 32 -> 64 -> 32 -> 32 -> 32 -> 64 -> 1,mse,adam_2473,20,128,1.5495,19155.08203125,5888.8984375,5383.3173828125,0.22262302441310877,0.7
2026-09-04 16:20:24,repeat_random_model.py,"(1021, 9)",858,sequential_2474,Dense 32 -> 64 -> 32 -> 32 -> 32 -> 32 -> 1,mse,adam_2474,20,128,1.4872,18567.265625,5185.57470703125,4987.2158203125,0.2798219963634345,0.7
2026-09-04 16:20:26,repeat_random_model.py,"(1021, 9)",858,sequential_2475,Dense 32 -> 64 -> 32 -> 32 -> 32 -> 16 -> 1,mse,adam_2475,20,128,1.5132,347326.875,6659.197265625,6429.20654296875,0.071591496590384,0.7
2026-09-04 16:20:55,repeat_random_model.py,"(1021, 9)",858,sequential_2476,Dense 32 -> 64 -> 32 -> 32 -> 16 -> 128 -> 1,mse,adam_2476,20,128,28.6562,14443.7822265625,4391.0791015625,3673.9140625,0.46946907731026133,0.7
2026-09-04 16:20:57,repeat_random_model.py,"(1021, 9)",858,sequential_2477,Dense 32 -> 64 -> 32 -> 32 -> 16 -> 64 -> 1,mse,adam_2477,20,128,1.4567,16244.23046875,4832.70654296875,4690.533203125,0.3226643461771833,0.7
2026-09-04 16:20:58,repeat_random_model.py,"(1021, 9)",858,sequential_2478,Dense 32 -> 64 -> 32 -> 32 -> 16 -> 32 -> 1,mse,adam_2478,20,128,1.5215,97397.1875,6426.671875,6087.4501953125,0.1209428827323843,0.7
2026-09-04 16:21:00,repeat_random_model.py,"(1021, 9)",858,sequential_2479,Dense 32 -> 64 -> 32 -> 32 -> 16 -> 16 -> 1,mse,adam_2479,20,128,1.7016,31929.3828125,5852.55810546875,6207.29248046875,0.10363713371438998,0.7
2026-09-04 16:21:03,repeat_random_model.py,"(1021, 9)",858,sequential_2480,Dense 32 -> 64 -> 32 -> 16 -> 128 -> 128 -> 1,mse,adam_2480,20,128,1.8529,142289.234375,6231.6923828125,5968.43701171875,0.13812885363454397,0.7
2026-09-04 16:21:04,repeat_random_model.py,"(1021, 9)",858,sequential_2481,Dense 32 -> 64 -> 32 -> 16 -> 128 -> 64 -> 1,mse,adam_2481,20,128,1.5714,57005.109375,6232.47607421875,5951.3388671875,0.14059798323172512,0.7
2026-09-04 16:21:06,repeat_random_model.py,"(1021, 9)",858,sequential_2482,Dense 32 -> 64 -> 32 -> 16 -> 128 -> 32 -> 1,mse,adam_2482,20,128,1.6002,22635.650390625,5267.91259765625,5152.49462890625,0.2559548733232623,0.7
2026-09-04 16:21:08,repeat_random_model.py,"(1021, 9)",858,sequential_2483,Dense 32 -> 64 -> 32 -> 16 -> 128 -> 16 -> 1,mse,adam_2483,20,128,1.617,107004.6171875,6333.271484375,6050.95361328125,0.12621303783700943,0.7
2026-09-04 16:21:10,repeat_random_model.py,"(1021, 9)",858,sequential_2484,Dense 32 -> 64 -> 32 -> 16 -> 64 -> 128 -> 1,mse,adam_2484,20,128,1.6581,11704.4912109375,5232.5927734375,3614.531494140625,0.47804423774130367,0.7
2026-09-04 16:21:12,repeat_random_model.py,"(1021, 9)",858,sequential_2485,Dense 32 -> 64 -> 32 -> 16 -> 64 -> 64 -> 1,mse,adam_2485,20,128,1.551,21779.13671875,5701.734375,5657.517578125,0.18302711322415066,0.7
2026-09-04 16:21:14,repeat_random_model.py,"(1021, 9)",858,sequential_2486,Dense 32 -> 64 -> 32 -> 16 -> 64 -> 32 -> 1,mse,adam_2486,20,128,1.5978,52436.30078125,5933.537109375,5662.23583984375,0.1823458508713619,0.7
2026-09-04 16:21:16,repeat_random_model.py,"(1021, 9)",858,sequential_2487,Dense 32 -> 64 -> 32 -> 16 -> 64 -> 16 -> 1,mse,adam_2487,20,128,1.6068,17261.6015625,5393.6025390625,5144.0263671875,0.2571777519478782,0.7
2026-09-04 16:21:18,repeat_random_model.py,"(1021, 9)",858,sequential_2488,Dense 32 -> 64 -> 32 -> 16 -> 32 -> 128 -> 1,mse,adam_2488,20,128,1.624,37755.83984375,6117.76708984375,5907.15234375,0.14697872903296272,0.7
2026-09-04 16:21:19,repeat_random_model.py,"(1021, 9)",858,sequential_2489,Dense 32 -> 64 -> 32 -> 16 -> 32 -> 64 -> 1,mse,adam_2489,20,128,1.5637,74309.375,6349.51123046875,6092.45703125,0.12021977952853458,0.7
2026-09-04 16:21:21,repeat_random_model.py,"(1021, 9)",858,sequential_2490,Dense 32 -> 64 -> 32 -> 16 -> 32 -> 32 -> 1,mse,adam_2490,20,128,1.5289,51285.69140625,6121.77880859375,5866.90478515625,0.152790668173988,0.7
2026-09-04 16:21:23,repeat_random_model.py,"(1021, 9)",858,sequential_2491,Dense 32 -> 64 -> 32 -> 16 -> 32 -> 16 -> 1,mse,adam_2491,20,128,1.5652,66115.1640625,5814.3046875,5540.8232421875,0.19987847327270147,0.7
2026-09-04 16:21:25,repeat_random_model.py,"(1021, 9)",858,sequential_2492,Dense 32 -> 64 -> 32 -> 16 -> 16 -> 128 -> 1,mse,adam_2492,20,128,1.7363,34794.16015625,6122.2001953125,5852.08642578125,0.1549304760922049,0.7
2026-09-04 16:21:27,repeat_random_model.py,"(1021, 9)",858,sequential_2493,Dense 32 -> 64 -> 32 -> 16 -> 16 -> 64 -> 1,mse,adam_2493,20,128,1.6043,17789.142578125,4913.02197265625,4695.72265625,0.32191492023998425,0.7
2026-09-04 16:21:29,repeat_random_model.py,"(1021, 9)",858,sequential_2494,Dense 32 -> 64 -> 32 -> 16 -> 16 -> 32 -> 1,mse,adam_2494,20,128,1.4608,117947.7734375,6339.07568359375,6118.294921875,0.11648863750212124,0.7
2026-09-04 16:21:31,repeat_random_model.py,"(1021, 9)",858,sequential_2495,Dense 32 -> 64 -> 32 -> 16 -> 16 -> 16 -> 1,mse,adam_2495,20,128,1.6388,119013.484375,6122.0859375,5843.93701171875,0.15610735287648936,0.7
2026-09-04 16:21:33,repeat_random_model.py,"(1021, 9)",858,sequential_2496,Dense 32 -> 64 -> 16 -> 128 -> 128 -> 128 -> 1,mse,adam_2496,20,128,1.8267,116199.765625,5991.9677734375,5851.2353515625,0.15505340030388215,0.7
2026-09-04 16:21:35,repeat_random_model.py,"(1021, 9)",858,sequential_2497,Dense 32 -> 64 -> 16 -> 128 -> 128 -> 64 -> 1,mse,adam_2497,20,128,1.762,24933.662109375,4632.4111328125,4538.30078125,0.34464747231400206,0.7
2026-09-04 16:21:37,repeat_random_model.py,"(1021, 9)",858,sequential_2498,Dense 32 -> 64 -> 16 -> 128 -> 128 -> 32 -> 1,mse,adam_2498,20,128,1.754,66578.5546875,5886.1455078125,5697.955078125,0.1771878315428047,0.7
2026-09-04 16:21:39,repeat_random_model.py,"(1021, 9)",858,sequential_2499,Dense 32 -> 64 -> 16 -> 128 -> 128 -> 16 -> 1,mse,adam_2499,20,128,1.9673,105632.0234375,5980.5732421875,5768.54248046875,0.1669946370880494,0.7
2026-09-04 16:21:41,repeat_random_model.py,"(1021, 9)",858,sequential_2500,Dense 32 -> 64 -> 16 -> 128 -> 64 -> 128 -> 1,mse,adam_2500,20,128,1.7326,34445.27734375,5106.81201171875,5079.37744140625,0.26651337930804975,0.7
2026-09-04 16:21:43,repeat_random_model.py,"(1021, 9)",858,sequential_2501,Dense 32 -> 64 -> 16 -> 128 -> 64 -> 64 -> 1,mse,adam_2501,20,128,1.6966,34273.0546875,5620.4912109375,5504.9921875,0.20505245158254726,0.7
2026-09-04 16:21:45,repeat_random_model.py,"(1021, 9)",858,sequential_2502,Dense 32 -> 64 -> 16 -> 128 -> 64 -> 32 -> 1,mse,adam_2502,20,128,1.8244,47430.03515625,6083.08203125,5828.56298828125,0.15832745294565131,0.7
2026-09-04 16:21:47,repeat_random_model.py,"(1021, 9)",858,sequential_2503,Dense 32 -> 64 -> 16 -> 128 -> 64 -> 16 -> 1,mse,adam_2503,20,128,1.8182,27562.115234375,5292.26025390625,5079.18994140625,0.2665405169139926,0.7
2026-09-04 16:21:49,repeat_random_model.py,"(1021, 9)",858,sequential_2504,Dense 32 -> 64 -> 16 -> 128 -> 32 -> 128 -> 1,mse,adam_2504,20,128,1.8088,22112.455078125,5937.4453125,5435.14111328125,0.21513947253831756,0.7
2026-09-04 16:21:51,repeat_random_model.py,"(1021, 9)",858,sequential_2505,Dense 32 -> 64 -> 16 -> 128 -> 32 -> 64 -> 1,mse,adam_2505,20,128,1.7368,16555.974609375,5399.0458984375,4983.375,0.28037653739526325,0.7
2026-09-04 16:21:53,repeat_random_model.py,"(1021, 9)",858,sequential_2506,Dense 32 -> 64 -> 16 -> 128 -> 32 -> 32 -> 1,mse,adam_2506,20,128,1.658,25723.6484375,5586.431640625,6147.40087890625,0.11228561363437917,0.7
2026-09-04 16:21:55,repeat_random_model.py,"(1021, 9)",858,sequential_2507,Dense 32 -> 64 -> 16 -> 128 -> 32 -> 16 -> 1,mse,adam_2507,20,128,1.642,84832.1953125,5926.95361328125,5604.259765625,0.19071790117810572,0.7
2026-09-04 16:21:57,repeat_random_model.py,"(1021, 9)",858,sequential_2508,Dense 32 -> 64 -> 16 -> 128 -> 16 -> 128 -> 1,mse,adam_2508,20,128,1.6243,8686.2744140625,4305.50634765625,4032.562255859375,0.41767854902675017,0.7
2026-09-04 16:21:59,repeat_random_model.py,"(1021, 9)",858,sequential_2509,Dense 32 -> 64 -> 16 -> 128 -> 16 -> 64 -> 1,mse,adam_2509,20,128,1.6553,12509.404296875,5767.68994140625,5890.734375,0.14934956358299945,0.7
2026-09-04 16:22:01,repeat_random_model.py,"(1021, 9)",858,sequential_2510,Dense 32 -> 64 -> 16 -> 128 -> 16 -> 32 -> 1,mse,adam_2510,20,128,1.6622,18731.4140625,5630.90673828125,5531.09326171875,0.2012835173870745,0.7
2026-09-04 16:22:03,repeat_random_model.py,"(1021, 9)",858,sequential_2511,Dense 32 -> 64 -> 16 -> 128 -> 16 -> 16 -> 1,mse,adam_2511,20,128,1.5238,32976.2890625,6199.77880859375,5965.7646484375,0.13851471096897328,0.7
2026-09-04 16:22:05,repeat_random_model.py,"(1021, 9)",858,sequential_2512,Dense 32 -> 64 -> 16 -> 64 -> 128 -> 128 -> 1,mse,adam_2512,20,128,1.7171,33367.51171875,6741.48193359375,6046.01953125,0.12692574705450643,0.7
2026-09-04 16:22:07,repeat_random_model.py,"(1021, 9)",858,sequential_2513,Dense 32 -> 64 -> 16 -> 64 -> 128 -> 64 -> 1,mse,adam_2513,20,128,1.7189,40028.8671875,4794.19140625,4592.70166015625,0.33679177502115987,0.7
2026-09-04 16:22:09,repeat_random_model.py,"(1021, 9)",858,sequential_2514,Dense 32 -> 64 -> 16 -> 64 -> 128 -> 32 -> 1,mse,adam_2514,20,128,1.6785,43118.328125,6357.39990234375,5973.04638671875,0.1374633058360487,0.7
2026-09-04 16:22:11,repeat_random_model.py,"(1021, 9)",858,sequential_2515,Dense 32 -> 64 -> 16 -> 64 -> 128 -> 16 -> 1,mse,adam_2515,20,128,1.666,46394.33984375,5974.51123046875,5674.55078125,0.18056746700160198,0.7
2026-09-04 16:22:13,repeat_random_model.py,"(1021, 9)",858,sequential_2516,Dense 32 -> 64 -> 16 -> 64 -> 64 -> 128 -> 1,mse,adam_2516,20,128,1.6695,17620.451171875,4228.44775390625,3839.075439453125,0.4456189744552195,0.7
2026-09-04 16:22:14,repeat_random_model.py,"(1021, 9)",858,sequential_2517,Dense 32 -> 64 -> 16 -> 64 -> 64 -> 64 -> 1,mse,adam_2517,20,128,1.4793,81693.5859375,6109.3955078125,5850.22509765625,0.15519932043291496,0.7
2026-09-04 16:22:16,repeat_random_model.py,"(1021, 9)",858,sequential_2518,Dense 32 -> 64 -> 16 -> 64 -> 64 -> 32 -> 1,mse,adam_2518,20,128,1.4389,58706.59375,6045.67041015625,5813.21533203125,0.1605436890063645,0.7
2026-09-04 16:22:18,repeat_random_model.py,"(1021, 9)",858,sequential_2519,Dense 32 -> 64 -> 16 -> 64 -> 64 -> 16 -> 1,mse,adam_2519,20,128,1.4805,15058.7978515625,4383.69921875,4017.547607421875,0.4198467638673138,0.7
2026-09-04 16:22:20,repeat_random_model.py,"(1021, 9)",858,sequential_2520,Dense 32 -> 64 -> 16 -> 64 -> 32 -> 128 -> 1,mse,adam_2520,20,128,1.6399,22784.162109375,5205.19775390625,5088.52099609375,0.2651929403548834,0.7
2026-09-04 16:22:22,repeat_random_model.py,"(1021, 9)",858,sequential_2521,Dense 32 -> 64 -> 16 -> 64 -> 32 -> 64 -> 1,mse,adam_2521,20,128,1.6206,46765.2265625,6014.87890625,5785.54638671875,0.1645393003746739,0.7
2026-09-04 16:22:24,repeat_random_model.py,"(1021, 9)",858,sequential_2522,Dense 32 -> 64 -> 16 -> 64 -> 32 -> 32 -> 1,mse,adam_2522,20,128,1.513,66214.5859375,6344.775390625,6092.619140625,0.12019639365351431,0.7
2026-09-04 16:22:25,repeat_random_model.py,"(1021, 9)",858,sequential_2523,Dense 32 -> 64 -> 16 -> 64 -> 32 -> 16 -> 1,mse,adam_2523,20,128,1.4045,10504.064453125,5057.0869140625,4480.74755859375,0.35295851313698223,0.7
2026-09-04 16:22:27,repeat_random_model.py,"(1021, 9)",858,sequential_2524,Dense 32 -> 64 -> 16 -> 64 -> 16 -> 128 -> 1,mse,adam_2524,20,128,1.4855,8244.0673828125,4668.19970703125,4354.87548828125,0.3711349316712408,0.7
2026-09-04 16:22:29,repeat_random_model.py,"(1021, 9)",858,sequential_2525,Dense 32 -> 64 -> 16 -> 64 -> 16 -> 64 -> 1,mse,adam_2525,20,128,1.4699,10063.4091796875,4999.6982421875,4086.949462890625,0.4098247615911974,0.7
2026-09-04 16:22:31,repeat_random_model.py,"(1021, 9)",858,sequential_2526,Dense 32 -> 64 -> 16 -> 64 -> 16 -> 32 -> 1,mse,adam_2526,20,128,1.6026,26978.1796875,6370.9619140625,6106.28125,0.11822352638406697,0.7
2026-09-04 16:22:33,repeat_random_model.py,"(1021, 9)",858,sequential_2527,Dense 32 -> 64 -> 16 -> 64 -> 16 -> 16 -> 1,mse,adam_2527,20,128,1.5962,11582.017578125,6895.2666015625,5611.2333984375,0.18971080751436342,0.7
2026-09-04 16:22:34,repeat_random_model.py,"(1021, 9)",858,sequential_2528,Dense 32 -> 64 -> 16 -> 32 -> 128 -> 128 -> 1,mse,adam_2528,20,128,1.6886,30410.0078125,4799.51953125,4529.63623046875,0.3458986392554063,0.7
2026-09-04 16:22:36,repeat_random_model.py,"(1021, 9)",858,sequential_2529,Dense 32 -> 64 -> 16 -> 32 -> 128 -> 64 -> 1,mse,adam_2529,20,128,1.4864,48201.22265625,6200.00732421875,6041.046875,0.1276437275002622,0.7
2026-09-04 16:22:38,repeat_random_model.py,"(1021, 9)",858,sequential_2530,Dense 32 -> 64 -> 16 -> 32 -> 128 -> 32 -> 1,mse,adam_2530,20,128,1.6773,39683.671875,5858.39404296875,5861.61767578125,0.1535541417652455,0.7
2026-09-04 16:22:40,repeat_random_model.py,"(1021, 9)",858,sequential_2531,Dense 32 -> 64 -> 16 -> 32 -> 128 -> 16 -> 1,mse,adam_2531,20,128,1.4987,80291.8671875,5843.72021484375,5601.67529296875,0.19109101281296015,0.7
2026-09-04 16:22:42,repeat_random_model.py,"(1021, 9)",858,sequential_2532,Dense 32 -> 64 -> 16 -> 32 -> 64 -> 128 -> 1,mse,adam_2532,20,128,1.6056,25881.021484375,5186.84423828125,5247.61474609375,0.24221919049525842,0.7
2026-09-04 16:22:44,repeat_random_model.py,"(1021, 9)",858,sequential_2533,Dense 32 -> 64 -> 16 -> 32 -> 64 -> 64 -> 1,mse,adam_2533,20,128,1.6534,35782.953125,5936.33447265625,5206.30126953125,0.24818496813867386,0.7
2026-09-04 16:22:45,repeat_random_model.py,"(1021, 9)",858,sequential_2534,Dense 32 -> 64 -> 16 -> 32 -> 64 -> 32 -> 1,mse,adam_2534,20,128,1.4486,53778.54296875,5834.67236328125,5606.5107421875,0.1903928359160758,0.7
2026-09-04 16:22:47,repeat_random_model.py,"(1021, 9)",858,sequential_2535,Dense 32 -> 64 -> 16 -> 32 -> 64 -> 16 -> 1,mse,adam_2535,20,128,1.5025,92921.09375,6218.45361328125,5903.83544921875,0.14745765982727033,0.7
2026-09-04 16:22:49,repeat_random_model.py,"(1021, 9)",858,sequential_2536,Dense 32 -> 64 -> 16 -> 32 -> 32 -> 128 -> 1,mse,adam_2536,20,128,1.4682,24104.224609375,6250.89697265625,6182.27294921875,0.10725006176706842,0.7
2026-09-04 16:22:51,repeat_random_model.py,"(1021, 9)",858,sequential_2537,Dense 32 -> 64 -> 16 -> 32 -> 32 -> 64 -> 1,mse,adam_2537,20,128,1.4938,37322.15234375,5592.8837890625,5908.86767578125,0.1467310431568486,0.7
2026-09-04 16:22:53,repeat_random_model.py,"(1021, 9)",858,sequential_2538,Dense 32 -> 64 -> 16 -> 32 -> 32 -> 32 -> 1,mse,adam_2538,20,128,1.5395,173806.859375,6392.9921875,6034.91455078125,0.12852924184504577,0.7
2026-09-04 16:22:54,repeat_random_model.py,"(1021, 9)",858,sequential_2539,Dense 32 -> 64 -> 16 -> 32 -> 32 -> 16 -> 1,mse,adam_2539,20,128,1.5154,23716.37109375,5506.3818359375,5394.6923828125,0.2209803446434344,0.7
2026-09-04 16:22:56,repeat_random_model.py,"(1021, 9)",858,sequential_2540,Dense 32 -> 64 -> 16 -> 32 -> 16 -> 128 -> 1,mse,adam_2540,20,128,1.5089,14624.8876953125,5644.5732421875,5462.8212890625,0.21114215281390214,0.7
2026-09-04 16:22:58,repeat_random_model.py,"(1021, 9)",858,sequential_2541,Dense 32 -> 64 -> 16 -> 32 -> 16 -> 64 -> 1,mse,adam_2541,20,128,1.468,12968.2841796875,5153.7099609375,4851.84521484375,0.2993701687433322,0.7
2026-09-04 16:23:00,repeat_random_model.py,"(1021, 9)",858,sequential_2542,Dense 32 -> 64 -> 16 -> 32 -> 16 -> 32 -> 1,mse,adam_2542,20,128,1.4915,14589.41796875,5720.09375,5472.90673828125,0.20968584005908664,0.7
2026-09-04 16:23:01,repeat_random_model.py,"(1021, 9)",858,sequential_2543,Dense 32 -> 64 -> 16 -> 32 -> 16 -> 16 -> 1,mse,adam_2543,20,128,1.4546,103192.1484375,6410.9423828125,6097.857421875,0.11944000218199624,0.7
2026-09-04 16:23:03,repeat_random_model.py,"(1021, 9)",858,sequential_2544,Dense 32 -> 64 -> 16 -> 16 -> 128 -> 128 -> 1,mse,adam_2544,20,128,1.7962,53488.9453125,6096.4140625,5753.19921875,0.16921032461850527,0.7
2026-09-04 16:23:05,repeat_random_model.py,"(1021, 9)",858,sequential_2545,Dense 32 -> 64 -> 16 -> 16 -> 128 -> 64 -> 1,mse,adam_2545,20,128,1.6679,15763.0068359375,3908.0,4574.76220703125,0.33938221560598436,0.7
2026-09-04 16:23:07,repeat_random_model.py,"(1021, 9)",858,sequential_2546,Dense 32 -> 64 -> 16 -> 16 -> 128 -> 32 -> 1,mse,adam_2546,20,128,1.4869,19929.3203125,6011.19189453125,6022.14111328125,0.13037380862770986,0.7
2026-09-04 16:23:09,repeat_random_model.py,"(1021, 9)",858,sequential_2547,Dense 32 -> 64 -> 16 -> 16 -> 128 -> 16 -> 1,mse,adam_2547,20,128,1.5371,44118.94140625,5829.6982421875,5897.56884765625,0.1483625827239189,0.7
2026-09-04 16:23:11,repeat_random_model.py,"(1021, 9)",858,sequential_2548,Dense 32 -> 64 -> 16 -> 16 -> 64 -> 128 -> 1,mse,adam_2548,20,128,1.5522,21520.111328125,6037.427734375,5580.8046875,0.1941048925068357,0.7
2026-09-04 16:23:13,repeat_random_model.py,"(1021, 9)",858,sequential_2549,Dense 32 -> 64 -> 16 -> 16 -> 64 -> 64 -> 1,mse,adam_2549,20,128,1.5295,13467.2734375,5848.55419921875,5428.28125,0.2161300283776708,0.7
2026-09-04 16:23:14,repeat_random_model.py,"(1021, 9)",858,sequential_2550,Dense 32 -> 64 -> 16 -> 16 -> 64 -> 32 -> 1,mse,adam_2550,20,128,1.5188,23055.87890625,6152.04833984375,5958.392578125,0.13957921519267147,0.7
2026-09-04 16:23:16,repeat_random_model.py,"(1021, 9)",858,sequential_2551,Dense 32 -> 64 -> 16 -> 16 -> 64 -> 16 -> 1,mse,adam_2551,20,128,1.5369,98695.21875,6344.5849609375,5982.29931640625,0.13612709269170742,0.7
2026-09-04 16:23:18,repeat_random_model.py,"(1021, 9)",858,sequential_2552,Dense 32 -> 64 -> 16 -> 16 -> 32 -> 128 -> 1,mse,adam_2552,20,128,1.461,41941.94921875,6472.09033203125,6148.63623046875,0.11210723963236924,0.7
2026-09-04 16:23:19,repeat_random_model.py,"(1021, 9)",858,sequential_2553,Dense 32 -> 64 -> 16 -> 16 -> 32 -> 64 -> 1,mse,adam_2553,20,128,1.4164,11983.8203125,5880.2001953125,5469.7041015625,0.21014832487719892,0.7
2026-09-04 16:23:21,repeat_random_model.py,"(1021, 9)",858,sequential_2554,Dense 32 -> 64 -> 16 -> 16 -> 32 -> 32 -> 1,mse,adam_2554,20,128,1.5308,38760.265625,6276.54833984375,6010.953125,0.1319894556932617,0.7
2026-09-04 16:23:23,repeat_random_model.py,"(1021, 9)",858,sequential_2555,Dense 32 -> 64 -> 16 -> 16 -> 32 -> 16 -> 1,mse,adam_2555,20,128,1.4848,9349.1171875,4231.220703125,3530.332275390625,0.49020297598218476,0.7
2026-09-04 16:23:25,repeat_random_model.py,"(1021, 9)",858,sequential_2556,Dense 32 -> 64 -> 16 -> 16 -> 16 -> 128 -> 1,mse,adam_2556,20,128,1.4926,42585.4296875,5988.63427734375,5793.91455078125,0.16333082198567794,0.7
2026-09-04 16:23:26,repeat_random_model.py,"(1021, 9)",858,sequential_2557,Dense 32 -> 64 -> 16 -> 16 -> 16 -> 64 -> 1,mse,adam_2557,20,128,1.4655,33655.75,6408.5986328125,6041.68994140625,0.12755073854828103,0.7
2026-09-04 16:23:28,repeat_random_model.py,"(1021, 9)",858,sequential_2558,Dense 32 -> 64 -> 16 -> 16 -> 16 -> 32 -> 1,mse,adam_2558,20,128,1.4544,27831.326171875,5337.94189453125,5123.84228515625,0.2600924411101605,0.7
2026-09-04 16:23:30,repeat_random_model.py,"(1021, 9)",858,sequential_2559,Dense 32 -> 64 -> 16 -> 16 -> 16 -> 16 -> 1,mse,adam_2559,20,128,1.4686,16790.50390625,6243.49951171875,6065.44384765625,0.1241206079076348,0.7
2026-09-04 16:23:32,repeat_random_model.py,"(1021, 9)",858,sequential_2560,Dense 32 -> 32 -> 128 -> 128 -> 128 -> 128 -> 1,mse,adam_2560,20,128,1.7596,110153.5234375,5899.52001953125,5741.1337890625,0.17095274598820576,0.7
2026-09-04 16:23:34,repeat_random_model.py,"(1021, 9)",858,sequential_2561,Dense 32 -> 32 -> 128 -> 128 -> 128 -> 64 -> 1,mse,adam_2561,20,128,1.8017,96239.6171875,5827.69140625,5795.9326171875,0.16303934387668584,0.7
2026-09-04 16:23:36,repeat_random_model.py,"(1021, 9)",858,sequential_2562,Dense 32 -> 32 -> 128 -> 128 -> 128 -> 32 -> 1,mse,adam_2562,20,128,1.7233,146767.171875,6059.12255859375,5920.09326171875,0.1451099873032996,0.7
2026-09-04 16:23:38,repeat_random_model.py,"(1021, 9)",858,sequential_2563,Dense 32 -> 32 -> 128 -> 128 -> 128 -> 16 -> 1,mse,adam_2563,20,128,1.7434,115323.0859375,5429.32763671875,5129.0244140625,0.2593440851782244,0.7
2026-09-04 16:23:40,repeat_random_model.py,"(1021, 9)",858,sequential_2564,Dense 32 -> 32 -> 128 -> 128 -> 64 -> 128 -> 1,mse,adam_2564,20,128,1.6063,97333.9609375,5975.5966796875,6066.833984375,0.12391980768266075,0.7
2026-09-04 16:23:42,repeat_random_model.py,"(1021, 9)",858,sequential_2565,Dense 32 -> 32 -> 128 -> 128 -> 64 -> 64 -> 1,mse,adam_2565,20,128,1.5992,93213.7109375,5819.80810546875,5543.57568359375,0.19948089706756678,0.7
2026-09-04 16:23:44,repeat_random_model.py,"(1021, 9)",858,sequential_2566,Dense 32 -> 32 -> 128 -> 128 -> 64 -> 32 -> 1,mse,adam_2566,20,128,1.6127,82204.578125,5886.9248046875,5720.25244140625,0.17396804474631578,0.7
2026-09-04 16:23:46,repeat_random_model.py,"(1021, 9)",858,sequential_2567,Dense 32 -> 32 -> 128 -> 128 -> 64 -> 16 -> 1,mse,adam_2567,20,128,1.602,134687.296875,5405.91259765625,5209.13623046875,0.24777554029914906,0.7
2026-09-04 16:23:48,repeat_random_model.py,"(1021, 9)",858,sequential_2568,Dense 32 -> 32 -> 128 -> 128 -> 32 -> 128 -> 1,mse,adam_2568,20,128,1.698,66235.1328125,6014.642578125,5743.15185546875,0.17066111298779751,0.7
2026-09-04 16:23:49,repeat_random_model.py,"(1021, 9)",858,sequential_2569,Dense 32 -> 32 -> 128 -> 128 -> 32 -> 64 -> 1,mse,adam_2569,20,128,1.5728,72957.8828125,6202.74267578125,5871.44677734375,0.15213479711081845,0.7
2026-09-04 16:23:51,repeat_random_model.py,"(1021, 9)",858,sequential_2570,Dense 32 -> 32 -> 128 -> 128 -> 32 -> 32 -> 1,mse,adam_2570,20,128,1.5984,37947.046875,4864.09521484375,4716.623046875,0.318896856511966,0.7
2026-09-04 16:23:53,repeat_random_model.py,"(1021, 9)",858,sequential_2571,Dense 32 -> 32 -> 128 -> 128 -> 32 -> 16 -> 1,mse,adam_2571,20,128,1.5921,66656.1875,4760.40478515625,4328.5009765625,0.3749436122302061,0.7
2026-09-04 16:23:55,repeat_random_model.py,"(1021, 9)",858,sequential_2572,Dense 32 -> 32 -> 128 -> 128 -> 16 -> 128 -> 1,mse,adam_2572,20,128,1.5739,25650.76953125,5348.67578125,5418.18505859375,0.21758792503080215,0.7
2026-09-04 16:23:57,repeat_random_model.py,"(1021, 9)",858,sequential_2573,Dense 32 -> 32 -> 128 -> 128 -> 16 -> 64 -> 1,mse,adam_2573,20,128,1.6033,57768.98828125,6143.1357421875,5913.52294921875,0.1460588517559106,0.7
2026-09-04 16:23:59,repeat_random_model.py,"(1021, 9)",858,sequential_2574,Dense 32 -> 32 -> 128 -> 128 -> 16 -> 32 -> 1,mse,adam_2574,20,128,1.556,100838.71875,5810.32958984375,5742.92138671875,0.17069441771521898,0.7
2026-09-04 16:24:00,repeat_random_model.py,"(1021, 9)",858,sequential_2575,Dense 32 -> 32 -> 128 -> 128 -> 16 -> 16 -> 1,mse,adam_2575,20,128,1.526,50203.26171875,6128.47802734375,5931.31640625,0.14348927673434242,0.7
2026-09-04 16:24:02,repeat_random_model.py,"(1021, 9)",858,sequential_2576,Dense 32 -> 32 -> 128 -> 64 -> 128 -> 128 -> 1,mse,adam_2576,20,128,1.6096,123779.03125,5887.380859375,5694.998046875,0.1776147957347851,0.7
2026-09-04 16:24:04,repeat_random_model.py,"(1021, 9)",858,sequential_2577,Dense 32 -> 32 -> 128 -> 64 -> 128 -> 64 -> 1,mse,adam_2577,20,128,1.5756,158118.609375,6335.4736328125,5994.46728515625,0.1343700082691066,0.7
2026-09-04 16:24:06,repeat_random_model.py,"(1021, 9)",858,sequential_2578,Dense 32 -> 32 -> 128 -> 64 -> 128 -> 32 -> 1,mse,adam_2578,20,128,1.7434,87391.625,5915.13037109375,5638.76953125,0.18573449466278735,0.7
2026-09-04 16:24:08,repeat_random_model.py,"(1021, 9)",858,sequential_2579,Dense 32 -> 32 -> 128 -> 64 -> 128 -> 16 -> 1,mse,adam_2579,20,128,1.5902,64602.90625,5406.38525390625,5173.25,0.25295776527062597,0.7
2026-09-04 16:24:10,repeat_random_model.py,"(1021, 9)",858,sequential_2580,Dense 32 -> 32 -> 128 -> 64 -> 64 -> 128 -> 1,mse,adam_2580,20,128,1.5421,93036.2734375,6056.16259765625,5766.50732421875,0.16728847618364073,0.7
2026-09-04 16:24:12,repeat_random_model.py,"(1021, 9)",858,sequential_2581,Dense 32 -> 32 -> 128 -> 64 -> 64 -> 64 -> 1,mse,adam_2581,20,128,1.6569,76452.6875,5511.24755859375,5199.36376953125,0.24918684164024574,0.7
2026-09-04 16:24:14,repeat_random_model.py,"(1021, 9)",858,sequential_2582,Dense 32 -> 32 -> 128 -> 64 -> 64 -> 32 -> 1,mse,adam_2582,20,128,1.5724,139227.890625,6039.36767578125,5836.43359375,0.15719083698033776,0.7
2026-09-04 16:24:15,repeat_random_model.py,"(1021, 9)",858,sequential_2583,Dense 32 -> 32 -> 128 -> 64 -> 64 -> 16 -> 1,mse,adam_2583,20,128,1.5809,163983.265625,6494.8623046875,6151.291015625,0.11172378983235454,0.7
2026-09-04 16:24:17,repeat_random_model.py,"(1021, 9)",858,sequential_2584,Dense 32 -> 32 -> 128 -> 64 -> 32 -> 128 -> 1,mse,adam_2584,20,128,1.5607,76139.4453125,6440.64306640625,6097.0732421875,0.11955329829567574,0.7
2026-09-04 16:24:19,repeat_random_model.py,"(1021, 9)",858,sequential_2585,Dense 32 -> 32 -> 128 -> 64 -> 32 -> 64 -> 1,mse,adam_2585,20,128,1.6032,78427.2421875,5114.91064453125,4791.853515625,0.3080332753084941,0.7
2026-09-04 16:24:21,repeat_random_model.py,"(1021, 9)",858,sequential_2586,Dense 32 -> 32 -> 128 -> 64 -> 32 -> 32 -> 1,mse,adam_2586,20,128,1.4204,40000.296875,5303.291015625,5151.4833984375,0.25610100472006136,0.7
2026-09-04 16:24:22,repeat_random_model.py,"(1021, 9)",858,sequential_2587,Dense 32 -> 32 -> 128 -> 64 -> 32 -> 16 -> 1,mse,adam_2587,20,128,1.4046,178518.21875,6224.8564453125,5882.98046875,0.15046919588824847,0.7
2026-09-04 16:24:24,repeat_random_model.py,"(1021, 9)",858,sequential_2588,Dense 32 -> 32 -> 128 -> 64 -> 16 -> 128 -> 1,mse,adam_2588,20,128,1.5579,16416.7109375,5788.43896484375,5846.65087890625,0.15571553873616828,0.7
2026-09-04 16:24:26,repeat_random_model.py,"(1021, 9)",858,sequential_2589,Dense 32 -> 32 -> 128 -> 64 -> 16 -> 64 -> 1,mse,adam_2589,20,128,1.5401,43530.8046875,5980.32568359375,5824.71240234375,0.15888342499894725,0.7
2026-09-04 16:24:28,repeat_random_model.py,"(1021, 9)",858,sequential_2590,Dense 32 -> 32 -> 128 -> 64 -> 16 -> 32 -> 1,mse,adam_2590,20,128,1.5522,34250.65234375,5881.74560546875,5696.56103515625,0.17738900248187794,0.7
2026-09-04 16:24:39,repeat_random_model.py,"(1021, 9)",858,sequential_2591,Dense 32 -> 32 -> 128 -> 64 -> 16 -> 16 -> 1,mse,adam_2591,20,128,10.5598,49381.81640625,5852.25390625,5593.72705078125,0.19223882538774872,0.7
2026-09-04 16:24:48,repeat_random_model.py,"(1021, 9)",858,sequential_2592,Dense 32 -> 32 -> 128 -> 32 -> 128 -> 128 -> 1,mse,adam_2592,20,128,7.5538,32971.9375,5496.52392578125,5827.59521484375,0.15846716220713108,0.7
2026-09-04 16:25:01,repeat_random_model.py,"(1021, 9)",858,sequential_2593,Dense 32 -> 32 -> 128 -> 32 -> 128 -> 64 -> 1,mse,adam_2593,20,128,11.4342,48867.7734375,6017.88916015625,5756.37158203125,0.1687521709308606,0.7
2026-09-04 16:25:11,repeat_random_model.py,"(1021, 9)",858,sequential_2594,Dense 32 -> 32 -> 128 -> 32 -> 128 -> 32 -> 1,mse,adam_2594,20,128,8.3016,39823.88671875,5694.7783203125,5961.3388671875,0.13915379883966716,0.7
2026-09-04 16:25:22,repeat_random_model.py,"(1021, 9)",858,sequential_2595,Dense 32 -> 32 -> 128 -> 32 -> 128 -> 16 -> 1,mse,adam_2595,20,128,9.7169,38664.59375,5800.12646484375,5594.80615234375,0.1920829779687767,0.7
2026-09-04 16:25:33,repeat_random_model.py,"(1021, 9)",858,sequential_2596,Dense 32 -> 32 -> 128 -> 32 -> 64 -> 128 -> 1,mse,adam_2596,20,128,9.9519,34370.2109375,5139.78759765625,4884.255859375,0.2946899298169243,0.7
2026-09-04 16:25:45,repeat_random_model.py,"(1021, 9)",858,sequential_2597,Dense 32 -> 32 -> 128 -> 32 -> 64 -> 64 -> 1,mse,adam_2597,20,128,11.1346,33239.86328125,5907.46728515625,5486.8037109375,0.20767916970588807,0.7
2026-09-04 16:25:56,repeat_random_model.py,"(1021, 9)",858,sequential_2598,Dense 32 -> 32 -> 128 -> 32 -> 64 -> 32 -> 1,mse,adam_2598,20,128,9.4695,89078.796875,5788.94140625,5737.38916015625,0.17149335430313217,0.7
2026-09-04 16:26:09,repeat_random_model.py,"(1021, 9)",858,sequential_2599,Dense 32 -> 32 -> 128 -> 32 -> 64 -> 16 -> 1,mse,adam_2599,20,128,11.5477,69745.0078125,5779.79638671875,5712.7587890625,0.17505005803630524,0.7
2026-09-04 16:26:21,repeat_random_model.py,"(1021, 9)",858,sequential_2600,Dense 32 -> 32 -> 128 -> 32 -> 32 -> 128 -> 1,mse,adam_2600,20,128,10.6646,53883.0234375,6111.876953125,5849.677734375,0.1552782922724838,0.7
2026-09-04 16:26:34,repeat_random_model.py,"(1021, 9)",858,sequential_2601,Dense 32 -> 32 -> 128 -> 32 -> 32 -> 64 -> 1,mse,adam_2601,20,128,10.8458,54441.73828125,6040.52587890625,5616.8408203125,0.1889011501532657,0.7
2026-09-04 16:26:45,repeat_random_model.py,"(1021, 9)",858,sequential_2602,Dense 32 -> 32 -> 128 -> 32 -> 32 -> 32 -> 1,mse,adam_2602,20,128,9.7662,64087.85546875,5898.41015625,5634.95947265625,0.18628458669861359,0.7
2026-09-04 16:26:57,repeat_random_model.py,"(1021, 9)",858,sequential_2603,Dense 32 -> 32 -> 128 -> 32 -> 32 -> 16 -> 1,mse,adam_2603,20,128,10.5689,52095.38671875,6049.27490234375,5632.3857421875,0.18665634279532406,0.7
2026-09-04 16:27:08,repeat_random_model.py,"(1021, 9)",858,sequential_2604,Dense 32 -> 32 -> 128 -> 32 -> 16 -> 128 -> 1,mse,adam_2604,20,128,10.0301,16557.2890625,5941.8271484375,5546.10791015625,0.19911533159011474,0.7
2026-09-04 16:27:20,repeat_random_model.py,"(1021, 9)",858,sequential_2605,Dense 32 -> 32 -> 128 -> 32 -> 16 -> 64 -> 1,mse,adam_2605,20,128,9.8608,32691.29296875,6271.82958984375,5977.75048828125,0.13678397375872875,0.7
2026-09-04 16:27:32,repeat_random_model.py,"(1021, 9)",858,sequential_2606,Dense 32 -> 32 -> 128 -> 32 -> 16 -> 32 -> 1,mse,adam_2606,20,128,10.3753,36601.46875,6149.16845703125,5980.80322265625,0.13634314431228456,0.7
2026-09-04 16:27:42,repeat_random_model.py,"(1021, 9)",858,sequential_2607,Dense 32 -> 32 -> 128 -> 32 -> 16 -> 16 -> 1,mse,adam_2607,20,128,8.8903,166569.296875,5887.515625,5699.24560546875,0.17700149752299155,0.7
2026-09-04 16:27:53,repeat_random_model.py,"(1021, 9)",858,sequential_2608,Dense 32 -> 32 -> 128 -> 16 -> 128 -> 128 -> 1,mse,adam_2608,20,128,9.1432,43728.3984375,5370.66845703125,5069.45947265625,0.2679455747735996,0.7
2026-09-04 16:28:02,repeat_random_model.py,"(1021, 9)",858,sequential_2609,Dense 32 -> 32 -> 128 -> 16 -> 128 -> 64 -> 1,mse,adam_2609,20,128,8.1773,20469.81640625,5002.95654296875,4890.71337890625,0.2937573899998447,0.7
2026-09-04 16:28:16,repeat_random_model.py,"(1021, 9)",858,sequential_2610,Dense 32 -> 32 -> 128 -> 16 -> 128 -> 32 -> 1,mse,adam_2610,20,128,11.9879,12906.400390625,4866.1943359375,4165.3955078125,0.3984968253341331,0.7
2026-09-04 16:28:28,repeat_random_model.py,"(1021, 9)",858,sequential_2611,Dense 32 -> 32 -> 128 -> 16 -> 128 -> 16 -> 1,mse,adam_2611,20,128,10.2301,40981.2890625,6145.3447265625,5752.16748046875,0.16935929368495206,0.7
2026-09-04 16:28:39,repeat_random_model.py,"(1021, 9)",858,sequential_2612,Dense 32 -> 32 -> 128 -> 16 -> 64 -> 128 -> 1,mse,adam_2612,20,128,9.3324,22344.775390625,5871.78271484375,5602.25244140625,0.19100777465879082,0.7
2026-09-04 16:28:50,repeat_random_model.py,"(1021, 9)",858,sequential_2613,Dense 32 -> 32 -> 128 -> 16 -> 64 -> 64 -> 1,mse,adam_2613,20,128,9.9157,23582.06640625,5868.59912109375,5682.3310546875,0.17944406629906018,0.7
2026-09-04 16:29:02,repeat_random_model.py,"(1021, 9)",858,sequential_2614,Dense 32 -> 32 -> 128 -> 16 -> 64 -> 32 -> 1,mse,adam_2614,20,128,9.8977,25673.484375,4989.97705078125,4608.89697265625,0.3344530192498387,0.7
2026-09-04 16:29:12,repeat_random_model.py,"(1021, 9)",858,sequential_2615,Dense 32 -> 32 -> 128 -> 16 -> 64 -> 16 -> 1,mse,adam_2615,20,128,9.4033,17126.68359375,5173.6298828125,4340.08251953125,0.3732711346194454,0.7
2026-09-04 16:29:26,repeat_random_model.py,"(1021, 9)",858,sequential_2616,Dense 32 -> 32 -> 128 -> 16 -> 32 -> 128 -> 1,mse,adam_2616,20,128,11.3146,16478.171875,5252.615234375,5848.79296875,0.15540620220752477,0.7
2026-09-04 16:29:29,repeat_random_model.py,"(1021, 9)",858,sequential_2617,Dense 32 -> 32 -> 128 -> 16 -> 32 -> 64 -> 1,mse,adam_2617,20,128,3.4335,12948.6494140625,5771.19189453125,6887.857421875,0.0053602497083179435,0.7
2026-09-04 16:29:31,repeat_random_model.py,"(1021, 9)",858,sequential_2618,Dense 32 -> 32 -> 128 -> 16 -> 32 -> 32 -> 1,mse,adam_2618,20,128,1.4566,35357.48046875,5787.35205078125,5558.91650390625,0.19726565946662478,0.7
2026-09-04 16:29:33,repeat_random_model.py,"(1021, 9)",858,sequential_2619,Dense 32 -> 32 -> 128 -> 16 -> 32 -> 16 -> 1,mse,adam_2619,20,128,1.4831,29772.16015625,6260.94189453125,6271.70068359375,0.09433611404370834,0.7
2026-09-04 16:29:35,repeat_random_model.py,"(1021, 9)",858,sequential_2620,Dense 32 -> 32 -> 128 -> 16 -> 16 -> 128 -> 1,mse,adam_2620,20,128,1.4436,18685.58203125,6048.669921875,5790.0146484375,0.16389393913780215,0.7
2026-09-04 16:29:36,repeat_random_model.py,"(1021, 9)",858,sequential_2621,Dense 32 -> 32 -> 128 -> 16 -> 16 -> 64 -> 1,mse,adam_2621,20,128,1.4278,30403.609375,6005.6044921875,5780.5908203125,0.1652548022554543,0.7
2026-09-04 16:29:38,repeat_random_model.py,"(1021, 9)",858,sequential_2622,Dense 32 -> 32 -> 128 -> 16 -> 16 -> 32 -> 1,mse,adam_2622,20,128,1.6014,22940.552734375,5325.802734375,4935.6103515625,0.2872741107364851,0.7
2026-09-04 16:29:40,repeat_random_model.py,"(1021, 9)",858,sequential_2623,Dense 32 -> 32 -> 128 -> 16 -> 16 -> 16 -> 1,mse,adam_2623,20,128,1.4346,106836.8359375,6358.52783203125,6198.74072265625,0.10487186336978271,0.7
2026-09-04 16:29:42,repeat_random_model.py,"(1021, 9)",858,sequential_2624,Dense 32 -> 32 -> 64 -> 128 -> 128 -> 128 -> 1,mse,adam_2624,20,128,1.6455,206366.28125,6114.9208984375,5866.70556640625,0.15281930327428395,0.7
2026-09-04 16:29:44,repeat_random_model.py,"(1021, 9)",858,sequential_2625,Dense 32 -> 32 -> 64 -> 128 -> 128 -> 64 -> 1,mse,adam_2625,20,128,1.5887,201829.03125,5911.1875,5752.21728515625,0.16935198396389928,0.7
2026-09-04 16:29:45,repeat_random_model.py,"(1021, 9)",858,sequential_2626,Dense 32 -> 32 -> 64 -> 128 -> 128 -> 32 -> 1,mse,adam_2626,20,128,1.5655,240885.953125,6096.04150390625,5819.3447265625,0.15965858188765114,0.7
2026-09-04 16:29:47,repeat_random_model.py,"(1021, 9)",858,sequential_2627,Dense 32 -> 32 -> 64 -> 128 -> 128 -> 16 -> 1,mse,adam_2627,20,128,1.4923,179024.578125,6096.296875,5855.1083984375,0.15449398134774806,0.7
2026-09-04 16:29:49,repeat_random_model.py,"(1021, 9)",858,sequential_2628,Dense 32 -> 32 -> 64 -> 128 -> 64 -> 128 -> 1,mse,adam_2628,20,128,1.5358,113982.9375,5990.166015625,5774.919921875,0.16607372415201782,0.7
2026-09-04 16:29:51,repeat_random_model.py,"(1021, 9)",858,sequential_2629,Dense 32 -> 32 -> 64 -> 128 -> 64 -> 64 -> 1,mse,adam_2629,20,128,1.4801,152942.453125,6199.11767578125,5885.99072265625,0.15003457649177943,0.7
2026-09-04 16:29:53,repeat_random_model.py,"(1021, 9)",858,sequential_2630,Dense 32 -> 32 -> 64 -> 128 -> 64 -> 32 -> 1,mse,adam_2630,20,128,1.5167,117365.3125,5896.57080078125,5707.2265625,0.17584897427204027,0.7
2026-09-04 16:29:54,repeat_random_model.py,"(1021, 9)",858,sequential_2631,Dense 32 -> 32 -> 64 -> 128 -> 64 -> 16 -> 1,mse,adam_2631,20,128,1.4472,48256.1796875,4608.8916015625,4254.49951171875,0.38562976573039387,0.7
2026-09-04 16:29:56,repeat_random_model.py,"(1021, 9)",858,sequential_2632,Dense 32 -> 32 -> 64 -> 128 -> 32 -> 128 -> 1,mse,adam_2632,20,128,1.4219,60185.625,5760.4990234375,5542.2666015625,0.1996699474122554,0.7
2026-09-04 16:29:58,repeat_random_model.py,"(1021, 9)",858,sequential_2633,Dense 32 -> 32 -> 64 -> 128 -> 32 -> 64 -> 1,mse,adam_2633,20,128,1.39,92422.9765625,6328.515625,6004.0078125,0.13299221807713768,0.7
2026-09-04 16:29:59,repeat_random_model.py,"(1021, 9)",858,sequential_2634,Dense 32 -> 32 -> 64 -> 128 -> 32 -> 32 -> 1,mse,adam_2634,20,128,1.4586,23782.138671875,4902.81591796875,4445.38525390625,0.35806497759712397,0.7
2026-09-04 16:30:01,repeat_random_model.py,"(1021, 9)",858,sequential_2635,Dense 32 -> 32 -> 64 -> 128 -> 32 -> 16 -> 1,mse,adam_2635,20,128,1.5291,62823.51953125,5678.2724609375,5371.4931640625,0.2243305012998521,0.7
2026-09-04 16:30:03,repeat_random_model.py,"(1021, 9)",858,sequential_2636,Dense 32 -> 32 -> 64 -> 128 -> 16 -> 128 -> 1,mse,adam_2636,20,128,1.4377,29955.5546875,5126.94921875,4808.09423828125,0.30568801869357676,0.7
2026-09-04 16:30:04,repeat_random_model.py,"(1021, 9)",858,sequential_2637,Dense 32 -> 32 -> 64 -> 128 -> 16 -> 64 -> 1,mse,adam_2637,20,128,1.4613,65659.9296875,6422.43505859375,6032.00537109375,0.12894936529844536,0.7
2026-09-04 16:30:06,repeat_random_model.py,"(1021, 9)",858,sequential_2638,Dense 32 -> 32 -> 64 -> 128 -> 16 -> 32 -> 1,mse,adam_2638,20,128,1.4506,47328.94140625,5999.7197265625,5728.181640625,0.17282293025546036,0.7
2026-09-04 16:30:08,repeat_random_model.py,"(1021, 9)",858,sequential_2639,Dense 32 -> 32 -> 64 -> 128 -> 16 -> 16 -> 1,mse,adam_2639,20,128,1.3561,443039.34375,6248.02978515625,6005.419921875,0.13278839239217344,0.7
2026-09-04 16:30:10,repeat_random_model.py,"(1021, 9)",858,sequential_2640,Dense 32 -> 32 -> 64 -> 64 -> 128 -> 128 -> 1,mse,adam_2640,20,128,1.5079,69113.5625,5328.7158203125,5144.07861328125,0.25717024852954695,0.7
2026-09-04 16:30:11,repeat_random_model.py,"(1021, 9)",858,sequential_2641,Dense 32 -> 32 -> 64 -> 64 -> 128 -> 64 -> 1,mse,adam_2641,20,128,1.4944,47590.58984375,5603.93505859375,5390.5234375,0.22158235944978943,0.7
2026-09-04 16:30:13,repeat_random_model.py,"(1021, 9)",858,sequential_2642,Dense 32 -> 32 -> 64 -> 64 -> 128 -> 32 -> 1,mse,adam_2642,20,128,1.5756,102946.2734375,5973.84716796875,5864.47900390625,0.15314093172527643,0.7
2026-09-04 16:30:15,repeat_random_model.py,"(1021, 9)",858,sequential_2643,Dense 32 -> 32 -> 64 -> 64 -> 128 -> 16 -> 1,mse,adam_2643,20,128,1.501,42098.7578125,5549.20068359375,4943.0732421875,0.2861963842759542,0.7
2026-09-04 16:30:17,repeat_random_model.py,"(1021, 9)",858,sequential_2644,Dense 32 -> 32 -> 64 -> 64 -> 64 -> 128 -> 1,mse,adam_2644,20,128,1.5893,234544.5625,6426.26611328125,6124.1083984375,0.11564924255730946,0.7
2026-09-04 16:30:19,repeat_random_model.py,"(1021, 9)",858,sequential_2645,Dense 32 -> 32 -> 64 -> 64 -> 64 -> 64 -> 1,mse,adam_2645,20,128,1.4411,89111.125,5766.13916015625,5599.24951171875,0.19144137059129163,0.7
2026-09-04 16:30:20,repeat_random_model.py,"(1021, 9)",858,sequential_2646,Dense 32 -> 32 -> 64 -> 64 -> 64 -> 32 -> 1,mse,adam_2646,20,128,1.3999,41249.0078125,5025.3095703125,5762.294921875,0.1678968174735368,0.7
2026-09-04 16:30:22,repeat_random_model.py,"(1021, 9)",858,sequential_2647,Dense 32 -> 32 -> 64 -> 64 -> 64 -> 16 -> 1,mse,adam_2647,20,128,1.5545,154200.109375,6258.7646484375,5943.41650390625,0.14174199453080594,0.7
2026-09-04 16:30:24,repeat_random_model.py,"(1021, 9)",858,sequential_2648,Dense 32 -> 32 -> 64 -> 64 -> 32 -> 128 -> 1,mse,adam_2648,20,128,1.4632,40713.0859375,6414.6455078125,6088.75048828125,0.12075507315415979,0.7
2026-09-04 16:30:26,repeat_random_model.py,"(1021, 9)",858,sequential_2649,Dense 32 -> 32 -> 64 -> 64 -> 32 -> 64 -> 1,mse,adam_2649,20,128,1.4967,28702.90625,5548.73193359375,5338.3076171875,0.22912255362110512,0.7
2026-09-04 16:30:27,repeat_random_model.py,"(1021, 9)",858,sequential_2650,Dense 32 -> 32 -> 64 -> 64 -> 32 -> 32 -> 1,mse,adam_2650,20,128,1.4648,52579.08203125,5946.89990234375,5713.08349609375,0.17500324186809368,0.7
2026-09-04 16:30:29,repeat_random_model.py,"(1021, 9)",858,sequential_2651,Dense 32 -> 32 -> 64 -> 64 -> 32 -> 16 -> 1,mse,adam_2651,20,128,1.54,21780.705078125,5784.80224609375,4652.044921875,0.3282222451861043,0.7
2026-09-04 16:30:31,repeat_random_model.py,"(1021, 9)",858,sequential_2652,Dense 32 -> 32 -> 64 -> 64 -> 16 -> 128 -> 1,mse,adam_2652,20,128,1.3788,10790.693359375,4987.01904296875,4614.82373046875,0.33359712977690015,0.7
2026-09-04 16:30:32,repeat_random_model.py,"(1021, 9)",858,sequential_2653,Dense 32 -> 32 -> 64 -> 64 -> 16 -> 64 -> 1,mse,adam_2653,20,128,1.3642,30528.228515625,6071.43994140625,5704.7158203125,0.17621158425855,0.7
2026-09-04 16:30:34,repeat_random_model.py,"(1021, 9)",858,sequential_2654,Dense 32 -> 32 -> 64 -> 64 -> 16 -> 32 -> 1,mse,adam_2654,20,128,1.4922,47393.70703125,6007.33447265625,5770.63232421875,0.16669297736768107,0.7
2026-09-04 16:30:36,repeat_random_model.py,"(1021, 9)",858,sequential_2655,Dense 32 -> 32 -> 64 -> 64 -> 16 -> 16 -> 1,mse,adam_2655,20,128,1.3901,50802.1171875,6117.2998046875,5714.1044921875,0.17485576552814674,0.7
2026-09-04 16:30:38,repeat_random_model.py,"(1021, 9)",858,sequential_2656,Dense 32 -> 32 -> 64 -> 32 -> 128 -> 128 -> 1,mse,adam_2656,20,128,1.589,60923.10546875,5259.0029296875,4998.37158203125,0.2782110273126568,0.7
2026-09-04 16:30:39,repeat_random_model.py,"(1021, 9)",858,sequential_2657,Dense 32 -> 32 -> 64 -> 32 -> 128 -> 64 -> 1,mse,adam_2657,20,128,1.4127,67755.59375,6088.9248046875,5868.12841796875,0.1526139719057502,0.7
2026-09-04 16:30:41,repeat_random_model.py,"(1021, 9)",858,sequential_2658,Dense 32 -> 32 -> 64 -> 32 -> 128 -> 32 -> 1,mse,adam_2658,20,128,1.5568,21278.80859375,5004.1416015625,5989.57373046875,0.135076649506643,0.7
2026-09-04 16:30:43,repeat_random_model.py,"(1021, 9)",858,sequential_2659,Dense 32 -> 32 -> 64 -> 32 -> 128 -> 16 -> 1,mse,adam_2659,20,128,1.4571,51387.17578125,6179.0966796875,5789.90966796875,0.16390902781311034,0.7
2026-09-04 16:30:45,repeat_random_model.py,"(1021, 9)",858,sequential_2660,Dense 32 -> 32 -> 64 -> 32 -> 64 -> 128 -> 1,mse,adam_2660,20,128,1.5879,43023.08203125,4976.72119140625,4881.16552734375,0.29513616000494025,0.7
2026-09-04 16:30:47,repeat_random_model.py,"(1021, 9)",858,sequential_2661,Dense 32 -> 32 -> 64 -> 32 -> 64 -> 64 -> 1,mse,adam_2661,20,128,1.6611,52813.203125,5975.73779296875,5815.85791015625,0.16016209475893106,0.7
2026-09-04 16:30:48,repeat_random_model.py,"(1021, 9)",858,sequential_2662,Dense 32 -> 32 -> 64 -> 32 -> 64 -> 32 -> 1,mse,adam_2662,20,128,1.4514,23968.19140625,5063.20849609375,4700.28515625,0.3212561429158671,0.7
2026-09-04 16:30:50,repeat_random_model.py,"(1021, 9)",858,sequential_2663,Dense 32 -> 32 -> 64 -> 32 -> 64 -> 16 -> 1,mse,adam_2663,20,128,1.4763,133167.4375,6096.732421875,5862.22607421875,0.15346628032449605,0.7
2026-09-04 16:30:52,repeat_random_model.py,"(1021, 9)",858,sequential_2664,Dense 32 -> 32 -> 64 -> 32 -> 32 -> 128 -> 1,mse,adam_2664,20,128,1.4734,21169.59765625,4212.60693359375,3932.951171875,0.43206283670666945,0.7
2026-09-04 16:30:53,repeat_random_model.py,"(1021, 9)",858,sequential_2665,Dense 32 -> 32 -> 64 -> 32 -> 32 -> 64 -> 1,mse,adam_2665,20,128,1.455,21973.513671875,5334.17431640625,4999.0244140625,0.2781167290151576,0.7
2026-09-04 16:30:55,repeat_random_model.py,"(1021, 9)",858,sequential_2666,Dense 32 -> 32 -> 64 -> 32 -> 32 -> 32 -> 1,mse,adam_2666,20,128,1.4867,29030.0,5143.53173828125,4870.37255859375,0.2966945953370964,0.7
2026-09-04 16:30:57,repeat_random_model.py,"(1021, 9)",858,sequential_2667,Dense 32 -> 32 -> 64 -> 32 -> 32 -> 16 -> 1,mse,adam_2667,20,128,1.4903,38882.75,5857.0546875,6827.509765625,0.01407462993704034,0.7
2026-09-04 16:30:59,repeat_random_model.py,"(1021, 9)",858,sequential_2668,Dense 32 -> 32 -> 64 -> 32 -> 16 -> 128 -> 1,mse,adam_2668,20,128,1.4758,80572.9609375,6323.47509765625,6018.5771484375,0.1308885262262337,0.7
2026-09-04 16:31:00,repeat_random_model.py,"(1021, 9)",858,sequential_2669,Dense 32 -> 32 -> 64 -> 32 -> 16 -> 64 -> 1,mse,adam_2669,20,128,1.4066,14334.408203125,5992.3486328125,5600.77294921875,0.19122129520667963,0.7
2026-09-04 16:31:02,repeat_random_model.py,"(1021, 9)",858,sequential_2670,Dense 32 -> 32 -> 64 -> 32 -> 16 -> 32 -> 1,mse,adam_2670,20,128,1.5419,15104.072265625,5701.78955078125,5957.939453125,0.13964481888198055,0.7
2026-09-04 16:31:04,repeat_random_model.py,"(1021, 9)",858,sequential_2671,Dense 32 -> 32 -> 64 -> 32 -> 16 -> 16 -> 1,mse,adam_2671,20,128,1.6173,60729.828125,5894.373046875,5709.30419921875,0.1755488929093575,0.7
2026-09-04 16:31:06,repeat_random_model.py,"(1021, 9)",858,sequential_2672,Dense 32 -> 32 -> 64 -> 16 -> 128 -> 128 -> 1,mse,adam_2672,20,128,1.5274,17950.513671875,5050.26025390625,4630.236328125,0.331371594636963,0.7
2026-09-04 16:31:08,repeat_random_model.py,"(1021, 9)",858,sequential_2673,Dense 32 -> 32 -> 64 -> 16 -> 128 -> 64 -> 1,mse,adam_2673,20,128,1.5096,16814.5234375,4481.36328125,3932.855712890625,0.43207668096741203,0.7
2026-09-04 16:31:10,repeat_random_model.py,"(1021, 9)",858,sequential_2674,Dense 32 -> 32 -> 64 -> 16 -> 128 -> 32 -> 1,mse,adam_2674,20,128,1.5515,16922.669921875,5343.21728515625,4423.67626953125,0.3611998220710786,0.7
2026-09-04 16:31:11,repeat_random_model.py,"(1021, 9)",858,sequential_2675,Dense 32 -> 32 -> 64 -> 16 -> 128 -> 16 -> 1,mse,adam_2675,20,128,1.5199,23147.55859375,5743.6376953125,5307.96337890625,0.2335044849632022,0.7
2026-09-04 16:31:13,repeat_random_model.py,"(1021, 9)",858,sequential_2676,Dense 32 -> 32 -> 64 -> 16 -> 64 -> 128 -> 1,mse,adam_2676,20,128,1.4886,18738.984375,5682.4736328125,5362.23779296875,0.22566701037492554,0.7
2026-09-04 16:31:15,repeat_random_model.py,"(1021, 9)",858,sequential_2677,Dense 32 -> 32 -> 64 -> 16 -> 64 -> 64 -> 1,mse,adam_2677,20,128,1.4827,76225.1796875,6190.4716796875,5972.30712890625,0.13757013177741795,0.7
2026-09-04 16:31:16,repeat_random_model.py,"(1021, 9)",858,sequential_2678,Dense 32 -> 32 -> 64 -> 16 -> 64 -> 32 -> 1,mse,adam_2678,20,128,1.4631,28025.525390625,6084.50732421875,5763.56201171875,0.16771377229896567,0.7
2026-09-04 16:31:18,repeat_random_model.py,"(1021, 9)",858,sequential_2679,Dense 32 -> 32 -> 64 -> 16 -> 64 -> 16 -> 1,mse,adam_2679,20,128,1.3997,34794.23046875,5924.4091796875,5659.2333984375,0.1827794911357964,0.7
2026-09-04 16:31:20,repeat_random_model.py,"(1021, 9)",858,sequential_2680,Dense 32 -> 32 -> 64 -> 16 -> 32 -> 128 -> 1,mse,adam_2680,20,128,1.4471,39649.57421875,5658.32080078125,5405.69287109375,0.21939184225028585,0.7
2026-09-04 16:31:22,repeat_random_model.py,"(1021, 9)",858,sequential_2681,Dense 32 -> 32 -> 64 -> 16 -> 32 -> 64 -> 1,mse,adam_2681,20,128,1.482,15064.380859375,5442.751953125,5117.1689453125,0.2610561511884668,0.7
2026-09-04 16:31:23,repeat_random_model.py,"(1021, 9)",858,sequential_2682,Dense 32 -> 32 -> 64 -> 16 -> 32 -> 32 -> 1,mse,adam_2682,20,128,1.3808,24503.716796875,5544.830078125,5558.998046875,0.19725380282549265,0.7
2026-09-04 16:31:25,repeat_random_model.py,"(1021, 9)",858,sequential_2683,Dense 32 -> 32 -> 64 -> 16 -> 32 -> 16 -> 1,mse,adam_2683,20,128,1.3847,14556.2822265625,5671.9716796875,5408.11474609375,0.21904209303686928,0.7
2026-09-04 16:31:27,repeat_random_model.py,"(1021, 9)",858,sequential_2684,Dense 32 -> 32 -> 64 -> 16 -> 16 -> 128 -> 1,mse,adam_2684,20,128,1.4375,20582.779296875,5521.85400390625,5487.6982421875,0.20754996904279144,0.7
2026-09-04 16:31:28,repeat_random_model.py,"(1021, 9)",858,sequential_2685,Dense 32 -> 32 -> 64 -> 16 -> 16 -> 64 -> 1,mse,adam_2685,20,128,1.3553,12602.2666015625,4745.19482421875,4504.3046875,0.3495566399627241,0.7
2026-09-04 16:31:30,repeat_random_model.py,"(1021, 9)",858,sequential_2686,Dense 32 -> 32 -> 64 -> 16 -> 16 -> 32 -> 1,mse,adam_2686,20,128,1.4754,9623.6796875,6168.50244140625,5700.43994140625,0.17682898543456582,0.7
2026-09-04 16:31:32,repeat_random_model.py,"(1021, 9)",858,sequential_2687,Dense 32 -> 32 -> 64 -> 16 -> 16 -> 16 -> 1,mse,adam_2687,20,128,1.4621,161852.21875,6068.5888671875,5798.14306640625,0.16272011671175324,0.7
2026-09-04 16:31:33,repeat_random_model.py,"(1021, 9)",858,sequential_2688,Dense 32 -> 32 -> 32 -> 128 -> 128 -> 128 -> 1,mse,adam_2688,20,128,1.5724,84854.3125,5846.06884765625,5564.52294921875,0.19645604861192922,0.7
2026-09-04 16:31:35,repeat_random_model.py,"(1021, 9)",858,sequential_2689,Dense 32 -> 32 -> 32 -> 128 -> 128 -> 64 -> 1,mse,adam_2689,20,128,1.7075,219456.984375,6223.82666015625,5951.1494140625,0.140625328855723,0.7
2026-09-04 16:31:37,repeat_random_model.py,"(1021, 9)",858,sequential_2690,Dense 32 -> 32 -> 32 -> 128 -> 128 -> 32 -> 1,mse,adam_2690,20,128,1.5246,61880.62890625,5770.6171875,5571.09375,0.1955072954611422,0.7
2026-09-04 16:31:39,repeat_random_model.py,"(1021, 9)",858,sequential_2691,Dense 32 -> 32 -> 32 -> 128 -> 128 -> 16 -> 1,mse,adam_2691,20,128,1.5315,236624.59375,6134.56005859375,5943.140625,0.14178183379198817,0.7
2026-09-04 16:31:41,repeat_random_model.py,"(1021, 9)",858,sequential_2692,Dense 32 -> 32 -> 32 -> 128 -> 64 -> 128 -> 1,mse,adam_2692,20,128,1.4738,50579.69921875,6094.169921875,5844.740234375,0.15599128680957064,0.7
2026-09-04 16:31:43,repeat_random_model.py,"(1021, 9)",858,sequential_2693,Dense 32 -> 32 -> 32 -> 128 -> 64 -> 64 -> 1,mse,adam_2693,20,128,1.6879,111784.46875,6144.98388671875,5818.1552734375,0.1598302814067607,0.7
2026-09-04 16:31:44,repeat_random_model.py,"(1021, 9)",858,sequential_2694,Dense 32 -> 32 -> 32 -> 128 -> 64 -> 32 -> 1,mse,adam_2694,20,128,1.5958,52332.40234375,5884.16455078125,5768.2490234375,0.16703714660727376,0.7
2026-09-04 16:31:46,repeat_random_model.py,"(1021, 9)",858,sequential_2695,Dense 32 -> 32 -> 32 -> 128 -> 64 -> 16 -> 1,mse,adam_2695,20,128,1.4394,32980.046875,4664.13818359375,4244.84228515625,0.38702435882285124,0.7
2026-09-04 16:31:48,repeat_random_model.py,"(1021, 9)",858,sequential_2696,Dense 32 -> 32 -> 32 -> 128 -> 32 -> 128 -> 1,mse,adam_2696,20,128,1.5083,16846.125,5081.34228515625,4854.810546875,0.2989420467082633,0.7
2026-09-04 16:31:50,repeat_random_model.py,"(1021, 9)",858,sequential_2697,Dense 32 -> 32 -> 32 -> 128 -> 32 -> 64 -> 1,mse,adam_2697,20,128,1.5495,50731.4609375,5786.9384765625,5649.759765625,0.18414748418677263,0.7
2026-09-04 16:31:52,repeat_random_model.py,"(1021, 9)",858,sequential_2698,Dense 32 -> 32 -> 32 -> 128 -> 32 -> 32 -> 1,mse,adam_2698,20,128,1.4858,30557.623046875,5732.78369140625,5026.12841796875,0.27420284484724067,0.7
2026-09-04 16:31:53,repeat_random_model.py,"(1021, 9)",858,sequential_2699,Dense 32 -> 32 -> 32 -> 128 -> 32 -> 16 -> 1,mse,adam_2699,20,128,1.4398,39026.01171875,5204.34375,4943.88134765625,0.2860796191744729,0.7
2026-09-04 16:31:55,repeat_random_model.py,"(1021, 9)",858,sequential_2700,Dense 32 -> 32 -> 32 -> 128 -> 16 -> 128 -> 1,mse,adam_2700,20,128,1.4449,38873.80859375,6224.26416015625,5661.02685546875,0.18252044571392567,0.7
2026-09-04 16:31:57,repeat_random_model.py,"(1021, 9)",858,sequential_2701,Dense 32 -> 32 -> 32 -> 128 -> 16 -> 64 -> 1,mse,adam_2701,20,128,1.5228,16551.896484375,4758.408203125,3848.118408203125,0.44431318811529663,0.7
2026-09-04 16:31:59,repeat_random_model.py,"(1021, 9)",858,sequential_2702,Dense 32 -> 32 -> 32 -> 128 -> 16 -> 32 -> 1,mse,adam_2702,20,128,1.5508,99168.34375,6137.8857421875,5926.05029296875,0.14424972933672253,0.7
2026-09-04 16:32:00,repeat_random_model.py,"(1021, 9)",858,sequential_2703,Dense 32 -> 32 -> 32 -> 128 -> 16 -> 16 -> 1,mse,adam_2703,20,128,1.4619,226843.96875,6263.70068359375,6018.82861328125,0.13085218718720992,0.7
2026-09-04 16:32:02,repeat_random_model.py,"(1021, 9)",858,sequential_2704,Dense 32 -> 32 -> 32 -> 64 -> 128 -> 128 -> 1,mse,adam_2704,20,128,1.5946,65788.484375,5871.326171875,5596.36865234375,0.1918574097856146,0.7
2026-09-04 16:32:04,repeat_random_model.py,"(1021, 9)",858,sequential_2705,Dense 32 -> 32 -> 32 -> 64 -> 128 -> 64 -> 1,mse,adam_2705,20,128,1.5182,195011.296875,6346.8291015625,6110.09521484375,0.1176727506033638,0.7
2026-09-04 16:32:06,repeat_random_model.py,"(1021, 9)",858,sequential_2706,Dense 32 -> 32 -> 32 -> 64 -> 128 -> 32 -> 1,mse,adam_2706,20,128,1.4636,98693.546875,6253.30224609375,5909.98046875,0.14657033057659974,0.7
2026-09-04 16:32:07,repeat_random_model.py,"(1021, 9)",858,sequential_2707,Dense 32 -> 32 -> 32 -> 64 -> 128 -> 16 -> 1,mse,adam_2707,20,128,1.4727,109176.1953125,5762.9453125,5566.041015625,0.19623680954624179,0.7
2026-09-04 16:32:09,repeat_random_model.py,"(1021, 9)",858,sequential_2708,Dense 32 -> 32 -> 32 -> 64 -> 64 -> 128 -> 1,mse,adam_2708,20,128,1.693,72242.203125,5678.93359375,5457.482421875,0.2119131603948332,0.7
2026-09-04 16:32:11,repeat_random_model.py,"(1021, 9)",858,sequential_2709,Dense 32 -> 32 -> 32 -> 64 -> 64 -> 64 -> 1,mse,adam_2709,20,128,1.5527,58051.49609375,5531.1044921875,5367.4189453125,0.22491881330742491,0.7
2026-09-04 16:32:13,repeat_random_model.py,"(1021, 9)",858,sequential_2710,Dense 32 -> 32 -> 32 -> 64 -> 64 -> 32 -> 1,mse,adam_2710,20,128,1.4657,57183.16015625,5486.9033203125,5729.6474609375,0.17261130883038167,0.7
2026-09-04 16:32:15,repeat_random_model.py,"(1021, 9)",858,sequential_2711,Dense 32 -> 32 -> 32 -> 64 -> 64 -> 16 -> 1,mse,adam_2711,20,128,1.5183,291761.4375,6209.1240234375,5967.14599609375,0.13831531637452754,0.7
2026-09-04 16:32:16,repeat_random_model.py,"(1021, 9)",858,sequential_2712,Dense 32 -> 32 -> 32 -> 64 -> 32 -> 128 -> 1,mse,adam_2712,20,128,1.4428,40519.5390625,5760.248046875,5715.958984375,0.17458795884565403,0.7
2026-09-04 16:32:18,repeat_random_model.py,"(1021, 9)",858,sequential_2713,Dense 32 -> 32 -> 32 -> 64 -> 32 -> 64 -> 1,mse,adam_2713,20,128,1.4421,78573.9296875,6149.60986328125,5811.82861328125,0.1607439637698177,0.7
2026-09-04 16:32:20,repeat_random_model.py,"(1021, 9)",858,sequential_2714,Dense 32 -> 32 -> 32 -> 64 -> 32 -> 32 -> 1,mse,adam_2714,20,128,1.5837,15865.6142578125,5094.49169921875,4889.05029296875,0.2939975936450081,0.7
2026-09-04 16:32:22,repeat_random_model.py,"(1021, 9)",858,sequential_2715,Dense 32 -> 32 -> 32 -> 64 -> 32 -> 16 -> 1,mse,adam_2715,20,128,1.4607,25812.966796875,5676.3603515625,5179.60400390625,0.25204027513579486,0.7
2026-09-04 16:32:23,repeat_random_model.py,"(1021, 9)",858,sequential_2716,Dense 32 -> 32 -> 32 -> 64 -> 16 -> 128 -> 1,mse,adam_2716,20,128,1.521,17497.212890625,5493.7548828125,5421.72998046875,0.21707603697334654,0.7
2026-09-04 16:32:25,repeat_random_model.py,"(1021, 9)",858,sequential_2717,Dense 32 -> 32 -> 32 -> 64 -> 16 -> 64 -> 1,mse,adam_2717,20,128,1.4761,20666.494140625,6190.41552734375,5997.54052734375,0.13392618899479902,0.7
2026-09-04 16:32:27,repeat_random_model.py,"(1021, 9)",858,sequential_2718,Dense 32 -> 32 -> 32 -> 64 -> 16 -> 32 -> 1,mse,adam_2718,20,128,1.5021,28719.30859375,5912.076171875,5640.921875,0.18542367109235935,0.7
2026-09-04 16:32:28,repeat_random_model.py,"(1021, 9)",858,sequential_2719,Dense 32 -> 32 -> 32 -> 64 -> 16 -> 16 -> 1,mse,adam_2719,20,128,1.4174,23099.1640625,5054.72607421875,4666.6396484375,0.32611468477741545,0.7
2026-09-04 16:32:30,repeat_random_model.py,"(1021, 9)",858,sequential_2720,Dense 32 -> 32 -> 32 -> 32 -> 128 -> 128 -> 1,mse,adam_2720,20,128,1.4933,35891.25390625,6201.55615234375,5917.3310546875,0.14550891724017667,0.7
2026-09-04 16:32:32,repeat_random_model.py,"(1021, 9)",858,sequential_2721,Dense 32 -> 32 -> 32 -> 32 -> 128 -> 64 -> 1,mse,adam_2721,20,128,1.4366,51281.90234375,4921.96826171875,4699.4892578125,0.3213710665829286,0.7
2026-09-04 16:32:34,repeat_random_model.py,"(1021, 9)",858,sequential_2722,Dense 32 -> 32 -> 32 -> 32 -> 128 -> 32 -> 1,mse,adam_2722,20,128,1.478,53403.640625,5807.064453125,5581.03955078125,0.1940709716480713,0.7
2026-09-04 16:32:35,repeat_random_model.py,"(1021, 9)",858,sequential_2723,Dense 32 -> 32 -> 32 -> 32 -> 128 -> 16 -> 1,mse,adam_2723,20,128,1.4349,104792.75,5925.50341796875,5752.4228515625,0.1693223410907846,0.7
2026-09-04 16:32:37,repeat_random_model.py,"(1021, 9)",858,sequential_2724,Dense 32 -> 32 -> 32 -> 32 -> 64 -> 128 -> 1,mse,adam_2724,20,128,1.462,100678.96875,6173.38037109375,5851.939453125,0.15495177719164577,0.7
2026-09-04 16:32:39,repeat_random_model.py,"(1021, 9)",858,sequential_2725,Dense 32 -> 32 -> 32 -> 32 -> 64 -> 64 -> 1,mse,adam_2725,20,128,1.3827,21363.521484375,5810.26220703125,5555.544921875,0.19775255536867753,0.7
2026-09-04 16:32:40,repeat_random_model.py,"(1021, 9)",858,sequential_2726,Dense 32 -> 32 -> 32 -> 32 -> 64 -> 32 -> 1,mse,adam_2726,20,128,1.4532,27451.908203125,6220.9150390625,5731.09326171875,0.1724025440895003,0.7
2026-09-04 16:32:42,repeat_random_model.py,"(1021, 9)",858,sequential_2727,Dense 32 -> 32 -> 32 -> 32 -> 64 -> 16 -> 1,mse,adam_2727,20,128,1.5001,56059.38671875,6093.29931640625,5843.4736328125,0.15617426647565857,0.7
2026-09-04 16:32:44,repeat_random_model.py,"(1021, 9)",858,sequential_2728,Dense 32 -> 32 -> 32 -> 32 -> 32 -> 128 -> 1,mse,adam_2728,20,128,1.4285,32637.984375,6250.55029296875,5928.48193359375,0.14389872417781924,0.7
2026-09-04 16:32:45,repeat_random_model.py,"(1021, 9)",858,sequential_2729,Dense 32 -> 32 -> 32 -> 32 -> 32 -> 64 -> 1,mse,adam_2729,20,128,1.41,16509.08203125,4318.42431640625,4181.38134765625,0.39618831491546336,0.7
2026-09-04 16:32:47,repeat_random_model.py,"(1021, 9)",858,sequential_2730,Dense 32 -> 32 -> 32 -> 32 -> 32 -> 32 -> 1,mse,adam_2730,20,128,1.4278,18461.978515625,5262.650390625,4962.86572265625,0.2833382259567424,0.7
2026-09-04 16:32:49,repeat_random_model.py,"(1021, 9)",858,sequential_2731,Dense 32 -> 32 -> 32 -> 32 -> 32 -> 16 -> 1,mse,adam_2731,20,128,1.5731,29019.3828125,5734.0908203125,5732.05712890625,0.1722633557938934,0.7
2026-09-04 16:32:51,repeat_random_model.py,"(1021, 9)",858,sequential_2732,Dense 32 -> 32 -> 32 -> 32 -> 16 -> 128 -> 1,mse,adam_2732,20,128,1.4642,11935.46484375,5035.21630859375,4377.302734375,0.3678964033178086,0.7
2026-09-04 16:32:52,repeat_random_model.py,"(1021, 9)",858,sequential_2733,Dense 32 -> 32 -> 32 -> 32 -> 16 -> 64 -> 1,mse,adam_2733,20,128,1.4272,12653.69921875,4505.21435546875,4076.606689453125,0.4113183366897467,0.7
2026-09-04 16:32:54,repeat_random_model.py,"(1021, 9)",858,sequential_2734,Dense 32 -> 32 -> 32 -> 32 -> 16 -> 32 -> 1,mse,adam_2734,20,128,1.5209,209260.75,6387.26708984375,6176.65087890625,0.10806190148124728,0.7
2026-09-04 16:32:56,repeat_random_model.py,"(1021, 9)",858,sequential_2735,Dense 32 -> 32 -> 32 -> 32 -> 16 -> 16 -> 1,mse,adam_2735,20,128,1.3856,55464.22265625,5952.01416015625,5712.708984375,0.17505723410183427,0.7
2026-09-04 16:32:58,repeat_random_model.py,"(1021, 9)",858,sequential_2736,Dense 32 -> 32 -> 32 -> 16 -> 128 -> 128 -> 1,mse,adam_2736,20,128,1.5257,66807.9765625,5934.013671875,5687.40673828125,0.17871099093640208,0.7
2026-09-04 16:32:59,repeat_random_model.py,"(1021, 9)",858,sequential_2737,Dense 32 -> 32 -> 32 -> 16 -> 128 -> 64 -> 1,mse,adam_2737,20,128,1.4836,21443.552734375,4560.24462890625,4816.0576171875,0.30453800356869365,0.7
2026-09-04 16:33:01,repeat_random_model.py,"(1021, 9)",858,sequential_2738,Dense 32 -> 32 -> 32 -> 16 -> 128 -> 32 -> 1,mse,adam_2738,20,128,1.6025,16042.8974609375,5855.37451171875,5614.6728515625,0.18921420570190384,0.7
2026-09-04 16:33:03,repeat_random_model.py,"(1021, 9)",858,sequential_2739,Dense 32 -> 32 -> 32 -> 16 -> 128 -> 16 -> 1,mse,adam_2739,20,128,1.5726,13617.291015625,5630.85498046875,5203.32568359375,0.24861454535610938,0.7
2026-09-04 16:33:05,repeat_random_model.py,"(1021, 9)",858,sequential_2740,Dense 32 -> 32 -> 32 -> 16 -> 64 -> 128 -> 1,mse,adam_2740,20,128,1.5056,41243.76171875,5882.375,5647.3291015625,0.1844983144491663,0.7
2026-09-04 16:33:07,repeat_random_model.py,"(1021, 9)",858,sequential_2741,Dense 32 -> 32 -> 32 -> 16 -> 64 -> 64 -> 1,mse,adam_2741,20,128,1.4799,14183.541015625,4634.79443359375,4981.15576171875,0.2806971287062109,0.7
2026-09-04 16:33:08,repeat_random_model.py,"(1021, 9)",858,sequential_2742,Dense 32 -> 32 -> 32 -> 16 -> 64 -> 32 -> 1,mse,adam_2742,20,128,1.4596,42994.2421875,6312.662109375,5942.54248046875,0.1418682290095894,0.7
2026-09-04 16:33:10,repeat_random_model.py,"(1021, 9)",858,sequential_2743,Dense 32 -> 32 -> 32 -> 16 -> 64 -> 16 -> 1,mse,adam_2743,20,128,1.4588,76882.2421875,6437.36328125,6112.06298828125,0.11738864931829407,0.7
2026-09-04 16:33:12,repeat_random_model.py,"(1021, 9)",858,sequential_2744,Dense 32 -> 32 -> 32 -> 16 -> 32 -> 128 -> 1,mse,adam_2744,20,128,1.4561,13045.669921875,4321.68212890625,4681.1943359375,0.3240129503049195,0.7
2026-09-04 16:33:13,repeat_random_model.py,"(1021, 9)",858,sequential_2745,Dense 32 -> 32 -> 32 -> 16 -> 32 -> 64 -> 1,mse,adam_2745,20,128,1.4167,17439.62109375,5352.77294921875,5127.60888671875,0.2595486147469297,0.7
2026-09-04 16:33:15,repeat_random_model.py,"(1021, 9)",858,sequential_2746,Dense 32 -> 32 -> 32 -> 16 -> 32 -> 32 -> 1,mse,adam_2746,20,128,1.4364,13745.32421875,5775.35400390625,5484.3369140625,0.20803537026553454,0.7
2026-09-04 16:33:17,repeat_random_model.py,"(1021, 9)",858,sequential_2747,Dense 32 -> 32 -> 32 -> 16 -> 32 -> 16 -> 1,mse,adam_2747,20,128,1.4186,10124.40625,5845.1083984375,5876.6982421875,0.1513764439701185,0.7
2026-09-04 16:33:18,repeat_random_model.py,"(1021, 9)",858,sequential_2748,Dense 32 -> 32 -> 32 -> 16 -> 16 -> 128 -> 1,mse,adam_2748,20,128,1.3653,11625.671875,5544.98388671875,5950.712890625,0.14068833682364146,0.7
2026-09-04 16:33:20,repeat_random_model.py,"(1021, 9)",858,sequential_2749,Dense 32 -> 32 -> 32 -> 16 -> 16 -> 64 -> 1,mse,adam_2749,20,128,1.4662,19605.306640625,5508.49365234375,5219.4794921875,0.24628192389677317,0.7
2026-09-04 16:33:22,repeat_random_model.py,"(1021, 9)",858,sequential_2750,Dense 32 -> 32 -> 32 -> 16 -> 16 -> 32 -> 1,mse,adam_2750,20,128,1.4261,75690.4921875,6553.6962890625,6162.6015625,0.11009058186380549,0.7
2026-09-04 16:33:23,repeat_random_model.py,"(1021, 9)",858,sequential_2751,Dense 32 -> 32 -> 32 -> 16 -> 16 -> 16 -> 1,mse,adam_2751,20,128,1.499,175441.375,5931.81103515625,5695.53857421875,0.177536684761466,0.7
2026-09-04 16:33:25,repeat_random_model.py,"(1021, 9)",858,sequential_2752,Dense 32 -> 32 -> 16 -> 128 -> 128 -> 128 -> 1,mse,adam_2752,20,128,1.4682,110458.015625,5627.7314453125,5462.48876953125,0.21119032402748628,0.7
2026-09-04 16:33:27,repeat_random_model.py,"(1021, 9)",858,sequential_2753,Dense 32 -> 32 -> 16 -> 128 -> 128 -> 64 -> 1,mse,adam_2753,20,128,1.5059,45886.49609375,5884.8369140625,5643.59814453125,0.18503713040821523,0.7
2026-09-04 16:33:29,repeat_random_model.py,"(1021, 9)",858,sequential_2754,Dense 32 -> 32 -> 16 -> 128 -> 128 -> 32 -> 1,mse,adam_2754,20,128,1.5974,14770.044921875,3974.7666015625,3409.541015625,0.5076458120593725,0.7
2026-09-04 16:33:31,repeat_random_model.py,"(1021, 9)",858,sequential_2755,Dense 32 -> 32 -> 16 -> 128 -> 128 -> 16 -> 1,mse,adam_2755,20,128,1.608,123580.046875,6158.5283203125,5889.427734375,0.14953816132982267,0.7
2026-09-04 16:33:33,repeat_random_model.py,"(1021, 9)",858,sequential_2756,Dense 32 -> 32 -> 16 -> 128 -> 64 -> 128 -> 1,mse,adam_2756,20,128,1.5823,81281.75,6277.50244140625,5860.212890625,0.15375694633960602,0.7
2026-09-04 16:33:34,repeat_random_model.py,"(1021, 9)",858,sequential_2757,Dense 32 -> 32 -> 16 -> 128 -> 64 -> 64 -> 1,mse,adam_2757,20,128,1.6174,21319.810546875,5502.634765625,5099.02392578125,0.26367640935425785,0.7
2026-09-04 16:33:36,repeat_random_model.py,"(1021, 9)",858,sequential_2758,Dense 32 -> 32 -> 16 -> 128 -> 64 -> 32 -> 1,mse,adam_2758,20,128,1.5571,24085.263671875,5149.6201171875,4938.10009765625,0.28691466309742064,0.7
2026-09-04 16:33:38,repeat_random_model.py,"(1021, 9)",858,sequential_2759,Dense 32 -> 32 -> 16 -> 128 -> 64 -> 16 -> 1,mse,adam_2759,20,128,1.4007,106211.1328125,6146.19775390625,5915.77978515625,0.14573285070280428,0.7
2026-09-04 16:33:40,repeat_random_model.py,"(1021, 9)",858,sequential_2760,Dense 32 -> 32 -> 16 -> 128 -> 32 -> 128 -> 1,mse,adam_2760,20,128,1.4719,27159.146484375,6332.56494140625,6254.1552734375,0.09686974119800484,0.7
2026-09-04 16:33:41,repeat_random_model.py,"(1021, 9)",858,sequential_2761,Dense 32 -> 32 -> 16 -> 128 -> 32 -> 64 -> 1,mse,adam_2761,20,128,1.5955,46198.3203125,5841.51416015625,5663.14892578125,0.18221392905176548,0.7
2026-09-04 16:33:43,repeat_random_model.py,"(1021, 9)",858,sequential_2762,Dense 32 -> 32 -> 16 -> 128 -> 32 -> 32 -> 1,mse,adam_2762,20,128,1.5872,29834.990234375,5676.71728515625,5274.9052734375,0.23827826134206176,0.7
2026-09-04 16:33:45,repeat_random_model.py,"(1021, 9)",858,sequential_2763,Dense 32 -> 32 -> 16 -> 128 -> 32 -> 16 -> 1,mse,adam_2763,20,128,1.5248,14041.9228515625,5177.27001953125,4719.3212890625,0.3185072890815738,0.7
2026-09-04 16:33:47,repeat_random_model.py,"(1021, 9)",858,sequential_2764,Dense 32 -> 32 -> 16 -> 128 -> 16 -> 128 -> 1,mse,adam_2764,20,128,1.4862,13758.552734375,5439.7890625,5359.5810546875,0.22605060753837025,0.7
2026-09-04 16:33:49,repeat_random_model.py,"(1021, 9)",858,sequential_2765,Dense 32 -> 32 -> 16 -> 128 -> 16 -> 64 -> 1,mse,adam_2765,20,128,1.449,65831.1171875,6072.50439453125,5781.154296875,0.1651734941906723,0.7
2026-09-04 16:33:50,repeat_random_model.py,"(1021, 9)",858,sequential_2766,Dense 32 -> 32 -> 16 -> 128 -> 16 -> 32 -> 1,mse,adam_2766,20,128,1.4801,12954.736328125,3822.632080078125,3616.21630859375,0.4778008952901971,0.7
2026-09-04 16:33:52,repeat_random_model.py,"(1021, 9)",858,sequential_2767,Dense 32 -> 32 -> 16 -> 128 -> 16 -> 16 -> 1,mse,adam_2767,20,128,1.4408,29802.986328125,5583.34375,5465.54345703125,0.21074921347740716,0.7
2026-09-04 16:33:54,repeat_random_model.py,"(1021, 9)",858,sequential_2768,Dense 32 -> 32 -> 16 -> 64 -> 128 -> 128 -> 1,mse,adam_2768,20,128,1.4715,86228.7890625,5646.72509765625,5353.3251953125,0.2269540284615369,0.7
2026-09-04 16:33:56,repeat_random_model.py,"(1021, 9)",858,sequential_2769,Dense 32 -> 32 -> 16 -> 64 -> 128 -> 64 -> 1,mse,adam_2769,20,128,1.4997,27277.166015625,5005.1328125,4811.47021484375,0.30520046675812895,0.7
2026-09-04 16:33:57,repeat_random_model.py,"(1021, 9)",858,sequential_2770,Dense 32 -> 32 -> 16 -> 64 -> 128 -> 32 -> 1,mse,adam_2770,20,128,1.5169,29458.90625,5476.57763671875,5297.05126953125,0.23508027592232084,0.7
2026-09-04 16:33:59,repeat_random_model.py,"(1021, 9)",858,sequential_2771,Dense 32 -> 32 -> 16 -> 64 -> 128 -> 16 -> 1,mse,adam_2771,20,128,1.5029,60076.23046875,5981.8212890625,5768.5849609375,0.1669885480663853,0.7
2026-09-04 16:34:01,repeat_random_model.py,"(1021, 9)",858,sequential_2772,Dense 32 -> 32 -> 16 -> 64 -> 64 -> 128 -> 1,mse,adam_2772,20,128,1.4407,26088.583984375,4185.15380859375,3539.86669921875,0.48882614075143005,0.7
2026-09-04 16:34:03,repeat_random_model.py,"(1021, 9)",858,sequential_2773,Dense 32 -> 32 -> 16 -> 64 -> 64 -> 64 -> 1,mse,adam_2773,20,128,1.5578,35019.92578125,5533.83349609375,5205.0751953125,0.24836196598840132,0.7
2026-09-04 16:34:04,repeat_random_model.py,"(1021, 9)",858,sequential_2774,Dense 32 -> 32 -> 16 -> 64 -> 64 -> 32 -> 1,mse,adam_2774,20,128,1.511,10407.2861328125,5194.43603515625,5654.12744140625,0.18351660402117953,0.7
2026-09-04 16:34:06,repeat_random_model.py,"(1021, 9)",858,sequential_2775,Dense 32 -> 32 -> 16 -> 64 -> 64 -> 16 -> 1,mse,adam_2775,20,128,1.4791,51745.109375,5977.38623046875,5820.5263671875,0.15948798400389075,0.7
2026-09-04 16:34:08,repeat_random_model.py,"(1021, 9)",858,sequential_2776,Dense 32 -> 32 -> 16 -> 64 -> 32 -> 128 -> 1,mse,adam_2776,20,128,1.4598,16369.45703125,5942.75634765625,5243.28662109375,0.24284409349862368,0.7
2026-09-04 16:34:09,repeat_random_model.py,"(1021, 9)",858,sequential_2777,Dense 32 -> 32 -> 16 -> 64 -> 32 -> 64 -> 1,mse,adam_2777,20,128,1.4233,20072.623046875,5656.4248046875,5460.73779296875,0.21144304312779816,0.7
2026-09-04 16:34:11,repeat_random_model.py,"(1021, 9)",858,sequential_2778,Dense 32 -> 32 -> 16 -> 64 -> 32 -> 32 -> 1,mse,adam_2778,20,128,1.4691,16014.2705078125,4990.61279296875,4501.33349609375,0.34998568398029994,0.7
2026-09-04 16:34:13,repeat_random_model.py,"(1021, 9)",858,sequential_2779,Dense 32 -> 32 -> 16 -> 64 -> 32 -> 16 -> 1,mse,adam_2779,20,128,1.464,69203.265625,5987.56005859375,5747.2705078125,0.17006648218675224,0.7
2026-09-04 16:34:15,repeat_random_model.py,"(1021, 9)",858,sequential_2780,Dense 32 -> 32 -> 16 -> 64 -> 16 -> 128 -> 1,mse,adam_2780,20,128,1.456,8705.6396484375,5025.87939453125,4713.95654296875,0.3192819568350401,0.7
2026-09-04 16:34:16,repeat_random_model.py,"(1021, 9)",858,sequential_2781,Dense 32 -> 32 -> 16 -> 64 -> 16 -> 64 -> 1,mse,adam_2781,20,128,1.4483,13423.1796875,6133.2734375,5989.171875,0.13513466484519132,0.7
2026-09-04 16:34:18,repeat_random_model.py,"(1021, 9)",858,sequential_2782,Dense 32 -> 32 -> 16 -> 64 -> 16 -> 32 -> 1,mse,adam_2782,20,128,1.3931,80883.9765625,5953.4150390625,5678.17529296875,0.18004418562943236,0.7
2026-09-04 16:34:20,repeat_random_model.py,"(1021, 9)",858,sequential_2783,Dense 32 -> 32 -> 16 -> 64 -> 16 -> 16 -> 1,mse,adam_2783,20,128,1.4382,91235.2109375,6357.45947265625,6013.81787109375,0.13157571466116658,0.7
2026-09-04 16:34:21,repeat_random_model.py,"(1021, 9)",858,sequential_2784,Dense 32 -> 32 -> 16 -> 32 -> 128 -> 128 -> 1,mse,adam_2784,20,128,1.4966,17017.140625,4536.56396484375,5165.31494140625,0.25410360206886096,0.7
2026-09-04 16:34:23,repeat_random_model.py,"(1021, 9)",858,sequential_2785,Dense 32 -> 32 -> 16 -> 32 -> 128 -> 64 -> 1,mse,adam_2785,20,128,1.4676,51608.11328125,6075.77099609375,5775.01611328125,0.16605982685274878,0.7
2026-09-04 16:34:25,repeat_random_model.py,"(1021, 9)",858,sequential_2786,Dense 32 -> 32 -> 16 -> 32 -> 128 -> 32 -> 1,mse,adam_2786,20,128,1.4349,39954.78125,6055.48291015625,5808.48974609375,0.16122590480394094,0.7
2026-09-04 16:34:26,repeat_random_model.py,"(1021, 9)",858,sequential_2787,Dense 32 -> 32 -> 16 -> 32 -> 128 -> 16 -> 1,mse,adam_2787,20,128,1.4498,18824.619140625,5969.69140625,5474.19580078125,0.2094997263028059,0.7
2026-09-04 16:34:28,repeat_random_model.py,"(1021, 9)",858,sequential_2788,Dense 32 -> 32 -> 16 -> 32 -> 64 -> 128 -> 1,mse,adam_2788,20,128,1.5561,20318.626953125,5827.1396484375,5023.3759765625,0.274600334292174,0.7
2026-09-04 16:34:30,repeat_random_model.py,"(1021, 9)",858,sequential_2789,Dense 32 -> 32 -> 16 -> 32 -> 64 -> 64 -> 1,mse,adam_2789,20,128,1.4366,47264.56640625,5642.958984375,5491.23095703125,0.20703977764119552,0.7
2026-09-04 16:34:32,repeat_random_model.py,"(1021, 9)",858,sequential_2790,Dense 32 -> 32 -> 16 -> 32 -> 64 -> 32 -> 1,mse,adam_2790,20,128,1.4117,18668.544921875,6145.7392578125,6014.689453125,0.13144977457173757,0.7
2026-09-04 16:34:33,repeat_random_model.py,"(1021, 9)",858,sequential_2791,Dense 32 -> 32 -> 16 -> 32 -> 64 -> 16 -> 1,mse,adam_2791,20,128,1.4431,225608.796875,6201.16796875,5837.10400390625,0.15709405097841622,0.7
2026-09-04 16:34:35,repeat_random_model.py,"(1021, 9)",858,sequential_2792,Dense 32 -> 32 -> 16 -> 32 -> 32 -> 128 -> 1,mse,adam_2792,20,128,1.4693,50704.203125,6262.451171875,5946.642578125,0.1412760577311165,0.7
2026-09-04 16:34:37,repeat_random_model.py,"(1021, 9)",858,sequential_2793,Dense 32 -> 32 -> 16 -> 32 -> 32 -> 64 -> 1,mse,adam_2793,20,128,1.3667,104546.4140625,6250.30419921875,6035.94287109375,0.1283807425426734,0.7
2026-09-04 16:34:38,repeat_random_model.py,"(1021, 9)",858,sequential_2794,Dense 32 -> 32 -> 16 -> 32 -> 32 -> 32 -> 1,mse,adam_2794,20,128,1.3774,80499.0390625,6438.91357421875,6046.63427734375,0.12683683192897144,0.7
2026-09-04 16:34:40,repeat_random_model.py,"(1021, 9)",858,sequential_2795,Dense 32 -> 32 -> 16 -> 32 -> 32 -> 16 -> 1,mse,adam_2795,20,128,1.3918,28278.27734375,6284.8955078125,6052.52392578125,0.12598650123336574,0.7
2026-09-04 16:34:42,repeat_random_model.py,"(1021, 9)",858,sequential_2796,Dense 32 -> 32 -> 16 -> 32 -> 16 -> 128 -> 1,mse,adam_2796,20,128,1.3724,25299.525390625,5772.50927734375,5607.93896484375,0.19018664661214746,0.7
2026-09-04 16:34:43,repeat_random_model.py,"(1021, 9)",858,sequential_2797,Dense 32 -> 32 -> 16 -> 32 -> 16 -> 64 -> 1,mse,adam_2797,20,128,1.3756,72398.4296875,6125.07177734375,5958.4501953125,0.13957100616067142,0.7
2026-09-04 16:34:45,repeat_random_model.py,"(1021, 9)",858,sequential_2798,Dense 32 -> 32 -> 16 -> 32 -> 16 -> 32 -> 1,mse,adam_2798,20,128,1.425,56635.0859375,6254.548828125,5924.76806640625,0.14443480243890516,0.7
2026-09-04 16:34:47,repeat_random_model.py,"(1021, 9)",858,sequential_2799,Dense 32 -> 32 -> 16 -> 32 -> 16 -> 16 -> 1,mse,adam_2799,20,128,1.392,10044.2197265625,5735.62890625,5507.3779296875,0.2047079642594657,0.7
2026-09-04 16:34:48,repeat_random_model.py,"(1021, 9)",858,sequential_2800,Dense 32 -> 32 -> 16 -> 16 -> 128 -> 128 -> 1,mse,adam_2800,20,128,1.5749,16221.6884765625,6132.0712890625,5902.12841796875,0.14770419175006944,0.7
2026-09-04 16:34:50,repeat_random_model.py,"(1021, 9)",858,sequential_2801,Dense 32 -> 32 -> 16 -> 16 -> 128 -> 64 -> 1,mse,adam_2801,20,128,1.4009,17035.158203125,3873.62109375,3313.866455078125,0.5214616837803379,0.7
2026-09-04 16:34:52,repeat_random_model.py,"(1021, 9)",858,sequential_2802,Dense 32 -> 32 -> 16 -> 16 -> 128 -> 32 -> 1,mse,adam_2802,20,128,1.4006,15162.7353515625,4078.0595703125,3633.996826171875,0.47523329908372236,0.7
2026-09-04 16:34:53,repeat_random_model.py,"(1021, 9)",858,sequential_2803,Dense 32 -> 32 -> 16 -> 16 -> 128 -> 16 -> 1,mse,adam_2803,20,128,1.4174,108907.5625,6109.0751953125,5919.96484375,0.14512865769252326,0.7
2026-09-04 16:34:55,repeat_random_model.py,"(1021, 9)",858,sequential_2804,Dense 32 -> 32 -> 16 -> 16 -> 64 -> 128 -> 1,mse,adam_2804,20,128,1.4108,23365.607421875,5984.23095703125,5834.39501953125,0.15748520278214084,0.7
2026-09-04 16:34:57,repeat_random_model.py,"(1021, 9)",858,sequential_2805,Dense 32 -> 32 -> 16 -> 16 -> 64 -> 64 -> 1,mse,adam_2805,20,128,1.5102,18509.689453125,5567.16259765625,5044.84326171875,0.27150030156851657,0.7
2026-09-04 16:34:59,repeat_random_model.py,"(1021, 9)",858,sequential_2806,Dense 32 -> 32 -> 16 -> 16 -> 64 -> 32 -> 1,mse,adam_2806,20,128,1.5596,13446.2998046875,5734.7021484375,5533.89306640625,0.20087907117680637,0.7
2026-09-04 16:35:00,repeat_random_model.py,"(1021, 9)",858,sequential_2807,Dense 32 -> 32 -> 16 -> 16 -> 64 -> 16 -> 1,mse,adam_2807,20,128,1.4957,10949.958984375,5659.8779296875,5248.87548828125,0.2420370847129597,0.7
2026-09-04 16:35:02,repeat_random_model.py,"(1021, 9)",858,sequential_2808,Dense 32 -> 32 -> 16 -> 16 -> 32 -> 128 -> 1,mse,adam_2808,20,128,1.5724,27668.7109375,6180.56591796875,5814.56005859375,0.16034960679297072,0.7
2026-09-04 16:35:04,repeat_random_model.py,"(1021, 9)",858,sequential_2809,Dense 32 -> 32 -> 16 -> 16 -> 32 -> 64 -> 1,mse,adam_2809,20,128,1.404,15660.2109375,5835.23388671875,5632.95947265625,0.18657344430742895,0.7
2026-09-04 16:35:05,repeat_random_model.py,"(1021, 9)",858,sequential_2810,Dense 32 -> 32 -> 16 -> 16 -> 32 -> 32 -> 1,mse,adam_2810,20,128,1.4332,23162.857421875,5496.3974609375,5276.15478515625,0.23809781058838075,0.7
2026-09-04 16:35:07,repeat_random_model.py,"(1021, 9)",858,sequential_2811,Dense 32 -> 32 -> 16 -> 16 -> 32 -> 16 -> 1,mse,adam_2811,20,128,1.4187,381174.875,6462.658203125,6079.40185546875,0.1221050121643692,0.7
2026-09-04 16:35:09,repeat_random_model.py,"(1021, 9)",858,sequential_2812,Dense 32 -> 32 -> 16 -> 16 -> 16 -> 128 -> 1,mse,adam_2812,20,128,1.4577,11575.166015625,5740.96630859375,5933.89453125,0.14311701523551146,0.7
2026-09-04 16:35:11,repeat_random_model.py,"(1021, 9)",858,sequential_2813,Dense 32 -> 32 -> 16 -> 16 -> 16 -> 64 -> 1,mse,adam_2813,20,128,1.4781,11572.9912109375,4938.7041015625,4666.75244140625,0.3260984814091895,0.7
2026-09-04 16:35:12,repeat_random_model.py,"(1021, 9)",858,sequential_2814,Dense 32 -> 32 -> 16 -> 16 -> 16 -> 32 -> 1,mse,adam_2814,20,128,1.3925,120586.2578125,6267.3720703125,5949.35107421875,0.1408850770227078,0.7
2026-09-04 16:35:14,repeat_random_model.py,"(1021, 9)",858,sequential_2815,Dense 32 -> 32 -> 16 -> 16 -> 16 -> 16 -> 1,mse,adam_2815,20,128,1.5141,38142.10546875,6006.85400390625,5832.87109375,0.15770521303309126,0.7
2026-09-04 16:35:16,repeat_random_model.py,"(1021, 9)",858,sequential_2816,Dense 32 -> 16 -> 128 -> 128 -> 128 -> 128 -> 1,mse,adam_2816,20,128,1.5361,36933.8515625,3878.577392578125,3343.862548828125,0.5171300862926305,0.7
2026-09-04 16:35:18,repeat_random_model.py,"(1021, 9)",858,sequential_2817,Dense 32 -> 16 -> 128 -> 128 -> 128 -> 64 -> 1,mse,adam_2817,20,128,1.5555,180278.5625,6003.52099609375,5780.458984375,0.16527388630617812,0.7
2026-09-04 16:35:19,repeat_random_model.py,"(1021, 9)",858,sequential_2818,Dense 32 -> 16 -> 128 -> 128 -> 128 -> 32 -> 1,mse,adam_2818,20,128,1.5207,161018.40625,6294.56591796875,6029.51025390625,0.1293096809876122,0.7
2026-09-04 16:35:21,repeat_random_model.py,"(1021, 9)",858,sequential_2819,Dense 32 -> 16 -> 128 -> 128 -> 128 -> 16 -> 1,mse,adam_2819,20,128,1.4673,137510.78125,6069.2021484375,5998.6171875,0.13377075332177346,0.7
2026-09-04 16:35:23,repeat_random_model.py,"(1021, 9)",858,sequential_2820,Dense 32 -> 16 -> 128 -> 128 -> 64 -> 128 -> 1,mse,adam_2820,20,128,1.4602,83203.0,5857.8232421875,5563.3388671875,0.19662698786307664,0.7
2026-09-04 16:35:25,repeat_random_model.py,"(1021, 9)",858,sequential_2821,Dense 32 -> 16 -> 128 -> 128 -> 64 -> 64 -> 1,mse,adam_2821,20,128,1.5625,36167.41796875,5261.49267578125,4968.0205078125,0.28259383884384304,0.7
2026-09-04 16:35:27,repeat_random_model.py,"(1021, 9)",858,sequential_2822,Dense 32 -> 16 -> 128 -> 128 -> 64 -> 32 -> 1,mse,adam_2822,20,128,1.5329,234443.84375,6488.68212890625,6260.4560546875,0.09595997642759069,0.7
2026-09-04 16:35:28,repeat_random_model.py,"(1021, 9)",858,sequential_2823,Dense 32 -> 16 -> 128 -> 128 -> 64 -> 16 -> 1,mse,adam_2823,20,128,1.5022,81276.46875,5724.734375,5405.6376953125,0.21939982798398883,0.7
2026-09-04 16:35:30,repeat_random_model.py,"(1021, 9)",858,sequential_2824,Dense 32 -> 16 -> 128 -> 128 -> 32 -> 128 -> 1,mse,adam_2824,20,128,1.4932,29478.32421875,4384.5869140625,4110.2509765625,0.4064599160348559,0.7
2026-09-04 16:35:32,repeat_random_model.py,"(1021, 9)",858,sequential_2825,Dense 32 -> 16 -> 128 -> 128 -> 32 -> 64 -> 1,mse,adam_2825,20,128,1.4572,25095.376953125,5389.7236328125,5398.60791015625,0.22041497948472222,0.7
2026-09-04 16:35:33,repeat_random_model.py,"(1021, 9)",858,sequential_2826,Dense 32 -> 16 -> 128 -> 128 -> 32 -> 32 -> 1,mse,adam_2826,20,128,1.4686,35409.42578125,5645.55126953125,5510.412109375,0.2042699716216526,0.7
2026-09-04 16:35:35,repeat_random_model.py,"(1021, 9)",858,sequential_2827,Dense 32 -> 16 -> 128 -> 128 -> 32 -> 16 -> 1,mse,adam_2827,20,128,1.5204,73493.4609375,5914.3701171875,6097.33544921875,0.11951532838796508,0.7
2026-09-04 16:35:37,repeat_random_model.py,"(1021, 9)",858,sequential_2828,Dense 32 -> 16 -> 128 -> 128 -> 16 -> 128 -> 1,mse,adam_2828,20,128,1.4597,14358.517578125,4971.61962890625,4640.92333984375,0.32982831910130483,0.7
2026-09-04 16:35:39,repeat_random_model.py,"(1021, 9)",858,sequential_2829,Dense 32 -> 16 -> 128 -> 128 -> 16 -> 64 -> 1,mse,adam_2829,20,128,1.4213,20951.162109375,5365.8759765625,5060.3232421875,0.2692649372070274,0.7
2026-09-04 16:35:40,repeat_random_model.py,"(1021, 9)",858,sequential_2830,Dense 32 -> 16 -> 128 -> 128 -> 16 -> 32 -> 1,mse,adam_2830,20,128,1.4108,26630.529296875,5366.08837890625,4706.2900390625,0.32038904776740107,0.7
2026-09-04 16:35:42,repeat_random_model.py,"(1021, 9)",858,sequential_2831,Dense 32 -> 16 -> 128 -> 128 -> 16 -> 16 -> 1,mse,adam_2831,20,128,1.4985,76474.2109375,6109.41015625,6046.87548828125,0.126802010175475,0.7
2026-09-04 16:35:44,repeat_random_model.py,"(1021, 9)",858,sequential_2832,Dense 32 -> 16 -> 128 -> 64 -> 128 -> 128 -> 1,mse,adam_2832,20,128,1.5434,78115.4140625,6121.24755859375,5901.6962890625,0.1477665770533192,0.7
2026-09-04 16:35:46,repeat_random_model.py,"(1021, 9)",858,sequential_2833,Dense 32 -> 16 -> 128 -> 64 -> 128 -> 64 -> 1,mse,adam_2833,20,128,1.503,144862.734375,6090.43115234375,5803.6923828125,0.16191879296370204,0.7
2026-09-04 16:35:47,repeat_random_model.py,"(1021, 9)",858,sequential_2834,Dense 32 -> 16 -> 128 -> 64 -> 128 -> 32 -> 1,mse,adam_2834,20,128,1.5593,64682.265625,5996.453125,5805.837890625,0.16160902097056018,0.7
2026-09-04 16:35:49,repeat_random_model.py,"(1021, 9)",858,sequential_2835,Dense 32 -> 16 -> 128 -> 64 -> 128 -> 16 -> 1,mse,adam_2835,20,128,1.5212,48506.95703125,5755.9755859375,5360.92333984375,0.22585676305566327,0.7
2026-09-04 16:35:51,repeat_random_model.py,"(1021, 9)",858,sequential_2836,Dense 32 -> 16 -> 128 -> 64 -> 64 -> 128 -> 1,mse,adam_2836,20,128,1.5357,27403.279296875,5837.24365234375,5463.9921875,0.210973166445665,0.7
2026-09-04 16:35:53,repeat_random_model.py,"(1021, 9)",858,sequential_2837,Dense 32 -> 16 -> 128 -> 64 -> 64 -> 64 -> 1,mse,adam_2837,20,128,1.6651,39046.45703125,5824.3828125,5509.19580078125,0.20444556056483476,0.7
2026-09-04 16:35:55,repeat_random_model.py,"(1021, 9)",858,sequential_2838,Dense 32 -> 16 -> 128 -> 64 -> 64 -> 32 -> 1,mse,adam_2838,20,128,1.5371,82814.0390625,5685.23486328125,5431.1650390625,0.21571357969226568,0.7
2026-09-04 16:35:57,repeat_random_model.py,"(1021, 9)",858,sequential_2839,Dense 32 -> 16 -> 128 -> 64 -> 64 -> 16 -> 1,mse,adam_2839,20,128,1.4679,53474.73828125,6064.119140625,5981.69970703125,0.13621377888759423,0.7
2026-09-04 16:35:58,repeat_random_model.py,"(1021, 9)",858,sequential_2840,Dense 32 -> 16 -> 128 -> 64 -> 32 -> 128 -> 1,mse,adam_2840,20,128,1.4476,20693.00390625,5312.353515625,4784.017578125,0.30916473212075735,0.7
2026-09-04 16:36:00,repeat_random_model.py,"(1021, 9)",858,sequential_2841,Dense 32 -> 16 -> 128 -> 64 -> 32 -> 64 -> 1,mse,adam_2841,20,128,1.5085,13694.2099609375,3738.576171875,3236.646240234375,0.5326127477013471,0.7
2026-09-04 16:36:02,repeat_random_model.py,"(1021, 9)",858,sequential_2842,Dense 32 -> 16 -> 128 -> 64 -> 32 -> 32 -> 1,mse,adam_2842,20,128,1.6238,40327.640625,5702.17529296875,5464.986328125,0.21082953415300487,0.7
2026-09-04 16:36:04,repeat_random_model.py,"(1021, 9)",858,sequential_2843,Dense 32 -> 16 -> 128 -> 64 -> 32 -> 16 -> 1,mse,adam_2843,20,128,1.5896,46759.3671875,6130.7275390625,5689.708984375,0.17837858156528286,0.7
2026-09-04 16:36:06,repeat_random_model.py,"(1021, 9)",858,sequential_2844,Dense 32 -> 16 -> 128 -> 64 -> 16 -> 128 -> 1,mse,adam_2844,20,128,1.5626,31666.3828125,5940.939453125,5665.6279296875,0.1818559824068996,0.7
2026-09-04 16:36:07,repeat_random_model.py,"(1021, 9)",858,sequential_2845,Dense 32 -> 16 -> 128 -> 64 -> 16 -> 64 -> 1,mse,adam_2845,20,128,1.4932,13699.93359375,5835.4970703125,5474.12255859375,0.20951032203162911,0.7
2026-09-04 16:36:09,repeat_random_model.py,"(1021, 9)",858,sequential_2846,Dense 32 -> 16 -> 128 -> 64 -> 16 -> 32 -> 1,mse,adam_2846,20,128,1.5291,17955.845703125,5235.5322265625,4812.7783203125,0.3050115306679265,0.7
2026-09-04 16:36:11,repeat_random_model.py,"(1021, 9)",858,sequential_2847,Dense 32 -> 16 -> 128 -> 64 -> 16 -> 16 -> 1,mse,adam_2847,20,128,1.4932,24810.6015625,5339.361328125,4852.2509765625,0.2993115490973378,0.7
2026-09-04 16:36:13,repeat_random_model.py,"(1021, 9)",858,sequential_2848,Dense 32 -> 16 -> 128 -> 32 -> 128 -> 128 -> 1,mse,adam_2848,20,128,1.6444,31630.123046875,5276.67529296875,4593.7841796875,0.3366354623009913,0.7
2026-09-04 16:36:15,repeat_random_model.py,"(1021, 9)",858,sequential_2849,Dense 32 -> 16 -> 128 -> 32 -> 128 -> 64 -> 1,mse,adam_2849,20,128,1.6241,107157.7421875,6229.50634765625,5978.05859375,0.13673945562044376,0.7
2026-09-04 16:36:16,repeat_random_model.py,"(1021, 9)",858,sequential_2850,Dense 32 -> 16 -> 128 -> 32 -> 128 -> 32 -> 1,mse,adam_2850,20,128,1.4503,30064.197265625,5706.037109375,5672.71142578125,0.18083319318986246,0.7
2026-09-04 16:36:18,repeat_random_model.py,"(1021, 9)",858,sequential_2851,Dense 32 -> 16 -> 128 -> 32 -> 128 -> 16 -> 1,mse,adam_2851,20,128,1.4717,40257.74609375,5705.12744140625,5621.669921875,0.1882036715543841,0.7
2026-09-04 16:36:20,repeat_random_model.py,"(1021, 9)",858,sequential_2852,Dense 32 -> 16 -> 128 -> 32 -> 64 -> 128 -> 1,mse,adam_2852,20,128,1.5841,18515.123046875,5695.6005859375,5635.9931640625,0.18613547216257176,0.7
2026-09-04 16:36:22,repeat_random_model.py,"(1021, 9)",858,sequential_2853,Dense 32 -> 16 -> 128 -> 32 -> 64 -> 64 -> 1,mse,adam_2853,20,128,1.4685,93537.9921875,6412.998046875,6095.61083984375,0.119764464390677,0.7
2026-09-04 16:36:23,repeat_random_model.py,"(1021, 9)",858,sequential_2854,Dense 32 -> 16 -> 128 -> 32 -> 64 -> 32 -> 1,mse,adam_2854,20,128,1.4141,55231.42578125,5366.677734375,5090.4921875,0.2649084428887546,0.7
2026-09-04 16:36:25,repeat_random_model.py,"(1021, 9)",858,sequential_2855,Dense 32 -> 16 -> 128 -> 32 -> 64 -> 16 -> 1,mse,adam_2855,20,128,1.4908,23977.259765625,5849.9384765625,5482.47607421875,0.20830397045169402,0.7
2026-09-04 16:36:27,repeat_random_model.py,"(1021, 9)",858,sequential_2856,Dense 32 -> 16 -> 128 -> 32 -> 32 -> 128 -> 1,mse,adam_2856,20,128,1.439,13656.4853515625,4254.4541015625,3898.25830078125,0.43707267388306204,0.7
2026-09-04 16:36:28,repeat_random_model.py,"(1021, 9)",858,sequential_2857,Dense 32 -> 16 -> 128 -> 32 -> 32 -> 64 -> 1,mse,adam_2857,20,128,1.4585,38914.34375,6464.64306640625,6074.3349609375,0.12283673560732777,0.7
2026-09-04 16:36:30,repeat_random_model.py,"(1021, 9)",858,sequential_2858,Dense 32 -> 16 -> 128 -> 32 -> 32 -> 32 -> 1,mse,adam_2858,20,128,1.3983,15449.2236328125,5536.80126953125,5986.70556640625,0.13549087912662972,0.7
2026-09-04 16:36:32,repeat_random_model.py,"(1021, 9)",858,sequential_2859,Dense 32 -> 16 -> 128 -> 32 -> 32 -> 16 -> 1,mse,adam_2859,20,128,1.4082,42253.328125,5545.53857421875,5343.81982421875,0.2283266604690114,0.7
2026-09-04 16:36:33,repeat_random_model.py,"(1021, 9)",858,sequential_2860,Dense 32 -> 16 -> 128 -> 32 -> 16 -> 128 -> 1,mse,adam_2860,20,128,1.4566,12691.17578125,5633.4375,5413.55126953125,0.21825705573398646,0.7
2026-09-04 16:36:35,repeat_random_model.py,"(1021, 9)",858,sequential_2861,Dense 32 -> 16 -> 128 -> 32 -> 16 -> 64 -> 1,mse,adam_2861,20,128,1.421,9331.4111328125,4883.78759765625,4081.16064453125,0.41066072531578357,0.7
2026-09-04 16:36:37,repeat_random_model.py,"(1021, 9)",858,sequential_2862,Dense 32 -> 16 -> 128 -> 32 -> 16 -> 32 -> 1,mse,adam_2862,20,128,1.4176,27013.7421875,5686.38818359375,5546.60595703125,0.19904336065465056,0.7
2026-09-04 16:36:38,repeat_random_model.py,"(1021, 9)",858,sequential_2863,Dense 32 -> 16 -> 128 -> 32 -> 16 -> 16 -> 1,mse,adam_2863,20,128,1.395,81513.1015625,6163.310546875,5850.09716796875,0.15521768447193107,0.7
2026-09-04 16:36:40,repeat_random_model.py,"(1021, 9)",858,sequential_2864,Dense 32 -> 16 -> 128 -> 16 -> 128 -> 128 -> 1,mse,adam_2864,20,128,1.5449,20362.279296875,6186.3349609375,6622.02587890625,0.04374751353948936,0.7
2026-09-04 16:36:42,repeat_random_model.py,"(1021, 9)",858,sequential_2865,Dense 32 -> 16 -> 128 -> 16 -> 128 -> 64 -> 1,mse,adam_2865,20,128,1.4227,19544.47265625,4978.90771484375,4209.01611328125,0.3921977302767793,0.7
2026-09-04 16:36:43,repeat_random_model.py,"(1021, 9)",858,sequential_2866,Dense 32 -> 16 -> 128 -> 16 -> 128 -> 32 -> 1,mse,adam_2866,20,128,1.4139,17571.212890625,5628.03662109375,5477.32861328125,0.2090473368701924,0.7
2026-09-04 16:36:45,repeat_random_model.py,"(1021, 9)",858,sequential_2867,Dense 32 -> 16 -> 128 -> 16 -> 128 -> 16 -> 1,mse,adam_2867,20,128,1.4449,18919.013671875,5576.19287109375,5399.615234375,0.22026946862268793,0.7
2026-09-04 16:36:47,repeat_random_model.py,"(1021, 9)",858,sequential_2868,Dense 32 -> 16 -> 128 -> 16 -> 64 -> 128 -> 1,mse,adam_2868,20,128,1.562,19234.361328125,5929.2470703125,5174.44482421875,0.252785175100407,0.7
2026-09-04 16:36:49,repeat_random_model.py,"(1021, 9)",858,sequential_2869,Dense 32 -> 16 -> 128 -> 16 -> 64 -> 64 -> 1,mse,adam_2869,20,128,1.6154,24655.8125,5088.75341796875,5423.47509765625,0.21682408621529514,0.7
2026-09-04 16:36:51,repeat_random_model.py,"(1021, 9)",858,sequential_2870,Dense 32 -> 16 -> 128 -> 16 -> 64 -> 32 -> 1,mse,adam_2870,20,128,1.523,13482.2275390625,5318.54541015625,5923.76953125,0.1445790946510268,0.7
2026-09-04 16:36:52,repeat_random_model.py,"(1021, 9)",858,sequential_2871,Dense 32 -> 16 -> 128 -> 16 -> 64 -> 16 -> 1,mse,adam_2871,20,128,1.5113,15796.357421875,4959.44921875,4603.814453125,0.33518699176791567,0.7
2026-09-04 16:36:54,repeat_random_model.py,"(1021, 9)",858,sequential_2872,Dense 32 -> 16 -> 128 -> 16 -> 32 -> 128 -> 1,mse,adam_2872,20,128,1.4972,23517.603515625,5943.513671875,5814.58251953125,0.16034614465259112,0.7
2026-09-04 16:36:56,repeat_random_model.py,"(1021, 9)",858,sequential_2873,Dense 32 -> 16 -> 128 -> 16 -> 32 -> 64 -> 1,mse,adam_2873,20,128,1.5161,39107.84765625,6036.93359375,5738.84423828125,0.17128323022768366,0.7
2026-09-04 16:36:58,repeat_random_model.py,"(1021, 9)",858,sequential_2874,Dense 32 -> 16 -> 128 -> 16 -> 32 -> 32 -> 1,mse,adam_2874,20,128,1.5205,12776.0625,5354.86279296875,4996.73583984375,0.27844724466837467,0.7
2026-09-04 16:37:00,repeat_random_model.py,"(1021, 9)",858,sequential_2875,Dense 32 -> 16 -> 128 -> 16 -> 32 -> 16 -> 1,mse,adam_2875,20,128,1.5312,32440.861328125,6110.2578125,5952.53662109375,0.14042492512721894,0.7
2026-09-04 16:37:01,repeat_random_model.py,"(1021, 9)",858,sequential_2876,Dense 32 -> 16 -> 128 -> 16 -> 16 -> 128 -> 1,mse,adam_2876,20,128,1.4888,9979.140625,4267.001953125,3693.23486328125,0.4666790152445456,0.7
2026-09-04 16:37:03,repeat_random_model.py,"(1021, 9)",858,sequential_2877,Dense 32 -> 16 -> 128 -> 16 -> 16 -> 64 -> 1,mse,adam_2877,20,128,1.4859,50081.140625,6211.11181640625,5971.4267578125,0.13769718184912283,0.7
2026-09-04 16:37:05,repeat_random_model.py,"(1021, 9)",858,sequential_2878,Dense 32 -> 16 -> 128 -> 16 -> 16 -> 32 -> 1,mse,adam_2878,20,128,1.4878,28135.099609375,5660.43603515625,5436.376953125,0.21496107198839998,0.7
2026-09-04 16:37:07,repeat_random_model.py,"(1021, 9)",858,sequential_2879,Dense 32 -> 16 -> 128 -> 16 -> 16 -> 16 -> 1,mse,adam_2879,20,128,1.4481,10691.48046875,4255.365234375,3645.0,0.47364438443459755,0.7
2026-09-04 16:37:08,repeat_random_model.py,"(1021, 9)",858,sequential_2880,Dense 32 -> 16 -> 64 -> 128 -> 128 -> 128 -> 1,mse,adam_2880,20,128,1.5729,193219.96875,6032.99609375,5741.12451171875,0.1709539613843366,0.7
2026-09-04 16:37:10,repeat_random_model.py,"(1021, 9)",858,sequential_2881,Dense 32 -> 16 -> 64 -> 128 -> 128 -> 64 -> 1,mse,adam_2881,20,128,1.5611,145680.375,6208.974609375,5909.15576171875,0.14668944844834664,0.7
2026-09-04 16:37:12,repeat_random_model.py,"(1021, 9)",858,sequential_2882,Dense 32 -> 16 -> 64 -> 128 -> 128 -> 32 -> 1,mse,adam_2882,20,128,1.597,42098.8203125,5494.72802734375,5176.51318359375,0.2524865071092761,0.7
2026-09-04 16:37:14,repeat_random_model.py,"(1021, 9)",858,sequential_2883,Dense 32 -> 16 -> 64 -> 128 -> 128 -> 16 -> 1,mse,adam_2883,20,128,1.6489,285807.25,6417.22216796875,6098.48583984375,0.11934918780049708,0.7
2026-09-04 16:37:16,repeat_random_model.py,"(1021, 9)",858,sequential_2884,Dense 32 -> 16 -> 64 -> 128 -> 64 -> 128 -> 1,mse,adam_2884,20,128,1.4977,55875.23046875,5971.33935546875,5655.65771484375,0.18329583834810204,0.7
2026-09-04 16:37:18,repeat_random_model.py,"(1021, 9)",858,sequential_2885,Dense 32 -> 16 -> 64 -> 128 -> 64 -> 64 -> 1,mse,adam_2885,20,128,1.608,50667.66796875,5782.072265625,5672.8251953125,0.1808166423325771,0.7
2026-09-04 16:37:19,repeat_random_model.py,"(1021, 9)",858,sequential_2886,Dense 32 -> 16 -> 64 -> 128 -> 64 -> 32 -> 1,mse,adam_2886,20,128,1.5101,59417.46484375,5970.087890625,5690.78125,0.17822367243091874,0.7
2026-09-04 16:37:21,repeat_random_model.py,"(1021, 9)",858,sequential_2887,Dense 32 -> 16 -> 64 -> 128 -> 64 -> 16 -> 1,mse,adam_2887,20,128,1.5199,46432.16796875,5077.935546875,4657.34423828125,0.3274570900474556,0.7
2026-09-04 16:37:23,repeat_random_model.py,"(1021, 9)",858,sequential_2888,Dense 32 -> 16 -> 64 -> 128 -> 32 -> 128 -> 1,mse,adam_2888,20,128,1.5684,31974.49609375,5573.95947265625,5429.5888671875,0.21594122258464865,0.7
2026-09-04 16:37:25,repeat_random_model.py,"(1021, 9)",858,sequential_2889,Dense 32 -> 16 -> 64 -> 128 -> 32 -> 64 -> 1,mse,adam_2889,20,128,1.4798,22970.9140625,5182.60693359375,4941.8388671875,0.2863747129439097,0.7
2026-09-04 16:37:27,repeat_random_model.py,"(1021, 9)",858,sequential_2890,Dense 32 -> 16 -> 64 -> 128 -> 32 -> 32 -> 1,mse,adam_2890,20,128,1.6112,35467.57421875,5659.11767578125,5312.94970703125,0.23278435886991844,0.7
2026-09-04 16:37:28,repeat_random_model.py,"(1021, 9)",858,sequential_2891,Dense 32 -> 16 -> 64 -> 128 -> 32 -> 16 -> 1,mse,adam_2891,20,128,1.542,225613.625,6304.69384765625,6022.12939453125,0.1303753748258324,0.7
2026-09-04 16:37:30,repeat_random_model.py,"(1021, 9)",858,sequential_2892,Dense 32 -> 16 -> 64 -> 128 -> 16 -> 128 -> 1,mse,adam_2892,20,128,1.4504,18457.4375,5026.3916015625,4654.97265625,0.3277993851960015,0.7
2026-09-04 16:37:32,repeat_random_model.py,"(1021, 9)",858,sequential_2893,Dense 32 -> 16 -> 64 -> 128 -> 16 -> 64 -> 1,mse,adam_2893,20,128,1.4855,28923.783203125,4943.51318359375,4755.00048828125,0.3133550774436752,0.7
2026-09-04 16:37:34,repeat_random_model.py,"(1021, 9)",858,sequential_2894,Dense 32 -> 16 -> 64 -> 128 -> 16 -> 32 -> 1,mse,adam_2894,20,128,1.4497,43394.2734375,6011.45556640625,5604.48291015625,0.19068561692149577,0.7
2026-09-04 16:37:35,repeat_random_model.py,"(1021, 9)",858,sequential_2895,Dense 32 -> 16 -> 64 -> 128 -> 16 -> 16 -> 1,mse,adam_2895,20,128,1.5602,41649.57421875,5748.6298828125,5661.578125,0.18244081607469187,0.7
2026-09-04 16:37:37,repeat_random_model.py,"(1021, 9)",858,sequential_2896,Dense 32 -> 16 -> 64 -> 64 -> 128 -> 128 -> 1,mse,adam_2896,20,128,1.6151,118344.6875,6270.2353515625,6014.06884765625,0.1315394292938289,0.7
2026-09-04 16:37:39,repeat_random_model.py,"(1021, 9)",858,sequential_2897,Dense 32 -> 16 -> 64 -> 64 -> 128 -> 64 -> 1,mse,adam_2897,20,128,1.5305,44794.921875,5179.3271484375,4975.86083984375,0.28146172271900893,0.7
2026-09-04 16:37:41,repeat_random_model.py,"(1021, 9)",858,sequential_2898,Dense 32 -> 16 -> 64 -> 64 -> 128 -> 32 -> 1,mse,adam_2898,20,128,1.4862,86422.203125,6193.4111328125,6039.8212890625,0.12782068115685086,0.7
2026-09-04 16:37:43,repeat_random_model.py,"(1021, 9)",858,sequential_2899,Dense 32 -> 16 -> 64 -> 64 -> 128 -> 16 -> 1,mse,adam_2899,20,128,1.6263,45408.734375,5648.9560546875,5536.73779296875,0.20046834365469068,0.7
2026-09-04 16:37:45,repeat_random_model.py,"(1021, 9)",858,sequential_2900,Dense 32 -> 16 -> 64 -> 64 -> 64 -> 128 -> 1,mse,adam_2900,20,128,1.5345,46565.796875,6334.17626953125,6041.822265625,0.12753169509128537,0.7
2026-09-04 16:37:46,repeat_random_model.py,"(1021, 9)",858,sequential_2901,Dense 32 -> 16 -> 64 -> 64 -> 64 -> 64 -> 1,mse,adam_2901,20,128,1.5302,31903.009765625,5792.1337890625,4860.92236328125,0.29805934314011484,0.7
2026-09-04 16:37:48,repeat_random_model.py,"(1021, 9)",858,sequential_2902,Dense 32 -> 16 -> 64 -> 64 -> 64 -> 32 -> 1,mse,adam_2902,20,128,1.565,55593.79296875,6041.5830078125,5994.32861328125,0.13438986094382677,0.7
2026-09-04 16:37:50,repeat_random_model.py,"(1021, 9)",858,sequential_2903,Dense 32 -> 16 -> 64 -> 64 -> 64 -> 16 -> 1,mse,adam_2903,20,128,1.4845,69346.625,6113.3701171875,5830.7490234375,0.15801172654585682,0.7
2026-09-04 16:37:52,repeat_random_model.py,"(1021, 9)",858,sequential_2904,Dense 32 -> 16 -> 64 -> 64 -> 32 -> 128 -> 1,mse,adam_2904,20,128,1.4634,25675.466796875,6022.85986328125,5668.78466796875,0.1814001167812651,0.7
2026-09-04 16:37:53,repeat_random_model.py,"(1021, 9)",858,sequential_2905,Dense 32 -> 16 -> 64 -> 64 -> 32 -> 64 -> 1,mse,adam_2905,20,128,1.4875,20438.744140625,6264.1494140625,5698.83837890625,0.17706020611119577,0.7
2026-09-04 16:37:55,repeat_random_model.py,"(1021, 9)",858,sequential_2906,Dense 32 -> 16 -> 64 -> 64 -> 32 -> 32 -> 1,mse,adam_2906,20,128,1.4008,42343.2109375,5932.1669921875,5655.73681640625,0.18328425449253716,0.7
2026-09-04 16:37:57,repeat_random_model.py,"(1021, 9)",858,sequential_2907,Dense 32 -> 16 -> 64 -> 64 -> 32 -> 16 -> 1,mse,adam_2907,20,128,1.4059,355793.8125,5788.09423828125,5479.4208984375,0.20874530725860907,0.7
2026-09-04 16:38:38,repeat_random_model.py,"(1021, 9)",858,sequential_2908,Dense 32 -> 16 -> 64 -> 64 -> 16 -> 128 -> 1,mse,adam_2908,20,128,41.4055,40999.5625,5807.10302734375,5568.12109375,0.19593637188657376,0.7
2026-09-04 16:38:41,repeat_random_model.py,"(1021, 9)",858,sequential_2909,Dense 32 -> 16 -> 64 -> 64 -> 16 -> 64 -> 1,mse,adam_2909,20,128,1.7944,27222.521484375,5868.81787109375,5776.2958984375,0.16587498618837215,0.7
2026-09-04 16:38:42,repeat_random_model.py,"(1021, 9)",858,sequential_2910,Dense 32 -> 16 -> 64 -> 64 -> 16 -> 32 -> 1,mse,adam_2910,20,128,1.6711,49200.13671875,6330.90185546875,6152.376953125,0.11156710284356375,0.7
2026-09-04 16:38:44,repeat_random_model.py,"(1021, 9)",858,sequential_2911,Dense 32 -> 16 -> 64 -> 64 -> 16 -> 16 -> 1,mse,adam_2911,20,128,1.6273,26921.884765625,5146.73974609375,5466.5029296875,0.21061061560423255,0.7
2026-09-04 16:38:47,repeat_random_model.py,"(1021, 9)",858,sequential_2912,Dense 32 -> 16 -> 64 -> 32 -> 128 -> 128 -> 1,mse,adam_2912,20,128,1.9219,43703.28125,4682.916015625,4552.904296875,0.34253860999764296,0.7
2026-09-04 16:38:49,repeat_random_model.py,"(1021, 9)",858,sequential_2913,Dense 32 -> 16 -> 64 -> 32 -> 128 -> 64 -> 1,mse,adam_2913,20,128,1.7016,39215.64453125,5849.7451171875,5977.77783203125,0.136780102241721,0.7
2026-09-04 16:38:51,repeat_random_model.py,"(1021, 9)",858,sequential_2914,Dense 32 -> 16 -> 64 -> 32 -> 128 -> 32 -> 1,mse,adam_2914,20,128,1.8518,23249.037109375,6018.75244140625,6041.66455078125,0.1275545547334287,0.7
2026-09-04 16:38:53,repeat_random_model.py,"(1021, 9)",858,sequential_2915,Dense 32 -> 16 -> 64 -> 32 -> 128 -> 16 -> 1,mse,adam_2915,20,128,1.7034,40306.12109375,5154.22998046875,4740.93798828125,0.31538568626835084,0.7
2026-09-04 16:38:55,repeat_random_model.py,"(1021, 9)",858,sequential_2916,Dense 32 -> 16 -> 64 -> 32 -> 64 -> 128 -> 1,mse,adam_2916,20,128,1.765,24806.357421875,5560.85107421875,5212.720703125,0.24725797380140946,0.7
2026-09-04 16:38:57,repeat_random_model.py,"(1021, 9)",858,sequential_2917,Dense 32 -> 16 -> 64 -> 32 -> 64 -> 64 -> 1,mse,adam_2917,20,128,1.6766,81398.96875,5871.53955078125,5686.46533203125,0.17884714582909478,0.7
2026-09-04 16:38:59,repeat_random_model.py,"(1021, 9)",858,sequential_2918,Dense 32 -> 16 -> 64 -> 32 -> 64 -> 32 -> 1,mse,adam_2918,20,128,1.5931,24424.32421875,6031.93115234375,6121.1630859375,0.11607448559962386,0.7
2026-09-04 16:39:01,repeat_random_model.py,"(1021, 9)",858,sequential_2919,Dense 32 -> 16 -> 64 -> 32 -> 64 -> 16 -> 1,mse,adam_2919,20,128,1.6597,47649.390625,6183.67724609375,6061.1552734375,0.12473992735064421,0.7
2026-09-04 16:39:03,repeat_random_model.py,"(1021, 9)",858,sequential_2920,Dense 32 -> 16 -> 64 -> 32 -> 32 -> 128 -> 1,mse,adam_2920,20,128,1.7026,33200.90625,5821.1337890625,5854.40625,0.15459537800316192,0.7
2026-09-04 16:39:04,repeat_random_model.py,"(1021, 9)",858,sequential_2921,Dense 32 -> 16 -> 64 -> 32 -> 32 -> 64 -> 1,mse,adam_2921,20,128,1.527,29119.0546875,5906.78076171875,5614.19287109375,0.18928343977720452,0.7
2026-09-04 16:39:06,repeat_random_model.py,"(1021, 9)",858,sequential_2922,Dense 32 -> 16 -> 64 -> 32 -> 32 -> 32 -> 1,mse,adam_2922,20,128,1.5269,13822.58203125,3825.240478515625,3395.242919921875,0.5097105773627617,0.7
2026-09-04 16:39:08,repeat_random_model.py,"(1021, 9)",858,sequential_2923,Dense 32 -> 16 -> 64 -> 32 -> 32 -> 16 -> 1,mse,adam_2923,20,128,1.5687,128229.140625,6307.64892578125,6012.14892578125,0.13181671592128963,0.7
2026-09-04 16:39:10,repeat_random_model.py,"(1021, 9)",858,sequential_2924,Dense 32 -> 16 -> 64 -> 32 -> 16 -> 128 -> 1,mse,adam_2924,20,128,1.6393,12125.251953125,5510.42236328125,6011.36376953125,0.13193006127652784,0.7
2026-09-04 16:39:12,repeat_random_model.py,"(1021, 9)",858,sequential_2925,Dense 32 -> 16 -> 64 -> 32 -> 16 -> 64 -> 1,mse,adam_2925,20,128,1.5256,44384.265625,6179.14892578125,6042.73779296875,0.12739938133768403,0.7
2026-09-04 16:39:14,repeat_random_model.py,"(1021, 9)",858,sequential_2926,Dense 32 -> 16 -> 64 -> 32 -> 16 -> 32 -> 1,mse,adam_2926,20,128,1.5947,22453.0703125,6087.70458984375,5680.72705078125,0.17967556926208728,0.7
2026-09-04 16:39:15,repeat_random_model.py,"(1021, 9)",858,sequential_2927,Dense 32 -> 16 -> 64 -> 32 -> 16 -> 16 -> 1,mse,adam_2927,20,128,1.5984,20423.708984375,4834.11669921875,4733.89794921875,0.3164023118052003,0.7
2026-09-04 16:39:18,repeat_random_model.py,"(1021, 9)",858,sequential_2928,Dense 32 -> 16 -> 64 -> 16 -> 128 -> 128 -> 1,mse,adam_2928,20,128,1.9188,16097.4228515625,3684.03369140625,3263.73291015625,0.5287012203771511,0.7
2026-09-04 16:39:20,repeat_random_model.py,"(1021, 9)",858,sequential_2929,Dense 32 -> 16 -> 64 -> 16 -> 128 -> 64 -> 1,mse,adam_2929,20,128,1.6255,23978.66015625,5459.10791015625,5299.99462890625,0.23465517992998586,0.7
2026-09-04 16:39:21,repeat_random_model.py,"(1021, 9)",858,sequential_2930,Dense 32 -> 16 -> 64 -> 16 -> 128 -> 32 -> 1,mse,adam_2930,20,128,1.6499,43354.63671875,6001.7900390625,5846.970703125,0.1556692286154029,0.7
2026-09-04 16:39:23,repeat_random_model.py,"(1021, 9)",858,sequential_2931,Dense 32 -> 16 -> 64 -> 16 -> 128 -> 16 -> 1,mse,adam_2931,20,128,1.602,49402.9609375,6324.93896484375,6024.7373046875,0.1299989083331511,0.7
2026-09-04 16:39:25,repeat_random_model.py,"(1021, 9)",858,sequential_2932,Dense 32 -> 16 -> 64 -> 16 -> 64 -> 128 -> 1,mse,adam_2932,20,128,1.6968,22479.673828125,5238.29150390625,5230.8779296875,0.24463595028276852,0.7
2026-09-04 16:39:27,repeat_random_model.py,"(1021, 9)",858,sequential_2933,Dense 32 -> 16 -> 64 -> 16 -> 64 -> 64 -> 1,mse,adam_2933,20,128,1.5104,55041.22265625,6343.79345703125,6101.845703125,0.11886401519312018,0.7
2026-09-04 16:39:29,repeat_random_model.py,"(1021, 9)",858,sequential_2934,Dense 32 -> 16 -> 64 -> 16 -> 64 -> 32 -> 1,mse,adam_2934,20,128,1.4655,17840.697265625,5586.08935546875,5237.5029296875,0.243679356400344,0.7
2026-09-04 16:39:31,repeat_random_model.py,"(1021, 9)",858,sequential_2935,Dense 32 -> 16 -> 64 -> 16 -> 64 -> 16 -> 1,mse,adam_2935,20,128,1.5666,10823.419921875,3846.77001953125,3428.93310546875,0.5048454779518015,0.7
2026-09-04 16:39:33,repeat_random_model.py,"(1021, 9)",858,sequential_2936,Dense 32 -> 16 -> 64 -> 16 -> 32 -> 128 -> 1,mse,adam_2936,20,128,1.6191,52422.703125,6295.38037109375,5840.60400390625,0.1565886239634846,0.7
2026-09-04 16:39:34,repeat_random_model.py,"(1021, 9)",858,sequential_2937,Dense 32 -> 16 -> 64 -> 16 -> 32 -> 64 -> 1,mse,adam_2937,20,128,1.6677,15145.033203125,4364.34716796875,5006.85888671875,0.2769853465129857,0.7
2026-09-04 16:39:36,repeat_random_model.py,"(1021, 9)",858,sequential_2938,Dense 32 -> 16 -> 64 -> 16 -> 32 -> 32 -> 1,mse,adam_2938,20,128,1.4793,21865.396484375,6686.95068359375,6829.052734375,0.01385185224964458,0.7
2026-09-04 16:39:38,repeat_random_model.py,"(1021, 9)",858,sequential_2939,Dense 32 -> 16 -> 64 -> 16 -> 32 -> 16 -> 1,mse,adam_2939,20,128,1.5755,68254.3515625,6515.0087890625,6154.14794921875,0.11131141232782049,0.7
2026-09-04 16:39:40,repeat_random_model.py,"(1021, 9)",858,sequential_2940,Dense 32 -> 16 -> 64 -> 16 -> 16 -> 128 -> 1,mse,adam_2940,20,128,1.6261,24454.34765625,6113.5166015625,5880.755859375,0.15079053894126315,0.7
2026-09-04 16:39:42,repeat_random_model.py,"(1021, 9)",858,sequential_2941,Dense 32 -> 16 -> 64 -> 16 -> 16 -> 64 -> 1,mse,adam_2941,20,128,1.6153,9658.8544921875,4515.6689453125,4793.22216796875,0.3078356411015858,0.7
2026-09-04 16:39:44,repeat_random_model.py,"(1021, 9)",858,sequential_2942,Dense 32 -> 16 -> 64 -> 16 -> 16 -> 32 -> 1,mse,adam_2942,20,128,1.544,10853.0830078125,5204.740234375,4970.37109375,0.2822544134442798,0.7
2026-09-04 16:39:45,repeat_random_model.py,"(1021, 9)",858,sequential_2943,Dense 32 -> 16 -> 64 -> 16 -> 16 -> 16 -> 1,mse,adam_2943,20,128,1.5776,50233.140625,6288.31103515625,5975.23779296875,0.13714682856888394,0.7
2026-09-04 16:39:48,repeat_random_model.py,"(1021, 9)",858,sequential_2944,Dense 32 -> 16 -> 32 -> 128 -> 128 -> 128 -> 1,mse,adam_2944,20,128,2.0437,87844.171875,5593.265625,5350.17529296875,0.22740894381269228,0.7
2026-09-04 16:39:50,repeat_random_model.py,"(1021, 9)",858,sequential_2945,Dense 32 -> 16 -> 32 -> 128 -> 128 -> 64 -> 1,mse,adam_2945,20,128,1.8321,63418.78515625,4087.140380859375,3989.420166015625,0.4239084823127842,0.7
2026-09-04 16:39:52,repeat_random_model.py,"(1021, 9)",858,sequential_2946,Dense 32 -> 16 -> 32 -> 128 -> 128 -> 32 -> 1,mse,adam_2946,20,128,1.8659,131739.734375,6042.0419921875,5731.19140625,0.1723883685813704,0.7
2026-09-04 16:39:54,repeat_random_model.py,"(1021, 9)",858,sequential_2947,Dense 32 -> 16 -> 32 -> 128 -> 128 -> 16 -> 1,mse,adam_2947,20,128,1.8243,162461.828125,5262.74560546875,4972.7412109375,0.28191213336277876,0.7
2026-09-04 16:39:56,repeat_random_model.py,"(1021, 9)",858,sequential_2948,Dense 32 -> 16 -> 32 -> 128 -> 64 -> 128 -> 1,mse,adam_2948,20,128,1.8163,88535.703125,6057.404296875,5809.80029296875,0.16103687336187378,0.7
2026-09-04 16:39:58,repeat_random_model.py,"(1021, 9)",858,sequential_2949,Dense 32 -> 16 -> 32 -> 128 -> 64 -> 64 -> 1,mse,adam_2949,20,128,1.6394,30657.7265625,5164.06494140625,5268.5439453125,0.23919678615259798,0.7
2026-09-04 16:40:00,repeat_random_model.py,"(1021, 9)",858,sequential_2950,Dense 32 -> 16 -> 32 -> 128 -> 64 -> 32 -> 1,mse,adam_2950,20,128,1.6767,51292.87890625,5966.052734375,5501.62255859375,0.20553906893228469,0.7
2026-09-04 16:40:02,repeat_random_model.py,"(1021, 9)",858,sequential_2951,Dense 32 -> 16 -> 32 -> 128 -> 64 -> 16 -> 1,mse,adam_2951,20,128,1.6025,115235.0078125,6164.6474609375,5845.77734375,0.15584157326571058,0.7
2026-09-04 16:40:04,repeat_random_model.py,"(1021, 9)",858,sequential_2952,Dense 32 -> 16 -> 32 -> 128 -> 32 -> 128 -> 1,mse,adam_2952,20,128,1.739,41904.47265625,6108.54345703125,5769.390625,0.1668722313107247,0.7
2026-09-04 16:40:06,repeat_random_model.py,"(1021, 9)",858,sequential_2953,Dense 32 -> 16 -> 32 -> 128 -> 32 -> 64 -> 1,mse,adam_2953,20,128,1.6498,39926.1171875,5323.94921875,5043.7294921875,0.2716611530918025,0.7
2026-09-04 16:40:08,repeat_random_model.py,"(1021, 9)",858,sequential_2954,Dense 32 -> 16 -> 32 -> 128 -> 32 -> 32 -> 1,mse,adam_2954,20,128,1.5732,19840.109375,5278.484375,5374.99755859375,0.2238243896405011,0.7
2026-09-04 16:40:10,repeat_random_model.py,"(1021, 9)",858,sequential_2955,Dense 32 -> 16 -> 32 -> 128 -> 32 -> 16 -> 1,mse,adam_2955,20,128,1.5816,42889.484375,5886.14404296875,5558.125,0.19737989408097056,0.7
2026-09-04 16:40:12,repeat_random_model.py,"(1021, 9)",858,sequential_2956,Dense 32 -> 16 -> 32 -> 128 -> 16 -> 128 -> 1,mse,adam_2956,20,128,1.6852,12858.736328125,5190.421875,4913.85693359375,0.29041542109621876,0.7
2026-09-04 16:40:13,repeat_random_model.py,"(1021, 9)",858,sequential_2957,Dense 32 -> 16 -> 32 -> 128 -> 16 -> 64 -> 1,mse,adam_2957,20,128,1.5447,11874.248046875,3808.39892578125,4124.2880859375,0.40443284494865595,0.7
2026-09-04 16:40:15,repeat_random_model.py,"(1021, 9)",858,sequential_2958,Dense 32 -> 16 -> 32 -> 128 -> 16 -> 32 -> 1,mse,adam_2958,20,128,1.6567,44698.90234375,5911.75927734375,5731.6083984375,0.17232808053155102,0.7
2026-09-04 16:40:17,repeat_random_model.py,"(1021, 9)",858,sequential_2959,Dense 32 -> 16 -> 32 -> 128 -> 16 -> 16 -> 1,mse,adam_2959,20,128,1.6658,19915.5390625,5690.6650390625,5475.57763671875,0.20930023698910116,0.7
2026-09-04 16:40:19,repeat_random_model.py,"(1021, 9)",858,sequential_2960,Dense 32 -> 16 -> 32 -> 64 -> 128 -> 128 -> 1,mse,adam_2960,20,128,1.7638,88510.203125,6362.06787109375,6006.91162109375,0.1325729459164463,0.7
2026-09-04 16:40:21,repeat_random_model.py,"(1021, 9)",858,sequential_2961,Dense 32 -> 16 -> 32 -> 64 -> 128 -> 64 -> 1,mse,adam_2961,20,128,1.6047,132632.984375,6093.76025390625,5836.97607421875,0.15711251080701705,0.7
2026-09-04 16:40:23,repeat_random_model.py,"(1021, 9)",858,sequential_2962,Dense 32 -> 16 -> 32 -> 64 -> 128 -> 32 -> 1,mse,adam_2962,20,128,1.6873,144055.6875,6119.8359375,5890.85546875,0.1493321110957696,0.7
2026-09-04 16:40:25,repeat_random_model.py,"(1021, 9)",858,sequential_2963,Dense 32 -> 16 -> 32 -> 64 -> 128 -> 16 -> 1,mse,adam_2963,20,128,1.6278,29329.193359375,4909.85546875,4726.966796875,0.3174032261738341,0.7
2026-09-04 16:40:27,repeat_random_model.py,"(1021, 9)",858,sequential_2964,Dense 32 -> 16 -> 32 -> 64 -> 64 -> 128 -> 1,mse,adam_2964,20,128,1.615,18423.576171875,4733.09130859375,4951.9013671875,0.2849216344340998,0.7
2026-09-04 16:40:29,repeat_random_model.py,"(1021, 9)",858,sequential_2965,Dense 32 -> 16 -> 32 -> 64 -> 64 -> 64 -> 1,mse,adam_2965,20,128,1.6133,27942.890625,4874.041015625,4664.115234375,0.3264792639533619,0.7
2026-09-04 16:40:30,repeat_random_model.py,"(1021, 9)",858,sequential_2966,Dense 32 -> 16 -> 32 -> 64 -> 64 -> 32 -> 1,mse,adam_2966,20,128,1.4626,29181.912109375,5458.693359375,5244.6630859375,0.24264530826149389,0.7
2026-09-04 16:40:32,repeat_random_model.py,"(1021, 9)",858,sequential_2967,Dense 32 -> 16 -> 32 -> 64 -> 64 -> 16 -> 1,mse,adam_2967,20,128,1.7322,66644.578125,5868.10986328125,5636.54296875,0.18605611197541105,0.7
2026-09-04 16:40:34,repeat_random_model.py,"(1021, 9)",858,sequential_2968,Dense 32 -> 16 -> 32 -> 64 -> 32 -> 128 -> 1,mse,adam_2968,20,128,1.6479,35282.0546875,5430.8125,5177.705078125,0.2523144827593595,0.7
2026-09-04 16:40:36,repeat_random_model.py,"(1021, 9)",858,sequential_2969,Dense 32 -> 16 -> 32 -> 64 -> 32 -> 64 -> 1,mse,adam_2969,20,128,1.6487,22181.408203125,6043.47607421875,5514.50244140625,0.20367932831764302,0.7
2026-09-04 16:40:38,repeat_random_model.py,"(1021, 9)",858,sequential_2970,Dense 32 -> 16 -> 32 -> 64 -> 32 -> 32 -> 1,mse,adam_2970,20,128,1.5308,104271.015625,6384.6787109375,6043.20556640625,0.12733198213324304,0.7
2026-09-04 16:40:42,repeat_random_model.py,"(1021, 9)",858,sequential_2971,Dense 32 -> 16 -> 32 -> 64 -> 32 -> 16 -> 1,mse,adam_2971,20,128,1.5408,12016.544921875,4234.47314453125,3538.800048828125,0.4889801487059211,0.7
2026-09-04 16:40:44,repeat_random_model.py,"(1021, 9)",858,sequential_2972,Dense 32 -> 16 -> 32 -> 64 -> 16 -> 128 -> 1,mse,adam_2972,20,128,1.5644,15098.134765625,5683.267578125,5404.6650390625,0.2195403108923999,0.7
2026-09-04 16:40:46,repeat_random_model.py,"(1021, 9)",858,sequential_2973,Dense 32 -> 16 -> 32 -> 64 -> 16 -> 64 -> 1,mse,adam_2973,20,128,1.7209,52087.0625,6266.57275390625,6039.62939453125,0.1278482916083219,0.7
2026-09-04 16:40:47,repeat_random_model.py,"(1021, 9)",858,sequential_2974,Dense 32 -> 16 -> 32 -> 64 -> 16 -> 32 -> 1,mse,adam_2974,20,128,1.4483,98013.953125,5986.40283203125,5707.8896484375,0.17575314364238215,0.7
2026-09-04 16:40:49,repeat_random_model.py,"(1021, 9)",858,sequential_2975,Dense 32 -> 16 -> 32 -> 64 -> 16 -> 16 -> 1,mse,adam_2975,20,128,1.5948,369891.0,6606.42724609375,6252.0791015625,0.09716954949860568,0.7
2026-09-04 16:40:51,repeat_random_model.py,"(1021, 9)",858,sequential_2976,Dense 32 -> 16 -> 32 -> 32 -> 128 -> 128 -> 1,mse,adam_2976,20,128,1.7632,41998.10546875,5288.79541015625,5011.36376953125,0.2763348727471484,0.7
2026-09-04 16:40:53,repeat_random_model.py,"(1021, 9)",858,sequential_2977,Dense 32 -> 16 -> 32 -> 32 -> 128 -> 64 -> 1,mse,adam_2977,20,128,1.5163,35337.4296875,5645.98095703125,5438.02099609375,0.214723447568401,0.7
2026-09-04 16:40:55,repeat_random_model.py,"(1021, 9)",858,sequential_2978,Dense 32 -> 16 -> 32 -> 32 -> 128 -> 32 -> 1,mse,adam_2978,20,128,1.6871,72586.0859375,5763.09619140625,5596.0361328125,0.19190536652993684,0.7
2026-09-04 16:40:57,repeat_random_model.py,"(1021, 9)",858,sequential_2979,Dense 32 -> 16 -> 32 -> 32 -> 128 -> 16 -> 1,mse,adam_2979,20,128,1.4741,185583.890625,6671.5634765625,6324.265625,0.08674560076669724,0.7
2026-09-04 16:40:59,repeat_random_model.py,"(1021, 9)",858,sequential_2980,Dense 32 -> 16 -> 32 -> 32 -> 64 -> 128 -> 1,mse,adam_2980,20,128,1.4852,54158.890625,5155.10498046875,4880.068359375,0.2952945754854852,0.7
2026-09-04 16:41:00,repeat_random_model.py,"(1021, 9)",858,sequential_2981,Dense 32 -> 16 -> 32 -> 32 -> 64 -> 64 -> 1,mse,adam_2981,20,128,1.447,26700.8046875,4992.92626953125,4402.0537109375,0.3643222276725926,0.7
2026-09-04 16:41:02,repeat_random_model.py,"(1021, 9)",858,sequential_2982,Dense 32 -> 16 -> 32 -> 32 -> 64 -> 32 -> 1,mse,adam_2982,20,128,1.4952,19149.8125,5435.2138671875,5015.47705078125,0.275740871953959,0.7
2026-09-04 16:41:04,repeat_random_model.py,"(1021, 9)",858,sequential_2983,Dense 32 -> 16 -> 32 -> 32 -> 64 -> 16 -> 1,mse,adam_2983,20,128,1.6311,39402.6796875,5807.9833984375,5599.60546875,0.1913899274970441,0.7
2026-09-04 16:41:06,repeat_random_model.py,"(1021, 9)",858,sequential_2984,Dense 32 -> 16 -> 32 -> 32 -> 32 -> 128 -> 1,mse,adam_2984,20,128,1.5954,18223.783203125,5095.5927734375,4662.30224609375,0.3267411118480593,0.7
2026-09-04 16:41:08,repeat_random_model.py,"(1021, 9)",858,sequential_2985,Dense 32 -> 16 -> 32 -> 32 -> 32 -> 64 -> 1,mse,adam_2985,20,128,1.489,16147.974609375,5689.28955078125,5230.95556640625,0.24462482635861593,0.7
2026-09-04 16:41:09,repeat_random_model.py,"(1021, 9)",858,sequential_2986,Dense 32 -> 16 -> 32 -> 32 -> 32 -> 32 -> 1,mse,adam_2986,20,128,1.5078,140162.328125,6616.056640625,6223.8662109375,0.10124357835144826,0.7
2026-09-04 16:41:11,repeat_random_model.py,"(1021, 9)",858,sequential_2987,Dense 32 -> 16 -> 32 -> 32 -> 32 -> 16 -> 1,mse,adam_2987,20,128,1.6243,57331.28515625,5743.056640625,5501.9755859375,0.20548826875699966,0.7
2026-09-04 16:41:13,repeat_random_model.py,"(1021, 9)",858,sequential_2988,Dense 32 -> 16 -> 32 -> 32 -> 16 -> 128 -> 1,mse,adam_2988,20,128,1.6149,75725.1328125,6528.96630859375,6099.203125,0.1192456628067613,0.7
2026-09-04 16:41:15,repeat_random_model.py,"(1021, 9)",858,sequential_2989,Dense 32 -> 16 -> 32 -> 32 -> 16 -> 64 -> 1,mse,adam_2989,20,128,1.4852,34048.79296875,6296.212890625,5972.97265625,0.13747397735843125,0.7
2026-09-04 16:41:17,repeat_random_model.py,"(1021, 9)",858,sequential_2990,Dense 32 -> 16 -> 32 -> 32 -> 16 -> 32 -> 1,mse,adam_2990,20,128,1.6062,10361.4482421875,5361.9033203125,5115.79931640625,0.26125393580048595,0.7
2026-09-04 16:41:18,repeat_random_model.py,"(1021, 9)",858,sequential_2991,Dense 32 -> 16 -> 32 -> 32 -> 16 -> 16 -> 1,mse,adam_2991,20,128,1.4199,9215.1396484375,5343.951171875,5423.35107421875,0.21684202106126227,0.7
2026-09-04 16:41:20,repeat_random_model.py,"(1021, 9)",858,sequential_2992,Dense 32 -> 16 -> 32 -> 16 -> 128 -> 128 -> 1,mse,adam_2992,20,128,1.6499,18424.86328125,4870.2353515625,4356.4208984375,0.37091183271381467,0.7
2026-09-04 16:41:22,repeat_random_model.py,"(1021, 9)",858,sequential_2993,Dense 32 -> 16 -> 32 -> 16 -> 128 -> 64 -> 1,mse,adam_2993,20,128,1.5837,13216.6162109375,4301.47900390625,3799.147216796875,0.45138482248810474,0.7
2026-09-04 16:41:24,repeat_random_model.py,"(1021, 9)",858,sequential_2994,Dense 32 -> 16 -> 32 -> 16 -> 128 -> 32 -> 1,mse,adam_2994,20,128,1.5227,64708.875,6287.54150390625,6054.2197265625,0.12574149818805191,0.7
2026-09-04 16:41:26,repeat_random_model.py,"(1021, 9)",858,sequential_2995,Dense 32 -> 16 -> 32 -> 16 -> 128 -> 16 -> 1,mse,adam_2995,20,128,1.4598,23711.958984375,5672.42626953125,5547.3076171875,0.19894202539485228,0.7
2026-09-04 16:41:28,repeat_random_model.py,"(1021, 9)",858,sequential_2996,Dense 32 -> 16 -> 32 -> 16 -> 64 -> 128 -> 1,mse,adam_2996,20,128,1.6576,10236.828125,5647.708984375,5066.02099609375,0.2684420791136266,0.7
2026-09-04 16:41:29,repeat_random_model.py,"(1021, 9)",858,sequential_2997,Dense 32 -> 16 -> 32 -> 16 -> 64 -> 64 -> 1,mse,adam_2997,20,128,1.4335,54901.75390625,5867.3017578125,5651.0966796875,0.18395443498281538,0.7
2026-09-04 16:41:31,repeat_random_model.py,"(1021, 9)",858,sequential_2998,Dense 32 -> 16 -> 32 -> 16 -> 64 -> 32 -> 1,mse,adam_2998,20,128,1.4487,16754.37109375,5843.46484375,5561.11767578125,0.19694780263531853,0.7
2026-09-04 16:41:33,repeat_random_model.py,"(1021, 9)",858,sequential_2999,Dense 32 -> 16 -> 32 -> 16 -> 64 -> 16 -> 1,mse,adam_2999,20,128,1.4685,35112.30078125,5531.03857421875,5390.638671875,0.2215658182372704,0.7
2026-09-04 16:41:34,repeat_random_model.py,"(1021, 9)",858,sequential_3000,Dense 32 -> 16 -> 32 -> 16 -> 32 -> 128 -> 1,mse,adam_3000,20,128,1.4697,49435.1015625,6347.9365234375,6053.48388671875,0.12584772266768218,0.7
2026-09-04 16:41:36,repeat_random_model.py,"(1021, 9)",858,sequential_3001,Dense 32 -> 16 -> 32 -> 16 -> 32 -> 64 -> 1,mse,adam_3001,20,128,1.4224,68583.8515625,6354.591796875,6086.4189453125,0.12109179668107117,0.7
2026-09-04 16:41:38,repeat_random_model.py,"(1021, 9)",858,sequential_3002,Dense 32 -> 16 -> 32 -> 16 -> 32 -> 32 -> 1,mse,adam_3002,20,128,1.4308,10143.4912109375,4560.4677734375,4322.5966796875,0.3757961964527362,0.7
2026-09-04 16:41:39,repeat_random_model.py,"(1021, 9)",858,sequential_3003,Dense 32 -> 16 -> 32 -> 16 -> 32 -> 16 -> 1,mse,adam_3003,20,128,1.4749,11887.96484375,4686.23583984375,4154.23193359375,0.400108913059399,0.7
2026-09-04 16:41:41,repeat_random_model.py,"(1021, 9)",858,sequential_3004,Dense 32 -> 16 -> 32 -> 16 -> 16 -> 128 -> 1,mse,adam_3004,20,128,1.5709,17420.583984375,6166.7666015625,5925.22265625,0.1443693186100793,0.7
2026-09-04 16:41:43,repeat_random_model.py,"(1021, 9)",858,sequential_3005,Dense 32 -> 16 -> 32 -> 16 -> 16 -> 64 -> 1,mse,adam_3005,20,128,1.4058,55073.859375,6210.32177734375,5918.52734375,0.14533613461566497,0.7
2026-09-04 16:41:45,repeat_random_model.py,"(1021, 9)",858,sequential_3006,Dense 32 -> 16 -> 32 -> 16 -> 16 -> 32 -> 1,mse,adam_3006,20,128,1.4877,356769.8125,6540.81005859375,6178.68603515625,0.10776793989462985,0.7
2026-09-04 16:41:46,repeat_random_model.py,"(1021, 9)",858,sequential_3007,Dense 32 -> 16 -> 32 -> 16 -> 16 -> 16 -> 1,mse,adam_3007,20,128,1.4793,9671.625,3381.884033203125,3146.023681640625,0.5456990601690199,0.7
2026-09-04 16:41:49,repeat_random_model.py,"(1021, 9)",858,sequential_3008,Dense 32 -> 16 -> 16 -> 128 -> 128 -> 128 -> 1,mse,adam_3008,20,128,1.9492,37836.0078125,3984.49267578125,3561.848388671875,0.4856518824724172,0.7
2026-09-04 16:41:50,repeat_random_model.py,"(1021, 9)",858,sequential_3009,Dense 32 -> 16 -> 16 -> 128 -> 128 -> 64 -> 1,mse,adam_3009,20,128,1.5493,99723.265625,5953.380859375,5938.15283203125,0.14250209594616192,0.7
2026-09-04 16:41:52,repeat_random_model.py,"(1021, 9)",858,sequential_3010,Dense 32 -> 16 -> 16 -> 128 -> 128 -> 32 -> 1,mse,adam_3010,20,128,1.6137,43581.80859375,5888.40478515625,5808.89599609375,0.16116741068196305,0.7
2026-09-04 16:41:54,repeat_random_model.py,"(1021, 9)",858,sequential_3011,Dense 32 -> 16 -> 16 -> 128 -> 128 -> 16 -> 1,mse,adam_3011,20,128,1.8488,35439.41796875,4487.12744140625,4229.919921875,0.3891791548684749,0.7
2026-09-04 16:41:56,repeat_random_model.py,"(1021, 9)",858,sequential_3012,Dense 32 -> 16 -> 16 -> 128 -> 64 -> 128 -> 1,mse,adam_3012,20,128,1.6167,26820.296875,5078.83447265625,4835.96728515625,0.3016629610062318,0.7
2026-09-04 16:41:58,repeat_random_model.py,"(1021, 9)",858,sequential_3013,Dense 32 -> 16 -> 16 -> 128 -> 64 -> 64 -> 1,mse,adam_3013,20,128,1.5253,122809.953125,6176.39990234375,5886.35107421875,0.1499824650699243,0.7
2026-09-04 16:42:00,repeat_random_model.py,"(1021, 9)",858,sequential_3014,Dense 32 -> 16 -> 16 -> 128 -> 64 -> 32 -> 1,mse,adam_3014,20,128,1.5218,27251.66796875,5492.75927734375,5196.10546875,0.2496572450811042,0.7
2026-09-04 16:42:02,repeat_random_model.py,"(1021, 9)",858,sequential_3015,Dense 32 -> 16 -> 16 -> 128 -> 64 -> 16 -> 1,mse,adam_3015,20,128,1.4297,22060.126953125,4732.43505859375,4290.150390625,0.38048155865142197,0.7
2026-09-04 16:42:03,repeat_random_model.py,"(1021, 9)",858,sequential_3016,Dense 32 -> 16 -> 16 -> 128 -> 32 -> 128 -> 1,mse,adam_3016,20,128,1.5486,47449.33984375,6009.724609375,5793.30615234375,0.16341862424425224,0.7
2026-09-04 16:42:05,repeat_random_model.py,"(1021, 9)",858,sequential_3017,Dense 32 -> 16 -> 16 -> 128 -> 32 -> 64 -> 1,mse,adam_3017,20,128,1.483,58199.765625,6166.7822265625,5948.59716796875,0.14099393090536172,0.7
2026-09-04 16:42:07,repeat_random_model.py,"(1021, 9)",858,sequential_3018,Dense 32 -> 16 -> 16 -> 128 -> 32 -> 32 -> 1,mse,adam_3018,20,128,1.5717,9977.470703125,3797.737548828125,3770.204345703125,0.45556436549904833,0.7
2026-09-04 16:42:09,repeat_random_model.py,"(1021, 9)",858,sequential_3019,Dense 32 -> 16 -> 16 -> 128 -> 32 -> 16 -> 1,mse,adam_3019,20,128,1.5335,40838.6328125,6124.8251953125,5897.68017578125,0.14834657993657696,0.7
2026-09-04 16:42:10,repeat_random_model.py,"(1021, 9)",858,sequential_3020,Dense 32 -> 16 -> 16 -> 128 -> 16 -> 128 -> 1,mse,adam_3020,20,128,1.4901,22009.91796875,6270.4912109375,5992.93505859375,0.13459124088374264,0.7
2026-09-04 16:42:12,repeat_random_model.py,"(1021, 9)",858,sequential_3021,Dense 32 -> 16 -> 16 -> 128 -> 16 -> 64 -> 1,mse,adam_3021,20,128,1.4257,18342.205078125,5787.91259765625,5436.18603515625,0.21498856777412434,0.7
2026-09-04 16:42:14,repeat_random_model.py,"(1021, 9)",858,sequential_3022,Dense 32 -> 16 -> 16 -> 128 -> 16 -> 32 -> 1,mse,adam_3022,20,128,1.5748,12196.1923828125,5785.77392578125,5345.22607421875,0.2281234588977482,0.7
2026-09-04 16:42:16,repeat_random_model.py,"(1021, 9)",858,sequential_3023,Dense 32 -> 16 -> 16 -> 128 -> 16 -> 16 -> 1,mse,adam_3023,20,128,1.4334,39322.796875,5451.525390625,5603.7529296875,0.1907909392693039,0.7
2026-09-04 16:42:18,repeat_random_model.py,"(1021, 9)",858,sequential_3024,Dense 32 -> 16 -> 16 -> 64 -> 128 -> 128 -> 1,mse,adam_3024,20,128,1.7484,35945.78515625,5121.12744140625,4830.5263671875,0.30244870734879037,0.7
2026-09-04 16:42:19,repeat_random_model.py,"(1021, 9)",858,sequential_3025,Dense 32 -> 16 -> 16 -> 64 -> 128 -> 64 -> 1,mse,adam_3025,20,128,1.5257,65532.05859375,5901.71435546875,5629.771484375,0.18703374478911405,0.7
2026-09-04 16:42:21,repeat_random_model.py,"(1021, 9)",858,sequential_3026,Dense 32 -> 16 -> 16 -> 64 -> 128 -> 32 -> 1,mse,adam_3026,20,128,1.5061,31436.79296875,5903.7880859375,5626.369140625,0.18752513105722002,0.7
2026-09-04 16:42:23,repeat_random_model.py,"(1021, 9)",858,sequential_3027,Dense 32 -> 16 -> 16 -> 64 -> 128 -> 16 -> 1,mse,adam_3027,20,128,1.4429,82174.3671875,6430.51513671875,6018.8095703125,0.13085490999537175,0.7
2026-09-04 16:42:25,repeat_random_model.py,"(1021, 9)",858,sequential_3028,Dense 32 -> 16 -> 16 -> 64 -> 64 -> 128 -> 1,mse,adam_3028,20,128,1.5497,14471.36328125,5182.0625,4709.6279296875,0.3199069286098233,0.7
2026-09-04 16:42:26,repeat_random_model.py,"(1021, 9)",858,sequential_3029,Dense 32 -> 16 -> 16 -> 64 -> 64 -> 64 -> 1,mse,adam_3029,20,128,1.4463,106554.7109375,6299.5986328125,6154.84130859375,0.11121128593142826,0.7
2026-09-04 16:42:28,repeat_random_model.py,"(1021, 9)",858,sequential_3030,Dense 32 -> 16 -> 16 -> 64 -> 64 -> 32 -> 1,mse,adam_3030,20,128,1.4983,25953.9296875,5785.599609375,5880.25439453125,0.15086288582191676,0.7
2026-09-04 16:42:30,repeat_random_model.py,"(1021, 9)",858,sequential_3031,Dense 32 -> 16 -> 16 -> 64 -> 64 -> 16 -> 1,mse,adam_3031,20,128,1.5318,17183.60546875,5346.75732421875,5077.93359375,0.266721913641234,0.7
2026-09-04 16:42:32,repeat_random_model.py,"(1021, 9)",858,sequential_3032,Dense 32 -> 16 -> 16 -> 64 -> 32 -> 128 -> 1,mse,adam_3032,20,128,1.4779,42158.12890625,6167.45068359375,5864.23046875,0.1531767556747523,0.7
2026-09-04 16:42:33,repeat_random_model.py,"(1021, 9)",858,sequential_3033,Dense 32 -> 16 -> 16 -> 64 -> 32 -> 64 -> 1,mse,adam_3033,20,128,1.4762,12702.2255859375,4133.19970703125,3812.573974609375,0.449445948127254,0.7
2026-09-04 16:42:35,repeat_random_model.py,"(1021, 9)",858,sequential_3034,Dense 32 -> 16 -> 16 -> 64 -> 32 -> 32 -> 1,mse,adam_3034,20,128,1.4582,26607.046875,5816.06396484375,5656.4833984375,0.18317652032236287,0.7
2026-09-04 16:42:37,repeat_random_model.py,"(1021, 9)",858,sequential_3035,Dense 32 -> 16 -> 16 -> 64 -> 32 -> 16 -> 1,mse,adam_3035,20,128,1.3962,23670.685546875,5144.1171875,4946.6044921875,0.28568646580527624,0.7
2026-09-04 16:42:38,repeat_random_model.py,"(1021, 9)",858,sequential_3036,Dense 32 -> 16 -> 16 -> 64 -> 16 -> 128 -> 1,mse,adam_3036,20,128,1.5521,90371.0859375,6467.09130859375,6119.244140625,0.11635172314279663,0.7
2026-09-04 16:42:40,repeat_random_model.py,"(1021, 9)",858,sequential_3037,Dense 32 -> 16 -> 16 -> 64 -> 16 -> 64 -> 1,mse,adam_3037,20,128,1.4891,24680.341796875,6272.943359375,5950.28271484375,0.14075056142911613,0.7
2026-09-04 16:42:42,repeat_random_model.py,"(1021, 9)",858,sequential_3038,Dense 32 -> 16 -> 16 -> 64 -> 16 -> 32 -> 1,mse,adam_3038,20,128,1.4704,27502.36328125,5756.2880859375,5579.08740234375,0.1943528260438644,0.7
2026-09-04 16:42:43,repeat_random_model.py,"(1021, 9)",858,sequential_3039,Dense 32 -> 16 -> 16 -> 64 -> 16 -> 16 -> 1,mse,adam_3039,20,128,1.3978,480886.84375,6927.9931640625,6420.05126953125,0.07291351352607878,0.7
2026-09-04 16:42:45,repeat_random_model.py,"(1021, 9)",858,sequential_3040,Dense 32 -> 16 -> 16 -> 32 -> 128 -> 128 -> 1,mse,adam_3040,20,128,1.4673,99129.75,6121.986328125,5906.427734375,0.14708343041593064,0.7
2026-09-04 16:42:47,repeat_random_model.py,"(1021, 9)",858,sequential_3041,Dense 32 -> 16 -> 16 -> 32 -> 128 -> 64 -> 1,mse,adam_3041,20,128,1.5579,27505.9296875,4983.50537109375,5060.2578125,0.269274289704418,0.7
2026-09-04 16:42:49,repeat_random_model.py,"(1021, 9)",858,sequential_3042,Dense 32 -> 16 -> 16 -> 32 -> 128 -> 32 -> 1,mse,adam_3042,20,128,1.6016,36401.890625,5433.25390625,5308.123046875,0.23348136420499455,0.7
2026-09-04 16:42:51,repeat_random_model.py,"(1021, 9)",858,sequential_3043,Dense 32 -> 16 -> 16 -> 32 -> 128 -> 16 -> 1,mse,adam_3043,20,128,1.455,17256.826171875,5146.9609375,4712.7548828125,0.319455400756095,0.7
2026-09-04 16:42:52,repeat_random_model.py,"(1021, 9)",858,sequential_3044,Dense 32 -> 16 -> 16 -> 32 -> 64 -> 128 -> 1,mse,adam_3044,20,128,1.5385,23972.775390625,6071.48486328125,5552.0634765625,0.19825525683004908,0.7
2026-09-04 16:42:54,repeat_random_model.py,"(1021, 9)",858,sequential_3045,Dense 32 -> 16 -> 16 -> 32 -> 64 -> 64 -> 1,mse,adam_3045,20,128,1.4001,37519.26953125,5389.91162109375,5187.5205078125,0.2508969403503041,0.7
2026-09-04 16:42:56,repeat_random_model.py,"(1021, 9)",858,sequential_3046,Dense 32 -> 16 -> 16 -> 32 -> 64 -> 32 -> 1,mse,adam_3046,20,128,1.4119,12534.7119140625,4304.8359375,3555.949462890625,0.48650374584792144,0.7
2026-09-04 16:42:57,repeat_random_model.py,"(1021, 9)",858,sequential_3047,Dense 32 -> 16 -> 16 -> 32 -> 64 -> 16 -> 1,mse,adam_3047,20,128,1.3866,13762.71484375,5541.44775390625,5291.79443359375,0.23583925823570195,0.7
2026-09-04 16:42:59,repeat_random_model.py,"(1021, 9)",858,sequential_3048,Dense 32 -> 16 -> 16 -> 32 -> 32 -> 128 -> 1,mse,adam_3048,20,128,1.4665,17220.046875,5605.99560546875,5289.45263671875,0.23617758761548435,0.7
2026-09-04 16:43:01,repeat_random_model.py,"(1021, 9)",858,sequential_3049,Dense 32 -> 16 -> 16 -> 32 -> 32 -> 64 -> 1,mse,adam_3049,20,128,1.434,13062.94140625,5775.49755859375,5433.263671875,0.21541050027639985,0.7
2026-09-04 16:43:03,repeat_random_model.py,"(1021, 9)",858,sequential_3050,Dense 32 -> 16 -> 16 -> 32 -> 32 -> 32 -> 1,mse,adam_3050,20,128,1.6586,111924.8125,5709.6748046875,5389.4228515625,0.2217414425755665,0.7
2026-09-04 16:43:04,repeat_random_model.py,"(1021, 9)",858,sequential_3051,Dense 32 -> 16 -> 16 -> 32 -> 32 -> 16 -> 1,mse,adam_3051,20,128,1.4413,13559.5908203125,5106.00341796875,4365.9111328125,0.3695414509827717,0.7
2026-09-04 16:43:06,repeat_random_model.py,"(1021, 9)",858,sequential_3052,Dense 32 -> 16 -> 16 -> 32 -> 16 -> 128 -> 1,mse,adam_3052,20,128,1.4144,10447.1884765625,5209.384765625,4825.4541015625,0.30318111479096455,0.7
2026-09-04 16:43:08,repeat_random_model.py,"(1021, 9)",858,sequential_3053,Dense 32 -> 16 -> 16 -> 32 -> 16 -> 64 -> 1,mse,adam_3053,20,128,1.3807,43969.83984375,6200.166015625,5939.38134765625,0.14232473876411467,0.7
2026-09-04 16:43:09,repeat_random_model.py,"(1021, 9)",858,sequential_3054,Dense 32 -> 16 -> 16 -> 32 -> 16 -> 32 -> 1,mse,adam_3054,20,128,1.386,8551.75390625,3824.310546875,3196.440673828125,0.5384185645928735,0.7
2026-09-04 16:43:11,repeat_random_model.py,"(1021, 9)",858,sequential_3055,Dense 32 -> 16 -> 16 -> 32 -> 16 -> 16 -> 1,mse,adam_3055,20,128,1.3917,9343.7998046875,4469.3251953125,4026.76708984375,0.4185153338653004,0.7
2026-09-04 16:43:12,repeat_random_model.py,"(1021, 9)",858,sequential_3056,Dense 32 -> 16 -> 16 -> 16 -> 128 -> 128 -> 1,mse,adam_3056,20,128,1.4257,398811.375,6417.9443359375,6059.1796875,0.1250252417595954,0.7
2026-09-04 16:43:14,repeat_random_model.py,"(1021, 9)",858,sequential_3057,Dense 32 -> 16 -> 16 -> 16 -> 128 -> 64 -> 1,mse,adam_3057,20,128,1.4166,27380.814453125,5483.380859375,5144.44677734375,0.2571170007340876,0.7
2026-09-04 16:43:16,repeat_random_model.py,"(1021, 9)",858,sequential_3058,Dense 32 -> 16 -> 16 -> 16 -> 128 -> 32 -> 1,mse,adam_3058,20,128,1.4296,23425.533203125,5732.88623046875,5352.9501953125,0.22700825470428576,0.7
2026-09-04 16:43:18,repeat_random_model.py,"(1021, 9)",858,sequential_3059,Dense 32 -> 16 -> 16 -> 16 -> 128 -> 16 -> 1,mse,adam_3059,20,128,1.5845,227678.203125,6740.109375,6359.2744140625,0.08169006839395676,0.7
2026-09-04 16:43:19,repeat_random_model.py,"(1021, 9)",858,sequential_3060,Dense 32 -> 16 -> 16 -> 16 -> 64 -> 128 -> 1,mse,adam_3060,20,128,1.5358,12751.7021484375,3652.9482421875,3367.103515625,0.5137740377234052,0.7
2026-09-04 16:43:21,repeat_random_model.py,"(1021, 9)",858,sequential_3061,Dense 32 -> 16 -> 16 -> 16 -> 64 -> 64 -> 1,mse,adam_3061,20,128,1.4062,267983.03125,6615.77734375,6286.96240234375,0.09213238821839165,0.7
2026-09-04 16:43:23,repeat_random_model.py,"(1021, 9)",858,sequential_3062,Dense 32 -> 16 -> 16 -> 16 -> 64 -> 32 -> 1,mse,adam_3062,20,128,1.521,188687.984375,6173.34375,5996.53076171875,0.13407208458994868,0.7
2026-09-04 16:43:25,repeat_random_model.py,"(1021, 9)",858,sequential_3063,Dense 32 -> 16 -> 16 -> 16 -> 64 -> 16 -> 1,mse,adam_3063,20,128,1.4148,30555.244140625,6442.55126953125,6121.1484375,0.1160766661723841,0.7
2026-09-04 16:43:26,repeat_random_model.py,"(1021, 9)",858,sequential_3064,Dense 32 -> 16 -> 16 -> 16 -> 32 -> 128 -> 1,mse,adam_3064,20,128,1.4128,9793.638671875,5074.65966796875,5970.36572265625,0.13785040486099032,0.7
2026-09-04 16:43:28,repeat_random_model.py,"(1021, 9)",858,sequential_3065,Dense 32 -> 16 -> 16 -> 16 -> 32 -> 64 -> 1,mse,adam_3065,20,128,1.4017,237158.078125,6509.0947265625,6153.2998046875,0.11143383662203787,0.7
2026-09-04 16:43:30,repeat_random_model.py,"(1021, 9)",858,sequential_3066,Dense 32 -> 16 -> 16 -> 16 -> 32 -> 32 -> 1,mse,adam_3066,20,128,1.4335,106238.0390625,6154.64892578125,5889.4541015625,0.14953440009950636,0.7
2026-09-04 16:43:31,repeat_random_model.py,"(1021, 9)",858,sequential_3067,Dense 32 -> 16 -> 16 -> 16 -> 32 -> 16 -> 1,mse,adam_3067,20,128,1.3786,36526.91015625,5963.05029296875,5766.92431640625,0.16722836373031746,0.7
2026-09-04 16:43:33,repeat_random_model.py,"(1021, 9)",858,sequential_3068,Dense 32 -> 16 -> 16 -> 16 -> 16 -> 128 -> 1,mse,adam_3068,20,128,1.4629,36648.95703125,5631.16015625,5473.46826171875,0.20960486030769254,0.7
2026-09-04 16:43:34,repeat_random_model.py,"(1021, 9)",858,sequential_3069,Dense 32 -> 16 -> 16 -> 16 -> 16 -> 64 -> 1,mse,adam_3069,20,128,1.3922,9472.5302734375,5080.0869140625,4737.357421875,0.3159026578029257,0.7
2026-09-04 16:43:36,repeat_random_model.py,"(1021, 9)",858,sequential_3070,Dense 32 -> 16 -> 16 -> 16 -> 16 -> 32 -> 1,mse,adam_3070,20,128,1.3966,23295.923828125,6504.29638671875,6221.22265625,0.10162537979704467,0.7
2026-09-04 16:43:38,repeat_random_model.py,"(1021, 9)",858,sequential_3071,Dense 32 -> 16 -> 16 -> 16 -> 16 -> 16 -> 1,mse,adam_3071,20,128,1.359,17488.8671875,5496.900390625,5340.44287109375,0.22881430808294367,0.7
2026-09-04 16:43:39,repeat_random_model.py,"(1021, 9)",858,sequential_3072,Dense 16 -> 128 -> 128 -> 128 -> 128 -> 128 -> 1,mse,adam_3072,20,128,1.5276,448962.0625,6151.0078125,5950.81982421875,0.14067292534114217,0.7
2026-09-04 16:43:41,repeat_random_model.py,"(1021, 9)",858,sequential_3073,Dense 16 -> 128 -> 128 -> 128 -> 128 -> 64 -> 1,mse,adam_3073,20,128,1.5148,186952.171875,6265.84130859375,5985.81298828125,0.1356198470685177,0.7
2026-09-04 16:43:43,repeat_random_model.py,"(1021, 9)",858,sequential_3074,Dense 16 -> 128 -> 128 -> 128 -> 128 -> 32 -> 1,mse,adam_3074,20,128,1.5158,133917.453125,6007.9765625,5828.08740234375,0.15839610715871544,0.7
2026-09-04 16:43:45,repeat_random_model.py,"(1021, 9)",858,sequential_3075,Dense 16 -> 128 -> 128 -> 128 -> 128 -> 16 -> 1,mse,adam_3075,20,128,1.5694,393149.28125,6445.7646484375,6170.12109375,0.10900484345669237,0.7
2026-09-04 16:43:47,repeat_random_model.py,"(1021, 9)",858,sequential_3076,Dense 16 -> 128 -> 128 -> 128 -> 64 -> 128 -> 1,mse,adam_3076,20,128,1.589,124920.0078125,6247.42919921875,5947.51416015625,0.14115015637841144,0.7
2026-09-04 16:43:48,repeat_random_model.py,"(1021, 9)",858,sequential_3077,Dense 16 -> 128 -> 128 -> 128 -> 64 -> 64 -> 1,mse,adam_3077,20,128,1.5403,262683.75,6210.228515625,5915.78857421875,0.14573159923320367,0.7
2026-09-04 16:43:50,repeat_random_model.py,"(1021, 9)",858,sequential_3078,Dense 16 -> 128 -> 128 -> 128 -> 64 -> 32 -> 1,mse,adam_3078,20,128,1.4621,185916.734375,6336.416015625,6009.47607421875,0.1322025969934818,0.7
2026-09-04 16:43:52,repeat_random_model.py,"(1021, 9)",858,sequential_3079,Dense 16 -> 128 -> 128 -> 128 -> 64 -> 16 -> 1,mse,adam_3079,20,128,1.4639,492312.71875,6381.880859375,6097.1123046875,0.11954747662854259,0.7
2026-09-04 16:43:54,repeat_random_model.py,"(1021, 9)",858,sequential_3080,Dense 16 -> 128 -> 128 -> 128 -> 32 -> 128 -> 1,mse,adam_3080,20,128,1.4977,53905.8828125,5927.748046875,5776.5400390625,0.16583973140001174,0.7
2026-09-04 16:43:55,repeat_random_model.py,"(1021, 9)",858,sequential_3081,Dense 16 -> 128 -> 128 -> 128 -> 32 -> 64 -> 1,mse,adam_3081,20,128,1.4448,90737.1953125,6149.96142578125,5947.43603515625,0.14116158050324756,0.7
2026-09-04 16:43:57,repeat_random_model.py,"(1021, 9)",858,sequential_3082,Dense 16 -> 128 -> 128 -> 128 -> 32 -> 32 -> 1,mse,adam_3082,20,128,1.4612,169252.90625,6373.44873046875,6060.54638671875,0.12482798095031644,0.7
2026-09-04 16:43:59,repeat_random_model.py,"(1021, 9)",858,sequential_3083,Dense 16 -> 128 -> 128 -> 128 -> 32 -> 16 -> 1,mse,adam_3083,20,128,1.5374,285496.0625,6037.40283203125,5809.0673828125,0.16114251121364775,0.7
2026-09-04 16:44:01,repeat_random_model.py,"(1021, 9)",858,sequential_3084,Dense 16 -> 128 -> 128 -> 128 -> 16 -> 128 -> 1,mse,adam_3084,20,128,1.4446,39667.28515625,6201.81298828125,6150.40185546875,0.11185232205582263,0.7
2026-09-04 16:44:02,repeat_random_model.py,"(1021, 9)",858,sequential_3085,Dense 16 -> 128 -> 128 -> 128 -> 16 -> 64 -> 1,mse,adam_3085,20,128,1.4512,67920.6640625,6251.626953125,5962.98388671875,0.13891633882349885,0.7
2026-09-04 16:44:04,repeat_random_model.py,"(1021, 9)",858,sequential_3086,Dense 16 -> 128 -> 128 -> 128 -> 16 -> 32 -> 1,mse,adam_3086,20,128,1.5497,343138.625,6258.50146484375,5980.19921875,0.13643032206913397,0.7
2026-09-04 16:44:06,repeat_random_model.py,"(1021, 9)",858,sequential_3087,Dense 16 -> 128 -> 128 -> 128 -> 16 -> 16 -> 1,mse,adam_3087,20,128,1.4375,120930.453125,6264.3798828125,5958.18017578125,0.13960993090207163,0.7
2026-09-04 16:44:08,repeat_random_model.py,"(1021, 9)",858,sequential_3088,Dense 16 -> 128 -> 128 -> 64 -> 128 -> 128 -> 1,mse,adam_3088,20,128,1.4949,57974.875,5652.6142578125,5342.779296875,0.22847689910076252,0.7
2026-09-04 16:44:10,repeat_random_model.py,"(1021, 9)",858,sequential_3089,Dense 16 -> 128 -> 128 -> 64 -> 128 -> 64 -> 1,mse,adam_3089,20,128,1.6325,107770.796875,6286.8740234375,6028.919921875,0.12939486467130978,0.7
2026-09-04 16:44:11,repeat_random_model.py,"(1021, 9)",858,sequential_3090,Dense 16 -> 128 -> 128 -> 64 -> 128 -> 32 -> 1,mse,adam_3090,20,128,1.5945,93084.1875,6203.60498046875,5922.10498046875,0.1448193944974141,0.7
2026-09-04 16:44:13,repeat_random_model.py,"(1021, 9)",858,sequential_3091,Dense 16 -> 128 -> 128 -> 64 -> 128 -> 16 -> 1,mse,adam_3091,20,128,1.4499,162812.984375,6301.1103515625,6014.0234375,0.13154593517218893,0.7
2026-09-04 16:44:15,repeat_random_model.py,"(1021, 9)",858,sequential_3092,Dense 16 -> 128 -> 128 -> 64 -> 64 -> 128 -> 1,mse,adam_3092,20,128,1.4418,38988.07421875,5193.50927734375,5084.62548828125,0.2657554534116535,0.7
2026-09-04 16:44:17,repeat_random_model.py,"(1021, 9)",858,sequential_3093,Dense 16 -> 128 -> 128 -> 64 -> 64 -> 64 -> 1,mse,adam_3093,20,128,1.5263,135203.078125,6146.89794921875,6016.00244140625,0.1312602360914582,0.7
2026-09-04 16:44:18,repeat_random_model.py,"(1021, 9)",858,sequential_3094,Dense 16 -> 128 -> 128 -> 64 -> 64 -> 32 -> 1,mse,adam_3094,20,128,1.5572,67084.3828125,6057.33447265625,5354.791015625,0.22674221757938984,0.7
2026-09-04 16:44:20,repeat_random_model.py,"(1021, 9)",858,sequential_3095,Dense 16 -> 128 -> 128 -> 64 -> 64 -> 16 -> 1,mse,adam_3095,20,128,1.4212,160611.1875,5818.7880859375,5541.99951171875,0.19970861031740772,0.7
2026-09-04 16:44:22,repeat_random_model.py,"(1021, 9)",858,sequential_3096,Dense 16 -> 128 -> 128 -> 64 -> 32 -> 128 -> 1,mse,adam_3096,20,128,1.4837,69781.75,6170.4208984375,5857.65185546875,0.1541268443530912,0.7
2026-09-04 16:44:24,repeat_random_model.py,"(1021, 9)",858,sequential_3097,Dense 16 -> 128 -> 128 -> 64 -> 32 -> 64 -> 1,mse,adam_3097,20,128,1.6415,219644.078125,6296.978515625,6117.7626953125,0.11656567215126512,0.7
2026-09-04 16:44:25,repeat_random_model.py,"(1021, 9)",858,sequential_3098,Dense 16 -> 128 -> 128 -> 64 -> 32 -> 32 -> 1,mse,adam_3098,20,128,1.4782,48511.5078125,5799.0419921875,5612.0009765625,0.18959998710173276,0.7
2026-09-04 16:44:27,repeat_random_model.py,"(1021, 9)",858,sequential_3099,Dense 16 -> 128 -> 128 -> 64 -> 32 -> 16 -> 1,mse,adam_3099,20,128,1.4581,121343.9765625,5848.3779296875,5677.919921875,0.18008093962691996,0.7
2026-09-04 16:44:29,repeat_random_model.py,"(1021, 9)",858,sequential_3100,Dense 16 -> 128 -> 128 -> 64 -> 16 -> 128 -> 1,mse,adam_3100,20,128,1.4405,29029.7734375,6262.30126953125,5825.60400390625,0.1587545425521285,0.7
2026-09-04 16:44:30,repeat_random_model.py,"(1021, 9)",858,sequential_3101,Dense 16 -> 128 -> 128 -> 64 -> 16 -> 64 -> 1,mse,adam_3101,20,128,1.4211,47479.2265625,6173.8173828125,6203.40576171875,0.10419832460320455,0.7
2026-09-04 16:44:32,repeat_random_model.py,"(1021, 9)",858,sequential_3102,Dense 16 -> 128 -> 128 -> 64 -> 16 -> 32 -> 1,mse,adam_3102,20,128,1.4441,66533.3046875,5862.10302734375,5538.5966796875,0.20019995075982322,0.7
2026-09-04 16:44:34,repeat_random_model.py,"(1021, 9)",858,sequential_3103,Dense 16 -> 128 -> 128 -> 64 -> 16 -> 16 -> 1,mse,adam_3103,20,128,1.4792,163552.375,6121.412109375,5861.6767578125,0.1535455478241079,0.7
2026-09-04 16:44:36,repeat_random_model.py,"(1021, 9)",858,sequential_3104,Dense 16 -> 128 -> 128 -> 32 -> 128 -> 128 -> 1,mse,adam_3104,20,128,1.4475,151689.203125,6228.03125,6008.13916015625,0.1323956418501211,0.7
2026-09-04 16:44:37,repeat_random_model.py,"(1021, 9)",858,sequential_3105,Dense 16 -> 128 -> 128 -> 32 -> 128 -> 64 -> 1,mse,adam_3105,20,128,1.4785,57617.77734375,6043.76904296875,5757.37939453125,0.1686065911747504,0.7
2026-09-04 16:44:39,repeat_random_model.py,"(1021, 9)",858,sequential_3106,Dense 16 -> 128 -> 128 -> 32 -> 128 -> 32 -> 1,mse,adam_3106,20,128,1.4553,103337.2109375,6218.509765625,6262.64990234375,0.09564313852830397,0.7
2026-09-04 16:44:41,repeat_random_model.py,"(1021, 9)",858,sequential_3107,Dense 16 -> 128 -> 128 -> 32 -> 128 -> 16 -> 1,mse,adam_3107,20,128,1.5676,83776.7578125,5982.71630859375,5711.06640625,0.17529439419506843,0.7
2026-09-04 16:44:43,repeat_random_model.py,"(1021, 9)",858,sequential_3108,Dense 16 -> 128 -> 128 -> 32 -> 64 -> 128 -> 1,mse,adam_3108,20,128,1.5211,37899.625,5338.78125,5120.08544921875,0.26063497675729597,0.7
2026-09-04 16:44:45,repeat_random_model.py,"(1021, 9)",858,sequential_3109,Dense 16 -> 128 -> 128 -> 32 -> 64 -> 64 -> 1,mse,adam_3109,20,128,1.5492,54786.0234375,6104.50341796875,6102.47216796875,0.11877367903842351,0.7
2026-09-04 16:44:46,repeat_random_model.py,"(1021, 9)",858,sequential_3110,Dense 16 -> 128 -> 128 -> 32 -> 64 -> 32 -> 1,mse,adam_3110,20,128,1.5202,123550.1796875,6301.40771484375,5937.38525390625,0.14261283258688373,0.7
2026-09-04 16:44:48,repeat_random_model.py,"(1021, 9)",858,sequential_3111,Dense 16 -> 128 -> 128 -> 32 -> 64 -> 16 -> 1,mse,adam_3111,20,128,1.4328,38006.421875,5937.568359375,5525.494140625,0.20209189290486396,0.7
2026-09-04 16:44:50,repeat_random_model.py,"(1021, 9)",858,sequential_3112,Dense 16 -> 128 -> 128 -> 32 -> 32 -> 128 -> 1,mse,adam_3112,20,128,1.4447,30339.271484375,6142.51123046875,5939.9150390625,0.14224775571584414,0.7
2026-09-04 16:44:52,repeat_random_model.py,"(1021, 9)",858,sequential_3113,Dense 16 -> 128 -> 128 -> 32 -> 32 -> 64 -> 1,mse,adam_3113,20,128,1.6084,43373.30078125,6281.15380859375,5980.93994140625,0.1363233908938396,0.7
2026-09-04 16:44:53,repeat_random_model.py,"(1021, 9)",858,sequential_3114,Dense 16 -> 128 -> 128 -> 32 -> 32 -> 32 -> 1,mse,adam_3114,20,128,1.4625,86666.625,5381.71484375,5289.34423828125,0.23619319558191398,0.7
2026-09-04 16:44:55,repeat_random_model.py,"(1021, 9)",858,sequential_3115,Dense 16 -> 128 -> 128 -> 32 -> 32 -> 16 -> 1,mse,adam_3115,20,128,1.5117,82435.640625,6190.2568359375,5912.009765625,0.1462772148235988,0.7
2026-09-04 16:44:57,repeat_random_model.py,"(1021, 9)",858,sequential_3116,Dense 16 -> 128 -> 128 -> 32 -> 16 -> 128 -> 1,mse,adam_3116,20,128,1.3969,23497.884765625,6081.95703125,5798.26220703125,0.16270302441559004,0.7
2026-09-04 16:44:58,repeat_random_model.py,"(1021, 9)",858,sequential_3117,Dense 16 -> 128 -> 128 -> 32 -> 16 -> 64 -> 1,mse,adam_3117,20,128,1.4667,42818.96875,6166.4345703125,5924.876953125,0.14441919919556911,0.7
2026-09-04 16:45:00,repeat_random_model.py,"(1021, 9)",858,sequential_3118,Dense 16 -> 128 -> 128 -> 32 -> 16 -> 32 -> 1,mse,adam_3118,20,128,1.4175,119951.8828125,6148.21435546875,5790.35693359375,0.16384454672607718,0.7
2026-09-04 16:45:02,repeat_random_model.py,"(1021, 9)",858,sequential_3119,Dense 16 -> 128 -> 128 -> 32 -> 16 -> 16 -> 1,mse,adam_3119,20,128,1.444,46059.22265625,5425.11181640625,5238.89990234375,0.24347759646547684,0.7
2026-09-04 16:45:03,repeat_random_model.py,"(1021, 9)",858,sequential_3120,Dense 16 -> 128 -> 128 -> 16 -> 128 -> 128 -> 1,mse,adam_3120,20,128,1.4964,34779.7265625,6171.47314453125,5832.736328125,0.15772467169767634,0.7
2026-09-04 16:45:05,repeat_random_model.py,"(1021, 9)",858,sequential_3121,Dense 16 -> 128 -> 128 -> 16 -> 128 -> 64 -> 1,mse,adam_3121,20,128,1.4546,112918.078125,6277.81982421875,6166.2392578125,0.10956544420204029,0.7
2026-09-04 16:45:07,repeat_random_model.py,"(1021, 9)",858,sequential_3122,Dense 16 -> 128 -> 128 -> 16 -> 128 -> 32 -> 1,mse,adam_3122,20,128,1.4202,24598.095703125,4947.54150390625,4644.53076171875,0.3293073067009379,0.7
2026-09-04 16:45:09,repeat_random_model.py,"(1021, 9)",858,sequential_3123,Dense 16 -> 128 -> 128 -> 16 -> 128 -> 16 -> 1,mse,adam_3123,20,128,1.4493,20095.2109375,5824.87158203125,5484.4423828125,0.20801997509323533,0.7
2026-09-04 16:45:10,repeat_random_model.py,"(1021, 9)",858,sequential_3124,Dense 16 -> 128 -> 128 -> 16 -> 64 -> 128 -> 1,mse,adam_3124,20,128,1.6215,50745.32421875,6156.3623046875,6166.7470703125,0.10949194276435359,0.7
2026-09-04 16:45:12,repeat_random_model.py,"(1021, 9)",858,sequential_3125,Dense 16 -> 128 -> 128 -> 16 -> 64 -> 64 -> 1,mse,adam_3125,20,128,1.4372,55179.04296875,6038.087890625,5895.07177734375,0.14872305310054046,0.7
2026-09-04 16:45:14,repeat_random_model.py,"(1021, 9)",858,sequential_3126,Dense 16 -> 128 -> 128 -> 16 -> 64 -> 32 -> 1,mse,adam_3126,20,128,1.4505,38931.1640625,5532.02099609375,5029.3671875,0.27373513410331507,0.7
2026-09-04 16:45:16,repeat_random_model.py,"(1021, 9)",858,sequential_3127,Dense 16 -> 128 -> 128 -> 16 -> 64 -> 16 -> 1,mse,adam_3127,20,128,1.5482,35140.25,6057.86962890625,5890.61865234375,0.14936628394435092,0.7
2026-09-04 16:45:17,repeat_random_model.py,"(1021, 9)",858,sequential_3128,Dense 16 -> 128 -> 128 -> 16 -> 32 -> 128 -> 1,mse,adam_3128,20,128,1.4162,17848.697265625,6328.09912109375,6318.07861328125,0.08763895592716231,0.7
2026-09-04 16:45:19,repeat_random_model.py,"(1021, 9)",858,sequential_3129,Dense 16 -> 128 -> 128 -> 16 -> 32 -> 64 -> 1,mse,adam_3129,20,128,1.4988,35605.94921875,6207.5419921875,5922.87890625,0.1447076941132519,0.7
2026-09-04 16:45:21,repeat_random_model.py,"(1021, 9)",858,sequential_3130,Dense 16 -> 128 -> 128 -> 16 -> 32 -> 32 -> 1,mse,adam_3130,20,128,1.46,76020.59375,6280.30078125,5961.70263671875,0.13910140122158032,0.7
2026-09-04 16:45:22,repeat_random_model.py,"(1021, 9)",858,sequential_3131,Dense 16 -> 128 -> 128 -> 16 -> 32 -> 16 -> 1,mse,adam_3131,20,128,1.4748,27793.94140625,6143.85205078125,6243.29296875,0.09843845100722648,0.7
2026-09-04 16:45:24,repeat_random_model.py,"(1021, 9)",858,sequential_3132,Dense 16 -> 128 -> 128 -> 16 -> 16 -> 128 -> 1,mse,adam_3132,20,128,1.5059,65997.6171875,6248.029296875,5960.18115234375,0.1393211014705127,0.7
2026-09-04 16:45:26,repeat_random_model.py,"(1021, 9)",858,sequential_3133,Dense 16 -> 128 -> 128 -> 16 -> 16 -> 64 -> 1,mse,adam_3133,20,128,1.5253,17249.58203125,5160.39697265625,4756.45361328125,0.31314514595421017,0.7
2026-09-04 16:45:28,repeat_random_model.py,"(1021, 9)",858,sequential_3134,Dense 16 -> 128 -> 128 -> 16 -> 16 -> 32 -> 1,mse,adam_3134,20,128,1.4251,33563.80078125,5721.95751953125,5716.70361328125,0.17448041079724896,0.7
2026-09-04 16:45:29,repeat_random_model.py,"(1021, 9)",858,sequential_3135,Dense 16 -> 128 -> 128 -> 16 -> 16 -> 16 -> 1,mse,adam_3135,20,128,1.5246,34972.375,5888.71875,5725.71630859375,0.173178922169564,0.7
2026-09-04 16:45:31,repeat_random_model.py,"(1021, 9)",858,sequential_3136,Dense 16 -> 128 -> 64 -> 128 -> 128 -> 128 -> 1,mse,adam_3136,20,128,1.5751,170804.5625,6262.46533203125,5993.93798828125,0.13444646016710082,0.7
2026-09-04 16:45:33,repeat_random_model.py,"(1021, 9)",858,sequential_3137,Dense 16 -> 128 -> 64 -> 128 -> 128 -> 64 -> 1,mse,adam_3137,20,128,1.4738,414080.8125,6160.330078125,5932.392578125,0.14333386454893982,0.7
2026-09-04 16:45:35,repeat_random_model.py,"(1021, 9)",858,sequential_3138,Dense 16 -> 128 -> 64 -> 128 -> 128 -> 32 -> 1,mse,adam_3138,20,128,1.5437,200769.171875,6232.38330078125,5838.25,0.15692855088210855,0.7
2026-09-04 16:45:37,repeat_random_model.py,"(1021, 9)",858,sequential_3139,Dense 16 -> 128 -> 64 -> 128 -> 128 -> 16 -> 1,mse,adam_3139,20,128,1.5494,494210.3125,6209.86962890625,5858.1728515625,0.1540515147013939,0.7
2026-09-04 16:45:38,repeat_random_model.py,"(1021, 9)",858,sequential_3140,Dense 16 -> 128 -> 64 -> 128 -> 64 -> 128 -> 1,mse,adam_3140,20,128,1.5362,29315.451171875,5140.8369140625,4992.333984375,0.27908286401912397,0.7
2026-09-04 16:45:40,repeat_random_model.py,"(1021, 9)",858,sequential_3141,Dense 16 -> 128 -> 64 -> 128 -> 64 -> 64 -> 1,mse,adam_3141,20,128,1.4818,259882.078125,6313.439453125,6027.36474609375,0.12961932360852613,0.7
2026-09-04 16:45:42,repeat_random_model.py,"(1021, 9)",858,sequential_3142,Dense 16 -> 128 -> 64 -> 128 -> 64 -> 32 -> 1,mse,adam_3142,20,128,1.4479,98171.5390625,6186.509765625,6246.43994140625,0.09798396522960995,0.7
2026-09-04 16:45:44,repeat_random_model.py,"(1021, 9)",858,sequential_3143,Dense 16 -> 128 -> 64 -> 128 -> 64 -> 16 -> 1,mse,adam_3143,20,128,1.5447,54983.17578125,6262.2890625,6006.26953125,0.1326658003288359,0.7
2026-09-04 16:45:45,repeat_random_model.py,"(1021, 9)",858,sequential_3144,Dense 16 -> 128 -> 64 -> 128 -> 32 -> 128 -> 1,mse,adam_3144,20,128,1.5484,83837.453125,6233.90283203125,5877.630859375,0.15124182461861269,0.7
2026-09-04 16:45:47,repeat_random_model.py,"(1021, 9)",858,sequential_3145,Dense 16 -> 128 -> 64 -> 128 -> 32 -> 64 -> 1,mse,adam_3145,20,128,1.4748,68587.625,6214.87060546875,5976.10498046875,0.13702165391961507,0.7
2026-09-04 16:45:55,repeat_random_model.py,"(1021, 9)",858,sequential_3146,Dense 16 -> 128 -> 64 -> 128 -> 32 -> 32 -> 1,mse,adam_3146,20,128,6.8697,98122.4296875,6471.99462890625,6160.935546875,0.11033111364595849,0.7
2026-09-04 16:46:06,repeat_random_model.py,"(1021, 9)",858,sequential_3147,Dense 16 -> 128 -> 64 -> 128 -> 32 -> 16 -> 1,mse,adam_3147,20,128,9.5797,198352.609375,6228.63232421875,6034.53955078125,0.12858344910319353,0.7
2026-09-04 16:46:19,repeat_random_model.py,"(1021, 9)",858,sequential_3148,Dense 16 -> 128 -> 64 -> 128 -> 16 -> 128 -> 1,mse,adam_3148,20,128,11.1495,27348.423828125,5528.06591796875,5218.22412109375,0.24646322395594233,0.7
2026-09-04 16:46:33,repeat_random_model.py,"(1021, 9)",858,sequential_3149,Dense 16 -> 128 -> 64 -> 128 -> 16 -> 64 -> 1,mse,adam_3149,20,128,11.8662,48491.2421875,5914.03564453125,5732.2158203125,0.17224043069480244,0.7
2026-09-04 16:46:45,repeat_random_model.py,"(1021, 9)",858,sequential_3150,Dense 16 -> 128 -> 64 -> 128 -> 16 -> 32 -> 1,mse,adam_3150,20,128,11.2345,79963.28125,5935.4404296875,5751.203125,0.169498519676753,0.7
2026-09-04 16:46:56,repeat_random_model.py,"(1021, 9)",858,sequential_3151,Dense 16 -> 128 -> 64 -> 128 -> 16 -> 16 -> 1,mse,adam_3151,20,128,10.3216,100065.0390625,6288.60546875,5995.35009765625,0.13424253763689542,0.7
2026-09-04 16:46:58,repeat_random_model.py,"(1021, 9)",858,sequential_3152,Dense 16 -> 128 -> 64 -> 64 -> 128 -> 128 -> 1,mse,adam_3152,20,128,1.6405,165444.65625,5861.4375,5553.41357421875,0.19806023186638078,0.7
2026-09-04 16:47:00,repeat_random_model.py,"(1021, 9)",858,sequential_3153,Dense 16 -> 128 -> 64 -> 64 -> 128 -> 64 -> 1,mse,adam_3153,20,128,1.547,133360.6875,6269.62841796875,5961.59228515625,0.1391171907317439,0.7
2026-09-04 16:47:02,repeat_random_model.py,"(1021, 9)",858,sequential_3154,Dense 16 -> 128 -> 64 -> 64 -> 128 -> 32 -> 1,mse,adam_3154,20,128,1.5566,98213.40625,5993.15283203125,5805.8037109375,0.16161401691374344,0.7
2026-09-04 16:47:03,repeat_random_model.py,"(1021, 9)",858,sequential_3155,Dense 16 -> 128 -> 64 -> 64 -> 128 -> 16 -> 1,mse,adam_3155,20,128,1.5205,31030.515625,5799.25341796875,5505.96728515625,0.2049117350176095,0.7
2026-09-04 16:47:05,repeat_random_model.py,"(1021, 9)",858,sequential_3156,Dense 16 -> 128 -> 64 -> 64 -> 64 -> 128 -> 1,mse,adam_3156,20,128,1.5962,66581.875,5967.86181640625,6012.35791015625,0.1317865594170453,0.7
2026-09-04 16:47:15,repeat_random_model.py,"(1021, 9)",858,sequential_3157,Dense 16 -> 128 -> 64 -> 64 -> 64 -> 64 -> 1,mse,adam_3157,20,128,8.903,74364.6015625,6456.2958984375,6057.3984375,0.12528248707213963,0.7
2026-09-04 16:47:28,repeat_random_model.py,"(1021, 9)",858,sequential_3158,Dense 16 -> 128 -> 64 -> 64 -> 64 -> 32 -> 1,mse,adam_3158,20,128,11.3171,109058.8984375,6280.79443359375,5839.61767578125,0.15673107535467745,0.7
2026-09-04 16:47:40,repeat_random_model.py,"(1021, 9)",858,sequential_3159,Dense 16 -> 128 -> 64 -> 64 -> 64 -> 16 -> 1,mse,adam_3159,20,128,10.1212,51191.50390625,5662.9326171875,5937.5439453125,0.1425900376720618,0.7
2026-09-04 16:47:52,repeat_random_model.py,"(1021, 9)",858,sequential_3160,Dense 16 -> 128 -> 64 -> 64 -> 32 -> 128 -> 1,mse,adam_3160,20,128,10.2436,40127.65234375,6154.458984375,5882.28369140625,0.15056990945165483,0.7
2026-09-04 16:48:04,repeat_random_model.py,"(1021, 9)",858,sequential_3161,Dense 16 -> 128 -> 64 -> 64 -> 32 -> 64 -> 1,mse,adam_3161,20,128,11.3656,61558.49609375,6219.1416015625,6003.908203125,0.1330067007286696,0.7
2026-09-04 16:48:18,repeat_random_model.py,"(1021, 9)",858,sequential_3162,Dense 16 -> 128 -> 64 -> 64 -> 32 -> 32 -> 1,mse,adam_3162,20,128,11.9173,61785.8203125,5398.06201171875,5179.302734375,0.25208374489567564,0.7
2026-09-04 16:48:31,repeat_random_model.py,"(1021, 9)",858,sequential_3163,Dense 16 -> 128 -> 64 -> 64 -> 32 -> 16 -> 1,mse,adam_3163,20,128,11.768,146823.84375,5929.51025390625,5831.18603515625,0.1579485739622144,0.7
2026-09-04 16:48:42,repeat_random_model.py,"(1021, 9)",858,sequential_3164,Dense 16 -> 128 -> 64 -> 64 -> 16 -> 128 -> 1,mse,adam_3164,20,128,10.2727,17016.109375,5559.91064453125,5107.66748046875,0.262428140863442,0.7
2026-09-04 16:48:44,repeat_random_model.py,"(1021, 9)",858,sequential_3165,Dense 16 -> 128 -> 64 -> 64 -> 16 -> 64 -> 1,mse,adam_3165,20,128,1.6607,42165.4765625,6189.22216796875,5909.734375,0.14660583912122693,0.7
2026-09-04 16:48:45,repeat_random_model.py,"(1021, 9)",858,sequential_3166,Dense 16 -> 128 -> 64 -> 64 -> 16 -> 32 -> 1,mse,adam_3166,20,128,1.5669,37950.20703125,5716.74267578125,5710.142578125,0.17542786429957646,0.7
2026-09-04 16:48:47,repeat_random_model.py,"(1021, 9)",858,sequential_3167,Dense 16 -> 128 -> 64 -> 64 -> 16 -> 16 -> 1,mse,adam_3167,20,128,1.6906,55951.9296875,5920.38330078125,5300.14208984375,0.23463392365604163,0.7
2026-09-04 16:48:49,repeat_random_model.py,"(1021, 9)",858,sequential_3168,Dense 16 -> 128 -> 64 -> 32 -> 128 -> 128 -> 1,mse,adam_3168,20,128,1.5477,21289.384765625,5486.9111328125,4740.49462890625,0.31544965706566896,0.7
2026-09-04 16:48:51,repeat_random_model.py,"(1021, 9)",858,sequential_3169,Dense 16 -> 128 -> 64 -> 32 -> 128 -> 64 -> 1,mse,adam_3169,20,128,1.6249,72714.7578125,6143.7197265625,5885.390625,0.1501212453483597,0.7
2026-09-04 16:48:53,repeat_random_model.py,"(1021, 9)",858,sequential_3170,Dense 16 -> 128 -> 64 -> 32 -> 128 -> 32 -> 1,mse,adam_3170,20,128,1.5146,64934.87109375,6218.39501953125,5891.97607421875,0.14917014008887708,0.7
2026-09-04 16:48:55,repeat_random_model.py,"(1021, 9)",858,sequential_3171,Dense 16 -> 128 -> 64 -> 32 -> 128 -> 16 -> 1,mse,adam_3171,20,128,1.5184,27289.728515625,5850.37890625,5727.29443359375,0.17295100999603086,0.7
2026-09-04 16:48:57,repeat_random_model.py,"(1021, 9)",858,sequential_3172,Dense 16 -> 128 -> 64 -> 32 -> 64 -> 128 -> 1,mse,adam_3172,20,128,1.5115,25260.802734375,6109.5888671875,5782.81982421875,0.16493301105234237,0.7
2026-09-04 16:48:58,repeat_random_model.py,"(1021, 9)",858,sequential_3173,Dense 16 -> 128 -> 64 -> 32 -> 64 -> 64 -> 1,mse,adam_3173,20,128,1.5313,109165.609375,6274.3095703125,6003.685546875,0.1330388561289939,0.7
2026-09-04 16:49:00,repeat_random_model.py,"(1021, 9)",858,sequential_3174,Dense 16 -> 128 -> 64 -> 32 -> 64 -> 32 -> 1,mse,adam_3174,20,128,1.4495,48553.3046875,6018.18115234375,5936.18896484375,0.14278577899543987,0.7
2026-09-04 16:49:02,repeat_random_model.py,"(1021, 9)",858,sequential_3175,Dense 16 -> 128 -> 64 -> 32 -> 64 -> 16 -> 1,mse,adam_3175,20,128,1.4592,49610.25,5843.01123046875,5507.98046875,0.20462109068385936,0.7
2026-09-04 16:49:04,repeat_random_model.py,"(1021, 9)",858,sequential_3176,Dense 16 -> 128 -> 64 -> 32 -> 32 -> 128 -> 1,mse,adam_3176,20,128,1.6281,35315.96484375,6615.1748046875,6153.80517578125,0.11136085982743071,0.7
2026-09-04 16:49:06,repeat_random_model.py,"(1021, 9)",858,sequential_3177,Dense 16 -> 128 -> 64 -> 32 -> 32 -> 64 -> 1,mse,adam_3177,20,128,1.7215,161281.296875,6482.9130859375,6144.74072265625,0.11266980614556199,0.7
2026-09-04 16:49:07,repeat_random_model.py,"(1021, 9)",858,sequential_3178,Dense 16 -> 128 -> 64 -> 32 -> 32 -> 32 -> 1,mse,adam_3178,20,128,1.5218,47304.01171875,6039.79052734375,5852.484375,0.15487303373354133,0.7
2026-09-04 16:49:09,repeat_random_model.py,"(1021, 9)",858,sequential_3179,Dense 16 -> 128 -> 64 -> 32 -> 32 -> 16 -> 1,mse,adam_3179,20,128,1.5827,36692.9921875,5649.26806640625,5997.51904296875,0.13392942245475414,0.7
2026-09-04 16:49:11,repeat_random_model.py,"(1021, 9)",858,sequential_3180,Dense 16 -> 128 -> 64 -> 32 -> 16 -> 128 -> 1,mse,adam_3180,20,128,1.5561,21223.703125,6178.42041015625,5944.7998046875,0.14154234962941636,0.7
2026-09-04 16:49:13,repeat_random_model.py,"(1021, 9)",858,sequential_3181,Dense 16 -> 128 -> 64 -> 32 -> 16 -> 64 -> 1,mse,adam_3181,20,128,1.4664,30588.95703125,5720.3271484375,5587.91259765625,0.19307856113273447,0.7
2026-09-04 16:49:15,repeat_random_model.py,"(1021, 9)",858,sequential_3182,Dense 16 -> 128 -> 64 -> 32 -> 16 -> 32 -> 1,mse,adam_3182,20,128,1.6115,40953.78515625,6338.66162109375,6136.27978515625,0.1138915696538162,0.7
2026-09-04 16:49:16,repeat_random_model.py,"(1021, 9)",858,sequential_3183,Dense 16 -> 128 -> 64 -> 32 -> 16 -> 16 -> 1,mse,adam_3183,20,128,1.5435,43248.59765625,5855.396484375,5659.37939453125,0.18275838813961554,0.7
2026-09-04 16:49:18,repeat_random_model.py,"(1021, 9)",858,sequential_3184,Dense 16 -> 128 -> 64 -> 16 -> 128 -> 128 -> 1,mse,adam_3184,20,128,1.557,81261.7890625,6403.85009765625,5999.96533203125,0.13357617625461826,0.7
2026-09-04 16:49:20,repeat_random_model.py,"(1021, 9)",858,sequential_3185,Dense 16 -> 128 -> 64 -> 16 -> 128 -> 64 -> 1,mse,adam_3185,20,128,1.5538,24486.552734375,5852.4345703125,5737.5283203125,0.17147317641751625,0.7
2026-09-04 16:49:22,repeat_random_model.py,"(1021, 9)",858,sequential_3186,Dense 16 -> 128 -> 64 -> 16 -> 128 -> 32 -> 1,mse,adam_3186,20,128,1.4816,21843.796875,6764.87890625,6490.47607421875,0.06274395972730218,0.7
2026-09-04 16:49:24,repeat_random_model.py,"(1021, 9)",858,sequential_3187,Dense 16 -> 128 -> 64 -> 16 -> 128 -> 16 -> 1,mse,adam_3187,20,128,1.5156,55023.07421875,6392.990234375,6088.857421875,0.12073968463110729,0.7
2026-09-04 16:49:25,repeat_random_model.py,"(1021, 9)",858,sequential_3188,Dense 16 -> 128 -> 64 -> 16 -> 64 -> 128 -> 1,mse,adam_3188,20,128,1.5685,45620.76953125,5890.630859375,5570.736328125,0.19555876985541287,0.7
2026-09-04 16:49:27,repeat_random_model.py,"(1021, 9)",858,sequential_3189,Dense 16 -> 128 -> 64 -> 16 -> 64 -> 64 -> 1,mse,adam_3189,20,128,1.4977,107126.9375,6189.623046875,5859.0029296875,0.1539317832034105,0.7
2026-09-04 16:49:29,repeat_random_model.py,"(1021, 9)",858,sequential_3190,Dense 16 -> 128 -> 64 -> 16 -> 64 -> 32 -> 1,mse,adam_3190,20,128,1.517,16449.3671875,6144.04150390625,5568.3818359375,0.1958987727003998,0.7
2026-09-04 16:49:31,repeat_random_model.py,"(1021, 9)",858,sequential_3191,Dense 16 -> 128 -> 64 -> 16 -> 64 -> 16 -> 1,mse,adam_3191,20,128,1.4245,58616.75390625,6010.072265625,5780.50048828125,0.1652678507267128,0.7
2026-09-04 16:49:33,repeat_random_model.py,"(1021, 9)",858,sequential_3192,Dense 16 -> 128 -> 64 -> 16 -> 32 -> 128 -> 1,mse,adam_3192,20,128,1.6712,46683.3828125,6220.2548828125,5928.17822265625,0.1439424703984159,0.7
2026-09-04 16:49:35,repeat_random_model.py,"(1021, 9)",858,sequential_3193,Dense 16 -> 128 -> 64 -> 16 -> 32 -> 64 -> 1,mse,adam_3193,20,128,1.5918,33974.62890625,6380.2529296875,5792.92822265625,0.16347328124179727,0.7
2026-09-04 16:49:36,repeat_random_model.py,"(1021, 9)",858,sequential_3194,Dense 16 -> 128 -> 64 -> 16 -> 32 -> 32 -> 1,mse,adam_3194,20,128,1.5296,51484.8515625,6404.18798828125,6348.11083984375,0.08330218730464378,0.7
2026-09-04 16:49:49,repeat_random_model.py,"(1021, 9)",858,sequential_3195,Dense 16 -> 128 -> 64 -> 16 -> 32 -> 16 -> 1,mse,adam_3195,20,128,11.0471,42277.2109375,6261.857421875,6053.76123046875,0.12580758907910206,0.7
2026-09-04 16:50:02,repeat_random_model.py,"(1021, 9)",858,sequential_3196,Dense 16 -> 128 -> 64 -> 16 -> 16 -> 128 -> 1,mse,adam_3196,20,128,10.8549,13655.9287109375,5132.5576171875,5392.0283203125,0.22136504885226282,0.7
2026-09-04 16:50:12,repeat_random_model.py,"(1021, 9)",858,sequential_3197,Dense 16 -> 128 -> 64 -> 16 -> 16 -> 64 -> 1,mse,adam_3197,20,128,9.0815,26603.767578125,6448.82275390625,6235.1328125,0.09961675887131294,0.7
2026-09-04 16:50:21,repeat_random_model.py,"(1021, 9)",858,sequential_3198,Dense 16 -> 128 -> 64 -> 16 -> 16 -> 32 -> 1,mse,adam_3198,20,128,8.6634,121440.9765625,6492.86572265625,6136.99462890625,0.11378833771831365,0.7
2026-09-04 16:50:23,repeat_random_model.py,"(1021, 9)",858,sequential_3199,Dense 16 -> 128 -> 64 -> 16 -> 16 -> 16 -> 1,mse,adam_3199,20,128,1.5335,34942.88671875,5849.91943359375,5608.24755859375,0.190141961859162,0.7
2026-09-04 16:50:25,repeat_random_model.py,"(1021, 9)",858,sequential_3200,Dense 16 -> 128 -> 32 -> 128 -> 128 -> 128 -> 1,mse,adam_3200,20,128,1.5394,114510.578125,6061.84765625,5840.236328125,0.15664163775117002,0.7
2026-09-04 16:50:27,repeat_random_model.py,"(1021, 9)",858,sequential_3201,Dense 16 -> 128 -> 32 -> 128 -> 128 -> 64 -> 1,mse,adam_3201,20,128,1.5162,74752.1875,5978.78369140625,5893.0771484375,0.14901117900511784,0.7
2026-09-04 16:50:29,repeat_random_model.py,"(1021, 9)",858,sequential_3202,Dense 16 -> 128 -> 32 -> 128 -> 128 -> 32 -> 1,mse,adam_3202,20,128,1.5306,96441.4296875,6167.63818359375,5850.6767578125,0.15513412438592378,0.7
2026-09-04 16:50:30,repeat_random_model.py,"(1021, 9)",858,sequential_3203,Dense 16 -> 128 -> 32 -> 128 -> 128 -> 16 -> 1,mse,adam_3203,20,128,1.5964,89654.6171875,6110.00341796875,5902.5244140625,0.14764699516769564,0.7
2026-09-04 16:50:32,repeat_random_model.py,"(1021, 9)",858,sequential_3204,Dense 16 -> 128 -> 32 -> 128 -> 64 -> 128 -> 1,mse,adam_3204,20,128,1.4976,40030.3828125,5987.125,5803.8369140625,0.1618979352650356,0.7
2026-09-04 16:50:34,repeat_random_model.py,"(1021, 9)",858,sequential_3205,Dense 16 -> 128 -> 32 -> 128 -> 64 -> 64 -> 1,mse,adam_3205,20,128,1.5316,114535.078125,6279.79736328125,6062.26318359375,0.1245800397378346,0.7
2026-09-04 16:50:36,repeat_random_model.py,"(1021, 9)",858,sequential_3206,Dense 16 -> 128 -> 32 -> 128 -> 64 -> 32 -> 1,mse,adam_3206,20,128,1.5009,121355.296875,5961.9912109375,5612.16943359375,0.18957554957514378,0.7
2026-09-04 16:50:38,repeat_random_model.py,"(1021, 9)",858,sequential_3207,Dense 16 -> 128 -> 32 -> 128 -> 64 -> 16 -> 1,mse,adam_3207,20,128,1.5823,39864.53515625,5799.96923828125,5628.17578125,0.1872642402017105,0.7
2026-09-04 16:50:39,repeat_random_model.py,"(1021, 9)",858,sequential_3208,Dense 16 -> 128 -> 32 -> 128 -> 32 -> 128 -> 1,mse,adam_3208,20,128,1.5238,21379.708984375,5630.81103515625,5320.23388671875,0.23173252236629194,0.7
2026-09-04 16:50:41,repeat_random_model.py,"(1021, 9)",858,sequential_3209,Dense 16 -> 128 -> 32 -> 128 -> 32 -> 64 -> 1,mse,adam_3209,20,128,1.5314,23924.482421875,6016.08251953125,5819.494140625,0.15963696088440538,0.7
2026-09-04 16:50:43,repeat_random_model.py,"(1021, 9)",858,sequential_3210,Dense 16 -> 128 -> 32 -> 128 -> 32 -> 32 -> 1,mse,adam_3210,20,128,1.5638,34041.37890625,6194.837890625,5959.38623046875,0.13943583163583884,0.7
2026-09-04 16:50:45,repeat_random_model.py,"(1021, 9)",858,sequential_3211,Dense 16 -> 128 -> 32 -> 128 -> 32 -> 16 -> 1,mse,adam_3211,20,128,1.5277,49031.13671875,5694.60107421875,5493.8134765625,0.20666685957435682,0.7
2026-09-04 16:50:47,repeat_random_model.py,"(1021, 9)",858,sequential_3212,Dense 16 -> 128 -> 32 -> 128 -> 16 -> 128 -> 1,mse,adam_3212,20,128,1.5093,11955.1435546875,5745.86181640625,6342.8662109375,0.08405941808442274,0.7
2026-09-04 16:50:48,repeat_random_model.py,"(1021, 9)",858,sequential_3213,Dense 16 -> 128 -> 32 -> 128 -> 16 -> 64 -> 1,mse,adam_3213,20,128,1.6682,71862.0703125,6272.59326171875,6004.908203125,0.1328623853045503,0.7
2026-09-04 16:50:50,repeat_random_model.py,"(1021, 9)",858,sequential_3214,Dense 16 -> 128 -> 32 -> 128 -> 16 -> 32 -> 1,mse,adam_3214,20,128,1.5582,40975.32421875,6081.3671875,5947.609375,0.14113640063923572,0.7
2026-09-04 16:50:52,repeat_random_model.py,"(1021, 9)",858,sequential_3215,Dense 16 -> 128 -> 32 -> 128 -> 16 -> 16 -> 1,mse,adam_3215,20,128,1.4887,30527.208984375,5801.75048828125,6127.2373046875,0.11519729664433964,0.7
2026-09-04 16:50:54,repeat_random_model.py,"(1021, 9)",858,sequential_3216,Dense 16 -> 128 -> 32 -> 64 -> 128 -> 128 -> 1,mse,adam_3216,20,128,1.6379,39884.9921875,4756.47509765625,4550.169921875,0.3429335306858291,0.7
2026-09-04 16:50:56,repeat_random_model.py,"(1021, 9)",858,sequential_3217,Dense 16 -> 128 -> 32 -> 64 -> 128 -> 64 -> 1,mse,adam_3217,20,128,1.5396,65100.41796875,5712.0986328125,5482.2041015625,0.20834328368375876,0.7
2026-09-04 16:50:58,repeat_random_model.py,"(1021, 9)",858,sequential_3218,Dense 16 -> 128 -> 32 -> 64 -> 128 -> 32 -> 1,mse,adam_3218,20,128,1.5927,74707.0,6307.7353515625,6101.66015625,0.11889078197234726,0.7
2026-09-04 16:50:59,repeat_random_model.py,"(1021, 9)",858,sequential_3219,Dense 16 -> 128 -> 32 -> 64 -> 128 -> 16 -> 1,mse,adam_3219,20,128,1.5734,123935.8671875,6264.52587890625,5995.96044921875,0.1341543545672621,0.7
2026-09-04 16:51:01,repeat_random_model.py,"(1021, 9)",858,sequential_3220,Dense 16 -> 128 -> 32 -> 64 -> 64 -> 128 -> 1,mse,adam_3220,20,128,1.5794,26940.404296875,5545.24072265625,5089.20263671875,0.26509455537208826,0.7
2026-09-04 16:51:03,repeat_random_model.py,"(1021, 9)",858,sequential_3221,Dense 16 -> 128 -> 32 -> 64 -> 64 -> 64 -> 1,mse,adam_3221,20,128,1.5247,18925.638671875,5534.45068359375,5429.72412109375,0.2159216346612589,0.7
2026-09-04 16:51:05,repeat_random_model.py,"(1021, 9)",858,sequential_3222,Dense 16 -> 128 -> 32 -> 64 -> 64 -> 32 -> 1,mse,adam_3222,20,128,1.6598,73408.484375,6310.30517578125,6205.94384765625,0.10383182608794617,0.7
2026-09-04 16:51:07,repeat_random_model.py,"(1021, 9)",858,sequential_3223,Dense 16 -> 128 -> 32 -> 64 -> 64 -> 16 -> 1,mse,adam_3223,20,128,1.5091,53811.84765625,5612.8388671875,5265.59912109375,0.23962208950388209,0.7
2026-09-04 16:51:09,repeat_random_model.py,"(1021, 9)",858,sequential_3224,Dense 16 -> 128 -> 32 -> 64 -> 32 -> 128 -> 1,mse,adam_3224,20,128,1.613,34252.82421875,6107.25830078125,5945.22314453125,0.14148115661503557,0.7
2026-09-04 16:51:11,repeat_random_model.py,"(1021, 9)",858,sequential_3225,Dense 16 -> 128 -> 32 -> 64 -> 32 -> 64 -> 1,mse,adam_3225,20,128,1.6182,42343.59375,6129.896484375,5785.9365234375,0.16448287358793978,0.7
2026-09-04 16:51:12,repeat_random_model.py,"(1021, 9)",858,sequential_3226,Dense 16 -> 128 -> 32 -> 64 -> 32 -> 32 -> 1,mse,adam_3226,20,128,1.4949,69333.171875,6160.83349609375,5897.85498046875,0.1483212747896817,0.7
2026-09-04 16:51:14,repeat_random_model.py,"(1021, 9)",858,sequential_3227,Dense 16 -> 128 -> 32 -> 64 -> 32 -> 16 -> 1,mse,adam_3227,20,128,1.4512,46067.6015625,6120.84765625,5832.529296875,0.1577546921786952,0.7
2026-09-04 16:51:16,repeat_random_model.py,"(1021, 9)",858,sequential_3228,Dense 16 -> 128 -> 32 -> 64 -> 16 -> 128 -> 1,mse,adam_3228,20,128,1.4458,15431.0830078125,5978.125,5980.92822265625,0.13632523027101606,0.7
2026-09-04 16:51:18,repeat_random_model.py,"(1021, 9)",858,sequential_3229,Dense 16 -> 128 -> 32 -> 64 -> 16 -> 64 -> 1,mse,adam_3229,20,128,1.5708,29266.419921875,5996.3662109375,5747.59765625,0.17001921858773816,0.7
2026-09-04 16:51:19,repeat_random_model.py,"(1021, 9)",858,sequential_3230,Dense 16 -> 128 -> 32 -> 64 -> 16 -> 32 -> 1,mse,adam_3230,20,128,1.5234,38149.203125,6102.5009765625,5849.3671875,0.15532322317064506,0.7
2026-09-04 16:51:21,repeat_random_model.py,"(1021, 9)",858,sequential_3231,Dense 16 -> 128 -> 32 -> 64 -> 16 -> 16 -> 1,mse,adam_3231,20,128,1.5173,142451.984375,6312.611328125,5974.5869140625,0.13724084193706299,0.7
2026-09-04 16:51:23,repeat_random_model.py,"(1021, 9)",858,sequential_3232,Dense 16 -> 128 -> 32 -> 32 -> 128 -> 128 -> 1,mse,adam_3232,20,128,1.5701,78471.7265625,5875.71484375,5657.85791015625,0.18297806892498403,0.7
2026-09-04 16:51:25,repeat_random_model.py,"(1021, 9)",858,sequential_3233,Dense 16 -> 128 -> 32 -> 32 -> 128 -> 64 -> 1,mse,adam_3233,20,128,1.5186,34538.390625,4687.19140625,5185.85888671875,0.25113694591938385,0.7
2026-09-04 16:51:27,repeat_random_model.py,"(1021, 9)",858,sequential_3234,Dense 16 -> 128 -> 32 -> 32 -> 128 -> 32 -> 1,mse,adam_3234,20,128,1.5873,53396.63671875,5514.21142578125,5521.79638671875,0.2026260273803948,0.7
2026-09-04 16:51:28,repeat_random_model.py,"(1021, 9)",858,sequential_3235,Dense 16 -> 128 -> 32 -> 32 -> 128 -> 16 -> 1,mse,adam_3235,20,128,1.5851,28376.169921875,6303.23974609375,5776.55078125,0.1658381437731743,0.7
2026-09-04 16:51:30,repeat_random_model.py,"(1021, 9)",858,sequential_3236,Dense 16 -> 128 -> 32 -> 32 -> 64 -> 128 -> 1,mse,adam_3236,20,128,1.4918,29528.541015625,6072.49169921875,5901.4619140625,0.14780045826523924,0.7
2026-09-04 16:51:32,repeat_random_model.py,"(1021, 9)",858,sequential_3237,Dense 16 -> 128 -> 32 -> 32 -> 64 -> 64 -> 1,mse,adam_3237,20,128,1.4793,31173.03515625,6263.66748046875,6125.54833984375,0.11544128138669496,0.7
2026-09-04 16:51:34,repeat_random_model.py,"(1021, 9)",858,sequential_3238,Dense 16 -> 128 -> 32 -> 32 -> 64 -> 32 -> 1,mse,adam_3238,20,128,1.5321,97879.4453125,6213.89599609375,5930.11474609375,0.1436627147037628,0.7
2026-09-04 16:51:35,repeat_random_model.py,"(1021, 9)",858,sequential_3239,Dense 16 -> 128 -> 32 -> 32 -> 64 -> 16 -> 1,mse,adam_3239,20,128,1.5996,51877.703125,5967.88232421875,5785.26025390625,0.164580497014865,0.7
2026-09-04 16:51:37,repeat_random_model.py,"(1021, 9)",858,sequential_3240,Dense 16 -> 128 -> 32 -> 32 -> 32 -> 128 -> 1,mse,adam_3240,20,128,1.5588,16435.8515625,5150.92724609375,4769.67822265625,0.31123547508219895,0.7
2026-09-04 16:51:39,repeat_random_model.py,"(1021, 9)",858,sequential_3241,Dense 16 -> 128 -> 32 -> 32 -> 32 -> 64 -> 1,mse,adam_3241,20,128,1.5309,60168.19921875,5979.69091796875,5699.7158203125,0.17693361942933106,0.7
2026-09-04 16:51:41,repeat_random_model.py,"(1021, 9)",858,sequential_3242,Dense 16 -> 128 -> 32 -> 32 -> 32 -> 32 -> 1,mse,adam_3242,20,128,1.5973,52365.9453125,6263.76904296875,5940.01416015625,0.1422333409920612,0.7
2026-09-04 16:51:43,repeat_random_model.py,"(1021, 9)",858,sequential_3243,Dense 16 -> 128 -> 32 -> 32 -> 32 -> 16 -> 1,mse,adam_3243,20,128,1.5382,115087.46875,6551.59521484375,6340.84716796875,0.08435109335938873,0.7
2026-09-04 16:51:45,repeat_random_model.py,"(1021, 9)",858,sequential_3244,Dense 16 -> 128 -> 32 -> 32 -> 16 -> 128 -> 1,mse,adam_3244,20,128,1.6313,15406.7099609375,6309.06591796875,6246.279296875,0.09800719489170118,0.7
2026-09-04 16:51:46,repeat_random_model.py,"(1021, 9)",858,sequential_3245,Dense 16 -> 128 -> 32 -> 32 -> 16 -> 64 -> 1,mse,adam_3245,20,128,1.4585,38333.65234375,6335.88525390625,6143.05517578125,0.11291316122520634,0.7
2026-09-04 16:51:49,repeat_random_model.py,"(1021, 9)",858,sequential_3246,Dense 16 -> 128 -> 32 -> 32 -> 16 -> 32 -> 1,mse,adam_3246,20,128,1.5747,29024.5,6352.35546875,6093.2412109375,0.12010648985652306,0.7
2026-09-04 16:51:53,repeat_random_model.py,"(1021, 9)",858,sequential_3247,Dense 16 -> 128 -> 32 -> 32 -> 16 -> 16 -> 1,mse,adam_3247,20,128,4.1025,45286.6171875,6324.60009765625,6043.828125,0.12724200917391226,0.7
2026-09-04 16:51:55,repeat_random_model.py,"(1021, 9)",858,sequential_3248,Dense 16 -> 128 -> 32 -> 16 -> 128 -> 128 -> 1,mse,adam_3248,20,128,1.5847,26928.14453125,7390.361328125,5082.3154296875,0.26608912586747846,0.7
2026-09-04 16:51:57,repeat_random_model.py,"(1021, 9)",858,sequential_3249,Dense 16 -> 128 -> 32 -> 16 -> 128 -> 64 -> 1,mse,adam_3249,20,128,1.5396,22910.837890625,5360.56005859375,5075.6982421875,0.26704474109893983,0.7
2026-09-04 16:51:59,repeat_random_model.py,"(1021, 9)",858,sequential_3250,Dense 16 -> 128 -> 32 -> 16 -> 128 -> 32 -> 1,mse,adam_3250,20,128,1.5251,10529.083984375,5181.51611328125,4928.79248046875,0.28825861064566116,0.7
2026-09-04 16:52:01,repeat_random_model.py,"(1021, 9)",858,sequential_3251,Dense 16 -> 128 -> 32 -> 16 -> 128 -> 16 -> 1,mse,adam_3251,20,128,1.482,18582.650390625,6257.23388671875,6068.80322265625,0.123635530914609,0.7
2026-09-04 16:52:02,repeat_random_model.py,"(1021, 9)",858,sequential_3252,Dense 16 -> 128 -> 32 -> 16 -> 64 -> 128 -> 1,mse,adam_3252,20,128,1.5849,28369.353515625,5987.52099609375,5921.251953125,0.14494271436846373,0.7
2026-09-04 16:52:04,repeat_random_model.py,"(1021, 9)",858,sequential_3253,Dense 16 -> 128 -> 32 -> 16 -> 64 -> 64 -> 1,mse,adam_3253,20,128,1.6858,41623.73828125,5987.7861328125,5891.51611328125,0.1492366473237312,0.7
2026-09-04 16:52:06,repeat_random_model.py,"(1021, 9)",858,sequential_3254,Dense 16 -> 128 -> 32 -> 16 -> 64 -> 32 -> 1,mse,adam_3254,20,128,1.5651,46729.453125,6072.5771484375,6262.55810546875,0.09565652965909266,0.7
2026-09-04 16:52:19,repeat_random_model.py,"(1021, 9)",858,sequential_3255,Dense 16 -> 128 -> 32 -> 16 -> 64 -> 16 -> 1,mse,adam_3255,20,128,10.9713,25186.673828125,5431.68896484375,5154.96337890625,0.2555983900106197,0.7
2026-09-04 16:52:32,repeat_random_model.py,"(1021, 9)",858,sequential_3256,Dense 16 -> 128 -> 32 -> 16 -> 32 -> 128 -> 1,mse,adam_3256,20,128,11.6083,49500.33203125,6405.55517578125,6103.1689453125,0.11867292521091266,0.7
2026-09-04 16:52:42,repeat_random_model.py,"(1021, 9)",858,sequential_3257,Dense 16 -> 128 -> 32 -> 16 -> 32 -> 64 -> 1,mse,adam_3257,20,128,8.7187,22878.33984375,6433.21630859375,6231.20361328125,0.10018418896506254,0.7
2026-09-04 16:52:45,repeat_random_model.py,"(1021, 9)",858,sequential_3258,Dense 16 -> 128 -> 32 -> 16 -> 32 -> 32 -> 1,mse,adam_3258,20,128,2.2713,38276.125,5570.40576171875,5244.4208984375,0.24268035442656333,0.7
2026-09-04 16:52:47,repeat_random_model.py,"(1021, 9)",858,sequential_3259,Dense 16 -> 128 -> 32 -> 16 -> 32 -> 16 -> 1,mse,adam_3259,20,128,1.612,31317.669921875,6228.326171875,5798.79345703125,0.1626262119246915,0.7
2026-09-04 16:52:48,repeat_random_model.py,"(1021, 9)",858,sequential_3260,Dense 16 -> 128 -> 32 -> 16 -> 16 -> 128 -> 1,mse,adam_3260,20,128,1.5105,25785.73828125,6386.6630859375,6127.4228515625,0.11517053915394337,0.7
2026-09-04 16:52:50,repeat_random_model.py,"(1021, 9)",858,sequential_3261,Dense 16 -> 128 -> 32 -> 16 -> 16 -> 64 -> 1,mse,adam_3261,20,128,1.5995,12418.1181640625,5767.80615234375,5500.443359375,0.2057093842778246,0.7
2026-09-04 16:52:52,repeat_random_model.py,"(1021, 9)",858,sequential_3262,Dense 16 -> 128 -> 32 -> 16 -> 16 -> 32 -> 1,mse,adam_3262,20,128,1.5361,16180.2587890625,5268.15869140625,5002.8583984375,0.2775630762794419,0.7
2026-09-04 16:52:54,repeat_random_model.py,"(1021, 9)",858,sequential_3263,Dense 16 -> 128 -> 32 -> 16 -> 16 -> 16 -> 1,mse,adam_3263,20,128,1.5351,13849.58203125,5569.49072265625,5548.99267578125,0.1986986513368274,0.7
2026-09-04 16:52:56,repeat_random_model.py,"(1021, 9)",858,sequential_3264,Dense 16 -> 128 -> 16 -> 128 -> 128 -> 128 -> 1,mse,adam_3264,20,128,1.608,46118.5546875,5034.05712890625,4834.8203125,0.30182860137180534,0.7
2026-09-04 16:52:58,repeat_random_model.py,"(1021, 9)",858,sequential_3265,Dense 16 -> 128 -> 16 -> 128 -> 128 -> 64 -> 1,mse,adam_3265,20,128,1.6259,29795.322265625,5785.4072265625,5543.5341796875,0.19948704356683866,0.7
2026-09-04 16:52:59,repeat_random_model.py,"(1021, 9)",858,sequential_3266,Dense 16 -> 128 -> 16 -> 128 -> 128 -> 32 -> 1,mse,adam_3266,20,128,1.5514,22554.056640625,5110.7529296875,4697.359375,0.32167862907538336,0.7
2026-09-04 16:53:01,repeat_random_model.py,"(1021, 9)",858,sequential_3267,Dense 16 -> 128 -> 16 -> 128 -> 128 -> 16 -> 1,mse,adam_3267,20,128,1.6363,58367.13671875,5965.3154296875,5779.22607421875,0.16545187019096763,0.7
2026-09-04 16:53:03,repeat_random_model.py,"(1021, 9)",858,sequential_3268,Dense 16 -> 128 -> 16 -> 128 -> 64 -> 128 -> 1,mse,adam_3268,20,128,1.5939,10814.353515625,4845.5712890625,5776.9208984375,0.16578482361823588,0.7
2026-09-04 16:53:05,repeat_random_model.py,"(1021, 9)",858,sequential_3269,Dense 16 -> 128 -> 16 -> 128 -> 64 -> 64 -> 1,mse,adam_3269,20,128,1.5831,31891.033203125,5758.51025390625,5647.8984375,0.18441622749184894,0.7
2026-09-04 16:53:07,repeat_random_model.py,"(1021, 9)",858,sequential_3270,Dense 16 -> 128 -> 16 -> 128 -> 64 -> 32 -> 1,mse,adam_3270,20,128,1.5477,20251.2578125,5547.4619140625,5043.794921875,0.2716516593661269,0.7
2026-09-04 16:53:09,repeat_random_model.py,"(1021, 9)",858,sequential_3271,Dense 16 -> 128 -> 16 -> 128 -> 64 -> 16 -> 1,mse,adam_3271,20,128,1.5565,30193.51171875,5422.37451171875,5209.9345703125,0.24766043244947267,0.7
2026-09-04 16:53:10,repeat_random_model.py,"(1021, 9)",858,sequential_3272,Dense 16 -> 128 -> 16 -> 128 -> 32 -> 128 -> 1,mse,adam_3272,20,128,1.5673,13104.837890625,4770.3662109375,4334.8095703125,0.37403266114299705,0.7
2026-09-04 16:53:12,repeat_random_model.py,"(1021, 9)",858,sequential_3273,Dense 16 -> 128 -> 16 -> 128 -> 32 -> 64 -> 1,mse,adam_3273,20,128,1.5011,12628.2607421875,5690.48486328125,5205.24755859375,0.24833710239466578,0.7
2026-09-04 16:53:14,repeat_random_model.py,"(1021, 9)",858,sequential_3274,Dense 16 -> 128 -> 16 -> 128 -> 32 -> 32 -> 1,mse,adam_3274,20,128,1.5292,12320.5322265625,4054.729248046875,3736.4521484375,0.4604383650996846,0.7
2026-09-04 16:53:16,repeat_random_model.py,"(1021, 9)",858,sequential_3275,Dense 16 -> 128 -> 16 -> 128 -> 32 -> 16 -> 1,mse,adam_3275,20,128,1.5594,34414.33984375,6136.47998046875,5832.75927734375,0.15772152892411273,0.7
2026-09-04 16:53:18,repeat_random_model.py,"(1021, 9)",858,sequential_3276,Dense 16 -> 128 -> 16 -> 128 -> 16 -> 128 -> 1,mse,adam_3276,20,128,1.4692,10069.740234375,5156.77490234375,4840.54296875,0.3010022729216656,0.7
2026-09-04 16:53:19,repeat_random_model.py,"(1021, 9)",858,sequential_3277,Dense 16 -> 128 -> 16 -> 128 -> 16 -> 64 -> 1,mse,adam_3277,20,128,1.6042,13041.015625,5234.9228515625,4884.64453125,0.29463374141536103,0.7
2026-09-04 16:53:21,repeat_random_model.py,"(1021, 9)",858,sequential_3278,Dense 16 -> 128 -> 16 -> 128 -> 16 -> 32 -> 1,mse,adam_3278,20,128,1.5299,35078.1640625,6127.8388671875,5920.86767578125,0.1449980896215204,0.7
2026-09-04 16:53:23,repeat_random_model.py,"(1021, 9)",858,sequential_3279,Dense 16 -> 128 -> 16 -> 128 -> 16 -> 16 -> 1,mse,adam_3279,20,128,1.507,11903.9462890625,6051.51318359375,6357.533203125,0.08194149521733751,0.7
2026-09-04 16:53:25,repeat_random_model.py,"(1021, 9)",858,sequential_3280,Dense 16 -> 128 -> 16 -> 64 -> 128 -> 128 -> 1,mse,adam_3280,20,128,1.5909,51246.54296875,5821.3759765625,5501.08251953125,0.2056171177169922,0.7
2026-09-04 16:53:27,repeat_random_model.py,"(1021, 9)",858,sequential_3281,Dense 16 -> 128 -> 16 -> 64 -> 128 -> 64 -> 1,mse,adam_3281,20,128,1.537,37312.08203125,5626.56884765625,5374.78857421875,0.22385462024950598,0.7
2026-09-04 16:53:29,repeat_random_model.py,"(1021, 9)",858,sequential_3282,Dense 16 -> 128 -> 16 -> 64 -> 128 -> 32 -> 1,mse,adam_3282,20,128,1.6126,34754.8671875,5826.388671875,5473.54248046875,0.20959413259325177,0.7
2026-09-04 16:53:30,repeat_random_model.py,"(1021, 9)",858,sequential_3283,Dense 16 -> 128 -> 16 -> 64 -> 128 -> 16 -> 1,mse,adam_3283,20,128,1.4546,20177.126953125,6330.99267578125,5858.33740234375,0.1540277972561217,0.7
2026-09-04 16:53:32,repeat_random_model.py,"(1021, 9)",858,sequential_3284,Dense 16 -> 128 -> 16 -> 64 -> 64 -> 128 -> 1,mse,adam_3284,20,128,1.4397,20914.64453125,6152.111328125,5758.8583984375,0.16839303109187387,0.7
2026-09-04 16:53:34,repeat_random_model.py,"(1021, 9)",858,sequential_3285,Dense 16 -> 128 -> 16 -> 64 -> 64 -> 64 -> 1,mse,adam_3285,20,128,1.4591,24066.658203125,5930.14501953125,5721.36083984375,0.17380796516829433,0.7
2026-09-04 16:53:35,repeat_random_model.py,"(1021, 9)",858,sequential_3286,Dense 16 -> 128 -> 16 -> 64 -> 64 -> 32 -> 1,mse,adam_3286,20,128,1.4919,75113.21875,6251.419921875,6014.3388671875,0.1315003993684284,0.7
2026-09-04 16:53:37,repeat_random_model.py,"(1021, 9)",858,sequential_3287,Dense 16 -> 128 -> 16 -> 64 -> 64 -> 16 -> 1,mse,adam_3287,20,128,1.5684,18022.8671875,5262.13232421875,5040.6689453125,0.27210316743857066,0.7
2026-09-04 16:53:39,repeat_random_model.py,"(1021, 9)",858,sequential_3288,Dense 16 -> 128 -> 16 -> 64 -> 32 -> 128 -> 1,mse,adam_3288,20,128,1.5601,19301.376953125,6071.09423828125,5706.2763671875,0.17598625440167592,0.7
2026-09-04 16:53:41,repeat_random_model.py,"(1021, 9)",858,sequential_3289,Dense 16 -> 128 -> 16 -> 64 -> 32 -> 64 -> 1,mse,adam_3289,20,128,1.5991,16488.560546875,6148.748046875,5821.39990234375,0.15936163684114768,0.7
2026-09-04 16:53:43,repeat_random_model.py,"(1021, 9)",858,sequential_3290,Dense 16 -> 128 -> 16 -> 64 -> 32 -> 32 -> 1,mse,adam_3290,20,128,1.5178,34149.71484375,6290.0927734375,6095.6787109375,0.11975464826677706,0.7
2026-09-04 16:53:45,repeat_random_model.py,"(1021, 9)",858,sequential_3291,Dense 16 -> 128 -> 16 -> 64 -> 32 -> 16 -> 1,mse,adam_3291,20,128,1.6227,107296.7265625,6330.7685546875,6046.97314453125,0.126788026880419,0.7
2026-09-04 16:53:46,repeat_random_model.py,"(1021, 9)",858,sequential_3292,Dense 16 -> 128 -> 16 -> 64 -> 16 -> 128 -> 1,mse,adam_3292,20,128,1.6182,11139.478515625,5905.90673828125,5623.94970703125,0.1878745325243183,0.7
2026-09-04 16:53:48,repeat_random_model.py,"(1021, 9)",858,sequential_3293,Dense 16 -> 128 -> 16 -> 64 -> 16 -> 64 -> 1,mse,adam_3293,20,128,1.4723,26120.619140625,6277.38037109375,6264.97998046875,0.09530666141197308,0.7
2026-09-04 16:53:50,repeat_random_model.py,"(1021, 9)",858,sequential_3294,Dense 16 -> 128 -> 16 -> 64 -> 16 -> 32 -> 1,mse,adam_3294,20,128,1.6254,30719.919921875,5999.009765625,5787.392578125,0.16427263157631655,0.7
2026-09-04 16:53:52,repeat_random_model.py,"(1021, 9)",858,sequential_3295,Dense 16 -> 128 -> 16 -> 64 -> 16 -> 16 -> 1,mse,adam_3295,20,128,1.5929,11596.83203125,5047.587890625,5828.8603515625,0.1582844282087318,0.7
2026-09-04 16:53:54,repeat_random_model.py,"(1021, 9)",858,sequential_3296,Dense 16 -> 128 -> 16 -> 32 -> 128 -> 128 -> 1,mse,adam_3296,20,128,1.6229,28617.55859375,6096.58154296875,5880.46337890625,0.15083267155060864,0.7
2026-09-04 16:53:56,repeat_random_model.py,"(1021, 9)",858,sequential_3297,Dense 16 -> 128 -> 16 -> 32 -> 128 -> 64 -> 1,mse,adam_3297,20,128,1.556,23828.458984375,5514.296875,5067.693359375,0.2682006853488865,0.7
2026-09-04 16:53:58,repeat_random_model.py,"(1021, 9)",858,sequential_3298,Dense 16 -> 128 -> 16 -> 32 -> 128 -> 32 -> 1,mse,adam_3298,20,128,1.559,47528.625,6304.61962890625,6005.4501953125,0.13278405620366107,0.7
2026-09-04 16:53:59,repeat_random_model.py,"(1021, 9)",858,sequential_3299,Dense 16 -> 128 -> 16 -> 32 -> 128 -> 16 -> 1,mse,adam_3299,20,128,1.4939,24150.23046875,6285.6396484375,6030.458984375,0.1291725538138888,0.7
2026-09-04 16:54:01,repeat_random_model.py,"(1021, 9)",858,sequential_3300,Dense 16 -> 128 -> 16 -> 32 -> 64 -> 128 -> 1,mse,adam_3300,20,128,1.5988,20873.30859375,5594.712890625,5885.19287109375,0.15014976112924727,0.7
2026-09-04 16:54:03,repeat_random_model.py,"(1021, 9)",858,sequential_3301,Dense 16 -> 128 -> 16 -> 32 -> 64 -> 64 -> 1,mse,adam_3301,20,128,1.6199,19716.90625,6483.1298828125,6341.7021484375,0.08422763982988857,0.7
2026-09-04 16:54:05,repeat_random_model.py,"(1021, 9)",858,sequential_3302,Dense 16 -> 128 -> 16 -> 32 -> 64 -> 32 -> 1,mse,adam_3302,20,128,1.5959,55097.8125,6229.630859375,5979.29248046875,0.1365613708704848,0.7
2026-09-04 16:54:07,repeat_random_model.py,"(1021, 9)",858,sequential_3303,Dense 16 -> 128 -> 16 -> 32 -> 64 -> 16 -> 1,mse,adam_3303,20,128,1.6048,36549.57421875,6109.537109375,5778.5595703125,0.1655482333147119,0.7
2026-09-04 16:54:09,repeat_random_model.py,"(1021, 9)",858,sequential_3304,Dense 16 -> 128 -> 16 -> 32 -> 32 -> 128 -> 1,mse,adam_3304,20,128,1.5931,14573.84765625,5994.83154296875,5962.982421875,0.13891644327998964,0.7
2026-09-04 16:54:11,repeat_random_model.py,"(1021, 9)",858,sequential_3305,Dense 16 -> 128 -> 16 -> 32 -> 32 -> 64 -> 1,mse,adam_3305,20,128,1.5706,41244.31640625,5828.6630859375,5575.57861328125,0.1948593760877887,0.7
2026-09-04 16:54:12,repeat_random_model.py,"(1021, 9)",858,sequential_3306,Dense 16 -> 128 -> 16 -> 32 -> 32 -> 32 -> 1,mse,adam_3306,20,128,1.6476,21769.53125,5621.01611328125,5374.55517578125,0.2238882115958517,0.7
2026-09-04 16:54:14,repeat_random_model.py,"(1021, 9)",858,sequential_3307,Dense 16 -> 128 -> 16 -> 32 -> 32 -> 16 -> 1,mse,adam_3307,20,128,1.5976,36724.4765625,6101.23876953125,5733.42578125,0.17206572272529375,0.7
2026-09-04 16:54:16,repeat_random_model.py,"(1021, 9)",858,sequential_3308,Dense 16 -> 128 -> 16 -> 32 -> 16 -> 128 -> 1,mse,adam_3308,20,128,1.5764,8477.0498046875,4867.0615234375,4746.47607421875,0.3145859264950537,0.7
2026-09-04 16:54:18,repeat_random_model.py,"(1021, 9)",858,sequential_3309,Dense 16 -> 128 -> 16 -> 32 -> 16 -> 64 -> 1,mse,adam_3309,20,128,1.4626,10920.0126953125,5102.2470703125,4763.59912109375,0.3121132928455471,0.7
2026-09-04 16:54:20,repeat_random_model.py,"(1021, 9)",858,sequential_3310,Dense 16 -> 128 -> 16 -> 32 -> 16 -> 32 -> 1,mse,adam_3310,20,128,1.6321,29030.32421875,6054.32177734375,5655.86376953125,0.18326594375281757,0.7
2026-09-04 16:54:22,repeat_random_model.py,"(1021, 9)",858,sequential_3311,Dense 16 -> 128 -> 16 -> 32 -> 16 -> 16 -> 1,mse,adam_3311,20,128,1.4756,29814.81640625,5750.8916015625,5500.3681640625,0.20572029566167926,0.7
2026-09-04 16:54:23,repeat_random_model.py,"(1021, 9)",858,sequential_3312,Dense 16 -> 128 -> 16 -> 16 -> 128 -> 128 -> 1,mse,adam_3312,20,128,1.6517,20814.998046875,4502.25439453125,4169.73388671875,0.3978703182080482,0.7
2026-09-04 16:54:25,repeat_random_model.py,"(1021, 9)",858,sequential_3313,Dense 16 -> 128 -> 16 -> 16 -> 128 -> 64 -> 1,mse,adam_3313,20,128,1.6644,11592.4365234375,4053.556640625,3716.97998046875,0.46325014193399516,0.7
2026-09-04 16:54:27,repeat_random_model.py,"(1021, 9)",858,sequential_3314,Dense 16 -> 128 -> 16 -> 16 -> 128 -> 32 -> 1,mse,adam_3314,20,128,1.6931,22604.4140625,5960.27099609375,5807.9853515625,0.1612988693460976,0.7
2026-09-04 16:54:29,repeat_random_model.py,"(1021, 9)",858,sequential_3315,Dense 16 -> 128 -> 16 -> 16 -> 128 -> 16 -> 1,mse,adam_3315,20,128,1.4378,22716.46484375,5867.75830078125,5736.521484375,0.17161859169653326,0.7
2026-09-04 16:54:31,repeat_random_model.py,"(1021, 9)",858,sequential_3316,Dense 16 -> 128 -> 16 -> 16 -> 64 -> 128 -> 1,mse,adam_3316,20,128,1.5645,32870.71484375,5581.0791015625,5395.5537109375,0.22085606767619204,0.7
2026-09-04 16:54:33,repeat_random_model.py,"(1021, 9)",858,sequential_3317,Dense 16 -> 128 -> 16 -> 16 -> 64 -> 64 -> 1,mse,adam_3317,20,128,1.5141,18572.234375,5713.841796875,5243.97216796875,0.24274521259793636,0.7
2026-09-04 16:54:34,repeat_random_model.py,"(1021, 9)",858,sequential_3318,Dense 16 -> 128 -> 16 -> 16 -> 64 -> 32 -> 1,mse,adam_3318,20,128,1.4648,33855.49609375,6162.71240234375,5868.1142578125,0.15261610263853786,0.7
2026-09-04 16:54:36,repeat_random_model.py,"(1021, 9)",858,sequential_3319,Dense 16 -> 128 -> 16 -> 16 -> 64 -> 16 -> 1,mse,adam_3319,20,128,1.475,26513.015625,5923.37939453125,5680.642578125,0.1796879125290557,0.7
2026-09-04 16:54:38,repeat_random_model.py,"(1021, 9)",858,sequential_3320,Dense 16 -> 128 -> 16 -> 16 -> 32 -> 128 -> 1,mse,adam_3320,20,128,1.7215,20025.74609375,6184.505859375,5706.2431640625,0.1759909609288507,0.7
2026-09-04 16:54:40,repeat_random_model.py,"(1021, 9)",858,sequential_3321,Dense 16 -> 128 -> 16 -> 16 -> 32 -> 64 -> 1,mse,adam_3321,20,128,1.5823,22134.193359375,5800.06884765625,5510.359375,0.20427754120038488,0.7
2026-09-04 16:54:42,repeat_random_model.py,"(1021, 9)",858,sequential_3322,Dense 16 -> 128 -> 16 -> 16 -> 32 -> 32 -> 1,mse,adam_3322,20,128,1.5845,14856.48046875,5582.02197265625,5358.47265625,0.22621067264555128,0.7
2026-09-04 16:54:43,repeat_random_model.py,"(1021, 9)",858,sequential_3323,Dense 16 -> 128 -> 16 -> 16 -> 32 -> 16 -> 1,mse,adam_3323,20,128,1.4591,12054.9638671875,5637.9130859375,5363.6162109375,0.2254678663160088,0.7
2026-09-04 16:54:45,repeat_random_model.py,"(1021, 9)",858,sequential_3324,Dense 16 -> 128 -> 16 -> 16 -> 16 -> 128 -> 1,mse,adam_3324,20,128,1.5063,32651.935546875,6379.41259765625,6085.73876953125,0.12118996284751948,0.7
2026-09-04 16:54:47,repeat_random_model.py,"(1021, 9)",858,sequential_3325,Dense 16 -> 128 -> 16 -> 16 -> 16 -> 64 -> 1,mse,adam_3325,20,128,1.4258,30288.427734375,6362.69921875,5942.14404296875,0.14192576663154588,0.7
2026-09-04 16:54:49,repeat_random_model.py,"(1021, 9)",858,sequential_3326,Dense 16 -> 128 -> 16 -> 16 -> 16 -> 32 -> 1,mse,adam_3326,20,128,1.4682,110916.1796875,6398.85302734375,6063.2978515625,0.12443057197650786,0.7
2026-09-04 16:54:50,repeat_random_model.py,"(1021, 9)",858,sequential_3327,Dense 16 -> 128 -> 16 -> 16 -> 16 -> 16 -> 1,mse,adam_3327,20,128,1.3965,76619.046875,6280.931640625,6001.82666015625,0.13330726032734697,0.7
2026-09-04 16:54:52,repeat_random_model.py,"(1021, 9)",858,sequential_3328,Dense 16 -> 64 -> 128 -> 128 -> 128 -> 128 -> 1,mse,adam_3328,20,128,1.5731,142114.875,5909.421875,5757.501953125,0.16858904293991095,0.7
2026-09-04 16:54:54,repeat_random_model.py,"(1021, 9)",858,sequential_3329,Dense 16 -> 64 -> 128 -> 128 -> 128 -> 64 -> 1,mse,adam_3329,20,128,1.5473,130423.9375,5791.26806640625,5577.6025390625,0.19456718902585302,0.7
2026-09-04 16:54:56,repeat_random_model.py,"(1021, 9)",858,sequential_3330,Dense 16 -> 64 -> 128 -> 128 -> 128 -> 32 -> 1,mse,adam_3330,20,128,1.5129,546459.4375,6359.74755859375,6004.4521484375,0.1329282312815947,0.7
2026-09-04 16:54:57,repeat_random_model.py,"(1021, 9)",858,sequential_3331,Dense 16 -> 64 -> 128 -> 128 -> 128 -> 16 -> 1,mse,adam_3331,20,128,1.4853,201491.8125,5992.47705078125,5844.560546875,0.15601735968097585,0.7
2026-09-04 16:54:59,repeat_random_model.py,"(1021, 9)",858,sequential_3332,Dense 16 -> 64 -> 128 -> 128 -> 64 -> 128 -> 1,mse,adam_3332,20,128,1.4948,116089.3125,6240.01171875,5966.77099609375,0.13836947103274888,0.7
2026-09-04 16:55:01,repeat_random_model.py,"(1021, 9)",858,sequential_3333,Dense 16 -> 64 -> 128 -> 128 -> 64 -> 64 -> 1,mse,adam_3333,20,128,1.5002,208698.546875,5645.1201171875,5393.49462890625,0.22115327217569658,0.7
2026-09-04 16:55:03,repeat_random_model.py,"(1021, 9)",858,sequential_3334,Dense 16 -> 64 -> 128 -> 128 -> 64 -> 32 -> 1,mse,adam_3334,20,128,1.5271,242000.859375,6169.35009765625,5915.6611328125,0.14575003076948045,0.7
2026-09-04 16:55:04,repeat_random_model.py,"(1021, 9)",858,sequential_3335,Dense 16 -> 64 -> 128 -> 128 -> 64 -> 16 -> 1,mse,adam_3335,20,128,1.5279,178222.359375,5579.56494140625,5363.77490234375,0.22544504554342115,0.7
2026-09-04 16:55:06,repeat_random_model.py,"(1021, 9)",858,sequential_3336,Dense 16 -> 64 -> 128 -> 128 -> 32 -> 128 -> 1,mse,adam_3336,20,128,1.5654,80577.7109375,6211.42822265625,5901.3759765625,0.1478128417409248,0.7
2026-09-04 16:55:08,repeat_random_model.py,"(1021, 9)",858,sequential_3337,Dense 16 -> 64 -> 128 -> 128 -> 32 -> 64 -> 1,mse,adam_3337,20,128,1.5276,77067.0390625,6167.7216796875,5941.03076171875,0.14208654862805914,0.7
2026-09-04 16:55:10,repeat_random_model.py,"(1021, 9)",858,sequential_3338,Dense 16 -> 64 -> 128 -> 128 -> 32 -> 32 -> 1,mse,adam_3338,20,128,1.5472,65051.85546875,5723.6279296875,5538.1357421875,0.2002665431733145,0.7
2026-09-04 16:55:12,repeat_random_model.py,"(1021, 9)",858,sequential_3339,Dense 16 -> 64 -> 128 -> 128 -> 32 -> 16 -> 1,mse,adam_3339,20,128,1.5899,87591.515625,5929.3232421875,5604.0576171875,0.1907471272337974,0.7
2026-09-04 16:55:14,repeat_random_model.py,"(1021, 9)",858,sequential_3340,Dense 16 -> 64 -> 128 -> 128 -> 16 -> 128 -> 1,mse,adam_3340,20,128,1.5447,68972.3203125,6390.46728515625,6071.58251953125,0.12323421930625544,0.7
2026-09-04 16:55:15,repeat_random_model.py,"(1021, 9)",858,sequential_3341,Dense 16 -> 64 -> 128 -> 128 -> 16 -> 64 -> 1,mse,adam_3341,20,128,1.5359,52009.1796875,6175.90869140625,5776.67578125,0.165820126128982,0.7
2026-09-04 16:55:17,repeat_random_model.py,"(1021, 9)",858,sequential_3342,Dense 16 -> 64 -> 128 -> 128 -> 16 -> 32 -> 1,mse,adam_3342,20,128,1.5792,119517.90625,6071.6103515625,5732.552734375,0.17219175785684848,0.7
2026-09-04 16:55:19,repeat_random_model.py,"(1021, 9)",858,sequential_3343,Dense 16 -> 64 -> 128 -> 128 -> 16 -> 16 -> 1,mse,adam_3343,20,128,1.5777,208434.40625,6320.005859375,6075.09228515625,0.12272721564095612,0.7
2026-09-04 16:55:21,repeat_random_model.py,"(1021, 9)",858,sequential_3344,Dense 16 -> 64 -> 128 -> 64 -> 128 -> 128 -> 1,mse,adam_3344,20,128,1.6177,132183.703125,5937.80126953125,5706.8271484375,0.1759066630921997,0.7
2026-09-04 16:55:23,repeat_random_model.py,"(1021, 9)",858,sequential_3345,Dense 16 -> 64 -> 128 -> 64 -> 128 -> 64 -> 1,mse,adam_3345,20,128,1.5874,121628.2109375,6082.494140625,5848.47314453125,0.15545228603549333,0.7
2026-09-04 16:55:25,repeat_random_model.py,"(1021, 9)",858,sequential_3346,Dense 16 -> 64 -> 128 -> 64 -> 128 -> 32 -> 1,mse,adam_3346,20,128,1.5284,94191.046875,6188.61328125,5812.521484375,0.16064384324745573,0.7
2026-09-04 16:55:26,repeat_random_model.py,"(1021, 9)",858,sequential_3347,Dense 16 -> 64 -> 128 -> 64 -> 128 -> 16 -> 1,mse,adam_3347,20,128,1.4991,87226.4453125,6031.5087890625,5876.33740234375,0.1514285674692416,0.7
2026-09-04 16:55:28,repeat_random_model.py,"(1021, 9)",858,sequential_3348,Dense 16 -> 64 -> 128 -> 64 -> 64 -> 128 -> 1,mse,adam_3348,20,128,1.671,152253.625,6180.3642578125,5931.8388671875,0.14341381895134042,0.7
2026-09-04 16:55:30,repeat_random_model.py,"(1021, 9)",858,sequential_3349,Dense 16 -> 64 -> 128 -> 64 -> 64 -> 64 -> 1,mse,adam_3349,20,128,1.6574,101915.8984375,6166.5078125,5953.07421875,0.14034746680883792,0.7
2026-09-04 16:55:32,repeat_random_model.py,"(1021, 9)",858,sequential_3350,Dense 16 -> 64 -> 128 -> 64 -> 64 -> 32 -> 1,mse,adam_3350,20,128,1.6479,86868.7109375,5533.6279296875,5703.35400390625,0.1764081125757232,0.7
2026-09-04 16:55:34,repeat_random_model.py,"(1021, 9)",858,sequential_3351,Dense 16 -> 64 -> 128 -> 64 -> 64 -> 16 -> 1,mse,adam_3351,20,128,1.6856,99024.5390625,6317.8720703125,5968.0078125,0.13819088198331486,0.7
2026-09-04 16:55:36,repeat_random_model.py,"(1021, 9)",858,sequential_3352,Dense 16 -> 64 -> 128 -> 64 -> 32 -> 128 -> 1,mse,adam_3352,20,128,1.6727,42335.8828125,5976.70458984375,5713.66552734375,0.1749191050694323,0.7
2026-09-04 16:55:38,repeat_random_model.py,"(1021, 9)",858,sequential_3353,Dense 16 -> 64 -> 128 -> 64 -> 32 -> 64 -> 1,mse,adam_3353,20,128,1.6312,56738.453125,6200.1962890625,6466.119140625,0.06626115614861705,0.7
2026-09-04 16:55:40,repeat_random_model.py,"(1021, 9)",858,sequential_3354,Dense 16 -> 64 -> 128 -> 64 -> 32 -> 32 -> 1,mse,adam_3354,20,128,1.614,49983.5546875,5308.482421875,5470.859375,0.2099815206952147,0.7
2026-09-04 16:55:42,repeat_random_model.py,"(1021, 9)",858,sequential_3355,Dense 16 -> 64 -> 128 -> 64 -> 32 -> 16 -> 1,mse,adam_3355,20,128,1.5842,111473.578125,5971.0947265625,6165.341796875,0.10969496455766559,0.7
2026-09-04 16:55:44,repeat_random_model.py,"(1021, 9)",858,sequential_3356,Dense 16 -> 64 -> 128 -> 64 -> 16 -> 128 -> 1,mse,adam_3356,20,128,1.6282,25787.03125,5891.27490234375,5992.6982421875,0.13462543602277766,0.7
2026-09-04 16:55:45,repeat_random_model.py,"(1021, 9)",858,sequential_3357,Dense 16 -> 64 -> 128 -> 64 -> 16 -> 64 -> 1,mse,adam_3357,20,128,1.4857,84074.3671875,6061.64453125,5851.5498046875,0.15500800559660943,0.7
2026-09-04 16:55:47,repeat_random_model.py,"(1021, 9)",858,sequential_3358,Dense 16 -> 64 -> 128 -> 64 -> 16 -> 32 -> 1,mse,adam_3358,20,128,1.5775,92456.84375,6059.5888671875,5887.81494140625,0.14977109924367094,0.7
2026-09-04 16:55:49,repeat_random_model.py,"(1021, 9)",858,sequential_3359,Dense 16 -> 64 -> 128 -> 64 -> 16 -> 16 -> 1,mse,adam_3359,20,128,1.5911,81122.6875,6851.3720703125,6098.29052734375,0.11937741952484515,0.7
2026-09-04 16:55:51,repeat_random_model.py,"(1021, 9)",858,sequential_3360,Dense 16 -> 64 -> 128 -> 32 -> 128 -> 128 -> 1,mse,adam_3360,20,128,1.5906,85570.1640625,6028.697265625,5578.33544921875,0.19446143704277807,0.7
2026-09-04 16:55:53,repeat_random_model.py,"(1021, 9)",858,sequential_3361,Dense 16 -> 64 -> 128 -> 32 -> 128 -> 64 -> 1,mse,adam_3361,20,128,1.6006,36955.50390625,5187.27294921875,4903.79248046875,0.29186867801665894,0.7
2026-09-04 16:55:55,repeat_random_model.py,"(1021, 9)",858,sequential_3362,Dense 16 -> 64 -> 128 -> 32 -> 128 -> 32 -> 1,mse,adam_3362,20,128,1.5412,32767.12109375,5946.77197265625,5645.4345703125,0.18477212346030958,0.7
2026-09-04 16:55:56,repeat_random_model.py,"(1021, 9)",858,sequential_3363,Dense 16 -> 64 -> 128 -> 32 -> 128 -> 16 -> 1,mse,adam_3363,20,128,1.5813,171154.46875,6299.6337890625,6060.69287109375,0.12480670710671726,0.7
2026-09-04 16:55:58,repeat_random_model.py,"(1021, 9)",858,sequential_3364,Dense 16 -> 64 -> 128 -> 32 -> 64 -> 128 -> 1,mse,adam_3364,20,128,1.5427,63611.625,6154.58447265625,5935.232421875,0.1429238442119921,0.7
2026-09-04 16:56:00,repeat_random_model.py,"(1021, 9)",858,sequential_3365,Dense 16 -> 64 -> 128 -> 32 -> 64 -> 64 -> 1,mse,adam_3365,20,128,1.4673,55005.0390625,5991.75244140625,5753.78076171875,0.16912627504028455,0.7
2026-09-04 16:56:02,repeat_random_model.py,"(1021, 9)",858,sequential_3366,Dense 16 -> 64 -> 128 -> 32 -> 64 -> 32 -> 1,mse,adam_3366,20,128,1.6732,84603.2421875,6080.02001953125,5781.76318359375,0.16508549967597508,0.7
2026-09-04 16:56:04,repeat_random_model.py,"(1021, 9)",858,sequential_3367,Dense 16 -> 64 -> 128 -> 32 -> 64 -> 16 -> 1,mse,adam_3367,20,128,1.5178,82459.1796875,6069.888671875,5869.01220703125,0.1524863371948807,0.7
2026-09-04 16:56:06,repeat_random_model.py,"(1021, 9)",858,sequential_3368,Dense 16 -> 64 -> 128 -> 32 -> 32 -> 128 -> 1,mse,adam_3368,20,128,1.675,21390.14453125,5468.5703125,5047.86474609375,0.27106401290157733,0.7
2026-09-04 16:56:07,repeat_random_model.py,"(1021, 9)",858,sequential_3369,Dense 16 -> 64 -> 128 -> 32 -> 32 -> 64 -> 1,mse,adam_3369,20,128,1.5032,35930.98828125,5902.5361328125,5727.671875,0.17289649019096087,0.7
2026-09-04 16:56:09,repeat_random_model.py,"(1021, 9)",858,sequential_3370,Dense 16 -> 64 -> 128 -> 32 -> 32 -> 32 -> 1,mse,adam_3370,20,128,1.5676,75603.6171875,6407.271484375,6306.67333984375,0.08928585419721613,0.7
2026-09-04 16:56:11,repeat_random_model.py,"(1021, 9)",858,sequential_3371,Dense 16 -> 64 -> 128 -> 32 -> 32 -> 16 -> 1,mse,adam_3371,20,128,1.6021,46830.921875,5863.6875,5971.8525390625,0.13763573240892268,0.7
2026-09-04 16:56:13,repeat_random_model.py,"(1021, 9)",858,sequential_3372,Dense 16 -> 64 -> 128 -> 32 -> 16 -> 128 -> 1,mse,adam_3372,20,128,1.5167,21589.9296875,5598.81689453125,5189.0478515625,0.25067637642064855,0.7
2026-09-04 16:56:15,repeat_random_model.py,"(1021, 9)",858,sequential_3373,Dense 16 -> 64 -> 128 -> 32 -> 16 -> 64 -> 1,mse,adam_3373,20,128,1.5972,30771.583984375,5871.9482421875,5509.65771484375,0.2043788373075105,0.7
2026-09-04 16:56:16,repeat_random_model.py,"(1021, 9)",858,sequential_3374,Dense 16 -> 64 -> 128 -> 32 -> 16 -> 32 -> 1,mse,adam_3374,20,128,1.4973,39381.52734375,5560.34326171875,5370.978515625,0.2244048898071409,0.7
2026-09-04 16:56:18,repeat_random_model.py,"(1021, 9)",858,sequential_3375,Dense 16 -> 64 -> 128 -> 32 -> 16 -> 16 -> 1,mse,adam_3375,20,128,1.5895,77066.421875,5666.69970703125,5810.9775390625,0.16086666170975117,0.7
2026-09-04 16:56:20,repeat_random_model.py,"(1021, 9)",858,sequential_3376,Dense 16 -> 64 -> 128 -> 16 -> 128 -> 128 -> 1,mse,adam_3376,20,128,1.5309,23166.787109375,5066.19677734375,4901.5009765625,0.29219960953940005,0.7
2026-09-04 16:56:22,repeat_random_model.py,"(1021, 9)",858,sequential_3377,Dense 16 -> 64 -> 128 -> 16 -> 128 -> 64 -> 1,mse,adam_3377,20,128,1.4933,27665.435546875,5566.755859375,4582.7275390625,0.3382320181329618,0.7
2026-09-04 16:56:24,repeat_random_model.py,"(1021, 9)",858,sequential_3378,Dense 16 -> 64 -> 128 -> 16 -> 128 -> 32 -> 1,mse,adam_3378,20,128,1.5665,34883.74609375,6229.14111328125,6160.85791015625,0.11034243988755033,0.7
2026-09-04 16:56:25,repeat_random_model.py,"(1021, 9)",858,sequential_3379,Dense 16 -> 64 -> 128 -> 16 -> 128 -> 16 -> 1,mse,adam_3379,20,128,1.5607,30026.2578125,6170.7421875,5861.47705078125,0.15357436723542062,0.7
2026-09-04 16:56:27,repeat_random_model.py,"(1021, 9)",858,sequential_3380,Dense 16 -> 64 -> 128 -> 16 -> 64 -> 128 -> 1,mse,adam_3380,20,128,1.5458,33247.22265625,6335.57861328125,5980.42529296875,0.13639775589347036,0.7
2026-09-04 16:56:29,repeat_random_model.py,"(1021, 9)",858,sequential_3381,Dense 16 -> 64 -> 128 -> 16 -> 64 -> 64 -> 1,mse,adam_3381,20,128,1.4857,29016.95703125,5960.98388671875,5554.79345703125,0.19786102171741038,0.7
2026-09-04 16:56:31,repeat_random_model.py,"(1021, 9)",858,sequential_3382,Dense 16 -> 64 -> 128 -> 16 -> 64 -> 32 -> 1,mse,adam_3382,20,128,1.5001,45125.60546875,6111.52587890625,5816.58837890625,0.16005649280898027,0.7
2026-09-04 16:56:32,repeat_random_model.py,"(1021, 9)",858,sequential_3383,Dense 16 -> 64 -> 128 -> 16 -> 64 -> 16 -> 1,mse,adam_3383,20,128,1.4772,22102.962890625,6082.3603515625,5730.70751953125,0.17245821451527454,0.7
2026-09-04 16:56:34,repeat_random_model.py,"(1021, 9)",858,sequential_3384,Dense 16 -> 64 -> 128 -> 16 -> 32 -> 128 -> 1,mse,adam_3384,20,128,1.5843,20954.55078125,5940.99658203125,5560.7060546875,0.19700721923715214,0.7
2026-09-04 16:56:36,repeat_random_model.py,"(1021, 9)",858,sequential_3385,Dense 16 -> 64 -> 128 -> 16 -> 32 -> 64 -> 1,mse,adam_3385,20,128,1.5131,47168.48828125,6019.14697265625,5763.49755859375,0.1677230955074933,0.7
2026-09-04 16:56:38,repeat_random_model.py,"(1021, 9)",858,sequential_3386,Dense 16 -> 64 -> 128 -> 16 -> 32 -> 32 -> 1,mse,adam_3386,20,128,1.5319,91281.5234375,6234.7353515625,6009.39306640625,0.1322146400977965,0.7
2026-09-04 16:56:40,repeat_random_model.py,"(1021, 9)",858,sequential_3387,Dense 16 -> 64 -> 128 -> 16 -> 32 -> 16 -> 1,mse,adam_3387,20,128,1.5217,34997.98046875,6209.24365234375,5982.5263671875,0.13609433103429935,0.7
2026-09-04 16:56:41,repeat_random_model.py,"(1021, 9)",858,sequential_3388,Dense 16 -> 64 -> 128 -> 16 -> 16 -> 128 -> 1,mse,adam_3388,20,128,1.5848,13698.2861328125,6134.09814453125,5682.61181640625,0.17940336553602976,0.7
2026-09-04 16:56:43,repeat_random_model.py,"(1021, 9)",858,sequential_3389,Dense 16 -> 64 -> 128 -> 16 -> 16 -> 64 -> 1,mse,adam_3389,20,128,1.4744,18326.466796875,5736.078125,5820.6533203125,0.15946955681914587,0.7
2026-09-04 16:56:45,repeat_random_model.py,"(1021, 9)",858,sequential_3390,Dense 16 -> 64 -> 128 -> 16 -> 16 -> 32 -> 1,mse,adam_3390,20,128,1.6183,17275.361328125,5460.42041015625,5165.783203125,0.25403599409612987,0.7
2026-09-04 16:56:47,repeat_random_model.py,"(1021, 9)",858,sequential_3391,Dense 16 -> 64 -> 128 -> 16 -> 16 -> 16 -> 1,mse,adam_3391,20,128,1.4882,36509.12109375,5932.607421875,5591.10009765625,0.1926182859267539,0.7
2026-09-04 16:56:49,repeat_random_model.py,"(1021, 9)",858,sequential_3392,Dense 16 -> 64 -> 64 -> 128 -> 128 -> 128 -> 1,mse,adam_3392,20,128,1.5473,158570.109375,6035.033203125,5776.44482421875,0.1658534881007684,0.7
2026-09-04 16:56:51,repeat_random_model.py,"(1021, 9)",858,sequential_3393,Dense 16 -> 64 -> 64 -> 128 -> 128 -> 64 -> 1,mse,adam_3393,20,128,1.6488,192620.84375,5963.69384765625,5869.13916015625,0.15246801544049926,0.7
2026-09-04 16:56:52,repeat_random_model.py,"(1021, 9)",858,sequential_3394,Dense 16 -> 64 -> 64 -> 128 -> 128 -> 32 -> 1,mse,adam_3394,20,128,1.5572,150667.140625,6250.07568359375,6066.8544921875,0.12391701098183239,0.7
2026-09-04 16:56:54,repeat_random_model.py,"(1021, 9)",858,sequential_3395,Dense 16 -> 64 -> 64 -> 128 -> 128 -> 16 -> 1,mse,adam_3395,20,128,1.6283,98498.5,6047.796875,5920.4384765625,0.14506016461086002,0.7
2026-09-04 16:56:56,repeat_random_model.py,"(1021, 9)",858,sequential_3396,Dense 16 -> 64 -> 64 -> 128 -> 64 -> 128 -> 1,mse,adam_3396,20,128,1.6324,90566.3359375,6194.47802734375,5943.43017578125,0.14173998428911694,0.7
2026-09-04 16:56:58,repeat_random_model.py,"(1021, 9)",858,sequential_3397,Dense 16 -> 64 -> 64 -> 128 -> 64 -> 64 -> 1,mse,adam_3397,20,128,1.6778,123575.8671875,6289.9111328125,6004.15234375,0.13297138495153082,0.7
2026-09-04 16:57:00,repeat_random_model.py,"(1021, 9)",858,sequential_3398,Dense 16 -> 64 -> 64 -> 128 -> 64 -> 32 -> 1,mse,adam_3398,20,128,1.6201,81755.125,6033.7724609375,5732.51220703125,0.17219753626031986,0.7
2026-09-04 16:57:02,repeat_random_model.py,"(1021, 9)",858,sequential_3399,Dense 16 -> 64 -> 64 -> 128 -> 64 -> 16 -> 1,mse,adam_3399,20,128,1.5405,83426.4609375,5601.86279296875,5481.45361328125,0.2084515997902212,0.7
2026-09-04 16:57:04,repeat_random_model.py,"(1021, 9)",858,sequential_3400,Dense 16 -> 64 -> 64 -> 128 -> 32 -> 128 -> 1,mse,adam_3400,20,128,1.5911,25907.640625,5279.0537109375,5132.45849609375,0.25884826655703796,0.7
2026-09-04 16:57:06,repeat_random_model.py,"(1021, 9)",858,sequential_3401,Dense 16 -> 64 -> 64 -> 128 -> 32 -> 64 -> 1,mse,adam_3401,20,128,1.623,44187.2265625,5738.00634765625,5886.42236328125,0.1499721926554256,0.7
2026-09-04 16:57:07,repeat_random_model.py,"(1021, 9)",858,sequential_3402,Dense 16 -> 64 -> 64 -> 128 -> 32 -> 32 -> 1,mse,adam_3402,20,128,1.5266,41813.6015625,5910.13916015625,5822.1455078125,0.1592541823795025,0.7
2026-09-04 16:57:09,repeat_random_model.py,"(1021, 9)",858,sequential_3403,Dense 16 -> 64 -> 64 -> 128 -> 32 -> 16 -> 1,mse,adam_3403,20,128,1.5491,82733.6171875,6427.5703125,6123.408203125,0.1157503855637424,0.7
2026-09-04 16:57:11,repeat_random_model.py,"(1021, 9)",858,sequential_3404,Dense 16 -> 64 -> 64 -> 128 -> 16 -> 128 -> 1,mse,adam_3404,20,128,1.4864,13158.705078125,4910.83642578125,4201.626953125,0.39326486977060693,0.7
2026-09-04 16:57:13,repeat_random_model.py,"(1021, 9)",858,sequential_3405,Dense 16 -> 64 -> 64 -> 128 -> 16 -> 64 -> 1,mse,adam_3405,20,128,1.5014,45558.7265625,5884.0283203125,5535.83984375,0.20059804838599737,0.7
2026-09-04 16:57:15,repeat_random_model.py,"(1021, 9)",858,sequential_3406,Dense 16 -> 64 -> 64 -> 128 -> 16 -> 32 -> 1,mse,adam_3406,20,128,1.546,108703.953125,6180.10205078125,5856.0078125,0.15436424309137542,0.7
2026-09-04 16:57:16,repeat_random_model.py,"(1021, 9)",858,sequential_3407,Dense 16 -> 64 -> 64 -> 128 -> 16 -> 16 -> 1,mse,adam_3407,20,128,1.4953,92728.390625,6037.65234375,5685.5009765625,0.178986131756524,0.7
2026-09-04 16:57:18,repeat_random_model.py,"(1021, 9)",858,sequential_3408,Dense 16 -> 64 -> 64 -> 64 -> 128 -> 128 -> 1,mse,adam_3408,20,128,1.6935,142674.8125,6124.3125,5853.7744140625,0.15468680836046345,0.7
2026-09-04 16:57:20,repeat_random_model.py,"(1021, 9)",858,sequential_3409,Dense 16 -> 64 -> 64 -> 64 -> 128 -> 64 -> 1,mse,adam_3409,20,128,1.6798,38707.12109375,6228.259765625,5710.3232421875,0.1754017950204525,0.7
2026-09-04 16:57:22,repeat_random_model.py,"(1021, 9)",858,sequential_3410,Dense 16 -> 64 -> 64 -> 64 -> 128 -> 32 -> 1,mse,adam_3410,20,128,1.6505,71003.0,6556.93115234375,6641.314453125,0.04096205055078328,0.7
2026-09-04 16:57:24,repeat_random_model.py,"(1021, 9)",858,sequential_3411,Dense 16 -> 64 -> 64 -> 64 -> 128 -> 16 -> 1,mse,adam_3411,20,128,1.6525,55360.8515625,5659.236328125,5571.6884765625,0.19542136849156155,0.7
2026-09-04 16:57:26,repeat_random_model.py,"(1021, 9)",858,sequential_3412,Dense 16 -> 64 -> 64 -> 64 -> 64 -> 128 -> 1,mse,adam_3412,20,128,1.6609,70424.34375,6163.01318359375,5831.54931640625,0.15789624028517024,0.7
2026-09-04 16:57:28,repeat_random_model.py,"(1021, 9)",858,sequential_3413,Dense 16 -> 64 -> 64 -> 64 -> 64 -> 64 -> 1,mse,adam_3413,20,128,1.6295,39616.37109375,5706.33935546875,5494.8271484375,0.20652047455207756,0.7
2026-09-04 16:58:58,repeat_random_model.py,"(1021, 9)",858,sequential_3414,Dense 16 -> 64 -> 64 -> 64 -> 64 -> 32 -> 1,mse,adam_3414,20,128,1.9872,50278.5390625,5268.04541015625,5130.115234375,0.25918655983418426,0.7
2026-09-04 16:59:00,repeat_random_model.py,"(1021, 9)",858,sequential_3415,Dense 16 -> 64 -> 64 -> 64 -> 64 -> 16 -> 1,mse,adam_3415,20,128,1.9324,53749.7890625,5259.10498046875,5426.47900390625,0.2163901764265328,0.7
2026-09-04 16:59:02,repeat_random_model.py,"(1021, 9)",858,sequential_3416,Dense 16 -> 64 -> 64 -> 64 -> 32 -> 128 -> 1,mse,adam_3416,20,128,1.8601,58134.828125,6135.4423828125,5897.69189453125,0.1483448939752875,0.7
2026-09-04 16:59:04,repeat_random_model.py,"(1021, 9)",858,sequential_3417,Dense 16 -> 64 -> 64 -> 64 -> 32 -> 64 -> 1,mse,adam_3417,20,128,1.8304,153826.953125,6379.58984375,6108.958984375,0.11783682397996997,0.7
2026-09-04 16:59:06,repeat_random_model.py,"(1021, 9)",858,sequential_3418,Dense 16 -> 64 -> 64 -> 64 -> 32 -> 32 -> 1,mse,adam_3418,20,128,1.7801,66986.640625,5926.4091796875,5564.259765625,0.1964940831145493,0.7
2026-09-04 16:59:08,repeat_random_model.py,"(1021, 9)",858,sequential_3419,Dense 16 -> 64 -> 64 -> 64 -> 32 -> 16 -> 1,mse,adam_3419,20,128,1.7292,70019.1640625,6338.5458984375,5945.9912109375,0.14137006826221987,0.7
2026-09-04 16:59:11,repeat_random_model.py,"(1021, 9)",858,sequential_3420,Dense 16 -> 64 -> 64 -> 64 -> 16 -> 128 -> 1,mse,adam_3420,20,128,1.8444,24048.416015625,6039.228515625,5820.537109375,0.1594864260416975,0.7
2026-09-04 16:59:13,repeat_random_model.py,"(1021, 9)",858,sequential_3421,Dense 16 -> 64 -> 64 -> 64 -> 16 -> 64 -> 1,mse,adam_3421,20,128,1.7212,221342.015625,6612.8837890625,6337.15185546875,0.08488477720511467,0.7
2026-09-04 16:59:15,repeat_random_model.py,"(1021, 9)",858,sequential_3422,Dense 16 -> 64 -> 64 -> 64 -> 16 -> 32 -> 1,mse,adam_3422,20,128,1.7829,58690.33984375,6122.29931640625,5924.359375,0.14449381165987485,0.7
2026-09-04 16:59:17,repeat_random_model.py,"(1021, 9)",858,sequential_3423,Dense 16 -> 64 -> 64 -> 64 -> 16 -> 16 -> 1,mse,adam_3423,20,128,1.7168,40217.91015625,6452.29150390625,5888.92333984375,0.1496110317416275,0.7
2026-09-04 16:59:19,repeat_random_model.py,"(1021, 9)",858,sequential_3424,Dense 16 -> 64 -> 64 -> 32 -> 128 -> 128 -> 1,mse,adam_3424,20,128,2.0451,55149.58203125,6054.6708984375,5806.9453125,0.1614491183213107,0.7
2026-09-04 16:59:21,repeat_random_model.py,"(1021, 9)",858,sequential_3425,Dense 16 -> 64 -> 64 -> 32 -> 128 -> 64 -> 1,mse,adam_3425,20,128,1.878,26218.513671875,5509.44873046875,5449.50537109375,0.2130651257565368,0.7
2026-09-04 16:59:30,repeat_random_model.py,"(1021, 9)",858,sequential_3426,Dense 16 -> 64 -> 64 -> 32 -> 128 -> 32 -> 1,mse,adam_3426,20,128,7.0282,51876.48046875,6230.31103515625,6152.79736328125,0.1115063787845213,0.7
2026-09-04 16:59:43,repeat_random_model.py,"(1021, 9)",858,sequential_3427,Dense 16 -> 64 -> 64 -> 32 -> 128 -> 16 -> 1,mse,adam_3427,20,128,10.8552,27789.791015625,6069.18603515625,5841.765625,0.15642083879354174,0.7
2026-09-04 16:59:56,repeat_random_model.py,"(1021, 9)",858,sequential_3428,Dense 16 -> 64 -> 64 -> 32 -> 64 -> 128 -> 1,mse,adam_3428,20,128,11.7534,50859.20703125,6532.83837890625,6229.0146484375,0.10050017334700845,0.7
2026-09-04 17:00:10,repeat_random_model.py,"(1021, 9)",858,sequential_3429,Dense 16 -> 64 -> 64 -> 32 -> 64 -> 64 -> 1,mse,adam_3429,20,128,11.6986,21133.833984375,6272.92578125,6116.03271484375,0.1168153103768349,0.7
2026-09-04 17:00:23,repeat_random_model.py,"(1021, 9)",858,sequential_3430,Dense 16 -> 64 -> 64 -> 32 -> 64 -> 32 -> 1,mse,adam_3430,20,128,11.2005,51006.50390625,6115.8095703125,5873.62890625,0.1518196833324832,0.7
2026-09-04 17:00:38,repeat_random_model.py,"(1021, 9)",858,sequential_3431,Dense 16 -> 64 -> 64 -> 32 -> 64 -> 16 -> 1,mse,adam_3431,20,128,13.2896,24361.572265625,4903.68505859375,4593.1328125,0.33672946713226337,0.7
2026-09-04 17:00:56,repeat_random_model.py,"(1021, 9)",858,sequential_3432,Dense 16 -> 64 -> 64 -> 32 -> 32 -> 128 -> 1,mse,adam_3432,20,128,15.1245,27490.408203125,5452.17626953125,5551.76611328125,0.19829820264338105,0.7
2026-09-04 17:01:09,repeat_random_model.py,"(1021, 9)",858,sequential_3433,Dense 16 -> 64 -> 64 -> 32 -> 32 -> 64 -> 1,mse,adam_3433,20,128,10.8845,352671.59375,6121.5859375,5815.263671875,0.16024779384246945,0.7
2026-09-04 17:01:21,repeat_random_model.py,"(1021, 9)",858,sequential_3434,Dense 16 -> 64 -> 64 -> 32 -> 32 -> 32 -> 1,mse,adam_3434,20,128,11.1393,18336.240234375,4950.82763671875,4794.71923828125,0.30761944766700944,0.7
2026-09-04 17:01:36,repeat_random_model.py,"(1021, 9)",858,sequential_3435,Dense 16 -> 64 -> 64 -> 32 -> 32 -> 16 -> 1,mse,adam_3435,20,128,12.6816,130023.2265625,6491.021484375,6142.1396484375,0.11304537006481552,0.7
2026-09-04 17:01:51,repeat_random_model.py,"(1021, 9)",858,sequential_3436,Dense 16 -> 64 -> 64 -> 32 -> 16 -> 128 -> 1,mse,adam_3436,20,128,12.9022,10546.685546875,6034.0107421875,5890.9931640625,0.14931221202661238,0.7
2026-09-04 17:01:54,repeat_random_model.py,"(1021, 9)",858,sequential_3437,Dense 16 -> 64 -> 64 -> 32 -> 16 -> 64 -> 1,mse,adam_3437,20,128,2.9689,46413.5390625,6424.05224609375,6151.111328125,0.1117499145108195,0.7
2026-09-04 17:01:56,repeat_random_model.py,"(1021, 9)",858,sequential_3438,Dense 16 -> 64 -> 64 -> 32 -> 16 -> 32 -> 1,mse,adam_3438,20,128,1.6957,17338.783203125,6165.5185546875,6187.986328125,0.10642475762885462,0.7
2026-09-04 17:01:58,repeat_random_model.py,"(1021, 9)",858,sequential_3439,Dense 16 -> 64 -> 64 -> 32 -> 16 -> 16 -> 1,mse,adam_3439,20,128,1.6716,195929.921875,6767.4384765625,6561.88037109375,0.05243284050050334,0.7
2026-09-04 17:02:01,repeat_random_model.py,"(1021, 9)",858,sequential_3440,Dense 16 -> 64 -> 64 -> 16 -> 128 -> 128 -> 1,mse,adam_3440,20,128,1.9555,15905.642578125,4617.15771484375,4426.87353515625,0.36073809082643116,0.7
2026-09-04 17:02:09,repeat_random_model.py,"(1021, 9)",858,sequential_3441,Dense 16 -> 64 -> 64 -> 16 -> 128 -> 64 -> 1,mse,adam_3441,20,128,7.6328,45357.9140625,6119.90185546875,5846.74462890625,0.15570183719842579,0.7
2026-09-04 17:02:11,repeat_random_model.py,"(1021, 9)",858,sequential_3442,Dense 16 -> 64 -> 64 -> 16 -> 128 -> 32 -> 1,mse,adam_3442,20,128,1.7642,30366.875,6125.3125,5950.22998046875,0.14075796844510224,0.7
2026-09-04 17:02:13,repeat_random_model.py,"(1021, 9)",858,sequential_3443,Dense 16 -> 64 -> 64 -> 16 -> 128 -> 16 -> 1,mse,adam_3443,20,128,1.7931,24705.658203125,6060.56591796875,5826.62939453125,0.15860649541145122,0.7
2026-09-04 17:02:15,repeat_random_model.py,"(1021, 9)",858,sequential_3444,Dense 16 -> 64 -> 64 -> 16 -> 64 -> 128 -> 1,mse,adam_3444,20,128,1.844,26282.95703125,6200.3955078125,5961.59716796875,0.13911662349252174,0.7
2026-09-04 17:02:17,repeat_random_model.py,"(1021, 9)",858,sequential_3445,Dense 16 -> 64 -> 64 -> 16 -> 64 -> 64 -> 1,mse,adam_3445,20,128,1.7483,39755.22265625,5786.08447265625,5496.255859375,0.2063141341910648,0.7
2026-09-04 17:02:19,repeat_random_model.py,"(1021, 9)",858,sequential_3446,Dense 16 -> 64 -> 64 -> 16 -> 64 -> 32 -> 1,mse,adam_3446,20,128,1.7416,124055.2734375,6391.453125,6099.4462890625,0.11921054020978339,0.7
2026-09-04 17:02:21,repeat_random_model.py,"(1021, 9)",858,sequential_3447,Dense 16 -> 64 -> 64 -> 16 -> 64 -> 16 -> 1,mse,adam_3447,20,128,1.7107,13693.12109375,5511.44873046875,5304.94189453125,0.23394072123222642,0.7
2026-09-04 17:02:23,repeat_random_model.py,"(1021, 9)",858,sequential_3448,Dense 16 -> 64 -> 64 -> 16 -> 32 -> 128 -> 1,mse,adam_3448,20,128,1.7548,31034.4609375,5747.1083984375,5550.84228515625,0.1984315253187997,0.7
2026-09-04 17:02:25,repeat_random_model.py,"(1021, 9)",858,sequential_3449,Dense 16 -> 64 -> 64 -> 16 -> 32 -> 64 -> 1,mse,adam_3449,20,128,1.6816,48704.82421875,6015.81787109375,5826.9697265625,0.1585573977177468,0.7
2026-09-04 17:02:27,repeat_random_model.py,"(1021, 9)",858,sequential_3450,Dense 16 -> 64 -> 64 -> 16 -> 32 -> 32 -> 1,mse,adam_3450,20,128,1.5547,51498.375,5559.12158203125,5393.3388671875,0.2211758340054073,0.7
2026-09-04 17:02:29,repeat_random_model.py,"(1021, 9)",858,sequential_3451,Dense 16 -> 64 -> 64 -> 16 -> 32 -> 16 -> 1,mse,adam_3451,20,128,1.6172,41476.6640625,5812.22509765625,5633.3818359375,0.18651244462832595,0.7
2026-09-04 17:02:31,repeat_random_model.py,"(1021, 9)",858,sequential_3452,Dense 16 -> 64 -> 64 -> 16 -> 16 -> 128 -> 1,mse,adam_3452,20,128,1.7528,37620.125,6035.46826171875,5835.283203125,0.15735692488302833,0.7
2026-09-04 17:02:33,repeat_random_model.py,"(1021, 9)",858,sequential_3453,Dense 16 -> 64 -> 64 -> 16 -> 16 -> 64 -> 1,mse,adam_3453,20,128,1.6381,27589.298828125,5674.41259765625,5392.35400390625,0.22131809032405836,0.7
2026-09-04 17:02:35,repeat_random_model.py,"(1021, 9)",858,sequential_3454,Dense 16 -> 64 -> 64 -> 16 -> 16 -> 32 -> 1,mse,adam_3454,20,128,1.7057,117679.9921875,6291.62548828125,6058.4892578125,0.12512493794895507,0.7
2026-09-04 17:02:37,repeat_random_model.py,"(1021, 9)",858,sequential_3455,Dense 16 -> 64 -> 64 -> 16 -> 16 -> 16 -> 1,mse,adam_3455,20,128,1.6352,50933.49609375,6266.583984375,5995.6708984375,0.13419625154945558,0.7
2026-09-04 17:02:39,repeat_random_model.py,"(1021, 9)",858,sequential_3456,Dense 16 -> 64 -> 32 -> 128 -> 128 -> 128 -> 1,mse,adam_3456,20,128,2.0888,144525.03125,6260.2314453125,6092.20263671875,0.12025652301773682,0.7
2026-09-04 17:02:41,repeat_random_model.py,"(1021, 9)",858,sequential_3457,Dense 16 -> 64 -> 32 -> 128 -> 128 -> 64 -> 1,mse,adam_3457,20,128,1.9369,83068.703125,5261.78076171875,4938.27685546875,0.286888985947229,0.7
2026-09-04 17:02:44,repeat_random_model.py,"(1021, 9)",858,sequential_3458,Dense 16 -> 64 -> 32 -> 128 -> 128 -> 32 -> 1,mse,adam_3458,20,128,1.9999,50290.33984375,5371.15625,4599.96240234375,0.3357432442922753,0.7
2026-09-04 17:02:46,repeat_random_model.py,"(1021, 9)",858,sequential_3459,Dense 16 -> 64 -> 32 -> 128 -> 128 -> 16 -> 1,mse,adam_3459,20,128,1.9354,75321.2421875,5949.5498046875,5607.1708984375,0.19029742544758277,0.7
2026-09-04 17:02:48,repeat_random_model.py,"(1021, 9)",858,sequential_3460,Dense 16 -> 64 -> 32 -> 128 -> 64 -> 128 -> 1,mse,adam_3460,20,128,1.7499,39904.94921875,6112.79443359375,5678.9599609375,0.1799307654424096,0.7
2026-09-04 17:02:50,repeat_random_model.py,"(1021, 9)",858,sequential_3461,Dense 16 -> 64 -> 32 -> 128 -> 64 -> 64 -> 1,mse,adam_3461,20,128,1.6366,57238.9375,6154.5546875,5946.705078125,0.1412671912244755,0.7
2026-09-04 17:02:52,repeat_random_model.py,"(1021, 9)",858,sequential_3462,Dense 16 -> 64 -> 32 -> 128 -> 64 -> 32 -> 1,mse,adam_3462,20,128,1.7725,29479.85546875,5460.9833984375,5052.3896484375,0.270410557484289,0.7
2026-09-04 17:02:54,repeat_random_model.py,"(1021, 9)",858,sequential_3463,Dense 16 -> 64 -> 32 -> 128 -> 64 -> 16 -> 1,mse,adam_3463,20,128,1.7532,39195.53125,5633.13232421875,5419.2041015625,0.2174407703201635,0.7
2026-09-04 17:02:56,repeat_random_model.py,"(1021, 9)",858,sequential_3464,Dense 16 -> 64 -> 32 -> 128 -> 32 -> 128 -> 1,mse,adam_3464,20,128,1.8041,34173.91796875,5995.6787109375,5762.78125,0.16782648386510168,0.7
2026-09-04 17:02:58,repeat_random_model.py,"(1021, 9)",858,sequential_3465,Dense 16 -> 64 -> 32 -> 128 -> 32 -> 64 -> 1,mse,adam_3465,20,128,1.8264,67041.1640625,5876.43017578125,5633.4892578125,0.18649698924346203,0.7
2026-09-04 17:03:00,repeat_random_model.py,"(1021, 9)",858,sequential_3466,Dense 16 -> 64 -> 32 -> 128 -> 32 -> 32 -> 1,mse,adam_3466,20,128,1.7428,53231.8671875,5960.48974609375,5793.54638671875,0.16338393698720877,0.7
2026-09-04 17:03:02,repeat_random_model.py,"(1021, 9)",858,sequential_3467,Dense 16 -> 64 -> 32 -> 128 -> 32 -> 16 -> 1,mse,adam_3467,20,128,1.9063,217809.734375,6291.203125,6091.3369140625,0.12038164716585498,0.7
2026-09-04 17:03:04,repeat_random_model.py,"(1021, 9)",858,sequential_3468,Dense 16 -> 64 -> 32 -> 128 -> 16 -> 128 -> 1,mse,adam_3468,20,128,1.7416,10751.94140625,5795.52294921875,5225.65625,0.24538991474574912,0.7
2026-09-04 17:03:07,repeat_random_model.py,"(1021, 9)",858,sequential_3469,Dense 16 -> 64 -> 32 -> 128 -> 16 -> 64 -> 1,mse,adam_3469,20,128,1.7496,17129.19140625,6235.85546875,5915.80419921875,0.1457292915804287,0.7
2026-09-04 17:03:24,repeat_random_model.py,"(1021, 9)",858,sequential_3470,Dense 16 -> 64 -> 32 -> 128 -> 16 -> 32 -> 1,mse,adam_3470,20,128,17.0389,24316.68359375,5148.40966796875,4877.89111328125,0.2956090685742354,0.7
2026-09-04 17:03:26,repeat_random_model.py,"(1021, 9)",858,sequential_3471,Dense 16 -> 64 -> 32 -> 128 -> 16 -> 16 -> 1,mse,adam_3471,20,128,1.8856,34492.91015625,5937.55517578125,5585.431640625,0.19343673232966296,0.7
2026-09-04 17:03:28,repeat_random_model.py,"(1021, 9)",858,sequential_3472,Dense 16 -> 64 -> 32 -> 64 -> 128 -> 128 -> 1,mse,adam_3472,20,128,1.9757,141554.015625,6417.8974609375,6116.09375,0.1168066006522539,0.7
2026-09-04 17:03:31,repeat_random_model.py,"(1021, 9)",858,sequential_3473,Dense 16 -> 64 -> 32 -> 64 -> 128 -> 64 -> 1,mse,adam_3473,20,128,1.8685,72929.203125,6229.720703125,5755.212890625,0.16891949889708446,0.7
2026-09-04 17:03:33,repeat_random_model.py,"(1021, 9)",858,sequential_3474,Dense 16 -> 64 -> 32 -> 64 -> 128 -> 32 -> 1,mse,adam_3474,20,128,1.8952,39418.79296875,5842.2978515625,5591.046875,0.1926257442404874,0.7
2026-09-04 17:03:35,repeat_random_model.py,"(1021, 9)",858,sequential_3475,Dense 16 -> 64 -> 32 -> 64 -> 128 -> 16 -> 1,mse,adam_3475,20,128,1.9059,89128.7734375,6122.8095703125,6489.5458984375,0.0628782895248522,0.7
2026-09-04 17:03:37,repeat_random_model.py,"(1021, 9)",858,sequential_3476,Dense 16 -> 64 -> 32 -> 64 -> 64 -> 128 -> 1,mse,adam_3476,20,128,1.8991,44051.48828125,5984.89794921875,5781.763671875,0.16508549947094986,0.7
2026-09-04 17:03:40,repeat_random_model.py,"(1021, 9)",858,sequential_3477,Dense 16 -> 64 -> 32 -> 64 -> 64 -> 64 -> 1,mse,adam_3477,20,128,1.8804,36676.77734375,6057.12841796875,6129.92333984375,0.11480956314025947,0.7
2026-09-04 17:03:42,repeat_random_model.py,"(1021, 9)",858,sequential_3478,Dense 16 -> 64 -> 32 -> 64 -> 64 -> 32 -> 1,mse,adam_3478,20,128,1.8137,40327.86328125,5747.4775390625,5439.3076171875,0.21453771551887335,0.7
2026-09-04 17:03:44,repeat_random_model.py,"(1021, 9)",858,sequential_3479,Dense 16 -> 64 -> 32 -> 64 -> 64 -> 16 -> 1,mse,adam_3479,20,128,1.6764,48906.32421875,5934.994140625,5285.240234375,0.2367857907172649,0.7
2026-09-04 17:03:46,repeat_random_model.py,"(1021, 9)",858,sequential_3480,Dense 16 -> 64 -> 32 -> 64 -> 32 -> 128 -> 1,mse,adam_3480,20,128,1.919,128541.1953125,6439.24365234375,6179.9755859375,0.10758169833546771,0.7
2026-09-04 17:03:48,repeat_random_model.py,"(1021, 9)",858,sequential_3481,Dense 16 -> 64 -> 32 -> 64 -> 32 -> 64 -> 1,mse,adam_3481,20,128,1.7368,16465.505859375,5841.5166015625,5529.3515625,0.20153488725932833,0.7
2026-09-04 17:03:50,repeat_random_model.py,"(1021, 9)",858,sequential_3482,Dense 16 -> 64 -> 32 -> 64 -> 32 -> 32 -> 1,mse,adam_3482,20,128,1.8444,65592.8359375,5983.44677734375,5885.9228515625,0.1500442982204857,0.7
2026-09-04 17:03:52,repeat_random_model.py,"(1021, 9)",858,sequential_3483,Dense 16 -> 64 -> 32 -> 64 -> 32 -> 16 -> 1,mse,adam_3483,20,128,1.8166,30893.439453125,6048.8408203125,5766.41796875,0.16730149405044625,0.7
2026-09-04 17:03:55,repeat_random_model.py,"(1021, 9)",858,sequential_3484,Dense 16 -> 64 -> 32 -> 64 -> 16 -> 128 -> 1,mse,adam_3484,20,128,2.1126,16048.5078125,6058.98876953125,5840.98974609375,0.1565329178440914,0.7
2026-09-04 17:03:57,repeat_random_model.py,"(1021, 9)",858,sequential_3485,Dense 16 -> 64 -> 32 -> 64 -> 16 -> 64 -> 1,mse,adam_3485,20,128,1.8988,18900.439453125,5787.36962890625,5478.49609375,0.20887880132526337,0.7
2026-09-04 17:03:59,repeat_random_model.py,"(1021, 9)",858,sequential_3486,Dense 16 -> 64 -> 32 -> 64 -> 16 -> 32 -> 1,mse,adam_3486,20,128,1.8407,13429.0341796875,5615.73095703125,5372.1904296875,0.2242296885888806,0.7
2026-09-04 17:04:01,repeat_random_model.py,"(1021, 9)",858,sequential_3487,Dense 16 -> 64 -> 32 -> 64 -> 16 -> 16 -> 1,mse,adam_3487,20,128,1.8713,24474.0859375,5964.98876953125,5598.9892578125,0.1914789258143862,0.7
2026-09-04 17:04:04,repeat_random_model.py,"(1021, 9)",858,sequential_3488,Dense 16 -> 64 -> 32 -> 32 -> 128 -> 128 -> 1,mse,adam_3488,20,128,2.1555,43920.015625,6126.04248046875,5940.134765625,0.14221588202921587,0.7
2026-09-04 17:04:06,repeat_random_model.py,"(1021, 9)",858,sequential_3489,Dense 16 -> 64 -> 32 -> 32 -> 128 -> 64 -> 1,mse,adam_3489,20,128,1.9359,21266.2734375,4237.080078125,4340.63916015625,0.3731907700638244,0.7
2026-09-04 17:04:08,repeat_random_model.py,"(1021, 9)",858,sequential_3490,Dense 16 -> 64 -> 32 -> 32 -> 128 -> 32 -> 1,mse,adam_3490,20,128,1.8905,82681.234375,5935.06103515625,5746.7373046875,0.17014344229204947,0.7
2026-09-04 17:04:10,repeat_random_model.py,"(1021, 9)",858,sequential_3491,Dense 16 -> 64 -> 32 -> 32 -> 128 -> 16 -> 1,mse,adam_3491,20,128,1.8441,69964.3515625,6044.9638671875,5998.84423828125,0.13373800673349,0.7
2026-09-04 17:04:13,repeat_random_model.py,"(1021, 9)",858,sequential_3492,Dense 16 -> 64 -> 32 -> 32 -> 64 -> 128 -> 1,mse,adam_3492,20,128,1.8562,20415.837890625,5964.6337890625,5628.51806640625,0.18721476868783438,0.7
2026-09-04 17:04:15,repeat_random_model.py,"(1021, 9)",858,sequential_3493,Dense 16 -> 64 -> 32 -> 32 -> 64 -> 64 -> 1,mse,adam_3493,20,128,1.6909,22844.19140625,5352.125,4849.744140625,0.2996735485765055,0.7
2026-09-04 17:04:17,repeat_random_model.py,"(1021, 9)",858,sequential_3494,Dense 16 -> 64 -> 32 -> 32 -> 64 -> 32 -> 1,mse,adam_3494,20,128,1.7769,13710.578125,4471.0,3959.450927734375,0.4282361127213914,0.7
2026-09-04 17:04:19,repeat_random_model.py,"(1021, 9)",858,sequential_3495,Dense 16 -> 64 -> 32 -> 32 -> 64 -> 16 -> 1,mse,adam_3495,20,128,1.7994,65940.96875,6162.703125,5834.8974609375,0.15741272243204307,0.7
2026-09-04 17:04:21,repeat_random_model.py,"(1021, 9)",858,sequential_3496,Dense 16 -> 64 -> 32 -> 32 -> 32 -> 128 -> 1,mse,adam_3496,20,128,1.8506,39453.171875,6145.63232421875,5933.794921875,0.14313135132277555,0.7
2026-09-04 17:04:23,repeat_random_model.py,"(1021, 9)",858,sequential_3497,Dense 16 -> 64 -> 32 -> 32 -> 32 -> 64 -> 1,mse,adam_3497,20,128,1.7081,22674.849609375,6129.0146484375,6218.2939453125,0.10204826186300331,0.7
2026-09-04 17:04:25,repeat_random_model.py,"(1021, 9)",858,sequential_3498,Dense 16 -> 64 -> 32 -> 32 -> 32 -> 32 -> 1,mse,adam_3498,20,128,1.7194,58866.296875,6077.681640625,5893.8447265625,0.1489002957207627,0.7
2026-09-04 17:04:27,repeat_random_model.py,"(1021, 9)",858,sequential_3499,Dense 16 -> 64 -> 32 -> 32 -> 32 -> 16 -> 1,mse,adam_3499,20,128,1.6685,198649.609375,6699.67919921875,6296.8349609375,0.09070661491336163,0.7
2026-09-04 17:04:29,repeat_random_model.py,"(1021, 9)",858,sequential_3500,Dense 16 -> 64 -> 32 -> 32 -> 16 -> 128 -> 1,mse,adam_3500,20,128,1.7627,15924.576171875,6333.5498046875,6108.205078125,0.11794572805424963,0.7
2026-09-04 17:04:31,repeat_random_model.py,"(1021, 9)",858,sequential_3501,Dense 16 -> 64 -> 32 -> 32 -> 16 -> 64 -> 1,mse,adam_3501,20,128,1.707,21652.560546875,6083.84326171875,5836.8076171875,0.1571369190607408,0.7
2026-09-04 17:04:33,repeat_random_model.py,"(1021, 9)",858,sequential_3502,Dense 16 -> 64 -> 32 -> 32 -> 16 -> 32 -> 1,mse,adam_3502,20,128,1.688,113603.2265625,6229.1796875,5961.783203125,0.1390897735674379,0.7
2026-09-04 17:04:35,repeat_random_model.py,"(1021, 9)",858,sequential_3503,Dense 16 -> 64 -> 32 -> 32 -> 16 -> 16 -> 1,mse,adam_3503,20,128,1.8059,86635.46875,6306.31494140625,6049.42431640625,0.12643406689728454,0.7
2026-09-04 17:04:37,repeat_random_model.py,"(1021, 9)",858,sequential_3504,Dense 16 -> 64 -> 32 -> 16 -> 128 -> 128 -> 1,mse,adam_3504,20,128,1.9792,61387.75390625,6379.162109375,6089.8779296875,0.12059219993570469,0.7
2026-09-04 17:04:40,repeat_random_model.py,"(1021, 9)",858,sequential_3505,Dense 16 -> 64 -> 32 -> 16 -> 128 -> 64 -> 1,mse,adam_3505,20,128,1.8204,36172.7890625,6212.0966796875,5670.7470703125,0.18111670058814,0.7
2026-09-04 17:04:42,repeat_random_model.py,"(1021, 9)",858,sequential_3506,Dense 16 -> 64 -> 32 -> 16 -> 128 -> 32 -> 1,mse,adam_3506,20,128,1.854,19182.611328125,5674.3037109375,5123.2060546875,0.26018431350285454,0.7
2026-09-04 17:04:44,repeat_random_model.py,"(1021, 9)",858,sequential_3507,Dense 16 -> 64 -> 32 -> 16 -> 128 -> 16 -> 1,mse,adam_3507,20,128,1.7799,83592.296875,6482.671875,6145.09033203125,0.11261931977815598,0.7
2026-09-04 17:04:46,repeat_random_model.py,"(1021, 9)",858,sequential_3508,Dense 16 -> 64 -> 32 -> 16 -> 64 -> 128 -> 1,mse,adam_3508,20,128,1.6699,25752.4453125,5798.3330078125,5390.40673828125,0.22159922569506418,0.7
2026-09-04 17:04:48,repeat_random_model.py,"(1021, 9)",858,sequential_3509,Dense 16 -> 64 -> 32 -> 16 -> 64 -> 64 -> 1,mse,adam_3509,20,128,1.6342,65452.19921875,6624.408203125,6299.55859375,0.09031342489431826,0.7
2026-09-04 17:04:50,repeat_random_model.py,"(1021, 9)",858,sequential_3510,Dense 16 -> 64 -> 32 -> 16 -> 64 -> 32 -> 1,mse,adam_3510,20,128,1.6941,402198.46875,6337.7333984375,6086.470703125,0.12108423123357681,0.7
2026-09-04 17:04:52,repeat_random_model.py,"(1021, 9)",858,sequential_3511,Dense 16 -> 64 -> 32 -> 16 -> 64 -> 16 -> 1,mse,adam_3511,20,128,1.6877,23530.68359375,5883.60498046875,5627.55322265625,0.1873542782066825,0.7
2026-09-04 17:04:54,repeat_random_model.py,"(1021, 9)",858,sequential_3512,Dense 16 -> 64 -> 32 -> 16 -> 32 -> 128 -> 1,mse,adam_3512,20,128,1.6318,15553.1455078125,5944.82275390625,5567.42578125,0.1960368792856526,0.7
2026-09-04 17:04:55,repeat_random_model.py,"(1021, 9)",858,sequential_3513,Dense 16 -> 64 -> 32 -> 16 -> 32 -> 64 -> 1,mse,adam_3513,20,128,1.6525,132333.5,6289.9921875,6025.66943359375,0.12986425051942652,0.7
2026-09-04 17:04:57,repeat_random_model.py,"(1021, 9)",858,sequential_3514,Dense 16 -> 64 -> 32 -> 16 -> 32 -> 32 -> 1,mse,adam_3514,20,128,1.619,19239.78125,5542.677734375,5287.7734375,0.23641998317860768,0.7
2026-09-04 17:04:59,repeat_random_model.py,"(1021, 9)",858,sequential_3515,Dense 16 -> 64 -> 32 -> 16 -> 32 -> 16 -> 1,mse,adam_3515,20,128,1.694,24575.05078125,5541.69921875,5238.73291015625,0.24350177324262234,0.7
2026-09-04 17:05:01,repeat_random_model.py,"(1021, 9)",858,sequential_3516,Dense 16 -> 64 -> 32 -> 16 -> 16 -> 128 -> 1,mse,adam_3516,20,128,1.7199,14667.4189453125,5640.77978515625,5287.119140625,0.23651442263796585,0.7
2026-09-04 17:05:03,repeat_random_model.py,"(1021, 9)",858,sequential_3517,Dense 16 -> 64 -> 32 -> 16 -> 16 -> 64 -> 1,mse,adam_3517,20,128,1.634,23307.087890625,5747.70654296875,5569.41455078125,0.19574972151151426,0.7
2026-09-04 17:05:05,repeat_random_model.py,"(1021, 9)",858,sequential_3518,Dense 16 -> 64 -> 32 -> 16 -> 16 -> 32 -> 1,mse,adam_3518,20,128,1.5792,28871.859375,6151.13037109375,5963.81982421875,0.13879563297251196,0.7
2026-09-04 17:05:07,repeat_random_model.py,"(1021, 9)",858,sequential_3519,Dense 16 -> 64 -> 32 -> 16 -> 16 -> 16 -> 1,mse,adam_3519,20,128,1.5939,26937.509765625,6151.94140625,5863.94189453125,0.1532185233103509,0.7
2026-09-04 17:05:09,repeat_random_model.py,"(1021, 9)",858,sequential_3520,Dense 16 -> 64 -> 16 -> 128 -> 128 -> 128 -> 1,mse,adam_3520,20,128,1.9353,100497.6484375,6039.18212890625,5821.06640625,0.1594098440943419,0.7
2026-09-04 17:05:11,repeat_random_model.py,"(1021, 9)",858,sequential_3521,Dense 16 -> 64 -> 16 -> 128 -> 128 -> 64 -> 1,mse,adam_3521,20,128,1.7899,83859.984375,5646.6650390625,5384.3466796875,0.2224745175249888,0.7
2026-09-04 17:05:13,repeat_random_model.py,"(1021, 9)",858,sequential_3522,Dense 16 -> 64 -> 16 -> 128 -> 128 -> 32 -> 1,mse,adam_3522,20,128,1.7566,29757.26171875,4557.4013671875,4831.37109375,0.3023267266248105,0.7
2026-09-04 17:05:15,repeat_random_model.py,"(1021, 9)",858,sequential_3523,Dense 16 -> 64 -> 16 -> 128 -> 128 -> 16 -> 1,mse,adam_3523,20,128,1.7885,27574.384765625,5839.681640625,5656.13427734375,0.1832269427168911,0.7
2026-09-04 17:05:17,repeat_random_model.py,"(1021, 9)",858,sequential_3524,Dense 16 -> 64 -> 16 -> 128 -> 64 -> 128 -> 1,mse,adam_3524,20,128,1.8267,18178.634765625,4863.90625,4880.630859375,0.29521338085171056,0.7
2026-09-04 17:05:20,repeat_random_model.py,"(1021, 9)",858,sequential_3525,Dense 16 -> 64 -> 16 -> 128 -> 64 -> 64 -> 1,mse,adam_3525,20,128,1.8497,16664.890625,4723.6103515625,4082.0791015625,0.4105280921938015,0.7
2026-09-04 17:05:22,repeat_random_model.py,"(1021, 9)",858,sequential_3526,Dense 16 -> 64 -> 16 -> 128 -> 64 -> 32 -> 1,mse,adam_3526,20,128,1.7222,54844.04296875,5349.4716796875,4940.4853515625,0.28657018654950317,0.7
2026-09-04 17:05:23,repeat_random_model.py,"(1021, 9)",858,sequential_3527,Dense 16 -> 64 -> 16 -> 128 -> 64 -> 16 -> 1,mse,adam_3527,20,128,1.6514,33357.328125,5691.9326171875,5474.11083984375,0.20951200236592005,0.7
2026-09-04 17:05:25,repeat_random_model.py,"(1021, 9)",858,sequential_3528,Dense 16 -> 64 -> 16 -> 128 -> 32 -> 128 -> 1,mse,adam_3528,20,128,1.7203,34792.53125,6351.24365234375,5999.9638671875,0.13357626205546347,0.7
2026-09-04 17:05:27,repeat_random_model.py,"(1021, 9)",858,sequential_3529,Dense 16 -> 64 -> 16 -> 128 -> 32 -> 64 -> 1,mse,adam_3529,20,128,1.6354,37279.44921875,5938.5576171875,5675.9775390625,0.18036144548713062,0.7
2026-09-04 17:05:29,repeat_random_model.py,"(1021, 9)",858,sequential_3530,Dense 16 -> 64 -> 16 -> 128 -> 32 -> 32 -> 1,mse,adam_3530,20,128,1.6001,21117.0859375,4513.5185546875,4316.59716796875,0.37666251216992497,0.7
2026-09-04 17:05:31,repeat_random_model.py,"(1021, 9)",858,sequential_3531,Dense 16 -> 64 -> 16 -> 128 -> 32 -> 16 -> 1,mse,adam_3531,20,128,1.6674,19692.046875,5561.1337890625,5385.470703125,0.22231206177346596,0.7
2026-09-04 17:05:33,repeat_random_model.py,"(1021, 9)",858,sequential_3532,Dense 16 -> 64 -> 16 -> 128 -> 16 -> 128 -> 1,mse,adam_3532,20,128,1.6613,10156.3515625,5198.01806640625,4868.09521484375,0.29702356911707695,0.7
2026-09-04 17:05:35,repeat_random_model.py,"(1021, 9)",858,sequential_3533,Dense 16 -> 64 -> 16 -> 128 -> 16 -> 64 -> 1,mse,adam_3533,20,128,1.7357,77198.015625,6526.62548828125,6168.34423828125,0.10926137293626192,0.7
2026-09-04 17:05:37,repeat_random_model.py,"(1021, 9)",858,sequential_3534,Dense 16 -> 64 -> 16 -> 128 -> 16 -> 32 -> 1,mse,adam_3534,20,128,1.7583,21605.8359375,6020.98779296875,5721.109375,0.17384417810319763,0.7
2026-09-04 17:05:39,repeat_random_model.py,"(1021, 9)",858,sequential_3535,Dense 16 -> 64 -> 16 -> 128 -> 16 -> 16 -> 1,mse,adam_3535,20,128,1.7021,14120.98828125,5793.2431640625,5548.197265625,0.1988135931094016,0.7
2026-09-04 17:05:41,repeat_random_model.py,"(1021, 9)",858,sequential_3536,Dense 16 -> 64 -> 16 -> 64 -> 128 -> 128 -> 1,mse,adam_3536,20,128,1.7472,63369.890625,6107.27978515625,6087.767578125,0.12089694912303672,0.7
2026-09-04 17:05:43,repeat_random_model.py,"(1021, 9)",858,sequential_3537,Dense 16 -> 64 -> 16 -> 64 -> 128 -> 64 -> 1,mse,adam_3537,20,128,1.7049,51530.42578125,6072.4736328125,5956.205078125,0.13989531430838442,0.7
2026-09-04 17:05:45,repeat_random_model.py,"(1021, 9)",858,sequential_3538,Dense 16 -> 64 -> 16 -> 64 -> 128 -> 32 -> 1,mse,adam_3538,20,128,1.7268,28256.216796875,5572.40087890625,5373.66943359375,0.22401615560670862,0.7
2026-09-04 17:05:47,repeat_random_model.py,"(1021, 9)",858,sequential_3539,Dense 16 -> 64 -> 16 -> 64 -> 128 -> 16 -> 1,mse,adam_3539,20,128,1.6943,46160.1796875,5101.97314453125,4792.59765625,0.30792580713603324,0.7
2026-09-04 17:05:50,repeat_random_model.py,"(1021, 9)",858,sequential_3540,Dense 16 -> 64 -> 16 -> 64 -> 64 -> 128 -> 1,mse,adam_3540,20,128,1.8079,21167.5703125,5908.83349609375,5656.2431640625,0.18321116659843728,0.7
2026-09-04 17:05:52,repeat_random_model.py,"(1021, 9)",858,sequential_3541,Dense 16 -> 64 -> 16 -> 64 -> 64 -> 64 -> 1,mse,adam_3541,20,128,1.6641,34281.70703125,6312.3154296875,6047.5234375,0.12670836062404656,0.7
2026-09-04 17:05:53,repeat_random_model.py,"(1021, 9)",858,sequential_3542,Dense 16 -> 64 -> 16 -> 64 -> 64 -> 32 -> 1,mse,adam_3542,20,128,1.6216,39404.31640625,6002.34716796875,5581.5615234375,0.19399568523212118,0.7
2026-09-04 17:05:55,repeat_random_model.py,"(1021, 9)",858,sequential_3543,Dense 16 -> 64 -> 16 -> 64 -> 64 -> 16 -> 1,mse,adam_3543,20,128,1.6437,15389.4541015625,4753.6162109375,4465.18212890625,0.35520611922084744,0.7
2026-09-04 17:05:57,repeat_random_model.py,"(1021, 9)",858,sequential_3544,Dense 16 -> 64 -> 16 -> 64 -> 32 -> 128 -> 1,mse,adam_3544,20,128,1.6355,11059.4638671875,5993.44287109375,5641.171875,0.18538755768025061,0.7
2026-09-04 17:05:59,repeat_random_model.py,"(1021, 9)",858,sequential_3545,Dense 16 -> 64 -> 16 -> 64 -> 32 -> 64 -> 1,mse,adam_3545,20,128,1.6721,19304.03125,5900.27880859375,5611.37109375,0.18969106633303456,0.7
2026-09-04 17:06:01,repeat_random_model.py,"(1021, 9)",858,sequential_3546,Dense 16 -> 64 -> 16 -> 64 -> 32 -> 32 -> 1,mse,adam_3546,20,128,1.7001,45238.92578125,6701.72705078125,7117.873046875,-0.027855224781207166,0.7
2026-09-04 17:06:03,repeat_random_model.py,"(1021, 9)",858,sequential_3547,Dense 16 -> 64 -> 16 -> 64 -> 32 -> 16 -> 1,mse,adam_3547,20,128,1.7221,19861.689453125,5768.2802734375,5518.02978515625,0.20316998423978494,0.7
2026-09-04 17:06:05,repeat_random_model.py,"(1021, 9)",858,sequential_3548,Dense 16 -> 64 -> 16 -> 64 -> 16 -> 128 -> 1,mse,adam_3548,20,128,1.7579,9526.109375,4394.3857421875,3947.712890625,0.4299311891519171,0.7
2026-09-04 17:06:07,repeat_random_model.py,"(1021, 9)",858,sequential_3549,Dense 16 -> 64 -> 16 -> 64 -> 16 -> 64 -> 1,mse,adam_3549,20,128,1.6776,17075.005859375,5861.0244140625,5664.490234375,0.18202021620291342,0.7
2026-09-04 17:06:09,repeat_random_model.py,"(1021, 9)",858,sequential_3550,Dense 16 -> 64 -> 16 -> 64 -> 16 -> 32 -> 1,mse,adam_3550,20,128,1.6695,27981.84765625,6161.39111328125,5734.6279296875,0.1718921606563263,0.7
2026-09-04 17:06:11,repeat_random_model.py,"(1021, 9)",858,sequential_3551,Dense 16 -> 64 -> 16 -> 64 -> 16 -> 16 -> 1,mse,adam_3551,20,128,1.7681,20959.064453125,5667.28125,6352.31689453125,0.08269485844988778,0.7
2026-09-04 17:06:13,repeat_random_model.py,"(1021, 9)",858,sequential_3552,Dense 16 -> 64 -> 16 -> 32 -> 128 -> 128 -> 1,mse,adam_3552,20,128,1.6723,48309.69921875,5464.8037109375,4971.48583984375,0.2820934676953153,0.7
2026-09-04 17:06:15,repeat_random_model.py,"(1021, 9)",858,sequential_3553,Dense 16 -> 64 -> 16 -> 32 -> 128 -> 64 -> 1,mse,adam_3553,20,128,1.5803,24732.388671875,5355.39013671875,5827.6005859375,0.1584664422174309,0.7
2026-09-04 17:06:17,repeat_random_model.py,"(1021, 9)",858,sequential_3554,Dense 16 -> 64 -> 16 -> 32 -> 128 -> 32 -> 1,mse,adam_3554,20,128,1.669,31397.923828125,5079.25537109375,4739.28125,0.3156249589140626,0.7
2026-09-04 17:06:19,repeat_random_model.py,"(1021, 9)",858,sequential_3555,Dense 16 -> 64 -> 16 -> 32 -> 128 -> 16 -> 1,mse,adam_3555,20,128,1.6465,34102.65625,6122.4443359375,5834.25634765625,0.15750527103336232,0.7
2026-09-04 17:06:21,repeat_random_model.py,"(1021, 9)",858,sequential_3556,Dense 16 -> 64 -> 16 -> 32 -> 64 -> 128 -> 1,mse,adam_3556,20,128,1.5415,75565.234375,6313.27587890625,5970.3603515625,0.1378511191156674,0.7
2026-09-04 17:06:23,repeat_random_model.py,"(1021, 9)",858,sequential_3557,Dense 16 -> 64 -> 16 -> 32 -> 64 -> 64 -> 1,mse,adam_3557,20,128,1.5923,120451.7890625,6344.2646484375,6005.25390625,0.13281229746092738,0.7
2026-09-04 17:06:25,repeat_random_model.py,"(1021, 9)",858,sequential_3558,Dense 16 -> 64 -> 16 -> 32 -> 64 -> 32 -> 1,mse,adam_3558,20,128,1.6768,58310.1171875,6022.9375,5820.33154296875,0.1595160810545574,0.7
2026-09-04 17:06:27,repeat_random_model.py,"(1021, 9)",858,sequential_3559,Dense 16 -> 64 -> 16 -> 32 -> 64 -> 16 -> 1,mse,adam_3559,20,128,1.5328,50510.171875,6148.68603515625,5849.2861328125,0.1553348808624837,0.7
2026-09-04 17:06:28,repeat_random_model.py,"(1021, 9)",858,sequential_3560,Dense 16 -> 64 -> 16 -> 32 -> 32 -> 128 -> 1,mse,adam_3560,20,128,1.665,16183.1484375,5283.71435546875,5297.32763671875,0.23504037076317952,0.7
2026-09-04 17:06:30,repeat_random_model.py,"(1021, 9)",858,sequential_3561,Dense 16 -> 64 -> 16 -> 32 -> 32 -> 64 -> 1,mse,adam_3561,20,128,1.4865,20517.40234375,5849.20654296875,5793.904296875,0.16333226576120263,0.7
2026-09-04 17:06:32,repeat_random_model.py,"(1021, 9)",858,sequential_3562,Dense 16 -> 64 -> 16 -> 32 -> 32 -> 32 -> 1,mse,adam_3562,20,128,1.5265,15700.9716796875,5904.25927734375,5723.45751953125,0.17350508692333289,0.7
2026-09-04 17:06:34,repeat_random_model.py,"(1021, 9)",858,sequential_3563,Dense 16 -> 64 -> 16 -> 32 -> 32 -> 16 -> 1,mse,adam_3563,20,128,1.5829,43698.4140625,5826.369140625,5675.03369140625,0.18049775533046575,0.7
2026-09-04 17:06:36,repeat_random_model.py,"(1021, 9)",858,sequential_3564,Dense 16 -> 64 -> 16 -> 32 -> 16 -> 128 -> 1,mse,adam_3564,20,128,1.548,9612.181640625,5321.62548828125,5087.8662109375,0.26528746568749284,0.7
2026-09-04 17:06:38,repeat_random_model.py,"(1021, 9)",858,sequential_3565,Dense 16 -> 64 -> 16 -> 32 -> 16 -> 64 -> 1,mse,adam_3565,20,128,1.6378,30172.486328125,6111.50732421875,5946.54150390625,0.1412907394866747,0.7
2026-09-04 17:06:39,repeat_random_model.py,"(1021, 9)",858,sequential_3566,Dense 16 -> 64 -> 16 -> 32 -> 16 -> 32 -> 1,mse,adam_3566,20,128,1.5383,12927.4521484375,5333.80615234375,5467.345703125,0.2104889607195607,0.7
2026-09-04 17:06:41,repeat_random_model.py,"(1021, 9)",858,sequential_3567,Dense 16 -> 64 -> 16 -> 32 -> 16 -> 16 -> 1,mse,adam_3567,20,128,1.563,15549.59765625,6098.79638671875,6129.42919921875,0.11488086679580045,0.7
2026-09-04 17:06:43,repeat_random_model.py,"(1021, 9)",858,sequential_3568,Dense 16 -> 64 -> 16 -> 16 -> 128 -> 128 -> 1,mse,adam_3568,20,128,1.7058,39953.2109375,6315.27294921875,5937.78515625,0.14255511541203547,0.7
2026-09-04 17:06:45,repeat_random_model.py,"(1021, 9)",858,sequential_3569,Dense 16 -> 64 -> 16 -> 16 -> 128 -> 64 -> 1,mse,adam_3569,20,128,1.6853,30342.544921875,5950.80029296875,5615.38134765625,0.18911185252576856,0.7
2026-09-04 17:06:47,repeat_random_model.py,"(1021, 9)",858,sequential_3570,Dense 16 -> 64 -> 16 -> 16 -> 128 -> 32 -> 1,mse,adam_3570,20,128,1.6432,22324.490234375,6285.82177734375,6338.86083984375,0.08463798503092734,0.7
2026-09-04 17:06:49,repeat_random_model.py,"(1021, 9)",858,sequential_3571,Dense 16 -> 64 -> 16 -> 16 -> 128 -> 16 -> 1,mse,adam_3571,20,128,1.7044,33753.796875,6368.6318359375,6021.39453125,0.13048168415322692,0.7
2026-09-04 17:06:51,repeat_random_model.py,"(1021, 9)",858,sequential_3572,Dense 16 -> 64 -> 16 -> 16 -> 64 -> 128 -> 1,mse,adam_3572,20,128,1.7392,18455.087890625,6024.64404296875,5161.9892578125,0.2545838536342039,0.7
2026-09-04 17:06:53,repeat_random_model.py,"(1021, 9)",858,sequential_3573,Dense 16 -> 64 -> 16 -> 16 -> 64 -> 64 -> 1,mse,adam_3573,20,128,1.6283,19541.005859375,6246.87841796875,6128.3603515625,0.11503525337283305,0.7
2026-09-04 17:06:55,repeat_random_model.py,"(1021, 9)",858,sequential_3574,Dense 16 -> 64 -> 16 -> 16 -> 64 -> 32 -> 1,mse,adam_3574,20,128,1.6572,14069.06640625,5796.359375,5574.953125,0.19494982359026913,0.7
2026-09-04 17:06:57,repeat_random_model.py,"(1021, 9)",858,sequential_3575,Dense 16 -> 64 -> 16 -> 16 -> 64 -> 16 -> 1,mse,adam_3575,20,128,1.6395,18361.978515625,6007.0048828125,6338.51611328125,0.0846876601154316,0.7
2026-09-04 17:06:59,repeat_random_model.py,"(1021, 9)",858,sequential_3576,Dense 16 -> 64 -> 16 -> 16 -> 32 -> 128 -> 1,mse,adam_3576,20,128,1.6701,10305.9765625,5418.857421875,5152.63623046875,0.2559344201830842,0.7
2026-09-04 17:07:01,repeat_random_model.py,"(1021, 9)",858,sequential_3577,Dense 16 -> 64 -> 16 -> 16 -> 32 -> 64 -> 1,mse,adam_3577,20,128,1.6397,53251.3125,6320.86474609375,6091.96240234375,0.12029133449560625,0.7
2026-09-04 17:07:03,repeat_random_model.py,"(1021, 9)",858,sequential_3578,Dense 16 -> 64 -> 16 -> 16 -> 32 -> 32 -> 1,mse,adam_3578,20,128,1.7805,27378.68359375,5989.13427734375,5561.578125,0.196881346485958,0.7
2026-09-04 17:07:05,repeat_random_model.py,"(1021, 9)",858,sequential_3579,Dense 16 -> 64 -> 16 -> 16 -> 32 -> 16 -> 1,mse,adam_3579,20,128,1.5827,28092.251953125,6068.5703125,5758.26220703125,0.16847914357884786,0.7
2026-09-04 17:07:07,repeat_random_model.py,"(1021, 9)",858,sequential_3580,Dense 16 -> 64 -> 16 -> 16 -> 16 -> 128 -> 1,mse,adam_3580,20,128,1.6612,11551.63671875,6148.5537109375,5922.80859375,0.14471791992894123,0.7
2026-09-04 17:07:09,repeat_random_model.py,"(1021, 9)",858,sequential_3581,Dense 16 -> 64 -> 16 -> 16 -> 16 -> 64 -> 1,mse,adam_3581,20,128,1.5723,85706.828125,6492.7294921875,6134.18994140625,0.11419329757666508,0.7
2026-09-04 17:07:11,repeat_random_model.py,"(1021, 9)",858,sequential_3582,Dense 16 -> 64 -> 16 -> 16 -> 16 -> 32 -> 1,mse,adam_3582,20,128,1.644,46580.51953125,6343.22216796875,6043.91943359375,0.12722886362894692,0.7
2026-09-04 17:07:13,repeat_random_model.py,"(1021, 9)",858,sequential_3583,Dense 16 -> 64 -> 16 -> 16 -> 16 -> 16 -> 1,mse,adam_3583,20,128,1.6838,170148.71875,6390.11328125,6121.3525390625,0.11604715548704725,0.7
2026-09-04 17:07:15,repeat_random_model.py,"(1021, 9)",858,sequential_3584,Dense 16 -> 32 -> 128 -> 128 -> 128 -> 128 -> 1,mse,adam_3584,20,128,1.737,256596.953125,5973.94970703125,5776.2734375,0.16587826477752454,0.7
2026-09-04 17:07:17,repeat_random_model.py,"(1021, 9)",858,sequential_3585,Dense 16 -> 32 -> 128 -> 128 -> 128 -> 64 -> 1,mse,adam_3585,20,128,1.7355,162806.015625,6290.13330078125,5939.18115234375,0.14235361401115,0.7
2026-09-04 17:07:19,repeat_random_model.py,"(1021, 9)",858,sequential_3586,Dense 16 -> 32 -> 128 -> 128 -> 128 -> 32 -> 1,mse,adam_3586,20,128,1.8387,161489.921875,6000.54931640625,5710.94189453125,0.1753124557545087,0.7
2026-09-04 17:07:21,repeat_random_model.py,"(1021, 9)",858,sequential_3587,Dense 16 -> 32 -> 128 -> 128 -> 128 -> 16 -> 1,mse,adam_3587,20,128,1.6249,137354.875,5927.59423828125,5650.82568359375,0.18399345767385566,0.7
2026-09-04 17:07:23,repeat_random_model.py,"(1021, 9)",858,sequential_3588,Dense 16 -> 32 -> 128 -> 128 -> 64 -> 128 -> 1,mse,adam_3588,20,128,1.6838,112431.1796875,5796.80615234375,5564.95068359375,0.19639428091355737,0.7
2026-09-04 17:07:24,repeat_random_model.py,"(1021, 9)",858,sequential_3589,Dense 16 -> 32 -> 128 -> 128 -> 64 -> 64 -> 1,mse,adam_3589,20,128,1.6617,187459.40625,6163.1689453125,6016.5439453125,0.13118202721439143,0.7
2026-09-04 17:07:26,repeat_random_model.py,"(1021, 9)",858,sequential_3590,Dense 16 -> 32 -> 128 -> 128 -> 64 -> 32 -> 1,mse,adam_3590,20,128,1.6029,49017.91796875,4633.68798828125,4380.3232421875,0.3674602002930174,0.7
2026-09-04 17:07:28,repeat_random_model.py,"(1021, 9)",858,sequential_3591,Dense 16 -> 32 -> 128 -> 128 -> 64 -> 16 -> 1,mse,adam_3591,20,128,1.6138,68219.3515625,5549.666015625,5456.734375,0.21202115368369545,0.7
2026-09-04 17:07:30,repeat_random_model.py,"(1021, 9)",858,sequential_3592,Dense 16 -> 32 -> 128 -> 128 -> 32 -> 128 -> 1,mse,adam_3592,20,128,1.606,34688.7421875,5645.3603515625,5497.2939453125,0.20616430523053197,0.7
2026-09-04 17:07:32,repeat_random_model.py,"(1021, 9)",858,sequential_3593,Dense 16 -> 32 -> 128 -> 128 -> 32 -> 64 -> 1,mse,adam_3593,20,128,1.7071,86122.4375,6217.66748046875,5968.36865234375,0.1381388133485979,0.7
2026-09-04 17:07:34,repeat_random_model.py,"(1021, 9)",858,sequential_3594,Dense 16 -> 32 -> 128 -> 128 -> 32 -> 32 -> 1,mse,adam_3594,20,128,1.6133,110477.0546875,5659.39111328125,5479.05517578125,0.20879794554496078,0.7
2026-09-04 17:07:36,repeat_random_model.py,"(1021, 9)",858,sequential_3595,Dense 16 -> 32 -> 128 -> 128 -> 32 -> 16 -> 1,mse,adam_3595,20,128,1.6558,79984.4453125,5915.75244140625,6117.9970703125,0.11653172989443128,0.7
2026-09-04 17:07:38,repeat_random_model.py,"(1021, 9)",858,sequential_3596,Dense 16 -> 32 -> 128 -> 128 -> 16 -> 128 -> 1,mse,adam_3596,20,128,1.7163,54982.02734375,6087.78955078125,5867.79150390625,0.15266254466383333,0.7
2026-09-04 17:07:40,repeat_random_model.py,"(1021, 9)",858,sequential_3597,Dense 16 -> 32 -> 128 -> 128 -> 16 -> 64 -> 1,mse,adam_3597,20,128,1.6221,30871.912109375,6075.38671875,5550.18359375,0.1985266245377677,0.7
2026-09-04 17:07:42,repeat_random_model.py,"(1021, 9)",858,sequential_3598,Dense 16 -> 32 -> 128 -> 128 -> 16 -> 32 -> 1,mse,adam_3598,20,128,1.6036,51225.0703125,5922.18408203125,5824.43017578125,0.1589241584881912,0.7
2026-09-04 17:07:44,repeat_random_model.py,"(1021, 9)",858,sequential_3599,Dense 16 -> 32 -> 128 -> 128 -> 16 -> 16 -> 1,mse,adam_3599,20,128,1.7473,30676.8984375,5561.7529296875,5330.333984375,0.23027409921538167,0.7
2026-09-04 17:07:45,repeat_random_model.py,"(1021, 9)",858,sequential_3600,Dense 16 -> 32 -> 128 -> 64 -> 128 -> 128 -> 1,mse,adam_3600,20,128,1.5554,53172.80859375,5173.58251953125,4779.142578125,0.30986879378540677,0.7
2026-09-04 17:07:47,repeat_random_model.py,"(1021, 9)",858,sequential_3601,Dense 16 -> 32 -> 128 -> 64 -> 128 -> 64 -> 1,mse,adam_3601,20,128,1.6222,85996.4609375,6068.484375,5770.4013671875,0.16672628872078576,0.7
2026-09-04 17:07:49,repeat_random_model.py,"(1021, 9)",858,sequential_3602,Dense 16 -> 32 -> 128 -> 64 -> 128 -> 32 -> 1,mse,adam_3602,20,128,1.6498,89255.5703125,6024.09375,5858.24560546875,0.15404123529386926,0.7
2026-09-04 17:07:51,repeat_random_model.py,"(1021, 9)",858,sequential_3603,Dense 16 -> 32 -> 128 -> 64 -> 128 -> 16 -> 1,mse,adam_3603,20,128,1.6858,91661.2578125,6248.54345703125,6102.1708984375,0.11881701836774561,0.7
2026-09-04 17:07:53,repeat_random_model.py,"(1021, 9)",858,sequential_3604,Dense 16 -> 32 -> 128 -> 64 -> 64 -> 128 -> 1,mse,adam_3604,20,128,1.526,52681.578125,6034.50537109375,5776.41552734375,0.16585780575337183,0.7
2026-09-04 17:07:55,repeat_random_model.py,"(1021, 9)",858,sequential_3605,Dense 16 -> 32 -> 128 -> 64 -> 64 -> 64 -> 1,mse,adam_3605,20,128,1.5599,42121.86328125,5864.9658203125,5684.623046875,0.17911303122476785,0.7
2026-09-04 17:07:57,repeat_random_model.py,"(1021, 9)",858,sequential_3606,Dense 16 -> 32 -> 128 -> 64 -> 64 -> 32 -> 1,mse,adam_3606,20,128,1.5631,82904.734375,5716.44384765625,5613.0205078125,0.18945277805790162,0.7
2026-09-04 17:07:58,repeat_random_model.py,"(1021, 9)",858,sequential_3607,Dense 16 -> 32 -> 128 -> 64 -> 64 -> 16 -> 1,mse,adam_3607,20,128,1.5218,71945.1796875,6308.73388671875,6060.50048828125,0.12483453199950634,0.7
2026-09-04 17:08:00,repeat_random_model.py,"(1021, 9)",858,sequential_3608,Dense 16 -> 32 -> 128 -> 64 -> 32 -> 128 -> 1,mse,adam_3608,20,128,1.6287,33379.4296875,5854.623046875,6200.28173828125,0.10464930760139812,0.7
2026-09-04 17:08:02,repeat_random_model.py,"(1021, 9)",858,sequential_3609,Dense 16 -> 32 -> 128 -> 64 -> 32 -> 64 -> 1,mse,adam_3609,20,128,1.5404,31195.306640625,4867.64990234375,4842.1181640625,0.30077479029333065,0.7
2026-09-04 17:08:04,repeat_random_model.py,"(1021, 9)",858,sequential_3610,Dense 16 -> 32 -> 128 -> 64 -> 32 -> 32 -> 1,mse,adam_3610,20,128,1.62,29518.953125,5097.158203125,4915.66455078125,0.29015439216913197,0.7
2026-09-04 17:08:06,repeat_random_model.py,"(1021, 9)",858,sequential_3611,Dense 16 -> 32 -> 128 -> 64 -> 32 -> 16 -> 1,mse,adam_3611,20,128,1.5726,63648.30859375,5115.61962890625,4983.39794921875,0.28037328227247393,0.7
2026-09-04 17:08:08,repeat_random_model.py,"(1021, 9)",858,sequential_3612,Dense 16 -> 32 -> 128 -> 64 -> 16 -> 128 -> 1,mse,adam_3612,20,128,1.6334,15743.59765625,5334.18115234375,5086.96728515625,0.2654173394715089,0.7
2026-09-04 17:08:09,repeat_random_model.py,"(1021, 9)",858,sequential_3613,Dense 16 -> 32 -> 128 -> 64 -> 16 -> 64 -> 1,mse,adam_3613,20,128,1.585,82528.03125,6147.3974609375,5924.76416015625,0.14443556584856876,0.7
2026-09-04 17:08:11,repeat_random_model.py,"(1021, 9)",858,sequential_3614,Dense 16 -> 32 -> 128 -> 64 -> 16 -> 32 -> 1,mse,adam_3614,20,128,1.5756,86098.0234375,6172.83154296875,6062.87451171875,0.1244917176420014,0.7
2026-09-04 17:08:13,repeat_random_model.py,"(1021, 9)",858,sequential_3615,Dense 16 -> 32 -> 128 -> 64 -> 16 -> 16 -> 1,mse,adam_3615,20,128,1.474,136060.875,6200.900390625,5932.9287109375,0.14325642224536084,0.7
2026-09-04 17:08:15,repeat_random_model.py,"(1021, 9)",858,sequential_3616,Dense 16 -> 32 -> 128 -> 32 -> 128 -> 128 -> 1,mse,adam_3616,20,128,1.5243,53278.0546875,5999.80810546875,5860.19970703125,0.1537589122369979,0.7
2026-09-04 17:08:17,repeat_random_model.py,"(1021, 9)",858,sequential_3617,Dense 16 -> 32 -> 128 -> 32 -> 128 -> 64 -> 1,mse,adam_3617,20,128,1.538,61541.3203125,5932.9755859375,5829.6708984375,0.1581675469659528,0.7
2026-09-04 17:08:19,repeat_random_model.py,"(1021, 9)",858,sequential_3618,Dense 16 -> 32 -> 128 -> 32 -> 128 -> 32 -> 1,mse,adam_3618,20,128,1.6986,49950.8046875,6159.70947265625,5984.443359375,0.13581755606137635,0.7
2026-09-04 17:08:20,repeat_random_model.py,"(1021, 9)",858,sequential_3619,Dense 16 -> 32 -> 128 -> 32 -> 128 -> 16 -> 1,mse,adam_3619,20,128,1.6693,37634.20703125,5905.34375,5856.8779296875,0.15423853208672145,0.7
2026-09-04 17:08:22,repeat_random_model.py,"(1021, 9)",858,sequential_3620,Dense 16 -> 32 -> 128 -> 32 -> 64 -> 128 -> 1,mse,adam_3620,20,128,1.5109,45360.421875,5794.6083984375,5400.24462890625,0.22017865291206895,0.7
2026-09-04 17:08:24,repeat_random_model.py,"(1021, 9)",858,sequential_3621,Dense 16 -> 32 -> 128 -> 32 -> 64 -> 64 -> 1,mse,adam_3621,20,128,1.6985,49336.4921875,5616.23583984375,5316.42822265625,0.23228207692336988,0.7
2026-09-04 17:08:26,repeat_random_model.py,"(1021, 9)",858,sequential_3622,Dense 16 -> 32 -> 128 -> 32 -> 64 -> 32 -> 1,mse,adam_3622,20,128,1.5003,26302.40625,4820.6689453125,4377.19580078125,0.3679118109264602,0.7
2026-09-04 17:08:28,repeat_random_model.py,"(1021, 9)",858,sequential_3623,Dense 16 -> 32 -> 128 -> 32 -> 64 -> 16 -> 1,mse,adam_3623,20,128,1.5114,121901.3125,6605.14111328125,6232.54443359375,0.09999045553900876,0.7
2026-09-04 17:08:29,repeat_random_model.py,"(1021, 9)",858,sequential_3624,Dense 16 -> 32 -> 128 -> 32 -> 32 -> 128 -> 1,mse,adam_3624,20,128,1.4915,49449.92578125,6173.27783203125,6073.42236328125,0.1229684738175495,0.7
2026-09-04 17:08:31,repeat_random_model.py,"(1021, 9)",858,sequential_3625,Dense 16 -> 32 -> 128 -> 32 -> 32 -> 64 -> 1,mse,adam_3625,20,128,1.5143,15872.8876953125,5617.810546875,5469.44140625,0.21018625805786795,0.7
2026-09-04 17:08:33,repeat_random_model.py,"(1021, 9)",858,sequential_3626,Dense 16 -> 32 -> 128 -> 32 -> 32 -> 32 -> 1,mse,adam_3626,20,128,1.476,18997.9296875,4914.52685546875,4405.88134765625,0.3637694875575085,0.7
2026-09-04 17:08:35,repeat_random_model.py,"(1021, 9)",858,sequential_3627,Dense 16 -> 32 -> 128 -> 32 -> 32 -> 16 -> 1,mse,adam_3627,20,128,1.4805,69785.2265625,6431.142578125,6614.28955078125,0.044864623672050574,0.7
2026-09-04 17:08:37,repeat_random_model.py,"(1021, 9)",858,sequential_3628,Dense 16 -> 32 -> 128 -> 32 -> 16 -> 128 -> 1,mse,adam_3628,20,128,1.5024,131412.8125,6296.7265625,6021.85009765625,0.1304158578209983,0.7
2026-09-04 17:08:38,repeat_random_model.py,"(1021, 9)",858,sequential_3629,Dense 16 -> 32 -> 128 -> 32 -> 16 -> 64 -> 1,mse,adam_3629,20,128,1.5947,35661.3984375,6016.822265625,5768.73193359375,0.16696731786751062,0.7
2026-09-04 17:08:40,repeat_random_model.py,"(1021, 9)",858,sequential_3630,Dense 16 -> 32 -> 128 -> 32 -> 16 -> 32 -> 1,mse,adam_3630,20,128,1.4761,44576.078125,6055.53662109375,5931.04052734375,0.14352913778126675,0.7
2026-09-04 17:08:42,repeat_random_model.py,"(1021, 9)",858,sequential_3631,Dense 16 -> 32 -> 128 -> 32 -> 16 -> 16 -> 1,mse,adam_3631,20,128,1.5497,56603.2578125,5994.65478515625,5644.1474609375,0.18495797100503397,0.7
2026-09-04 17:08:44,repeat_random_model.py,"(1021, 9)",858,sequential_3632,Dense 16 -> 32 -> 128 -> 16 -> 128 -> 128 -> 1,mse,adam_3632,20,128,1.4882,13683.443359375,3808.4482421875,4152.96337890625,0.4002920286537567,0.7
2026-09-04 17:08:45,repeat_random_model.py,"(1021, 9)",858,sequential_3633,Dense 16 -> 32 -> 128 -> 16 -> 128 -> 64 -> 1,mse,adam_3633,20,128,1.5183,11435.708984375,4000.4921875,3678.42529296875,0.4688176588819082,0.7
2026-09-04 17:08:47,repeat_random_model.py,"(1021, 9)",858,sequential_3634,Dense 16 -> 32 -> 128 -> 16 -> 128 -> 32 -> 1,mse,adam_3634,20,128,1.4964,27152.982421875,5304.27587890625,5161.80615234375,0.25461035783733976,0.7
2026-09-04 17:08:49,repeat_random_model.py,"(1021, 9)",858,sequential_3635,Dense 16 -> 32 -> 128 -> 16 -> 128 -> 16 -> 1,mse,adam_3635,20,128,1.5402,37562.57421875,6537.98291015625,6064.7724609375,0.1242177037689366,0.7
2026-09-04 17:08:51,repeat_random_model.py,"(1021, 9)",858,sequential_3636,Dense 16 -> 32 -> 128 -> 16 -> 64 -> 128 -> 1,mse,adam_3636,20,128,1.5669,31187.4140625,6086.6396484375,5642.8076171875,0.18515147985831393,0.7
2026-09-04 17:08:53,repeat_random_model.py,"(1021, 9)",858,sequential_3637,Dense 16 -> 32 -> 128 -> 16 -> 64 -> 64 -> 1,mse,adam_3637,20,128,1.5346,32118.529296875,5956.58544921875,5659.38037109375,0.18275827130976607,0.7
2026-09-04 17:08:55,repeat_random_model.py,"(1021, 9)",858,sequential_3638,Dense 16 -> 32 -> 128 -> 16 -> 64 -> 32 -> 1,mse,adam_3638,20,128,1.5818,60422.734375,6070.54541015625,5855.55419921875,0.15442972254948284,0.7
2026-09-04 17:08:56,repeat_random_model.py,"(1021, 9)",858,sequential_3639,Dense 16 -> 32 -> 128 -> 16 -> 64 -> 16 -> 1,mse,adam_3639,20,128,1.6168,30823.455078125,5647.07568359375,5411.3955078125,0.21856838521714872,0.7
2026-09-04 17:08:58,repeat_random_model.py,"(1021, 9)",858,sequential_3640,Dense 16 -> 32 -> 128 -> 16 -> 32 -> 128 -> 1,mse,adam_3640,20,128,1.7256,26702.67578125,6355.201171875,6095.8896484375,0.11972394652572693,0.7
2026-09-04 17:09:00,repeat_random_model.py,"(1021, 9)",858,sequential_3641,Dense 16 -> 32 -> 128 -> 16 -> 32 -> 64 -> 1,mse,adam_3641,20,128,1.5257,74028.1171875,6133.4404296875,5923.947265625,0.1445534359121038,0.7
2026-09-04 17:09:02,repeat_random_model.py,"(1021, 9)",858,sequential_3642,Dense 16 -> 32 -> 128 -> 16 -> 32 -> 32 -> 1,mse,adam_3642,20,128,1.5295,23696.53515625,4585.3671875,4858.73779296875,0.29837477658832934,0.7
2026-09-04 17:09:04,repeat_random_model.py,"(1021, 9)",858,sequential_3643,Dense 16 -> 32 -> 128 -> 16 -> 32 -> 16 -> 1,mse,adam_3643,20,128,1.522,98151.25,6242.89990234375,5917.865234375,0.14543167009263214,0.7
2026-09-04 17:09:06,repeat_random_model.py,"(1021, 9)",858,sequential_3644,Dense 16 -> 32 -> 128 -> 16 -> 16 -> 128 -> 1,mse,adam_3644,20,128,1.5759,10521.5927734375,5000.69140625,4850.2001953125,0.2996076447291589,0.7
2026-09-04 17:09:07,repeat_random_model.py,"(1021, 9)",858,sequential_3645,Dense 16 -> 32 -> 128 -> 16 -> 16 -> 64 -> 1,mse,adam_3645,20,128,1.4998,40413.57421875,6225.92333984375,6016.22509765625,0.13122810768307946,0.7
2026-09-04 17:09:09,repeat_random_model.py,"(1021, 9)",858,sequential_3646,Dense 16 -> 32 -> 128 -> 16 -> 16 -> 32 -> 1,mse,adam_3646,20,128,1.4898,12102.6484375,4481.18603515625,4378.61962890625,0.3677062154427899,0.7
2026-09-04 17:09:11,repeat_random_model.py,"(1021, 9)",858,sequential_3647,Dense 16 -> 32 -> 128 -> 16 -> 16 -> 16 -> 1,mse,adam_3647,20,128,1.5191,40327.640625,5936.5546875,5736.255859375,0.17165696849626233,0.7
2026-09-04 17:09:13,repeat_random_model.py,"(1021, 9)",858,sequential_3648,Dense 16 -> 32 -> 64 -> 128 -> 128 -> 128 -> 1,mse,adam_3648,20,128,1.6081,283364.21875,6430.79443359375,6130.38720703125,0.11474247753119615,0.7
2026-09-04 17:09:15,repeat_random_model.py,"(1021, 9)",858,sequential_3649,Dense 16 -> 32 -> 64 -> 128 -> 128 -> 64 -> 1,mse,adam_3649,20,128,1.566,126627.8203125,6267.25830078125,5989.70654296875,0.13505749123060506,0.7
2026-09-04 17:09:17,repeat_random_model.py,"(1021, 9)",858,sequential_3650,Dense 16 -> 32 -> 64 -> 128 -> 128 -> 32 -> 1,mse,adam_3650,20,128,1.592,106482.5703125,6149.40478515625,5719.69287109375,0.17404872747127675,0.7
2026-09-04 17:09:18,repeat_random_model.py,"(1021, 9)",858,sequential_3651,Dense 16 -> 32 -> 64 -> 128 -> 128 -> 16 -> 1,mse,adam_3651,20,128,1.5623,200140.140625,5812.13134765625,5650.68603515625,0.18401361710593478,0.7
2026-09-04 17:09:20,repeat_random_model.py,"(1021, 9)",858,sequential_3652,Dense 16 -> 32 -> 64 -> 128 -> 64 -> 128 -> 1,mse,adam_3652,20,128,1.5507,55764.80859375,5544.728515625,5359.046875,0.22612776076947527,0.7
2026-09-04 17:09:22,repeat_random_model.py,"(1021, 9)",858,sequential_3653,Dense 16 -> 32 -> 64 -> 128 -> 64 -> 64 -> 1,mse,adam_3653,20,128,1.5532,54310.2421875,5574.623046875,5266.42333984375,0.2395030897726491,0.7
2026-09-04 17:09:24,repeat_random_model.py,"(1021, 9)",858,sequential_3654,Dense 16 -> 32 -> 64 -> 128 -> 64 -> 32 -> 1,mse,adam_3654,20,128,1.5432,199028.203125,6526.3759765625,6288.1474609375,0.09196120679444275,0.7
2026-09-04 17:09:26,repeat_random_model.py,"(1021, 9)",858,sequential_3655,Dense 16 -> 32 -> 64 -> 128 -> 64 -> 16 -> 1,mse,adam_3655,20,128,1.6677,78938.9296875,5792.47607421875,5456.080078125,0.21211570416411352,0.7
2026-09-04 17:09:28,repeat_random_model.py,"(1021, 9)",858,sequential_3656,Dense 16 -> 32 -> 64 -> 128 -> 32 -> 128 -> 1,mse,adam_3656,20,128,1.5977,54092.921875,6371.88671875,6395.38818359375,0.07647508243187362,0.7
2026-09-04 17:09:30,repeat_random_model.py,"(1021, 9)",858,sequential_3657,Dense 16 -> 32 -> 64 -> 128 -> 32 -> 64 -> 1,mse,adam_3657,20,128,1.562,92347.59375,6236.0537109375,5920.87744140625,0.14499666598365846,0.7
2026-09-04 17:09:31,repeat_random_model.py,"(1021, 9)",858,sequential_3658,Dense 16 -> 32 -> 64 -> 128 -> 32 -> 32 -> 1,mse,adam_3658,20,128,1.5367,87174.5390625,5799.8994140625,5644.87939453125,0.1848522826280703,0.7
2026-09-04 17:09:33,repeat_random_model.py,"(1021, 9)",858,sequential_3659,Dense 16 -> 32 -> 64 -> 128 -> 32 -> 16 -> 1,mse,adam_3659,20,128,1.5487,84726.15625,6207.603515625,5832.48193359375,0.15776143822218347,0.7
2026-09-04 17:09:35,repeat_random_model.py,"(1021, 9)",858,sequential_3660,Dense 16 -> 32 -> 64 -> 128 -> 16 -> 128 -> 1,mse,adam_3660,20,128,1.4482,36084.71875,6183.03857421875,5985.85498046875,0.13561373820263312,0.7
2026-09-04 17:09:37,repeat_random_model.py,"(1021, 9)",858,sequential_3661,Dense 16 -> 32 -> 64 -> 128 -> 16 -> 64 -> 1,mse,adam_3661,20,128,1.5312,91489.1640625,6464.984375,6093.466796875,0.12007398738748842,0.7
2026-09-04 17:09:39,repeat_random_model.py,"(1021, 9)",858,sequential_3662,Dense 16 -> 32 -> 64 -> 128 -> 16 -> 32 -> 1,mse,adam_3662,20,128,1.6171,57708.3359375,5989.7841796875,5692.1630859375,0.17802419261467406,0.7
2026-09-04 17:09:40,repeat_random_model.py,"(1021, 9)",858,sequential_3663,Dense 16 -> 32 -> 64 -> 128 -> 16 -> 16 -> 1,mse,adam_3663,20,128,1.5282,26642.763671875,5322.2890625,5153.0380859375,0.25587645720537133,0.7
2026-09-04 17:09:42,repeat_random_model.py,"(1021, 9)",858,sequential_3664,Dense 16 -> 32 -> 64 -> 64 -> 128 -> 128 -> 1,mse,adam_3664,20,128,1.5342,128213.0078125,6276.59326171875,6062.0078125,0.12461680979480205,0.7
2026-09-04 17:09:44,repeat_random_model.py,"(1021, 9)",858,sequential_3665,Dense 16 -> 32 -> 64 -> 64 -> 128 -> 64 -> 1,mse,adam_3665,20,128,1.5977,66815.78125,5789.72900390625,5511.40478515625,0.20412654211653447,0.7
2026-09-04 17:09:46,repeat_random_model.py,"(1021, 9)",858,sequential_3666,Dense 16 -> 32 -> 64 -> 64 -> 128 -> 32 -> 1,mse,adam_3666,20,128,1.4881,63270.765625,6052.294921875,5737.58447265625,0.17146512449146467,0.7
2026-09-04 17:09:48,repeat_random_model.py,"(1021, 9)",858,sequential_3667,Dense 16 -> 32 -> 64 -> 64 -> 128 -> 16 -> 1,mse,adam_3667,20,128,1.5116,28816.724609375,4761.60595703125,4541.66357421875,0.34416186838286966,0.7
2026-09-04 17:09:49,repeat_random_model.py,"(1021, 9)",858,sequential_3668,Dense 16 -> 32 -> 64 -> 64 -> 64 -> 128 -> 1,mse,adam_3668,20,128,1.4602,96555.421875,6002.57080078125,5686.572265625,0.17883151459984414,0.7
2026-09-04 17:09:51,repeat_random_model.py,"(1021, 9)",858,sequential_3669,Dense 16 -> 32 -> 64 -> 64 -> 64 -> 64 -> 1,mse,adam_3669,20,128,1.486,75907.703125,5854.279296875,5748.0615234375,0.16995224192030745,0.7
2026-09-04 17:09:53,repeat_random_model.py,"(1021, 9)",858,sequential_3670,Dense 16 -> 32 -> 64 -> 64 -> 64 -> 32 -> 1,mse,adam_3670,20,128,1.5692,68563.375,5680.978515625,5562.1455078125,0.19679933712969122,0.7
2026-09-04 17:09:55,repeat_random_model.py,"(1021, 9)",858,sequential_3671,Dense 16 -> 32 -> 64 -> 64 -> 64 -> 16 -> 1,mse,adam_3671,20,128,1.4597,29266.0390625,6017.90234375,5895.046875,0.14872676412521113,0.7
2026-09-04 17:09:56,repeat_random_model.py,"(1021, 9)",858,sequential_3672,Dense 16 -> 32 -> 64 -> 64 -> 32 -> 128 -> 1,mse,adam_3672,20,128,1.6129,22541.59765625,6370.86181640625,5793.0595703125,0.1634542874744278,0.7
2026-09-04 17:09:58,repeat_random_model.py,"(1021, 9)",858,sequential_3673,Dense 16 -> 32 -> 64 -> 64 -> 32 -> 64 -> 1,mse,adam_3673,20,128,1.4879,56252.8671875,6161.86865234375,5897.48974609375,0.1483740400157726,0.7
2026-09-04 17:10:00,repeat_random_model.py,"(1021, 9)",858,sequential_3674,Dense 16 -> 32 -> 64 -> 64 -> 32 -> 32 -> 1,mse,adam_3674,20,128,1.6504,368037.59375,6251.3251953125,6008.95166015625,0.13227838095290578,0.7
2026-09-04 17:10:02,repeat_random_model.py,"(1021, 9)",858,sequential_3675,Dense 16 -> 32 -> 64 -> 64 -> 32 -> 16 -> 1,mse,adam_3675,20,128,1.4743,78304.3984375,5734.1689453125,5521.79638671875,0.2026258805984702,0.7
2026-09-04 17:10:04,repeat_random_model.py,"(1021, 9)",858,sequential_3676,Dense 16 -> 32 -> 64 -> 64 -> 16 -> 128 -> 1,mse,adam_3676,20,128,1.4839,30340.818359375,5341.61962890625,5144.59130859375,0.2570962979779645,0.7
2026-09-04 17:10:05,repeat_random_model.py,"(1021, 9)",858,sequential_3677,Dense 16 -> 32 -> 64 -> 64 -> 16 -> 64 -> 1,mse,adam_3677,20,128,1.4716,29000.58203125,5762.3603515625,5481.6796875,0.20841906798429544,0.7
2026-09-04 17:10:07,repeat_random_model.py,"(1021, 9)",858,sequential_3678,Dense 16 -> 32 -> 64 -> 64 -> 16 -> 32 -> 1,mse,adam_3678,20,128,1.4588,16706.01171875,4551.94921875,4209.06494140625,0.39219071013592255,0.7
2026-09-04 17:10:09,repeat_random_model.py,"(1021, 9)",858,sequential_3679,Dense 16 -> 32 -> 64 -> 64 -> 16 -> 16 -> 1,mse,adam_3679,20,128,1.551,15769.9404296875,6168.43359375,6293.896484375,0.09113089570408828,0.7
2026-09-04 17:10:11,repeat_random_model.py,"(1021, 9)",858,sequential_3680,Dense 16 -> 32 -> 64 -> 32 -> 128 -> 128 -> 1,mse,adam_3680,20,128,1.5539,42916.3984375,6118.703125,5824.79296875,0.1588718564903444,0.7
2026-09-04 17:10:12,repeat_random_model.py,"(1021, 9)",858,sequential_3681,Dense 16 -> 32 -> 64 -> 32 -> 128 -> 64 -> 1,mse,adam_3681,20,128,1.5872,26047.927734375,4877.22314453125,4343.77490234375,0.372737962414613,0.7
2026-09-04 17:10:14,repeat_random_model.py,"(1021, 9)",858,sequential_3682,Dense 16 -> 32 -> 64 -> 32 -> 128 -> 32 -> 1,mse,adam_3682,20,128,1.5501,24565.8828125,4480.787109375,3803.779052734375,0.45071597340464387,0.7
2026-09-04 17:10:16,repeat_random_model.py,"(1021, 9)",858,sequential_3683,Dense 16 -> 32 -> 64 -> 32 -> 128 -> 16 -> 1,mse,adam_3683,20,128,1.5765,50324.9296875,6077.24560546875,5867.95361328125,0.15263914766038633,0.7
2026-09-04 17:10:18,repeat_random_model.py,"(1021, 9)",858,sequential_3684,Dense 16 -> 32 -> 64 -> 32 -> 64 -> 128 -> 1,mse,adam_3684,20,128,1.5103,61852.5546875,5903.68701171875,5717.43603515625,0.17437461697686218,0.7
2026-09-04 17:10:20,repeat_random_model.py,"(1021, 9)",858,sequential_3685,Dense 16 -> 32 -> 64 -> 32 -> 64 -> 64 -> 1,mse,adam_3685,20,128,1.5529,50749.0234375,6301.06884765625,6050.79296875,0.12623630371506445,0.7
2026-09-04 17:10:21,repeat_random_model.py,"(1021, 9)",858,sequential_3686,Dense 16 -> 32 -> 64 -> 32 -> 64 -> 32 -> 1,mse,adam_3686,20,128,1.4326,35088.9453125,6241.7666015625,5980.8662109375,0.1363340677156426,0.7
2026-09-04 17:10:23,repeat_random_model.py,"(1021, 9)",858,sequential_3687,Dense 16 -> 32 -> 64 -> 32 -> 64 -> 16 -> 1,mse,adam_3687,20,128,1.4915,29885.724609375,4786.45263671875,4430.6435546875,0.36019374895576173,0.7
2026-09-04 17:10:25,repeat_random_model.py,"(1021, 9)",858,sequential_3688,Dense 16 -> 32 -> 64 -> 32 -> 32 -> 128 -> 1,mse,adam_3688,20,128,1.5869,25121.6171875,5812.65283203125,5525.1455078125,0.20214242131591453,0.7
2026-09-04 17:10:27,repeat_random_model.py,"(1021, 9)",858,sequential_3689,Dense 16 -> 32 -> 64 -> 32 -> 32 -> 64 -> 1,mse,adam_3689,20,128,1.4416,14265.9306640625,5314.64990234375,5000.4892578125,0.27790526817098227,0.7
2026-09-04 17:10:28,repeat_random_model.py,"(1021, 9)",858,sequential_3690,Dense 16 -> 32 -> 64 -> 32 -> 32 -> 32 -> 1,mse,adam_3690,20,128,1.4519,39493.4140625,6007.6044921875,5673.220703125,0.1807595019727507,0.7
2026-09-04 17:10:30,repeat_random_model.py,"(1021, 9)",858,sequential_3691,Dense 16 -> 32 -> 64 -> 32 -> 32 -> 16 -> 1,mse,adam_3691,20,128,1.4668,24917.998046875,5905.4951171875,5733.77734375,0.1720148172184095,0.7
2026-09-04 17:10:32,repeat_random_model.py,"(1021, 9)",858,sequential_3692,Dense 16 -> 32 -> 64 -> 32 -> 16 -> 128 -> 1,mse,adam_3692,20,128,1.409,13680.0107421875,6149.63330078125,5817.08544921875,0.15998484352442055,0.7
2026-09-04 17:10:34,repeat_random_model.py,"(1021, 9)",858,sequential_3693,Dense 16 -> 32 -> 64 -> 32 -> 16 -> 64 -> 1,mse,adam_3693,20,128,1.4829,10985.53125,4851.44189453125,5346.89404296875,0.22788274337241188,0.7
2026-09-04 17:10:35,repeat_random_model.py,"(1021, 9)",858,sequential_3694,Dense 16 -> 32 -> 64 -> 32 -> 16 -> 32 -> 1,mse,adam_3694,20,128,1.4373,18218.16015625,5853.07958984375,5497.470703125,0.2061387330345883,0.7
2026-09-04 17:10:37,repeat_random_model.py,"(1021, 9)",858,sequential_3695,Dense 16 -> 32 -> 64 -> 32 -> 16 -> 16 -> 1,mse,adam_3695,20,128,1.4201,146851.234375,6455.36328125,6052.486328125,0.12599167318598536,0.7
2026-09-04 17:10:39,repeat_random_model.py,"(1021, 9)",858,sequential_3696,Dense 16 -> 32 -> 64 -> 16 -> 128 -> 128 -> 1,mse,adam_3696,20,128,1.5631,26195.30078125,5513.951171875,5332.88623046875,0.2299055126981343,0.7
2026-09-04 17:10:41,repeat_random_model.py,"(1021, 9)",858,sequential_3697,Dense 16 -> 32 -> 64 -> 16 -> 128 -> 64 -> 1,mse,adam_3697,20,128,1.5207,14311.6396484375,5617.8056640625,5431.9873046875,0.21559491107509876,0.7
2026-09-04 17:10:42,repeat_random_model.py,"(1021, 9)",858,sequential_3698,Dense 16 -> 32 -> 64 -> 16 -> 128 -> 32 -> 1,mse,adam_3698,20,128,1.5726,23049.31640625,5197.62353515625,4969.91845703125,0.2823198447981099,0.7
2026-09-04 17:10:44,repeat_random_model.py,"(1021, 9)",858,sequential_3699,Dense 16 -> 32 -> 64 -> 16 -> 128 -> 16 -> 1,mse,adam_3699,20,128,1.496,63760.77734375,5757.49951171875,5505.48779296875,0.2049809211890372,0.7
2026-09-04 17:10:46,repeat_random_model.py,"(1021, 9)",858,sequential_3700,Dense 16 -> 32 -> 64 -> 16 -> 64 -> 128 -> 1,mse,adam_3700,20,128,1.5322,24460.234375,5849.017578125,5551.32568359375,0.19836177445116132,0.7
2026-09-04 17:10:48,repeat_random_model.py,"(1021, 9)",858,sequential_3701,Dense 16 -> 32 -> 64 -> 16 -> 64 -> 64 -> 1,mse,adam_3701,20,128,1.5274,22791.853515625,5505.26904296875,4612.7822265625,0.33389202198831247,0.7
2026-09-04 17:10:50,repeat_random_model.py,"(1021, 9)",858,sequential_3702,Dense 16 -> 32 -> 64 -> 16 -> 64 -> 32 -> 1,mse,adam_3702,20,128,1.463,21300.20703125,5756.19287109375,5632.21484375,0.1866810143946045,0.7
2026-09-04 17:10:51,repeat_random_model.py,"(1021, 9)",858,sequential_3703,Dense 16 -> 32 -> 64 -> 16 -> 64 -> 16 -> 1,mse,adam_3703,20,128,1.5815,36840.26171875,6203.2880859375,6043.80810546875,0.12724485691366438,0.7
2026-09-04 17:10:53,repeat_random_model.py,"(1021, 9)",858,sequential_3704,Dense 16 -> 32 -> 64 -> 16 -> 32 -> 128 -> 1,mse,adam_3704,20,128,1.604,12944.8193359375,5376.27294921875,5090.7998046875,0.2648639160787736,0.7
2026-09-04 17:10:55,repeat_random_model.py,"(1021, 9)",858,sequential_3705,Dense 16 -> 32 -> 64 -> 16 -> 32 -> 64 -> 1,mse,adam_3705,20,128,1.5771,65721.0625,6698.28076171875,6363.71337890625,0.08104914940717656,0.7
2026-09-04 17:10:57,repeat_random_model.py,"(1021, 9)",858,sequential_3706,Dense 16 -> 32 -> 64 -> 16 -> 32 -> 32 -> 1,mse,adam_3706,20,128,1.5253,18900.0234375,4849.9814453125,4916.6513671875,0.29001184142444236,0.7
2026-09-04 17:10:59,repeat_random_model.py,"(1021, 9)",858,sequential_3707,Dense 16 -> 32 -> 64 -> 16 -> 32 -> 16 -> 1,mse,adam_3707,20,128,1.5249,376821.96875,6334.46630859375,6061.51806640625,0.12468750297675224,0.7
2026-09-04 17:11:00,repeat_random_model.py,"(1021, 9)",858,sequential_3708,Dense 16 -> 32 -> 64 -> 16 -> 16 -> 128 -> 1,mse,adam_3708,20,128,1.5545,41317.86328125,6256.37451171875,5989.27783203125,0.1351193172728331,0.7
2026-09-04 17:11:02,repeat_random_model.py,"(1021, 9)",858,sequential_3709,Dense 16 -> 32 -> 64 -> 16 -> 16 -> 64 -> 1,mse,adam_3709,20,128,1.5558,70371.34375,6233.9443359375,5949.50927734375,0.14086214117598594,0.7
2026-09-04 17:11:04,repeat_random_model.py,"(1021, 9)",858,sequential_3710,Dense 16 -> 32 -> 64 -> 16 -> 16 -> 32 -> 1,mse,adam_3710,20,128,1.4331,57827.4140625,6128.48291015625,5964.08837890625,0.13875680525540834,0.7
2026-09-04 17:11:06,repeat_random_model.py,"(1021, 9)",858,sequential_3711,Dense 16 -> 32 -> 64 -> 16 -> 16 -> 16 -> 1,mse,adam_3711,20,128,1.4534,184271.609375,6326.8359375,5993.50048828125,0.13450968511575945,0.7
2026-09-04 17:11:08,repeat_random_model.py,"(1021, 9)",858,sequential_3712,Dense 16 -> 32 -> 32 -> 128 -> 128 -> 128 -> 1,mse,adam_3712,20,128,1.5098,106098.6171875,6294.09521484375,6026.4482421875,0.12975187459541626,0.7
2026-09-04 17:11:09,repeat_random_model.py,"(1021, 9)",858,sequential_3713,Dense 16 -> 32 -> 32 -> 128 -> 128 -> 64 -> 1,mse,adam_3713,20,128,1.5864,48926.3828125,4247.193359375,3964.92529296875,0.42744568562945784,0.7
2026-09-04 17:11:11,repeat_random_model.py,"(1021, 9)",858,sequential_3714,Dense 16 -> 32 -> 32 -> 128 -> 128 -> 32 -> 1,mse,adam_3714,20,128,1.5207,215574.0625,6219.27099609375,5960.185546875,0.13932042889839802,0.7
2026-09-04 17:11:13,repeat_random_model.py,"(1021, 9)",858,sequential_3715,Dense 16 -> 32 -> 32 -> 128 -> 128 -> 16 -> 1,mse,adam_3715,20,128,1.5145,46643.16015625,5065.580078125,4813.53515625,0.30490227418166804,0.7
2026-09-04 17:11:15,repeat_random_model.py,"(1021, 9)",858,sequential_3716,Dense 16 -> 32 -> 32 -> 128 -> 64 -> 128 -> 1,mse,adam_3716,20,128,1.5511,36264.34765625,6017.0625,5702.15869140625,0.1765807944183394,0.7
2026-09-04 17:11:17,repeat_random_model.py,"(1021, 9)",858,sequential_3717,Dense 16 -> 32 -> 32 -> 128 -> 64 -> 64 -> 1,mse,adam_3717,20,128,1.5286,99013.59375,6031.49365234375,5712.021484375,0.17515646885976066,0.7
2026-09-04 17:11:18,repeat_random_model.py,"(1021, 9)",858,sequential_3718,Dense 16 -> 32 -> 32 -> 128 -> 64 -> 32 -> 1,mse,adam_3718,20,128,1.485,54142.93359375,6152.482421875,5965.16796875,0.1386009600596072,0.7
2026-09-04 17:11:20,repeat_random_model.py,"(1021, 9)",858,sequential_3719,Dense 16 -> 32 -> 32 -> 128 -> 64 -> 16 -> 1,mse,adam_3719,20,128,1.4836,37906.69140625,5684.75537109375,4972.25390625,0.281982567317533,0.7
2026-09-04 17:11:22,repeat_random_model.py,"(1021, 9)",858,sequential_3720,Dense 16 -> 32 -> 32 -> 128 -> 32 -> 128 -> 1,mse,adam_3720,20,128,1.5242,52080.5390625,6165.47021484375,5864.837890625,0.15308906113075504,0.7
2026-09-04 17:11:23,repeat_random_model.py,"(1021, 9)",858,sequential_3721,Dense 16 -> 32 -> 32 -> 128 -> 32 -> 64 -> 1,mse,adam_3721,20,128,1.4657,33332.96875,5452.99462890625,5203.2392578125,0.24862713102844836,0.7
2026-09-04 17:11:25,repeat_random_model.py,"(1021, 9)",858,sequential_3722,Dense 16 -> 32 -> 32 -> 128 -> 32 -> 32 -> 1,mse,adam_3722,20,128,1.5072,152763.34375,6471.021484375,6215.26904296875,0.10248525454350876,0.7
2026-09-04 17:11:27,repeat_random_model.py,"(1021, 9)",858,sequential_3723,Dense 16 -> 32 -> 32 -> 128 -> 32 -> 16 -> 1,mse,adam_3723,20,128,1.5006,25284.16796875,5409.787109375,5010.63037109375,0.276440873332656,0.7
2026-09-04 17:11:29,repeat_random_model.py,"(1021, 9)",858,sequential_3724,Dense 16 -> 32 -> 32 -> 128 -> 16 -> 128 -> 1,mse,adam_3724,20,128,1.4322,11164.8564453125,5159.6201171875,4868.01318359375,0.29703537253819035,0.7
2026-09-04 17:11:30,repeat_random_model.py,"(1021, 9)",858,sequential_3725,Dense 16 -> 32 -> 32 -> 128 -> 16 -> 64 -> 1,mse,adam_3725,20,128,1.4666,22226.029296875,6103.8017578125,5843.74560546875,0.15613499167979583,0.7
2026-09-04 17:11:32,repeat_random_model.py,"(1021, 9)",858,sequential_3726,Dense 16 -> 32 -> 32 -> 128 -> 16 -> 32 -> 1,mse,adam_3726,20,128,1.4782,79038.125,6284.82666015625,5933.05126953125,0.1432388246374081,0.7
2026-09-04 17:11:34,repeat_random_model.py,"(1021, 9)",858,sequential_3727,Dense 16 -> 32 -> 32 -> 128 -> 16 -> 16 -> 1,mse,adam_3727,20,128,1.4567,29234.37109375,6214.9970703125,6081.40625,0.1218154936369843,0.7
2026-09-04 17:11:36,repeat_random_model.py,"(1021, 9)",858,sequential_3728,Dense 16 -> 32 -> 32 -> 64 -> 128 -> 128 -> 1,mse,adam_3728,20,128,1.5054,60823.0234375,5818.552734375,5690.9423828125,0.17820041217417315,0.7
2026-09-04 17:11:37,repeat_random_model.py,"(1021, 9)",858,sequential_3729,Dense 16 -> 32 -> 32 -> 64 -> 128 -> 64 -> 1,mse,adam_3729,20,128,1.4767,36303.328125,5423.00439453125,5316.34814453125,0.23229361651272207,0.7
2026-09-04 17:11:39,repeat_random_model.py,"(1021, 9)",858,sequential_3730,Dense 16 -> 32 -> 32 -> 64 -> 128 -> 32 -> 1,mse,adam_3730,20,128,1.4693,79745.171875,5682.5751953125,5549.11279296875,0.19868134916559366,0.7
2026-09-04 17:11:41,repeat_random_model.py,"(1021, 9)",858,sequential_3731,Dense 16 -> 32 -> 32 -> 64 -> 128 -> 16 -> 1,mse,adam_3731,20,128,1.4818,83813.640625,5658.40625,5410.7705078125,0.21865852664448004,0.7
2026-09-04 17:11:43,repeat_random_model.py,"(1021, 9)",858,sequential_3732,Dense 16 -> 32 -> 32 -> 64 -> 64 -> 128 -> 1,mse,adam_3732,20,128,1.4706,40369.015625,6583.04833984375,6207.09814453125,0.10366506034503908,0.7
2026-09-04 17:11:44,repeat_random_model.py,"(1021, 9)",858,sequential_3733,Dense 16 -> 32 -> 32 -> 64 -> 64 -> 64 -> 1,mse,adam_3733,20,128,1.468,77985.03125,6029.6162109375,5776.8251953125,0.16579861374030613,0.7
2026-09-04 17:11:46,repeat_random_model.py,"(1021, 9)",858,sequential_3734,Dense 16 -> 32 -> 32 -> 64 -> 64 -> 32 -> 1,mse,adam_3734,20,128,1.483,43457.02734375,6035.626953125,5518.6220703125,0.20308435294916838,0.7
2026-09-04 17:11:48,repeat_random_model.py,"(1021, 9)",858,sequential_3735,Dense 16 -> 32 -> 32 -> 64 -> 64 -> 16 -> 1,mse,adam_3735,20,128,1.4396,25131.85546875,5873.65673828125,5517.14111328125,0.20329822082509008,0.7
2026-09-04 17:11:50,repeat_random_model.py,"(1021, 9)",858,sequential_3736,Dense 16 -> 32 -> 32 -> 64 -> 32 -> 128 -> 1,mse,adam_3736,20,128,1.4642,30561.529296875,6189.69873046875,5964.9208984375,0.13863662181796954,0.7
2026-09-04 17:11:51,repeat_random_model.py,"(1021, 9)",858,sequential_3737,Dense 16 -> 32 -> 32 -> 64 -> 32 -> 64 -> 1,mse,adam_3737,20,128,1.511,16720.693359375,5091.919921875,4807.32568359375,0.3057989192272793,0.7
2026-09-04 17:11:53,repeat_random_model.py,"(1021, 9)",858,sequential_3738,Dense 16 -> 32 -> 32 -> 64 -> 32 -> 32 -> 1,mse,adam_3738,20,128,1.4897,21697.482421875,6083.9140625,5919.380859375,0.14521292024354748,0.7
2026-09-04 17:11:55,repeat_random_model.py,"(1021, 9)",858,sequential_3739,Dense 16 -> 32 -> 32 -> 64 -> 32 -> 16 -> 1,mse,adam_3739,20,128,1.4997,111310.0078125,6036.6572265625,5796.736328125,0.16292327392631056,0.7
2026-09-04 17:11:57,repeat_random_model.py,"(1021, 9)",858,sequential_3740,Dense 16 -> 32 -> 32 -> 64 -> 16 -> 128 -> 1,mse,adam_3740,20,128,1.4427,8122.05517578125,4086.55029296875,3819.5302734375,0.4484413643336408,0.7
2026-09-04 17:11:59,repeat_random_model.py,"(1021, 9)",858,sequential_3741,Dense 16 -> 32 -> 32 -> 64 -> 16 -> 64 -> 1,mse,adam_3741,20,128,1.6039,59303.66796875,6267.5400390625,5997.0634765625,0.1339951285851595,0.7
2026-09-04 17:12:00,repeat_random_model.py,"(1021, 9)",858,sequential_3742,Dense 16 -> 32 -> 32 -> 64 -> 16 -> 32 -> 1,mse,adam_3742,20,128,1.5296,140412.625,6076.2451171875,5751.5908203125,0.16944254560190553,0.7
2026-09-04 17:12:02,repeat_random_model.py,"(1021, 9)",858,sequential_3743,Dense 16 -> 32 -> 32 -> 64 -> 16 -> 16 -> 1,mse,adam_3743,20,128,1.4678,18688.748046875,5917.19482421875,5817.986328125,0.1598546215648834,0.7
2026-09-04 17:12:04,repeat_random_model.py,"(1021, 9)",858,sequential_3744,Dense 16 -> 32 -> 32 -> 32 -> 128 -> 128 -> 1,mse,adam_3744,20,128,1.5247,60092.37890625,6141.44482421875,6289.14599609375,0.09181698718032949,0.7
2026-09-04 17:12:06,repeat_random_model.py,"(1021, 9)",858,sequential_3745,Dense 16 -> 32 -> 32 -> 32 -> 128 -> 64 -> 1,mse,adam_3745,20,128,1.5814,72674.046875,6072.7412109375,5828.4365234375,0.15834572540494862,0.7
2026-09-04 17:12:08,repeat_random_model.py,"(1021, 9)",858,sequential_3746,Dense 16 -> 32 -> 32 -> 32 -> 128 -> 32 -> 1,mse,adam_3746,20,128,1.7524,44007.4765625,5836.650390625,5637.81201171875,0.18587279261913847,0.7
2026-09-04 17:12:10,repeat_random_model.py,"(1021, 9)",858,sequential_3747,Dense 16 -> 32 -> 32 -> 32 -> 128 -> 16 -> 1,mse,adam_3747,20,128,1.8053,36581.83984375,5741.548828125,5488.80322265625,0.20739035683827056,0.7
2026-09-04 17:12:12,repeat_random_model.py,"(1021, 9)",858,sequential_3748,Dense 16 -> 32 -> 32 -> 32 -> 64 -> 128 -> 1,mse,adam_3748,20,128,1.6518,58528.296875,6108.1669921875,5851.59033203125,0.15500212809221792,0.7
2026-09-04 17:12:14,repeat_random_model.py,"(1021, 9)",858,sequential_3749,Dense 16 -> 32 -> 32 -> 32 -> 64 -> 64 -> 1,mse,adam_3749,20,128,1.7033,109309.8125,6005.31298828125,5754.51953125,0.1690196658048495,0.7
2026-09-04 17:12:16,repeat_random_model.py,"(1021, 9)",858,sequential_3750,Dense 16 -> 32 -> 32 -> 32 -> 64 -> 32 -> 1,mse,adam_3750,20,128,1.5142,23262.50390625,6254.15673828125,7076.61865234375,-0.021897911365005962,0.7
2026-09-04 17:12:17,repeat_random_model.py,"(1021, 9)",858,sequential_3751,Dense 16 -> 32 -> 32 -> 32 -> 64 -> 16 -> 1,mse,adam_3751,20,128,1.6101,18582.9453125,5782.13623046875,4972.59326171875,0.28193357986890255,0.7
2026-09-04 17:12:19,repeat_random_model.py,"(1021, 9)",858,sequential_3752,Dense 16 -> 32 -> 32 -> 32 -> 32 -> 128 -> 1,mse,adam_3752,20,128,1.5776,9271.6572265625,3557.711669921875,3320.979248046875,0.5204345896062009,0.7
2026-09-04 17:12:21,repeat_random_model.py,"(1021, 9)",858,sequential_3753,Dense 16 -> 32 -> 32 -> 32 -> 32 -> 64 -> 1,mse,adam_3753,20,128,1.5439,11561.0732421875,3883.0751953125,3544.886962890625,0.4881012291886583,0.7
2026-09-04 17:12:23,repeat_random_model.py,"(1021, 9)",858,sequential_3754,Dense 16 -> 32 -> 32 -> 32 -> 32 -> 32 -> 1,mse,adam_3754,20,128,1.5459,114036.703125,6364.5205078125,6006.44189453125,0.13264088444344113,0.7
2026-09-04 17:12:25,repeat_random_model.py,"(1021, 9)",858,sequential_3755,Dense 16 -> 32 -> 32 -> 32 -> 32 -> 16 -> 1,mse,adam_3755,20,128,1.6174,14298.0537109375,6088.35400390625,5570.240234375,0.19563037567030628,0.7
2026-09-04 17:12:27,repeat_random_model.py,"(1021, 9)",858,sequential_3756,Dense 16 -> 32 -> 32 -> 32 -> 16 -> 128 -> 1,mse,adam_3756,20,128,1.5944,204318.640625,6668.26611328125,6292.41845703125,0.09134449403662015,0.7
2026-09-04 17:12:28,repeat_random_model.py,"(1021, 9)",858,sequential_3757,Dense 16 -> 32 -> 32 -> 32 -> 16 -> 64 -> 1,mse,adam_3757,20,128,1.5316,29517.828125,6114.24755859375,5826.466796875,0.1586301050598221,0.7
2026-09-04 17:12:30,repeat_random_model.py,"(1021, 9)",858,sequential_3758,Dense 16 -> 32 -> 32 -> 32 -> 16 -> 32 -> 1,mse,adam_3758,20,128,1.5882,37367.7578125,5793.8671875,5498.00537109375,0.2060615518980955,0.7
2026-09-04 17:12:32,repeat_random_model.py,"(1021, 9)",858,sequential_3759,Dense 16 -> 32 -> 32 -> 32 -> 16 -> 16 -> 1,mse,adam_3759,20,128,1.5334,324414.09375,6463.7373046875,6108.7294921875,0.11786998548880179,0.7
2026-09-04 17:12:34,repeat_random_model.py,"(1021, 9)",858,sequential_3760,Dense 16 -> 32 -> 32 -> 16 -> 128 -> 128 -> 1,mse,adam_3760,20,128,1.5131,67274.1640625,5334.69580078125,5528.24462890625,0.20169478250115125,0.7
2026-09-04 17:12:36,repeat_random_model.py,"(1021, 9)",858,sequential_3761,Dense 16 -> 32 -> 32 -> 16 -> 128 -> 64 -> 1,mse,adam_3761,20,128,1.6767,58742.9140625,6219.5927734375,5967.83203125,0.13821623169144914,0.7
2026-09-04 17:12:38,repeat_random_model.py,"(1021, 9)",858,sequential_3762,Dense 16 -> 32 -> 32 -> 16 -> 128 -> 32 -> 1,mse,adam_3762,20,128,1.6329,45107.7265625,5796.2724609375,5470.056640625,0.21009748069894818,0.7
2026-09-04 17:12:40,repeat_random_model.py,"(1021, 9)",858,sequential_3763,Dense 16 -> 32 -> 32 -> 16 -> 128 -> 16 -> 1,mse,adam_3763,20,128,1.629,10637.26953125,4906.830078125,4524.72119140625,0.34660848485593787,0.7
2026-09-04 17:12:42,repeat_random_model.py,"(1021, 9)",858,sequential_3764,Dense 16 -> 32 -> 32 -> 16 -> 64 -> 128 -> 1,mse,adam_3764,20,128,1.6725,23187.625,5376.27734375,5168.1123046875,0.2536996200270467,0.7
2026-09-04 17:12:44,repeat_random_model.py,"(1021, 9)",858,sequential_3765,Dense 16 -> 32 -> 32 -> 16 -> 64 -> 64 -> 1,mse,adam_3765,20,128,1.6562,26007.96875,5995.90771484375,5768.84228515625,0.16695127927837827,0.7
2026-09-04 17:12:45,repeat_random_model.py,"(1021, 9)",858,sequential_3766,Dense 16 -> 32 -> 32 -> 16 -> 64 -> 32 -> 1,mse,adam_3766,20,128,1.5775,117000.140625,6129.849609375,5851.34912109375,0.1550370376932413,0.7
2026-09-04 17:12:47,repeat_random_model.py,"(1021, 9)",858,sequential_3767,Dense 16 -> 32 -> 32 -> 16 -> 64 -> 16 -> 1,mse,adam_3767,20,128,1.5874,17428.36328125,5583.0126953125,5247.70947265625,0.24220537054817914,0.7
2026-09-04 17:12:49,repeat_random_model.py,"(1021, 9)",858,sequential_3768,Dense 16 -> 32 -> 32 -> 16 -> 32 -> 128 -> 1,mse,adam_3768,20,128,1.7344,12352.884765625,4933.85693359375,4785.55224609375,0.30894311655264994,0.7
2026-09-04 17:12:51,repeat_random_model.py,"(1021, 9)",858,sequential_3769,Dense 16 -> 32 -> 32 -> 16 -> 32 -> 64 -> 1,mse,adam_3769,20,128,1.5072,80831.078125,6119.953125,5896.8095703125,0.1484723086782187,0.7
2026-09-04 17:12:53,repeat_random_model.py,"(1021, 9)",858,sequential_3770,Dense 16 -> 32 -> 32 -> 16 -> 32 -> 32 -> 1,mse,adam_3770,20,128,1.5718,119854.1015625,6127.4365234375,5810.02587890625,0.16100422352566834,0.7
2026-09-04 17:12:55,repeat_random_model.py,"(1021, 9)",858,sequential_3771,Dense 16 -> 32 -> 32 -> 16 -> 32 -> 16 -> 1,mse,adam_3771,20,128,1.4519,12330.490234375,5709.64306640625,6204.744140625,0.10400495487189376,0.7
2026-09-04 17:12:56,repeat_random_model.py,"(1021, 9)",858,sequential_3772,Dense 16 -> 32 -> 32 -> 16 -> 16 -> 128 -> 1,mse,adam_3772,20,128,1.4721,54360.09765625,6425.3779296875,6121.2900390625,0.11605622764466594,0.7
2026-09-04 17:12:58,repeat_random_model.py,"(1021, 9)",858,sequential_3773,Dense 16 -> 32 -> 32 -> 16 -> 16 -> 64 -> 1,mse,adam_3773,20,128,1.583,15647.01953125,5655.6357421875,5562.814453125,0.196702751601196,0.7
2026-09-04 17:13:00,repeat_random_model.py,"(1021, 9)",858,sequential_3774,Dense 16 -> 32 -> 32 -> 16 -> 16 -> 32 -> 1,mse,adam_3774,20,128,1.4281,15155.068359375,5521.806640625,5599.5654296875,0.19139572007054895,0.7
2026-09-04 17:13:02,repeat_random_model.py,"(1021, 9)",858,sequential_3775,Dense 16 -> 32 -> 32 -> 16 -> 16 -> 16 -> 1,mse,adam_3775,20,128,1.4738,22734.494140625,5789.576171875,5523.470703125,0.20238411590334293,0.7
2026-09-04 17:13:03,repeat_random_model.py,"(1021, 9)",858,sequential_3776,Dense 16 -> 32 -> 16 -> 128 -> 128 -> 128 -> 1,mse,adam_3776,20,128,1.5399,69366.125,5942.0576171875,5694.68359375,0.1776601013671658,0.7
2026-09-04 17:13:05,repeat_random_model.py,"(1021, 9)",858,sequential_3777,Dense 16 -> 32 -> 16 -> 128 -> 128 -> 64 -> 1,mse,adam_3777,20,128,1.4878,48254.91796875,5652.42626953125,5455.6591796875,0.21217648562698355,0.7
2026-09-04 17:13:07,repeat_random_model.py,"(1021, 9)",858,sequential_3778,Dense 16 -> 32 -> 16 -> 128 -> 128 -> 32 -> 1,mse,adam_3778,20,128,1.4951,93464.5546875,6450.58740234375,6205.177734375,0.1039424312465772,0.7
2026-09-04 17:13:09,repeat_random_model.py,"(1021, 9)",858,sequential_3779,Dense 16 -> 32 -> 16 -> 128 -> 128 -> 16 -> 1,mse,adam_3779,20,128,1.6097,113441.7265625,6555.91064453125,6250.07470703125,0.09745911302211896,0.7
2026-09-04 17:13:10,repeat_random_model.py,"(1021, 9)",858,sequential_3780,Dense 16 -> 32 -> 16 -> 128 -> 64 -> 128 -> 1,mse,adam_3780,20,128,1.5,81945.0859375,5960.7646484375,5887.53271484375,0.14981191559582918,0.7
2026-09-04 17:13:12,repeat_random_model.py,"(1021, 9)",858,sequential_3781,Dense 16 -> 32 -> 16 -> 128 -> 64 -> 64 -> 1,mse,adam_3781,20,128,1.5702,84073.484375,5835.58056640625,5640.76318359375,0.18544655303183633,0.7
2026-09-04 17:13:14,repeat_random_model.py,"(1021, 9)",858,sequential_3782,Dense 16 -> 32 -> 16 -> 128 -> 64 -> 32 -> 1,mse,adam_3782,20,128,1.4596,287904.375,5997.15966796875,5688.41748046875,0.1785651947368565,0.7
2026-09-04 17:13:16,repeat_random_model.py,"(1021, 9)",858,sequential_3783,Dense 16 -> 32 -> 16 -> 128 -> 64 -> 16 -> 1,mse,adam_3783,20,128,1.5358,31626.814453125,5643.17822265625,5323.396484375,0.2312758372996827,0.7
2026-09-04 17:13:18,repeat_random_model.py,"(1021, 9)",858,sequential_3784,Dense 16 -> 32 -> 16 -> 128 -> 32 -> 128 -> 1,mse,adam_3784,20,128,1.525,24263.201171875,5586.7294921875,5105.7802734375,0.26270068310036343,0.7
2026-09-04 17:13:19,repeat_random_model.py,"(1021, 9)",858,sequential_3785,Dense 16 -> 32 -> 16 -> 128 -> 32 -> 64 -> 1,mse,adam_3785,20,128,1.583,21730.166015625,5846.197265625,5463.75244140625,0.21100783286873748,0.7
2026-09-04 17:13:21,repeat_random_model.py,"(1021, 9)",858,sequential_3786,Dense 16 -> 32 -> 16 -> 128 -> 32 -> 32 -> 1,mse,adam_3786,20,128,1.6209,31297.177734375,5971.85595703125,6081.32763671875,0.12182692773730597,0.7
2026-09-04 17:13:23,repeat_random_model.py,"(1021, 9)",858,sequential_3787,Dense 16 -> 32 -> 16 -> 128 -> 32 -> 16 -> 1,mse,adam_3787,20,128,1.5359,60213.5859375,6407.54296875,6701.841796875,0.032221701224163235,0.7
2026-09-04 17:13:25,repeat_random_model.py,"(1021, 9)",858,sequential_3788,Dense 16 -> 32 -> 16 -> 128 -> 16 -> 128 -> 1,mse,adam_3788,20,128,1.4921,9534.7890625,5468.78271484375,5104.904296875,0.2628271672300624,0.7
2026-09-04 17:13:27,repeat_random_model.py,"(1021, 9)",858,sequential_3789,Dense 16 -> 32 -> 16 -> 128 -> 16 -> 64 -> 1,mse,adam_3789,20,128,1.4674,25349.54296875,5575.431640625,5387.39794921875,0.2220337366979943,0.7
2026-09-04 17:13:28,repeat_random_model.py,"(1021, 9)",858,sequential_3790,Dense 16 -> 32 -> 16 -> 128 -> 16 -> 32 -> 1,mse,adam_3790,20,128,1.4673,23791.484375,5621.8564453125,5503.72509765625,0.20523560829820808,0.7
2026-09-04 17:13:30,repeat_random_model.py,"(1021, 9)",858,sequential_3791,Dense 16 -> 32 -> 16 -> 128 -> 16 -> 16 -> 1,mse,adam_3791,20,128,1.4472,20121.947265625,5720.11572265625,5514.68017578125,0.20365345848857552,0.7
2026-09-04 17:13:32,repeat_random_model.py,"(1021, 9)",858,sequential_3792,Dense 16 -> 32 -> 16 -> 64 -> 128 -> 128 -> 1,mse,adam_3792,20,128,1.6524,70706.7890625,5773.1455078125,5357.00048828125,0.22642335265040714,0.7
2026-09-04 17:13:34,repeat_random_model.py,"(1021, 9)",858,sequential_3793,Dense 16 -> 32 -> 16 -> 64 -> 128 -> 64 -> 1,mse,adam_3793,20,128,1.5358,73977.625,5845.5859375,5533.21533203125,0.2009770305991081,0.7
2026-09-04 17:13:36,repeat_random_model.py,"(1021, 9)",858,sequential_3794,Dense 16 -> 32 -> 16 -> 64 -> 128 -> 32 -> 1,mse,adam_3794,20,128,1.5416,58401.93359375,6240.0517578125,5927.09716796875,0.14409854267568778,0.7
2026-09-04 17:13:37,repeat_random_model.py,"(1021, 9)",858,sequential_3795,Dense 16 -> 32 -> 16 -> 64 -> 128 -> 16 -> 1,mse,adam_3795,20,128,1.5464,23034.91796875,5469.640625,5509.63037109375,0.20438286891889068,0.7
2026-09-04 17:13:39,repeat_random_model.py,"(1021, 9)",858,sequential_3796,Dense 16 -> 32 -> 16 -> 64 -> 64 -> 128 -> 1,mse,adam_3796,20,128,1.5402,39535.8125,5631.7158203125,5328.36474609375,0.23055841406859734,0.7
2026-09-04 17:13:41,repeat_random_model.py,"(1021, 9)",858,sequential_3797,Dense 16 -> 32 -> 16 -> 64 -> 64 -> 64 -> 1,mse,adam_3797,20,128,1.5436,21968.3125,5784.04296875,5673.646484375,0.18069810235924355,0.7
2026-09-04 17:13:43,repeat_random_model.py,"(1021, 9)",858,sequential_3798,Dense 16 -> 32 -> 16 -> 64 -> 64 -> 32 -> 1,mse,adam_3798,20,128,1.5631,29249.17578125,6176.2236328125,6075.07177734375,0.12273019436233279,0.7
2026-09-04 17:13:45,repeat_random_model.py,"(1021, 9)",858,sequential_3799,Dense 16 -> 32 -> 16 -> 64 -> 64 -> 16 -> 1,mse,adam_3799,20,128,1.4419,20157.7109375,5546.44189453125,5370.47607421875,0.22447739100734299,0.7
2026-09-04 17:13:46,repeat_random_model.py,"(1021, 9)",858,sequential_3800,Dense 16 -> 32 -> 16 -> 64 -> 32 -> 128 -> 1,mse,adam_3800,20,128,1.4658,19614.990234375,5800.11083984375,5558.4765625,0.1973291226345597,0.7
2026-09-04 17:13:48,repeat_random_model.py,"(1021, 9)",858,sequential_3801,Dense 16 -> 32 -> 16 -> 64 -> 32 -> 64 -> 1,mse,adam_3801,20,128,1.5458,10282.216796875,5032.44970703125,6300.234375,0.09021568875445718,0.7
2026-09-04 17:13:50,repeat_random_model.py,"(1021, 9)",858,sequential_3802,Dense 16 -> 32 -> 16 -> 64 -> 32 -> 32 -> 1,mse,adam_3802,20,128,1.5578,24475.646484375,6081.4990234375,6026.125,0.12979849034638646,0.7
2026-09-04 17:13:52,repeat_random_model.py,"(1021, 9)",858,sequential_3803,Dense 16 -> 32 -> 16 -> 64 -> 32 -> 16 -> 1,mse,adam_3803,20,128,1.4983,115129.7421875,6528.3388671875,6100.9912109375,0.11898733824018526,0.7
2026-09-04 17:13:53,repeat_random_model.py,"(1021, 9)",858,sequential_3804,Dense 16 -> 32 -> 16 -> 64 -> 16 -> 128 -> 1,mse,adam_3804,20,128,1.5549,10824.576171875,5607.10986328125,5961.57666015625,0.1391195036929267,0.7
2026-09-04 17:13:55,repeat_random_model.py,"(1021, 9)",858,sequential_3805,Dense 16 -> 32 -> 16 -> 64 -> 16 -> 64 -> 1,mse,adam_3805,20,128,1.5267,37294.578125,6438.08203125,6091.455078125,0.12036452217315263,0.7
2026-09-04 17:13:57,repeat_random_model.py,"(1021, 9)",858,sequential_3806,Dense 16 -> 32 -> 16 -> 64 -> 16 -> 32 -> 1,mse,adam_3806,20,128,1.4525,110691.1328125,6560.5986328125,6248.7646484375,0.09764822368483472,0.7
2026-09-04 17:13:59,repeat_random_model.py,"(1021, 9)",858,sequential_3807,Dense 16 -> 32 -> 16 -> 64 -> 16 -> 16 -> 1,mse,adam_3807,20,128,1.5088,23270.748046875,5709.4541015625,5532.333984375,0.20110422155591157,0.7
2026-09-04 17:14:01,repeat_random_model.py,"(1021, 9)",858,sequential_3808,Dense 16 -> 32 -> 16 -> 32 -> 128 -> 128 -> 1,mse,adam_3808,20,128,1.7239,50491.359375,5600.396484375,5237.6689453125,0.2436553314954295,0.7
2026-09-04 17:14:03,repeat_random_model.py,"(1021, 9)",858,sequential_3809,Dense 16 -> 32 -> 16 -> 32 -> 128 -> 64 -> 1,mse,adam_3809,20,128,1.5782,72995.2421875,6263.70654296875,5931.94970703125,0.14339785855088827,0.7
2026-09-04 17:14:05,repeat_random_model.py,"(1021, 9)",858,sequential_3810,Dense 16 -> 32 -> 16 -> 32 -> 128 -> 32 -> 1,mse,adam_3810,20,128,1.5148,18142.537109375,5197.931640625,4876.2783203125,0.2958418992980968,0.7
2026-09-04 17:14:06,repeat_random_model.py,"(1021, 9)",858,sequential_3811,Dense 16 -> 32 -> 16 -> 32 -> 128 -> 16 -> 1,mse,adam_3811,20,128,1.5038,27191.703125,6072.2578125,5684.1025390625,0.17918806325192405,0.7
2026-09-04 17:14:08,repeat_random_model.py,"(1021, 9)",858,sequential_3812,Dense 16 -> 32 -> 16 -> 32 -> 64 -> 128 -> 1,mse,adam_3812,20,128,1.5064,43212.05859375,6292.0966796875,6072.2861328125,0.12313255332612927,0.7
2026-09-04 17:14:10,repeat_random_model.py,"(1021, 9)",858,sequential_3813,Dense 16 -> 32 -> 16 -> 32 -> 64 -> 64 -> 1,mse,adam_3813,20,128,1.4934,23674.451171875,6029.5078125,5485.62109375,0.2078498753533441,0.7
2026-09-04 17:14:12,repeat_random_model.py,"(1021, 9)",858,sequential_3814,Dense 16 -> 32 -> 16 -> 32 -> 64 -> 32 -> 1,mse,adam_3814,20,128,1.4707,19657.03125,4909.7041015625,4715.68798828125,0.31903193125591056,0.7
2026-09-04 17:14:13,repeat_random_model.py,"(1021, 9)",858,sequential_3815,Dense 16 -> 32 -> 16 -> 32 -> 64 -> 16 -> 1,mse,adam_3815,20,128,1.4831,13865.6748046875,6118.1865234375,6103.98876953125,0.11855461507390752,0.7
2026-09-04 17:14:15,repeat_random_model.py,"(1021, 9)",858,sequential_3816,Dense 16 -> 32 -> 16 -> 32 -> 32 -> 128 -> 1,mse,adam_3816,20,128,1.5176,11345.791015625,5376.9326171875,5131.181640625,0.2590326060785336,0.7
2026-09-04 17:14:17,repeat_random_model.py,"(1021, 9)",858,sequential_3817,Dense 16 -> 32 -> 16 -> 32 -> 32 -> 64 -> 1,mse,adam_3817,20,128,1.4643,38168.7578125,5843.54931640625,5634.17626953125,0.18639786887850396,0.7
2026-09-04 17:14:19,repeat_random_model.py,"(1021, 9)",858,sequential_3818,Dense 16 -> 32 -> 16 -> 32 -> 32 -> 32 -> 1,mse,adam_3818,20,128,1.4687,9431.775390625,4773.21240234375,4428.8330078125,0.36045514012994206,0.7
2026-09-04 17:14:20,repeat_random_model.py,"(1021, 9)",858,sequential_3819,Dense 16 -> 32 -> 16 -> 32 -> 32 -> 16 -> 1,mse,adam_3819,20,128,1.6024,24676.30078125,6146.77880859375,5806.36572265625,0.1615327658981326,0.7
2026-09-04 17:14:22,repeat_random_model.py,"(1021, 9)",858,sequential_3820,Dense 16 -> 32 -> 16 -> 32 -> 16 -> 128 -> 1,mse,adam_3820,20,128,1.5365,39540.2578125,6282.67333984375,6030.55419921875,0.12915884953272228,0.7
2026-09-04 17:14:24,repeat_random_model.py,"(1021, 9)",858,sequential_3821,Dense 16 -> 32 -> 16 -> 32 -> 16 -> 64 -> 1,mse,adam_3821,20,128,1.4486,10576.9755859375,5663.82568359375,5504.9423828125,0.20505986399730747,0.7
2026-09-04 17:14:26,repeat_random_model.py,"(1021, 9)",858,sequential_3822,Dense 16 -> 32 -> 16 -> 32 -> 16 -> 32 -> 1,mse,adam_3822,20,128,1.4373,57786.4765625,6309.7578125,5974.9208984375,0.137192637727947,0.7
2026-09-04 17:14:27,repeat_random_model.py,"(1021, 9)",858,sequential_3823,Dense 16 -> 32 -> 16 -> 32 -> 16 -> 16 -> 1,mse,adam_3823,20,128,1.4567,56375.83984375,6413.3701171875,6084.28076171875,0.1214005047017519,0.7
2026-09-04 17:14:29,repeat_random_model.py,"(1021, 9)",858,sequential_3824,Dense 16 -> 32 -> 16 -> 16 -> 128 -> 128 -> 1,mse,adam_3824,20,128,1.4984,78444.34375,5774.53173828125,5560.197265625,0.19708073775273405,0.7
2026-09-04 17:14:31,repeat_random_model.py,"(1021, 9)",858,sequential_3825,Dense 16 -> 32 -> 16 -> 16 -> 128 -> 64 -> 1,mse,adam_3825,20,128,1.4491,85720.34375,5911.3828125,5659.2255859375,0.18278054271907995,0.7
2026-09-04 17:14:33,repeat_random_model.py,"(1021, 9)",858,sequential_3826,Dense 16 -> 32 -> 16 -> 16 -> 128 -> 32 -> 1,mse,adam_3826,20,128,1.5915,182545.8125,6473.22900390625,6149.18603515625,0.1120278213571757,0.7
2026-09-04 17:14:34,repeat_random_model.py,"(1021, 9)",858,sequential_3827,Dense 16 -> 32 -> 16 -> 16 -> 128 -> 16 -> 1,mse,adam_3827,20,128,1.426,70859.7109375,6274.12646484375,5927.158203125,0.1440897603438014,0.7
2026-09-04 17:14:36,repeat_random_model.py,"(1021, 9)",858,sequential_3828,Dense 16 -> 32 -> 16 -> 16 -> 64 -> 128 -> 1,mse,adam_3828,20,128,1.4705,25592.37890625,5670.06884765625,5440.56640625,0.21435596744456165,0.7
2026-09-04 17:14:46,repeat_random_model.py,"(1021, 9)",858,sequential_3829,Dense 16 -> 32 -> 16 -> 16 -> 64 -> 64 -> 1,mse,adam_3829,20,128,7.9125,10467.435546875,5759.6669921875,5024.8994140625,0.2743802294657658,0.7
2026-09-04 17:14:58,repeat_random_model.py,"(1021, 9)",858,sequential_3830,Dense 16 -> 32 -> 16 -> 16 -> 64 -> 32 -> 1,mse,adam_3830,20,128,10.7452,117189.328125,6434.05224609375,6109.560546875,0.11775001170979538,0.7
2026-09-04 17:15:10,repeat_random_model.py,"(1021, 9)",858,sequential_3831,Dense 16 -> 32 -> 16 -> 16 -> 64 -> 16 -> 1,mse,adam_3831,20,128,9.3116,46085.125,5998.0537109375,5772.7734375,0.1663836491379822,0.7
2026-09-04 17:15:23,repeat_random_model.py,"(1021, 9)",858,sequential_3832,Dense 16 -> 32 -> 16 -> 16 -> 32 -> 128 -> 1,mse,adam_3832,20,128,11.1855,51142.30078125,6152.150390625,6008.93994140625,0.13228002764893454,0.7
2026-09-04 17:15:35,repeat_random_model.py,"(1021, 9)",858,sequential_3833,Dense 16 -> 32 -> 16 -> 16 -> 32 -> 64 -> 1,mse,adam_3833,20,128,10.4124,19508.1484375,6114.0263671875,5873.77490234375,0.15179853222181872,0.7
2026-09-04 17:15:47,repeat_random_model.py,"(1021, 9)",858,sequential_3834,Dense 16 -> 32 -> 16 -> 16 -> 32 -> 32 -> 1,mse,adam_3834,20,128,10.5553,107998.8515625,6135.80810546875,5858.1845703125,0.1540500077972985,0.7
2026-09-04 17:16:01,repeat_random_model.py,"(1021, 9)",858,sequential_3835,Dense 16 -> 32 -> 16 -> 16 -> 32 -> 16 -> 1,mse,adam_3835,20,128,11.9804,10964.5869140625,6095.02783203125,6506.7841796875,0.06038904112712673,0.7
2026-09-04 17:16:13,repeat_random_model.py,"(1021, 9)",858,sequential_3836,Dense 16 -> 32 -> 16 -> 16 -> 16 -> 128 -> 1,mse,adam_3836,20,128,9.9153,8665.3251953125,5746.94921875,5351.2060546875,0.2272599896072619,0.7
2026-09-04 17:16:23,repeat_random_model.py,"(1021, 9)",858,sequential_3837,Dense 16 -> 32 -> 16 -> 16 -> 16 -> 64 -> 1,mse,adam_3837,20,128,9.5582,53071.73046875,5899.626953125,5649.130859375,0.1842382444111721,0.7
2026-09-04 17:16:36,repeat_random_model.py,"(1021, 9)",858,sequential_3838,Dense 16 -> 32 -> 16 -> 16 -> 16 -> 32 -> 1,mse,adam_3838,20,128,10.6509,22852.9296875,6117.13525390625,5922.181640625,0.14480855113586732,0.7
2026-09-04 17:16:48,repeat_random_model.py,"(1021, 9)",858,sequential_3839,Dense 16 -> 32 -> 16 -> 16 -> 16 -> 16 -> 1,mse,adam_3839,20,128,10.1227,259702.875,6933.2998046875,6444.01806640625,0.06945268997127263,0.7
2026-09-04 17:17:05,repeat_random_model.py,"(1021, 9)",858,sequential_3840,Dense 16 -> 16 -> 128 -> 128 -> 128 -> 128 -> 1,mse,adam_3840,20,128,15.1318,139103.890625,6180.4306640625,5988.615234375,0.13521508937436766,0.7
2026-09-04 17:17:20,repeat_random_model.py,"(1021, 9)",858,sequential_3841,Dense 16 -> 16 -> 128 -> 128 -> 128 -> 64 -> 1,mse,adam_3841,20,128,13.5933,167133.015625,5734.4052734375,5673.60693359375,0.1807038250309515,0.7
2026-09-04 17:17:33,repeat_random_model.py,"(1021, 9)",858,sequential_3842,Dense 16 -> 16 -> 128 -> 128 -> 128 -> 32 -> 1,mse,adam_3842,20,128,10.7654,173811.859375,5951.4580078125,5752.5068359375,0.16931018130015907,0.7
2026-09-04 17:17:47,repeat_random_model.py,"(1021, 9)",858,sequential_3843,Dense 16 -> 16 -> 128 -> 128 -> 128 -> 16 -> 1,mse,adam_3843,20,128,11.8079,134551.90625,6066.21044921875,5883.29443359375,0.1504239573014251,0.7
2026-09-04 17:18:02,repeat_random_model.py,"(1021, 9)",858,sequential_3844,Dense 16 -> 16 -> 128 -> 128 -> 64 -> 128 -> 1,mse,adam_3844,20,128,13.1236,81646.09375,6149.85693359375,5937.1259765625,0.14265033117265757,0.7
2026-09-04 17:18:14,repeat_random_model.py,"(1021, 9)",858,sequential_3845,Dense 16 -> 16 -> 128 -> 128 -> 64 -> 64 -> 1,mse,adam_3845,20,128,10.9649,104746.34375,6289.46875,6029.3115234375,0.1293383600772876,0.7
2026-09-04 17:18:19,repeat_random_model.py,"(1021, 9)",858,sequential_3846,Dense 16 -> 16 -> 128 -> 128 -> 64 -> 32 -> 1,mse,adam_3846,20,128,3.9659,61546.25390625,4917.07275390625,4530.173828125,0.34582105197862123,0.7
2026-09-04 17:18:21,repeat_random_model.py,"(1021, 9)",858,sequential_3847,Dense 16 -> 16 -> 128 -> 128 -> 64 -> 16 -> 1,mse,adam_3847,20,128,1.6092,119415.7421875,6450.6171875,6290.10791015625,0.09167809023815321,0.7
2026-09-04 17:18:23,repeat_random_model.py,"(1021, 9)",858,sequential_3848,Dense 16 -> 16 -> 128 -> 128 -> 32 -> 128 -> 1,mse,adam_3848,20,128,1.5471,33393.203125,6101.82177734375,5788.73876953125,0.16407825309304547,0.7
2026-09-04 17:18:24,repeat_random_model.py,"(1021, 9)",858,sequential_3849,Dense 16 -> 16 -> 128 -> 128 -> 32 -> 64 -> 1,mse,adam_3849,20,128,1.5552,64042.94921875,6185.05029296875,5963.82861328125,0.13879430916414037,0.7
2026-09-04 17:18:26,repeat_random_model.py,"(1021, 9)",858,sequential_3850,Dense 16 -> 16 -> 128 -> 128 -> 32 -> 32 -> 1,mse,adam_3850,20,128,1.655,72418.0859375,5908.5859375,5631.8681640625,0.18673105148545943,0.7
2026-09-04 17:18:28,repeat_random_model.py,"(1021, 9)",858,sequential_3851,Dense 16 -> 16 -> 128 -> 128 -> 32 -> 16 -> 1,mse,adam_3851,20,128,1.4727,52843.30859375,5781.33935546875,5603.712890625,0.1907968642214991,0.7
2026-09-04 17:18:30,repeat_random_model.py,"(1021, 9)",858,sequential_3852,Dense 16 -> 16 -> 128 -> 128 -> 16 -> 128 -> 1,mse,adam_3852,20,128,1.4624,28706.08984375,5837.958984375,5704.46826171875,0.1762473689658537,0.7
2026-09-04 17:18:31,repeat_random_model.py,"(1021, 9)",858,sequential_3853,Dense 16 -> 16 -> 128 -> 128 -> 16 -> 64 -> 1,mse,adam_3853,20,128,1.4534,79838.9296875,6364.1787109375,6046.802734375,0.12681260269248296,0.7
2026-09-04 17:18:33,repeat_random_model.py,"(1021, 9)",858,sequential_3854,Dense 16 -> 16 -> 128 -> 128 -> 16 -> 32 -> 1,mse,adam_3854,20,128,1.552,53377.19921875,5496.64599609375,5049.140625,0.27087972889944667,0.7
2026-09-04 17:18:35,repeat_random_model.py,"(1021, 9)",858,sequential_3855,Dense 16 -> 16 -> 128 -> 128 -> 16 -> 16 -> 1,mse,adam_3855,20,128,1.4975,25935.822265625,5791.720703125,5501.21923828125,0.20559740575022944,0.7
2026-09-04 17:18:37,repeat_random_model.py,"(1021, 9)",858,sequential_3856,Dense 16 -> 16 -> 128 -> 64 -> 128 -> 128 -> 1,mse,adam_3856,20,128,1.6745,54230.23046875,5864.615234375,5973.41796875,0.1374096920000729,0.7
2026-09-04 17:18:39,repeat_random_model.py,"(1021, 9)",858,sequential_3857,Dense 16 -> 16 -> 128 -> 64 -> 128 -> 64 -> 1,mse,adam_3857,20,128,1.6751,127940.171875,5756.44970703125,5457.5302734375,0.21190626882605923,0.7
2026-09-04 17:18:41,repeat_random_model.py,"(1021, 9)",858,sequential_3858,Dense 16 -> 16 -> 128 -> 64 -> 128 -> 32 -> 1,mse,adam_3858,20,128,1.5699,34022.85546875,5336.16162109375,5022.32666015625,0.2747517191932918,0.7
2026-09-04 17:18:43,repeat_random_model.py,"(1021, 9)",858,sequential_3859,Dense 16 -> 16 -> 128 -> 64 -> 128 -> 16 -> 1,mse,adam_3859,20,128,1.5226,112313.546875,6272.123046875,5976.2958984375,0.13699407924438134,0.7
2026-09-04 17:18:45,repeat_random_model.py,"(1021, 9)",858,sequential_3860,Dense 16 -> 16 -> 128 -> 64 -> 64 -> 128 -> 1,mse,adam_3860,20,128,1.5186,43492.7578125,5384.81494140625,4897.49267578125,0.2927784359778123,0.7
2026-09-04 17:18:46,repeat_random_model.py,"(1021, 9)",858,sequential_3861,Dense 16 -> 16 -> 128 -> 64 -> 64 -> 64 -> 1,mse,adam_3861,20,128,1.6074,30020.31640625,5005.0419921875,4587.294921875,0.3375725208100947,0.7
2026-09-04 17:18:48,repeat_random_model.py,"(1021, 9)",858,sequential_3862,Dense 16 -> 16 -> 128 -> 64 -> 64 -> 32 -> 1,mse,adam_3862,20,128,1.502,47903.859375,6149.1689453125,5705.2724609375,0.17613118219948998,0.7
2026-09-04 17:18:50,repeat_random_model.py,"(1021, 9)",858,sequential_3863,Dense 16 -> 16 -> 128 -> 64 -> 64 -> 16 -> 1,mse,adam_3863,20,128,1.5933,125278.6171875,5979.32568359375,5656.55712890625,0.18316593260255354,0.7
2026-09-04 17:18:52,repeat_random_model.py,"(1021, 9)",858,sequential_3864,Dense 16 -> 16 -> 128 -> 64 -> 32 -> 128 -> 1,mse,adam_3864,20,128,1.6407,31233.310546875,6185.06689453125,6111.6123046875,0.11745362132174919,0.7
2026-09-04 17:18:54,repeat_random_model.py,"(1021, 9)",858,sequential_3865,Dense 16 -> 16 -> 128 -> 64 -> 32 -> 64 -> 1,mse,adam_3865,20,128,1.5178,31044.12890625,6195.8662109375,6121.18701171875,0.11607099543729538,0.7
2026-09-04 17:18:56,repeat_random_model.py,"(1021, 9)",858,sequential_3866,Dense 16 -> 16 -> 128 -> 64 -> 32 -> 32 -> 1,mse,adam_3866,20,128,1.5674,141281.140625,6262.56982421875,6495.904296875,0.06196006972353829,0.7
2026-09-04 17:18:57,repeat_random_model.py,"(1021, 9)",858,sequential_3867,Dense 16 -> 16 -> 128 -> 64 -> 32 -> 16 -> 1,mse,adam_3867,20,128,1.5408,39264.859375,5535.8798828125,5388.01220703125,0.22194509298028187,0.7
2026-09-04 17:18:59,repeat_random_model.py,"(1021, 9)",858,sequential_3868,Dense 16 -> 16 -> 128 -> 64 -> 16 -> 128 -> 1,mse,adam_3868,20,128,1.5385,15751.2099609375,5627.15966796875,5024.52001953125,0.27443501177173457,0.7
2026-09-04 17:19:01,repeat_random_model.py,"(1021, 9)",858,sequential_3869,Dense 16 -> 16 -> 128 -> 64 -> 16 -> 64 -> 1,mse,adam_3869,20,128,1.5346,51741.84765625,5663.70263671875,5547.5400390625,0.19890852968693518,0.7
2026-09-04 17:19:03,repeat_random_model.py,"(1021, 9)",858,sequential_3870,Dense 16 -> 16 -> 128 -> 64 -> 16 -> 32 -> 1,mse,adam_3870,20,128,1.6658,29263.994140625,6324.5302734375,5910.43359375,0.14650491844171343,0.7
2026-09-04 17:19:05,repeat_random_model.py,"(1021, 9)",858,sequential_3871,Dense 16 -> 16 -> 128 -> 64 -> 16 -> 16 -> 1,mse,adam_3871,20,128,1.6523,85927.296875,6277.14208984375,5913.66455078125,0.14603824238314966,0.7
2026-09-04 17:19:07,repeat_random_model.py,"(1021, 9)",858,sequential_3872,Dense 16 -> 16 -> 128 -> 32 -> 128 -> 128 -> 1,mse,adam_3872,20,128,1.7199,49430.7734375,5665.8828125,5496.18017578125,0.20632509724296633,0.7
2026-09-04 17:19:09,repeat_random_model.py,"(1021, 9)",858,sequential_3873,Dense 16 -> 16 -> 128 -> 32 -> 128 -> 64 -> 1,mse,adam_3873,20,128,1.5636,57683.82421875,5955.54638671875,5686.5078125,0.1788407584183278,0.7
2026-09-04 17:19:11,repeat_random_model.py,"(1021, 9)",858,sequential_3874,Dense 16 -> 16 -> 128 -> 32 -> 128 -> 32 -> 1,mse,adam_3874,20,128,1.6072,47981.92578125,5765.58837890625,5403.68505859375,0.21968195968276116,0.7
2026-09-04 17:19:12,repeat_random_model.py,"(1021, 9)",858,sequential_3875,Dense 16 -> 16 -> 128 -> 32 -> 128 -> 16 -> 1,mse,adam_3875,20,128,1.5909,108910.2265625,6431.75927734375,6165.88427734375,0.10961652603782168,0.7
2026-09-04 17:19:14,repeat_random_model.py,"(1021, 9)",858,sequential_3876,Dense 16 -> 16 -> 128 -> 32 -> 64 -> 128 -> 1,mse,adam_3876,20,128,1.5218,36562.6015625,6085.43798828125,5686.45361328125,0.1788485810339252,0.7
2026-09-04 17:19:16,repeat_random_model.py,"(1021, 9)",858,sequential_3877,Dense 16 -> 16 -> 128 -> 32 -> 64 -> 64 -> 1,mse,adam_3877,20,128,1.471,56705.2578125,6115.23046875,5924.37890625,0.1444910054379539,0.7
2026-09-04 17:19:18,repeat_random_model.py,"(1021, 9)",858,sequential_3878,Dense 16 -> 16 -> 128 -> 32 -> 64 -> 32 -> 1,mse,adam_3878,20,128,1.7163,14618.3720703125,5301.13623046875,4946.41455078125,0.2857139443310115,0.7
2026-09-04 17:19:20,repeat_random_model.py,"(1021, 9)",858,sequential_3879,Dense 16 -> 16 -> 128 -> 32 -> 64 -> 16 -> 1,mse,adam_3879,20,128,1.4737,21097.8515625,6267.67822265625,5991.12060546875,0.13485330752405222,0.7
2026-09-04 17:19:22,repeat_random_model.py,"(1021, 9)",858,sequential_3880,Dense 16 -> 16 -> 128 -> 32 -> 32 -> 128 -> 1,mse,adam_3880,20,128,1.5021,21588.787109375,4878.54541015625,4962.03515625,0.28345818246216825,0.7
2026-09-04 17:19:23,repeat_random_model.py,"(1021, 9)",858,sequential_3881,Dense 16 -> 16 -> 128 -> 32 -> 32 -> 64 -> 1,mse,adam_3881,20,128,1.4857,50164.60546875,6192.36376953125,5922.45751953125,0.1447685034805125,0.7
2026-09-04 17:19:25,repeat_random_model.py,"(1021, 9)",858,sequential_3882,Dense 16 -> 16 -> 128 -> 32 -> 32 -> 32 -> 1,mse,adam_3882,20,128,1.4562,31583.712890625,5795.3642578125,5568.67333984375,0.19585668680943757,0.7
2026-09-04 17:19:27,repeat_random_model.py,"(1021, 9)",858,sequential_3883,Dense 16 -> 16 -> 128 -> 32 -> 32 -> 16 -> 1,mse,adam_3883,20,128,1.601,14913.2939453125,5581.669921875,5316.9599609375,0.23220538447755457,0.7
2026-09-04 17:19:29,repeat_random_model.py,"(1021, 9)",858,sequential_3884,Dense 16 -> 16 -> 128 -> 32 -> 16 -> 128 -> 1,mse,adam_3884,20,128,1.5582,9295.1376953125,5301.01416015625,4980.89208984375,0.28073517899391176,0.7
2026-09-04 17:19:31,repeat_random_model.py,"(1021, 9)",858,sequential_3885,Dense 16 -> 16 -> 128 -> 32 -> 16 -> 64 -> 1,mse,adam_3885,20,128,1.5695,16980.85546875,6251.48779296875,6469.85205078125,0.06572208229243115,0.7
2026-09-04 17:19:32,repeat_random_model.py,"(1021, 9)",858,sequential_3886,Dense 16 -> 16 -> 128 -> 32 -> 16 -> 32 -> 1,mse,adam_3886,20,128,1.4431,20079.41015625,5984.9228515625,5733.84130859375,0.1720056418109438,0.7
2026-09-04 17:19:34,repeat_random_model.py,"(1021, 9)",858,sequential_3887,Dense 16 -> 16 -> 128 -> 32 -> 16 -> 16 -> 1,mse,adam_3887,20,128,1.54,12581.3330078125,5665.283203125,5290.9404296875,0.23596264907162823,0.7
2026-09-04 17:19:36,repeat_random_model.py,"(1021, 9)",858,sequential_3888,Dense 16 -> 16 -> 128 -> 16 -> 128 -> 128 -> 1,mse,adam_3888,20,128,1.5191,27365.6953125,5105.90283203125,4477.55859375,0.353418895175734,0.7
2026-09-04 17:19:38,repeat_random_model.py,"(1021, 9)",858,sequential_3889,Dense 16 -> 16 -> 128 -> 16 -> 128 -> 64 -> 1,mse,adam_3889,20,128,1.4926,27332.32421875,6446.0390625,6220.7578125,0.10169258561108052,0.7
2026-09-04 17:19:40,repeat_random_model.py,"(1021, 9)",858,sequential_3890,Dense 16 -> 16 -> 128 -> 16 -> 128 -> 32 -> 1,mse,adam_3890,20,128,1.5834,15247.099609375,4314.71044921875,5111.404296875,0.26188854149818064,0.7
2026-09-04 17:19:41,repeat_random_model.py,"(1021, 9)",858,sequential_3891,Dense 16 -> 16 -> 128 -> 16 -> 128 -> 16 -> 1,mse,adam_3891,20,128,1.441,21807.404296875,5700.8564453125,5629.65185546875,0.18705107307687996,0.7
2026-09-04 17:19:43,repeat_random_model.py,"(1021, 9)",858,sequential_3892,Dense 16 -> 16 -> 128 -> 16 -> 64 -> 128 -> 1,mse,adam_3892,20,128,1.4552,19433.8203125,6586.712890625,5768.93505859375,0.16693797215657347,0.7
2026-09-04 17:19:45,repeat_random_model.py,"(1021, 9)",858,sequential_3893,Dense 16 -> 16 -> 128 -> 16 -> 64 -> 64 -> 1,mse,adam_3893,20,128,1.5157,69530.546875,6285.5859375,5956.5234375,0.13984929633590626,0.7
2026-09-04 17:19:46,repeat_random_model.py,"(1021, 9)",858,sequential_3894,Dense 16 -> 16 -> 128 -> 16 -> 64 -> 32 -> 1,mse,adam_3894,20,128,1.4337,29238.486328125,5873.978515625,5518.8642578125,0.2030493150004945,0.7
2026-09-04 17:19:48,repeat_random_model.py,"(1021, 9)",858,sequential_3895,Dense 16 -> 16 -> 128 -> 16 -> 64 -> 16 -> 1,mse,adam_3895,20,128,1.4619,23668.1328125,6078.31591796875,5785.8505859375,0.16449533761642443,0.7
2026-09-04 17:19:50,repeat_random_model.py,"(1021, 9)",858,sequential_3896,Dense 16 -> 16 -> 128 -> 16 -> 32 -> 128 -> 1,mse,adam_3896,20,128,1.4475,10833.546875,4573.298828125,4286.1318359375,0.3810618877580465,0.7
2026-09-04 17:19:52,repeat_random_model.py,"(1021, 9)",858,sequential_3897,Dense 16 -> 16 -> 128 -> 16 -> 32 -> 64 -> 1,mse,adam_3897,20,128,1.4641,68058.5703125,6418.39697265625,6147.4296875,0.11228144440895538,0.7
2026-09-04 17:19:53,repeat_random_model.py,"(1021, 9)",858,sequential_3898,Dense 16 -> 16 -> 128 -> 16 -> 32 -> 32 -> 1,mse,adam_3898,20,128,1.4412,26500.78515625,6310.77685546875,6229.79248046875,0.10038796852390752,0.7
2026-09-04 17:19:55,repeat_random_model.py,"(1021, 9)",858,sequential_3899,Dense 16 -> 16 -> 128 -> 16 -> 32 -> 16 -> 1,mse,adam_3899,20,128,1.4347,20596.93359375,5678.54150390625,5304.1796875,0.23405089778050803,0.7
2026-09-04 17:19:57,repeat_random_model.py,"(1021, 9)",858,sequential_3900,Dense 16 -> 16 -> 128 -> 16 -> 16 -> 128 -> 1,mse,adam_3900,20,128,1.4281,7709.99609375,5657.24658203125,5496.3857421875,0.2062953365341137,0.7
2026-09-04 17:19:58,repeat_random_model.py,"(1021, 9)",858,sequential_3901,Dense 16 -> 16 -> 128 -> 16 -> 16 -> 64 -> 1,mse,adam_3901,20,128,1.4417,9044.9169921875,5138.1533203125,5060.6787109375,0.2692135634045455,0.7
2026-09-04 17:20:00,repeat_random_model.py,"(1021, 9)",858,sequential_3902,Dense 16 -> 16 -> 128 -> 16 -> 16 -> 32 -> 1,mse,adam_3902,20,128,1.4414,33381.74609375,6184.4365234375,5905.35791015625,0.14723782977550903,0.7
2026-09-04 17:20:02,repeat_random_model.py,"(1021, 9)",858,sequential_3903,Dense 16 -> 16 -> 128 -> 16 -> 16 -> 16 -> 1,mse,adam_3903,20,128,1.4441,10373.6806640625,6069.91796875,5817.005859375,0.15999641582275625,0.7
2026-09-04 17:20:04,repeat_random_model.py,"(1021, 9)",858,sequential_3904,Dense 16 -> 16 -> 64 -> 128 -> 128 -> 128 -> 1,mse,adam_3904,20,128,1.5221,189850.421875,5862.24462890625,5549.01611328125,0.19869528284936588,0.7
2026-09-04 17:20:05,repeat_random_model.py,"(1021, 9)",858,sequential_3905,Dense 16 -> 16 -> 64 -> 128 -> 128 -> 64 -> 1,mse,adam_3905,20,128,1.5966,114898.671875,5856.32666015625,5746.54833984375,0.1701705958964398,0.7
2026-09-04 17:20:07,repeat_random_model.py,"(1021, 9)",858,sequential_3906,Dense 16 -> 16 -> 64 -> 128 -> 128 -> 32 -> 1,mse,adam_3906,20,128,1.6688,92866.78125,5696.6767578125,5649.541015625,0.1841790347667963,0.7
2026-09-04 17:20:09,repeat_random_model.py,"(1021, 9)",858,sequential_3907,Dense 16 -> 16 -> 64 -> 128 -> 128 -> 16 -> 1,mse,adam_3907,20,128,1.5776,138853.9375,5940.32470703125,5720.29833984375,0.1739613161633765,0.7
2026-09-04 17:20:11,repeat_random_model.py,"(1021, 9)",858,sequential_3908,Dense 16 -> 16 -> 64 -> 128 -> 64 -> 128 -> 1,mse,adam_3908,20,128,1.5482,174535.71875,6476.6953125,6214.412109375,0.10260886359293742,0.7
2026-09-04 17:20:13,repeat_random_model.py,"(1021, 9)",858,sequential_3909,Dense 16 -> 16 -> 64 -> 128 -> 64 -> 64 -> 1,mse,adam_3909,20,128,1.6367,127398.2578125,6163.85986328125,5875.83984375,0.15150047603388728,0.7
2026-09-04 17:20:15,repeat_random_model.py,"(1021, 9)",858,sequential_3910,Dense 16 -> 16 -> 64 -> 128 -> 64 -> 32 -> 1,mse,adam_3910,20,128,1.638,171909.46875,6008.3388671875,5974.7578125,0.1372160337370273,0.7
2026-09-04 17:20:17,repeat_random_model.py,"(1021, 9)",858,sequential_3911,Dense 16 -> 16 -> 64 -> 128 -> 64 -> 16 -> 1,mse,adam_3911,20,128,1.6641,158365.4375,5884.81982421875,5599.56201171875,0.19139618510274914,0.7
2026-09-04 17:20:19,repeat_random_model.py,"(1021, 9)",858,sequential_3912,Dense 16 -> 16 -> 64 -> 128 -> 32 -> 128 -> 1,mse,adam_3912,20,128,1.5214,25271.2109375,6294.79541015625,6577.720703125,0.05014537297002941,0.7
2026-09-04 17:20:21,repeat_random_model.py,"(1021, 9)",858,sequential_3913,Dense 16 -> 16 -> 64 -> 128 -> 32 -> 64 -> 1,mse,adam_3913,20,128,1.6263,20563.7890625,5416.56103515625,5183.40869140625,0.2514907389275711,0.7
2026-09-04 17:20:22,repeat_random_model.py,"(1021, 9)",858,sequential_3914,Dense 16 -> 16 -> 64 -> 128 -> 32 -> 32 -> 1,mse,adam_3914,20,128,1.5997,21163.728515625,5076.521484375,5045.09228515625,0.27146426534206824,0.7
2026-09-04 17:20:24,repeat_random_model.py,"(1021, 9)",858,sequential_3915,Dense 16 -> 16 -> 64 -> 128 -> 32 -> 16 -> 1,mse,adam_3915,20,128,1.5725,88959.1953125,6225.1865234375,5873.41259765625,0.1518508443747123,0.7
2026-09-04 17:20:26,repeat_random_model.py,"(1021, 9)",858,sequential_3916,Dense 16 -> 16 -> 64 -> 128 -> 16 -> 128 -> 1,mse,adam_3916,20,128,1.5219,25218.00390625,5449.078125,5273.3203125,0.23850712557874754,0.7
2026-09-04 17:20:28,repeat_random_model.py,"(1021, 9)",858,sequential_3917,Dense 16 -> 16 -> 64 -> 128 -> 16 -> 64 -> 1,mse,adam_3917,20,128,1.4477,13284.2353515625,4234.69677734375,4079.45947265625,0.4109063359671554,0.7
2026-09-04 17:20:30,repeat_random_model.py,"(1021, 9)",858,sequential_3918,Dense 16 -> 16 -> 64 -> 128 -> 16 -> 32 -> 1,mse,adam_3918,20,128,1.4575,75615.578125,6349.89599609375,6175.4228515625,0.10823906988293264,0.7
2026-09-04 17:20:31,repeat_random_model.py,"(1021, 9)",858,sequential_3919,Dense 16 -> 16 -> 64 -> 128 -> 16 -> 16 -> 1,mse,adam_3919,20,128,1.4833,50545.45703125,5748.43896484375,5675.62841796875,0.18041191846261873,0.7
2026-09-04 17:20:33,repeat_random_model.py,"(1021, 9)",858,sequential_3920,Dense 16 -> 16 -> 64 -> 64 -> 128 -> 128 -> 1,mse,adam_3920,20,128,1.5213,221192.5,6205.1923828125,6077.978515625,0.12231068193816286,0.7
2026-09-04 17:20:35,repeat_random_model.py,"(1021, 9)",858,sequential_3921,Dense 16 -> 16 -> 64 -> 64 -> 128 -> 64 -> 1,mse,adam_3921,20,128,1.5291,192511.171875,6003.82568359375,5921.89892578125,0.14484921606593848,0.7
2026-09-04 17:20:37,repeat_random_model.py,"(1021, 9)",858,sequential_3922,Dense 16 -> 16 -> 64 -> 64 -> 128 -> 32 -> 1,mse,adam_3922,20,128,1.6109,53232.015625,5132.23779296875,4871.88037109375,0.29647697732824374,0.7
2026-09-04 17:20:38,repeat_random_model.py,"(1021, 9)",858,sequential_3923,Dense 16 -> 16 -> 64 -> 64 -> 128 -> 16 -> 1,mse,adam_3923,20,128,1.5157,31304.015625,5595.658203125,5582.26318359375,0.19389426589265035,0.7
2026-09-04 17:20:40,repeat_random_model.py,"(1021, 9)",858,sequential_3924,Dense 16 -> 16 -> 64 -> 64 -> 64 -> 128 -> 1,mse,adam_3924,20,128,1.5174,43837.421875,5518.7392578125,5747.271484375,0.17006622314390574,0.7
2026-09-04 17:20:42,repeat_random_model.py,"(1021, 9)",858,sequential_3925,Dense 16 -> 16 -> 64 -> 64 -> 64 -> 64 -> 1,mse,adam_3925,20,128,1.5083,99135.890625,6239.166015625,6037.15869140625,0.1282051392130068,0.7
2026-09-04 17:20:44,repeat_random_model.py,"(1021, 9)",858,sequential_3926,Dense 16 -> 16 -> 64 -> 64 -> 64 -> 32 -> 1,mse,adam_3926,20,128,1.5447,663743.6875,6296.15087890625,6010.44580078125,0.13206259688743371,0.7
2026-09-04 17:20:46,repeat_random_model.py,"(1021, 9)",858,sequential_3927,Dense 16 -> 16 -> 64 -> 64 -> 64 -> 16 -> 1,mse,adam_3927,20,128,1.5872,44613.58984375,5343.04345703125,5297.6337890625,0.2349961258411699,0.7
2026-09-04 17:20:47,repeat_random_model.py,"(1021, 9)",858,sequential_3928,Dense 16 -> 16 -> 64 -> 64 -> 32 -> 128 -> 1,mse,adam_3928,20,128,1.494,101231.109375,5756.66162109375,5580.390625,0.19416473941408519,0.7
2026-09-04 17:20:49,repeat_random_model.py,"(1021, 9)",858,sequential_3929,Dense 16 -> 16 -> 64 -> 64 -> 32 -> 64 -> 1,mse,adam_3929,20,128,1.4528,19672.689453125,5629.85107421875,5393.12451171875,0.2212068351909544,0.7
2026-09-04 17:20:51,repeat_random_model.py,"(1021, 9)",858,sequential_3930,Dense 16 -> 16 -> 64 -> 64 -> 32 -> 32 -> 1,mse,adam_3930,20,128,1.5638,76058.5625,5771.720703125,5603.44970703125,0.19083484328326483,0.7
2026-09-04 17:20:53,repeat_random_model.py,"(1021, 9)",858,sequential_3931,Dense 16 -> 16 -> 64 -> 64 -> 32 -> 16 -> 1,mse,adam_3931,20,128,1.4438,144325.296875,6363.72998046875,5956.77734375,0.1398126615348504,0.7
2026-09-04 17:20:54,repeat_random_model.py,"(1021, 9)",858,sequential_3932,Dense 16 -> 16 -> 64 -> 64 -> 16 -> 128 -> 1,mse,adam_3932,20,128,1.5117,22604.07421875,6081.95849609375,5742.83154296875,0.1707074109923904,0.7
2026-09-04 17:20:56,repeat_random_model.py,"(1021, 9)",858,sequential_3933,Dense 16 -> 16 -> 64 -> 64 -> 16 -> 64 -> 1,mse,adam_3933,20,128,1.4821,85536.8359375,6390.00732421875,6078.43505859375,0.12224460073719712,0.7
2026-09-04 17:20:58,repeat_random_model.py,"(1021, 9)",858,sequential_3934,Dense 16 -> 16 -> 64 -> 64 -> 16 -> 32 -> 1,mse,adam_3934,20,128,1.4668,178239.328125,6569.65185546875,6235.1337890625,0.09961665475489656,0.7
2026-09-04 17:21:00,repeat_random_model.py,"(1021, 9)",858,sequential_3935,Dense 16 -> 16 -> 64 -> 64 -> 16 -> 16 -> 1,mse,adam_3935,20,128,1.4366,138465.1875,5757.36328125,5606.32470703125,0.1904196362835221,0.7
2026-09-04 17:21:01,repeat_random_model.py,"(1021, 9)",858,sequential_3936,Dense 16 -> 16 -> 64 -> 32 -> 128 -> 128 -> 1,mse,adam_3936,20,128,1.4954,22399.376953125,5472.22021484375,5539.62255859375,0.20005166853193168,0.7
2026-09-04 17:21:03,repeat_random_model.py,"(1021, 9)",858,sequential_3937,Dense 16 -> 16 -> 64 -> 32 -> 128 -> 64 -> 1,mse,adam_3937,20,128,1.5408,31043.18359375,5496.439453125,4944.31103515625,0.28601758892054363,0.7
2026-09-04 17:21:05,repeat_random_model.py,"(1021, 9)",858,sequential_3938,Dense 16 -> 16 -> 64 -> 32 -> 128 -> 32 -> 1,mse,adam_3938,20,128,1.5554,88598.5390625,6423.14404296875,6079.78857421875,0.12204905915388009,0.7
2026-09-04 17:21:07,repeat_random_model.py,"(1021, 9)",858,sequential_3939,Dense 16 -> 16 -> 64 -> 32 -> 128 -> 16 -> 1,mse,adam_3939,20,128,1.4904,50050.5,6362.60205078125,6108.6455078125,0.11788219439062053,0.7
2026-09-04 17:21:09,repeat_random_model.py,"(1021, 9)",858,sequential_3940,Dense 16 -> 16 -> 64 -> 32 -> 64 -> 128 -> 1,mse,adam_3940,20,128,1.5758,36372.34765625,5818.89404296875,6008.0654296875,0.13240628458449977,0.7
2026-09-04 17:21:10,repeat_random_model.py,"(1021, 9)",858,sequential_3941,Dense 16 -> 16 -> 64 -> 32 -> 64 -> 64 -> 1,mse,adam_3941,20,128,1.5268,78029.3515625,6090.2841796875,5828.45654296875,0.15834265827388194,0.7
2026-09-04 17:21:12,repeat_random_model.py,"(1021, 9)",858,sequential_3942,Dense 16 -> 16 -> 64 -> 32 -> 64 -> 32 -> 1,mse,adam_3942,20,128,1.5163,84597.1796875,4905.8037109375,4771.7138671875,0.31094144240771926,0.7
2026-09-04 17:21:14,repeat_random_model.py,"(1021, 9)",858,sequential_3943,Dense 16 -> 16 -> 64 -> 32 -> 64 -> 16 -> 1,mse,adam_3943,20,128,1.4591,38765.359375,6242.31884765625,6088.2705078125,0.12082453996783038,0.7
2026-09-04 17:21:16,repeat_random_model.py,"(1021, 9)",858,sequential_3944,Dense 16 -> 16 -> 64 -> 32 -> 32 -> 128 -> 1,mse,adam_3944,20,128,1.6458,36875.328125,6222.53271484375,5918.53076171875,0.14533549848924376,0.7
2026-09-04 17:21:18,repeat_random_model.py,"(1021, 9)",858,sequential_3945,Dense 16 -> 16 -> 64 -> 32 -> 32 -> 64 -> 1,mse,adam_3945,20,128,1.5175,21466.1875,5933.34765625,5961.90478515625,0.1390721207687835,0.7
2026-09-04 17:21:19,repeat_random_model.py,"(1021, 9)",858,sequential_3946,Dense 16 -> 16 -> 64 -> 32 -> 32 -> 32 -> 1,mse,adam_3946,20,128,1.4528,34952.7421875,6508.47705078125,6548.54736328125,0.05435821296322063,0.7
2026-09-04 17:21:21,repeat_random_model.py,"(1021, 9)",858,sequential_3947,Dense 16 -> 16 -> 64 -> 32 -> 32 -> 16 -> 1,mse,adam_3947,20,128,1.4645,26625.9921875,5688.61181640625,5551.7744140625,0.19829685138994213,0.7
2026-09-04 17:21:23,repeat_random_model.py,"(1021, 9)",858,sequential_3948,Dense 16 -> 16 -> 64 -> 32 -> 16 -> 128 -> 1,mse,adam_3948,20,128,1.4626,9650.2705078125,4955.42626953125,4382.38671875,0.3671622217903653,0.7
2026-09-04 17:21:24,repeat_random_model.py,"(1021, 9)",858,sequential_3949,Dense 16 -> 16 -> 64 -> 32 -> 16 -> 64 -> 1,mse,adam_3949,20,128,1.4315,13221.65234375,5819.421875,5600.81884765625,0.19121468926297325,0.7
2026-09-04 17:21:26,repeat_random_model.py,"(1021, 9)",858,sequential_3950,Dense 16 -> 16 -> 64 -> 32 -> 16 -> 32 -> 1,mse,adam_3950,20,128,1.4303,13315.232421875,4850.4560546875,4694.6064453125,0.3220762341636314,0.7
2026-09-04 17:21:28,repeat_random_model.py,"(1021, 9)",858,sequential_3951,Dense 16 -> 16 -> 64 -> 32 -> 16 -> 16 -> 1,mse,adam_3951,20,128,1.4084,17251.83984375,5075.630859375,4861.72509765625,0.2979434746042604,0.7
2026-09-04 17:21:29,repeat_random_model.py,"(1021, 9)",858,sequential_3952,Dense 16 -> 16 -> 64 -> 16 -> 128 -> 128 -> 1,mse,adam_3952,20,128,1.4535,17588.83203125,4676.91552734375,4124.36083984375,0.4044223529883981,0.7
2026-09-04 17:21:31,repeat_random_model.py,"(1021, 9)",858,sequential_3953,Dense 16 -> 16 -> 64 -> 16 -> 128 -> 64 -> 1,mse,adam_3953,20,128,1.4423,22419.376953125,5181.37109375,4725.15283203125,0.31766518681867995,0.7
2026-09-04 17:21:33,repeat_random_model.py,"(1021, 9)",858,sequential_3954,Dense 16 -> 16 -> 64 -> 16 -> 128 -> 32 -> 1,mse,adam_3954,20,128,1.4589,14882.6328125,5784.0263671875,5455.19970703125,0.2122427458243774,0.7
2026-09-04 17:21:35,repeat_random_model.py,"(1021, 9)",858,sequential_3955,Dense 16 -> 16 -> 64 -> 16 -> 128 -> 16 -> 1,mse,adam_3955,20,128,1.4317,14956.59765625,5313.2470703125,5166.0341796875,0.2539996747334258,0.7
2026-09-04 17:21:36,repeat_random_model.py,"(1021, 9)",858,sequential_3956,Dense 16 -> 16 -> 64 -> 16 -> 64 -> 128 -> 1,mse,adam_3956,20,128,1.5335,47615.28125,6170.24560546875,5971.33740234375,0.13771009590051975,0.7
2026-09-04 17:21:38,repeat_random_model.py,"(1021, 9)",858,sequential_3957,Dense 16 -> 16 -> 64 -> 16 -> 64 -> 64 -> 1,mse,adam_3957,20,128,1.6111,58858.58984375,5514.1611328125,5368.68359375,0.224736168358046,0.7
2026-09-04 17:21:40,repeat_random_model.py,"(1021, 9)",858,sequential_3958,Dense 16 -> 16 -> 64 -> 16 -> 64 -> 32 -> 1,mse,adam_3958,20,128,1.5947,28580.130859375,5711.56201171875,5449.74658203125,0.21303037930359559,0.7
2026-09-04 17:21:42,repeat_random_model.py,"(1021, 9)",858,sequential_3959,Dense 16 -> 16 -> 64 -> 16 -> 64 -> 16 -> 1,mse,adam_3959,20,128,1.5374,121635.1796875,5991.6669921875,5754.4296875,0.16903258093002937,0.7
2026-09-04 17:21:44,repeat_random_model.py,"(1021, 9)",858,sequential_3960,Dense 16 -> 16 -> 64 -> 16 -> 32 -> 128 -> 1,mse,adam_3960,20,128,1.593,43619.54296875,5907.416015625,5650.06640625,0.1841032267432583,0.7
2026-09-04 17:21:46,repeat_random_model.py,"(1021, 9)",858,sequential_3961,Dense 16 -> 16 -> 64 -> 16 -> 32 -> 64 -> 1,mse,adam_3961,20,128,1.7122,33901.78125,5825.17431640625,5604.25244140625,0.19071901625852272,0.7
2026-09-04 17:21:48,repeat_random_model.py,"(1021, 9)",858,sequential_3962,Dense 16 -> 16 -> 64 -> 16 -> 32 -> 32 -> 1,mse,adam_3962,20,128,1.4943,118531.5234375,6255.07080078125,5994.2041015625,0.1344080382457603,0.7
2026-09-04 17:21:49,repeat_random_model.py,"(1021, 9)",858,sequential_3963,Dense 16 -> 16 -> 64 -> 16 -> 32 -> 16 -> 1,mse,adam_3963,20,128,1.468,14170.845703125,6212.28466796875,5853.521484375,0.15472323009450417,0.7
2026-09-04 17:21:51,repeat_random_model.py,"(1021, 9)",858,sequential_3964,Dense 16 -> 16 -> 64 -> 16 -> 16 -> 128 -> 1,mse,adam_3964,20,128,1.4199,17330.990234375,5827.87255859375,5490.95166015625,0.20708021714863278,0.7
2026-09-04 17:21:53,repeat_random_model.py,"(1021, 9)",858,sequential_3965,Dense 16 -> 16 -> 64 -> 16 -> 16 -> 64 -> 1,mse,adam_3965,20,128,1.4336,32938.98828125,6058.28759765625,5909.2041015625,0.14668239797875093,0.7
2026-09-04 17:21:54,repeat_random_model.py,"(1021, 9)",858,sequential_3966,Dense 16 -> 16 -> 64 -> 16 -> 16 -> 32 -> 1,mse,adam_3966,20,128,1.4375,9880.37109375,5473.8271484375,5204.95263671875,0.24837973518940482,0.7
2026-09-04 17:21:56,repeat_random_model.py,"(1021, 9)",858,sequential_3967,Dense 16 -> 16 -> 64 -> 16 -> 16 -> 16 -> 1,mse,adam_3967,20,128,1.426,95182.28125,5837.18603515625,5588.4462890625,0.19300140308863745,0.7
2026-09-04 17:21:58,repeat_random_model.py,"(1021, 9)",858,sequential_3968,Dense 16 -> 16 -> 32 -> 128 -> 128 -> 128 -> 1,mse,adam_3968,20,128,1.5036,81535.265625,6239.3916015625,5875.74755859375,0.15151376109187265,0.7
2026-09-04 17:22:00,repeat_random_model.py,"(1021, 9)",858,sequential_3969,Dense 16 -> 16 -> 32 -> 128 -> 128 -> 64 -> 1,mse,adam_3969,20,128,1.5771,91670.7890625,6283.1669921875,6129.40234375,0.11488466598784108,0.7
2026-09-04 17:22:01,repeat_random_model.py,"(1021, 9)",858,sequential_3970,Dense 16 -> 16 -> 32 -> 128 -> 128 -> 32 -> 1,mse,adam_3970,20,128,1.4919,119199.8671875,5734.6875,5629.55859375,0.18706466932127797,0.7
2026-09-04 17:22:03,repeat_random_model.py,"(1021, 9)",858,sequential_3971,Dense 16 -> 16 -> 32 -> 128 -> 128 -> 16 -> 1,mse,adam_3971,20,128,1.5793,43264.578125,3700.722412109375,3390.281494140625,0.5104270218082496,0.7
2026-09-04 17:22:05,repeat_random_model.py,"(1021, 9)",858,sequential_3972,Dense 16 -> 16 -> 32 -> 128 -> 64 -> 128 -> 1,mse,adam_3972,20,128,1.4954,36317.87890625,5177.998046875,4759.32568359375,0.312730422094995,0.7
2026-09-04 17:22:07,repeat_random_model.py,"(1021, 9)",858,sequential_3973,Dense 16 -> 16 -> 32 -> 128 -> 64 -> 64 -> 1,mse,adam_3973,20,128,1.5767,16298.4267578125,4288.61865234375,4160.9384765625,0.3991403653699248,0.7
2026-09-04 17:22:09,repeat_random_model.py,"(1021, 9)",858,sequential_3974,Dense 16 -> 16 -> 32 -> 128 -> 64 -> 32 -> 1,mse,adam_3974,20,128,1.5338,113671.1796875,6103.0615234375,5870.70751953125,0.152241553227765,0.7
2026-09-04 17:22:10,repeat_random_model.py,"(1021, 9)",858,sequential_3975,Dense 16 -> 16 -> 32 -> 128 -> 64 -> 16 -> 1,mse,adam_3975,20,128,1.446,208667.234375,6401.51904296875,6075.59326171875,0.12265505605923832,0.7
2026-09-04 17:22:12,repeat_random_model.py,"(1021, 9)",858,sequential_3976,Dense 16 -> 16 -> 32 -> 128 -> 32 -> 128 -> 1,mse,adam_3976,20,128,1.4888,37198.9140625,5762.68212890625,5601.7646484375,0.1910780946776679,0.7
2026-09-04 17:22:14,repeat_random_model.py,"(1021, 9)",858,sequential_3977,Dense 16 -> 16 -> 32 -> 128 -> 32 -> 64 -> 1,mse,adam_3977,20,128,1.4636,28142.7265625,4726.97021484375,5427.85888671875,0.2161908674259594,0.7
2026-09-04 17:22:16,repeat_random_model.py,"(1021, 9)",858,sequential_3978,Dense 16 -> 16 -> 32 -> 128 -> 32 -> 32 -> 1,mse,adam_3978,20,128,1.5395,36592.18359375,5754.39794921875,5554.55810546875,0.1978948866285346,0.7
2026-09-04 17:22:17,repeat_random_model.py,"(1021, 9)",858,sequential_3979,Dense 16 -> 16 -> 32 -> 128 -> 32 -> 16 -> 1,mse,adam_3979,20,128,1.447,27850.787109375,5659.04052734375,5299.2373046875,0.2347645738456674,0.7
2026-09-04 17:22:19,repeat_random_model.py,"(1021, 9)",858,sequential_3980,Dense 16 -> 16 -> 32 -> 128 -> 16 -> 128 -> 1,mse,adam_3980,20,128,1.4497,14803.296875,5073.494140625,4771.71044921875,0.31094195281851555,0.7
2026-09-04 17:22:21,repeat_random_model.py,"(1021, 9)",858,sequential_3981,Dense 16 -> 16 -> 32 -> 128 -> 16 -> 64 -> 1,mse,adam_3981,20,128,1.5288,83663.3828125,6268.580078125,6000.8759765625,0.13344445564372653,0.7
2026-09-04 17:22:23,repeat_random_model.py,"(1021, 9)",858,sequential_3982,Dense 16 -> 16 -> 32 -> 128 -> 16 -> 32 -> 1,mse,adam_3982,20,128,1.4355,85911.4453125,6455.5869140625,6039.0595703125,0.12793068300004584,0.7
2026-09-04 17:22:24,repeat_random_model.py,"(1021, 9)",858,sequential_3983,Dense 16 -> 16 -> 32 -> 128 -> 16 -> 16 -> 1,mse,adam_3983,20,128,1.5044,12719.845703125,5614.830078125,5328.56640625,0.23052924783382156,0.7
2026-09-04 17:22:26,repeat_random_model.py,"(1021, 9)",858,sequential_3984,Dense 16 -> 16 -> 32 -> 64 -> 128 -> 128 -> 1,mse,adam_3984,20,128,1.639,176484.84375,6113.689453125,5928.0302734375,0.1439638500068977,0.7
2026-09-04 17:22:28,repeat_random_model.py,"(1021, 9)",858,sequential_3985,Dense 16 -> 16 -> 32 -> 64 -> 128 -> 64 -> 1,mse,adam_3985,20,128,1.4834,123576.4921875,6423.61181640625,6156.35400390625,0.11099285032270378,0.7
2026-09-04 17:22:30,repeat_random_model.py,"(1021, 9)",858,sequential_3986,Dense 16 -> 16 -> 32 -> 64 -> 128 -> 32 -> 1,mse,adam_3986,20,128,1.5077,28821.2421875,4846.84912109375,4562.58203125,0.34114108312371016,0.7
2026-09-04 17:22:31,repeat_random_model.py,"(1021, 9)",858,sequential_3987,Dense 16 -> 16 -> 32 -> 64 -> 128 -> 16 -> 1,mse,adam_3987,20,128,1.463,125568.5390625,6394.3818359375,6142.27783203125,0.11302546419420445,0.7
2026-09-04 17:22:33,repeat_random_model.py,"(1021, 9)",858,sequential_3988,Dense 16 -> 16 -> 32 -> 64 -> 64 -> 128 -> 1,mse,adam_3988,20,128,1.5326,39880.890625,6100.24658203125,5810.37841796875,0.16095328087021843,0.7
2026-09-04 17:22:35,repeat_random_model.py,"(1021, 9)",858,sequential_3989,Dense 16 -> 16 -> 32 -> 64 -> 64 -> 64 -> 1,mse,adam_3989,20,128,1.5601,22114.2421875,4296.73193359375,4033.882080078125,0.4174879635284926,0.7
2026-09-04 17:22:37,repeat_random_model.py,"(1021, 9)",858,sequential_3990,Dense 16 -> 16 -> 32 -> 64 -> 64 -> 32 -> 1,mse,adam_3990,20,128,1.4442,72772.421875,5989.537109375,5851.82421875,0.15496843304540409,0.7
2026-09-04 17:22:38,repeat_random_model.py,"(1021, 9)",858,sequential_3991,Dense 16 -> 16 -> 32 -> 64 -> 64 -> 16 -> 1,mse,adam_3991,20,128,1.439,39681.90234375,5974.63818359375,5190.556640625,0.250458560271276,0.7
2026-09-04 17:22:40,repeat_random_model.py,"(1021, 9)",858,sequential_3992,Dense 16 -> 16 -> 32 -> 64 -> 32 -> 128 -> 1,mse,adam_3992,20,128,1.4572,20695.66796875,5723.15625,6099.2236328125,0.11924269305339474,0.7
2026-09-04 17:22:42,repeat_random_model.py,"(1021, 9)",858,sequential_3993,Dense 16 -> 16 -> 32 -> 64 -> 32 -> 64 -> 1,mse,adam_3993,20,128,1.5126,46646.3671875,6158.80224609375,5918.12109375,0.14539471924143466,0.7
2026-09-04 17:22:44,repeat_random_model.py,"(1021, 9)",858,sequential_3994,Dense 16 -> 16 -> 32 -> 64 -> 32 -> 32 -> 1,mse,adam_3994,20,128,1.4246,23622.34375,4564.01953125,4286.29052734375,0.3810389614715033,0.7
2026-09-04 17:22:45,repeat_random_model.py,"(1021, 9)",858,sequential_3995,Dense 16 -> 16 -> 32 -> 64 -> 32 -> 16 -> 1,mse,adam_3995,20,128,1.4367,328079.0625,6582.7392578125,6172.00927734375,0.10873208537232293,0.7
2026-09-04 17:22:47,repeat_random_model.py,"(1021, 9)",858,sequential_3996,Dense 16 -> 16 -> 32 -> 64 -> 16 -> 128 -> 1,mse,adam_3996,20,128,1.4425,48486.53515625,6258.0615234375,5956.68115234375,0.13982641110171,0.7
2026-09-04 17:22:49,repeat_random_model.py,"(1021, 9)",858,sequential_3997,Dense 16 -> 16 -> 32 -> 64 -> 16 -> 64 -> 1,mse,adam_3997,20,128,1.5232,24564.90625,6077.27783203125,5831.779296875,0.1578629687985038,0.7
2026-09-04 17:22:51,repeat_random_model.py,"(1021, 9)",858,sequential_3998,Dense 16 -> 16 -> 32 -> 64 -> 16 -> 32 -> 1,mse,adam_3998,20,128,1.5161,52702.1171875,6488.2138671875,6042.216796875,0.1274746784161619,0.7
2026-09-04 17:22:52,repeat_random_model.py,"(1021, 9)",858,sequential_3999,Dense 16 -> 16 -> 32 -> 64 -> 16 -> 16 -> 1,mse,adam_3999,20,128,1.537,55250.61328125,6193.26220703125,5950.64404296875,0.14069833722108227,0.7
2026-09-04 17:22:54,repeat_random_model.py,"(1021, 9)",858,sequential_4000,Dense 16 -> 16 -> 32 -> 32 -> 128 -> 128 -> 1,mse,adam_4000,20,128,1.4796,66108.0625,5695.48193359375,5668.19140625,0.18148592790204054,0.7
2026-09-04 17:22:56,repeat_random_model.py,"(1021, 9)",858,sequential_4001,Dense 16 -> 16 -> 32 -> 32 -> 128 -> 64 -> 1,mse,adam_4001,20,128,1.7384,22793.0390625,4856.51416015625,4527.84130859375,0.34615784028716745,0.7
2026-09-04 17:22:58,repeat_random_model.py,"(1021, 9)",858,sequential_4002,Dense 16 -> 16 -> 32 -> 32 -> 128 -> 32 -> 1,mse,adam_4002,20,128,1.4906,188580.234375,6301.9716796875,6020.404296875,0.1306246167518471,0.7
2026-09-04 17:23:00,repeat_random_model.py,"(1021, 9)",858,sequential_4003,Dense 16 -> 16 -> 32 -> 32 -> 128 -> 16 -> 1,mse,adam_4003,20,128,1.4955,74826.6484375,6829.50732421875,6627.45068359375,0.04296418815183167,0.7
2026-09-04 17:23:02,repeat_random_model.py,"(1021, 9)",858,sequential_4004,Dense 16 -> 16 -> 32 -> 32 -> 64 -> 128 -> 1,mse,adam_4004,20,128,1.5712,49330.23828125,6358.8349609375,6101.81787109375,0.11886805591262728,0.7
2026-09-04 17:23:03,repeat_random_model.py,"(1021, 9)",858,sequential_4005,Dense 16 -> 16 -> 32 -> 32 -> 64 -> 64 -> 1,mse,adam_4005,20,128,1.4497,40928.6640625,5141.0625,4783.74609375,0.30920404218416586,0.7
2026-09-04 17:23:05,repeat_random_model.py,"(1021, 9)",858,sequential_4006,Dense 16 -> 16 -> 32 -> 32 -> 64 -> 32 -> 1,mse,adam_4006,20,128,1.4667,15946.302734375,4671.7001953125,4910.67626953125,0.29087461966469474,0.7
2026-09-04 17:26:18,repeat_random_model.py,"(1021, 9)",858,sequential_4007,Dense 16 -> 16 -> 32 -> 32 -> 64 -> 16 -> 1,mse,adam_4007,20,128,191.6468,25702.421875,6046.71435546875,5352.45654296875,0.2270793913328757,0.7
2026-09-04 17:26:22,repeat_random_model.py,"(1021, 9)",858,sequential_4008,Dense 16 -> 16 -> 32 -> 32 -> 32 -> 128 -> 1,mse,adam_4008,20,128,3.0642,101306.9921875,6463.2236328125,6084.18896484375,0.12141384133081445,0.7
2026-09-04 17:26:24,repeat_random_model.py,"(1021, 9)",858,sequential_4009,Dense 16 -> 16 -> 32 -> 32 -> 32 -> 64 -> 1,mse,adam_4009,20,128,2.2869,40749.7421875,5689.80517578125,5494.11865234375,0.20662281659616166,0.7
2026-09-04 17:26:27,repeat_random_model.py,"(1021, 9)",858,sequential_4010,Dense 16 -> 16 -> 32 -> 32 -> 32 -> 32 -> 1,mse,adam_4010,20,128,2.2673,12619.9560546875,5250.28173828125,4867.03173828125,0.2971771292470923,0.7
2026-09-04 17:26:30,repeat_random_model.py,"(1021, 9)",858,sequential_4011,Dense 16 -> 16 -> 32 -> 32 -> 32 -> 16 -> 1,mse,adam_4011,20,128,2.3762,75336.0625,5755.42529296875,5561.7158203125,0.1968615038229221,0.7
2026-09-04 17:26:33,repeat_random_model.py,"(1021, 9)",858,sequential_4012,Dense 16 -> 16 -> 32 -> 32 -> 16 -> 128 -> 1,mse,adam_4012,20,128,2.3595,25758.228515625,6179.3154296875,5909.0361328125,0.14670670638136873,0.7
2026-09-04 17:26:35,repeat_random_model.py,"(1021, 9)",858,sequential_4013,Dense 16 -> 16 -> 32 -> 32 -> 16 -> 64 -> 1,mse,adam_4013,20,128,2.2093,9712.4755859375,5439.7001953125,5030.95263671875,0.27350622086019605,0.7
2026-09-04 17:26:38,repeat_random_model.py,"(1021, 9)",858,sequential_4014,Dense 16 -> 16 -> 32 -> 32 -> 16 -> 32 -> 1,mse,adam_4014,20,128,2.1659,436354.09375,6557.7568359375,6207.84814453125,0.10355675461170932,0.7
2026-09-04 17:26:40,repeat_random_model.py,"(1021, 9)",858,sequential_4015,Dense 16 -> 16 -> 32 -> 32 -> 16 -> 16 -> 1,mse,adam_4015,20,128,2.1969,510989.375,6164.38427734375,6041.9638671875,0.12751124983479112,0.7
2026-09-04 17:26:43,repeat_random_model.py,"(1021, 9)",858,sequential_4016,Dense 16 -> 16 -> 32 -> 16 -> 128 -> 128 -> 1,mse,adam_4016,20,128,2.5633,25808.119140625,5664.828125,5361.2255859375,0.2258132743014286,0.7
2026-09-04 17:26:46,repeat_random_model.py,"(1021, 9)",858,sequential_4017,Dense 16 -> 16 -> 32 -> 16 -> 128 -> 64 -> 1,mse,adam_4017,20,128,2.3679,32796.7734375,5742.658203125,5563.57177734375,0.19659337197218751,0.7
2026-09-04 17:26:49,repeat_random_model.py,"(1021, 9)",858,sequential_4018,Dense 16 -> 16 -> 32 -> 16 -> 128 -> 32 -> 1,mse,adam_4018,20,128,2.3598,10086.142578125,5452.83740234375,4279.6669921875,0.38199549154827184,0.7
2026-09-04 17:26:52,repeat_random_model.py,"(1021, 9)",858,sequential_4019,Dense 16 -> 16 -> 32 -> 16 -> 128 -> 16 -> 1,mse,adam_4019,20,128,2.2005,67312.2109375,6284.78857421875,6029.93896484375,0.12924769988604456,0.7
2026-09-04 17:26:54,repeat_random_model.py,"(1021, 9)",858,sequential_4020,Dense 16 -> 16 -> 32 -> 16 -> 64 -> 128 -> 1,mse,adam_4020,20,128,2.3033,119628.6640625,5987.724609375,5844.2353515625,0.15606418543952782,0.7
2026-09-04 17:26:57,repeat_random_model.py,"(1021, 9)",858,sequential_4021,Dense 16 -> 16 -> 32 -> 16 -> 64 -> 64 -> 1,mse,adam_4021,20,128,2.2246,44922.3984375,6036.3916015625,5808.5537109375,0.16121677422093017,0.7
2026-09-04 17:26:59,repeat_random_model.py,"(1021, 9)",858,sequential_4022,Dense 16 -> 16 -> 32 -> 16 -> 64 -> 32 -> 1,mse,adam_4022,20,128,2.2279,47220.8046875,6173.9169921875,5814.0517578125,0.16042290121553937,0.7
2026-09-04 17:27:02,repeat_random_model.py,"(1021, 9)",858,sequential_4023,Dense 16 -> 16 -> 32 -> 16 -> 64 -> 16 -> 1,mse,adam_4023,20,128,2.273,74484.9453125,6347.75537109375,5966.111328125,0.1384647468077549,0.7
2026-09-04 17:27:05,repeat_random_model.py,"(1021, 9)",858,sequential_4024,Dense 16 -> 16 -> 32 -> 16 -> 32 -> 128 -> 1,mse,adam_4024,20,128,2.3769,13333.361328125,4549.8349609375,4053.318603515625,0.4146812564293052,0.7
2026-09-04 17:27:08,repeat_random_model.py,"(1021, 9)",858,sequential_4025,Dense 16 -> 16 -> 32 -> 16 -> 32 -> 64 -> 1,mse,adam_4025,20,128,2.2923,64324.640625,6535.41162109375,6327.77294921875,0.08623896807886544,0.7
2026-09-04 17:27:10,repeat_random_model.py,"(1021, 9)",858,sequential_4026,Dense 16 -> 16 -> 32 -> 16 -> 32 -> 32 -> 1,mse,adam_4026,20,128,2.2215,46934.88671875,6179.38818359375,6028.94482421875,0.12939127369711234,0.7
2026-09-04 17:27:13,repeat_random_model.py,"(1021, 9)",858,sequential_4027,Dense 16 -> 16 -> 32 -> 16 -> 32 -> 16 -> 1,mse,adam_4027,20,128,2.4293,16503.111328125,5460.47021484375,5251.787109375,0.24161656127049058,0.7
2026-09-04 17:27:16,repeat_random_model.py,"(1021, 9)",858,sequential_4028,Dense 16 -> 16 -> 32 -> 16 -> 16 -> 128 -> 1,mse,adam_4028,20,128,2.3853,69054.484375,6206.478515625,6106.88818359375,0.11813587136102943,0.7
2026-09-04 17:27:19,repeat_random_model.py,"(1021, 9)",858,sequential_4029,Dense 16 -> 16 -> 32 -> 16 -> 16 -> 64 -> 1,mse,adam_4029,20,128,2.2715,65645.671875,5971.8779296875,5743.51416015625,0.17060886166866018,0.7
2026-09-04 17:27:21,repeat_random_model.py,"(1021, 9)",858,sequential_4030,Dense 16 -> 16 -> 32 -> 16 -> 16 -> 32 -> 1,mse,adam_4030,20,128,2.1603,73207.1328125,6353.80224609375,6080.3232421875,0.12197216693002333,0.7
2026-09-04 17:27:24,repeat_random_model.py,"(1021, 9)",858,sequential_4031,Dense 16 -> 16 -> 32 -> 16 -> 16 -> 16 -> 1,mse,adam_4031,20,128,2.172,9167.0400390625,5639.2607421875,5316.49951171875,0.23227180003958192,0.7
2026-09-04 17:27:27,repeat_random_model.py,"(1021, 9)",858,sequential_4032,Dense 16 -> 16 -> 16 -> 128 -> 128 -> 128 -> 1,mse,adam_4032,20,128,3.0319,156473.46875,6428.93017578125,6212.2763671875,0.10291738507413017,0.7
2026-09-04 17:27:30,repeat_random_model.py,"(1021, 9)",858,sequential_4033,Dense 16 -> 16 -> 16 -> 128 -> 128 -> 64 -> 1,mse,adam_4033,20,128,2.7689,90526.765625,6153.5439453125,5957.4873046875,0.1397100194850227,0.7
2026-09-04 17:27:34,repeat_random_model.py,"(1021, 9)",858,sequential_4034,Dense 16 -> 16 -> 16 -> 128 -> 128 -> 32 -> 1,mse,adam_4034,20,128,2.7602,109976.078125,6209.76904296875,5938.25439453125,0.14248748852513438,0.7
2026-09-04 17:27:37,repeat_random_model.py,"(1021, 9)",858,sequential_4035,Dense 16 -> 16 -> 16 -> 128 -> 128 -> 16 -> 1,mse,adam_4035,20,128,2.742,36185.35546875,6153.53369140625,5776.9453125,0.16578118194227076,0.7
2026-09-04 17:27:40,repeat_random_model.py,"(1021, 9)",858,sequential_4036,Dense 16 -> 16 -> 16 -> 128 -> 64 -> 128 -> 1,mse,adam_4036,20,128,2.6509,77448.984375,6344.0078125,6006.9453125,0.13256819905165196,0.7
2026-09-04 17:27:43,repeat_random_model.py,"(1021, 9)",858,sequential_4037,Dense 16 -> 16 -> 16 -> 128 -> 64 -> 64 -> 1,mse,adam_4037,20,128,2.3881,47811.78515625,6462.18408203125,6167.73291015625,0.10934956274143948,0.7
2026-09-04 17:27:45,repeat_random_model.py,"(1021, 9)",858,sequential_4038,Dense 16 -> 16 -> 16 -> 128 -> 64 -> 32 -> 1,mse,adam_4038,20,128,2.3875,41916.953125,5712.26220703125,5597.84716796875,0.19164397378606324,0.7
2026-09-04 17:27:48,repeat_random_model.py,"(1021, 9)",858,sequential_4039,Dense 16 -> 16 -> 16 -> 128 -> 64 -> 16 -> 1,mse,adam_4039,20,128,2.3073,27137.349609375,4933.89404296875,4570.06494140625,0.3400605437426518,0.7
2026-09-04 17:27:51,repeat_random_model.py,"(1021, 9)",858,sequential_4040,Dense 16 -> 16 -> 16 -> 128 -> 32 -> 128 -> 1,mse,adam_4040,20,128,2.3642,30043.0078125,6258.666015625,6297.033203125,0.09067811937901371,0.7
2026-09-04 17:27:54,repeat_random_model.py,"(1021, 9)",858,sequential_4041,Dense 16 -> 16 -> 16 -> 128 -> 32 -> 64 -> 1,mse,adam_4041,20,128,2.2286,20603.271484375,6185.1787109375,5933.76611328125,0.14313543977823384,0.7
2026-09-04 17:27:56,repeat_random_model.py,"(1021, 9)",858,sequential_4042,Dense 16 -> 16 -> 16 -> 128 -> 32 -> 32 -> 1,mse,adam_4042,20,128,2.281,34513.1640625,5934.07421875,5765.134765625,0.16748673903091738,0.7
2026-09-04 17:27:59,repeat_random_model.py,"(1021, 9)",858,sequential_4043,Dense 16 -> 16 -> 16 -> 128 -> 32 -> 16 -> 1,mse,adam_4043,20,128,2.2342,34035.21875,5749.40576171875,6047.62060546875,0.12669452668169223,0.7
2026-09-04 17:28:02,repeat_random_model.py,"(1021, 9)",858,sequential_4044,Dense 16 -> 16 -> 16 -> 128 -> 16 -> 128 -> 1,mse,adam_4044,20,128,2.3887,10965.4697265625,6032.87451171875,5760.953125,0.16809055123016015,0.7
2026-09-04 17:28:04,repeat_random_model.py,"(1021, 9)",858,sequential_4045,Dense 16 -> 16 -> 16 -> 128 -> 16 -> 64 -> 1,mse,adam_4045,20,128,2.2279,12937.22265625,5529.76220703125,5849.6025390625,0.1552891115790076,0.7
2026-09-04 17:28:07,repeat_random_model.py,"(1021, 9)",858,sequential_4046,Dense 16 -> 16 -> 16 -> 128 -> 16 -> 32 -> 1,mse,adam_4046,20,128,2.2441,19817.92578125,6146.14013671875,5886.8720703125,0.1499072042149221,0.7
2026-09-04 17:28:10,repeat_random_model.py,"(1021, 9)",858,sequential_4047,Dense 16 -> 16 -> 16 -> 128 -> 16 -> 16 -> 1,mse,adam_4047,20,128,2.317,8439.6142578125,4103.9765625,3987.480224609375,0.4241886176920402,0.7
2026-09-04 17:28:13,repeat_random_model.py,"(1021, 9)",858,sequential_4048,Dense 16 -> 16 -> 16 -> 64 -> 128 -> 128 -> 1,mse,adam_4048,20,128,2.5922,137013.359375,5884.5908203125,5611.93896484375,0.18960891810794156,0.7
2026-09-04 17:28:15,repeat_random_model.py,"(1021, 9)",858,sequential_4049,Dense 16 -> 16 -> 16 -> 64 -> 128 -> 64 -> 1,mse,adam_4049,20,128,2.2851,168212.453125,5986.21337890625,5654.96875,0.1833952083584619,0.7
2026-09-04 17:28:18,repeat_random_model.py,"(1021, 9)",858,sequential_4050,Dense 16 -> 16 -> 16 -> 64 -> 128 -> 32 -> 1,mse,adam_4050,20,128,2.332,47777.66796875,5251.1416015625,5123.24462890625,0.2601786929494926,0.7
2026-09-04 17:28:21,repeat_random_model.py,"(1021, 9)",858,sequential_4051,Dense 16 -> 16 -> 16 -> 64 -> 128 -> 16 -> 1,mse,adam_4051,20,128,2.3145,52088.2890625,5921.60595703125,5893.37060546875,0.14896898266455505,0.7
2026-09-04 17:28:23,repeat_random_model.py,"(1021, 9)",858,sequential_4052,Dense 16 -> 16 -> 16 -> 64 -> 64 -> 128 -> 1,mse,adam_4052,20,128,2.3414,26469.35546875,5386.58935546875,5152.48974609375,0.25595562717325615,0.7
2026-09-04 17:28:26,repeat_random_model.py,"(1021, 9)",858,sequential_4053,Dense 16 -> 16 -> 16 -> 64 -> 64 -> 64 -> 1,mse,adam_4053,20,128,2.1589,77854.15625,6291.0830078125,5803.09765625,0.16200465003468867,0.7
2026-09-04 17:28:28,repeat_random_model.py,"(1021, 9)",858,sequential_4054,Dense 16 -> 16 -> 16 -> 64 -> 64 -> 32 -> 1,mse,adam_4054,20,128,2.1089,60257.1640625,5943.3896484375,5965.28759765625,0.13858366175009518,0.7
2026-09-04 17:28:31,repeat_random_model.py,"(1021, 9)",858,sequential_4055,Dense 16 -> 16 -> 16 -> 64 -> 64 -> 16 -> 1,mse,adam_4055,20,128,2.4449,45850.625,5197.7890625,4827.78662109375,0.30284433639458497,0.7
2026-09-04 17:28:34,repeat_random_model.py,"(1021, 9)",858,sequential_4056,Dense 16 -> 16 -> 16 -> 64 -> 32 -> 128 -> 1,mse,adam_4056,20,128,2.4264,50790.2265625,6643.41015625,6897.4697265625,0.0039721765046010216,0.7
2026-09-04 17:28:37,repeat_random_model.py,"(1021, 9)",858,sequential_4057,Dense 16 -> 16 -> 16 -> 64 -> 32 -> 64 -> 1,mse,adam_4057,20,128,2.0747,80688.9609375,6267.36669921875,6013.14404296875,0.13167305967671616,0.7
2026-09-04 17:28:39,repeat_random_model.py,"(1021, 9)",858,sequential_4058,Dense 16 -> 16 -> 16 -> 64 -> 32 -> 32 -> 1,mse,adam_4058,20,128,2.0597,41733.3359375,6005.7919921875,5871.31298828125,0.1521541181668289,0.7
2026-09-04 17:28:42,repeat_random_model.py,"(1021, 9)",858,sequential_4059,Dense 16 -> 16 -> 16 -> 64 -> 32 -> 16 -> 1,mse,adam_4059,20,128,2.0379,179092.28125,6057.17578125,5905.21923828125,0.14725778512074716,0.7
2026-09-04 17:28:44,repeat_random_model.py,"(1021, 9)",858,sequential_4060,Dense 16 -> 16 -> 16 -> 64 -> 16 -> 128 -> 1,mse,adam_4060,20,128,2.076,102081.53125,6356.65478515625,6043.7509765625,0.12725312324682225,0.7
2026-09-04 17:28:46,repeat_random_model.py,"(1021, 9)",858,sequential_4061,Dense 16 -> 16 -> 16 -> 64 -> 16 -> 64 -> 1,mse,adam_4061,20,128,1.9965,7582.01171875,5520.0419921875,5474.32373046875,0.20948124064429374,0.7
2026-09-04 17:28:49,repeat_random_model.py,"(1021, 9)",858,sequential_4062,Dense 16 -> 16 -> 16 -> 64 -> 16 -> 32 -> 1,mse,adam_4062,20,128,2.1511,149765.625,6545.541015625,6184.81103515625,0.1068835546996918,0.7
2026-09-04 17:28:51,repeat_random_model.py,"(1021, 9)",858,sequential_4063,Dense 16 -> 16 -> 16 -> 64 -> 16 -> 16 -> 1,mse,adam_4063,20,128,1.9215,24806.419921875,6265.0302734375,6250.859375,0.09734564952131874,0.7
2026-09-04 17:28:54,repeat_random_model.py,"(1021, 9)",858,sequential_4064,Dense 16 -> 16 -> 16 -> 32 -> 128 -> 128 -> 1,mse,adam_4064,20,128,2.2463,54129.63671875,5886.08203125,5651.810546875,0.18385122767314377,0.7
2026-09-04 17:28:56,repeat_random_model.py,"(1021, 9)",858,sequential_4065,Dense 16 -> 16 -> 16 -> 32 -> 128 -> 64 -> 1,mse,adam_4065,20,128,2.2236,54461.99609375,6067.58740234375,5902.73974609375,0.147616019963821,0.7
2026-09-04 17:28:59,repeat_random_model.py,"(1021, 9)",858,sequential_4066,Dense 16 -> 16 -> 16 -> 32 -> 128 -> 32 -> 1,mse,adam_4066,20,128,2.1368,31167.35546875,6048.69677734375,5770.7421875,0.16667701228263998,0.7
2026-09-04 17:29:01,repeat_random_model.py,"(1021, 9)",858,sequential_4067,Dense 16 -> 16 -> 16 -> 32 -> 128 -> 16 -> 1,mse,adam_4067,20,128,2.0715,37854.484375,5553.0517578125,5240.17919921875,0.24329284795704653,0.7
2026-09-04 17:29:04,repeat_random_model.py,"(1021, 9)",858,sequential_4068,Dense 16 -> 16 -> 16 -> 32 -> 64 -> 128 -> 1,mse,adam_4068,20,128,2.1603,41096.1640625,5956.86865234375,5580.21875,0.19418954742456285,0.7
2026-09-04 17:29:06,repeat_random_model.py,"(1021, 9)",858,sequential_4069,Dense 16 -> 16 -> 16 -> 32 -> 64 -> 64 -> 1,mse,adam_4069,20,128,2.0101,20779.1015625,5473.744140625,5222.3486328125,0.24586762844808485,0.7
2026-09-04 17:29:09,repeat_random_model.py,"(1021, 9)",858,sequential_4070,Dense 16 -> 16 -> 16 -> 32 -> 64 -> 32 -> 1,mse,adam_4070,20,128,2.1281,32416.404296875,5829.2802734375,5652.306640625,0.18377973788439272,0.7
2026-09-04 17:29:11,repeat_random_model.py,"(1021, 9)",858,sequential_4071,Dense 16 -> 16 -> 16 -> 32 -> 64 -> 16 -> 1,mse,adam_4071,20,128,1.9357,194959.875,6287.2294921875,6025.23974609375,0.12992629832724278,0.7
2026-09-04 17:29:14,repeat_random_model.py,"(1021, 9)",858,sequential_4072,Dense 16 -> 16 -> 16 -> 32 -> 32 -> 128 -> 1,mse,adam_4072,20,128,2.177,9114.3583984375,4115.88330078125,3966.33447265625,0.4272421747068451,0.7
2026-09-04 17:29:16,repeat_random_model.py,"(1021, 9)",858,sequential_4073,Dense 16 -> 16 -> 16 -> 32 -> 32 -> 64 -> 1,mse,adam_4073,20,128,2.0169,14673.3486328125,5764.984375,5427.03759765625,0.21630949932041021,0.7
2026-09-04 17:29:18,repeat_random_model.py,"(1021, 9)",858,sequential_4074,Dense 16 -> 16 -> 16 -> 32 -> 32 -> 32 -> 1,mse,adam_4074,20,128,1.8577,125357.1875,6666.56103515625,6264.251953125,0.09541194976767331,0.7
2026-09-04 17:29:21,repeat_random_model.py,"(1021, 9)",858,sequential_4075,Dense 16 -> 16 -> 16 -> 32 -> 32 -> 16 -> 1,mse,adam_4075,20,128,1.9532,15817.791015625,6338.677734375,6125.09375,0.11550678727781138,0.7
2026-09-04 17:29:23,repeat_random_model.py,"(1021, 9)",858,sequential_4076,Dense 16 -> 16 -> 16 -> 32 -> 16 -> 128 -> 1,mse,adam_4076,20,128,2.0004,14590.1591796875,5093.919921875,5082.13916015625,0.26611453444618727,0.7
2026-09-04 17:29:25,repeat_random_model.py,"(1021, 9)",858,sequential_4077,Dense 16 -> 16 -> 16 -> 32 -> 16 -> 64 -> 1,mse,adam_4077,20,128,1.809,37331.98828125,5813.2177734375,5665.1376953125,0.181926804241628,0.7
2026-09-04 17:29:27,repeat_random_model.py,"(1021, 9)",858,sequential_4078,Dense 16 -> 16 -> 16 -> 32 -> 16 -> 32 -> 1,mse,adam_4078,20,128,1.7974,25236.44140625,6247.271484375,6034.7958984375,0.1285464586506283,0.7
2026-09-04 17:29:29,repeat_random_model.py,"(1021, 9)",858,sequential_4079,Dense 16 -> 16 -> 16 -> 32 -> 16 -> 16 -> 1,mse,adam_4079,20,128,1.9261,134770.3125,6324.6142578125,6077.94140625,0.12231599295993356,0.7
2026-09-04 17:29:32,repeat_random_model.py,"(1021, 9)",858,sequential_4080,Dense 16 -> 16 -> 16 -> 16 -> 128 -> 128 -> 1,mse,adam_4080,20,128,2.1202,20688.76171875,5025.25390625,4641.9619140625,0.32967821099524086,0.7
2026-09-04 17:29:34,repeat_random_model.py,"(1021, 9)",858,sequential_4081,Dense 16 -> 16 -> 16 -> 16 -> 128 -> 64 -> 1,mse,adam_4081,20,128,1.9029,51408.65625,6152.419921875,6018.5234375,0.13089615783567465,0.7
2026-09-04 17:29:36,repeat_random_model.py,"(1021, 9)",858,sequential_4082,Dense 16 -> 16 -> 16 -> 16 -> 128 -> 32 -> 1,mse,adam_4082,20,128,1.8593,25073.291015625,6035.921875,5797.76806640625,0.1627742837959938,0.7
2026-09-04 17:29:39,repeat_random_model.py,"(1021, 9)",858,sequential_4083,Dense 16 -> 16 -> 16 -> 16 -> 128 -> 16 -> 1,mse,adam_4083,20,128,2.0342,41990.171875,5139.82861328125,4850.84423828125,0.29951466714779895,0.7
2026-09-04 17:29:41,repeat_random_model.py,"(1021, 9)",858,sequential_4084,Dense 16 -> 16 -> 16 -> 16 -> 64 -> 128 -> 1,mse,adam_4084,20,128,1.9431,14851.1640625,5241.21728515625,4614.5302734375,0.3336395722279958,0.7
2026-09-04 17:29:43,repeat_random_model.py,"(1021, 9)",858,sequential_4085,Dense 16 -> 16 -> 16 -> 16 -> 64 -> 64 -> 1,mse,adam_4085,20,128,1.8874,33658.546875,6148.6953125,5862.27490234375,0.15345917340777382,0.7
2026-09-04 17:29:46,repeat_random_model.py,"(1021, 9)",858,sequential_4086,Dense 16 -> 16 -> 16 -> 16 -> 64 -> 32 -> 1,mse,adam_4086,20,128,1.9023,32477.775390625,5359.45556640625,5179.7060546875,0.25202549068422175,0.7
2026-09-04 17:29:48,repeat_random_model.py,"(1021, 9)",858,sequential_4087,Dense 16 -> 16 -> 16 -> 16 -> 64 -> 16 -> 1,mse,adam_4087,20,128,1.9698,24407.0078125,6021.24072265625,5714.1630859375,0.17484732233932643,0.7
2026-09-04 17:29:51,repeat_random_model.py,"(1021, 9)",858,sequential_4088,Dense 16 -> 16 -> 16 -> 16 -> 32 -> 128 -> 1,mse,adam_4088,20,128,2.2203,27483.37109375,6467.455078125,6070.67919921875,0.12336463629046035,0.7
2026-09-04 17:29:53,repeat_random_model.py,"(1021, 9)",858,sequential_4089,Dense 16 -> 16 -> 16 -> 16 -> 32 -> 64 -> 1,mse,adam_4089,20,128,2.2602,248788.625,6633.93896484375,6288.61474609375,0.09189372887945868,0.7
2026-09-04 17:29:56,repeat_random_model.py,"(1021, 9)",858,sequential_4090,Dense 16 -> 16 -> 16 -> 16 -> 32 -> 32 -> 1,mse,adam_4090,20,128,2.2973,50832.015625,6066.56103515625,5939.0673828125,0.142369972432272,0.7
2026-09-04 17:29:58,repeat_random_model.py,"(1021, 9)",858,sequential_4091,Dense 16 -> 16 -> 16 -> 16 -> 32 -> 16 -> 1,mse,adam_4091,20,128,1.9552,12117.7236328125,6634.25439453125,6614.12255859375,0.044888845999771054,0.7
2026-09-04 17:30:01,repeat_random_model.py,"(1021, 9)",858,sequential_4092,Dense 16 -> 16 -> 16 -> 16 -> 16 -> 128 -> 1,mse,adam_4092,20,128,2.0385,10146.0234375,4666.97119140625,4694.45263671875,0.32209837495319593,0.7
2026-09-04 17:30:03,repeat_random_model.py,"(1021, 9)",858,sequential_4093,Dense 16 -> 16 -> 16 -> 16 -> 16 -> 64 -> 1,mse,adam_4093,20,128,2.0104,17151.029296875,6301.1123046875,6133.8271484375,0.1142458974269307,0.7
2026-09-04 17:30:05,repeat_random_model.py,"(1021, 9)",858,sequential_4094,Dense 16 -> 16 -> 16 -> 16 -> 16 -> 32 -> 1,mse,adam_4094,20,128,1.8521,7797.287109375,4155.85205078125,3608.429443359375,0.47892533735859166,0.7
2026-09-04 17:30:07,repeat_random_model.py,"(1021, 9)",858,sequential_4095,Dense 16 -> 16 -> 16 -> 16 -> 16 -> 16 -> 1,mse,adam_4095,20,128,1.8581,301489.6875,6361.12109375,5992.26025390625,0.13468872603371695,0.7
