time,pyfile,data_shape,random_num,model,model_structure,loss,optimizer,epochs,batch_size,train_second,first_loss,last_loss,test_loss,r2_score,train_ration,total_params
2026-09-14 10:33:31,multi_optuna_model.py,"(7620, 13)",90,Optuna_Trial_0,Dense 32 -> 128(gelu) -> 32 -> 256(gelu) -> 32 -> 64 -> 256 -> 256(relu) -> 1,mse,adam,20,32,9.0694,16371.994140625,2794.9990234375,2794.9990234375,0.9141049385070801,0.7,110273
2026-09-14 10:33:41,multi_optuna_model.py,"(7620, 13)",90,Optuna_Trial_1,Dense 256 -> 256(silu) -> 256(relu) -> 32 -> 128 -> 32(gelu) -> 64(relu) -> 128(gelu) -> 1,mse,adam_1,20,32,9.812,14687.8505859375,2763.227783203125,2763.227783203125,0.9150813221931458,0.7,162305
2026-09-14 10:33:50,multi_optuna_model.py,"(7620, 13)",90,Optuna_Trial_2,Dense 64(gelu) -> 32(relu) -> 64(silu) -> 64(relu) -> 32(silu) -> 32(silu) -> 256 -> 64(silu) -> 1,mse,adam_2,20,32,9.0167,18771.626953125,2280.682861328125,2280.682861328125,0.9299107789993286,0.7,37345
2026-09-14 10:34:00,multi_optuna_model.py,"(7620, 13)",90,Optuna_Trial_3,Dense 64(relu) -> 128(silu) -> 64(relu) -> 32(gelu) -> 128(relu) -> 128(relu) -> 256(relu) -> 256 -> 1,mse,adam_3,20,32,9.3284,18002.7109375,2615.822509765625,2615.822509765625,0.9196113348007202,0.7,139361
2026-09-14 10:34:10,multi_optuna_model.py,"(7620, 13)",90,Optuna_Trial_4,Dense 128(silu) -> 256(gelu) -> 64(silu) -> 32(relu) -> 128 -> 64 -> 32(relu) -> 64(gelu) -> 1,mse,adam_4,20,32,9.1197,13991.3349609375,2174.5478515625,2174.5478515625,0.9331724643707275,0.7,70081
2026-09-14 10:34:18,multi_optuna_model.py,"(7620, 13)",90,Optuna_Trial_5,Dense 32(gelu) -> 32(relu) -> 64(gelu) -> 128(relu) -> 64(silu) -> 64 -> 256(relu) -> 64 -> 1,mse,adam_5,20,32,8.3832,17081.40625,2676.270751953125,2676.270751953125,0.9177536368370056,0.7,57505
2026-09-14 10:34:29,multi_optuna_model.py,"(7620, 13)",90,Optuna_Trial_6,Dense 32(gelu) -> 128(silu) -> 256(gelu) -> 32(relu) -> 128(relu) -> 32(silu) -> 128(silu) -> 256(silu) -> 1,mse,adam_6,20,32,10.2406,18231.51171875,2095.453125,2095.453125,0.935603141784668,0.7,91777
2026-09-14 10:34:40,multi_optuna_model.py,"(7620, 13)",90,Optuna_Trial_7,Dense 64 -> 32(relu) -> 128(relu) -> 128(gelu) -> 256(gelu) -> 128(silu) -> 256 -> 256 -> 1,mse,adam_7,20,32,10.2152,13967.3671875,2368.635009765625,2368.635009765625,0.9272078275680542,0.7,188705
2026-09-14 10:34:49,multi_optuna_model.py,"(7620, 13)",90,Optuna_Trial_8,Dense 128(gelu) -> 256(relu) -> 64(silu) -> 64(relu) -> 64 -> 32 -> 32(gelu) -> 32(silu) -> 1,mse,adam_8,20,32,8.9362,17416.16796875,2249.774658203125,2249.774658203125,0.9308605790138245,0.7,63809
2026-09-14 10:34:59,multi_optuna_model.py,"(7620, 13)",90,Optuna_Trial_9,Dense 128(silu) -> 64(relu) -> 32(gelu) -> 32(silu) -> 32(silu) -> 64(gelu) -> 64 -> 256(silu) -> 1,mse,adam_9,20,32,9.5688,16413.533203125,2887.91357421875,2887.91357421875,0.9112495183944702,0.7,37409
2026-09-14 10:35:10,multi_optuna_model.py,"(7620, 13)",90,Optuna_Trial_10,Dense 32(gelu) -> 128(silu) -> 256(gelu) -> 256(relu) -> 128 -> 32(silu) -> 64(gelu) -> 256(silu) -> 1,mse,adam_10,20,32,10.7023,16034.40625,2272.920166015625,2272.920166015625,0.9301493167877197,0.7,159521
2026-09-14 10:35:20,multi_optuna_model.py,"(7620, 13)",90,Optuna_Trial_11,Dense 64(silu) -> 256(gelu) -> 32(silu) -> 128(relu) -> 128 -> 128(relu) -> 32(relu) -> 64(gelu) -> 1,mse,adam_11,20,32,9.2429,15635.1123046875,2221.360595703125,2221.360595703125,0.9317338466644287,0.7,69313
2026-09-14 10:35:29,multi_optuna_model.py,"(7620, 13)",90,Optuna_Trial_12,Dense 32(gelu) -> 128(relu) -> 256(gelu) -> 32(relu) -> 128(relu) -> 32(relu) -> 128(silu) -> 128 -> 1,mse,adam_12,20,32,8.8962,20268.345703125,2268.158447265625,2268.158447265625,0.9302956461906433,0.7,75137
2026-09-14 10:35:39,multi_optuna_model.py,"(7620, 13)",90,Optuna_Trial_13,Dense 128(silu) -> 256(gelu) -> 64(gelu) -> 32(relu) -> 32 -> 256 -> 32(relu) -> 64(gelu) -> 1,mse,adam_13,20,32,9.0441,14953.4453125,2681.273681640625,2681.273681640625,0.9175999164581299,0.7,73249
2026-09-14 10:35:49,multi_optuna_model.py,"(7620, 13)",90,Optuna_Trial_14,Dense 256(relu) -> 128(silu) -> 128(silu) -> 32(relu) -> 128(relu) -> 32(silu) -> 32(silu) -> 256(silu) -> 1,mse,adam_14,20,32,10.2569,17510.77734375,2122.36328125,2122.36328125,0.9347761869430542,0.7,75233
2026-09-14 10:36:00,multi_optuna_model.py,"(7620, 13)",90,Optuna_Trial_15,Dense 256(relu) -> 256(silu) -> 128(relu) -> 32(relu) -> 256(relu) -> 32(relu) -> 32(silu) -> 32(silu) -> 1,mse,adam_15,20,32,10.2782,18791.048828125,2071.391357421875,2071.391357421875,0.9363426566123962,0.7,125217
2026-09-14 10:36:11,multi_optuna_model.py,"(7620, 13)",90,Optuna_Trial_16,Dense 256(relu) -> 256(silu) -> 128(relu) -> 256(silu) -> 64(gelu) -> 32(relu) -> 32(silu) -> 32(silu) -> 1,mse,adam_16,20,32,10.7073,18638.5,2118.16650390625,2118.16650390625,0.9349051713943481,0.7,155969
2026-09-14 10:36:22,multi_optuna_model.py,"(7620, 13)",90,Optuna_Trial_17,Dense 256(gelu) -> 128 -> 64(gelu) -> 32(relu) -> 128(silu) -> 32(silu) -> 128(silu) -> 64(silu) -> 1,mse,adam_17,20,32,9.9118,20593.494140625,2485.276611328125,2485.276611328125,0.923623263835907,0.7,67713
2026-09-14 10:36:32,multi_optuna_model.py,"(7620, 13)",90,Optuna_Trial_18,Dense 256(relu) -> 64(silu) -> 128(gelu) -> 32(relu) -> 256(relu) -> 64(relu) -> 256(gelu) -> 32(silu) -> 1,mse,adam_18,20,32,9.5875,15433.96484375,1945.9957275390625,1945.9957275390625,0.9401962757110596,0.7,82273
2026-09-14 10:36:42,multi_optuna_model.py,"(7620, 13)",90,Optuna_Trial_19,Dense 256(gelu) -> 64(silu) -> 128(gelu) -> 64(relu) -> 256(silu) -> 64(relu) -> 128(gelu) -> 32(silu) -> 1,mse,adam_19,20,32,10.0609,15705.8583984375,2629.307373046875,2629.307373046875,0.9191969633102417,0.7,82177
2026-09-14 10:36:53,multi_optuna_model.py,"(7620, 13)",90,Optuna_Trial_20,Dense 256(gelu) -> 256(silu) -> 32(relu) -> 32 -> 256(relu) -> 256 -> 32(silu) -> 32(silu) -> 1,mse,adam_20,20,32,10.5628,16743.84375,2452.54736328125,2452.54736328125,0.9246290326118469,0.7,162209
2026-09-14 10:37:04,multi_optuna_model.py,"(7620, 13)",90,Optuna_Trial_21,Dense 64(silu) -> 256(silu) -> 256(silu) -> 32(relu) -> 256(relu) -> 64(relu) -> 256(gelu) -> 32(silu) -> 1,mse,adam_21,20,32,10.9454,16851.8515625,2266.94775390625,2266.94775390625,0.9303328394889832,0.7,141345
2026-09-14 10:37:13,multi_optuna_model.py,"(7620, 13)",90,Optuna_Trial_22,Dense 256(relu) -> 64(relu) -> 128(gelu) -> 32(relu) -> 32(relu) -> 64(relu) -> 256 -> 32(gelu) -> 1,mse,adam_22,20,32,8.0762,18061.744140625,2348.3515625,2348.3515625,0.9278311729431152,0.7,60545
2026-09-14 10:37:23,multi_optuna_model.py,"(7620, 13)",90,Optuna_Trial_23,Dense 256(relu) -> 256(relu) -> 128(relu) -> 32(relu) -> 256(relu) -> 64(relu) -> 32(gelu) -> 32(silu) -> 1,mse,adam_23,20,32,9.4058,19195.578125,2461.345947265625,2461.345947265625,0.9243586659431458,0.7,134465
2026-09-14 10:37:33,multi_optuna_model.py,"(7620, 13)",90,Optuna_Trial_24,Dense 32(silu) -> 128(silu) -> 256(gelu) -> 32 -> 32(relu) -> 32 -> 128 -> 256(silu) -> 1,mse,adam_24,20,32,9.7628,17019.380859375,2302.798828125,2302.798828125,0.9292310476303101,0.7,85537
2026-09-14 10:37:42,multi_optuna_model.py,"(7620, 13)",90,Optuna_Trial_25,Dense 32 -> 64(silu) -> 32(gelu) -> 32(relu) -> 128(relu) -> 64(relu) -> 256(gelu) -> 32(relu) -> 1,mse,adam_25,20,32,9.1323,18330.5859375,2038.4053955078125,2038.4053955078125,0.9373563528060913,0.7,43073
2026-09-14 10:37:53,multi_optuna_model.py,"(7620, 13)",90,Optuna_Trial_26,Dense 32 -> 64(silu) -> 64(silu) -> 32(relu) -> 128(gelu) -> 64(relu) -> 256(gelu) -> 128(relu) -> 1,mse,adam_26,20,32,9.9401,17655.41796875,2028.8475341796875,2028.8475341796875,0.9376500844955444,0.7,70945
2026-09-14 10:38:02,multi_optuna_model.py,"(7620, 13)",90,Optuna_Trial_27,Dense 32 -> 128(silu) -> 32(gelu) -> 32(relu) -> 128(relu) -> 64 -> 256(relu) -> 32(relu) -> 1,mse,adam_27,20,32,8.2077,16115.3583984375,2218.024169921875,2218.024169921875,0.9318363666534424,0.7,47233
2026-09-14 10:38:12,multi_optuna_model.py,"(7620, 13)",90,Optuna_Trial_28,Dense 256(gelu) -> 64(silu) -> 64(silu) -> 32(relu) -> 128(gelu) -> 64(relu) -> 256(gelu) -> 128(relu) -> 1,mse,adam_28,20,32,10.1394,15437.5615234375,2017.6624755859375,2017.6624755859375,0.9379938244819641,0.7,88417
2026-09-14 10:38:23,multi_optuna_model.py,"(7620, 13)",90,Optuna_Trial_29,Dense 256(relu) -> 64(silu) -> 64(silu) -> 32(relu) -> 128(gelu) -> 64(silu) -> 256(gelu) -> 128(relu) -> 1,mse,adam_29,20,32,9.852,15107.333984375,2349.2548828125,2349.2548828125,0.9278033971786499,0.7,88417
2026-09-14 10:38:33,multi_optuna_model.py,"(7620, 13)",90,Optuna_Trial_30,Dense 32 -> 32(gelu) -> 64(silu) -> 32(relu) -> 128(gelu) -> 64(relu) -> 256(gelu) -> 256 -> 1,mse,adam_30,20,32,9.7987,19572.666015625,2897.42724609375,2897.42724609375,0.9109571576118469,0.7,100865
2026-09-14 10:38:42,multi_optuna_model.py,"(7620, 13)",90,Optuna_Trial_31,Dense 64 -> 64(silu) -> 32(gelu) -> 128(relu) -> 128(relu) -> 64(relu) -> 128(gelu) -> 256(relu) -> 1,mse,adam_31,20,32,8.8139,16098.0537109375,4130.38232421875,4130.38232421875,0.8730663657188416,0.7,77729
2026-09-14 10:38:52,multi_optuna_model.py,"(7620, 13)",90,Optuna_Trial_32,Dense 256(relu) -> 128(silu) -> 128(silu) -> 32 -> 256(relu) -> 64(relu) -> 256(gelu) -> 32 -> 1,mse,adam_32,20,32,9.5342,14386.76171875,2206.994384765625,2206.994384765625,0.93217533826828,0.7,106913
2026-09-14 10:39:02,multi_optuna_model.py,"(7620, 13)",90,Optuna_Trial_33,Dense 32 -> 64(silu) -> 64(silu) -> 32(gelu) -> 32(gelu) -> 32(relu) -> 256(gelu) -> 128(relu) -> 1,mse,adam_33,20,32,9.2905,18969.564453125,1955.926025390625,1955.926025390625,0.9398910999298096,0.7,52385
2026-09-14 10:39:12,multi_optuna_model.py,"(7620, 13)",90,Optuna_Trial_34,Dense 256(relu) -> 64(silu) -> 32(gelu) -> 32(relu) -> 256(relu) -> 32(relu) -> 256(gelu) -> 32(silu) -> 1,mse,adam_34,20,32,9.4667,16522.98828125,1872.4136962890625,1872.4136962890625,0.9424575567245483,0.7,56545
2026-09-14 10:39:22,multi_optuna_model.py,"(7620, 13)",90,Optuna_Trial_35,Dense 256(relu) -> 64(silu) -> 256(gelu) -> 32(gelu) -> 256 -> 32(relu) -> 256(gelu) -> 32(silu) -> 1,mse,adam_35,20,32,9.8407,17370.8984375,1987.2962646484375,1987.2962646484375,0.9389269948005676,0.7,78273
2026-09-14 10:39:32,multi_optuna_model.py,"(7620, 13)",90,Optuna_Trial_36,Dense 256(relu) -> 64(silu) -> 32(gelu) -> 32 -> 256(relu) -> 32(relu) -> 256(gelu) -> 32(silu) -> 1,mse,adam_36,20,32,9.2405,16018.0322265625,2491.8525390625,2491.8525390625,0.9234211444854736,0.7,56545
2026-09-14 10:39:42,multi_optuna_model.py,"(7620, 13)",90,Optuna_Trial_37,Dense 64(relu) -> 64(silu) -> 256(gelu) -> 32(gelu) -> 256 -> 128(relu) -> 32(gelu) -> 32(silu) -> 1,mse,adam_37,20,32,10.2083,19029.55859375,2247.680908203125,2247.680908203125,0.9309249520301819,0.7,76481
2026-09-14 10:39:53,multi_optuna_model.py,"(7620, 13)",90,Optuna_Trial_38,Dense 256(relu) -> 64(silu) -> 128 -> 256(relu) -> 256(relu) -> 64(relu) -> 256 -> 32(silu) -> 1,mse,adam_38,20,32,10.0485,16446.322265625,2349.860107421875,2349.860107421875,0.92778480052948,0.7,168513
2026-09-14 10:40:03,multi_optuna_model.py,"(7620, 13)",90,Optuna_Trial_39,Dense 128(relu) -> 64(silu) -> 256(gelu) -> 32(gelu) -> 32 -> 32 -> 256(silu) -> 32(silu) -> 1,mse,adam_39,20,32,9.8536,17246.439453125,2596.389404296875,2596.389404296875,0.9202085733413696,0.7,53729
2026-09-14 10:40:13,multi_optuna_model.py,"(7620, 13)",90,Optuna_Trial_40,Dense 256(relu) -> 64 -> 128(gelu) -> 32(relu) -> 64 -> 128(relu) -> 256(gelu) -> 32(silu) -> 1,mse,adam_40,20,32,9.8237,17195.328125,2643.81591796875,2643.81591796875,0.918751060962677,0.7,84193
2026-09-14 10:40:23,multi_optuna_model.py,"(7620, 13)",90,Optuna_Trial_41,Dense 256(relu) -> 64(silu) -> 256(gelu) -> 32(gelu) -> 256 -> 32(relu) -> 256 -> 32(silu) -> 1,mse,adam_41,20,32,9.4652,15546.1259765625,2201.98046875,2201.98046875,0.9323294162750244,0.7,78273
2026-09-14 10:40:34,multi_optuna_model.py,"(7620, 13)",90,Optuna_Trial_42,Dense 256(gelu) -> 64(silu) -> 64(gelu) -> 32(silu) -> 64(gelu) -> 64(relu) -> 256(gelu) -> 128(silu) -> 1,mse,adam_42,20,32,10.4077,14281.1416015625,2506.38818359375,2506.38818359375,0.9229744672775269,0.7,82209
2026-09-14 10:40:44,multi_optuna_model.py,"(7620, 13)",90,Optuna_Trial_43,Dense 128 -> 64(silu) -> 64(silu) -> 32(gelu) -> 64(gelu) -> 32(relu) -> 256(silu) -> 64(relu) -> 1,mse,adam_43,20,32,9.257,16514.77734375,2788.333740234375,2788.333740234375,0.9143097400665283,0.7,45441
2026-09-14 10:40:52,multi_optuna_model.py,"(7620, 13)",90,Optuna_Trial_44,Dense 32 -> 64(silu) -> 64(silu) -> 32 -> 32 -> 32(relu) -> 256(relu) -> 32(relu) -> 1,mse,adam_44,20,32,8.2605,18074.931640625,2089.397705078125,2089.397705078125,0.9357892274856567,0.7,27617
2026-09-14 10:41:03,multi_optuna_model.py,"(7620, 13)",90,Optuna_Trial_45,Dense 32(relu) -> 64 -> 64(silu) -> 32(gelu) -> 32(gelu) -> 256(relu) -> 256(gelu) -> 128(silu) -> 1,mse,adam_45,20,32,10.069,19664.697265625,2463.994140625,2463.994140625,0.9242773056030273,0.7,117121
2026-09-14 10:41:14,multi_optuna_model.py,"(7620, 13)",90,Optuna_Trial_46,Dense 256(relu) -> 256(silu) -> 128(gelu) -> 32(gelu) -> 256(relu) -> 64(silu) -> 256(gelu) -> 32(silu) -> 1,mse,adam_46,20,32,11.2483,15749.2900390625,2573.278564453125,2573.278564453125,0.9209187626838684,0.7,156193
2026-09-14 10:41:26,multi_optuna_model.py,"(7620, 13)",90,Optuna_Trial_47,Dense 256(gelu) -> 256(silu) -> 64 -> 32(relu) -> 128(gelu) -> 64(relu) -> 32(gelu) -> 128(gelu) -> 1,mse,adam_47,20,32,10.6303,15044.0185546875,2068.3583984375,2068.3583984375,0.9364358186721802,0.7,106817
2026-09-14 10:41:34,multi_optuna_model.py,"(7620, 13)",90,Optuna_Trial_48,Dense 32(gelu) -> 64(gelu) -> 32(silu) -> 32(gelu) -> 32(gelu) -> 32(relu) -> 32(gelu) -> 128(relu) -> 1,mse,adam_48,20,32,8.3162,20232.48046875,2267.257080078125,2267.257080078125,0.9303233623504639,0.7,13217
2026-09-14 10:41:44,multi_optuna_model.py,"(7620, 13)",90,Optuna_Trial_49,Dense 32(relu) -> 64(silu) -> 128(gelu) -> 32(relu) -> 256(relu) -> 64(relu) -> 128(gelu) -> 32 -> 1,mse,adam_49,20,32,9.0656,18657.236328125,2271.440185546875,2271.440185546875,0.9301947951316833,0.7,52385
2026-09-14 10:41:53,multi_optuna_model.py,"(7620, 13)",90,Optuna_Trial_50,Dense 32 -> 64(silu) -> 64 -> 32(gelu) -> 32(relu) -> 32(relu) -> 256(gelu) -> 128(relu) -> 1,mse,adam_50,20,32,8.5965,19509.26953125,2265.035888671875,2265.035888671875,0.9303916096687317,0.7,52385
2026-09-14 10:42:03,multi_optuna_model.py,"(7620, 13)",90,Optuna_Trial_51,Dense 256(gelu) -> 64(silu) -> 128(relu) -> 32(relu) -> 128(gelu) -> 256(relu) -> 256(relu) -> 128(relu) -> 1,mse,adam_51,20,32,9.9844,14027.642578125,2006.32763671875,2006.32763671875,0.9383421540260315,0.7,168545
2026-09-14 10:42:12,multi_optuna_model.py,"(7620, 13)",90,Optuna_Trial_52,Dense 256(gelu) -> 64 -> 128(relu) -> 32(relu) -> 128(gelu) -> 32(relu) -> 256(relu) -> 128(relu) -> 1,mse,adam_52,20,32,8.6639,17753.18359375,2399.158447265625,2399.158447265625,0.9262697696685791,0.7,82305
2026-09-14 10:42:22,multi_optuna_model.py,"(7620, 13)",90,Optuna_Trial_53,Dense 32 -> 64(gelu) -> 64(silu) -> 256(gelu) -> 32(gelu) -> 32(relu) -> 256(gelu) -> 128(gelu) -> 1,mse,adam_53,20,32,9.4806,17846.6328125,2130.5732421875,2130.5732421875,0.93452388048172,0.7,74113
2026-09-14 10:42:31,multi_optuna_model.py,"(7620, 13)",90,Optuna_Trial_54,Dense 32(gelu) -> 64(silu) -> 128(relu) -> 32 -> 128(gelu) -> 256(relu) -> 32(relu) -> 128(relu) -> 1,mse,adam_54,20,32,8.6274,18326.298828125,2258.336181640625,2258.336181640625,0.9305974841117859,0.7,64833
2026-09-14 10:42:41,multi_optuna_model.py,"(7620, 13)",90,Optuna_Trial_55,Dense 256(relu) -> 64(silu) -> 256(relu) -> 32(relu) -> 128(gelu) -> 256(relu) -> 256(relu) -> 128(relu) -> 1,mse,adam_55,20,32,9.9935,13653.439453125,2460.144287109375,2460.144287109375,0.9243955612182617,0.7,180961
2026-09-14 10:42:52,multi_optuna_model.py,"(7620, 13)",90,Optuna_Trial_56,Dense 256(gelu) -> 64(silu) -> 128(relu) -> 256(relu) -> 128(relu) -> 256(relu) -> 256(gelu) -> 128(relu) -> 1,mse,adam_56,20,32,10.6404,14259.8642578125,3193.087646484375,3193.087646484375,0.9018710255622864,0.7,226113
2026-09-14 10:43:02,multi_optuna_model.py,"(7620, 13)",90,Optuna_Trial_57,Dense 128(gelu) -> 64(silu) -> 64(silu) -> 64(relu) -> 128(gelu) -> 128(relu) -> 256(relu) -> 128(relu) -> 1,mse,adam_57,20,32,9.6337,17346.521484375,2189.557861328125,2189.557861328125,0.9327111840248108,0.7,109249
2026-09-14 10:43:13,multi_optuna_model.py,"(7620, 13)",90,Optuna_Trial_58,Dense 256(gelu) -> 64(silu) -> 128(silu) -> 32(relu) -> 128(gelu) -> 128(relu) -> 128(gelu) -> 128 -> 1,mse,adam_58,20,32,9.989,14323.8935546875,2088.094970703125,2088.094970703125,0.9358292818069458,0.7,86369
2026-09-14 10:43:24,multi_optuna_model.py,"(7620, 13)",90,Optuna_Trial_59,Dense 256(gelu) -> 32(silu) -> 128(relu) -> 32(silu) -> 128(gelu) -> 256 -> 256(relu) -> 128(relu) -> 1,mse,adam_59,20,32,11.0619,14326.4873046875,2086.89599609375,2086.89599609375,0.935866117477417,0.7,156225
2026-09-14 10:43:34,multi_optuna_model.py,"(7620, 13)",90,Optuna_Trial_60,Dense 32 -> 128(silu) -> 64(silu) -> 32(gelu) -> 32(gelu) -> 32(relu) -> 64(gelu) -> 256(relu) -> 1,mse,adam_60,20,32,8.7588,18306.7890625,2290.22216796875,2290.22216796875,0.9296175837516785,0.7,36129
2026-09-14 10:43:43,multi_optuna_model.py,"(7620, 13)",90,Optuna_Trial_61,Dense 32 -> 64 -> 128(silu) -> 32(relu) -> 128(gelu) -> 64(relu) -> 256(gelu) -> 64(relu) -> 1,mse,adam_61,20,32,8.9911,18647.818359375,2250.258056640625,2250.258056640625,0.9308457374572754,0.7,60641
2026-09-14 10:43:53,multi_optuna_model.py,"(7620, 13)",90,Optuna_Trial_62,Dense 256 -> 64(silu) -> 64(silu) -> 32(gelu) -> 32(gelu) -> 128(gelu) -> 256(gelu) -> 128(relu) -> 1,mse,adam_62,20,32,9.8338,14335.849609375,2138.01708984375,2138.01708984375,0.934295117855072,0.7,97601
2026-09-14 10:44:03,multi_optuna_model.py,"(7620, 13)",90,Optuna_Trial_63,Dense 128(gelu) -> 256(silu) -> 128(relu) -> 32(relu) -> 32 -> 256(relu) -> 256(relu) -> 128(relu) -> 1,mse,adam_63,20,32,9.8125,15303.0654296875,1883.3372802734375,1883.3372802734375,0.9421218633651733,0.7,180161
2026-09-14 10:44:13,multi_optuna_model.py,"(7620, 13)",90,Optuna_Trial_64,Dense 128(gelu) -> 256(silu) -> 128(gelu) -> 32(relu) -> 32 -> 256(relu) -> 64(relu) -> 32(relu) -> 1,mse,adam_64,20,32,9.111,14736.0830078125,2367.282958984375,2367.282958984375,0.9272493720054626,0.7,99905
2026-09-14 10:44:22,multi_optuna_model.py,"(7620, 13)",90,Optuna_Trial_65,Dense 128 -> 32(silu) -> 256(relu) -> 32(relu) -> 32 -> 256(relu) -> 256(relu) -> 128(relu) -> 1,mse,adam_65,20,32,9.1651,15280.9794921875,2115.255859375,2115.255859375,0.9349945783615112,0.7,130913
2026-09-14 10:44:33,multi_optuna_model.py,"(7620, 13)",90,Optuna_Trial_66,Dense 128(gelu) -> 256(silu) -> 128(relu) -> 32(silu) -> 32 -> 256(gelu) -> 256 -> 128(relu) -> 1,mse,adam_66,20,32,10.4017,15539.27734375,2513.5166015625,2513.5166015625,0.9227553606033325,0.7,180161
2026-09-14 10:44:43,multi_optuna_model.py,"(7620, 13)",90,Optuna_Trial_67,Dense 128(gelu) -> 256(silu) -> 128(relu) -> 32(relu) -> 32 -> 32(relu) -> 256(relu) -> 128(relu) -> 1,mse,adam_67,20,32,9.2933,16799.18359375,2375.235595703125,2375.235595703125,0.9270049929618835,0.7,115425
2026-09-14 10:44:54,multi_optuna_model.py,"(7620, 13)",90,Optuna_Trial_68,Dense 256(relu) -> 64(silu) -> 128(gelu) -> 32(relu) -> 256(silu) -> 64(relu) -> 256(gelu) -> 256(silu) -> 1,mse,adam_68,20,32,10.5075,13435.474609375,2012.690185546875,2012.690185546875,0.9381465911865234,0.7,140065
2026-09-14 10:45:06,multi_optuna_model.py,"(7620, 13)",90,Optuna_Trial_69,Dense 256(relu) -> 64(gelu) -> 128(gelu) -> 32(relu) -> 256(silu) -> 256(relu) -> 256(gelu) -> 256(gelu) -> 1,mse,adam_69,20,32,11.0885,15401.44140625,2943.2255859375,2943.2255859375,0.9095497131347656,0.7,238561
2026-09-14 10:45:16,multi_optuna_model.py,"(7620, 13)",90,Optuna_Trial_70,Dense 32(relu) -> 256(silu) -> 128(gelu) -> 32(relu) -> 256(silu) -> 32(relu) -> 256(gelu) -> 64(silu) -> 1,mse,adam_70,20,32,9.9635,19532.5859375,2162.423583984375,2162.423583984375,0.9335450530052185,0.7,87553
2026-09-14 10:45:26,multi_optuna_model.py,"(7620, 13)",90,Optuna_Trial_71,Dense 256(relu) -> 64(silu) -> 128(gelu) -> 32(relu) -> 32(gelu) -> 64(relu) -> 128(gelu) -> 256(silu) -> 1,mse,adam_71,20,32,9.3745,16469.099609375,2108.613037109375,2108.613037109375,0.9351987242698669,0.7,77249
2026-09-14 10:45:36,multi_optuna_model.py,"(7620, 13)",90,Optuna_Trial_72,Dense 256(gelu) -> 64(gelu) -> 64(silu) -> 128(relu) -> 128(gelu) -> 64(relu) -> 256(gelu) -> 64(relu) -> 1,mse,adam_72,20,32,9.5406,14585.5166015625,1971.3499755859375,1971.3499755859375,0.9394170641899109,0.7,90433
2026-09-14 10:45:48,multi_optuna_model.py,"(7620, 13)",90,Optuna_Trial_73,Dense 256 -> 64(silu) -> 128(silu) -> 32(relu) -> 256(silu) -> 64(relu) -> 256(gelu) -> 256(silu) -> 1,mse,adam_73,20,32,11.8709,13919.0703125,2197.861083984375,2197.861083984375,0.9324560165405273,0.7,140065
2026-09-14 10:45:58,multi_optuna_model.py,"(7620, 13)",90,Optuna_Trial_74,Dense 128(gelu) -> 64(gelu) -> 64(silu) -> 128(silu) -> 128(gelu) -> 64(relu) -> 32(gelu) -> 64(relu) -> 1,mse,adam_74,20,32,9.2117,14945.1865234375,2405.066162109375,2405.066162109375,0.9260882139205933,0.7,51553
2026-09-14 10:46:08,multi_optuna_model.py,"(7620, 13)",90,Optuna_Trial_75,Dense 256(silu) -> 64(gelu) -> 64(silu) -> 128(relu) -> 128(gelu) -> 64(relu) -> 256(gelu) -> 64(relu) -> 1,mse,adam_75,20,32,9.8002,15393.2705078125,2394.015869140625,2394.015869140625,0.9264278411865234,0.7,90433
2026-09-14 10:46:18,multi_optuna_model.py,"(7620, 13)",90,Optuna_Trial_76,Dense 256(relu) -> 32(silu) -> 128(gelu) -> 32(relu) -> 256(relu) -> 64(relu) -> 256(gelu) -> 64(relu) -> 1,mse,adam_76,20,32,9.1637,15854.2177734375,1820.7813720703125,1820.7813720703125,0.944044291973114,0.7,78209
2026-09-14 10:46:28,multi_optuna_model.py,"(7620, 13)",90,Optuna_Trial_77,Dense 256(relu) -> 32(silu) -> 128(gelu) -> 128(relu) -> 256(relu) -> 64(relu) -> 256(gelu) -> 64(relu) -> 1,mse,adam_77,20,32,9.4619,15086.4130859375,1965.5875244140625,1965.5875244140625,0.9395941495895386,0.7,115169
2026-09-14 10:46:38,multi_optuna_model.py,"(7620, 13)",90,Optuna_Trial_78,Dense 256(relu) -> 256(silu) -> 128(gelu) -> 64(relu) -> 256(relu) -> 64(relu) -> 256(gelu) -> 64(relu) -> 1,mse,adam_78,20,32,10.333,16197.71875,3444.742919921875,3444.742919921875,0.8941372036933899,0.7,176769
2026-09-14 10:46:48,multi_optuna_model.py,"(7620, 13)",90,Optuna_Trial_79,Dense 128(relu) -> 32(silu) -> 128(silu) -> 32(relu) -> 256(relu) -> 64 -> 256(gelu) -> 64(relu) -> 1,mse,adam_79,20,32,9.3234,17064.853515625,2547.068115234375,2547.068115234375,0.921724259853363,0.7,72321
2026-09-14 10:46:58,multi_optuna_model.py,"(7620, 13)",90,Optuna_Trial_80,Dense 256(relu) -> 32(silu) -> 128(gelu) -> 128(relu) -> 256(relu) -> 64(silu) -> 128(silu) -> 64(relu) -> 1,mse,adam_80,20,32,9.6153,15192.212890625,2487.925048828125,2487.925048828125,0.9235418438911438,0.7,98657
2026-09-14 10:47:08,multi_optuna_model.py,"(7620, 13)",90,Optuna_Trial_81,Dense 256(relu) -> 64(silu) -> 64(gelu) -> 32(relu) -> 64(relu) -> 32(relu) -> 256(silu) -> 32(relu) -> 1,mse,adam_81,20,32,9.027,17945.01953125,2266.790283203125,2266.790283203125,0.93033766746521,0.7,47169
2026-09-14 10:47:18,multi_optuna_model.py,"(7620, 13)",90,Optuna_Trial_82,Dense 64(relu) -> 32(silu) -> 128(gelu) -> 32(relu) -> 256 -> 256(relu) -> 256(gelu) -> 64(relu) -> 1,mse,adam_82,20,32,10.2167,16560.814453125,2309.489990234375,2309.489990234375,0.929025411605835,0.7,167873
2026-09-14 10:47:29,multi_optuna_model.py,"(7620, 13)",90,Optuna_Trial_83,Dense 256(silu) -> 32(silu) -> 128(silu) -> 128(relu) -> 256(relu) -> 64(relu) -> 256(gelu) -> 64(relu) -> 1,mse,adam_83,20,32,9.8688,14944.6953125,2315.776123046875,2315.776123046875,0.9288322925567627,0.7,115169
2026-09-14 10:47:38,multi_optuna_model.py,"(7620, 13)",90,Optuna_Trial_84,Dense 256(relu) -> 32(silu) -> 256(gelu) -> 128(relu) -> 32(relu) -> 64(relu) -> 32(gelu) -> 32(relu) -> 1,mse,adam_84,20,32,8.8161,18063.810546875,2152.494873046875,2152.494873046875,0.9338501691818237,0.7,62561
2026-09-14 10:47:47,multi_optuna_model.py,"(7620, 13)",90,Optuna_Trial_85,Dense 256(relu) -> 32 -> 128(gelu) -> 32(silu) -> 128(relu) -> 64(relu) -> 256 -> 64(relu) -> 1,mse,adam_85,20,32,8.5509,16498.63671875,2727.869873046875,2727.869873046875,0.9161679148674011,0.7,65793
2026-09-14 10:47:58,multi_optuna_model.py,"(7620, 13)",90,Optuna_Trial_86,Dense 256(gelu) -> 128(silu) -> 128(relu) -> 32(relu) -> 128(gelu) -> 256(relu) -> 256(silu) -> 32(relu) -> 1,mse,adam_86,20,32,10.2274,14218.3212890625,2832.6630859375,2832.6630859375,0.9129474759101868,0.7,168417
2026-09-14 10:48:07,multi_optuna_model.py,"(7620, 13)",90,Optuna_Trial_87,Dense 256(relu) -> 32(silu) -> 128(gelu) -> 128(relu) -> 128(gelu) -> 64(relu) -> 256(gelu) -> 64(relu) -> 1,mse,adam_87,20,32,9.4781,15390.3037109375,2257.2109375,2257.2109375,0.9306321144104004,0.7,90465
2026-09-14 10:48:17,multi_optuna_model.py,"(7620, 13)",90,Optuna_Trial_88,Dense 256(gelu) -> 64(gelu) -> 64(silu) -> 128(relu) -> 256(relu) -> 64(silu) -> 256(relu) -> 64(relu) -> 1,mse,adam_88,20,32,9.4599,13828.55078125,2098.665283203125,2098.665283203125,0.9355044364929199,0.7,115137
2026-09-14 10:48:27,multi_optuna_model.py,"(7620, 13)",90,Optuna_Trial_89,Dense 32(gelu) -> 64(silu) -> 64(silu) -> 128(gelu) -> 32(gelu) -> 32(relu) -> 256(gelu) -> 128(relu) -> 1,mse,adam_89,20,32,9.2846,19246.611328125,2122.564697265625,2122.564697265625,0.9347699880599976,0.7,61697
2026-09-14 10:48:39,multi_optuna_model.py,"(7620, 13)",90,Optuna_Trial_90,Dense 32(silu) -> 64(silu) -> 256(silu) -> 32(gelu) -> 256 -> 32(relu) -> 128(gelu) -> 32(silu) -> 1,mse,adam_90,20,32,11.1487,16981.701171875,2199.7763671875,2199.7763671875,0.9323971271514893,0.7,52481
2026-09-14 10:48:50,multi_optuna_model.py,"(7620, 13)",90,Optuna_Trial_91,Dense 256(relu) -> 256(silu) -> 64(gelu) -> 32(relu) -> 256(silu) -> 64(relu) -> 256(relu) -> 256(silu) -> 1,mse,adam_91,20,32,10.9565,13800.490234375,2202.579345703125,2202.579345703125,0.9323109984397888,0.7,195489
2026-09-14 10:49:00,multi_optuna_model.py,"(7620, 13)",90,Optuna_Trial_92,Dense 256 -> 64(silu) -> 64(gelu) -> 32(relu) -> 256(relu) -> 64 -> 256(gelu) -> 32(silu) -> 1,mse,adam_92,20,32,9.2907,16355.87890625,2693.868896484375,2693.868896484375,0.9172128438949585,0.7,76065
2026-09-14 10:49:10,multi_optuna_model.py,"(7620, 13)",90,Optuna_Trial_93,Dense 32 -> 64(silu) -> 128(silu) -> 32(gelu) -> 32(gelu) -> 32(silu) -> 256(gelu) -> 128(relu) -> 1,mse,adam_93,20,32,9.5876,20915.625,2114.271484375,2114.271484375,0.9350248575210571,0.7,58593
2026-09-14 10:49:19,multi_optuna_model.py,"(7620, 13)",90,Optuna_Trial_94,Dense 32 -> 256(silu) -> 64(silu) -> 32(gelu) -> 32(gelu) -> 32(relu) -> 256 -> 128(relu) -> 1,mse,adam_94,20,32,8.7595,19309.5625,2313.315185546875,2313.315185546875,0.9289078712463379,0.7,71009
2026-09-14 10:49:28,multi_optuna_model.py,"(7620, 13)",90,Optuna_Trial_95,Dense 256(relu) -> 32(silu) -> 32(relu) -> 32(relu) -> 64(relu) -> 64(relu) -> 256(gelu) -> 64(relu) -> 1,mse,adam_95,20,32,8.6247,16905.11328125,2170.60400390625,2170.60400390625,0.9332936406135559,0.7,53345
2026-09-14 10:49:38,multi_optuna_model.py,"(7620, 13)",90,Optuna_Trial_96,Dense 256(relu) -> 64(relu) -> 128(gelu) -> 32(silu) -> 256(relu) -> 64(relu) -> 256(gelu) -> 32(silu) -> 1,mse,adam_96,20,32,9.5745,16278.9814453125,2648.342529296875,2648.342529296875,0.9186119437217712,0.7,82273
2026-09-14 10:49:47,multi_optuna_model.py,"(7620, 13)",90,Optuna_Trial_97,Dense 256(relu) -> 32 -> 32(gelu) -> 32(relu) -> 256(silu) -> 32(relu) -> 256(gelu) -> 32 -> 1,mse,adam_97,20,32,8.5573,15733.1025390625,2239.097412109375,2239.097412109375,0.9311887621879578,0.7,47297
2026-09-14 10:49:56,multi_optuna_model.py,"(7620, 13)",90,Optuna_Trial_98,Dense 256(relu) -> 64(gelu) -> 64(gelu) -> 32(relu) -> 256(relu) -> 32(relu) -> 32(gelu) -> 256(silu) -> 1,mse,adam_98,20,32,8.4152,15406.8115234375,2394.353271484375,2394.353271484375,0.9264174699783325,0.7,52705
2026-09-14 10:50:05,multi_optuna_model.py,"(7620, 13)",90,Optuna_Trial_99,Dense 256 -> 32(silu) -> 128(gelu) -> 32(relu) -> 256(relu) -> 128(relu) -> 32(gelu) -> 64(relu) -> 1,mse,adam_99,20,32,8.6511,17534.294921875,3204.083251953125,3204.083251953125,0.9015330672264099,0.7,67809
2026-09-14 11:55:32,multi_optuna_model.py,"(7620, 13)",90,Optuna_Trial_0,Dense 128(gelu) -> 32(gelu) -> 32(gelu) -> 256(gelu) -> 256 -> 256(silu) -> 128(silu) -> 128(silu) -> 1,mse,adam,20,32,10.9437,15126.7265625,1981.337890625,1981.337890625,0.9391101002693176,0.7,196545
2026-09-14 11:55:42,multi_optuna_model.py,"(7620, 13)",90,Optuna_Trial_1,Dense 256(silu) -> 64(silu) -> 256 -> 64(gelu) -> 32(silu) -> 64(silu) -> 64(gelu) -> 32 -> 1,mse,adam_1,20,32,9.5467,15368.951171875,6205.12451171875,6205.12451171875,0.8093059659004211,0.7,63585
2026-09-14 11:55:51,multi_optuna_model.py,"(7620, 13)",90,Optuna_Trial_2,Dense 256 -> 256 -> 64(silu) -> 32 -> 64(silu) -> 256 -> 32 -> 32 -> 1,mse,adam_2,20,32,9.0859,16719.748046875,2795.267822265625,2795.267822265625,0.9140966534614563,0.7,115969
2026-09-14 11:56:02,multi_optuna_model.py,"(7620, 13)",90,Optuna_Trial_3,Dense 256 -> 256(silu) -> 32(relu) -> 256(relu) -> 64(silu) -> 256 -> 32(relu) -> 256(silu) -> 1,mse,adam_3,20,32,9.8958,15612.486328125,2545.25,2545.25,0.9217801094055176,0.7,136065
2026-09-14 11:56:11,multi_optuna_model.py,"(7620, 13)",90,Optuna_Trial_4,Dense 256(gelu) -> 64(relu) -> 32(silu) -> 64(relu) -> 256(silu) -> 32(gelu) -> 256 -> 64 -> 1,mse,adam_4,20,32,8.9624,13816.5439453125,2122.807373046875,2122.807373046875,0.9347625374794006,0.7,74049
2026-09-14 11:56:21,multi_optuna_model.py,"(7620, 13)",90,Optuna_Trial_5,Dense 64(gelu) -> 32 -> 32(gelu) -> 64(relu) -> 128 -> 128(silu) -> 256(silu) -> 64(silu) -> 1,mse,adam_5,20,32,9.0875,18232.68359375,2196.28759765625,2196.28759765625,0.9325043559074402,0.7,80513
2026-09-14 11:56:31,multi_optuna_model.py,"(7620, 13)",90,Optuna_Trial_6,Dense 256(silu) -> 64(silu) -> 256(gelu) -> 128(relu) -> 64 -> 256 -> 128(gelu) -> 32(silu) -> 1,mse,adam_6,20,32,10.2958,17002.326171875,1970.6558837890625,1970.6558837890625,0.9394384026527405,0.7,131521
2026-09-14 11:56:42,multi_optuna_model.py,"(7620, 13)",90,Optuna_Trial_7,Dense 256 -> 256 -> 32(relu) -> 256(relu) -> 128(silu) -> 256(silu) -> 32(silu) -> 32(silu) -> 1,mse,adam_7,20,32,10.2689,21527.89453125,2696.4775390625,2696.4775390625,0.9171326756477356,0.7,161281
2026-09-14 11:56:52,multi_optuna_model.py,"(7620, 13)",90,Optuna_Trial_8,Dense 32(gelu) -> 64 -> 64 -> 64(relu) -> 256(gelu) -> 32(gelu) -> 256(silu) -> 128(silu) -> 1,mse,adam_8,20,32,9.3458,18969.091796875,2262.39697265625,2262.39697265625,0.9304726719856262,0.7,77217
2026-09-14 11:57:01,multi_optuna_model.py,"(7620, 13)",90,Optuna_Trial_9,Dense 256(relu) -> 64(relu) -> 32(gelu) -> 64(silu) -> 32 -> 256 -> 64(relu) -> 64(silu) -> 1,mse,adam_9,20,32,8.4413,16807.669921875,3314.634033203125,3314.634033203125,0.8981356620788574,0.7,55425
2026-09-14 11:57:12,multi_optuna_model.py,"(7620, 13)",90,Optuna_Trial_10,Dense 256(relu) -> 256(silu) -> 256(gelu) -> 128 -> 64 -> 256 -> 128(gelu) -> 32(relu) -> 1,mse,adam_10,20,32,10.9859,15139.431640625,2102.62451171875,2102.62451171875,0.9353827834129333,0.7,230017
2026-09-14 11:57:23,multi_optuna_model.py,"(7620, 13)",90,Optuna_Trial_11,Dense 256(silu) -> 64(silu) -> 256(gelu) -> 128(silu) -> 256 -> 128 -> 128(relu) -> 32(silu) -> 1,mse,adam_11,20,32,10.4965,15109.734375,1975.1844482421875,1975.1844482421875,0.9392992258071899,0.7,156161
2026-09-14 11:57:35,multi_optuna_model.py,"(7620, 13)",90,Optuna_Trial_12,Dense 32(silu) -> 64(gelu) -> 256(gelu) -> 128(silu) -> 256(silu) -> 128 -> 128(gelu) -> 256(silu) -> 1,mse,adam_12,20,32,11.0097,17045.173828125,2385.30517578125,2385.30517578125,0.9266955256462097,0.7,167809
2026-09-14 11:57:45,multi_optuna_model.py,"(7620, 13)",90,Optuna_Trial_13,Dense 256(silu) -> 64(silu) -> 256(gelu) -> 128(silu) -> 64 -> 128(gelu) -> 64(relu) -> 32(silu) -> 1,mse,adam_13,20,32,10.549,15756.8837890625,1967.5955810546875,1967.5955810546875,0.939532458782196,0.7,96513
2026-09-14 11:57:56,multi_optuna_model.py,"(7620, 13)",90,Optuna_Trial_14,Dense 256(silu) -> 64(silu) -> 256(silu) -> 32(silu) -> 64 -> 256(gelu) -> 32(gelu) -> 64(silu) -> 1,mse,adam_14,20,32,10.1557,14447.8076171875,1929.4073486328125,1929.4073486328125,0.9407060742378235,0.7,74049
2026-09-14 11:58:08,multi_optuna_model.py,"(7620, 13)",90,Optuna_Trial_15,Dense 256 -> 256(silu) -> 256(silu) -> 32(silu) -> 64 -> 256(gelu) -> 32(gelu) -> 256(silu) -> 1,mse,adam_15,20,32,11.2524,14442.0244140625,2218.164794921875,2218.164794921875,0.9318320155143738,0.7,179073
2026-09-14 11:58:18,multi_optuna_model.py,"(7620, 13)",90,Optuna_Trial_16,Dense 256(silu) -> 64(silu) -> 64(silu) -> 64(silu) -> 64 -> 256(gelu) -> 32 -> 128(gelu) -> 1,mse,adam_16,20,32,9.8333,14720.978515625,2087.863037109375,2087.863037109375,0.9358364343643188,0.7,61729
2026-09-14 11:58:28,multi_optuna_model.py,"(7620, 13)",90,Optuna_Trial_17,Dense 256(silu) -> 128(silu) -> 256(relu) -> 32 -> 64 -> 128(gelu) -> 64(relu) -> 128(silu) -> 1,mse,adam_17,20,32,9.6496,15978.2265625,2139.43603515625,2139.43603515625,0.9342514872550964,0.7,104865
2026-09-14 11:58:38,multi_optuna_model.py,"(7620, 13)",90,Optuna_Trial_18,Dense 256(silu) -> 64(silu) -> 128(relu) -> 128(silu) -> 64 -> 128(relu) -> 64(gelu) -> 32(silu) -> 1,mse,adam_18,20,32,9.3554,17253.45703125,2863.3955078125,2863.3955078125,0.9120029807090759,0.7,71809
2026-09-14 11:58:49,multi_optuna_model.py,"(7620, 13)",90,Optuna_Trial_19,Dense 128(silu) -> 64 -> 256(silu) -> 256 -> 64 -> 256(gelu) -> 32(gelu) -> 64(silu) -> 1,mse,adam_19,20,32,10.3424,15455.921875,2425.820556640625,2425.820556640625,0.9254503846168518,0.7,135969
2026-09-14 11:58:58,multi_optuna_model.py,"(7620, 13)",90,Optuna_Trial_20,Dense 128(gelu) -> 64(silu) -> 128 -> 32(silu) -> 64(gelu) -> 64(gelu) -> 32(gelu) -> 64(silu) -> 1,mse,adam_20,20,32,9.0941,16963.779296875,2042.8594970703125,2042.8594970703125,0.9372194409370422,0.7,33025
2026-09-14 11:59:08,multi_optuna_model.py,"(7620, 13)",90,Optuna_Trial_21,Dense 256(gelu) -> 64(gelu) -> 256(gelu) -> 64(silu) -> 64(relu) -> 128(gelu) -> 64(relu) -> 32(relu) -> 1,mse,adam_21,20,32,9.5973,15420.8427734375,2340.229736328125,2340.229736328125,0.9280807375907898,0.7,75969
2026-09-14 11:59:18,multi_optuna_model.py,"(7620, 13)",90,Optuna_Trial_22,Dense 256(silu) -> 32(silu) -> 32 -> 32(relu) -> 64(gelu) -> 256 -> 128(gelu) -> 32(silu) -> 1,mse,adam_22,20,32,9.4007,16664.7890625,2747.017822265625,2747.017822265625,0.9155794978141785,0.7,69729
2026-09-14 11:59:27,multi_optuna_model.py,"(7620, 13)",90,Optuna_Trial_23,Dense 256(relu) -> 64(gelu) -> 256(silu) -> 32(relu) -> 64 -> 64(gelu) -> 32 -> 64(silu) -> 1,mse,adam_23,20,32,8.6363,17739.662109375,1939.414306640625,1939.414306640625,0.9403985142707825,0.7,55425
2026-09-14 11:59:37,multi_optuna_model.py,"(7620, 13)",90,Optuna_Trial_24,Dense 256(gelu) -> 64(gelu) -> 256(silu) -> 32(relu) -> 256 -> 64(relu) -> 32 -> 256(silu) -> 1,mse,adam_24,20,32,9.2981,13725.7158203125,2403.373046875,2403.373046875,0.926140308380127,0.7,80577
2026-09-14 11:59:46,multi_optuna_model.py,"(7620, 13)",90,Optuna_Trial_25,Dense 256(relu) -> 256(gelu) -> 64(silu) -> 32(relu) -> 64 -> 64(gelu) -> 64 -> 64(silu) -> 1,mse,adam_25,20,32,9.569,16058.80859375,2165.217041015625,2165.217041015625,0.9334592223167419,0.7,102561
2026-09-14 11:59:57,multi_optuna_model.py,"(7620, 13)",90,Optuna_Trial_26,Dense 256(silu) -> 32(silu) -> 256 -> 64(silu) -> 64 -> 256(silu) -> 32(gelu) -> 64(silu) -> 1,mse,adam_26,20,32,9.8655,18638.98046875,2118.6708984375,2118.6708984375,0.9348896741867065,0.7,67905
2026-09-14 12:00:06,multi_optuna_model.py,"(7620, 13)",90,Optuna_Trial_27,Dense 128(relu) -> 64(gelu) -> 128(silu) -> 32(relu) -> 64(silu) -> 64(gelu) -> 32 -> 32(silu) -> 1,mse,adam_27,20,32,8.764,18518.03125,2198.06884765625,2198.06884765625,0.9324496388435364,0.7,31937
2026-09-14 12:00:16,multi_optuna_model.py,"(7620, 13)",90,Optuna_Trial_28,Dense 64(relu) -> 64(relu) -> 256(silu) -> 32(silu) -> 64 -> 256(gelu) -> 64 -> 64(silu) -> 1,mse,adam_28,20,32,9.8353,18111.255859375,2432.5244140625,2432.5244140625,0.9252443909645081,0.7,69345
2026-09-14 12:00:27,multi_optuna_model.py,"(7620, 13)",90,Optuna_Trial_29,Dense 64(silu) -> 256(silu) -> 256(silu) -> 128(silu) -> 64(relu) -> 128(gelu) -> 64(relu) -> 32(silu) -> 1,mse,adam_29,20,32,10.8698,15973.87109375,2586.9775390625,2586.9775390625,0.9204977750778198,0.7,143169
2026-09-14 12:00:38,multi_optuna_model.py,"(7620, 13)",90,Optuna_Trial_30,Dense 256(relu) -> 64(silu) -> 256(silu) -> 32(gelu) -> 32 -> 256(gelu) -> 128(gelu) -> 32(silu) -> 1,mse,adam_30,20,32,10.1095,15355.0537109375,2633.640625,2633.640625,0.9190637469291687,0.7,91457
2026-09-14 12:00:49,multi_optuna_model.py,"(7620, 13)",90,Optuna_Trial_31,Dense 64(silu) -> 64(silu) -> 256(gelu) -> 64(relu) -> 64 -> 256(gelu) -> 256(gelu) -> 32(silu) -> 1,mse,adam_31,20,32,10.6971,19608.412109375,2608.161865234375,2608.161865234375,0.919846773147583,0.7,132993
2026-09-14 12:00:58,multi_optuna_model.py,"(7620, 13)",90,Optuna_Trial_32,Dense 256 -> 64(gelu) -> 256(relu) -> 32(relu) -> 32 -> 64(gelu) -> 32(relu) -> 64(silu) -> 1,mse,adam_32,20,32,8.1364,16956.802734375,2617.29150390625,2617.29150390625,0.9195661544799805,0.7,52321
2026-09-14 12:01:08,multi_optuna_model.py,"(7620, 13)",90,Optuna_Trial_33,Dense 256(silu) -> 64(gelu) -> 128(silu) -> 32(silu) -> 64 -> 256(gelu) -> 32(gelu) -> 64(silu) -> 1,mse,adam_33,20,32,9.6519,15040.3017578125,2065.210693359375,2065.210693359375,0.9365325570106506,0.7,61633
2026-09-14 12:01:18,multi_optuna_model.py,"(7620, 13)",90,Optuna_Trial_34,Dense 256(silu) -> 64(silu) -> 256(silu) -> 128(silu) -> 64(relu) -> 256(relu) -> 128(gelu) -> 32(gelu) -> 1,mse,adam_34,20,32,10.1628,15635.685546875,2423.124755859375,2423.124755859375,0.9255332946777344,0.7,131521
2026-09-14 12:01:27,multi_optuna_model.py,"(7620, 13)",90,Optuna_Trial_35,Dense 256(relu) -> 64(gelu) -> 256(silu) -> 32(relu) -> 64(relu) -> 64(gelu) -> 32(gelu) -> 64(silu) -> 1,mse,adam_35,20,32,8.7624,17559.15234375,2233.991455078125,2233.991455078125,0.9313456416130066,0.7,55425
2026-09-14 12:01:39,multi_optuna_model.py,"(7620, 13)",90,Optuna_Trial_36,Dense 256(silu) -> 64(gelu) -> 256(gelu) -> 128(relu) -> 128(gelu) -> 256 -> 128 -> 32(silu) -> 1,mse,adam_36,20,32,10.7012,14810.6181640625,3090.22412109375,3090.22412109375,0.9050321578979492,0.7,156161
2026-09-14 12:01:48,multi_optuna_model.py,"(7620, 13)",90,Optuna_Trial_37,Dense 128(silu) -> 64(silu) -> 64(gelu) -> 128(relu) -> 64 -> 128(gelu) -> 32(relu) -> 32(silu) -> 1,mse,adam_37,20,32,9.0539,18965.578125,2329.023681640625,2329.023681640625,0.928425133228302,0.7,44321
2026-09-14 12:02:00,multi_optuna_model.py,"(7620, 13)",90,Optuna_Trial_38,Dense 256(silu) -> 64(silu) -> 256(silu) -> 256(silu) -> 256 -> 64(gelu) -> 32(gelu) -> 64(silu) -> 1,mse,adam_38,20,32,11.3005,16447.2265625,2408.16552734375,2408.16552734375,0.9259929656982422,0.7,188961
2026-09-14 12:02:10,multi_optuna_model.py,"(7620, 13)",90,Optuna_Trial_39,Dense 256(silu) -> 32(relu) -> 256(gelu) -> 128(silu) -> 64 -> 128(gelu) -> 64(relu) -> 64(gelu) -> 1,mse,adam_39,20,32,9.8813,18895.861328125,2282.782958984375,2282.782958984375,0.9298462271690369,0.7,82209
2026-09-14 12:02:20,multi_optuna_model.py,"(7620, 13)",90,Optuna_Trial_40,Dense 256(silu) -> 64(silu) -> 256(gelu) -> 128(gelu) -> 64 -> 64(gelu) -> 64(relu) -> 32(silu) -> 1,mse,adam_40,20,32,9.8054,17751.26953125,2143.150146484375,2143.150146484375,0.9341373443603516,0.7,88257
2026-09-14 12:02:30,multi_optuna_model.py,"(7620, 13)",90,Optuna_Trial_41,Dense 256(silu) -> 64(silu) -> 64(gelu) -> 128(gelu) -> 256 -> 128 -> 128(relu) -> 32(relu) -> 1,mse,adam_41,20,32,9.3593,17116.9609375,2139.665771484375,2139.665771484375,0.9342444539070129,0.7,119105
2026-09-14 12:02:41,multi_optuna_model.py,"(7620, 13)",90,Optuna_Trial_42,Dense 32(silu) -> 64(silu) -> 256(silu) -> 128(silu) -> 256 -> 32 -> 128(silu) -> 32(silu) -> 1,mse,adam_42,20,32,10.3415,18378.291015625,2518.338623046875,2518.338623046875,0.9226071834564209,0.7,101729
2026-09-14 12:02:53,multi_optuna_model.py,"(7620, 13)",90,Optuna_Trial_43,Dense 256(silu) -> 64(silu) -> 256 -> 256(silu) -> 256(gelu) -> 128 -> 128(relu) -> 32(silu) -> 1,mse,adam_43,20,32,11.6784,15072.3330078125,2523.96533203125,2523.96533203125,0.9224342107772827,0.7,221825
2026-09-14 12:03:03,multi_optuna_model.py,"(7620, 13)",90,Optuna_Trial_44,Dense 256(silu) -> 64 -> 32(gelu) -> 128(relu) -> 64 -> 256 -> 32(gelu) -> 32(silu) -> 1,mse,adam_44,20,32,8.7901,16210.236328125,2525.1455078125,2525.1455078125,0.9223979711532593,0.7,60545
2026-09-14 12:03:14,multi_optuna_model.py,"(7620, 13)",90,Optuna_Trial_45,Dense 256(silu) -> 64(silu) -> 256(gelu) -> 64(silu) -> 64(silu) -> 128(silu) -> 64(relu) -> 64(silu) -> 1,mse,adam_45,20,32,10.709,15788.7294921875,2259.704345703125,2259.704345703125,0.9305554628372192,0.7,78081
2026-09-14 12:03:25,multi_optuna_model.py,"(7620, 13)",90,Optuna_Trial_46,Dense 128 -> 64(silu) -> 256(gelu) -> 128(relu) -> 64 -> 256(relu) -> 128(gelu) -> 32(silu) -> 1,mse,adam_46,20,32,10.3221,13218.0712890625,2094.764892578125,2094.764892578125,0.9356243014335632,0.7,121537
2026-09-14 12:03:36,multi_optuna_model.py,"(7620, 13)",90,Optuna_Trial_47,Dense 256(silu) -> 64(silu) -> 256(silu) -> 128(silu) -> 256 -> 128 -> 64(relu) -> 32(gelu) -> 1,mse,adam_47,20,32,10.2028,16641.21484375,2175.108154296875,2175.108154296875,0.9331552386283875,0.7,145857
2026-09-14 12:03:46,multi_optuna_model.py,"(7620, 13)",90,Optuna_Trial_48,Dense 256(silu) -> 64(silu) -> 256(gelu) -> 128(relu) -> 64 -> 32 -> 128(gelu) -> 32(silu) -> 1,mse,adam_48,20,32,9.8215,14986.2734375,2258.0546875,2258.0546875,0.9306061267852783,0.7,88289
2026-09-14 12:03:55,multi_optuna_model.py,"(7620, 13)",90,Optuna_Trial_49,Dense 256(relu) -> 64(relu) -> 256(silu) -> 128(relu) -> 64 -> 64(relu) -> 32 -> 64(silu) -> 1,mse,adam_49,20,32,8.8572,17644.365234375,2277.71044921875,2277.71044921875,0.9300020933151245,0.7,86241
2026-09-14 12:04:04,multi_optuna_model.py,"(7620, 13)",90,Optuna_Trial_50,Dense 32(relu) -> 64(gelu) -> 256 -> 64(relu) -> 64 -> 128(gelu) -> 32 -> 64(silu) -> 1,mse,adam_50,20,32,8.3174,18773.71875,2703.1875,2703.1875,0.9169264435768127,0.7,54433
2026-09-14 12:04:15,multi_optuna_model.py,"(7620, 13)",90,Optuna_Trial_51,Dense 128(gelu) -> 32(gelu) -> 64(gelu) -> 256(gelu) -> 256 -> 256(silu) -> 128(gelu) -> 256(silu) -> 1,mse,adam_51,20,32,11.1552,14321.8125,2267.683349609375,2267.683349609375,0.9303102493286133,0.7,222433
2026-09-14 12:04:26,multi_optuna_model.py,"(7620, 13)",90,Optuna_Trial_52,Dense 128(gelu) -> 128(gelu) -> 32(gelu) -> 256(gelu) -> 256 -> 256(relu) -> 128(relu) -> 128(gelu) -> 1,mse,adam_52,20,32,10.2289,13223.3701171875,2140.876953125,2140.876953125,0.9342072010040283,0.7,212001
2026-09-14 12:04:38,multi_optuna_model.py,"(7620, 13)",90,Optuna_Trial_53,Dense 32(silu) -> 32(gelu) -> 32(gelu) -> 256(gelu) -> 256(silu) -> 256(silu) -> 128(silu) -> 128(silu) -> 1,mse,adam_53,20,32,11.3856,18487.1875,2324.514892578125,2324.514892578125,0.9285637140274048,0.7,192129
2026-09-14 12:04:48,multi_optuna_model.py,"(7620, 13)",90,Optuna_Trial_54,Dense 256(silu) -> 64(silu) -> 256(silu) -> 32(gelu) -> 64 -> 256(gelu) -> 32(relu) -> 64(relu) -> 1,mse,adam_54,20,32,9.63,17906.84765625,2130.4345703125,2130.4345703125,0.934528112411499,0.7,74049
2026-09-14 12:04:58,multi_optuna_model.py,"(7620, 13)",90,Optuna_Trial_55,Dense 128(gelu) -> 32(gelu) -> 32(relu) -> 256(relu) -> 64 -> 256(gelu) -> 128(silu) -> 128(silu) -> 1,mse,adam_55,20,32,9.5716,15527.8798828125,2119.015869140625,2119.015869140625,0.9348790645599365,0.7,98049
2026-09-14 12:05:10,multi_optuna_model.py,"(7620, 13)",90,Optuna_Trial_56,Dense 256(relu) -> 256(silu) -> 256(gelu) -> 64(silu) -> 256 -> 128 -> 128(relu) -> 32(silu) -> 1,mse,adam_56,20,32,11.2293,13756.2294921875,2414.20947265625,2414.20947265625,0.9258072376251221,0.7,221825
2026-09-14 12:05:19,multi_optuna_model.py,"(7620, 13)",90,Optuna_Trial_57,Dense 128(relu) -> 32(gelu) -> 32(gelu) -> 64(gelu) -> 32 -> 256(silu) -> 128(silu) -> 128(silu) -> 1,mse,adam_57,20,32,9.1817,17635.689453125,2309.92138671875,2309.92138671875,0.9290121793746948,0.7,69153
2026-09-14 12:05:33,multi_optuna_model.py,"(7620, 13)",90,Optuna_Trial_58,Dense 128(gelu) -> 32(silu) -> 256(silu) -> 256(gelu) -> 256 -> 256(silu) -> 128(silu) -> 128(silu) -> 1,mse,adam_58,20,32,13.1173,16373.1171875,2005.2427978515625,2005.2427978515625,0.9383754730224609,0.7,261281
2026-09-14 12:05:44,multi_optuna_model.py,"(7620, 13)",90,Optuna_Trial_59,Dense 256(silu) -> 64(silu) -> 256(gelu) -> 128(silu) -> 128 -> 128(gelu) -> 64(gelu) -> 256(silu) -> 1,mse,adam_59,20,32,10.8549,15272.625,2145.779052734375,2145.779052734375,0.9340565800666809,0.7,127745
2026-09-14 12:05:55,multi_optuna_model.py,"(7620, 13)",90,Optuna_Trial_60,Dense 256(silu) -> 64(gelu) -> 256(gelu) -> 128(silu) -> 256 -> 128(gelu) -> 128 -> 32(silu) -> 1,mse,adam_60,20,32,10.4185,14682.4345703125,2464.111572265625,2464.111572265625,0.924273669719696,0.7,156161
2026-09-14 12:06:07,multi_optuna_model.py,"(7620, 13)",90,Optuna_Trial_61,Dense 128(gelu) -> 32(silu) -> 256(silu) -> 256(gelu) -> 256 -> 128(silu) -> 128(silu) -> 128(silu) -> 1,mse,adam_61,20,32,11.53,15988.388671875,2440.4658203125,2440.4658203125,0.9250003099441528,0.7,212001
2026-09-14 12:06:18,multi_optuna_model.py,"(7620, 13)",90,Optuna_Trial_62,Dense 256(gelu) -> 128(gelu) -> 32(gelu) -> 256 -> 256 -> 128(silu) -> 128(silu) -> 128(silu) -> 1,mse,adam_62,20,32,10.5107,13922.5009765625,2807.297119140625,2807.297119140625,0.9137269854545593,0.7,180897
2026-09-14 12:06:28,multi_optuna_model.py,"(7620, 13)",90,Optuna_Trial_63,Dense 256(silu) -> 64(gelu) -> 256 -> 128 -> 64 -> 128 -> 256(relu) -> 32(silu) -> 1,mse,adam_63,20,32,9.0498,15454.4130859375,2780.529296875,2780.529296875,0.9145496487617493,0.7,127425
2026-09-14 12:06:40,multi_optuna_model.py,"(7620, 13)",90,Optuna_Trial_64,Dense 128(gelu) -> 256(relu) -> 256(silu) -> 256(gelu) -> 32 -> 256(gelu) -> 128(silu) -> 128(silu) -> 1,mse,adam_64,20,32,11.4927,16061.83984375,2163.06591796875,2163.06591796875,0.9335253238677979,0.7,232609
2026-09-14 12:06:50,multi_optuna_model.py,"(7620, 13)",90,Optuna_Trial_65,Dense 256(silu) -> 64(silu) -> 256(gelu) -> 32(silu) -> 256 -> 128 -> 256(relu) -> 64(silu) -> 1,mse,adam_65,20,32,10.3653,15123.248046875,2281.6025390625,2281.6025390625,0.9298824667930603,0.7,135777
2026-09-14 12:07:00,multi_optuna_model.py,"(7620, 13)",90,Optuna_Trial_66,Dense 256(relu) -> 64(gelu) -> 256(gelu) -> 32(relu) -> 128 -> 64(silu) -> 32 -> 64(silu) -> 1,mse,adam_66,20,32,9.0627,15067.44921875,2174.779296875,2174.779296875,0.9331653118133545,0.7,61633
2026-09-14 12:07:11,multi_optuna_model.py,"(7620, 13)",90,Optuna_Trial_67,Dense 256(silu) -> 64(silu) -> 256(gelu) -> 128(silu) -> 64(silu) -> 128(gelu) -> 256(relu) -> 32(gelu) -> 1,mse,adam_67,20,32,10.6881,15228.216796875,2319.04931640625,2319.04931640625,0.9287316799163818,0.7,127425
2026-09-14 12:07:22,multi_optuna_model.py,"(7620, 13)",90,Optuna_Trial_68,Dense 256(gelu) -> 64(silu) -> 256(gelu) -> 128(silu) -> 256(silu) -> 128(silu) -> 128(relu) -> 32(silu) -> 1,mse,adam_68,20,32,11.0629,14318.0693359375,2840.18798828125,2840.18798828125,0.9127162098884583,0.7,156161
2026-09-14 12:07:33,multi_optuna_model.py,"(7620, 13)",90,Optuna_Trial_69,Dense 256(silu) -> 64(silu) -> 256(silu) -> 32(silu) -> 64(relu) -> 64(silu) -> 32 -> 64(silu) -> 1,mse,adam_69,20,32,10.0145,16915.51171875,2393.797119140625,2393.797119140625,0.9264345169067383,0.7,55425
2026-09-14 12:07:44,multi_optuna_model.py,"(7620, 13)",90,Optuna_Trial_70,Dense 64(silu) -> 64(silu) -> 256(gelu) -> 128(silu) -> 64 -> 128(relu) -> 64 -> 32(silu) -> 1,mse,adam_70,20,32,10.1577,14759.55078125,2592.5244140625,2592.5244140625,0.9203273057937622,0.7,81537
2026-09-14 12:07:54,multi_optuna_model.py,"(7620, 13)",90,Optuna_Trial_71,Dense 128(gelu) -> 64(silu) -> 32 -> 32(silu) -> 256(gelu) -> 64 -> 128(gelu) -> 64(silu) -> 1,mse,adam_71,20,32,9.9901,16335.7734375,2336.14599609375,2336.14599609375,0.928206205368042,0.7,54721
2026-09-14 12:08:06,multi_optuna_model.py,"(7620, 13)",90,Optuna_Trial_72,Dense 128(gelu) -> 32 -> 32(gelu) -> 32(silu) -> 256 -> 256(silu) -> 128(silu) -> 128(silu) -> 1,mse,adam_72,20,32,11.0807,14402.9833984375,2929.37548828125,2929.37548828125,0.9099752902984619,0.7,131809
2026-09-14 12:08:15,multi_optuna_model.py,"(7620, 13)",90,Optuna_Trial_73,Dense 64(gelu) -> 64(silu) -> 64 -> 32(silu) -> 64 -> 64(gelu) -> 32(relu) -> 64(silu) -> 1,mse,adam_73,20,32,8.8469,19643.861328125,2941.136962890625,2941.136962890625,0.909613847732544,0.7,21825
2026-09-14 12:08:25,multi_optuna_model.py,"(7620, 13)",90,Optuna_Trial_74,Dense 128(gelu) -> 64(silu) -> 128 -> 32(silu) -> 64(gelu) -> 64(relu) -> 32(gelu) -> 128(silu) -> 1,mse,adam_74,20,32,9.4004,20415.009765625,1993.9090576171875,1993.9090576171875,0.9387238025665283,0.7,35201
2026-09-14 12:08:35,multi_optuna_model.py,"(7620, 13)",90,Optuna_Trial_75,Dense 128(gelu) -> 128(silu) -> 128 -> 256 -> 64(gelu) -> 64(relu) -> 32(gelu) -> 128(silu) -> 1,mse,adam_75,20,32,9.133,17794.103515625,2486.61767578125,2486.61767578125,0.9235820174217224,0.7,94881
2026-09-14 12:08:44,multi_optuna_model.py,"(7620, 13)",90,Optuna_Trial_76,Dense 128(gelu) -> 256(silu) -> 128(gelu) -> 32(silu) -> 64(gelu) -> 64(relu) -> 32(gelu) -> 128 -> 1,mse,adam_76,20,32,9.4631,16145.8056640625,2167.85498046875,2167.85498046875,0.9333781599998474,0.7,84545
2026-09-14 12:08:55,multi_optuna_model.py,"(7620, 13)",90,Optuna_Trial_77,Dense 256(silu) -> 64(silu) -> 256(gelu) -> 32(silu) -> 64(relu) -> 256(gelu) -> 32(gelu) -> 128(silu) -> 1,mse,adam_77,20,32,10.2632,18745.68359375,2099.085205078125,2099.085205078125,0.9354915618896484,0.7,76225
2026-09-14 12:09:06,multi_optuna_model.py,"(7620, 13)",90,Optuna_Trial_78,Dense 128 -> 32(gelu) -> 32(gelu) -> 256(gelu) -> 256 -> 128(silu) -> 256(silu) -> 128(silu) -> 1,mse,adam_78,20,32,10.5596,15509.1142578125,2720.310546875,2720.310546875,0.9164001941680908,0.7,180161
2026-09-14 12:09:16,multi_optuna_model.py,"(7620, 13)",90,Optuna_Trial_79,Dense 128(gelu) -> 32(gelu) -> 32(gelu) -> 256(gelu) -> 128 -> 32(silu) -> 128(silu) -> 64(silu) -> 1,mse,adam_79,20,32,9.6268,15560.943359375,2192.559326171875,2192.559326171875,0.9326189160346985,0.7,64993
2026-09-14 12:09:27,multi_optuna_model.py,"(7620, 13)",90,Optuna_Trial_80,Dense 128(gelu) -> 32(relu) -> 256(silu) -> 32(gelu) -> 256(gelu) -> 256(silu) -> 128 -> 128(silu) -> 1,mse,adam_80,20,32,10.4468,18445.3359375,3460.320556640625,3460.320556640625,0.8936585187911987,0.7,146369
2026-09-14 12:09:37,multi_optuna_model.py,"(7620, 13)",90,Optuna_Trial_81,Dense 128(gelu) -> 64(silu) -> 128 -> 32(silu) -> 64(gelu) -> 64(gelu) -> 32 -> 64(silu) -> 1,mse,adam_81,20,32,9.2614,18934.103515625,2310.621826171875,2310.621826171875,0.9289906620979309,0.7,33025
2026-09-14 12:09:47,multi_optuna_model.py,"(7620, 13)",90,Optuna_Trial_82,Dense 256(relu) -> 128(gelu) -> 256(silu) -> 64(relu) -> 64 -> 64(gelu) -> 32 -> 256(silu) -> 1,mse,adam_82,20,32,9.6102,13458.4755859375,2307.88330078125,2307.88330078125,0.9290748238563538,0.7,105057
2026-09-14 12:09:57,multi_optuna_model.py,"(7620, 13)",90,Optuna_Trial_83,Dense 128(gelu) -> 64(silu) -> 128 -> 32(gelu) -> 256(gelu) -> 64(gelu) -> 32(gelu) -> 32(gelu) -> 1,mse,adam_83,20,32,9.292,16807.673828125,2049.576904296875,2049.576904296875,0.9370130300521851,0.7,50561
2026-09-14 12:10:07,multi_optuna_model.py,"(7620, 13)",90,Optuna_Trial_84,Dense 128(gelu) -> 64(silu) -> 128(relu) -> 32(silu) -> 256(silu) -> 64(relu) -> 256(gelu) -> 128(silu) -> 1,mse,adam_84,20,32,10.3633,16513.59375,2182.01806640625,2182.01806640625,0.9329428672790527,0.7,97057
2026-09-14 12:10:17,multi_optuna_model.py,"(7620, 13)",90,Optuna_Trial_85,Dense 256(gelu) -> 64(silu) -> 64 -> 32(silu) -> 64(gelu) -> 32(relu) -> 32(gelu) -> 128(silu) -> 1,mse,adam_85,20,32,9.2795,16801.490234375,2174.69091796875,2174.69091796875,0.9331680536270142,0.7,35873
2026-09-14 12:10:28,multi_optuna_model.py,"(7620, 13)",90,Optuna_Trial_86,Dense 256(silu) -> 64(silu) -> 256(gelu) -> 128(silu) -> 256 -> 256 -> 128(relu) -> 32(silu) -> 1,mse,adam_86,20,32,10.8649,14391.5888671875,2292.23583984375,2292.23583984375,0.9295557141304016,0.7,205441
2026-09-14 12:10:39,multi_optuna_model.py,"(7620, 13)",90,Optuna_Trial_87,Dense 128(gelu) -> 32(gelu) -> 32(gelu) -> 256(gelu) -> 256 -> 256(silu) -> 128(silu) -> 128 -> 1,mse,adam_87,20,32,10.4282,14516.6171875,2003.033203125,2003.033203125,0.9384433627128601,0.7,196545
2026-09-14 12:10:50,multi_optuna_model.py,"(7620, 13)",90,Optuna_Trial_88,Dense 128(gelu) -> 32(gelu) -> 32(gelu) -> 256(gelu) -> 256 -> 256(silu) -> 128 -> 64 -> 1,mse,adam_88,20,32,10.1394,16388.34375,2434.740478515625,2434.740478515625,0.9251763224601746,0.7,188225
2026-09-14 12:11:03,multi_optuna_model.py,"(7620, 13)",90,Optuna_Trial_89,Dense 128(gelu) -> 256(gelu) -> 32(gelu) -> 256(gelu) -> 256 -> 256(silu) -> 128(silu) -> 128(silu) -> 1,mse,adam_89,20,32,12.4228,13327.8603515625,2338.89404296875,2338.89404296875,0.92812180519104,0.7,232609
2026-09-14 12:11:15,multi_optuna_model.py,"(7620, 13)",90,Optuna_Trial_90,Dense 128(gelu) -> 32(gelu) -> 128(gelu) -> 256(gelu) -> 256(gelu) -> 256(gelu) -> 128(silu) -> 128 -> 1,mse,adam_90,20,32,11.6298,13843.6103515625,2509.34521484375,2509.34521484375,0.9228835701942444,0.7,224289
2026-09-14 12:11:24,multi_optuna_model.py,"(7620, 13)",90,Optuna_Trial_91,Dense 256(relu) -> 64(gelu) -> 256(silu) -> 64(relu) -> 64 -> 64(gelu) -> 32(relu) -> 64 -> 1,mse,adam_91,20,32,8.4511,14975.232421875,2084.876220703125,2084.876220703125,0.935928225517273,0.7,65697
2026-09-14 12:11:35,multi_optuna_model.py,"(7620, 13)",90,Optuna_Trial_92,Dense 256(silu) -> 64(silu) -> 256(silu) -> 64(silu) -> 64(silu) -> 256(gelu) -> 32(gelu) -> 64(silu) -> 1,mse,adam_92,20,32,11.033,17092.638671875,2148.2724609375,2148.2724609375,0.9339799284934998,0.7,84321
2026-09-14 12:11:44,multi_optuna_model.py,"(7620, 13)",90,Optuna_Trial_93,Dense 128(gelu) -> 64(relu) -> 128 -> 32(silu) -> 64(relu) -> 64(relu) -> 32(gelu) -> 128(silu) -> 1,mse,adam_93,20,32,8.6069,18544.55078125,2081.177001953125,2081.177001953125,0.9360418915748596,0.7,35201
2026-09-14 12:11:54,multi_optuna_model.py,"(7620, 13)",90,Optuna_Trial_94,Dense 32(silu) -> 64(silu) -> 256(gelu) -> 128(silu) -> 64 -> 256(gelu) -> 32(gelu) -> 64(relu) -> 1,mse,adam_94,20,32,9.9947,16543.2578125,2291.946044921875,2291.946044921875,0.9295645952224731,0.7,87393
2026-09-14 12:12:04,multi_optuna_model.py,"(7620, 13)",90,Optuna_Trial_95,Dense 64(gelu) -> 64(silu) -> 128 -> 64(silu) -> 64(gelu) -> 64(relu) -> 32(silu) -> 128(silu) -> 1,mse,adam_95,20,32,9.3024,20650.078125,2159.984130859375,2159.984130859375,0.933620035648346,0.7,36385
2026-09-14 12:12:13,multi_optuna_model.py,"(7620, 13)",90,Optuna_Trial_96,Dense 256(gelu) -> 64 -> 32(silu) -> 32(relu) -> 64 -> 64(gelu) -> 32 -> 64(silu) -> 1,mse,adam_96,20,32,8.663,18026.740234375,2825.46142578125,2825.46142578125,0.9131687879562378,0.7,33697
2026-09-14 12:12:24,multi_optuna_model.py,"(7620, 13)",90,Optuna_Trial_97,Dense 128(gelu) -> 32(silu) -> 32(gelu) -> 256 -> 256 -> 256(silu) -> 128(silu) -> 128 -> 1,mse,adam_97,20,32,10.7028,14139.056640625,2295.32373046875,2295.32373046875,0.9294607639312744,0.7,196545
2026-09-14 12:12:34,multi_optuna_model.py,"(7620, 13)",90,Optuna_Trial_98,Dense 256(gelu) -> 64(silu) -> 64(gelu) -> 32(silu) -> 64 -> 128(gelu) -> 64(relu) -> 32(silu) -> 1,mse,adam_98,20,32,9.4093,14908.9404296875,2272.876708984375,2272.876708984375,0.9301506280899048,0.7,47073
2026-09-14 12:12:45,multi_optuna_model.py,"(7620, 13)",90,Optuna_Trial_99,Dense 256(silu) -> 128(gelu) -> 256(gelu) -> 128(silu) -> 64 -> 128(gelu) -> 64(relu) -> 32(silu) -> 1,mse,adam_99,20,32,10.6536,14233.9365234375,2127.923828125,2127.923828125,0.9346053004264832,0.7,129345
2026-09-14 12:12:55,multi_optuna_model.py,"(7620, 13)",90,Optuna_Trial_100,Dense 32(gelu) -> 64(gelu) -> 128 -> 32(silu) -> 64(gelu) -> 64 -> 256(gelu) -> 128(silu) -> 1,mse,adam_100,20,32,9.1688,17848.771484375,2284.635986328125,2284.635986328125,0.9297892451286316,0.7,70945
2026-09-14 12:13:05,multi_optuna_model.py,"(7620, 13)",90,Optuna_Trial_101,Dense 128(gelu) -> 256(relu) -> 128 -> 32(silu) -> 256(relu) -> 64(gelu) -> 32(gelu) -> 32(gelu) -> 1,mse,adam_101,20,32,9.2793,18739.427734375,1943.6571044921875,1943.6571044921875,0.9402680993080139,0.7,99905
2026-09-14 12:13:14,multi_optuna_model.py,"(7620, 13)",90,Optuna_Trial_102,Dense 128(gelu) -> 32(gelu) -> 32(gelu) -> 128(gelu) -> 256(relu) -> 32(silu) -> 128(silu) -> 128 -> 1,mse,adam_102,20,32,9.1434,14002.59375,2340.509521484375,2340.509521484375,0.9280722141265869,0.7,73313
2026-09-14 12:13:24,multi_optuna_model.py,"(7620, 13)",90,Optuna_Trial_103,Dense 128(gelu) -> 256(relu) -> 128 -> 32(silu) -> 256(relu) -> 64 -> 32(gelu) -> 32 -> 1,mse,adam_103,20,32,8.957,17819.068359375,2375.247314453125,2375.247314453125,0.9270046353340149,0.7,99905
2026-09-14 12:13:36,multi_optuna_model.py,"(7620, 13)",90,Optuna_Trial_104,Dense 256(gelu) -> 32(silu) -> 256(relu) -> 256(gelu) -> 256(relu) -> 256(silu) -> 32(silu) -> 128(silu) -> 1,mse,adam_104,20,32,11.5399,16344.669921875,2282.407470703125,2282.407470703125,0.9298577904701233,0.7,230209
2026-09-14 12:13:46,multi_optuna_model.py,"(7620, 13)",90,Optuna_Trial_105,Dense 256(silu) -> 64(relu) -> 256(gelu) -> 128(silu) -> 64 -> 128(silu) -> 32(relu) -> 32(silu) -> 1,mse,adam_105,20,32,10.1338,18173.45703125,2486.04638671875,2486.04638671875,0.9235995411872864,0.7,91361
2026-09-14 12:13:57,multi_optuna_model.py,"(7620, 13)",90,Optuna_Trial_106,Dense 128(gelu) -> 256(silu) -> 128 -> 256(silu) -> 256(relu) -> 64(gelu) -> 32(gelu) -> 32(gelu) -> 1,mse,adam_106,20,32,10.3535,16123.8466796875,2379.43701171875,2379.43701171875,0.9268758893013,0.7,186145
2026-09-14 12:14:07,multi_optuna_model.py,"(7620, 13)",90,Optuna_Trial_107,Dense 128 -> 256(relu) -> 128 -> 128(silu) -> 64(relu) -> 256(gelu) -> 32(gelu) -> 32(gelu) -> 1,mse,adam_107,20,32,9.377,18801.99609375,2515.10595703125,2515.10595703125,0.9227065443992615,0.7,118433
2026-09-14 12:14:18,multi_optuna_model.py,"(7620, 13)",90,Optuna_Trial_108,Dense 128(silu) -> 32(silu) -> 256 -> 256(gelu) -> 32 -> 256(silu) -> 128(relu) -> 128(silu) -> 1,mse,adam_108,20,32,10.6792,15204.34765625,1955.9501953125,1955.9501953125,0.9398903250694275,0.7,146369
2026-09-14 12:14:31,multi_optuna_model.py,"(7620, 13)",90,Optuna_Trial_109,Dense 128(silu) -> 32(silu) -> 256 -> 256(gelu) -> 32 -> 256(silu) -> 128(relu) -> 128(silu) -> 1,mse,adam_109,20,32,12.4975,15114.68359375,2226.9052734375,2226.9052734375,0.9315634369850159,0.7,146369
2026-09-14 12:14:42,multi_optuna_model.py,"(7620, 13)",90,Optuna_Trial_110,Dense 256(silu) -> 64(silu) -> 256 -> 128(silu) -> 64 -> 128(gelu) -> 64(relu) -> 32(silu) -> 1,mse,adam_110,20,32,10.2514,15470.015625,2804.793212890625,2804.793212890625,0.9138039946556091,0.7,96513
2026-09-14 12:14:52,multi_optuna_model.py,"(7620, 13)",90,Optuna_Trial_111,Dense 256(relu) -> 64(gelu) -> 256(silu) -> 32(silu) -> 256 -> 64(gelu) -> 32 -> 64(silu) -> 1,mse,adam_111,20,32,9.5262,14558.5849609375,2159.155029296875,2159.155029296875,0.933645486831665,0.7,74049
2026-09-14 12:15:01,multi_optuna_model.py,"(7620, 13)",90,Optuna_Trial_112,Dense 32(gelu) -> 256(relu) -> 128 -> 32(silu) -> 256(silu) -> 64(gelu) -> 32 -> 32(gelu) -> 1,mse,adam_112,20,32,8.9579,18474.998046875,3002.447998046875,3002.447998046875,0.9077296853065491,0.7,73985
2026-09-14 12:15:10,multi_optuna_model.py,"(7620, 13)",90,Optuna_Trial_113,Dense 128(gelu) -> 64(silu) -> 32 -> 32(silu) -> 64(gelu) -> 64(relu) -> 32(relu) -> 128(relu) -> 1,mse,adam_113,20,32,8.6694,17197.154296875,1896.9508056640625,1896.9508056640625,0.9417034983634949,0.7,25889
2026-09-14 12:15:19,multi_optuna_model.py,"(7620, 13)",90,Optuna_Trial_114,Dense 128(relu) -> 32(silu) -> 32 -> 32(silu) -> 64(gelu) -> 64(relu) -> 32(relu) -> 128(relu) -> 1,mse,adam_114,20,32,8.3219,18306.9140625,1992.3558349609375,1992.3558349609375,0.9387715458869934,0.7,20737
2026-09-14 12:15:28,multi_optuna_model.py,"(7620, 13)",90,Optuna_Trial_115,Dense 128(relu) -> 32(silu) -> 32 -> 128(silu) -> 64(gelu) -> 64(relu) -> 32(relu) -> 128(relu) -> 1,mse,adam_115,20,32,8.4049,18649.29296875,2673.797119140625,2673.797119140625,0.9178296327590942,0.7,30049
2026-09-14 12:15:37,multi_optuna_model.py,"(7620, 13)",90,Optuna_Trial_116,Dense 128(gelu) -> 64(silu) -> 64 -> 32(silu) -> 128(gelu) -> 128(relu) -> 32(relu) -> 128(relu) -> 1,mse,adam_116,20,32,9.2404,17633.85546875,2198.378173828125,2198.378173828125,0.9324401021003723,0.7,45505
2026-09-14 12:15:46,multi_optuna_model.py,"(7620, 13)",90,Optuna_Trial_117,Dense 128(relu) -> 64(silu) -> 32 -> 32(relu) -> 256(gelu) -> 64(relu) -> 32(relu) -> 128(relu) -> 1,mse,adam_117,20,32,8.6446,18051.716796875,2394.360595703125,2394.360595703125,0.9264172315597534,0.7,44513
2026-09-14 12:15:56,multi_optuna_model.py,"(7620, 13)",90,Optuna_Trial_118,Dense 128(gelu) -> 64(silu) -> 32 -> 32(silu) -> 64(gelu) -> 64(relu) -> 256(relu) -> 256(relu) -> 1,mse,adam_118,20,32,9.6334,17216.94140625,3424.942138671875,3424.942138671875,0.8947457075119019,0.7,102145
2026-09-14 12:16:07,multi_optuna_model.py,"(7620, 13)",90,Optuna_Trial_119,Dense 256(silu) -> 64(silu) -> 256(silu) -> 32(silu) -> 64 -> 256(relu) -> 128(gelu) -> 64(silu) -> 1,mse,adam_119,20,32,10.3216,15810.3525390625,2530.806396484375,2530.806396484375,0.9222240447998047,0.7,104865
2026-09-14 12:16:17,multi_optuna_model.py,"(7620, 13)",90,Optuna_Trial_120,Dense 128(gelu) -> 64(silu) -> 128 -> 32(silu) -> 64(gelu) -> 256(relu) -> 64(gelu) -> 128(gelu) -> 1,mse,adam_120,20,32,9.321,15548.6123046875,2080.160400390625,2080.160400390625,0.9360731244087219,0.7,66145
2026-09-14 12:16:26,multi_optuna_model.py,"(7620, 13)",90,Optuna_Trial_121,Dense 128(gelu) -> 64(silu) -> 32 -> 32(gelu) -> 64(gelu) -> 256(relu) -> 32(relu) -> 128(relu) -> 1,mse,adam_121,20,32,8.5917,18322.39453125,2105.78076171875,2105.78076171875,0.9352858066558838,0.7,44513
2026-09-14 12:16:36,multi_optuna_model.py,"(7620, 13)",90,Optuna_Trial_122,Dense 128(gelu) -> 32(relu) -> 32(gelu) -> 256(gelu) -> 32 -> 256(silu) -> 32(silu) -> 128(relu) -> 1,mse,adam_122,20,32,9.4259,16237.205078125,2238.009765625,2238.009765625,0.9312222003936768,0.7,44673
2026-09-14 12:16:45,multi_optuna_model.py,"(7620, 13)",90,Optuna_Trial_123,Dense 128(gelu) -> 256(relu) -> 128(relu) -> 32(silu) -> 256(relu) -> 64(gelu) -> 32(relu) -> 32(gelu) -> 1,mse,adam_123,20,32,8.9798,18995.658203125,2224.628662109375,2224.628662109375,0.9316334128379822,0.7,99905
2026-09-14 12:16:55,multi_optuna_model.py,"(7620, 13)",90,Optuna_Trial_124,Dense 32(gelu) -> 64(silu) -> 32 -> 32(silu) -> 128(gelu) -> 64(silu) -> 32(relu) -> 128(relu) -> 1,mse,adam_124,20,32,9.465,19460.779296875,2184.510498046875,2184.510498046875,0.9328662753105164,0.7,24609
2026-09-14 12:17:07,multi_optuna_model.py,"(7620, 13)",90,Optuna_Trial_125,Dense 64(gelu) -> 32(silu) -> 256(silu) -> 256 -> 256 -> 256(silu) -> 128(gelu) -> 128(silu) -> 1,mse,adam_125,20,32,11.5103,16444.904296875,2436.919677734375,2436.919677734375,0.925109326839447,0.7,258337
2026-09-14 12:17:18,multi_optuna_model.py,"(7620, 13)",90,Optuna_Trial_126,Dense 256(gelu) -> 64(silu) -> 256(relu) -> 32(silu) -> 64 -> 256(gelu) -> 32(gelu) -> 64(silu) -> 1,mse,adam_126,20,32,10.38,15333.6376953125,2578.114013671875,2578.114013671875,0.9207701683044434,0.7,74049
2026-09-14 12:17:28,multi_optuna_model.py,"(7620, 13)",90,Optuna_Trial_127,Dense 128(gelu) -> 32(gelu) -> 32 -> 256(gelu) -> 256 -> 256(relu) -> 128(silu) -> 128 -> 1,mse,adam_127,20,32,10.2375,14672.794921875,2238.487060546875,2238.487060546875,0.9312074780464172,0.7,196545
2026-09-14 12:17:37,multi_optuna_model.py,"(7620, 13)",90,Optuna_Trial_128,Dense 128(gelu) -> 256 -> 32 -> 32(silu) -> 64(gelu) -> 64(relu) -> 32(relu) -> 128(relu) -> 1,mse,adam_128,20,32,8.4387,18894.755859375,3751.50244140625,3751.50244140625,0.8847099542617798,0.7,56801
2026-09-14 12:17:47,multi_optuna_model.py,"(7620, 13)",90,Optuna_Trial_129,Dense 256(silu) -> 64(relu) -> 256(silu) -> 32(relu) -> 64 -> 256(gelu) -> 32(gelu) -> 32(silu) -> 1,mse,adam_129,20,32,9.6188,18668.57421875,2315.878662109375,2315.878662109375,0.9288291335105896,0.7,72961
2026-09-14 12:17:57,multi_optuna_model.py,"(7620, 13)",90,Optuna_Trial_130,Dense 128(gelu) -> 256(relu) -> 64 -> 32(silu) -> 256(relu) -> 64(gelu) -> 256(gelu) -> 32(gelu) -> 1,mse,adam_130,20,32,9.394,17481.384765625,2098.390625,2098.390625,0.935512900352478,0.7,103137
2026-09-14 12:18:07,multi_optuna_model.py,"(7620, 13)",90,Optuna_Trial_131,Dense 128(gelu) -> 64(silu) -> 128 -> 32(silu) -> 32(gelu) -> 64(relu) -> 128(gelu) -> 128(silu) -> 1,mse,adam_131,20,32,9.5822,16019.015625,2335.983154296875,2335.983154296875,0.9282112717628479,0.7,50625
2026-09-14 12:18:16,multi_optuna_model.py,"(7620, 13)",90,Optuna_Trial_132,Dense 128(relu) -> 32(silu) -> 32 -> 32(silu) -> 64(gelu) -> 64 -> 128(relu) -> 64(relu) -> 1,mse,adam_132,20,32,8.5232,18197.345703125,1918.7017822265625,1918.7017822265625,0.9410350322723389,0.7,30945
2026-09-14 12:18:27,multi_optuna_model.py,"(7620, 13)",90,Optuna_Trial_133,Dense 128(relu) -> 32(silu) -> 32 -> 32(silu) -> 64(gelu) -> 64 -> 128(relu) -> 64(relu) -> 1,mse,adam_133,20,32,10.5083,17830.822265625,2216.489501953125,2216.489501953125,0.9318835139274597,0.7,30945
2026-09-14 12:18:37,multi_optuna_model.py,"(7620, 13)",90,Optuna_Trial_134,Dense 128(relu) -> 64(gelu) -> 256(silu) -> 32(relu) -> 64 -> 64(gelu) -> 32(silu) -> 128(silu) -> 1,mse,adam_134,20,32,9.2273,17485.630859375,2044.4794921875,2044.4794921875,0.9371696710586548,0.7,47617
2026-09-14 12:18:46,multi_optuna_model.py,"(7620, 13)",90,Optuna_Trial_135,Dense 128(gelu) -> 64(silu) -> 128(relu) -> 32 -> 64(gelu) -> 64(relu) -> 32(relu) -> 128(silu) -> 1,mse,adam_135,20,32,9.1207,18217.28125,1935.089599609375,1935.089599609375,0.9405314326286316,0.7,35201
2026-09-14 12:18:56,multi_optuna_model.py,"(7620, 13)",90,Optuna_Trial_136,Dense 32(gelu) -> 64(silu) -> 256(gelu) -> 128 -> 64 -> 256 -> 128(gelu) -> 64(silu) -> 1,mse,adam_136,20,32,9.7511,18221.62890625,2305.776611328125,2305.776611328125,0.9291396141052246,0.7,118209
2026-09-14 12:19:06,multi_optuna_model.py,"(7620, 13)",90,Optuna_Trial_137,Dense 256(silu) -> 64(gelu) -> 256(silu) -> 32(relu) -> 64 -> 64(gelu) -> 32 -> 64(silu) -> 1,mse,adam_137,20,32,9.2984,15715.1728515625,2396.78564453125,2396.78564453125,0.9263427257537842,0.7,55425
2026-09-14 12:19:15,multi_optuna_model.py,"(7620, 13)",90,Optuna_Trial_138,Dense 128(gelu) -> 64(silu) -> 256(relu) -> 32 -> 64(gelu) -> 64(relu) -> 32(relu) -> 128(silu) -> 1,mse,adam_138,20,32,8.933,16513.01953125,2152.218505859375,2152.218505859375,0.9338586926460266,0.7,47617
2026-09-14 12:19:26,multi_optuna_model.py,"(7620, 13)",90,Optuna_Trial_139,Dense 256(silu) -> 64(silu) -> 32(silu) -> 32(relu) -> 64(gelu) -> 256(gelu) -> 32(gelu) -> 64(silu) -> 1,mse,adam_139,20,32,9.7932,15681.0537109375,2203.125732421875,2203.125732421875,0.9322941899299622,0.7,52321
2026-09-14 12:19:34,multi_optuna_model.py,"(7620, 13)",90,Optuna_Trial_140,Dense 128(gelu) -> 256(relu) -> 128 -> 32 -> 32(relu) -> 64(gelu) -> 32(gelu) -> 32(gelu) -> 1,mse,adam_140,20,32,8.4076,21645.798828125,2199.005859375,2199.005859375,0.9324207901954651,0.7,78177
2026-09-14 12:19:46,multi_optuna_model.py,"(7620, 13)",90,Optuna_Trial_141,Dense 128 -> 32(silu) -> 64(silu) -> 128(gelu) -> 256 -> 256(silu) -> 128(silu) -> 128(gelu) -> 1,mse,adam_141,20,32,10.7961,14963.7216796875,2412.555908203125,2412.555908203125,0.9258580803871155,0.7,164705
2026-09-14 12:19:55,multi_optuna_model.py,"(7620, 13)",90,Optuna_Trial_142,Dense 128(relu) -> 64(silu) -> 128 -> 32(silu) -> 64(gelu) -> 64(relu) -> 32(gelu) -> 128(silu) -> 1,mse,adam_142,20,32,9.0219,18501.298828125,1965.0543212890625,1965.0543212890625,0.9396105408668518,0.7,35201
2026-09-14 12:20:05,multi_optuna_model.py,"(7620, 13)",90,Optuna_Trial_143,Dense 128(relu) -> 64(silu) -> 128 -> 32(silu) -> 64(gelu) -> 32(relu) -> 32(gelu) -> 128(silu) -> 1,mse,adam_143,20,32,8.9967,19494.23828125,2214.900390625,2214.900390625,0.9319323301315308,0.7,32097
2026-09-14 12:20:15,multi_optuna_model.py,"(7620, 13)",90,Optuna_Trial_144,Dense 128(relu) -> 32(silu) -> 128(silu) -> 32(silu) -> 64(gelu) -> 64(relu) -> 32(gelu) -> 256(silu) -> 1,mse,adam_144,20,32,9.3858,18028.478515625,2171.317138671875,2171.317138671875,0.9332717657089233,0.7,31329
2026-09-14 12:20:24,multi_optuna_model.py,"(7620, 13)",90,Optuna_Trial_145,Dense 128(silu) -> 32(silu) -> 64 -> 32(silu) -> 64 -> 64(relu) -> 32(relu) -> 128(relu) -> 1,mse,adam_145,20,32,8.616,19509.666015625,2390.3310546875,2390.3310546875,0.9265410900115967,0.7,22817
2026-09-14 12:20:34,multi_optuna_model.py,"(7620, 13)",90,Optuna_Trial_146,Dense 256(silu) -> 32 -> 256(silu) -> 32(silu) -> 128 -> 256(gelu) -> 32(gelu) -> 64(silu) -> 1,mse,adam_146,20,32,10.0314,18489.62109375,2139.253662109375,2139.253662109375,0.9342570900917053,0.7,76129
2026-09-14 12:20:45,multi_optuna_model.py,"(7620, 13)",90,Optuna_Trial_147,Dense 256(silu) -> 64(silu) -> 128(gelu) -> 128 -> 256 -> 128(gelu) -> 64(relu) -> 32(silu) -> 1,mse,adam_147,20,32,10.048,14879.927734375,2063.4140625,2063.4140625,0.9365878105163574,0.7,121153
2026-09-14 12:20:54,multi_optuna_model.py,"(7620, 13)",90,Optuna_Trial_148,Dense 256(silu) -> 64(silu) -> 128 -> 32(gelu) -> 64(gelu) -> 64(relu) -> 32(gelu) -> 128(silu) -> 1,mse,adam_148,20,32,9.2507,17338.78125,2280.603515625,2280.603515625,0.9299131631851196,0.7,45185
2026-09-14 12:21:03,multi_optuna_model.py,"(7620, 13)",90,Optuna_Trial_149,Dense 64(relu) -> 32(silu) -> 32(gelu) -> 32(silu) -> 64(gelu) -> 64(relu) -> 256(relu) -> 128(relu) -> 1,mse,adam_149,20,32,8.7863,19614.822265625,2268.0498046875,2268.0498046875,0.9302989840507507,0.7,61025
2026-09-14 12:21:13,multi_optuna_model.py,"(7620, 13)",90,Optuna_Trial_150,Dense 256(gelu) -> 64(silu) -> 32 -> 256(silu) -> 64(gelu) -> 64(relu) -> 32(relu) -> 128(relu) -> 1,mse,adam_150,20,32,9.0866,14894.4833984375,3001.252197265625,3001.252197265625,0.9077664017677307,0.7,57601
2026-09-14 12:21:24,multi_optuna_model.py,"(7620, 13)",90,Optuna_Trial_151,Dense 256(silu) -> 64(silu) -> 256(gelu) -> 256(silu) -> 64 -> 32(gelu) -> 64(relu) -> 32(relu) -> 1,mse,adam_151,20,32,10.7209,17591.828125,2083.0595703125,2083.0595703125,0.9359840154647827,0.7,125217
2026-09-14 12:21:33,multi_optuna_model.py,"(7620, 13)",90,Optuna_Trial_152,Dense 128(gelu) -> 64(silu) -> 32 -> 32(silu) -> 64(gelu) -> 64(relu) -> 32(gelu) -> 32(silu) -> 1,mse,adam_152,20,32,9.0151,18322.70703125,2140.77685546875,2140.77685546875,0.9342103004455566,0.7,22625
2026-09-14 12:21:45,multi_optuna_model.py,"(7620, 13)",90,Optuna_Trial_153,Dense 256(silu) -> 32(silu) -> 256(gelu) -> 128(gelu) -> 64 -> 256(gelu) -> 128(gelu) -> 256(silu) -> 1,mse,adam_153,20,32,11.3696,15781.94140625,2286.820556640625,2286.820556640625,0.9297221302986145,0.7,144225
2026-09-14 12:21:56,multi_optuna_model.py,"(7620, 13)",90,Optuna_Trial_154,Dense 256(silu) -> 64(silu) -> 256(gelu) -> 128(relu) -> 64 -> 256(silu) -> 128(relu) -> 128(silu) -> 1,mse,adam_154,20,32,10.8294,14380.29296875,2109.7431640625,2109.7431640625,0.9351640343666077,0.7,144001
2026-09-14 12:22:09,multi_optuna_model.py,"(7620, 13)",90,Optuna_Trial_155,Dense 128 -> 32(silu) -> 256(gelu) -> 256(gelu) -> 128 -> 256(silu) -> 128(silu) -> 128(silu) -> 1,mse,adam_155,20,32,11.7474,14525.1083984375,1969.209716796875,1969.209716796875,0.9394828081130981,0.7,195617
2026-09-14 12:22:20,multi_optuna_model.py,"(7620, 13)",90,Optuna_Trial_156,Dense 128 -> 32(silu) -> 128(gelu) -> 256(gelu) -> 128 -> 256(silu) -> 128(silu) -> 128(silu) -> 1,mse,adam_156,20,32,11.0628,13965.6494140625,2262.79736328125,2262.79736328125,0.9304603934288025,0.7,158625
2026-09-14 12:22:29,multi_optuna_model.py,"(7620, 13)",90,Optuna_Trial_157,Dense 64(gelu) -> 64(gelu) -> 128(relu) -> 32 -> 64(gelu) -> 256(relu) -> 32(relu) -> 128(silu) -> 1,mse,adam_157,20,32,8.4719,16497.865234375,2267.118896484375,2267.118896484375,0.9303275942802429,0.7,48833
2026-09-14 12:22:38,multi_optuna_model.py,"(7620, 13)",90,Optuna_Trial_158,Dense 128 -> 64(gelu) -> 128(gelu) -> 32(relu) -> 64(gelu) -> 64(relu) -> 32(gelu) -> 128(silu) -> 1,mse,adam_158,20,32,8.5554,15995.4306640625,2064.8388671875,2064.8388671875,0.9365440011024475,0.7,35201
2026-09-14 12:22:48,multi_optuna_model.py,"(7620, 13)",90,Optuna_Trial_159,Dense 128(gelu) -> 64(silu) -> 128(silu) -> 32(silu) -> 64(gelu) -> 64(relu) -> 32(relu) -> 128(gelu) -> 1,mse,adam_159,20,32,9.3747,16658.1953125,1820.3970947265625,1820.3970947265625,0.9440560936927795,0.7,35201
2026-09-14 12:22:58,multi_optuna_model.py,"(7620, 13)",90,Optuna_Trial_160,Dense 256(silu) -> 64(silu) -> 128(gelu) -> 128(relu) -> 64 -> 256 -> 128 -> 32(relu) -> 1,mse,adam_160,20,32,9.4703,17100.064453125,2392.791748046875,2392.791748046875,0.9264654517173767,0.7,106817
2026-09-14 12:23:10,multi_optuna_model.py,"(7620, 13)",90,Optuna_Trial_161,Dense 128(gelu) -> 128(silu) -> 128(silu) -> 32(silu) -> 64(gelu) -> 32(relu) -> 32(relu) -> 64(gelu) -> 1,mse,adam_161,20,32,11.8615,18072.541015625,1991.3975830078125,1991.3975830078125,0.9388009905815125,0.7,46369
2026-09-14 12:23:19,multi_optuna_model.py,"(7620, 13)",90,Optuna_Trial_162,Dense 128(gelu) -> 128(silu) -> 128(relu) -> 32(silu) -> 64(gelu) -> 32(relu) -> 32(relu) -> 64(gelu) -> 1,mse,adam_162,20,32,8.9707,17353.630859375,2170.384765625,2170.384765625,0.9333003759384155,0.7,46369
2026-09-14 12:23:29,multi_optuna_model.py,"(7620, 13)",90,Optuna_Trial_163,Dense 128(gelu) -> 64(silu) -> 128(silu) -> 32(silu) -> 64(gelu) -> 64(relu) -> 32(relu) -> 128(gelu) -> 1,mse,adam_163,20,32,9.3902,16486.7890625,2073.639404296875,2073.639404296875,0.9362735152244568,0.7,35201
2026-09-14 12:23:41,multi_optuna_model.py,"(7620, 13)",90,Optuna_Trial_164,Dense 128 -> 32(silu) -> 256(gelu) -> 256(gelu) -> 32 -> 256(silu) -> 64(silu) -> 256(silu) -> 1,mse,adam_164,20,32,11.1108,15103.4208984375,2385.40185546875,2385.40185546875,0.926692545413971,0.7,130177
2026-09-14 12:23:51,multi_optuna_model.py,"(7620, 13)",90,Optuna_Trial_165,Dense 128(gelu) -> 128(silu) -> 256(silu) -> 32(silu) -> 64(gelu) -> 32(relu) -> 64(gelu) -> 64(gelu) -> 1,mse,adam_165,20,32,9.7815,16125.8447265625,2094.555908203125,2094.555908203125,0.935630738735199,0.7,70081
2026-09-14 12:24:01,multi_optuna_model.py,"(7620, 13)",90,Optuna_Trial_166,Dense 256(gelu) -> 64(relu) -> 128(silu) -> 32(silu) -> 256(relu) -> 64(gelu) -> 32(gelu) -> 32(gelu) -> 1,mse,adam_166,20,32,9.4024,18156.375,2124.356201171875,2124.356201171875,0.9347149133682251,0.7,60545
2026-09-14 12:24:10,multi_optuna_model.py,"(7620, 13)",90,Optuna_Trial_167,Dense 256(relu) -> 64(gelu) -> 256(silu) -> 32(relu) -> 64 -> 256 -> 32 -> 64 -> 1,mse,adam_167,20,32,8.5374,13814.1748046875,2279.712890625,2279.712890625,0.9299405813217163,0.7,74049
2026-09-14 12:24:20,multi_optuna_model.py,"(7620, 13)",90,Optuna_Trial_168,Dense 256(silu) -> 64 -> 256(gelu) -> 128 -> 64 -> 128(gelu) -> 64(relu) -> 32 -> 1,mse,adam_168,20,32,9.37,18043.05859375,2864.551025390625,2864.551025390625,0.9119675159454346,0.7,96513
2026-09-14 12:24:29,multi_optuna_model.py,"(7620, 13)",90,Optuna_Trial_169,Dense 128(silu) -> 64(silu) -> 128(relu) -> 32 -> 64(gelu) -> 32(relu) -> 32(relu) -> 32(silu) -> 1,mse,adam_169,20,32,8.8953,17444.884765625,2204.618896484375,2204.618896484375,0.9322482943534851,0.7,28833
2026-09-14 12:24:38,multi_optuna_model.py,"(7620, 13)",90,Optuna_Trial_170,Dense 256(gelu) -> 64(silu) -> 128(relu) -> 64 -> 64(relu) -> 64(relu) -> 32(relu) -> 128(silu) -> 1,mse,adam_170,20,32,8.9131,15518.5771484375,2336.02880859375,2336.02880859375,0.9282099008560181,0.7,51361
2026-09-14 12:24:50,multi_optuna_model.py,"(7620, 13)",90,Optuna_Trial_171,Dense 256(silu) -> 64(silu) -> 256(gelu) -> 128 -> 256 -> 128 -> 128(silu) -> 256(silu) -> 1,mse,adam_171,20,32,10.9708,14677.306640625,2673.48583984375,2673.48583984375,0.9178392291069031,0.7,185281
2026-09-14 12:24:59,multi_optuna_model.py,"(7620, 13)",90,Optuna_Trial_172,Dense 128(gelu) -> 128(relu) -> 128 -> 32(silu) -> 256(relu) -> 32(gelu) -> 32(gelu) -> 32(gelu) -> 1,mse,adam_172,20,32,8.6987,18482.439453125,2722.2919921875,2722.2919921875,0.9163393378257751,0.7,57761
2026-09-14 12:25:08,multi_optuna_model.py,"(7620, 13)",90,Optuna_Trial_173,Dense 128(gelu) -> 128(silu) -> 128(silu) -> 32 -> 32(gelu) -> 32 -> 32(relu) -> 64(gelu) -> 1,mse,adam_173,20,32,9.1421,16401.806640625,2012.0169677734375,2012.0169677734375,0.9381673336029053,0.7,44289
2026-09-14 12:25:20,multi_optuna_model.py,"(7620, 13)",90,Optuna_Trial_174,Dense 128 -> 128 -> 256(gelu) -> 256(gelu) -> 128 -> 256(silu) -> 128(silu) -> 128(gelu) -> 1,mse,adam_174,20,32,11.3063,14723.05078125,2292.0859375,2292.0859375,0.9295603036880493,0.7,232577
2026-09-14 12:25:30,multi_optuna_model.py,"(7620, 13)",90,Optuna_Trial_175,Dense 128(gelu) -> 64(silu) -> 128(relu) -> 32 -> 256(gelu) -> 128(relu) -> 32(gelu) -> 128(silu) -> 1,mse,adam_175,20,32,9.3742,17302.525390625,2274.900634765625,2274.900634765625,0.930088460445404,0.7,72321
2026-09-14 12:25:41,multi_optuna_model.py,"(7620, 13)",90,Optuna_Trial_176,Dense 256(silu) -> 64(silu) -> 256(gelu) -> 64(silu) -> 32(relu) -> 128(gelu) -> 64(relu) -> 32(silu) -> 1,mse,adam_176,20,32,10.1917,16392.193359375,2273.861083984375,2273.861083984375,0.9301204085350037,0.7,69793
2026-09-14 12:25:50,multi_optuna_model.py,"(7620, 13)",90,Optuna_Trial_177,Dense 64(gelu) -> 32(gelu) -> 32(gelu) -> 256(gelu) -> 32 -> 256(silu) -> 128(silu) -> 128 -> 1,mse,adam_177,20,32,9.3698,15616.31640625,2277.180419921875,2277.180419921875,0.9300183653831482,0.7,78689
2026-09-14 12:26:00,multi_optuna_model.py,"(7620, 13)",90,Optuna_Trial_178,Dense 128 -> 32(gelu) -> 32(gelu) -> 64(relu) -> 256 -> 256(silu) -> 128(silu) -> 128 -> 1,mse,adam_178,20,32,9.6883,16230.40625,2492.150390625,2492.150390625,0.9234119653701782,0.7,141057
2026-09-14 12:26:11,multi_optuna_model.py,"(7620, 13)",90,Optuna_Trial_179,Dense 256(gelu) -> 64(silu) -> 64(silu) -> 128(relu) -> 64 -> 256 -> 128(gelu) -> 32(silu) -> 1,mse,adam_179,20,32,9.9522,14085.3583984375,2293.663330078125,2293.663330078125,0.9295118451118469,0.7,94465
2026-09-14 12:26:22,multi_optuna_model.py,"(7620, 13)",90,Optuna_Trial_180,Dense 256(silu) -> 64 -> 256(gelu) -> 128(silu) -> 256 -> 128 -> 128(gelu) -> 128(silu) -> 1,mse,adam_180,20,32,10.6784,14700.76171875,2185.77197265625,2185.77197265625,0.9328275322914124,0.7,168641
2026-09-14 12:26:34,multi_optuna_model.py,"(7620, 13)",90,Optuna_Trial_181,Dense 128(gelu) -> 32(gelu) -> 32(silu) -> 256(gelu) -> 256 -> 256(silu) -> 64(silu) -> 128(gelu) -> 1,mse,adam_181,20,32,11.0787,14772.2802734375,1993.8037109375,1993.8037109375,0.9387270212173462,0.7,171905
2026-09-14 12:26:45,multi_optuna_model.py,"(7620, 13)",90,Optuna_Trial_182,Dense 128 -> 32(gelu) -> 32(silu) -> 256(silu) -> 256(relu) -> 256(silu) -> 64(silu) -> 128(gelu) -> 1,mse,adam_182,20,32,11.0338,14552.9443359375,2672.683349609375,2672.683349609375,0.9178639054298401,0.7,171905
2026-09-14 12:26:56,multi_optuna_model.py,"(7620, 13)",90,Optuna_Trial_183,Dense 256(silu) -> 64(silu) -> 256(silu) -> 32(silu) -> 64 -> 128(gelu) -> 32(gelu) -> 64(silu) -> 1,mse,adam_183,20,32,10.2395,15137.724609375,2187.279296875,2187.279296875,0.9327812194824219,0.7,61633
2026-09-14 12:27:07,multi_optuna_model.py,"(7620, 13)",90,Optuna_Trial_184,Dense 128(gelu) -> 32(gelu) -> 32(silu) -> 256(gelu) -> 256 -> 256(silu) -> 64(silu) -> 256(gelu) -> 1,mse,adam_184,20,32,11.2234,15884.6640625,2117.48291015625,2117.48291015625,0.9349261522293091,0.7,180353
2026-09-14 12:27:16,multi_optuna_model.py,"(7620, 13)",90,Optuna_Trial_185,Dense 64(relu) -> 256(relu) -> 128 -> 32(silu) -> 256(relu) -> 64(relu) -> 32(gelu) -> 32(gelu) -> 1,mse,adam_185,20,32,8.5916,19622.921875,2145.965576171875,2145.965576171875,0.9340508580207825,0.7,82625
2026-09-14 12:27:25,multi_optuna_model.py,"(7620, 13)",90,Optuna_Trial_186,Dense 32(relu) -> 32(silu) -> 32 -> 32(silu) -> 64 -> 32(relu) -> 32(relu) -> 128(relu) -> 1,mse,adam_186,20,32,8.1794,20338.697265625,2731.350341796875,2731.350341796875,0.9160609841346741,0.7,13217
2026-09-14 12:27:35,multi_optuna_model.py,"(7620, 13)",90,Optuna_Trial_187,Dense 128(gelu) -> 128(silu) -> 128(silu) -> 32(silu) -> 64 -> 256(gelu) -> 32(relu) -> 64(gelu) -> 1,mse,adam_187,20,32,9.9916,16120.9443359375,2537.291015625,2537.291015625,0.9220247268676758,0.7,68097
2026-09-14 12:27:47,multi_optuna_model.py,"(7620, 13)",90,Optuna_Trial_188,Dense 128(gelu) -> 32(gelu) -> 256(silu) -> 256(gelu) -> 64 -> 64(silu) -> 64(silu) -> 128(gelu) -> 1,mse,adam_188,20,32,10.6568,13803.533203125,2974.931640625,2974.931640625,0.9085752964019775,0.7,113377
2026-09-14 12:27:57,multi_optuna_model.py,"(7620, 13)",90,Optuna_Trial_189,Dense 64(gelu) -> 32 -> 32(silu) -> 32(gelu) -> 256 -> 256(silu) -> 64(silu) -> 128(gelu) -> 1,mse,adam_189,20,32,9.988,16472.1484375,2773.728515625,2773.728515625,0.9147586226463318,0.7,104225
2026-09-14 12:28:10,multi_optuna_model.py,"(7620, 13)",90,Optuna_Trial_190,Dense 256(silu) -> 256(silu) -> 256(gelu) -> 256(relu) -> 64 -> 256(gelu) -> 128(gelu) -> 32(silu) -> 1,mse,adam_190,20,32,12.2838,13758.3720703125,2258.37451171875,2258.37451171875,0.9305963516235352,0.7,271105
2026-09-14 12:28:20,multi_optuna_model.py,"(7620, 13)",90,Optuna_Trial_191,Dense 256(silu) -> 64(relu) -> 256(gelu) -> 128(relu) -> 64 -> 256(relu) -> 128(gelu) -> 32(gelu) -> 1,mse,adam_191,20,32,9.9655,14798.6328125,2647.866455078125,2647.866455078125,0.918626606464386,0.7,131521
2026-09-14 12:28:31,multi_optuna_model.py,"(7620, 13)",90,Optuna_Trial_192,Dense 128(gelu) -> 32(relu) -> 32(silu) -> 128(gelu) -> 128 -> 256(silu) -> 64(silu) -> 128(gelu) -> 1,mse,adam_192,20,32,10.0959,16566.75390625,2090.597412109375,2090.597412109375,0.9357523918151855,0.7,85633
2026-09-14 12:28:42,multi_optuna_model.py,"(7620, 13)",90,Optuna_Trial_193,Dense 32(silu) -> 128(silu) -> 256(gelu) -> 128(silu) -> 256(relu) -> 128 -> 128(relu) -> 32(silu) -> 1,mse,adam_193,20,32,10.8091,15400.9912109375,2328.9033203125,2328.9033203125,0.9284288287162781,0.7,157185
2026-09-14 12:28:52,multi_optuna_model.py,"(7620, 13)",90,Optuna_Trial_194,Dense 32(gelu) -> 64(silu) -> 128(relu) -> 32 -> 64(gelu) -> 64(relu) -> 256(silu) -> 128(silu) -> 1,mse,adam_194,20,32,9.3838,17676.7890625,2711.615234375,2711.615234375,0.9166674613952637,0.7,70945
2026-09-14 12:29:04,multi_optuna_model.py,"(7620, 13)",90,Optuna_Trial_195,Dense 128(relu) -> 128(silu) -> 64 -> 32(silu) -> 64(gelu) -> 64(silu) -> 32(gelu) -> 128(silu) -> 1,mse,adam_195,20,32,12.1406,18750.40234375,3034.38037109375,3034.38037109375,0.906748354434967,0.7,41345
2026-09-14 12:29:16,multi_optuna_model.py,"(7620, 13)",90,Optuna_Trial_196,Dense 128(gelu) -> 32(silu) -> 256(silu) -> 64(gelu) -> 256 -> 256(relu) -> 128(silu) -> 256(silu) -> 1,mse,adam_196,20,32,11.3026,18704.986328125,2324.075439453125,2324.075439453125,0.928577184677124,0.7,179425
2026-09-14 12:29:26,multi_optuna_model.py,"(7620, 13)",90,Optuna_Trial_197,Dense 128(gelu) -> 256(relu) -> 128 -> 32(silu) -> 256 -> 64(gelu) -> 32(gelu) -> 32(gelu) -> 1,mse,adam_197,20,32,9.4804,16800.107421875,2519.736328125,2519.736328125,0.9225642681121826,0.7,99905
2026-09-14 12:29:36,multi_optuna_model.py,"(7620, 13)",90,Optuna_Trial_198,Dense 32(gelu) -> 128(silu) -> 128(silu) -> 32(silu) -> 64(gelu) -> 32(silu) -> 256(relu) -> 64(gelu) -> 1,mse,adam_198,20,32,9.7949,18880.283203125,2222.775634765625,2222.775634765625,0.9316903352737427,0.7,54465
2026-09-14 12:29:47,multi_optuna_model.py,"(7620, 13)",90,Optuna_Trial_199,Dense 128(silu) -> 256(silu) -> 128(relu) -> 32 -> 64(gelu) -> 64(relu) -> 256(relu) -> 128(silu) -> 1,mse,adam_199,20,32,10.0801,17878.5,2043.98388671875,2043.98388671875,0.9371848702430725,0.7,127777
2026-09-14 12:29:57,multi_optuna_model.py,"(7620, 13)",90,Optuna_Trial_200,Dense 256(silu) -> 64(silu) -> 256(relu) -> 128(relu) -> 64 -> 256 -> 64(gelu) -> 32(silu) -> 1,mse,adam_200,20,32,9.8393,15354.064453125,2358.027099609375,2358.027099609375,0.9275338053703308,0.7,113025
2026-09-14 12:30:07,multi_optuna_model.py,"(7620, 13)",90,Optuna_Trial_201,Dense 128(gelu) -> 64(silu) -> 128(relu) -> 256 -> 32(gelu) -> 32(relu) -> 32(relu) -> 128(silu) -> 1,mse,adam_201,20,32,9.0767,18691.173828125,2113.9404296875,2113.9404296875,0.935034990310669,0.7,66081
2026-09-14 12:30:19,multi_optuna_model.py,"(7620, 13)",90,Optuna_Trial_202,Dense 128(gelu) -> 32(gelu) -> 256(silu) -> 256(gelu) -> 256 -> 256(silu) -> 128(relu) -> 128 -> 1,mse,adam_202,20,32,11.5621,14578.4423828125,2189.288330078125,2189.288330078125,0.9327194690704346,0.7,261281
2026-09-14 12:30:28,multi_optuna_model.py,"(7620, 13)",90,Optuna_Trial_203,Dense 128(gelu) -> 128(silu) -> 128(relu) -> 32 -> 32(gelu) -> 32 -> 32(relu) -> 64(gelu) -> 1,mse,adam_203,20,32,8.6535,16285.388671875,2402.5,2402.5,0.9261670708656311,0.7,44289
2026-09-14 12:30:39,multi_optuna_model.py,"(7620, 13)",90,Optuna_Trial_204,Dense 128(gelu) -> 32(gelu) -> 32(gelu) -> 256(gelu) -> 32(silu) -> 256(gelu) -> 128(silu) -> 128(silu) -> 1,mse,adam_204,20,32,10.3973,15012.9365234375,2348.93115234375,2348.93115234375,0.9278133511543274,0.7,81633
2026-09-14 12:30:48,multi_optuna_model.py,"(7620, 13)",90,Optuna_Trial_205,Dense 128(gelu) -> 64(silu) -> 32 -> 32(silu) -> 32(gelu) -> 64(relu) -> 32(relu) -> 128(relu) -> 1,mse,adam_205,20,32,8.6994,17160.099609375,2254.19482421875,2254.19482421875,0.9307247996330261,0.7,22785
2026-09-14 12:30:58,multi_optuna_model.py,"(7620, 13)",90,Optuna_Trial_206,Dense 128(relu) -> 128(gelu) -> 128(silu) -> 32(silu) -> 64(gelu) -> 64(relu) -> 32(relu) -> 64 -> 1,mse,adam_206,20,32,9.0554,18144.361328125,1897.050048828125,1897.050048828125,0.9417003989219666,0.7,49473
2026-09-14 12:31:07,multi_optuna_model.py,"(7620, 13)",90,Optuna_Trial_207,Dense 128(relu) -> 128(gelu) -> 128(silu) -> 32(silu) -> 64(gelu) -> 64(relu) -> 32(relu) -> 64 -> 1,mse,adam_207,20,32,9.0085,17446.783203125,2114.45751953125,2114.45751953125,0.9350191354751587,0.7,49473
2026-09-14 12:31:17,multi_optuna_model.py,"(7620, 13)",90,Optuna_Trial_208,Dense 128(gelu) -> 128(gelu) -> 128(silu) -> 32(silu) -> 64(gelu) -> 32 -> 32(relu) -> 256(gelu) -> 1,mse,adam_208,20,32,9.766,15145.5322265625,2791.492919921875,2791.492919921875,0.9142126441001892,0.7,52897
2026-09-14 12:31:28,multi_optuna_model.py,"(7620, 13)",90,Optuna_Trial_209,Dense 128(gelu) -> 32(gelu) -> 32(gelu) -> 128(gelu) -> 256 -> 256(silu) -> 128(gelu) -> 128(gelu) -> 1,mse,adam_209,20,32,10.3105,14620.751953125,2113.43701171875,2113.43701171875,0.9350504875183105,0.7,159553
2026-09-14 12:31:37,multi_optuna_model.py,"(7620, 13)",90,Optuna_Trial_210,Dense 128(relu) -> 64(silu) -> 128(relu) -> 32 -> 64(gelu) -> 64(gelu) -> 32(relu) -> 256(silu) -> 1,mse,adam_210,20,32,8.751,18729.2421875,2270.40576171875,2270.40576171875,0.9302266240119934,0.7,39553
2026-09-14 12:31:48,multi_optuna_model.py,"(7620, 13)",90,Optuna_Trial_211,Dense 32(gelu) -> 32(gelu) -> 256(gelu) -> 128(gelu) -> 256 -> 256(silu) -> 128(silu) -> 128 -> 1,mse,adam_211,20,32,10.7795,16262.296875,2432.807861328125,2432.807861328125,0.9252356886863708,0.7,191201
2026-09-14 12:31:58,multi_optuna_model.py,"(7620, 13)",90,Optuna_Trial_212,Dense 128(gelu) -> 32(silu) -> 128(relu) -> 32(silu) -> 64(gelu) -> 64 -> 32(relu) -> 128(silu) -> 1,mse,adam_212,20,32,9.0858,16764.87109375,2115.348876953125,2115.348876953125,0.934991717338562,0.7,26977
2026-09-14 12:32:07,multi_optuna_model.py,"(7620, 13)",90,Optuna_Trial_213,Dense 128(relu) -> 64(gelu) -> 256 -> 64(silu) -> 64(gelu) -> 64(relu) -> 32(gelu) -> 128(silu) -> 1,mse,adam_213,20,32,9.0536,18136.59765625,2120.792724609375,2120.792724609375,0.9348244071006775,0.7,57889
2026-09-14 12:32:18,multi_optuna_model.py,"(7620, 13)",90,Optuna_Trial_214,Dense 128(gelu) -> 32(gelu) -> 32(gelu) -> 64(gelu) -> 256(silu) -> 256(silu) -> 64(silu) -> 128(gelu) -> 1,mse,adam_214,20,32,10.3776,13957.9873046875,2099.37744140625,2099.37744140625,0.9354825615882874,0.7,116417
2026-09-14 12:32:27,multi_optuna_model.py,"(7620, 13)",90,Optuna_Trial_215,Dense 128(gelu) -> 64 -> 128(gelu) -> 32 -> 64(gelu) -> 64(relu) -> 64(relu) -> 128(silu) -> 1,mse,adam_215,20,32,8.667,16961.607421875,2095.22314453125,2095.22314453125,0.9356102347373962,0.7,41377
2026-09-14 12:32:37,multi_optuna_model.py,"(7620, 13)",90,Optuna_Trial_216,Dense 32(relu) -> 256(silu) -> 128 -> 32(silu) -> 32(gelu) -> 64(relu) -> 32(gelu) -> 128(silu) -> 1,mse,adam_216,20,32,9.5767,19893.501953125,2349.495361328125,2349.495361328125,0.9277960062026978,0.7,55521
2026-09-14 12:32:48,multi_optuna_model.py,"(7620, 13)",90,Optuna_Trial_217,Dense 128 -> 32(silu) -> 256(gelu) -> 256(gelu) -> 128 -> 32(silu) -> 32(silu) -> 128(silu) -> 1,mse,adam_217,20,32,10.8723,14577.5029296875,2639.1396484375,2639.1396484375,0.9188947677612305,0.7,122593
2026-09-14 12:32:58,multi_optuna_model.py,"(7620, 13)",90,Optuna_Trial_218,Dense 128(relu) -> 256(silu) -> 128 -> 32(silu) -> 64 -> 64 -> 32(gelu) -> 128(silu) -> 1,mse,adam_218,20,32,9.5537,18120.86328125,1955.62548828125,1955.62548828125,0.939900279045105,0.7,84545
2026-09-14 12:33:08,multi_optuna_model.py,"(7620, 13)",90,Optuna_Trial_219,Dense 128(relu) -> 256(silu) -> 128 -> 32(silu) -> 64 -> 64 -> 32(gelu) -> 128(silu) -> 1,mse,adam_219,20,32,9.4064,18587.2109375,2294.074462890625,2294.074462890625,0.9294992089271545,0.7,84545
2026-09-14 12:33:20,multi_optuna_model.py,"(7620, 13)",90,Optuna_Trial_220,Dense 256(gelu) -> 256(silu) -> 256(gelu) -> 128(silu) -> 64 -> 128(gelu) -> 64(relu) -> 32 -> 1,mse,adam_220,20,32,11.5781,15151.0693359375,2390.755126953125,2390.755126953125,0.9265280365943909,0.7,195009
2026-09-14 12:33:31,multi_optuna_model.py,"(7620, 13)",90,Optuna_Trial_221,Dense 256(relu) -> 64 -> 256(silu) -> 32(relu) -> 64 -> 64(gelu) -> 256 -> 256(silu) -> 1,mse,adam_221,20,32,9.8285,15519.6005859375,2413.09765625,2413.09765625,0.9258413910865784,0.7,133857
2026-09-14 12:33:42,multi_optuna_model.py,"(7620, 13)",90,Optuna_Trial_222,Dense 128 -> 32(silu) -> 256(silu) -> 256(gelu) -> 128 -> 256(relu) -> 128(relu) -> 128(silu) -> 1,mse,adam_222,20,32,11.0209,16543.70703125,2053.961181640625,2053.961181640625,0.9368782639503479,0.7,195617
2026-09-14 12:33:52,multi_optuna_model.py,"(7620, 13)",90,Optuna_Trial_223,Dense 128(gelu) -> 128(relu) -> 128(silu) -> 32(silu) -> 32 -> 32(relu) -> 32(relu) -> 64(gelu) -> 1,mse,adam_223,20,32,9.0213,18798.12890625,2235.995361328125,2235.995361328125,0.9312840700149536,0.7,44289
2026-09-14 12:34:04,multi_optuna_model.py,"(7620, 13)",90,Optuna_Trial_224,Dense 128(silu) -> 32(silu) -> 256(silu) -> 32(gelu) -> 256(silu) -> 256(silu) -> 128(silu) -> 128(silu) -> 1,mse,adam_224,20,32,11.9404,15280.2412109375,2626.082275390625,2626.082275390625,0.9192960262298584,0.7,146369
2026-09-14 12:34:13,multi_optuna_model.py,"(7620, 13)",90,Optuna_Trial_225,Dense 128(gelu) -> 32(silu) -> 128(silu) -> 32 -> 32(gelu) -> 32(relu) -> 32(gelu) -> 64(gelu) -> 1,mse,adam_225,20,32,8.7442,17213.384765625,2011.8375244140625,2011.8375244140625,0.9381728172302246,0.7,19617
2026-09-14 12:34:22,multi_optuna_model.py,"(7620, 13)",90,Optuna_Trial_226,Dense 128(gelu) -> 32(silu) -> 128 -> 32 -> 32(gelu) -> 32(silu) -> 32(gelu) -> 64(gelu) -> 1,mse,adam_226,20,32,8.6965,18208.203125,2195.546875,2195.546875,0.9325271248817444,0.7,19617
2026-09-14 12:34:34,multi_optuna_model.py,"(7620, 13)",90,Optuna_Trial_227,Dense 128(gelu) -> 32(gelu) -> 32(gelu) -> 256(gelu) -> 256 -> 256(silu) -> 256(silu) -> 128 -> 1,mse,adam_227,20,32,11.1958,14914.322265625,2481.1142578125,2481.1142578125,0.923751175403595,0.7,245825
2026-09-14 12:34:43,multi_optuna_model.py,"(7620, 13)",90,Optuna_Trial_228,Dense 128(silu) -> 32(silu) -> 128(silu) -> 32 -> 32(gelu) -> 32(relu) -> 32(gelu) -> 64(gelu) -> 1,mse,adam_228,20,32,9.1065,18984.552734375,2025.5753173828125,2025.5753173828125,0.9377506375312805,0.7,19617
2026-09-14 12:34:54,multi_optuna_model.py,"(7620, 13)",90,Optuna_Trial_229,Dense 256 -> 64(silu) -> 256(gelu) -> 64(silu) -> 64 -> 128(relu) -> 64(relu) -> 32(silu) -> 1,mse,adam_229,20,32,9.7648,13734.384765625,2400.51806640625,2400.51806640625,0.9262279868125916,0.7,75969
2026-09-14 12:35:04,multi_optuna_model.py,"(7620, 13)",90,Optuna_Trial_230,Dense 256(silu) -> 64(silu) -> 256(gelu) -> 32(relu) -> 64 -> 256 -> 128(silu) -> 32(silu) -> 1,mse,adam_230,20,32,10.48,16946.478515625,2055.1904296875,2055.1904296875,0.9368405342102051,0.7,100705
2026-09-14 12:35:14,multi_optuna_model.py,"(7620, 13)",90,Optuna_Trial_231,Dense 128(gelu) -> 64(silu) -> 128 -> 32(silu) -> 64(gelu) -> 64(relu) -> 32(gelu) -> 128(silu) -> 1,mse,adam_231,20,32,9.3375,16974.533203125,2188.8173828125,2188.8173828125,0.9327338933944702,0.7,35201
2026-09-14 12:35:25,multi_optuna_model.py,"(7620, 13)",90,Optuna_Trial_232,Dense 128(gelu) -> 32(silu) -> 128(silu) -> 32(silu) -> 64(gelu) -> 32(relu) -> 32 -> 64(gelu) -> 1,mse,adam_232,20,32,9.9348,16845.392578125,2091.314208984375,2091.314208984375,0.9357303380966187,0.7,21697
2026-09-14 12:35:35,multi_optuna_model.py,"(7620, 13)",90,Optuna_Trial_233,Dense 128(gelu) -> 32(silu) -> 64(silu) -> 128 -> 32(gelu) -> 32(relu) -> 32(gelu) -> 64(silu) -> 1,mse,adam_233,20,32,9.5587,18519.873046875,2121.197265625,2121.197265625,0.9348120093345642,0.7,24769
2026-09-14 12:35:47,multi_optuna_model.py,"(7620, 13)",90,Optuna_Trial_234,Dense 128 -> 32(silu) -> 256(gelu) -> 256(silu) -> 128 -> 256(silu) -> 128(silu) -> 64(silu) -> 1,mse,adam_234,20,32,12.2313,14713.4326171875,1975.18896484375,1975.18896484375,0.9392991065979004,0.7,187297
2026-09-14 12:36:00,multi_optuna_model.py,"(7620, 13)",90,Optuna_Trial_235,Dense 128 -> 32(silu) -> 256(gelu) -> 256(silu) -> 128 -> 256(silu) -> 128(silu) -> 64(silu) -> 1,mse,adam_235,20,32,12.496,14755.6337890625,2058.45556640625,2058.45556640625,0.9367402195930481,0.7,187297
2026-09-14 12:36:15,multi_optuna_model.py,"(7620, 13)",90,Optuna_Trial_236,Dense 256(silu) -> 64(silu) -> 256(gelu) -> 128(relu) -> 32 -> 256 -> 128(gelu) -> 128(silu) -> 1,mse,adam_236,20,32,14.2548,14894.5234375,2147.17236328125,2147.17236328125,0.9340137839317322,0.7,131681
2026-09-14 12:36:28,multi_optuna_model.py,"(7620, 13)",90,Optuna_Trial_237,Dense 128(gelu) -> 32(silu) -> 64(silu) -> 256(relu) -> 256 -> 256(silu) -> 128(silu) -> 128(silu) -> 1,mse,adam_237,20,32,12.1375,21946.255859375,2264.540771484375,2264.540771484375,0.9304068088531494,0.7,205793
2026-09-14 12:37:19,multi_optuna_model.py,"(7620, 13)",90,Optuna_Trial_238,Dense 256(relu) -> 64(silu) -> 256(gelu) -> 128(silu) -> 256 -> 128 -> 128(relu) -> 64(relu) -> 1,mse,adam_238,20,32,48.0369,16128.6904296875,2099.124755859375,2099.124755859375,0.9354903697967529,0.7,160321
2026-09-14 12:40:27,multi_optuna_model.py,"(7620, 13)",90,Optuna_Trial_239,Dense 128(gelu) -> 32(silu) -> 32(silu) -> 32(gelu) -> 32(gelu) -> 32(relu) -> 32(gelu) -> 32(gelu) -> 1,mse,adam_239,20,32,185.2983,18192.697265625,2077.245361328125,2077.245361328125,0.9361627101898193,0.7,12289
2026-09-14 12:42:59,multi_optuna_model.py,"(7620, 13)",90,Optuna_Trial_240,Dense 256(silu) -> 32(silu) -> 256(gelu) -> 128(silu) -> 256 -> 128 -> 128(relu) -> 32 -> 1,mse,adam_240,20,32,148.222,15098.259765625,2317.21484375,2317.21484375,0.9287880659103394,0.7,139745
2026-09-14 12:45:54,multi_optuna_model.py,"(7620, 13)",90,Optuna_Trial_241,Dense 256 -> 64(silu) -> 256(silu) -> 128(silu) -> 64 -> 256(gelu) -> 32 -> 64(silu) -> 1,mse,adam_241,20,32,169.0305,14430.93359375,2275.299560546875,2275.299560546875,0.9300761818885803,0.7,104865
2026-09-14 12:49:04,multi_optuna_model.py,"(7620, 13)",90,Optuna_Trial_242,Dense 256(silu) -> 256(silu) -> 256(silu) -> 32(silu) -> 64 -> 256(gelu) -> 64(gelu) -> 64(gelu) -> 1,mse,adam_242,20,32,185.2366,14149.337890625,2138.631591796875,2138.631591796875,0.9342762231826782,0.7,182817
2026-09-14 12:49:32,multi_optuna_model.py,"(7620, 13)",90,Optuna_Trial_243,Dense 128(gelu) -> 64(silu) -> 128(silu) -> 32 -> 32(relu) -> 128(relu) -> 32(gelu) -> 64(gelu) -> 1,mse,adam_243,20,32,26.6895,15688.5107421875,2070.32080078125,2070.32080078125,0.9363755583763123,0.7,34081
2026-09-14 12:49:44,multi_optuna_model.py,"(7620, 13)",90,Optuna_Trial_244,Dense 256(relu) -> 32(gelu) -> 32(gelu) -> 256(gelu) -> 256 -> 256(silu) -> 128(silu) -> 128(silu) -> 1,mse,adam_244,20,32,11.3277,16771.236328125,2291.634521484375,2291.634521484375,0.929574191570282,0.7,202433
2026-09-14 12:49:54,multi_optuna_model.py,"(7620, 13)",90,Optuna_Trial_245,Dense 128(gelu) -> 32(silu) -> 128(silu) -> 256 -> 32(gelu) -> 128(relu) -> 64(gelu) -> 256(gelu) -> 1,mse,adam_245,20,32,9.8718,15764.09765625,2191.1923828125,2191.1923828125,0.9326609373092651,0.7,80769
2026-09-14 12:50:03,multi_optuna_model.py,"(7620, 13)",90,Optuna_Trial_246,Dense 128(gelu) -> 32(silu) -> 128(silu) -> 32 -> 32(relu) -> 32(relu) -> 32(gelu) -> 32(silu) -> 1,mse,adam_246,20,32,9.0207,16317.83984375,2413.667236328125,2413.667236328125,0.9258239269256592,0.7,18529
2026-09-14 12:50:15,multi_optuna_model.py,"(7620, 13)",90,Optuna_Trial_247,Dense 128(gelu) -> 32(silu) -> 32(silu) -> 256(gelu) -> 256 -> 256(silu) -> 64 -> 128(gelu) -> 1,mse,adam_247,20,32,11.1412,16988.03125,2079.155029296875,2079.155029296875,0.9361040592193604,0.7,171905
2026-09-14 12:50:26,multi_optuna_model.py,"(7620, 13)",90,Optuna_Trial_248,Dense 128(silu) -> 64(silu) -> 256(silu) -> 32(silu) -> 64 -> 256(gelu) -> 32(gelu) -> 256(silu) -> 1,mse,adam_248,20,32,10.8407,20534.458984375,2477.05615234375,2477.05615234375,0.9238758683204651,0.7,70593
2026-09-14 12:50:36,multi_optuna_model.py,"(7620, 13)",90,Optuna_Trial_249,Dense 256(silu) -> 64(silu) -> 256 -> 32(silu) -> 64 -> 256 -> 32(gelu) -> 64 -> 1,mse,adam_249,20,32,9.2036,16730.533203125,2443.95751953125,2443.95751953125,0.9248930811882019,0.7,74049
2026-09-14 12:50:46,multi_optuna_model.py,"(7620, 13)",90,Optuna_Trial_250,Dense 128(gelu) -> 128(silu) -> 128(silu) -> 32(silu) -> 128(gelu) -> 128(relu) -> 32(relu) -> 64(gelu) -> 1,mse,adam_250,20,32,9.7897,15597.796875,2199.570556640625,2199.570556640625,0.9324034452438354,0.7,65985
2026-09-14 12:50:55,multi_optuna_model.py,"(7620, 13)",90,Optuna_Trial_251,Dense 128(gelu) -> 32(relu) -> 256(silu) -> 32 -> 32(gelu) -> 64(relu) -> 32(gelu) -> 64(gelu) -> 1,mse,adam_251,20,32,8.6046,19450.84765625,2304.880126953125,2304.880126953125,0.9291671514511108,0.7,30017
2026-09-14 12:51:06,multi_optuna_model.py,"(7620, 13)",90,Optuna_Trial_252,Dense 128(gelu) -> 32(gelu) -> 256(silu) -> 256(gelu) -> 32 -> 256(silu) -> 32(silu) -> 128(silu) -> 1,mse,adam_252,20,32,10.9548,18319.994140625,2500.236328125,2500.236328125,0.9231634736061096,0.7,109409
2026-09-14 12:51:18,multi_optuna_model.py,"(7620, 13)",90,Optuna_Trial_253,Dense 128(gelu) -> 32(gelu) -> 32(silu) -> 256 -> 256 -> 256(silu) -> 128(silu) -> 64(silu) -> 1,mse,adam_253,20,32,11.2051,14117.87109375,2231.538818359375,2231.538818359375,0.9314210414886475,0.7,188225
2026-09-14 12:51:27,multi_optuna_model.py,"(7620, 13)",90,Optuna_Trial_254,Dense 128(gelu) -> 128(silu) -> 128(silu) -> 32 -> 128(gelu) -> 32 -> 32(relu) -> 64(relu) -> 1,mse,adam_254,20,32,9.1464,16029.703125,2108.280517578125,2108.280517578125,0.9352089166641235,0.7,50529
2026-09-14 12:51:37,multi_optuna_model.py,"(7620, 13)",90,Optuna_Trial_255,Dense 128(gelu) -> 128(silu) -> 64(silu) -> 32 -> 32 -> 32(gelu) -> 32(relu) -> 64(gelu) -> 1,mse,adam_255,20,32,9.0573,17637.5390625,2283.631103515625,2283.631103515625,0.92982017993927,0.7,33985
2026-09-14 12:51:48,multi_optuna_model.py,"(7620, 13)",90,Optuna_Trial_256,Dense 256(silu) -> 64 -> 256(gelu) -> 128(gelu) -> 256 -> 128 -> 128(relu) -> 32(silu) -> 1,mse,adam_256,20,32,10.4725,13917.6884765625,2258.49658203125,2258.49658203125,0.9305925965309143,0.7,156161
2026-09-14 12:52:00,multi_optuna_model.py,"(7620, 13)",90,Optuna_Trial_257,Dense 128(gelu) -> 128(gelu) -> 64(gelu) -> 256(gelu) -> 256 -> 256(silu) -> 128(silu) -> 128 -> 1,mse,adam_257,20,32,11.1975,13340.97265625,2204.858642578125,2204.858642578125,0.9322409629821777,0.7,224321
2026-09-14 12:52:12,multi_optuna_model.py,"(7620, 13)",90,Optuna_Trial_258,Dense 128(relu) -> 32(silu) -> 256(silu) -> 256(silu) -> 256 -> 256(silu) -> 128(silu) -> 128(silu) -> 1,mse,adam_258,20,32,12.1954,14939.6015625,2463.490234375,2463.490234375,0.9242927432060242,0.7,261281
2026-09-14 12:52:21,multi_optuna_model.py,"(7620, 13)",90,Optuna_Trial_259,Dense 128 -> 32(relu) -> 32 -> 32(silu) -> 64(gelu) -> 64(relu) -> 32(relu) -> 128(relu) -> 1,mse,adam_259,20,32,8.0816,17959.884765625,2548.924560546875,2548.924560546875,0.921667218208313,0.7,20737
2026-09-14 12:52:30,multi_optuna_model.py,"(7620, 13)",90,Optuna_Trial_260,Dense 128(gelu) -> 64 -> 128(silu) -> 32(silu) -> 64(gelu) -> 32(relu) -> 32(relu) -> 64 -> 1,mse,adam_260,20,32,8.8509,18352.28125,3037.933349609375,3037.933349609375,0.9066391587257385,0.7,29921
2026-09-14 12:52:43,multi_optuna_model.py,"(7620, 13)",90,Optuna_Trial_261,Dense 128 -> 128(silu) -> 256(gelu) -> 256(gelu) -> 128 -> 256(silu) -> 128(gelu) -> 128(silu) -> 1,mse,adam_261,20,32,12.0227,13605.6865234375,2574.3203125,2574.3203125,0.920886754989624,0.7,232577
2026-09-14 12:52:55,multi_optuna_model.py,"(7620, 13)",90,Optuna_Trial_262,Dense 128 -> 32(silu) -> 256(gelu) -> 256(gelu) -> 128(silu) -> 256(silu) -> 64(relu) -> 128(silu) -> 1,mse,adam_262,20,32,11.7042,15468.7646484375,2113.215087890625,2113.215087890625,0.9350573420524597,0.7,170977
2026-09-14 12:53:04,multi_optuna_model.py,"(7620, 13)",90,Optuna_Trial_263,Dense 128 -> 32(gelu) -> 32(gelu) -> 256(gelu) -> 64 -> 256(silu) -> 128(relu) -> 128 -> 1,mse,adam_263,20,32,9.1837,14085.0224609375,2454.3935546875,2454.3935546875,0.9245722889900208,0.7,98049
2026-09-14 12:53:13,multi_optuna_model.py,"(7620, 13)",90,Optuna_Trial_264,Dense 256(relu) -> 32(silu) -> 32 -> 32(silu) -> 64(gelu) -> 64(gelu) -> 32(relu) -> 32(relu) -> 1,mse,adam_264,20,32,8.5691,19395.484375,1875.9488525390625,1875.9488525390625,0.9423488974571228,0.7,23361
2026-09-14 12:53:25,multi_optuna_model.py,"(7620, 13)",90,Optuna_Trial_265,Dense 128 -> 32(silu) -> 256(gelu) -> 256(gelu) -> 32 -> 256(gelu) -> 128(silu) -> 128(silu) -> 1,mse,adam_265,20,32,11.5406,15392.3837890625,2502.8916015625,2502.8916015625,0.9230818748474121,0.7,146369
2026-09-14 12:53:35,multi_optuna_model.py,"(7620, 13)",90,Optuna_Trial_266,Dense 256(relu) -> 32(silu) -> 32 -> 32(silu) -> 64(silu) -> 64(gelu) -> 32(relu) -> 32(relu) -> 1,mse,adam_266,20,32,8.9194,17188.271484375,2355.058837890625,2355.058837890625,0.9276250600814819,0.7,23361
2026-09-14 12:53:45,multi_optuna_model.py,"(7620, 13)",90,Optuna_Trial_267,Dense 128(gelu) -> 64(silu) -> 128(relu) -> 128(relu) -> 64(gelu) -> 64(relu) -> 256(relu) -> 128(silu) -> 1,mse,adam_267,20,32,9.5139,16400.751953125,2262.915771484375,2262.915771484375,0.9304567575454712,0.7,96961
2026-09-14 12:53:57,multi_optuna_model.py,"(7620, 13)",90,Optuna_Trial_268,Dense 128(gelu) -> 32(silu) -> 256(gelu) -> 256(gelu) -> 256 -> 256(silu) -> 128(silu) -> 128(silu) -> 1,mse,adam_268,20,32,12.448,14946.439453125,2236.90576171875,2236.90576171875,0.9312560558319092,0.7,261281
2026-09-14 12:54:07,multi_optuna_model.py,"(7620, 13)",90,Optuna_Trial_269,Dense 256(relu) -> 32(silu) -> 32 -> 32(silu) -> 64(gelu) -> 64(relu) -> 32(relu) -> 128(gelu) -> 1,mse,adam_269,20,32,8.8191,18337.931640625,2073.996826171875,2073.996826171875,0.9362625479698181,0.7,26625
2026-09-14 12:54:17,multi_optuna_model.py,"(7620, 13)",90,Optuna_Trial_270,Dense 128(gelu) -> 32(gelu) -> 32(silu) -> 256 -> 256 -> 256(relu) -> 32(silu) -> 128(gelu) -> 1,mse,adam_270,20,32,10.4688,15071.890625,2694.538330078125,2694.538330078125,0.917192280292511,0.7,159585
2026-09-14 12:54:28,multi_optuna_model.py,"(7620, 13)",90,Optuna_Trial_271,Dense 128(relu) -> 128(gelu) -> 32(silu) -> 32(gelu) -> 256 -> 256(silu) -> 64(silu) -> 128(gelu) -> 1,mse,adam_271,20,32,10.4372,16199.4638671875,2529.753662109375,2529.753662109375,0.922256350517273,0.7,122625
2026-09-14 12:54:38,multi_optuna_model.py,"(7620, 13)",90,Optuna_Trial_272,Dense 128(relu) -> 256(silu) -> 32 -> 32 -> 64(gelu) -> 64(relu) -> 32(relu) -> 128(relu) -> 1,mse,adam_272,20,32,8.8234,19639.384765625,3020.770263671875,3020.770263671875,0.907166600227356,0.7,56801
2026-09-14 12:54:49,multi_optuna_model.py,"(7620, 13)",90,Optuna_Trial_273,Dense 128(gelu) -> 32(silu) -> 256(silu) -> 128(gelu) -> 128 -> 256(silu) -> 128(silu) -> 32(silu) -> 1,mse,adam_273,20,32,11.123,16214.1259765625,2346.24853515625,2346.24853515625,0.9278957843780518,0.7,133857
2026-09-14 12:54:59,multi_optuna_model.py,"(7620, 13)",90,Optuna_Trial_274,Dense 128(gelu) -> 64(silu) -> 128(relu) -> 32 -> 64(gelu) -> 64(silu) -> 32(relu) -> 128 -> 1,mse,adam_274,20,32,8.9703,16222.322265625,2298.495361328125,2298.495361328125,0.9293633699417114,0.7,35201
2026-09-14 12:55:08,multi_optuna_model.py,"(7620, 13)",90,Optuna_Trial_275,Dense 128(relu) -> 64(silu) -> 32 -> 32(silu) -> 32(relu) -> 64(relu) -> 32(gelu) -> 128(silu) -> 1,mse,adam_275,20,32,9.0204,18173.337890625,2199.093017578125,2199.093017578125,0.9324181079864502,0.7,22785
2026-09-14 12:55:19,multi_optuna_model.py,"(7620, 13)",90,Optuna_Trial_276,Dense 256(silu) -> 64(silu) -> 64(gelu) -> 128(silu) -> 128 -> 128 -> 128(relu) -> 32(silu) -> 1,mse,adam_276,20,32,10.0047,15136.8564453125,2875.6611328125,2875.6611328125,0.9116260409355164,0.7,86209
2026-09-14 12:55:31,multi_optuna_model.py,"(7620, 13)",90,Optuna_Trial_277,Dense 128 -> 32(gelu) -> 256(gelu) -> 256(gelu) -> 128(gelu) -> 256(silu) -> 128(silu) -> 128(silu) -> 1,mse,adam_277,20,32,11.8177,13196.2373046875,2205.105224609375,2205.105224609375,0.9322333931922913,0.7,195617
2026-09-14 12:55:43,multi_optuna_model.py,"(7620, 13)",90,Optuna_Trial_278,Dense 128(gelu) -> 64(gelu) -> 32(silu) -> 256(gelu) -> 256(relu) -> 256(silu) -> 64(silu) -> 128(gelu) -> 1,mse,adam_278,20,32,11.4388,14899.296875,1899.8326416015625,1899.8326416015625,0.9416149258613586,0.7,177057
2026-09-14 12:55:54,multi_optuna_model.py,"(7620, 13)",90,Optuna_Trial_279,Dense 32(gelu) -> 64(gelu) -> 32 -> 256(gelu) -> 256(relu) -> 256(silu) -> 64(silu) -> 128(gelu) -> 1,mse,adam_279,20,32,10.8189,18261.703125,2237.44775390625,2237.44775390625,0.9312394261360168,0.7,169569
2026-09-14 12:56:04,multi_optuna_model.py,"(7620, 13)",90,Optuna_Trial_280,Dense 256(relu) -> 64(gelu) -> 256(silu) -> 32(relu) -> 64 -> 64(gelu) -> 128 -> 32(silu) -> 1,mse,adam_280,20,32,9.1617,15425.3125,2146.15234375,2146.15234375,0.9340450763702393,0.7,63649
2026-09-14 12:56:13,multi_optuna_model.py,"(7620, 13)",90,Optuna_Trial_281,Dense 128(gelu) -> 64(silu) -> 32 -> 32(silu) -> 64(gelu) -> 64(relu) -> 128(relu) -> 128(gelu) -> 1,mse,adam_281,20,32,9.1595,16422.451171875,2224.835205078125,2224.835205078125,0.9316270351409912,0.7,44417
2026-09-14 12:56:25,multi_optuna_model.py,"(7620, 13)",90,Optuna_Trial_282,Dense 128(gelu) -> 64(gelu) -> 32(silu) -> 256(gelu) -> 256(relu) -> 256(silu) -> 64(silu) -> 128(relu) -> 1,mse,adam_282,20,32,11.2181,15224.70703125,2105.773681640625,2105.773681640625,0.9352859854698181,0.7,177057
2026-09-14 12:56:37,multi_optuna_model.py,"(7620, 13)",90,Optuna_Trial_283,Dense 128(gelu) -> 128(gelu) -> 32(silu) -> 256(gelu) -> 256(relu) -> 128(silu) -> 64(silu) -> 128(gelu) -> 1,mse,adam_283,20,32,11.298,13778.65234375,2194.110107421875,2194.110107421875,0.932571291923523,0.7,146273
2026-09-14 12:56:50,multi_optuna_model.py,"(7620, 13)",90,Optuna_Trial_284,Dense 128(relu) -> 32(silu) -> 256 -> 32(silu) -> 128(gelu) -> 64(relu) -> 32 -> 128(relu) -> 1,mse,adam_284,20,32,13.0168,17695.07421875,2087.5244140625,2087.5244140625,0.9358468651771545,0.7,41505
2026-09-14 12:56:59,multi_optuna_model.py,"(7620, 13)",90,Optuna_Trial_285,Dense 128(gelu) -> 64(silu) -> 32 -> 32(relu) -> 64(gelu) -> 64(relu) -> 32(silu) -> 128(relu) -> 1,mse,adam_285,20,32,8.787,18789.447265625,2038.3499755859375,2038.3499755859375,0.937358021736145,0.7,25889
2026-09-14 12:57:10,multi_optuna_model.py,"(7620, 13)",90,Optuna_Trial_286,Dense 256(silu) -> 64(silu) -> 32(gelu) -> 128(silu) -> 64 -> 128(gelu) -> 32(silu) -> 32(silu) -> 1,mse,adam_286,20,32,10.4875,15157.404296875,1929.287841796875,1929.287841796875,0.9407097101211548,0.7,48129
2026-09-14 12:57:20,multi_optuna_model.py,"(7620, 13)",90,Optuna_Trial_287,Dense 256(relu) -> 64(gelu) -> 256(silu) -> 32(gelu) -> 64(silu) -> 64(relu) -> 32 -> 64(silu) -> 1,mse,adam_287,20,32,9.4332,17866.005859375,2136.34033203125,2136.34033203125,0.934346616268158,0.7,55425
2026-09-14 12:57:31,multi_optuna_model.py,"(7620, 13)",90,Optuna_Trial_288,Dense 256(silu) -> 64(gelu) -> 32(gelu) -> 128(silu) -> 256 -> 128(gelu) -> 32(silu) -> 32(silu) -> 1,mse,adam_288,20,32,10.7815,14864.2861328125,2017.713623046875,2017.713623046875,0.9379922151565552,0.7,97473
2026-09-14 12:57:42,multi_optuna_model.py,"(7620, 13)",90,Optuna_Trial_289,Dense 256(silu) -> 64(silu) -> 128(gelu) -> 128(silu) -> 64 -> 128(gelu) -> 32(relu) -> 32(silu) -> 1,mse,adam_289,20,32,10.3254,15703.3798828125,3041.397216796875,3041.397216796875,0.9065327048301697,0.7,66657
2026-09-14 12:57:52,multi_optuna_model.py,"(7620, 13)",90,Optuna_Trial_290,Dense 128 -> 128(silu) -> 128(silu) -> 32(silu) -> 64(gelu) -> 32(relu) -> 32(relu) -> 32(gelu) -> 1,mse,adam_290,20,32,9.3631,18427.0859375,2234.638916015625,2234.638916015625,0.9313257336616516,0.7,45281
2026-09-14 12:58:04,multi_optuna_model.py,"(7620, 13)",90,Optuna_Trial_291,Dense 128 -> 32(gelu) -> 32(gelu) -> 256(gelu) -> 256 -> 256(gelu) -> 128(silu) -> 64(silu) -> 1,mse,adam_291,20,32,11.2838,14438.5791015625,2288.077392578125,2288.077392578125,0.9296835064888,0.7,188225
2026-09-14 12:58:14,multi_optuna_model.py,"(7620, 13)",90,Optuna_Trial_292,Dense 256(silu) -> 64(silu) -> 32(gelu) -> 128(silu) -> 64 -> 128(relu) -> 32(silu) -> 32(silu) -> 1,mse,adam_292,20,32,10.1223,16049.7119140625,2176.73828125,2176.73828125,0.9331051111221313,0.7,48129
2026-09-14 12:58:25,multi_optuna_model.py,"(7620, 13)",90,Optuna_Trial_293,Dense 32(gelu) -> 64(silu) -> 256(gelu) -> 128(silu) -> 64 -> 128(gelu) -> 64(relu) -> 128(silu) -> 1,mse,adam_293,20,32,10.4291,19204.61328125,2517.4912109375,2517.4912109375,0.9226332306861877,0.7,85377
2026-09-14 12:58:37,multi_optuna_model.py,"(7620, 13)",90,Optuna_Trial_294,Dense 256(silu) -> 128(silu) -> 256(gelu) -> 32(silu) -> 256 -> 128(relu) -> 128(relu) -> 32(silu) -> 1,mse,adam_294,20,32,11.1944,13982.90234375,2398.04345703125,2398.04345703125,0.926304042339325,0.7,139745
2026-09-14 12:58:47,multi_optuna_model.py,"(7620, 13)",90,Optuna_Trial_295,Dense 32(silu) -> 64(silu) -> 256 -> 32(silu) -> 32 -> 256(gelu) -> 32(gelu) -> 64(silu) -> 1,mse,adam_295,20,32,10.0195,18882.73046875,2944.490234375,2944.490234375,0.9095107913017273,0.7,47329
2026-09-14 12:58:58,multi_optuna_model.py,"(7620, 13)",90,Optuna_Trial_296,Dense 256(silu) -> 32(silu) -> 32(gelu) -> 128(silu) -> 64 -> 128(gelu) -> 32(silu) -> 32(gelu) -> 1,mse,adam_296,20,32,9.9401,16806.52734375,2341.796630859375,2341.796630859375,0.928032636642456,0.7,38881
2026-09-14 12:59:08,multi_optuna_model.py,"(7620, 13)",90,Optuna_Trial_297,Dense 128(gelu) -> 64(gelu) -> 256(gelu) -> 128(silu) -> 256 -> 128 -> 128(relu) -> 32(silu) -> 1,mse,adam_297,20,32,10.4275,17294.828125,2453.310791015625,2453.310791015625,0.9246056079864502,0.7,146177
2026-09-14 12:59:18,multi_optuna_model.py,"(7620, 13)",90,Optuna_Trial_298,Dense 256(relu) -> 32(silu) -> 256 -> 32(silu) -> 64(gelu) -> 64(gelu) -> 32(silu) -> 32(relu) -> 1,mse,adam_298,20,32,9.4027,17077.958984375,2041.341552734375,2041.341552734375,0.9372661113739014,0.7,37921
2026-09-14 12:59:28,multi_optuna_model.py,"(7620, 13)",90,Optuna_Trial_299,Dense 128(gelu) -> 256(silu) -> 64(silu) -> 32(silu) -> 64(gelu) -> 32(relu) -> 32(relu) -> 64(gelu) -> 1,mse,adam_299,20,32,9.7086,17238.01171875,2217.091064453125,2217.091064453125,0.9318650364875793,0.7,60769
2026-09-14 12:59:39,multi_optuna_model.py,"(7620, 13)",90,Optuna_Trial_300,Dense 32(silu) -> 128(silu) -> 32(silu) -> 32(silu) -> 64 -> 256(gelu) -> 32(gelu) -> 64(silu) -> 1,mse,adam_300,20,32,10.5121,19025.580078125,2054.296630859375,2054.296630859375,0.9368680119514465,0.7,39009
2026-09-14 12:59:50,multi_optuna_model.py,"(7620, 13)",90,Optuna_Trial_301,Dense 32(gelu) -> 32(gelu) -> 32(gelu) -> 256(gelu) -> 64 -> 256(silu) -> 128(silu) -> 128(silu) -> 1,mse,adam_301,20,32,10.2165,23399.24609375,2392.79296875,2392.79296875,0.9264653921127319,0.7,93633
2026-09-14 13:00:01,multi_optuna_model.py,"(7620, 13)",90,Optuna_Trial_302,Dense 128(gelu) -> 32(gelu) -> 32 -> 256(gelu) -> 128 -> 256(gelu) -> 64(silu) -> 128(gelu) -> 1,mse,adam_302,20,32,10.1605,14411.103515625,2173.47265625,2173.47265625,0.9332054853439331,0.7,106241
2026-09-14 13:00:11,multi_optuna_model.py,"(7620, 13)",90,Optuna_Trial_303,Dense 128(gelu) -> 128(silu) -> 128(silu) -> 32(gelu) -> 64(silu) -> 32(relu) -> 32(relu) -> 64(gelu) -> 1,mse,adam_303,20,32,9.5823,17017.67578125,2062.593017578125,2062.593017578125,0.9366130232810974,0.7,46369
2026-09-14 13:00:20,multi_optuna_model.py,"(7620, 13)",90,Optuna_Trial_304,Dense 128(relu) -> 32 -> 64(silu) -> 32(silu) -> 64(gelu) -> 64(relu) -> 32(relu) -> 128(relu) -> 1,mse,adam_304,20,32,8.5292,19289.25,2070.66162109375,2070.66162109375,0.9363650679588318,0.7,22817
2026-09-14 13:00:28,multi_optuna_model.py,"(7620, 13)",90,Optuna_Trial_305,Dense 256(relu) -> 32(silu) -> 32 -> 64 -> 64(gelu) -> 64(gelu) -> 32(relu) -> 32(relu) -> 1,mse,adam_305,20,32,8.3189,18033.0,2380.813720703125,2380.813720703125,0.9268335700035095,0.7,26465
2026-09-14 13:00:39,multi_optuna_model.py,"(7620, 13)",90,Optuna_Trial_306,Dense 128(relu) -> 256(gelu) -> 256(silu) -> 32(relu) -> 32 -> 64(gelu) -> 32 -> 64(silu) -> 1,mse,adam_306,20,32,10.2529,16076.1826171875,1950.0799560546875,1950.0799560546875,0.9400707483291626,0.7,116257
2026-09-14 13:00:49,multi_optuna_model.py,"(7620, 13)",90,Optuna_Trial_307,Dense 128(relu) -> 256(gelu) -> 256(silu) -> 32(gelu) -> 32 -> 64(gelu) -> 32 -> 64 -> 1,mse,adam_307,20,32,9.7596,16071.5595703125,2070.814208984375,2070.814208984375,0.9363603591918945,0.7,116257
2026-09-14 13:01:01,multi_optuna_model.py,"(7620, 13)",90,Optuna_Trial_308,Dense 64 -> 32(relu) -> 256(gelu) -> 256(gelu) -> 128 -> 256(silu) -> 128(relu) -> 128(silu) -> 1,mse,adam_308,20,32,11.1467,14698.5625,2364.857666015625,2364.857666015625,0.9273239374160767,0.7,192673
2026-09-14 13:01:11,multi_optuna_model.py,"(7620, 13)",90,Optuna_Trial_309,Dense 256(relu) -> 32(silu) -> 64 -> 128(silu) -> 64(gelu) -> 64(gelu) -> 32(relu) -> 32(silu) -> 1,mse,adam_309,20,32,9.3473,17080.626953125,2616.837646484375,2616.837646484375,0.9195801615715027,0.7,37825
2026-09-14 13:01:21,multi_optuna_model.py,"(7620, 13)",90,Optuna_Trial_310,Dense 128(relu) -> 256(gelu) -> 256(silu) -> 32(relu) -> 32 -> 64(gelu) -> 32 -> 64(silu) -> 1,mse,adam_310,20,32,10.1082,14557.783203125,2018.961669921875,2018.961669921875,0.9379538893699646,0.7,116257
2026-09-14 13:01:34,multi_optuna_model.py,"(7620, 13)",90,Optuna_Trial_311,Dense 128(silu) -> 64(gelu) -> 32(silu) -> 256(gelu) -> 256(relu) -> 256(silu) -> 64 -> 128(gelu) -> 1,mse,adam_311,20,32,11.7013,14355.8544921875,2069.755126953125,2069.755126953125,0.9363929033279419,0.7,177057
2026-09-14 13:01:46,multi_optuna_model.py,"(7620, 13)",90,Optuna_Trial_312,Dense 256 -> 32(silu) -> 256(gelu) -> 256(gelu) -> 128 -> 256(silu) -> 128(silu) -> 32(silu) -> 1,mse,adam_312,20,32,12.1187,12754.8837890625,1930.65185546875,1930.65185546875,0.9406678080558777,0.7,189025
2026-09-14 13:01:59,multi_optuna_model.py,"(7620, 13)",90,Optuna_Trial_313,Dense 256 -> 32(silu) -> 256(gelu) -> 256(gelu) -> 128 -> 256(silu) -> 128(silu) -> 32(silu) -> 1,mse,adam_313,20,32,11.9786,13151.4853515625,2423.313720703125,2423.313720703125,0.9255274534225464,0.7,189025
2026-09-14 13:02:08,multi_optuna_model.py,"(7620, 13)",90,Optuna_Trial_314,Dense 256(relu) -> 64(gelu) -> 256 -> 32(relu) -> 64 -> 32(gelu) -> 32(relu) -> 64(silu) -> 1,mse,adam_314,20,32,8.5563,15296.4833984375,2343.523681640625,2343.523681640625,0.9279795289039612,0.7,52321
2026-09-14 13:02:19,multi_optuna_model.py,"(7620, 13)",90,Optuna_Trial_315,Dense 256(silu) -> 64(gelu) -> 256(gelu) -> 128(relu) -> 64 -> 256 -> 128(gelu) -> 32(silu) -> 1,mse,adam_315,20,32,10.5953,14926.3994140625,1887.4691162109375,1887.4691162109375,0.9419949054718018,0.7,131521
2026-09-14 13:02:31,multi_optuna_model.py,"(7620, 13)",90,Optuna_Trial_316,Dense 256(silu) -> 64(gelu) -> 256(gelu) -> 128(relu) -> 64 -> 256 -> 256(gelu) -> 256(gelu) -> 1,mse,adam_316,20,32,12.1859,13871.046875,2615.951416015625,2615.951416015625,0.9196073412895203,0.7,226305
2026-09-14 13:02:42,multi_optuna_model.py,"(7620, 13)",90,Optuna_Trial_317,Dense 256(silu) -> 64(gelu) -> 256(gelu) -> 128(relu) -> 64 -> 64 -> 128(gelu) -> 32(silu) -> 1,mse,adam_317,20,32,10.3826,15144.236328125,2498.978515625,2498.978515625,0.9232021570205688,0.7,94465
2026-09-14 13:02:51,multi_optuna_model.py,"(7620, 13)",90,Optuna_Trial_318,Dense 128(relu) -> 64(silu) -> 128 -> 32(silu) -> 64(gelu) -> 64(relu) -> 32(gelu) -> 64(relu) -> 1,mse,adam_318,20,32,8.7597,18030.220703125,2148.013671875,2148.013671875,0.9339879155158997,0.7,33025
2026-09-14 13:03:03,multi_optuna_model.py,"(7620, 13)",90,Optuna_Trial_319,Dense 128(gelu) -> 64 -> 32(silu) -> 256(gelu) -> 256(relu) -> 256(silu) -> 64(gelu) -> 128(gelu) -> 1,mse,adam_319,20,32,11.3753,14039.83203125,2254.93359375,2254.93359375,0.9307020306587219,0.7,177057
2026-09-14 13:03:15,multi_optuna_model.py,"(7620, 13)",90,Optuna_Trial_320,Dense 256(relu) -> 64(gelu) -> 256(gelu) -> 128(relu) -> 256 -> 256(relu) -> 128(gelu) -> 32(silu) -> 1,mse,adam_320,20,32,10.9888,14438.0400390625,2610.636474609375,2610.636474609375,0.9197707176208496,0.7,205441
2026-09-14 13:03:24,multi_optuna_model.py,"(7620, 13)",90,Optuna_Trial_321,Dense 128(gelu) -> 64(silu) -> 128(relu) -> 32 -> 64(gelu) -> 64(relu) -> 128(relu) -> 32(silu) -> 1,mse,adam_321,20,32,9.0273,17147.24609375,2083.7001953125,2083.7001953125,0.9359643459320068,0.7,41249
2026-09-14 13:03:34,multi_optuna_model.py,"(7620, 13)",90,Optuna_Trial_322,Dense 256(relu) -> 32(silu) -> 128 -> 32(silu) -> 64(gelu) -> 64(gelu) -> 32(gelu) -> 128(silu) -> 1,mse,adam_322,20,32,9.5039,18461.205078125,2128.6806640625,2128.6806640625,0.9345820546150208,0.7,32865
2026-09-14 13:03:45,multi_optuna_model.py,"(7620, 13)",90,Optuna_Trial_323,Dense 128(silu) -> 32(silu) -> 256(gelu) -> 128 -> 64 -> 256 -> 128(gelu) -> 32(silu) -> 1,mse,adam_323,20,32,10.7597,14865.357421875,2678.098876953125,2678.098876953125,0.9176974892616272,0.7,109217
2026-09-14 13:03:56,multi_optuna_model.py,"(7620, 13)",90,Optuna_Trial_324,Dense 256(silu) -> 64(gelu) -> 256(gelu) -> 128(relu) -> 32(silu) -> 256 -> 128(gelu) -> 32(relu) -> 1,mse,adam_324,20,32,10.5703,13914.8525390625,2896.027587890625,2896.027587890625,0.91100013256073,0.7,119201
2026-09-14 13:04:05,multi_optuna_model.py,"(7620, 13)",90,Optuna_Trial_325,Dense 128(relu) -> 32(silu) -> 32(silu) -> 32(silu) -> 64(relu) -> 64(relu) -> 32(relu) -> 64(relu) -> 1,mse,adam_325,20,32,8.7126,18383.69921875,2081.133544921875,2081.133544921875,0.9360432028770447,0.7,18561
2026-09-14 13:04:16,multi_optuna_model.py,"(7620, 13)",90,Optuna_Trial_326,Dense 256 -> 64 -> 32(gelu) -> 128(silu) -> 64(silu) -> 128(gelu) -> 32(silu) -> 32(silu) -> 1,mse,adam_326,20,32,10.1787,18860.541015625,2320.217529296875,2320.217529296875,0.928695797920227,0.7,48129
2026-09-14 13:04:28,multi_optuna_model.py,"(7620, 13)",90,Optuna_Trial_327,Dense 256(silu) -> 128(silu) -> 256(gelu) -> 128(silu) -> 32 -> 64(gelu) -> 128(relu) -> 32(silu) -> 1,mse,adam_327,20,32,11.1806,18249.900390625,2285.54833984375,2285.54833984375,0.9297612309455872,0.7,121121
2026-09-14 13:04:38,multi_optuna_model.py,"(7620, 13)",90,Optuna_Trial_328,Dense 32(relu) -> 32(silu) -> 32 -> 32(silu) -> 64(gelu) -> 64(gelu) -> 256(silu) -> 128(relu) -> 1,mse,adam_328,20,32,9.6817,19760.6015625,2668.64453125,2668.64453125,0.9179880023002625,0.7,59553
2026-09-14 13:04:50,multi_optuna_model.py,"(7620, 13)",90,Optuna_Trial_329,Dense 128(silu) -> 64(silu) -> 256(gelu) -> 128(silu) -> 256(silu) -> 128 -> 128(relu) -> 32(silu) -> 1,mse,adam_329,20,32,11.8523,14694.9716796875,2121.656982421875,2121.656982421875,0.9347978830337524,0.7,146177
2026-09-14 13:05:01,multi_optuna_model.py,"(7620, 13)",90,Optuna_Trial_330,Dense 128(relu) -> 64(silu) -> 128(silu) -> 32(silu) -> 128(gelu) -> 64(gelu) -> 32(gelu) -> 128(silu) -> 1,mse,adam_330,20,32,10.0951,19822.166015625,1956.2032470703125,1956.2032470703125,0.9398825764656067,0.7,41409
2026-09-14 13:05:12,multi_optuna_model.py,"(7620, 13)",90,Optuna_Trial_331,Dense 128(relu) -> 64(silu) -> 128(silu) -> 32(silu) -> 128(gelu) -> 64(gelu) -> 128(gelu) -> 128(silu) -> 1,mse,adam_331,20,32,10.5444,18461.119140625,2546.373046875,2546.373046875,0.9217456579208374,0.7,59937
2026-09-14 13:05:24,multi_optuna_model.py,"(7620, 13)",90,Optuna_Trial_332,Dense 256(silu) -> 64(silu) -> 256(silu) -> 32(silu) -> 256 -> 256(gelu) -> 32(gelu) -> 128(silu) -> 1,mse,adam_332,20,32,11.9708,16500.84375,3288.0048828125,3288.0048828125,0.8989540934562683,0.7,131713
2026-09-14 13:05:36,multi_optuna_model.py,"(7620, 13)",90,Optuna_Trial_333,Dense 256(silu) -> 64(silu) -> 256(gelu) -> 128(silu) -> 64 -> 256(relu) -> 64(relu) -> 64(silu) -> 1,mse,adam_333,20,32,11.3445,18367.80078125,2095.26171875,2095.26171875,0.9356090426445007,0.7,115137
2026-09-14 13:05:48,multi_optuna_model.py,"(7620, 13)",90,Optuna_Trial_334,Dense 32 -> 32(silu) -> 256(gelu) -> 256 -> 128 -> 256(silu) -> 128(silu) -> 128(silu) -> 1,mse,adam_334,20,32,11.8058,15382.7548828125,3264.552978515625,3264.552978515625,0.8996747732162476,0.7,191201
2026-09-14 13:05:58,multi_optuna_model.py,"(7620, 13)",90,Optuna_Trial_335,Dense 128(gelu) -> 64(silu) -> 128 -> 32(silu) -> 64(gelu) -> 64(silu) -> 32(relu) -> 128(relu) -> 1,mse,adam_335,20,32,9.4917,16902.947265625,2165.28662109375,2165.28662109375,0.93345707654953,0.7,35201
2026-09-14 13:06:08,multi_optuna_model.py,"(7620, 13)",90,Optuna_Trial_336,Dense 32(relu) -> 32(silu) -> 32 -> 32(silu) -> 32(gelu) -> 64(gelu) -> 32(relu) -> 32(silu) -> 1,mse,adam_336,20,32,8.8392,19980.9375,2362.447021484375,2362.447021484375,0.9273979663848877,0.7,9953
2026-09-14 13:06:19,multi_optuna_model.py,"(7620, 13)",90,Optuna_Trial_337,Dense 256 -> 64(silu) -> 32(gelu) -> 128(silu) -> 128 -> 256(gelu) -> 32(silu) -> 32(silu) -> 1,mse,adam_337,20,32,10.7182,15616.9482421875,2988.871826171875,2988.871826171875,0.9081469178199768,0.7,85185
2026-09-14 13:06:31,multi_optuna_model.py,"(7620, 13)",90,Optuna_Trial_338,Dense 256 -> 64(silu) -> 256(gelu) -> 128(silu) -> 256 -> 128 -> 256(silu) -> 32(silu) -> 1,mse,adam_338,20,32,11.9906,13826.111328125,2477.843505859375,2477.843505859375,0.9238516688346863,0.7,176769
2026-09-14 13:06:42,multi_optuna_model.py,"(7620, 13)",90,Optuna_Trial_339,Dense 256(gelu) -> 64(gelu) -> 128(gelu) -> 128(relu) -> 64 -> 256 -> 128(gelu) -> 32(silu) -> 1,mse,adam_339,20,32,10.5601,13623.2001953125,2133.116455078125,2133.116455078125,0.9344457387924194,0.7,106817
2026-09-14 13:06:52,multi_optuna_model.py,"(7620, 13)",90,Optuna_Trial_340,Dense 64(relu) -> 64 -> 128(silu) -> 32(silu) -> 128(gelu) -> 64(gelu) -> 32(relu) -> 128(silu) -> 1,mse,adam_340,20,32,9.6777,19311.791015625,3463.060302734375,3463.060302734375,0.8935742378234863,0.7,36417
2026-09-14 13:07:08,multi_optuna_model.py,"(7620, 13)",90,Optuna_Trial_341,Dense 128(relu) -> 64(silu) -> 128 -> 32(silu) -> 128 -> 64(gelu) -> 32(gelu) -> 128(silu) -> 1,mse,adam_341,20,32,14.6432,17124.306640625,2315.546875,2315.546875,0.9288393259048462,0.7,41409
2026-09-14 13:07:19,multi_optuna_model.py,"(7620, 13)",90,Optuna_Trial_342,Dense 128(gelu) -> 128(silu) -> 128(silu) -> 32(silu) -> 256(gelu) -> 32(relu) -> 32(relu) -> 128 -> 1,mse,adam_342,20,32,10.5737,13804.8896484375,2115.456787109375,2115.456787109375,0.9349884390830994,0.7,61025
2026-09-14 13:07:28,multi_optuna_model.py,"(7620, 13)",90,Optuna_Trial_343,Dense 256(relu) -> 32(silu) -> 32 -> 32(silu) -> 64(gelu) -> 32(gelu) -> 32(relu) -> 64(relu) -> 1,mse,adam_343,20,32,8.9223,18914.970703125,1879.142822265625,1879.142822265625,0.9422507286071777,0.7,21345
2026-09-14 13:07:37,multi_optuna_model.py,"(7620, 13)",90,Optuna_Trial_344,Dense 256(relu) -> 32(silu) -> 32 -> 32(silu) -> 64(gelu) -> 32(gelu) -> 32(relu) -> 64(relu) -> 1,mse,adam_344,20,32,9.0042,17731.869140625,2145.433349609375,2145.433349609375,0.9340671896934509,0.7,21345
2026-09-14 13:07:49,multi_optuna_model.py,"(7620, 13)",90,Optuna_Trial_345,Dense 256(silu) -> 64(silu) -> 256(gelu) -> 64(relu) -> 64 -> 256 -> 32(gelu) -> 32(gelu) -> 1,mse,adam_345,20,32,10.8148,15284.4443359375,2023.9573974609375,2023.9573974609375,0.9378003478050232,0.7,83233
2026-09-14 13:07:59,multi_optuna_model.py,"(7620, 13)",90,Optuna_Trial_346,Dense 128(relu) -> 32(silu) -> 128(silu) -> 32(gelu) -> 128(gelu) -> 64(gelu) -> 32(gelu) -> 128(silu) -> 1,mse,adam_346,20,32,10.2192,18679.71875,2346.56884765625,2346.56884765625,0.9278859496116638,0.7,33185
2026-09-14 13:08:11,multi_optuna_model.py,"(7620, 13)",90,Optuna_Trial_347,Dense 256(silu) -> 64(silu) -> 256(gelu) -> 128(silu) -> 256 -> 128 -> 128 -> 32(gelu) -> 1,mse,adam_347,20,32,11.6835,16539.06640625,2064.829833984375,2064.829833984375,0.9365442991256714,0.7,156161
2026-09-14 13:08:23,multi_optuna_model.py,"(7620, 13)",90,Optuna_Trial_348,Dense 32(silu) -> 64(gelu) -> 256(gelu) -> 128(relu) -> 64 -> 256 -> 128(silu) -> 32(silu) -> 1,mse,adam_348,20,32,11.2209,16600.0859375,2108.74560546875,2108.74560546875,0.9351946711540222,0.7,114049
2026-09-14 13:08:35,multi_optuna_model.py,"(7620, 13)",90,Optuna_Trial_349,Dense 256(silu) -> 64(silu) -> 256(gelu) -> 32(relu) -> 64 -> 128(silu) -> 64(relu) -> 32(silu) -> 1,mse,adam_349,20,32,11.6234,15422.650390625,2148.072021484375,2148.072021484375,0.9339861273765564,0.7,65697
2026-09-14 13:08:45,multi_optuna_model.py,"(7620, 13)",90,Optuna_Trial_350,Dense 256(relu) -> 32 -> 32(silu) -> 32(silu) -> 64(gelu) -> 64(gelu) -> 128(relu) -> 32(relu) -> 1,mse,adam_350,20,32,9.0821,18953.755859375,2288.15869140625,2288.15869140625,0.9296810030937195,0.7,32673
2026-09-14 13:08:57,multi_optuna_model.py,"(7620, 13)",90,Optuna_Trial_351,Dense 256(silu) -> 64(silu) -> 256(gelu) -> 256(silu) -> 256 -> 128 -> 64(relu) -> 32(silu) -> 1,mse,adam_351,20,32,12.2691,17336.21875,2204.347412109375,2204.347412109375,0.9322566986083984,0.7,211521
2026-09-14 13:09:08,multi_optuna_model.py,"(7620, 13)",90,Optuna_Trial_352,Dense 256(silu) -> 64(silu) -> 64(gelu) -> 128(silu) -> 64 -> 128(gelu) -> 64(gelu) -> 32(silu) -> 1,mse,adam_352,20,32,10.6737,14860.9482421875,1970.4495849609375,1970.4495849609375,0.9394447207450867,0.7,59457
2026-09-14 13:09:20,multi_optuna_model.py,"(7620, 13)",90,Optuna_Trial_353,Dense 256(silu) -> 64(silu) -> 256(gelu) -> 128(silu) -> 64 -> 32(gelu) -> 256(relu) -> 32(silu) -> 1,mse,adam_353,20,32,11.3681,18607.390625,2609.186767578125,2609.186767578125,0.9198153018951416,0.7,96609
2026-09-14 13:09:32,multi_optuna_model.py,"(7620, 13)",90,Optuna_Trial_354,Dense 256(silu) -> 64(silu) -> 64(gelu) -> 128(silu) -> 64(gelu) -> 128(gelu) -> 64(gelu) -> 32(silu) -> 1,mse,adam_354,20,32,10.8191,15093.904296875,2510.420166015625,2510.420166015625,0.9228505492210388,0.7,59457
2026-09-14 13:09:43,multi_optuna_model.py,"(7620, 13)",90,Optuna_Trial_355,Dense 256(relu) -> 256(gelu) -> 256(silu) -> 32 -> 64 -> 32(gelu) -> 32 -> 64(silu) -> 1,mse,adam_355,20,32,10.8474,15215.8662109375,2488.90283203125,2488.90283203125,0.923511803150177,0.7,150817
2026-09-14 13:09:53,multi_optuna_model.py,"(7620, 13)",90,Optuna_Trial_356,Dense 32(relu) -> 64(silu) -> 64(silu) -> 32(silu) -> 128(silu) -> 64(gelu) -> 32(gelu) -> 128(silu) -> 1,mse,adam_356,20,32,10.1351,19983.66015625,2377.778076171875,2377.778076171875,0.926926851272583,0.7,27713
2026-09-14 13:10:04,multi_optuna_model.py,"(7620, 13)",90,Optuna_Trial_357,Dense 128(relu) -> 64(silu) -> 128 -> 64(silu) -> 64(gelu) -> 64(relu) -> 32(gelu) -> 256(silu) -> 1,mse,adam_357,20,32,9.8731,18447.212890625,2662.045654296875,2662.045654296875,0.9181908369064331,0.7,45729
2026-09-14 13:10:15,multi_optuna_model.py,"(7620, 13)",90,Optuna_Trial_358,Dense 256(silu) -> 64(silu) -> 256(gelu) -> 64(relu) -> 256 -> 128 -> 128(relu) -> 32(silu) -> 1,mse,adam_358,20,32,10.9647,15019.8603515625,2182.326416015625,2182.326416015625,0.9329333901405334,0.7,123329
2026-09-14 13:10:26,multi_optuna_model.py,"(7620, 13)",90,Optuna_Trial_359,Dense 256(silu) -> 64 -> 32(gelu) -> 128(silu) -> 64 -> 128(gelu) -> 32(silu) -> 128(relu) -> 1,mse,adam_359,20,32,10.0627,19220.599609375,2157.189697265625,2157.189697265625,0.9337058663368225,0.7,51393
2026-09-14 13:10:37,multi_optuna_model.py,"(7620, 13)",90,Optuna_Trial_360,Dense 256(silu) -> 64(silu) -> 256(gelu) -> 64 -> 64 -> 256 -> 128(gelu) -> 32(silu) -> 1,mse,adam_360,20,32,11.007,16398.767578125,2199.589599609375,2199.589599609375,0.9324028491973877,0.7,110977
2026-09-14 13:10:48,multi_optuna_model.py,"(7620, 13)",90,Optuna_Trial_361,Dense 128(relu) -> 64(gelu) -> 128(gelu) -> 256(silu) -> 128(gelu) -> 64(gelu) -> 32(gelu) -> 128(silu) -> 1,mse,adam_361,20,32,10.5553,17523.01171875,2256.131591796875,2256.131591796875,0.9306652545928955,0.7,98977
2026-09-14 13:10:58,multi_optuna_model.py,"(7620, 13)",90,Optuna_Trial_362,Dense 256(silu) -> 32(relu) -> 32 -> 256(silu) -> 64(gelu) -> 64(gelu) -> 32(relu) -> 32(relu) -> 1,mse,adam_362,20,32,9.5045,18451.005859375,2360.45361328125,2360.45361328125,0.9274592399597168,0.7,45089
2026-09-14 13:11:09,multi_optuna_model.py,"(7620, 13)",90,Optuna_Trial_363,Dense 256(silu) -> 64(silu) -> 64(gelu) -> 128(silu) -> 64 -> 128(gelu) -> 32(gelu) -> 64(silu) -> 1,mse,adam_363,20,32,10.5949,17130.728515625,2093.984619140625,2093.984619140625,0.9356483221054077,0.7,55393
2026-09-14 13:11:19,multi_optuna_model.py,"(7620, 13)",90,Optuna_Trial_364,Dense 128(gelu) -> 64(gelu) -> 128(relu) -> 256 -> 64(gelu) -> 64(relu) -> 32(relu) -> 128(gelu) -> 1,mse,adam_364,20,32,9.1081,15767.2998046875,2342.029296875,2342.029296875,0.928025484085083,0.7,78433
2026-09-14 13:11:30,multi_optuna_model.py,"(7620, 13)",90,Optuna_Trial_365,Dense 256 -> 64(gelu) -> 256(gelu) -> 256(relu) -> 64 -> 256 -> 128(gelu) -> 32(gelu) -> 1,mse,adam_365,20,32,10.5786,12882.6396484375,2098.736328125,2098.736328125,0.935502290725708,0.7,172609
2026-09-14 13:11:41,multi_optuna_model.py,"(7620, 13)",90,Optuna_Trial_366,Dense 64(silu) -> 64(silu) -> 64(gelu) -> 128(silu) -> 256 -> 128(gelu) -> 64(silu) -> 32(silu) -> 1,mse,adam_366,20,32,11.1678,14999.76953125,2191.7705078125,2191.7705078125,0.9326431751251221,0.7,93825
2026-09-14 13:11:52,multi_optuna_model.py,"(7620, 13)",90,Optuna_Trial_367,Dense 256(gelu) -> 128(silu) -> 128(relu) -> 32 -> 64(gelu) -> 64(relu) -> 32(relu) -> 128(silu) -> 1,mse,adam_367,20,32,9.8231,15953.4638671875,2195.955078125,2195.955078125,0.9325145483016968,0.7,69825
2026-09-14 13:12:03,multi_optuna_model.py,"(7620, 13)",90,Optuna_Trial_368,Dense 128(gelu) -> 256(gelu) -> 128 -> 32(silu) -> 256(relu) -> 64(gelu) -> 32(gelu) -> 128(silu) -> 1,mse,adam_368,20,32,11.0096,14770.630859375,2226.857421875,2226.857421875,0.9315648674964905,0.7,103169
2026-09-14 13:12:13,multi_optuna_model.py,"(7620, 13)",90,Optuna_Trial_369,Dense 128(gelu) -> 64(silu) -> 128(relu) -> 32(gelu) -> 64(gelu) -> 64(relu) -> 32(relu) -> 128(silu) -> 1,mse,adam_369,20,32,9.6269,15450.9296875,1921.7618408203125,1921.7618408203125,0.9409410357475281,0.7,35201
2026-09-14 13:12:23,multi_optuna_model.py,"(7620, 13)",90,Optuna_Trial_370,Dense 256(relu) -> 64(gelu) -> 256(silu) -> 32(relu) -> 64 -> 64(relu) -> 32 -> 64(gelu) -> 1,mse,adam_370,20,32,8.8654,15368.12109375,2122.308349609375,2122.308349609375,0.9347778558731079,0.7,55425
2026-09-14 13:12:34,multi_optuna_model.py,"(7620, 13)",90,Optuna_Trial_371,Dense 256(silu) -> 32(silu) -> 64(gelu) -> 128(silu) -> 64 -> 128(gelu) -> 64(relu) -> 32(silu) -> 1,mse,adam_371,20,32,10.4988,14677.6416015625,2077.301025390625,2077.301025390625,0.9361610412597656,0.7,49185
2026-09-14 13:12:45,multi_optuna_model.py,"(7620, 13)",90,Optuna_Trial_372,Dense 256(silu) -> 64(silu) -> 32(gelu) -> 128(relu) -> 64 -> 128(gelu) -> 32(silu) -> 256(silu) -> 1,mse,adam_372,20,32,10.4912,15056.6357421875,2256.54248046875,2256.54248046875,0.9306526184082031,0.7,55745
2026-09-14 13:12:55,multi_optuna_model.py,"(7620, 13)",90,Optuna_Trial_373,Dense 128(gelu) -> 64(silu) -> 128(relu) -> 32 -> 128(gelu) -> 64(relu) -> 32(relu) -> 128(silu) -> 1,mse,adam_373,20,32,9.5464,17802.4765625,2192.933837890625,2192.933837890625,0.9326074123382568,0.7,41409
2026-09-14 13:13:06,multi_optuna_model.py,"(7620, 13)",90,Optuna_Trial_374,Dense 256(gelu) -> 256(relu) -> 128 -> 32(silu) -> 256(relu) -> 256(gelu) -> 32(gelu) -> 32(gelu) -> 1,mse,adam_374,20,32,11.1569,15438.3759765625,2574.093505859375,2574.093505859375,0.9208937287330627,0.7,189953
2026-09-14 13:13:16,multi_optuna_model.py,"(7620, 13)",90,Optuna_Trial_375,Dense 64(gelu) -> 64(silu) -> 128(relu) -> 32(gelu) -> 64(gelu) -> 64(relu) -> 32(relu) -> 128(silu) -> 1,mse,adam_375,20,32,8.9149,18674.751953125,2100.89697265625,2100.89697265625,0.9354358911514282,0.7,30209
2026-09-14 13:13:26,multi_optuna_model.py,"(7620, 13)",90,Optuna_Trial_376,Dense 128(relu) -> 256(relu) -> 128(silu) -> 32(silu) -> 128(gelu) -> 64(gelu) -> 32(gelu) -> 32(silu) -> 1,mse,adam_376,20,32,10.2382,19940.234375,2213.190185546875,2213.190185546875,0.9319849014282227,0.7,87489
2026-09-14 13:13:36,multi_optuna_model.py,"(7620, 13)",90,Optuna_Trial_377,Dense 128(gelu) -> 128(silu) -> 32 -> 32(silu) -> 64(gelu) -> 64(relu) -> 32(relu) -> 128 -> 1,mse,adam_377,20,32,9.1806,17691.1484375,2328.15869140625,2328.15869140625,0.9284517168998718,0.7,36193
2026-09-14 13:13:47,multi_optuna_model.py,"(7620, 13)",90,Optuna_Trial_378,Dense 128(gelu) -> 64(silu) -> 128 -> 256(gelu) -> 64(gelu) -> 64(relu) -> 32(relu) -> 128(silu) -> 1,mse,adam_378,20,32,10.1864,16989.20703125,2230.63134765625,2230.63134765625,0.9314489364624023,0.7,78433
2026-09-14 13:13:57,multi_optuna_model.py,"(7620, 13)",90,Optuna_Trial_379,Dense 256(silu) -> 64(gelu) -> 64(gelu) -> 64(relu) -> 64 -> 256 -> 128(gelu) -> 64(silu) -> 1,mse,adam_379,20,32,9.9367,13650.6025390625,2126.40478515625,2126.40478515625,0.9346519708633423,0.7,90369
2026-09-14 13:14:10,multi_optuna_model.py,"(7620, 13)",90,Optuna_Trial_380,Dense 128(gelu) -> 64(gelu) -> 128(silu) -> 256(gelu) -> 256(gelu) -> 256(gelu) -> 64(silu) -> 128(gelu) -> 1,mse,adam_380,20,32,12.6787,13842.810546875,2382.23193359375,2382.23193359375,0.9267899394035339,0.7,207873
2026-09-14 13:14:21,multi_optuna_model.py,"(7620, 13)",90,Optuna_Trial_381,Dense 128 -> 64(silu) -> 128(silu) -> 32(silu) -> 128(gelu) -> 64(gelu) -> 32 -> 128(silu) -> 1,mse,adam_381,20,32,10.0599,15720.8525390625,2184.523681640625,2184.523681640625,0.9328658580780029,0.7,41409
2026-09-14 13:14:30,multi_optuna_model.py,"(7620, 13)",90,Optuna_Trial_382,Dense 128(gelu) -> 64(silu) -> 128(relu) -> 32(gelu) -> 64 -> 64(relu) -> 32(relu) -> 32(silu) -> 1,mse,adam_382,20,32,9.072,17979.857421875,2262.060791015625,2262.060791015625,0.9304830431938171,0.7,31937
2026-09-14 13:14:41,multi_optuna_model.py,"(7620, 13)",90,Optuna_Trial_383,Dense 256(silu) -> 64(gelu) -> 256(gelu) -> 128(gelu) -> 64(relu) -> 256 -> 128(gelu) -> 32 -> 1,mse,adam_383,20,32,10.6357,14384.5146484375,2557.309814453125,2557.309814453125,0.9214094877243042,0.7,131521
2026-09-14 13:14:51,multi_optuna_model.py,"(7620, 13)",90,Optuna_Trial_384,Dense 128(gelu) -> 64(silu) -> 128(gelu) -> 32 -> 64(gelu) -> 64(relu) -> 32 -> 128(silu) -> 1,mse,adam_384,20,32,9.3434,16101.9052734375,2065.311767578125,2065.311767578125,0.9365294575691223,0.7,35201
2026-09-14 13:15:01,multi_optuna_model.py,"(7620, 13)",90,Optuna_Trial_385,Dense 128(gelu) -> 64(relu) -> 32 -> 32(silu) -> 256(relu) -> 64(gelu) -> 32(gelu) -> 32(gelu) -> 1,mse,adam_385,20,32,9.0731,18356.416015625,2280.781005859375,2280.781005859375,0.9299077391624451,0.7,41249
2026-09-14 13:15:11,multi_optuna_model.py,"(7620, 13)",90,Optuna_Trial_386,Dense 256(relu) -> 32(gelu) -> 32 -> 32(silu) -> 64(gelu) -> 256(gelu) -> 32(relu) -> 32(relu) -> 1,mse,adam_386,20,32,9.4618,16400.6953125,2078.79736328125,2078.79736328125,0.936115026473999,0.7,41985
2026-09-14 13:15:23,multi_optuna_model.py,"(7620, 13)",90,Optuna_Trial_387,Dense 256(silu) -> 64(silu) -> 256(gelu) -> 128(silu) -> 64(relu) -> 128(silu) -> 64(relu) -> 32(gelu) -> 1,mse,adam_387,20,32,11.5939,14646.9873046875,2126.652587890625,2126.652587890625,0.934644341468811,0.7,96513
2026-09-14 13:15:32,multi_optuna_model.py,"(7620, 13)",90,Optuna_Trial_388,Dense 128(relu) -> 64(silu) -> 64(relu) -> 32(gelu) -> 32(gelu) -> 64(relu) -> 32(relu) -> 128(silu) -> 1,mse,adam_388,20,32,9.026,19518.865234375,2064.406494140625,2064.406494140625,0.9365572929382324,0.7,25889
2026-09-14 13:15:43,multi_optuna_model.py,"(7620, 13)",90,Optuna_Trial_389,Dense 64(silu) -> 64(silu) -> 64(gelu) -> 128(relu) -> 64 -> 256 -> 128(gelu) -> 32(silu) -> 1,mse,adam_389,20,32,10.6295,17910.130859375,1984.551025390625,1984.551025390625,0.9390113949775696,0.7,79489
2026-09-14 13:15:55,multi_optuna_model.py,"(7620, 13)",90,Optuna_Trial_390,Dense 256(relu) -> 64(silu) -> 256(silu) -> 32(silu) -> 64(gelu) -> 256(gelu) -> 32(gelu) -> 64(silu) -> 1,mse,adam_390,20,32,11.0632,17270.8984375,2546.795654296875,2546.795654296875,0.9217326641082764,0.7,74049
2026-09-14 13:16:04,multi_optuna_model.py,"(7620, 13)",90,Optuna_Trial_391,Dense 128(relu) -> 32(silu) -> 32(gelu) -> 32(silu) -> 64(gelu) -> 64(gelu) -> 32(relu) -> 32(relu) -> 1,mse,adam_391,20,32,8.7534,17471.251953125,1991.9124755859375,1991.9124755859375,0.9387851357460022,0.7,17473
2026-09-14 13:16:15,multi_optuna_model.py,"(7620, 13)",90,Optuna_Trial_392,Dense 32(relu) -> 64(silu) -> 128 -> 32(silu) -> 64(gelu) -> 64(relu) -> 256(gelu) -> 128(silu) -> 1,mse,adam_392,20,32,10.3312,20086.974609375,3481.380615234375,3481.380615234375,0.8930112719535828,0.7,70945
2026-09-14 13:16:25,multi_optuna_model.py,"(7620, 13)",90,Optuna_Trial_393,Dense 128(relu) -> 64(gelu) -> 128(silu) -> 32(silu) -> 32(gelu) -> 64(gelu) -> 32(gelu) -> 128(silu) -> 1,mse,adam_393,20,32,9.9815,19547.482421875,2296.077392578125,2296.077392578125,0.9294376373291016,0.7,32097
2026-09-14 13:16:37,multi_optuna_model.py,"(7620, 13)",90,Optuna_Trial_394,Dense 256(gelu) -> 64(silu) -> 256(gelu) -> 128(silu) -> 64 -> 128(gelu) -> 64 -> 32(silu) -> 1,mse,adam_394,20,32,11.8586,14347.015625,2008.1619873046875,2008.1619873046875,0.938285768032074,0.7,96513
2026-09-14 13:16:51,multi_optuna_model.py,"(7620, 13)",90,Optuna_Trial_395,Dense 128 -> 32(silu) -> 256(gelu) -> 256(gelu) -> 128 -> 256(relu) -> 256(silu) -> 128(silu) -> 1,mse,adam_395,20,32,13.3471,15256.201171875,2548.814208984375,2548.814208984375,0.9216706156730652,0.7,244897
2026-09-14 13:17:03,multi_optuna_model.py,"(7620, 13)",90,Optuna_Trial_396,Dense 128(relu) -> 64(silu) -> 128(silu) -> 128(silu) -> 128(gelu) -> 64(relu) -> 32(gelu) -> 128(silu) -> 1,mse,adam_396,20,32,11.1172,18475.427734375,2208.623291015625,2208.623291015625,0.9321252107620239,0.7,66081
2026-09-14 13:17:15,multi_optuna_model.py,"(7620, 13)",90,Optuna_Trial_397,Dense 64(gelu) -> 64(gelu) -> 32(silu) -> 128(gelu) -> 256(relu) -> 256(silu) -> 256(silu) -> 128(gelu) -> 1,mse,adam_397,20,32,11.9973,20571.85546875,2118.2802734375,2118.2802734375,0.9349016547203064,0.7,208993
2026-09-14 13:17:27,multi_optuna_model.py,"(7620, 13)",90,Optuna_Trial_398,Dense 256(silu) -> 64(silu) -> 256(gelu) -> 128(relu) -> 64 -> 256(gelu) -> 128 -> 32(silu) -> 1,mse,adam_398,20,32,11.682,15753.0234375,2005.39453125,2005.39453125,0.9383708238601685,0.7,131521
2026-09-14 13:17:40,multi_optuna_model.py,"(7620, 13)",90,Optuna_Trial_399,Dense 256(silu) -> 64(silu) -> 256(gelu) -> 128(silu) -> 64(silu) -> 128(gelu) -> 64(relu) -> 32(silu) -> 1,mse,adam_399,20,32,12.0638,19915.28515625,1942.3067626953125,1942.3067626953125,0.9403095841407776,0.7,96513
2026-09-14 13:17:53,multi_optuna_model.py,"(7620, 13)",90,Optuna_Trial_400,Dense 256(silu) -> 64(silu) -> 256(gelu) -> 128(silu) -> 64(silu) -> 128(gelu) -> 64(relu) -> 32(silu) -> 1,mse,adam_400,20,32,12.1857,16703.703125,2007.3658447265625,2007.3658447265625,0.9383102655410767,0.7,96513
2026-09-14 13:18:04,multi_optuna_model.py,"(7620, 13)",90,Optuna_Trial_401,Dense 256(silu) -> 64(silu) -> 32(gelu) -> 128(silu) -> 64(gelu) -> 64(gelu) -> 32(silu) -> 32(silu) -> 1,mse,adam_401,20,32,10.7463,15743.7333984375,2001.8585205078125,2001.8585205078125,0.938479483127594,0.7,41921
2026-09-14 13:18:15,multi_optuna_model.py,"(7620, 13)",90,Optuna_Trial_402,Dense 256(silu) -> 64(silu) -> 64(gelu) -> 128(gelu) -> 128 -> 128(relu) -> 64(gelu) -> 32(silu) -> 1,mse,adam_402,20,32,10.589,14593.068359375,2162.610595703125,2162.610595703125,0.9335392713546753,0.7,75905
2026-09-14 13:18:27,multi_optuna_model.py,"(7620, 13)",90,Optuna_Trial_403,Dense 256(silu) -> 64(gelu) -> 256(silu) -> 128 -> 64 -> 256 -> 128(gelu) -> 32(gelu) -> 1,mse,adam_403,20,32,11.1836,16782.380859375,2091.516357421875,2091.516357421875,0.935724139213562,0.7,131521
2026-09-14 14:37:00,multi_optuna_model.py,"(7620, 13)",90,Optuna_Trial_6,Dense 64 -> 32(silu) -> 64(silu) -> 32(silu) -> 64 -> 32 -> 128(gelu) -> 256(silu) -> 1,mse,adam,20,1024,24.5993,68383.390625,14345.724609375,14345.7255859375,0.5591315627098083,0.7,48865
2026-09-14 14:37:04,multi_optuna_model.py,"(7620, 13)",90,Optuna_Trial_12,Dense 64(silu) -> 32(relu) -> 64(relu) -> 64(gelu) -> 32 -> 256 -> 32 -> 128(gelu) -> 1,mse,adam,20,1024,25.9681,68041.46875,13474.1435546875,13474.14453125,0.5859167575836182,0.7,32353
2026-09-14 14:37:04,multi_optuna_model.py,"(7620, 13)",90,Optuna_Trial_0,Dense 32(relu) -> 32(gelu) -> 32 -> 128(gelu) -> 128(silu) -> 256 -> 128(relu) -> 64(relu) -> 1,mse,adam,20,1024,25.5055,67799.3125,15808.9150390625,15808.912109375,0.5141652226448059,0.7,97537
2026-09-14 14:37:04,multi_optuna_model.py,"(7620, 13)",90,Optuna_Trial_5,Dense 64(relu) -> 256(silu) -> 256(gelu) -> 128(silu) -> 64(relu) -> 128(silu) -> 256 -> 32(gelu) -> 1,mse,adam,20,1024,26.1943,67343.453125,14730.1025390625,14730.1044921875,0.5473189949989319,0.7,174081
2026-09-14 14:37:05,multi_optuna_model.py,"(7620, 13)",90,Optuna_Trial_7,Dense 128(gelu) -> 256(relu) -> 256 -> 256(relu) -> 128(relu) -> 256(gelu) -> 256(relu) -> 256(relu) -> 1,mse,adam,20,1024,26.2193,63019.19921875,11310.1005859375,11310.1005859375,0.6524214744567871,0.7,364161
2026-09-14 14:37:05,multi_optuna_model.py,"(7620, 13)",90,Optuna_Trial_1,Dense 256(silu) -> 256 -> 128(gelu) -> 128 -> 256(silu) -> 128(relu) -> 128(gelu) -> 32(relu) -> 1,mse,adam,20,1024,25.9872,67639.6484375,12812.7001953125,12812.7021484375,0.6062439680099487,0.7,205377
2026-09-14 14:37:05,multi_optuna_model.py,"(7620, 13)",90,Optuna_Trial_2,Dense 32(silu) -> 32(gelu) -> 32(relu) -> 32(gelu) -> 32(gelu) -> 64 -> 256(gelu) -> 64(relu) -> 1,mse,adam,20,1024,26.0558,68370.59375,17899.236328125,17899.236328125,0.44992613792419434,0.7,39937
2026-09-14 14:37:05,multi_optuna_model.py,"(7620, 13)",90,Optuna_Trial_11,Dense 32(silu) -> 32 -> 128(gelu) -> 256(gelu) -> 128(relu) -> 32(gelu) -> 128(relu) -> 256(relu) -> 1,mse,adam,20,1024,26.2991,68188.109375,13969.865234375,13969.869140625,0.5706822872161865,0.7,113281
2026-09-14 14:37:05,multi_optuna_model.py,"(7620, 13)",90,Optuna_Trial_4,Dense 128(relu) -> 128(relu) -> 128(silu) -> 128(relu) -> 128(relu) -> 256(gelu) -> 128(silu) -> 128 -> 1,mse,adam,20,1024,26.2886,66984.3203125,12097.708984375,12097.7060546875,0.6282169222831726,0.7,150401
2026-09-14 14:37:05,multi_optuna_model.py,"(7620, 13)",90,Optuna_Trial_10,Dense 256(gelu) -> 64(gelu) -> 64(silu) -> 256 -> 128 -> 256(gelu) -> 128 -> 64 -> 1,mse,adam,20,1024,26.1469,64877.47265625,11797.615234375,11797.615234375,0.6374392509460449,0.7,147969
2026-09-14 14:37:05,multi_optuna_model.py,"(7620, 13)",90,Optuna_Trial_14,Dense 64(relu) -> 32(relu) -> 64(gelu) -> 64(relu) -> 256(relu) -> 64(silu) -> 128(gelu) -> 32(relu) -> 1,mse,adam,20,1024,26.2038,68353.3125,18225.240234375,18225.2421875,0.43990737199783325,0.7,54817
2026-09-14 14:37:05,multi_optuna_model.py,"(7620, 13)",90,Optuna_Trial_9,Dense 64(silu) -> 64 -> 64 -> 64(silu) -> 64(silu) -> 32 -> 256(gelu) -> 256(silu) -> 1,mse,adam,20,1024,26.5067,68111.1015625,16682.041015625,16682.044921875,0.4873325824737549,0.7,94113
2026-09-14 14:37:05,multi_optuna_model.py,"(7620, 13)",90,Optuna_Trial_8,Dense 256(silu) -> 256 -> 128 -> 32 -> 128(relu) -> 32(relu) -> 128(silu) -> 64 -> 1,mse,adam,20,1024,25.9755,67102.3515625,18453.677734375,18453.68359375,0.43288713693618774,0.7,127297
2026-09-14 14:37:05,multi_optuna_model.py,"(7620, 13)",90,Optuna_Trial_3,Dense 128(gelu) -> 128(silu) -> 128(relu) -> 128(relu) -> 64(silu) -> 256(gelu) -> 128 -> 256(gelu) -> 1,mse,adam,20,1024,26.5211,67837.9609375,11795.8505859375,11795.8466796875,0.6374934911727905,0.7,142401
2026-09-14 14:37:05,multi_optuna_model.py,"(7620, 13)",90,Optuna_Trial_15,Dense 256 -> 64(gelu) -> 64(silu) -> 256 -> 128(relu) -> 256(silu) -> 256(silu) -> 32(gelu) -> 1,mse,adam,20,1024,26.422,67760.296875,10731.1240234375,10731.123046875,0.6702143549919128,0.7,180801
2026-09-14 14:37:05,multi_optuna_model.py,"(7620, 13)",90,Optuna_Trial_13,Dense 128(silu) -> 128(relu) -> 64 -> 256 -> 64 -> 64(gelu) -> 128(silu) -> 64(silu) -> 1,mse,adam,20,1024,26.4452,67295.4921875,14956.2666015625,14956.2685546875,0.5403685569763184,0.7,80449
2026-09-14 14:37:20,multi_optuna_model.py,"(7620, 13)",90,Optuna_Trial_16,Dense 32(gelu) -> 256(relu) -> 256(gelu) -> 128(silu) -> 64(gelu) -> 256 -> 256(silu) -> 128 -> 1,mse,adam_1,20,1024,11.2702,65040.37109375,12399.4970703125,12399.494140625,0.6189424991607666,0.7,231297
2026-09-14 14:37:34,multi_optuna_model.py,"(7620, 13)",90,Optuna_Trial_19,Dense 256 -> 64(gelu) -> 64(silu) -> 64(silu) -> 256(relu) -> 256 -> 256(silu) -> 128(gelu) -> 1,mse,adam_1,20,1024,23.4826,66832.5390625,8993.3056640625,8993.306640625,0.7236204743385315,0.7,209601
2026-09-14 14:37:39,multi_optuna_model.py,"(7620, 13)",90,Optuna_Trial_18,Dense 128(gelu) -> 128(silu) -> 128(relu) -> 128 -> 64(silu) -> 256(gelu) -> 128(silu) -> 128(gelu) -> 1,mse,adam_1,20,1024,26.7551,68127.9375,12556.1689453125,12556.1689453125,0.6141276359558105,0.7,125761
2026-09-14 14:37:39,multi_optuna_model.py,"(7620, 13)",90,Optuna_Trial_27,Dense 256(gelu) -> 64(gelu) -> 64(silu) -> 256(relu) -> 64(relu) -> 64(silu) -> 256(silu) -> 32(gelu) -> 1,mse,adam_1,20,1024,26.5924,68404.5,12080.48046875,12080.478515625,0.6287462711334229,0.7,86337
2026-09-14 14:37:40,multi_optuna_model.py,"(7620, 13)",90,Optuna_Trial_25,Dense 128(gelu) -> 64(relu) -> 256(relu) -> 256(relu) -> 128(silu) -> 256(relu) -> 256 -> 256(relu) -> 1,mse,adam_1,20,1024,26.7149,64648.6875,11348.4775390625,11348.4765625,0.6512420177459717,0.7,290241
2026-09-14 14:37:40,multi_optuna_model.py,"(7620, 13)",90,Optuna_Trial_20,Dense 32(gelu) -> 64 -> 256 -> 256(relu) -> 64(relu) -> 256(gelu) -> 256(silu) -> 256(relu) -> 1,mse,adam_1,20,1024,26.3832,66135.9765625,13987.662109375,13987.662109375,0.5701354146003723,0.7,249921
2026-09-14 14:37:40,multi_optuna_model.py,"(7620, 13)",90,Optuna_Trial_17,Dense 256(silu) -> 32(gelu) -> 128 -> 32(gelu) -> 256(relu) -> 32 -> 128(silu) -> 64(gelu) -> 1,mse,adam_1,20,1024,27.9212,68427.71875,13607.1533203125,13607.15625,0.5818290710449219,0.7,49377
2026-09-14 14:37:41,multi_optuna_model.py,"(7620, 13)",90,Optuna_Trial_22,Dense 32 -> 64(gelu) -> 64(relu) -> 256 -> 128(gelu) -> 256(silu) -> 128(silu) -> 32(gelu) -> 1,mse,adam_1,20,1024,27.135,67820.9140625,14182.8232421875,14182.822265625,0.5641378164291382,0.7,126337
2026-09-14 14:37:41,multi_optuna_model.py,"(7620, 13)",90,Optuna_Trial_21,Dense 256 -> 128(gelu) -> 32(silu) -> 256 -> 128(relu) -> 128(silu) -> 256(silu) -> 256(gelu) -> 1,mse,adam_1,20,1024,28.2245,67369.5078125,7863.09423828125,7863.09423828125,0.7583537697792053,0.7,197537
2026-09-14 14:37:41,multi_optuna_model.py,"(7620, 13)",90,Optuna_Trial_23,Dense 128(gelu) -> 256(relu) -> 32 -> 256(relu) -> 128(gelu) -> 256(gelu) -> 256(relu) -> 32(gelu) -> 1,mse,adam_1,20,1024,27.04,67413.8515625,10156.9326171875,10156.9326171875,0.6878602504730225,0.7,191457
2026-09-14 14:37:41,multi_optuna_model.py,"(7620, 13)",90,Optuna_Trial_28,Dense 64 -> 64(gelu) -> 64(silu) -> 64 -> 128(relu) -> 128(silu) -> 256 -> 32(gelu) -> 1,mse,adam_1,20,1024,27.1696,67645.078125,12492.29296875,12492.2939453125,0.6160906553268433,0.7,79489
2026-09-14 14:37:41,multi_optuna_model.py,"(7620, 13)",90,Optuna_Trial_26,Dense 256 -> 64 -> 64(silu) -> 256(gelu) -> 32(relu) -> 256(silu) -> 32(relu) -> 32(gelu) -> 1,mse,adam_1,20,1024,27.4619,68499.171875,15858.4736328125,15858.47265625,0.5126421451568604,0.7,66817
2026-09-14 14:37:41,multi_optuna_model.py,"(7620, 13)",90,Optuna_Trial_24,Dense 64(gelu) -> 256(relu) -> 128 -> 256(gelu) -> 128(relu) -> 256(gelu) -> 256(relu) -> 256(relu) -> 1,mse,adam_1,20,1024,28.3814,65591.203125,9947.8505859375,9947.8515625,0.6942856311798096,0.7,281217
2026-09-14 14:37:41,multi_optuna_model.py,"(7620, 13)",90,Optuna_Trial_29,Dense 128 -> 128(gelu) -> 256 -> 256(silu) -> 128(relu) -> 256(gelu) -> 256(gelu) -> 256(relu) -> 1,mse,adam_1,20,1024,27.2573,65885.234375,7737.05224609375,7737.0498046875,0.7622272372245789,0.7,314881
2026-09-14 14:37:42,multi_optuna_model.py,"(7620, 13)",90,Optuna_Trial_31,Dense 128 -> 256(relu) -> 256(relu) -> 256 -> 256(relu) -> 256(silu) -> 256(relu) -> 256(relu) -> 1,mse,adam_1,20,1024,27.4002,54066.95703125,9667.6318359375,9667.6328125,0.702897310256958,0.7,429825
2026-09-14 14:37:42,multi_optuna_model.py,"(7620, 13)",90,Optuna_Trial_30,Dense 32 -> 32(gelu) -> 256(silu) -> 256 -> 32(silu) -> 256(silu) -> 256(silu) -> 32 -> 1,mse,adam_1,20,1024,28.2289,67529.7421875,15801.783203125,15801.7841796875,0.514384388923645,0.7,166465
2026-09-14 14:37:43,multi_optuna_model.py,"(7620, 13)",90,Optuna_Trial_32,Dense 256(gelu) -> 64(silu) -> 256(gelu) -> 256 -> 128(relu) -> 256(silu) -> 256(silu) -> 64(gelu) -> 1,mse,adam_2,20,1024,16.1405,67898.8984375,12412.8955078125,12412.8955078125,0.6185306906700134,0.7,250689
2026-09-14 14:37:55,multi_optuna_model.py,"(7620, 13)",90,Optuna_Trial_33,Dense 32 -> 64(relu) -> 64(silu) -> 128 -> 128(relu) -> 256(gelu) -> 256(silu) -> 32(gelu) -> 1,mse,adam_2,20,1024,11.7379,66918.390625,12004.4638671875,12004.466796875,0.6310824155807495,0.7,138625
2026-09-14 14:38:09,multi_optuna_model.py,"(7620, 13)",90,Optuna_Trial_34,Dense 128(gelu) -> 256(relu) -> 32 -> 256(relu) -> 256(relu) -> 32(gelu) -> 64(relu) -> 256(relu) -> 1,mse,adam_2,20,1024,22.9452,68149.0390625,11129.841796875,11129.8447265625,0.6579610705375671,0.7,144513
2026-09-14 14:38:14,multi_optuna_model.py,"(7620, 13)",90,Optuna_Trial_37,Dense 256 -> 256(relu) -> 256(relu) -> 64 -> 32(relu) -> 256(silu) -> 256(gelu) -> 256(relu) -> 1,mse,adam_2,20,1024,25.5536,66059.546875,9953.5625,9953.5595703125,0.6941101551055908,0.7,293985
2026-09-14 14:38:17,multi_optuna_model.py,"(7620, 13)",90,Optuna_Trial_35,Dense 128 -> 128(gelu) -> 256(relu) -> 256(silu) -> 128(relu) -> 256 -> 32(gelu) -> 256(relu) -> 1,mse,adam_2,20,1024,25.7994,67717.359375,11423.162109375,11423.158203125,0.6489468812942505,0.7,199969
2026-09-14 14:38:18,multi_optuna_model.py,"(7620, 13)",90,Optuna_Trial_36,Dense 256 -> 128(relu) -> 32(silu) -> 256 -> 128(gelu) -> 64(silu) -> 256(relu) -> 256(gelu) -> 1,mse,adam_2,20,1024,27.1403,67780.734375,8782.84375,8782.8447265625,0.7300882935523987,0.7,172897
2026-09-14 14:38:18,multi_optuna_model.py,"(7620, 13)",90,Optuna_Trial_47,Dense 128 -> 256(gelu) -> 32(relu) -> 64 -> 256(relu) -> 256(relu) -> 256(relu) -> 256(relu) -> 1,mse,adam_2,20,1024,26.5653,64595.80078125,9135.96875,9135.9697265625,0.7192361950874329,0.7,259425
2026-09-14 14:38:18,multi_optuna_model.py,"(7620, 13)",90,Optuna_Trial_48,Dense 256 -> 64(gelu) -> 64(relu) -> 64(relu) -> 64(relu) -> 256 -> 256(silu) -> 128 -> 1,mse,adam_3,20,1024,25.9998,65631.2734375,9190.4443359375,9190.4443359375,0.7175620198249817,0.7,147969
2026-09-14 14:38:19,multi_optuna_model.py,"(7620, 13)",90,Optuna_Trial_38,Dense 32 -> 64(gelu) -> 64(silu) -> 64(silu) -> 256(relu) -> 32 -> 256(silu) -> 128(gelu) -> 1,mse,adam_2,20,1024,27.4389,68252.2109375,13591.474609375,13591.4736328125,0.5823109149932861,0.7,77217
2026-09-14 14:38:19,multi_optuna_model.py,"(7620, 13)",90,Optuna_Trial_39,Dense 256 -> 32(gelu) -> 32(silu) -> 256 -> 128(relu) -> 128(gelu) -> 256(silu) -> 256(gelu) -> 1,mse,adam_2,20,1024,28.5062,67588.8515625,10683.5615234375,10683.560546875,0.6716760396957397,0.7,169793
2026-09-14 14:38:19,multi_optuna_model.py,"(7620, 13)",90,Optuna_Trial_41,Dense 128 -> 256(relu) -> 256(silu) -> 256(relu) -> 256(relu) -> 256(silu) -> 256 -> 256(silu) -> 1,mse,adam_2,20,1024,27.8147,55740.66015625,9381.755859375,9381.7568359375,0.7116826772689819,0.7,429825
2026-09-14 14:38:19,multi_optuna_model.py,"(7620, 13)",90,Optuna_Trial_43,Dense 128 -> 256(relu) -> 64(relu) -> 256 -> 256(relu) -> 32(silu) -> 256(relu) -> 32(relu) -> 1,mse,adam_2,20,1024,27.8407,65994.65625,10472.896484375,10472.896484375,0.6781501173973083,0.7,158625
2026-09-14 14:38:19,multi_optuna_model.py,"(7620, 13)",90,Optuna_Trial_44,Dense 128 -> 128(gelu) -> 256 -> 64 -> 128(relu) -> 256(gelu) -> 256(gelu) -> 256(relu) -> 1,mse,adam_2,20,1024,27.6469,65644.5234375,9169.369140625,9169.3671875,0.7182097434997559,0.7,240961
2026-09-14 14:38:19,multi_optuna_model.py,"(7620, 13)",90,Optuna_Trial_40,Dense 256(silu) -> 64(gelu) -> 256(silu) -> 64(silu) -> 256(relu) -> 256(gelu) -> 256(silu) -> 128(silu) -> 1,mse,adam_2,20,1024,27.8607,68173.5546875,10939.41796875,10939.41796875,0.6638131141662598,0.7,234369
2026-09-14 14:38:19,multi_optuna_model.py,"(7620, 13)",90,Optuna_Trial_45,Dense 32 -> 128(gelu) -> 256 -> 256(silu) -> 128 -> 256(gelu) -> 256(gelu) -> 256 -> 1,mse,adam_2,20,1024,28.1874,59161.34375,10541.15625,10541.16015625,0.6760523319244385,0.7,301249
2026-09-14 14:38:19,multi_optuna_model.py,"(7620, 13)",90,Optuna_Trial_42,Dense 32(silu) -> 128(gelu) -> 32(silu) -> 256(relu) -> 256(relu) -> 128(silu) -> 256(silu) -> 256(gelu) -> 1,mse,adam_2,20,1024,28.5142,68015.234375,13224.3017578125,13224.2998046875,0.5935947895050049,0.7,215009
2026-09-14 14:38:19,multi_optuna_model.py,"(7620, 13)",90,Optuna_Trial_46,Dense 64(gelu) -> 128 -> 32(gelu) -> 256 -> 128(relu) -> 128(silu) -> 256(silu) -> 256(gelu) -> 1,mse,adam_2,20,1024,28.1799,67706.2109375,11541.73046875,11541.73046875,0.6453030109405518,0.7,170273
2026-09-14 14:38:19,multi_optuna_model.py,"(7620, 13)",90,Optuna_Trial_49,Dense 256 -> 64(gelu) -> 128 -> 64(silu) -> 256(relu) -> 256 -> 256(gelu) -> 32(gelu) -> 1,mse,adam_3,20,1024,19.1235,66333.9140625,8943.1826171875,8943.1806640625,0.7251608371734619,0.7,193089
2026-09-14 14:38:34,multi_optuna_model.py,"(7620, 13)",90,Optuna_Trial_50,Dense 128 -> 128(gelu) -> 32(silu) -> 32 -> 128(silu) -> 256(silu) -> 256(silu) -> 256(gelu) -> 1,mse,adam_3,20,1024,14.1227,67812.765625,11409.646484375,11409.6474609375,0.6493622064590454,0.7,192577
2026-09-14 14:38:46,multi_optuna_model.py,"(7620, 13)",90,Optuna_Trial_51,Dense 128 -> 128(gelu) -> 128 -> 256(silu) -> 128(relu) -> 256(relu) -> 256(silu) -> 64(relu) -> 1,mse,adam_3,20,1024,22.4775,66951.828125,7461.08349609375,7461.08349609375,0.7707082629203796,0.7,216065
2026-09-14 14:38:51,multi_optuna_model.py,"(7620, 13)",90,Optuna_Trial_53,Dense 256 -> 128(gelu) -> 128 -> 64(silu) -> 256(relu) -> 256 -> 256(silu) -> 256 -> 1,mse,adam_3,20,1024,25.3175,62349.45703125,6503.6171875,6503.61669921875,0.8001328110694885,0.7,275521
2026-09-14 14:38:51,multi_optuna_model.py,"(7620, 13)",90,Optuna_Trial_52,Dense 256 -> 128(relu) -> 32(silu) -> 256 -> 128(silu) -> 64(silu) -> 256(relu) -> 128(gelu) -> 1,mse,adam_3,20,1024,25.4579,66856.84375,10177.5078125,10177.5078125,0.6872279644012451,0.7,139873
2026-09-14 14:38:53,multi_optuna_model.py,"(7620, 13)",90,Optuna_Trial_56,Dense 256 -> 64(gelu) -> 128 -> 64(relu) -> 256(relu) -> 32(gelu) -> 256(gelu) -> 32(gelu) -> 1,mse,adam_3,20,1024,26.0488,68309.2578125,12346.9775390625,12346.978515625,0.6205564737319946,0.7,78177
2026-09-14 14:38:53,multi_optuna_model.py,"(7620, 13)",90,Optuna_Trial_57,Dense 32 -> 32(gelu) -> 128 -> 64(silu) -> 64(relu) -> 256 -> 256(gelu) -> 32(gelu) -> 1,mse,adam_3,20,1024,25.8497,67739.1875,17095.34375,17095.341796875,0.47463101148605347,0.7,108833
2026-09-14 14:38:54,multi_optuna_model.py,"(7620, 13)",90,Optuna_Trial_54,Dense 256 -> 256(gelu) -> 64 -> 32(silu) -> 256(silu) -> 256 -> 256(silu) -> 128(gelu) -> 1,mse,adam_3,20,1024,26.7002,67126.5859375,6631.29150390625,6631.291015625,0.7962091565132141,0.7,260961
2026-09-14 14:38:54,multi_optuna_model.py,"(7620, 13)",90,Optuna_Trial_58,Dense 256(relu) -> 64(gelu) -> 256 -> 64(silu) -> 32(relu) -> 256 -> 256(gelu) -> 32(gelu) -> 1,mse,adam_3,20,1024,27.1449,66770.6875,11335.7333984375,11335.7353515625,0.651633620262146,0.7,137697
2026-09-14 14:38:54,multi_optuna_model.py,"(7620, 13)",90,Optuna_Trial_61,Dense 256 -> 64(gelu) -> 128(relu) -> 64 -> 256(relu) -> 64 -> 256 -> 32(gelu) -> 1,mse,adam_3,20,1024,27.182,66349.9609375,9757.015625,9757.017578125,0.7001503705978394,0.7,94593
2026-09-14 14:38:54,multi_optuna_model.py,"(7620, 13)",90,Optuna_Trial_64,Dense 256 -> 128(relu) -> 32(silu) -> 256 -> 128(gelu) -> 32(silu) -> 64(relu) -> 256(gelu) -> 1,mse,adam_3,20,1024,26.2293,68068.0078125,9866.978515625,9866.9775390625,0.6967710256576538,0.7,105089
2026-09-14 14:38:54,multi_optuna_model.py,"(7620, 13)",90,Optuna_Trial_59,Dense 256(relu) -> 64(gelu) -> 128 -> 32(silu) -> 256(relu) -> 256(relu) -> 256(gelu) -> 32 -> 1,mse,adam_3,20,1024,26.8879,66413.2890625,10717.193359375,10717.1962890625,0.6706424951553345,0.7,180769
2026-09-14 14:38:54,multi_optuna_model.py,"(7620, 13)",90,Optuna_Trial_62,Dense 64 -> 64(gelu) -> 128(gelu) -> 128(silu) -> 256(relu) -> 256 -> 256(gelu) -> 32(gelu) -> 1,mse,adam_3,20,1024,27.1773,67281.390625,10295.4228515625,10295.4248046875,0.6836041212081909,0.7,202753
2026-09-14 14:38:54,multi_optuna_model.py,"(7620, 13)",90,Optuna_Trial_63,Dense 128(silu) -> 128(gelu) -> 64 -> 256(silu) -> 128(relu) -> 64(gelu) -> 256(gelu) -> 64(relu) -> 1,mse,adam_4,20,1024,26.5979,68115.1171875,13484.7705078125,13484.76953125,0.585590124130249,0.7,117505
2026-09-14 14:38:54,multi_optuna_model.py,"(7620, 13)",90,Optuna_Trial_65,Dense 256 -> 128(gelu) -> 64(silu) -> 64(silu) -> 256(relu) -> 256(silu) -> 128(silu) -> 128(gelu) -> 1,mse,adam_4,20,1024,26.8685,68165.359375,10054.2470703125,10054.24609375,0.6910159587860107,0.7,180865
2026-09-14 14:38:54,multi_optuna_model.py,"(7620, 13)",90,Optuna_Trial_55,Dense 32 -> 128(relu) -> 64(silu) -> 256 -> 128(gelu) -> 64(silu) -> 256 -> 256(gelu) -> 1,mse,adam_3,20,1024,27.2406,66312.5703125,11347.2880859375,11347.2880859375,0.6512786149978638,0.7,153409
2026-09-14 14:38:54,multi_optuna_model.py,"(7620, 13)",90,Optuna_Trial_60,Dense 256(silu) -> 64(gelu) -> 128 -> 64(silu) -> 256(gelu) -> 256 -> 256(relu) -> 64(gelu) -> 1,mse,adam_3,20,1024,27.6553,67481.40625,10073.1064453125,10073.1064453125,0.6904363632202148,0.7,201345
2026-09-14 14:38:57,multi_optuna_model.py,"(7620, 13)",90,Optuna_Trial_66,Dense 256 -> 128(gelu) -> 32(silu) -> 32 -> 32(relu) -> 128(silu) -> 256(silu) -> 128(gelu) -> 1,mse,adam_4,20,1024,13.1726,68102.859375,10541.1337890625,10541.1328125,0.6760530471801758,0.7,112993
2026-09-14 14:39:09,multi_optuna_model.py,"(7620, 13)",90,Optuna_Trial_67,Dense 32 -> 128(gelu) -> 128 -> 256(silu) -> 128(relu) -> 32(relu) -> 256(silu) -> 64(relu) -> 1,mse,adam_4,20,1024,10.7383,68128.9609375,13350.806640625,13350.810546875,0.5897070169448853,0.7,116193
2026-09-14 14:39:26,multi_optuna_model.py,"(7620, 13)",90,Optuna_Trial_68,Dense 32 -> 128(gelu) -> 128(silu) -> 64(silu) -> 256(relu) -> 256 -> 256(silu) -> 256 -> 1,mse,adam_4,20,1024,24.9713,65236.41796875,11283.716796875,11283.7138671875,0.653232216835022,0.7,243713
2026-09-14 14:39:28,multi_optuna_model.py,"(7620, 13)",90,Optuna_Trial_73,Dense 128 -> 128(silu) -> 32 -> 256(silu) -> 64(relu) -> 256(relu) -> 256(gelu) -> 256(relu) -> 1,mse,adam_4,20,1024,26.2669,67501.25,11629.787109375,11629.7861328125,0.642596960067749,0.7,195809
2026-09-14 14:39:28,multi_optuna_model.py,"(7620, 13)",90,Optuna_Trial_69,Dense 256(gelu) -> 256(gelu) -> 64 -> 32(relu) -> 256(silu) -> 256 -> 256(silu) -> 128(gelu) -> 1,mse,adam_4,20,1024,26.3542,66257.234375,11081.9072265625,11081.904296875,0.6594341993331909,0.7,260961
2026-09-14 14:39:28,multi_optuna_model.py,"(7620, 13)",90,Optuna_Trial_70,Dense 256 -> 128(gelu) -> 128 -> 64(silu) -> 256 -> 64(relu) -> 256(silu) -> 256 -> 1,mse,adam_4,20,1024,27.0605,65071.69140625,9019.1845703125,9019.1845703125,0.7228251695632935,0.7,177025
2026-09-14 14:39:29,multi_optuna_model.py,"(7620, 13)",90,Optuna_Trial_71,Dense 256 -> 128(gelu) -> 128 -> 32(silu) -> 32(relu) -> 256 -> 256(silu) -> 256(gelu) -> 1,mse,adam_4,20,1024,27.3642,66410.9375,8961.2041015625,8961.2041015625,0.724606990814209,0.7,198465
2026-09-14 14:39:30,multi_optuna_model.py,"(7620, 13)",90,Optuna_Trial_79,Dense 256 -> 128(relu) -> 128 -> 64(silu) -> 256(relu) -> 256 -> 128 -> 256 -> 1,mse,adam_4,20,1024,27.3939,49318.49609375,9079.7353515625,9079.736328125,0.7209643125534058,0.7,209857
2026-09-14 14:39:30,multi_optuna_model.py,"(7620, 13)",90,Optuna_Trial_75,Dense 256 -> 64(silu) -> 128 -> 64(silu) -> 256 -> 256 -> 256(gelu) -> 32(silu) -> 1,mse,adam_5,20,1024,27.8939,65637.9375,8889.580078125,8889.58203125,0.7268080711364746,0.7,193089
2026-09-14 14:39:30,multi_optuna_model.py,"(7620, 13)",90,Optuna_Trial_77,Dense 128 -> 256(gelu) -> 256 -> 256(silu) -> 128(relu) -> 256 -> 256(silu) -> 64(silu) -> 1,mse,adam_4,20,1024,28.4472,63859.29296875,5757.4453125,5757.4453125,0.8230639696121216,0.7,314625
2026-09-14 14:39:31,multi_optuna_model.py,"(7620, 13)",90,Optuna_Trial_72,Dense 256 -> 128(gelu) -> 256(silu) -> 256 -> 128 -> 128(silu) -> 256(silu) -> 256 -> 1,mse,adam_4,20,1024,28.4419,62139.984375,10837.1728515625,10837.171875,0.666955292224884,0.7,283777
2026-09-14 14:39:31,multi_optuna_model.py,"(7620, 13)",90,Optuna_Trial_80,Dense 128(relu) -> 128(gelu) -> 128 -> 128(silu) -> 32(silu) -> 256(relu) -> 256(silu) -> 64(relu) -> 1,mse,adam_4,20,1024,28.1563,67893.4296875,11864.7705078125,11864.767578125,0.6353754997253418,0.7,146209
2026-09-14 14:39:31,multi_optuna_model.py,"(7620, 13)",90,Optuna_Trial_78,Dense 128 -> 128(gelu) -> 64(silu) -> 256(silu) -> 128(silu) -> 256(relu) -> 64(silu) -> 64(relu) -> 1,mse,adam_4,20,1024,28.0816,68305.65625,11607.625,11607.6240234375,0.6432780027389526,0.7,129793
2026-09-14 14:39:31,multi_optuna_model.py,"(7620, 13)",90,Optuna_Trial_74,Dense 256 -> 256(relu) -> 64 -> 32(silu) -> 256(silu) -> 256 -> 32(silu) -> 128(silu) -> 1,mse,adam_5,20,1024,26.9642,66231.5546875,9942.4658203125,9942.4658203125,0.6944511532783508,0.7,174721
2026-09-14 14:39:31,multi_optuna_model.py,"(7620, 13)",90,Optuna_Trial_76,Dense 256 -> 128(silu) -> 32(gelu) -> 256(relu) -> 128(gelu) -> 64(silu) -> 256(relu) -> 256(gelu) -> 1,mse,adam_4,20,1024,28.7679,67984.1953125,9590.55859375,9590.5576171875,0.7052658796310425,0.7,172897
2026-09-14 14:39:31,multi_optuna_model.py,"(7620, 13)",90,Optuna_Trial_81,Dense 256 -> 32(gelu) -> 128 -> 64(silu) -> 256(silu) -> 256 -> 256(silu) -> 128 -> 1,mse,adam_4,20,1024,25.5824,65498.1015625,10855.662109375,10855.666015625,0.6663870811462402,0.7,205537
2026-09-14 14:39:31,multi_optuna_model.py,"(7620, 13)",90,Optuna_Trial_82,Dense 256(gelu) -> 128(gelu) -> 32(silu) -> 128 -> 128(relu) -> 128(silu) -> 256(silu) -> 256(silu) -> 1,mse,adam_5,20,1024,25.2527,68038.015625,10548.7646484375,10548.7646484375,0.6758185625076294,0.7,176929
2026-09-14 14:39:36,multi_optuna_model.py,"(7620, 13)",90,Optuna_Trial_83,Dense 256(gelu) -> 128(relu) -> 32(silu) -> 32(gelu) -> 128(gelu) -> 64(silu) -> 256(relu) -> 256(gelu) -> 1,mse,adam_5,20,1024,15.5582,68282.203125,11381.23828125,11381.2421875,0.6502352952957153,0.7,136833
2026-09-14 14:39:57,multi_optuna_model.py,"(7620, 13)",90,Optuna_Trial_84,Dense 32 -> 256(gelu) -> 64 -> 32(silu) -> 32(silu) -> 256(gelu) -> 256(silu) -> 128(gelu) -> 1,mse,adam_5,20,1024,19.2417,67893.5390625,15388.611328125,15388.6123046875,0.5270818471908569,0.7,135745
2026-09-14 14:40:04,multi_optuna_model.py,"(7620, 13)",90,Optuna_Trial_85,Dense 128 -> 256(gelu) -> 256(silu) -> 256(silu) -> 128 -> 256 -> 256(silu) -> 64(silu) -> 1,mse,adam_5,20,1024,27.4614,64475.7578125,7446.185546875,7446.1826171875,0.7711660861968994,0.7,314625
2026-09-14 14:40:08,multi_optuna_model.py,"(7620, 13)",90,Optuna_Trial_87,Dense 128(relu) -> 256(relu) -> 256 -> 256(silu) -> 128(relu) -> 256(silu) -> 256(silu) -> 64(silu) -> 1,mse,adam_5,20,1024,28.5984,63468.74609375,12462.4638671875,12462.4638671875,0.6170073747634888,0.7,314625
2026-09-14 14:40:09,multi_optuna_model.py,"(7620, 13)",90,Optuna_Trial_88,Dense 128 -> 256(gelu) -> 32 -> 256(silu) -> 128(relu) -> 256(gelu) -> 256(gelu) -> 256(relu) -> 1,mse,adam_5,20,1024,27.0522,67194.84375,10167.3359375,10167.337890625,0.6875405311584473,0.7,249249
2026-09-14 14:40:09,multi_optuna_model.py,"(7620, 13)",90,Optuna_Trial_89,Dense 128 -> 32(gelu) -> 64 -> 256(silu) -> 64(relu) -> 256 -> 256(silu) -> 64(silu) -> 1,mse,adam_6,20,1024,27.1448,67391.515625,12710.734375,12710.7333984375,0.6093775629997253,0.7,140065
2026-09-14 14:40:09,multi_optuna_model.py,"(7620, 13)",90,Optuna_Trial_86,Dense 256 -> 128(silu) -> 128 -> 64(silu) -> 256 -> 256 -> 256(gelu) -> 32(silu) -> 1,mse,adam_5,20,1024,27.4834,64380.1953125,8792.9970703125,8792.99609375,0.7297762632369995,0.7,217729
2026-09-14 14:40:09,multi_optuna_model.py,"(7620, 13)",90,Optuna_Trial_95,Dense 256 -> 64(gelu) -> 128 -> 64(silu) -> 256(silu) -> 256 -> 256(gelu) -> 32(gelu) -> 1,mse,adam_6,20,1024,26.942,66258.7421875,9326.9619140625,9326.9619140625,0.7133666276931763,0.7,193089
2026-09-14 14:40:10,multi_optuna_model.py,"(7620, 13)",90,Optuna_Trial_90,Dense 128 -> 256 -> 256 -> 256(silu) -> 128(relu) -> 256 -> 128(silu) -> 32(silu) -> 1,mse,adam_5,20,1024,27.2794,64082.671875,11163.767578125,11163.767578125,0.6569185256958008,0.7,269377
2026-09-14 14:40:10,multi_optuna_model.py,"(7620, 13)",90,Optuna_Trial_93,Dense 256 -> 64 -> 128 -> 32(silu) -> 256(relu) -> 256 -> 256(gelu) -> 32(gelu) -> 1,mse,adam_5,20,1024,27.647,65660.9453125,10705.8232421875,10705.818359375,0.6709918975830078,0.7,180769
2026-09-14 14:40:10,multi_optuna_model.py,"(7620, 13)",90,Optuna_Trial_94,Dense 128(silu) -> 128(silu) -> 128 -> 256(silu) -> 128(relu) -> 256(relu) -> 32(silu) -> 64(relu) -> 1,mse,adam_5,20,1024,29.2085,68325.375,15298.3115234375,15298.3115234375,0.5298569798469543,0.7,144161
2026-09-14 14:40:10,multi_optuna_model.py,"(7620, 13)",90,Optuna_Trial_98,Dense 128 -> 128(gelu) -> 128 -> 256 -> 256(relu) -> 256(relu) -> 256(silu) -> 64(relu) -> 1,mse,adam_5,20,1024,29.3229,64966.69140625,11948.2783203125,11948.275390625,0.6328091025352478,0.7,281729
2026-09-14 14:40:10,multi_optuna_model.py,"(7620, 13)",90,Optuna_Trial_92,Dense 256 -> 256(gelu) -> 32 -> 32(silu) -> 256(silu) -> 256 -> 256(silu) -> 64(gelu) -> 1,mse,adam_5,20,1024,30.0494,66661.1953125,8641.5400390625,8641.5400390625,0.7344307899475098,0.7,235201
2026-09-14 14:40:10,multi_optuna_model.py,"(7620, 13)",90,Optuna_Trial_97,Dense 256(gelu) -> 128(gelu) -> 128 -> 256(silu) -> 256(relu) -> 256 -> 256(relu) -> 256 -> 1,mse,adam_6,20,1024,29.5948,62430.27734375,11161.923828125,11161.921875,0.6569750905036926,0.7,349441
2026-09-14 14:40:10,multi_optuna_model.py,"(7620, 13)",90,Optuna_Trial_96,Dense 256 -> 128 -> 32(silu) -> 256 -> 128(relu) -> 32(silu) -> 256(silu) -> 256(gelu) -> 1,mse,adam_5,20,1024,30.0035,66948.5546875,11057.5869140625,11057.5908203125,0.6601815819740295,0.7,160577
2026-09-14 14:40:10,multi_optuna_model.py,"(7620, 13)",90,Optuna_Trial_91,Dense 256(relu) -> 128(gelu) -> 32(silu) -> 256 -> 128(gelu) -> 64(silu) -> 256(relu) -> 256 -> 1,mse,adam_5,20,1024,30.2957,66576.3125,11140.5771484375,11140.5751953125,0.6576311588287354,0.7,172897
2026-09-14 14:40:10,multi_optuna_model.py,"(7620, 13)",90,Optuna_Trial_99,Dense 32 -> 256(gelu) -> 256 -> 256(silu) -> 128(relu) -> 256(silu) -> 32(silu) -> 128(silu) -> 1,mse,adam_6,20,1024,27.8102,67836.5390625,11011.1904296875,11011.1884765625,0.6616075038909912,0.7,218977
2026-09-14 14:40:11,multi_optuna_model.py,"(7620, 13)",90,Optuna_Trial_100,Dense 128 -> 128(gelu) -> 128 -> 32(silu) -> 128(relu) -> 256(relu) -> 256(relu) -> 64(relu) -> 1,mse,adam_6,20,1024,12.9167,67067.3203125,10209.0390625,10209.0390625,0.6862589120864868,0.7,158497
2026-09-14 14:40:34,multi_optuna_model.py,"(7620, 13)",90,Optuna_Trial_101,Dense 128 -> 256(gelu) -> 64(silu) -> 128(silu) -> 128 -> 256 -> 256(gelu) -> 64(silu) -> 1,mse,adam_6,20,1024,20.4979,65768.546875,8451.71875,8451.7177734375,0.740264356136322,0.7,191425
2026-09-14 14:40:42,multi_optuna_model.py,"(7620, 13)",90,Optuna_Trial_102,Dense 256 -> 256(gelu) -> 256(silu) -> 256(silu) -> 128(relu) -> 256(relu) -> 256(silu) -> 64(silu) -> 1,mse,adam_6,20,1024,26.1695,67261.7109375,7042.60546875,7042.607421875,0.7835687398910522,0.7,349185
2026-09-14 14:40:44,multi_optuna_model.py,"(7620, 13)",90,Optuna_Trial_104,Dense 128 -> 256(gelu) -> 256 -> 128(silu) -> 128(relu) -> 256 -> 256(silu) -> 64(silu) -> 1,mse,adam_6,20,1024,27.1631,65197.40234375,8158.3681640625,8158.3681640625,0.7492794990539551,0.7,265345
2026-09-14 14:40:44,multi_optuna_model.py,"(7620, 13)",90,Optuna_Trial_103,Dense 128 -> 256(silu) -> 256 -> 256(silu) -> 128 -> 256 -> 32(gelu) -> 64(silu) -> 1,mse,adam_7,20,1024,26.4232,64507.140625,13350.5546875,13350.5556640625,0.589714765548706,0.7,242721
2026-09-14 14:40:47,multi_optuna_model.py,"(7620, 13)",90,Optuna_Trial_105,Dense 256 -> 256(gelu) -> 32 -> 32(silu) -> 256 -> 256 -> 256(silu) -> 64(gelu) -> 1,mse,adam_7,20,1024,26.7397,63156.0859375,9209.0322265625,9209.0322265625,0.7169908285140991,0.7,235201
2026-09-14 14:40:47,multi_optuna_model.py,"(7620, 13)",90,Optuna_Trial_110,Dense 64(relu) -> 128(gelu) -> 128 -> 64 -> 128(relu) -> 256 -> 256(silu) -> 256 -> 1,mse,adam_7,20,1024,27.178,56176.8515625,11476.5029296875,11476.5048828125,0.6473075151443481,0.7,207169
2026-09-14 14:40:47,multi_optuna_model.py,"(7620, 13)",90,Optuna_Trial_108,Dense 128 -> 64(gelu) -> 128 -> 256(silu) -> 128(gelu) -> 256(relu) -> 128(silu) -> 64(relu) -> 1,mse,adam_6,20,1024,27.8264,67641.46875,9675.560546875,9675.560546875,0.7026535868644714,0.7,158529
2026-09-14 14:40:47,multi_optuna_model.py,"(7620, 13)",90,Optuna_Trial_106,Dense 256 -> 32 -> 32(silu) -> 256 -> 128(gelu) -> 64 -> 256(relu) -> 256(gelu) -> 1,mse,adam_6,20,1024,27.8079,67235.671875,13926.1533203125,13926.1552734375,0.5720256567001343,0.7,145153
2026-09-14 14:40:48,multi_optuna_model.py,"(7620, 13)",90,Optuna_Trial_111,Dense 256 -> 128(gelu) -> 32(silu) -> 256 -> 128(relu) -> 128(silu) -> 256(gelu) -> 256(relu) -> 1,mse,adam_7,20,1024,27.736,67428.671875,8330.078125,8330.080078125,0.7440025806427002,0.7,197537
2026-09-14 14:40:48,multi_optuna_model.py,"(7620, 13)",90,Optuna_Trial_107,Dense 128 -> 256(gelu) -> 256(silu) -> 256(silu) -> 128 -> 32 -> 256(silu) -> 64(silu) -> 1,mse,adam_6,20,1024,27.7979,66338.6640625,10091.173828125,10091.1728515625,0.6898810863494873,0.7,228385
2026-09-14 14:40:48,multi_optuna_model.py,"(7620, 13)",90,Optuna_Trial_109,Dense 128 -> 128(relu) -> 256 -> 256(silu) -> 128(relu) -> 256(gelu) -> 256 -> 256(relu) -> 1,mse,adam_6,20,1024,28.2248,61083.20703125,10297.53125,10297.5341796875,0.6835393905639648,0.7,314881
2026-09-14 14:40:48,multi_optuna_model.py,"(7620, 13)",90,Optuna_Trial_115,Dense 256 -> 128(silu) -> 128(gelu) -> 64(silu) -> 256 -> 256 -> 128(relu) -> 32(gelu) -> 1,mse,adam_6,20,1024,27.5082,65446.47265625,7364.4609375,7364.46044921875,0.7736775875091553,0.7,180737
2026-09-14 14:40:48,multi_optuna_model.py,"(7620, 13)",90,Optuna_Trial_114,Dense 256 -> 256(gelu) -> 64(silu) -> 32(gelu) -> 256(gelu) -> 256 -> 256(gelu) -> 128(gelu) -> 1,mse,adam_6,20,1024,27.9381,67555.109375,6610.07177734375,6610.07177734375,0.7968612909317017,0.7,260961
2026-09-14 14:40:48,multi_optuna_model.py,"(7620, 13)",90,Optuna_Trial_113,Dense 256 -> 256 -> 64 -> 32(silu) -> 256(silu) -> 256(gelu) -> 256 -> 64(gelu) -> 1,mse,adam_6,20,1024,27.9387,63542.68359375,9499.486328125,9499.484375,0.7080646753311157,0.7,244449
2026-09-14 14:40:48,multi_optuna_model.py,"(7620, 13)",90,Optuna_Trial_116,Dense 256(silu) -> 128(silu) -> 128 -> 64(silu) -> 256 -> 256 -> 256(gelu) -> 64(silu) -> 1,mse,adam_7,20,1024,27.5156,65789.5390625,10920.427734375,10920.42578125,0.6643967628479004,0.7,225985
2026-09-14 14:40:48,multi_optuna_model.py,"(7620, 13)",90,Optuna_Trial_112,Dense 256 -> 256(gelu) -> 256 -> 32(silu) -> 128(silu) -> 256 -> 256(silu) -> 128(gelu) -> 1,mse,adam_6,20,1024,28.0999,66487.8984375,6149.0439453125,6149.0458984375,0.8110294342041016,0.7,279457
2026-09-14 14:40:49,multi_optuna_model.py,"(7620, 13)",90,Optuna_Trial_117,Dense 128(relu) -> 256(gelu) -> 128(gelu) -> 128(silu) -> 128 -> 256 -> 256(gelu) -> 64(silu) -> 1,mse,adam_7,20,1024,13.6234,65396.3046875,11312.2421875,11312.244140625,0.6523555517196655,0.7,216065
2026-09-14 14:41:15,multi_optuna_model.py,"(7620, 13)",90,Optuna_Trial_118,Dense 256 -> 256(gelu) -> 256(silu) -> 128(relu) -> 64(relu) -> 256(relu) -> 256(silu) -> 64(gelu) -> 1,mse,adam_7,20,1024,23.0358,66937.828125,5859.7236328125,5859.7236328125,0.8199207186698914,0.7,275265
2026-09-14 14:41:19,multi_optuna_model.py,"(7620, 13)",90,Optuna_Trial_120,Dense 128 -> 256(gelu) -> 256 -> 128(silu) -> 128(silu) -> 256 -> 256(silu) -> 64(silu) -> 1,mse,adam_8,20,1024,25.1735,64698.6171875,7590.669921875,7590.67041015625,0.7667257785797119,0.7,265345
2026-09-14 14:41:21,multi_optuna_model.py,"(7620, 13)",90,Optuna_Trial_122,Dense 128 -> 256(gelu) -> 256 -> 128(silu) -> 128(relu) -> 128(relu) -> 256(silu) -> 64(silu) -> 1,mse,adam_8,20,1024,26.0777,67535.2578125,8721.8369140625,8721.837890625,0.7319631576538086,0.7,216065
2026-09-14 14:41:23,multi_optuna_model.py,"(7620, 13)",90,Optuna_Trial_119,Dense 256 -> 256(gelu) -> 256(silu) -> 32(gelu) -> 256(gelu) -> 256 -> 256(gelu) -> 128(gelu) -> 1,mse,adam_7,20,1024,27.862,65099.90625,5412.40576171875,5412.4052734375,0.8336676359176636,0.7,316449
2026-09-14 14:41:23,multi_optuna_model.py,"(7620, 13)",90,Optuna_Trial_126,Dense 256 -> 256(gelu) -> 256 -> 32(silu) -> 128(silu) -> 256 -> 256(silu) -> 128(gelu) -> 1,mse,adam_7,20,1024,27.8612,64281.453125,5890.67041015625,5890.67041015625,0.8189697265625,0.7,279457
2026-09-14 14:41:23,multi_optuna_model.py,"(7620, 13)",90,Optuna_Trial_121,Dense 256 -> 128(relu) -> 128(gelu) -> 64(silu) -> 256 -> 256 -> 128(relu) -> 32(gelu) -> 1,mse,adam_8,20,1024,27.6095,66172.5234375,9899.5419921875,9899.54296875,0.6957703232765198,0.7,180737
2026-09-14 14:41:24,multi_optuna_model.py,"(7620, 13)",90,Optuna_Trial_124,Dense 32 -> 256(relu) -> 256(silu) -> 256(silu) -> 128(relu) -> 256(relu) -> 256(silu) -> 64(silu) -> 1,mse,adam_8,20,1024,27.7372,65977.9609375,11475.81640625,11475.81640625,0.6473287343978882,0.7,288705
2026-09-14 14:41:24,multi_optuna_model.py,"(7620, 13)",90,Optuna_Trial_129,Dense 256 -> 128(silu) -> 128 -> 64 -> 256(relu) -> 256(gelu) -> 256(silu) -> 256 -> 1,mse,adam_7,20,1024,28.3986,62795.734375,7691.09814453125,7691.09814453125,0.763639509677887,0.7,275521
2026-09-14 14:41:24,multi_optuna_model.py,"(7620, 13)",90,Optuna_Trial_123,Dense 128(silu) -> 64(gelu) -> 256 -> 256(silu) -> 128(relu) -> 256 -> 64(silu) -> 64(silu) -> 1,mse,adam_7,20,1024,28.057,67559.2734375,9737.72265625,9737.7216796875,0.7007432579994202,0.7,179073
2026-09-14 14:41:24,multi_optuna_model.py,"(7620, 13)",90,Optuna_Trial_133,Dense 128 -> 128(gelu) -> 256 -> 256(silu) -> 32(gelu) -> 64(gelu) -> 256(gelu) -> 256(relu) -> 1,mse,adam_8,20,1024,28.1971,67797.65625,11823.1962890625,11823.1953125,0.6366530656814575,0.7,210145
2026-09-14 14:41:24,multi_optuna_model.py,"(7620, 13)",90,Optuna_Trial_132,Dense 128 -> 256(gelu) -> 64 -> 32(silu) -> 256(silu) -> 256 -> 256(relu) -> 256(gelu) -> 1,mse,adam_8,20,1024,28.3666,65910.3359375,9540.525390625,9540.5244140625,0.7068034410476685,0.7,259425
2026-09-14 14:41:24,multi_optuna_model.py,"(7620, 13)",90,Optuna_Trial_128,Dense 256 -> 256(gelu) -> 256(silu) -> 256(silu) -> 128(relu) -> 256(relu) -> 256(silu) -> 64(silu) -> 1,mse,adam_7,20,1024,28.7901,66256.5078125,7688.76123046875,7688.7587890625,0.7637113332748413,0.7,349185
2026-09-14 14:41:24,multi_optuna_model.py,"(7620, 13)",90,Optuna_Trial_130,Dense 256 -> 256(gelu) -> 64(relu) -> 32(silu) -> 256(silu) -> 256 -> 256(relu) -> 128(gelu) -> 1,mse,adam_7,20,1024,28.6401,67301.6953125,8688.935546875,8688.935546875,0.7329742908477783,0.7,260961
2026-09-14 14:41:24,multi_optuna_model.py,"(7620, 13)",90,Optuna_Trial_125,Dense 128 -> 128(gelu) -> 128(relu) -> 256(silu) -> 128(relu) -> 256(relu) -> 256(silu) -> 64(gelu) -> 1,mse,adam_7,20,1024,29.2791,66423.1796875,8014.1953125,8014.19482421875,0.7537102103233337,0.7,216065
2026-09-14 14:41:24,multi_optuna_model.py,"(7620, 13)",90,Optuna_Trial_127,Dense 64 -> 128(gelu) -> 256 -> 256(silu) -> 256(relu) -> 256(gelu) -> 256(gelu) -> 32(relu) -> 1,mse,adam_7,20,1024,29.1827,64970.0078125,6201.06298828125,6201.0634765625,0.8094308376312256,0.7,313665
2026-09-14 14:41:24,multi_optuna_model.py,"(7620, 13)",90,Optuna_Trial_131,Dense 128(relu) -> 128(gelu) -> 256(silu) -> 256(silu) -> 128(relu) -> 256(gelu) -> 256(gelu) -> 256(relu) -> 1,mse,adam_7,20,1024,29.7101,66847.1015625,12077.345703125,12077.345703125,0.6288426518440247,0.7,314881
2026-09-14 14:41:37,multi_optuna_model.py,"(7620, 13)",90,Optuna_Trial_134,Dense 256 -> 128(gelu) -> 128 -> 64(silu) -> 256(relu) -> 256 -> 256(silu) -> 256(silu) -> 1,mse,adam_8,20,1024,12.188,65911.484375,7229.5283203125,7229.529296875,0.777824342250824,0.7,275521
2026-09-14 14:41:52,multi_optuna_model.py,"(7620, 13)",90,Optuna_Trial_135,Dense 128 -> 128(gelu) -> 256 -> 256(silu) -> 128(gelu) -> 256(gelu) -> 128(gelu) -> 64(relu) -> 1,mse,adam_9,20,1024,21.3402,67747.2109375,10419.1845703125,10419.185546875,0.6798008680343628,0.7,224257
2026-09-14 14:41:57,multi_optuna_model.py,"(7620, 13)",90,Optuna_Trial_137,Dense 256(relu) -> 256(gelu) -> 256 -> 32(silu) -> 128(gelu) -> 256 -> 256(silu) -> 128(gelu) -> 1,mse,adam_8,20,1024,25.8111,64734.9140625,10764.521484375,10764.5234375,0.6691880226135254,0.7,279457
2026-09-14 14:42:00,multi_optuna_model.py,"(7620, 13)",90,Optuna_Trial_140,Dense 64 -> 128(gelu) -> 256 -> 256(silu) -> 256(relu) -> 32 -> 256(gelu) -> 32(relu) -> 1,mse,adam_9,20,1024,28.276,67723.703125,11246.6083984375,11246.6064453125,0.6543726325035095,0.7,198753
2026-09-14 14:42:01,multi_optuna_model.py,"(7620, 13)",90,Optuna_Trial_138,Dense 32 -> 256(gelu) -> 256(silu) -> 128(relu) -> 64(relu) -> 128(relu) -> 256(silu) -> 64(gelu) -> 1,mse,adam_8,20,1024,29.2438,67445.9453125,11341.1103515625,11341.1103515625,0.6514683961868286,0.7,173697
2026-09-14 14:42:02,multi_optuna_model.py,"(7620, 13)",90,Optuna_Trial_144,Dense 256 -> 256(gelu) -> 256 -> 32(silu) -> 128(silu) -> 128(relu) -> 256(silu) -> 128(gelu) -> 1,mse,adam_9,20,1024,30.114,67400.2265625,9148.80078125,9148.80078125,0.7188417911529541,0.7,230177
2026-09-14 14:42:03,multi_optuna_model.py,"(7620, 13)",90,Optuna_Trial_136,Dense 256 -> 256(gelu) -> 256(silu) -> 32(gelu) -> 256(gelu) -> 256 -> 256(gelu) -> 128(gelu) -> 1,mse,adam_9,20,1024,30.3683,66975.125,5858.55126953125,5858.55029296875,0.8199567794799805,0.7,316449
2026-09-14 14:42:03,multi_optuna_model.py,"(7620, 13)",90,Optuna_Trial_139,Dense 64(relu) -> 256(gelu) -> 256 -> 256(silu) -> 256(relu) -> 256(gelu) -> 256 -> 32(relu) -> 1,mse,adam_8,20,1024,27.598,60315.2421875,11476.337890625,11476.3408203125,0.6473126411437988,0.7,354753
2026-09-14 14:42:03,multi_optuna_model.py,"(7620, 13)",90,Optuna_Trial_145,Dense 256 -> 256 -> 256 -> 32(gelu) -> 128(silu) -> 256 -> 256(silu) -> 128(gelu) -> 1,mse,adam_9,20,1024,27.5396,60955.42578125,11000.2294921875,11000.2314453125,0.6619442701339722,0.7,279457
2026-09-14 14:42:03,multi_optuna_model.py,"(7620, 13)",90,Optuna_Trial_149,Dense 128 -> 256(gelu) -> 32(gelu) -> 128(silu) -> 32(silu) -> 256 -> 256(silu) -> 64(silu) -> 1,mse,adam_8,20,1024,27.8405,68072.0703125,8517.625,8517.625,0.7382389307022095,0.7,142145
2026-09-14 14:42:04,multi_optuna_model.py,"(7620, 13)",90,Optuna_Trial_141,Dense 256 -> 256(gelu) -> 32(silu) -> 128(relu) -> 64(relu) -> 256(relu) -> 256(silu) -> 256(gelu) -> 1,mse,adam_8,20,1024,28.356,66573.7265625,9823.48828125,9823.4873046875,0.6981076002120972,0.7,238561
2026-09-14 14:42:04,multi_optuna_model.py,"(7620, 13)",90,Optuna_Trial_143,Dense 256 -> 256(gelu) -> 256 -> 32(silu) -> 128(silu) -> 256 -> 256(silu) -> 128(silu) -> 1,mse,adam_9,20,1024,28.753,66065.046875,7196.54052734375,7196.54248046875,0.7788380980491638,0.7,279457
2026-09-14 14:42:04,multi_optuna_model.py,"(7620, 13)",90,Optuna_Trial_142,Dense 64 -> 128(gelu) -> 256 -> 256(gelu) -> 64(relu) -> 256(gelu) -> 256(gelu) -> 32(relu) -> 1,mse,adam_8,20,1024,28.3373,66993.078125,8906.5439453125,8906.5458984375,0.726286768913269,0.7,215169
2026-09-14 14:42:04,multi_optuna_model.py,"(7620, 13)",90,Optuna_Trial_148,Dense 256 -> 256(gelu) -> 256(silu) -> 128 -> 64(relu) -> 256(relu) -> 256(silu) -> 64(relu) -> 1,mse,adam_8,20,1024,28.269,65924.0625,7793.0283203125,7793.02880859375,0.7605070471763611,0.7,275265
2026-09-14 14:42:04,multi_optuna_model.py,"(7620, 13)",90,Optuna_Trial_146,Dense 256 -> 64(gelu) -> 256(silu) -> 128(relu) -> 64(relu) -> 256(gelu) -> 256(silu) -> 64(silu) -> 1,mse,adam_8,20,1024,28.292,68100.59375,10506.275390625,10506.2744140625,0.6771243810653687,0.7,176769
2026-09-14 14:42:04,multi_optuna_model.py,"(7620, 13)",90,Optuna_Trial_147,Dense 256 -> 64(gelu) -> 256(relu) -> 32(silu) -> 64(silu) -> 256 -> 256(silu) -> 128(gelu) -> 1,mse,adam_8,20,1024,28.5992,67593.3203125,10507.775390625,10507.775390625,0.6770782470703125,0.7,162465
2026-09-14 14:42:05,multi_optuna_model.py,"(7620, 13)",90,Optuna_Trial_150,Dense 256 -> 64(gelu) -> 128 -> 64(relu) -> 256(relu) -> 128 -> 256(silu) -> 256(silu) -> 1,mse,adam_9,20,1024,19.4042,66082.7265625,10648.0146484375,10648.0146484375,0.6727684140205383,0.7,185217
2026-09-14 14:42:17,multi_optuna_model.py,"(7620, 13)",90,Optuna_Trial_151,Dense 256 -> 128(gelu) -> 128 -> 64(silu) -> 256(relu) -> 256 -> 256(silu) -> 256(silu) -> 1,mse,adam_10,20,1024,13.4701,65133.3203125,7992.2587890625,7992.259765625,0.7543842792510986,0.7,275521
2026-09-14 14:42:22,multi_optuna_model.py,"(7620, 13)",90,Optuna_Trial_152,Dense 64 -> 128(gelu) -> 256(silu) -> 128(silu) -> 256(relu) -> 256(gelu) -> 256(gelu) -> 32(relu) -> 1,mse,adam_9,20,1024,12.1987,67493.0546875,9025.9716796875,9025.9697265625,0.7226165533065796,0.7,248001
2026-09-14 14:42:36,multi_optuna_model.py,"(7620, 13)",90,Optuna_Trial_153,Dense 64 -> 256(gelu) -> 256 -> 32(silu) -> 256(silu) -> 64 -> 256(silu) -> 128(gelu) -> 1,mse,adam_10,20,1024,24.8391,66978.578125,10608.9501953125,10608.953125,0.6739689111709595,0.7,166113
2026-09-14 14:42:41,multi_optuna_model.py,"(7620, 13)",90,Optuna_Trial_154,Dense 256 -> 256(gelu) -> 256(silu) -> 32(gelu) -> 256(gelu) -> 256(gelu) -> 256(gelu) -> 128(gelu) -> 1,mse,adam_10,20,1024,28.7077,67648.2578125,4570.15966796875,4570.15966796875,0.8595512509346008,0.7,316449
2026-09-14 14:42:43,multi_optuna_model.py,"(7620, 13)",90,Optuna_Trial_157,Dense 64 -> 256(gelu) -> 256(silu) -> 128(gelu) -> 256(relu) -> 256 -> 256(gelu) -> 128(gelu) -> 1,mse,adam_9,20,1024,30.0805,65897.9765625,6513.22900390625,6513.22900390625,0.7998374700546265,0.7,313857
2026-09-14 14:42:43,multi_optuna_model.py,"(7620, 13)",90,Optuna_Trial_156,Dense 256 -> 64(gelu) -> 64(silu) -> 32(gelu) -> 256(gelu) -> 256 -> 256(gelu) -> 128(gelu) -> 1,mse,adam_10,20,1024,30.3936,67460.34375,9956.419921875,9956.4208984375,0.6940222978591919,0.7,199329
2026-09-14 14:42:43,multi_optuna_model.py,"(7620, 13)",90,Optuna_Trial_160,Dense 256 -> 256(gelu) -> 256 -> 32(silu) -> 128(silu) -> 256 -> 32(silu) -> 128(silu) -> 1,mse,adam_10,20,1024,29.5895,66846.546875,11059.9052734375,11059.9052734375,0.660110354423523,0.7,193217
2026-09-14 14:42:43,multi_optuna_model.py,"(7620, 13)",90,Optuna_Trial_166,Dense 128 -> 32(gelu) -> 128 -> 256(silu) -> 128(relu) -> 64(relu) -> 256(silu) -> 128(relu) -> 1,mse,adam_10,20,1024,29.493,67498.78125,12572.16015625,12572.1591796875,0.6136361360549927,0.7,133985
2026-09-14 14:42:44,multi_optuna_model.py,"(7620, 13)",90,Optuna_Trial_158,Dense 256 -> 256 -> 256(silu) -> 32(gelu) -> 256(gelu) -> 64 -> 32(gelu) -> 128(gelu) -> 1,mse,adam_9,20,1024,30.6041,68016.921875,12942.986328125,12942.986328125,0.6022400856018066,0.7,174721
2026-09-14 14:42:44,multi_optuna_model.py,"(7620, 13)",90,Optuna_Trial_155,Dense 256 -> 256(gelu) -> 256 -> 128(relu) -> 64(relu) -> 256(relu) -> 32(gelu) -> 64(gelu) -> 1,mse,adam_9,20,1024,29.9278,68076.0546875,11324.1015625,11324.0966796875,0.6519911885261536,0.7,203361
2026-09-14 14:42:44,multi_optuna_model.py,"(7620, 13)",90,Optuna_Trial_161,Dense 256 -> 128(gelu) -> 256 -> 32(silu) -> 128(silu) -> 256 -> 256 -> 128(gelu) -> 1,mse,adam_10,20,1024,30.4305,64496.29296875,3600.9775390625,3600.9775390625,0.8893358707427979,0.7,213793
2026-09-14 14:42:44,multi_optuna_model.py,"(7620, 13)",90,Optuna_Trial_163,Dense 256 -> 256(gelu) -> 256(silu) -> 32(relu) -> 256 -> 256 -> 256(silu) -> 128(gelu) -> 1,mse,adam_9,20,1024,31.1711,60843.125,5772.25830078125,5772.25830078125,0.8226087093353271,0.7,316449
2026-09-14 14:42:44,multi_optuna_model.py,"(7620, 13)",90,Optuna_Trial_164,Dense 256 -> 256(gelu) -> 64 -> 32(silu) -> 256(silu) -> 256(silu) -> 256(silu) -> 128(gelu) -> 1,mse,adam_9,20,1024,31.2108,67414.0390625,7571.75732421875,7571.7568359375,0.7673070430755615,0.7,260961
2026-09-14 14:42:44,multi_optuna_model.py,"(7620, 13)",90,Optuna_Trial_159,Dense 256(gelu) -> 256(gelu) -> 128(relu) -> 32(silu) -> 128(silu) -> 256 -> 256(silu) -> 128(silu) -> 1,mse,adam_9,20,1024,31.9257,67841.796875,8681.7578125,8681.7587890625,0.7331948280334473,0.7,242465
2026-09-14 14:42:44,multi_optuna_model.py,"(7620, 13)",90,Optuna_Trial_162,Dense 256 -> 256(silu) -> 256 -> 32(silu) -> 128(gelu) -> 256 -> 256(relu) -> 128(silu) -> 1,mse,adam_9,20,1024,31.4633,63599.26171875,7372.3232421875,7372.322265625,0.7734360098838806,0.7,279457
2026-09-14 14:42:45,multi_optuna_model.py,"(7620, 13)",90,Optuna_Trial_165,Dense 256(gelu) -> 256(gelu) -> 128(silu) -> 32(gelu) -> 256(gelu) -> 256 -> 256(gelu) -> 256(gelu) -> 1,mse,adam_9,20,1024,32.1178,67505.8671875,9565.521484375,9565.521484375,0.7060352563858032,0.7,312481
2026-09-14 14:42:46,multi_optuna_model.py,"(7620, 13)",90,Optuna_Trial_167,Dense 256 -> 256(gelu) -> 64 -> 32(gelu) -> 256(gelu) -> 256 -> 256 -> 32(gelu) -> 1,mse,adam_11,20,1024,21.5445,65075.109375,8491.8837890625,8491.8857421875,0.7390300035476685,0.7,236193
2026-09-14 14:42:47,multi_optuna_model.py,"(7620, 13)",90,Optuna_Trial_168,Dense 256 -> 256(gelu) -> 256 -> 32(silu) -> 128(relu) -> 32 -> 128(silu) -> 128(gelu) -> 1,mse,adam_10,20,1024,15.918,67340.9375,6093.3857421875,6093.38623046875,0.812739908695221,0.7,172609
2026-09-14 14:42:59,multi_optuna_model.py,"(7620, 13)",90,Optuna_Trial_169,Dense 256(relu) -> 128(silu) -> 128(silu) -> 64(silu) -> 256 -> 32 -> 128(relu) -> 32(gelu) -> 1,mse,adam_11,20,1024,11.9255,67941.2265625,12857.6162109375,12857.6181640625,0.6048635840415955,0.7,94497
2026-09-14 14:43:14,multi_optuna_model.py,"(7620, 13)",90,Optuna_Trial_170,Dense 256 -> 128(gelu) -> 256(silu) -> 32(gelu) -> 256(gelu) -> 64(gelu) -> 256(gelu) -> 128(gelu) -> 1,mse,adam_11,20,1024,23.96,68325.7578125,7163.14697265625,7163.1474609375,0.7798643708229065,0.7,152289
2026-09-14 14:43:23,multi_optuna_model.py,"(7620, 13)",90,Optuna_Trial_176,Dense 64 -> 256(gelu) -> 256(silu) -> 128(gelu) -> 256(relu) -> 256 -> 128(gelu) -> 128(gelu) -> 1,mse,adam_10,20,1024,26.9873,65824.7421875,7217.8779296875,7217.876953125,0.7781823873519897,0.7,264577
2026-09-14 14:43:24,multi_optuna_model.py,"(7620, 13)",90,Optuna_Trial_172,Dense 256 -> 256(gelu) -> 256(silu) -> 32(relu) -> 256 -> 256 -> 256(silu) -> 128(gelu) -> 1,mse,adam_11,20,1024,27.7539,63022.7109375,6748.6025390625,6748.60302734375,0.7926039695739746,0.7,316449
2026-09-14 14:43:24,multi_optuna_model.py,"(7620, 13)",90,Optuna_Trial_177,Dense 32 -> 256(gelu) -> 256(silu) -> 32(relu) -> 256 -> 256 -> 256(silu) -> 64(gelu) -> 1,mse,adam_10,20,1024,27.948,65535.12890625,10835.0166015625,10835.0166015625,0.667021632194519,0.7,239457
2026-09-14 14:43:24,multi_optuna_model.py,"(7620, 13)",90,Optuna_Trial_171,Dense 128 -> 128(gelu) -> 256 -> 32(silu) -> 128(relu) -> 256 -> 256 -> 128(gelu) -> 1,mse,adam_11,20,1024,27.8157,64391.91015625,7253.60791015625,7253.60888671875,0.7770843505859375,0.7,195617
2026-09-14 14:43:25,multi_optuna_model.py,"(7620, 13)",90,Optuna_Trial_174,Dense 128 -> 256(gelu) -> 256(silu) -> 32(gelu) -> 256(gelu) -> 256 -> 256 -> 128(gelu) -> 1,mse,adam_10,20,1024,28.3431,64848.875,4511.30322265625,4511.30322265625,0.8613600134849548,0.7,281889
2026-09-14 14:43:25,multi_optuna_model.py,"(7620, 13)",90,Optuna_Trial_175,Dense 256 -> 256(gelu) -> 256(silu) -> 256(gelu) -> 32(relu) -> 256(relu) -> 256(gelu) -> 128(gelu) -> 1,mse,adam_10,20,1024,28.7551,67070.0234375,7371.857421875,7371.85791015625,0.7734503149986267,0.7,316449
2026-09-14 14:43:25,multi_optuna_model.py,"(7620, 13)",90,Optuna_Trial_173,Dense 256 -> 128(gelu) -> 256 -> 64(silu) -> 128(silu) -> 256 -> 256(silu) -> 128(gelu) -> 1,mse,adam_11,20,1024,32.2272,65864.8828125,9061.9111328125,9061.912109375,0.7215120792388916,0.7,226113
2026-09-14 14:43:25,multi_optuna_model.py,"(7620, 13)",90,Optuna_Trial_180,Dense 32 -> 128(gelu) -> 256 -> 256(silu) -> 256(relu) -> 256(gelu) -> 256(silu) -> 32(relu) -> 1,mse,adam_10,20,1024,32.0041,65617.6328125,7579.236328125,7579.2333984375,0.7670772075653076,0.7,309121
2026-09-14 14:43:26,multi_optuna_model.py,"(7620, 13)",90,Optuna_Trial_179,Dense 256 -> 256(gelu) -> 256(silu) -> 32(gelu) -> 256(gelu) -> 256 -> 256(relu) -> 128(gelu) -> 1,mse,adam_10,20,1024,32.8886,66793.84375,4951.2509765625,4951.2509765625,0.8478396534919739,0.7,316449
2026-09-14 14:43:26,multi_optuna_model.py,"(7620, 13)",90,Optuna_Trial_178,Dense 256 -> 256(gelu) -> 256(silu) -> 32 -> 256(silu) -> 256(gelu) -> 256(gelu) -> 128 -> 1,mse,adam_11,20,1024,32.0753,65469.8671875,7765.48876953125,7765.4873046875,0.7613533735275269,0.7,316449
2026-09-14 14:43:26,multi_optuna_model.py,"(7620, 13)",90,Optuna_Trial_181,Dense 128 -> 256(gelu) -> 128(gelu) -> 256(silu) -> 128(relu) -> 256 -> 256(silu) -> 64 -> 1,mse,adam_10,20,1024,31.9228,64798.21484375,5574.14892578125,5574.14892578125,0.8286969661712646,0.7,248961
2026-09-14 14:43:26,multi_optuna_model.py,"(7620, 13)",90,Optuna_Trial_183,Dense 256 -> 256(gelu) -> 32(silu) -> 32(gelu) -> 64(gelu) -> 256(relu) -> 256(gelu) -> 128(gelu) -> 1,mse,adam_12,20,1024,31.1745,68081.3203125,9046.888671875,9046.8876953125,0.7219737768173218,0.7,196225
2026-09-14 14:43:26,multi_optuna_model.py,"(7620, 13)",90,Optuna_Trial_182,Dense 256 -> 128(relu) -> 256 -> 32(silu) -> 128(silu) -> 256 -> 256 -> 128(gelu) -> 1,mse,adam_10,20,1024,31.2623,59723.7578125,10270.5146484375,10270.5126953125,0.684369683265686,0.7,213793
2026-09-14 14:43:26,multi_optuna_model.py,"(7620, 13)",90,Optuna_Trial_184,Dense 64(relu) -> 256(silu) -> 256(silu) -> 128(gelu) -> 256(gelu) -> 256 -> 256(gelu) -> 128(gelu) -> 1,mse,adam_11,20,1024,31.057,66122.4609375,13600.810546875,13600.80859375,0.5820240378379822,0.7,313857
2026-09-14 14:43:27,multi_optuna_model.py,"(7620, 13)",90,Optuna_Trial_185,Dense 256 -> 64(gelu) -> 256 -> 32(silu) -> 128(relu) -> 256(gelu) -> 128(silu) -> 128(gelu) -> 1,mse,adam_12,20,1024,19.2425,67977.453125,10813.9912109375,10813.990234375,0.6676676869392395,0.7,131681
2026-09-14 14:43:40,multi_optuna_model.py,"(7620, 13)",90,Optuna_Trial_186,Dense 256 -> 128(gelu) -> 256(silu) -> 32(gelu) -> 256(gelu) -> 64(gelu) -> 256(gelu) -> 128(gelu) -> 1,mse,adam_12,20,1024,16.8876,68288.4921875,11295.603515625,11295.603515625,0.6528669595718384,0.7,152289
2026-09-14 14:43:56,multi_optuna_model.py,"(7620, 13)",90,Optuna_Trial_187,Dense 256 -> 256 -> 32(silu) -> 32(relu) -> 256 -> 256 -> 256(silu) -> 128(gelu) -> 1,mse,adam_11,20,1024,23.3254,59940.3125,9628.220703125,9628.2197265625,0.7041084170341492,0.7,251713
2026-09-14 14:43:57,multi_optuna_model.py,"(7620, 13)",90,Optuna_Trial_192,Dense 256 -> 256(gelu) -> 32 -> 32(silu) -> 128(relu) -> 32 -> 128(silu) -> 128(gelu) -> 1,mse,adam_12,20,1024,24.5833,68192.8828125,10486.767578125,10486.7666015625,0.6777238249778748,0.7,107873
2026-09-14 14:44:03,multi_optuna_model.py,"(7620, 13)",90,Optuna_Trial_190,Dense 256 -> 256(gelu) -> 256(relu) -> 128(relu) -> 256 -> 256 -> 256(silu) -> 128(gelu) -> 1,mse,adam_11,20,1024,27.6343,57522.62109375,8232.6220703125,8232.625,0.7469974756240845,0.7,365697
2026-09-14 14:44:03,multi_optuna_model.py,"(7620, 13)",90,Optuna_Trial_193,Dense 256 -> 256(gelu) -> 256(silu) -> 32(gelu) -> 256(relu) -> 256 -> 256(gelu) -> 128(relu) -> 1,mse,adam_12,20,1024,28.0893,66216.625,7135.0126953125,7135.0146484375,0.7807289361953735,0.7,316449
2026-09-14 14:44:03,multi_optuna_model.py,"(7620, 13)",90,Optuna_Trial_189,Dense 128 -> 256(gelu) -> 256(silu) -> 32(gelu) -> 256(gelu) -> 256 -> 256(relu) -> 128(gelu) -> 1,mse,adam_12,20,1024,28.2145,66394.1328125,8656.86328125,8656.8623046875,0.7339599132537842,0.7,281889
2026-09-14 14:44:04,multi_optuna_model.py,"(7620, 13)",90,Optuna_Trial_195,Dense 128 -> 256(gelu) -> 128(gelu) -> 256(gelu) -> 128(relu) -> 256 -> 256(silu) -> 64 -> 1,mse,adam_13,20,1024,29.2892,65311.9296875,6213.04638671875,6213.0439453125,0.8090625405311584,0.7,248961
2026-09-14 14:44:04,multi_optuna_model.py,"(7620, 13)",90,Optuna_Trial_199,Dense 256 -> 64(gelu) -> 256(silu) -> 32(relu) -> 256 -> 256 -> 128(relu) -> 128(gelu) -> 1,mse,adam_12,20,1024,28.3371,65794.2109375,10758.9716796875,10758.9716796875,0.6693586111068726,0.7,168673
2026-09-14 14:44:05,multi_optuna_model.py,"(7620, 13)",90,Optuna_Trial_201,Dense 64 -> 256(gelu) -> 256(silu) -> 64(relu) -> 64(relu) -> 256(relu) -> 128(silu) -> 64(gelu) -> 1,mse,adam_13,20,1024,28.3852,67957.0390625,10011.08984375,10011.0908203125,0.6923422813415527,0.7,161793
2026-09-14 14:44:05,multi_optuna_model.py,"(7620, 13)",90,Optuna_Trial_191,Dense 256 -> 256(gelu) -> 256(silu) -> 32(relu) -> 256 -> 32 -> 256(silu) -> 128(gelu) -> 1,mse,adam_11,20,1024,28.8053,67269.8984375,7630.857421875,7630.8583984375,0.7654907703399658,0.7,201537
2026-09-14 14:44:05,multi_optuna_model.py,"(7620, 13)",90,Optuna_Trial_188,Dense 128 -> 256(gelu) -> 256(gelu) -> 256(silu) -> 128(relu) -> 128 -> 256(silu) -> 64 -> 1,mse,adam_11,20,1024,29.6882,64676.1796875,6784.3662109375,6784.3662109375,0.7915049195289612,0.7,265345
2026-09-14 14:44:05,multi_optuna_model.py,"(7620, 13)",90,Optuna_Trial_198,Dense 256 -> 256(silu) -> 256(silu) -> 32 -> 128 -> 256 -> 256(silu) -> 128(gelu) -> 1,mse,adam_11,20,1024,29.3648,63064.63671875,8857.1337890625,8857.1337890625,0.7278052568435669,0.7,279457
2026-09-14 14:44:05,multi_optuna_model.py,"(7620, 13)",90,Optuna_Trial_197,Dense 256(gelu) -> 128(gelu) -> 256 -> 32(silu) -> 128(silu) -> 256(silu) -> 256 -> 128(gelu) -> 1,mse,adam_12,20,1024,30.4141,67412.8828125,11433.2138671875,11433.2138671875,0.6486378908157349,0.7,213793
2026-09-14 14:44:05,multi_optuna_model.py,"(7620, 13)",90,Optuna_Trial_196,Dense 256 -> 256(gelu) -> 64(silu) -> 32(gelu) -> 256(gelu) -> 256(relu) -> 256(silu) -> 128 -> 1,mse,adam_11,20,1024,30.7208,65432.46875,5540.6982421875,5540.6982421875,0.8297249674797058,0.7,260961
2026-09-14 14:44:05,multi_optuna_model.py,"(7620, 13)",90,Optuna_Trial_194,Dense 256 -> 256(gelu) -> 256(relu) -> 32(gelu) -> 256(gelu) -> 256 -> 128(gelu) -> 128(gelu) -> 1,mse,adam_11,20,1024,30.5426,66063.5625,7548.5068359375,7548.50830078125,0.7680215835571289,0.7,267169
2026-09-14 14:44:05,multi_optuna_model.py,"(7620, 13)",90,Optuna_Trial_200,Dense 256 -> 256(relu) -> 256(silu) -> 32(gelu) -> 256(gelu) -> 256(gelu) -> 64(silu) -> 128(gelu) -> 1,mse,adam_11,20,1024,30.5096,67640.6875,9459.8681640625,9459.8681640625,0.7092821598052979,0.7,242529
2026-09-14 14:44:06,multi_optuna_model.py,"(7620, 13)",90,Optuna_Trial_202,Dense 256(relu) -> 256(gelu) -> 256(silu) -> 128(relu) -> 64(silu) -> 256(relu) -> 256(relu) -> 64(gelu) -> 1,mse,adam_13,20,1024,15.0453,66788.6953125,10931.40625,10931.4072265625,0.6640593409538269,0.7,275265
2026-09-14 14:44:17,multi_optuna_model.py,"(7620, 13)",90,Optuna_Trial_203,Dense 256 -> 256(relu) -> 256(silu) -> 32(silu) -> 256(gelu) -> 256 -> 256(gelu) -> 128(gelu) -> 1,mse,adam_12,20,1024,14.2739,65396.625,9489.3408203125,9489.3427734375,0.7083764672279358,0.7,316449
2026-09-14 14:44:27,multi_optuna_model.py,"(7620, 13)",90,Optuna_Trial_204,Dense 256(relu) -> 256(gelu) -> 256(silu) -> 32(gelu) -> 256(gelu) -> 256 -> 256(gelu) -> 128(gelu) -> 1,mse,adam_13,20,1024,15.8081,65352.640625,10748.8857421875,10748.8876953125,0.6696685552597046,0.7,316449
2026-09-14 14:44:44,multi_optuna_model.py,"(7620, 13)",90,Optuna_Trial_209,Dense 256 -> 256(gelu) -> 64(silu) -> 32(gelu) -> 256(gelu) -> 256(relu) -> 256(silu) -> 32 -> 1,mse,adam_12,20,1024,32.2222,67089.6640625,8262.095703125,8262.0947265625,0.7460917234420776,0.7,236193
2026-09-14 14:44:44,multi_optuna_model.py,"(7620, 13)",90,Optuna_Trial_205,Dense 128 -> 128(gelu) -> 128(gelu) -> 32(gelu) -> 128(relu) -> 256 -> 256(silu) -> 64 -> 1,mse,adam_12,20,1024,32.5196,66435.46875,8425.90625,8425.90625,0.7410576343536377,0.7,158497
2026-09-14 14:44:46,multi_optuna_model.py,"(7620, 13)",90,Optuna_Trial_207,Dense 128 -> 256(gelu) -> 128(gelu) -> 256(gelu) -> 64(relu) -> 256 -> 256(gelu) -> 64 -> 1,mse,adam_13,20,1024,32.9776,64883.984375,6618.8076171875,6618.80810546875,0.7965928316116333,0.7,216129
2026-09-14 14:44:48,multi_optuna_model.py,"(7620, 13)",90,Optuna_Trial_208,Dense 128(gelu) -> 256(gelu) -> 128(gelu) -> 256 -> 128(relu) -> 256(relu) -> 256(silu) -> 64 -> 1,mse,adam_13,20,1024,34.1734,65540.3125,10166.2314453125,10166.2333984375,0.6875743865966797,0.7,248961
2026-09-14 14:44:49,multi_optuna_model.py,"(7620, 13)",90,Optuna_Trial_210,Dense 128 -> 256(silu) -> 128(gelu) -> 256(silu) -> 128(relu) -> 64 -> 256(silu) -> 32 -> 1,mse,adam_14,20,1024,34.9822,66947.7734375,9319.2080078125,9319.2060546875,0.7136049270629883,0.7,166785
2026-09-14 14:44:50,multi_optuna_model.py,"(7620, 13)",90,Optuna_Trial_212,Dense 128 -> 256(gelu) -> 128 -> 256(relu) -> 128(relu) -> 256 -> 256(silu) -> 64(gelu) -> 1,mse,adam_12,20,1024,35.763,62486.90234375,10062.236328125,10062.23828125,0.6907703876495361,0.7,248961
2026-09-14 14:44:50,multi_optuna_model.py,"(7620, 13)",90,Optuna_Trial_206,Dense 128 -> 256(gelu) -> 128(relu) -> 256(silu) -> 256(relu) -> 256 -> 256(silu) -> 64 -> 1,mse,adam_14,20,1024,35.305,61621.8671875,6818.04638671875,6818.04541015625,0.7904698848724365,0.7,314625
2026-09-14 14:44:51,multi_optuna_model.py,"(7620, 13)",90,Optuna_Trial_211,Dense 64 -> 64(gelu) -> 256(silu) -> 64(gelu) -> 256(relu) -> 256 -> 256(gelu) -> 128(gelu) -> 1,mse,adam_13,20,1024,36.2951,66456.484375,6983.2529296875,6983.25341796875,0.7853927612304688,0.7,219393
2026-09-14 14:44:51,multi_optuna_model.py,"(7620, 13)",90,Optuna_Trial_217,Dense 128 -> 256(gelu) -> 128(gelu) -> 256(silu) -> 128(relu) -> 256 -> 32(silu) -> 64 -> 1,mse,adam_13,20,1024,36.6908,66549.015625,8019.08154296875,8019.07958984375,0.7535600066184998,0.7,177057
2026-09-14 14:44:51,multi_optuna_model.py,"(7620, 13)",90,Optuna_Trial_213,Dense 128 -> 256(gelu) -> 128(gelu) -> 256(gelu) -> 128(relu) -> 256 -> 256(silu) -> 64(relu) -> 1,mse,adam_12,20,1024,36.4383,66066.0234375,6637.9140625,6637.9140625,0.7960056066513062,0.7,248961
2026-09-14 14:44:51,multi_optuna_model.py,"(7620, 13)",90,Optuna_Trial_214,Dense 128(silu) -> 256(gelu) -> 128(gelu) -> 256(gelu) -> 128(gelu) -> 32 -> 256(silu) -> 64 -> 1,mse,adam_12,20,1024,36.7615,67748.140625,10778.8046875,10778.8056640625,0.6687490344047546,0.7,162721
2026-09-14 14:44:51,multi_optuna_model.py,"(7620, 13)",90,Optuna_Trial_215,Dense 32 -> 256(gelu) -> 128(gelu) -> 256(gelu) -> 128(relu) -> 256 -> 256(silu) -> 64 -> 1,mse,adam_12,20,1024,36.3957,65372.7578125,5635.5244140625,5635.5234375,0.8268107771873474,0.7,223041
2026-09-14 14:44:51,multi_optuna_model.py,"(7620, 13)",90,Optuna_Trial_218,Dense 256 -> 128(gelu) -> 256(silu) -> 128(relu) -> 64(relu) -> 256(relu) -> 256(silu) -> 64(gelu) -> 1,mse,adam_14,20,1024,36.0381,67012.640625,9557.076171875,9557.078125,0.7062948346138,0.7,209601
2026-09-14 14:44:51,multi_optuna_model.py,"(7620, 13)",90,Optuna_Trial_216,Dense 32 -> 256(gelu) -> 128(silu) -> 128(gelu) -> 256(gelu) -> 256(gelu) -> 256(gelu) -> 128(gelu) -> 1,mse,adam_12,20,1024,37.154,67826.7734375,10145.625,10145.625,0.688207745552063,0.7,255937
2026-09-14 14:44:52,multi_optuna_model.py,"(7620, 13)",90,Optuna_Trial_219,Dense 64 -> 128 -> 256 -> 256(silu) -> 256(relu) -> 256(gelu) -> 64(gelu) -> 128(relu) -> 1,mse,adam_13,20,1024,20.2138,65772.140625,9854.533203125,9854.5341796875,0.6971535086631775,0.7,264513
2026-09-14 14:44:52,multi_optuna_model.py,"(7620, 13)",90,Optuna_Trial_220,Dense 256 -> 256(gelu) -> 256(silu) -> 64(gelu) -> 64 -> 256 -> 256(silu) -> 128(gelu) -> 1,mse,adam_14,20,1024,16.4492,66264.890625,5662.599609375,5662.59912109375,0.825978696346283,0.7,271233
2026-09-14 14:45:08,multi_optuna_model.py,"(7620, 13)",90,Optuna_Trial_221,Dense 256(silu) -> 256(gelu) -> 128(silu) -> 32(relu) -> 256 -> 256 -> 256(silu) -> 128(relu) -> 1,mse,adam_13,20,1024,14.3292,65439.76953125,7948.724609375,7948.72265625,0.7557222247123718,0.7,279457
2026-09-14 14:45:09,multi_optuna_model.py,"(7620, 13)",90,Optuna_Trial_222,Dense 256(silu) -> 256(gelu) -> 256(silu) -> 32(silu) -> 128(silu) -> 256 -> 256(relu) -> 128(gelu) -> 1,mse,adam_13,20,1024,14.6932,67863.6875,9925.1962890625,9925.1962890625,0.6949819326400757,0.7,279457
2026-09-14 14:45:19,multi_optuna_model.py,"(7620, 13)",90,Optuna_Trial_223,Dense 32 -> 256(gelu) -> 256(relu) -> 32(silu) -> 128(silu) -> 256 -> 64(silu) -> 128(gelu) -> 1,mse,adam_14,20,1024,19.4061,67842.8828125,10775.5458984375,10775.5439453125,0.6688492298126221,0.7,145057
2026-09-14 14:45:25,multi_optuna_model.py,"(7620, 13)",90,Optuna_Trial_225,Dense 128 -> 256(gelu) -> 128(gelu) -> 256(relu) -> 64(relu) -> 256(gelu) -> 256(gelu) -> 64 -> 1,mse,adam_15,20,1024,26.1367,66364.7734375,6616.58544921875,6616.5849609375,0.7966611385345459,0.7,216129
2026-09-14 14:45:28,multi_optuna_model.py,"(7620, 13)",90,Optuna_Trial_224,Dense 128 -> 256(gelu) -> 128(gelu) -> 256(gelu) -> 256(relu) -> 32 -> 256(gelu) -> 64 -> 1,mse,adam_14,20,1024,27.6454,66788.4140625,7035.4658203125,7035.46728515625,0.7837882041931152,0.7,199713
2026-09-14 14:45:30,multi_optuna_model.py,"(7620, 13)",90,Optuna_Trial_228,Dense 128 -> 256(gelu) -> 128 -> 256(gelu) -> 64(relu) -> 256 -> 256(gelu) -> 64 -> 1,mse,adam_15,20,1024,28.1967,62568.890625,6441.8369140625,6441.83544921875,0.802031397819519,0.7,216129
2026-09-14 14:45:32,multi_optuna_model.py,"(7620, 13)",90,Optuna_Trial_231,Dense 256 -> 256(gelu) -> 64(silu) -> 32(gelu) -> 64(gelu) -> 256 -> 64(relu) -> 128(gelu) -> 1,mse,adam_13,20,1024,31.1652,68042.703125,8623.189453125,8623.1904296875,0.7349947690963745,0.7,131553
2026-09-14 14:45:32,multi_optuna_model.py,"(7620, 13)",90,Optuna_Trial_227,Dense 256 -> 256(gelu) -> 256(silu) -> 64(gelu) -> 64 -> 256 -> 256(silu) -> 128(gelu) -> 1,mse,adam_14,20,1024,30.4965,65287.80859375,6052.03076171875,6052.03076171875,0.8140108585357666,0.7,271233
2026-09-14 14:45:32,multi_optuna_model.py,"(7620, 13)",90,Optuna_Trial_232,Dense 64 -> 128(gelu) -> 64 -> 256(silu) -> 256(silu) -> 256(gelu) -> 256(gelu) -> 32(relu) -> 1,mse,adam_14,20,1024,30.6258,67982.3515625,10469.4453125,10469.4462890625,0.6782561540603638,0.7,239745
2026-09-14 14:45:32,multi_optuna_model.py,"(7620, 13)",90,Optuna_Trial_236,Dense 32 -> 256(gelu) -> 32(gelu) -> 256(gelu) -> 128(relu) -> 256 -> 256(silu) -> 64 -> 1,mse,adam_14,20,1024,30.5957,66193.6484375,11458.1923828125,11458.19140625,0.6478703022003174,0.7,173793
2026-09-14 14:45:32,multi_optuna_model.py,"(7620, 13)",90,Optuna_Trial_229,Dense 64 -> 128(gelu) -> 256 -> 256(silu) -> 256(relu) -> 256(gelu) -> 128(gelu) -> 32(gelu) -> 1,mse,adam_15,20,1024,31.7512,65582.5078125,7831.77294921875,7831.77294921875,0.7593163251876831,0.7,276673
2026-09-14 14:45:32,multi_optuna_model.py,"(7620, 13)",90,Optuna_Trial_235,Dense 256 -> 64(gelu) -> 64(silu) -> 32(silu) -> 256(gelu) -> 256(relu) -> 128(silu) -> 128 -> 1,mse,adam_15,20,1024,31.0527,67751.4921875,10238.126953125,10238.126953125,0.6853650212287903,0.7,150049
2026-09-14 14:45:32,multi_optuna_model.py,"(7620, 13)",90,Optuna_Trial_233,Dense 128 -> 256(gelu) -> 64(gelu) -> 256 -> 128(relu) -> 256 -> 256(silu) -> 256 -> 1,mse,adam_13,20,1024,31.3634,58386.75,7731.47216796875,7731.4716796875,0.7623987197875977,0.7,265665
2026-09-14 14:45:32,multi_optuna_model.py,"(7620, 13)",90,Optuna_Trial_234,Dense 256 -> 256(gelu) -> 128(silu) -> 32(gelu) -> 256(gelu) -> 256 -> 64(relu) -> 128(silu) -> 1,mse,adam_13,20,1024,31.5495,67753.5625,5077.71044921875,5077.7099609375,0.8439533710479736,0.7,205537
2026-09-14 14:45:32,multi_optuna_model.py,"(7620, 13)",90,Optuna_Trial_226,Dense 256 -> 256(gelu) -> 256(silu) -> 32(gelu) -> 128(gelu) -> 256(gelu) -> 256(gelu) -> 128(gelu) -> 1,mse,adam_13,20,1024,32.7737,67493.3671875,5991.29638671875,5991.294921875,0.8158772587776184,0.7,279457
2026-09-14 14:45:33,multi_optuna_model.py,"(7620, 13)",90,Optuna_Trial_230,Dense 256 -> 256(gelu) -> 256(silu) -> 32(gelu) -> 256(gelu) -> 256(gelu) -> 256(relu) -> 32(silu) -> 1,mse,adam_13,20,1024,32.1563,67469.9375,3653.404052734375,3653.404052734375,0.8877246975898743,0.7,291681
2026-09-14 14:45:35,multi_optuna_model.py,"(7620, 13)",90,Optuna_Trial_238,Dense 32 -> 256 -> 64(silu) -> 32 -> 256(gelu) -> 256(relu) -> 256(silu) -> 128 -> 1,mse,adam_14,20,1024,17.5237,65030.171875,11837.70703125,11837.70703125,0.6362071633338928,0.7,200481
2026-09-14 14:45:35,multi_optuna_model.py,"(7620, 13)",90,Optuna_Trial_237,Dense 128 -> 64(gelu) -> 256(relu) -> 256(gelu) -> 128(relu) -> 256 -> 256(silu) -> 64(silu) -> 1,mse,adam_14,20,1024,17.7905,66160.84375,8567.81640625,8567.818359375,0.7366964817047119,0.7,240705
2026-09-14 14:45:39,multi_optuna_model.py,"(7620, 13)",90,Optuna_Trial_239,Dense 128 -> 256(gelu) -> 256(silu) -> 128(relu) -> 256(gelu) -> 256 -> 256 -> 32(gelu) -> 1,mse,adam_15,20,1024,13.5555,62088.37109375,6617.06982421875,6617.068359375,0.796646237373352,0.7,306369
2026-09-14 14:45:45,multi_optuna_model.py,"(7620, 13)",90,Optuna_Trial_240,Dense 128 -> 256(gelu) -> 128(gelu) -> 256(relu) -> 64(relu) -> 256(gelu) -> 256(gelu) -> 64 -> 1,mse,adam_16,20,1024,13.4984,66447.296875,6381.630859375,6381.630859375,0.8038816452026367,0.7,216129
2026-09-14 14:46:04,multi_optuna_model.py,"(7620, 13)",90,Optuna_Trial_241,Dense 128 -> 32(gelu) -> 128(gelu) -> 128(gelu) -> 64(relu) -> 256 -> 64(gelu) -> 64 -> 1,mse,adam_15,20,1024,22.9828,67608.03125,10092.7607421875,10092.759765625,0.689832329750061,0.7,72225
2026-09-14 14:46:08,multi_optuna_model.py,"(7620, 13)",90,Optuna_Trial_242,Dense 256 -> 256(gelu) -> 256(silu) -> 64(gelu) -> 64 -> 64(gelu) -> 256(silu) -> 256(gelu) -> 1,mse,adam_16,20,1024,27.1213,67496.5859375,7246.63427734375,7246.63525390625,0.777298629283905,0.7,242625
2026-09-14 14:46:10,multi_optuna_model.py,"(7620, 13)",90,Optuna_Trial_244,Dense 256 -> 64(gelu) -> 256(silu) -> 32(gelu) -> 256(gelu) -> 256(gelu) -> 256(relu) -> 32(silu) -> 1,mse,adam_15,20,1024,27.624,68121.625,11094.4658203125,11094.4609375,0.659048318862915,0.7,193185
2026-09-14 14:46:11,multi_optuna_model.py,"(7620, 13)",90,Optuna_Trial_249,Dense 256 -> 64(gelu) -> 128(silu) -> 32(gelu) -> 256(gelu) -> 256 -> 64(relu) -> 128(silu) -> 1,mse,adam_14,20,1024,29.8968,68188.4375,9500.3671875,9500.3681640625,0.7080375552177429,0.7,131617
2026-09-14 14:46:11,multi_optuna_model.py,"(7620, 13)",90,Optuna_Trial_243,Dense 256(gelu) -> 256(gelu) -> 256 -> 32(gelu) -> 128(relu) -> 32(silu) -> 128(silu) -> 128(gelu) -> 1,mse,adam_14,20,1024,30.2931,68184.1328125,11973.146484375,11973.146484375,0.6320449113845825,0.7,172609
2026-09-14 14:46:12,multi_optuna_model.py,"(7620, 13)",90,Optuna_Trial_245,Dense 256 -> 256(gelu) -> 256(relu) -> 32(relu) -> 256(gelu) -> 256(gelu) -> 256(relu) -> 32(silu) -> 1,mse,adam_15,20,1024,30.4352,67160.1640625,8683.5087890625,8683.509765625,0.7331410646438599,0.7,291681
2026-09-14 14:46:12,multi_optuna_model.py,"(7620, 13)",90,Optuna_Trial_252,Dense 256 -> 256(gelu) -> 256(silu) -> 64 -> 256(gelu) -> 256(gelu) -> 256(gelu) -> 128(gelu) -> 1,mse,adam_14,20,1024,30.7223,66143.7578125,6222.28271484375,6222.28271484375,0.808778703212738,0.7,332865
2026-09-14 14:46:12,multi_optuna_model.py,"(7620, 13)",90,Optuna_Trial_250,Dense 256 -> 256(relu) -> 128(silu) -> 64(gelu) -> 64 -> 256(silu) -> 256(silu) -> 128(gelu) -> 1,mse,adam_16,20,1024,30.2508,66635.8671875,9619.1357421875,9619.1357421875,0.7043876647949219,0.7,230145
2026-09-14 14:46:14,multi_optuna_model.py,"(7620, 13)",90,Optuna_Trial_248,Dense 256 -> 256(gelu) -> 256(silu) -> 64(gelu) -> 64 -> 256 -> 256(silu) -> 128(gelu) -> 1,mse,adam_15,20,1024,30.1273,65553.1796875,5941.34130859375,5941.34130859375,0.8174124956130981,0.7,271233
2026-09-14 14:46:18,multi_optuna_model.py,"(7620, 13)",90,Optuna_Trial_251,Dense 256 -> 256(relu) -> 256(gelu) -> 32(silu) -> 128(relu) -> 32 -> 128(silu) -> 128(gelu) -> 1,mse,adam_14,20,1024,31.1982,67436.828125,10808.564453125,10808.564453125,0.667834460735321,0.7,172609
2026-09-14 14:46:19,multi_optuna_model.py,"(7620, 13)",90,Optuna_Trial_247,Dense 256 -> 256(gelu) -> 256(silu) -> 32(gelu) -> 128(gelu) -> 256 -> 64(gelu) -> 128(silu) -> 1,mse,adam_14,20,1024,31.5173,67870.2578125,8704.416015625,8704.416015625,0.7324985265731812,0.7,205537
2026-09-14 14:46:19,multi_optuna_model.py,"(7620, 13)",90,Optuna_Trial_246,Dense 64 -> 256(gelu) -> 256(silu) -> 32(gelu) -> 128(gelu) -> 256(gelu) -> 256(gelu) -> 128(gelu) -> 1,mse,adam_16,20,1024,31.4792,67871.8046875,4892.65576171875,4892.65625,0.8496403694152832,0.7,227617
2026-09-14 14:46:23,multi_optuna_model.py,"(7620, 13)",90,Optuna_Trial_253,Dense 128(relu) -> 256(gelu) -> 128 -> 256(gelu) -> 64(relu) -> 256 -> 256(gelu) -> 64(silu) -> 1,mse,adam_15,20,1024,23.941,66338.7265625,12164.3369140625,12164.3359375,0.6261693239212036,0.7,216129
2026-09-14 14:46:24,multi_optuna_model.py,"(7620, 13)",90,Optuna_Trial_254,Dense 32 -> 256(silu) -> 128 -> 256(gelu) -> 64(relu) -> 128 -> 256(gelu) -> 64 -> 1,mse,adam_15,20,1024,22.596,66236.0703125,12931.9052734375,12931.9072265625,0.6025805473327637,0.7,149121
2026-09-14 14:46:24,multi_optuna_model.py,"(7620, 13)",90,Optuna_Trial_255,Dense 128 -> 256(gelu) -> 128 -> 256(gelu) -> 64(silu) -> 256 -> 256(gelu) -> 128 -> 1,mse,adam_16,20,1024,21.5554,65047.40625,4377.68798828125,4377.6875,0.8654662370681763,0.7,232641
2026-09-14 14:46:25,multi_optuna_model.py,"(7620, 13)",90,Optuna_Trial_256,Dense 256 -> 128(gelu) -> 256 -> 32(silu) -> 64(silu) -> 256 -> 256 -> 64 -> 1,mse,adam_17,20,1024,20.8573,62640.77734375,7476.15576171875,7476.15576171875,0.7702450752258301,0.7,178785
2026-09-14 14:46:32,multi_optuna_model.py,"(7620, 13)",90,Optuna_Trial_257,Dense 128 -> 256(gelu) -> 256 -> 32 -> 128(silu) -> 256(gelu) -> 256(silu) -> 128(gelu) -> 1,mse,adam_16,20,1024,15.3998,66360.125,10899.9853515625,10899.9873046875,0.665024995803833,0.7,244897
2026-09-14 14:46:35,multi_optuna_model.py,"(7620, 13)",90,Optuna_Trial_258,Dense 256(relu) -> 256(silu) -> 256(silu) -> 128(relu) -> 32(relu) -> 256(relu) -> 256(silu) -> 64(gelu) -> 1,mse,adam_17,20,1024,15.9837,66766.1796875,13383.6416015625,13383.6416015625,0.5886979699134827,0.7,262945
2026-09-14 14:46:42,multi_optuna_model.py,"(7620, 13)",90,Optuna_Trial_259,Dense 256(silu) -> 256(gelu) -> 256(gelu) -> 32(gelu) -> 256 -> 256(gelu) -> 256(relu) -> 32(silu) -> 1,mse,adam_16,20,1024,19.1069,67826.921875,7599.45458984375,7599.45361328125,0.766455888748169,0.7,291681
2026-09-14 14:46:44,multi_optuna_model.py,"(7620, 13)",90,Optuna_Trial_262,Dense 256 -> 256(relu) -> 128(silu) -> 32(gelu) -> 32(gelu) -> 256 -> 128(relu) -> 128(silu) -> 1,mse,adam_16,20,1024,19.299,65862.2578125,9857.384765625,9857.384765625,0.6970658302307129,0.7,165441
2026-09-14 14:46:45,multi_optuna_model.py,"(7620, 13)",90,Optuna_Trial_260,Dense 256 -> 256(gelu) -> 256(silu) -> 64 -> 256 -> 256(gelu) -> 256(relu) -> 128(gelu) -> 1,mse,adam_15,20,1024,19.5157,64919.890625,6838.197265625,6838.1982421875,0.789850652217865,0.7,332865
2026-09-14 14:46:46,multi_optuna_model.py,"(7620, 13)",90,Optuna_Trial_263,Dense 256 -> 128(gelu) -> 256 -> 32(relu) -> 64(silu) -> 32 -> 256 -> 128(gelu) -> 1,mse,adam_15,20,1024,20.2466,66914.9609375,10708.833984375,10708.83203125,0.6708993911743164,0.7,123393
2026-09-14 14:46:46,multi_optuna_model.py,"(7620, 13)",90,Optuna_Trial_264,Dense 128 -> 256(relu) -> 128(gelu) -> 32(silu) -> 128(gelu) -> 256 -> 256(silu) -> 64 -> 1,mse,adam_17,20,1024,20.11,65986.2734375,9601.919921875,9601.921875,0.7049167156219482,0.7,191393
2026-09-14 14:46:47,multi_optuna_model.py,"(7620, 13)",90,Optuna_Trial_261,Dense 256 -> 256(gelu) -> 256(silu) -> 64 -> 256(gelu) -> 256(silu) -> 256(gelu) -> 128(gelu) -> 1,mse,adam_15,20,1024,21.0465,65953.171875,6734.23095703125,6734.23291015625,0.7930456399917603,0.7,332865
2026-09-14 14:46:52,multi_optuna_model.py,"(7620, 13)",90,Optuna_Trial_265,Dense 256 -> 256(gelu) -> 256(silu) -> 64(gelu) -> 64 -> 256 -> 256(silu) -> 128(gelu) -> 1,mse,adam_16,20,1024,18.7168,65885.9609375,5939.6943359375,5939.6962890625,0.8174630999565125,0.7,271233
2026-09-14 14:47:05,multi_optuna_model.py,"(7620, 13)",90,Optuna_Trial_267,Dense 256 -> 256(gelu) -> 256 -> 32(gelu) -> 128(gelu) -> 256(gelu) -> 256(gelu) -> 128(gelu) -> 1,mse,adam_15,20,1024,25.925,66725.4609375,5167.0498046875,5167.0498046875,0.8412078022956848,0.7,279457
2026-09-14 14:47:05,multi_optuna_model.py,"(7620, 13)",90,Optuna_Trial_266,Dense 256 -> 256(gelu) -> 256(gelu) -> 128(relu) -> 256(relu) -> 256(relu) -> 128(silu) -> 64(gelu) -> 1,mse,adam_15,20,1024,25.6904,66848.9765625,7156.13720703125,7156.13720703125,0.7800797820091248,0.7,308097
2026-09-14 14:47:05,multi_optuna_model.py,"(7620, 13)",90,Optuna_Trial_269,Dense 64 -> 256(gelu) -> 256(silu) -> 32(gelu) -> 32(gelu) -> 256(gelu) -> 32(gelu) -> 128(gelu) -> 1,mse,adam_16,20,1024,26.1344,68386.65625,11643.517578125,11643.5146484375,0.6421749591827393,0.7,113633
2026-09-14 14:47:05,multi_optuna_model.py,"(7620, 13)",90,Optuna_Trial_270,Dense 128 -> 256(gelu) -> 128 -> 256(gelu) -> 64(silu) -> 256 -> 256(gelu) -> 128 -> 1,mse,adam_16,20,1024,25.5159,64366.984375,5987.44140625,5987.44091796875,0.8159957528114319,0.7,232641
2026-09-14 14:47:06,multi_optuna_model.py,"(7620, 13)",90,Optuna_Trial_268,Dense 64 -> 256(gelu) -> 64(silu) -> 32(gelu) -> 128(gelu) -> 256(gelu) -> 256(silu) -> 128(gelu) -> 1,mse,adam_17,20,1024,26.1432,68179.5,8903.1572265625,8903.158203125,0.7263908982276917,0.7,172129
2026-09-14 14:47:06,multi_optuna_model.py,"(7620, 13)",90,Optuna_Trial_272,Dense 256 -> 256(silu) -> 256(silu) -> 32(gelu) -> 128(gelu) -> 64(gelu) -> 256(gelu) -> 64(gelu) -> 1,mse,adam_18,20,1024,25.6276,68259.0546875,10490.748046875,10490.748046875,0.6776015162467957,0.7,189025
2026-09-14 14:47:06,multi_optuna_model.py,"(7620, 13)",90,Optuna_Trial_271,Dense 64 -> 256(gelu) -> 256(silu) -> 256(gelu) -> 128(gelu) -> 256(gelu) -> 256(gelu) -> 128(gelu) -> 1,mse,adam_17,20,1024,25.9904,67228.8125,6381.42626953125,6381.42724609375,0.8038879632949829,0.7,313857
2026-09-14 14:47:08,multi_optuna_model.py,"(7620, 13)",90,Optuna_Trial_273,Dense 256(relu) -> 256(gelu) -> 256(silu) -> 32(gelu) -> 256(gelu) -> 256(gelu) -> 256(gelu) -> 32(silu) -> 1,mse,adam_17,20,1024,19.6985,67771.09375,12498.8681640625,12498.8662109375,0.6158885955810547,0.7,291681
2026-09-14 14:47:09,multi_optuna_model.py,"(7620, 13)",90,Optuna_Trial_274,Dense 256 -> 256(gelu) -> 256(silu) -> 32(gelu) -> 32(gelu) -> 256 -> 256(gelu) -> 256(gelu) -> 1,mse,adam_18,20,1024,18.3345,67422.890625,3162.10107421875,3162.100830078125,0.902823269367218,0.7,284737
2026-09-14 14:47:30,multi_optuna_model.py,"(7620, 13)",90,Optuna_Trial_275,Dense 256 -> 256(gelu) -> 256(gelu) -> 32(relu) -> 64(relu) -> 256(relu) -> 256(silu) -> 64(gelu) -> 1,mse,adam_17,20,1024,24.2866,67444.09375,5469.5693359375,5469.57080078125,0.8319108486175537,0.7,244449
2026-09-14 14:47:32,multi_optuna_model.py,"(7620, 13)",90,Optuna_Trial_277,Dense 64 -> 128(silu) -> 256 -> 256(silu) -> 256(relu) -> 256(gelu) -> 256(gelu) -> 32(relu) -> 1,mse,adam_16,20,1024,25.3126,65164.69140625,9323.81640625,9323.8173828125,0.713463306427002,0.7,313665
2026-09-14 14:47:32,multi_optuna_model.py,"(7620, 13)",90,Optuna_Trial_279,Dense 128 -> 256(gelu) -> 256(silu) -> 32(gelu) -> 64(silu) -> 256 -> 256 -> 128(gelu) -> 1,mse,adam_18,20,1024,25.5375,65822.921875,4799.53955078125,4799.5400390625,0.8525019884109497,0.7,226401
2026-09-14 14:47:32,multi_optuna_model.py,"(7620, 13)",90,Optuna_Trial_276,Dense 256 -> 256(gelu) -> 256(silu) -> 32(silu) -> 128(gelu) -> 256(gelu) -> 256(relu) -> 128 -> 1,mse,adam_17,20,1024,25.8147,66644.2265625,6833.9306640625,6833.9306640625,0.7899817228317261,0.7,279457
2026-09-14 14:47:33,multi_optuna_model.py,"(7620, 13)",90,Optuna_Trial_278,Dense 256 -> 32(gelu) -> 256(silu) -> 32(gelu) -> 128(gelu) -> 128(gelu) -> 256(gelu) -> 128 -> 1,mse,adam_16,20,1024,32.2926,68175.21875,11566.6943359375,11566.6953125,0.6445358991622925,0.7,115265
2026-09-14 14:47:34,multi_optuna_model.py,"(7620, 13)",90,Optuna_Trial_280,Dense 128(relu) -> 256(gelu) -> 128(relu) -> 256(gelu) -> 128(relu) -> 256 -> 256(silu) -> 64 -> 1,mse,adam_16,20,1024,30.226,62757.95703125,11254.5869140625,11254.5830078125,0.6541274785995483,0.7,248961
2026-09-14 14:47:34,multi_optuna_model.py,"(7620, 13)",90,Optuna_Trial_281,Dense 256(silu) -> 256(gelu) -> 256(silu) -> 64(gelu) -> 64 -> 256 -> 256(silu) -> 128(gelu) -> 1,mse,adam_17,20,1024,29.7814,67346.75,10696.60546875,10696.607421875,0.6712751388549805,0.7,271233
2026-09-14 14:47:52,multi_optuna_model.py,"(7620, 13)",90,Optuna_Trial_284,Dense 256 -> 256(gelu) -> 256(silu) -> 64(gelu) -> 64 -> 256 -> 64(silu) -> 128(relu) -> 1,mse,adam_17,20,1024,34.7104,67347.4453125,8271.8779296875,8271.8759765625,0.7457911968231201,0.7,197313
2026-09-14 14:47:52,multi_optuna_model.py,"(7620, 13)",90,Optuna_Trial_286,Dense 128 -> 256(gelu) -> 256 -> 64(silu) -> 64 -> 256 -> 256(silu) -> 128(gelu) -> 1,mse,adam_18,20,1024,34.9694,65195.609375,12581.4423828125,12581.4404296875,0.6133509278297424,0.7,236673
2026-09-14 14:47:53,multi_optuna_model.py,"(7620, 13)",90,Optuna_Trial_283,Dense 128 -> 256(gelu) -> 128 -> 256(gelu) -> 64(silu) -> 256 -> 256(gelu) -> 128 -> 1,mse,adam_16,20,1024,35.9256,64443.66796875,6069.55859375,6069.556640625,0.8134721517562866,0.7,232641
2026-09-14 14:47:53,multi_optuna_model.py,"(7620, 13)",90,Optuna_Trial_287,Dense 256 -> 64(gelu) -> 256(silu) -> 64(gelu) -> 32 -> 256(relu) -> 256(silu) -> 128(gelu) -> 1,mse,adam_19,20,1024,35.4226,67618.5546875,9047.208984375,9047.2080078125,0.7219638824462891,0.7,162465
2026-09-14 14:47:53,multi_optuna_model.py,"(7620, 13)",90,Optuna_Trial_290,Dense 256 -> 256(gelu) -> 256(silu) -> 64(gelu) -> 64 -> 32 -> 256(silu) -> 128(gelu) -> 1,mse,adam_19,20,1024,34.8246,67087.453125,8629.056640625,8629.0576171875,0.734814465045929,0.7,199329
2026-09-14 14:47:53,multi_optuna_model.py,"(7620, 13)",90,Optuna_Trial_282,Dense 256 -> 256(gelu) -> 256(silu) -> 32(gelu) -> 128(gelu) -> 256(gelu) -> 256(gelu) -> 128(gelu) -> 1,mse,adam_16,20,1024,36.6385,67580.7890625,5531.51123046875,5531.51171875,0.8300072550773621,0.7,279457
2026-09-14 14:47:54,multi_optuna_model.py,"(7620, 13)",90,Optuna_Trial_285,Dense 256 -> 256(silu) -> 256(silu) -> 64(gelu) -> 64 -> 256 -> 128(gelu) -> 128(gelu) -> 1,mse,adam_18,20,1024,35.6692,66954.3203125,7615.97314453125,7615.97412109375,0.7659482359886169,0.7,221953
2026-09-14 14:47:54,multi_optuna_model.py,"(7620, 13)",90,Optuna_Trial_289,Dense 256 -> 256(gelu) -> 256(silu) -> 32(gelu) -> 32(gelu) -> 256 -> 256(silu) -> 256(gelu) -> 1,mse,adam_18,20,1024,35.7588,66734.7578125,6247.259765625,6247.2607421875,0.8080111145973206,0.7,284737
2026-09-14 14:47:54,multi_optuna_model.py,"(7620, 13)",90,Optuna_Trial_288,Dense 64(gelu) -> 256(silu) -> 256(silu) -> 32(gelu) -> 128(gelu) -> 256(gelu) -> 256(gelu) -> 128(gelu) -> 1,mse,adam_17,20,1024,36.4547,68152.71875,12268.2841796875,12268.2861328125,0.6229747533798218,0.7,227617
2026-09-14 14:48:09,multi_optuna_model.py,"(7620, 13)",90,Optuna_Trial_291,Dense 256 -> 256(gelu) -> 256(gelu) -> 32(relu) -> 64(relu) -> 256(relu) -> 256(silu) -> 64(gelu) -> 1,mse,adam_18,20,1024,25.3607,67499.984375,5899.6796875,5899.68115234375,0.8186928033828735,0.7,244449
2026-09-14 14:48:11,multi_optuna_model.py,"(7620, 13)",90,Optuna_Trial_293,Dense 256 -> 256(gelu) -> 256(silu) -> 32(silu) -> 256(gelu) -> 256 -> 64(relu) -> 64(silu) -> 1,mse,adam_18,20,1024,26.8048,67779.609375,9472.921875,9472.921875,0.7088810205459595,0.7,238305
2026-09-14 14:48:11,multi_optuna_model.py,"(7620, 13)",90,Optuna_Trial_294,Dense 256 -> 32(gelu) -> 256(silu) -> 256(gelu) -> 256(gelu) -> 256 -> 256(gelu) -> 128(gelu) -> 1,mse,adam_17,20,1024,27.2014,67057.984375,9509.3115234375,9509.3095703125,0.7077627182006836,0.7,316449
2026-09-14 14:48:11,multi_optuna_model.py,"(7620, 13)",90,Optuna_Trial_292,Dense 128 -> 256(gelu) -> 256(silu) -> 32(gelu) -> 64(silu) -> 256 -> 128 -> 128(gelu) -> 1,mse,adam_19,20,1024,27.639,66911.296875,8486.9365234375,8486.9365234375,0.7391819953918457,0.7,177121
2026-09-14 14:48:12,multi_optuna_model.py,"(7620, 13)",90,Optuna_Trial_297,Dense 256 -> 256(gelu) -> 256(gelu) -> 32(gelu) -> 32(silu) -> 256 -> 256(gelu) -> 256(silu) -> 1,mse,adam_18,20,1024,27.8591,67076.328125,5443.24267578125,5443.24267578125,0.8327199220657349,0.7,284737
2026-09-14 14:48:12,multi_optuna_model.py,"(7620, 13)",90,Optuna_Trial_295,Dense 64 -> 256(gelu) -> 128(relu) -> 32(gelu) -> 256(gelu) -> 256 -> 64 -> 128(silu) -> 1,mse,adam_17,20,1024,28.019,67268.625,9645.5654296875,9645.568359375,0.7035753726959229,0.7,153697
2026-09-14 14:48:12,multi_optuna_model.py,"(7620, 13)",90,Optuna_Trial_296,Dense 256 -> 128(gelu) -> 64(silu) -> 32(gelu) -> 256(gelu) -> 256 -> 64(silu) -> 128 -> 1,mse,adam_17,20,1024,28.2161,67249.453125,9462.9091796875,9462.912109375,0.7091887593269348,0.7,145953
2026-09-14 14:48:25,multi_optuna_model.py,"(7620, 13)",90,Optuna_Trial_298,Dense 128 -> 64(gelu) -> 256(silu) -> 32 -> 64(silu) -> 256(gelu) -> 256 -> 128(gelu) -> 1,mse,adam_18,20,1024,22.2184,67130.5078125,12969.4208984375,12969.4208984375,0.6014276742935181,0.7,152481
2026-09-14 14:48:29,multi_optuna_model.py,"(7620, 13)",90,Optuna_Trial_299,Dense 256 -> 256(gelu) -> 64(silu) -> 128(relu) -> 128(relu) -> 256(relu) -> 256(silu) -> 64 -> 1,mse,adam_19,20,1024,26.6242,65512.6796875,6427.73193359375,6427.73291015625,0.8024649024009705,0.7,225985
2026-09-14 14:48:31,multi_optuna_model.py,"(7620, 13)",90,Optuna_Trial_300,Dense 256(relu) -> 256(gelu) -> 256 -> 32(gelu) -> 128(gelu) -> 64(gelu) -> 256(gelu) -> 128(gelu) -> 1,mse,adam_20,20,1024,28.9423,67840.8125,11061.6337890625,11061.6318359375,0.6600571870803833,0.7,205537
2026-09-14 14:48:32,multi_optuna_model.py,"(7620, 13)",90,Optuna_Trial_304,Dense 256 -> 256(gelu) -> 256(silu) -> 128(relu) -> 64(relu) -> 256(silu) -> 64(silu) -> 64(gelu) -> 1,mse,adam_19,20,1024,27.9038,68107.234375,7970.1513671875,7970.15234375,0.7550637125968933,0.7,213633
2026-09-14 14:48:33,multi_optuna_model.py,"(7620, 13)",90,Optuna_Trial_306,Dense 32 -> 256(gelu) -> 128(gelu) -> 256(gelu) -> 128(relu) -> 32 -> 32(silu) -> 64 -> 1,mse,adam_18,20,1024,28.9771,67856.3828125,11841.888671875,11841.8896484375,0.6360785961151123,0.7,115073
2026-09-14 14:48:33,multi_optuna_model.py,"(7620, 13)",90,Optuna_Trial_302,Dense 256 -> 256(gelu) -> 256(silu) -> 32(gelu) -> 256(gelu) -> 256(silu) -> 256(relu) -> 128(gelu) -> 1,mse,adam_19,20,1024,28.7656,67613.359375,4564.55419921875,4564.5546875,0.8597235083580017,0.7,316449
2026-09-14 14:48:33,multi_optuna_model.py,"(7620, 13)",90,Optuna_Trial_305,Dense 256 -> 256(gelu) -> 256(relu) -> 32(gelu) -> 256(gelu) -> 32(gelu) -> 256(gelu) -> 64(gelu) -> 1,mse,adam_20,20,1024,29.2673,68249.2578125,6462.00048828125,6462.0,0.8014117479324341,0.7,185025
2026-09-14 14:48:34,multi_optuna_model.py,"(7620, 13)",90,Optuna_Trial_303,Dense 32(gelu) -> 256(gelu) -> 32 -> 256(silu) -> 128(relu) -> 256 -> 256(silu) -> 64(silu) -> 1,mse,adam_17,20,1024,29.4686,67307.84375,14144.8681640625,14144.869140625,0.565304160118103,0.7,173793
2026-09-14 14:48:34,multi_optuna_model.py,"(7620, 13)",90,Optuna_Trial_301,Dense 256 -> 256(gelu) -> 256(silu) -> 256(gelu) -> 256(gelu) -> 256(gelu) -> 32(relu) -> 64(silu) -> 1,mse,adam_17,20,1024,29.6188,67968.8203125,8462.1962890625,8462.1982421875,0.7399423718452454,0.7,342945
2026-09-14 14:49:15,multi_optuna_model.py,"(7620, 13)",90,Optuna_Trial_307,Dense 256 -> 256(gelu) -> 256(gelu) -> 32(relu) -> 64(relu) -> 256(relu) -> 256(silu) -> 64(gelu) -> 1,mse,adam_19,20,1024,48.197,67758.328125,8686.177734375,8686.177734375,0.7330590486526489,0.7,244449
2026-09-14 14:49:16,multi_optuna_model.py,"(7620, 13)",90,Optuna_Trial_310,Dense 256 -> 256(gelu) -> 256(silu) -> 128(relu) -> 64 -> 256(relu) -> 256(silu) -> 64(gelu) -> 1,mse,adam_18,20,1024,49.4563,65879.0625,5768.89892578125,5768.8994140625,0.8227119445800781,0.7,275265
2026-09-14 14:49:16,multi_optuna_model.py,"(7620, 13)",90,Optuna_Trial_311,Dense 256 -> 256(gelu) -> 128(silu) -> 256(gelu) -> 256(relu) -> 32 -> 64(relu) -> 128(silu) -> 1,mse,adam_18,20,1024,49.3955,67580.3984375,7802.9130859375,7802.91259765625,0.7602032423019409,0.7,219873
2026-09-14 14:49:16,multi_optuna_model.py,"(7620, 13)",90,Optuna_Trial_313,Dense 256 -> 64(gelu) -> 256 -> 32(gelu) -> 128(gelu) -> 256(gelu) -> 256(gelu) -> 128(gelu) -> 1,mse,adam_18,20,1024,49.872,67968.46875,7983.2763671875,7983.2763671875,0.7546603679656982,0.7,180961
2026-09-14 14:49:16,multi_optuna_model.py,"(7620, 13)",90,Optuna_Trial_308,Dense 256(relu) -> 256(relu) -> 64(silu) -> 32(gelu) -> 64(gelu) -> 256(relu) -> 256(silu) -> 128 -> 1,mse,adam_19,20,1024,49.6758,66023.25,11734.7626953125,11734.7607421875,0.6393707990646362,0.7,205473
2026-09-14 14:49:16,multi_optuna_model.py,"(7620, 13)",90,Optuna_Trial_312,Dense 256 -> 128(gelu) -> 256 -> 256(silu) -> 128(silu) -> 64 -> 256 -> 128(gelu) -> 1,mse,adam_19,20,1024,49.9595,64219.875,7495.8955078125,7495.896484375,0.7696384191513062,0.7,226113
2026-09-14 14:49:17,multi_optuna_model.py,"(7620, 13)",90,Optuna_Trial_309,Dense 256 -> 256(gelu) -> 256(gelu) -> 32(gelu) -> 32(silu) -> 256 -> 256(gelu) -> 256(silu) -> 1,mse,adam_20,20,1024,50.6195,66747.9765625,5677.95751953125,5677.95703125,0.8255067467689514,0.7,284737
2026-09-14 14:49:28,multi_optuna_model.py,"(7620, 13)",90,Optuna_Trial_314,Dense 256 -> 256(gelu) -> 128(silu) -> 32 -> 256(gelu) -> 128 -> 64(relu) -> 128(silu) -> 1,mse,adam_19,20,1024,48.0818,67703.640625,10216.0712890625,10216.0732421875,0.6860427856445312,0.7,164449
2026-09-14 14:49:30,multi_optuna_model.py,"(7620, 13)",90,Optuna_Trial_315,Dense 32 -> 256(gelu) -> 256(silu) -> 32(relu) -> 256(gelu) -> 256(gelu) -> 128(gelu) -> 128(gelu) -> 1,mse,adam_20,20,1024,50.2684,67954.578125,12832.337890625,12832.3369140625,0.6056404709815979,0.7,206689
2026-09-14 14:49:48,multi_optuna_model.py,"(7620, 13)",90,Optuna_Trial_316,Dense 32 -> 256(gelu) -> 256 -> 256(silu) -> 64(relu) -> 256 -> 256(silu) -> 64(silu) -> 1,mse,adam_21,20,1024,41.4797,65331.01953125,8510.0380859375,8510.0390625,0.7384721040725708,0.7,255873
2026-09-14 14:49:49,multi_optuna_model.py,"(7620, 13)",90,Optuna_Trial_322,Dense 256 -> 256(gelu) -> 128(silu) -> 32(gelu) -> 256(relu) -> 256 -> 64(relu) -> 64(relu) -> 1,mse,adam_21,20,1024,35.3493,65349.8203125,5773.77099609375,5773.7705078125,0.8225622177124023,0.7,201313
2026-09-14 14:49:50,multi_optuna_model.py,"(7620, 13)",90,Optuna_Trial_320,Dense 256 -> 64(gelu) -> 256(silu) -> 32(gelu) -> 64(gelu) -> 256 -> 256(relu) -> 128(gelu) -> 1,mse,adam_18,20,1024,38.2771,67790.0625,9112.259765625,9112.26171875,0.7199648022651672,0.7,162465
2026-09-14 14:49:51,multi_optuna_model.py,"(7620, 13)",90,Optuna_Trial_321,Dense 256 -> 256(silu) -> 256(silu) -> 32(gelu) -> 256(relu) -> 256(gelu) -> 256(relu) -> 32(silu) -> 1,mse,adam_18,20,1024,43.6484,67623.6328125,8740.0185546875,8740.0185546875,0.7314044237136841,0.7,291681
2026-09-14 14:49:51,multi_optuna_model.py,"(7620, 13)",90,Optuna_Trial_317,Dense 256 -> 256(silu) -> 256(gelu) -> 32(gelu) -> 256(gelu) -> 256 -> 256(relu) -> 128(gelu) -> 1,mse,adam_20,20,1024,40.2092,65015.29296875,7215.36962890625,7215.37060546875,0.7782594561576843,0.7,316449
2026-09-14 14:49:52,multi_optuna_model.py,"(7620, 13)",90,Optuna_Trial_319,Dense 64 -> 256(gelu) -> 256(silu) -> 32(gelu) -> 256(gelu) -> 256(gelu) -> 256 -> 32(gelu) -> 1,mse,adam_20,20,1024,46.2221,66724.0234375,5259.2333984375,5259.23291015625,0.8383748531341553,0.7,239841
2026-09-14 14:49:52,multi_optuna_model.py,"(7620, 13)",90,Optuna_Trial_318,Dense 256 -> 256(gelu) -> 256(silu) -> 32(gelu) -> 256(gelu) -> 256(silu) -> 256(relu) -> 128(gelu) -> 1,mse,adam_19,20,1024,38.6955,67509.625,6723.99072265625,6723.99365234375,0.7933603525161743,0.7,316449
2026-09-14 14:50:13,multi_optuna_model.py,"(7620, 13)",90,Optuna_Trial_324,Dense 256 -> 256(gelu) -> 128 -> 256(silu) -> 128(relu) -> 256 -> 64(silu) -> 64(silu) -> 1,mse,adam_20,20,1024,42.2885,66738.3828125,8586.1611328125,8586.162109375,0.7361327409744263,0.7,221889
2026-09-14 14:50:13,multi_optuna_model.py,"(7620, 13)",90,Optuna_Trial_323,Dense 256 -> 256(gelu) -> 256(silu) -> 128(relu) -> 64 -> 256(relu) -> 256(silu) -> 64(gelu) -> 1,mse,adam_20,20,1024,42.3653,66858.0625,6815.72021484375,6815.72021484375,0.7905413508415222,0.7,275265
2026-09-14 14:50:16,multi_optuna_model.py,"(7620, 13)",90,Optuna_Trial_328,Dense 256 -> 256(gelu) -> 64(silu) -> 128(gelu) -> 256(gelu) -> 256(relu) -> 32(silu) -> 128 -> 1,mse,adam_19,20,1024,44.4777,67772.5,6770.40576171875,6770.4072265625,0.7919339537620544,0.7,205537
2026-09-14 14:50:17,multi_optuna_model.py,"(7620, 13)",90,Optuna_Trial_325,Dense 128 -> 256(gelu) -> 128(gelu) -> 256(silu) -> 128(relu) -> 256(silu) -> 256(silu) -> 128 -> 1,mse,adam_19,20,1024,43.64,65719.9296875,8454.47265625,8454.470703125,0.740179717540741,0.7,265473
2026-09-14 14:50:18,multi_optuna_model.py,"(7620, 13)",90,Optuna_Trial_326,Dense 256 -> 256(gelu) -> 256(gelu) -> 32(gelu) -> 32(silu) -> 256 -> 256(gelu) -> 256(silu) -> 1,mse,adam_20,20,1024,47.0168,67091.875,3691.140869140625,3691.140625,0.8865649700164795,0.7,284737
2026-09-14 14:50:18,multi_optuna_model.py,"(7620, 13)",90,Optuna_Trial_329,Dense 128(gelu) -> 256(gelu) -> 256 -> 256(silu) -> 128(gelu) -> 256 -> 256(silu) -> 64(silu) -> 1,mse,adam_21,20,1024,45.136,66311.46875,9801.80078125,9801.7998046875,0.698773980140686,0.7,314625
2026-09-14 14:50:18,multi_optuna_model.py,"(7620, 13)",90,Optuna_Trial_327,Dense 256 -> 256(gelu) -> 256(gelu) -> 32(gelu) -> 32(silu) -> 256 -> 256(gelu) -> 256(silu) -> 1,mse,adam_19,20,1024,46.7945,66858.59375,4174.2626953125,4174.2626953125,0.8717178106307983,0.7,284737
2026-09-14 14:50:25,multi_optuna_model.py,"(7620, 13)",90,Optuna_Trial_331,Dense 256 -> 256(gelu) -> 256(silu) -> 64(gelu) -> 32(gelu) -> 32 -> 256(gelu) -> 256(gelu) -> 1,mse,adam_21,20,1024,39.4359,68021.40625,6298.59521484375,6298.59423828125,0.8064334988594055,0.7,229249
2026-09-14 14:50:26,multi_optuna_model.py,"(7620, 13)",90,Optuna_Trial_330,Dense 128(silu) -> 256(gelu) -> 64 -> 256(silu) -> 128(relu) -> 256 -> 256(silu) -> 64 -> 1,mse,adam_20,20,1024,38.2963,65301.04296875,11056.2373046875,11056.240234375,0.6602230072021484,0.7,216129
2026-09-14 14:50:30,multi_optuna_model.py,"(7620, 13)",90,Optuna_Trial_332,Dense 128 -> 256(gelu) -> 256 -> 256(relu) -> 32(relu) -> 256 -> 256(silu) -> 32(silu) -> 1,mse,adam_22,20,1024,31.2245,64627.6953125,10867.703125,10867.701171875,0.6660170555114746,0.7,257121
2026-09-14 14:50:35,multi_optuna_model.py,"(7620, 13)",90,Optuna_Trial_333,Dense 128(silu) -> 256(gelu) -> 128(gelu) -> 256(silu) -> 128(relu) -> 64 -> 256(gelu) -> 64 -> 1,mse,adam_22,20,1024,33.4304,67051.6796875,10425.3193359375,10425.3173828125,0.6796122789382935,0.7,175041
2026-09-14 14:50:40,multi_optuna_model.py,"(7620, 13)",90,Optuna_Trial_336,Dense 128 -> 32(silu) -> 256 -> 256(silu) -> 128(relu) -> 256 -> 256(relu) -> 64(silu) -> 1,mse,adam_21,20,1024,34.6845,65760.9375,9388.6435546875,9388.6455078125,0.7114710211753845,0.7,228385
2026-09-14 14:50:40,multi_optuna_model.py,"(7620, 13)",90,Optuna_Trial_334,Dense 256 -> 256(gelu) -> 128(silu) -> 32(gelu) -> 256 -> 256 -> 64(relu) -> 64(relu) -> 1,mse,adam_19,20,1024,35.1266,66494.875,6557.37890625,6557.380859375,0.7984806299209595,0.7,201313
2026-09-14 14:50:41,multi_optuna_model.py,"(7620, 13)",90,Optuna_Trial_338,Dense 32 -> 256(gelu) -> 128(silu) -> 256 -> 128(relu) -> 256 -> 256 -> 64 -> 1,mse,adam_20,20,1024,34.9035,57119.79296875,11796.32421875,11796.3271484375,0.6374789476394653,0.7,223041
2026-09-14 14:50:41,multi_optuna_model.py,"(7620, 13)",90,Optuna_Trial_335,Dense 32 -> 256(relu) -> 128(relu) -> 256(gelu) -> 128(relu) -> 256(gelu) -> 256(silu) -> 64 -> 1,mse,adam_19,20,1024,35.5137,63846.109375,11149.4638671875,11149.466796875,0.6573580503463745,0.7,223041
2026-09-14 14:50:41,multi_optuna_model.py,"(7620, 13)",90,Optuna_Trial_337,Dense 64 -> 256(gelu) -> 256(silu) -> 32(gelu) -> 256(gelu) -> 256(gelu) -> 256 -> 32(gelu) -> 1,mse,adam_21,20,1024,36.0667,66131.421875,5207.08154296875,5207.08154296875,0.8399775624275208,0.7,239841
2026-09-14 14:50:48,multi_optuna_model.py,"(7620, 13)",90,Optuna_Trial_339,Dense 128 -> 256(gelu) -> 256(silu) -> 128(silu) -> 64(silu) -> 256 -> 256 -> 128(relu) -> 1,mse,adam_21,20,1024,25.2489,66613.8359375,7068.03076171875,7068.02880859375,0.7827874422073364,0.7,257217
2026-09-14 14:50:49,multi_optuna_model.py,"(7620, 13)",90,Optuna_Trial_340,Dense 256 -> 256 -> 128(silu) -> 32(gelu) -> 256(gelu) -> 256 -> 64(relu) -> 128(silu) -> 1,mse,adam_21,20,1024,25.6891,66472.640625,4227.31982421875,4227.3203125,0.8700872659683228,0.7,205537
2026-09-14 14:51:02,multi_optuna_model.py,"(7620, 13)",90,Optuna_Trial_344,Dense 64(silu) -> 128(gelu) -> 256 -> 32(silu) -> 128(silu) -> 128 -> 256 -> 128(gelu) -> 1,mse,adam_21,20,1024,32.2654,67393.1796875,11132.69921875,11132.7001953125,0.657873272895813,0.7,137249
2026-09-14 14:51:02,multi_optuna_model.py,"(7620, 13)",90,Optuna_Trial_341,Dense 128 -> 256(gelu) -> 256(silu) -> 32(gelu) -> 256(gelu) -> 32 -> 256 -> 128(relu) -> 1,mse,adam_20,20,1024,32.3374,67975.3203125,7379.4072265625,7379.40673828125,0.7732182741165161,0.7,166977
2026-09-14 14:51:03,multi_optuna_model.py,"(7620, 13)",90,Optuna_Trial_343,Dense 256 -> 256(gelu) -> 256(gelu) -> 32(gelu) -> 32(silu) -> 128 -> 256(gelu) -> 256(silu) -> 1,mse,adam_22,20,1024,32.5163,67581.734375,5170.224609375,5170.22607421875,0.8411102294921875,0.7,247745
2026-09-14 14:51:03,multi_optuna_model.py,"(7620, 13)",90,Optuna_Trial_342,Dense 256 -> 256(relu) -> 256(silu) -> 32(gelu) -> 256(gelu) -> 32 -> 256(relu) -> 32(silu) -> 1,mse,adam_20,20,1024,32.6577,67876.2890625,10380.748046875,10380.75,0.6809819936752319,0.7,176769
2026-09-14 14:51:03,multi_optuna_model.py,"(7620, 13)",90,Optuna_Trial_345,Dense 256(gelu) -> 256(gelu) -> 256(gelu) -> 128(gelu) -> 32(silu) -> 256 -> 256 -> 256(silu) -> 1,mse,adam_20,20,1024,32.673,66390.0390625,7728.39697265625,7728.39697265625,0.7624932527542114,0.7,312481
2026-09-14 14:51:15,multi_optuna_model.py,"(7620, 13)",90,Optuna_Trial_346,Dense 32 -> 256(gelu) -> 128(gelu) -> 256(silu) -> 32(relu) -> 256 -> 256(silu) -> 64 -> 1,mse,adam_22,20,1024,30.3806,66842.8828125,11239.7353515625,11239.734375,0.6545838713645935,0.7,173793
2026-09-14 14:51:16,multi_optuna_model.py,"(7620, 13)",90,Optuna_Trial_348,Dense 256 -> 256(gelu) -> 256(gelu) -> 32(gelu) -> 64(silu) -> 256(relu) -> 64(gelu) -> 256(silu) -> 1,mse,adam_23,20,1024,31.3354,68275.625,4685.19580078125,4685.19677734375,0.8560159802436829,0.7,195489
2026-09-14 14:51:17,multi_optuna_model.py,"(7620, 13)",90,Optuna_Trial_347,Dense 256(gelu) -> 256(gelu) -> 64(silu) -> 32(gelu) -> 256(gelu) -> 256(relu) -> 256(silu) -> 128(relu) -> 1,mse,adam_21,20,1024,31.8037,67986.28125,8234.861328125,8234.861328125,0.7469287514686584,0.7,260961
2026-09-14 14:51:23,multi_optuna_model.py,"(7620, 13)",90,Optuna_Trial_349,Dense 256(silu) -> 256(gelu) -> 256(silu) -> 32(gelu) -> 32(silu) -> 256 -> 256(gelu) -> 256(silu) -> 1,mse,adam_23,20,1024,30.3222,67826.953125,10425.388671875,10425.3876953125,0.6796101331710815,0.7,284737
2026-09-14 14:51:32,multi_optuna_model.py,"(7620, 13)",90,Optuna_Trial_350,Dense 64 -> 256(relu) -> 256(silu) -> 32(gelu) -> 256(gelu) -> 256(gelu) -> 256 -> 32 -> 1,mse,adam_22,20,1024,34.4208,63404.7265625,10330.2744140625,10330.275390625,0.6825331449508667,0.7,239841
2026-09-14 14:51:35,multi_optuna_model.py,"(7620, 13)",90,Optuna_Trial_354,Dense 256 -> 256(gelu) -> 64 -> 32(gelu) -> 128(gelu) -> 256(gelu) -> 256(gelu) -> 128 -> 1,mse,adam_21,20,1024,37.1565,66762.9296875,6996.22119140625,6996.22216796875,0.7849942445755005,0.7,223969
2026-09-14 14:51:36,multi_optuna_model.py,"(7620, 13)",90,Optuna_Trial_352,Dense 256 -> 256(gelu) -> 256(gelu) -> 32(gelu) -> 32(silu) -> 256(relu) -> 256 -> 256(relu) -> 1,mse,adam_22,20,1024,37.7165,65493.93359375,7115.62744140625,7115.625,0.7813247442245483,0.7,284737
2026-09-14 14:51:36,multi_optuna_model.py,"(7620, 13)",90,Optuna_Trial_353,Dense 64 -> 256(gelu) -> 256 -> 32(gelu) -> 256(gelu) -> 256(gelu) -> 256(gelu) -> 128 -> 1,mse,adam_20,20,1024,38.0285,63979.77734375,6069.68408203125,6069.6845703125,0.813468337059021,0.7,264609
2026-09-14 14:51:39,multi_optuna_model.py,"(7620, 13)",90,Optuna_Trial_351,Dense 64 -> 256(gelu) -> 256(silu) -> 32(gelu) -> 256(gelu) -> 256(gelu) -> 256 -> 32(gelu) -> 1,mse,adam_20,20,1024,39.9228,67207.25,3569.510986328125,3569.5107421875,0.8903028964996338,0.7,239841
2026-09-14 14:51:45,multi_optuna_model.py,"(7620, 13)",90,Optuna_Trial_356,Dense 256(gelu) -> 256 -> 128(silu) -> 32(gelu) -> 256(gelu) -> 256 -> 64(relu) -> 128(relu) -> 1,mse,adam_22,20,1024,34.0961,67685.4375,9831.669921875,9831.669921875,0.6978561282157898,0.7,205537
2026-09-14 14:51:47,multi_optuna_model.py,"(7620, 13)",90,Optuna_Trial_355,Dense 256(silu) -> 256(gelu) -> 64(relu) -> 32(gelu) -> 256(gelu) -> 256(silu) -> 256(silu) -> 128 -> 1,mse,adam_22,20,1024,34.5224,67538.8046875,8476.81640625,8476.8173828125,0.7394930124282837,0.7,260961
2026-09-14 14:52:00,multi_optuna_model.py,"(7620, 13)",90,Optuna_Trial_357,Dense 256 -> 256(gelu) -> 128 -> 32(gelu) -> 256(gelu) -> 64(gelu) -> 64(relu) -> 128(silu) -> 1,mse,adam_22,20,1024,42.4235,68313.4375,10830.134765625,10830.1337890625,0.6671715974807739,0.7,143905
2026-09-14 14:52:02,multi_optuna_model.py,"(7620, 13)",90,Optuna_Trial_358,Dense 64 -> 256(gelu) -> 256(gelu) -> 32(silu) -> 64(silu) -> 128 -> 256(gelu) -> 256(silu) -> 1,mse,adam_21,20,1024,44.9478,67667.9921875,8467.3076171875,8467.3076171875,0.7397852540016174,0.7,201057
2026-09-14 14:52:05,multi_optuna_model.py,"(7620, 13)",90,Optuna_Trial_359,Dense 128 -> 32(gelu) -> 256(silu) -> 32(relu) -> 32(gelu) -> 256 -> 256(gelu) -> 256(gelu) -> 1,mse,adam_23,20,1024,47.5318,67991.8125,12266.6591796875,12266.65625,0.6230248212814331,0.7,163937
2026-09-14 14:52:07,multi_optuna_model.py,"(7620, 13)",90,Optuna_Trial_361,Dense 128 -> 256(gelu) -> 256(gelu) -> 32(gelu) -> 32(silu) -> 128 -> 256(gelu) -> 128(silu) -> 1,mse,adam_21,20,1024,48.1845,67815.5,8500.0126953125,8500.013671875,0.73878014087677,0.7,180161
2026-09-14 14:52:07,multi_optuna_model.py,"(7620, 13)",90,Optuna_Trial_360,Dense 128(gelu) -> 256(gelu) -> 256(silu) -> 32(gelu) -> 256(silu) -> 256 -> 256 -> 256(gelu) -> 1,mse,adam_21,20,1024,46.444,66060.2421875,9296.2900390625,9296.2890625,0.7143092155456543,0.7,314913
2026-09-14 14:52:12,multi_optuna_model.py,"(7620, 13)",90,Optuna_Trial_364,Dense 256 -> 256(gelu) -> 256(gelu) -> 32(gelu) -> 64(silu) -> 128(relu) -> 64(gelu) -> 256(silu) -> 1,mse,adam_22,20,1024,40.0277,68234.28125,6010.9619140625,6010.9619140625,0.8152729272842407,0.7,178977
2026-09-14 14:52:15,multi_optuna_model.py,"(7620, 13)",90,Optuna_Trial_363,Dense 256 -> 256 -> 128(silu) -> 32(gelu) -> 256(relu) -> 256 -> 64(relu) -> 128(silu) -> 1,mse,adam_24,20,1024,41.01,65181.62890625,6984.88232421875,6984.8818359375,0.7853427529335022,0.7,205537
2026-09-14 14:52:15,multi_optuna_model.py,"(7620, 13)",90,Optuna_Trial_362,Dense 256 -> 128(gelu) -> 32(gelu) -> 32(gelu) -> 32(silu) -> 128 -> 256(gelu) -> 256(silu) -> 1,mse,adam_23,20,1024,43.9192,68220.2109375,6547.4208984375,6547.4189453125,0.7987866401672363,0.7,146017
2026-09-14 14:52:17,multi_optuna_model.py,"(7620, 13)",90,Optuna_Trial_365,Dense 256 -> 256(gelu) -> 256(silu) -> 32(gelu) -> 64(silu) -> 256(silu) -> 256 -> 128(gelu) -> 1,mse,adam_24,20,1024,37.5971,67259.1484375,6438.3017578125,6438.30322265625,0.8021400570869446,0.7,260961
2026-09-14 14:52:23,multi_optuna_model.py,"(7620, 13)",90,Optuna_Trial_366,Dense 256 -> 256 -> 128(gelu) -> 32(gelu) -> 256(gelu) -> 256 -> 128(relu) -> 128(silu) -> 1,mse,adam_23,20,1024,36.852,65344.34765625,4312.41162109375,4312.4111328125,0.8674722909927368,0.7,230177
2026-09-14 14:52:34,multi_optuna_model.py,"(7620, 13)",90,Optuna_Trial_367,Dense 256 -> 128(gelu) -> 128 -> 32(silu) -> 128(silu) -> 256 -> 32 -> 128(gelu) -> 1,mse,adam_22,20,1024,39.1342,67165.71875,11480.6708984375,11480.6708984375,0.6471794843673706,0.7,106945
2026-09-14 14:52:38,multi_optuna_model.py,"(7620, 13)",90,Optuna_Trial_368,Dense 256 -> 256 -> 256(silu) -> 32(gelu) -> 32(gelu) -> 256(relu) -> 256(gelu) -> 256(silu) -> 1,mse,adam_23,20,1024,40.3571,66637.578125,9592.0703125,9592.0712890625,0.7052193880081177,0.7,284737
2026-09-14 14:52:38,multi_optuna_model.py,"(7620, 13)",90,Optuna_Trial_369,Dense 256 -> 256(gelu) -> 256(gelu) -> 32(gelu) -> 32(silu) -> 128 -> 32(gelu) -> 32(silu) -> 1,mse,adam_21,20,1024,43.49,68375.359375,8127.6982421875,8127.697265625,0.7502220273017883,0.7,153889
2026-09-14 14:52:40,multi_optuna_model.py,"(7620, 13)",90,Optuna_Trial_370,Dense 256 -> 256(gelu) -> 256(silu) -> 32(gelu) -> 256(gelu) -> 256(gelu) -> 256 -> 32(gelu) -> 1,mse,adam_21,20,1024,38.3687,65757.5078125,3837.72509765625,3837.7265625,0.882060170173645,0.7,291681
2026-09-14 14:52:41,multi_optuna_model.py,"(7620, 13)",90,Optuna_Trial_372,Dense 64 -> 64(gelu) -> 32(silu) -> 32(gelu) -> 256(gelu) -> 256(gelu) -> 256 -> 32(relu) -> 1,mse,adam_23,20,1024,41.2581,67843.8828125,11859.6181640625,11859.615234375,0.63553386926651,0.7,156481
2026-09-14 14:52:45,multi_optuna_model.py,"(7620, 13)",90,Optuna_Trial_371,Dense 256(silu) -> 256(gelu) -> 128(gelu) -> 32(gelu) -> 256(gelu) -> 256(gelu) -> 256(gelu) -> 128(gelu) -> 1,mse,adam_23,20,1024,37.3342,68187.734375,8743.7734375,8743.771484375,0.7312890291213989,0.7,279457
2026-09-14 14:52:58,multi_optuna_model.py,"(7620, 13)",90,Optuna_Trial_373,Dense 64 -> 256(gelu) -> 32(silu) -> 256(gelu) -> 256(gelu) -> 256(gelu) -> 256 -> 32(gelu) -> 1,mse,adam_23,20,1024,46.4509,67635.2109375,10728.0517578125,10728.048828125,0.6703087687492371,0.7,239841
2026-09-14 14:53:02,multi_optuna_model.py,"(7620, 13)",90,Optuna_Trial_374,Dense 256(gelu) -> 256(relu) -> 256(silu) -> 32(gelu) -> 256(gelu) -> 128 -> 256(relu) -> 128(gelu) -> 1,mse,adam_22,20,1024,44.704,67083.1484375,9843.0302734375,9843.03125,0.6975069642066956,0.7,250785
2026-09-14 14:53:07,multi_optuna_model.py,"(7620, 13)",90,Optuna_Trial_375,Dense 64 -> 256(gelu) -> 256(silu) -> 32(gelu) -> 256(gelu) -> 128(silu) -> 256 -> 32(relu) -> 1,mse,adam_24,20,1024,48.1086,67866.8828125,7596.2666015625,7596.265625,0.7665538787841797,0.7,174177
2026-09-14 14:53:11,multi_optuna_model.py,"(7620, 13)",90,Optuna_Trial_377,Dense 64 -> 256(gelu) -> 256(silu) -> 32(gelu) -> 64(gelu) -> 32(gelu) -> 256(relu) -> 128(gelu) -> 1,mse,adam_22,20,1024,51.1552,68243.921875,11610.328125,11610.3271484375,0.6431949138641357,0.7,137217
2026-09-14 14:53:11,multi_optuna_model.py,"(7620, 13)",90,Optuna_Trial_376,Dense 256 -> 256 -> 256(gelu) -> 32(gelu) -> 32(silu) -> 256 -> 256(gelu) -> 64(relu) -> 1,mse,adam_22,20,1024,50.3864,66833.0859375,9198.75390625,9198.7548828125,0.7173066735267639,0.7,235201
2026-09-14 14:53:17,multi_optuna_model.py,"(7620, 13)",90,Optuna_Trial_378,Dense 64 -> 256(gelu) -> 64(gelu) -> 32(gelu) -> 32(gelu) -> 256(relu) -> 256(silu) -> 128 -> 1,mse,adam_23,20,1024,51.7725,67855.1640625,10394.1630859375,10394.162109375,0.6805697679519653,0.7,144385
2026-09-14 14:53:21,multi_optuna_model.py,"(7620, 13)",90,Optuna_Trial_379,Dense 256(silu) -> 128(gelu) -> 256 -> 32(silu) -> 128 -> 256 -> 256 -> 128(gelu) -> 1,mse,adam_25,20,1024,50.9941,65925.1640625,9276.25390625,9276.25390625,0.7149249911308289,0.7,213793
2026-09-14 14:53:22,multi_optuna_model.py,"(7620, 13)",90,Optuna_Trial_381,Dense 256 -> 256 -> 256 -> 32(gelu) -> 256(gelu) -> 256 -> 64(relu) -> 128(silu) -> 1,mse,adam_25,20,1024,49.6481,60371.3984375,11387.1552734375,11387.15625,0.6500533819198608,0.7,242529
2026-09-14 14:53:22,multi_optuna_model.py,"(7620, 13)",90,Optuna_Trial_380,Dense 64 -> 256(gelu) -> 256(silu) -> 32(gelu) -> 256(gelu) -> 256(relu) -> 256 -> 256(gelu) -> 1,mse,adam_24,20,1024,52.0501,66646.0078125,6336.673828125,6336.673828125,0.8052632808685303,0.7,297633
2026-09-14 14:53:28,multi_optuna_model.py,"(7620, 13)",90,Optuna_Trial_382,Dense 256(silu) -> 256 -> 128(gelu) -> 32(gelu) -> 256(gelu) -> 256 -> 128(relu) -> 128(silu) -> 1,mse,adam_24,20,1024,41.2275,67089.2421875,9674.9814453125,9674.9794921875,0.7026714086532593,0.7,230177
2026-09-14 14:53:31,multi_optuna_model.py,"(7620, 13)",90,Optuna_Trial_383,Dense 64(relu) -> 256(gelu) -> 256(silu) -> 32(gelu) -> 128(gelu) -> 256(gelu) -> 256 -> 32(gelu) -> 1,mse,adam_23,20,1024,44.1627,67281.96875,14346.26953125,14346.2666015625,0.5591148138046265,0.7,202849
2026-09-14 14:53:35,multi_optuna_model.py,"(7620, 13)",90,Optuna_Trial_385,Dense 128 -> 256(gelu) -> 32(silu) -> 32(gelu) -> 256(gelu) -> 256(gelu) -> 32 -> 128(gelu) -> 1,mse,adam_22,20,1024,45.2611,68058.9453125,9812.74609375,9812.7470703125,0.6984376907348633,0.7,130913
2026-09-14 14:53:37,multi_optuna_model.py,"(7620, 13)",90,Optuna_Trial_384,Dense 256 -> 256(gelu) -> 128(silu) -> 32(gelu) -> 256(silu) -> 256 -> 32(relu) -> 128(silu) -> 1,mse,adam_24,20,1024,42.8021,67902.8671875,8019.27490234375,8019.27734375,0.753554105758667,0.7,193217
2026-09-14 14:53:38,multi_optuna_model.py,"(7620, 13)",90,Optuna_Trial_386,Dense 64 -> 256(gelu) -> 256(gelu) -> 32(gelu) -> 32(gelu) -> 256(gelu) -> 256 -> 32(relu) -> 1,mse,adam_22,20,1024,45.4514,67314.8046875,9960.953125,9960.9521484375,0.6938830614089966,0.7,175105
2026-09-14 14:53:41,multi_optuna_model.py,"(7620, 13)",90,Optuna_Trial_387,Dense 64 -> 256(gelu) -> 256(silu) -> 32(gelu) -> 256 -> 128(gelu) -> 256 -> 32(gelu) -> 1,mse,adam_24,20,1024,44.8715,67116.5390625,5836.00927734375,5836.00927734375,0.8206495046615601,0.7,174177
2026-09-14 14:53:44,multi_optuna_model.py,"(7620, 13)",90,Optuna_Trial_388,Dense 256 -> 256(gelu) -> 256(silu) -> 32(gelu) -> 256(gelu) -> 256(gelu) -> 256 -> 32(gelu) -> 1,mse,adam_24,20,1024,43.1201,66863.2265625,5121.43408203125,5121.43408203125,0.8426096439361572,0.7,291681
2026-09-14 14:53:50,multi_optuna_model.py,"(7620, 13)",90,Optuna_Trial_389,Dense 256 -> 256(gelu) -> 256(relu) -> 32(gelu) -> 128(silu) -> 128 -> 256(gelu) -> 64(silu) -> 1,mse,adam_24,20,1024,37.0727,67244.25,7428.791015625,7428.7900390625,0.7717006802558899,0.7,213665
2026-09-14 14:53:53,multi_optuna_model.py,"(7620, 13)",90,Optuna_Trial_390,Dense 256 -> 256(relu) -> 256(gelu) -> 32 -> 32(silu) -> 128 -> 256(gelu) -> 256(silu) -> 1,mse,adam_23,20,1024,36.4525,66069.2265625,9945.685546875,9945.68359375,0.6943522095680237,0.7,247745
2026-09-14 14:54:04,multi_optuna_model.py,"(7620, 13)",90,Optuna_Trial_391,Dense 64 -> 256(gelu) -> 256(silu) -> 32(gelu) -> 256(gelu) -> 256(gelu) -> 256(silu) -> 32(gelu) -> 1,mse,adam_25,20,1024,41.8748,67534.25,4318.9541015625,4318.9541015625,0.8672711849212646,0.7,239841
2026-09-14 14:54:04,multi_optuna_model.py,"(7620, 13)",90,Optuna_Trial_392,Dense 64 -> 256 -> 64(silu) -> 32(gelu) -> 256(gelu) -> 256(gelu) -> 64 -> 32(gelu) -> 1,mse,adam_23,20,1024,42.5445,67181.5546875,8464.9951171875,8464.99609375,0.7398563623428345,0.7,128865
2026-09-14 14:54:05,multi_optuna_model.py,"(7620, 13)",90,Optuna_Trial_393,Dense 128 -> 256 -> 256(silu) -> 32(gelu) -> 64(silu) -> 256 -> 256(gelu) -> 128 -> 1,mse,adam_23,20,1024,39.9608,65086.17578125,4166.89208984375,4166.890625,0.8719443082809448,0.7,226401
2026-09-14 14:54:11,multi_optuna_model.py,"(7620, 13)",90,Optuna_Trial_394,Dense 128 -> 256(gelu) -> 256(silu) -> 32(gelu) -> 256(gelu) -> 64(gelu) -> 256(relu) -> 64(silu) -> 1,mse,adam_24,20,1024,40.2124,68217.421875,9409.162109375,9409.1611328125,0.7108404636383057,0.7,166881
2026-09-14 14:54:20,multi_optuna_model.py,"(7620, 13)",90,Optuna_Trial_395,Dense 128 -> 256(gelu) -> 256(gelu) -> 64(gelu) -> 256(gelu) -> 256 -> 256 -> 128(gelu) -> 1,mse,adam_26,20,1024,44.1206,64750.51171875,4567.314453125,4567.3154296875,0.8596386909484863,0.7,298305
2026-09-14 14:54:24,multi_optuna_model.py,"(7620, 13)",90,Optuna_Trial_396,Dense 64 -> 256(gelu) -> 256(relu) -> 32(gelu) -> 256(gelu) -> 256(gelu) -> 32 -> 32(gelu) -> 1,mse,adam_26,20,1024,46.0668,67703.484375,9881.8837890625,9881.8837890625,0.6963129639625549,0.7,175105
2026-09-14 14:54:26,multi_optuna_model.py,"(7620, 13)",90,Optuna_Trial_397,Dense 128 -> 256(gelu) -> 128(silu) -> 256(gelu) -> 256(gelu) -> 256 -> 256 -> 128(gelu) -> 1,mse,adam_25,20,1024,44.3566,62731.9453125,5940.18798828125,5940.18701171875,0.8174479603767395,0.7,331137
2026-09-14 14:54:31,multi_optuna_model.py,"(7620, 13)",90,Optuna_Trial_399,Dense 256 -> 256(gelu) -> 64(gelu) -> 32(gelu) -> 32(gelu) -> 256(relu) -> 256(gelu) -> 256(gelu) -> 1,mse,adam_24,20,1024,43.3852,67945.3515625,8192.4599609375,8192.458984375,0.748231828212738,0.7,229249
2026-09-14 14:54:33,multi_optuna_model.py,"(7620, 13)",90,Optuna_Trial_398,Dense 256 -> 256(gelu) -> 256(silu) -> 32(gelu) -> 64(silu) -> 256(silu) -> 64(gelu) -> 256(silu) -> 1,mse,adam_25,20,1024,44.1535,68266.265625,10053.3193359375,10053.318359375,0.6910444498062134,0.7,195489
2026-09-14 14:54:37,multi_optuna_model.py,"(7620, 13)",90,Optuna_Trial_400,Dense 64 -> 32(gelu) -> 256(silu) -> 32(gelu) -> 128(gelu) -> 256(gelu) -> 128(gelu) -> 128(relu) -> 1,mse,adam_23,20,1024,48.9922,68424.625,12818.080078125,12818.080078125,0.6060786247253418,0.7,106433
2026-09-14 14:54:38,multi_optuna_model.py,"(7620, 13)",90,Optuna_Trial_401,Dense 256 -> 256(gelu) -> 256(silu) -> 32 -> 32(gelu) -> 256 -> 256(gelu) -> 256(relu) -> 1,mse,adam_25,20,1024,46.4717,67178.7421875,9938.9541015625,9938.9560546875,0.6945590972900391,0.7,284737
2026-09-14 14:54:43,multi_optuna_model.py,"(7620, 13)",90,Optuna_Trial_402,Dense 128(silu) -> 256(gelu) -> 256(relu) -> 32(gelu) -> 64(gelu) -> 256 -> 256 -> 128(gelu) -> 1,mse,adam_23,20,1024,49.4448,66841.0859375,8979.654296875,8979.6533203125,0.7240399718284607,0.7,226401
2026-09-14 14:54:46,multi_optuna_model.py,"(7620, 13)",90,Optuna_Trial_403,Dense 256 -> 256(gelu) -> 256(gelu) -> 32(gelu) -> 32(silu) -> 128(relu) -> 256(relu) -> 256(silu) -> 1,mse,adam_25,20,1024,49.1909,67864.4453125,9122.048828125,9122.048828125,0.7196639776229858,0.7,247745
2026-09-14 14:54:47,multi_optuna_model.py,"(7620, 13)",90,Optuna_Trial_404,Dense 256 -> 256(gelu) -> 256(silu) -> 128(gelu) -> 256(gelu) -> 256(gelu) -> 256 -> 32(gelu) -> 1,mse,adam_25,20,1024,46.3892,66644.9609375,3606.401611328125,3606.4013671875,0.8891691565513611,0.7,340929
2026-09-14 14:54:50,multi_optuna_model.py,"(7620, 13)",90,Optuna_Trial_405,Dense 32 -> 256 -> 128(gelu) -> 128(gelu) -> 256(gelu) -> 256 -> 128(relu) -> 128(silu) -> 1,mse,adam_25,20,1024,43.5022,66256.3984375,7782.48876953125,7782.48876953125,0.7608309388160706,0.7,206657
2026-09-14 14:54:56,multi_optuna_model.py,"(7620, 13)",90,Optuna_Trial_406,Dense 64 -> 256(gelu) -> 256(silu) -> 32(silu) -> 256(gelu) -> 256 -> 256 -> 32(gelu) -> 1,mse,adam_24,20,1024,46.8082,65885.9140625,6511.09619140625,6511.095703125,0.7999029755592346,0.7,239841
2026-09-14 14:55:06,multi_optuna_model.py,"(7620, 13)",90,Optuna_Trial_409,Dense 128 -> 256 -> 64(silu) -> 128(relu) -> 64(silu) -> 256 -> 256(gelu) -> 128 -> 1,mse,adam_24,20,1024,45.6387,64170.703125,9964.3623046875,9964.36328125,0.6937782764434814,0.7,183297
2026-09-14 14:55:09,multi_optuna_model.py,"(7620, 13)",90,Optuna_Trial_408,Dense 256 -> 256(gelu) -> 256(relu) -> 32(gelu) -> 128(gelu) -> 256(relu) -> 256 -> 32(gelu) -> 1,mse,adam_24,20,1024,50.3095,65291.12890625,4416.87646484375,4416.87548828125,0.8642618656158447,0.7,254689
2026-09-14 14:55:11,multi_optuna_model.py,"(7620, 13)",90,Optuna_Trial_410,Dense 256 -> 256(gelu) -> 128(silu) -> 64(relu) -> 256(gelu) -> 256(gelu) -> 64(relu) -> 128(silu) -> 1,mse,adam_25,20,1024,43.1621,67751.7421875,8179.71630859375,8179.7177734375,0.7486233711242676,0.7,217857
2026-09-14 14:55:12,multi_optuna_model.py,"(7620, 13)",90,Optuna_Trial_407,Dense 64 -> 256(gelu) -> 256(silu) -> 32(gelu) -> 256(gelu) -> 256(gelu) -> 256(silu) -> 32(gelu) -> 1,mse,adam_26,20,1024,51.5073,67863.703125,9914.4765625,9914.4765625,0.6953113079071045,0.7,239841
2026-09-14 14:55:23,multi_optuna_model.py,"(7620, 13)",90,Optuna_Trial_411,Dense 128 -> 128(gelu) -> 256(gelu) -> 64(gelu) -> 256(gelu) -> 256 -> 256 -> 128(gelu) -> 1,mse,adam_27,20,1024,44.7817,65282.5859375,6556.04638671875,6556.04541015625,0.7985215187072754,0.7,249025
2026-09-14 14:55:25,multi_optuna_model.py,"(7620, 13)",90,Optuna_Trial_412,Dense 256 -> 256(gelu) -> 128(gelu) -> 32(gelu) -> 256(gelu) -> 256 -> 64(relu) -> 256(silu) -> 1,mse,adam_27,20,1024,45.3631,67610.203125,5935.02978515625,5935.029296875,0.8176064491271973,0.7,213985
2026-09-14 14:55:26,multi_optuna_model.py,"(7620, 13)",90,Optuna_Trial_413,Dense 128(gelu) -> 256 -> 256(silu) -> 32(gelu) -> 64(silu) -> 256 -> 256(gelu) -> 128 -> 1,mse,adam_26,20,1024,43.8654,65861.359375,5116.7783203125,5116.77734375,0.8427527546882629,0.7,226401
2026-09-14 14:55:34,multi_optuna_model.py,"(7620, 13)",90,Optuna_Trial_414,Dense 256 -> 256 -> 256(silu) -> 32(gelu) -> 256(gelu) -> 64(gelu) -> 256 -> 32(gelu) -> 1,mse,adam_25,20,1024,47.7733,66232.0703125,8014.662109375,8014.66357421875,0.7536958456039429,0.7,193185
2026-09-14 14:55:37,multi_optuna_model.py,"(7620, 13)",90,Optuna_Trial_415,Dense 128 -> 256(gelu) -> 128(silu) -> 32(gelu) -> 256(gelu) -> 256(gelu) -> 64(relu) -> 32(silu) -> 1,mse,adam_26,20,1024,48.8204,68314.515625,10943.392578125,10943.39453125,0.6636909246444702,0.7,164641
2026-09-14 14:55:41,multi_optuna_model.py,"(7620, 13)",90,Optuna_Trial_417,Dense 256 -> 256 -> 128(silu) -> 32(gelu) -> 64(gelu) -> 256 -> 32(silu) -> 128(silu) -> 1,mse,adam_26,20,1024,47.1744,67809.203125,10786.0224609375,10786.0224609375,0.6685272455215454,0.7,137729
2026-09-14 14:55:45,multi_optuna_model.py,"(7620, 13)",90,Optuna_Trial_416,Dense 256 -> 128(silu) -> 256(silu) -> 32(gelu) -> 256(silu) -> 256(gelu) -> 256 -> 32(gelu) -> 1,mse,adam_24,20,1024,50.6535,67515.3203125,5456.3076171875,5456.30810546875,0.8323184251785278,0.7,226017
2026-09-14 14:55:47,multi_optuna_model.py,"(7620, 13)",90,Optuna_Trial_418,Dense 128 -> 256(gelu) -> 256(silu) -> 32(silu) -> 256(gelu) -> 256 -> 256 -> 128(silu) -> 1,mse,adam_24,20,1024,46.3632,65449.2109375,6613.06982421875,6613.068359375,0.7967691421508789,0.7,281889
2026-09-14 14:55:50,multi_optuna_model.py,"(7620, 13)",90,Optuna_Trial_421,Dense 128 -> 128 -> 32(silu) -> 32(gelu) -> 64(silu) -> 256 -> 256(gelu) -> 128 -> 1,mse,adam_26,20,1024,45.7324,65559.4453125,10870.8134765625,10870.8115234375,0.6659215092658997,0.7,141057
2026-09-14 14:55:52,multi_optuna_model.py,"(7620, 13)",90,Optuna_Trial_420,Dense 32 -> 256(gelu) -> 256(gelu) -> 32(gelu) -> 128(silu) -> 128(gelu) -> 256(gelu) -> 256(silu) -> 1,mse,adam_26,20,1024,47.9613,68063.5390625,5049.11962890625,5049.119140625,0.8448319435119629,0.7,202721
2026-09-14 14:55:54,multi_optuna_model.py,"(7620, 13)",90,Optuna_Trial_419,Dense 256 -> 256(gelu) -> 32(silu) -> 32(gelu) -> 64(gelu) -> 256(gelu) -> 256(silu) -> 32(silu) -> 1,mse,adam_26,20,1024,52.2669,67874.8203125,9868.634765625,9868.6357421875,0.6967201232910156,0.7,171457
2026-09-14 14:56:00,multi_optuna_model.py,"(7620, 13)",90,Optuna_Trial_422,Dense 64 -> 256(silu) -> 256(gelu) -> 32(gelu) -> 32(silu) -> 128 -> 256(gelu) -> 256 -> 1,mse,adam_25,20,1024,47.2571,66987.328125,9792.15625,9792.1572265625,0.6990704536437988,0.7,195905
2026-09-14 14:56:11,multi_optuna_model.py,"(7620, 13)",90,Optuna_Trial_423,Dense 256 -> 256(gelu) -> 256(silu) -> 256(gelu) -> 32(gelu) -> 256(gelu) -> 256(relu) -> 32(silu) -> 1,mse,adam_25,20,1024,47.0812,68007.78125,7414.21630859375,7414.21630859375,0.772148609161377,0.7,291681
2026-09-14 14:56:16,multi_optuna_model.py,"(7620, 13)",90,Optuna_Trial_424,Dense 256 -> 256(gelu) -> 256(relu) -> 32(gelu) -> 128(gelu) -> 256(relu) -> 256 -> 32(gelu) -> 1,mse,adam_25,20,1024,50.6682,66910.1015625,3020.105712890625,3020.104736328125,0.9071870446205139,0.7,254689
2026-09-14 14:56:17,multi_optuna_model.py,"(7620, 13)",90,Optuna_Trial_426,Dense 256 -> 256(relu) -> 256(silu) -> 128 -> 256(gelu) -> 256(gelu) -> 256 -> 64(gelu) -> 1,mse,adam_27,20,1024,45.0656,58705.80859375,9328.53125,9328.53125,0.713318407535553,0.7,349185
2026-09-14 14:56:29,multi_optuna_model.py,"(7620, 13)",90,Optuna_Trial_425,Dense 256 -> 256(gelu) -> 256(silu) -> 128(gelu) -> 256(gelu) -> 128(gelu) -> 256 -> 32(gelu) -> 1,mse,adam_26,20,1024,50.995,66656.765625,6899.6884765625,6899.68896484375,0.7879608869552612,0.7,275265
2026-09-14 14:56:39,multi_optuna_model.py,"(7620, 13)",90,Optuna_Trial_427,Dense 256 -> 128 -> 128(gelu) -> 32(gelu) -> 256(gelu) -> 256(relu) -> 128(relu) -> 128(silu) -> 1,mse,adam_28,20,1024,49.8694,67217.171875,7806.568359375,7806.568359375,0.7600908875465393,0.7,180897
2026-09-14 14:56:44,multi_optuna_model.py,"(7620, 13)",90,Optuna_Trial_428,Dense 256 -> 256 -> 128(silu) -> 32(gelu) -> 256(gelu) -> 256 -> 64(gelu) -> 32(silu) -> 1,mse,adam_28,20,1024,62.7484,65811.1328125,5862.185546875,5862.18505859375,0.8198450803756714,0.7,199201
2026-09-14 14:56:46,multi_optuna_model.py,"(7620, 13)",90,Optuna_Trial_429,Dense 128(gelu) -> 256 -> 128(silu) -> 32(gelu) -> 256(silu) -> 256 -> 256(gelu) -> 128 -> 1,mse,adam_27,20,1024,60.1418,64978.8203125,7933.6796875,7933.68115234375,0.7561845779418945,0.7,244897
2026-09-14 14:56:50,multi_optuna_model.py,"(7620, 13)",90,Optuna_Trial_430,Dense 128 -> 256 -> 256(silu) -> 32(gelu) -> 64(silu) -> 256 -> 256(gelu) -> 128 -> 1,mse,adam_26,20,1024,57.4171,62752.34375,6766.94677734375,6766.94921875,0.792040228843689,0.7,226401
2026-09-14 14:56:54,multi_optuna_model.py,"(7620, 13)",90,Optuna_Trial_431,Dense 128 -> 128(silu) -> 256(silu) -> 32 -> 256(gelu) -> 256 -> 256 -> 128(gelu) -> 1,mse,adam_27,20,1024,57.1275,65187.53515625,8995.05078125,8995.0498046875,0.7235668301582336,0.7,232609
2026-09-14 14:56:59,multi_optuna_model.py,"(7620, 13)",90,Optuna_Trial_432,Dense 128 -> 256(gelu) -> 256(silu) -> 32(gelu) -> 32 -> 256 -> 256 -> 128(gelu) -> 1,mse,adam_27,20,1024,60.3193,64734.3984375,8338.205078125,8338.2041015625,0.7437528371810913,0.7,217153
2026-09-14 14:57:05,multi_optuna_model.py,"(7620, 13)",90,Optuna_Trial_433,Dense 256 -> 256(gelu) -> 256(silu) -> 64(gelu) -> 256 -> 256(gelu) -> 256 -> 32(gelu) -> 1,mse,adam_25,20,1024,61.7639,64349.796875,3594.509521484375,3594.509765625,0.889534592628479,0.7,308097
2026-09-14 14:57:07,multi_optuna_model.py,"(7620, 13)",90,Optuna_Trial_434,Dense 256 -> 256(gelu) -> 256(gelu) -> 128(gelu) -> 256(gelu) -> 256(gelu) -> 256 -> 32(silu) -> 1,mse,adam_25,20,1024,61.8556,65646.0,5044.35693359375,5044.35693359375,0.8449783325195312,0.7,340929
2026-09-14 14:57:11,multi_optuna_model.py,"(7620, 13)",90,Optuna_Trial_435,Dense 128 -> 256(gelu) -> 256(gelu) -> 128(gelu) -> 256(gelu) -> 256 -> 128 -> 128(silu) -> 1,mse,adam_27,20,1024,61.3648,64781.66015625,5619.5634765625,5619.5634765625,0.8273012638092041,0.7,281857
2026-09-14 14:57:12,multi_optuna_model.py,"(7620, 13)",90,Optuna_Trial_437,Dense 256 -> 256 -> 32(silu) -> 32(gelu) -> 256(gelu) -> 256 -> 128(relu) -> 128 -> 1,mse,adam_27,20,1024,61.7915,65811.6484375,7001.697265625,7001.69921875,0.7848259210586548,0.7,202433
2026-09-14 14:57:14,multi_optuna_model.py,"(7620, 13)",90,Optuna_Trial_436,Dense 32 -> 256(gelu) -> 256(gelu) -> 32(silu) -> 128(silu) -> 128(gelu) -> 256(gelu) -> 256(silu) -> 1,mse,adam_27,20,1024,62.0328,68170.3515625,11287.0498046875,11287.0498046875,0.6531298160552979,0.7,202721
2026-09-14 14:57:15,multi_optuna_model.py,"(7620, 13)",90,Optuna_Trial_438,Dense 128 -> 256(relu) -> 256(gelu) -> 64(gelu) -> 256(gelu) -> 64 -> 256(relu) -> 128(gelu) -> 1,mse,adam_26,20,1024,58.1275,66626.859375,9853.4443359375,9853.4443359375,0.6971869468688965,0.7,199809
2026-09-14 14:57:29,multi_optuna_model.py,"(7620, 13)",90,Optuna_Trial_439,Dense 32 -> 256 -> 32(relu) -> 32(gelu) -> 128(silu) -> 128(gelu) -> 256(gelu) -> 256(silu) -> 1,mse,adam_26,20,1024,60.461,68146.6796875,11786.5888671875,11786.5869140625,0.6377781629562378,0.7,137985
2026-09-14 14:57:35,multi_optuna_model.py,"(7620, 13)",90,Optuna_Trial_442,Dense 64 -> 256 -> 128(gelu) -> 32(relu) -> 256(gelu) -> 256 -> 128(relu) -> 128(silu) -> 1,mse,adam_27,20,1024,47.8025,66738.1484375,9953.7841796875,9953.7822265625,0.6941033601760864,0.7,178337
2026-09-14 14:57:37,multi_optuna_model.py,"(7620, 13)",90,Optuna_Trial_441,Dense 256 -> 256(silu) -> 256(relu) -> 32(gelu) -> 128(gelu) -> 256(relu) -> 256 -> 32(gelu) -> 1,mse,adam_28,20,1024,61.8345,66619.0,2702.917236328125,2702.91796875,0.9169347882270813,0.7,254689
2026-09-14 14:57:38,multi_optuna_model.py,"(7620, 13)",90,Optuna_Trial_440,Dense 256 -> 128(gelu) -> 256 -> 32(silu) -> 32(silu) -> 256 -> 256 -> 128(gelu) -> 1,mse,adam_26,20,1024,63.5977,65324.5703125,4754.5390625,4754.53857421875,0.8538849353790283,0.7,186049
2026-09-14 14:57:46,multi_optuna_model.py,"(7620, 13)",90,Optuna_Trial_443,Dense 32 -> 128(gelu) -> 256(relu) -> 32(gelu) -> 128(gelu) -> 32(relu) -> 256 -> 32(gelu) -> 1,mse,adam_29,20,1024,52.6811,68054.6953125,11890.60546875,11890.60546875,0.6345815658569336,0.7,70977
2026-09-14 14:57:51,multi_optuna_model.py,"(7620, 13)",90,Optuna_Trial_444,Dense 256 -> 256(gelu) -> 256(relu) -> 32(gelu) -> 128 -> 32(relu) -> 256 -> 32(gelu) -> 1,mse,adam_29,20,1024,51.1555,66558.109375,4828.69189453125,4828.6923828125,0.8516061305999756,0.7,168449
2026-09-14 14:57:54,multi_optuna_model.py,"(7620, 13)",90,Optuna_Trial_445,Dense 32 -> 256(gelu) -> 32(relu) -> 32(gelu) -> 128(gelu) -> 256(relu) -> 256 -> 32(gelu) -> 1,mse,adam_28,20,1024,53.8207,67903.21875,11716.384765625,11716.384765625,0.6399356722831726,0.7,129473
2026-09-14 14:57:59,multi_optuna_model.py,"(7620, 13)",90,Optuna_Trial_446,Dense 32(relu) -> 256(gelu) -> 256(silu) -> 128(gelu) -> 32(gelu) -> 256 -> 256(gelu) -> 256(gelu) -> 1,mse,adam_27,20,1024,51.4489,67052.7109375,14179.0283203125,14179.0302734375,0.5642544031143188,0.7,252001
2026-09-14 14:58:03,multi_optuna_model.py,"(7620, 13)",90,Optuna_Trial_447,Dense 128 -> 256(gelu) -> 256(gelu) -> 32(gelu) -> 64(silu) -> 256 -> 256 -> 128(gelu) -> 1,mse,adam_28,20,1024,52.3048,65721.2109375,6450.84130859375,6450.8408203125,0.8017547130584717,0.7,226401
2026-09-14 14:58:05,multi_optuna_model.py,"(7620, 13)",90,Optuna_Trial_448,Dense 256 -> 256(gelu) -> 256(gelu) -> 32(relu) -> 64(relu) -> 256(relu) -> 64(gelu) -> 256(silu) -> 1,mse,adam_28,20,1024,48.4359,67944.5859375,3570.625244140625,3570.626220703125,0.8902686238288879,0.7,195489
2026-09-14 14:58:15,multi_optuna_model.py,"(7620, 13)",90,Optuna_Trial_449,Dense 256 -> 256(relu) -> 128(gelu) -> 32(gelu) -> 256(gelu) -> 256 -> 128(silu) -> 64(silu) -> 1,mse,adam_26,20,1024,52.7076,66564.6171875,8273.8740234375,8273.87109375,0.7457298040390015,0.7,221857
2026-09-14 14:58:17,multi_optuna_model.py,"(7620, 13)",90,Optuna_Trial_450,Dense 256 -> 256(gelu) -> 256(silu) -> 64(relu) -> 256 -> 256(gelu) -> 128 -> 32(gelu) -> 1,mse,adam_26,20,1024,52.0026,62681.57421875,5299.66015625,5299.66064453125,0.837132453918457,0.7,271105
2026-09-14 14:58:23,multi_optuna_model.py,"(7620, 13)",90,Optuna_Trial_453,Dense 256 -> 256(gelu) -> 256(relu) -> 32(gelu) -> 32(gelu) -> 64 -> 256(gelu) -> 256(gelu) -> 1,mse,adam_28,20,1024,53.1814,67779.328125,5794.56787109375,5794.56787109375,0.8219231367111206,0.7,229249
2026-09-14 14:58:23,multi_optuna_model.py,"(7620, 13)",90,Optuna_Trial_451,Dense 256 -> 256(gelu) -> 256(gelu) -> 128(gelu) -> 256(gelu) -> 256(gelu) -> 256 -> 32(silu) -> 1,mse,adam_28,20,1024,54.4215,65697.640625,4136.599609375,4136.599609375,0.8728752732276917,0.7,340929
2026-09-14 14:58:25,multi_optuna_model.py,"(7620, 13)",90,Optuna_Trial_452,Dense 128 -> 256(gelu) -> 256(silu) -> 64(gelu) -> 256 -> 256(gelu) -> 256 -> 32(gelu) -> 1,mse,adam_28,20,1024,54.8239,63758.25,6441.86767578125,6441.8681640625,0.8020304441452026,0.7,273537
2026-09-14 14:58:28,multi_optuna_model.py,"(7620, 13)",90,Optuna_Trial_454,Dense 128 -> 256(gelu) -> 256(relu) -> 32(gelu) -> 32(gelu) -> 256(relu) -> 256 -> 32(gelu) -> 1,mse,adam_27,20,1024,55.9012,66721.0,4007.505615234375,4007.50634765625,0.8768425583839417,0.7,192385
2026-09-14 14:58:36,multi_optuna_model.py,"(7620, 13)",90,Optuna_Trial_455,Dense 256 -> 256(gelu) -> 64(relu) -> 32(gelu) -> 128(gelu) -> 128(relu) -> 256 -> 32(gelu) -> 1,mse,adam_27,20,1024,51.4129,67669.1171875,8847.1513671875,8847.150390625,0.7281121015548706,0.7,149921
2026-09-14 14:58:41,multi_optuna_model.py,"(7620, 13)",90,Optuna_Trial_456,Dense 256 -> 256 -> 256(silu) -> 64(gelu) -> 256 -> 256(relu) -> 256 -> 64(gelu) -> 1,mse,adam_28,20,1024,48.3656,58734.1328125,2888.783203125,2888.783203125,0.9112227559089661,0.7,316353
2026-09-14 14:58:48,multi_optuna_model.py,"(7620, 13)",90,Optuna_Trial_458,Dense 256 -> 32(gelu) -> 256 -> 32(silu) -> 32(silu) -> 256 -> 256 -> 128(gelu) -> 1,mse,adam_27,20,1024,54.3759,66386.3203125,11082.5546875,11082.5537109375,0.6594142913818359,0.7,136801
2026-09-14 14:58:49,multi_optuna_model.py,"(7620, 13)",90,Optuna_Trial_459,Dense 256 -> 32 -> 128(gelu) -> 32(gelu) -> 256(gelu) -> 64 -> 64(relu) -> 128(silu) -> 1,mse,adam_30,20,1024,47.4786,68156.5078125,15769.248046875,15769.2421875,0.515384316444397,0.7,57665
2026-09-14 14:58:51,multi_optuna_model.py,"(7620, 13)",90,Optuna_Trial_457,Dense 256(silu) -> 256(silu) -> 256(relu) -> 32(gelu) -> 128(gelu) -> 256(relu) -> 256 -> 32(gelu) -> 1,mse,adam_29,20,1024,54.6168,67668.6640625,7477.1044921875,7477.10546875,0.7702158689498901,0.7,254689
2026-09-14 14:59:00,multi_optuna_model.py,"(7620, 13)",90,Optuna_Trial_460,Dense 256 -> 256(gelu) -> 256(relu) -> 32(gelu) -> 128 -> 32(relu) -> 256 -> 32(gelu) -> 1,mse,adam_30,20,1024,52.8808,67457.75,4393.2900390625,4393.28955078125,0.8649867177009583,0.7,168449
2026-09-14 14:59:02,multi_optuna_model.py,"(7620, 13)",90,Optuna_Trial_461,Dense 256 -> 256(gelu) -> 256(relu) -> 32(gelu) -> 128(gelu) -> 256(relu) -> 256 -> 32(relu) -> 1,mse,adam_29,20,1024,50.0293,66823.9765625,3470.84716796875,3470.847900390625,0.8933349847793579,0.7,254689
2026-09-14 14:59:10,multi_optuna_model.py,"(7620, 13)",90,Optuna_Trial_462,Dense 256 -> 32(silu) -> 256(relu) -> 32(gelu) -> 128(gelu) -> 256(relu) -> 64(gelu) -> 32(gelu) -> 1,mse,adam_28,20,1024,55.3543,68416.9765625,12773.27734375,12773.2734375,0.6074555516242981,0.7,84289
2026-09-14 14:59:13,multi_optuna_model.py,"(7620, 13)",90,Optuna_Trial_463,Dense 256 -> 64(gelu) -> 256(relu) -> 32(gelu) -> 128(relu) -> 256(relu) -> 256 -> 32(gelu) -> 1,mse,adam_29,20,1024,54.0051,66745.96875,7604.013671875,7604.013671875,0.766315758228302,0.7,156193
2026-09-14 14:59:19,multi_optuna_model.py,"(7620, 13)",90,Optuna_Trial_464,Dense 256 -> 128(gelu) -> 32(silu) -> 32(silu) -> 256(silu) -> 256 -> 256 -> 128(gelu) -> 1,mse,adam_29,20,1024,54.8361,66786.296875,8697.41015625,8697.41015625,0.7327138185501099,0.7,214721
2026-09-14 14:59:24,multi_optuna_model.py,"(7620, 13)",90,Optuna_Trial_465,Dense 256(gelu) -> 256(gelu) -> 256(gelu) -> 32(silu) -> 64(silu) -> 256(relu) -> 64(relu) -> 256(silu) -> 1,mse,adam_27,20,1024,50.6194,68322.328125,11545.556640625,11545.556640625,0.6451854705810547,0.7,195489
2026-09-14 14:59:31,multi_optuna_model.py,"(7620, 13)",90,Optuna_Trial_466,Dense 256 -> 128(gelu) -> 256(silu) -> 32(relu) -> 128(gelu) -> 256(relu) -> 256 -> 32(gelu) -> 1,mse,adam_27,20,1024,55.154,67246.1640625,8838.8095703125,8838.80859375,0.7283684015274048,0.7,189025
2026-09-14 14:59:35,multi_optuna_model.py,"(7620, 13)",90,Optuna_Trial_468,Dense 256(relu) -> 256(gelu) -> 256(gelu) -> 32(relu) -> 64(relu) -> 256(relu) -> 64(gelu) -> 32(silu) -> 1,mse,adam_29,20,1024,55.5499,68161.6953125,11682.748046875,11682.74609375,0.6409693360328674,0.7,180705
2026-09-14 14:59:36,multi_optuna_model.py,"(7620, 13)",90,Optuna_Trial_469,Dense 256 -> 256(gelu) -> 256(gelu) -> 32(relu) -> 64(relu) -> 256(relu) -> 64(gelu) -> 256(silu) -> 1,mse,adam_29,20,1024,53.1278,68099.484375,7172.400390625,7172.40185546875,0.7795799970626831,0.7,195489
2026-09-14 14:59:37,multi_optuna_model.py,"(7620, 13)",90,Optuna_Trial_467,Dense 128(gelu) -> 256(gelu) -> 256(gelu) -> 32(gelu) -> 64(silu) -> 256(relu) -> 64(gelu) -> 256(silu) -> 1,mse,adam_29,20,1024,55.9852,68421.5,10924.87890625,10924.876953125,0.6642599105834961,0.7,160929
2026-09-14 14:59:42,multi_optuna_model.py,"(7620, 13)",90,Optuna_Trial_470,Dense 32 -> 256(gelu) -> 256(silu) -> 128(gelu) -> 256(gelu) -> 256(gelu) -> 256 -> 64(gelu) -> 1,mse,adam_28,20,1024,53.1861,66195.4453125,9146.6806640625,9146.6826171875,0.7189069986343384,0.7,288705
2026-09-14 14:59:52,multi_optuna_model.py,"(7620, 13)",90,Optuna_Trial_471,Dense 64(silu) -> 256(gelu) -> 256(silu) -> 32(gelu) -> 32(gelu) -> 256 -> 256(gelu) -> 256(gelu) -> 1,mse,adam_28,20,1024,57.9287,67984.8359375,12129.5087890625,12129.51171875,0.6272395849227905,0.7,232897
2026-09-14 14:59:54,multi_optuna_model.py,"(7620, 13)",90,Optuna_Trial_472,Dense 256 -> 256 -> 256(silu) -> 64(gelu) -> 256 -> 256(relu) -> 256 -> 64(gelu) -> 1,mse,adam_29,20,1024,51.7805,59588.5546875,3493.916748046875,3493.916748046875,0.8926259875297546,0.7,316353
2026-09-14 15:00:05,multi_optuna_model.py,"(7620, 13)",90,Optuna_Trial_473,Dense 128 -> 256(gelu) -> 256(relu) -> 32(relu) -> 32(gelu) -> 256(relu) -> 256 -> 32(gelu) -> 1,mse,adam_28,20,1024,59.4608,65995.6484375,8451.2900390625,8451.2900390625,0.7402775287628174,0.7,192385
2026-09-14 15:00:08,multi_optuna_model.py,"(7620, 13)",90,Optuna_Trial_475,Dense 128 -> 256(relu) -> 256(gelu) -> 64(gelu) -> 256(gelu) -> 256 -> 256 -> 32(gelu) -> 1,mse,adam_30,20,1024,57.0781,63489.375,7771.82666015625,7771.82666015625,0.7611585855484009,0.7,273537
2026-09-14 15:00:10,multi_optuna_model.py,"(7620, 13)",90,Optuna_Trial_474,Dense 256 -> 256 -> 128(gelu) -> 32(gelu) -> 256(silu) -> 256 -> 128(relu) -> 128(silu) -> 1,mse,adam_31,20,1024,58.0222,65316.609375,8927.2099609375,8927.212890625,0.7256516814231873,0.7,230177
2026-09-14 15:00:16,multi_optuna_model.py,"(7620, 13)",90,Optuna_Trial_476,Dense 32 -> 256 -> 256(relu) -> 32(silu) -> 128(gelu) -> 256(relu) -> 256 -> 256(gelu) -> 1,mse,adam_31,20,1024,55.9254,65073.12109375,9321.08984375,9321.08984375,0.7135471105575562,0.7,252001
2026-09-14 15:00:19,multi_optuna_model.py,"(7620, 13)",90,Optuna_Trial_477,Dense 256 -> 256(gelu) -> 256(relu) -> 32(gelu) -> 128(gelu) -> 256(relu) -> 256 -> 256 -> 1,mse,adam_30,20,1024,55.229,63057.7734375,3103.8408203125,3103.8408203125,0.904613733291626,0.7,312481
2026-09-14 15:00:25,multi_optuna_model.py,"(7620, 13)",90,Optuna_Trial_478,Dense 256 -> 256(gelu) -> 256(relu) -> 32 -> 128(gelu) -> 256(silu) -> 256 -> 32(relu) -> 1,mse,adam_29,20,1024,53.5134,64941.08984375,10453.130859375,10453.1337890625,0.6787576079368591,0.7,254689
2026-09-14 15:00:29,multi_optuna_model.py,"(7620, 13)",90,Optuna_Trial_479,Dense 256 -> 256(gelu) -> 256 -> 32(gelu) -> 128(gelu) -> 256(relu) -> 256 -> 32(relu) -> 1,mse,adam_30,20,1024,54.8908,67190.125,8352.59375,8352.59375,0.7433106303215027,0.7,254689
2026-09-14 15:00:40,multi_optuna_model.py,"(7620, 13)",90,Optuna_Trial_480,Dense 256 -> 256(gelu) -> 256(relu) -> 32(gelu) -> 128(gelu) -> 256(relu) -> 64 -> 32(gelu) -> 1,mse,adam_30,20,1024,61.3582,67560.3671875,3867.512451171875,3867.512939453125,0.8811447620391846,0.7,199201
2026-09-14 15:00:52,multi_optuna_model.py,"(7620, 13)",90,Optuna_Trial_481,Dense 256(silu) -> 256(silu) -> 256(silu) -> 128(gelu) -> 256(gelu) -> 256(gelu) -> 256 -> 32(gelu) -> 1,mse,adam_28,20,1024,61.6691,67394.0390625,11689.2060546875,11689.2060546875,0.6407707929611206,0.7,340929
2026-09-14 15:00:53,multi_optuna_model.py,"(7620, 13)",90,Optuna_Trial_482,Dense 128 -> 128(gelu) -> 128(relu) -> 32(gelu) -> 32(gelu) -> 256(relu) -> 256 -> 32(gelu) -> 1,mse,adam_28,20,1024,64.2751,67612.25,10364.3115234375,10364.3095703125,0.6814871430397034,0.7,122497
2026-09-14 15:00:56,multi_optuna_model.py,"(7620, 13)",90,Optuna_Trial_484,Dense 256 -> 256 -> 32(relu) -> 256(gelu) -> 128(gelu) -> 256(relu) -> 256 -> 32(relu) -> 1,mse,adam_30,20,1024,58.9925,65891.5390625,9351.921875,9351.921875,0.7125995755195618,0.7,226017
2026-09-14 15:01:04,multi_optuna_model.py,"(7620, 13)",90,Optuna_Trial_485,Dense 256 -> 256(gelu) -> 256(relu) -> 64(gelu) -> 128(silu) -> 256(gelu) -> 256 -> 32(gelu) -> 1,mse,adam_30,20,1024,65.2007,67662.40625,2618.071044921875,2618.0703125,0.9195422530174255,0.7,267009
2026-09-14 15:01:05,multi_optuna_model.py,"(7620, 13)",90,Optuna_Trial_486,Dense 128 -> 64(gelu) -> 256(silu) -> 32(gelu) -> 256(gelu) -> 256 -> 256 -> 64(gelu) -> 1,mse,adam_29,20,1024,62.7894,66868.96875,9872.322265625,9872.322265625,0.6966067552566528,0.7,191457
2026-09-14 15:01:08,multi_optuna_model.py,"(7620, 13)",90,Optuna_Trial_483,Dense 256 -> 256(silu) -> 256(relu) -> 32(gelu) -> 32(gelu) -> 256(silu) -> 256 -> 32(gelu) -> 1,mse,adam_30,20,1024,70.4781,67264.046875,3244.749755859375,3244.75048828125,0.9002833366394043,0.7,226945
2026-09-14 15:01:16,multi_optuna_model.py,"(7620, 13)",90,Optuna_Trial_487,Dense 256(gelu) -> 256(gelu) -> 256(relu) -> 32(gelu) -> 128(gelu) -> 256(relu) -> 256(relu) -> 64(relu) -> 1,mse,adam_29,20,1024,62.0203,67853.1171875,9284.1728515625,9284.171875,0.7146816253662109,0.7,262945
2026-09-14 15:01:19,multi_optuna_model.py,"(7620, 13)",90,Optuna_Trial_488,Dense 256 -> 32 -> 256(silu) -> 64(gelu) -> 256 -> 256(relu) -> 256(gelu) -> 128(gelu) -> 1,mse,adam_30,20,1024,61.9163,67073.625,11294.6923828125,11294.693359375,0.6528949737548828,0.7,217953
2026-09-14 15:01:31,multi_optuna_model.py,"(7620, 13)",90,Optuna_Trial_490,Dense 256(gelu) -> 256 -> 256(silu) -> 64(gelu) -> 64 -> 256(relu) -> 256 -> 64(gelu) -> 1,mse,adam_31,20,1024,61.4019,63837.3203125,10634.59765625,10634.5966796875,0.6731808185577393,0.7,254721
2026-09-14 15:01:31,multi_optuna_model.py,"(7620, 13)",90,Optuna_Trial_489,Dense 128 -> 256(gelu) -> 256(relu) -> 32(gelu) -> 32(gelu) -> 256(gelu) -> 256(gelu) -> 32 -> 1,mse,adam_29,20,1024,66.2565,67718.5546875,5111.85888671875,5111.85986328125,0.8429039120674133,0.7,192385
2026-09-14 15:01:36,multi_optuna_model.py,"(7620, 13)",90,Optuna_Trial_491,Dense 256 -> 256(gelu) -> 256 -> 32(gelu) -> 32(gelu) -> 256 -> 64(gelu) -> 256(gelu) -> 1,mse,adam_32,20,1024,65.1928,67957.53125,5476.73583984375,5476.73486328125,0.8316906690597534,0.7,186241
2026-09-14 15:01:41,multi_optuna_model.py,"(7620, 13)",90,Optuna_Trial_492,Dense 256 -> 256 -> 256(silu) -> 64(gelu) -> 256 -> 256(relu) -> 256 -> 64(gelu) -> 1,mse,adam_32,20,1024,61.5532,56708.03515625,4652.642578125,4652.642578125,0.8570164442062378,0.7,316353
2026-09-14 15:01:46,multi_optuna_model.py,"(7620, 13)",90,Optuna_Trial_493,Dense 256 -> 256(gelu) -> 256(relu) -> 32(gelu) -> 128(gelu) -> 256(relu) -> 256 -> 256 -> 1,mse,adam_31,20,1024,62.7528,63873.73828125,3651.271484375,3651.272705078125,0.8877902030944824,0.7,312481
2026-09-14 15:01:57,multi_optuna_model.py,"(7620, 13)",90,Optuna_Trial_494,Dense 128 -> 256(gelu) -> 32(silu) -> 32(gelu) -> 256(gelu) -> 128(gelu) -> 256(silu) -> 64(gelu) -> 1,mse,adam_30,20,1024,70.3267,68340.1875,10333.046875,10333.0458984375,0.6824479699134827,0.7,134977
2026-09-14 15:02:11,multi_optuna_model.py,"(7620, 13)",90,Optuna_Trial_495,Dense 256(silu) -> 256(gelu) -> 256 -> 64(gelu) -> 256 -> 256(gelu) -> 256 -> 32(gelu) -> 1,mse,adam_31,20,1024,65.7068,64969.24609375,10421.1328125,10421.1328125,0.6797409057617188,0.7,308097
2026-09-14 15:02:18,multi_optuna_model.py,"(7620, 13)",90,Optuna_Trial_496,Dense 256(relu) -> 256(gelu) -> 256(relu) -> 32(silu) -> 128(gelu) -> 256(relu) -> 64 -> 32(gelu) -> 1,mse,adam_31,20,1024,65.785,67169.4453125,11442.158203125,11442.1572265625,0.6483631134033203,0.7,199201
2026-09-14 15:02:32,multi_optuna_model.py,"(7620, 13)",90,Optuna_Trial_499,Dense 64 -> 64 -> 256(silu) -> 64 -> 256 -> 256(gelu) -> 256 -> 64(gelu) -> 1,mse,adam_31,20,1024,73.2041,63902.34375,12531.4306640625,12531.4296875,0.6148878931999207,0.7,202881
2026-09-14 15:02:35,multi_optuna_model.py,"(7620, 13)",90,Optuna_Trial_497,Dense 256 -> 256(gelu) -> 256(silu) -> 32(gelu) -> 128 -> 64(gelu) -> 256(relu) -> 32(silu) -> 1,mse,adam_29,20,1024,80.3785,67842.8203125,5358.84033203125,5358.83935546875,0.8353137373924255,0.7,180769
2026-09-14 15:02:44,multi_optuna_model.py,"(7620, 13)",90,Optuna_Trial_498,Dense 256 -> 128(gelu) -> 256(silu) -> 32(silu) -> 128(silu) -> 256 -> 256 -> 64(gelu) -> 1,mse,adam_29,20,1024,84.5807,66268.671875,8230.396484375,8230.3974609375,0.7470659613609314,0.7,197281
2026-09-14 15:02:50,multi_optuna_model.py,"(7620, 13)",90,Optuna_Trial_500,Dense 128(silu) -> 256(gelu) -> 256 -> 64(gelu) -> 32(gelu) -> 256(relu) -> 256 -> 32(gelu) -> 1,mse,adam_31,20,1024,83.8848,67613.984375,12290.47265625,12290.4716796875,0.6222929954528809,0.7,201633
2026-09-14 15:02:52,multi_optuna_model.py,"(7620, 13)",90,Optuna_Trial_501,Dense 64 -> 256 -> 256(silu) -> 64(gelu) -> 256(gelu) -> 256(gelu) -> 256(relu) -> 32(silu) -> 1,mse,adam_30,20,1024,82.6624,66877.7890625,6411.32373046875,6411.3251953125,0.8029690980911255,0.7,256257
2026-09-14 15:02:53,multi_optuna_model.py,"(7620, 13)",90,Optuna_Trial_502,Dense 256 -> 256(gelu) -> 256(relu) -> 64(gelu) -> 128(silu) -> 256(gelu) -> 256 -> 32(gelu) -> 1,mse,adam_31,20,1024,80.4609,66782.703125,5513.6328125,5513.63330078125,0.8305567502975464,0.7,267009
2026-09-14 15:03:03,multi_optuna_model.py,"(7620, 13)",90,Optuna_Trial_503,Dense 256 -> 256 -> 128(gelu) -> 32(silu) -> 256(gelu) -> 256(gelu) -> 256(relu) -> 128(silu) -> 1,mse,adam_30,20,1024,81.0857,66634.2265625,5672.57861328125,5672.578125,0.8256720304489136,0.7,279457
2026-09-14 15:03:04,multi_optuna_model.py,"(7620, 13)",90,Optuna_Trial_504,Dense 128(gelu) -> 256(gelu) -> 256(relu) -> 32(gelu) -> 128(gelu) -> 256(gelu) -> 256 -> 32(relu) -> 1,mse,adam_31,20,1024,82.1277,67415.3125,10908.46875,10908.466796875,0.6647642850875854,0.7,220129
2026-09-14 15:03:19,multi_optuna_model.py,"(7620, 13)",90,Optuna_Trial_507,Dense 128 -> 256(relu) -> 256(relu) -> 32(gelu) -> 64(gelu) -> 256(gelu) -> 256 -> 32(gelu) -> 1,mse,adam_33,20,1024,83.2235,64478.7890625,12118.732421875,12118.736328125,0.6275707483291626,0.7,201633
2026-09-14 15:03:20,multi_optuna_model.py,"(7620, 13)",90,Optuna_Trial_505,Dense 256 -> 256 -> 256(relu) -> 32(gelu) -> 32(gelu) -> 256(silu) -> 256 -> 32(gelu) -> 1,mse,adam_32,20,1024,87.2932,66500.640625,9164.013671875,9164.013671875,0.7183743119239807,0.7,226945
2026-09-14 15:03:23,multi_optuna_model.py,"(7620, 13)",90,Optuna_Trial_506,Dense 128 -> 256(silu) -> 256(relu) -> 64(gelu) -> 32(gelu) -> 256(silu) -> 256 -> 32(gelu) -> 1,mse,adam_30,20,1024,88.1081,67536.0,5798.28369140625,5798.28369140625,0.821808934211731,0.7,201633
2026-09-14 15:03:27,multi_optuna_model.py,"(7620, 13)",90,Optuna_Trial_508,Dense 256 -> 128(gelu) -> 64(silu) -> 128(gelu) -> 256(relu) -> 256(gelu) -> 256 -> 32(gelu) -> 1,mse,adam_33,20,1024,83.8431,66474.8046875,6836.95654296875,6836.95654296875,0.7898887395858765,0.7,225921
2026-09-14 15:03:29,multi_optuna_model.py,"(7620, 13)",90,Optuna_Trial_509,Dense 256 -> 256(silu) -> 256(relu) -> 32(gelu) -> 128(relu) -> 256(relu) -> 256 -> 256 -> 1,mse,adam_32,20,1024,78.4143,59624.23828125,4707.03466796875,4707.0341796875,0.855344831943512,0.7,312481
2026-09-14 15:03:39,multi_optuna_model.py,"(7620, 13)",90,Optuna_Trial_511,Dense 256 -> 256(gelu) -> 256(relu) -> 32(gelu) -> 128(gelu) -> 256(relu) -> 32 -> 128 -> 1,mse,adam_32,20,1024,65.3803,66658.1875,3529.255615234375,3529.255615234375,0.891539990901947,0.7,193217
2026-09-14 15:03:40,multi_optuna_model.py,"(7620, 13)",90,Optuna_Trial_510,Dense 256 -> 256(gelu) -> 256(relu) -> 64(silu) -> 128(gelu) -> 256(relu) -> 256 -> 256(silu) -> 1,mse,adam_31,20,1024,76.6836,65343.01953125,4469.2353515625,4469.234375,0.8626528382301331,0.7,324801
2026-09-14 15:03:53,multi_optuna_model.py,"(7620, 13)",90,Optuna_Trial_512,Dense 256 -> 128(silu) -> 256(relu) -> 32(gelu) -> 128(gelu) -> 256(relu) -> 256 -> 32(relu) -> 1,mse,adam_32,20,1024,70.5139,67496.96875,3334.59033203125,3334.590087890625,0.8975223898887634,0.7,189025
2026-09-14 15:04:05,multi_optuna_model.py,"(7620, 13)",90,Optuna_Trial_513,Dense 256 -> 256(silu) -> 256 -> 32(gelu) -> 32(gelu) -> 256(silu) -> 256(relu) -> 32 -> 1,mse,adam_32,20,1024,69.1564,65475.77734375,8345.33203125,8345.3330078125,0.743533730506897,0.7,226945
2026-09-14 15:04:11,multi_optuna_model.py,"(7620, 13)",90,Optuna_Trial_515,Dense 256 -> 256(gelu) -> 256(relu) -> 32 -> 128(gelu) -> 256(relu) -> 256 -> 256 -> 1,mse,adam_30,20,1024,63.7521,56424.8359375,4589.29638671875,4589.29736328125,0.858963131904602,0.7,312481
2026-09-14 15:04:12,multi_optuna_model.py,"(7620, 13)",90,Optuna_Trial_514,Dense 256(gelu) -> 256(gelu) -> 128(silu) -> 128(gelu) -> 256(gelu) -> 256(gelu) -> 256 -> 32(gelu) -> 1,mse,adam_30,20,1024,71.1535,67189.3671875,9141.564453125,9141.564453125,0.7190642356872559,0.7,291649
2026-09-14 15:04:25,multi_optuna_model.py,"(7620, 13)",90,Optuna_Trial_518,Dense 256 -> 32 -> 256(gelu) -> 32(gelu) -> 128(gelu) -> 256(relu) -> 256 -> 256(gelu) -> 1,mse,adam_32,20,1024,69.9533,67421.0078125,11125.5791015625,11125.5791015625,0.6580921411514282,0.7,197569
2026-09-14 15:04:28,multi_optuna_model.py,"(7620, 13)",90,Optuna_Trial_516,Dense 256 -> 128(gelu) -> 128(silu) -> 64(gelu) -> 256 -> 256(gelu) -> 256(gelu) -> 32(gelu) -> 1,mse,adam_32,20,1024,75.1017,67999.9375,9218.404296875,9218.4033203125,0.7167028188705444,0.7,217729
2026-09-14 15:04:29,multi_optuna_model.py,"(7620, 13)",90,Optuna_Trial_517,Dense 256 -> 256(silu) -> 256(gelu) -> 32(gelu) -> 32(gelu) -> 256(relu) -> 256 -> 32(gelu) -> 1,mse,adam_31,20,1024,75.4897,67451.6875,7195.927734375,7195.92919921875,0.7788569331169128,0.7,226945
2026-09-14 15:04:38,multi_optuna_model.py,"(7620, 13)",90,Optuna_Trial_520,Dense 64 -> 256(silu) -> 256(relu) -> 32 -> 32(gelu) -> 256(silu) -> 256 -> 32(gelu) -> 1,mse,adam_32,20,1024,71.5372,65439.83203125,10017.2353515625,10017.2353515625,0.6921533942222595,0.7,175105
2026-09-14 15:04:42,multi_optuna_model.py,"(7620, 13)",90,Optuna_Trial_519,Dense 256 -> 256(gelu) -> 32(silu) -> 32(gelu) -> 256(silu) -> 256(gelu) -> 256(relu) -> 32(silu) -> 1,mse,adam_31,20,1024,76.3553,68237.890625,10403.810546875,10403.80859375,0.6802732944488525,0.7,226945
2026-09-14 15:04:50,multi_optuna_model.py,"(7620, 13)",90,Optuna_Trial_522,Dense 64 -> 256(gelu) -> 256(relu) -> 32(gelu) -> 128(gelu) -> 256 -> 256 -> 256 -> 1,mse,adam_33,20,1024,69.5274,60003.01953125,8031.48974609375,8031.48974609375,0.7531787157058716,0.7,260641
2026-09-14 15:04:51,multi_optuna_model.py,"(7620, 13)",90,Optuna_Trial_521,Dense 64 -> 128(gelu) -> 256 -> 32(silu) -> 128(silu) -> 256 -> 256(relu) -> 128(gelu) -> 1,mse,adam_34,20,1024,70.7758,66383.546875,9732.8896484375,9732.8916015625,0.7008917927742004,0.7,186529
2026-09-14 15:04:53,multi_optuna_model.py,"(7620, 13)",90,Optuna_Trial_523,Dense 256 -> 256(gelu) -> 256(relu) -> 32(gelu) -> 128(silu) -> 256(relu) -> 64 -> 32(relu) -> 1,mse,adam_31,20,1024,68.632,67903.0,5306.60888671875,5306.60791015625,0.8369189500808716,0.7,199201
2026-09-14 15:04:58,multi_optuna_model.py,"(7620, 13)",90,Optuna_Trial_525,Dense 256 -> 256(gelu) -> 256(relu) -> 128(gelu) -> 128(gelu) -> 256(silu) -> 128 -> 32 -> 1,mse,adam_33,20,1024,65.4503,62381.75,6653.1640625,6653.16552734375,0.795536994934082,0.7,254657
2026-09-14 15:05:02,multi_optuna_model.py,"(7620, 13)",90,Optuna_Trial_524,Dense 256 -> 256(silu) -> 64(relu) -> 32(gelu) -> 128(gelu) -> 256(gelu) -> 256 -> 32(gelu) -> 1,mse,adam_34,20,1024,74.0029,67329.6640625,7544.4111328125,7544.4111328125,0.7681474685668945,0.7,199201
2026-09-14 15:05:09,multi_optuna_model.py,"(7620, 13)",90,Optuna_Trial_526,Dense 256(relu) -> 256(gelu) -> 256(relu) -> 32(gelu) -> 128(gelu) -> 128(relu) -> 256 -> 256(silu) -> 1,mse,adam_33,20,1024,65.8251,65033.62109375,11454.7275390625,11454.7275390625,0.6479767560958862,0.7,263201
2026-09-14 15:05:10,multi_optuna_model.py,"(7620, 13)",90,Optuna_Trial_527,Dense 256 -> 256(gelu) -> 256(gelu) -> 32(gelu) -> 128(gelu) -> 256(relu) -> 32(gelu) -> 128 -> 1,mse,adam_32,20,1024,67.699,67971.875,4147.94140625,4147.94189453125,0.8725267648696899,0.7,193217
2026-09-14 15:05:23,multi_optuna_model.py,"(7620, 13)",90,Optuna_Trial_528,Dense 256(relu) -> 256(gelu) -> 64(relu) -> 32(gelu) -> 128(gelu) -> 256(relu) -> 256 -> 256 -> 1,mse,adam_33,20,1024,67.7558,60975.66015625,9428.3427734375,9428.3408203125,0.7102510333061218,0.7,256993
2026-09-14 15:05:29,multi_optuna_model.py,"(7620, 13)",90,Optuna_Trial_529,Dense 256 -> 256(gelu) -> 256(relu) -> 32(gelu) -> 128(gelu) -> 256(relu) -> 32 -> 128 -> 1,mse,adam_33,20,1024,61.7766,67463.5625,7899.3486328125,7899.34765625,0.7572396397590637,0.7,193217
2026-09-14 15:05:42,multi_optuna_model.py,"(7620, 13)",90,Optuna_Trial_531,Dense 128(relu) -> 256(gelu) -> 256(gelu) -> 32(gelu) -> 32(gelu) -> 256(relu) -> 256 -> 64(gelu) -> 1,mse,adam_31,20,1024,69.2029,67465.078125,12580.4609375,12580.458984375,0.6133811473846436,0.7,200641
2026-09-14 15:05:45,multi_optuna_model.py,"(7620, 13)",90,Optuna_Trial_530,Dense 256 -> 128(silu) -> 256(relu) -> 32(gelu) -> 128(gelu) -> 256(relu) -> 256 -> 32 -> 1,mse,adam_31,20,1024,69.9586,65878.6328125,8157.53173828125,8157.53076171875,0.749305248260498,0.7,189025
2026-09-14 15:05:53,multi_optuna_model.py,"(7620, 13)",90,Optuna_Trial_532,Dense 256(gelu) -> 256(gelu) -> 64(relu) -> 32(gelu) -> 128(gelu) -> 256(relu) -> 256 -> 32(relu) -> 1,mse,adam_33,20,1024,67.0608,67491.9453125,8788.0791015625,8788.0751953125,0.7299274206161499,0.7,199201
2026-09-14 15:05:55,multi_optuna_model.py,"(7620, 13)",90,Optuna_Trial_533,Dense 256 -> 32 -> 128(relu) -> 32(gelu) -> 256 -> 256(relu) -> 256 -> 64(gelu) -> 1,mse,adam_33,20,1024,66.1311,63466.3671875,10051.2255859375,10051.2255859375,0.691108763217926,0.7,176705
2026-09-14 15:05:57,multi_optuna_model.py,"(7620, 13)",90,Optuna_Trial_534,Dense 256 -> 256(gelu) -> 256(relu) -> 64(gelu) -> 128(gelu) -> 256(relu) -> 256(gelu) -> 32(relu) -> 1,mse,adam_32,20,1024,63.7683,67227.1328125,3279.40087890625,3279.40087890625,0.8992184400558472,0.7,267009
2026-09-14 15:06:09,multi_optuna_model.py,"(7620, 13)",90,Optuna_Trial_535,Dense 256 -> 256 -> 256(silu) -> 64(gelu) -> 32 -> 256(gelu) -> 256 -> 32(gelu) -> 1,mse,adam_33,20,1024,67.4167,62914.09375,5727.4267578125,5727.42822265625,0.8239864110946655,0.7,236193
2026-09-14 15:06:20,multi_optuna_model.py,"(7620, 13)",90,Optuna_Trial_536,Dense 256 -> 128(silu) -> 256(relu) -> 32(gelu) -> 128(relu) -> 256(silu) -> 256 -> 32(relu) -> 1,mse,adam_32,20,1024,71.5689,67594.1171875,5911.80419921875,5911.8046875,0.8183202147483826,0.7,189025
2026-09-14 15:06:23,multi_optuna_model.py,"(7620, 13)",90,Optuna_Trial_539,Dense 256 -> 256(gelu) -> 256(relu) -> 32(gelu) -> 64(gelu) -> 256(relu) -> 64 -> 256 -> 1,mse,adam_32,20,1024,68.162,67037.0390625,2361.1708984375,2361.1708984375,0.9274371862411499,0.7,195489
2026-09-14 15:06:29,multi_optuna_model.py,"(7620, 13)",90,Optuna_Trial_538,Dense 256 -> 256(gelu) -> 256(relu) -> 32(gelu) -> 128(gelu) -> 256(relu) -> 128(silu) -> 256 -> 1,mse,adam_35,20,1024,71.7041,66013.3046875,3049.04541015625,3049.044921875,0.9062976837158203,0.7,246817
2026-09-14 15:06:31,multi_optuna_model.py,"(7620, 13)",90,Optuna_Trial_537,Dense 256 -> 256(gelu) -> 256(silu) -> 32(gelu) -> 256(gelu) -> 128(gelu) -> 256(relu) -> 32(silu) -> 1,mse,adam_34,20,1024,76.1632,68179.734375,4615.02880859375,4615.029296875,0.8581722974777222,0.7,226017
2026-09-14 15:06:40,multi_optuna_model.py,"(7620, 13)",90,Optuna_Trial_541,Dense 128(gelu) -> 64(gelu) -> 256(relu) -> 32(gelu) -> 128(gelu) -> 256(relu) -> 64 -> 32(gelu) -> 1,mse,adam_35,20,1024,77.9982,68293.2578125,12049.6953125,12049.693359375,0.6296924352645874,0.7,90721
2026-09-14 15:06:41,multi_optuna_model.py,"(7620, 13)",90,Optuna_Trial_540,Dense 256 -> 128 -> 256(silu) -> 128(gelu) -> 256(gelu) -> 256(silu) -> 256 -> 32(gelu) -> 1,mse,adam_34,20,1024,76.0243,63575.921875,5837.0,5836.99853515625,0.8206191062927246,0.7,275265
2026-09-14 15:06:43,multi_optuna_model.py,"(7620, 13)",90,Optuna_Trial_542,Dense 32 -> 256(gelu) -> 256(relu) -> 128(gelu) -> 128(gelu) -> 256(relu) -> 256 -> 256 -> 1,mse,adam_34,20,1024,69.1013,59710.34375,8403.9365234375,8403.935546875,0.7417328357696533,0.7,288961
2026-09-14 15:06:47,multi_optuna_model.py,"(7620, 13)",90,Optuna_Trial_543,Dense 256 -> 256(gelu) -> 128(gelu) -> 32(gelu) -> 128(gelu) -> 256(relu) -> 32(gelu) -> 128 -> 1,mse,adam_33,20,1024,73.3747,68090.5703125,4575.93701171875,4575.93701171875,0.8593736886978149,0.7,156225
2026-09-14 15:06:58,multi_optuna_model.py,"(7620, 13)",90,Optuna_Trial_544,Dense 256(silu) -> 256(gelu) -> 256(relu) -> 32(gelu) -> 64(gelu) -> 256(relu) -> 64(relu) -> 32(gelu) -> 1,mse,adam_34,20,1024,71.7332,68147.8515625,11057.994140625,11057.9951171875,0.6601690053939819,0.7,180705
2026-09-14 15:07:01,multi_optuna_model.py,"(7620, 13)",90,Optuna_Trial_545,Dense 256 -> 128(silu) -> 128(relu) -> 32(gelu) -> 128(gelu) -> 32(relu) -> 256 -> 32(relu) -> 1,mse,adam_34,20,1024,69.0289,68356.5,10075.25390625,10075.2529296875,0.6903703808784485,0.7,82177
2026-09-14 15:07:15,multi_optuna_model.py,"(7620, 13)",90,Optuna_Trial_546,Dense 256 -> 256(gelu) -> 256(gelu) -> 32(relu) -> 128 -> 256(relu) -> 32(gelu) -> 128 -> 1,mse,adam_32,20,1024,68.8831,67036.453125,4019.858642578125,4019.85888671875,0.8764629364013672,0.7,193217
2026-09-14 15:07:25,multi_optuna_model.py,"(7620, 13)",90,Optuna_Trial_547,Dense 256 -> 128(silu) -> 256(gelu) -> 128(gelu) -> 128(gelu) -> 256(relu) -> 256 -> 32(relu) -> 1,mse,adam_32,20,1024,72.6495,66230.375,7999.15234375,7999.15087890625,0.7541725039482117,0.7,225985
2026-09-14 15:07:32,multi_optuna_model.py,"(7620, 13)",90,Optuna_Trial_548,Dense 64 -> 32(silu) -> 256(relu) -> 32(gelu) -> 128 -> 256(relu) -> 256 -> 32(gelu) -> 1,mse,adam_34,20,1024,77.5004,65916.0078125,12314.439453125,12314.4384765625,0.6215564012527466,0.7,130945
2026-09-14 15:07:35,multi_optuna_model.py,"(7620, 13)",90,Optuna_Trial_550,Dense 256 -> 256(gelu) -> 256(relu) -> 64(gelu) -> 128(gelu) -> 256(relu) -> 256(gelu) -> 128(relu) -> 1,mse,adam_33,20,1024,69.7567,66658.3984375,4297.35693359375,4297.357421875,0.8679349422454834,0.7,291777
2026-09-14 15:07:39,multi_optuna_model.py,"(7620, 13)",90,Optuna_Trial_549,Dense 256 -> 256(gelu) -> 256(silu) -> 64(gelu) -> 256 -> 256(silu) -> 64 -> 32(gelu) -> 1,mse,adam_34,20,1024,75.9083,66013.7890625,3352.85888671875,3352.85888671875,0.896960973739624,0.7,252609
2026-09-14 15:07:43,multi_optuna_model.py,"(7620, 13)",90,Optuna_Trial_551,Dense 256 -> 256 -> 256 -> 32(gelu) -> 256 -> 256(relu) -> 32 -> 64(gelu) -> 1,mse,adam_34,20,1024,69.3155,62012.12109375,17758.85546875,17758.85546875,0.4542403221130371,0.7,228033
2026-09-14 15:08:02,multi_optuna_model.py,"(7620, 13)",90,Optuna_Trial_553,Dense 256 -> 256(gelu) -> 256(relu) -> 256(gelu) -> 128(gelu) -> 32(relu) -> 256 -> 64(relu) -> 1,mse,adam_33,20,1024,73.1895,66735.7578125,8751.595703125,8751.595703125,0.7310486435890198,0.7,262945
2026-09-14 15:08:07,multi_optuna_model.py,"(7620, 13)",90,Optuna_Trial_552,Dense 256 -> 256(gelu) -> 128(relu) -> 256(gelu) -> 128(gelu) -> 256(silu) -> 256 -> 256 -> 1,mse,adam_33,20,1024,76.102,58305.4609375,4215.966796875,4215.96728515625,0.8704361915588379,0.7,333057
2026-09-14 15:08:17,multi_optuna_model.py,"(7620, 13)",90,Optuna_Trial_555,Dense 256 -> 64(gelu) -> 256 -> 32(silu) -> 128(gelu) -> 256 -> 256 -> 128(gelu) -> 1,mse,adam_35,20,1024,80.1711,65378.25,10122.5478515625,10122.5478515625,0.6889169216156006,0.7,180961
2026-09-14 15:08:19,multi_optuna_model.py,"(7620, 13)",90,Optuna_Trial_554,Dense 256 -> 256(gelu) -> 256(relu) -> 32(gelu) -> 128(gelu) -> 256(relu) -> 128(silu) -> 256 -> 1,mse,adam_36,20,1024,82.0215,66713.75,2761.27001953125,2761.270263671875,0.9151414632797241,0.7,246817
2026-09-14 15:08:19,multi_optuna_model.py,"(7620, 13)",90,Optuna_Trial_556,Dense 256 -> 256(gelu) -> 256(relu) -> 64(gelu) -> 64(gelu) -> 256(relu) -> 64 -> 256 -> 1,mse,adam_36,20,1024,75.7047,65537.7109375,4482.4677734375,4482.4677734375,0.8622461557388306,0.7,205761
2026-09-14 15:08:30,multi_optuna_model.py,"(7620, 13)",90,Optuna_Trial_557,Dense 256 -> 256(gelu) -> 256(silu) -> 64(gelu) -> 256 -> 256(gelu) -> 256 -> 256 -> 1,mse,adam_35,20,1024,78.9396,58272.19921875,4865.7705078125,4865.771484375,0.8504666090011597,0.7,365889
2026-09-14 15:08:34,multi_optuna_model.py,"(7620, 13)",90,Optuna_Trial_559,Dense 128 -> 32(gelu) -> 256(relu) -> 64(gelu) -> 32(gelu) -> 256(relu) -> 256(gelu) -> 32(relu) -> 1,mse,adam_34,20,1024,83.9889,68454.9375,11647.3291015625,11647.3310546875,0.6420578360557556,0.7,115393
2026-09-14 15:08:38,multi_optuna_model.py,"(7620, 13)",90,Optuna_Trial_558,Dense 256(relu) -> 128(gelu) -> 256 -> 32(silu) -> 128(silu) -> 256 -> 256 -> 128(silu) -> 1,mse,adam_35,20,1024,83.3626,63353.2890625,11113.845703125,11113.8447265625,0.6584526896476746,0.7,213793
2026-09-14 15:08:40,multi_optuna_model.py,"(7620, 13)",90,Optuna_Trial_560,Dense 64 -> 256(gelu) -> 256(relu) -> 32(gelu) -> 128(gelu) -> 32(relu) -> 256(gelu) -> 32(relu) -> 1,mse,adam_35,20,1024,78.344,68211.203125,11171.150390625,11171.1513671875,0.6566915512084961,0.7,116609
2026-09-14 15:08:49,multi_optuna_model.py,"(7620, 13)",90,Optuna_Trial_561,Dense 256 -> 64(silu) -> 32 -> 32(gelu) -> 32(gelu) -> 256(silu) -> 256 -> 32(gelu) -> 1,mse,adam_35,20,1024,82.9671,67726.4609375,12580.4189453125,12580.4208984375,0.6133823394775391,0.7,106721
2026-09-14 15:09:03,multi_optuna_model.py,"(7620, 13)",90,Optuna_Trial_562,Dense 128 -> 64(gelu) -> 256(relu) -> 32(gelu) -> 32(gelu) -> 128(relu) -> 256 -> 32(silu) -> 1,mse,adam_33,20,1024,85.5886,67994.3671875,10983.05078125,10983.05078125,0.6624722480773926,0.7,81473
2026-09-14 15:09:18,multi_optuna_model.py,"(7620, 13)",90,Optuna_Trial_563,Dense 256(relu) -> 128(silu) -> 256(relu) -> 32(gelu) -> 128(gelu) -> 256(relu) -> 64 -> 32(relu) -> 1,mse,adam_33,20,1024,87.2498,67824.8984375,11711.5439453125,11711.5458984375,0.6400843858718872,0.7,133537
2026-09-14 15:09:23,multi_optuna_model.py,"(7620, 13)",90,Optuna_Trial_564,Dense 256 -> 256(gelu) -> 128(silu) -> 64(gelu) -> 128(gelu) -> 256(relu) -> 256(gelu) -> 32(relu) -> 1,mse,adam_35,20,1024,81.4383,67987.4453125,6945.59716796875,6945.59912109375,0.7865500450134277,0.7,225921
2026-09-14 15:09:34,multi_optuna_model.py,"(7620, 13)",90,Optuna_Trial_565,Dense 256 -> 64(silu) -> 256(relu) -> 32(gelu) -> 32(gelu) -> 128(silu) -> 256 -> 32(gelu) -> 1,mse,adam_34,20,1024,91.4948,68080.1171875,5606.29443359375,5606.294921875,0.8277090191841125,0.7,91457
2026-09-14 15:09:38,multi_optuna_model.py,"(7620, 13)",90,Optuna_Trial_566,Dense 128 -> 256(gelu) -> 256(silu) -> 32(gelu) -> 32(gelu) -> 256(silu) -> 256(gelu) -> 256(gelu) -> 1,mse,adam_35,20,1024,86.5745,67978.1171875,7540.27685546875,7540.27490234375,0.7682744860649109,0.7,250177
2026-09-14 15:09:43,multi_optuna_model.py,"(7620, 13)",90,Optuna_Trial_567,Dense 256 -> 256(silu) -> 256(relu) -> 32(gelu) -> 32(gelu) -> 256(silu) -> 256 -> 256(gelu) -> 1,mse,adam_35,20,1024,86.0696,66751.1171875,7401.837890625,7401.8369140625,0.7725290060043335,0.7,284737
2026-09-14 15:09:58,multi_optuna_model.py,"(7620, 13)",90,Optuna_Trial_568,Dense 256 -> 256(gelu) -> 256(relu) -> 64(gelu) -> 256 -> 256(silu) -> 64 -> 32(gelu) -> 1,mse,adam_34,20,1024,86.3339,63896.765625,4340.12841796875,4340.12841796875,0.8666204810142517,0.7,252609
2026-09-14 15:10:02,multi_optuna_model.py,"(7620, 13)",90,Optuna_Trial_569,Dense 256 -> 256(gelu) -> 256(silu) -> 64(gelu) -> 128 -> 256(relu) -> 64 -> 32(gelu) -> 1,mse,adam_34,20,1024,86.7904,66712.2578125,8351.2880859375,8351.2900390625,0.7433507442474365,0.7,211521
2026-09-14 15:10:20,multi_optuna_model.py,"(7620, 13)",90,Optuna_Trial_570,Dense 256 -> 256(silu) -> 32(silu) -> 64(gelu) -> 256 -> 256(silu) -> 64 -> 32(gelu) -> 1,mse,adam_36,20,1024,94.3736,66123.5859375,9229.833984375,9229.833984375,0.7163515686988831,0.7,180705
2026-09-14 15:10:21,multi_optuna_model.py,"(7620, 13)",90,Optuna_Trial_571,Dense 256 -> 256(gelu) -> 256(relu) -> 32(gelu) -> 128(gelu) -> 256 -> 128(silu) -> 256 -> 1,mse,adam_37,20,1024,91.1488,66268.109375,3439.7216796875,3439.721435546875,0.8942915201187134,0.7,246817
2026-09-14 15:10:21,multi_optuna_model.py,"(7620, 13)",90,Optuna_Trial_572,Dense 256 -> 256 -> 256(relu) -> 32(gelu) -> 128(gelu) -> 256(relu) -> 128(silu) -> 256 -> 1,mse,adam_37,20,1024,91.6626,63175.47265625,3850.560546875,3850.56005859375,0.8816657662391663,0.7,246817
2026-09-14 15:10:32,multi_optuna_model.py,"(7620, 13)",90,Optuna_Trial_573,Dense 256 -> 64(gelu) -> 256(silu) -> 128(gelu) -> 128(gelu) -> 256(relu) -> 256 -> 256 -> 1,mse,adam_36,20,1024,90.4258,65384.73828125,6370.9150390625,6370.91357421875,0.8042109608650208,0.7,250945
2026-09-14 15:10:34,multi_optuna_model.py,"(7620, 13)",90,Optuna_Trial_576,Dense 256 -> 256(gelu) -> 256(relu) -> 32(relu) -> 128(gelu) -> 256(relu) -> 64(silu) -> 256 -> 1,mse,adam_36,20,1024,85.3212,66819.9453125,8203.8955078125,8203.896484375,0.7478803396224976,0.7,213985
2026-09-14 15:10:36,multi_optuna_model.py,"(7620, 13)",90,Optuna_Trial_575,Dense 256 -> 32(gelu) -> 256(relu) -> 32(gelu) -> 64(relu) -> 256(gelu) -> 64 -> 256 -> 1,mse,adam_36,20,1024,91.5541,67811.90625,10580.2373046875,10580.2373046875,0.6748513579368591,0.7,80577
2026-09-14 15:10:37,multi_optuna_model.py,"(7620, 13)",90,Optuna_Trial_574,Dense 256(relu) -> 256(gelu) -> 256(relu) -> 32(gelu) -> 32(gelu) -> 256(silu) -> 64 -> 256 -> 1,mse,adam_35,20,1024,92.5481,66748.1015625,10427.12890625,10427.1279296875,0.679556667804718,0.7,186241
2026-09-14 15:11:01,multi_optuna_model.py,"(7620, 13)",90,Optuna_Trial_577,Dense 256 -> 256(gelu) -> 32(relu) -> 32(gelu) -> 128(gelu) -> 256(relu) -> 256 -> 256(silu) -> 1,mse,adam_36,20,1024,88.1706,66507.1796875,6754.326171875,6754.326171875,0.7924280762672424,0.7,247745
2026-09-14 15:11:17,multi_optuna_model.py,"(7620, 13)",90,Optuna_Trial_578,Dense 256(gelu) -> 256(gelu) -> 256(silu) -> 64(gelu) -> 256(relu) -> 256(silu) -> 64 -> 32(gelu) -> 1,mse,adam_34,20,1024,89.1226,67684.5546875,10398.9111328125,10398.9091796875,0.6804237365722656,0.7,252609
2026-09-14 15:11:30,multi_optuna_model.py,"(7620, 13)",90,Optuna_Trial_579,Dense 256 -> 32(gelu) -> 128(relu) -> 32(gelu) -> 128(gelu) -> 256(relu) -> 128(silu) -> 256 -> 1,mse,adam_34,20,1024,102.4397,67816.84375,10334.20703125,10334.2060546875,0.682412326335907,0.7,123585
2026-09-14 15:11:34,multi_optuna_model.py,"(7620, 13)",90,Optuna_Trial_580,Dense 256 -> 256(gelu) -> 256(relu) -> 32(gelu) -> 256(gelu) -> 256(relu) -> 256 -> 256 -> 1,mse,adam_36,20,1024,98.3147,61796.640625,4270.2333984375,4270.2333984375,0.8687684535980225,0.7,349473
2026-09-14 15:11:36,multi_optuna_model.py,"(7620, 13)",90,Optuna_Trial_581,Dense 256 -> 256 -> 256(relu) -> 32(gelu) -> 64(gelu) -> 128(relu) -> 64 -> 256 -> 1,mse,adam_35,20,1024,94.1666,63879.98046875,6227.94384765625,6227.9443359375,0.8086047172546387,0.7,178977
2026-09-14 15:11:46,multi_optuna_model.py,"(7620, 13)",90,Optuna_Trial_582,Dense 256 -> 256(gelu) -> 256(relu) -> 64(gelu) -> 128(relu) -> 256 -> 256(gelu) -> 32(relu) -> 1,mse,adam_36,20,1024,96.3203,66106.828125,6262.67431640625,6262.6748046875,0.8075373768806458,0.7,267009
2026-09-14 15:11:58,multi_optuna_model.py,"(7620, 13)",90,Optuna_Trial_583,Dense 256 -> 128(gelu) -> 256(relu) -> 64(gelu) -> 128(gelu) -> 256(relu) -> 128(silu) -> 256 -> 1,mse,adam_36,20,1024,101.4481,66934.5390625,4325.7802734375,4325.77978515625,0.8670614361763,0.7,193473
2026-09-14 15:12:15,multi_optuna_model.py,"(7620, 13)",90,Optuna_Trial_584,Dense 256(relu) -> 256(relu) -> 256(relu) -> 32(gelu) -> 128 -> 256(relu) -> 128(silu) -> 256 -> 1,mse,adam_35,20,1024,103.7535,63894.2578125,11310.6083984375,11310.60546875,0.652405858039856,0.7,246817
2026-09-14 15:12:19,multi_optuna_model.py,"(7620, 13)",90,Optuna_Trial_585,Dense 256(relu) -> 256 -> 32(silu) -> 32(gelu) -> 32(gelu) -> 256 -> 256(gelu) -> 256(gelu) -> 1,mse,adam_35,20,1024,107.4914,65880.0078125,14270.8896484375,14270.890625,0.5614312887191772,0.7,220001
2026-09-14 15:12:37,multi_optuna_model.py,"(7620, 13)",90,Optuna_Trial_587,Dense 256 -> 256(gelu) -> 256(silu) -> 64(gelu) -> 32 -> 256(silu) -> 64 -> 256(relu) -> 1,mse,adam_38,20,1024,101.4676,67419.46875,7818.61474609375,7818.61376953125,0.7597206830978394,0.7,195489
2026-09-14 15:12:42,multi_optuna_model.py,"(7620, 13)",90,Optuna_Trial_588,Dense 256 -> 256(silu) -> 256(relu) -> 32(gelu) -> 64(gelu) -> 256(relu) -> 256 -> 128(gelu) -> 1,mse,adam_38,20,1024,108.136,66346.265625,7669.095703125,7669.095703125,0.764315664768219,0.7,260961
2026-09-14 15:12:48,multi_optuna_model.py,"(7620, 13)",90,Optuna_Trial_586,Dense 256 -> 256(gelu) -> 256(silu) -> 128(relu) -> 256(gelu) -> 256(gelu) -> 256(relu) -> 32(gelu) -> 1,mse,adam_37,20,1024,114.8873,66858.1875,5097.4248046875,5097.42431640625,0.8433474898338318,0.7,340929
2026-09-14 15:12:56,multi_optuna_model.py,"(7620, 13)",90,Optuna_Trial_590,Dense 256 -> 256(gelu) -> 256(relu) -> 32(gelu) -> 128(gelu) -> 256 -> 128(gelu) -> 256 -> 1,mse,adam_37,20,1024,112.7226,64761.10546875,6144.0498046875,6144.05224609375,0.8111829161643982,0.7,246817
2026-09-14 15:13:01,multi_optuna_model.py,"(7620, 13)",90,Optuna_Trial_591,Dense 256 -> 256(gelu) -> 32(relu) -> 128(gelu) -> 256(gelu) -> 256(silu) -> 256 -> 32(gelu) -> 1,mse,adam_37,20,1024,99.7251,66455.0546875,5832.5439453125,5832.54443359375,0.8207560777664185,0.7,254689
2026-09-14 15:13:03,multi_optuna_model.py,"(7620, 13)",90,Optuna_Trial_592,Dense 256 -> 128(silu) -> 256 -> 32(gelu) -> 128(gelu) -> 256(relu) -> 256 -> 128(relu) -> 1,mse,adam_36,20,1024,99.6945,66421.75,10270.9404296875,10270.9384765625,0.6843565702438354,0.7,213793
2026-09-14 15:13:05,multi_optuna_model.py,"(7620, 13)",90,Optuna_Trial_589,Dense 256 -> 64(gelu) -> 256(silu) -> 256(gelu) -> 256(silu) -> 256(silu) -> 64 -> 32(gelu) -> 1,mse,adam_37,20,1024,118.0449,67823.0703125,10898.3173828125,10898.31640625,0.6650762557983398,0.7,252609
2026-09-14 15:13:10,multi_optuna_model.py,"(7620, 13)",90,Optuna_Trial_593,Dense 256 -> 256 -> 256(silu) -> 64(gelu) -> 256(gelu) -> 256(silu) -> 64 -> 32(gelu) -> 1,mse,adam_37,20,1024,96.4709,65780.0078125,5258.82568359375,5258.8271484375,0.8383873701095581,0.7,252609
2026-09-14 15:13:28,multi_optuna_model.py,"(7620, 13)",90,Optuna_Trial_597,Dense 256 -> 256(gelu) -> 32(relu) -> 64(relu) -> 128(gelu) -> 256(relu) -> 64(gelu) -> 32(relu) -> 1,mse,adam_36,20,1024,88.3677,67959.421875,10862.8662109375,10862.8662109375,0.6661657094955444,0.7,139617
2026-09-14 15:13:30,multi_optuna_model.py,"(7620, 13)",90,Optuna_Trial_594,Dense 256 -> 32(gelu) -> 256(silu) -> 128(gelu) -> 256(gelu) -> 256 -> 256 -> 32(gelu) -> 1,mse,adam_35,20,1024,101.9396,65836.1796875,8742.2880859375,8742.2900390625,0.7313346862792969,0.7,226017
2026-09-14 15:13:34,multi_optuna_model.py,"(7620, 13)",90,Optuna_Trial_595,Dense 256 -> 256(silu) -> 128(relu) -> 32(gelu) -> 128 -> 256(relu) -> 128 -> 32(gelu) -> 1,mse,adam_35,20,1024,96.3102,65570.9609375,6185.59326171875,6185.5927734375,0.8099062442779541,0.7,180705
2026-09-14 15:13:36,multi_optuna_model.py,"(7620, 13)",90,Optuna_Trial_596,Dense 256 -> 256(gelu) -> 256(relu) -> 32(gelu) -> 64(gelu) -> 256(relu) -> 64(silu) -> 128(silu) -> 1,mse,adam_37,20,1024,90.9691,68006.1640625,8125.099609375,8125.1015625,0.7503018975257874,0.7,187041
2026-09-14 15:13:47,multi_optuna_model.py,"(7620, 13)",90,Optuna_Trial_598,Dense 256 -> 256(silu) -> 256(relu) -> 32(gelu) -> 128(gelu) -> 256 -> 256 -> 32(relu) -> 1,mse,adam_37,20,1024,89.6539,64724.40234375,3720.472412109375,3720.47265625,0.8856635689735413,0.7,254689
2026-09-14 15:13:59,multi_optuna_model.py,"(7620, 13)",90,Optuna_Trial_599,Dense 256 -> 256(relu) -> 256 -> 32(gelu) -> 128(gelu) -> 256 -> 128(silu) -> 256 -> 1,mse,adam_37,20,1024,88.7628,56509.1796875,9277.22265625,9277.2236328125,0.7148952484130859,0.7,246817
2026-09-14 15:14:07,multi_optuna_model.py,"(7620, 13)",90,Optuna_Trial_600,Dense 256 -> 256(gelu) -> 64(relu) -> 32(gelu) -> 128(gelu) -> 256 -> 64(silu) -> 256 -> 1,mse,adam_36,20,1024,85.6357,67279.375,4657.39697265625,4657.39697265625,0.8568702936172485,0.7,158497
2026-09-14 15:14:10,multi_optuna_model.py,"(7620, 13)",90,Optuna_Trial_601,Dense 256 -> 256(gelu) -> 256(relu) -> 32 -> 128(gelu) -> 32(relu) -> 128(silu) -> 64 -> 1,mse,adam_36,20,1024,81.1698,67623.828125,10411.78125,10411.78125,0.6800283193588257,0.7,164289
2026-09-14 15:14:31,multi_optuna_model.py,"(7620, 13)",90,Optuna_Trial_602,Dense 256 -> 256(gelu) -> 128(gelu) -> 32(silu) -> 64(gelu) -> 256(relu) -> 64 -> 256 -> 1,mse,adam_39,20,1024,86.8664,66370.828125,5803.18310546875,5803.18505859375,0.8216583728790283,0.7,158497
2026-09-14 15:14:44,multi_optuna_model.py,"(7620, 13)",90,Optuna_Trial_603,Dense 256 -> 64(gelu) -> 256(relu) -> 32(relu) -> 128(silu) -> 256(relu) -> 128(silu) -> 256 -> 1,mse,adam_39,20,1024,90.3445,66794.640625,10364.0126953125,10364.013671875,0.6814963221549988,0.7,148321
2026-09-14 15:14:48,multi_optuna_model.py,"(7620, 13)",90,Optuna_Trial_607,Dense 256 -> 256(gelu) -> 256(relu) -> 32 -> 64(gelu) -> 64(relu) -> 64 -> 32 -> 1,mse,adam_37,20,1024,81.835,66285.7265625,10246.11328125,10246.1103515625,0.6851195693016052,0.7,155937
2026-09-14 15:14:51,multi_optuna_model.py,"(7620, 13)",90,Optuna_Trial_604,Dense 256 -> 256(gelu) -> 256 -> 32(gelu) -> 128(gelu) -> 256(relu) -> 256(silu) -> 256 -> 1,mse,adam_38,20,1024,90.0859,62546.19140625,6262.81640625,6262.81591796875,0.8075330257415771,0.7,312481
2026-09-14 15:15:00,multi_optuna_model.py,"(7620, 13)",90,Optuna_Trial_605,Dense 32(silu) -> 128(silu) -> 256(relu) -> 32(gelu) -> 128 -> 256(relu) -> 256 -> 32(relu) -> 1,mse,adam_38,20,1024,95.576,67109.6875,11130.9150390625,11130.9169921875,0.6579281091690063,0.7,157217
2026-09-14 15:15:06,multi_optuna_model.py,"(7620, 13)",90,Optuna_Trial_606,Dense 256 -> 256(gelu) -> 256(relu) -> 32(gelu) -> 256(gelu) -> 128(relu) -> 128(silu) -> 256 -> 1,mse,adam_38,20,1024,92.5772,66689.3984375,3183.044921875,3183.044677734375,0.9021795988082886,0.7,234529
2026-09-14 15:15:10,multi_optuna_model.py,"(7620, 13)",90,Optuna_Trial_608,Dense 256 -> 128(gelu) -> 256(relu) -> 32(gelu) -> 128(gelu) -> 256(relu) -> 256(relu) -> 256 -> 1,mse,adam_38,20,1024,95.467,64894.51953125,4922.208984375,4922.208984375,0.8487321734428406,0.7,246817
2026-09-14 15:15:12,multi_optuna_model.py,"(7620, 13)",90,Optuna_Trial_609,Dense 256 -> 64(gelu) -> 256(relu) -> 32(gelu) -> 128(gelu) -> 256(relu) -> 32(silu) -> 256 -> 1,mse,adam_38,20,1024,94.0903,68231.5859375,6743.91015625,6743.91015625,0.792748212814331,0.7,99073
2026-09-14 15:15:24,multi_optuna_model.py,"(7620, 13)",90,Optuna_Trial_611,Dense 256 -> 32(gelu) -> 32(relu) -> 32(gelu) -> 64(gelu) -> 256(relu) -> 64 -> 256 -> 1,mse,adam_36,20,1024,91.3338,67882.3046875,11472.57421875,11472.57421875,0.6474283933639526,0.7,66017
2026-09-14 15:15:29,multi_optuna_model.py,"(7620, 13)",90,Optuna_Trial_610,Dense 256 -> 256(gelu) -> 256(relu) -> 32(gelu) -> 128(gelu) -> 64 -> 128(silu) -> 256(relu) -> 1,mse,adam_37,20,1024,90.1031,67819.3203125,3614.529052734375,3614.52978515625,0.8889193534851074,0.7,197473
2026-09-14 15:15:40,multi_optuna_model.py,"(7620, 13)",90,Optuna_Trial_612,Dense 256 -> 256(gelu) -> 256(gelu) -> 32(gelu) -> 32(gelu) -> 256(relu) -> 128(silu) -> 256 -> 1,mse,adam_36,20,1024,93.5656,66904.703125,4112.18017578125,4112.18115234375,0.8736257553100586,0.7,219073
2026-09-14 15:15:42,multi_optuna_model.py,"(7620, 13)",90,Optuna_Trial_613,Dense 256 -> 32(gelu) -> 256(silu) -> 64 -> 256 -> 256(silu) -> 64 -> 128(gelu) -> 1,mse,adam_38,20,1024,93.746,67362.8984375,12086.25390625,12086.2548828125,0.6285688877105713,0.7,144033
2026-09-14 15:15:57,multi_optuna_model.py,"(7620, 13)",90,Optuna_Trial_614,Dense 256 -> 32(gelu) -> 256(relu) -> 32(gelu) -> 128(silu) -> 256(relu) -> 256(silu) -> 128 -> 1,mse,adam_38,20,1024,96.2798,67457.421875,10880.5107421875,10880.509765625,0.6656234860420227,0.7,164545
2026-09-14 15:16:08,multi_optuna_model.py,"(7620, 13)",90,Optuna_Trial_617,Dense 256 -> 256(silu) -> 256(silu) -> 32(gelu) -> 64(gelu) -> 256(relu) -> 64 -> 256 -> 1,mse,adam_37,20,1024,86.8426,66963.484375,6148.04833984375,6148.04736328125,0.8110600709915161,0.7,195489
2026-09-14 15:16:10,multi_optuna_model.py,"(7620, 13)",90,Optuna_Trial_615,Dense 256 -> 256(gelu) -> 32(gelu) -> 32(gelu) -> 128(gelu) -> 256 -> 128(silu) -> 256 -> 1,mse,adam_38,20,1024,99.629,67028.578125,6511.34423828125,6511.34521484375,0.7998953461647034,0.7,182081
2026-09-14 15:16:13,multi_optuna_model.py,"(7620, 13)",90,Optuna_Trial_616,Dense 256(silu) -> 256(silu) -> 256(relu) -> 32(gelu) -> 32 -> 256(silu) -> 256 -> 32(relu) -> 1,mse,adam_37,20,1024,89.794,67597.1953125,10972.869140625,10972.869140625,0.6627851128578186,0.7,226945
2026-09-14 15:16:37,multi_optuna_model.py,"(7620, 13)",90,Optuna_Trial_618,Dense 256 -> 256(gelu) -> 256(silu) -> 64(gelu) -> 256(silu) -> 32(silu) -> 64 -> 32(gelu) -> 1,mse,adam_40,20,1024,94.4382,68015.984375,6513.48583984375,6513.486328125,0.7998294830322266,0.7,180705
2026-09-14 15:16:41,multi_optuna_model.py,"(7620, 13)",90,Optuna_Trial_621,Dense 32 -> 256(relu) -> 256(relu) -> 32(relu) -> 64(gelu) -> 256(relu) -> 64 -> 256 -> 1,mse,adam_39,20,1024,84.4352,64572.7734375,13074.3291015625,13074.326171875,0.5982036590576172,0.7,135009
2026-09-14 15:16:49,multi_optuna_model.py,"(7620, 13)",90,Optuna_Trial_620,Dense 256 -> 64(gelu) -> 256(relu) -> 32(gelu) -> 128(gelu) -> 256(relu) -> 128 -> 32(relu) -> 1,mse,adam_38,20,1024,94.2659,68112.484375,3532.6669921875,3532.6669921875,0.8914351463317871,0.7,119201
2026-09-14 15:16:51,multi_optuna_model.py,"(7620, 13)",90,Optuna_Trial_619,Dense 256 -> 256(gelu) -> 256(relu) -> 32(silu) -> 128 -> 256(relu) -> 128(silu) -> 256 -> 1,mse,adam_40,20,1024,92.825,65433.671875,8846.41015625,8846.4111328125,0.7281348705291748,0.7,246817
2026-09-14 15:16:58,multi_optuna_model.py,"(7620, 13)",90,Optuna_Trial_622,Dense 256 -> 256(gelu) -> 256(relu) -> 64(gelu) -> 32(gelu) -> 128(relu) -> 256(gelu) -> 32(relu) -> 1,mse,adam_39,20,1024,89.7854,67579.078125,5499.94482421875,5499.9423828125,0.8309773802757263,0.7,199201
2026-09-14 15:17:14,multi_optuna_model.py,"(7620, 13)",90,Optuna_Trial_623,Dense 256 -> 256(gelu) -> 256(silu) -> 32(gelu) -> 256(gelu) -> 128(relu) -> 128(silu) -> 256 -> 1,mse,adam_39,20,1024,92.4261,67033.59375,6176.3955078125,6176.39599609375,0.810188889503479,0.7,234529
2026-09-14 15:17:16,multi_optuna_model.py,"(7620, 13)",90,Optuna_Trial_625,Dense 256 -> 128(silu) -> 256(relu) -> 32(relu) -> 128(gelu) -> 256(relu) -> 256 -> 64(relu) -> 1,mse,adam_39,20,1024,92.8598,65668.0703125,7286.99609375,7286.9970703125,0.7760581970214844,0.7,197281
2026-09-14 15:17:23,multi_optuna_model.py,"(7620, 13)",90,Optuna_Trial_624,Dense 256 -> 256(silu) -> 256(relu) -> 32(silu) -> 32(gelu) -> 256 -> 256 -> 32(gelu) -> 1,mse,adam_39,20,1024,101.2141,66297.2265625,5971.3486328125,5971.3486328125,0.8164903521537781,0.7,226945
2026-09-14 15:17:34,multi_optuna_model.py,"(7620, 13)",90,Optuna_Trial_626,Dense 256 -> 256(gelu) -> 256(relu) -> 32(gelu) -> 256(gelu) -> 256(gelu) -> 128(silu) -> 256 -> 1,mse,adam_37,20,1024,94.5445,67099.09375,6141.783203125,6141.7822265625,0.8112525939941406,0.7,283809
2026-09-14 15:17:34,multi_optuna_model.py,"(7620, 13)",90,Optuna_Trial_627,Dense 256 -> 256(gelu) -> 256(relu) -> 32(gelu) -> 256(gelu) -> 64 -> 128(silu) -> 256(relu) -> 1,mse,adam_38,20,1024,92.8117,67476.296875,3363.138916015625,3363.14013671875,0.8966450095176697,0.7,209889
2026-09-14 15:17:43,multi_optuna_model.py,"(7620, 13)",90,Optuna_Trial_629,Dense 64 -> 256(gelu) -> 256(relu) -> 32(gelu) -> 128 -> 128 -> 128(silu) -> 256 -> 1,mse,adam_39,20,1024,90.3664,65581.9296875,9753.185546875,9753.1875,0.700268030166626,0.7,162081
2026-09-14 15:17:55,multi_optuna_model.py,"(7620, 13)",90,Optuna_Trial_628,Dense 32 -> 256(silu) -> 256(relu) -> 32(gelu) -> 32(gelu) -> 256(silu) -> 128 -> 32(gelu) -> 1,mse,adam_37,20,1024,103.4154,67882.421875,10707.48828125,10707.484375,0.6709407567977905,0.7,129473
2026-09-14 15:18:03,multi_optuna_model.py,"(7620, 13)",90,Optuna_Trial_630,Dense 256 -> 256(gelu) -> 64(silu) -> 128(gelu) -> 32(gelu) -> 256(gelu) -> 256 -> 32 -> 1,mse,adam_39,20,1024,96.3865,67152.375,5320.75390625,5320.75244140625,0.8364841938018799,0.7,180769
2026-09-14 15:18:22,multi_optuna_model.py,"(7620, 13)",90,Optuna_Trial_632,Dense 32(relu) -> 256(gelu) -> 256(relu) -> 32(gelu) -> 128(gelu) -> 256(relu) -> 128(silu) -> 256 -> 1,mse,adam_39,20,1024,100.2091,67366.78125,14368.9501953125,14368.94921875,0.5584177374839783,0.7,186337
2026-09-14 15:18:24,multi_optuna_model.py,"(7620, 13)",90,Optuna_Trial_633,Dense 256 -> 256(gelu) -> 256(relu) -> 32(gelu) -> 128 -> 64 -> 256(silu) -> 256(relu) -> 1,mse,adam_38,20,1024,95.0869,66724.4609375,3593.41357421875,3593.413330078125,0.8895682692527771,0.7,238561
2026-09-14 15:18:26,multi_optuna_model.py,"(7620, 13)",90,Optuna_Trial_631,Dense 256 -> 32(gelu) -> 256(silu) -> 64(gelu) -> 256 -> 32(gelu) -> 256 -> 32(gelu) -> 1,mse,adam_38,20,1024,106.4583,68199.7265625,11182.7998046875,11182.798828125,0.6563335657119751,0.7,78273
2026-09-14 15:18:47,multi_optuna_model.py,"(7620, 13)",90,Optuna_Trial_635,Dense 256(silu) -> 256(gelu) -> 256(relu) -> 32 -> 128(gelu) -> 64 -> 128(silu) -> 256(relu) -> 1,mse,adam_40,20,1024,90.4379,67963.75,11063.0537109375,11063.0537109375,0.6600136160850525,0.7,197473
2026-09-14 15:18:51,multi_optuna_model.py,"(7620, 13)",90,Optuna_Trial_634,Dense 256(relu) -> 256(gelu) -> 256(relu) -> 32(gelu) -> 128(gelu) -> 256 -> 128(silu) -> 256(relu) -> 1,mse,adam_41,20,1024,99.7484,66547.2890625,10634.4326171875,10634.4326171875,0.6731858253479004,0.7,246817
2026-09-14 15:19:02,multi_optuna_model.py,"(7620, 13)",90,Optuna_Trial_636,Dense 256 -> 64(gelu) -> 256(relu) -> 32(gelu) -> 128 -> 256(relu) -> 128 -> 32(relu) -> 1,mse,adam_39,20,1024,103.437,66887.703125,9339.056640625,9339.056640625,0.7129949331283569,0.7,119201
2026-09-14 15:19:05,multi_optuna_model.py,"(7620, 13)",90,Optuna_Trial_637,Dense 256 -> 64(gelu) -> 256(relu) -> 256(gelu) -> 128(gelu) -> 256(gelu) -> 128 -> 32(relu) -> 1,mse,adam_41,20,1024,101.3749,67477.9375,10273.1572265625,10273.158203125,0.6842884421348572,0.7,205441
2026-09-14 15:19:05,multi_optuna_model.py,"(7620, 13)",90,Optuna_Trial_638,Dense 256 -> 256(gelu) -> 256(relu) -> 64(gelu) -> 128(gelu) -> 64 -> 128(silu) -> 32(relu) -> 1,mse,adam_40,20,1024,95.687,67647.609375,3776.115234375,3776.1142578125,0.8839535713195801,0.7,180673
2026-09-14 15:19:25,multi_optuna_model.py,"(7620, 13)",90,Optuna_Trial_639,Dense 256(silu) -> 64(gelu) -> 256(relu) -> 32(relu) -> 128(gelu) -> 256(relu) -> 128(relu) -> 32(relu) -> 1,mse,adam_40,20,1024,99.8368,68197.0703125,11175.861328125,11175.8603515625,0.6565468311309814,0.7,119201
2026-09-14 15:19:31,multi_optuna_model.py,"(7620, 13)",90,Optuna_Trial_640,Dense 256(gelu) -> 256(gelu) -> 256(relu) -> 32(gelu) -> 128(gelu) -> 128(relu) -> 128(silu) -> 256 -> 1,mse,adam_40,20,1024,98.3091,67780.8359375,10192.65234375,10192.6513671875,0.6867624521255493,0.7,213921
2026-09-14 15:19:32,multi_optuna_model.py,"(7620, 13)",90,Optuna_Trial_641,Dense 256 -> 256(gelu) -> 256(relu) -> 32(gelu) -> 128(gelu) -> 32(relu) -> 128(relu) -> 256 -> 1,mse,adam_40,20,1024,97.8579,67409.2734375,4045.035888671875,4045.035888671875,0.8756891489028931,0.7,189249
2026-09-14 15:19:42,multi_optuna_model.py,"(7620, 13)",90,Optuna_Trial_642,Dense 256 -> 256(gelu) -> 256(relu) -> 32(gelu) -> 64 -> 256(relu) -> 64 -> 64 -> 1,mse,adam_38,20,1024,96.5555,63961.21875,3953.499267578125,3953.498779296875,0.8785022497177124,0.7,182817
2026-09-14 15:19:52,multi_optuna_model.py,"(7620, 13)",90,Optuna_Trial_643,Dense 256(gelu) -> 256(gelu) -> 32(relu) -> 32(gelu) -> 256(gelu) -> 64 -> 128(silu) -> 256(relu) -> 1,mse,adam_39,20,1024,103.0645,68332.4296875,11036.1826171875,11036.181640625,0.660839319229126,0.7,145153
2026-09-14 15:20:02,multi_optuna_model.py,"(7620, 13)",90,Optuna_Trial_644,Dense 256 -> 256 -> 128(silu) -> 64(gelu) -> 256 -> 256(relu) -> 64 -> 256(gelu) -> 1,mse,adam_40,20,1024,100.7524,64401.10546875,3714.982177734375,3714.982177734375,0.8858323097229004,0.7,226305
2026-09-14 15:20:20,multi_optuna_model.py,"(7620, 13)",90,Optuna_Trial_645,Dense 256 -> 64(gelu) -> 256(relu) -> 32(gelu) -> 128(gelu) -> 256(silu) -> 128 -> 256(relu) -> 1,mse,adam_38,20,1024,108.0069,67566.1953125,9514.4150390625,9514.4150390625,0.7076058387756348,0.7,148321
2026-09-14 15:20:27,multi_optuna_model.py,"(7620, 13)",90,Optuna_Trial_646,Dense 256(relu) -> 64(gelu) -> 256(silu) -> 32(gelu) -> 128(gelu) -> 256(relu) -> 128(gelu) -> 32(relu) -> 1,mse,adam_40,20,1024,108.314,68287.40625,12054.6123046875,12054.615234375,0.629541277885437,0.7,119201
2026-09-14 15:20:49,multi_optuna_model.py,"(7620, 13)",90,Optuna_Trial_647,Dense 256(silu) -> 256(gelu) -> 256(relu) -> 64 -> 128(gelu) -> 256(relu) -> 256(gelu) -> 32(relu) -> 1,mse,adam_40,20,1024,107.3216,67712.1484375,11072.626953125,11072.626953125,0.6597193479537964,0.7,267009
2026-09-14 15:20:54,multi_optuna_model.py,"(7620, 13)",90,Optuna_Trial_649,Dense 256 -> 64(gelu) -> 256 -> 128(gelu) -> 128(gelu) -> 256(relu) -> 128 -> 32(silu) -> 1,mse,adam_39,20,1024,113.349,67448.984375,4926.72216796875,4926.7216796875,0.8485934734344482,0.7,156161
2026-09-14 15:21:01,multi_optuna_model.py,"(7620, 13)",90,Optuna_Trial_648,Dense 256 -> 32(gelu) -> 256(relu) -> 128(gelu) -> 256(gelu) -> 128(relu) -> 128(silu) -> 256 -> 1,mse,adam_39,20,1024,120.5527,67483.1953125,10646.7763671875,10646.775390625,0.6728065013885498,0.7,168865
2026-09-14 15:21:12,multi_optuna_model.py,"(7620, 13)",90,Optuna_Trial_650,Dense 256 -> 256(relu) -> 256(relu) -> 32(gelu) -> 128 -> 64 -> 256(silu) -> 256(relu) -> 1,mse,adam_41,20,1024,108.0231,64511.16796875,9362.2021484375,9362.203125,0.7122836112976074,0.7,238561
2026-09-14 15:21:21,multi_optuna_model.py,"(7620, 13)",90,Optuna_Trial_654,Dense 256 -> 256(gelu) -> 256(relu) -> 32(gelu) -> 128 -> 32 -> 64(silu) -> 32(relu) -> 1,mse,adam_41,20,1024,107.2791,67612.59375,9796.3251953125,9796.32421875,0.6989423036575317,0.7,155969
2026-09-14 15:21:23,multi_optuna_model.py,"(7620, 13)",90,Optuna_Trial_652,Dense 256(relu) -> 64(gelu) -> 256(relu) -> 64(gelu) -> 128(gelu) -> 32(relu) -> 256(gelu) -> 32(relu) -> 1,mse,adam_40,20,1024,111.9365,68387.6953125,12077.744140625,12077.7412109375,0.6288304328918457,0.7,82273
2026-09-14 15:21:25,multi_optuna_model.py,"(7620, 13)",90,Optuna_Trial_651,Dense 256(silu) -> 256(gelu) -> 256(relu) -> 32(gelu) -> 128(gelu) -> 256(relu) -> 128(silu) -> 256(gelu) -> 1,mse,adam_42,20,1024,113.9545,68196.5234375,9450.6416015625,9450.6396484375,0.7095657587051392,0.7,246817
2026-09-14 15:21:41,multi_optuna_model.py,"(7620, 13)",90,Optuna_Trial_655,Dense 256 -> 256(gelu) -> 256(relu) -> 32 -> 128 -> 64 -> 64(silu) -> 256(relu) -> 1,mse,adam_41,20,1024,101.9845,67386.3828125,10563.5693359375,10563.5703125,0.6753636002540588,0.7,176929
2026-09-14 15:21:43,multi_optuna_model.py,"(7620, 13)",90,Optuna_Trial_653,Dense 256 -> 256(gelu) -> 256(silu) -> 32(gelu) -> 32 -> 256 -> 128(gelu) -> 256(gelu) -> 1,mse,adam_42,20,1024,118.6078,66207.546875,7065.78076171875,7065.78076171875,0.7828565835952759,0.7,219073
2026-09-14 15:22:00,multi_optuna_model.py,"(7620, 13)",90,Optuna_Trial_656,Dense 256 -> 256(gelu) -> 128(relu) -> 32(gelu) -> 128 -> 32 -> 256(silu) -> 256(relu) -> 1,mse,adam_41,20,1024,112.0019,67163.4140625,9013.3125,9013.3115234375,0.7230055928230286,0.7,189249
2026-09-14 15:22:04,multi_optuna_model.py,"(7620, 13)",90,Optuna_Trial_657,Dense 32 -> 256 -> 256(silu) -> 64(silu) -> 256 -> 256(relu) -> 128 -> 64(gelu) -> 1,mse,adam_41,20,1024,115.4439,64795.4453125,10654.1630859375,10654.1640625,0.6725795269012451,0.7,214785
2026-09-14 15:22:12,multi_optuna_model.py,"(7620, 13)",90,Optuna_Trial_658,Dense 256 -> 32(gelu) -> 256(relu) -> 128(gelu) -> 128(gelu) -> 256(relu) -> 256(silu) -> 32(relu) -> 1,mse,adam_39,20,1024,114.2383,67834.8828125,10413.7099609375,10413.7109375,0.679969072341919,0.7,176737
2026-09-14 15:22:16,multi_optuna_model.py,"(7620, 13)",90,Optuna_Trial_659,Dense 64 -> 256(gelu) -> 64(relu) -> 32(silu) -> 256(gelu) -> 64 -> 128(silu) -> 256(relu) -> 1,mse,adam_40,20,1024,111.2354,68191.75,11095.826171875,11095.826171875,0.6590064764022827,0.7,102561
2026-09-14 15:22:28,multi_optuna_model.py,"(7620, 13)",90,Optuna_Trial_660,Dense 256 -> 256(gelu) -> 256(relu) -> 32(gelu) -> 128 -> 64 -> 256(silu) -> 64(silu) -> 1,mse,adam_41,20,1024,109.9919,66571.3359375,4681.7099609375,4681.7109375,0.8561230897903442,0.7,189025
2026-09-14 15:22:52,multi_optuna_model.py,"(7620, 13)",90,Optuna_Trial_661,Dense 256 -> 256 -> 256(relu) -> 32 -> 256(gelu) -> 64 -> 128(silu) -> 256(relu) -> 1,mse,adam_39,20,1024,111.6252,65725.953125,10751.447265625,10751.447265625,0.6695898175239563,0.7,209889
2026-09-14 15:22:55,multi_optuna_model.py,"(7620, 13)",90,Optuna_Trial_662,Dense 256 -> 64 -> 256(silu) -> 32(gelu) -> 32 -> 256 -> 256(gelu) -> 256(gelu) -> 1,mse,adam_41,20,1024,110.1754,66576.59375,8157.751953125,8157.75390625,0.7492984533309937,0.7,186241
2026-09-14 15:23:30,multi_optuna_model.py,"(7620, 13)",90,Optuna_Trial_663,Dense 256 -> 256(gelu) -> 256(silu) -> 32(gelu) -> 256 -> 256(silu) -> 128 -> 32(relu) -> 1,mse,adam_41,20,1024,118.0967,67387.1328125,6878.38720703125,6878.38720703125,0.7886154651641846,0.7,254689
2026-09-14 15:23:32,multi_optuna_model.py,"(7620, 13)",90,Optuna_Trial_664,Dense 256 -> 32(silu) -> 256(relu) -> 256(gelu) -> 256(gelu) -> 256(relu) -> 256 -> 32(relu) -> 1,mse,adam_40,20,1024,117.7202,67224.3984375,10261.455078125,10261.4541015625,0.6846480965614319,0.7,291681
2026-09-14 15:23:38,multi_optuna_model.py,"(7620, 13)",90,Optuna_Trial_665,Dense 64 -> 256(gelu) -> 256(relu) -> 32(gelu) -> 256(gelu) -> 128(relu) -> 32(silu) -> 256 -> 1,mse,adam_40,20,1024,119.1309,68113.8984375,9877.9287109375,9877.9306640625,0.696434497833252,0.7,145729
2026-09-14 15:24:10,multi_optuna_model.py,"(7620, 13)",90,Optuna_Trial_667,Dense 256 -> 128(gelu) -> 64(relu) -> 32(gelu) -> 128 -> 64 -> 256(silu) -> 256(relu) -> 1,mse,adam_42,20,1024,119.4301,67535.84375,9798.9326171875,9798.931640625,0.6988621950149536,0.7,141985
2026-09-14 15:24:13,multi_optuna_model.py,"(7620, 13)",90,Optuna_Trial_666,Dense 256 -> 256(silu) -> 256(relu) -> 32(gelu) -> 32(gelu) -> 256 -> 128(silu) -> 256 -> 1,mse,adam_42,20,1024,124.7529,65274.81640625,5330.796875,5330.796875,0.8361755609512329,0.7,219073
2026-09-14 15:24:26,multi_optuna_model.py,"(7620, 13)",90,Optuna_Trial_669,Dense 32 -> 128(gelu) -> 256(relu) -> 32(silu) -> 128(silu) -> 256 -> 256 -> 128(gelu) -> 1,mse,adam_43,20,1024,127.939,66288.625,10272.22265625,10272.224609375,0.6843171119689941,0.7,181985
2026-09-14 15:24:33,multi_optuna_model.py,"(7620, 13)",90,Optuna_Trial_668,Dense 128 -> 256(gelu) -> 256(silu) -> 64(gelu) -> 256 -> 256(silu) -> 64(silu) -> 32(gelu) -> 1,mse,adam_41,20,1024,134.6551,67452.4453125,9876.3720703125,9876.37109375,0.6964823007583618,0.7,218049
2026-09-14 15:24:42,multi_optuna_model.py,"(7620, 13)",90,Optuna_Trial_671,Dense 256 -> 256(silu) -> 256(relu) -> 32(gelu) -> 32(gelu) -> 256(gelu) -> 256(relu) -> 32(gelu) -> 1,mse,adam_43,20,1024,140.7881,67937.890625,6098.9931640625,6098.99365234375,0.8125675916671753,0.7,226945
2026-09-14 15:24:47,multi_optuna_model.py,"(7620, 13)",90,Optuna_Trial_670,Dense 256 -> 256(gelu) -> 256 -> 32(silu) -> 256(gelu) -> 256 -> 128(silu) -> 256(relu) -> 1,mse,adam_42,20,1024,141.5054,65787.3125,10449.8369140625,10449.837890625,0.678858757019043,0.7,283809
2026-09-14 15:24:50,multi_optuna_model.py,"(7620, 13)",90,Optuna_Trial_672,Dense 32 -> 256(relu) -> 256(relu) -> 32(gelu) -> 128(gelu) -> 256(relu) -> 128 -> 32(relu) -> 1,mse,adam_42,20,1024,135.4804,66874.765625,16182.572265625,16182.5703125,0.502682089805603,0.7,157217
2026-09-14 15:24:56,multi_optuna_model.py,"(7620, 13)",90,Optuna_Trial_673,Dense 64 -> 256(gelu) -> 256(relu) -> 32 -> 128(gelu) -> 256(relu) -> 128(silu) -> 256 -> 1,mse,adam_42,20,1024,132.3515,66768.4375,10255.08984375,10255.0908203125,0.6848436594009399,0.7,194977
2026-09-14 15:25:10,multi_optuna_model.py,"(7620, 13)",90,Optuna_Trial_675,Dense 128 -> 256(gelu) -> 256(relu) -> 32(gelu) -> 32 -> 64 -> 256(silu) -> 256(relu) -> 1,mse,adam_41,20,1024,135.2246,66448.4296875,6016.98486328125,6016.9833984375,0.8150878548622131,0.7,194689
2026-09-14 15:25:13,multi_optuna_model.py,"(7620, 13)",90,Optuna_Trial_674,Dense 256 -> 256(gelu) -> 256(gelu) -> 32(gelu) -> 256 -> 64 -> 128(silu) -> 256(relu) -> 1,mse,adam_40,20,1024,138.576,67372.71875,4216.8740234375,4216.87353515625,0.870408296585083,0.7,209889
2026-09-14 15:25:31,multi_optuna_model.py,"(7620, 13)",90,Optuna_Trial_676,Dense 256 -> 128 -> 256(relu) -> 32(gelu) -> 256 -> 128(relu) -> 128(silu) -> 256 -> 1,mse,adam_42,20,1024,141.2431,62970.51953125,4324.8251953125,4324.8251953125,0.8670908212661743,0.7,168865
2026-09-14 15:25:54,multi_optuna_model.py,"(7620, 13)",90,Optuna_Trial_677,Dense 256 -> 32(gelu) -> 256(silu) -> 32(gelu) -> 32(gelu) -> 256 -> 256(gelu) -> 256 -> 1,mse,adam_40,20,1024,142.2634,67595.875,11045.6005859375,11045.6015625,0.6605499982833862,0.7,169825
2026-09-14 15:25:54,multi_optuna_model.py,"(7620, 13)",90,Optuna_Trial_678,Dense 256 -> 128(gelu) -> 256(silu) -> 64(gelu) -> 256 -> 128(silu) -> 64 -> 64(gelu) -> 1,mse,adam_42,20,1024,138.4269,67523.4453125,8339.2373046875,8339.2373046875,0.7437211275100708,0.7,147969
2026-09-14 15:26:36,multi_optuna_model.py,"(7620, 13)",90,Optuna_Trial_681,Dense 256 -> 64(gelu) -> 128(relu) -> 32(gelu) -> 128(gelu) -> 256(relu) -> 128(silu) -> 32(relu) -> 1,mse,adam_41,20,1024,142.5808,68227.34375,11327.865234375,11327.8642578125,0.6518755555152893,0.7,106785
2026-09-14 15:26:37,multi_optuna_model.py,"(7620, 13)",90,Optuna_Trial_679,Dense 256 -> 256(relu) -> 256(relu) -> 32(gelu) -> 128(gelu) -> 256(relu) -> 256(silu) -> 32(silu) -> 1,mse,adam_42,20,1024,145.8743,66619.8359375,11256.0078125,11256.0107421875,0.6540837287902832,0.7,254689
2026-09-14 15:26:38,multi_optuna_model.py,"(7620, 13)",90,Optuna_Trial_680,Dense 256 -> 256 -> 256(silu) -> 64 -> 256 -> 128(silu) -> 256 -> 64(gelu) -> 1,mse,adam_41,20,1024,140.2851,59420.1796875,10266.7265625,10266.7275390625,0.6844860911369324,0.7,250689
2026-09-14 15:26:53,multi_optuna_model.py,"(7620, 13)",90,Optuna_Trial_682,Dense 64 -> 256(gelu) -> 256(relu) -> 32(gelu) -> 128 -> 64 -> 256(gelu) -> 256(relu) -> 1,mse,adam_43,20,1024,128.0724,66210.4375,10528.6396484375,10528.640625,0.6764370799064636,0.7,186721
2026-09-14 15:26:54,multi_optuna_model.py,"(7620, 13)",90,Optuna_Trial_684,Dense 128 -> 64(gelu) -> 64(relu) -> 32(gelu) -> 128(gelu) -> 256(relu) -> 128 -> 32(relu) -> 1,mse,adam_44,20,1024,117.0918,67657.9921875,10594.677734375,10594.677734375,0.6744076013565063,0.7,90593
2026-09-14 15:27:06,multi_optuna_model.py,"(7620, 13)",90,Optuna_Trial_683,Dense 256(silu) -> 256(gelu) -> 256(relu) -> 32(gelu) -> 128(gelu) -> 256(relu) -> 256 -> 128(relu) -> 1,mse,adam_43,20,1024,131.7453,67457.109375,7646.244140625,7646.24560546875,0.7650179862976074,0.7,279457
2026-09-14 15:27:19,multi_optuna_model.py,"(7620, 13)",90,Optuna_Trial_686,Dense 256 -> 256(gelu) -> 256(relu) -> 64(gelu) -> 128(gelu) -> 64(gelu) -> 256(gelu) -> 32(relu) -> 1,mse,adam_44,20,1024,124.0202,68112.4140625,3409.92529296875,3409.92529296875,0.8952072262763977,0.7,193089
2026-09-14 15:27:21,multi_optuna_model.py,"(7620, 13)",90,Optuna_Trial_685,Dense 256 -> 256(silu) -> 128(relu) -> 32 -> 128(gelu) -> 256(relu) -> 256 -> 32(gelu) -> 1,mse,adam_42,20,1024,130.2815,64047.5546875,8769.6533203125,8769.6513671875,0.7304936647415161,0.7,217697
2026-09-14 15:27:30,multi_optuna_model.py,"(7620, 13)",90,Optuna_Trial_687,Dense 256 -> 128(gelu) -> 256(relu) -> 32 -> 128(gelu) -> 256(relu) -> 128 -> 32(relu) -> 1,mse,adam_43,20,1024,128.4504,66380.3515625,9789.67578125,9789.6748046875,0.6991466283798218,0.7,152033
2026-09-14 15:27:30,multi_optuna_model.py,"(7620, 13)",90,Optuna_Trial_689,Dense 64 -> 256(gelu) -> 256(relu) -> 32(gelu) -> 64(gelu) -> 256(relu) -> 128 -> 32 -> 1,mse,adam_43,20,1024,122.5963,66024.6875,9717.09765625,9717.0947265625,0.7013771533966064,0.7,147361
2026-09-14 15:27:37,multi_optuna_model.py,"(7620, 13)",90,Optuna_Trial_688,Dense 256 -> 256(gelu) -> 256(relu) -> 32(gelu) -> 256(gelu) -> 64 -> 128 -> 256(relu) -> 1,mse,adam_43,20,1024,130.1305,67116.8046875,3804.856689453125,3804.857421875,0.8830702900886536,0.7,209889
2026-09-14 15:28:06,multi_optuna_model.py,"(7620, 13)",90,Optuna_Trial_691,Dense 256(relu) -> 256(gelu) -> 256(silu) -> 256(gelu) -> 256 -> 256(silu) -> 64 -> 32(gelu) -> 1,mse,adam_41,20,1024,128.6351,60980.859375,10802.8046875,10802.8037109375,0.668011486530304,0.7,351105
2026-09-14 15:28:08,multi_optuna_model.py,"(7620, 13)",90,Optuna_Trial_690,Dense 256 -> 128(silu) -> 256(silu) -> 64(gelu) -> 256 -> 256(relu) -> 256 -> 64 -> 1,mse,adam_42,20,1024,132.8272,61270.53125,8111.37548828125,8111.3740234375,0.750723659992218,0.7,250689
2026-09-14 15:28:14,multi_optuna_model.py,"(7620, 13)",90,Optuna_Trial_692,Dense 256 -> 256(gelu) -> 256(relu) -> 32(gelu) -> 64(gelu) -> 256(relu) -> 128(silu) -> 256 -> 1,mse,adam_43,20,1024,122.7059,66633.953125,3109.9755859375,3109.9755859375,0.9044251441955566,0.7,228321
2026-09-14 15:28:37,multi_optuna_model.py,"(7620, 13)",90,Optuna_Trial_693,Dense 256 -> 256(gelu) -> 256(relu) -> 64(gelu) -> 128(silu) -> 256(relu) -> 128(gelu) -> 32(relu) -> 1,mse,adam_41,20,1024,120.157,67874.84375,9406.4716796875,9406.4716796875,0.7109231948852539,0.7,230017
2026-09-14 15:28:43,multi_optuna_model.py,"(7620, 13)",90,Optuna_Trial_694,Dense 256 -> 256(gelu) -> 32(silu) -> 32(gelu) -> 32(gelu) -> 256 -> 256(gelu) -> 256(gelu) -> 1,mse,adam_43,20,1024,128.7354,67317.828125,7874.46728515625,7874.466796875,0.7580042481422424,0.7,220001
2026-09-14 15:29:17,multi_optuna_model.py,"(7620, 13)",90,Optuna_Trial_696,Dense 256 -> 256(gelu) -> 32(silu) -> 64(gelu) -> 256 -> 256(gelu) -> 256 -> 32(relu) -> 1,mse,adam_43,20,1024,124.1353,66286.3671875,7458.0478515625,7458.04833984375,0.7708015441894531,0.7,236193
2026-09-14 15:29:21,multi_optuna_model.py,"(7620, 13)",90,Optuna_Trial_697,Dense 256 -> 256(gelu) -> 256(relu) -> 32(gelu) -> 128(gelu) -> 256 -> 128(silu) -> 128 -> 1,mse,adam_42,20,1024,120.8725,65251.60546875,2698.74951171875,2698.7490234375,0.9170628786087036,0.7,230177
2026-09-14 15:29:25,multi_optuna_model.py,"(7620, 13)",90,Optuna_Trial_699,Dense 256 -> 256(gelu) -> 256(relu) -> 32(relu) -> 64 -> 64 -> 256(silu) -> 256(relu) -> 1,mse,adam_45,20,1024,112.0721,65634.53125,8737.1796875,8737.1796875,0.7314916849136353,0.7,232353
2026-09-14 15:29:28,multi_optuna_model.py,"(7620, 13)",90,Optuna_Trial_695,Dense 256 -> 256(silu) -> 256(relu) -> 32(gelu) -> 128(silu) -> 256(relu) -> 256 -> 32(gelu) -> 1,mse,adam_42,20,1024,127.6577,66719.4453125,4738.54296875,4738.54150390625,0.8543765544891357,0.7,254689
2026-09-14 15:29:34,multi_optuna_model.py,"(7620, 13)",90,Optuna_Trial_698,Dense 256 -> 64(gelu) -> 256(relu) -> 64(gelu) -> 64(gelu) -> 256(relu) -> 128 -> 32(relu) -> 1,mse,adam_44,20,1024,124.7243,67369.3359375,7634.97802734375,7634.97900390625,0.7653641700744629,0.7,110977
2026-09-14 15:29:45,multi_optuna_model.py,"(7620, 13)",90,Optuna_Trial_700,Dense 256 -> 256(gelu) -> 256(relu) -> 32(gelu) -> 128(gelu) -> 128(silu) -> 128(silu) -> 64 -> 1,mse,adam_44,20,1024,119.113,67472.453125,6094.40673828125,6094.4072265625,0.8127085566520691,0.7,188961
2026-09-14 15:29:55,multi_optuna_model.py,"(7620, 13)",90,Optuna_Trial_702,Dense 256 -> 256(gelu) -> 256(relu) -> 64(gelu) -> 128(gelu) -> 128(gelu) -> 64(gelu) -> 32(relu) -> 1,mse,adam_43,20,1024,118.0753,68221.671875,9976.337890625,9976.3408203125,0.6934102177619934,0.7,186817
2026-09-14 15:29:57,multi_optuna_model.py,"(7620, 13)",90,Optuna_Trial_704,Dense 128 -> 256(gelu) -> 256(relu) -> 32(gelu) -> 64(gelu) -> 32(relu) -> 64 -> 128 -> 1,mse,adam_44,20,1024,115.814,67755.4296875,9348.16796875,9348.1650390625,0.7127149701118469,0.7,123585
2026-09-14 15:30:11,multi_optuna_model.py,"(7620, 13)",90,Optuna_Trial_701,Dense 256 -> 256(silu) -> 256(silu) -> 32(gelu) -> 32(gelu) -> 256 -> 256(gelu) -> 32(gelu) -> 1,mse,adam_45,20,1024,129.0592,67664.6875,9960.763671875,9960.7646484375,0.693888783454895,0.7,226945
2026-09-14 15:30:14,multi_optuna_model.py,"(7620, 13)",90,Optuna_Trial_705,Dense 256 -> 64 -> 256(relu) -> 32(gelu) -> 32(gelu) -> 256(relu) -> 128 -> 32(relu) -> 1,mse,adam_44,20,1024,121.5193,67756.5234375,12944.7939453125,12944.7900390625,0.602184534072876,0.7,91457
2026-09-14 15:30:15,multi_optuna_model.py,"(7620, 13)",90,Optuna_Trial_703,Dense 256 -> 256(silu) -> 256(relu) -> 128(gelu) -> 32(gelu) -> 32(silu) -> 64 -> 32(gelu) -> 1,mse,adam_44,20,1024,126.7742,68133.1796875,10342.5546875,10342.5546875,0.6821557283401489,0.7,177473
2026-09-14 15:30:44,multi_optuna_model.py,"(7620, 13)",90,Optuna_Trial_706,Dense 256 -> 256(gelu) -> 256(relu) -> 64(gelu) -> 128(gelu) -> 64(silu) -> 256(gelu) -> 32(relu) -> 1,mse,adam_42,20,1024,120.5152,68060.1640625,4169.19580078125,4169.19677734375,0.8718734979629517,0.7,193089
2026-09-14 15:30:53,multi_optuna_model.py,"(7620, 13)",90,Optuna_Trial_707,Dense 256 -> 64(gelu) -> 256(relu) -> 32(gelu) -> 128(gelu) -> 256(relu) -> 128(relu) -> 128(relu) -> 1,mse,adam_43,20,1024,125.8697,68075.4375,6712.66748046875,6712.66796875,0.793708324432373,0.7,131681
2026-09-14 15:30:59,multi_optuna_model.py,"(7620, 13)",90,Optuna_Trial_708,Dense 256 -> 128(gelu) -> 256(relu) -> 64(gelu) -> 128 -> 256(relu) -> 256(gelu) -> 32(relu) -> 1,mse,adam_44,20,1024,126.533,66341.625,6336.6474609375,6336.64794921875,0.8052641153335571,0.7,201345
2026-09-14 15:31:22,multi_optuna_model.py,"(7620, 13)",90,Optuna_Trial_709,Dense 256 -> 256(gelu) -> 128(relu) -> 64(gelu) -> 128(gelu) -> 64(gelu) -> 256(gelu) -> 32(gelu) -> 1,mse,adam_42,20,1024,127.1792,68393.671875,10707.5615234375,10707.5625,0.6709384918212891,0.7,152001
2026-09-14 15:31:24,multi_optuna_model.py,"(7620, 13)",90,Optuna_Trial_710,Dense 256(gelu) -> 256(gelu) -> 256(relu) -> 32(gelu) -> 64(gelu) -> 256(relu) -> 64 -> 256 -> 1,mse,adam_44,20,1024,121.9773,67925.6953125,9157.2177734375,9157.216796875,0.7185831665992737,0.7,195489
2026-09-14 15:32:09,multi_optuna_model.py,"(7620, 13)",90,Optuna_Trial_711,Dense 256 -> 256(silu) -> 256(relu) -> 32(gelu) -> 128(gelu) -> 256(relu) -> 32 -> 32(silu) -> 1,mse,adam_44,20,1024,137.7644,67449.0078125,5175.93505859375,5175.93505859375,0.8409347534179688,0.7,189953
2026-09-14 15:32:18,multi_optuna_model.py,"(7620, 13)",90,Optuna_Trial_713,Dense 256(silu) -> 256(gelu) -> 256(relu) -> 32(gelu) -> 128(relu) -> 256 -> 128(silu) -> 128 -> 1,mse,adam_46,20,1024,131.7492,67371.25,8778.76171875,8778.759765625,0.7302137613296509,0.7,230177
2026-09-14 15:32:18,multi_optuna_model.py,"(7620, 13)",90,Optuna_Trial_715,Dense 256 -> 256(gelu) -> 256(relu) -> 64 -> 64(gelu) -> 256 -> 128(silu) -> 128 -> 1,mse,adam_45,20,1024,126.7763,63613.84375,7819.52734375,7819.52783203125,0.7596926689147949,0.7,221953
2026-09-14 15:32:20,multi_optuna_model.py,"(7620, 13)",90,Optuna_Trial_712,Dense 256 -> 128(silu) -> 256(relu) -> 256 -> 128(gelu) -> 256(relu) -> 256(gelu) -> 32(relu) -> 1,mse,adam_43,20,1024,140.2739,64349.03515625,9668.646484375,9668.6474609375,0.7028660774230957,0.7,275265
2026-09-14 15:32:25,multi_optuna_model.py,"(7620, 13)",90,Optuna_Trial_714,Dense 256 -> 256(gelu) -> 256(silu) -> 32(gelu) -> 128(gelu) -> 256 -> 128(silu) -> 128 -> 1,mse,adam_43,20,1024,136.2778,66717.125,3995.93505859375,3995.93505859375,0.8771981596946716,0.7,230177
2026-09-14 15:32:35,multi_optuna_model.py,"(7620, 13)",90,Optuna_Trial_716,Dense 256 -> 256(gelu) -> 256(relu) -> 64(gelu) -> 256(relu) -> 128(relu) -> 128(silu) -> 256 -> 1,mse,adam_45,20,1024,131.0603,65682.1640625,3052.136474609375,3052.13623046875,0.9062026739120483,0.7,250945
2026-09-14 15:32:38,multi_optuna_model.py,"(7620, 13)",90,Optuna_Trial_717,Dense 256 -> 256(gelu) -> 256 -> 64(gelu) -> 64(gelu) -> 64(gelu) -> 256(gelu) -> 256(relu) -> 1,mse,adam_44,20,1024,128.5388,67430.8515625,9935.037109375,9935.037109375,0.6946794390678406,0.7,242625
2026-09-14 15:32:45,multi_optuna_model.py,"(7620, 13)",90,Optuna_Trial_718,Dense 256 -> 256(gelu) -> 256(relu) -> 32(gelu) -> 128(relu) -> 64(relu) -> 128(silu) -> 256 -> 1,mse,adam_45,20,1024,128.6419,66832.5703125,3911.044189453125,3911.043701171875,0.8798069953918457,0.7,197473
2026-09-14 15:32:59,multi_optuna_model.py,"(7620, 13)",90,Optuna_Trial_721,Dense 64 -> 128(silu) -> 256(relu) -> 32(gelu) -> 128(gelu) -> 256(relu) -> 256 -> 32(relu) -> 1,mse,adam_45,20,1024,127.8659,67386.3359375,10297.828125,10297.826171875,0.683530330657959,0.7,161761
2026-09-14 15:33:06,multi_optuna_model.py,"(7620, 13)",90,Optuna_Trial_720,Dense 256 -> 256(gelu) -> 256(silu) -> 64(silu) -> 256 -> 64(silu) -> 64 -> 32(gelu) -> 1,mse,adam_45,20,1024,131.9598,65999.5234375,7674.6435546875,7674.64501953125,0.7641451954841614,0.7,190977
2026-09-14 15:33:07,multi_optuna_model.py,"(7620, 13)",90,Optuna_Trial_719,Dense 256 -> 64(gelu) -> 256(silu) -> 32(gelu) -> 64(gelu) -> 256(relu) -> 128(silu) -> 256 -> 1,mse,adam_46,20,1024,136.8714,68064.28125,10049.96484375,10049.96484375,0.6911475658416748,0.7,129825
2026-09-14 15:33:29,multi_optuna_model.py,"(7620, 13)",90,Optuna_Trial_722,Dense 256 -> 256 -> 256(relu) -> 32(gelu) -> 256(gelu) -> 128(relu) -> 128(gelu) -> 256 -> 1,mse,adam_43,20,1024,123.9636,63647.3046875,5384.7412109375,5384.74267578125,0.834517776966095,0.7,234529
2026-09-14 15:33:42,multi_optuna_model.py,"(7620, 13)",90,Optuna_Trial_724,Dense 256 -> 256 -> 256(relu) -> 128(gelu) -> 128(gelu) -> 256(relu) -> 256(gelu) -> 32(relu) -> 1,mse,adam_45,20,1024,121.2943,65058.703125,3631.9443359375,3631.9443359375,0.888384222984314,0.7,291649
2026-09-14 15:33:52,multi_optuna_model.py,"(7620, 13)",90,Optuna_Trial_723,Dense 256 -> 256(silu) -> 256(relu) -> 64(gelu) -> 256(gelu) -> 64(gelu) -> 256(gelu) -> 32(gelu) -> 1,mse,adam_44,20,1024,134.3655,67960.0078125,5269.67724609375,5269.677734375,0.8380538821220398,0.7,209601
2026-09-14 15:34:02,multi_optuna_model.py,"(7620, 13)",90,Optuna_Trial_725,Dense 256 -> 256(relu) -> 256(relu) -> 32(gelu) -> 128(relu) -> 256(relu) -> 256 -> 32(relu) -> 1,mse,adam_43,20,1024,118.8296,65328.3046875,10442.0517578125,10442.048828125,0.6790980696678162,0.7,254689
2026-09-14 15:34:12,multi_optuna_model.py,"(7620, 13)",90,Optuna_Trial_726,Dense 256(relu) -> 256(gelu) -> 256(silu) -> 32(gelu) -> 32(relu) -> 256 -> 256(gelu) -> 256(gelu) -> 1,mse,adam_45,20,1024,121.106,66382.7578125,11384.69921875,11384.7001953125,0.6501289010047913,0.7,284737
2026-09-14 15:35:05,multi_optuna_model.py,"(7620, 13)",90,Optuna_Trial_727,Dense 256 -> 256(gelu) -> 256(relu) -> 32(gelu) -> 32(gelu) -> 256(relu) -> 64(silu) -> 64 -> 1,mse,adam_45,20,1024,136.008,67990.4765625,8548.6123046875,8548.611328125,0.7372866272926331,0.7,173569
2026-09-14 15:35:28,multi_optuna_model.py,"(7620, 13)",90,Optuna_Trial_730,Dense 256 -> 256(gelu) -> 256(relu) -> 64(gelu) -> 256(gelu) -> 32 -> 128(silu) -> 256(relu) -> 1,mse,adam_44,20,1024,142.1396,67556.8515625,3824.7333984375,3824.7333984375,0.8824594616889954,0.7,213985
2026-09-14 15:35:34,multi_optuna_model.py,"(7620, 13)",90,Optuna_Trial_728,Dense 128 -> 256(gelu) -> 256(relu) -> 64(gelu) -> 128(gelu) -> 256 -> 128(silu) -> 256 -> 1,mse,adam_47,20,1024,148.6344,64792.62890625,3758.7919921875,3758.791748046875,0.8844859600067139,0.7,224577
2026-09-14 15:35:36,multi_optuna_model.py,"(7620, 13)",90,Optuna_Trial_729,Dense 64 -> 256(gelu) -> 256(silu) -> 64(gelu) -> 256 -> 256(silu) -> 64 -> 32(silu) -> 1,mse,adam_46,20,1024,151.1698,67174.1171875,8859.015625,8859.013671875,0.7277474403381348,0.7,200769
2026-09-14 15:35:40,multi_optuna_model.py,"(7620, 13)",90,Optuna_Trial_731,Dense 256 -> 128(silu) -> 256(silu) -> 32(silu) -> 128(relu) -> 256(relu) -> 256 -> 32(relu) -> 1,mse,adam_44,20,1024,145.5366,67205.75,8511.947265625,8511.9482421875,0.7384134531021118,0.7,189025
2026-09-14 15:35:42,multi_optuna_model.py,"(7620, 13)",90,Optuna_Trial_732,Dense 256 -> 256(gelu) -> 256(gelu) -> 128(gelu) -> 128(gelu) -> 64(gelu) -> 256(gelu) -> 32(relu) -> 1,mse,adam_46,20,1024,146.7043,68249.0234375,4575.947265625,4575.9462890625,0.8593733906745911,0.7,217729
2026-09-14 15:35:47,multi_optuna_model.py,"(7620, 13)",90,Optuna_Trial_734,Dense 256 -> 32(silu) -> 256(relu) -> 32(gelu) -> 128(gelu) -> 256(relu) -> 128 -> 32(relu) -> 1,mse,adam_46,20,1024,143.4186,67972.1328125,10838.828125,10838.8251953125,0.6669043898582458,0.7,102785
2026-09-14 15:35:53,multi_optuna_model.py,"(7620, 13)",90,Optuna_Trial_733,Dense 256 -> 256(gelu) -> 256(relu) -> 128(gelu) -> 256(relu) -> 64 -> 128(silu) -> 256(relu) -> 1,mse,adam_45,20,1024,149.7058,67004.59375,6759.46533203125,6759.46533203125,0.7922701835632324,0.7,259137
2026-09-14 15:36:04,multi_optuna_model.py,"(7620, 13)",90,Optuna_Trial_735,Dense 256 -> 256(gelu) -> 256(relu) -> 64(silu) -> 128(gelu) -> 64(gelu) -> 256(gelu) -> 64(silu) -> 1,mse,adam_46,20,1024,144.7451,68073.015625,7633.13330078125,7633.13525390625,0.7654208540916443,0.7,201345
2026-09-14 15:36:06,multi_optuna_model.py,"(7620, 13)",90,Optuna_Trial_737,Dense 128 -> 256(gelu) -> 256(relu) -> 64(gelu) -> 128(relu) -> 64(gelu) -> 256(gelu) -> 32(relu) -> 1,mse,adam_47,20,1024,140.762,67999.265625,6003.85498046875,6003.8544921875,0.8154913187026978,0.7,158529
2026-09-14 15:36:20,multi_optuna_model.py,"(7620, 13)",90,Optuna_Trial_736,Dense 256 -> 256(gelu) -> 256(relu) -> 64(gelu) -> 256(relu) -> 128(relu) -> 128(silu) -> 256 -> 1,mse,adam_46,20,1024,146.9539,66430.9296875,6366.68603515625,6366.6865234375,0.8043409585952759,0.7,250945
2026-09-14 15:36:29,multi_optuna_model.py,"(7620, 13)",90,Optuna_Trial_738,Dense 64 -> 64(gelu) -> 256 -> 32(gelu) -> 128(gelu) -> 256(relu) -> 128 -> 32(relu) -> 1,mse,adam_44,20,1024,143.5496,67881.0859375,10958.9580078125,10958.9541015625,0.6632126569747925,0.7,104225
2026-09-14 15:36:30,multi_optuna_model.py,"(7620, 13)",90,Optuna_Trial_739,Dense 256 -> 256(gelu) -> 32(relu) -> 64(gelu) -> 128(gelu) -> 64(gelu) -> 256(relu) -> 32(relu) -> 1,mse,adam_46,20,1024,130.4957,68166.0625,9501.25,9501.25,0.7080104947090149,0.7,121185
2026-09-14 15:37:00,multi_optuna_model.py,"(7620, 13)",90,Optuna_Trial_740,Dense 64 -> 256(gelu) -> 256(relu) -> 32(gelu) -> 256(gelu) -> 64(silu) -> 128(silu) -> 256(relu) -> 1,mse,adam_45,20,1024,141.6354,68195.3984375,8626.87890625,8626.8779296875,0.7348814010620117,0.7,158049
2026-09-14 15:37:18,multi_optuna_model.py,"(7620, 13)",90,Optuna_Trial_741,Dense 256 -> 256(gelu) -> 128(relu) -> 256(gelu) -> 64(gelu) -> 256 -> 128(silu) -> 256 -> 1,mse,adam_44,20,1024,146.5795,65212.2265625,4846.58203125,4846.58251953125,0.8510563373565674,0.7,234561
2026-09-14 15:37:21,multi_optuna_model.py,"(7620, 13)",90,Optuna_Trial_742,Dense 128 -> 256 -> 256(relu) -> 64(gelu) -> 256 -> 256(gelu) -> 256 -> 64(gelu) -> 1,mse,adam_46,20,1024,143.8375,56619.734375,4897.82958984375,4897.8291015625,0.8494814038276672,0.7,281793
2026-09-14 15:38:09,multi_optuna_model.py,"(7620, 13)",90,Optuna_Trial_743,Dense 256 -> 256(gelu) -> 256(relu) -> 64(gelu) -> 128(gelu) -> 256(relu) -> 256 -> 32(relu) -> 1,mse,adam_46,20,1024,139.6518,66843.4375,3006.823974609375,3006.824951171875,0.9075952172279358,0.7,267009
2026-09-14 15:38:43,multi_optuna_model.py,"(7620, 13)",90,Optuna_Trial_748,Dense 256 -> 32(gelu) -> 32(relu) -> 32 -> 256(gelu) -> 128(relu) -> 128(silu) -> 256 -> 1,mse,adam_47,20,1024,141.5501,67511.3359375,11407.3349609375,11407.333984375,0.6494331955909729,0.7,105057
2026-09-14 15:38:48,multi_optuna_model.py,"(7620, 13)",90,Optuna_Trial_744,Dense 256 -> 256(gelu) -> 256(relu) -> 128(gelu) -> 128(gelu) -> 256(relu) -> 128(silu) -> 256 -> 1,mse,adam_45,20,1024,152.3391,65503.63671875,5365.859375,5365.8583984375,0.8350980281829834,0.7,283777
2026-09-14 15:38:50,multi_optuna_model.py,"(7620, 13)",90,Optuna_Trial_749,Dense 256 -> 256(gelu) -> 256(relu) -> 64(gelu) -> 64 -> 64(gelu) -> 256(gelu) -> 32(relu) -> 1,mse,adam_47,20,1024,144.7207,67774.46875,8199.02734375,8199.0283203125,0.7480299472808838,0.7,184833
2026-09-14 15:38:51,multi_optuna_model.py,"(7620, 13)",90,Optuna_Trial_746,Dense 256 -> 32(gelu) -> 256 -> 64(gelu) -> 128(gelu) -> 256(relu) -> 256(gelu) -> 32(relu) -> 1,mse,adam_47,20,1024,154.6485,67901.1328125,9879.92578125,9879.92578125,0.6963731050491333,0.7,152097
2026-09-14 15:38:54,multi_optuna_model.py,"(7620, 13)",90,Optuna_Trial_745,Dense 256 -> 256 -> 256(silu) -> 256(gelu) -> 32 -> 256(relu) -> 256(silu) -> 64(gelu) -> 1,mse,adam_48,20,1024,150.3146,64998.3671875,9584.4658203125,9584.4638671875,0.7054531574249268,0.7,299937
2026-09-14 15:39:01,multi_optuna_model.py,"(7620, 13)",90,Optuna_Trial_747,Dense 256 -> 256(gelu) -> 256(relu) -> 32(gelu) -> 64(gelu) -> 256(relu) -> 128(silu) -> 256 -> 1,mse,adam_45,20,1024,155.8563,66838.0390625,7885.287109375,7885.287109375,0.7576717138290405,0.7,228321
2026-09-14 15:39:08,multi_optuna_model.py,"(7620, 13)",90,Optuna_Trial_750,Dense 256(relu) -> 256(gelu) -> 256(relu) -> 32(gelu) -> 128(gelu) -> 256(relu) -> 128 -> 32(relu) -> 1,mse,adam_46,20,1024,152.8447,66611.15625,11071.3837890625,11071.3876953125,0.6597576141357422,0.7,217697
2026-09-14 15:39:23,multi_optuna_model.py,"(7620, 13)",90,Optuna_Trial_751,Dense 256 -> 128(gelu) -> 256(relu) -> 32(gelu) -> 256(gelu) -> 64 -> 64(silu) -> 256(relu) -> 1,mse,adam_47,20,1024,159.0546,68007.6484375,8079.74951171875,8079.74853515625,0.7516956329345703,0.7,123681
2026-09-14 15:39:29,multi_optuna_model.py,"(7620, 13)",90,Optuna_Trial_752,Dense 256 -> 128(silu) -> 256(relu) -> 32(gelu) -> 256(gelu) -> 256(relu) -> 256(relu) -> 32(relu) -> 1,mse,adam_48,20,1024,158.292,67651.0859375,5268.115234375,5268.115234375,0.838101863861084,0.7,226017
2026-09-14 15:39:32,multi_optuna_model.py,"(7620, 13)",90,Optuna_Trial_753,Dense 256 -> 256(gelu) -> 256(relu) -> 32(relu) -> 128(gelu) -> 256(relu) -> 256(silu) -> 32(relu) -> 1,mse,adam_47,20,1024,146.6856,67432.9296875,8285.28125,8285.2802734375,0.7453792691230774,0.7,254689
2026-09-14 15:39:35,multi_optuna_model.py,"(7620, 13)",90,Optuna_Trial_754,Dense 256(silu) -> 256(gelu) -> 256 -> 64(gelu) -> 128(gelu) -> 64(gelu) -> 128(gelu) -> 32(relu) -> 1,mse,adam_45,20,1024,143.3239,68263.75,12232.0439453125,12232.04296875,0.6240885257720947,0.7,180673
2026-09-14 15:39:42,multi_optuna_model.py,"(7620, 13)",90,Optuna_Trial_755,Dense 256 -> 256(gelu) -> 128(relu) -> 64(silu) -> 256(relu) -> 128(relu) -> 128(silu) -> 32 -> 1,mse,adam_47,20,1024,147.8539,67220.8828125,9246.4150390625,9246.416015625,0.7158420085906982,0.7,180737
2026-09-14 15:40:10,multi_optuna_model.py,"(7620, 13)",90,Optuna_Trial_756,Dense 256 -> 256 -> 256(relu) -> 64(gelu) -> 128(silu) -> 256 -> 64 -> 32(gelu) -> 1,mse,adam_46,20,1024,143.3982,64127.4765625,6266.62841796875,6266.62841796875,0.8074158430099487,0.7,211521
2026-09-14 15:40:22,multi_optuna_model.py,"(7620, 13)",90,Optuna_Trial_757,Dense 256 -> 256(gelu) -> 256(relu) -> 32(gelu) -> 256(gelu) -> 32 -> 128(silu) -> 128 -> 1,mse,adam_45,20,1024,136.2172,67042.34375,4602.359375,4602.359375,0.8585616946220398,0.7,180929
2026-09-14 15:40:24,multi_optuna_model.py,"(7620, 13)",90,Optuna_Trial_758,Dense 64 -> 256(gelu) -> 64(relu) -> 32(gelu) -> 64(gelu) -> 256(relu) -> 64 -> 256(relu) -> 1,mse,adam_47,20,1024,143.1882,68013.4296875,9419.8271484375,9419.830078125,0.7105126976966858,0.7,88161
2026-09-14 15:41:27,multi_optuna_model.py,"(7620, 13)",90,Optuna_Trial_759,Dense 256 -> 256(gelu) -> 256(relu) -> 64(gelu) -> 128(gelu) -> 256(relu) -> 256 -> 32(relu) -> 1,mse,adam_47,20,1024,143.0044,64053.21875,3901.956787109375,3901.95654296875,0.8800862431526184,0.7,267009
2026-09-14 15:42:15,multi_optuna_model.py,"(7620, 13)",90,Optuna_Trial_760,Dense 256 -> 256(relu) -> 64(relu) -> 32(gelu) -> 128(gelu) -> 256(relu) -> 128 -> 256 -> 1,mse,adam_48,20,1024,165.4568,63524.86328125,8996.0224609375,8996.0224609375,0.7235369682312012,0.7,191329
2026-09-14 15:42:23,multi_optuna_model.py,"(7620, 13)",90,Optuna_Trial_762,Dense 256 -> 32(gelu) -> 256(relu) -> 32(gelu) -> 128(gelu) -> 64 -> 128(silu) -> 128 -> 1,mse,adam_48,20,1024,164.8364,68057.3203125,7139.421875,7139.41943359375,0.7805934548377991,0.7,65921
2026-09-14 15:42:27,multi_optuna_model.py,"(7620, 13)",90,Optuna_Trial_763,Dense 256(relu) -> 256(silu) -> 256(relu) -> 64(gelu) -> 128(gelu) -> 64(gelu) -> 32(gelu) -> 32(relu) -> 1,mse,adam_48,20,1024,170.7953,68307.84375,16221.416015625,16221.4150390625,0.5014883279800415,0.7,171361
2026-09-14 15:42:36,multi_optuna_model.py,"(7620, 13)",90,Optuna_Trial_764,Dense 256 -> 256(gelu) -> 64(relu) -> 64 -> 128(relu) -> 256(gelu) -> 256 -> 32(gelu) -> 1,mse,adam_49,20,1024,175.6677,63389.6171875,9087.3701171875,9087.3701171875,0.7207297086715698,0.7,205377
2026-09-14 15:42:40,multi_optuna_model.py,"(7620, 13)",90,Optuna_Trial_761,Dense 32(gelu) -> 256(gelu) -> 256(relu) -> 64(gelu) -> 128(gelu) -> 256(relu) -> 256(silu) -> 32(relu) -> 1,mse,adam_46,20,1024,182.1105,67995.8828125,12996.3759765625,12996.376953125,0.6005992293357849,0.7,206529
2026-09-14 15:42:51,multi_optuna_model.py,"(7620, 13)",90,Optuna_Trial_765,Dense 256 -> 256(gelu) -> 256(silu) -> 64(gelu) -> 256 -> 256(silu) -> 64(gelu) -> 32 -> 1,mse,adam_46,20,1024,177.2953,66837.421875,3738.2197265625,3738.218505859375,0.8851181864738464,0.7,252609
2026-09-14 15:43:02,multi_optuna_model.py,"(7620, 13)",90,Optuna_Trial_767,Dense 256 -> 256(gelu) -> 256(relu) -> 64(silu) -> 128(gelu) -> 32(gelu) -> 256(gelu) -> 32(relu) -> 1,mse,adam_48,20,1024,175.236,68270.8125,4112.54638671875,4112.54833984375,0.8736144304275513,0.7,180769
2026-09-14 15:43:09,multi_optuna_model.py,"(7620, 13)",90,Optuna_Trial_766,Dense 256 -> 128 -> 256(silu) -> 64(gelu) -> 256(silu) -> 256(silu) -> 256 -> 64(gelu) -> 1,mse,adam_47,20,1024,187.7455,65683.8359375,4759.791015625,4759.79052734375,0.8537235260009766,0.7,250689
2026-09-14 15:43:15,multi_optuna_model.py,"(7620, 13)",90,Optuna_Trial_771,Dense 32 -> 256(gelu) -> 128(relu) -> 32(gelu) -> 256(gelu) -> 128(relu) -> 128(silu) -> 128 -> 1,mse,adam_48,20,1024,168.3237,67479.1015625,10121.5439453125,10121.5439453125,0.6889477372169495,0.7,120417
2026-09-14 15:43:20,multi_optuna_model.py,"(7620, 13)",90,Optuna_Trial_769,Dense 256 -> 128(relu) -> 256(relu) -> 256(gelu) -> 128(gelu) -> 256(relu) -> 256 -> 32(relu) -> 1,mse,adam_48,20,1024,180.9638,63311.22265625,9469.7099609375,9469.7099609375,0.7089797258377075,0.7,275265
2026-09-14 15:43:20,multi_optuna_model.py,"(7620, 13)",90,Optuna_Trial_768,Dense 256 -> 256(gelu) -> 256(relu) -> 32(gelu) -> 32(gelu) -> 256 -> 256(silu) -> 128 -> 1,mse,adam_49,20,1024,183.1264,63609.76171875,7224.02734375,7224.02685546875,0.7779933214187622,0.7,251713
2026-09-14 15:43:24,multi_optuna_model.py,"(7620, 13)",90,Optuna_Trial_770,Dense 128 -> 256(relu) -> 256(relu) -> 64(gelu) -> 128(gelu) -> 256(relu) -> 256(gelu) -> 32(gelu) -> 1,mse,adam_46,20,1024,181.5258,67050.109375,10981.8642578125,10981.86328125,0.6625087261199951,0.7,232449
2026-09-14 15:44:08,multi_optuna_model.py,"(7620, 13)",90,Optuna_Trial_772,Dense 256 -> 256 -> 256(relu) -> 32(relu) -> 128(gelu) -> 256 -> 128(silu) -> 128 -> 1,mse,adam_47,20,1024,168.5818,61957.68359375,9200.2060546875,9200.2041015625,0.7172620296478271,0.7,230177
2026-09-14 15:44:17,multi_optuna_model.py,"(7620, 13)",90,Optuna_Trial_774,Dense 256 -> 32(gelu) -> 256(relu) -> 32(gelu) -> 32(gelu) -> 256 -> 256 -> 32(gelu) -> 1,mse,adam_48,20,1024,172.2243,67336.546875,10380.3330078125,10380.328125,0.6809948682785034,0.7,112033
2026-09-14 15:44:26,multi_optuna_model.py,"(7620, 13)",90,Optuna_Trial_773,Dense 256 -> 256(silu) -> 256(relu) -> 32(gelu) -> 32(gelu) -> 256(silu) -> 32(gelu) -> 128(gelu) -> 1,mse,adam_46,20,1024,171.5731,68337.6328125,11228.1220703125,11228.1240234375,0.6549407243728638,0.7,165473
2026-09-14 15:45:29,multi_optuna_model.py,"(7620, 13)",90,Optuna_Trial_775,Dense 256 -> 256(gelu) -> 256(relu) -> 32(gelu) -> 256(silu) -> 64(gelu) -> 128(silu) -> 256(relu) -> 1,mse,adam_48,20,1024,174.9736,68233.6328125,5877.4169921875,5877.41650390625,0.819377064704895,0.7,209889
2026-09-14 15:46:11,multi_optuna_model.py,"(7620, 13)",90,Optuna_Trial_776,Dense 256 -> 256(relu) -> 256(relu) -> 64(gelu) -> 256 -> 256(relu) -> 32 -> 64(gelu) -> 1,mse,adam_49,20,1024,182.2099,63816.30078125,10034.21875,10034.2177734375,0.6916314363479614,0.7,244449
2026-09-14 15:46:34,multi_optuna_model.py,"(7620, 13)",90,Optuna_Trial_778,Dense 256 -> 256(gelu) -> 256 -> 64(relu) -> 128(gelu) -> 256(gelu) -> 256(gelu) -> 32(relu) -> 1,mse,adam_49,20,1024,190.6795,66801.25,3518.16259765625,3518.1630859375,0.8918808698654175,0.7,267009
2026-09-14 15:46:37,multi_optuna_model.py,"(7620, 13)",90,Optuna_Trial_777,Dense 256(relu) -> 256(gelu) -> 256(relu) -> 32(gelu) -> 256(gelu) -> 64(relu) -> 64(silu) -> 256 -> 1,mse,adam_49,20,1024,200.1118,67785.578125,11061.91796875,11061.9150390625,0.6600484848022461,0.7,189345
2026-09-14 15:46:44,multi_optuna_model.py,"(7620, 13)",90,Optuna_Trial_779,Dense 128 -> 256(gelu) -> 256(relu) -> 32(gelu) -> 256(gelu) -> 64 -> 128(silu) -> 128(relu) -> 1,mse,adam_50,20,1024,192.3029,67503.890625,7595.32373046875,7595.32080078125,0.7665827870368958,0.7,158689
2026-09-14 15:46:49,multi_optuna_model.py,"(7620, 13)",90,Optuna_Trial_780,Dense 256 -> 64(gelu) -> 256 -> 32(gelu) -> 64(gelu) -> 256(relu) -> 64 -> 256 -> 1,mse,adam_47,20,1024,202.9312,67448.78125,5348.9775390625,5348.9775390625,0.8356168270111084,0.7,96993
2026-09-14 15:47:18,multi_optuna_model.py,"(7620, 13)",90,Optuna_Trial_782,Dense 256 -> 256(gelu) -> 256(relu) -> 32(gelu) -> 128(gelu) -> 128 -> 256(silu) -> 128(gelu) -> 1,mse,adam_49,20,1024,205.6595,67208.28125,3288.551513671875,3288.5517578125,0.8989372253417969,0.7,230177
2026-09-14 15:47:22,multi_optuna_model.py,"(7620, 13)",90,Optuna_Trial_781,Dense 256 -> 128(silu) -> 256(relu) -> 32(gelu) -> 128(silu) -> 256(relu) -> 256 -> 256(relu) -> 1,mse,adam_47,20,1024,212.0769,66785.1640625,7779.6123046875,7779.61181640625,0.7609192728996277,0.7,246817
2026-09-14 15:47:25,multi_optuna_model.py,"(7620, 13)",90,Optuna_Trial_783,Dense 128 -> 256(gelu) -> 256(relu) -> 32(gelu) -> 64(gelu) -> 256 -> 128(silu) -> 128 -> 1,mse,adam_48,20,1024,205.0457,65720.2890625,9176.7900390625,9176.7890625,0.7179816961288452,0.7,177121
2026-09-14 15:47:25,multi_optuna_model.py,"(7620, 13)",90,Optuna_Trial_785,Dense 256 -> 64(gelu) -> 64(relu) -> 32(gelu) -> 128(gelu) -> 256 -> 128(silu) -> 128 -> 1,mse,adam_49,20,1024,195.2644,67263.4453125,9428.9716796875,9428.9736328125,0.7102316617965698,0.7,113057
2026-09-14 15:47:31,multi_optuna_model.py,"(7620, 13)",90,Optuna_Trial_784,Dense 256 -> 256(gelu) -> 32(relu) -> 32(gelu) -> 128(gelu) -> 256(relu) -> 128(silu) -> 32 -> 1,mse,adam_49,20,1024,205.0029,67721.7421875,9513.8935546875,9513.89453125,0.7076219320297241,0.7,152961
2026-09-14 15:47:53,multi_optuna_model.py,"(7620, 13)",90,Optuna_Trial_786,Dense 256 -> 256(gelu) -> 256(relu) -> 256(silu) -> 256(gelu) -> 64 -> 128(silu) -> 256(relu) -> 1,mse,adam_50,20,1024,208.0836,65463.65625,7457.13720703125,7457.1376953125,0.7708295583724976,0.7,324801
2026-09-14 15:47:56,multi_optuna_model.py,"(7620, 13)",90,Optuna_Trial_787,Dense 64 -> 256(silu) -> 256(relu) -> 32(gelu) -> 128(gelu) -> 256(relu) -> 128 -> 32(gelu) -> 1,mse,adam_47,20,1024,219.0571,67475.6953125,8644.8701171875,8644.87109375,0.7343284487724304,0.7,165857
2026-09-14 15:48:09,multi_optuna_model.py,"(7620, 13)",90,Optuna_Trial_788,Dense 32 -> 256(gelu) -> 256(relu) -> 32(gelu) -> 128(gelu) -> 256(relu) -> 256(gelu) -> 64(gelu) -> 1,mse,adam_48,20,1024,192.4331,67812.6015625,9419.0908203125,9419.0908203125,0.7105354070663452,0.7,202465
2026-09-14 15:48:29,multi_optuna_model.py,"(7620, 13)",90,Optuna_Trial_789,Dense 256(gelu) -> 256(gelu) -> 256(relu) -> 32(gelu) -> 128(gelu) -> 256(silu) -> 128(silu) -> 128 -> 1,mse,adam_49,20,1024,190.3784,67903.4375,9810.7236328125,9810.7216796875,0.6984997987747192,0.7,230177
2026-09-14 15:48:30,multi_optuna_model.py,"(7620, 13)",90,Optuna_Trial_790,Dense 128 -> 256(gelu) -> 64(relu) -> 32(gelu) -> 128(gelu) -> 128(relu) -> 128(silu) -> 256 -> 1,mse,adam_47,20,1024,189.5586,67892.328125,7337.18701171875,7337.18798828125,0.7745158076286316,0.7,123873
2026-09-14 15:49:00,multi_optuna_model.py,"(7620, 13)",90,Optuna_Trial_791,Dense 256 -> 256(gelu) -> 256 -> 32(gelu) -> 128(relu) -> 128(relu) -> 32 -> 128 -> 1,mse,adam_49,20,1024,159.2719,66369.1640625,6239.40771484375,6239.4091796875,0.8082523941993713,0.7,172609
2026-09-14 15:50:06,multi_optuna_model.py,"(7620, 13)",90,Optuna_Trial_792,Dense 256 -> 256(gelu) -> 256(relu) -> 32(gelu) -> 64(gelu) -> 256 -> 64 -> 256(silu) -> 1,mse,adam_50,20,1024,177.6341,67280.46875,3385.416015625,3385.416015625,0.8959604501724243,0.7,195489
2026-09-14 15:50:34,multi_optuna_model.py,"(7620, 13)",90,Optuna_Trial_794,Dense 256 -> 256(gelu) -> 64(relu) -> 32(gelu) -> 128(gelu) -> 64(gelu) -> 256(gelu) -> 32(relu) -> 1,mse,adam_50,20,1024,186.5635,68074.0,8861.767578125,8861.767578125,0.7276628613471985,0.7,125281
2026-09-14 15:50:34,multi_optuna_model.py,"(7620, 13)",90,Optuna_Trial_793,Dense 256 -> 256(gelu) -> 256(relu) -> 64(relu) -> 128(gelu) -> 256(gelu) -> 256(gelu) -> 32(relu) -> 1,mse,adam_50,20,1024,184.1145,65830.046875,8956.810546875,8956.8095703125,0.72474205493927,0.7,267009
2026-09-14 15:50:50,multi_optuna_model.py,"(7620, 13)",90,Optuna_Trial_796,Dense 256 -> 256(gelu) -> 256(relu) -> 32(relu) -> 256(gelu) -> 128(relu) -> 128(silu) -> 256 -> 1,mse,adam_48,20,1024,177.3246,67071.375,8757.2392578125,8757.23828125,0.7308751344680786,0.7,234529
2026-09-14 15:50:51,multi_optuna_model.py,"(7620, 13)",90,Optuna_Trial_795,Dense 256 -> 256(gelu) -> 256(relu) -> 32(silu) -> 128(gelu) -> 256(gelu) -> 128(silu) -> 64 -> 1,mse,adam_51,20,1024,182.9164,67444.9453125,5534.34130859375,5534.33984375,0.8299202919006348,0.7,221857
2026-09-14 15:51:22,multi_optuna_model.py,"(7620, 13)",90,Optuna_Trial_797,Dense 256 -> 256(gelu) -> 256 -> 64(gelu) -> 128(relu) -> 128(relu) -> 128(silu) -> 32 -> 1,mse,adam_50,20,1024,185.8714,65228.046875,8325.107421875,8325.1083984375,0.7441552877426147,0.7,197121
2026-09-14 15:51:38,multi_optuna_model.py,"(7620, 13)",90,Optuna_Trial_801,Dense 32 -> 256(gelu) -> 256(relu) -> 32(gelu) -> 64 -> 256(relu) -> 128(silu) -> 256(relu) -> 1,mse,adam_50,20,1024,192.7157,67228.0234375,11175.0078125,11175.005859375,0.6565730571746826,0.7,167841
2026-09-14 15:51:39,multi_optuna_model.py,"(7620, 13)",90,Optuna_Trial_798,Dense 256 -> 256(gelu) -> 256(relu) -> 32(gelu) -> 128(gelu) -> 128 -> 256(silu) -> 128(gelu) -> 1,mse,adam_48,20,1024,200.5179,67127.8359375,7599.4560546875,7599.45751953125,0.7664558291435242,0.7,230177
2026-09-14 15:51:43,multi_optuna_model.py,"(7620, 13)",90,Optuna_Trial_800,Dense 256 -> 256(gelu) -> 256(relu) -> 32(gelu) -> 128(gelu) -> 256 -> 32(silu) -> 256(gelu) -> 1,mse,adam_50,20,1024,200.7925,67756.0546875,3339.2490234375,3339.249755859375,0.8973792195320129,0.7,197569
2026-09-14 15:51:48,multi_optuna_model.py,"(7620, 13)",90,Optuna_Trial_799,Dense 256 -> 256(silu) -> 256 -> 64(relu) -> 256(gelu) -> 256(gelu) -> 256(gelu) -> 32(relu) -> 1,mse,adam_49,20,1024,202.5639,65517.3828125,3746.6640625,3746.664306640625,0.8848586678504944,0.7,308097
2026-09-14 15:52:06,multi_optuna_model.py,"(7620, 13)",90,Optuna_Trial_803,Dense 64 -> 256(gelu) -> 256(relu) -> 32(gelu) -> 128(gelu) -> 256 -> 128(silu) -> 32 -> 1,mse,adam_48,20,1024,200.6847,66575.8046875,8730.4677734375,8730.470703125,0.7316979169845581,0.7,165857
2026-09-14 15:52:09,multi_optuna_model.py,"(7620, 13)",90,Optuna_Trial_802,Dense 256 -> 256(gelu) -> 256(silu) -> 64(gelu) -> 256 -> 128(silu) -> 64(relu) -> 32(gelu) -> 1,mse,adam_51,20,1024,200.5831,67285.0703125,6585.26953125,6585.26953125,0.7976235151290894,0.7,211521
2026-09-14 15:52:13,multi_optuna_model.py,"(7620, 13)",90,Optuna_Trial_804,Dense 256 -> 256(gelu) -> 128(relu) -> 32(gelu) -> 128(gelu) -> 256 -> 128(relu) -> 128 -> 1,mse,adam_49,20,1024,197.1008,65237.359375,7631.40185546875,7631.40087890625,0.7654740810394287,0.7,193185
2026-09-14 15:52:28,multi_optuna_model.py,"(7620, 13)",90,Optuna_Trial_807,Dense 256 -> 64(gelu) -> 32 -> 64(relu) -> 128(gelu) -> 256(gelu) -> 32(gelu) -> 32(relu) -> 1,mse,adam_50,20,1024,171.5158,68130.546875,11615.2529296875,11615.2529296875,0.643043577671051,0.7,74881
2026-09-14 15:52:32,multi_optuna_model.py,"(7620, 13)",90,Optuna_Trial_805,Dense 256 -> 256(relu) -> 256(relu) -> 128(gelu) -> 64(gelu) -> 256(silu) -> 64 -> 256 -> 1,mse,adam_50,20,1024,189.2188,65268.29296875,8976.8349609375,8976.833984375,0.7241265773773193,0.7,226305
2026-09-14 15:52:39,multi_optuna_model.py,"(7620, 13)",90,Optuna_Trial_806,Dense 256(gelu) -> 256(gelu) -> 256(silu) -> 64(gelu) -> 128(gelu) -> 64(gelu) -> 256(gelu) -> 32(relu) -> 1,mse,adam_48,20,1024,198.7219,68418.1796875,10571.8515625,10571.8515625,0.6751090288162231,0.7,193089
2026-09-14 15:53:50,multi_optuna_model.py,"(7620, 13)",90,Optuna_Trial_808,Dense 256 -> 256(gelu) -> 256(relu) -> 32(gelu) -> 64(gelu) -> 256 -> 64 -> 256(silu) -> 1,mse,adam_51,20,1024,173.139,67055.859375,3106.930419921875,3106.930419921875,0.904518723487854,0.7,195489
2026-09-14 15:54:20,multi_optuna_model.py,"(7620, 13)",90,Optuna_Trial_811,Dense 32 -> 256(gelu) -> 256(relu) -> 256(gelu) -> 256(relu) -> 32(relu) -> 64(silu) -> 256 -> 1,mse,adam_49,20,1024,158.3089,67016.7265625,10798.9150390625,10798.9140625,0.6681309938430786,0.7,233505
2026-09-14 15:54:25,multi_optuna_model.py,"(7620, 13)",90,Optuna_Trial_809,Dense 256(relu) -> 256 -> 256(silu) -> 32(gelu) -> 256 -> 256(relu) -> 256(gelu) -> 64(gelu) -> 1,mse,adam_51,20,1024,173.6385,63217.796875,13179.564453125,13179.56640625,0.594969630241394,0.7,299937
2026-09-14 15:54:29,multi_optuna_model.py,"(7620, 13)",90,Optuna_Trial_810,Dense 256 -> 256(silu) -> 256 -> 32(gelu) -> 64(gelu) -> 256(silu) -> 256 -> 32(gelu) -> 1,mse,adam_51,20,1024,177.3524,65138.390625,10314.0673828125,10314.06640625,0.6830312013626099,0.7,236193
2026-09-14 15:54:44,multi_optuna_model.py,"(7620, 13)",90,Optuna_Trial_812,Dense 256(silu) -> 256(gelu) -> 256(silu) -> 64(gelu) -> 256 -> 256(silu) -> 64 -> 64(gelu) -> 1,mse,adam_52,20,1024,171.9382,67422.109375,7253.25830078125,7253.2587890625,0.7770950794219971,0.7,254721
2026-09-14 15:55:13,multi_optuna_model.py,"(7620, 13)",90,Optuna_Trial_815,Dense 256 -> 256(gelu) -> 256(relu) -> 64 -> 128(gelu) -> 64(gelu) -> 128(gelu) -> 32(relu) -> 1,mse,adam_49,20,1024,163.4856,68095.8203125,10872.7314453125,10872.7294921875,0.6658625602722168,0.7,180673
2026-09-14 15:55:22,multi_optuna_model.py,"(7620, 13)",90,Optuna_Trial_814,Dense 256 -> 256(silu) -> 32(relu) -> 32(relu) -> 32(gelu) -> 256(silu) -> 256 -> 32(gelu) -> 1,mse,adam_51,20,1024,172.6729,66768.015625,10421.36328125,10421.3623046875,0.6797338724136353,0.7,162209
2026-09-14 15:55:23,multi_optuna_model.py,"(7620, 13)",90,Optuna_Trial_813,Dense 256 -> 128(gelu) -> 256(silu) -> 64(gelu) -> 256 -> 256(silu) -> 128 -> 32(gelu) -> 1,mse,adam_51,20,1024,184.6021,66727.359375,9274.6953125,9274.697265625,0.7149728536605835,0.7,205441
2026-09-14 15:55:34,multi_optuna_model.py,"(7620, 13)",90,Optuna_Trial_816,Dense 256 -> 256(gelu) -> 256(relu) -> 256(gelu) -> 128(gelu) -> 256(relu) -> 32(gelu) -> 32(relu) -> 1,mse,adam_51,20,1024,181.2826,67622.4375,8809.9462890625,8809.947265625,0.7292554378509521,0.7,276193
2026-09-14 15:55:50,multi_optuna_model.py,"(7620, 13)",90,Optuna_Trial_817,Dense 256(relu) -> 256(silu) -> 256(relu) -> 32(gelu) -> 32(gelu) -> 256(silu) -> 256(silu) -> 32(gelu) -> 1,mse,adam_50,20,1024,183.9488,67685.234375,14685.46484375,14685.4638671875,0.5486907362937927,0.7,226945
2026-09-14 15:55:50,multi_optuna_model.py,"(7620, 13)",90,Optuna_Trial_818,Dense 256 -> 256(gelu) -> 256(relu) -> 32(gelu) -> 128(gelu) -> 256 -> 32(silu) -> 256(gelu) -> 1,mse,adam_49,20,1024,175.0278,68049.3359375,5772.84033203125,5772.84033203125,0.8225908279418945,0.7,197569
2026-09-14 15:55:58,multi_optuna_model.py,"(7620, 13)",90,Optuna_Trial_819,Dense 256 -> 256(silu) -> 256(relu) -> 256(gelu) -> 128(gelu) -> 64(relu) -> 256 -> 32(gelu) -> 1,mse,adam_52,20,1024,177.6358,66946.828125,8359.8955078125,8359.8955078125,0.7430862188339233,0.7,267009
2026-09-14 15:56:09,multi_optuna_model.py,"(7620, 13)",90,Optuna_Trial_820,Dense 128(gelu) -> 256(gelu) -> 128(relu) -> 32(gelu) -> 128(gelu) -> 256(relu) -> 128(silu) -> 256 -> 1,mse,adam_50,20,1024,182.952,67782.9453125,9793.59375,9793.595703125,0.6990262269973755,0.7,175265
2026-09-14 15:56:14,multi_optuna_model.py,"(7620, 13)",90,Optuna_Trial_822,Dense 256 -> 64(gelu) -> 256(relu) -> 32(gelu) -> 32(gelu) -> 64(relu) -> 256 -> 256 -> 1,mse,adam_51,20,1024,179.1066,66534.484375,3291.2099609375,3291.20947265625,0.8988555073738098,0.7,130753
2026-09-14 15:56:24,multi_optuna_model.py,"(7620, 13)",90,Optuna_Trial_821,Dense 256 -> 256(gelu) -> 256(relu) -> 256(gelu) -> 128(silu) -> 256 -> 256 -> 64(gelu) -> 1,mse,adam_51,20,1024,179.0726,58836.56640625,5089.48681640625,5089.48681640625,0.8435914516448975,0.7,349185
2026-09-14 15:56:34,multi_optuna_model.py,"(7620, 13)",90,Optuna_Trial_823,Dense 256(gelu) -> 256(gelu) -> 32(relu) -> 32(gelu) -> 256(gelu) -> 128 -> 256(silu) -> 128(gelu) -> 1,mse,adam_49,20,1024,178.8027,67880.3359375,9146.5810546875,9146.583984375,0.7189100384712219,0.7,186049
2026-09-14 15:57:31,multi_optuna_model.py,"(7620, 13)",90,Optuna_Trial_824,Dense 256 -> 256(gelu) -> 256(relu) -> 32(gelu) -> 64(gelu) -> 256 -> 64 -> 256(silu) -> 1,mse,adam_52,20,1024,169.7767,67102.9609375,4008.259765625,4008.2587890625,0.876819372177124,0.7,195489
2026-09-14 15:58:08,multi_optuna_model.py,"(7620, 13)",90,Optuna_Trial_825,Dense 256 -> 256(relu) -> 64(relu) -> 32(gelu) -> 256(gelu) -> 128(relu) -> 128(silu) -> 256 -> 1,mse,adam_50,20,1024,175.6347,66872.3984375,9845.8720703125,9845.873046875,0.6974196434020996,0.7,179041
2026-09-14 15:58:19,multi_optuna_model.py,"(7620, 13)",90,Optuna_Trial_827,Dense 256 -> 256(gelu) -> 128(relu) -> 32(gelu) -> 128(gelu) -> 256 -> 256 -> 256(gelu) -> 1,mse,adam_52,20,1024,177.6595,64438.625,3877.85986328125,3877.85888671875,0.8808267712593079,0.7,275489
2026-09-14 15:58:23,multi_optuna_model.py,"(7620, 13)",90,Optuna_Trial_826,Dense 32 -> 256(silu) -> 256(silu) -> 64(gelu) -> 256 -> 256(silu) -> 64 -> 128(gelu) -> 1,mse,adam_52,20,1024,176.9935,67357.890625,9184.4189453125,9184.419921875,0.7177472114562988,0.7,198465
2026-09-14 15:58:32,multi_optuna_model.py,"(7620, 13)",90,Optuna_Trial_828,Dense 256 -> 256(gelu) -> 256(relu) -> 32(gelu) -> 128(gelu) -> 256(relu) -> 128(silu) -> 64(silu) -> 1,mse,adam_53,20,1024,172.8541,67241.0,3253.417236328125,3253.4169921875,0.9000169634819031,0.7,221857
2026-09-14 15:59:09,multi_optuna_model.py,"(7620, 13)",90,Optuna_Trial_829,Dense 128 -> 256(gelu) -> 256(relu) -> 256(gelu) -> 128(silu) -> 256(gelu) -> 256 -> 32 -> 1,mse,adam_50,20,1024,181.7031,62523.98828125,5087.7041015625,5087.705078125,0.843646228313446,0.7,306369
2026-09-14 15:59:23,multi_optuna_model.py,"(7620, 13)",90,Optuna_Trial_832,Dense 128 -> 256(gelu) -> 256 -> 32(gelu) -> 64(gelu) -> 256 -> 64(gelu) -> 256(silu) -> 1,mse,adam_52,20,1024,181.1178,67009.0234375,10569.7705078125,10569.7705078125,0.6751729249954224,0.7,160929
2026-09-14 15:59:24,multi_optuna_model.py,"(7620, 13)",90,Optuna_Trial_830,Dense 256 -> 128(gelu) -> 256(relu) -> 128(gelu) -> 128(gelu) -> 256 -> 128(silu) -> 128 -> 1,mse,adam_52,20,1024,185.6417,65307.12890625,8189.41845703125,8189.41748046875,0.7483252882957458,0.7,201473
2026-09-14 15:59:26,multi_optuna_model.py,"(7620, 13)",90,Optuna_Trial_831,Dense 256(silu) -> 256(gelu) -> 256(relu) -> 256(gelu) -> 128(gelu) -> 256(relu) -> 64(relu) -> 256 -> 1,mse,adam_52,20,1024,186.7779,67033.609375,7245.46728515625,7245.4658203125,0.7773345112800598,0.7,300225
2026-09-14 15:59:37,multi_optuna_model.py,"(7620, 13)",90,Optuna_Trial_834,Dense 256 -> 128(gelu) -> 256(relu) -> 64(gelu) -> 128(gelu) -> 64(gelu) -> 256(gelu) -> 32 -> 1,mse,adam_50,20,1024,181.4294,67638.8125,3358.716552734375,3358.716552734375,0.8967809677124023,0.7,127425
2026-09-14 15:59:46,multi_optuna_model.py,"(7620, 13)",90,Optuna_Trial_835,Dense 64 -> 256(gelu) -> 256(silu) -> 64(gelu) -> 128 -> 256(silu) -> 32 -> 32(gelu) -> 1,mse,adam_53,20,1024,179.7493,67036.71875,10514.4423828125,10514.4423828125,0.6768733263015747,0.7,150433
2026-09-14 15:59:54,multi_optuna_model.py,"(7620, 13)",90,Optuna_Trial_833,Dense 256(silu) -> 256(gelu) -> 128(relu) -> 32(gelu) -> 256(gelu) -> 128(relu) -> 128(silu) -> 256 -> 1,mse,adam_51,20,1024,187.2877,67748.546875,10460.7802734375,10460.7822265625,0.6785224676132202,0.7,197537
2026-09-14 16:00:03,multi_optuna_model.py,"(7620, 13)",90,Optuna_Trial_836,Dense 256 -> 256(gelu) -> 128(relu) -> 32(silu) -> 256 -> 128(relu) -> 128(silu) -> 256 -> 1,mse,adam_51,20,1024,179.0895,66087.0,8654.23828125,8654.236328125,0.7340406179428101,0.7,197537
2026-09-14 16:00:05,multi_optuna_model.py,"(7620, 13)",90,Optuna_Trial_837,Dense 256 -> 64(gelu) -> 256(relu) -> 32(gelu) -> 32(gelu) -> 64(relu) -> 256(silu) -> 256 -> 1,mse,adam_52,20,1024,183.8406,67715.515625,4358.6025390625,4358.60302734375,0.8660527467727661,0.7,130753
2026-09-14 16:00:09,multi_optuna_model.py,"(7620, 13)",90,Optuna_Trial_838,Dense 256 -> 64(gelu) -> 256(relu) -> 128(gelu) -> 32(gelu) -> 64(relu) -> 256 -> 64 -> 1,mse,adam_52,20,1024,180.3573,66898.578125,10759.5712890625,10759.5712890625,0.6693401336669922,0.7,108961
2026-09-14 16:00:15,multi_optuna_model.py,"(7620, 13)",90,Optuna_Trial_839,Dense 256 -> 256(gelu) -> 256(relu) -> 32(gelu) -> 256(silu) -> 128(relu) -> 128(silu) -> 64 -> 1,mse,adam_50,20,1024,164.8202,67327.71875,2548.96435546875,2548.9638671875,0.9216660261154175,0.7,209569
2026-09-14 16:01:29,multi_optuna_model.py,"(7620, 13)",90,Optuna_Trial_840,Dense 256 -> 256(gelu) -> 256(silu) -> 256(silu) -> 32(gelu) -> 256 -> 256 -> 256(gelu) -> 1,mse,adam_53,20,1024,170.4226,64767.6328125,5663.21240234375,5663.2138671875,0.8259598612785339,0.7,349473
2026-09-14 16:02:02,multi_optuna_model.py,"(7620, 13)",90,Optuna_Trial_841,Dense 256 -> 256(gelu) -> 256(relu) -> 32(gelu) -> 256(gelu) -> 128(relu) -> 128(silu) -> 32(gelu) -> 1,mse,adam_51,20,1024,177.7406,67784.859375,3546.696044921875,3546.696044921875,0.8910040259361267,0.7,205409
2026-09-14 16:02:02,multi_optuna_model.py,"(7620, 13)",90,Optuna_Trial_843,Dense 256 -> 256(relu) -> 256(relu) -> 64(gelu) -> 256(relu) -> 32(relu) -> 128 -> 256 -> 1,mse,adam_53,20,1024,168.2381,64569.078125,10027.3271484375,10027.3291015625,0.6918432116508484,0.7,213985
2026-09-14 16:02:13,multi_optuna_model.py,"(7620, 13)",90,Optuna_Trial_842,Dense 64 -> 256(gelu) -> 256(relu) -> 32(gelu) -> 256(gelu) -> 256(gelu) -> 64 -> 256(silu) -> 1,mse,adam_53,20,1024,177.8461,67521.8359375,8951.259765625,8951.2587890625,0.7249126434326172,0.7,199137
2026-09-14 16:02:21,multi_optuna_model.py,"(7620, 13)",90,Optuna_Trial_844,Dense 256 -> 256(gelu) -> 256(relu) -> 32(gelu) -> 128(gelu) -> 256(relu) -> 128(silu) -> 64(silu) -> 1,mse,adam_54,20,1024,171.468,67431.0234375,3952.49169921875,3952.492431640625,0.8785332441329956,0.7,221857
2026-09-14 16:03:04,multi_optuna_model.py,"(7620, 13)",90,Optuna_Trial_845,Dense 256 -> 256(silu) -> 64(relu) -> 32(gelu) -> 32 -> 256(silu) -> 256 -> 32(gelu) -> 1,mse,adam_51,20,1024,178.233,66565.296875,10167.60546875,10167.60546875,0.6875321865081787,0.7,171457
2026-09-14 16:03:19,multi_optuna_model.py,"(7620, 13)",90,Optuna_Trial_846,Dense 256 -> 32(gelu) -> 256(relu) -> 32(gelu) -> 32(gelu) -> 64(relu) -> 256 -> 256(relu) -> 1,mse,adam_53,20,1024,189.4417,67983.015625,10755.8037109375,10755.8056640625,0.669455885887146,0.7,114337
2026-09-14 16:03:24,multi_optuna_model.py,"(7620, 13)",90,Optuna_Trial_848,Dense 256 -> 64(gelu) -> 256(relu) -> 32(gelu) -> 64(gelu) -> 64(relu) -> 256 -> 256 -> 1,mse,adam_53,20,1024,188.7031,67011.2109375,8003.4794921875,8003.47998046875,0.7540395259857178,0.7,133857
2026-09-14 16:03:33,multi_optuna_model.py,"(7620, 13)",90,Optuna_Trial_849,Dense 256 -> 128(gelu) -> 256(relu) -> 64(gelu) -> 128(gelu) -> 64(gelu) -> 256(gelu) -> 32 -> 1,mse,adam_51,20,1024,188.1315,67973.3515625,7901.99609375,7901.99462890625,0.7571582198143005,0.7,127425
2026-09-14 16:03:39,multi_optuna_model.py,"(7620, 13)",90,Optuna_Trial_851,Dense 256 -> 128(gelu) -> 64(relu) -> 32(gelu) -> 64(gelu) -> 32(relu) -> 64 -> 256 -> 1,mse,adam_52,20,1024,181.2374,68071.8671875,10238.7939453125,10238.7939453125,0.6853444576263428,0.7,70017
2026-09-14 16:03:43,multi_optuna_model.py,"(7620, 13)",90,Optuna_Trial_847,Dense 256 -> 256 -> 256(silu) -> 32(gelu) -> 256(silu) -> 256 -> 256(gelu) -> 256(gelu) -> 1,mse,adam_53,20,1024,191.982,64191.3828125,4486.888671875,4486.88916015625,0.8621103167533875,0.7,349473
2026-09-14 16:03:46,multi_optuna_model.py,"(7620, 13)",90,Optuna_Trial_850,Dense 256 -> 256(relu) -> 256(relu) -> 32(gelu) -> 32(gelu) -> 64 -> 128(silu) -> 256(gelu) -> 1,mse,adam_54,20,1024,187.6698,67016.8125,14405.19921875,14405.1962890625,0.557303786277771,0.7,188161
2026-09-14 16:04:03,multi_optuna_model.py,"(7620, 13)",90,Optuna_Trial_853,Dense 32 -> 128 -> 256(relu) -> 32(gelu) -> 128(gelu) -> 256(gelu) -> 256 -> 32(relu) -> 1,mse,adam_53,20,1024,185.5346,65796.5,9392.9052734375,9392.904296875,0.711340069770813,0.7,157217
2026-09-14 16:04:03,multi_optuna_model.py,"(7620, 13)",90,Optuna_Trial_854,Dense 128 -> 64(gelu) -> 256(relu) -> 32(gelu) -> 32(gelu) -> 64 -> 256 -> 256 -> 1,mse,adam_53,20,1024,189.9658,65709.75,10095.146484375,10095.146484375,0.6897589564323425,0.7,120769
2026-09-14 16:04:16,multi_optuna_model.py,"(7620, 13)",90,Optuna_Trial_852,Dense 256 -> 256(gelu) -> 256(silu) -> 64(gelu) -> 256(relu) -> 256(relu) -> 64 -> 128(gelu) -> 1,mse,adam_52,20,1024,193.5059,66985.3828125,7689.298828125,7689.29931640625,0.7636948227882385,0.7,258945
2026-09-14 16:04:20,multi_optuna_model.py,"(7620, 13)",90,Optuna_Trial_855,Dense 256 -> 256(gelu) -> 256(relu) -> 32(gelu) -> 256(silu) -> 128(relu) -> 128(silu) -> 64 -> 1,mse,adam_51,20,1024,180.7765,67141.4921875,3079.31640625,3079.31591796875,0.905367374420166,0.7,209569
2026-09-14 16:05:04,multi_optuna_model.py,"(7620, 13)",90,Optuna_Trial_856,Dense 256 -> 256(gelu) -> 256(relu) -> 32(relu) -> 64(gelu) -> 32(relu) -> 64 -> 256 -> 1,mse,adam_54,20,1024,162.7047,66765.2890625,10323.95703125,10323.9560546875,0.6827272772789001,0.7,166593
2026-09-14 16:06:08,multi_optuna_model.py,"(7620, 13)",90,Optuna_Trial_858,Dense 32 -> 64(gelu) -> 256(relu) -> 32(gelu) -> 256(gelu) -> 128(relu) -> 128(silu) -> 256 -> 1,mse,adam_54,20,1024,190.1298,67405.0546875,12927.3251953125,12927.3251953125,0.6027213335037231,0.7,118561
2026-09-14 16:06:26,multi_optuna_model.py,"(7620, 13)",90,Optuna_Trial_859,Dense 256 -> 64(gelu) -> 256(relu) -> 256(gelu) -> 32(silu) -> 64(relu) -> 256 -> 256 -> 1,mse,adam_54,20,1024,196.0472,65111.87109375,9784.6298828125,9784.6298828125,0.6993017196655273,0.7,195489
2026-09-14 16:06:34,multi_optuna_model.py,"(7620, 13)",90,Optuna_Trial_860,Dense 256(gelu) -> 64(gelu) -> 256(gelu) -> 32(gelu) -> 32(gelu) -> 64(relu) -> 256 -> 256 -> 1,mse,adam_55,20,1024,204.129,67893.71875,8960.7822265625,8960.7822265625,0.72461998462677,0.7,130753
2026-09-14 16:06:42,multi_optuna_model.py,"(7620, 13)",90,Optuna_Trial_857,Dense 256(relu) -> 256(gelu) -> 256(relu) -> 32(gelu) -> 128(silu) -> 256(relu) -> 256(silu) -> 32(gelu) -> 1,mse,adam_52,20,1024,211.5236,66894.6796875,11061.0185546875,11061.0205078125,0.6600761413574219,0.7,254689
2026-09-14 16:07:15,multi_optuna_model.py,"(7620, 13)",90,Optuna_Trial_861,Dense 256 -> 256(gelu) -> 256(relu) -> 32(gelu) -> 256 -> 128(relu) -> 128 -> 256 -> 1,mse,adam_52,20,1024,194.8485,61419.0078125,5588.75146484375,5588.75244140625,0.828248143196106,0.7,234529
2026-09-14 16:07:35,multi_optuna_model.py,"(7620, 13)",90,Optuna_Trial_863,Dense 256 -> 256 -> 256(relu) -> 32(gelu) -> 64(silu) -> 256 -> 64 -> 256(relu) -> 1,mse,adam_54,20,1024,197.9414,64618.67578125,6292.67724609375,6292.67724609375,0.8066153526306152,0.7,195489
2026-09-14 16:07:40,multi_optuna_model.py,"(7620, 13)",90,Optuna_Trial_862,Dense 256 -> 256(gelu) -> 256(relu) -> 64(gelu) -> 256 -> 128(relu) -> 128(silu) -> 64(silu) -> 1,mse,adam_54,20,1024,201.3459,66978.0,7244.869140625,7244.869140625,0.7773528695106506,0.7,225985
2026-09-14 16:07:46,multi_optuna_model.py,"(7620, 13)",90,Optuna_Trial_867,Dense 256 -> 256 -> 32(silu) -> 64(gelu) -> 32 -> 128(relu) -> 256 -> 64(gelu) -> 1,mse,adam_55,20,1024,188.2273,66378.3828125,9826.6650390625,9826.6630859375,0.6980099081993103,0.7,135553
2026-09-14 16:08:03,multi_optuna_model.py,"(7620, 13)",90,Optuna_Trial_868,Dense 64 -> 256(gelu) -> 256(relu) -> 32(gelu) -> 64(silu) -> 32(relu) -> 64 -> 256 -> 1,mse,adam_54,20,1024,193.0986,67921.703125,9580.072265625,9580.07421875,0.7055881023406982,0.7,114753
2026-09-14 16:08:07,multi_optuna_model.py,"(7620, 13)",90,Optuna_Trial_864,Dense 256 -> 256(gelu) -> 256(relu) -> 64(gelu) -> 64(silu) -> 256(gelu) -> 256 -> 256(silu) -> 1,mse,adam_52,20,1024,212.6806,66407.6875,6087.72802734375,6087.728515625,0.8129137754440308,0.7,304257
2026-09-14 16:08:14,multi_optuna_model.py,"(7620, 13)",90,Optuna_Trial_866,Dense 256 -> 256(gelu) -> 256(silu) -> 32(gelu) -> 128(gelu) -> 256(relu) -> 256(relu) -> 64 -> 1,mse,adam_54,20,1024,210.1218,67003.515625,4868.04443359375,4868.04541015625,0.8503967523574829,0.7,262945
2026-09-14 16:08:19,multi_optuna_model.py,"(7620, 13)",90,Optuna_Trial_870,Dense 256 -> 64(gelu) -> 256(relu) -> 32(gelu) -> 32(gelu) -> 32(relu) -> 32 -> 256 -> 1,mse,adam_53,20,1024,194.6372,68035.3984375,9934.296875,9934.2978515625,0.6947021484375,0.7,56769
2026-09-14 16:08:20,multi_optuna_model.py,"(7620, 13)",90,Optuna_Trial_865,Dense 256 -> 256(gelu) -> 256(silu) -> 32(gelu) -> 128(gelu) -> 256 -> 256(gelu) -> 256(gelu) -> 1,mse,adam_53,20,1024,218.7312,66868.6875,3028.856201171875,3028.856689453125,0.9069181084632874,0.7,312481
2026-09-14 16:08:28,multi_optuna_model.py,"(7620, 13)",90,Optuna_Trial_869,Dense 256 -> 256(gelu) -> 256(silu) -> 32(gelu) -> 32(gelu) -> 64(relu) -> 256 -> 256 -> 1,mse,adam_54,20,1024,204.4039,66053.515625,8051.00634765625,8051.00439453125,0.7525789141654968,0.7,229249
2026-09-14 16:09:08,multi_optuna_model.py,"(7620, 13)",90,Optuna_Trial_871,Dense 256 -> 256(silu) -> 256(relu) -> 128(silu) -> 128(gelu) -> 256(relu) -> 256(silu) -> 32(gelu) -> 1,mse,adam_52,20,1024,209.8968,66663.640625,7929.10107421875,7929.10107421875,0.7563252449035645,0.7,291649
2026-09-14 16:09:20,multi_optuna_model.py,"(7620, 13)",90,Optuna_Trial_872,Dense 128 -> 256(gelu) -> 256(relu) -> 32(gelu) -> 256(silu) -> 128(relu) -> 128(silu) -> 64 -> 1,mse,adam_55,20,1024,188.6608,67512.796875,6773.28955078125,6773.2890625,0.7918453216552734,0.7,175009
2026-09-14 16:10:19,multi_optuna_model.py,"(7620, 13)",90,Optuna_Trial_873,Dense 256 -> 256(gelu) -> 32(relu) -> 32(gelu) -> 256(gelu) -> 256(relu) -> 128(relu) -> 256 -> 1,mse,adam_55,20,1024,192.7082,67340.578125,7202.4599609375,7202.4599609375,0.7786561846733093,0.7,219073
2026-09-14 16:10:40,multi_optuna_model.py,"(7620, 13)",90,Optuna_Trial_874,Dense 256(silu) -> 256(gelu) -> 256(relu) -> 32(gelu) -> 128(silu) -> 128(relu) -> 128 -> 64 -> 1,mse,adam_55,20,1024,185.1708,67630.953125,9098.662109375,9098.662109375,0.7203826904296875,0.7,188961
2026-09-14 16:10:53,multi_optuna_model.py,"(7620, 13)",90,Optuna_Trial_876,Dense 256 -> 32(gelu) -> 256(relu) -> 32(gelu) -> 64(gelu) -> 32(relu) -> 128(silu) -> 256(relu) -> 1,mse,adam_53,20,1024,189.2506,68397.046875,12033.6669921875,12033.66796875,0.6301849484443665,0.7,70177
2026-09-14 16:11:16,multi_optuna_model.py,"(7620, 13)",90,Optuna_Trial_875,Dense 256 -> 256(gelu) -> 128(silu) -> 32(gelu) -> 256(silu) -> 128(relu) -> 128(silu) -> 64 -> 1,mse,adam_56,20,1024,201.0831,67770.703125,5280.5546875,5280.5537109375,0.8377195596694946,0.7,172577
2026-09-14 16:11:32,multi_optuna_model.py,"(7620, 13)",90,Optuna_Trial_877,Dense 256 -> 256(gelu) -> 128(relu) -> 32(gelu) -> 64(silu) -> 64(relu) -> 128(silu) -> 64 -> 1,mse,adam_53,20,1024,192.0552,68052.1875,3710.18994140625,3710.1904296875,0.8859795928001404,0.7,129313
2026-09-14 16:12:16,multi_optuna_model.py,"(7620, 13)",90,Optuna_Trial_878,Dense 256 -> 256 -> 256(relu) -> 32(gelu) -> 256(silu) -> 128(relu) -> 128(silu) -> 64 -> 1,mse,adam_55,20,1024,209.8561,65226.609375,4283.64794921875,4283.6474609375,0.8683562278747559,0.7,209569
2026-09-14 16:12:17,multi_optuna_model.py,"(7620, 13)",90,Optuna_Trial_879,Dense 256 -> 128(gelu) -> 256(relu) -> 32(gelu) -> 256(silu) -> 32(relu) -> 128(silu) -> 64 -> 1,mse,adam_55,20,1024,210.8938,67945.8984375,9482.794921875,9482.7939453125,0.7085776329040527,0.7,106945
2026-09-14 16:12:23,multi_optuna_model.py,"(7620, 13)",90,Optuna_Trial_880,Dense 256 -> 64(gelu) -> 128(relu) -> 32(gelu) -> 32(gelu) -> 64(relu) -> 256 -> 256(silu) -> 1,mse,adam_56,20,1024,218.1962,67894.640625,10129.6123046875,10129.61328125,0.6886998414993286,0.7,118337
2026-09-14 16:12:33,multi_optuna_model.py,"(7620, 13)",90,Optuna_Trial_881,Dense 256 -> 256(gelu) -> 64(relu) -> 32(gelu) -> 64(gelu) -> 256(relu) -> 64 -> 128 -> 1,mse,adam_55,20,1024,216.5144,66579.2109375,9299.5869140625,9299.5869140625,0.7142078876495361,0.7,131553
2026-09-14 16:12:59,multi_optuna_model.py,"(7620, 13)",90,Optuna_Trial_886,Dense 256 -> 256(gelu) -> 256(relu) -> 32(gelu) -> 64(gelu) -> 64(relu) -> 128(relu) -> 32(silu) -> 1,mse,adam_55,20,1024,219.5865,68234.4453125,10224.986328125,10224.9853515625,0.6857688426971436,0.7,162145
2026-09-14 16:13:10,multi_optuna_model.py,"(7620, 13)",90,Optuna_Trial_884,Dense 256 -> 64(gelu) -> 256(relu) -> 32(gelu) -> 256(silu) -> 128(relu) -> 32(silu) -> 64 -> 1,mse,adam_54,20,1024,232.1301,67872.296875,10083.9599609375,10083.9580078125,0.6901028156280518,0.7,92545
2026-09-14 16:13:14,multi_optuna_model.py,"(7620, 13)",90,Optuna_Trial_883,Dense 256(silu) -> 256(silu) -> 256(relu) -> 32(gelu) -> 32(gelu) -> 64(silu) -> 256 -> 32(gelu) -> 1,mse,adam_55,20,1024,238.0031,68219.34375,12441.8701171875,12441.8701171875,0.6176402568817139,0.7,171457
2026-09-14 16:13:15,multi_optuna_model.py,"(7620, 13)",90,Optuna_Trial_885,Dense 256 -> 256(silu) -> 256(relu) -> 32(gelu) -> 128(gelu) -> 32(silu) -> 256 -> 32(gelu) -> 1,mse,adam_54,20,1024,232.2049,67928.8203125,4988.4560546875,4988.45556640625,0.8466962575912476,0.7,168449
2026-09-14 16:13:16,multi_optuna_model.py,"(7620, 13)",90,Optuna_Trial_882,Dense 256 -> 256(gelu) -> 256(gelu) -> 128(gelu) -> 128(silu) -> 256(gelu) -> 256 -> 256(gelu) -> 1,mse,adam_53,20,1024,239.3142,66022.8515625,4332.1123046875,4332.111328125,0.8668668270111084,0.7,349441
2026-09-14 16:13:31,multi_optuna_model.py,"(7620, 13)",90,Optuna_Trial_887,Dense 256 -> 64(gelu) -> 256(relu) -> 32(gelu) -> 32(relu) -> 64(relu) -> 256 -> 256 -> 1,mse,adam_53,20,1024,211.4419,66279.359375,8903.1005859375,8903.1015625,0.7263926267623901,0.7,130753
2026-09-14 16:13:41,multi_optuna_model.py,"(7620, 13)",90,Optuna_Trial_888,Dense 256 -> 256(gelu) -> 256(relu) -> 32(gelu) -> 64(silu) -> 128 -> 128(silu) -> 64 -> 1,mse,adam_56,20,1024,198.2138,67068.4375,4000.375,4000.37451171875,0.877061665058136,0.7,178657
2026-09-14 16:14:50,multi_optuna_model.py,"(7620, 13)",90,Optuna_Trial_889,Dense 256 -> 256(gelu) -> 256(relu) -> 256(gelu) -> 256(silu) -> 64(relu) -> 128(silu) -> 64 -> 1,mse,adam_56,20,1024,201.2053,65395.21484375,8061.32568359375,8061.32373046875,0.752261757850647,0.7,299841
2026-09-14 16:15:31,multi_optuna_model.py,"(7620, 13)",90,Optuna_Trial_892,Dense 256 -> 256(gelu) -> 32(relu) -> 64(gelu) -> 64(relu) -> 256(relu) -> 256(gelu) -> 32(relu) -> 1,mse,adam_57,20,1024,198.3296,66864.875,10042.560546875,10042.564453125,0.6913750767707825,0.7,174561
2026-09-14 16:15:31,multi_optuna_model.py,"(7620, 13)",90,Optuna_Trial_890,Dense 256(relu) -> 256(gelu) -> 256(relu) -> 32(gelu) -> 256(silu) -> 128(relu) -> 256(silu) -> 64 -> 1,mse,adam_56,20,1024,219.243,66258.03125,10425.796875,10425.796875,0.6795976161956787,0.7,234273
2026-09-14 16:15:41,multi_optuna_model.py,"(7620, 13)",90,Optuna_Trial_891,Dense 256(silu) -> 128 -> 256(relu) -> 32(gelu) -> 128(gelu) -> 256(relu) -> 256(gelu) -> 32(relu) -> 1,mse,adam_54,20,1024,221.0871,67886.0703125,12799.7412109375,12799.7431640625,0.6066421866416931,0.7,189025
2026-09-14 16:16:48,multi_optuna_model.py,"(7620, 13)",90,Optuna_Trial_893,Dense 256 -> 256(gelu) -> 256 -> 128(gelu) -> 128(gelu) -> 256 -> 256(gelu) -> 256(gelu) -> 1,mse,adam_54,20,1024,224.9535,62620.44921875,4103.5966796875,4103.59716796875,0.8738895058631897,0.7,349441
2026-09-14 16:17:19,multi_optuna_model.py,"(7620, 13)",90,Optuna_Trial_895,Dense 256(silu) -> 256(gelu) -> 256(relu) -> 32(gelu) -> 128(gelu) -> 64(relu) -> 256 -> 32 -> 1,mse,adam_56,20,1024,232.9727,67667.5078125,9744.515625,9744.517578125,0.700534462928772,0.7,180769
2026-09-14 16:17:19,multi_optuna_model.py,"(7620, 13)",90,Optuna_Trial_894,Dense 256 -> 256(gelu) -> 256(relu) -> 32 -> 128(gelu) -> 256 -> 128 -> 128 -> 1,mse,adam_56,20,1024,231.8874,61586.5703125,6274.84619140625,6274.84814453125,0.8071632981300354,0.7,230177
2026-09-14 16:17:43,multi_optuna_model.py,"(7620, 13)",90,Optuna_Trial_896,Dense 32(relu) -> 256(gelu) -> 256(relu) -> 32(gelu) -> 64(gelu) -> 256(relu) -> 64 -> 256(gelu) -> 1,mse,adam_57,20,1024,239.0898,67870.453125,16985.443359375,16985.4453125,0.478008508682251,0.7,135009
2026-09-14 16:19:35,multi_optuna_model.py,"(7620, 13)",90,Optuna_Trial_897,Dense 256 -> 256(gelu) -> 256(silu) -> 32(gelu) -> 128(gelu) -> 256 -> 256(gelu) -> 256(gelu) -> 1,mse,adam_56,20,1024,260.5582,66809.4921875,2876.35498046875,2876.35546875,0.9116047024726868,0.7,312481
2026-09-14 16:19:58,multi_optuna_model.py,"(7620, 13)",90,Optuna_Trial_899,Dense 128 -> 256(gelu) -> 256(relu) -> 32(gelu) -> 128 -> 128 -> 256(relu) -> 128(gelu) -> 1,mse,adam_55,20,1024,329.7211,65279.03125,8772.3984375,8772.3984375,0.7304093241691589,0.7,195617
2026-09-14 16:20:08,multi_optuna_model.py,"(7620, 13)",90,Optuna_Trial_903,Dense 256 -> 256(gelu) -> 64(relu) -> 32(gelu) -> 64(gelu) -> 64(silu) -> 128(silu) -> 256 -> 1,mse,adam_54,20,1024,320.7815,68077.734375,7355.47265625,7355.470703125,0.7739538550376892,0.7,135777
2026-09-14 16:20:11,multi_optuna_model.py,"(7620, 13)",90,Optuna_Trial_898,Dense 256 -> 128(silu) -> 256(relu) -> 32(gelu) -> 128(gelu) -> 128(relu) -> 256(gelu) -> 32(relu) -> 1,mse,adam_56,20,1024,357.074,68114.890625,8597.5322265625,8597.53125,0.7357832193374634,0.7,139745
2026-09-14 16:20:27,multi_optuna_model.py,"(7620, 13)",90,Optuna_Trial_901,Dense 256 -> 256(relu) -> 256(relu) -> 64(gelu) -> 128(silu) -> 128(gelu) -> 256(gelu) -> 32(gelu) -> 1,mse,adam_55,20,1024,349.796,67438.0390625,10739.890625,10739.890625,0.6699450016021729,0.7,217729
2026-09-14 16:20:29,multi_optuna_model.py,"(7620, 13)",90,Optuna_Trial_904,Dense 256 -> 256(gelu) -> 256(relu) -> 32(silu) -> 256(silu) -> 128(relu) -> 64(silu) -> 64 -> 1,mse,adam_57,20,1024,327.4405,67165.328125,8581.6552734375,8581.6572265625,0.7362711429595947,0.7,197217
2026-09-14 16:20:32,multi_optuna_model.py,"(7620, 13)",90,Optuna_Trial_902,Dense 256 -> 256(gelu) -> 256(gelu) -> 256(gelu) -> 256(gelu) -> 128(relu) -> 128(relu) -> 256 -> 1,mse,adam_54,20,1024,354.6888,66628.9921875,4990.390625,4990.39013671875,0.8466368317604065,0.7,349441
2026-09-14 16:20:36,multi_optuna_model.py,"(7620, 13)",90,Optuna_Trial_900,Dense 256 -> 64(gelu) -> 256(relu) -> 128(relu) -> 128(silu) -> 256(gelu) -> 256 -> 32(gelu) -> 1,mse,adam_56,20,1024,360.4532,66392.2578125,10052.583984375,10052.5849609375,0.6910669803619385,0.7,193153
2026-09-14 16:21:47,multi_optuna_model.py,"(7620, 13)",90,Optuna_Trial_905,Dense 256 -> 256(relu) -> 256(relu) -> 64(gelu) -> 256(gelu) -> 256(relu) -> 256(gelu) -> 32(relu) -> 1,mse,adam_57,20,1024,345.9883,66682.546875,9906.18359375,9906.181640625,0.6955661773681641,0.7,308097
2026-09-14 16:22:39,multi_optuna_model.py,"(7620, 13)",90,Optuna_Trial_907,Dense 256 -> 256(silu) -> 256(silu) -> 32(relu) -> 128(gelu) -> 256(relu) -> 256 -> 32(gelu) -> 1,mse,adam_57,20,1024,346.5705,65554.8125,5588.11962890625,5588.1201171875,0.8282675743103027,0.7,254689
2026-09-14 16:22:51,multi_optuna_model.py,"(7620, 13)",90,Optuna_Trial_908,Dense 32 -> 64(gelu) -> 256(silu) -> 32(gelu) -> 32(gelu) -> 128 -> 256(gelu) -> 256(gelu) -> 1,mse,adam_55,20,1024,365.0933,68127.078125,14859.416015625,14859.4169921875,0.5433449745178223,0.7,131777
2026-09-14 16:22:54,multi_optuna_model.py,"(7620, 13)",90,Optuna_Trial_906,Dense 256 -> 256(silu) -> 256(relu) -> 32(gelu) -> 128 -> 256(silu) -> 256(gelu) -> 32(gelu) -> 1,mse,adam_58,20,1024,360.7349,66448.6953125,6414.0068359375,6414.00634765625,0.8028867244720459,0.7,254689
2026-09-14 16:23:35,multi_optuna_model.py,"(7620, 13)",90,Optuna_Trial_909,Dense 256 -> 256(gelu) -> 256(relu) -> 32(gelu) -> 64(gelu) -> 256(relu) -> 64(gelu) -> 256(gelu) -> 1,mse,adam_55,20,1024,337.4841,68111.140625,7872.60986328125,7872.60986328125,0.7580613493919373,0.7,195489
2026-09-14 16:24:14,multi_optuna_model.py,"(7620, 13)",90,Optuna_Trial_911,Dense 256 -> 256(gelu) -> 256(relu) -> 32(gelu) -> 128(gelu) -> 128 -> 32(relu) -> 32(gelu) -> 1,mse,adam_57,20,1024,323.5259,68154.1328125,5458.73828125,5458.7392578125,0.8322436809539795,0.7,169345
2026-09-14 16:24:20,multi_optuna_model.py,"(7620, 13)",90,Optuna_Trial_910,Dense 256 -> 256(relu) -> 256(relu) -> 32(gelu) -> 128(gelu) -> 128 -> 256(relu) -> 128 -> 1,mse,adam_57,20,1024,323.7762,63877.22265625,9499.8134765625,9499.8134765625,0.7080546021461487,0.7,230177
2026-09-14 16:24:47,multi_optuna_model.py,"(7620, 13)",90,Optuna_Trial_912,Dense 256 -> 256(gelu) -> 256(relu) -> 32(gelu) -> 256(silu) -> 128(gelu) -> 128(silu) -> 128 -> 1,mse,adam_58,20,1024,297.2043,67726.234375,3720.95556640625,3720.95556640625,0.8856487274169922,0.7,217889
2026-09-14 16:25:25,multi_optuna_model.py,"(7620, 13)",90,Optuna_Trial_913,Dense 256 -> 256(gelu) -> 64(silu) -> 32(gelu) -> 128(gelu) -> 256(relu) -> 128(silu) -> 256 -> 1,mse,adam_57,20,1024,269.7014,67430.7421875,6134.47802734375,6134.4775390625,0.8114770650863647,0.7,191329
2026-09-14 16:25:37,multi_optuna_model.py,"(7620, 13)",90,Optuna_Trial_916,Dense 256(relu) -> 64(relu) -> 256(relu) -> 32(gelu) -> 32(gelu) -> 64(relu) -> 256 -> 256 -> 1,mse,adam_57,20,1024,262.9801,67137.796875,12455.384765625,12455.3818359375,0.617224931716919,0.7,130753
2026-09-14 16:25:56,multi_optuna_model.py,"(7620, 13)",90,Optuna_Trial_914,Dense 256 -> 256(gelu) -> 256(gelu) -> 64(gelu) -> 128(silu) -> 256(relu) -> 256 -> 32(silu) -> 1,mse,adam_56,20,1024,279.8625,65858.25,6322.77197265625,6322.771484375,0.8056904673576355,0.7,267009
2026-09-14 16:26:14,multi_optuna_model.py,"(7620, 13)",90,Optuna_Trial_920,Dense 128 -> 256(gelu) -> 256(relu) -> 32(gelu) -> 128(relu) -> 256(relu) -> 64 -> 256 -> 1,mse,adam_57,20,1024,269.0107,67014.578125,3734.327880859375,3734.326904296875,0.8852378129959106,0.7,179425
2026-09-14 16:26:15,multi_optuna_model.py,"(7620, 13)",90,Optuna_Trial_915,Dense 256 -> 256(gelu) -> 256(silu) -> 32(silu) -> 128(gelu) -> 256 -> 256(gelu) -> 256(gelu) -> 1,mse,adam_55,20,1024,277.1667,66465.3046875,4917.587890625,4917.58837890625,0.8488741517066956,0.7,312481
2026-09-14 16:26:24,multi_optuna_model.py,"(7620, 13)",90,Optuna_Trial_917,Dense 128 -> 32(silu) -> 256(silu) -> 32(gelu) -> 128(gelu) -> 256 -> 256(gelu) -> 64(gelu) -> 1,mse,adam_56,20,1024,277.9395,68223.390625,12542.4853515625,12542.4814453125,0.6145482063293457,0.7,142145
2026-09-14 16:26:35,multi_optuna_model.py,"(7620, 13)",90,Optuna_Trial_918,Dense 256 -> 256(gelu) -> 256(relu) -> 128(gelu) -> 256(silu) -> 128(relu) -> 128(silu) -> 64 -> 1,mse,adam_58,20,1024,272.9889,65272.44921875,5121.7041015625,5121.7041015625,0.8426013588905334,0.7,258817
2026-09-14 16:26:40,multi_optuna_model.py,"(7620, 13)",90,Optuna_Trial_919,Dense 256(silu) -> 256(gelu) -> 64(relu) -> 256(gelu) -> 256(silu) -> 128(relu) -> 128(silu) -> 64 -> 1,mse,adam_55,20,1024,274.0444,67616.7265625,9594.6875,9594.6875,0.7051389813423157,0.7,225985
2026-09-14 16:27:13,multi_optuna_model.py,"(7620, 13)",90,Optuna_Trial_921,Dense 256 -> 256(gelu) -> 256(relu) -> 32(gelu) -> 256(gelu) -> 128(relu) -> 128(silu) -> 64 -> 1,mse,adam_58,20,1024,251.1927,67429.3984375,5916.1171875,5916.11767578125,0.8181877136230469,0.7,209569
2026-09-14 16:28:06,multi_optuna_model.py,"(7620, 13)",90,Optuna_Trial_924,Dense 256 -> 128(gelu) -> 64(relu) -> 32(gelu) -> 32(gelu) -> 64(relu) -> 256 -> 256 -> 1,mse,adam_59,20,1024,255.8153,67120.328125,6916.42236328125,6916.42333984375,0.7874466180801392,0.7,132673
2026-09-14 16:28:14,multi_optuna_model.py,"(7620, 13)",90,Optuna_Trial_922,Dense 256(relu) -> 256(silu) -> 256(relu) -> 64(gelu) -> 128(gelu) -> 256(relu) -> 256(gelu) -> 32(relu) -> 1,mse,adam_58,20,1024,262.0799,66834.5390625,13191.6201171875,13191.6201171875,0.5945991277694702,0.7,267009
2026-09-14 16:29:28,multi_optuna_model.py,"(7620, 13)",90,Optuna_Trial_923,Dense 256 -> 256 -> 256(silu) -> 32(gelu) -> 128(gelu) -> 256 -> 256(gelu) -> 256(gelu) -> 1,mse,adam_56,20,1024,270.9507,65223.42578125,6128.00390625,6128.0048828125,0.811676025390625,0.7,312481
2026-09-14 16:30:11,multi_optuna_model.py,"(7620, 13)",90,Optuna_Trial_925,Dense 256 -> 256(gelu) -> 256(relu) -> 32(gelu) -> 256(silu) -> 128(relu) -> 128(silu) -> 64(relu) -> 1,mse,adam_56,20,1024,244.274,67535.15625,4620.11962890625,4620.11962890625,0.8580158948898315,0.7,209569
2026-09-14 16:30:43,multi_optuna_model.py,"(7620, 13)",90,Optuna_Trial_927,Dense 32 -> 256(gelu) -> 128(relu) -> 32(gelu) -> 128(gelu) -> 256(relu) -> 64(silu) -> 64(silu) -> 1,mse,adam_58,20,1024,238.5282,68327.609375,10932.7431640625,10932.7392578125,0.6640182733535767,0.7,103841
2026-09-14 16:30:54,multi_optuna_model.py,"(7620, 13)",90,Optuna_Trial_926,Dense 256 -> 256(gelu) -> 64(relu) -> 32(gelu) -> 256(silu) -> 256(relu) -> 128(silu) -> 64 -> 1,mse,adam_58,20,1024,242.3171,67154.1484375,6763.21435546875,6763.2138671875,0.7921549081802368,0.7,203361
2026-09-14 16:31:28,multi_optuna_model.py,"(7620, 13)",90,Optuna_Trial_928,Dense 256(silu) -> 256(gelu) -> 256(gelu) -> 64(gelu) -> 128(gelu) -> 256(relu) -> 256(gelu) -> 64(relu) -> 1,mse,adam_59,20,1024,328.904,68134.21875,9397.060546875,9397.060546875,0.7112123966217041,0.7,275265
2026-09-14 16:32:04,multi_optuna_model.py,"(7620, 13)",90,Optuna_Trial_929,Dense 256 -> 256(silu) -> 256(silu) -> 32(gelu) -> 32(gelu) -> 256(silu) -> 256 -> 32(relu) -> 1,mse,adam_58,20,1024,324.1545,67469.953125,8143.87744140625,8143.87890625,0.7497248649597168,0.7,226945
2026-09-14 16:32:09,multi_optuna_model.py,"(7620, 13)",90,Optuna_Trial_930,Dense 256 -> 256(gelu) -> 256(gelu) -> 64(gelu) -> 128(gelu) -> 256(relu) -> 256(gelu) -> 32(relu) -> 1,mse,adam_58,20,1024,325.0722,67120.1875,4913.07275390625,4913.07275390625,0.8490129709243774,0.7,267009
2026-09-14 16:32:32,multi_optuna_model.py,"(7620, 13)",90,Optuna_Trial_931,Dense 256 -> 256(gelu) -> 64(silu) -> 32(gelu) -> 128(gelu) -> 256 -> 256(gelu) -> 256(gelu) -> 1,mse,adam_57,20,1024,331.4934,67013.09375,6031.7548828125,6031.7548828125,0.8146339654922485,0.7,256993
2026-09-14 16:32:43,multi_optuna_model.py,"(7620, 13)",90,Optuna_Trial_935,Dense 256 -> 64(relu) -> 256(relu) -> 32(gelu) -> 64(gelu) -> 64 -> 64 -> 256(silu) -> 1,mse,adam_59,20,1024,313.431,67864.7265625,13984.9716796875,13984.9736328125,0.5702181458473206,0.7,72225
2026-09-14 16:32:45,multi_optuna_model.py,"(7620, 13)",90,Optuna_Trial_933,Dense 256 -> 64(gelu) -> 256(relu) -> 64(gelu) -> 32(gelu) -> 256(relu) -> 256 -> 256 -> 1,mse,adam_56,20,1024,332.6412,65590.4140625,9046.8193359375,9046.8203125,0.7219759225845337,0.7,195489
2026-09-14 16:32:46,multi_optuna_model.py,"(7620, 13)",90,Optuna_Trial_934,Dense 256 -> 256(gelu) -> 32(relu) -> 32(gelu) -> 256(silu) -> 128(silu) -> 128(silu) -> 64 -> 1,mse,adam_57,20,1024,307.7316,67941.1328125,10188.365234375,10188.36328125,0.6868942975997925,0.7,144833
2026-09-14 16:32:54,multi_optuna_model.py,"(7620, 13)",90,Optuna_Trial_932,Dense 64 -> 256(gelu) -> 256(relu) -> 32(gelu) -> 128(gelu) -> 256(relu) -> 64(silu) -> 256(relu) -> 1,mse,adam_58,20,1024,337.6244,68126.9765625,7478.869140625,7478.8701171875,0.7701616883277893,0.7,162145
2026-09-14 16:33:18,multi_optuna_model.py,"(7620, 13)",90,Optuna_Trial_936,Dense 256 -> 128(gelu) -> 256(silu) -> 32(gelu) -> 128(gelu) -> 64 -> 256(gelu) -> 256(gelu) -> 1,mse,adam_56,20,1024,329.5766,68178.671875,8747.7412109375,8747.7421875,0.7311670780181885,0.7,172897
2026-09-14 16:33:35,multi_optuna_model.py,"(7620, 13)",90,Optuna_Trial_937,Dense 256 -> 256(gelu) -> 256(relu) -> 32(silu) -> 128(gelu) -> 256 -> 128(silu) -> 128(relu) -> 1,mse,adam_59,20,1024,309.9418,67422.640625,7076.64013671875,7076.638671875,0.7825227975845337,0.7,230177
2026-09-14 16:34:25,multi_optuna_model.py,"(7620, 13)",90,Optuna_Trial_940,Dense 256 -> 256(gelu) -> 32(relu) -> 32(gelu) -> 32(silu) -> 128(relu) -> 128(relu) -> 64 -> 1,mse,adam_57,20,1024,211.0108,68000.5859375,8297.6708984375,8297.6689453125,0.7449985146522522,0.7,108769
2026-09-14 16:34:26,multi_optuna_model.py,"(7620, 13)",90,Optuna_Trial_938,Dense 256 -> 256(gelu) -> 256(silu) -> 32(gelu) -> 32(gelu) -> 256(relu) -> 32(gelu) -> 256(gelu) -> 1,mse,adam_60,20,1024,317.6425,68383.625,10240.2041015625,10240.203125,0.6853011846542358,0.7,169825
2026-09-14 16:34:27,multi_optuna_model.py,"(7620, 13)",90,Optuna_Trial_939,Dense 64(silu) -> 256(gelu) -> 256(relu) -> 64(gelu) -> 128(gelu) -> 256(relu) -> 256(relu) -> 32(relu) -> 1,mse,adam_59,20,1024,309.9196,68260.3828125,11216.5546875,11216.5537109375,0.6552962064743042,0.7,215169
2026-09-14 16:35:17,multi_optuna_model.py,"(7620, 13)",90,Optuna_Trial_941,Dense 256(relu) -> 256(silu) -> 256(relu) -> 256(gelu) -> 32(gelu) -> 256(gelu) -> 256 -> 32(gelu) -> 1,mse,adam_57,20,1024,230.1072,65561.8046875,13074.189453125,13074.189453125,0.598207950592041,0.7,291681
2026-09-14 16:35:26,multi_optuna_model.py,"(7620, 13)",90,Optuna_Trial_943,Dense 256 -> 256(gelu) -> 128(relu) -> 32(silu) -> 128(gelu) -> 128 -> 64(silu) -> 128 -> 1,mse,adam_59,20,1024,205.1002,67593.453125,4639.3154296875,4639.31591796875,0.8574259877204895,0.7,143841
2026-09-14 16:35:38,multi_optuna_model.py,"(7620, 13)",90,Optuna_Trial_942,Dense 64 -> 256(gelu) -> 256(relu) -> 32(silu) -> 128(silu) -> 256(relu) -> 256 -> 32(gelu) -> 1,mse,adam_59,20,1024,227.8856,67135.65625,9961.6103515625,9961.609375,0.6938628554344177,0.7,202849
2026-09-14 16:36:14,multi_optuna_model.py,"(7620, 13)",90,Optuna_Trial_944,Dense 256 -> 256(gelu) -> 256(relu) -> 32(silu) -> 32(gelu) -> 256(relu) -> 128(silu) -> 128 -> 1,mse,adam_60,20,1024,215.3865,66583.3828125,4993.16162109375,4993.162109375,0.8465516567230225,0.7,202433
2026-09-14 16:37:01,multi_optuna_model.py,"(7620, 13)",90,Optuna_Trial_946,Dense 256 -> 128(gelu) -> 256(relu) -> 32(gelu) -> 64(gelu) -> 256(relu) -> 256 -> 256(relu) -> 1,mse,adam_59,20,1024,233.4644,66767.9765625,8183.123046875,8183.12060546875,0.748518705368042,0.7,228321
2026-09-14 16:37:09,multi_optuna_model.py,"(7620, 13)",90,Optuna_Trial_945,Dense 128 -> 256(gelu) -> 256(silu) -> 32(gelu) -> 128(gelu) -> 256 -> 256(gelu) -> 256(relu) -> 1,mse,adam_59,20,1024,234.4643,67004.09375,8638.9267578125,8638.92578125,0.734511137008667,0.7,277921
2026-09-14 16:37:18,multi_optuna_model.py,"(7620, 13)",90,Optuna_Trial_947,Dense 256 -> 64(gelu) -> 256(relu) -> 32(gelu) -> 64 -> 128(relu) -> 128(silu) -> 256(silu) -> 1,mse,adam_58,20,1024,219.0999,67977.5546875,9970.0302734375,9970.0322265625,0.6936039924621582,0.7,105121
2026-09-14 16:37:47,multi_optuna_model.py,"(7620, 13)",90,Optuna_Trial_948,Dense 256(gelu) -> 256(gelu) -> 256(relu) -> 32 -> 64(gelu) -> 256(relu) -> 256 -> 32(gelu) -> 1,mse,adam_60,20,1024,237.6548,67136.640625,10723.31640625,10723.3173828125,0.6704542636871338,0.7,236193
2026-09-14 16:38:03,multi_optuna_model.py,"(7620, 13)",90,Optuna_Trial_950,Dense 256 -> 128(silu) -> 256(silu) -> 32(gelu) -> 64(gelu) -> 256(relu) -> 256 -> 32(relu) -> 1,mse,adam_58,20,1024,244.9726,68052.578125,8436.7392578125,8436.7373046875,0.7407246828079224,0.7,170529
2026-09-14 16:38:06,multi_optuna_model.py,"(7620, 13)",90,Optuna_Trial_949,Dense 256 -> 256(silu) -> 256(relu) -> 64(gelu) -> 128(relu) -> 256(gelu) -> 256(silu) -> 32(gelu) -> 1,mse,adam_57,20,1024,243.1834,66823.296875,5874.2333984375,5874.23193359375,0.8194748163223267,0.7,267009
2026-09-14 16:38:18,multi_optuna_model.py,"(7620, 13)",90,Optuna_Trial_951,Dense 256 -> 256(silu) -> 128(relu) -> 32(gelu) -> 256(gelu) -> 256(silu) -> 256 -> 32(gelu) -> 1,mse,adam_59,20,1024,247.8559,66609.8359375,4432.9921875,4432.99267578125,0.863766610622406,0.7,254689
2026-09-14 16:38:32,multi_optuna_model.py,"(7620, 13)",90,Optuna_Trial_952,Dense 256 -> 256(gelu) -> 256(relu) -> 32(gelu) -> 256(relu) -> 128(relu) -> 128(gelu) -> 256(gelu) -> 1,mse,adam_57,20,1024,244.0753,67317.5390625,2476.97412109375,2476.974365234375,0.9238783717155457,0.7,234529
2026-09-14 16:38:39,multi_optuna_model.py,"(7620, 13)",90,Optuna_Trial_953,Dense 256(gelu) -> 256(gelu) -> 32(silu) -> 32(gelu) -> 128(relu) -> 256 -> 256(gelu) -> 256(gelu) -> 1,mse,adam_60,20,1024,235.694,67751.640625,7923.001953125,7923.00244140625,0.7565127015113831,0.7,247745
2026-09-14 16:39:24,multi_optuna_model.py,"(7620, 13)",90,Optuna_Trial_955,Dense 256 -> 32(gelu) -> 256(relu) -> 256(gelu) -> 256(relu) -> 128 -> 128(silu) -> 256 -> 1,mse,adam_61,20,1024,222.9979,64252.73046875,8279.4716796875,8279.4736328125,0.7455577850341797,0.7,234529
2026-09-14 16:39:28,multi_optuna_model.py,"(7620, 13)",90,Optuna_Trial_954,Dense 256 -> 256(gelu) -> 128(gelu) -> 64(gelu) -> 128(gelu) -> 128 -> 256(silu) -> 128(gelu) -> 1,mse,adam_58,20,1024,227.1205,67461.7734375,4191.42236328125,4191.42236328125,0.8711904883384705,0.7,201409
2026-09-14 16:39:33,multi_optuna_model.py,"(7620, 13)",90,Optuna_Trial_956,Dense 256 -> 64(silu) -> 256(gelu) -> 64(gelu) -> 256 -> 256(relu) -> 256 -> 64(gelu) -> 1,mse,adam_60,20,1024,239.4579,66073.6484375,6873.35498046875,6873.35400390625,0.7887701392173767,0.7,217857
2026-09-14 16:40:21,multi_optuna_model.py,"(7620, 13)",90,Optuna_Trial_957,Dense 256 -> 128(gelu) -> 256 -> 64(gelu) -> 256(silu) -> 128(relu) -> 128(silu) -> 64 -> 1,mse,adam_58,20,1024,231.3305,67019.578125,2885.801513671875,2885.80078125,0.9113144278526306,0.7,160321
2026-09-14 16:40:26,multi_optuna_model.py,"(7620, 13)",90,Optuna_Trial_959,Dense 256 -> 256(gelu) -> 256(silu) -> 32(gelu) -> 256(gelu) -> 32 -> 32(gelu) -> 256(gelu) -> 1,mse,adam_60,20,1024,222.3366,68113.359375,8429.4111328125,8429.412109375,0.7409498691558838,0.7,169825
2026-09-14 16:40:30,multi_optuna_model.py,"(7620, 13)",90,Optuna_Trial_958,Dense 256 -> 256(gelu) -> 256(silu) -> 64(gelu) -> 64(gelu) -> 256 -> 256(relu) -> 256(gelu) -> 1,mse,adam_60,20,1024,229.1344,66568.8359375,5780.56884765625,5780.56884765625,0.8223533630371094,0.7,304257
2026-09-14 16:41:15,multi_optuna_model.py,"(7620, 13)",90,Optuna_Trial_960,Dense 256 -> 256(gelu) -> 256(silu) -> 64(gelu) -> 256 -> 64(relu) -> 128(silu) -> 256 -> 1,mse,adam_61,20,1024,225.0258,66254.0,6828.68603515625,6828.68505859375,0.7901428937911987,0.7,226305
2026-09-14 16:41:41,multi_optuna_model.py,"(7620, 13)",90,Optuna_Trial_961,Dense 32 -> 256(gelu) -> 256(silu) -> 32(relu) -> 256(silu) -> 128(relu) -> 128(silu) -> 64 -> 1,mse,adam_60,20,1024,204.2014,67336.5234375,12585.71484375,12585.71484375,0.6132196187973022,0.7,149089
2026-09-14 16:42:03,multi_optuna_model.py,"(7620, 13)",90,Optuna_Trial_962,Dense 256 -> 256(silu) -> 256(relu) -> 32(silu) -> 256(silu) -> 128(relu) -> 128 -> 64 -> 1,mse,adam_60,20,1024,213.2695,65152.33203125,7767.275390625,7767.2744140625,0.7612984776496887,0.7,209569
2026-09-14 16:42:52,multi_optuna_model.py,"(7620, 13)",90,Optuna_Trial_964,Dense 32 -> 256(gelu) -> 64(relu) -> 32(gelu) -> 128(gelu) -> 256(gelu) -> 128(silu) -> 128 -> 1,mse,adam_61,20,1024,240.1926,67958.0,10965.87109375,10965.8701171875,0.6630001664161682,0.7,114209
2026-09-14 16:42:55,multi_optuna_model.py,"(7620, 13)",90,Optuna_Trial_963,Dense 256(silu) -> 64(silu) -> 256(relu) -> 32(gelu) -> 128(gelu) -> 256(relu) -> 128(silu) -> 256 -> 1,mse,adam_59,20,1024,259.9271,68058.515625,10717.6240234375,10717.6240234375,0.6706292629241943,0.7,148321
2026-09-14 16:43:12,multi_optuna_model.py,"(7620, 13)",90,Optuna_Trial_966,Dense 64 -> 256(gelu) -> 256(relu) -> 64(silu) -> 64(gelu) -> 256(relu) -> 256 -> 32(relu) -> 1,mse,adam_58,20,1024,240.1261,66893.2578125,8512.392578125,8512.3916015625,0.7383997440338135,0.7,194625
2026-09-14 16:43:30,multi_optuna_model.py,"(7620, 13)",90,Optuna_Trial_965,Dense 256(gelu) -> 64(gelu) -> 256(relu) -> 64(gelu) -> 128(silu) -> 256(silu) -> 256 -> 32(gelu) -> 1,mse,adam_59,20,1024,249.0918,67902.3984375,10961.71875,10961.7197265625,0.6631278395652771,0.7,168513
2026-09-14 16:43:46,multi_optuna_model.py,"(7620, 13)",90,Optuna_Trial_967,Dense 256 -> 256(gelu) -> 256(silu) -> 32(gelu) -> 128 -> 256 -> 256(gelu) -> 256(silu) -> 1,mse,adam_60,20,1024,246.9084,66165.15625,4120.8408203125,4120.84033203125,0.8733595609664917,0.7,312481
2026-09-14 16:43:51,multi_optuna_model.py,"(7620, 13)",90,Optuna_Trial_969,Dense 256 -> 128(gelu) -> 256(relu) -> 64(gelu) -> 128(silu) -> 256(relu) -> 256 -> 32 -> 1,mse,adam_61,20,1024,238.9869,65594.640625,4090.587158203125,4090.5869140625,0.874289333820343,0.7,201345
2026-09-14 16:43:59,multi_optuna_model.py,"(7620, 13)",90,Optuna_Trial_968,Dense 256 -> 256(silu) -> 256(silu) -> 64 -> 256 -> 256(relu) -> 256(gelu) -> 64(gelu) -> 1,mse,adam_58,20,1024,246.9902,63224.00390625,9217.0732421875,9217.0732421875,0.7167437076568604,0.7,316353
2026-09-14 16:44:15,multi_optuna_model.py,"(7620, 13)",90,Optuna_Trial_971,Dense 256 -> 256(gelu) -> 256(relu) -> 32(gelu) -> 64(relu) -> 128(relu) -> 128 -> 256(gelu) -> 1,mse,adam_59,20,1024,224.5631,67316.625,6609.392578125,6609.3935546875,0.796882152557373,0.7,203617
2026-09-14 16:44:45,multi_optuna_model.py,"(7620, 13)",90,Optuna_Trial_970,Dense 256 -> 256(gelu) -> 256(relu) -> 32(gelu) -> 256(relu) -> 128(relu) -> 128(gelu) -> 256(silu) -> 1,mse,adam_62,20,1024,241.9688,67661.1875,5107.27001953125,5107.271484375,0.8430449366569519,0.7,234529
2026-09-14 16:44:47,multi_optuna_model.py,"(7620, 13)",90,Optuna_Trial_972,Dense 256 -> 256(gelu) -> 256(relu) -> 64(gelu) -> 64(silu) -> 256(gelu) -> 128(relu) -> 32(gelu) -> 1,mse,adam_61,20,1024,241.6494,67845.7890625,6329.998046875,6329.998046875,0.8054684400558472,0.7,209473
2026-09-14 16:45:29,multi_optuna_model.py,"(7620, 13)",90,Optuna_Trial_973,Dense 256 -> 256(gelu) -> 256 -> 32(gelu) -> 256(silu) -> 128(relu) -> 128 -> 64 -> 1,mse,adam_59,20,1024,235.227,64817.8046875,3021.934814453125,3021.93505859375,0.9071308374404907,0.7,209569
2026-09-14 16:45:56,multi_optuna_model.py,"(7620, 13)",90,Optuna_Trial_975,Dense 256 -> 256(gelu) -> 256(silu) -> 32(gelu) -> 32(gelu) -> 256(gelu) -> 256(gelu) -> 64(relu) -> 1,mse,adam_61,20,1024,253.5369,68234.6484375,9524.0419921875,9524.0419921875,0.7073100805282593,0.7,235201
2026-09-14 16:46:09,multi_optuna_model.py,"(7620, 13)",90,Optuna_Trial_974,Dense 256 -> 128(gelu) -> 256 -> 64(gelu) -> 256(silu) -> 128(relu) -> 128(silu) -> 64 -> 1,mse,adam_61,20,1024,261.0115,66713.7890625,6658.60888671875,6658.607421875,0.7953696250915527,0.7,160321
2026-09-14 16:46:23,multi_optuna_model.py,"(7620, 13)",90,Optuna_Trial_976,Dense 256 -> 128(gelu) -> 256(relu) -> 32(gelu) -> 32(relu) -> 128(relu) -> 128(gelu) -> 256(gelu) -> 1,mse,adam_62,20,1024,242.7382,68088.015625,8518.6796875,8518.6806640625,0.7382065057754517,0.7,132801
2026-09-14 16:47:11,multi_optuna_model.py,"(7620, 13)",90,Optuna_Trial_977,Dense 256 -> 256(gelu) -> 128(relu) -> 32(gelu) -> 256(relu) -> 256(relu) -> 128(gelu) -> 256(gelu) -> 1,mse,adam_61,20,1024,256.0693,67404.734375,6951.7548828125,6951.7548828125,0.7863607406616211,0.7,246817
2026-09-14 16:47:15,multi_optuna_model.py,"(7620, 13)",90,Optuna_Trial_978,Dense 256 -> 64(gelu) -> 32(relu) -> 32(gelu) -> 256(relu) -> 128(relu) -> 128(gelu) -> 256(gelu) -> 1,mse,adam_61,20,1024,247.4884,68051.015625,10308.34375,10308.34375,0.683207094669342,0.7,114305
2026-09-14 16:48:21,multi_optuna_model.py,"(7620, 13)",90,Optuna_Trial_979,Dense 32 -> 256(gelu) -> 256(silu) -> 32(gelu) -> 64(gelu) -> 256 -> 256(gelu) -> 64(gelu) -> 1,mse,adam_62,20,1024,260.2031,67839.1015625,7772.8271484375,7772.828125,0.7611278295516968,0.7,183969
2026-09-14 16:48:25,multi_optuna_model.py,"(7620, 13)",90,Optuna_Trial_980,Dense 256 -> 32(silu) -> 256(relu) -> 32(gelu) -> 32(gelu) -> 256(silu) -> 256 -> 32(gelu) -> 1,mse,adam_60,20,1024,260.1148,68261.1015625,8064.55224609375,8064.5546875,0.7521626353263855,0.7,112033
2026-09-14 16:48:55,multi_optuna_model.py,"(7620, 13)",90,Optuna_Trial_981,Dense 256 -> 256(gelu) -> 256(silu) -> 32(silu) -> 256(relu) -> 128(relu) -> 128(gelu) -> 256(gelu) -> 1,mse,adam_59,20,1024,263.0005,67921.421875,9906.880859375,9906.87890625,0.6955447196960449,0.7,234529
2026-09-14 16:49:13,multi_optuna_model.py,"(7620, 13)",90,Optuna_Trial_982,Dense 256 -> 256(relu) -> 256(relu) -> 32(gelu) -> 128(gelu) -> 128(relu) -> 128(silu) -> 256(silu) -> 1,mse,adam_60,20,1024,264.881,67118.6796875,11782.5576171875,11782.560546875,0.637902021408081,0.7,213921
2026-09-14 16:49:31,multi_optuna_model.py,"(7620, 13)",90,Optuna_Trial_983,Dense 256(gelu) -> 64(gelu) -> 256(silu) -> 32(gelu) -> 32(gelu) -> 256 -> 256(gelu) -> 256(gelu) -> 1,mse,adam_61,20,1024,277.9073,68214.6640625,11091.51953125,11091.51953125,0.6591387987136841,0.7,186241
2026-09-14 16:49:33,multi_optuna_model.py,"(7620, 13)",90,Optuna_Trial_984,Dense 256(silu) -> 256(gelu) -> 256(gelu) -> 32(gelu) -> 256(silu) -> 128(relu) -> 128(silu) -> 64 -> 1,mse,adam_62,20,1024,256.2807,68227.984375,11287.625,11287.6240234375,0.6531121134757996,0.7,209569
2026-09-14 16:49:59,multi_optuna_model.py,"(7620, 13)",90,Optuna_Trial_986,Dense 64 -> 256 -> 256(relu) -> 64(gelu) -> 128(silu) -> 256(gelu) -> 256 -> 64(gelu) -> 1,mse,adam_60,20,1024,270.922,64840.26953125,4238.37109375,4238.37158203125,0.8697476387023926,0.7,223425
2026-09-14 16:50:07,multi_optuna_model.py,"(7620, 13)",90,Optuna_Trial_985,Dense 256(silu) -> 256(gelu) -> 256(silu) -> 256(gelu) -> 128(gelu) -> 256 -> 256(gelu) -> 256(gelu) -> 1,mse,adam_59,20,1024,281.6314,66765.421875,9344.8623046875,9344.8623046875,0.7128165364265442,0.7,398721
2026-09-14 16:50:37,multi_optuna_model.py,"(7620, 13)",90,Optuna_Trial_988,Dense 256 -> 256(gelu) -> 128(silu) -> 32(gelu) -> 128(silu) -> 256 -> 256(gelu) -> 64(gelu) -> 1,mse,adam_62,20,1024,275.8537,67601.3671875,4414.6787109375,4414.677734375,0.86432945728302,0.7,225953
2026-09-14 16:50:38,multi_optuna_model.py,"(7620, 13)",90,Optuna_Trial_987,Dense 256(gelu) -> 256(gelu) -> 256(silu) -> 32(gelu) -> 128(gelu) -> 256 -> 256 -> 256(gelu) -> 1,mse,adam_63,20,1024,283.0973,66741.734375,9607.966796875,9607.9677734375,0.7047308683395386,0.7,312481
2026-09-14 16:50:47,multi_optuna_model.py,"(7620, 13)",90,Optuna_Trial_989,Dense 128 -> 256(gelu) -> 256(relu) -> 128 -> 128(gelu) -> 256(relu) -> 128(silu) -> 64(silu) -> 1,mse,adam_60,20,1024,257.1276,66064.6015625,10086.4599609375,10086.4609375,0.6900259256362915,0.7,224257
2026-09-14 16:50:51,multi_optuna_model.py,"(7620, 13)",90,Optuna_Trial_990,Dense 256 -> 256(gelu) -> 256 -> 32(gelu) -> 256(silu) -> 128(relu) -> 128 -> 64 -> 1,mse,adam_62,20,1024,235.965,64142.515625,6287.0068359375,6287.0048828125,0.8067896366119385,0.7,209569
2026-09-14 16:51:13,multi_optuna_model.py,"(7620, 13)",90,Optuna_Trial_991,Dense 256 -> 128(gelu) -> 256 -> 128(gelu) -> 64(silu) -> 256(relu) -> 128(silu) -> 64 -> 1,mse,adam_62,20,1024,251.5666,66622.4140625,9301.9716796875,9301.9716796875,0.714134693145752,0.7,168513
2026-09-14 16:51:15,multi_optuna_model.py,"(7620, 13)",90,Optuna_Trial_992,Dense 256 -> 256(gelu) -> 256(relu) -> 32(silu) -> 64(relu) -> 256(relu) -> 64 -> 256 -> 1,mse,adam_63,20,1024,250.3842,66497.671875,7029.64599609375,7029.6455078125,0.7839670181274414,0.7,195489
2026-09-14 16:51:19,multi_optuna_model.py,"(7620, 13)",90,Optuna_Trial_993,Dense 256 -> 256 -> 128(relu) -> 64(gelu) -> 128(gelu) -> 128(relu) -> 128(gelu) -> 32(relu) -> 1,mse,adam_62,20,1024,209.5441,67490.4375,8532.2646484375,8532.263671875,0.7377890348434448,0.7,156033
2026-09-14 16:51:25,multi_optuna_model.py,"(7620, 13)",90,Optuna_Trial_994,Dense 256 -> 256(gelu) -> 256 -> 256(gelu) -> 256(relu) -> 128(relu) -> 128 -> 64(relu) -> 1,mse,adam_62,20,1024,212.5893,62806.30859375,7984.9306640625,7984.9326171875,0.7546095252037048,0.7,324481
2026-09-14 16:51:47,multi_optuna_model.py,"(7620, 13)",90,Optuna_Trial_995,Dense 256 -> 64(silu) -> 256(relu) -> 32(relu) -> 64(gelu) -> 256(relu) -> 64 -> 256 -> 1,mse,adam_63,20,1024,187.289,67686.375,9765.9013671875,9765.90234375,0.6998772621154785,0.7,96993
2026-09-14 16:51:50,multi_optuna_model.py,"(7620, 13)",90,Optuna_Trial_996,Dense 256(gelu) -> 256(gelu) -> 256(relu) -> 32(gelu) -> 256(silu) -> 128(relu) -> 128(silu) -> 32 -> 1,mse,adam_61,20,1024,181.4952,67942.9765625,9280.54296875,9280.544921875,0.7147931456565857,0.7,205409
2026-09-14 16:51:53,multi_optuna_model.py,"(7620, 13)",90,Optuna_Trial_997,Dense 256 -> 256(silu) -> 128(relu) -> 32(gelu) -> 64(gelu) -> 256(relu) -> 128(silu) -> 64(silu) -> 1,mse,adam_60,20,1024,161.8941,67713.171875,6069.638671875,6069.6376953125,0.8134697079658508,0.7,166369
2026-09-14 16:51:54,multi_optuna_model.py,"(7620, 13)",90,Optuna_Trial_998,Dense 256(gelu) -> 256(gelu) -> 256(relu) -> 32(gelu) -> 64(gelu) -> 256(gelu) -> 128(silu) -> 64(silu) -> 1,mse,adam_61,20,1024,150.8906,68362.484375,10997.1025390625,10997.103515625,0.6620403528213501,0.7,203361
2026-09-14 16:51:55,multi_optuna_model.py,"(7620, 13)",90,Optuna_Trial_999,Dense 256 -> 256(gelu) -> 256(relu) -> 256(relu) -> 256(silu) -> 128(relu) -> 128(silu) -> 128 -> 1,mse,adam_62,20,1024,132.939,63389.9609375,9424.7333984375,9424.7333984375,0.7103619575500488,0.7,332801
