time,pyfile,data_shape,random_num,model,model_structure,loss,optimizer,epochs,batch_size,train_second,first_loss,last_loss,test_loss,r2_score,train_ration,total_params
2026-09-08 16:28:39,multi_repeat_random_states.py,"(140000, 200)",168,sequential,Dense 128 -> 32 -> 64(relu) -> 128(relu) -> 64(relu) -> 64 -> 32 -> 1(sigmoid),binary_crossentropy,adam,41,256,68.0389,0.30595800280570984,0.2007780820131302,"[0.24154263734817505, 0.9112833142280579]",0.9112833333333333,0.7,54817
2026-09-08 16:28:39,multi_repeat_random_states.py,"(140000, 200)",0,sequential,Dense 128 -> 32 -> 64(relu) -> 128(relu) -> 64(relu) -> 64 -> 32 -> 1(sigmoid),binary_crossentropy,adam,40,256,67.1583,0.31212055683135986,0.20148752629756927,"[0.24976390600204468, 0.9085833430290222]",0.9085833333333333,0.7,54817
2026-09-08 16:28:41,multi_repeat_random_states.py,"(140000, 200)",84,sequential,Dense 128 -> 32 -> 64(relu) -> 128(relu) -> 64(relu) -> 64 -> 32 -> 1(sigmoid),binary_crossentropy,adam,45,256,70.5901,0.3022126257419586,0.1971382200717926,"[0.24518780410289764, 0.9087499976158142]",0.90875,0.7,54817
2026-09-08 16:29:08,multi_repeat_random_states.py,"(140000, 200)",0,sequential,Dense 128 -> 32 -> 64(relu) -> 128(relu) -> 64(relu) -> 64 -> 32 -> 1(sigmoid),binary_crossentropy,adam,31,256,25.9273,0.2418714016675949,0.20095427334308624,"[0.2488154023885727, 0.9082833528518677]",0.9082833333333333,0.7,54817
2026-09-08 16:29:09,multi_repeat_random_states.py,"(140000, 200)",168,sequential,Dense 128 -> 32 -> 64(relu) -> 128(relu) -> 64(relu) -> 64 -> 32 -> 1(sigmoid),binary_crossentropy,adam,34,256,27.851,0.23828576505184174,0.19543327391147614,"[0.243193119764328, 0.9108999967575073]",0.9109,0.7,54817
2026-09-08 16:29:12,multi_repeat_random_states.py,"(140000, 200)",84,sequential,Dense 128 -> 32 -> 64(relu) -> 128(relu) -> 64(relu) -> 64 -> 32 -> 1(sigmoid),binary_crossentropy,adam,34,256,27.9002,0.2324410378932953,0.19149479269981384,"[0.2475753277540207, 0.9085999727249146]",0.9086,0.7,54817
2026-09-08 16:29:40,multi_repeat_random_states.py,"(140000, 200)",84,sequential,Dense 128 -> 32 -> 64(relu) -> 128(relu) -> 64(relu) -> 64 -> 32 -> 1(sigmoid),binary_crossentropy,adam,33,256,25.6159,0.22528912127017975,0.18894337117671967,"[0.2515939772129059, 0.9069166779518127]",0.9069166666666667,0.7,54817
2026-09-08 16:29:41,multi_repeat_random_states.py,"(140000, 200)",168,sequential,Dense 128 -> 32 -> 64(relu) -> 128(relu) -> 64(relu) -> 64 -> 32 -> 1(sigmoid),binary_crossentropy,adam,37,256,28.8985,0.23055988550186157,0.18678471446037292,"[0.2432287633419037, 0.9103000164031982]",0.9103,0.7,54817
2026-09-08 16:29:43,multi_repeat_random_states.py,"(140000, 200)",0,sequential,Dense 128 -> 32 -> 64(relu) -> 128(relu) -> 64(relu) -> 64 -> 32 -> 1(sigmoid),binary_crossentropy,adam,39,256,32.7768,0.23944729566574097,0.18917621672153473,"[0.24928386509418488, 0.9078166484832764]",0.9078166666666667,0.7,54817
2026-09-08 16:31:11,multi_repeat_random_states.py,"(140000, 200)",0,sequential,Dense 128 -> 32 -> 64(relu) -> 128(relu) -> 64(relu) -> 64 -> 32 -> 1(sigmoid),binary_crossentropy,adam,37,256,35.2017,0.3141202926635742,0.21016034483909607,"[0.24489757418632507, 0.9112499952316284]",0.91125,0.7,54817
2026-09-08 16:31:14,multi_repeat_random_states.py,"(140000, 200)",168,sequential,Dense 128 -> 32 -> 64(relu) -> 128(relu) -> 64(relu) -> 64 -> 32 -> 1(sigmoid),binary_crossentropy,adam,40,256,38.0598,0.32793304324150085,0.20928002893924713,"[0.2447279989719391, 0.9108499884605408]",0.91085,0.7,54817
2026-09-08 16:31:15,multi_repeat_random_states.py,"(140000, 200)",84,sequential,Dense 128 -> 32 -> 64(relu) -> 128(relu) -> 64(relu) -> 64 -> 32 -> 1(sigmoid),binary_crossentropy,adam,41,256,39.4246,0.31055399775505066,0.20189844071865082,"[0.24537278711795807, 0.9092666506767273]",0.9092666666666667,0.7,54817
2026-09-08 16:31:45,multi_repeat_random_states.py,"(140000, 200)",0,sequential,Dense 128 -> 32 -> 64(relu) -> 128(relu) -> 64(relu) -> 64 -> 32 -> 1(sigmoid),binary_crossentropy,adam,33,256,30.8306,0.2493123561143875,0.20571984350681305,"[0.24336029589176178, 0.9111499786376953]",0.91115,0.7,54817
2026-09-08 16:31:48,multi_repeat_random_states.py,"(140000, 200)",84,sequential,Dense 128 -> 32 -> 64(relu) -> 128(relu) -> 64(relu) -> 64 -> 32 -> 1(sigmoid),binary_crossentropy,adam,32,256,29.8649,0.24043850600719452,0.19720615446567535,"[0.24574939906597137, 0.910016655921936]",0.9100166666666667,0.7,54817
2026-09-08 16:31:52,multi_repeat_random_states.py,"(140000, 200)",168,sequential,Dense 128 -> 32 -> 64(relu) -> 128(relu) -> 64(relu) -> 64 -> 32 -> 1(sigmoid),binary_crossentropy,adam,38,256,35.0836,0.24504244327545166,0.1998974084854126,"[0.24356216192245483, 0.9106666445732117]",0.9106666666666666,0.7,54817
2026-09-08 16:32:23,multi_repeat_random_states.py,"(140000, 200)",84,sequential,Dense 128 -> 32 -> 64(relu) -> 128(relu) -> 64(relu) -> 64 -> 32 -> 1(sigmoid),binary_crossentropy,adam,34,256,32.4556,0.2365918904542923,0.19113756716251373,"[0.24821485579013824, 0.9088500142097473]",0.90885,0.7,54817
2026-09-08 16:32:24,multi_repeat_random_states.py,"(140000, 200)",0,sequential,Dense 128 -> 32 -> 64(relu) -> 128(relu) -> 64(relu) -> 64 -> 32 -> 1(sigmoid),binary_crossentropy,adam,38,256,36.3007,0.24158520996570587,0.19332629442214966,"[0.24513740837574005, 0.9085500240325928]",0.90855,0.7,54817
2026-09-08 16:32:25,multi_repeat_random_states.py,"(140000, 200)",168,sequential,Dense 128 -> 32 -> 64(relu) -> 128(relu) -> 64(relu) -> 64 -> 32 -> 1(sigmoid),binary_crossentropy,adam,32,256,30.7206,0.23240724205970764,0.19665782153606415,"[0.24686095118522644, 0.9094499945640564]",0.90945,0.7,54817
2026-09-08 16:33:40,multi_repeat_random_states.py,"(140000, 200)",85,sequential_1,Dense 128 -> 32 -> 64(relu) -> 128(relu) -> 64(relu) -> 64 -> 32 -> 1(sigmoid),binary_crossentropy,adam_1,39,256,72.9783,0.30280837416648865,0.20270352065563202,"[0.24329298734664917, 0.9103833436965942]",0.9103833333333333,0.7,54817
2026-09-08 16:33:40,multi_repeat_random_states.py,"(140000, 200)",1,sequential_1,Dense 128 -> 32 -> 64(relu) -> 128(relu) -> 64(relu) -> 64 -> 32 -> 1(sigmoid),binary_crossentropy,adam_1,39,256,72.8662,0.29955700039863586,0.20597262680530548,"[0.2445259392261505, 0.9098833203315735]",0.9098833333333334,0.7,54817
2026-09-08 16:33:49,multi_repeat_random_states.py,"(140000, 200)",169,sequential_1,Dense 128 -> 32 -> 64(relu) -> 128(relu) -> 64(relu) -> 64 -> 32 -> 1(sigmoid),binary_crossentropy,adam_1,47,256,80.0161,0.31452956795692444,0.2006402164697647,"[0.24396751821041107, 0.9104333519935608]",0.9104333333333333,0.7,54817
2026-09-08 16:34:14,multi_repeat_random_states.py,"(140000, 200)",1,sequential_1,Dense 128 -> 32 -> 64(relu) -> 128(relu) -> 64(relu) -> 64 -> 32 -> 1(sigmoid),binary_crossentropy,adam_1,32,256,30.7528,0.24297623336315155,0.20289897918701172,"[0.24574679136276245, 0.9092833399772644]",0.9092833333333333,0.7,54817
2026-09-08 16:34:14,multi_repeat_random_states.py,"(140000, 200)",85,sequential_1,Dense 128 -> 32 -> 64(relu) -> 128(relu) -> 64(relu) -> 64 -> 32 -> 1(sigmoid),binary_crossentropy,adam_1,33,256,31.3941,0.2413398027420044,0.19596341252326965,"[0.24384817481040955, 0.9095500111579895]",0.90955,0.7,54817
2026-09-08 16:34:23,multi_repeat_random_states.py,"(140000, 200)",169,sequential_1,Dense 128 -> 32 -> 64(relu) -> 128(relu) -> 64(relu) -> 64 -> 32 -> 1(sigmoid),binary_crossentropy,adam_1,32,256,30.8334,0.23549722135066986,0.19933395087718964,"[0.24585598707199097, 0.9101166725158691]",0.9101166666666667,0.7,54817
2026-09-08 16:34:48,multi_repeat_random_states.py,"(140000, 200)",1,sequential_1,Dense 128 -> 32 -> 64(relu) -> 128(relu) -> 64(relu) -> 64 -> 32 -> 1(sigmoid),binary_crossentropy,adam_1,32,256,31.3368,0.24077996611595154,0.19700396060943604,"[0.24498139321804047, 0.9095166921615601]",0.9095166666666666,0.7,54817
2026-09-08 16:34:49,multi_repeat_random_states.py,"(140000, 200)",85,sequential_1,Dense 128 -> 32 -> 64(relu) -> 128(relu) -> 64(relu) -> 64 -> 32 -> 1(sigmoid),binary_crossentropy,adam_1,34,256,32.8669,0.23717767000198364,0.189793661236763,"[0.24614118039608002, 0.9102333188056946]",0.9102333333333333,0.7,54817
2026-09-08 16:34:58,multi_repeat_random_states.py,"(140000, 200)",169,sequential_1,Dense 128 -> 32 -> 64(relu) -> 128(relu) -> 64(relu) -> 64 -> 32 -> 1(sigmoid),binary_crossentropy,adam_1,34,256,32.4143,0.2333572953939438,0.1925228387117386,"[0.2471812218427658, 0.9103833436965942]",0.9103833333333333,0.7,54817
2026-09-08 16:35:28,multi_repeat_random_states.py,"(140000, 200)",2,sequential_2,Dense 128 -> 32 -> 64(relu) -> 128(relu) -> 64(relu) -> 64 -> 32 -> 1(sigmoid),binary_crossentropy,adam_2,38,256,36.8064,0.30788344144821167,0.2066585123538971,"[0.24603520333766937, 0.909850001335144]",0.90985,0.7,54817
2026-09-08 16:35:31,multi_repeat_random_states.py,"(140000, 200)",86,sequential_2,Dense 128 -> 32 -> 64(relu) -> 128(relu) -> 64(relu) -> 64 -> 32 -> 1(sigmoid),binary_crossentropy,adam_2,39,256,37.9569,0.30872347950935364,0.2068316638469696,"[0.24632775783538818, 0.910099983215332]",0.9101,0.7,54817
2026-09-08 16:35:44,multi_repeat_random_states.py,"(140000, 200)",170,sequential_2,Dense 128 -> 32 -> 64(relu) -> 128(relu) -> 64(relu) -> 64 -> 32 -> 1(sigmoid),binary_crossentropy,adam_2,43,256,42.494,0.2937789559364319,0.19468210637569427,"[0.2463964819908142, 0.9104333519935608]",0.9104333333333333,0.7,54817
2026-09-08 16:36:05,multi_repeat_random_states.py,"(140000, 200)",2,sequential_2,Dense 128 -> 32 -> 64(relu) -> 128(relu) -> 64(relu) -> 64 -> 32 -> 1(sigmoid),binary_crossentropy,adam_2,34,256,33.1691,0.24653582274913788,0.2007380574941635,"[0.24468478560447693, 0.910183310508728]",0.9101833333333333,0.7,54817
2026-09-08 16:36:09,multi_repeat_random_states.py,"(140000, 200)",86,sequential_2,Dense 128 -> 32 -> 64(relu) -> 128(relu) -> 64(relu) -> 64 -> 32 -> 1(sigmoid),binary_crossentropy,adam_2,35,256,34.5415,0.24518056213855743,0.19689595699310303,"[0.24640214443206787, 0.9092000126838684]",0.9092,0.7,54817
2026-09-08 16:36:22,multi_repeat_random_states.py,"(140000, 200)",170,sequential_2,Dense 128 -> 32 -> 64(relu) -> 128(relu) -> 64(relu) -> 64 -> 32 -> 1(sigmoid),binary_crossentropy,adam_2,36,256,34.6251,0.232915997505188,0.18541878461837769,"[0.24926427006721497, 0.909683346748352]",0.9096833333333333,0.7,54817
2026-09-08 16:36:44,multi_repeat_random_states.py,"(140000, 200)",86,sequential_2,Dense 128 -> 32 -> 64(relu) -> 128(relu) -> 64(relu) -> 64 -> 32 -> 1(sigmoid),binary_crossentropy,adam_2,31,256,32.5981,0.23467443883419037,0.19617117941379547,"[0.24592851102352142, 0.9099166393280029]",0.9099166666666667,0.7,54817
2026-09-08 16:36:46,multi_repeat_random_states.py,"(140000, 200)",2,sequential_2,Dense 128 -> 32 -> 64(relu) -> 128(relu) -> 64(relu) -> 64 -> 32 -> 1(sigmoid),binary_crossentropy,adam_2,36,256,38.2563,0.23733994364738464,0.19179785251617432,"[0.24510061740875244, 0.9095333218574524]",0.9095333333333333,0.7,54817
2026-09-08 16:37:01,multi_repeat_random_states.py,"(140000, 200)",170,sequential_2,Dense 128 -> 32 -> 64(relu) -> 128(relu) -> 64(relu) -> 64 -> 32 -> 1(sigmoid),binary_crossentropy,adam_2,33,256,35.1895,0.22415193915367126,0.18164536356925964,"[0.250690221786499, 0.9083499908447266]",0.90835,0.7,54817
2026-09-08 16:37:29,multi_repeat_random_states.py,"(140000, 200)",3,sequential_3,Dense 128 -> 32 -> 64(relu) -> 128(relu) -> 64(relu) -> 64 -> 32 -> 1(sigmoid),binary_crossentropy,adam_3,38,256,39.157,0.31253528594970703,0.20624740421772003,"[0.24573363363742828, 0.9102166891098022]",0.9102166666666667,0.7,54817
2026-09-08 16:37:33,multi_repeat_random_states.py,"(140000, 200)",87,sequential_3,Dense 128 -> 32 -> 64(relu) -> 128(relu) -> 64(relu) -> 64 -> 32 -> 1(sigmoid),binary_crossentropy,adam_3,45,256,45.1816,0.3313129246234894,0.200531005859375,"[0.24562984704971313, 0.909600019454956]",0.9096,0.7,54817
2026-09-08 16:37:50,multi_repeat_random_states.py,"(140000, 200)",171,sequential_3,Dense 128 -> 32 -> 64(relu) -> 128(relu) -> 64(relu) -> 64 -> 32 -> 1(sigmoid),binary_crossentropy,adam_3,44,256,45.3784,0.302320271730423,0.20228874683380127,"[0.24370048940181732, 0.9099833369255066]",0.9099833333333334,0.7,54817
2026-09-08 16:38:09,multi_repeat_random_states.py,"(140000, 200)",3,sequential_3,Dense 128 -> 32 -> 64(relu) -> 128(relu) -> 64(relu) -> 64 -> 32 -> 1(sigmoid),binary_crossentropy,adam_3,36,256,36.9028,0.24430692195892334,0.19756679236888885,"[0.24335701763629913, 0.9103833436965942]",0.9103833333333333,0.7,54817
2026-09-08 16:38:10,multi_repeat_random_states.py,"(140000, 200)",87,sequential_3,Dense 128 -> 32 -> 64(relu) -> 128(relu) -> 64(relu) -> 64 -> 32 -> 1(sigmoid),binary_crossentropy,adam_3,33,256,33.2736,0.23543666303157806,0.19356931746006012,"[0.25044044852256775, 0.9075166583061218]",0.9075166666666666,0.7,54817
2026-09-08 16:38:25,multi_repeat_random_states.py,"(140000, 200)",171,sequential_3,Dense 128 -> 32 -> 64(relu) -> 128(relu) -> 64(relu) -> 64 -> 32 -> 1(sigmoid),binary_crossentropy,adam_3,31,256,31.562,0.23776887357234955,0.19888393580913544,"[0.24505703151226044, 0.909683346748352]",0.9096833333333333,0.7,54817
2026-09-08 16:38:43,multi_repeat_random_states.py,"(140000, 200)",3,sequential_3,Dense 128 -> 32 -> 64(relu) -> 128(relu) -> 64(relu) -> 64 -> 32 -> 1(sigmoid),binary_crossentropy,adam_3,32,256,31.9268,0.2365374118089676,0.19433610141277313,"[0.24593763053417206, 0.9096666574478149]",0.9096666666666666,0.7,54817
2026-09-08 16:38:45,multi_repeat_random_states.py,"(140000, 200)",87,sequential_3,Dense 128 -> 32 -> 64(relu) -> 128(relu) -> 64(relu) -> 64 -> 32 -> 1(sigmoid),binary_crossentropy,adam_3,33,256,32.202,0.2307693362236023,0.19109372794628143,"[0.247895285487175, 0.9091166853904724]",0.9091166666666667,0.7,54817
2026-09-08 16:39:04,multi_repeat_random_states.py,"(140000, 200)",171,sequential_3,Dense 128 -> 32 -> 64(relu) -> 128(relu) -> 64(relu) -> 64 -> 32 -> 1(sigmoid),binary_crossentropy,adam_3,37,256,36.0318,0.2356385737657547,0.19044235348701477,"[0.24582581222057343, 0.9103833436965942]",0.9103833333333333,0.7,54817
2026-09-08 16:39:31,multi_repeat_random_states.py,"(140000, 200)",4,sequential_4,Dense 128 -> 32 -> 64(relu) -> 128(relu) -> 64(relu) -> 64 -> 32 -> 1(sigmoid),binary_crossentropy,adam_4,44,256,44.039,0.2943682372570038,0.19820894300937653,"[0.24679060280323029, 0.9096500277519226]",0.90965,0.7,54817
2026-09-08 16:39:31,multi_repeat_random_states.py,"(140000, 200)",88,sequential_4,Dense 128 -> 32 -> 64(relu) -> 128(relu) -> 64(relu) -> 64 -> 32 -> 1(sigmoid),binary_crossentropy,adam_4,44,256,43.4297,0.3277641236782074,0.19319607317447662,"[0.2476034015417099, 0.9079166650772095]",0.9079166666666667,0.7,54817
2026-09-08 16:39:49,multi_repeat_random_states.py,"(140000, 200)",172,sequential_4,Dense 128 -> 32 -> 64(relu) -> 128(relu) -> 64(relu) -> 64 -> 32 -> 1(sigmoid),binary_crossentropy,adam_4,42,256,42.0356,0.313929945230484,0.2056041955947876,"[0.24354343116283417, 0.9111499786376953]",0.91115,0.7,54817
2026-09-08 16:40:08,multi_repeat_random_states.py,"(140000, 200)",4,sequential_4,Dense 128 -> 32 -> 64(relu) -> 128(relu) -> 64(relu) -> 64 -> 32 -> 1(sigmoid),binary_crossentropy,adam_4,35,256,34.1665,0.2339550256729126,0.1892642080783844,"[0.24931037425994873, 0.9085500240325928]",0.90855,0.7,54817
2026-09-08 16:40:08,multi_repeat_random_states.py,"(140000, 200)",88,sequential_4,Dense 128 -> 32 -> 64(relu) -> 128(relu) -> 64(relu) -> 64 -> 32 -> 1(sigmoid),binary_crossentropy,adam_4,33,256,32.6953,0.23584134876728058,0.18814392387866974,"[0.2486753910779953, 0.9084833264350891]",0.9084833333333333,0.7,54817
2026-09-08 16:40:33,multi_repeat_random_states.py,"(140000, 200)",172,sequential_4,Dense 128 -> 32 -> 64(relu) -> 128(relu) -> 64(relu) -> 64 -> 32 -> 1(sigmoid),binary_crossentropy,adam_4,41,256,40.0742,0.24031689763069153,0.18948662281036377,"[0.24795198440551758, 0.9087833166122437]",0.9087833333333334,0.7,54817
2026-09-08 16:40:43,multi_repeat_random_states.py,"(140000, 200)",4,sequential_4,Dense 128 -> 32 -> 64(relu) -> 128(relu) -> 64(relu) -> 64 -> 32 -> 1(sigmoid),binary_crossentropy,adam_4,32,256,32.1432,0.22637230157852173,0.18897587060928345,"[0.2517342269420624, 0.9097999930381775]",0.9098,0.7,54817
2026-09-08 16:40:45,multi_repeat_random_states.py,"(140000, 200)",88,sequential_4,Dense 128 -> 32 -> 64(relu) -> 128(relu) -> 64(relu) -> 64 -> 32 -> 1(sigmoid),binary_crossentropy,adam_4,33,256,34.0572,0.23053224384784698,0.1827479600906372,"[0.2500583529472351, 0.908383309841156]",0.9083833333333333,0.7,54817
2026-09-08 16:41:06,multi_repeat_random_states.py,"(140000, 200)",172,sequential_4,Dense 128 -> 32 -> 64(relu) -> 128(relu) -> 64(relu) -> 64 -> 32 -> 1(sigmoid),binary_crossentropy,adam_4,32,256,30.524,0.22504520416259766,0.18768209218978882,"[0.24847763776779175, 0.9078999757766724]",0.9079,0.7,54817
2026-09-08 16:41:29,multi_repeat_random_states.py,"(140000, 200)",5,sequential_5,Dense 128 -> 32 -> 64(relu) -> 128(relu) -> 64(relu) -> 64 -> 32 -> 1(sigmoid),binary_crossentropy,adam_5,37,256,41.9534,0.31610462069511414,0.21210210025310516,"[0.24459712207317352, 0.90993332862854]",0.9099333333333334,0.7,54817
2026-09-08 16:41:36,multi_repeat_random_states.py,"(140000, 200)",89,sequential_5,Dense 128 -> 32 -> 64(relu) -> 128(relu) -> 64(relu) -> 64 -> 32 -> 1(sigmoid),binary_crossentropy,adam_5,41,256,46.7331,0.32234901189804077,0.201340913772583,"[0.24453718960285187, 0.9105333089828491]",0.9105333333333333,0.7,54817
2026-09-08 16:41:57,multi_repeat_random_states.py,"(140000, 200)",173,sequential_5,Dense 128 -> 32 -> 64(relu) -> 128(relu) -> 64(relu) -> 64 -> 32 -> 1(sigmoid),binary_crossentropy,adam_5,43,256,46.621,0.3193611800670624,0.20183536410331726,"[0.24362382292747498, 0.9103166460990906]",0.9103166666666667,0.7,54817
2026-09-08 16:42:15,multi_repeat_random_states.py,"(140000, 200)",5,sequential_5,Dense 128 -> 32 -> 64(relu) -> 128(relu) -> 64(relu) -> 64 -> 32 -> 1(sigmoid),binary_crossentropy,adam_5,36,256,42.6314,0.2516973912715912,0.2030462622642517,"[0.2429846227169037, 0.9101666808128357]",0.9101666666666667,0.7,54817
2026-09-08 16:42:24,multi_repeat_random_states.py,"(140000, 200)",89,sequential_5,Dense 128 -> 32 -> 64(relu) -> 128(relu) -> 64(relu) -> 64 -> 32 -> 1(sigmoid),binary_crossentropy,adam_5,37,256,44.5944,0.24220247566699982,0.1896055042743683,"[0.24553035199642181, 0.9095666408538818]",0.9095666666666666,0.7,54817
2026-09-08 16:42:39,multi_repeat_random_states.py,"(140000, 200)",173,sequential_5,Dense 128 -> 32 -> 64(relu) -> 128(relu) -> 64(relu) -> 64 -> 32 -> 1(sigmoid),binary_crossentropy,adam_5,34,256,38.7552,0.24084076285362244,0.1957857608795166,"[0.24379004538059235, 0.908466637134552]",0.9084666666666666,0.7,54817
2026-09-08 16:42:58,multi_repeat_random_states.py,"(140000, 200)",5,sequential_5,Dense 128 -> 32 -> 64(relu) -> 128(relu) -> 64(relu) -> 64 -> 32 -> 1(sigmoid),binary_crossentropy,adam_5,33,256,38.6986,0.23943683505058289,0.19907037913799286,"[0.24402213096618652, 0.9087333083152771]",0.9087333333333333,0.7,54817
2026-09-08 16:43:02,multi_repeat_random_states.py,"(140000, 200)",89,sequential_5,Dense 128 -> 32 -> 64(relu) -> 128(relu) -> 64(relu) -> 64 -> 32 -> 1(sigmoid),binary_crossentropy,adam_5,31,256,34.632,0.22945396602153778,0.18977947533130646,"[0.24769072234630585, 0.9091500043869019]",0.90915,0.7,54817
2026-09-08 16:43:16,multi_repeat_random_states.py,"(140000, 200)",173,sequential_5,Dense 128 -> 32 -> 64(relu) -> 128(relu) -> 64(relu) -> 64 -> 32 -> 1(sigmoid),binary_crossentropy,adam_5,32,256,33.268,0.2347216159105301,0.19666938483715057,"[0.24528032541275024, 0.9101166725158691]",0.9101166666666667,0.7,54817
2026-09-08 16:43:43,multi_repeat_random_states.py,"(140000, 200)",6,sequential_6,Dense 128 -> 32 -> 64(relu) -> 128(relu) -> 64(relu) -> 64 -> 32 -> 1(sigmoid),binary_crossentropy,adam_6,41,256,41.9316,0.2864627540111542,0.19954051077365875,"[0.24566687643527985, 0.909766674041748]",0.9097666666666666,0.7,54817
2026-09-08 16:43:54,multi_repeat_random_states.py,"(140000, 200)",90,sequential_6,Dense 128 -> 32 -> 64(relu) -> 128(relu) -> 64(relu) -> 64 -> 32 -> 1(sigmoid),binary_crossentropy,adam_6,47,256,48.5009,0.29893437027931213,0.19365595281124115,"[0.24367907643318176, 0.9112833142280579]",0.9112833333333333,0.7,54817
2026-09-08 16:44:03,multi_repeat_random_states.py,"(140000, 200)",174,sequential_6,Dense 128 -> 32 -> 64(relu) -> 128(relu) -> 64(relu) -> 64 -> 32 -> 1(sigmoid),binary_crossentropy,adam_6,42,256,43.7295,0.3588748872280121,0.20119167864322662,"[0.24508149921894073, 0.9105166792869568]",0.9105166666666666,0.7,54817
2026-09-08 16:44:27,multi_repeat_random_states.py,"(140000, 200)",6,sequential_6,Dense 128 -> 32 -> 64(relu) -> 128(relu) -> 64(relu) -> 64 -> 32 -> 1(sigmoid),binary_crossentropy,adam_6,40,256,40.4428,0.23933686316013336,0.18381813168525696,"[0.24708065390586853, 0.9083333611488342]",0.9083333333333333,0.7,54817
2026-09-08 16:44:37,multi_repeat_random_states.py,"(140000, 200)",90,sequential_6,Dense 128 -> 32 -> 64(relu) -> 128(relu) -> 64(relu) -> 64 -> 32 -> 1(sigmoid),binary_crossentropy,adam_6,39,256,40.133,0.2308730185031891,0.1807379126548767,"[0.24657079577445984, 0.9097999930381775]",0.9098,0.7,54817
2026-09-08 16:44:38,multi_repeat_random_states.py,"(140000, 200)",174,sequential_6,Dense 128 -> 32 -> 64(relu) -> 128(relu) -> 64(relu) -> 64 -> 32 -> 1(sigmoid),binary_crossentropy,adam_6,32,256,32.195,0.24331916868686676,0.19762519001960754,"[0.24426232278347015, 0.9104166626930237]",0.9104166666666667,0.7,54817
2026-09-08 16:45:04,multi_repeat_random_states.py,"(140000, 200)",6,sequential_6,Dense 128 -> 32 -> 64(relu) -> 128(relu) -> 64(relu) -> 64 -> 32 -> 1(sigmoid),binary_crossentropy,adam_6,33,256,33.8897,0.22365935146808624,0.18062053620815277,"[0.2544398009777069, 0.9086833596229553]",0.9086833333333333,0.7,54817
2026-09-08 16:45:13,multi_repeat_random_states.py,"(140000, 200)",174,sequential_6,Dense 128 -> 32 -> 64(relu) -> 128(relu) -> 64(relu) -> 64 -> 32 -> 1(sigmoid),binary_crossentropy,adam_6,31,256,31.9136,0.23930345475673676,0.1952604055404663,"[0.24578243494033813, 0.9085999727249146]",0.9086,0.7,54817
2026-09-08 16:45:14,multi_repeat_random_states.py,"(140000, 200)",90,sequential_6,Dense 128 -> 32 -> 64(relu) -> 128(relu) -> 64(relu) -> 64 -> 32 -> 1(sigmoid),binary_crossentropy,adam_6,32,256,33.3519,0.21750245988368988,0.18101866543293,"[0.25200238823890686, 0.9081166386604309]",0.9081166666666667,0.7,54817
2026-09-08 16:45:50,multi_repeat_random_states.py,"(140000, 200)",7,sequential_7,Dense 128 -> 32 -> 64(relu) -> 128(relu) -> 64(relu) -> 64 -> 32 -> 1(sigmoid),binary_crossentropy,adam_7,41,256,42.163,0.3237067759037018,0.20423100888729095,"[0.24690154194831848, 0.9098166823387146]",0.9098166666666667,0.7,54817
2026-09-08 16:46:02,multi_repeat_random_states.py,"(140000, 200)",91,sequential_7,Dense 128 -> 32 -> 64(relu) -> 128(relu) -> 64(relu) -> 64 -> 32 -> 1(sigmoid),binary_crossentropy,adam_7,44,256,45.3628,0.2987377643585205,0.19576872885227203,"[0.2445594221353531, 0.9108499884605408]",0.91085,0.7,54817
2026-09-08 16:46:04,multi_repeat_random_states.py,"(140000, 200)",175,sequential_7,Dense 128 -> 32 -> 64(relu) -> 128(relu) -> 64(relu) -> 64 -> 32 -> 1(sigmoid),binary_crossentropy,adam_7,47,256,47.6796,0.3210507035255432,0.19042813777923584,"[0.24475015699863434, 0.9106666445732117]",0.9106666666666666,0.7,54817
2026-09-08 16:46:31,multi_repeat_random_states.py,"(140000, 200)",7,sequential_7,Dense 128 -> 32 -> 64(relu) -> 128(relu) -> 64(relu) -> 64 -> 32 -> 1(sigmoid),binary_crossentropy,adam_7,37,256,37.305,0.24189861118793488,0.1908612698316574,"[0.2452625185251236, 0.9087333083152771]",0.9087333333333333,0.7,54817
2026-09-08 16:46:39,multi_repeat_random_states.py,"(140000, 200)",175,sequential_7,Dense 128 -> 32 -> 64(relu) -> 128(relu) -> 64(relu) -> 64 -> 32 -> 1(sigmoid),binary_crossentropy,adam_7,31,256,32.058,0.2297596037387848,0.18987742066383362,"[0.2452043890953064, 0.90993332862854]",0.9099333333333334,0.7,54817
2026-09-08 16:46:40,multi_repeat_random_states.py,"(140000, 200)",91,sequential_7,Dense 128 -> 32 -> 64(relu) -> 128(relu) -> 64(relu) -> 64 -> 32 -> 1(sigmoid),binary_crossentropy,adam_7,33,256,34.8587,0.236024871468544,0.19280906021595,"[0.24595403671264648, 0.9088666439056396]",0.9088666666666667,0.7,54817
2026-09-08 16:47:09,multi_repeat_random_states.py,"(140000, 200)",7,sequential_7,Dense 128 -> 32 -> 64(relu) -> 128(relu) -> 64(relu) -> 64 -> 32 -> 1(sigmoid),binary_crossentropy,adam_7,35,256,35.2753,0.23117567598819733,0.18634022772312164,"[0.24793244898319244, 0.9082333445549011]",0.9082333333333333,0.7,54817
2026-09-08 16:47:15,multi_repeat_random_states.py,"(140000, 200)",175,sequential_7,Dense 128 -> 32 -> 64(relu) -> 128(relu) -> 64(relu) -> 64 -> 32 -> 1(sigmoid),binary_crossentropy,adam_7,33,256,32.954,0.226461723446846,0.1860591471195221,"[0.24844706058502197, 0.9089499711990356]",0.90895,0.7,54817
2026-09-08 16:47:15,multi_repeat_random_states.py,"(140000, 200)",91,sequential_7,Dense 128 -> 32 -> 64(relu) -> 128(relu) -> 64(relu) -> 64 -> 32 -> 1(sigmoid),binary_crossentropy,adam_7,32,256,32.3991,0.23051030933856964,0.19201894104480743,"[0.24816183745861053, 0.9082666635513306]",0.9082666666666667,0.7,54817
2026-09-08 16:47:59,multi_repeat_random_states.py,"(140000, 200)",8,sequential_8,Dense 128 -> 32 -> 64(relu) -> 128(relu) -> 64(relu) -> 64 -> 32 -> 1(sigmoid),binary_crossentropy,adam_8,47,256,46.6753,0.297586590051651,0.19930614531040192,"[0.2440263330936432, 0.9099666476249695]",0.9099666666666667,0.7,54817
2026-09-08 16:48:04,multi_repeat_random_states.py,"(140000, 200)",176,sequential_8,Dense 128 -> 32 -> 64(relu) -> 128(relu) -> 64(relu) -> 64 -> 32 -> 1(sigmoid),binary_crossentropy,adam_8,41,256,44.8805,0.3159083127975464,0.20635563135147095,"[0.24534568190574646, 0.9102333188056946]",0.9102333333333333,0.7,54817
2026-09-08 16:48:08,multi_repeat_random_states.py,"(140000, 200)",92,sequential_8,Dense 128 -> 32 -> 64(relu) -> 128(relu) -> 64(relu) -> 64 -> 32 -> 1(sigmoid),binary_crossentropy,adam_8,47,256,47.301,0.29532691836357117,0.19459329545497894,"[0.2452089786529541, 0.9099666476249695]",0.9099666666666667,0.7,54817
2026-09-08 16:48:38,multi_repeat_random_states.py,"(140000, 200)",8,sequential_8,Dense 128 -> 32 -> 64(relu) -> 128(relu) -> 64(relu) -> 64 -> 32 -> 1(sigmoid),binary_crossentropy,adam_8,34,256,35.1512,0.2334078550338745,0.1929299682378769,"[0.24743494391441345, 0.9095666408538818]",0.9095666666666666,0.7,54817
2026-09-08 16:48:42,multi_repeat_random_states.py,"(140000, 200)",176,sequential_8,Dense 128 -> 32 -> 64(relu) -> 128(relu) -> 64(relu) -> 64 -> 32 -> 1(sigmoid),binary_crossentropy,adam_8,32,256,35.0206,0.24257305264472961,0.2046716958284378,"[0.2437673956155777, 0.9099666476249695]",0.9099666666666667,0.7,54817
2026-09-08 16:48:48,multi_repeat_random_states.py,"(140000, 200)",92,sequential_8,Dense 128 -> 32 -> 64(relu) -> 128(relu) -> 64(relu) -> 64 -> 32 -> 1(sigmoid),binary_crossentropy,adam_8,34,256,36.6645,0.22962777316570282,0.1888037621974945,"[0.24696676433086395, 0.9089666604995728]",0.9089666666666667,0.7,54817
2026-09-08 16:49:16,multi_repeat_random_states.py,"(140000, 200)",8,sequential_8,Dense 128 -> 32 -> 64(relu) -> 128(relu) -> 64(relu) -> 64 -> 32 -> 1(sigmoid),binary_crossentropy,adam_8,31,256,34.5345,0.22635720670223236,0.19108405709266663,"[0.25059741735458374, 0.90829998254776]",0.9083,0.7,54817
2026-09-08 16:49:23,multi_repeat_random_states.py,"(140000, 200)",176,sequential_8,Dense 128 -> 32 -> 64(relu) -> 128(relu) -> 64(relu) -> 64 -> 32 -> 1(sigmoid),binary_crossentropy,adam_8,32,256,37.8649,0.23930925130844116,0.19820569455623627,"[0.24392016232013702, 0.9101333618164062]",0.9101333333333333,0.7,54817
2026-09-08 16:49:29,multi_repeat_random_states.py,"(140000, 200)",92,sequential_8,Dense 128 -> 32 -> 64(relu) -> 128(relu) -> 64(relu) -> 64 -> 32 -> 1(sigmoid),binary_crossentropy,adam_8,33,256,37.6604,0.2231789082288742,0.1869051158428192,"[0.24949952960014343, 0.9086166620254517]",0.9086166666666666,0.7,54817
2026-09-08 16:50:02,multi_repeat_random_states.py,"(140000, 200)",9,sequential_9,Dense 128 -> 32 -> 64(relu) -> 128(relu) -> 64(relu) -> 64 -> 32 -> 1(sigmoid),binary_crossentropy,adam_9,40,256,42.0461,0.3054533302783966,0.20304062962532043,"[0.2446320354938507, 0.9088833332061768]",0.9088833333333334,0.7,54817
2026-09-08 16:50:10,multi_repeat_random_states.py,"(140000, 200)",177,sequential_9,Dense 128 -> 32 -> 64(relu) -> 128(relu) -> 64(relu) -> 64 -> 32 -> 1(sigmoid),binary_crossentropy,adam_9,41,256,42.7598,0.3078104555606842,0.20427662134170532,"[0.24128760397434235, 0.9110000133514404]",0.911,0.7,54817
2026-09-08 16:50:16,multi_repeat_random_states.py,"(140000, 200)",93,sequential_9,Dense 128 -> 32 -> 64(relu) -> 128(relu) -> 64(relu) -> 64 -> 32 -> 1(sigmoid),binary_crossentropy,adam_9,38,256,42.882,0.32529160380363464,0.20978069305419922,"[0.24576549232006073, 0.9104499816894531]",0.91045,0.7,54817
2026-09-08 16:50:40,multi_repeat_random_states.py,"(140000, 200)",9,sequential_9,Dense 128 -> 32 -> 64(relu) -> 128(relu) -> 64(relu) -> 64 -> 32 -> 1(sigmoid),binary_crossentropy,adam_9,34,256,34.7736,0.24269747734069824,0.1957302838563919,"[0.2455972582101822, 0.9091166853904724]",0.9091166666666667,0.7,54817
2026-09-08 16:50:46,multi_repeat_random_states.py,"(140000, 200)",177,sequential_9,Dense 128 -> 32 -> 64(relu) -> 128(relu) -> 64(relu) -> 64 -> 32 -> 1(sigmoid),binary_crossentropy,adam_9,33,256,33.2287,0.24272774159908295,0.19870376586914062,"[0.2422129362821579, 0.9110999703407288]",0.9111,0.7,54817
2026-09-08 16:50:56,multi_repeat_random_states.py,"(140000, 200)",93,sequential_9,Dense 128 -> 32 -> 64(relu) -> 128(relu) -> 64(relu) -> 64 -> 32 -> 1(sigmoid),binary_crossentropy,adam_9,37,256,37.4089,0.24863171577453613,0.19801568984985352,"[0.24274514615535736, 0.911899983882904]",0.9119,0.7,54817
2026-09-08 16:51:16,multi_repeat_random_states.py,"(140000, 200)",9,sequential_9,Dense 128 -> 32 -> 64(relu) -> 128(relu) -> 64(relu) -> 64 -> 32 -> 1(sigmoid),binary_crossentropy,adam_9,32,256,32.4756,0.23513759672641754,0.1914438158273697,"[0.24599672853946686, 0.9086333513259888]",0.9086333333333333,0.7,54817
2026-09-08 16:51:25,multi_repeat_random_states.py,"(140000, 200)",177,sequential_9,Dense 128 -> 32 -> 64(relu) -> 128(relu) -> 64(relu) -> 64 -> 32 -> 1(sigmoid),binary_crossentropy,adam_9,36,256,35.7814,0.23614124953746796,0.18709848821163177,"[0.24415700137615204, 0.9100499749183655]",0.91005,0.7,54817
2026-09-08 16:51:33,multi_repeat_random_states.py,"(140000, 200)",93,sequential_9,Dense 128 -> 32 -> 64(relu) -> 128(relu) -> 64(relu) -> 64 -> 32 -> 1(sigmoid),binary_crossentropy,adam_9,34,256,33.8539,0.23565183579921722,0.19160926342010498,"[0.24432897567749023, 0.9103833436965942]",0.9103833333333333,0.7,54817
2026-09-08 16:52:01,multi_repeat_random_states.py,"(140000, 200)",10,sequential_10,Dense 128 -> 32 -> 64(relu) -> 128(relu) -> 64(relu) -> 64 -> 32 -> 1(sigmoid),binary_crossentropy,adam_10,41,256,41.9774,0.33245745301246643,0.20093336701393127,"[0.24334180355072021, 0.9110000133514404]",0.911,0.7,54817
2026-09-08 16:52:13,multi_repeat_random_states.py,"(140000, 200)",178,sequential_10,Dense 128 -> 32 -> 64(relu) -> 128(relu) -> 64(relu) -> 64 -> 32 -> 1(sigmoid),binary_crossentropy,adam_10,43,256,44.3127,0.3141044080257416,0.20183958113193512,"[0.24297383427619934, 0.90993332862854]",0.9099333333333334,0.7,54817
2026-09-08 16:52:20,multi_repeat_random_states.py,"(140000, 200)",94,sequential_10,Dense 128 -> 32 -> 64(relu) -> 128(relu) -> 64(relu) -> 64 -> 32 -> 1(sigmoid),binary_crossentropy,adam_10,42,256,42.9255,0.31059980392456055,0.20067070424556732,"[0.246975839138031, 0.9095166921615601]",0.9095166666666666,0.7,54817
2026-09-08 16:52:39,multi_repeat_random_states.py,"(140000, 200)",10,sequential_10,Dense 128 -> 32 -> 64(relu) -> 128(relu) -> 64(relu) -> 64 -> 32 -> 1(sigmoid),binary_crossentropy,adam_10,34,256,34.0771,0.2416231334209442,0.19476750493049622,"[0.24355986714363098, 0.9104666709899902]",0.9104666666666666,0.7,54817
2026-09-08 16:52:49,multi_repeat_random_states.py,"(140000, 200)",178,sequential_10,Dense 128 -> 32 -> 64(relu) -> 128(relu) -> 64(relu) -> 64 -> 32 -> 1(sigmoid),binary_crossentropy,adam_10,33,256,32.8421,0.23970326781272888,0.1969468891620636,"[0.24604475498199463, 0.9084333181381226]",0.9084333333333333,0.7,54817
2026-09-08 16:53:01,multi_repeat_random_states.py,"(140000, 200)",94,sequential_10,Dense 128 -> 32 -> 64(relu) -> 128(relu) -> 64(relu) -> 64 -> 32 -> 1(sigmoid),binary_crossentropy,adam_10,38,256,37.6236,0.23727895319461823,0.19235199689865112,"[0.24692068994045258, 0.9086333513259888]",0.9086333333333333,0.7,54817
2026-09-08 16:53:15,multi_repeat_random_states.py,"(140000, 200)",10,sequential_10,Dense 128 -> 32 -> 64(relu) -> 128(relu) -> 64(relu) -> 64 -> 32 -> 1(sigmoid),binary_crossentropy,adam_10,33,256,32.8701,0.23513220250606537,0.1908436417579651,"[0.2448800951242447, 0.9097833037376404]",0.9097833333333334,0.7,54817
2026-09-08 16:53:24,multi_repeat_random_states.py,"(140000, 200)",178,sequential_10,Dense 128 -> 32 -> 64(relu) -> 128(relu) -> 64(relu) -> 64 -> 32 -> 1(sigmoid),binary_crossentropy,adam_10,31,256,31.1933,0.23419684171676636,0.19433651864528656,"[0.24438638985157013, 0.9091833233833313]",0.9091833333333333,0.7,54817
2026-09-08 16:53:36,multi_repeat_random_states.py,"(140000, 200)",94,sequential_10,Dense 128 -> 32 -> 64(relu) -> 128(relu) -> 64(relu) -> 64 -> 32 -> 1(sigmoid),binary_crossentropy,adam_10,31,256,31.8497,0.22741399705410004,0.1898626834154129,"[0.25088587403297424, 0.9084833264350891]",0.9084833333333333,0.7,54817
2026-09-08 16:54:02,multi_repeat_random_states.py,"(140000, 200)",11,sequential_11,Dense 128 -> 32 -> 64(relu) -> 128(relu) -> 64(relu) -> 64 -> 32 -> 1(sigmoid),binary_crossentropy,adam_11,40,256,43.0917,0.31429725885391235,0.19885294139385223,"[0.24444173276424408, 0.9093666672706604]",0.9093666666666667,0.7,54817
2026-09-08 16:54:08,multi_repeat_random_states.py,"(140000, 200)",179,sequential_11,Dense 128 -> 32 -> 64(relu) -> 128(relu) -> 64(relu) -> 64 -> 32 -> 1(sigmoid),binary_crossentropy,adam_11,36,256,39.6079,0.3372310400009155,0.2089245766401291,"[0.24614354968070984, 0.9101499915122986]",0.91015,0.7,54817
2026-09-08 16:54:27,multi_repeat_random_states.py,"(140000, 200)",95,sequential_11,Dense 128 -> 32 -> 64(relu) -> 128(relu) -> 64(relu) -> 64 -> 32 -> 1(sigmoid),binary_crossentropy,adam_11,41,256,46.4893,0.3096085786819458,0.20226097106933594,"[0.24480246007442474, 0.9086666703224182]",0.9086666666666666,0.7,54817
2026-09-08 16:54:42,multi_repeat_random_states.py,"(140000, 200)",11,sequential_11,Dense 128 -> 32 -> 64(relu) -> 128(relu) -> 64(relu) -> 64 -> 32 -> 1(sigmoid),binary_crossentropy,adam_11,33,256,37.122,0.24122394621372223,0.1930495798587799,"[0.24435918033123016, 0.9095166921615601]",0.9095166666666666,0.7,54817
2026-09-08 16:54:48,multi_repeat_random_states.py,"(140000, 200)",179,sequential_11,Dense 128 -> 32 -> 64(relu) -> 128(relu) -> 64(relu) -> 64 -> 32 -> 1(sigmoid),binary_crossentropy,adam_11,33,256,37.2795,0.2539738714694977,0.20310084521770477,"[0.24537920951843262, 0.910016655921936]",0.9100166666666667,0.7,54817
2026-09-08 16:55:06,multi_repeat_random_states.py,"(140000, 200)",95,sequential_11,Dense 128 -> 32 -> 64(relu) -> 128(relu) -> 64(relu) -> 64 -> 32 -> 1(sigmoid),binary_crossentropy,adam_11,35,256,36.3259,0.23984409868717194,0.19339396059513092,"[0.2451309859752655, 0.909500002861023]",0.9095,0.7,54817
2026-09-08 16:55:17,multi_repeat_random_states.py,"(140000, 200)",11,sequential_11,Dense 128 -> 32 -> 64(relu) -> 128(relu) -> 64(relu) -> 64 -> 32 -> 1(sigmoid),binary_crossentropy,adam_11,32,256,31.8872,0.23415790498256683,0.19118937849998474,"[0.24532683193683624, 0.9100333452224731]",0.9100333333333334,0.7,54817
2026-09-08 16:55:26,multi_repeat_random_states.py,"(140000, 200)",179,sequential_11,Dense 128 -> 32 -> 64(relu) -> 128(relu) -> 64(relu) -> 64 -> 32 -> 1(sigmoid),binary_crossentropy,adam_11,34,256,34.6948,0.24422359466552734,0.19766904413700104,"[0.24460135400295258, 0.909766674041748]",0.9097666666666666,0.7,54817
2026-09-08 16:55:42,multi_repeat_random_states.py,"(140000, 200)",95,sequential_11,Dense 128 -> 32 -> 64(relu) -> 128(relu) -> 64(relu) -> 64 -> 32 -> 1(sigmoid),binary_crossentropy,adam_11,31,256,31.9235,0.23173826932907104,0.19181251525878906,"[0.24635224044322968, 0.9089499711990356]",0.90895,0.7,54817
2026-09-08 16:56:17,multi_repeat_random_states.py,"(140000, 200)",12,sequential_12,Dense 128 -> 32 -> 64(relu) -> 128(relu) -> 64(relu) -> 64 -> 32 -> 1(sigmoid),binary_crossentropy,adam_12,46,256,55.6483,0.2938988208770752,0.19380365312099457,"[0.2429780811071396, 0.9103166460990906]",0.9103166666666667,0.7,54817
2026-09-08 16:56:25,multi_repeat_random_states.py,"(140000, 200)",180,sequential_12,Dense 128 -> 32 -> 64(relu) -> 128(relu) -> 64(relu) -> 64 -> 32 -> 1(sigmoid),binary_crossentropy,adam_12,45,256,54.8928,0.31606191396713257,0.19552582502365112,"[0.24821804463863373, 0.9093499779701233]",0.90935,0.7,54817
2026-09-08 16:56:33,multi_repeat_random_states.py,"(140000, 200)",96,sequential_12,Dense 128 -> 32 -> 64(relu) -> 128(relu) -> 64(relu) -> 64 -> 32 -> 1(sigmoid),binary_crossentropy,adam_12,39,256,47.1836,0.29480504989624023,0.2038162797689438,"[0.2448195219039917, 0.9105833172798157]",0.9105833333333333,0.7,54817
2026-09-08 16:57:01,multi_repeat_random_states.py,"(140000, 200)",12,sequential_12,Dense 128 -> 32 -> 64(relu) -> 128(relu) -> 64(relu) -> 64 -> 32 -> 1(sigmoid),binary_crossentropy,adam_12,35,256,40.2583,0.23103384673595428,0.18642963469028473,"[0.24878795444965363, 0.9085999727249146]",0.9086,0.7,54817
2026-09-08 16:57:08,multi_repeat_random_states.py,"(140000, 200)",180,sequential_12,Dense 128 -> 32 -> 64(relu) -> 128(relu) -> 64(relu) -> 64 -> 32 -> 1(sigmoid),binary_crossentropy,adam_12,35,256,39.0547,0.2326553761959076,0.18586844205856323,"[0.24849478900432587, 0.9089833498001099]",0.9089833333333334,0.7,54817
2026-09-08 16:57:15,multi_repeat_random_states.py,"(140000, 200)",96,sequential_12,Dense 128 -> 32 -> 64(relu) -> 128(relu) -> 64(relu) -> 64 -> 32 -> 1(sigmoid),binary_crossentropy,adam_12,34,256,38.1173,0.2425827533006668,0.19837282598018646,"[0.2444433867931366, 0.9116666913032532]",0.9116666666666666,0.7,54817
2026-09-08 16:57:45,multi_repeat_random_states.py,"(140000, 200)",12,sequential_12,Dense 128 -> 32 -> 64(relu) -> 128(relu) -> 64(relu) -> 64 -> 32 -> 1(sigmoid),binary_crossentropy,adam_12,33,256,40.3727,0.22236496210098267,0.1827525794506073,"[0.25126904249191284, 0.9076333045959473]",0.9076333333333333,0.7,54817
2026-09-08 16:57:48,multi_repeat_random_states.py,"(140000, 200)",180,sequential_12,Dense 128 -> 32 -> 64(relu) -> 128(relu) -> 64(relu) -> 64 -> 32 -> 1(sigmoid),binary_crossentropy,adam_12,31,256,36.9813,0.22657786309719086,0.1866956204175949,"[0.25222358107566833, 0.9064833521842957]",0.9064833333333333,0.7,54817
2026-09-08 16:58:10,multi_repeat_random_states.py,"(140000, 200)",96,sequential_12,Dense 128 -> 32 -> 64(relu) -> 128(relu) -> 64(relu) -> 64 -> 32 -> 1(sigmoid),binary_crossentropy,adam_12,31,256,36.877,0.23476944863796234,0.19802576303482056,"[0.24701137840747833, 0.9105333089828491]",0.9105333333333333,0.7,54817
2026-09-08 16:59:44,multi_repeat_random_states.py,"(140000, 200)",13,sequential_13,Dense 128 -> 32 -> 64(relu) -> 128(relu) -> 64(relu) -> 64 -> 32 -> 1(sigmoid),binary_crossentropy,adam_13,41,256,115.7675,0.3063843846321106,0.20258846879005432,"[0.24381399154663086, 0.9105666875839233]",0.9105666666666666,0.7,54817
2026-09-08 16:59:46,multi_repeat_random_states.py,"(140000, 200)",181,sequential_13,Dense 128 -> 32 -> 64(relu) -> 128(relu) -> 64(relu) -> 64 -> 32 -> 1(sigmoid),binary_crossentropy,adam_13,39,256,113.87,0.3263993561267853,0.20613667368888855,"[0.24480770528316498, 0.9097833037376404]",0.9097833333333334,0.7,54817
2026-09-08 17:00:02,multi_repeat_random_states.py,"(140000, 200)",97,sequential_13,Dense 128 -> 32 -> 64(relu) -> 128(relu) -> 64(relu) -> 64 -> 32 -> 1(sigmoid),binary_crossentropy,adam_13,47,256,106.9665,0.31017550826072693,0.19284583628177643,"[0.24507711827754974, 0.9095500111579895]",0.90955,0.7,54817
2026-09-08 17:00:20,multi_repeat_random_states.py,"(140000, 200)",13,sequential_13,Dense 128 -> 32 -> 64(relu) -> 128(relu) -> 64(relu) -> 64 -> 32 -> 1(sigmoid),binary_crossentropy,adam_13,31,256,33.0485,0.24312667548656464,0.2021833211183548,"[0.24287067353725433, 0.9105499982833862]",0.91055,0.7,54817
2026-09-08 17:00:26,multi_repeat_random_states.py,"(140000, 200)",181,sequential_13,Dense 128 -> 32 -> 64(relu) -> 128(relu) -> 64(relu) -> 64 -> 32 -> 1(sigmoid),binary_crossentropy,adam_13,34,256,36.8224,0.2479933500289917,0.20164407789707184,"[0.2438715100288391, 0.9099000096321106]",0.9099,0.7,54817
2026-09-08 17:00:39,multi_repeat_random_states.py,"(140000, 200)",97,sequential_13,Dense 128 -> 32 -> 64(relu) -> 128(relu) -> 64(relu) -> 64 -> 32 -> 1(sigmoid),binary_crossentropy,adam_13,33,256,33.7047,0.23260022699832916,0.1884242445230484,"[0.24523413181304932, 0.9104499816894531]",0.91045,0.7,54817
2026-09-08 17:00:55,multi_repeat_random_states.py,"(140000, 200)",13,sequential_13,Dense 128 -> 32 -> 64(relu) -> 128(relu) -> 64(relu) -> 64 -> 32 -> 1(sigmoid),binary_crossentropy,adam_13,31,256,31.6747,0.2418423891067505,0.2015286684036255,"[0.24253658950328827, 0.9101333618164062]",0.9101333333333333,0.7,54817
2026-09-08 17:01:02,multi_repeat_random_states.py,"(140000, 200)",181,sequential_13,Dense 128 -> 32 -> 64(relu) -> 128(relu) -> 64(relu) -> 64 -> 32 -> 1(sigmoid),binary_crossentropy,adam_13,32,256,33.0926,0.2380894124507904,0.19526323676109314,"[0.24415451288223267, 0.9092833399772644]",0.9092833333333333,0.7,54817
2026-09-08 17:01:17,multi_repeat_random_states.py,"(140000, 200)",97,sequential_13,Dense 128 -> 32 -> 64(relu) -> 128(relu) -> 64(relu) -> 64 -> 32 -> 1(sigmoid),binary_crossentropy,adam_13,33,256,34.1877,0.2260306179523468,0.1852196753025055,"[0.25109583139419556, 0.9094333052635193]",0.9094333333333333,0.7,54817
2026-09-08 17:01:47,multi_repeat_random_states.py,"(140000, 200)",14,sequential_14,Dense 128 -> 32 -> 64(relu) -> 128(relu) -> 64(relu) -> 64 -> 32 -> 1(sigmoid),binary_crossentropy,adam_14,46,256,48.3554,0.2959631383419037,0.19838687777519226,"[0.2439061999320984, 0.9099666476249695]",0.9099666666666667,0.7,54817
2026-09-08 17:01:56,multi_repeat_random_states.py,"(140000, 200)",182,sequential_14,Dense 128 -> 32 -> 64(relu) -> 128(relu) -> 64(relu) -> 64 -> 32 -> 1(sigmoid),binary_crossentropy,adam_14,48,256,50.3563,0.3148480951786041,0.19173705577850342,"[0.2456352859735489, 0.9095666408538818]",0.9095666666666666,0.7,54817
2026-09-08 17:01:59,multi_repeat_random_states.py,"(140000, 200)",98,sequential_14,Dense 128 -> 32 -> 64(relu) -> 128(relu) -> 64(relu) -> 64 -> 32 -> 1(sigmoid),binary_crossentropy,adam_14,37,256,38.9887,0.29496249556541443,0.20346902310848236,"[0.24481554329395294, 0.909683346748352]",0.9096833333333333,0.7,54817
2026-09-08 17:02:25,multi_repeat_random_states.py,"(140000, 200)",14,sequential_14,Dense 128 -> 32 -> 64(relu) -> 128(relu) -> 64(relu) -> 64 -> 32 -> 1(sigmoid),binary_crossentropy,adam_14,34,256,34.3458,0.2325863540172577,0.1922522336244583,"[0.24579361081123352, 0.9096333384513855]",0.9096333333333333,0.7,54817
2026-09-08 17:02:32,multi_repeat_random_states.py,"(140000, 200)",182,sequential_14,Dense 128 -> 32 -> 64(relu) -> 128(relu) -> 64(relu) -> 64 -> 32 -> 1(sigmoid),binary_crossentropy,adam_14,32,256,32.7793,0.23041467368602753,0.19054749608039856,"[0.24961887300014496, 0.9092833399772644]",0.9092833333333333,0.7,54817
2026-09-08 17:02:40,multi_repeat_random_states.py,"(140000, 200)",98,sequential_14,Dense 128 -> 32 -> 64(relu) -> 128(relu) -> 64(relu) -> 64 -> 32 -> 1(sigmoid),binary_crossentropy,adam_14,37,256,37.2922,0.24509264528751373,0.19411443173885345,"[0.24441476166248322, 0.9099500179290771]",0.90995,0.7,54817
2026-09-08 17:03:26,multi_repeat_random_states.py,"(140000, 200)",14,sequential_14,Dense 128 -> 32 -> 64(relu) -> 128(relu) -> 64(relu) -> 64 -> 32 -> 1(sigmoid),binary_crossentropy,adam_14,36,256,41.6915,0.22651280462741852,0.1851167231798172,"[0.2498907744884491, 0.9078999757766724]",0.9079,0.7,54817
2026-09-08 17:03:32,multi_repeat_random_states.py,"(140000, 200)",182,sequential_14,Dense 128 -> 32 -> 64(relu) -> 128(relu) -> 64(relu) -> 64 -> 32 -> 1(sigmoid),binary_crossentropy,adam_14,36,256,56.9785,0.22648879885673523,0.18300388753414154,"[0.25119200348854065, 0.9082333445549011]",0.9082333333333333,0.7,54817
2026-09-08 17:03:35,multi_repeat_random_states.py,"(140000, 200)",98,sequential_14,Dense 128 -> 32 -> 64(relu) -> 128(relu) -> 64(relu) -> 64 -> 32 -> 1(sigmoid),binary_crossentropy,adam_14,31,256,52.2122,0.23125900328159332,0.193641796708107,"[0.2461259812116623, 0.909166693687439]",0.9091666666666667,0.7,54817
2026-09-08 17:04:24,multi_repeat_random_states.py,"(140000, 200)",15,sequential_15,Dense 128 -> 32 -> 64(relu) -> 128(relu) -> 64(relu) -> 64 -> 32 -> 1(sigmoid),binary_crossentropy,adam_15,43,256,54.3377,0.2949228882789612,0.19831551611423492,"[0.2457221895456314, 0.909683346748352]",0.9096833333333333,0.7,54817
2026-09-08 17:04:24,multi_repeat_random_states.py,"(140000, 200)",183,sequential_15,Dense 128 -> 32 -> 64(relu) -> 128(relu) -> 64(relu) -> 64 -> 32 -> 1(sigmoid),binary_crossentropy,adam_15,38,256,48.8848,0.29508447647094727,0.20625759661197662,"[0.24587135016918182, 0.910266637802124]",0.9102666666666667,0.7,54817
2026-09-08 17:04:27,multi_repeat_random_states.py,"(140000, 200)",99,sequential_15,Dense 128 -> 32 -> 64(relu) -> 128(relu) -> 64(relu) -> 64 -> 32 -> 1(sigmoid),binary_crossentropy,adam_15,37,256,48.6474,0.3156186640262604,0.20521444082260132,"[0.24886639416217804, 0.9086333513259888]",0.9086333333333333,0.7,54817
2026-09-08 17:05:01,multi_repeat_random_states.py,"(140000, 200)",15,sequential_15,Dense 128 -> 32 -> 64(relu) -> 128(relu) -> 64(relu) -> 64 -> 32 -> 1(sigmoid),binary_crossentropy,adam_15,32,256,34.6526,0.23559990525245667,0.19289514422416687,"[0.24769870936870575, 0.9089166522026062]",0.9089166666666667,0.7,54817
2026-09-08 17:05:05,multi_repeat_random_states.py,"(140000, 200)",183,sequential_15,Dense 128 -> 32 -> 64(relu) -> 128(relu) -> 64(relu) -> 64 -> 32 -> 1(sigmoid),binary_crossentropy,adam_15,35,256,37.0817,0.2438901960849762,0.19933649897575378,"[0.24552005529403687, 0.9098166823387146]",0.9098166666666667,0.7,54817
2026-09-08 17:05:06,multi_repeat_random_states.py,"(140000, 200)",99,sequential_15,Dense 128 -> 32 -> 64(relu) -> 128(relu) -> 64(relu) -> 64 -> 32 -> 1(sigmoid),binary_crossentropy,adam_15,33,256,35.9863,0.25155168771743774,0.20308642089366913,"[0.24627891182899475, 0.9099833369255066]",0.9099833333333334,0.7,54817
2026-09-08 17:06:53,multi_repeat_random_states.py,"(140000, 200)",15,sequential_15,Dense 128 -> 32 -> 64(relu) -> 128(relu) -> 64(relu) -> 64 -> 32 -> 1(sigmoid),binary_crossentropy,adam_15,34,256,108.9799,0.23265419900417328,0.19078466296195984,"[0.25075769424438477, 0.9066666960716248]",0.9066666666666666,0.7,54817
2026-09-08 17:06:55,multi_repeat_random_states.py,"(140000, 200)",183,sequential_15,Dense 128 -> 32 -> 64(relu) -> 128(relu) -> 64(relu) -> 64 -> 32 -> 1(sigmoid),binary_crossentropy,adam_15,36,256,107.6291,0.2355426847934723,0.1897253841161728,"[0.2472233772277832, 0.9088000059127808]",0.9088,0.7,54817
2026-09-08 17:06:56,multi_repeat_random_states.py,"(140000, 200)",99,sequential_15,Dense 128 -> 32 -> 64(relu) -> 128(relu) -> 64(relu) -> 64 -> 32 -> 1(sigmoid),binary_crossentropy,adam_15,35,256,106.8287,0.2416100651025772,0.19410011172294617,"[0.24699316918849945, 0.9091833233833313]",0.9091833333333333,0.7,54817
2026-09-08 17:07:42,multi_repeat_random_states.py,"(140000, 200)",100,sequential_16,Dense 128 -> 32 -> 64(relu) -> 128(relu) -> 64(relu) -> 64 -> 32 -> 1(sigmoid),binary_crossentropy,adam_16,37,256,42.6841,0.29890725016593933,0.20791608095169067,"[0.2443883717060089, 0.9106833338737488]",0.9106833333333333,0.7,54817
2026-09-08 17:07:44,multi_repeat_random_states.py,"(140000, 200)",16,sequential_16,Dense 128 -> 32 -> 64(relu) -> 128(relu) -> 64(relu) -> 64 -> 32 -> 1(sigmoid),binary_crossentropy,adam_16,42,256,46.5484,0.310047447681427,0.20021101832389832,"[0.24206513166427612, 0.9118166565895081]",0.9118166666666667,0.7,54817
2026-09-08 17:07:52,multi_repeat_random_states.py,"(140000, 200)",184,sequential_16,Dense 128 -> 32 -> 64(relu) -> 128(relu) -> 64(relu) -> 64 -> 32 -> 1(sigmoid),binary_crossentropy,adam_16,48,256,53.1784,0.3040722608566284,0.19839422404766083,"[0.2453071027994156, 0.9096333384513855]",0.9096333333333333,0.7,54817
2026-09-08 17:08:21,multi_repeat_random_states.py,"(140000, 200)",16,sequential_16,Dense 128 -> 32 -> 64(relu) -> 128(relu) -> 64(relu) -> 64 -> 32 -> 1(sigmoid),binary_crossentropy,adam_16,32,256,34.4439,0.24168767035007477,0.19792787730693817,"[0.2434689998626709, 0.911383330821991]",0.9113833333333333,0.7,54817
2026-09-08 17:08:23,multi_repeat_random_states.py,"(140000, 200)",100,sequential_16,Dense 128 -> 32 -> 64(relu) -> 128(relu) -> 64(relu) -> 64 -> 32 -> 1(sigmoid),binary_crossentropy,adam_16,35,256,37.6702,0.24763372540473938,0.1988764852285385,"[0.24249756336212158, 0.9103666543960571]",0.9103666666666667,0.7,54817
2026-09-08 17:08:30,multi_repeat_random_states.py,"(140000, 200)",184,sequential_16,Dense 128 -> 32 -> 64(relu) -> 128(relu) -> 64(relu) -> 64 -> 32 -> 1(sigmoid),binary_crossentropy,adam_16,32,256,34.7637,0.2308243066072464,0.1941712498664856,"[0.248184472322464, 0.908216655254364]",0.9082166666666667,0.7,54817
2026-09-08 17:08:58,multi_repeat_random_states.py,"(140000, 200)",16,sequential_16,Dense 128 -> 32 -> 64(relu) -> 128(relu) -> 64(relu) -> 64 -> 32 -> 1(sigmoid),binary_crossentropy,adam_16,31,256,33.9184,0.23739925026893616,0.1961715966463089,"[0.24504894018173218, 0.9103000164031982]",0.9103,0.7,54817
2026-09-08 17:09:04,multi_repeat_random_states.py,"(140000, 200)",100,sequential_16,Dense 128 -> 32 -> 64(relu) -> 128(relu) -> 64(relu) -> 64 -> 32 -> 1(sigmoid),binary_crossentropy,adam_16,35,256,38.1749,0.23901653289794922,0.1938624382019043,"[0.24427862465381622, 0.9101333618164062]",0.9101333333333333,0.7,54817
2026-09-08 17:09:11,multi_repeat_random_states.py,"(140000, 200)",184,sequential_16,Dense 128 -> 32 -> 64(relu) -> 128(relu) -> 64(relu) -> 64 -> 32 -> 1(sigmoid),binary_crossentropy,adam_16,34,256,37.329,0.22817754745483398,0.19048532843589783,"[0.24827079474925995, 0.9088833332061768]",0.9088833333333334,0.7,54817
2026-09-08 17:09:47,multi_repeat_random_states.py,"(140000, 200)",17,sequential_17,Dense 128 -> 32 -> 64(relu) -> 128(relu) -> 64(relu) -> 64 -> 32 -> 1(sigmoid),binary_crossentropy,adam_17,41,256,44.9255,0.30195528268814087,0.19974908232688904,"[0.24758362770080566, 0.9096666574478149]",0.9096666666666666,0.7,54817
2026-09-08 17:09:55,multi_repeat_random_states.py,"(140000, 200)",101,sequential_17,Dense 128 -> 32 -> 64(relu) -> 128(relu) -> 64(relu) -> 64 -> 32 -> 1(sigmoid),binary_crossentropy,adam_17,43,256,46.819,0.3189023733139038,0.20328816771507263,"[0.24231863021850586, 0.9108166694641113]",0.9108166666666667,0.7,54817
2026-09-08 17:10:03,multi_repeat_random_states.py,"(140000, 200)",185,sequential_17,Dense 128 -> 32 -> 64(relu) -> 128(relu) -> 64(relu) -> 64 -> 32 -> 1(sigmoid),binary_crossentropy,adam_17,43,256,48.1039,0.30568069219589233,0.19618810713291168,"[0.2458517700433731, 0.9098666906356812]",0.9098666666666667,0.7,54817
2026-09-08 17:10:25,multi_repeat_random_states.py,"(140000, 200)",17,sequential_17,Dense 128 -> 32 -> 64(relu) -> 128(relu) -> 64(relu) -> 64 -> 32 -> 1(sigmoid),binary_crossentropy,adam_17,32,256,34.1989,0.23848535120487213,0.1960974782705307,"[0.24731484055519104, 0.9094333052635193]",0.9094333333333333,0.7,54817
2026-09-08 17:10:39,multi_repeat_random_states.py,"(140000, 200)",185,sequential_17,Dense 128 -> 32 -> 64(relu) -> 128(relu) -> 64(relu) -> 64 -> 32 -> 1(sigmoid),binary_crossentropy,adam_17,31,256,33.1738,0.2360866814851761,0.19703128933906555,"[0.2463369071483612, 0.9104499816894531]",0.91045,0.7,54817
2026-09-08 17:10:39,multi_repeat_random_states.py,"(140000, 200)",101,sequential_17,Dense 128 -> 32 -> 64(relu) -> 128(relu) -> 64(relu) -> 64 -> 32 -> 1(sigmoid),binary_crossentropy,adam_17,39,256,41.1956,0.2414233386516571,0.18724371492862701,"[0.24396583437919617, 0.9098166823387146]",0.9098166666666667,0.7,54817
2026-09-08 17:11:07,multi_repeat_random_states.py,"(140000, 200)",17,sequential_17,Dense 128 -> 32 -> 64(relu) -> 128(relu) -> 64(relu) -> 64 -> 32 -> 1(sigmoid),binary_crossentropy,adam_17,37,256,38.8345,0.23549331724643707,0.18613332509994507,"[0.24952302873134613, 0.9082833528518677]",0.9082833333333333,0.7,54817
2026-09-08 17:11:16,multi_repeat_random_states.py,"(140000, 200)",101,sequential_17,Dense 128 -> 32 -> 64(relu) -> 128(relu) -> 64(relu) -> 64 -> 32 -> 1(sigmoid),binary_crossentropy,adam_17,32,256,33.9538,0.22597405314445496,0.18602235615253448,"[0.24839016795158386, 0.9087666869163513]",0.9087666666666666,0.7,54817
2026-09-08 17:11:17,multi_repeat_random_states.py,"(140000, 200)",185,sequential_17,Dense 128 -> 32 -> 64(relu) -> 128(relu) -> 64(relu) -> 64 -> 32 -> 1(sigmoid),binary_crossentropy,adam_17,33,256,35.1609,0.23489618301391602,0.19249270856380463,"[0.24562878906726837, 0.9089666604995728]",0.9089666666666667,0.7,54817
2026-09-08 17:11:52,multi_repeat_random_states.py,"(140000, 200)",18,sequential_18,Dense 128 -> 32 -> 64(relu) -> 128(relu) -> 64(relu) -> 64 -> 32 -> 1(sigmoid),binary_crossentropy,adam_18,38,256,41.8751,0.3401537835597992,0.20992827415466309,"[0.24363446235656738, 0.9097833037376404]",0.9097833333333334,0.7,54817
2026-09-08 17:12:04,multi_repeat_random_states.py,"(140000, 200)",186,sequential_18,Dense 128 -> 32 -> 64(relu) -> 128(relu) -> 64(relu) -> 64 -> 32 -> 1(sigmoid),binary_crossentropy,adam_18,40,256,43.9373,0.364151269197464,0.21100260317325592,"[0.24498498439788818, 0.9101666808128357]",0.9101666666666667,0.7,54817
2026-09-08 17:12:11,multi_repeat_random_states.py,"(140000, 200)",102,sequential_18,Dense 128 -> 32 -> 64(relu) -> 128(relu) -> 64(relu) -> 64 -> 32 -> 1(sigmoid),binary_crossentropy,adam_18,47,256,51.0121,0.2988812327384949,0.19624178111553192,"[0.24564096331596375, 0.9109500050544739]",0.91095,0.7,54817
2026-09-08 17:12:32,multi_repeat_random_states.py,"(140000, 200)",18,sequential_18,Dense 128 -> 32 -> 64(relu) -> 128(relu) -> 64(relu) -> 64 -> 32 -> 1(sigmoid),binary_crossentropy,adam_18,36,256,36.5034,0.25108835101127625,0.2012215405702591,"[0.24264343082904816, 0.9096999764442444]",0.9097,0.7,54817
2026-09-08 17:12:44,multi_repeat_random_states.py,"(140000, 200)",186,sequential_18,Dense 128 -> 32 -> 64(relu) -> 128(relu) -> 64(relu) -> 64 -> 32 -> 1(sigmoid),binary_crossentropy,adam_18,36,256,36.3472,0.24701501429080963,0.1997496336698532,"[0.24487890303134918, 0.9104999899864197]",0.9105,0.7,54817
2026-09-08 17:12:51,multi_repeat_random_states.py,"(140000, 200)",102,sequential_18,Dense 128 -> 32 -> 64(relu) -> 128(relu) -> 64(relu) -> 64 -> 32 -> 1(sigmoid),binary_crossentropy,adam_18,36,256,36.857,0.23291867971420288,0.18998126685619354,"[0.24943038821220398, 0.9088166952133179]",0.9088166666666667,0.7,54817
2026-09-08 17:13:11,multi_repeat_random_states.py,"(140000, 200)",18,sequential_18,Dense 128 -> 32 -> 64(relu) -> 128(relu) -> 64(relu) -> 64 -> 32 -> 1(sigmoid),binary_crossentropy,adam_18,35,256,35.514,0.2380470633506775,0.19173330068588257,"[0.24343059957027435, 0.90993332862854]",0.9099333333333334,0.7,54817
2026-09-08 17:13:19,multi_repeat_random_states.py,"(140000, 200)",186,sequential_18,Dense 128 -> 32 -> 64(relu) -> 128(relu) -> 64(relu) -> 64 -> 32 -> 1(sigmoid),binary_crossentropy,adam_18,31,256,31.3614,0.23454946279525757,0.19824986159801483,"[0.24631215631961823, 0.9102833271026611]",0.9102833333333333,0.7,54817
2026-09-08 17:13:27,multi_repeat_random_states.py,"(140000, 200)",102,sequential_18,Dense 128 -> 32 -> 64(relu) -> 128(relu) -> 64(relu) -> 64 -> 32 -> 1(sigmoid),binary_crossentropy,adam_18,33,256,32.9578,0.2234354317188263,0.18502317368984222,"[0.2505226731300354, 0.9085666537284851]",0.9085666666666666,0.7,54817
2026-09-08 17:13:57,multi_repeat_random_states.py,"(140000, 200)",19,sequential_19,Dense 128 -> 32 -> 64(relu) -> 128(relu) -> 64(relu) -> 64 -> 32 -> 1(sigmoid),binary_crossentropy,adam_19,41,256,42.9039,0.28857630491256714,0.20241811871528625,"[0.24451518058776855, 0.9097999930381775]",0.9098,0.7,54817
2026-09-08 17:14:06,multi_repeat_random_states.py,"(140000, 200)",187,sequential_19,Dense 128 -> 32 -> 64(relu) -> 128(relu) -> 64(relu) -> 64 -> 32 -> 1(sigmoid),binary_crossentropy,adam_19,42,256,43.8025,0.3156485855579376,0.20187033712863922,"[0.24288874864578247, 0.9103333353996277]",0.9103333333333333,0.7,54817
2026-09-08 17:14:21,multi_repeat_random_states.py,"(140000, 200)",103,sequential_19,Dense 128 -> 32 -> 64(relu) -> 128(relu) -> 64(relu) -> 64 -> 32 -> 1(sigmoid),binary_crossentropy,adam_19,46,256,48.6175,0.29388707876205444,0.19513273239135742,"[0.246787428855896, 0.909683346748352]",0.9096833333333333,0.7,54817
2026-09-08 17:14:37,multi_repeat_random_states.py,"(140000, 200)",19,sequential_19,Dense 128 -> 32 -> 64(relu) -> 128(relu) -> 64(relu) -> 64 -> 32 -> 1(sigmoid),binary_crossentropy,adam_19,35,256,36.0456,0.23856769502162933,0.19647791981697083,"[0.24613328278064728, 0.9091833233833313]",0.9091833333333333,0.7,54817
2026-09-08 17:14:43,multi_repeat_random_states.py,"(140000, 200)",187,sequential_19,Dense 128 -> 32 -> 64(relu) -> 128(relu) -> 64(relu) -> 64 -> 32 -> 1(sigmoid),binary_crossentropy,adam_19,32,256,33.1088,0.2384340465068817,0.19760748744010925,"[0.24373294413089752, 0.9100499749183655]",0.91005,0.7,54817
2026-09-08 17:15:02,multi_repeat_random_states.py,"(140000, 200)",103,sequential_19,Dense 128 -> 32 -> 64(relu) -> 128(relu) -> 64(relu) -> 64 -> 32 -> 1(sigmoid),binary_crossentropy,adam_19,37,256,38.3476,0.23216359317302704,0.18321801722049713,"[0.24986736476421356, 0.9086999893188477]",0.9087,0.7,54817
2026-09-08 17:15:11,multi_repeat_random_states.py,"(140000, 200)",19,sequential_19,Dense 128 -> 32 -> 64(relu) -> 128(relu) -> 64(relu) -> 64 -> 32 -> 1(sigmoid),binary_crossentropy,adam_19,31,256,31.6548,0.23086149990558624,0.1924949437379837,"[0.24746550619602203, 0.9090666770935059]",0.9090666666666667,0.7,54817
2026-09-08 17:15:18,multi_repeat_random_states.py,"(140000, 200)",187,sequential_19,Dense 128 -> 32 -> 64(relu) -> 128(relu) -> 64(relu) -> 64 -> 32 -> 1(sigmoid),binary_crossentropy,adam_19,32,256,32.499,0.23451854288578033,0.19560061395168304,"[0.24244709312915802, 0.9104333519935608]",0.9104333333333333,0.7,54817
2026-09-08 17:15:41,multi_repeat_random_states.py,"(140000, 200)",103,sequential_19,Dense 128 -> 32 -> 64(relu) -> 128(relu) -> 64(relu) -> 64 -> 32 -> 1(sigmoid),binary_crossentropy,adam_19,35,256,35.1654,0.22247101366519928,0.1772623360157013,"[0.2559579312801361, 0.9074333310127258]",0.9074333333333333,0.7,54817
2026-09-08 17:15:56,multi_repeat_random_states.py,"(140000, 200)",20,sequential_20,Dense 128 -> 32 -> 64(relu) -> 128(relu) -> 64(relu) -> 64 -> 32 -> 1(sigmoid),binary_crossentropy,adam_20,38,256,40.8507,0.2973986864089966,0.20886212587356567,"[0.24442161619663239, 0.9108666777610779]",0.9108666666666667,0.7,54817
2026-09-08 17:16:04,multi_repeat_random_states.py,"(140000, 200)",188,sequential_20,Dense 128 -> 32 -> 64(relu) -> 128(relu) -> 64(relu) -> 64 -> 32 -> 1(sigmoid),binary_crossentropy,adam_20,40,256,41.926,0.31655994057655334,0.2090674489736557,"[0.24269548058509827, 0.9102333188056946]",0.9102333333333333,0.7,54817
2026-09-08 17:16:23,multi_repeat_random_states.py,"(140000, 200)",104,sequential_20,Dense 128 -> 32 -> 64(relu) -> 128(relu) -> 64(relu) -> 64 -> 32 -> 1(sigmoid),binary_crossentropy,adam_20,36,256,38.7245,0.3017561733722687,0.20827506482601166,"[0.24718597531318665, 0.9086166620254517]",0.9086166666666666,0.7,54817
2026-09-08 17:16:35,multi_repeat_random_states.py,"(140000, 200)",20,sequential_20,Dense 128 -> 32 -> 64(relu) -> 128(relu) -> 64(relu) -> 64 -> 32 -> 1(sigmoid),binary_crossentropy,adam_20,35,256,35.9231,0.24355745315551758,0.19985316693782806,"[0.2451910525560379, 0.9107499718666077]",0.91075,0.7,54817
2026-09-08 17:16:45,multi_repeat_random_states.py,"(140000, 200)",188,sequential_20,Dense 128 -> 32 -> 64(relu) -> 128(relu) -> 64(relu) -> 64 -> 32 -> 1(sigmoid),binary_crossentropy,adam_20,37,256,38.0696,0.24696005880832672,0.19770723581314087,"[0.24332298338413239, 0.9099500179290771]",0.90995,0.7,54817
2026-09-08 17:17:03,multi_repeat_random_states.py,"(140000, 200)",104,sequential_20,Dense 128 -> 32 -> 64(relu) -> 128(relu) -> 64(relu) -> 64 -> 32 -> 1(sigmoid),binary_crossentropy,adam_20,35,256,36.5935,0.2489277571439743,0.20085233449935913,"[0.24491387605667114, 0.909583330154419]",0.9095833333333333,0.7,54817
2026-09-08 17:17:13,multi_repeat_random_states.py,"(140000, 200)",20,sequential_20,Dense 128 -> 32 -> 64(relu) -> 128(relu) -> 64(relu) -> 64 -> 32 -> 1(sigmoid),binary_crossentropy,adam_20,31,256,34.2444,0.23484188318252563,0.19729562103748322,"[0.24752621352672577, 0.9097999930381775]",0.9098,0.7,54817
2026-09-08 17:17:20,multi_repeat_random_states.py,"(140000, 200)",188,sequential_20,Dense 128 -> 32 -> 64(relu) -> 128(relu) -> 64(relu) -> 64 -> 32 -> 1(sigmoid),binary_crossentropy,adam_20,31,256,31.4631,0.23331579566001892,0.19546200335025787,"[0.245976522564888, 0.9100333452224731]",0.9100333333333334,0.7,54817
2026-09-08 17:17:45,multi_repeat_random_states.py,"(140000, 200)",104,sequential_20,Dense 128 -> 32 -> 64(relu) -> 128(relu) -> 64(relu) -> 64 -> 32 -> 1(sigmoid),binary_crossentropy,adam_20,38,256,39.1165,0.23812614381313324,0.18848198652267456,"[0.2460397183895111, 0.9093166589736938]",0.9093166666666667,0.7,54817
2026-09-08 17:18:06,multi_repeat_random_states.py,"(140000, 200)",21,sequential_21,Dense 128 -> 32 -> 64(relu) -> 128(relu) -> 64(relu) -> 64 -> 32 -> 1(sigmoid),binary_crossentropy,adam_21,45,256,48.9677,0.2875782251358032,0.19459539651870728,"[0.24584491550922394, 0.9090333580970764]",0.9090333333333334,0.7,54817
2026-09-08 17:18:11,multi_repeat_random_states.py,"(140000, 200)",189,sequential_21,Dense 128 -> 32 -> 64(relu) -> 128(relu) -> 64(relu) -> 64 -> 32 -> 1(sigmoid),binary_crossentropy,adam_21,43,256,46.7206,0.3075532615184784,0.20358027517795563,"[0.24433542788028717, 0.9108166694641113]",0.9108166666666667,0.7,54817
2026-09-08 17:18:40,multi_repeat_random_states.py,"(140000, 200)",105,sequential_21,Dense 128 -> 32 -> 64(relu) -> 128(relu) -> 64(relu) -> 64 -> 32 -> 1(sigmoid),binary_crossentropy,adam_21,44,256,50.2216,0.31655681133270264,0.20296120643615723,"[0.2434290498495102, 0.9104833602905273]",0.9104833333333333,0.7,54817
2026-09-08 17:18:46,multi_repeat_random_states.py,"(140000, 200)",21,sequential_21,Dense 128 -> 32 -> 64(relu) -> 128(relu) -> 64(relu) -> 64 -> 32 -> 1(sigmoid),binary_crossentropy,adam_21,35,256,37.7956,0.23102246224880219,0.1854296326637268,"[0.24672475457191467, 0.9092166423797607]",0.9092166666666667,0.7,54817
2026-09-08 17:18:50,multi_repeat_random_states.py,"(140000, 200)",189,sequential_21,Dense 128 -> 32 -> 64(relu) -> 128(relu) -> 64(relu) -> 64 -> 32 -> 1(sigmoid),binary_crossentropy,adam_21,32,256,34.9489,0.2409375011920929,0.20038504898548126,"[0.24622713029384613, 0.9088333249092102]",0.9088333333333334,0.7,54817
2026-09-08 17:20:06,multi_repeat_random_states.py,"(140000, 200)",21,sequential_21,Dense 128 -> 32 -> 64(relu) -> 128(relu) -> 64(relu) -> 64 -> 32 -> 1(sigmoid),binary_crossentropy,adam_21,34,256,65.4857,0.223323255777359,0.18362446129322052,"[0.25284209847450256, 0.9082666635513306]",0.9082666666666667,0.7,54817
2026-09-08 17:20:09,multi_repeat_random_states.py,"(140000, 200)",105,sequential_21,Dense 128 -> 32 -> 64(relu) -> 128(relu) -> 64(relu) -> 64 -> 32 -> 1(sigmoid),binary_crossentropy,adam_21,40,256,77.2159,0.2398652881383896,0.1902066022157669,"[0.24614283442497253, 0.909333348274231]",0.9093333333333333,0.7,54817
2026-09-08 17:20:19,multi_repeat_random_states.py,"(140000, 200)",189,sequential_21,Dense 128 -> 32 -> 64(relu) -> 128(relu) -> 64(relu) -> 64 -> 32 -> 1(sigmoid),binary_crossentropy,adam_21,33,256,68.272,0.23585006594657898,0.19582347571849823,"[0.2458621710538864, 0.9101333618164062]",0.9101333333333333,0.7,54817
2026-09-08 17:23:32,multi_repeat_random_states.py,"(140000, 200)",105,sequential_21,Dense 128 -> 32 -> 64(relu) -> 128(relu) -> 64(relu) -> 64 -> 32 -> 1(sigmoid),binary_crossentropy,adam_21,32,256,198.9983,0.2233787328004837,0.18861326575279236,"[0.25069376826286316, 0.9079833626747131]",0.9079833333333334,0.7,54817
2026-09-08 17:23:34,multi_repeat_random_states.py,"(140000, 200)",22,sequential_22,Dense 128 -> 32 -> 64(relu) -> 128(relu) -> 64(relu) -> 64 -> 32 -> 1(sigmoid),binary_crossentropy,adam_22,39,256,203.4362,0.30354294180870056,0.20392592251300812,"[0.24553748965263367, 0.9096500277519226]",0.90965,0.7,54817
2026-09-08 17:23:54,multi_repeat_random_states.py,"(140000, 200)",190,sequential_22,Dense 128 -> 32 -> 64(relu) -> 128(relu) -> 64(relu) -> 64 -> 32 -> 1(sigmoid),binary_crossentropy,adam_22,42,256,197.4224,0.30845239758491516,0.20104864239692688,"[0.24227143824100494, 0.9105166792869568]",0.9105166666666666,0.7,54817
2026-09-08 17:26:17,multi_repeat_random_states.py,"(140000, 200)",22,sequential_22,Dense 128 -> 32 -> 64(relu) -> 128(relu) -> 64(relu) -> 64 -> 32 -> 1(sigmoid),binary_crossentropy,adam_22,33,256,140.4941,0.24310728907585144,0.1985481232404709,"[0.24712303280830383, 0.9094833135604858]",0.9094833333333333,0.7,54817
2026-09-08 17:26:40,multi_repeat_random_states.py,"(140000, 200)",190,sequential_22,Dense 128 -> 32 -> 64(relu) -> 128(relu) -> 64(relu) -> 64 -> 32 -> 1(sigmoid),binary_crossentropy,adam_22,34,256,163.3689,0.2399558424949646,0.1946643441915512,"[0.24600498378276825, 0.9104833602905273]",0.9104833333333333,0.7,54817
2026-09-08 17:26:45,multi_repeat_random_states.py,"(140000, 200)",106,sequential_22,Dense 128 -> 32 -> 64(relu) -> 128(relu) -> 64(relu) -> 64 -> 32 -> 1(sigmoid),binary_crossentropy,adam_22,50,256,189.0695,0.3079906105995178,0.19210965931415558,"[0.24593952298164368, 0.9099166393280029]",0.9099166666666667,0.7,54817
2026-09-08 17:27:05,multi_repeat_random_states.py,"(140000, 200)",22,sequential_22,Dense 128 -> 32 -> 64(relu) -> 128(relu) -> 64(relu) -> 64 -> 32 -> 1(sigmoid),binary_crossentropy,adam_22,32,256,44.7874,0.23662881553173065,0.19529443979263306,"[0.24575521051883698, 0.9092833399772644]",0.9092833333333333,0.7,54817
2026-09-08 17:27:15,multi_repeat_random_states.py,"(140000, 200)",190,sequential_22,Dense 128 -> 32 -> 64(relu) -> 128(relu) -> 64(relu) -> 64 -> 32 -> 1(sigmoid),binary_crossentropy,adam_22,31,256,31.8634,0.23484419286251068,0.19546307623386383,"[0.24520380795001984, 0.9094333052635193]",0.9094333333333333,0.7,54817
2026-09-08 17:27:21,multi_repeat_random_states.py,"(140000, 200)",106,sequential_22,Dense 128 -> 32 -> 64(relu) -> 128(relu) -> 64(relu) -> 64 -> 32 -> 1(sigmoid),binary_crossentropy,adam_22,31,256,31.9612,0.22861261665821075,0.18936997652053833,"[0.24793243408203125, 0.9083333611488342]",0.9083333333333333,0.7,54817
2026-09-08 17:27:56,multi_repeat_random_states.py,"(140000, 200)",106,sequential_22,Dense 128 -> 32 -> 64(relu) -> 128(relu) -> 64(relu) -> 64 -> 32 -> 1(sigmoid),binary_crossentropy,adam_22,31,256,32.6877,0.22544944286346436,0.18841812014579773,"[0.2500476539134979, 0.9086833596229553]",0.9086833333333333,0.7,54817
2026-09-08 17:27:57,multi_repeat_random_states.py,"(140000, 200)",23,sequential_23,Dense 128 -> 32 -> 64(relu) -> 128(relu) -> 64(relu) -> 64 -> 32 -> 1(sigmoid),binary_crossentropy,adam_23,45,256,48.3171,0.32806986570358276,0.1963580846786499,"[0.2429988533258438, 0.9108333587646484]",0.9108333333333334,0.7,54817
2026-09-08 17:28:07,multi_repeat_random_states.py,"(140000, 200)",191,sequential_23,Dense 128 -> 32 -> 64(relu) -> 128(relu) -> 64(relu) -> 64 -> 32 -> 1(sigmoid),binary_crossentropy,adam_23,45,256,47.5264,0.2966197431087494,0.19900165498256683,"[0.24271859228610992, 0.909683346748352]",0.9096833333333333,0.7,54817
2026-09-08 17:28:34,multi_repeat_random_states.py,"(140000, 200)",23,sequential_23,Dense 128 -> 32 -> 64(relu) -> 128(relu) -> 64(relu) -> 64 -> 32 -> 1(sigmoid),binary_crossentropy,adam_23,32,256,34.3156,0.23758618533611298,0.19467179477214813,"[0.24537838995456696, 0.9086999893188477]",0.9087,0.7,54817
2026-09-08 17:28:44,multi_repeat_random_states.py,"(140000, 200)",191,sequential_23,Dense 128 -> 32 -> 64(relu) -> 128(relu) -> 64(relu) -> 64 -> 32 -> 1(sigmoid),binary_crossentropy,adam_23,31,256,33.9759,0.23467129468917847,0.20047365128993988,"[0.2451114058494568, 0.9089499711990356]",0.90895,0.7,54817
2026-09-08 17:28:50,multi_repeat_random_states.py,"(140000, 200)",107,sequential_23,Dense 128 -> 32 -> 64(relu) -> 128(relu) -> 64(relu) -> 64 -> 32 -> 1(sigmoid),binary_crossentropy,adam_23,44,256,49.5248,0.29398834705352783,0.19644606113433838,"[0.2438565492630005, 0.910183310508728]",0.9101833333333333,0.7,54817
2026-09-08 17:29:11,multi_repeat_random_states.py,"(140000, 200)",23,sequential_23,Dense 128 -> 32 -> 64(relu) -> 128(relu) -> 64(relu) -> 64 -> 32 -> 1(sigmoid),binary_crossentropy,adam_23,31,256,33.008,0.23433436453342438,0.19333148002624512,"[0.24736392498016357, 0.909583330154419]",0.9095833333333333,0.7,54817
2026-09-08 17:29:22,multi_repeat_random_states.py,"(140000, 200)",191,sequential_23,Dense 128 -> 32 -> 64(relu) -> 128(relu) -> 64(relu) -> 64 -> 32 -> 1(sigmoid),binary_crossentropy,adam_23,33,256,33.8169,0.23344358801841736,0.19605663418769836,"[0.24613696336746216, 0.9087166786193848]",0.9087166666666666,0.7,54817
2026-09-08 17:29:28,multi_repeat_random_states.py,"(140000, 200)",107,sequential_23,Dense 128 -> 32 -> 64(relu) -> 128(relu) -> 64(relu) -> 64 -> 32 -> 1(sigmoid),binary_crossentropy,adam_23,33,256,34.2833,0.23509281873703003,0.1923476904630661,"[0.2449561506509781, 0.9112333059310913]",0.9112333333333333,0.7,54817
2026-09-08 17:29:55,multi_repeat_random_states.py,"(140000, 200)",24,sequential_24,Dense 128 -> 32 -> 64(relu) -> 128(relu) -> 64(relu) -> 64 -> 32 -> 1(sigmoid),binary_crossentropy,adam_24,36,256,40.0888,0.30426645278930664,0.21202991902828217,"[0.2442702203989029, 0.9113333225250244]",0.9113333333333333,0.7,54817
2026-09-08 17:30:06,multi_repeat_random_states.py,"(140000, 200)",107,sequential_23,Dense 128 -> 32 -> 64(relu) -> 128(relu) -> 64(relu) -> 64 -> 32 -> 1(sigmoid),binary_crossentropy,adam_23,32,256,34.5757,0.22977951169013977,0.1874970942735672,"[0.24724048376083374, 0.9090333580970764]",0.9090333333333334,0.7,54817
2026-09-08 17:30:13,multi_repeat_random_states.py,"(140000, 200)",192,sequential_24,Dense 128 -> 32 -> 64(relu) -> 128(relu) -> 64(relu) -> 64 -> 32 -> 1(sigmoid),binary_crossentropy,adam_24,44,256,47.5876,0.31707072257995605,0.19522851705551147,"[0.24509844183921814, 0.9092666506767273]",0.9092666666666667,0.7,54817
2026-09-08 17:31:42,multi_repeat_random_states.py,"(140000, 200)",24,sequential_24,Dense 128 -> 32 -> 64(relu) -> 128(relu) -> 64(relu) -> 64 -> 32 -> 1(sigmoid),binary_crossentropy,adam_24,42,256,88.4271,0.25157174468040466,0.19422315061092377,"[0.24382853507995605, 0.9109833240509033]",0.9109833333333334,0.7,54817
2026-09-08 17:32:09,multi_repeat_random_states.py,"(140000, 200)",192,sequential_24,Dense 128 -> 32 -> 64(relu) -> 128(relu) -> 64(relu) -> 64 -> 32 -> 1(sigmoid),binary_crossentropy,adam_24,40,256,112.7535,0.23741208016872406,0.18336784839630127,"[0.24800309538841248, 0.9093499779701233]",0.90935,0.7,54817
2026-09-08 17:32:11,multi_repeat_random_states.py,"(140000, 200)",108,sequential_24,Dense 128 -> 32 -> 64(relu) -> 128(relu) -> 64(relu) -> 64 -> 32 -> 1(sigmoid),binary_crossentropy,adam_24,46,256,121.2001,0.30649641156196594,0.19206681847572327,"[0.24731214344501495, 0.9086333513259888]",0.9086333333333333,0.7,54817
2026-09-08 17:32:33,multi_repeat_random_states.py,"(140000, 200)",24,sequential_24,Dense 128 -> 32 -> 64(relu) -> 128(relu) -> 64(relu) -> 64 -> 32 -> 1(sigmoid),binary_crossentropy,adam_24,33,256,47.6206,0.22885620594024658,0.19171766936779022,"[0.24494148790836334, 0.9097999930381775]",0.9098,0.7,54817
2026-09-08 17:32:47,multi_repeat_random_states.py,"(140000, 200)",192,sequential_24,Dense 128 -> 32 -> 64(relu) -> 128(relu) -> 64(relu) -> 64 -> 32 -> 1(sigmoid),binary_crossentropy,adam_24,34,256,33.9204,0.22262059152126312,0.17723993957042694,"[0.2506025433540344, 0.9085000157356262]",0.9085,0.7,54817
2026-09-08 17:32:49,multi_repeat_random_states.py,"(140000, 200)",108,sequential_24,Dense 128 -> 32 -> 64(relu) -> 128(relu) -> 64(relu) -> 64 -> 32 -> 1(sigmoid),binary_crossentropy,adam_24,35,256,34.9763,0.23275195062160492,0.18478752672672272,"[0.2488032728433609, 0.9085999727249146]",0.9086,0.7,54817
2026-09-08 17:33:23,multi_repeat_random_states.py,"(140000, 200)",25,sequential_25,Dense 128 -> 32 -> 64(relu) -> 128(relu) -> 64(relu) -> 64 -> 32 -> 1(sigmoid),binary_crossentropy,adam_25,45,256,46.3085,0.3219170868396759,0.2014641910791397,"[0.2435392439365387, 0.9105833172798157]",0.9105833333333333,0.7,54817
2026-09-08 17:33:23,multi_repeat_random_states.py,"(140000, 200)",108,sequential_24,Dense 128 -> 32 -> 64(relu) -> 128(relu) -> 64(relu) -> 64 -> 32 -> 1(sigmoid),binary_crossentropy,adam_24,31,256,31.46,0.22473861277103424,0.18370762467384338,"[0.253691703081131, 0.9064000248908997]",0.9064,0.7,54817
2026-09-08 17:33:31,multi_repeat_random_states.py,"(140000, 200)",193,sequential_25,Dense 128 -> 32 -> 64(relu) -> 128(relu) -> 64(relu) -> 64 -> 32 -> 1(sigmoid),binary_crossentropy,adam_25,39,256,40.3302,0.3133978843688965,0.20065359771251678,"[0.24344176054000854, 0.9102500081062317]",0.91025,0.7,54817
2026-09-08 17:34:00,multi_repeat_random_states.py,"(140000, 200)",25,sequential_25,Dense 128 -> 32 -> 64(relu) -> 128(relu) -> 64(relu) -> 64 -> 32 -> 1(sigmoid),binary_crossentropy,adam_25,32,256,34.1728,0.2394762486219406,0.19470523297786713,"[0.2451912760734558, 0.9090666770935059]",0.9090666666666667,0.7,54817
2026-09-08 17:34:08,multi_repeat_random_states.py,"(140000, 200)",193,sequential_25,Dense 128 -> 32 -> 64(relu) -> 128(relu) -> 64(relu) -> 64 -> 32 -> 1(sigmoid),binary_crossentropy,adam_25,33,256,33.8649,0.2436904013156891,0.1971815824508667,"[0.24398261308670044, 0.9100666642189026]",0.9100666666666667,0.7,54817
2026-09-08 17:34:10,multi_repeat_random_states.py,"(140000, 200)",109,sequential_25,Dense 128 -> 32 -> 64(relu) -> 128(relu) -> 64(relu) -> 64 -> 32 -> 1(sigmoid),binary_crossentropy,adam_25,40,256,43.0497,0.30212703347206116,0.20573648810386658,"[0.24469132721424103, 0.9105166792869568]",0.9105166666666666,0.7,54817
2026-09-08 17:34:38,multi_repeat_random_states.py,"(140000, 200)",25,sequential_25,Dense 128 -> 32 -> 64(relu) -> 128(relu) -> 64(relu) -> 64 -> 32 -> 1(sigmoid),binary_crossentropy,adam_25,31,256,34.019,0.23400016129016876,0.1934833973646164,"[0.24537213146686554, 0.909333348274231]",0.9093333333333333,0.7,54817
2026-09-08 17:34:48,multi_repeat_random_states.py,"(140000, 200)",109,sequential_25,Dense 128 -> 32 -> 64(relu) -> 128(relu) -> 64(relu) -> 64 -> 32 -> 1(sigmoid),binary_crossentropy,adam_25,32,256,34.4781,0.24145837128162384,0.20135733485221863,"[0.24473337829113007, 0.9099833369255066]",0.9099833333333334,0.7,54817
2026-09-08 17:34:48,multi_repeat_random_states.py,"(140000, 200)",193,sequential_25,Dense 128 -> 32 -> 64(relu) -> 128(relu) -> 64(relu) -> 64 -> 32 -> 1(sigmoid),binary_crossentropy,adam_25,35,256,37.1766,0.238081693649292,0.18705622851848602,"[0.24608458578586578, 0.9094833135604858]",0.9094833333333333,0.7,54817
2026-09-08 17:35:27,multi_repeat_random_states.py,"(140000, 200)",109,sequential_25,Dense 128 -> 32 -> 64(relu) -> 128(relu) -> 64(relu) -> 64 -> 32 -> 1(sigmoid),binary_crossentropy,adam_25,33,256,35.7877,0.237741157412529,0.19814057648181915,"[0.24732017517089844, 0.9088166952133179]",0.9088166666666667,0.7,54817
2026-09-08 17:35:31,multi_repeat_random_states.py,"(140000, 200)",26,sequential_26,Dense 128 -> 32 -> 64(relu) -> 128(relu) -> 64(relu) -> 64 -> 32 -> 1(sigmoid),binary_crossentropy,adam_26,45,256,49.8366,0.2972581386566162,0.1958780288696289,"[0.246056467294693, 0.907966673374176]",0.9079666666666667,0.7,54817
2026-09-08 17:35:40,multi_repeat_random_states.py,"(140000, 200)",194,sequential_26,Dense 128 -> 32 -> 64(relu) -> 128(relu) -> 64(relu) -> 64 -> 32 -> 1(sigmoid),binary_crossentropy,adam_26,41,256,47.7198,0.30270951986312866,0.20229458808898926,"[0.2452649623155594, 0.9094666838645935]",0.9094666666666666,0.7,54817
2026-09-08 17:36:10,multi_repeat_random_states.py,"(140000, 200)",26,sequential_26,Dense 128 -> 32 -> 64(relu) -> 128(relu) -> 64(relu) -> 64 -> 32 -> 1(sigmoid),binary_crossentropy,adam_26,31,256,35.0226,0.23430147767066956,0.1949104517698288,"[0.2494594007730484, 0.9092833399772644]",0.9092833333333333,0.7,54817
2026-09-08 17:36:20,multi_repeat_random_states.py,"(140000, 200)",194,sequential_26,Dense 128 -> 32 -> 64(relu) -> 128(relu) -> 64(relu) -> 64 -> 32 -> 1(sigmoid),binary_crossentropy,adam_26,32,256,36.9528,0.24234291911125183,0.19825847446918488,"[0.24717886745929718, 0.9095333218574524]",0.9095333333333333,0.7,54817
2026-09-08 17:36:21,multi_repeat_random_states.py,"(140000, 200)",110,sequential_26,Dense 128 -> 32 -> 64(relu) -> 128(relu) -> 64(relu) -> 64 -> 32 -> 1(sigmoid),binary_crossentropy,adam_26,43,256,50.5426,0.29239121079444885,0.19754214584827423,"[0.24235078692436218, 0.9110333323478699]",0.9110333333333334,0.7,54817
2026-09-08 17:36:52,multi_repeat_random_states.py,"(140000, 200)",26,sequential_26,Dense 128 -> 32 -> 64(relu) -> 128(relu) -> 64(relu) -> 64 -> 32 -> 1(sigmoid),binary_crossentropy,adam_26,35,256,38.4453,0.23149283230304718,0.18750891089439392,"[0.24927784502506256, 0.9082000255584717]",0.9082,0.7,54817
2026-09-08 17:37:00,multi_repeat_random_states.py,"(140000, 200)",110,sequential_26,Dense 128 -> 32 -> 64(relu) -> 128(relu) -> 64(relu) -> 64 -> 32 -> 1(sigmoid),binary_crossentropy,adam_26,32,256,36.1055,0.23450522124767303,0.19269883632659912,"[0.246512770652771, 0.9091166853904724]",0.9091166666666667,0.7,54817
2026-09-08 17:37:02,multi_repeat_random_states.py,"(140000, 200)",194,sequential_26,Dense 128 -> 32 -> 64(relu) -> 128(relu) -> 64(relu) -> 64 -> 32 -> 1(sigmoid),binary_crossentropy,adam_26,34,256,38.7129,0.23564547300338745,0.19360533356666565,"[0.2474294900894165, 0.9089166522026062]",0.9089166666666667,0.7,54817
2026-09-08 17:37:39,multi_repeat_random_states.py,"(140000, 200)",110,sequential_26,Dense 128 -> 32 -> 64(relu) -> 128(relu) -> 64(relu) -> 64 -> 32 -> 1(sigmoid),binary_crossentropy,adam_26,31,256,34.8794,0.23282402753829956,0.1933949887752533,"[0.24577879905700684, 0.9102166891098022]",0.9102166666666667,0.7,54817
2026-09-08 17:37:47,multi_repeat_random_states.py,"(140000, 200)",195,sequential_27,Dense 128 -> 32 -> 64(relu) -> 128(relu) -> 64(relu) -> 64 -> 32 -> 1(sigmoid),binary_crossentropy,adam_27,35,256,40.7447,0.3018370270729065,0.21029417216777802,"[0.24791336059570312, 0.9099000096321106]",0.9099,0.7,54817
2026-09-08 17:37:49,multi_repeat_random_states.py,"(140000, 200)",27,sequential_27,Dense 128 -> 32 -> 64(relu) -> 128(relu) -> 64(relu) -> 64 -> 32 -> 1(sigmoid),binary_crossentropy,adam_27,48,256,53.5542,0.29285576939582825,0.19295959174633026,"[0.24491170048713684, 0.9096999764442444]",0.9097,0.7,54817
2026-09-08 17:38:27,multi_repeat_random_states.py,"(140000, 200)",27,sequential_27,Dense 128 -> 32 -> 64(relu) -> 128(relu) -> 64(relu) -> 64 -> 32 -> 1(sigmoid),binary_crossentropy,adam_27,31,256,34.3388,0.2276209145784378,0.19194747507572174,"[0.24948203563690186, 0.9093999862670898]",0.9094,0.7,54817
2026-09-08 17:38:30,multi_repeat_random_states.py,"(140000, 200)",111,sequential_27,Dense 128 -> 32 -> 64(relu) -> 128(relu) -> 64(relu) -> 64 -> 32 -> 1(sigmoid),binary_crossentropy,adam_27,42,256,47.5462,0.2911130487918854,0.20141880214214325,"[0.24610458314418793, 0.9091500043869019]",0.90915,0.7,54817
2026-09-08 17:38:35,multi_repeat_random_states.py,"(140000, 200)",195,sequential_27,Dense 128 -> 32 -> 64(relu) -> 128(relu) -> 64(relu) -> 64 -> 32 -> 1(sigmoid),binary_crossentropy,adam_27,41,256,44.983,0.25389179587364197,0.19713641703128815,"[0.24532030522823334, 0.9090999960899353]",0.9091,0.7,54817
2026-09-08 17:39:06,multi_repeat_random_states.py,"(140000, 200)",27,sequential_27,Dense 128 -> 32 -> 64(relu) -> 128(relu) -> 64(relu) -> 64 -> 32 -> 1(sigmoid),binary_crossentropy,adam_27,33,256,36.395,0.22642675042152405,0.18720601499080658,"[0.24905650317668915, 0.9086499810218811]",0.90865,0.7,54817
2026-09-08 17:39:13,multi_repeat_random_states.py,"(140000, 200)",111,sequential_27,Dense 128 -> 32 -> 64(relu) -> 128(relu) -> 64(relu) -> 64 -> 32 -> 1(sigmoid),binary_crossentropy,adam_27,36,256,39.996,0.23605908453464508,0.18981380760669708,"[0.24781903624534607, 0.9098666906356812]",0.9098666666666667,0.7,54817
2026-09-08 17:39:14,multi_repeat_random_states.py,"(140000, 200)",195,sequential_27,Dense 128 -> 32 -> 64(relu) -> 128(relu) -> 64(relu) -> 64 -> 32 -> 1(sigmoid),binary_crossentropy,adam_27,32,256,36.0157,0.23276680707931519,0.19499525427818298,"[0.24716916680335999, 0.9086666703224182]",0.9086666666666666,0.7,54817
2026-09-08 17:39:49,multi_repeat_random_states.py,"(140000, 200)",111,sequential_27,Dense 128 -> 32 -> 64(relu) -> 128(relu) -> 64(relu) -> 64 -> 32 -> 1(sigmoid),binary_crossentropy,adam_27,31,256,32.792,0.22732625901699066,0.18917423486709595,"[0.2502054274082184, 0.909416675567627]",0.9094166666666667,0.7,54817
2026-09-08 17:39:58,multi_repeat_random_states.py,"(140000, 200)",28,sequential_28,Dense 128 -> 32 -> 64(relu) -> 128(relu) -> 64(relu) -> 64 -> 32 -> 1(sigmoid),binary_crossentropy,adam_28,45,256,48.0743,0.32302209734916687,0.19815650582313538,"[0.24439269304275513, 0.9110166430473328]",0.9110166666666667,0.7,54817
2026-09-08 17:40:02,multi_repeat_random_states.py,"(140000, 200)",196,sequential_28,Dense 128 -> 32 -> 64(relu) -> 128(relu) -> 64(relu) -> 64 -> 32 -> 1(sigmoid),binary_crossentropy,adam_28,40,256,43.9196,0.3256258964538574,0.20263582468032837,"[0.24458260834217072, 0.9101499915122986]",0.91015,0.7,54817
2026-09-08 17:40:34,multi_repeat_random_states.py,"(140000, 200)",112,sequential_28,Dense 128 -> 32 -> 64(relu) -> 128(relu) -> 64(relu) -> 64 -> 32 -> 1(sigmoid),binary_crossentropy,adam_28,38,256,41.1385,0.3120846152305603,0.20113714039325714,"[0.2454862743616104, 0.9098166823387146]",0.9098166666666667,0.7,54817
2026-09-08 17:40:38,multi_repeat_random_states.py,"(140000, 200)",28,sequential_28,Dense 128 -> 32 -> 64(relu) -> 128(relu) -> 64(relu) -> 64 -> 32 -> 1(sigmoid),binary_crossentropy,adam_28,35,256,36.4293,0.23571570217609406,0.19109074771404266,"[0.24517540633678436, 0.9107166528701782]",0.9107166666666666,0.7,54817
2026-09-08 17:40:40,multi_repeat_random_states.py,"(140000, 200)",196,sequential_28,Dense 128 -> 32 -> 64(relu) -> 128(relu) -> 64(relu) -> 64 -> 32 -> 1(sigmoid),binary_crossentropy,adam_28,33,256,34.8297,0.24506805837154388,0.20182210206985474,"[0.24495315551757812, 0.9087333083152771]",0.9087333333333333,0.7,54817
2026-09-08 17:41:13,multi_repeat_random_states.py,"(140000, 200)",112,sequential_28,Dense 128 -> 32 -> 64(relu) -> 128(relu) -> 64(relu) -> 64 -> 32 -> 1(sigmoid),binary_crossentropy,adam_28,33,256,35.004,0.2453901469707489,0.1963641196489334,"[0.24687139689922333, 0.9104999899864197]",0.9105,0.7,54817
2026-09-08 17:41:16,multi_repeat_random_states.py,"(140000, 200)",28,sequential_28,Dense 128 -> 32 -> 64(relu) -> 128(relu) -> 64(relu) -> 64 -> 32 -> 1(sigmoid),binary_crossentropy,adam_28,33,256,35.0831,0.22721609473228455,0.18784482777118683,"[0.2487049251794815, 0.9086833596229553]",0.9086833333333333,0.7,54817
2026-09-08 17:41:18,multi_repeat_random_states.py,"(140000, 200)",196,sequential_28,Dense 128 -> 32 -> 64(relu) -> 128(relu) -> 64(relu) -> 64 -> 32 -> 1(sigmoid),binary_crossentropy,adam_28,33,256,35.5418,0.23985570669174194,0.195722296833992,"[0.24552495777606964, 0.9098833203315735]",0.9098833333333334,0.7,54817
2026-09-08 17:41:59,multi_repeat_random_states.py,"(140000, 200)",112,sequential_28,Dense 128 -> 32 -> 64(relu) -> 128(relu) -> 64(relu) -> 64 -> 32 -> 1(sigmoid),binary_crossentropy,adam_28,41,256,43.0476,0.2376079112291336,0.1790856420993805,"[0.24670441448688507, 0.9093833565711975]",0.9093833333333333,0.7,54817
2026-09-08 17:42:01,multi_repeat_random_states.py,"(140000, 200)",29,sequential_29,Dense 128 -> 32 -> 64(relu) -> 128(relu) -> 64(relu) -> 64 -> 32 -> 1(sigmoid),binary_crossentropy,adam_29,39,256,41.6869,0.34282463788986206,0.20590022206306458,"[0.24729563295841217, 0.9097833037376404]",0.9097833333333334,0.7,54817
2026-09-08 17:42:06,multi_repeat_random_states.py,"(140000, 200)",197,sequential_29,Dense 128 -> 32 -> 64(relu) -> 128(relu) -> 64(relu) -> 64 -> 32 -> 1(sigmoid),binary_crossentropy,adam_29,40,256,43.8415,0.30671560764312744,0.20199042558670044,"[0.24285537004470825, 0.9113333225250244]",0.9113333333333333,0.7,54817
2026-09-08 17:42:41,multi_repeat_random_states.py,"(140000, 200)",29,sequential_29,Dense 128 -> 32 -> 64(relu) -> 128(relu) -> 64(relu) -> 64 -> 32 -> 1(sigmoid),binary_crossentropy,adam_29,34,256,36.4767,0.24571247398853302,0.20182543992996216,"[0.24522371590137482, 0.9102500081062317]",0.91025,0.7,54817
2026-09-08 17:42:49,multi_repeat_random_states.py,"(140000, 200)",113,sequential_29,Dense 128 -> 32 -> 64(relu) -> 128(relu) -> 64(relu) -> 64 -> 32 -> 1(sigmoid),binary_crossentropy,adam_29,41,256,45.6696,0.31588926911354065,0.2000504732131958,"[0.24724195897579193, 0.9100000262260437]",0.91,0.7,54817
2026-09-08 17:42:52,multi_repeat_random_states.py,"(140000, 200)",197,sequential_29,Dense 128 -> 32 -> 64(relu) -> 128(relu) -> 64(relu) -> 64 -> 32 -> 1(sigmoid),binary_crossentropy,adam_29,38,256,42.0095,0.2432253658771515,0.19176410138607025,"[0.2437855303287506, 0.9103166460990906]",0.9103166666666667,0.7,54817
2026-09-08 17:43:25,multi_repeat_random_states.py,"(140000, 200)",29,sequential_29,Dense 128 -> 32 -> 64(relu) -> 128(relu) -> 64(relu) -> 64 -> 32 -> 1(sigmoid),binary_crossentropy,adam_29,38,256,40.1843,0.23782186210155487,0.19147862493991852,"[0.24511821568012238, 0.9099833369255066]",0.9099833333333334,0.7,54817
2026-09-08 17:43:36,multi_repeat_random_states.py,"(140000, 200)",197,sequential_29,Dense 128 -> 32 -> 64(relu) -> 128(relu) -> 64(relu) -> 64 -> 32 -> 1(sigmoid),binary_crossentropy,adam_29,32,256,34.8711,0.2293107807636261,0.18882767856121063,"[0.2502731680870056, 0.9072833061218262]",0.9072833333333333,0.7,54817
2026-09-08 17:43:40,multi_repeat_random_states.py,"(140000, 200)",113,sequential_29,Dense 128 -> 32 -> 64(relu) -> 128(relu) -> 64(relu) -> 64 -> 32 -> 1(sigmoid),binary_crossentropy,adam_29,37,256,39.1767,0.23973596096038818,0.1859917789697647,"[0.2461971491575241, 0.9089333415031433]",0.9089333333333334,0.7,54817
2026-09-08 17:44:22,multi_repeat_random_states.py,"(140000, 200)",113,sequential_29,Dense 128 -> 32 -> 64(relu) -> 128(relu) -> 64(relu) -> 64 -> 32 -> 1(sigmoid),binary_crossentropy,adam_29,37,256,38.8765,0.22750180959701538,0.17721734941005707,"[0.25049570202827454, 0.9085500240325928]",0.90855,0.7,54817
2026-09-08 17:44:23,multi_repeat_random_states.py,"(140000, 200)",30,sequential_30,Dense 128 -> 32 -> 64(relu) -> 128(relu) -> 64(relu) -> 64 -> 32 -> 1(sigmoid),binary_crossentropy,adam_30,46,256,55.243,0.317842960357666,0.19989171624183655,"[0.2442862093448639, 0.9095166921615601]",0.9095166666666666,0.7,54817
2026-09-08 17:44:34,multi_repeat_random_states.py,"(140000, 200)",198,sequential_30,Dense 128 -> 32 -> 64(relu) -> 128(relu) -> 64(relu) -> 64 -> 32 -> 1(sigmoid),binary_crossentropy,adam_30,51,256,54.4501,0.29580095410346985,0.1895398646593094,"[0.24608488380908966, 0.9088500142097473]",0.90885,0.7,54817
2026-09-08 17:45:07,multi_repeat_random_states.py,"(140000, 200)",30,sequential_30,Dense 128 -> 32 -> 64(relu) -> 128(relu) -> 64(relu) -> 64 -> 32 -> 1(sigmoid),binary_crossentropy,adam_30,37,256,39.827,0.23528164625167847,0.18843746185302734,"[0.2459520399570465, 0.9091166853904724]",0.9091166666666667,0.7,54817
2026-09-08 17:45:10,multi_repeat_random_states.py,"(140000, 200)",114,sequential_30,Dense 128 -> 32 -> 64(relu) -> 128(relu) -> 64(relu) -> 64 -> 32 -> 1(sigmoid),binary_crossentropy,adam_30,40,256,44.3864,0.3198525607585907,0.20166780054569244,"[0.24251985549926758, 0.9112333059310913]",0.9112333333333333,0.7,54817
2026-09-08 17:45:13,multi_repeat_random_states.py,"(140000, 200)",198,sequential_30,Dense 128 -> 32 -> 64(relu) -> 128(relu) -> 64(relu) -> 64 -> 32 -> 1(sigmoid),binary_crossentropy,adam_30,32,256,34.3228,0.22419197857379913,0.18593262135982513,"[0.24989919364452362, 0.9072666764259338]",0.9072666666666667,0.7,54817
2026-09-08 17:45:44,multi_repeat_random_states.py,"(140000, 200)",30,sequential_30,Dense 128 -> 32 -> 64(relu) -> 128(relu) -> 64(relu) -> 64 -> 32 -> 1(sigmoid),binary_crossentropy,adam_30,32,256,33.6518,0.22387292981147766,0.1874699592590332,"[0.24874179065227509, 0.9077500104904175]",0.90775,0.7,54817
2026-09-08 17:45:49,multi_repeat_random_states.py,"(140000, 200)",114,sequential_30,Dense 128 -> 32 -> 64(relu) -> 128(relu) -> 64(relu) -> 64 -> 32 -> 1(sigmoid),binary_crossentropy,adam_30,34,256,36.0046,0.24585428833961487,0.1947891116142273,"[0.244330033659935, 0.910183310508728]",0.9101833333333333,0.7,54817
2026-09-08 17:45:50,multi_repeat_random_states.py,"(140000, 200)",198,sequential_30,Dense 128 -> 32 -> 64(relu) -> 128(relu) -> 64(relu) -> 64 -> 32 -> 1(sigmoid),binary_crossentropy,adam_30,32,256,34.0047,0.22222959995269775,0.1855025440454483,"[0.25090163946151733, 0.9068166613578796]",0.9068166666666667,0.7,54817
2026-09-08 17:46:27,multi_repeat_random_states.py,"(140000, 200)",114,sequential_30,Dense 128 -> 32 -> 64(relu) -> 128(relu) -> 64(relu) -> 64 -> 32 -> 1(sigmoid),binary_crossentropy,adam_30,31,256,34.7478,0.23649173974990845,0.19361291825771332,"[0.24406206607818604, 0.9103333353996277]",0.9103333333333333,0.7,54817
2026-09-08 17:46:32,multi_repeat_random_states.py,"(140000, 200)",31,sequential_31,Dense 128 -> 32 -> 64(relu) -> 128(relu) -> 64(relu) -> 64 -> 32 -> 1(sigmoid),binary_crossentropy,adam_31,38,256,44.7149,0.29447388648986816,0.20491962134838104,"[0.24415364861488342, 0.9103166460990906]",0.9103166666666667,0.7,54817
2026-09-08 17:46:45,multi_repeat_random_states.py,"(140000, 200)",199,sequential_31,Dense 128 -> 32 -> 64(relu) -> 128(relu) -> 64(relu) -> 64 -> 32 -> 1(sigmoid),binary_crossentropy,adam_31,42,256,50.4838,0.2955414950847626,0.19879169762134552,"[0.2467975914478302, 0.909416675567627]",0.9094166666666667,0.7,54817
2026-09-08 17:47:20,multi_repeat_random_states.py,"(140000, 200)",31,sequential_31,Dense 128 -> 32 -> 64(relu) -> 128(relu) -> 64(relu) -> 64 -> 32 -> 1(sigmoid),binary_crossentropy,adam_31,34,256,38.0492,0.24617233872413635,0.19921068847179413,"[0.2439720630645752, 0.9101333618164062]",0.9101333333333333,0.7,54817
2026-09-08 17:47:56,multi_repeat_random_states.py,"(140000, 200)",115,sequential_31,Dense 128 -> 32 -> 64(relu) -> 128(relu) -> 64(relu) -> 64 -> 32 -> 1(sigmoid),binary_crossentropy,adam_31,52,256,85.3478,0.30756476521492004,0.19054675102233887,"[0.24666960537433624, 0.909500002861023]",0.9095,0.7,54817
2026-09-08 17:47:58,multi_repeat_random_states.py,"(140000, 200)",199,sequential_31,Dense 128 -> 32 -> 64(relu) -> 128(relu) -> 64(relu) -> 64 -> 32 -> 1(sigmoid),binary_crossentropy,adam_31,34,256,70.257,0.23593561351299286,0.19048242270946503,"[0.24854061007499695, 0.9088000059127808]",0.9088,0.7,54817
2026-09-08 17:49:01,multi_repeat_random_states.py,"(140000, 200)",31,sequential_31,Dense 128 -> 32 -> 64(relu) -> 128(relu) -> 64(relu) -> 64 -> 32 -> 1(sigmoid),binary_crossentropy,adam_31,31,256,97.8766,0.23846764862537384,0.19890499114990234,"[0.24490699172019958, 0.9092833399772644]",0.9092833333333333,0.7,54817
2026-09-08 17:49:07,multi_repeat_random_states.py,"(140000, 200)",115,sequential_31,Dense 128 -> 32 -> 64(relu) -> 128(relu) -> 64(relu) -> 64 -> 32 -> 1(sigmoid),binary_crossentropy,adam_31,31,256,67.4216,0.2251657396554947,0.19058524072170258,"[0.2504672408103943, 0.9072166681289673]",0.9072166666666667,0.7,54817
2026-09-08 17:49:47,multi_repeat_random_states.py,"(140000, 200)",199,sequential_31,Dense 128 -> 32 -> 64(relu) -> 128(relu) -> 64(relu) -> 64 -> 32 -> 1(sigmoid),binary_crossentropy,adam_31,37,256,86.2519,0.22938677668571472,0.17824560403823853,"[0.24889297783374786, 0.9075333476066589]",0.9075333333333333,0.7,54817
2026-09-08 17:51:37,multi_repeat_random_states.py,"(140000, 200)",115,sequential_31,Dense 128 -> 32 -> 64(relu) -> 128(relu) -> 64(relu) -> 64 -> 32 -> 1(sigmoid),binary_crossentropy,adam_31,31,256,118.9747,0.22212421894073486,0.19141893088817596,"[0.2513743042945862, 0.9083999991416931]",0.9084,0.7,54817
2026-09-08 17:52:02,multi_repeat_random_states.py,"(140000, 200)",32,sequential_32,Dense 128 -> 32 -> 64(relu) -> 128(relu) -> 64(relu) -> 64 -> 32 -> 1(sigmoid),binary_crossentropy,adam_32,42,256,169.7891,0.2978912591934204,0.20252743363380432,"[0.24607960879802704, 0.9093000292778015]",0.9093,0.7,54817
2026-09-08 17:52:24,multi_repeat_random_states.py,"(140000, 200)",200,sequential_32,Dense 128 -> 32 -> 64(relu) -> 128(relu) -> 64(relu) -> 64 -> 32 -> 1(sigmoid),binary_crossentropy,adam_32,47,256,151.3294,0.30582866072654724,0.19574443995952606,"[0.2431454211473465, 0.9099166393280029]",0.9099166666666667,0.7,54817
2026-09-08 17:52:39,multi_repeat_random_states.py,"(140000, 200)",32,sequential_32,Dense 128 -> 32 -> 64(relu) -> 128(relu) -> 64(relu) -> 64 -> 32 -> 1(sigmoid),binary_crossentropy,adam_32,31,256,33.3779,0.2374209612607956,0.20074352622032166,"[0.2442697286605835, 0.9089833498001099]",0.9089833333333334,0.7,54817
2026-09-08 17:53:12,multi_repeat_random_states.py,"(140000, 200)",116,sequential_32,Dense 128 -> 32 -> 64(relu) -> 128(relu) -> 64(relu) -> 64 -> 32 -> 1(sigmoid),binary_crossentropy,adam_32,51,256,88.7127,0.31048423051834106,0.19327159225940704,"[0.24764329195022583, 0.9088833332061768]",0.9088833333333334,0.7,54817
2026-09-08 17:53:19,multi_repeat_random_states.py,"(140000, 200)",200,sequential_32,Dense 128 -> 32 -> 64(relu) -> 128(relu) -> 64(relu) -> 64 -> 32 -> 1(sigmoid),binary_crossentropy,adam_32,32,256,50.8344,0.23441092669963837,0.19467292726039886,"[0.24825328588485718, 0.9093166589736938]",0.9093166666666667,0.7,54817
2026-09-08 17:53:35,multi_repeat_random_states.py,"(140000, 200)",32,sequential_32,Dense 128 -> 32 -> 64(relu) -> 128(relu) -> 64(relu) -> 64 -> 32 -> 1(sigmoid),binary_crossentropy,adam_32,34,256,52.6816,0.23673292994499207,0.19299811124801636,"[0.24414660036563873, 0.909500002861023]",0.9095,0.7,54817
2026-09-08 17:53:49,multi_repeat_random_states.py,"(140000, 200)",116,sequential_32,Dense 128 -> 32 -> 64(relu) -> 128(relu) -> 64(relu) -> 64 -> 32 -> 1(sigmoid),binary_crossentropy,adam_32,31,256,33.698,0.22899416089057922,0.1908739060163498,"[0.2503924071788788, 0.9086333513259888]",0.9086333333333333,0.7,54817
2026-09-08 17:53:56,multi_repeat_random_states.py,"(140000, 200)",200,sequential_32,Dense 128 -> 32 -> 64(relu) -> 128(relu) -> 64(relu) -> 64 -> 32 -> 1(sigmoid),binary_crossentropy,adam_32,32,256,34.2573,0.23012886941432953,0.19294556975364685,"[0.24595439434051514, 0.9105666875839233]",0.9105666666666666,0.7,54817
2026-09-08 17:54:24,multi_repeat_random_states.py,"(140000, 200)",33,sequential_33,Dense 128 -> 32 -> 64(relu) -> 128(relu) -> 64(relu) -> 64 -> 32 -> 1(sigmoid),binary_crossentropy,adam_33,42,256,44.8228,0.2932157814502716,0.2045157253742218,"[0.24441580474376678, 0.9100333452224731]",0.9100333333333334,0.7,54817
2026-09-08 17:54:30,multi_repeat_random_states.py,"(140000, 200)",116,sequential_32,Dense 128 -> 32 -> 64(relu) -> 128(relu) -> 64(relu) -> 64 -> 32 -> 1(sigmoid),binary_crossentropy,adam_32,35,256,37.9428,0.22589163482189178,0.18628275394439697,"[0.25508251786231995, 0.9054499864578247]",0.90545,0.7,54817
2026-09-08 17:54:45,multi_repeat_random_states.py,"(140000, 200)",201,sequential_33,Dense 128 -> 32 -> 64(relu) -> 128(relu) -> 64(relu) -> 64 -> 32 -> 1(sigmoid),binary_crossentropy,adam_33,41,256,44.6777,0.3260025382041931,0.20122258365154266,"[0.24364247918128967, 0.9103833436965942]",0.9103833333333333,0.7,54817
2026-09-08 17:55:07,multi_repeat_random_states.py,"(140000, 200)",33,sequential_33,Dense 128 -> 32 -> 64(relu) -> 128(relu) -> 64(relu) -> 64 -> 32 -> 1(sigmoid),binary_crossentropy,adam_33,37,256,40.0938,0.23746778070926666,0.19362184405326843,"[0.24531330168247223, 0.9092333316802979]",0.9092333333333333,0.7,54817
2026-09-08 17:56:28,multi_repeat_random_states.py,"(140000, 200)",201,sequential_33,Dense 128 -> 32 -> 64(relu) -> 128(relu) -> 64(relu) -> 64 -> 32 -> 1(sigmoid),binary_crossentropy,adam_33,39,256,86.0223,0.24351544678211212,0.1856497973203659,"[0.245793417096138, 0.908466637134552]",0.9084666666666666,0.7,54817
2026-09-08 17:56:29,multi_repeat_random_states.py,"(140000, 200)",117,sequential_33,Dense 128 -> 32 -> 64(relu) -> 128(relu) -> 64(relu) -> 64 -> 32 -> 1(sigmoid),binary_crossentropy,adam_33,51,256,103.8131,0.32372623682022095,0.18824268877506256,"[0.24687549471855164, 0.9096666574478149]",0.9096666666666666,0.7,54817
2026-09-08 17:56:39,multi_repeat_random_states.py,"(140000, 200)",33,sequential_33,Dense 128 -> 32 -> 64(relu) -> 128(relu) -> 64(relu) -> 64 -> 32 -> 1(sigmoid),binary_crossentropy,adam_33,31,256,88.2263,0.22676202654838562,0.1924297958612442,"[0.2477191984653473, 0.9097333550453186]",0.9097333333333333,0.7,54817
2026-09-08 17:57:07,multi_repeat_random_states.py,"(140000, 200)",201,sequential_33,Dense 128 -> 32 -> 64(relu) -> 128(relu) -> 64(relu) -> 64 -> 32 -> 1(sigmoid),binary_crossentropy,adam_33,34,256,36.0034,0.22718101739883423,0.1833486706018448,"[0.2495604306459427, 0.9072166681289673]",0.9072166666666667,0.7,54817
2026-09-08 17:57:09,multi_repeat_random_states.py,"(140000, 200)",117,sequential_33,Dense 128 -> 32 -> 64(relu) -> 128(relu) -> 64(relu) -> 64 -> 32 -> 1(sigmoid),binary_crossentropy,adam_33,34,256,36.3552,0.22590841352939606,0.1832558661699295,"[0.2534548342227936, 0.908466637134552]",0.9084666666666666,0.7,54817
2026-09-08 17:57:30,multi_repeat_random_states.py,"(140000, 200)",34,sequential_34,Dense 128 -> 32 -> 64(relu) -> 128(relu) -> 64(relu) -> 64 -> 32 -> 1(sigmoid),binary_crossentropy,adam_34,44,256,47.6836,0.2910085618495941,0.19357305765151978,"[0.24333126842975616, 0.911466658115387]",0.9114666666666666,0.7,54817
2026-09-08 17:57:47,multi_repeat_random_states.py,"(140000, 200)",117,sequential_33,Dense 128 -> 32 -> 64(relu) -> 128(relu) -> 64(relu) -> 64 -> 32 -> 1(sigmoid),binary_crossentropy,adam_33,32,256,34.6509,0.21898533403873444,0.1779649555683136,"[0.25343531370162964, 0.9078666567802429]",0.9078666666666667,0.7,54817
2026-09-08 17:57:52,multi_repeat_random_states.py,"(140000, 200)",202,sequential_34,Dense 128 -> 32 -> 64(relu) -> 128(relu) -> 64(relu) -> 64 -> 32 -> 1(sigmoid),binary_crossentropy,adam_34,37,256,40.6221,0.2982187271118164,0.20767971873283386,"[0.24590902030467987, 0.9106500148773193]",0.91065,0.7,54817
2026-09-08 17:58:08,multi_repeat_random_states.py,"(140000, 200)",34,sequential_34,Dense 128 -> 32 -> 64(relu) -> 128(relu) -> 64(relu) -> 64 -> 32 -> 1(sigmoid),binary_crossentropy,adam_34,32,256,34.1992,0.23442822694778442,0.1906612664461136,"[0.24754725396633148, 0.9103000164031982]",0.9103,0.7,54817
2026-09-08 17:58:31,multi_repeat_random_states.py,"(140000, 200)",202,sequential_34,Dense 128 -> 32 -> 64(relu) -> 128(relu) -> 64(relu) -> 64 -> 32 -> 1(sigmoid),binary_crossentropy,adam_34,33,256,35.5899,0.24909085035324097,0.20380762219429016,"[0.24597814679145813, 0.909600019454956]",0.9096,0.7,54817
2026-09-08 17:58:40,multi_repeat_random_states.py,"(140000, 200)",118,sequential_34,Dense 128 -> 32 -> 64(relu) -> 128(relu) -> 64(relu) -> 64 -> 32 -> 1(sigmoid),binary_crossentropy,adam_34,44,256,48.9653,0.29877546429634094,0.19893069565296173,"[0.24493570625782013, 0.9104499816894531]",0.91045,0.7,54817
2026-09-08 17:58:43,multi_repeat_random_states.py,"(140000, 200)",34,sequential_34,Dense 128 -> 32 -> 64(relu) -> 128(relu) -> 64(relu) -> 64 -> 32 -> 1(sigmoid),binary_crossentropy,adam_34,31,256,32.214,0.22863943874835968,0.19045843183994293,"[0.24554584920406342, 0.9105833172798157]",0.9105833333333333,0.7,54817
2026-09-08 17:59:13,multi_repeat_random_states.py,"(140000, 200)",202,sequential_34,Dense 128 -> 32 -> 64(relu) -> 128(relu) -> 64(relu) -> 64 -> 32 -> 1(sigmoid),binary_crossentropy,adam_34,36,256,38.647,0.2422495186328888,0.19358743727207184,"[0.24443361163139343, 0.910016655921936]",0.9100166666666667,0.7,54817
2026-09-08 17:59:18,multi_repeat_random_states.py,"(140000, 200)",118,sequential_34,Dense 128 -> 32 -> 64(relu) -> 128(relu) -> 64(relu) -> 64 -> 32 -> 1(sigmoid),binary_crossentropy,adam_34,32,256,34.6778,0.23483344912528992,0.1970401108264923,"[0.2453382909297943, 0.9098333120346069]",0.9098333333333334,0.7,54817
2026-09-08 17:59:31,multi_repeat_random_states.py,"(140000, 200)",35,sequential_35,Dense 128 -> 32 -> 64(relu) -> 128(relu) -> 64(relu) -> 64 -> 32 -> 1(sigmoid),binary_crossentropy,adam_35,41,256,44.4383,0.32624900341033936,0.2050149291753769,"[0.2446645200252533, 0.9104666709899902]",0.9104666666666666,0.7,54817
2026-09-08 17:59:56,multi_repeat_random_states.py,"(140000, 200)",118,sequential_34,Dense 128 -> 32 -> 64(relu) -> 128(relu) -> 64(relu) -> 64 -> 32 -> 1(sigmoid),binary_crossentropy,adam_34,32,256,35.4603,0.23298190534114838,0.194085955619812,"[0.24526293575763702, 0.9104166626930237]",0.9104166666666667,0.7,54817
2026-09-08 18:00:10,multi_repeat_random_states.py,"(140000, 200)",203,sequential_35,Dense 128 -> 32 -> 64(relu) -> 128(relu) -> 64(relu) -> 64 -> 32 -> 1(sigmoid),binary_crossentropy,adam_35,47,256,52.8663,0.2975369989871979,0.19508256018161774,"[0.24491705000400543, 0.9100499749183655]",0.91005,0.7,54817
2026-09-08 18:00:13,multi_repeat_random_states.py,"(140000, 200)",35,sequential_35,Dense 128 -> 32 -> 64(relu) -> 128(relu) -> 64(relu) -> 64 -> 32 -> 1(sigmoid),binary_crossentropy,adam_35,36,256,38.2623,0.24446800351142883,0.1949291080236435,"[0.2448742389678955, 0.9104999899864197]",0.9105,0.7,54817
