time,pyfile,data_shape,random_num,model,model_structure,loss,optimizer,epochs,batch_size,train_second,first_loss,last_loss,test_loss,r2_score,train_ration,total_params
2026-09-08 18:17:33,multi_repeat_random_model.py,"(140000, 200)",90,sequential,Dense 512(relu) -> 256(relu) -> 512(relu) -> 512(relu) -> 512(relu) -> 512(relu) -> 512(relu) -> 512(relu) -> 1(sigmoid),binary_crossentropy,adam,36,256,608.9216,0.28340157866477966,0.13399672508239746,"[0.24329932034015656, 0.9114833474159241]",0.9114833333333333,0.7,1679617
2026-09-08 18:17:38,multi_repeat_random_model.py,"(140000, 200)",90,sequential,Dense 512(relu) -> 128(relu) -> 512(relu) -> 512(relu) -> 512(relu) -> 512(relu) -> 512(relu) -> 512(relu) -> 1(sigmoid),binary_crossentropy,adam,37,256,617.4051,0.27796444296836853,0.14428076148033142,"[0.2424035668373108, 0.9112666845321655]",0.9112666666666667,0.7,1548417
2026-09-08 18:17:49,multi_repeat_random_model.py,"(140000, 200)",90,sequential,Dense 512(relu) -> 512(relu) -> 512(relu) -> 512(relu) -> 512(relu) -> 512(relu) -> 512(relu) -> 512(relu) -> 1(sigmoid),binary_crossentropy,adam,36,256,626.3243,0.28308549523353577,0.09359607100486755,"[0.2430134117603302, 0.9113500118255615]",0.91135,0.7,1942017
2026-09-08 18:18:23,multi_repeat_random_model.py,"(140000, 200)",90,sequential,Dense 512(relu) -> 64(relu) -> 512(relu) -> 512(relu) -> 512(relu) -> 512(relu) -> 512(relu) -> 512(relu) -> 1(sigmoid),binary_crossentropy,adam,38,256,639.6414,0.2787677049636841,0.18741552531719208,"[0.24339309334754944, 0.9118499755859375]",0.91185,0.7,1482817
2026-09-08 18:26:19,multi_repeat_random_model.py,"(140000, 200)",90,sequential,Dense 512(relu) -> 128(relu) -> 512(relu) -> 512(relu) -> 512(relu) -> 512(relu) -> 512(relu) -> 512(relu) -> 1(sigmoid),binary_crossentropy,adam,31,256,499.2666,0.23083554208278656,0.14678102731704712,"[0.24373455345630646, 0.9105166792869568]",0.9105166666666666,0.7,1548417
2026-09-08 18:26:32,multi_repeat_random_model.py,"(140000, 200)",90,sequential,Dense 512(relu) -> 256(relu) -> 512(relu) -> 512(relu) -> 512(relu) -> 512(relu) -> 512(relu) -> 512(relu) -> 1(sigmoid),binary_crossentropy,adam,31,256,509.9209,0.2363637536764145,0.12284648418426514,"[0.24300366640090942, 0.9113166928291321]",0.9113166666666667,0.7,1679617
2026-09-08 18:28:01,multi_repeat_random_model.py,"(140000, 200)",90,sequential,Dense 512(relu) -> 512(relu) -> 512(relu) -> 512(relu) -> 512(relu) -> 512(relu) -> 512(relu) -> 512(relu) -> 1(sigmoid),binary_crossentropy,adam,31,256,560.2774,0.23204123973846436,0.08425083756446838,"[0.24642668664455414, 0.9102500081062317]",0.91025,0.7,1942017
2026-09-08 18:28:35,multi_repeat_random_model.py,"(140000, 200)",90,sequential,Dense 512(relu) -> 64(relu) -> 512(relu) -> 512(relu) -> 512(relu) -> 512(relu) -> 512(relu) -> 512(relu) -> 1(sigmoid),binary_crossentropy,adam,35,256,573.682,0.24528691172599792,0.17949219048023224,"[0.24351106584072113, 0.911300003528595]",0.9113,0.7,1482817
2026-09-08 18:35:30,multi_repeat_random_model.py,"(140000, 200)",90,sequential,Dense 512(relu) -> 128(relu) -> 512(relu) -> 512(relu) -> 512(relu) -> 512(relu) -> 512(relu) -> 512(relu) -> 1(sigmoid),binary_crossentropy,adam,31,256,501.1885,0.22768384218215942,0.1467655748128891,"[0.2456628978252411, 0.9103666543960571]",0.9103666666666667,0.7,1548417
2026-09-08 18:35:57,multi_repeat_random_model.py,"(140000, 200)",90,sequential,Dense 512(relu) -> 256(relu) -> 512(relu) -> 512(relu) -> 512(relu) -> 512(relu) -> 512(relu) -> 512(relu) -> 1(sigmoid),binary_crossentropy,adam,32,256,533.3076,0.2293156087398529,0.1139669120311737,"[0.24424006044864655, 0.9115333557128906]",0.9115333333333333,0.7,1679617
2026-09-08 18:37:19,multi_repeat_random_model.py,"(140000, 200)",90,sequential,Dense 512(relu) -> 64(relu) -> 512(relu) -> 512(relu) -> 512(relu) -> 512(relu) -> 512(relu) -> 512(relu) -> 1(sigmoid),binary_crossentropy,adam,31,256,483.7118,0.22555793821811676,0.17663463950157166,"[0.24756601452827454, 0.9090166687965393]",0.9090166666666667,0.7,1482817
2026-09-08 18:37:29,multi_repeat_random_model.py,"(140000, 200)",90,sequential,Dense 512(relu) -> 512(relu) -> 512(relu) -> 512(relu) -> 512(relu) -> 512(relu) -> 512(relu) -> 512(relu) -> 1(sigmoid),binary_crossentropy,adam,33,256,536.3611,0.22998514771461487,0.0738663449883461,"[0.2457250952720642, 0.9103999733924866]",0.9104,0.7,1942017
2026-09-08 18:46:29,multi_repeat_random_model.py,"(140000, 200)",90,sequential_1,Dense 512(relu) -> 128(relu) -> 512(relu) -> 512(relu) -> 512(relu) -> 512(relu) -> 512(relu) -> 512 -> 1(sigmoid),binary_crossentropy,adam_1,37,256,612.6239,0.2855921983718872,0.13865402340888977,"[0.24230588972568512, 0.9120833277702332]",0.9120833333333334,0.7,1548417
2026-09-08 18:46:51,multi_repeat_random_model.py,"(140000, 200)",90,sequential_1,Dense 512(relu) -> 256(relu) -> 512(relu) -> 512(relu) -> 512(relu) -> 512(relu) -> 512(relu) -> 512 -> 1(sigmoid),binary_crossentropy,adam_1,36,256,613.0133,0.28895366191864014,0.10787712037563324,"[0.24412275850772858, 0.9113333225250244]",0.9113333333333333,0.7,1679617
2026-09-08 18:49:56,multi_repeat_random_model.py,"(140000, 200)",90,sequential_1,Dense 512(relu) -> 64(relu) -> 512(relu) -> 512(relu) -> 512(relu) -> 512(relu) -> 512(relu) -> 512 -> 1(sigmoid),binary_crossentropy,adam_1,40,256,649.4831,0.28688812255859375,0.1596202254295349,"[0.24176494777202606, 0.9113333225250244]",0.9113333333333333,0.7,1482817
2026-09-08 18:50:15,multi_repeat_random_model.py,"(140000, 200)",90,sequential_1,Dense 512(relu) -> 512(relu) -> 512(relu) -> 512(relu) -> 512(relu) -> 512(relu) -> 512(relu) -> 512 -> 1(sigmoid),binary_crossentropy,adam_1,40,256,730.6937,0.2926586866378784,0.05195499211549759,"[0.24513556063175201, 0.9108833074569702]",0.9108833333333334,0.7,1942017
2026-09-08 18:55:27,multi_repeat_random_model.py,"(140000, 200)",90,sequential_1,Dense 512(relu) -> 128(relu) -> 512(relu) -> 512(relu) -> 512(relu) -> 512(relu) -> 512(relu) -> 512 -> 1(sigmoid),binary_crossentropy,adam_1,32,256,478.8468,0.23200662434101105,0.13554947078227997,"[0.2504028081893921, 0.9109500050544739]",0.91095,0.7,1548417
2026-09-08 18:58:05,multi_repeat_random_model.py,"(140000, 200)",90,sequential_1,Dense 512(relu) -> 256(relu) -> 512(relu) -> 512(relu) -> 512(relu) -> 512(relu) -> 512(relu) -> 512 -> 1(sigmoid),binary_crossentropy,adam_1,37,256,617.0002,0.23228968679904938,0.07461472600698471,"[0.2469550520181656, 0.9101333618164062]",0.9101333333333333,0.7,1679617
2026-09-08 18:59:06,multi_repeat_random_model.py,"(140000, 200)",90,sequential_1,Dense 512(relu) -> 64(relu) -> 512(relu) -> 512(relu) -> 512(relu) -> 512(relu) -> 512(relu) -> 512 -> 1(sigmoid),binary_crossentropy,adam_1,32,256,513.6693,0.22679924964904785,0.15841156244277954,"[0.2487618625164032, 0.9072833061218262]",0.9072833333333333,0.7,1482817
2026-09-08 18:59:29,multi_repeat_random_model.py,"(140000, 200)",90,sequential_1,Dense 512(relu) -> 512(relu) -> 512(relu) -> 512(relu) -> 512(relu) -> 512(relu) -> 512(relu) -> 512 -> 1(sigmoid),binary_crossentropy,adam_1,31,256,515.2147,0.21711504459381104,0.053498901426792145,"[0.24710765480995178, 0.9110999703407288]",0.9111,0.7,1942017
2026-09-08 19:04:46,multi_repeat_random_model.py,"(140000, 200)",90,sequential_1,Dense 512(relu) -> 128(relu) -> 512(relu) -> 512(relu) -> 512(relu) -> 512(relu) -> 512(relu) -> 512 -> 1(sigmoid),binary_crossentropy,adam_1,33,256,517.241,0.2234189510345459,0.12831301987171173,"[0.24566127359867096, 0.9107666611671448]",0.9107666666666666,0.7,1548417
2026-09-08 19:07:23,multi_repeat_random_model.py,"(140000, 200)",90,sequential_1,Dense 512(relu) -> 256(relu) -> 512(relu) -> 512(relu) -> 512(relu) -> 512(relu) -> 512(relu) -> 512 -> 1(sigmoid),binary_crossentropy,adam_1,33,256,509.4835,0.20837019383907318,0.0608193576335907,"[0.25580742955207825, 0.9071833491325378]",0.9071833333333333,0.7,1679617
2026-09-08 19:08:41,multi_repeat_random_model.py,"(140000, 200)",90,sequential_1,Dense 512(relu) -> 64(relu) -> 512(relu) -> 512(relu) -> 512(relu) -> 512(relu) -> 512(relu) -> 512 -> 1(sigmoid),binary_crossentropy,adam_1,34,256,545.0951,0.22213773429393768,0.15435419976711273,"[0.24978438019752502, 0.9097333550453186]",0.9097333333333333,0.7,1482817
2026-09-08 19:09:03,multi_repeat_random_model.py,"(140000, 200)",90,sequential_1,Dense 512(relu) -> 512(relu) -> 512(relu) -> 512(relu) -> 512(relu) -> 512(relu) -> 512(relu) -> 512 -> 1(sigmoid),binary_crossentropy,adam_1,33,256,547.9576,0.21117688715457916,0.04701671376824379,"[0.25352492928504944, 0.9073500037193298]",0.90735,0.7,1942017
2026-09-08 19:17:11,multi_repeat_random_model.py,"(140000, 200)",90,sequential_2,Dense 512(relu) -> 128(relu) -> 512(relu) -> 512(relu) -> 512(relu) -> 512(relu) -> 512 -> 512(relu) -> 1(sigmoid),binary_crossentropy,adam_2,38,256,696.0361,0.2877356708049774,0.136042982339859,"[0.24442875385284424, 0.9113166928291321]",0.9113166666666667,0.7,1548417
2026-09-08 19:19:30,multi_repeat_random_model.py,"(140000, 200)",90,sequential_2,Dense 512(relu) -> 256(relu) -> 512(relu) -> 512(relu) -> 512(relu) -> 512(relu) -> 512 -> 512(relu) -> 1(sigmoid),binary_crossentropy,adam_2,38,256,659.8542,0.29145219922065735,0.11464572697877884,"[0.2420945167541504, 0.911899983882904]",0.9119,0.7,1679617
2026-09-08 19:20:00,multi_repeat_random_model.py,"(140000, 200)",90,sequential_2,Dense 512(relu) -> 64(relu) -> 512(relu) -> 512(relu) -> 512(relu) -> 512(relu) -> 512 -> 512(relu) -> 1(sigmoid),binary_crossentropy,adam_2,39,256,643.4254,0.28381529450416565,0.159469872713089,"[0.24231809377670288, 0.9108833074569702]",0.9108833333333334,0.7,1482817
2026-09-08 19:20:00,multi_repeat_random_model.py,"(140000, 200)",90,sequential_2,Dense 512(relu) -> 512(relu) -> 512(relu) -> 512(relu) -> 512(relu) -> 512(relu) -> 512 -> 512(relu) -> 1(sigmoid),binary_crossentropy,adam_2,35,256,626.4249,0.29173222184181213,0.08300171047449112,"[0.2435467392206192, 0.911216676235199]",0.9112166666666667,0.7,1942017
2026-09-08 19:26:35,multi_repeat_random_model.py,"(140000, 200)",90,sequential_2,Dense 512(relu) -> 128(relu) -> 512(relu) -> 512(relu) -> 512(relu) -> 512(relu) -> 512 -> 512(relu) -> 1(sigmoid),binary_crossentropy,adam_2,32,256,527.9807,0.22686193883419037,0.1289168745279312,"[0.247005432844162, 0.9077833294868469]",0.9077833333333334,0.7,1548417
2026-09-08 19:28:18,multi_repeat_random_model.py,"(140000, 200)",90,sequential_2,Dense 512(relu) -> 256(relu) -> 512(relu) -> 512(relu) -> 512(relu) -> 512(relu) -> 512 -> 512(relu) -> 1(sigmoid),binary_crossentropy,adam_2,31,256,482.2522,0.22817203402519226,0.1267150342464447,"[0.24474740028381348, 0.9103999733924866]",0.9104,0.7,1679617
2026-09-08 19:29:39,multi_repeat_random_model.py,"(140000, 200)",90,sequential_2,Dense 512(relu) -> 64(relu) -> 512(relu) -> 512(relu) -> 512(relu) -> 512(relu) -> 512 -> 512(relu) -> 1(sigmoid),binary_crossentropy,adam_2,34,256,554.114,0.23194773495197296,0.15728646516799927,"[0.24503739178180695, 0.9103666543960571]",0.9103666666666667,0.7,1482817
2026-09-08 19:29:55,multi_repeat_random_model.py,"(140000, 200)",90,sequential_2,Dense 512(relu) -> 512(relu) -> 512(relu) -> 512(relu) -> 512(relu) -> 512(relu) -> 512 -> 512(relu) -> 1(sigmoid),binary_crossentropy,adam_2,31,256,561.1479,0.23665346205234528,0.07534494251012802,"[0.24668565392494202, 0.909250020980835]",0.90925,0.7,1942017
2026-09-08 19:36:24,multi_repeat_random_model.py,"(140000, 200)",90,sequential_2,Dense 512(relu) -> 128(relu) -> 512(relu) -> 512(relu) -> 512(relu) -> 512(relu) -> 512 -> 512(relu) -> 1(sigmoid),binary_crossentropy,adam_2,33,256,543.4305,0.22062177956104279,0.1254149228334427,"[0.24909253418445587, 0.9087333083152771]",0.9087333333333333,0.7,1548417
2026-09-08 19:37:24,multi_repeat_random_model.py,"(140000, 200)",90,sequential_2,Dense 512(relu) -> 256(relu) -> 512(relu) -> 512(relu) -> 512(relu) -> 512(relu) -> 512 -> 512(relu) -> 1(sigmoid),binary_crossentropy,adam_2,31,256,507.7186,0.22344204783439636,0.11413352936506271,"[0.24752436578273773, 0.9103500247001648]",0.91035,0.7,1679617
2026-09-08 19:38:33,multi_repeat_random_model.py,"(140000, 200)",90,sequential_2,Dense 512(relu) -> 64(relu) -> 512(relu) -> 512(relu) -> 512(relu) -> 512(relu) -> 512 -> 512(relu) -> 1(sigmoid),binary_crossentropy,adam_2,31,256,494.1771,0.2191149890422821,0.1559058278799057,"[0.2469128966331482, 0.9099000096321106]",0.9099,0.7,1482817
2026-09-08 19:39:46,multi_repeat_random_model.py,"(140000, 200)",90,sequential_2,Dense 512(relu) -> 512(relu) -> 512(relu) -> 512(relu) -> 512(relu) -> 512(relu) -> 512 -> 512(relu) -> 1(sigmoid),binary_crossentropy,adam_2,32,256,552.6517,0.23067007958889008,0.06371908634901047,"[0.24588799476623535, 0.9104999899864197]",0.9105,0.7,1942017
2026-09-08 19:47:09,multi_repeat_random_model.py,"(140000, 200)",90,sequential_3,Dense 512(relu) -> 128(relu) -> 512(relu) -> 512(relu) -> 512(relu) -> 512(relu) -> 512 -> 512 -> 1(sigmoid),binary_crossentropy,adam_3,39,256,592.1446,0.29206952452659607,0.1654774397611618,"[0.24265314638614655, 0.911899983882904]",0.9119,0.7,1548417
2026-09-08 19:48:48,multi_repeat_random_model.py,"(140000, 200)",90,sequential_3,Dense 512(relu) -> 256(relu) -> 512(relu) -> 512(relu) -> 512(relu) -> 512(relu) -> 512 -> 512 -> 1(sigmoid),binary_crossentropy,adam_3,37,256,639.9871,0.29754000902175903,0.09973181039094925,"[0.24425262212753296, 0.9118000268936157]",0.9118,0.7,1679617
2026-09-08 19:51:17,multi_repeat_random_model.py,"(140000, 200)",90,sequential_3,Dense 512(relu) -> 64(relu) -> 512(relu) -> 512(relu) -> 512(relu) -> 512(relu) -> 512 -> 512 -> 1(sigmoid),binary_crossentropy,adam_3,41,256,717.1682,0.2828429043292999,0.1729869246482849,"[0.24172145128250122, 0.9113166928291321]",0.9113166666666667,0.7,1482817
2026-09-08 19:51:48,multi_repeat_random_model.py,"(140000, 200)",90,sequential_3,Dense 512(relu) -> 512(relu) -> 512(relu) -> 512(relu) -> 512(relu) -> 512(relu) -> 512 -> 512 -> 1(sigmoid),binary_crossentropy,adam_3,38,256,653.4974,0.30897626280784607,0.055788736790418625,"[0.24521403014659882, 0.911466658115387]",0.9114666666666666,0.7,1942017
2026-09-08 19:57:00,multi_repeat_random_model.py,"(140000, 200)",90,sequential_3,Dense 512(relu) -> 128(relu) -> 512(relu) -> 512(relu) -> 512(relu) -> 512(relu) -> 512 -> 512 -> 1(sigmoid),binary_crossentropy,adam_3,32,256,523.6271,0.23214466869831085,0.16424857079982758,"[0.2458457350730896, 0.9102333188056946]",0.9102333333333333,0.7,1548417
2026-09-08 19:57:53,multi_repeat_random_model.py,"(140000, 200)",90,sequential_3,Dense 512(relu) -> 256(relu) -> 512(relu) -> 512(relu) -> 512(relu) -> 512(relu) -> 512 -> 512 -> 1(sigmoid),binary_crossentropy,adam_3,31,256,493.3769,0.23298165202140808,0.10713081806898117,"[0.242518350481987, 0.911133348941803]",0.9111333333333334,0.7,1679617
2026-09-08 20:00:56,multi_repeat_random_model.py,"(140000, 200)",90,sequential_3,Dense 512(relu) -> 64(relu) -> 512(relu) -> 512(relu) -> 512(relu) -> 512(relu) -> 512 -> 512 -> 1(sigmoid),binary_crossentropy,adam_3,35,256,545.0539,0.22670187056064606,0.16316452622413635,"[0.24290142953395844, 0.9114166498184204]",0.9114166666666667,0.7,1482817
2026-09-08 20:02:26,multi_repeat_random_model.py,"(140000, 200)",90,sequential_3,Dense 512(relu) -> 512(relu) -> 512(relu) -> 512(relu) -> 512(relu) -> 512(relu) -> 512 -> 512 -> 1(sigmoid),binary_crossentropy,adam_3,34,256,611.3424,0.22368943691253662,0.04109829291701317,"[0.25141391158103943, 0.908216655254364]",0.9082166666666667,0.7,1942017
2026-09-08 20:06:06,multi_repeat_random_model.py,"(140000, 200)",90,sequential_3,Dense 512(relu) -> 128(relu) -> 512(relu) -> 512(relu) -> 512(relu) -> 512(relu) -> 512 -> 512 -> 1(sigmoid),binary_crossentropy,adam_3,31,256,502.2,0.22464196383953094,0.16712550818920135,"[0.24536310136318207, 0.9104499816894531]",0.91045,0.7,1548417
2026-09-08 20:07:50,multi_repeat_random_model.py,"(140000, 200)",90,sequential_3,Dense 512(relu) -> 256(relu) -> 512(relu) -> 512(relu) -> 512(relu) -> 512(relu) -> 512 -> 512 -> 1(sigmoid),binary_crossentropy,adam_3,34,256,544.4371,0.22579963505268097,0.08868635445833206,"[0.246514692902565, 0.9096999764442444]",0.9097,0.7,1679617
2026-09-08 20:10:13,multi_repeat_random_model.py,"(140000, 200)",90,sequential_3,Dense 512(relu) -> 64(relu) -> 512(relu) -> 512(relu) -> 512(relu) -> 512(relu) -> 512 -> 512 -> 1(sigmoid),binary_crossentropy,adam_3,31,256,514.0123,0.2154707908630371,0.16386821866035461,"[0.24509480595588684, 0.9098833203315735]",0.9098833333333334,0.7,1482817
2026-09-08 20:12:21,multi_repeat_random_model.py,"(140000, 200)",90,sequential_3,Dense 512(relu) -> 512(relu) -> 512(relu) -> 512(relu) -> 512(relu) -> 512(relu) -> 512 -> 512 -> 1(sigmoid),binary_crossentropy,adam_3,32,256,541.6654,0.20697787404060364,0.04019135981798172,"[0.2537502348423004, 0.9079166650772095]",0.9079166666666667,0.7,1942017
2026-09-08 20:15:43,multi_repeat_random_model.py,"(140000, 200)",90,sequential_4,Dense 512(relu) -> 128(relu) -> 512(relu) -> 512(relu) -> 512(relu) -> 512 -> 512(relu) -> 512(relu) -> 1(sigmoid),binary_crossentropy,adam_4,34,256,526.7978,0.2812231481075287,0.15485599637031555,"[0.2445981800556183, 0.9110833406448364]",0.9110833333333334,0.7,1548417
2026-09-08 20:18:22,multi_repeat_random_model.py,"(140000, 200)",90,sequential_4,Dense 512(relu) -> 256(relu) -> 512(relu) -> 512(relu) -> 512(relu) -> 512 -> 512(relu) -> 512(relu) -> 1(sigmoid),binary_crossentropy,adam_4,36,256,569.4132,0.2816782295703888,0.12837636470794678,"[0.24323095381259918, 0.9107999801635742]",0.9108,0.7,1679617
2026-09-08 20:21:28,multi_repeat_random_model.py,"(140000, 200)",90,sequential_4,Dense 512(relu) -> 64(relu) -> 512(relu) -> 512(relu) -> 512(relu) -> 512 -> 512(relu) -> 512(relu) -> 1(sigmoid),binary_crossentropy,adam_4,38,256,615.6129,0.2811194956302643,0.16470886766910553,"[0.24060006439685822, 0.9126333594322205]",0.9126333333333333,0.7,1482817
2026-09-08 20:24:36,multi_repeat_random_model.py,"(140000, 200)",90,sequential_4,Dense 512(relu) -> 512(relu) -> 512(relu) -> 512(relu) -> 512(relu) -> 512 -> 512(relu) -> 512(relu) -> 1(sigmoid),binary_crossentropy,adam_4,37,256,685.2191,0.28790849447250366,0.08088289201259613,"[0.243681862950325, 0.9107666611671448]",0.9107666666666666,0.7,1942017
2026-09-08 20:25:29,multi_repeat_random_model.py,"(140000, 200)",90,sequential_4,Dense 512(relu) -> 128(relu) -> 512(relu) -> 512(relu) -> 512(relu) -> 512 -> 512(relu) -> 512(relu) -> 1(sigmoid),binary_crossentropy,adam_4,33,256,527.9332,0.24833619594573975,0.15922968089580536,"[0.24217714369297028, 0.9107999801635742]",0.9108,0.7,1548417
2026-09-08 20:29:02,multi_repeat_random_model.py,"(140000, 200)",90,sequential_4,Dense 512(relu) -> 256(relu) -> 512(relu) -> 512(relu) -> 512(relu) -> 512 -> 512(relu) -> 512(relu) -> 1(sigmoid),binary_crossentropy,adam_4,35,256,604.7667,0.2339601069688797,0.10090915113687515,"[0.24457038938999176, 0.9111166596412659]",0.9111166666666667,0.7,1679617
2026-09-08 20:32:01,multi_repeat_random_model.py,"(140000, 200)",90,sequential_4,Dense 512(relu) -> 64(relu) -> 512(relu) -> 512(relu) -> 512(relu) -> 512 -> 512(relu) -> 512(relu) -> 1(sigmoid),binary_crossentropy,adam_4,34,256,571.0341,0.2359965592622757,0.1612461358308792,"[0.24208317697048187, 0.9115666747093201]",0.9115666666666666,0.7,1482817
2026-09-08 20:34:21,multi_repeat_random_model.py,"(140000, 200)",90,sequential_4,Dense 512(relu) -> 512(relu) -> 512(relu) -> 512(relu) -> 512(relu) -> 512 -> 512(relu) -> 512(relu) -> 1(sigmoid),binary_crossentropy,adam_4,33,256,551.4348,0.2284989058971405,0.06570752710103989,"[0.24973158538341522, 0.909766674041748]",0.9097666666666666,0.7,1942017
2026-09-08 20:34:43,multi_repeat_random_model.py,"(140000, 200)",90,sequential_4,Dense 512(relu) -> 128(relu) -> 512(relu) -> 512(relu) -> 512(relu) -> 512 -> 512(relu) -> 512(relu) -> 1(sigmoid),binary_crossentropy,adam_4,33,256,512.9353,0.23440223932266235,0.15434107184410095,"[0.24544592201709747, 0.9091333150863647]",0.9091333333333333,0.7,1548417
2026-09-08 20:38:33,multi_repeat_random_model.py,"(140000, 200)",90,sequential_4,Dense 512(relu) -> 256(relu) -> 512(relu) -> 512(relu) -> 512(relu) -> 512 -> 512(relu) -> 512(relu) -> 1(sigmoid),binary_crossentropy,adam_4,32,256,503.5669,0.21495169401168823,0.10003809630870819,"[0.2521213889122009, 0.9084333181381226]",0.9084333333333333,0.7,1679617
2026-09-08 20:41:28,multi_repeat_random_model.py,"(140000, 200)",90,sequential_4,Dense 512(relu) -> 64(relu) -> 512(relu) -> 512(relu) -> 512(relu) -> 512 -> 512(relu) -> 512(relu) -> 1(sigmoid),binary_crossentropy,adam_4,33,256,504.2963,0.2239072471857071,0.15481095016002655,"[0.24570471048355103, 0.910183310508728]",0.9101833333333333,0.7,1482817
2026-09-08 20:44:04,multi_repeat_random_model.py,"(140000, 200)",90,sequential_4,Dense 512(relu) -> 512(relu) -> 512(relu) -> 512(relu) -> 512(relu) -> 512 -> 512(relu) -> 512(relu) -> 1(sigmoid),binary_crossentropy,adam_4,33,256,529.1952,0.21593092381954193,0.056524135172367096,"[0.25095582008361816, 0.907716691493988]",0.9077166666666666,0.7,1942017
2026-09-08 20:44:26,multi_repeat_random_model.py,"(140000, 200)",90,sequential_5,Dense 512(relu) -> 128(relu) -> 512(relu) -> 512(relu) -> 512(relu) -> 512 -> 512(relu) -> 512 -> 1(sigmoid),binary_crossentropy,adam_5,36,256,546.0018,0.2885846495628357,0.13978609442710876,"[0.24670782685279846, 0.9066666960716248]",0.9066666666666666,0.7,1548417
2026-09-08 20:50:56,multi_repeat_random_model.py,"(140000, 200)",90,sequential_5,Dense 512(relu) -> 256(relu) -> 512(relu) -> 512(relu) -> 512(relu) -> 512 -> 512(relu) -> 512 -> 1(sigmoid),binary_crossentropy,adam_5,37,256,660.8018,0.29908135533332825,0.11111855506896973,"[0.2423287332057953, 0.9117666482925415]",0.9117666666666666,0.7,1679617
2026-09-08 20:54:49,multi_repeat_random_model.py,"(140000, 200)",90,sequential_5,Dense 512(relu) -> 128(relu) -> 512(relu) -> 512(relu) -> 512(relu) -> 512 -> 512(relu) -> 512 -> 1(sigmoid),binary_crossentropy,adam_5,37,256,586.6936,0.2373778074979782,0.14430862665176392,"[0.24675419926643372, 0.9108333587646484]",0.9108333333333334,0.7,1548417
2026-09-08 20:55:19,multi_repeat_random_model.py,"(140000, 200)",90,sequential_5,Dense 512(relu) -> 64(relu) -> 512(relu) -> 512(relu) -> 512(relu) -> 512 -> 512(relu) -> 512 -> 1(sigmoid),binary_crossentropy,adam_5,42,256,772.4274,0.2834668755531311,0.16227751970291138,"[0.24283850193023682, 0.911633312702179]",0.9116333333333333,0.7,1482817
2026-09-08 20:56:05,multi_repeat_random_model.py,"(140000, 200)",90,sequential_5,Dense 512(relu) -> 512(relu) -> 512(relu) -> 512(relu) -> 512(relu) -> 512 -> 512(relu) -> 512 -> 1(sigmoid),binary_crossentropy,adam_5,37,256,668.6826,0.313693642616272,0.06813962012529373,"[0.24382394552230835, 0.9110833406448364]",0.9110833333333334,0.7,1942017
2026-09-08 21:00:55,multi_repeat_random_model.py,"(140000, 200)",90,sequential_5,Dense 512(relu) -> 256(relu) -> 512(relu) -> 512(relu) -> 512(relu) -> 512 -> 512(relu) -> 512 -> 1(sigmoid),binary_crossentropy,adam_5,33,256,541.4352,0.2316943258047104,0.10660649836063385,"[0.24856407940387726, 0.9074666500091553]",0.9074666666666666,0.7,1679617
2026-09-08 21:03:17,multi_repeat_random_model.py,"(140000, 200)",90,sequential_5,Dense 512(relu) -> 128(relu) -> 512(relu) -> 512(relu) -> 512(relu) -> 512 -> 512(relu) -> 512 -> 1(sigmoid),binary_crossentropy,adam_5,31,256,466.6376,0.2197069674730301,0.13461509346961975,"[0.25205373764038086, 0.9093999862670898]",0.9094,0.7,1548417
2026-09-08 21:05:04,multi_repeat_random_model.py,"(140000, 200)",90,sequential_5,Dense 512(relu) -> 64(relu) -> 512(relu) -> 512(relu) -> 512(relu) -> 512 -> 512(relu) -> 512 -> 1(sigmoid),binary_crossentropy,adam_5,31,256,543.0775,0.2265251874923706,0.16891705989837646,"[0.2464143931865692, 0.9093166589736938]",0.9093166666666667,0.7,1482817
2026-09-08 21:05:16,multi_repeat_random_model.py,"(140000, 200)",90,sequential_5,Dense 512(relu) -> 512(relu) -> 512(relu) -> 512(relu) -> 512(relu) -> 512 -> 512(relu) -> 512 -> 1(sigmoid),binary_crossentropy,adam_5,31,256,508.1954,0.2324378341436386,0.0920359417796135,"[0.2454238384962082, 0.9103666543960571]",0.9103666666666667,0.7,1942017
2026-09-08 21:09:49,multi_repeat_random_model.py,"(140000, 200)",90,sequential_5,Dense 512(relu) -> 256(relu) -> 512(relu) -> 512(relu) -> 512(relu) -> 512 -> 512(relu) -> 512 -> 1(sigmoid),binary_crossentropy,adam_5,31,256,473.1443,0.22150440514087677,0.11870022118091583,"[0.24641913175582886, 0.9086333513259888]",0.9086333333333333,0.7,1679617
2026-09-08 21:14:06,multi_repeat_random_model.py,"(140000, 200)",90,sequential_6,Dense 512(relu) -> 128(relu) -> 512(relu) -> 512(relu) -> 512(relu) -> 512 -> 512 -> 512(relu) -> 1(sigmoid),binary_crossentropy,adam_6,37,256,600.0059,0.2949557304382324,0.15967968106269836,"[0.24189172685146332, 0.9112666845321655]",0.9112666666666667,0.7,1548417
2026-09-08 21:15:18,multi_repeat_random_model.py,"(140000, 200)",90,sequential_5,Dense 512(relu) -> 64(relu) -> 512(relu) -> 512(relu) -> 512(relu) -> 512 -> 512(relu) -> 512 -> 1(sigmoid),binary_crossentropy,adam_5,32,256,567.3821,0.22424130141735077,0.1609475463628769,"[0.2504638433456421, 0.9077833294868469]",0.9077833333333334,0.7,1482817
2026-09-08 21:15:40,multi_repeat_random_model.py,"(140000, 200)",90,sequential_5,Dense 512(relu) -> 512(relu) -> 512(relu) -> 512(relu) -> 512(relu) -> 512 -> 512(relu) -> 512 -> 1(sigmoid),binary_crossentropy,adam_5,35,256,587.8517,0.22687053680419922,0.0718364268541336,"[0.244960218667984, 0.9107999801635742]",0.9108,0.7,1942017
2026-09-08 21:21:08,multi_repeat_random_model.py,"(140000, 200)",90,sequential_6,Dense 512(relu) -> 256(relu) -> 512(relu) -> 512(relu) -> 512(relu) -> 512 -> 512 -> 512(relu) -> 1(sigmoid),binary_crossentropy,adam_6,35,256,600.9728,0.32230234146118164,0.11280457675457001,"[0.2452886700630188, 0.9107499718666077]",0.91075,0.7,1679617
2026-09-08 21:22:09,multi_repeat_random_model.py,"(140000, 200)",90,sequential_6,Dense 512(relu) -> 128(relu) -> 512(relu) -> 512(relu) -> 512(relu) -> 512 -> 512 -> 512(relu) -> 1(sigmoid),binary_crossentropy,adam_6,31,256,431.3972,0.23731690645217896,0.16166257858276367,"[0.2430373728275299, 0.9111833572387695]",0.9111833333333333,0.7,1548417
2026-09-08 21:27:06,multi_repeat_random_model.py,"(140000, 200)",90,sequential_6,Dense 512(relu) -> 512(relu) -> 512(relu) -> 512(relu) -> 512(relu) -> 512 -> 512 -> 512(relu) -> 1(sigmoid),binary_crossentropy,adam_6,35,256,636.7856,0.32929447293281555,0.07427370548248291,"[0.24248816072940826, 0.9116666913032532]",0.9116666666666666,0.7,1942017
2026-09-08 21:27:50,multi_repeat_random_model.py,"(140000, 200)",90,sequential_6,Dense 512(relu) -> 64(relu) -> 512(relu) -> 512(relu) -> 512(relu) -> 512 -> 512 -> 512(relu) -> 1(sigmoid),binary_crossentropy,adam_6,38,256,695.4297,0.299309104681015,0.16354863345623016,"[0.24192926287651062, 0.911549985408783]",0.91155,0.7,1482817
2026-09-08 21:30:28,multi_repeat_random_model.py,"(140000, 200)",90,sequential_6,Dense 512(relu) -> 256(relu) -> 512(relu) -> 512(relu) -> 512(relu) -> 512 -> 512 -> 512(relu) -> 1(sigmoid),binary_crossentropy,adam_6,33,256,496.7611,0.2712651789188385,0.12876388430595398,"[0.24309629201889038, 0.9118499755859375]",0.91185,0.7,1679617
2026-09-08 21:31:34,multi_repeat_random_model.py,"(140000, 200)",90,sequential_6,Dense 512(relu) -> 128(relu) -> 512(relu) -> 512(relu) -> 512(relu) -> 512 -> 512 -> 512(relu) -> 1(sigmoid),binary_crossentropy,adam_6,33,256,503.3962,0.23143237829208374,0.15943171083927155,"[0.24554146826267242, 0.9108666777610779]",0.9108666666666667,0.7,1548417
2026-09-08 21:37:18,multi_repeat_random_model.py,"(140000, 200)",90,sequential_6,Dense 512(relu) -> 64(relu) -> 512(relu) -> 512(relu) -> 512(relu) -> 512 -> 512 -> 512(relu) -> 1(sigmoid),binary_crossentropy,adam_6,31,256,532.6614,0.24016770720481873,0.17517335712909698,"[0.24355554580688477, 0.9108499884605408]",0.91085,0.7,1482817
2026-09-08 21:37:29,multi_repeat_random_model.py,"(140000, 200)",90,sequential_6,Dense 512(relu) -> 512(relu) -> 512(relu) -> 512(relu) -> 512(relu) -> 512 -> 512 -> 512(relu) -> 1(sigmoid),binary_crossentropy,adam_6,33,256,556.7428,0.24360990524291992,0.05967891216278076,"[0.24356365203857422, 0.9104166626930237]",0.9104166666666667,0.7,1942017
2026-09-08 21:38:43,multi_repeat_random_model.py,"(140000, 200)",90,sequential_6,Dense 512(relu) -> 256(relu) -> 512(relu) -> 512(relu) -> 512(relu) -> 512 -> 512 -> 512(relu) -> 1(sigmoid),binary_crossentropy,adam_6,31,256,430.735,0.2312854528427124,0.13678181171417236,"[0.24491570889949799, 0.9106166958808899]",0.9106166666666666,0.7,1679617
2026-09-08 21:42:40,multi_repeat_random_model.py,"(140000, 200)",90,sequential_7,Dense 512(relu) -> 128(relu) -> 512(relu) -> 512(relu) -> 512(relu) -> 512 -> 512 -> 512 -> 1(sigmoid),binary_crossentropy,adam_7,39,256,614.807,0.3811516761779785,0.14665347337722778,"[0.2423672378063202, 0.9115666747093201]",0.9115666666666666,0.7,1548417
2026-09-08 21:47:31,multi_repeat_random_model.py,"(140000, 200)",90,sequential_6,Dense 512(relu) -> 512(relu) -> 512(relu) -> 512(relu) -> 512(relu) -> 512 -> 512 -> 512(relu) -> 1(sigmoid),binary_crossentropy,adam_6,32,256,559.7959,0.22711974382400513,0.05288189277052879,"[0.24606633186340332, 0.9097833037376404]",0.9097833333333334,0.7,1942017
2026-09-08 21:48:35,multi_repeat_random_model.py,"(140000, 200)",90,sequential_6,Dense 512(relu) -> 64(relu) -> 512(relu) -> 512(relu) -> 512(relu) -> 512 -> 512 -> 512(relu) -> 1(sigmoid),binary_crossentropy,adam_6,37,256,628.8289,0.23387667536735535,0.15877120196819305,"[0.24519428610801697, 0.910266637802124]",0.9102666666666667,0.7,1482817
2026-09-08 21:50:52,multi_repeat_random_model.py,"(140000, 200)",90,sequential_7,Dense 512(relu) -> 256(relu) -> 512(relu) -> 512(relu) -> 512(relu) -> 512 -> 512 -> 512 -> 1(sigmoid),binary_crossentropy,adam_7,40,256,680.6226,0.31651216745376587,0.08910069614648819,"[0.24345296621322632, 0.9099666476249695]",0.9099666666666667,0.7,1679617
2026-09-08 21:58:53,multi_repeat_random_model.py,"(140000, 200)",90,sequential_7,Dense 512(relu) -> 512(relu) -> 512(relu) -> 512(relu) -> 512(relu) -> 512 -> 512 -> 512 -> 1(sigmoid),binary_crossentropy,adam_7,34,256,636.6058,0.3743106424808502,0.06416981667280197,"[0.24445754289627075, 0.9112333059310913]",0.9112333333333333,0.7,1942017
2026-09-08 22:00:10,multi_repeat_random_model.py,"(140000, 200)",90,sequential_7,Dense 512(relu) -> 64(relu) -> 512(relu) -> 512(relu) -> 512(relu) -> 512 -> 512 -> 512 -> 1(sigmoid),binary_crossentropy,adam_7,36,256,637.7809,0.30437150597572327,0.1675782948732376,"[0.24244162440299988, 0.9109166860580444]",0.9109166666666667,0.7,1482817
2026-09-08 22:00:40,multi_repeat_random_model.py,"(140000, 200)",90,sequential_7,Dense 512(relu) -> 256(relu) -> 512(relu) -> 512(relu) -> 512(relu) -> 512 -> 512 -> 512 -> 1(sigmoid),binary_crossentropy,adam_7,31,256,545.3801,0.2847237288951874,0.11223655194044113,"[0.24903802573680878, 0.9072333574295044]",0.9072333333333333,0.7,1679617
2026-09-08 22:03:26,multi_repeat_random_model.py,"(140000, 200)",90,sequential_7,Dense 512(relu) -> 128(relu) -> 512(relu) -> 512(relu) -> 512(relu) -> 512 -> 512 -> 512 -> 1(sigmoid),binary_crossentropy,adam_7,80,256,1195.1823,0.40647685527801514,0.32612740993499756,"[0.326141893863678, 0.8995166420936584]",0.8995166666666666,0.7,1548417
2026-09-08 22:09:40,multi_repeat_random_model.py,"(140000, 200)",90,sequential_7,Dense 512(relu) -> 512(relu) -> 512(relu) -> 512(relu) -> 512(relu) -> 512 -> 512 -> 512 -> 1(sigmoid),binary_crossentropy,adam_7,35,256,609.2519,0.40372514724731445,0.16490569710731506,"[0.244074746966362, 0.9114833474159241]",0.9114833333333333,0.7,1942017
2026-09-08 22:11:19,multi_repeat_random_model.py,"(140000, 200)",90,sequential_7,Dense 512(relu) -> 256(relu) -> 512(relu) -> 512(relu) -> 512(relu) -> 512 -> 512 -> 512 -> 1(sigmoid),binary_crossentropy,adam_7,34,256,585.5161,0.38509121537208557,0.17986668646335602,"[0.24764515459537506, 0.909583330154419]",0.9095833333333333,0.7,1679617
2026-09-08 22:14:10,multi_repeat_random_model.py,"(140000, 200)",90,sequential_7,Dense 512(relu) -> 128(relu) -> 512(relu) -> 512(relu) -> 512(relu) -> 512 -> 512 -> 512 -> 1(sigmoid),binary_crossentropy,adam_7,40,256,601.3151,0.3261563777923584,0.32611870765686035,"[0.3261435925960541, 0.8995166420936584]",0.8995166666666666,0.7,1548417
2026-09-08 22:15:39,multi_repeat_random_model.py,"(140000, 200)",90,sequential_7,Dense 512(relu) -> 64(relu) -> 512(relu) -> 512(relu) -> 512(relu) -> 512 -> 512 -> 512 -> 1(sigmoid),binary_crossentropy,adam_7,58,256,893.2642,0.3351508677005768,0.32620346546173096,"[0.32614612579345703, 0.8995166420936584]",0.8995166666666666,0.7,1482817
2026-09-08 22:19:27,multi_repeat_random_model.py,"(140000, 200)",90,sequential_7,Dense 512(relu) -> 512(relu) -> 512(relu) -> 512(relu) -> 512(relu) -> 512 -> 512 -> 512 -> 1(sigmoid),binary_crossentropy,adam_7,32,256,546.4375,0.2563309967517853,0.17549295723438263,"[0.24436630308628082, 0.911383330821991]",0.9113833333333333,0.7,1942017
2026-09-08 22:23:01,multi_repeat_random_model.py,"(140000, 200)",90,sequential_8,Dense 512(relu) -> 256(relu) -> 512(relu) -> 512(relu) -> 512 -> 512(relu) -> 512(relu) -> 512(relu) -> 1(sigmoid),binary_crossentropy,adam_8,35,256,657.8204,0.28839775919914246,0.11097133159637451,"[0.24520550668239594, 0.9110833406448364]",0.9110833333333334,0.7,1679617
2026-09-08 22:24:13,multi_repeat_random_model.py,"(140000, 200)",90,sequential_8,Dense 512(relu) -> 128(relu) -> 512(relu) -> 512(relu) -> 512 -> 512(relu) -> 512(relu) -> 512(relu) -> 1(sigmoid),binary_crossentropy,adam_8,36,256,550.9016,0.2809465527534485,0.15742121636867523,"[0.2440558224916458, 0.9112499952316284]",0.91125,0.7,1548417
2026-09-08 22:31:46,multi_repeat_random_model.py,"(140000, 200)",90,sequential_8,Dense 512(relu) -> 512(relu) -> 512(relu) -> 512(relu) -> 512 -> 512(relu) -> 512(relu) -> 512(relu) -> 1(sigmoid),binary_crossentropy,adam_8,34,256,685.1278,0.2894551455974579,0.1032225713133812,"[0.24706202745437622, 0.9115166664123535]",0.9115166666666666,0.7,1942017
2026-09-08 22:32:57,multi_repeat_random_model.py,"(140000, 200)",90,sequential_8,Dense 512(relu) -> 256(relu) -> 512(relu) -> 512(relu) -> 512 -> 512(relu) -> 512(relu) -> 512(relu) -> 1(sigmoid),binary_crossentropy,adam_8,31,256,550.4976,0.24214614927768707,0.10636579245328903,"[0.24536943435668945, 0.9106333255767822]",0.9106333333333333,0.7,1679617
2026-09-08 22:33:32,multi_repeat_random_model.py,"(140000, 200)",90,sequential_8,Dense 512(relu) -> 128(relu) -> 512(relu) -> 512(relu) -> 512 -> 512(relu) -> 512(relu) -> 512(relu) -> 1(sigmoid),binary_crossentropy,adam_8,32,256,513.5053,0.23861856758594513,0.15681427717208862,"[0.24389111995697021, 0.911383330821991]",0.9113833333333333,0.7,1548417
2026-09-08 22:34:40,multi_repeat_random_model.py,"(140000, 200)",90,sequential_7,Dense 512(relu) -> 64(relu) -> 512(relu) -> 512(relu) -> 512(relu) -> 512 -> 512 -> 512 -> 1(sigmoid),binary_crossentropy,adam_7,73,256,1083.5734,0.3262189030647278,0.32610341906547546,"[0.32614368200302124, 0.8995166420936584]",0.8995166666666666,0.7,1482817
2026-09-08 22:41:49,multi_repeat_random_model.py,"(140000, 200)",90,sequential_8,Dense 512(relu) -> 512(relu) -> 512(relu) -> 512(relu) -> 512 -> 512(relu) -> 512(relu) -> 512(relu) -> 1(sigmoid),binary_crossentropy,adam_8,33,256,564.0411,0.24497467279434204,0.09435980767011642,"[0.24352088570594788, 0.9113333225250244]",0.9113333333333333,0.7,1942017
2026-09-08 22:42:05,multi_repeat_random_model.py,"(140000, 200)",90,sequential_8,Dense 512(relu) -> 128(relu) -> 512(relu) -> 512(relu) -> 512 -> 512(relu) -> 512(relu) -> 512(relu) -> 1(sigmoid),binary_crossentropy,adam_8,33,256,477.3928,0.23007746040821075,0.15267814695835114,"[0.2483750432729721, 0.9105499982833862]",0.91055,0.7,1548417
2026-09-08 22:43:31,multi_repeat_random_model.py,"(140000, 200)",90,sequential_8,Dense 512(relu) -> 256(relu) -> 512(relu) -> 512(relu) -> 512 -> 512(relu) -> 512(relu) -> 512(relu) -> 1(sigmoid),binary_crossentropy,adam_8,34,256,578.6889,0.23104950785636902,0.08578001707792282,"[0.24543893337249756, 0.9110833406448364]",0.9110833333333334,0.7,1679617
2026-09-08 22:46:18,multi_repeat_random_model.py,"(140000, 200)",90,sequential_8,Dense 512(relu) -> 64(relu) -> 512(relu) -> 512(relu) -> 512 -> 512(relu) -> 512(relu) -> 512(relu) -> 1(sigmoid),binary_crossentropy,adam_8,39,256,628.9329,0.2840891182422638,0.16418886184692383,"[0.24192754924297333, 0.9111166596412659]",0.9111166666666667,0.7,1482817
2026-09-08 22:51:21,multi_repeat_random_model.py,"(140000, 200)",90,sequential_8,Dense 512(relu) -> 512(relu) -> 512(relu) -> 512(relu) -> 512 -> 512(relu) -> 512(relu) -> 512(relu) -> 1(sigmoid),binary_crossentropy,adam_8,32,256,530.8419,0.22937043011188507,0.07973767071962357,"[0.2468133121728897, 0.9099166393280029]",0.9099166666666667,0.7,1942017
2026-09-08 22:52:31,multi_repeat_random_model.py,"(140000, 200)",90,sequential_9,Dense 512(relu) -> 128(relu) -> 512(relu) -> 512(relu) -> 512 -> 512(relu) -> 512(relu) -> 512 -> 1(sigmoid),binary_crossentropy,adam_9,39,256,597.2037,0.2928504943847656,0.15605728328227997,"[0.24295997619628906, 0.9107666611671448]",0.9107666666666666,0.7,1548417
2026-09-08 22:55:27,multi_repeat_random_model.py,"(140000, 200)",90,sequential_8,Dense 512(relu) -> 64(relu) -> 512(relu) -> 512(relu) -> 512 -> 512(relu) -> 512(relu) -> 512(relu) -> 1(sigmoid),binary_crossentropy,adam_8,31,256,495.415,0.23320528864860535,0.17477448284626007,"[0.24504545331001282, 0.9097166657447815]",0.9097166666666666,0.7,1482817
2026-09-08 22:57:13,multi_repeat_random_model.py,"(140000, 200)",90,sequential_9,Dense 512(relu) -> 256(relu) -> 512(relu) -> 512(relu) -> 512 -> 512(relu) -> 512(relu) -> 512 -> 1(sigmoid),binary_crossentropy,adam_9,40,256,767.7659,0.2937629818916321,0.09609448164701462,"[0.24436478316783905, 0.909416675567627]",0.9094166666666667,0.7,1679617
2026-09-08 23:02:03,multi_repeat_random_model.py,"(140000, 200)",90,sequential_9,Dense 512(relu) -> 128(relu) -> 512(relu) -> 512(relu) -> 512 -> 512(relu) -> 512(relu) -> 512 -> 1(sigmoid),binary_crossentropy,adam_9,35,256,528.2739,0.23605754971504211,0.15347519516944885,"[0.24429252743721008, 0.9096166491508484]",0.9096166666666666,0.7,1548417
2026-09-08 23:03:48,multi_repeat_random_model.py,"(140000, 200)",90,sequential_9,Dense 512(relu) -> 512(relu) -> 512(relu) -> 512(relu) -> 512 -> 512(relu) -> 512(relu) -> 512 -> 1(sigmoid),binary_crossentropy,adam_9,38,256,681.6523,0.29466307163238525,0.0694572925567627,"[0.24312566220760345, 0.9116666913032532]",0.9116666666666666,0.7,1942017
2026-09-08 23:05:30,multi_repeat_random_model.py,"(140000, 200)",90,sequential_8,Dense 512(relu) -> 64(relu) -> 512(relu) -> 512(relu) -> 512 -> 512(relu) -> 512(relu) -> 512(relu) -> 1(sigmoid),binary_crossentropy,adam_8,33,256,554.1708,0.23154820501804352,0.17218662798404694,"[0.24429814517498016, 0.910266637802124]",0.9102666666666667,0.7,1482817
2026-09-08 23:06:59,multi_repeat_random_model.py,"(140000, 200)",90,sequential_9,Dense 512(relu) -> 256(relu) -> 512(relu) -> 512(relu) -> 512 -> 512(relu) -> 512(relu) -> 512 -> 1(sigmoid),binary_crossentropy,adam_9,32,256,534.5081,0.21861234307289124,0.08953988552093506,"[0.24579235911369324, 0.9096999764442444]",0.9097,0.7,1679617
2026-09-08 23:12:14,multi_repeat_random_model.py,"(140000, 200)",90,sequential_9,Dense 512(relu) -> 128(relu) -> 512(relu) -> 512(relu) -> 512 -> 512(relu) -> 512(relu) -> 512 -> 1(sigmoid),binary_crossentropy,adam_9,35,256,548.3399,0.21794918179512024,0.15509454905986786,"[0.2480716109275818, 0.9088833332061768]",0.9088833333333334,0.7,1548417
2026-09-08 23:14:28,multi_repeat_random_model.py,"(140000, 200)",90,sequential_9,Dense 512(relu) -> 512(relu) -> 512(relu) -> 512(relu) -> 512 -> 512(relu) -> 512(relu) -> 512 -> 1(sigmoid),binary_crossentropy,adam_9,36,256,579.5672,0.22611142694950104,0.050100963562726974,"[0.25464269518852234, 0.908466637134552]",0.9084666666666666,0.7,1942017
2026-09-08 23:15:53,multi_repeat_random_model.py,"(140000, 200)",90,sequential_9,Dense 512(relu) -> 64(relu) -> 512(relu) -> 512(relu) -> 512 -> 512(relu) -> 512(relu) -> 512 -> 1(sigmoid),binary_crossentropy,adam_9,37,256,575.4362,0.290312260389328,0.16639648377895355,"[0.24205970764160156, 0.9114500284194946]",0.91145,0.7,1482817
2026-09-08 23:17:40,multi_repeat_random_model.py,"(140000, 200)",90,sequential_9,Dense 512(relu) -> 256(relu) -> 512(relu) -> 512(relu) -> 512 -> 512(relu) -> 512(relu) -> 512 -> 1(sigmoid),binary_crossentropy,adam_9,35,256,576.1991,0.21119548380374908,0.07140784710645676,"[0.2584236264228821, 0.9037166833877563]",0.9037166666666666,0.7,1679617
2026-09-08 23:23:59,multi_repeat_random_model.py,"(140000, 200)",90,sequential_10,Dense 512(relu) -> 128(relu) -> 512(relu) -> 512(relu) -> 512 -> 512(relu) -> 512 -> 512(relu) -> 1(sigmoid),binary_crossentropy,adam_10,41,256,671.096,0.2910465598106384,0.17736896872520447,"[0.24139943718910217, 0.9118333458900452]",0.9118333333333334,0.7,1548417
2026-09-08 23:24:05,multi_repeat_random_model.py,"(140000, 200)",90,sequential_9,Dense 512(relu) -> 512(relu) -> 512(relu) -> 512(relu) -> 512 -> 512(relu) -> 512(relu) -> 512 -> 1(sigmoid),binary_crossentropy,adam_9,32,256,551.6367,0.19948437809944153,0.043951719999313354,"[0.2621632218360901, 0.9031833410263062]",0.9031833333333333,0.7,1942017
2026-09-08 23:24:14,multi_repeat_random_model.py,"(140000, 200)",90,sequential_9,Dense 512(relu) -> 64(relu) -> 512(relu) -> 512(relu) -> 512 -> 512(relu) -> 512(relu) -> 512 -> 1(sigmoid),binary_crossentropy,adam_9,31,256,479.9212,0.238991379737854,0.167567178606987,"[0.24324901401996613, 0.9115166664123535]",0.9115166666666666,0.7,1482817
2026-09-08 23:29:29,multi_repeat_random_model.py,"(140000, 200)",90,sequential_10,Dense 512(relu) -> 256(relu) -> 512(relu) -> 512(relu) -> 512 -> 512(relu) -> 512 -> 512(relu) -> 1(sigmoid),binary_crossentropy,adam_10,36,256,628.8639,0.30469486117362976,0.11353052407503128,"[0.242609903216362, 0.9111166596412659]",0.9111166666666667,0.7,1679617
2026-09-08 23:33:39,multi_repeat_random_model.py,"(140000, 200)",90,sequential_9,Dense 512(relu) -> 64(relu) -> 512(relu) -> 512(relu) -> 512 -> 512(relu) -> 512(relu) -> 512 -> 1(sigmoid),binary_crossentropy,adam_9,35,256,531.2339,0.23396150767803192,0.1600748598575592,"[0.24565735459327698, 0.9099000096321106]",0.9099,0.7,1482817
2026-09-08 23:33:40,multi_repeat_random_model.py,"(140000, 200)",90,sequential_10,Dense 512(relu) -> 128(relu) -> 512(relu) -> 512(relu) -> 512 -> 512(relu) -> 512 -> 512(relu) -> 1(sigmoid),binary_crossentropy,adam_10,35,256,547.6785,0.22096270322799683,0.15378616750240326,"[0.2475883513689041, 0.9087666869163513]",0.9087666666666666,0.7,1548417
2026-09-08 23:37:03,multi_repeat_random_model.py,"(140000, 200)",90,sequential_10,Dense 512(relu) -> 512(relu) -> 512(relu) -> 512(relu) -> 512 -> 512(relu) -> 512 -> 512(relu) -> 1(sigmoid),binary_crossentropy,adam_10,38,256,713.8672,0.3146456182003021,0.06667078286409378,"[0.245934396982193, 0.9107999801635742]",0.9108,0.7,1942017
2026-09-08 23:38:34,multi_repeat_random_model.py,"(140000, 200)",90,sequential_10,Dense 512(relu) -> 256(relu) -> 512(relu) -> 512(relu) -> 512 -> 512(relu) -> 512 -> 512(relu) -> 1(sigmoid),binary_crossentropy,adam_10,32,256,500.0903,0.23640719056129456,0.11257901787757874,"[0.24708789587020874, 0.9109333157539368]",0.9109333333333334,0.7,1679617
2026-09-08 23:42:51,multi_repeat_random_model.py,"(140000, 200)",90,sequential_10,Dense 512(relu) -> 128(relu) -> 512(relu) -> 512(relu) -> 512 -> 512(relu) -> 512 -> 512(relu) -> 1(sigmoid),binary_crossentropy,adam_10,32,256,487.9943,0.21476735174655914,0.14819571375846863,"[0.25028467178344727, 0.9081500172615051]",0.90815,0.7,1548417
2026-09-08 23:45:32,multi_repeat_random_model.py,"(140000, 200)",90,sequential_10,Dense 512(relu) -> 64(relu) -> 512(relu) -> 512(relu) -> 512 -> 512(relu) -> 512 -> 512(relu) -> 1(sigmoid),binary_crossentropy,adam_10,41,256,639.5105,0.28755632042884827,0.16226144134998322,"[0.2435849905014038, 0.9110333323478699]",0.9110333333333334,0.7,1482817
2026-09-08 23:47:01,multi_repeat_random_model.py,"(140000, 200)",90,sequential_10,Dense 512(relu) -> 512(relu) -> 512(relu) -> 512(relu) -> 512 -> 512(relu) -> 512 -> 512(relu) -> 1(sigmoid),binary_crossentropy,adam_10,32,256,557.2362,0.2263827919960022,0.055796097964048386,"[0.24782133102416992, 0.9095500111579895]",0.90955,0.7,1942017
2026-09-08 23:47:50,multi_repeat_random_model.py,"(140000, 200)",90,sequential_10,Dense 512(relu) -> 256(relu) -> 512(relu) -> 512(relu) -> 512 -> 512(relu) -> 512 -> 512(relu) -> 1(sigmoid),binary_crossentropy,adam_10,32,256,497.9522,0.22719836235046387,0.1099117323756218,"[0.24830234050750732, 0.9072833061218262]",0.9072833333333333,0.7,1679617
2026-09-08 23:55:01,multi_repeat_random_model.py,"(140000, 200)",90,sequential_10,Dense 512(relu) -> 64(relu) -> 512(relu) -> 512(relu) -> 512 -> 512(relu) -> 512 -> 512(relu) -> 1(sigmoid),binary_crossentropy,adam_10,35,256,525.9488,0.22765906155109406,0.15593646466732025,"[0.24836133420467377, 0.9093833565711975]",0.9093833333333333,0.7,1482817
2026-09-08 23:55:55,multi_repeat_random_model.py,"(140000, 200)",90,sequential_11,Dense 512(relu) -> 128(relu) -> 512(relu) -> 512(relu) -> 512 -> 512(relu) -> 512 -> 512 -> 1(sigmoid),binary_crossentropy,adam_11,40,256,717.9267,0.34953072667121887,0.1264156848192215,"[0.24420426785945892, 0.9114166498184204]",0.9114166666666667,0.7,1548417
2026-09-08 23:58:10,multi_repeat_random_model.py,"(140000, 200)",90,sequential_10,Dense 512(relu) -> 512(relu) -> 512(relu) -> 512(relu) -> 512 -> 512(relu) -> 512 -> 512(relu) -> 1(sigmoid),binary_crossentropy,adam_10,38,256,624.0207,0.21468305587768555,0.09416914731264114,"[0.24430708587169647, 0.9106500148773193]",0.91065,0.7,1942017
2026-09-09 00:00:17,multi_repeat_random_model.py,"(140000, 200)",90,sequential_11,Dense 512(relu) -> 256(relu) -> 512(relu) -> 512(relu) -> 512 -> 512(relu) -> 512 -> 512 -> 1(sigmoid),binary_crossentropy,adam_11,39,256,692.0755,0.34645944833755493,0.08036123961210251,"[0.24427376687526703, 0.9106166958808899]",0.9106166666666666,0.7,1679617
2026-09-09 00:04:15,multi_repeat_random_model.py,"(140000, 200)",90,sequential_10,Dense 512(relu) -> 64(relu) -> 512(relu) -> 512(relu) -> 512 -> 512(relu) -> 512 -> 512(relu) -> 1(sigmoid),binary_crossentropy,adam_10,35,256,527.9803,0.21266639232635498,0.14676117897033691,"[0.25443851947784424, 0.9095500111579895]",0.90955,0.7,1482817
2026-09-09 00:04:16,multi_repeat_random_model.py,"(140000, 200)",90,sequential_11,Dense 512(relu) -> 128(relu) -> 512(relu) -> 512(relu) -> 512 -> 512(relu) -> 512 -> 512 -> 1(sigmoid),binary_crossentropy,adam_11,31,256,473.2941,0.2291201800107956,0.14382624626159668,"[0.2457500845193863, 0.9098833203315735]",0.9098833333333334,0.7,1548417
2026-09-09 00:10:29,multi_repeat_random_model.py,"(140000, 200)",90,sequential_11,Dense 512(relu) -> 512(relu) -> 512(relu) -> 512(relu) -> 512 -> 512(relu) -> 512 -> 512 -> 1(sigmoid),binary_crossentropy,adam_11,37,256,681.9596,0.3320591151714325,0.06139465793967247,"[0.24578045308589935, 0.9107000231742859]",0.9107,0.7,1942017
2026-09-09 00:11:25,multi_repeat_random_model.py,"(140000, 200)",90,sequential_11,Dense 512(relu) -> 256(relu) -> 512(relu) -> 512(relu) -> 512 -> 512(relu) -> 512 -> 512 -> 1(sigmoid),binary_crossentropy,adam_11,36,256,612.333,0.3467663526535034,0.3262363374233246,"[0.32614460587501526, 0.8995166420936584]",0.8995166666666666,0.7,1679617
2026-09-09 00:14:20,multi_repeat_random_model.py,"(140000, 200)",90,sequential_11,Dense 512(relu) -> 128(relu) -> 512(relu) -> 512(relu) -> 512 -> 512(relu) -> 512 -> 512 -> 1(sigmoid),binary_crossentropy,adam_11,34,256,558.6837,0.22761790454387665,0.13978153467178345,"[0.24789153039455414, 0.9105333089828491]",0.9105333333333333,0.7,1548417
2026-09-09 00:15:10,multi_repeat_random_model.py,"(140000, 200)",90,sequential_11,Dense 512(relu) -> 64(relu) -> 512(relu) -> 512(relu) -> 512 -> 512(relu) -> 512 -> 512 -> 1(sigmoid),binary_crossentropy,adam_11,38,256,609.3636,0.29541391134262085,0.13922996819019318,"[0.24073269963264465, 0.9125999808311462]",0.9126,0.7,1482817
2026-09-09 00:20:29,multi_repeat_random_model.py,"(140000, 200)",90,sequential_11,Dense 512(relu) -> 512(relu) -> 512(relu) -> 512(relu) -> 512 -> 512(relu) -> 512 -> 512 -> 1(sigmoid),binary_crossentropy,adam_11,33,256,551.2377,0.25342121720314026,0.09000533819198608,"[0.24908983707427979, 0.9096666574478149]",0.9096666666666666,0.7,1942017
2026-09-09 00:22:09,multi_repeat_random_model.py,"(140000, 200)",90,sequential_11,Dense 512(relu) -> 256(relu) -> 512(relu) -> 512(relu) -> 512 -> 512(relu) -> 512 -> 512 -> 1(sigmoid),binary_crossentropy,adam_11,37,256,596.0237,0.32738983631134033,0.32610225677490234,"[0.3261459767818451, 0.8995166420936584]",0.8995166666666666,0.7,1679617
2026-09-09 00:24:48,multi_repeat_random_model.py,"(140000, 200)",90,sequential_11,Dense 512(relu) -> 64(relu) -> 512(relu) -> 512(relu) -> 512 -> 512(relu) -> 512 -> 512 -> 1(sigmoid),binary_crossentropy,adam_11,32,256,518.6734,0.278134822845459,0.16731399297714233,"[0.2468084692955017, 0.9106833338737488]",0.9106833333333333,0.7,1482817
2026-09-09 00:26:06,multi_repeat_random_model.py,"(140000, 200)",90,sequential_12,Dense 512(relu) -> 128(relu) -> 512(relu) -> 512(relu) -> 512 -> 512 -> 512(relu) -> 512(relu) -> 1(sigmoid),binary_crossentropy,adam_12,40,256,652.6345,0.295745849609375,0.14959798753261566,"[0.24292026460170746, 0.9116500020027161]",0.91165,0.7,1548417
2026-09-09 00:30:17,multi_repeat_random_model.py,"(140000, 200)",90,sequential_11,Dense 512(relu) -> 512(relu) -> 512(relu) -> 512(relu) -> 512 -> 512(relu) -> 512 -> 512 -> 1(sigmoid),binary_crossentropy,adam_11,31,256,532.4823,0.2216961532831192,0.08268603682518005,"[0.2503804862499237, 0.909583330154419]",0.9095833333333333,0.7,1942017
2026-09-09 00:32:39,multi_repeat_random_model.py,"(140000, 200)",90,sequential_12,Dense 512(relu) -> 256(relu) -> 512(relu) -> 512(relu) -> 512 -> 512 -> 512(relu) -> 512(relu) -> 1(sigmoid),binary_crossentropy,adam_12,35,256,585.4428,0.2974298894405365,0.1286264955997467,"[0.24409106373786926, 0.9112666845321655]",0.9112666666666667,0.7,1679617
2026-09-09 00:33:43,multi_repeat_random_model.py,"(140000, 200)",90,sequential_11,Dense 512(relu) -> 64(relu) -> 512(relu) -> 512(relu) -> 512 -> 512(relu) -> 512 -> 512 -> 1(sigmoid),binary_crossentropy,adam_11,32,256,487.0014,0.3270210921764374,0.32621169090270996,"[0.3261451721191406, 0.8995166420936584]",0.8995166666666666,0.7,1482817
2026-09-09 00:34:47,multi_repeat_random_model.py,"(140000, 200)",90,sequential_12,Dense 512(relu) -> 128(relu) -> 512(relu) -> 512(relu) -> 512 -> 512 -> 512(relu) -> 512(relu) -> 1(sigmoid),binary_crossentropy,adam_12,31,256,472.409,0.22720873355865479,0.1594061404466629,"[0.24548277258872986, 0.9101999998092651]",0.9102,0.7,1548417
2026-09-09 00:42:13,multi_repeat_random_model.py,"(140000, 200)",90,sequential_12,Dense 512(relu) -> 512(relu) -> 512(relu) -> 512(relu) -> 512 -> 512 -> 512(relu) -> 512(relu) -> 1(sigmoid),binary_crossentropy,adam_12,35,256,661.7477,0.3057863414287567,0.09455680847167969,"[0.243181511759758, 0.9118666648864746]",0.9118666666666667,0.7,1942017
2026-09-09 00:42:49,multi_repeat_random_model.py,"(140000, 200)",90,sequential_12,Dense 512(relu) -> 256(relu) -> 512(relu) -> 512(relu) -> 512 -> 512 -> 512(relu) -> 512(relu) -> 1(sigmoid),binary_crossentropy,adam_12,35,256,566.4637,0.26302438974380493,0.13896161317825317,"[0.2444777935743332, 0.9104499816894531]",0.91045,0.7,1679617
2026-09-09 00:43:40,multi_repeat_random_model.py,"(140000, 200)",90,sequential_12,Dense 512(relu) -> 128(relu) -> 512(relu) -> 512(relu) -> 512 -> 512 -> 512(relu) -> 512(relu) -> 1(sigmoid),binary_crossentropy,adam_12,31,256,482.5307,0.22316519916057587,0.15399077534675598,"[0.2483445107936859, 0.9089000225067139]",0.9089,0.7,1548417
2026-09-09 00:45:44,multi_repeat_random_model.py,"(140000, 200)",90,sequential_12,Dense 512(relu) -> 64(relu) -> 512(relu) -> 512(relu) -> 512 -> 512 -> 512(relu) -> 512(relu) -> 1(sigmoid),binary_crossentropy,adam_12,41,256,665.2939,0.2866140305995941,0.16880866885185242,"[0.2429526001214981, 0.9117333292961121]",0.9117333333333333,0.7,1482817
2026-09-09 00:52:06,multi_repeat_random_model.py,"(140000, 200)",90,sequential_12,Dense 512(relu) -> 512(relu) -> 512(relu) -> 512(relu) -> 512 -> 512 -> 512(relu) -> 512(relu) -> 1(sigmoid),binary_crossentropy,adam_12,33,256,557.5736,0.23871061205863953,0.08509104698896408,"[0.24620909988880157, 0.9107499718666077]",0.91075,0.7,1942017
2026-09-09 00:52:18,multi_repeat_random_model.py,"(140000, 200)",90,sequential_12,Dense 512(relu) -> 256(relu) -> 512(relu) -> 512(relu) -> 512 -> 512 -> 512(relu) -> 512(relu) -> 1(sigmoid),binary_crossentropy,adam_12,33,256,535.5721,0.2285265028476715,0.14384391903877258,"[0.24619460105895996, 0.9106333255767822]",0.9106333333333333,0.7,1679617
2026-09-09 00:54:30,multi_repeat_random_model.py,"(140000, 200)",90,sequential_12,Dense 512(relu) -> 64(relu) -> 512(relu) -> 512(relu) -> 512 -> 512 -> 512(relu) -> 512(relu) -> 1(sigmoid),binary_crossentropy,adam_12,31,256,472.5286,0.23164860904216766,0.16701149940490723,"[0.24609246850013733, 0.9106000065803528]",0.9106,0.7,1482817
2026-09-09 00:55:26,multi_repeat_random_model.py,"(140000, 200)",90,sequential_13,Dense 512(relu) -> 128(relu) -> 512(relu) -> 512(relu) -> 512 -> 512 -> 512(relu) -> 512 -> 1(sigmoid),binary_crossentropy,adam_13,36,256,634.8253,0.31179821491241455,0.15263447165489197,"[0.2422715276479721, 0.911549985408783]",0.91155,0.7,1548417
2026-09-09 01:02:07,multi_repeat_random_model.py,"(140000, 200)",90,sequential_12,Dense 512(relu) -> 512(relu) -> 512(relu) -> 512(relu) -> 512 -> 512 -> 512(relu) -> 512(relu) -> 1(sigmoid),binary_crossentropy,adam_12,31,256,551.1308,0.22726048529148102,0.08902532607316971,"[0.2461061179637909, 0.9089333415031433]",0.9089333333333334,0.7,1942017
2026-09-09 01:03:00,multi_repeat_random_model.py,"(140000, 200)",90,sequential_12,Dense 512(relu) -> 64(relu) -> 512(relu) -> 512(relu) -> 512 -> 512 -> 512(relu) -> 512(relu) -> 1(sigmoid),binary_crossentropy,adam_12,31,256,482.7229,0.2258174568414688,0.16832628846168518,"[0.24505074322223663, 0.9104666709899902]",0.9104666666666666,0.7,1482817
2026-09-09 01:03:27,multi_repeat_random_model.py,"(140000, 200)",90,sequential_13,Dense 512(relu) -> 256(relu) -> 512(relu) -> 512(relu) -> 512 -> 512 -> 512(relu) -> 512 -> 1(sigmoid),binary_crossentropy,adam_13,38,256,630.3688,0.32485252618789673,0.21249376237392426,"[0.2465604543685913, 0.9106166958808899]",0.9106166666666666,0.7,1679617
2026-09-09 01:04:24,multi_repeat_random_model.py,"(140000, 200)",90,sequential_13,Dense 512(relu) -> 128(relu) -> 512(relu) -> 512(relu) -> 512 -> 512 -> 512(relu) -> 512 -> 1(sigmoid),binary_crossentropy,adam_13,31,256,479.2131,0.2526114881038666,0.177137091755867,"[0.24384234845638275, 0.9112499952316284]",0.91125,0.7,1548417
2026-09-09 01:13:33,multi_repeat_random_model.py,"(140000, 200)",90,sequential_13,Dense 512(relu) -> 256(relu) -> 512(relu) -> 512(relu) -> 512 -> 512 -> 512(relu) -> 512 -> 1(sigmoid),binary_crossentropy,adam_13,34,256,577.0816,0.22672680020332336,0.15360192954540253,"[0.2466723769903183, 0.9099833369255066]",0.9099833333333334,0.7,1679617
2026-09-09 01:13:47,multi_repeat_random_model.py,"(140000, 200)",90,sequential_13,Dense 512(relu) -> 512(relu) -> 512(relu) -> 512(relu) -> 512 -> 512 -> 512(relu) -> 512 -> 1(sigmoid),binary_crossentropy,adam_13,36,256,664.2718,0.3479357063770294,0.32610368728637695,"[0.2450660765171051, 0.9110333323478699]",0.9110333333333334,0.7,1942017
2026-09-09 01:14:02,multi_repeat_random_model.py,"(140000, 200)",90,sequential_13,Dense 512(relu) -> 128(relu) -> 512(relu) -> 512(relu) -> 512 -> 512 -> 512(relu) -> 512 -> 1(sigmoid),binary_crossentropy,adam_13,33,256,546.26,0.23958787322044373,0.18334215879440308,"[0.24289293587207794, 0.9114999771118164]",0.9115,0.7,1548417
2026-09-09 01:15:40,multi_repeat_random_model.py,"(140000, 200)",90,sequential_13,Dense 512(relu) -> 64(relu) -> 512(relu) -> 512(relu) -> 512 -> 512 -> 512(relu) -> 512 -> 1(sigmoid),binary_crossentropy,adam_13,43,256,702.2396,0.30856069922447205,0.16725750267505646,"[0.24298012256622314, 0.911383330821991]",0.9113833333333333,0.7,1482817
2026-09-09 01:22:55,multi_repeat_random_model.py,"(140000, 200)",90,sequential_13,Dense 512(relu) -> 256(relu) -> 512(relu) -> 512(relu) -> 512 -> 512 -> 512(relu) -> 512 -> 1(sigmoid),binary_crossentropy,adam_13,31,256,494.3861,0.22446118295192719,0.30500149726867676,"[0.24946913123130798, 0.9086666703224182]",0.9086666666666666,0.7,1679617
2026-09-09 01:24:57,multi_repeat_random_model.py,"(140000, 200)",90,sequential_14,Dense 512(relu) -> 128(relu) -> 512(relu) -> 512(relu) -> 512 -> 512 -> 512 -> 512(relu) -> 1(sigmoid),binary_crossentropy,adam_14,34,256,588.9987,0.3306169807910919,0.14599665999412537,"[0.24230703711509705, 0.9118666648864746]",0.9118666666666667,0.7,1548417
2026-09-09 01:25:39,multi_repeat_random_model.py,"(140000, 200)",90,sequential_13,Dense 512(relu) -> 64(relu) -> 512(relu) -> 512(relu) -> 512 -> 512 -> 512(relu) -> 512 -> 1(sigmoid),binary_crossentropy,adam_13,35,256,564.072,0.2301499843597412,0.16835257411003113,"[0.24519594013690948, 0.9103666543960571]",0.9103666666666667,0.7,1482817
2026-09-09 01:26:10,multi_repeat_random_model.py,"(140000, 200)",90,sequential_13,Dense 512(relu) -> 512(relu) -> 512(relu) -> 512(relu) -> 512 -> 512 -> 512(relu) -> 512 -> 1(sigmoid),binary_crossentropy,adam_13,41,256,696.9268,1.1181962490081787,0.22891318798065186,"[0.24443697929382324, 0.9115166664123535]",0.9115166666666666,0.7,1942017
2026-09-09 01:33:38,multi_repeat_random_model.py,"(140000, 200)",90,sequential_14,Dense 512(relu) -> 256(relu) -> 512(relu) -> 512(relu) -> 512 -> 512 -> 512 -> 512(relu) -> 1(sigmoid),binary_crossentropy,adam_14,36,256,571.631,0.3696051239967346,0.11075843125581741,"[0.24580158293247223, 0.9095333218574524]",0.9095333333333333,0.7,1679617
2026-09-09 01:34:30,multi_repeat_random_model.py,"(140000, 200)",90,sequential_13,Dense 512(relu) -> 64(relu) -> 512(relu) -> 512(relu) -> 512 -> 512 -> 512(relu) -> 512 -> 1(sigmoid),binary_crossentropy,adam_13,31,256,488.8811,0.21958693861961365,0.15620483458042145,"[0.248186394572258, 0.9098333120346069]",0.9098333333333334,0.7,1482817
2026-09-09 01:34:38,multi_repeat_random_model.py,"(140000, 200)",90,sequential_14,Dense 512(relu) -> 128(relu) -> 512(relu) -> 512(relu) -> 512 -> 512 -> 512 -> 512(relu) -> 1(sigmoid),binary_crossentropy,adam_14,34,256,544.7894,0.6934393644332886,0.32643628120422363,"[0.3261449337005615, 0.8995166420936584]",0.8995166666666666,0.7,1548417
2026-09-09 01:47:10,multi_repeat_random_model.py,"(140000, 200)",90,sequential_14,Dense 512(relu) -> 64(relu) -> 512(relu) -> 512(relu) -> 512 -> 512 -> 512 -> 512(relu) -> 1(sigmoid),binary_crossentropy,adam_14,39,256,696.4683,0.29095786809921265,0.17627392709255219,"[0.24281445145606995, 0.9121000170707703]",0.9121,0.7,1482817
2026-09-09 01:51:15,multi_repeat_random_model.py,"(140000, 200)",90,sequential_14,Dense 512(relu) -> 256(relu) -> 512(relu) -> 512(relu) -> 512 -> 512 -> 512 -> 512(relu) -> 1(sigmoid),binary_crossentropy,adam_14,61,256,1000.3564,2.444350004196167,0.22685489058494568,"[0.24231165647506714, 0.911383330821991]",0.9113833333333333,0.7,1679617
2026-09-09 01:55:09,multi_repeat_random_model.py,"(140000, 200)",90,sequential_13,Dense 512(relu) -> 512(relu) -> 512(relu) -> 512(relu) -> 512 -> 512 -> 512(relu) -> 512 -> 1(sigmoid),binary_crossentropy,adam_13,96,256,1693.1543,0.25268447399139404,0.23264877498149872,"[0.24066896736621857, 0.9124000072479248]",0.9124,0.7,1942017
2026-09-09 01:56:16,multi_repeat_random_model.py,"(140000, 200)",90,sequential_14,Dense 512(relu) -> 128(relu) -> 512(relu) -> 512(relu) -> 512 -> 512 -> 512 -> 512(relu) -> 1(sigmoid),binary_crossentropy,adam_14,79,256,1256.5734,0.33270248770713806,0.3261949419975281,"[0.3261449337005615, 0.8995166420936584]",0.8995166666666666,0.7,1548417
2026-09-09 01:59:21,multi_repeat_random_model.py,"(140000, 200)",90,sequential_14,Dense 512(relu) -> 64(relu) -> 512(relu) -> 512(relu) -> 512 -> 512 -> 512 -> 512(relu) -> 1(sigmoid),binary_crossentropy,adam_14,43,256,668.6076,0.34041184186935425,0.3263629376888275,"[0.32614415884017944, 0.8995166420936584]",0.8995166666666666,0.7,1482817
2026-09-09 02:00:40,multi_repeat_random_model.py,"(140000, 200)",90,sequential_14,Dense 512(relu) -> 256(relu) -> 512(relu) -> 512(relu) -> 512 -> 512 -> 512 -> 512(relu) -> 1(sigmoid),binary_crossentropy,adam_14,34,256,505.8102,0.23872146010398865,0.24896274507045746,"[0.24143104255199432, 0.9117000102996826]",0.9117,0.7,1679617
2026-09-09 02:06:53,multi_repeat_random_model.py,"(140000, 200)",90,sequential_15,Dense 512(relu) -> 128(relu) -> 512(relu) -> 512(relu) -> 512 -> 512 -> 512 -> 512 -> 1(sigmoid),binary_crossentropy,adam_15,35,256,592.4676,0.39640122652053833,0.14924904704093933,"[0.24308860301971436, 0.9111499786376953]",0.91115,0.7,1548417
2026-09-09 02:07:04,multi_repeat_random_model.py,"(140000, 200)",90,sequential_14,Dense 512(relu) -> 512(relu) -> 512(relu) -> 512(relu) -> 512 -> 512 -> 512 -> 512(relu) -> 1(sigmoid),binary_crossentropy,adam_14,36,256,646.7978,0.32103073596954346,0.07595657557249069,"[0.2450859099626541, 0.9105666875839233]",0.9105666666666666,0.7,1942017
2026-09-09 02:13:39,multi_repeat_random_model.py,"(140000, 200)",90,sequential_15,Dense 512(relu) -> 256(relu) -> 512(relu) -> 512(relu) -> 512 -> 512 -> 512 -> 512 -> 1(sigmoid),binary_crossentropy,adam_15,41,256,715.4838,0.47616592049598694,0.06832645833492279,"[0.244672492146492, 0.9102833271026611]",0.9102833333333333,0.7,1679617
2026-09-09 02:15:31,multi_repeat_random_model.py,"(140000, 200)",90,sequential_14,Dense 512(relu) -> 64(relu) -> 512(relu) -> 512(relu) -> 512 -> 512 -> 512 -> 512(relu) -> 1(sigmoid),binary_crossentropy,adam_14,58,256,906.0165,0.32691529393196106,0.3264652192592621,"[0.3261423110961914, 0.8995166420936584]",0.8995166666666666,0.7,1482817
2026-09-09 02:18:43,multi_repeat_random_model.py,"(140000, 200)",90,sequential_14,Dense 512(relu) -> 512(relu) -> 512(relu) -> 512(relu) -> 512 -> 512 -> 512 -> 512(relu) -> 1(sigmoid),binary_crossentropy,adam_14,37,256,646.1773,0.45276856422424316,0.16086161136627197,"[0.2449008673429489, 0.9105166792869568]",0.9105166666666666,0.7,1942017
2026-09-09 02:29:33,multi_repeat_random_model.py,"(140000, 200)",90,sequential_15,Dense 512(relu) -> 64(relu) -> 512(relu) -> 512(relu) -> 512 -> 512 -> 512 -> 512 -> 1(sigmoid),binary_crossentropy,adam_15,43,256,784.0691,0.36771923303604126,0.1716316193342209,"[0.24412845075130463, 0.9106000065803528]",0.9106,0.7,1482817
2026-09-09 02:30:39,multi_repeat_random_model.py,"(140000, 200)",90,sequential_15,Dense 512(relu) -> 128(relu) -> 512(relu) -> 512(relu) -> 512 -> 512 -> 512 -> 512 -> 1(sigmoid),binary_crossentropy,adam_15,84,256,1380.6772,0.8063474297523499,0.32610514760017395,"[0.3261449337005615, 0.8995166420936584]",0.8995166666666666,0.7,1548417
2026-09-09 02:32:33,multi_repeat_random_model.py,"(140000, 200)",90,sequential_15,Dense 512(relu) -> 256(relu) -> 512(relu) -> 512(relu) -> 512 -> 512 -> 512 -> 512 -> 1(sigmoid),binary_crossentropy,adam_15,67,256,1085.9718,0.8624714612960815,0.3260771930217743,"[0.3261463940143585, 0.8995166420936584]",0.8995166666666666,0.7,1679617
2026-09-09 02:33:43,multi_repeat_random_model.py,"(140000, 200)",90,sequential_14,Dense 512(relu) -> 512(relu) -> 512(relu) -> 512(relu) -> 512 -> 512 -> 512 -> 512(relu) -> 1(sigmoid),binary_crossentropy,adam_14,48,256,861.3218,0.23061694204807281,0.20478878915309906,"[0.2495805323123932, 0.9096500277519226]",0.90965,0.7,1942017
2026-09-09 02:39:44,multi_repeat_random_model.py,"(140000, 200)",90,sequential_15,Dense 512(relu) -> 64(relu) -> 512(relu) -> 512(relu) -> 512 -> 512 -> 512 -> 512 -> 1(sigmoid),binary_crossentropy,adam_15,36,256,555.4018,1.695151448249817,0.22110602259635925,"[0.24457712471485138, 0.9114000201225281]",0.9114,0.7,1482817
2026-09-09 02:47:23,multi_repeat_random_model.py,"(140000, 200)",90,sequential_15,Dense 512(relu) -> 512(relu) -> 512(relu) -> 512(relu) -> 512 -> 512 -> 512 -> 512 -> 1(sigmoid),binary_crossentropy,adam_15,40,256,758.8848,0.5287050604820251,0.043379973620176315,"[0.24503886699676514, 0.910266637802124]",0.9102666666666667,0.7,1942017
2026-09-09 02:47:51,multi_repeat_random_model.py,"(140000, 200)",90,sequential_15,Dense 512(relu) -> 128(relu) -> 512(relu) -> 512(relu) -> 512 -> 512 -> 512 -> 512 -> 1(sigmoid),binary_crossentropy,adam_15,64,256,995.1587,0.32614439725875854,0.32604333758354187,"[0.3261411190032959, 0.8995166420936584]",0.8995166666666666,0.7,1548417
2026-09-09 02:48:36,multi_repeat_random_model.py,"(140000, 200)",90,sequential_15,Dense 512(relu) -> 256(relu) -> 512(relu) -> 512(relu) -> 512 -> 512 -> 512 -> 512 -> 1(sigmoid),binary_crossentropy,adam_15,54,256,910.1174,0.3266722857952118,0.32608655095100403,"[0.3261420428752899, 0.8995166420936584]",0.8995166666666666,0.7,1679617
2026-09-09 02:49:07,multi_repeat_random_model.py,"(140000, 200)",90,sequential_15,Dense 512(relu) -> 64(relu) -> 512(relu) -> 512(relu) -> 512 -> 512 -> 512 -> 512 -> 1(sigmoid),binary_crossentropy,adam_15,35,256,533.7751,0.4799775779247284,0.2191874235868454,"[0.24332578480243683, 0.9118833541870117]",0.9118833333333334,0.7,1482817
2026-09-09 02:58:02,multi_repeat_random_model.py,"(140000, 200)",90,sequential_15,Dense 512(relu) -> 512(relu) -> 512(relu) -> 512(relu) -> 512 -> 512 -> 512 -> 512 -> 1(sigmoid),binary_crossentropy,adam_15,34,256,585.9538,0.8008090853691101,0.20259322226047516,"[0.24502027034759521, 0.9104499816894531]",0.91045,0.7,1942017
2026-09-09 02:58:56,multi_repeat_random_model.py,"(140000, 200)",90,sequential_16,Dense 512(relu) -> 128(relu) -> 512(relu) -> 512 -> 512(relu) -> 512(relu) -> 512(relu) -> 512(relu) -> 1(sigmoid),binary_crossentropy,adam_16,37,256,603.6118,0.28395789861679077,0.1527416706085205,"[0.2421237975358963, 0.9118000268936157]",0.9118,0.7,1548417
2026-09-09 03:00:15,multi_repeat_random_model.py,"(140000, 200)",90,sequential_16,Dense 512(relu) -> 256(relu) -> 512(relu) -> 512 -> 512(relu) -> 512(relu) -> 512(relu) -> 512(relu) -> 1(sigmoid),binary_crossentropy,adam_16,38,256,643.5977,0.2843625545501709,0.11425535380840302,"[0.24400247633457184, 0.9111166596412659]",0.9111166666666667,0.7,1679617
2026-09-09 03:00:42,multi_repeat_random_model.py,"(140000, 200)",90,sequential_16,Dense 512(relu) -> 64(relu) -> 512(relu) -> 512 -> 512(relu) -> 512(relu) -> 512(relu) -> 512(relu) -> 1(sigmoid),binary_crossentropy,adam_16,38,256,653.2887,0.28041359782218933,0.15320754051208496,"[0.24043217301368713, 0.9125166535377502]",0.9125166666666666,0.7,1482817
2026-09-09 03:08:34,multi_repeat_random_model.py,"(140000, 200)",90,sequential_15,Dense 512(relu) -> 512(relu) -> 512(relu) -> 512(relu) -> 512 -> 512 -> 512 -> 512 -> 1(sigmoid),binary_crossentropy,adam_15,33,256,570.9121,0.25201746821403503,0.21706371009349823,"[0.24427326023578644, 0.9107999801635742]",0.9108,0.7,1942017
2026-09-09 03:08:47,multi_repeat_random_model.py,"(140000, 200)",90,sequential_16,Dense 512(relu) -> 128(relu) -> 512(relu) -> 512 -> 512(relu) -> 512(relu) -> 512(relu) -> 512(relu) -> 1(sigmoid),binary_crossentropy,adam_16,34,256,564.2428,0.2328355759382248,0.14172326028347015,"[0.2466844767332077, 0.9104499816894531]",0.91045,0.7,1548417
2026-09-09 03:09:28,multi_repeat_random_model.py,"(140000, 200)",90,sequential_16,Dense 512(relu) -> 64(relu) -> 512(relu) -> 512 -> 512(relu) -> 512(relu) -> 512(relu) -> 512(relu) -> 1(sigmoid),binary_crossentropy,adam_16,31,256,506.2056,0.23064158856868744,0.1583162546157837,"[0.2424841821193695, 0.9115833044052124]",0.9115833333333333,0.7,1482817
2026-09-09 03:09:28,multi_repeat_random_model.py,"(140000, 200)",90,sequential_16,Dense 512(relu) -> 256(relu) -> 512(relu) -> 512 -> 512(relu) -> 512(relu) -> 512(relu) -> 512(relu) -> 1(sigmoid),binary_crossentropy,adam_16,32,256,519.0563,0.22804605960845947,0.11276506632566452,"[0.2463279515504837, 0.9079499840736389]",0.90795,0.7,1679617
2026-09-09 03:18:27,multi_repeat_random_model.py,"(140000, 200)",90,sequential_16,Dense 512(relu) -> 128(relu) -> 512(relu) -> 512 -> 512(relu) -> 512(relu) -> 512(relu) -> 512(relu) -> 1(sigmoid),binary_crossentropy,adam_16,32,256,533.2436,0.21802976727485657,0.1408994346857071,"[0.24869827926158905, 0.9090833067893982]",0.9090833333333334,0.7,1548417
2026-09-09 03:18:40,multi_repeat_random_model.py,"(140000, 200)",90,sequential_16,Dense 512(relu) -> 256(relu) -> 512(relu) -> 512 -> 512(relu) -> 512(relu) -> 512(relu) -> 512(relu) -> 1(sigmoid),binary_crossentropy,adam_16,31,256,530.6675,0.22052806615829468,0.1032010167837143,"[0.2499966025352478, 0.9066333174705505]",0.9066333333333333,0.7,1679617
2026-09-09 03:18:46,multi_repeat_random_model.py,"(140000, 200)",90,sequential_16,Dense 512(relu) -> 64(relu) -> 512(relu) -> 512 -> 512(relu) -> 512(relu) -> 512(relu) -> 512(relu) -> 1(sigmoid),binary_crossentropy,adam_16,33,256,543.7648,0.2260221540927887,0.1562870889902115,"[0.24301670491695404, 0.9106666445732117]",0.9106666666666666,0.7,1482817
2026-09-09 03:20:39,multi_repeat_random_model.py,"(140000, 200)",90,sequential_16,Dense 512(relu) -> 512(relu) -> 512(relu) -> 512 -> 512(relu) -> 512(relu) -> 512(relu) -> 512(relu) -> 1(sigmoid),binary_crossentropy,adam_16,35,256,651.1183,0.2815828025341034,0.09886632114648819,"[0.24316513538360596, 0.9111666679382324]",0.9111666666666667,0.7,1942017
2026-09-09 03:29:10,multi_repeat_random_model.py,"(140000, 200)",90,sequential_17,Dense 512(relu) -> 128(relu) -> 512(relu) -> 512 -> 512(relu) -> 512(relu) -> 512(relu) -> 512 -> 1(sigmoid),binary_crossentropy,adam_17,37,256,593.1634,0.2897782027721405,0.16222144663333893,"[0.24289380013942719, 0.9116833209991455]",0.9116833333333333,0.7,1548417
2026-09-09 03:30:21,multi_repeat_random_model.py,"(140000, 200)",90,sequential_17,Dense 512(relu) -> 256(relu) -> 512(relu) -> 512 -> 512(relu) -> 512(relu) -> 512(relu) -> 512 -> 1(sigmoid),binary_crossentropy,adam_17,38,256,637.9404,0.29185259342193604,0.11623765528202057,"[0.24551551043987274, 0.9107833504676819]",0.9107833333333333,0.7,1679617
2026-09-09 03:30:58,multi_repeat_random_model.py,"(140000, 200)",90,sequential_16,Dense 512(relu) -> 512(relu) -> 512(relu) -> 512 -> 512(relu) -> 512(relu) -> 512(relu) -> 512(relu) -> 1(sigmoid),binary_crossentropy,adam_16,32,256,586.4484,0.2371969223022461,0.10578154027462006,"[0.24473737180233002, 0.9113166928291321]",0.9113166666666667,0.7,1942017
2026-09-09 03:37:59,multi_repeat_random_model.py,"(140000, 200)",90,sequential_17,Dense 512(relu) -> 64(relu) -> 512(relu) -> 512 -> 512(relu) -> 512(relu) -> 512(relu) -> 512 -> 1(sigmoid),binary_crossentropy,adam_17,66,256,1105.3773,0.2909432351589203,0.21274712681770325,"[0.24055913090705872, 0.9116166830062866]",0.9116166666666666,0.7,1482817
2026-09-09 03:39:41,multi_repeat_random_model.py,"(140000, 200)",90,sequential_17,Dense 512(relu) -> 256(relu) -> 512(relu) -> 512 -> 512(relu) -> 512(relu) -> 512(relu) -> 512 -> 1(sigmoid),binary_crossentropy,adam_17,31,256,511.0965,0.22917675971984863,0.12123867869377136,"[0.24673546850681305, 0.9106666445732117]",0.9106666666666666,0.7,1679617
2026-09-09 03:40:11,multi_repeat_random_model.py,"(140000, 200)",90,sequential_17,Dense 512(relu) -> 128(relu) -> 512(relu) -> 512 -> 512(relu) -> 512(relu) -> 512(relu) -> 512 -> 1(sigmoid),binary_crossentropy,adam_17,40,256,628.2271,0.2410527914762497,0.15955287218093872,"[0.24425256252288818, 0.910266637802124]",0.9102666666666667,0.7,1548417
2026-09-09 03:41:54,multi_repeat_random_model.py,"(140000, 200)",90,sequential_16,Dense 512(relu) -> 512(relu) -> 512(relu) -> 512 -> 512(relu) -> 512(relu) -> 512(relu) -> 512(relu) -> 1(sigmoid),binary_crossentropy,adam_16,32,256,594.4928,0.22969993948936462,0.0831727460026741,"[0.2458615005016327, 0.9103166460990906]",0.9103166666666667,0.7,1942017
2026-09-09 03:47:30,multi_repeat_random_model.py,"(140000, 200)",90,sequential_17,Dense 512(relu) -> 64(relu) -> 512(relu) -> 512 -> 512(relu) -> 512(relu) -> 512(relu) -> 512 -> 1(sigmoid),binary_crossentropy,adam_17,35,256,514.1264,0.2454492300748825,0.1816129833459854,"[0.23903368413448334, 0.9125666618347168]",0.9125666666666666,0.7,1482817
2026-09-09 03:48:47,multi_repeat_random_model.py,"(140000, 200)",90,sequential_17,Dense 512(relu) -> 256(relu) -> 512(relu) -> 512 -> 512(relu) -> 512(relu) -> 512(relu) -> 512 -> 1(sigmoid),binary_crossentropy,adam_17,31,256,483.0017,0.22386060655117035,0.11870008707046509,"[0.24787215888500214, 0.9096666574478149]",0.9096666666666666,0.7,1679617
2026-09-09 03:50:03,multi_repeat_random_model.py,"(140000, 200)",90,sequential_17,Dense 512(relu) -> 128(relu) -> 512(relu) -> 512 -> 512(relu) -> 512(relu) -> 512(relu) -> 512 -> 1(sigmoid),binary_crossentropy,adam_17,37,256,544.778,0.21285875141620636,0.15208034217357635,"[0.2525356411933899, 0.9065166711807251]",0.9065166666666666,0.7,1548417
2026-09-09 03:53:46,multi_repeat_random_model.py,"(140000, 200)",90,sequential_17,Dense 512(relu) -> 512(relu) -> 512(relu) -> 512 -> 512(relu) -> 512(relu) -> 512(relu) -> 512 -> 1(sigmoid),binary_crossentropy,adam_17,35,256,657.6347,0.2932737171649933,0.09824274480342865,"[0.24826860427856445, 0.9097833037376404]",0.9097833333333334,0.7,1942017
2026-09-09 03:56:19,multi_repeat_random_model.py,"(140000, 200)",90,sequential_17,Dense 512(relu) -> 64(relu) -> 512(relu) -> 512 -> 512(relu) -> 512(relu) -> 512(relu) -> 512 -> 1(sigmoid),binary_crossentropy,adam_17,33,256,473.8398,0.22905471920967102,0.17936338484287262,"[0.24148978292942047, 0.9114833474159241]",0.9114833333333333,0.7,1482817
2026-09-09 04:00:09,multi_repeat_random_model.py,"(140000, 200)",90,sequential_18,Dense 512(relu) -> 256(relu) -> 512(relu) -> 512 -> 512(relu) -> 512(relu) -> 512 -> 512(relu) -> 1(sigmoid),binary_crossentropy,adam_18,37,256,620.7724,0.29481422901153564,0.10634691268205643,"[0.24208255112171173, 0.9117833375930786]",0.9117833333333333,0.7,1679617
2026-09-09 04:01:25,multi_repeat_random_model.py,"(140000, 200)",90,sequential_18,Dense 512(relu) -> 128(relu) -> 512(relu) -> 512 -> 512(relu) -> 512(relu) -> 512 -> 512(relu) -> 1(sigmoid),binary_crossentropy,adam_18,36,256,609.4166,0.29338356852531433,0.163476824760437,"[0.2424231618642807, 0.9120500087738037]",0.91205,0.7,1548417
2026-09-09 04:03:35,multi_repeat_random_model.py,"(140000, 200)",90,sequential_17,Dense 512(relu) -> 512(relu) -> 512(relu) -> 512 -> 512(relu) -> 512(relu) -> 512(relu) -> 512 -> 1(sigmoid),binary_crossentropy,adam_17,31,256,537.0585,0.2358470857143402,0.09923629462718964,"[0.24352304637432098, 0.9114833474159241]",0.9114833333333333,0.7,1942017
2026-09-09 04:09:02,multi_repeat_random_model.py,"(140000, 200)",90,sequential_18,Dense 512(relu) -> 64(relu) -> 512(relu) -> 512 -> 512(relu) -> 512(relu) -> 512 -> 512(relu) -> 1(sigmoid),binary_crossentropy,adam_18,38,256,692.0761,0.2869553565979004,0.1556624174118042,"[0.241301491856575, 0.9126333594322205]",0.9126333333333333,0.7,1482817
2026-09-09 04:09:46,multi_repeat_random_model.py,"(140000, 200)",90,sequential_18,Dense 512(relu) -> 256(relu) -> 512(relu) -> 512 -> 512(relu) -> 512(relu) -> 512 -> 512(relu) -> 1(sigmoid),binary_crossentropy,adam_18,33,256,535.0307,0.23636434972286224,0.10917672514915466,"[0.24520137906074524, 0.9105666875839233]",0.9105666666666666,0.7,1679617
2026-09-09 04:11:03,multi_repeat_random_model.py,"(140000, 200)",90,sequential_18,Dense 512(relu) -> 128(relu) -> 512(relu) -> 512 -> 512(relu) -> 512(relu) -> 512 -> 512(relu) -> 1(sigmoid),binary_crossentropy,adam_18,34,256,517.3362,0.24741820991039276,0.1672237366437912,"[0.24381686747074127, 0.9110333323478699]",0.9110333333333334,0.7,1548417
2026-09-09 04:13:54,multi_repeat_random_model.py,"(140000, 200)",90,sequential_17,Dense 512(relu) -> 512(relu) -> 512(relu) -> 512 -> 512(relu) -> 512(relu) -> 512(relu) -> 512 -> 1(sigmoid),binary_crossentropy,adam_17,31,256,561.8057,0.23232915997505188,0.09854715317487717,"[0.24629738926887512, 0.9107166528701782]",0.9107166666666666,0.7,1942017
2026-09-09 04:17:44,multi_repeat_random_model.py,"(140000, 200)",90,sequential_18,Dense 512(relu) -> 64(relu) -> 512(relu) -> 512 -> 512(relu) -> 512(relu) -> 512 -> 512(relu) -> 1(sigmoid),binary_crossentropy,adam_18,31,256,455.1053,0.23226700723171234,0.16313529014587402,"[0.2433120459318161, 0.9115166664123535]",0.9115166666666666,0.7,1482817
2026-09-09 04:19:04,multi_repeat_random_model.py,"(140000, 200)",90,sequential_18,Dense 512(relu) -> 256(relu) -> 512(relu) -> 512 -> 512(relu) -> 512(relu) -> 512 -> 512(relu) -> 1(sigmoid),binary_crossentropy,adam_18,31,256,505.055,0.22077597677707672,0.1025383323431015,"[0.24859283864498138, 0.9106000065803528]",0.9106,0.7,1679617
2026-09-09 04:19:36,multi_repeat_random_model.py,"(140000, 200)",90,sequential_18,Dense 512(relu) -> 128(relu) -> 512(relu) -> 512 -> 512(relu) -> 512(relu) -> 512 -> 512(relu) -> 1(sigmoid),binary_crossentropy,adam_18,32,256,485.6856,0.23060308396816254,0.17063124477863312,"[0.24381902813911438, 0.911216676235199]",0.9112166666666667,0.7,1548417
2026-09-09 04:25:21,multi_repeat_random_model.py,"(140000, 200)",90,sequential_18,Dense 512(relu) -> 512(relu) -> 512(relu) -> 512 -> 512(relu) -> 512(relu) -> 512 -> 512(relu) -> 1(sigmoid),binary_crossentropy,adam_18,36,256,646.4553,0.301207959651947,0.08784317225217819,"[0.2458266019821167, 0.9103666543960571]",0.9103666666666667,0.7,1942017
2026-09-09 04:26:41,multi_repeat_random_model.py,"(140000, 200)",90,sequential_18,Dense 512(relu) -> 64(relu) -> 512(relu) -> 512 -> 512(relu) -> 512(relu) -> 512 -> 512(relu) -> 1(sigmoid),binary_crossentropy,adam_18,32,256,493.5875,0.22860586643218994,0.15771156549453735,"[0.24356094002723694, 0.9114333391189575]",0.9114333333333333,0.7,1482817
2026-09-09 04:31:26,multi_repeat_random_model.py,"(140000, 200)",90,sequential_19,Dense 512(relu) -> 256(relu) -> 512(relu) -> 512 -> 512(relu) -> 512(relu) -> 512 -> 512 -> 1(sigmoid),binary_crossentropy,adam_19,40,256,685.9262,0.38581031560897827,0.08016911894083023,"[0.2440515160560608, 0.9106333255767822]",0.9106333333333333,0.7,1679617
2026-09-09 04:31:42,multi_repeat_random_model.py,"(140000, 200)",90,sequential_19,Dense 512(relu) -> 128(relu) -> 512(relu) -> 512 -> 512(relu) -> 512(relu) -> 512 -> 512 -> 1(sigmoid),binary_crossentropy,adam_19,38,256,693.838,0.32393577694892883,0.1615871787071228,"[0.2437995970249176, 0.9098666906356812]",0.9098666666666667,0.7,1548417
2026-09-09 04:34:59,multi_repeat_random_model.py,"(140000, 200)",90,sequential_18,Dense 512(relu) -> 512(relu) -> 512(relu) -> 512 -> 512(relu) -> 512(relu) -> 512 -> 512(relu) -> 1(sigmoid),binary_crossentropy,adam_18,31,256,528.5884,0.23708085715770721,0.09441667050123215,"[0.24626962840557098, 0.9101666808128357]",0.9101666666666667,0.7,1942017
2026-09-09 04:39:47,multi_repeat_random_model.py,"(140000, 200)",90,sequential_19,Dense 512(relu) -> 64(relu) -> 512(relu) -> 512 -> 512(relu) -> 512(relu) -> 512 -> 512 -> 1(sigmoid),binary_crossentropy,adam_19,40,256,710.9135,0.29504257440567017,0.1639990657567978,"[0.24290873110294342, 0.911549985408783]",0.91155,0.7,1482817
2026-09-09 04:40:55,multi_repeat_random_model.py,"(140000, 200)",90,sequential_19,Dense 512(relu) -> 256(relu) -> 512(relu) -> 512 -> 512(relu) -> 512(relu) -> 512 -> 512 -> 1(sigmoid),binary_crossentropy,adam_19,31,256,523.0856,0.2553968131542206,0.12712666392326355,"[0.24494189023971558, 0.9105666875839233]",0.9105666666666666,0.7,1679617
2026-09-09 04:42:37,multi_repeat_random_model.py,"(140000, 200)",90,sequential_19,Dense 512(relu) -> 128(relu) -> 512(relu) -> 512 -> 512(relu) -> 512(relu) -> 512 -> 512 -> 1(sigmoid),binary_crossentropy,adam_19,36,256,591.6229,0.24756354093551636,0.16380760073661804,"[0.24493743479251862, 0.9102333188056946]",0.9102333333333333,0.7,1548417
2026-09-09 04:44:38,multi_repeat_random_model.py,"(140000, 200)",90,sequential_18,Dense 512(relu) -> 512(relu) -> 512(relu) -> 512 -> 512(relu) -> 512(relu) -> 512 -> 512(relu) -> 1(sigmoid),binary_crossentropy,adam_18,31,256,528.1185,0.23224352300167084,0.1048908606171608,"[0.24560828506946564, 0.9098166823387146]",0.9098166666666667,0.7,1942017
2026-09-09 04:50:19,multi_repeat_random_model.py,"(140000, 200)",90,sequential_19,Dense 512(relu) -> 256(relu) -> 512(relu) -> 512 -> 512(relu) -> 512(relu) -> 512 -> 512 -> 1(sigmoid),binary_crossentropy,adam_19,33,256,518.2441,0.22641320526599884,0.11289646476507187,"[0.24859996140003204, 0.9093499779701233]",0.90935,0.7,1679617
2026-09-09 04:52:36,multi_repeat_random_model.py,"(140000, 200)",90,sequential_19,Dense 512(relu) -> 128(relu) -> 512(relu) -> 512 -> 512(relu) -> 512(relu) -> 512 -> 512 -> 1(sigmoid),binary_crossentropy,adam_19,33,256,540.2242,0.22179366648197174,0.16116958856582642,"[0.2521200180053711, 0.909683346748352]",0.9096833333333333,0.7,1548417
2026-09-09 04:57:31,multi_repeat_random_model.py,"(140000, 200)",90,sequential_19,Dense 512(relu) -> 64(relu) -> 512(relu) -> 512 -> 512(relu) -> 512(relu) -> 512 -> 512 -> 1(sigmoid),binary_crossentropy,adam_19,66,256,1032.6709,0.3334086239337921,0.32629022002220154,"[0.326143741607666, 0.8995166420936584]",0.8995166666666666,0.7,1482817
2026-09-09 04:57:41,multi_repeat_random_model.py,"(140000, 200)",90,sequential_19,Dense 512(relu) -> 512(relu) -> 512(relu) -> 512 -> 512(relu) -> 512(relu) -> 512 -> 512 -> 1(sigmoid),binary_crossentropy,adam_19,39,256,733.6265,0.310721755027771,0.06166137382388115,"[0.24498619139194489, 0.9111499786376953]",0.91115,0.7,1942017
2026-09-09 05:01:32,multi_repeat_random_model.py,"(140000, 200)",90,sequential_20,Dense 512(relu) -> 256(relu) -> 512(relu) -> 512 -> 512(relu) -> 512 -> 512(relu) -> 512(relu) -> 1(sigmoid),binary_crossentropy,adam_20,39,256,609.8161,0.294601172208786,0.09781329333782196,"[0.2456672191619873, 0.910016655921936]",0.9100166666666667,0.7,1679617
2026-09-09 05:05:32,multi_repeat_random_model.py,"(140000, 200)",90,sequential_20,Dense 512(relu) -> 128(relu) -> 512(relu) -> 512 -> 512(relu) -> 512 -> 512(relu) -> 512(relu) -> 1(sigmoid),binary_crossentropy,adam_20,40,256,706.5605,0.2927338778972626,0.16766196489334106,"[0.24580742418766022, 0.9093999862670898]",0.9094,0.7,1548417
2026-09-09 05:07:48,multi_repeat_random_model.py,"(140000, 200)",90,sequential_19,Dense 512(relu) -> 512(relu) -> 512(relu) -> 512 -> 512(relu) -> 512(relu) -> 512 -> 512 -> 1(sigmoid),binary_crossentropy,adam_19,31,256,548.1139,0.22135066986083984,0.05864863842725754,"[0.25004643201828003, 0.907800018787384]",0.9078,0.7,1942017
2026-09-09 05:11:48,multi_repeat_random_model.py,"(140000, 200)",90,sequential_20,Dense 512(relu) -> 256(relu) -> 512(relu) -> 512 -> 512(relu) -> 512 -> 512(relu) -> 512(relu) -> 1(sigmoid),binary_crossentropy,adam_20,34,256,563.8048,0.22326447069644928,0.09598686546087265,"[0.2479434311389923, 0.9089999794960022]",0.909,0.7,1679617
2026-09-09 05:16:23,multi_repeat_random_model.py,"(140000, 200)",90,sequential_20,Dense 512(relu) -> 128(relu) -> 512(relu) -> 512 -> 512(relu) -> 512 -> 512(relu) -> 512(relu) -> 1(sigmoid),binary_crossentropy,adam_20,35,256,583.8542,0.23372133076190948,0.1968320608139038,"[0.24647289514541626, 0.909416675567627]",0.9094166666666667,0.7,1548417
2026-09-09 05:19:36,multi_repeat_random_model.py,"(140000, 200)",90,sequential_19,Dense 512(relu) -> 512(relu) -> 512(relu) -> 512 -> 512(relu) -> 512(relu) -> 512 -> 512 -> 1(sigmoid),binary_crossentropy,adam_19,38,256,676.3183,0.21467354893684387,0.039483774453401566,"[0.2595301568508148, 0.9074666500091553]",0.9074666666666666,0.7,1942017
2026-09-09 05:20:34,multi_repeat_random_model.py,"(140000, 200)",90,sequential_19,Dense 512(relu) -> 64(relu) -> 512(relu) -> 512 -> 512(relu) -> 512(relu) -> 512 -> 512 -> 1(sigmoid),binary_crossentropy,adam_19,86,256,1348.1768,0.32629501819610596,0.32616758346557617,"[0.32614412903785706, 0.8995166420936584]",0.8995166666666666,0.7,1482817
2026-09-09 05:20:49,multi_repeat_random_model.py,"(140000, 200)",90,sequential_20,Dense 512(relu) -> 256(relu) -> 512(relu) -> 512 -> 512(relu) -> 512 -> 512(relu) -> 512(relu) -> 1(sigmoid),binary_crossentropy,adam_20,33,256,510.4438,0.2080177366733551,0.07603208720684052,"[0.26233017444610596, 0.908383309841156]",0.9083833333333333,0.7,1679617
2026-09-09 05:26:12,multi_repeat_random_model.py,"(140000, 200)",90,sequential_20,Dense 512(relu) -> 128(relu) -> 512(relu) -> 512 -> 512(relu) -> 512 -> 512(relu) -> 512(relu) -> 1(sigmoid),binary_crossentropy,adam_20,36,256,544.9524,0.22654958069324493,0.17112073302268982,"[0.25251659750938416, 0.9060999751091003]",0.9061,0.7,1548417
2026-09-09 05:31:04,multi_repeat_random_model.py,"(140000, 200)",90,sequential_21,Dense 512(relu) -> 256(relu) -> 512(relu) -> 512 -> 512(relu) -> 512 -> 512(relu) -> 512 -> 1(sigmoid),binary_crossentropy,adam_21,34,256,567.1268,0.3278304636478424,0.11884885281324387,"[0.24467088282108307, 0.9120500087738037]",0.91205,0.7,1679617
2026-09-09 05:31:35,multi_repeat_random_model.py,"(140000, 200)",90,sequential_20,Dense 512(relu) -> 512(relu) -> 512(relu) -> 512 -> 512(relu) -> 512 -> 512(relu) -> 512(relu) -> 1(sigmoid),binary_crossentropy,adam_20,38,256,680.5834,0.2999342679977417,0.08881403505802155,"[0.2464853674173355, 0.9107666611671448]",0.9107666666666666,0.7,1942017
2026-09-09 05:31:48,multi_repeat_random_model.py,"(140000, 200)",90,sequential_20,Dense 512(relu) -> 64(relu) -> 512(relu) -> 512 -> 512(relu) -> 512 -> 512(relu) -> 512(relu) -> 1(sigmoid),binary_crossentropy,adam_20,37,256,621.9426,0.2890455722808838,0.17126332223415375,"[0.24280938506126404, 0.9114166498184204]",0.9114166666666667,0.7,1482817
2026-09-09 05:38:34,multi_repeat_random_model.py,"(140000, 200)",90,sequential_21,Dense 512(relu) -> 128(relu) -> 512(relu) -> 512 -> 512(relu) -> 512 -> 512(relu) -> 512 -> 1(sigmoid),binary_crossentropy,adam_21,38,256,670.3847,0.337991863489151,0.13800129294395447,"[0.2434506118297577, 0.9111166596412659]",0.9111166666666667,0.7,1548417
2026-09-09 05:40:48,multi_repeat_random_model.py,"(140000, 200)",90,sequential_21,Dense 512(relu) -> 256(relu) -> 512(relu) -> 512 -> 512(relu) -> 512 -> 512(relu) -> 512 -> 1(sigmoid),binary_crossentropy,adam_21,33,256,553.7637,0.2556989789009094,0.1240600049495697,"[0.24503514170646667, 0.9107000231742859]",0.9107,0.7,1679617
2026-09-09 05:40:54,multi_repeat_random_model.py,"(140000, 200)",90,sequential_20,Dense 512(relu) -> 64(relu) -> 512(relu) -> 512 -> 512(relu) -> 512 -> 512(relu) -> 512(relu) -> 1(sigmoid),binary_crossentropy,adam_20,31,256,517.3931,0.2437477856874466,0.18277989327907562,"[0.2437410205602646, 0.9115999937057495]",0.9116,0.7,1482817
2026-09-09 05:41:07,multi_repeat_random_model.py,"(140000, 200)",90,sequential_20,Dense 512(relu) -> 512(relu) -> 512(relu) -> 512 -> 512(relu) -> 512 -> 512(relu) -> 512(relu) -> 1(sigmoid),binary_crossentropy,adam_20,31,256,543.4722,0.22968244552612305,0.09777999669313431,"[0.2469538450241089, 0.908216655254364]",0.9082166666666667,0.7,1942017
2026-09-09 05:47:46,multi_repeat_random_model.py,"(140000, 200)",90,sequential_21,Dense 512(relu) -> 128(relu) -> 512(relu) -> 512 -> 512(relu) -> 512 -> 512(relu) -> 512 -> 1(sigmoid),binary_crossentropy,adam_21,31,256,491.5288,0.23195356130599976,0.17602673172950745,"[0.24599073827266693, 0.9102833271026611]",0.9102833333333333,0.7,1548417
2026-09-09 05:50:26,multi_repeat_random_model.py,"(140000, 200)",90,sequential_21,Dense 512(relu) -> 256(relu) -> 512(relu) -> 512 -> 512(relu) -> 512 -> 512(relu) -> 512 -> 1(sigmoid),binary_crossentropy,adam_21,34,256,545.8538,0.23314259946346283,0.11047065258026123,"[0.24286997318267822, 0.9108499884605408]",0.91085,0.7,1679617
2026-09-09 05:50:46,multi_repeat_random_model.py,"(140000, 200)",90,sequential_20,Dense 512(relu) -> 64(relu) -> 512(relu) -> 512 -> 512(relu) -> 512 -> 512(relu) -> 512(relu) -> 1(sigmoid),binary_crossentropy,adam_20,32,256,566.3173,0.23584230244159698,0.17633065581321716,"[0.24500010907649994, 0.9107333421707153]",0.9107333333333333,0.7,1482817
2026-09-09 05:52:19,multi_repeat_random_model.py,"(140000, 200)",90,sequential_20,Dense 512(relu) -> 512(relu) -> 512(relu) -> 512 -> 512(relu) -> 512 -> 512(relu) -> 512(relu) -> 1(sigmoid),binary_crossentropy,adam_20,36,256,623.8163,0.22386834025382996,0.0718899667263031,"[0.250108003616333, 0.9066500067710876]",0.90665,0.7,1942017
2026-09-09 05:56:08,multi_repeat_random_model.py,"(140000, 200)",90,sequential_21,Dense 512(relu) -> 128(relu) -> 512(relu) -> 512 -> 512(relu) -> 512 -> 512(relu) -> 512 -> 1(sigmoid),binary_crossentropy,adam_21,31,256,437.6321,0.2322055846452713,0.14864300191402435,"[0.2455870807170868, 0.9108499884605408]",0.91085,0.7,1548417
2026-09-09 06:00:50,multi_repeat_random_model.py,"(140000, 200)",90,sequential_22,Dense 512(relu) -> 256(relu) -> 512(relu) -> 512 -> 512(relu) -> 512 -> 512 -> 512(relu) -> 1(sigmoid),binary_crossentropy,adam_22,37,256,576.8401,0.3691658079624176,0.11415185034275055,"[0.24725188314914703, 0.9091500043869019]",0.90915,0.7,1679617
2026-09-09 06:01:42,multi_repeat_random_model.py,"(140000, 200)",90,sequential_21,Dense 512(relu) -> 64(relu) -> 512(relu) -> 512 -> 512(relu) -> 512 -> 512(relu) -> 512 -> 1(sigmoid),binary_crossentropy,adam_21,36,256,588.5057,0.297663152217865,0.1545221507549286,"[0.2443431168794632, 0.9109500050544739]",0.91095,0.7,1482817
2026-09-09 06:05:06,multi_repeat_random_model.py,"(140000, 200)",90,sequential_21,Dense 512(relu) -> 512(relu) -> 512(relu) -> 512 -> 512(relu) -> 512 -> 512(relu) -> 512 -> 1(sigmoid),binary_crossentropy,adam_21,36,256,715.8452,0.32876232266426086,0.06897323578596115,"[0.2451041340827942, 0.9108999967575073]",0.9109,0.7,1942017
2026-09-09 06:07:33,multi_repeat_random_model.py,"(140000, 200)",90,sequential_22,Dense 512(relu) -> 128(relu) -> 512(relu) -> 512 -> 512(relu) -> 512 -> 512 -> 512(relu) -> 1(sigmoid),binary_crossentropy,adam_22,37,256,606.7597,0.3363858759403229,0.17377230525016785,"[0.2424589842557907, 0.9121166467666626]",0.9121166666666667,0.7,1548417
2026-09-09 06:10:43,multi_repeat_random_model.py,"(140000, 200)",90,sequential_21,Dense 512(relu) -> 64(relu) -> 512(relu) -> 512 -> 512(relu) -> 512 -> 512(relu) -> 512 -> 1(sigmoid),binary_crossentropy,adam_21,33,256,516.1029,0.25394511222839355,0.17981578409671783,"[0.24467846751213074, 0.9110166430473328]",0.9110166666666667,0.7,1482817
2026-09-09 06:10:44,multi_repeat_random_model.py,"(140000, 200)",90,sequential_22,Dense 512(relu) -> 256(relu) -> 512(relu) -> 512 -> 512(relu) -> 512 -> 512 -> 512(relu) -> 1(sigmoid),binary_crossentropy,adam_22,34,256,566.1209,0.2896318733692169,0.17450207471847534,"[0.2453877478837967, 0.911050021648407]",0.91105,0.7,1679617
2026-09-09 06:15:41,multi_repeat_random_model.py,"(140000, 200)",90,sequential_21,Dense 512(relu) -> 512(relu) -> 512(relu) -> 512 -> 512(relu) -> 512 -> 512(relu) -> 512 -> 1(sigmoid),binary_crossentropy,adam_21,33,256,587.9444,0.3138324022293091,0.16978150606155396,"[0.24571135640144348, 0.910016655921936]",0.9100166666666667,0.7,1942017
2026-09-09 06:16:40,multi_repeat_random_model.py,"(140000, 200)",90,sequential_22,Dense 512(relu) -> 128(relu) -> 512(relu) -> 512 -> 512(relu) -> 512 -> 512 -> 512(relu) -> 1(sigmoid),binary_crossentropy,adam_22,31,256,502.2532,0.2389855831861496,0.17147932946681976,"[0.24487179517745972, 0.9098333120346069]",0.9098333333333334,0.7,1548417
2026-09-09 06:20:45,multi_repeat_random_model.py,"(140000, 200)",90,sequential_21,Dense 512(relu) -> 64(relu) -> 512(relu) -> 512 -> 512(relu) -> 512 -> 512(relu) -> 512 -> 1(sigmoid),binary_crossentropy,adam_21,36,256,560.0384,0.23904593288898468,0.172745019197464,"[0.24553969502449036, 0.9090999960899353]",0.9091,0.7,1482817
2026-09-09 06:20:57,multi_repeat_random_model.py,"(140000, 200)",90,sequential_22,Dense 512(relu) -> 256(relu) -> 512(relu) -> 512 -> 512(relu) -> 512 -> 512 -> 512(relu) -> 1(sigmoid),binary_crossentropy,adam_22,34,256,577.4279,0.23335319757461548,0.17689676582813263,"[0.24909260869026184, 0.9080666899681091]",0.9080666666666667,0.7,1679617
2026-09-09 06:25:17,multi_repeat_random_model.py,"(140000, 200)",90,sequential_21,Dense 512(relu) -> 512(relu) -> 512(relu) -> 512 -> 512(relu) -> 512 -> 512(relu) -> 512 -> 1(sigmoid),binary_crossentropy,adam_21,31,256,536.107,0.2340272068977356,0.20144803822040558,"[0.24645696580410004, 0.9101666808128357]",0.9101666666666667,0.7,1942017
2026-09-09 06:32:10,multi_repeat_random_model.py,"(140000, 200)",90,sequential_22,Dense 512(relu) -> 64(relu) -> 512(relu) -> 512 -> 512(relu) -> 512 -> 512 -> 512(relu) -> 1(sigmoid),binary_crossentropy,adam_22,40,256,642.211,0.29731979966163635,0.17408831417560577,"[0.2423495501279831, 0.9112499952316284]",0.91125,0.7,1482817
2026-09-09 06:32:43,multi_repeat_random_model.py,"(140000, 200)",90,sequential_23,Dense 512(relu) -> 256(relu) -> 512(relu) -> 512 -> 512(relu) -> 512 -> 512 -> 512 -> 1(sigmoid),binary_crossentropy,adam_23,37,256,653.3941,0.4500974416732788,0.08729887753725052,"[0.24483071267604828, 0.9112666845321655]",0.9112666666666667,0.7,1679617
2026-09-09 06:34:28,multi_repeat_random_model.py,"(140000, 200)",90,sequential_22,Dense 512(relu) -> 128(relu) -> 512(relu) -> 512 -> 512(relu) -> 512 -> 512 -> 512(relu) -> 1(sigmoid),binary_crossentropy,adam_22,67,256,1027.2309,0.34635022282600403,0.32630160450935364,"[0.3261437714099884, 0.8995166420936584]",0.8995166666666666,0.7,1548417
2026-09-09 06:38:10,multi_repeat_random_model.py,"(140000, 200)",90,sequential_22,Dense 512(relu) -> 512(relu) -> 512(relu) -> 512 -> 512(relu) -> 512 -> 512 -> 512(relu) -> 1(sigmoid),binary_crossentropy,adam_22,37,256,725.8322,0.3053557574748993,0.21330726146697998,"[0.24406467378139496, 0.9103166460990906]",0.9103166666666667,0.7,1942017
2026-09-09 06:42:24,multi_repeat_random_model.py,"(140000, 200)",90,sequential_23,Dense 512(relu) -> 256(relu) -> 512(relu) -> 512 -> 512(relu) -> 512 -> 512 -> 512 -> 1(sigmoid),binary_crossentropy,adam_23,31,256,515.4623,0.5462623238563538,0.17932386696338654,"[0.2471104860305786, 0.9107000231742859]",0.9107,0.7,1679617
2026-09-09 06:46:34,multi_repeat_random_model.py,"(140000, 200)",90,sequential_23,Dense 512(relu) -> 128(relu) -> 512(relu) -> 512 -> 512(relu) -> 512 -> 512 -> 512 -> 1(sigmoid),binary_crossentropy,adam_23,40,256,656.9885,0.36289337277412415,0.15154403448104858,"[0.2445555180311203, 0.9105499982833862]",0.91055,0.7,1548417
2026-09-09 06:46:47,multi_repeat_random_model.py,"(140000, 200)",90,sequential_22,Dense 512(relu) -> 64(relu) -> 512(relu) -> 512 -> 512(relu) -> 512 -> 512 -> 512(relu) -> 1(sigmoid),binary_crossentropy,adam_22,54,256,837.5235,0.347942054271698,0.32607516646385193,"[0.32614508271217346, 0.8995166420936584]",0.8995166666666666,0.7,1482817
2026-09-09 06:48:23,multi_repeat_random_model.py,"(140000, 200)",90,sequential_22,Dense 512(relu) -> 512(relu) -> 512(relu) -> 512 -> 512(relu) -> 512 -> 512 -> 512(relu) -> 1(sigmoid),binary_crossentropy,adam_22,32,256,559.3466,0.23265092074871063,0.16986438632011414,"[0.24503426253795624, 0.9105499982833862]",0.91055,0.7,1942017
2026-09-09 06:51:55,multi_repeat_random_model.py,"(140000, 200)",90,sequential_23,Dense 512(relu) -> 256(relu) -> 512(relu) -> 512 -> 512(relu) -> 512 -> 512 -> 512 -> 1(sigmoid),binary_crossentropy,adam_23,32,256,529.7834,0.3318682014942169,0.32623374462127686,"[0.3261435925960541, 0.8995166420936584]",0.8995166666666666,0.7,1679617
2026-09-09 06:55:51,multi_repeat_random_model.py,"(140000, 200)",90,sequential_22,Dense 512(relu) -> 64(relu) -> 512(relu) -> 512 -> 512(relu) -> 512 -> 512 -> 512(relu) -> 1(sigmoid),binary_crossentropy,adam_22,31,256,485.5385,0.33074864745140076,0.32626426219940186,"[0.32614371180534363, 0.8995166420936584]",0.8995166666666666,0.7,1482817
2026-09-09 06:58:17,multi_repeat_random_model.py,"(140000, 200)",90,sequential_22,Dense 512(relu) -> 512(relu) -> 512(relu) -> 512 -> 512(relu) -> 512 -> 512 -> 512(relu) -> 1(sigmoid),binary_crossentropy,adam_22,31,256,532.563,0.22721247375011444,0.14102835953235626,"[0.24901950359344482, 0.90788334608078]",0.9078833333333334,0.7,1942017
2026-09-09 07:01:44,multi_repeat_random_model.py,"(140000, 200)",90,sequential_23,Dense 512(relu) -> 128(relu) -> 512(relu) -> 512 -> 512(relu) -> 512 -> 512 -> 512 -> 1(sigmoid),binary_crossentropy,adam_23,62,256,864.0899,0.531594455242157,0.32610273361206055,"[0.32614490389823914, 0.8995166420936584]",0.8995166666666666,0.7,1548417
2026-09-09 07:03:38,multi_repeat_random_model.py,"(140000, 200)",90,sequential_24,Dense 512(relu) -> 256(relu) -> 512(relu) -> 512 -> 512 -> 512(relu) -> 512(relu) -> 512(relu) -> 1(sigmoid),binary_crossentropy,adam_24,37,256,643.6975,0.29205960035324097,0.13461650907993317,"[0.24416083097457886, 0.9100666642189026]",0.9100666666666667,0.7,1679617
2026-09-09 07:08:59,multi_repeat_random_model.py,"(140000, 200)",90,sequential_23,Dense 512(relu) -> 64(relu) -> 512(relu) -> 512 -> 512(relu) -> 512 -> 512 -> 512 -> 1(sigmoid),binary_crossentropy,adam_23,40,256,718.0332,0.4071822762489319,0.18385399878025055,"[0.24277189373970032, 0.9113500118255615]",0.91135,0.7,1482817
2026-09-09 07:10:41,multi_repeat_random_model.py,"(140000, 200)",90,sequential_23,Dense 512(relu) -> 512(relu) -> 512(relu) -> 512 -> 512(relu) -> 512 -> 512 -> 512 -> 1(sigmoid),binary_crossentropy,adam_23,36,256,686.1748,0.4902133047580719,0.053558532148599625,"[0.2468491643667221, 0.9105166792869568]",0.9105166666666666,0.7,1942017
2026-09-09 07:12:40,multi_repeat_random_model.py,"(140000, 200)",90,sequential_23,Dense 512(relu) -> 128(relu) -> 512(relu) -> 512 -> 512(relu) -> 512 -> 512 -> 512 -> 1(sigmoid),binary_crossentropy,adam_23,37,256,603.6107,0.3264738917350769,0.3263598382472992,"[0.326143741607666, 0.8995166420936584]",0.8995166666666666,0.7,1548417
2026-09-09 07:13:17,multi_repeat_random_model.py,"(140000, 200)",90,sequential_24,Dense 512(relu) -> 256(relu) -> 512(relu) -> 512 -> 512 -> 512(relu) -> 512(relu) -> 512(relu) -> 1(sigmoid),binary_crossentropy,adam_24,33,256,538.1301,0.23531971871852875,0.13432322442531586,"[0.2428538203239441, 0.9098666906356812]",0.9098666666666667,0.7,1679617
2026-09-09 07:21:38,multi_repeat_random_model.py,"(140000, 200)",90,sequential_23,Dense 512(relu) -> 512(relu) -> 512(relu) -> 512 -> 512(relu) -> 512 -> 512 -> 512 -> 1(sigmoid),binary_crossentropy,adam_23,35,256,621.1917,0.4369218349456787,0.1834881752729416,"[0.24431562423706055, 0.9110999703407288]",0.9111,0.7,1942017
2026-09-09 07:21:38,multi_repeat_random_model.py,"(140000, 200)",90,sequential_23,Dense 512(relu) -> 64(relu) -> 512(relu) -> 512 -> 512(relu) -> 512 -> 512 -> 512 -> 1(sigmoid),binary_crossentropy,adam_23,47,256,727.4858,0.35474464297294617,0.32638993859291077,"[0.32614371180534363, 0.8995166420936584]",0.8995166666666666,0.7,1482817
2026-09-09 07:23:55,multi_repeat_random_model.py,"(140000, 200)",90,sequential_24,Dense 512(relu) -> 128(relu) -> 512(relu) -> 512 -> 512 -> 512(relu) -> 512(relu) -> 512(relu) -> 1(sigmoid),binary_crossentropy,adam_24,37,256,627.8762,0.28617411851882935,0.32618027925491333,"[0.24456095695495605, 0.909600019454956]",0.9096,0.7,1548417
2026-09-09 07:23:57,multi_repeat_random_model.py,"(140000, 200)",90,sequential_24,Dense 512(relu) -> 256(relu) -> 512(relu) -> 512 -> 512 -> 512(relu) -> 512(relu) -> 512(relu) -> 1(sigmoid),binary_crossentropy,adam_24,37,256,607.5781,0.22251541912555695,0.11173801869153976,"[0.24949157238006592, 0.9071833491325378]",0.9071833333333333,0.7,1679617
2026-09-09 07:33:08,multi_repeat_random_model.py,"(140000, 200)",90,sequential_23,Dense 512(relu) -> 512(relu) -> 512(relu) -> 512 -> 512(relu) -> 512 -> 512 -> 512 -> 1(sigmoid),binary_crossentropy,adam_23,36,256,637.6377,0.23975110054016113,0.17238685488700867,"[0.24439184367656708, 0.9112666845321655]",0.9112666666666667,0.7,1942017
2026-09-09 07:34:35,multi_repeat_random_model.py,"(140000, 200)",90,sequential_24,Dense 512(relu) -> 128(relu) -> 512(relu) -> 512 -> 512 -> 512(relu) -> 512(relu) -> 512(relu) -> 1(sigmoid),binary_crossentropy,adam_24,38,256,602.8107,0.2627589702606201,0.19354771077632904,"[0.2451622188091278, 0.910966694355011]",0.9109666666666667,0.7,1548417
2026-09-09 07:36:16,multi_repeat_random_model.py,"(140000, 200)",90,sequential_25,Dense 512(relu) -> 256(relu) -> 512(relu) -> 512 -> 512 -> 512(relu) -> 512(relu) -> 512 -> 1(sigmoid),binary_crossentropy,adam_25,38,256,671.1086,0.3480131924152374,0.12001985311508179,"[0.24486084282398224, 0.9109833240509033]",0.9109833333333334,0.7,1679617
2026-09-09 07:37:49,multi_repeat_random_model.py,"(140000, 200)",90,sequential_23,Dense 512(relu) -> 64(relu) -> 512(relu) -> 512 -> 512(relu) -> 512 -> 512 -> 512 -> 1(sigmoid),binary_crossentropy,adam_23,60,256,930.8953,0.3270139992237091,0.3264389932155609,"[0.32614508271217346, 0.8995166420936584]",0.8995166666666666,0.7,1482817
2026-09-09 07:45:12,multi_repeat_random_model.py,"(140000, 200)",90,sequential_24,Dense 512(relu) -> 128(relu) -> 512(relu) -> 512 -> 512 -> 512(relu) -> 512(relu) -> 512(relu) -> 1(sigmoid),binary_crossentropy,adam_24,36,256,587.107,0.22696897387504578,0.18958410620689392,"[0.24639563262462616, 0.9111499786376953]",0.91115,0.7,1548417
2026-09-09 07:45:35,multi_repeat_random_model.py,"(140000, 200)",90,sequential_24,Dense 512(relu) -> 512(relu) -> 512(relu) -> 512 -> 512 -> 512(relu) -> 512(relu) -> 512(relu) -> 1(sigmoid),binary_crossentropy,adam_24,40,256,711.4892,0.3013387620449066,0.09570300579071045,"[0.24504810571670532, 0.9106500148773193]",0.91065,0.7,1942017
2026-09-09 07:47:29,multi_repeat_random_model.py,"(140000, 200)",90,sequential_25,Dense 512(relu) -> 256(relu) -> 512(relu) -> 512 -> 512 -> 512(relu) -> 512(relu) -> 512 -> 1(sigmoid),binary_crossentropy,adam_25,38,256,624.5708,0.6399666666984558,0.1874188631772995,"[0.24621239304542542, 0.9090999960899353]",0.9091,0.7,1679617
2026-09-09 07:50:34,multi_repeat_random_model.py,"(140000, 200)",90,sequential_24,Dense 512(relu) -> 64(relu) -> 512(relu) -> 512 -> 512 -> 512(relu) -> 512(relu) -> 512(relu) -> 1(sigmoid),binary_crossentropy,adam_24,39,256,694.8412,0.2857975363731384,0.1774652898311615,"[0.24178045988082886, 0.9125833511352539]",0.9125833333333333,0.7,1482817
2026-09-09 07:55:00,multi_repeat_random_model.py,"(140000, 200)",90,sequential_24,Dense 512(relu) -> 512(relu) -> 512(relu) -> 512 -> 512 -> 512(relu) -> 512(relu) -> 512(relu) -> 1(sigmoid),binary_crossentropy,adam_24,31,256,533.8378,0.2214469015598297,0.09952596575021744,"[0.248196542263031, 0.9086833596229553]",0.9086833333333333,0.7,1942017
2026-09-09 07:55:07,multi_repeat_random_model.py,"(140000, 200)",90,sequential_25,Dense 512(relu) -> 128(relu) -> 512(relu) -> 512 -> 512 -> 512(relu) -> 512(relu) -> 512 -> 1(sigmoid),binary_crossentropy,adam_25,35,256,568.8787,0.311816930770874,0.1801048219203949,"[0.24394097924232483, 0.911549985408783]",0.91155,0.7,1548417
2026-09-09 07:57:29,multi_repeat_random_model.py,"(140000, 200)",90,sequential_25,Dense 512(relu) -> 256(relu) -> 512(relu) -> 512 -> 512 -> 512(relu) -> 512(relu) -> 512 -> 1(sigmoid),binary_crossentropy,adam_25,33,256,545.1051,0.23374347388744354,0.194437175989151,"[0.24757695198059082, 0.9088500142097473]",0.90885,0.7,1679617
2026-09-09 08:00:58,multi_repeat_random_model.py,"(140000, 200)",90,sequential_24,Dense 512(relu) -> 64(relu) -> 512(relu) -> 512 -> 512 -> 512(relu) -> 512(relu) -> 512(relu) -> 1(sigmoid),binary_crossentropy,adam_24,34,256,552.7961,0.2408289760351181,0.1743534505367279,"[0.24386896193027496, 0.9103333353996277]",0.9103333333333333,0.7,1482817
2026-09-09 08:04:58,multi_repeat_random_model.py,"(140000, 200)",90,sequential_25,Dense 512(relu) -> 128(relu) -> 512(relu) -> 512 -> 512 -> 512(relu) -> 512(relu) -> 512 -> 1(sigmoid),binary_crossentropy,adam_25,34,256,532.163,0.25502562522888184,0.1762734353542328,"[0.2432590276002884, 0.9114999771118164]",0.9115,0.7,1548417
2026-09-09 08:05:55,multi_repeat_random_model.py,"(140000, 200)",90,sequential_24,Dense 512(relu) -> 512(relu) -> 512(relu) -> 512 -> 512 -> 512(relu) -> 512(relu) -> 512(relu) -> 1(sigmoid),binary_crossentropy,adam_24,34,256,594.9085,0.21836654841899872,0.08040929585695267,"[0.2555147707462311, 0.9036166667938232]",0.9036166666666666,0.7,1942017
2026-09-09 08:07:16,multi_repeat_random_model.py,"(140000, 200)",90,sequential_26,Dense 512(relu) -> 256(relu) -> 512(relu) -> 512 -> 512 -> 512(relu) -> 512 -> 512(relu) -> 1(sigmoid),binary_crossentropy,adam_26,33,256,526.2976,0.3488970696926117,0.14526747167110443,"[0.2443101704120636, 0.9108666777610779]",0.9108666666666667,0.7,1679617
2026-09-09 08:10:30,multi_repeat_random_model.py,"(140000, 200)",90,sequential_24,Dense 512(relu) -> 64(relu) -> 512(relu) -> 512 -> 512 -> 512(relu) -> 512(relu) -> 512(relu) -> 1(sigmoid),binary_crossentropy,adam_24,33,256,526.5149,0.2273751050233841,0.202555850148201,"[0.24787774682044983, 0.9073833227157593]",0.9073833333333333,0.7,1482817
2026-09-09 08:14:06,multi_repeat_random_model.py,"(140000, 200)",90,sequential_25,Dense 512(relu) -> 128(relu) -> 512(relu) -> 512 -> 512 -> 512(relu) -> 512(relu) -> 512 -> 1(sigmoid),binary_crossentropy,adam_25,32,256,488.3525,0.2510150074958801,0.1842973828315735,"[0.24338239431381226, 0.9117500185966492]",0.91175,0.7,1548417
2026-09-09 08:18:01,multi_repeat_random_model.py,"(140000, 200)",90,sequential_25,Dense 512(relu) -> 512(relu) -> 512(relu) -> 512 -> 512 -> 512(relu) -> 512(relu) -> 512 -> 1(sigmoid),binary_crossentropy,adam_25,38,256,679.38,0.32837921380996704,0.07724557816982269,"[0.24498116970062256, 0.9108333587646484]",0.9108333333333334,0.7,1942017
2026-09-09 08:20:07,multi_repeat_random_model.py,"(140000, 200)",90,sequential_26,Dense 512(relu) -> 256(relu) -> 512(relu) -> 512 -> 512 -> 512(relu) -> 512 -> 512(relu) -> 1(sigmoid),binary_crossentropy,adam_26,47,256,708.2317,0.8894975781440735,0.2307886779308319,"[0.24321165680885315, 0.9116500020027161]",0.91165,0.7,1679617
2026-09-09 08:21:37,multi_repeat_random_model.py,"(140000, 200)",90,sequential_25,Dense 512(relu) -> 64(relu) -> 512(relu) -> 512 -> 512 -> 512(relu) -> 512(relu) -> 512 -> 1(sigmoid),binary_crossentropy,adam_25,36,256,602.3696,0.29567772150039673,0.17639578878879547,"[0.24174660444259644, 0.9127333164215088]",0.9127333333333333,0.7,1482817
2026-09-09 08:27:16,multi_repeat_random_model.py,"(140000, 200)",90,sequential_26,Dense 512(relu) -> 128(relu) -> 512(relu) -> 512 -> 512 -> 512(relu) -> 512 -> 512(relu) -> 1(sigmoid),binary_crossentropy,adam_26,42,256,737.8549,0.3119482100009918,0.17987599968910217,"[0.243971586227417, 0.9115333557128906]",0.9115333333333333,0.7,1548417
2026-09-09 08:31:14,multi_repeat_random_model.py,"(140000, 200)",90,sequential_26,Dense 512(relu) -> 256(relu) -> 512(relu) -> 512 -> 512 -> 512(relu) -> 512 -> 512(relu) -> 1(sigmoid),binary_crossentropy,adam_26,36,256,612.1269,0.24198301136493683,0.2292407751083374,"[0.2423093616962433, 0.911300003528595]",0.9113,0.7,1679617
2026-09-09 08:36:48,multi_repeat_random_model.py,"(140000, 200)",90,sequential_26,Dense 512(relu) -> 128(relu) -> 512(relu) -> 512 -> 512 -> 512(relu) -> 512 -> 512(relu) -> 1(sigmoid),binary_crossentropy,adam_26,32,256,530.7193,0.23177985846996307,0.32632017135620117,"[0.24568574130535126, 0.9106333255767822]",0.9106333333333333,0.7,1548417
2026-09-09 08:40:49,multi_repeat_random_model.py,"(140000, 200)",90,sequential_25,Dense 512(relu) -> 512(relu) -> 512(relu) -> 512 -> 512 -> 512(relu) -> 512(relu) -> 512 -> 1(sigmoid),binary_crossentropy,adam_25,74,256,1302.4488,0.34311529994010925,0.32614561915397644,"[0.32614439725875854, 0.8995166420936584]",0.8995166666666666,0.7,1942017
2026-09-09 08:43:59,multi_repeat_random_model.py,"(140000, 200)",90,sequential_27,Dense 512(relu) -> 256(relu) -> 512(relu) -> 512 -> 512 -> 512(relu) -> 512 -> 512 -> 1(sigmoid),binary_crossentropy,adam_27,38,256,699.9881,0.3519357144832611,0.3264950215816498,"[0.24142684042453766, 0.9122333526611328]",0.9122333333333333,0.7,1679617
2026-09-09 08:46:09,multi_repeat_random_model.py,"(140000, 200)",90,sequential_26,Dense 512(relu) -> 128(relu) -> 512(relu) -> 512 -> 512 -> 512(relu) -> 512 -> 512(relu) -> 1(sigmoid),binary_crossentropy,adam_26,32,256,498.557,0.26022928953170776,0.19123488664627075,"[0.24387481808662415, 0.9113166928291321]",0.9113166666666667,0.7,1548417
2026-09-09 08:48:35,multi_repeat_random_model.py,"(140000, 200)",90,sequential_25,Dense 512(relu) -> 64(relu) -> 512(relu) -> 512 -> 512 -> 512(relu) -> 512(relu) -> 512 -> 1(sigmoid),binary_crossentropy,adam_25,101,256,1576.9802,0.33814379572868347,0.3261236846446991,"[0.3261433243751526, 0.8995166420936584]",0.8995166666666666,0.7,1482817
